scraped_at,url,row_index,bidding_details,bidder_name,bid_time,bid_price,bid_qty,win_qty,reserve_met
2026-01-09T03:07:45.110086,https://www.grays.com/lot/0001-10351994/motor-vehicles-motor-cycles/2011-volkswagen-multivan-edition-25-132kw-t5-turbo-diesel-automatic,1,P.M - Lane Cove NSW,P.M - Lane Cove NSW,06/01/2026 9.45.03 PM AEDT,"AU $ 3,900",1,1,False
2026-01-09T03:07:45.110086,https://www.grays.com/lot/0001-10351994/motor-vehicles-motor-cycles/2011-volkswagen-multivan-edition-25-132kw-t5-turbo-diesel-automatic,2,A.M - Bondi Junction NSW,A.M - Bondi Junction NSW,07/01/2026 7.41.35 PM AEDT,"AU $ 3,900",1,0,False
2026-01-09T03:07:45.110086,https://www.grays.com/lot/0001-10351994/motor-vehicles-motor-cycles/2011-volkswagen-multivan-edition-25-132kw-t5-turbo-diesel-automatic,3,G.H - Barretta TAS,G.H - Barretta TAS,07/01/2026 4.55.57 PM AEDT,"AU $ 3,800",1,0,False
2026-01-09T03:07:45.110086,https://www.grays.com/lot/0001-10351994/motor-vehicles-motor-cycles/2011-volkswagen-multivan-edition-25-132kw-t5-turbo-diesel-automatic,4,Z.S - Epping VIC,Z.S - Epping VIC,05/01/2026 8.37.17 PM AEDT,"AU $ 1,700",1,0,False
2026-01-09T03:07:45.110086,https://www.grays.com/lot/0001-10351994/motor-vehicles-motor-cycles/2011-volkswagen-multivan-edition-25-132kw-t5-turbo-diesel-automatic,5,O.S - Pitt town NSW,O.S - Pitt town NSW,01/01/2026 6.28.56 AM AEDT,"AU $ 1,600",1,0,False
2026-01-09T03:07:45.110086,https://www.grays.com/lot/0001-10351994/motor-vehicles-motor-cycles/2011-volkswagen-multivan-edition-25-132kw-t5-turbo-diesel-automatic,6,R.O - Miranda NSW,R.O - Miranda NSW,27/12/2025 6.09.28 PM AEDT,"AU $ 1,565",1,0,False
2026-01-09T03:07:45.110086,https://www.grays.com/lot/0001-10351994/motor-vehicles-motor-cycles/2011-volkswagen-multivan-edition-25-132kw-t5-turbo-diesel-automatic,7,D.S - Truganina VIC,D.S - Truganina VIC,30/12/2025 10.23.57 PM AEDT,"AU $ 1,300",1,0,False
2026-01-09T03:07:45.110086,https://www.grays.com/lot/0001-10351994/motor-vehicles-motor-cycles/2011-volkswagen-multivan-edition-25-132kw-t5-turbo-diesel-automatic,8,P.R - Albion Park rail NSW,P.R - Albion Park rail NSW,27/12/2025 10.28.54 AM AEDT,"AU $ 1,000",1,0,False
2026-01-09T03:07:45.110086,https://www.grays.com/lot/0001-10351994/motor-vehicles-motor-cycles/2011-volkswagen-multivan-edition-25-132kw-t5-turbo-diesel-automatic,9,M.D - Mickleham VIC,M.D - Mickleham VIC,25/12/2025 11.19.09 PM AEDT,AU $ 509,1,0,False
2026-01-09T03:07:45.110086,https://www.grays.com/lot/0001-10351994/motor-vehicles-motor-cycles/2011-volkswagen-multivan-edition-25-132kw-t5-turbo-diesel-automatic,10,K.K - Ryde NSW,K.K - Ryde NSW,25/12/2025 10.52.50 AM AEDT,AU $ 409,1,0,False
2026-01-09T03:07:45.110086,https://www.grays.com/lot/0001-10351994/motor-vehicles-motor-cycles/2011-volkswagen-multivan-edition-25-132kw-t5-turbo-diesel-automatic,11,r.z - greenacre NSW,r.z - greenacre NSW,23/12/2025 5.23.47 PM AEDT,AU $ 309,1,0,False
2026-01-09T03:07:45.110086,https://www.grays.com/lot/0001-10351994/motor-vehicles-motor-cycles/2011-volkswagen-multivan-edition-25-132kw-t5-turbo-diesel-automatic,12,S.E - Gap Ridge WA,S.E - Gap Ridge WA,23/12/2025 3.10.27 PM AEDT,AU $ 209,1,0,False
2026-01-09T03:07:45.110086,https://www.grays.com/lot/0001-10351994/motor-vehicles-motor-cycles/2011-volkswagen-multivan-edition-25-132kw-t5-turbo-diesel-automatic,13,s.i - FINDON SA,s.i - FINDON SA,23/12/2025 12.52.26 PM AEDT,AU $ 109,1,0,False
2026-01-09T03:12:07.030313,https://www.grays.com/lot/0001-10351966/motor-vehicles-motor-cycles/2021-hyundai-tucson-fwd-nx4-automatic-wagon,1,s.r - auburn NSW,s.r - auburn NSW,07/01/2026 8.05.57 PM AEDT,"AU $ 16,700",1,1,True
2026-01-09T03:12:07.030313,https://www.grays.com/lot/0001-10351966/motor-vehicles-motor-cycles/2021-hyundai-tucson-fwd-nx4-automatic-wagon,2,T.D - Carlingford NSW,T.D - Carlingford NSW,07/01/2026 8.06.55 PM AEDT,"AU $ 16,700",1,0,True
2026-01-09T03:12:07.030313,https://www.grays.com/lot/0001-10351966/motor-vehicles-motor-cycles/2021-hyundai-tucson-fwd-nx4-automatic-wagon,3,A.b - Seven hills NSW,A.b - Seven hills NSW,07/01/2026 8.05.46 PM AEDT,"AU $ 16,500",1,0,True
2026-01-09T03:12:07.030313,https://www.grays.com/lot/0001-10351966/motor-vehicles-motor-cycles/2021-hyundai-tucson-fwd-nx4-automatic-wagon,4,D.M - PORT MELBOURNE VIC,D.M - PORT MELBOURNE VIC,07/01/2026 7.59.45 PM AEDT,"AU $ 16,000",1,0,True
2026-01-09T03:12:07.030313,https://www.grays.com/lot/0001-10351966/motor-vehicles-motor-cycles/2021-hyundai-tucson-fwd-nx4-automatic-wagon,5,c.m - sandgate NSW,c.m - sandgate NSW,07/01/2026 6.04.16 PM AEDT,"AU $ 13,300",1,0,True
2026-01-09T03:12:07.030313,https://www.grays.com/lot/0001-10351966/motor-vehicles-motor-cycles/2021-hyundai-tucson-fwd-nx4-automatic-wagon,6,M.J - Kellyville NSW,M.J - Kellyville NSW,06/01/2026 10.08.32 PM AEDT,"AU $ 13,200",1,0,True
2026-01-09T03:12:07.030313,https://www.grays.com/lot/0001-10351966/motor-vehicles-motor-cycles/2021-hyundai-tucson-fwd-nx4-automatic-wagon,7,A.K - ROSEHILL NSW,A.K - ROSEHILL NSW,02/01/2026 10.13.36 PM AEDT,"AU $ 12,800",1,0,True
2026-01-09T03:12:07.030313,https://www.grays.com/lot/0001-10351966/motor-vehicles-motor-cycles/2021-hyundai-tucson-fwd-nx4-automatic-wagon,8,B.A - Sefton NSW,B.A - Sefton NSW,02/01/2026 11.42.57 AM AEDT,"AU $ 12,750",1,0,True
2026-01-09T03:12:07.030313,https://www.grays.com/lot/0001-10351966/motor-vehicles-motor-cycles/2021-hyundai-tucson-fwd-nx4-automatic-wagon,9,m.b - Burraneer NSW,m.b - Burraneer NSW,02/01/2026 10.28.12 AM AEDT,"AU $ 12,200",1,0,True
2026-01-09T03:12:07.030313,https://www.grays.com/lot/0001-10351966/motor-vehicles-motor-cycles/2021-hyundai-tucson-fwd-nx4-automatic-wagon,10,A.B - WATTLE GROVE NSW,A.B - WATTLE GROVE NSW,31/12/2025 10.16.58 PM AEDT,"AU $ 12,100",1,0,True
2026-01-09T03:12:07.030313,https://www.grays.com/lot/0001-10351966/motor-vehicles-motor-cycles/2021-hyundai-tucson-fwd-nx4-automatic-wagon,11,j.m - Sippy Downs QLD,j.m - Sippy Downs QLD,30/12/2025 3.00.14 PM AEDT,"AU $ 12,000",1,0,True
2026-01-09T03:12:07.030313,https://www.grays.com/lot/0001-10351966/motor-vehicles-motor-cycles/2021-hyundai-tucson-fwd-nx4-automatic-wagon,12,a.l - blaxcell NSW,a.l - blaxcell NSW,20/12/2025 11.39.55 AM AEDT,"AU $ 10,000",1,0,True
2026-01-09T03:12:07.030313,https://www.grays.com/lot/0001-10351966/motor-vehicles-motor-cycles/2021-hyundai-tucson-fwd-nx4-automatic-wagon,13,C.K - Greenacre NSW,C.K - Greenacre NSW,30/12/2025 10.15.00 AM AEDT,"AU $ 9,000",1,0,True
2026-01-09T03:12:07.030313,https://www.grays.com/lot/0001-10351966/motor-vehicles-motor-cycles/2021-hyundai-tucson-fwd-nx4-automatic-wagon,14,S.P - Roselands NSW,S.P - Roselands NSW,26/12/2025 7.56.23 AM AEDT,"AU $ 8,600",1,0,True
2026-01-09T03:12:07.030313,https://www.grays.com/lot/0001-10351966/motor-vehicles-motor-cycles/2021-hyundai-tucson-fwd-nx4-automatic-wagon,15,j.p - HELENVALE QLD,j.p - HELENVALE QLD,25/12/2025 11.23.40 PM AEDT,"AU $ 8,500",1,0,True
2026-01-09T03:12:07.030313,https://www.grays.com/lot/0001-10351966/motor-vehicles-motor-cycles/2021-hyundai-tucson-fwd-nx4-automatic-wagon,16,A.M - HILLSDALE NSW,A.M - HILLSDALE NSW,24/12/2025 9.07.17 PM AEDT,"AU $ 8,400",1,0,True
2026-01-09T03:12:07.030313,https://www.grays.com/lot/0001-10351966/motor-vehicles-motor-cycles/2021-hyundai-tucson-fwd-nx4-automatic-wagon,17,-.A - point cook VIC,-.A - point cook VIC,23/12/2025 3.40.45 AM AEDT,"AU $ 8,300",1,0,True
2026-01-09T03:12:07.030313,https://www.grays.com/lot/0001-10351966/motor-vehicles-motor-cycles/2021-hyundai-tucson-fwd-nx4-automatic-wagon,18,M.I - Liverpool NSW,M.I - Liverpool NSW,22/12/2025 3.31.12 PM AEDT,"AU $ 8,100",1,0,True
2026-01-09T03:12:07.030313,https://www.grays.com/lot/0001-10351966/motor-vehicles-motor-cycles/2021-hyundai-tucson-fwd-nx4-automatic-wagon,19,M.G - Grantham Farm NSW,M.G - Grantham Farm NSW,20/12/2025 12.13.26 PM AEDT,"AU $ 8,000",1,0,True
2026-01-09T03:12:07.030313,https://www.grays.com/lot/0001-10351966/motor-vehicles-motor-cycles/2021-hyundai-tucson-fwd-nx4-automatic-wagon,20,s.f - kirkwood QLD,s.f - kirkwood QLD,19/12/2025 8.54.56 AM AEDT,"AU $ 3,456",1,0,True
2026-01-09T03:12:07.030313,https://www.grays.com/lot/0001-10351966/motor-vehicles-motor-cycles/2021-hyundai-tucson-fwd-nx4-automatic-wagon,21,C.S - Roseville NSW,C.S - Roseville NSW,20/12/2025 10.08.34 AM AEDT,"AU $ 2,500",1,0,True
2026-01-09T03:12:07.030313,https://www.grays.com/lot/0001-10351966/motor-vehicles-motor-cycles/2021-hyundai-tucson-fwd-nx4-automatic-wagon,22,R.S - Marsden Park NSW,R.S - Marsden Park NSW,19/12/2025 10.33.14 PM AEDT,"AU $ 2,100",1,0,True
2026-01-09T03:12:07.030313,https://www.grays.com/lot/0001-10351966/motor-vehicles-motor-cycles/2021-hyundai-tucson-fwd-nx4-automatic-wagon,23,J.D - KARAWARA WA,J.D - KARAWARA WA,19/12/2025 12.23.41 PM AEDT,"AU $ 2,000",1,0,True
2026-01-09T03:12:07.030313,https://www.grays.com/lot/0001-10351966/motor-vehicles-motor-cycles/2021-hyundai-tucson-fwd-nx4-automatic-wagon,24,P.S - Hartley NSW,P.S - Hartley NSW,19/12/2025 11.17.56 AM AEDT,AU $ 309,1,0,True
2026-01-09T03:12:10.904147,https://www.grays.com/lot/0001-10351994/motor-vehicles-motor-cycles/2011-volkswagen-multivan-edition-25-132kw-t5-turbo-diesel-automatic,1,P.M - Lane Cove NSW,P.M - Lane Cove NSW,06/01/2026 9.45.03 PM AEDT,"AU $ 3,900",1,1,False
2026-01-09T03:12:10.904147,https://www.grays.com/lot/0001-10351994/motor-vehicles-motor-cycles/2011-volkswagen-multivan-edition-25-132kw-t5-turbo-diesel-automatic,2,A.M - Bondi Junction NSW,A.M - Bondi Junction NSW,07/01/2026 7.41.35 PM AEDT,"AU $ 3,900",1,0,False
2026-01-09T03:12:10.904147,https://www.grays.com/lot/0001-10351994/motor-vehicles-motor-cycles/2011-volkswagen-multivan-edition-25-132kw-t5-turbo-diesel-automatic,3,G.H - Barretta TAS,G.H - Barretta TAS,07/01/2026 4.55.57 PM AEDT,"AU $ 3,800",1,0,False
2026-01-09T03:12:10.904147,https://www.grays.com/lot/0001-10351994/motor-vehicles-motor-cycles/2011-volkswagen-multivan-edition-25-132kw-t5-turbo-diesel-automatic,4,Z.S - Epping VIC,Z.S - Epping VIC,05/01/2026 8.37.17 PM AEDT,"AU $ 1,700",1,0,False
2026-01-09T03:12:10.904147,https://www.grays.com/lot/0001-10351994/motor-vehicles-motor-cycles/2011-volkswagen-multivan-edition-25-132kw-t5-turbo-diesel-automatic,5,O.S - Pitt town NSW,O.S - Pitt town NSW,01/01/2026 6.28.56 AM AEDT,"AU $ 1,600",1,0,False
2026-01-09T03:12:10.904147,https://www.grays.com/lot/0001-10351994/motor-vehicles-motor-cycles/2011-volkswagen-multivan-edition-25-132kw-t5-turbo-diesel-automatic,6,R.O - Miranda NSW,R.O - Miranda NSW,27/12/2025 6.09.28 PM AEDT,"AU $ 1,565",1,0,False
2026-01-09T03:12:10.904147,https://www.grays.com/lot/0001-10351994/motor-vehicles-motor-cycles/2011-volkswagen-multivan-edition-25-132kw-t5-turbo-diesel-automatic,7,D.S - Truganina VIC,D.S - Truganina VIC,30/12/2025 10.23.57 PM AEDT,"AU $ 1,300",1,0,False
2026-01-09T03:12:10.904147,https://www.grays.com/lot/0001-10351994/motor-vehicles-motor-cycles/2011-volkswagen-multivan-edition-25-132kw-t5-turbo-diesel-automatic,8,P.R - Albion Park rail NSW,P.R - Albion Park rail NSW,27/12/2025 10.28.54 AM AEDT,"AU $ 1,000",1,0,False
2026-01-09T03:12:10.904147,https://www.grays.com/lot/0001-10351994/motor-vehicles-motor-cycles/2011-volkswagen-multivan-edition-25-132kw-t5-turbo-diesel-automatic,9,M.D - Mickleham VIC,M.D - Mickleham VIC,25/12/2025 11.19.09 PM AEDT,AU $ 509,1,0,False
2026-01-09T03:12:10.904147,https://www.grays.com/lot/0001-10351994/motor-vehicles-motor-cycles/2011-volkswagen-multivan-edition-25-132kw-t5-turbo-diesel-automatic,10,K.K - Ryde NSW,K.K - Ryde NSW,25/12/2025 10.52.50 AM AEDT,AU $ 409,1,0,False
2026-01-09T03:12:10.904147,https://www.grays.com/lot/0001-10351994/motor-vehicles-motor-cycles/2011-volkswagen-multivan-edition-25-132kw-t5-turbo-diesel-automatic,11,r.z - greenacre NSW,r.z - greenacre NSW,23/12/2025 5.23.47 PM AEDT,AU $ 309,1,0,False
2026-01-09T03:12:10.904147,https://www.grays.com/lot/0001-10351994/motor-vehicles-motor-cycles/2011-volkswagen-multivan-edition-25-132kw-t5-turbo-diesel-automatic,12,S.E - Gap Ridge WA,S.E - Gap Ridge WA,23/12/2025 3.10.27 PM AEDT,AU $ 209,1,0,False
2026-01-09T03:12:10.904147,https://www.grays.com/lot/0001-10351994/motor-vehicles-motor-cycles/2011-volkswagen-multivan-edition-25-132kw-t5-turbo-diesel-automatic,13,s.i - FINDON SA,s.i - FINDON SA,23/12/2025 12.52.26 PM AEDT,AU $ 109,1,0,False
2026-01-09T03:12:13.905953,https://www.grays.com/lot/0001-10352014/motor-vehicles-motor-cycles/2014-nissan-pathfinder-st-l-r52-cvt-7-seats-wagon,1,K.K - Guildford NSW,K.K - Guildford NSW,23/12/2025 12.49.38 AM AEDT,AU $ 809,1,1,False
2026-01-09T03:12:13.905953,https://www.grays.com/lot/0001-10352014/motor-vehicles-motor-cycles/2014-nissan-pathfinder-st-l-r52-cvt-7-seats-wagon,2,M.z - Minchinbury NSW,M.z - Minchinbury NSW,07/01/2026 7.33.43 PM AEDT,AU $ 809,1,0,False
2026-01-09T03:12:13.905953,https://www.grays.com/lot/0001-10352014/motor-vehicles-motor-cycles/2014-nissan-pathfinder-st-l-r52-cvt-7-seats-wagon,3,F.C - Noarlunga Downs SA,F.C - Noarlunga Downs SA,04/01/2026 2.01.20 AM AEDT,AU $ 609,1,0,False
2026-01-09T03:12:13.905953,https://www.grays.com/lot/0001-10352014/motor-vehicles-motor-cycles/2014-nissan-pathfinder-st-l-r52-cvt-7-seats-wagon,4,K.B - Upper Caboolture QLD,K.B - Upper Caboolture QLD,30/12/2025 8.05.31 AM AEDT,AU $ 509,1,0,False
2026-01-09T03:12:13.905953,https://www.grays.com/lot/0001-10352014/motor-vehicles-motor-cycles/2014-nissan-pathfinder-st-l-r52-cvt-7-seats-wagon,5,A.M - HILLSDALE NSW,A.M - HILLSDALE NSW,24/12/2025 9.10.44 PM AEDT,AU $ 409,1,0,False
2026-01-09T03:12:13.905953,https://www.grays.com/lot/0001-10352014/motor-vehicles-motor-cycles/2014-nissan-pathfinder-st-l-r52-cvt-7-seats-wagon,6,K.M - pendle hill NSW,K.M - pendle hill NSW,22/12/2025 12.18.25 AM AEDT,AU $ 209,1,0,False
2026-01-09T03:12:13.905953,https://www.grays.com/lot/0001-10352014/motor-vehicles-motor-cycles/2014-nissan-pathfinder-st-l-r52-cvt-7-seats-wagon,7,C.B - Ambarvale NSW,C.B - Ambarvale NSW,21/12/2025 10.30.39 PM AEDT,AU $ 109,1,0,False
2026-01-09T03:12:13.905953,https://www.grays.com/lot/0001-10352014/motor-vehicles-motor-cycles/2014-nissan-pathfinder-st-l-r52-cvt-7-seats-wagon,8,S.Y - Chipping Norton NSW,S.Y - Chipping Norton NSW,21/12/2025 10.16.48 PM AEDT,AU $ 9,1,0,False
2026-01-09T03:12:39.308898,https://www.grays.com/lot/0001-10351963/motor-vehicles-motor-cycles/2021-jeep-cherokee-80th-anniversary-kl-9-auto-wagon,1,A.S - Auburn NSW,A.S - Auburn NSW,07/01/2026 7.59.48 PM AEDT,"AU $ 17,100",1,1,True
2026-01-09T03:12:39.308898,https://www.grays.com/lot/0001-10351963/motor-vehicles-motor-cycles/2021-jeep-cherokee-80th-anniversary-kl-9-auto-wagon,2,D.M - PORT MELBOURNE VIC,D.M - PORT MELBOURNE VIC,07/01/2026 7.59.16 PM AEDT,"AU $ 17,000",1,0,True
2026-01-09T03:12:39.308898,https://www.grays.com/lot/0001-10351963/motor-vehicles-motor-cycles/2021-jeep-cherokee-80th-anniversary-kl-9-auto-wagon,3,V.S - Burwood East VIC,V.S - Burwood East VIC,07/01/2026 10.52.50 AM AEDT,"AU $ 16,100",1,0,True
2026-01-09T03:12:39.308898,https://www.grays.com/lot/0001-10351963/motor-vehicles-motor-cycles/2021-jeep-cherokee-80th-anniversary-kl-9-auto-wagon,4,K.S - Ashfield NSW,K.S - Ashfield NSW,24/12/2025 10.19.25 PM AEDT,"AU $ 16,000",1,0,True
2026-01-09T03:12:39.308898,https://www.grays.com/lot/0001-10351963/motor-vehicles-motor-cycles/2021-jeep-cherokee-80th-anniversary-kl-9-auto-wagon,5,B.B - Ashfield NSW,B.B - Ashfield NSW,30/12/2025 10.54.23 PM AEDT,"AU $ 15,900",1,0,True
2026-01-09T03:12:39.308898,https://www.grays.com/lot/0001-10351963/motor-vehicles-motor-cycles/2021-jeep-cherokee-80th-anniversary-kl-9-auto-wagon,6,R.D - Mission Beach QLD,R.D - Mission Beach QLD,23/12/2025 11.12.12 PM AEDT,"AU $ 12,600",1,0,True
2026-01-09T03:12:39.308898,https://www.grays.com/lot/0001-10351963/motor-vehicles-motor-cycles/2021-jeep-cherokee-80th-anniversary-kl-9-auto-wagon,7,H.A - South Brisbane QLD,H.A - South Brisbane QLD,21/12/2025 11.53.37 PM AEDT,"AU $ 12,400",1,0,True
2026-01-09T03:12:39.308898,https://www.grays.com/lot/0001-10351963/motor-vehicles-motor-cycles/2021-jeep-cherokee-80th-anniversary-kl-9-auto-wagon,8,S.H - Liverpool NSW,S.H - Liverpool NSW,21/12/2025 9.00.22 PM AEDT,"AU $ 12,300",1,0,True
2026-01-09T03:12:39.308898,https://www.grays.com/lot/0001-10351963/motor-vehicles-motor-cycles/2021-jeep-cherokee-80th-anniversary-kl-9-auto-wagon,9,M.D - MARONG VIC,M.D - MARONG VIC,20/12/2025 11.52.49 AM AEDT,"AU $ 12,100",1,0,True
2026-01-09T03:12:39.308898,https://www.grays.com/lot/0001-10351963/motor-vehicles-motor-cycles/2021-jeep-cherokee-80th-anniversary-kl-9-auto-wagon,10,a.l - blaxcell NSW,a.l - blaxcell NSW,20/12/2025 11.42.22 AM AEDT,"AU $ 12,000",1,0,True
2026-01-09T03:12:39.308898,https://www.grays.com/lot/0001-10351963/motor-vehicles-motor-cycles/2021-jeep-cherokee-80th-anniversary-kl-9-auto-wagon,11,C.S - Roseville NSW,C.S - Roseville NSW,20/12/2025 10.08.02 AM AEDT,"AU $ 5,200",1,0,True
2026-01-09T03:12:39.308898,https://www.grays.com/lot/0001-10351963/motor-vehicles-motor-cycles/2021-jeep-cherokee-80th-anniversary-kl-9-auto-wagon,12,G.M - Maroubra NSW,G.M - Maroubra NSW,19/12/2025 11.14.01 PM AEDT,"AU $ 5,000",1,0,True
2026-01-09T03:12:39.308898,https://www.grays.com/lot/0001-10351963/motor-vehicles-motor-cycles/2021-jeep-cherokee-80th-anniversary-kl-9-auto-wagon,13,s.f - kirkwood QLD,s.f - kirkwood QLD,19/12/2025 9.03.02 AM AEDT,"AU $ 3,333",1,0,True
2026-01-09T03:12:39.308898,https://www.grays.com/lot/0001-10351963/motor-vehicles-motor-cycles/2021-jeep-cherokee-80th-anniversary-kl-9-auto-wagon,14,E.C - Athelstone SA,E.C - Athelstone SA,18/12/2025 6.57.29 PM AEDT,AU $ 500,1,0,True
2026-01-09T03:28:13.185874,https://www.grays.com/lot/0001-10351962/motor-vehicles-motor-cycles/2021-toyota-camry-sl-hybrid-axvh70r-cvt-sedan,1,S.P - Glenorchy TAS,S.P - Glenorchy TAS,07/01/2026 7.52.03 PM AEDT,"AU $ 28,100",1,1,True
2026-01-09T03:28:13.185874,https://www.grays.com/lot/0001-10351962/motor-vehicles-motor-cycles/2021-toyota-camry-sl-hybrid-axvh70r-cvt-sedan,2,D.M - PORT MELBOURNE VIC,D.M - PORT MELBOURNE VIC,07/01/2026 7.05.31 PM AEDT,"AU $ 28,000",1,0,True
2026-01-09T03:28:13.185874,https://www.grays.com/lot/0001-10351962/motor-vehicles-motor-cycles/2021-toyota-camry-sl-hybrid-axvh70r-cvt-sedan,3,A.I - Penrith NSW,A.I - Penrith NSW,07/01/2026 7.09.06 PM AEDT,"AU $ 27,300",1,0,True
2026-01-09T03:28:13.185874,https://www.grays.com/lot/0001-10351962/motor-vehicles-motor-cycles/2021-toyota-camry-sl-hybrid-axvh70r-cvt-sedan,4,k.r - blacktown NSW,k.r - blacktown NSW,07/01/2026 5.09.29 PM AEDT,"AU $ 26,100",1,0,True
2026-01-09T03:28:13.185874,https://www.grays.com/lot/0001-10351962/motor-vehicles-motor-cycles/2021-toyota-camry-sl-hybrid-axvh70r-cvt-sedan,5,R.F - granville NSW,R.F - granville NSW,06/01/2026 3.46.02 PM AEDT,"AU $ 25,800",1,0,True
2026-01-09T03:28:13.185874,https://www.grays.com/lot/0001-10351962/motor-vehicles-motor-cycles/2021-toyota-camry-sl-hybrid-axvh70r-cvt-sedan,6,A.V - Tarneit VIC,A.V - Tarneit VIC,31/12/2025 9.29.55 PM AEDT,"AU $ 24,900",1,0,True
2026-01-09T03:28:13.185874,https://www.grays.com/lot/0001-10351962/motor-vehicles-motor-cycles/2021-toyota-camry-sl-hybrid-axvh70r-cvt-sedan,7,M.K - MANOR LAKES VIC,M.K - MANOR LAKES VIC,28/12/2025 4.08.03 AM AEDT,"AU $ 24,800",1,0,True
2026-01-09T03:28:13.185874,https://www.grays.com/lot/0001-10351962/motor-vehicles-motor-cycles/2021-toyota-camry-sl-hybrid-axvh70r-cvt-sedan,8,M.C - Castle hill NSW,M.C - Castle hill NSW,27/12/2025 11.18.32 AM AEDT,"AU $ 24,700",1,0,True
2026-01-09T03:28:13.185874,https://www.grays.com/lot/0001-10351962/motor-vehicles-motor-cycles/2021-toyota-camry-sl-hybrid-axvh70r-cvt-sedan,9,k.s - Merrylands NSW,k.s - Merrylands NSW,27/12/2025 12.33.48 AM AEDT,"AU $ 24,600",1,0,True
2026-01-09T03:28:13.185874,https://www.grays.com/lot/0001-10351962/motor-vehicles-motor-cycles/2021-toyota-camry-sl-hybrid-axvh70r-cvt-sedan,10,H.N - Clyde VIC,H.N - Clyde VIC,23/12/2025 5.29.56 PM AEDT,"AU $ 24,500",1,0,True
2026-01-09T03:28:13.185874,https://www.grays.com/lot/0001-10351962/motor-vehicles-motor-cycles/2021-toyota-camry-sl-hybrid-axvh70r-cvt-sedan,11,J.S - Reservoir VIC,J.S - Reservoir VIC,20/12/2025 3.13.35 PM AEDT,"AU $ 24,100",1,0,True
2026-01-09T03:28:13.185874,https://www.grays.com/lot/0001-10351962/motor-vehicles-motor-cycles/2021-toyota-camry-sl-hybrid-axvh70r-cvt-sedan,12,F.Y - Busby NSW,F.Y - Busby NSW,20/12/2025 2.43.14 PM AEDT,"AU $ 24,000",1,0,True
2026-01-09T03:28:13.185874,https://www.grays.com/lot/0001-10351962/motor-vehicles-motor-cycles/2021-toyota-camry-sl-hybrid-axvh70r-cvt-sedan,13,a.l - blaxcell NSW,a.l - blaxcell NSW,20/12/2025 11.40.21 AM AEDT,"AU $ 22,000",1,0,True
2026-01-09T03:28:13.185874,https://www.grays.com/lot/0001-10351962/motor-vehicles-motor-cycles/2021-toyota-camry-sl-hybrid-axvh70r-cvt-sedan,14,T.S - Gerogery NSW,T.S - Gerogery NSW,19/12/2025 4.27.44 PM AEDT,"AU $ 20,000",1,0,True
2026-01-09T03:28:13.185874,https://www.grays.com/lot/0001-10351962/motor-vehicles-motor-cycles/2021-toyota-camry-sl-hybrid-axvh70r-cvt-sedan,15,H.K - glenwood NSW,H.K - glenwood NSW,19/12/2025 8.46.52 PM AEDT,"AU $ 14,200",1,0,True
2026-01-09T03:28:13.185874,https://www.grays.com/lot/0001-10351962/motor-vehicles-motor-cycles/2021-toyota-camry-sl-hybrid-axvh70r-cvt-sedan,16,S.S - Wakeley NSW,S.S - Wakeley NSW,19/12/2025 6.17.01 AM AEDT,"AU $ 14,000",1,0,True
2026-01-09T03:28:13.185874,https://www.grays.com/lot/0001-10351962/motor-vehicles-motor-cycles/2021-toyota-camry-sl-hybrid-axvh70r-cvt-sedan,17,M.H - Ingleburn NSW,M.H - Ingleburn NSW,19/12/2025 1.26.46 PM AEDT,"AU $ 13,400",1,0,True
2026-01-09T03:28:13.185874,https://www.grays.com/lot/0001-10351962/motor-vehicles-motor-cycles/2021-toyota-camry-sl-hybrid-axvh70r-cvt-sedan,18,G.P - Dandenong VIC,G.P - Dandenong VIC,19/12/2025 12.02.55 PM AEDT,"AU $ 13,300",1,0,True
2026-01-09T03:28:13.185874,https://www.grays.com/lot/0001-10351962/motor-vehicles-motor-cycles/2021-toyota-camry-sl-hybrid-axvh70r-cvt-sedan,19,H.A - South Brisbane QLD,H.A - South Brisbane QLD,19/12/2025 12.57.27 AM AEDT,"AU $ 13,100",1,0,True
2026-01-09T03:28:13.185874,https://www.grays.com/lot/0001-10351962/motor-vehicles-motor-cycles/2021-toyota-camry-sl-hybrid-axvh70r-cvt-sedan,20,J.P - Hampton park VIC,J.P - Hampton park VIC,19/12/2025 12.49.22 AM AEDT,"AU $ 13,000",1,0,True
2026-01-09T03:28:13.185874,https://www.grays.com/lot/0001-10351962/motor-vehicles-motor-cycles/2021-toyota-camry-sl-hybrid-axvh70r-cvt-sedan,21,F.Y - Mickleham VIC,F.Y - Mickleham VIC,19/12/2025 12.03.47 AM AEDT,"AU $ 10,100",1,0,True
2026-01-09T03:28:13.185874,https://www.grays.com/lot/0001-10351962/motor-vehicles-motor-cycles/2021-toyota-camry-sl-hybrid-axvh70r-cvt-sedan,22,h.c - St Andrews NSW,h.c - St Andrews NSW,18/12/2025 11.41.57 PM AEDT,"AU $ 8,800",1,0,True
2026-01-09T03:28:13.185874,https://www.grays.com/lot/0001-10351962/motor-vehicles-motor-cycles/2021-toyota-camry-sl-hybrid-axvh70r-cvt-sedan,23,K.N - MORPHETT VALE SA,K.N - MORPHETT VALE SA,18/12/2025 10.49.57 PM AEDT,"AU $ 5,300",1,0,True
2026-01-09T03:28:13.185874,https://www.grays.com/lot/0001-10351962/motor-vehicles-motor-cycles/2021-toyota-camry-sl-hybrid-axvh70r-cvt-sedan,24,K.S - Ashfield NSW,K.S - Ashfield NSW,18/12/2025 10.43.39 PM AEDT,"AU $ 5,200",1,0,True
2026-01-09T03:28:13.185874,https://www.grays.com/lot/0001-10351962/motor-vehicles-motor-cycles/2021-toyota-camry-sl-hybrid-axvh70r-cvt-sedan,25,A.P - Mount Lewis NSW,A.P - Mount Lewis NSW,18/12/2025 10.20.14 PM AEDT,"AU $ 5,100",1,0,True
2026-01-09T03:28:13.185874,https://www.grays.com/lot/0001-10351962/motor-vehicles-motor-cycles/2021-toyota-camry-sl-hybrid-axvh70r-cvt-sedan,26,M.H - Chester Hill NSW,M.H - Chester Hill NSW,18/12/2025 9.16.08 PM AEDT,AU $ 809,1,0,True
2026-01-09T03:28:13.185874,https://www.grays.com/lot/0001-10351962/motor-vehicles-motor-cycles/2021-toyota-camry-sl-hybrid-axvh70r-cvt-sedan,27,R.S - Marsden Park NSW,R.S - Marsden Park NSW,18/12/2025 8.59.20 PM AEDT,AU $ 709,1,0,True
2026-01-09T03:28:13.185874,https://www.grays.com/lot/0001-10351962/motor-vehicles-motor-cycles/2021-toyota-camry-sl-hybrid-axvh70r-cvt-sedan,28,R.M - Voyager point NSW,R.M - Voyager point NSW,18/12/2025 5.39.21 PM AEDT,AU $ 609,1,0,True
2026-01-09T03:28:13.185874,https://www.grays.com/lot/0001-10351962/motor-vehicles-motor-cycles/2021-toyota-camry-sl-hybrid-axvh70r-cvt-sedan,29,M.B - Revesby NSW,M.B - Revesby NSW,18/12/2025 5.06.02 PM AEDT,AU $ 509,1,0,True
2026-01-09T03:28:13.185874,https://www.grays.com/lot/0001-10351962/motor-vehicles-motor-cycles/2021-toyota-camry-sl-hybrid-axvh70r-cvt-sedan,30,N.D - Kingsgrove NSW,N.D - Kingsgrove NSW,18/12/2025 4.34.53 PM AEDT,AU $ 500,1,0,True
2026-01-09T03:28:13.185874,https://www.grays.com/lot/0001-10351962/motor-vehicles-motor-cycles/2021-toyota-camry-sl-hybrid-axvh70r-cvt-sedan,31,l.b - LAKELANDS NSW,l.b - LAKELANDS NSW,18/12/2025 4.41.41 PM AEDT,AU $ 209,1,0,True
2026-01-09T03:28:13.185874,https://www.grays.com/lot/0001-10351962/motor-vehicles-motor-cycles/2021-toyota-camry-sl-hybrid-axvh70r-cvt-sedan,32,r.g - hassall grove NSW,r.g - hassall grove NSW,18/12/2025 4.19.48 PM AEDT,AU $ 9,1,0,True
2026-01-09T03:28:15.819909,https://www.grays.com/lot/0001-10351965/motor-vehicles-motor-cycles/2021-hyundai-tucson-fwd-nx4-automatic-wagon,1,R.S - Campbelltown SA,R.S - Campbelltown SA,07/01/2026 8.06.48 PM AEDT,"AU $ 17,600",1,1,True
2026-01-09T03:28:15.819909,https://www.grays.com/lot/0001-10351965/motor-vehicles-motor-cycles/2021-hyundai-tucson-fwd-nx4-automatic-wagon,2,s.r - auburn NSW,s.r - auburn NSW,07/01/2026 8.05.25 PM AEDT,"AU $ 17,500",1,0,True
2026-01-09T03:28:15.819909,https://www.grays.com/lot/0001-10351965/motor-vehicles-motor-cycles/2021-hyundai-tucson-fwd-nx4-automatic-wagon,3,A.B - WATTLE GROVE NSW,A.B - WATTLE GROVE NSW,07/01/2026 8.02.47 PM AEDT,"AU $ 17,200",1,0,True
2026-01-09T03:28:15.819909,https://www.grays.com/lot/0001-10351965/motor-vehicles-motor-cycles/2021-hyundai-tucson-fwd-nx4-automatic-wagon,4,D.M - PORT MELBOURNE VIC,D.M - PORT MELBOURNE VIC,07/01/2026 7.59.31 PM AEDT,"AU $ 16,500",1,0,True
2026-01-09T03:28:15.819909,https://www.grays.com/lot/0001-10351965/motor-vehicles-motor-cycles/2021-hyundai-tucson-fwd-nx4-automatic-wagon,5,M.J - Kellyville NSW,M.J - Kellyville NSW,06/01/2026 10.08.06 PM AEDT,"AU $ 15,500",1,0,True
2026-01-09T03:28:15.819909,https://www.grays.com/lot/0001-10351965/motor-vehicles-motor-cycles/2021-hyundai-tucson-fwd-nx4-automatic-wagon,6,S.G - Bankstown NSW,S.G - Bankstown NSW,05/01/2026 10.15.20 PM AEDT,"AU $ 15,400",1,0,True
2026-01-09T03:28:15.819909,https://www.grays.com/lot/0001-10351965/motor-vehicles-motor-cycles/2021-hyundai-tucson-fwd-nx4-automatic-wagon,7,H.J - East Launceston TAS,H.J - East Launceston TAS,02/01/2026 2.05.04 AM AEDT,"AU $ 15,000",1,0,True
2026-01-09T03:28:15.819909,https://www.grays.com/lot/0001-10351965/motor-vehicles-motor-cycles/2021-hyundai-tucson-fwd-nx4-automatic-wagon,8,M.F - Wiley park NSW,M.F - Wiley park NSW,29/12/2025 9.36.01 PM AEDT,"AU $ 12,700",1,0,True
2026-01-09T03:28:15.819909,https://www.grays.com/lot/0001-10351965/motor-vehicles-motor-cycles/2021-hyundai-tucson-fwd-nx4-automatic-wagon,9,G.P - ROXBURGH PARK VIC,G.P - ROXBURGH PARK VIC,29/12/2025 2.16.07 PM AEDT,"AU $ 12,600",1,0,True
2026-01-09T03:28:15.819909,https://www.grays.com/lot/0001-10351965/motor-vehicles-motor-cycles/2021-hyundai-tucson-fwd-nx4-automatic-wagon,10,K.E - Greenacre NSW,K.E - Greenacre NSW,29/12/2025 8.36.36 AM AEDT,"AU $ 12,500",1,0,True
2026-01-09T03:28:15.819909,https://www.grays.com/lot/0001-10351965/motor-vehicles-motor-cycles/2021-hyundai-tucson-fwd-nx4-automatic-wagon,11,K.E - Mickleham VIC,K.E - Mickleham VIC,23/12/2025 8.31.59 PM AEDT,"AU $ 12,000",1,0,True
2026-01-09T03:28:15.819909,https://www.grays.com/lot/0001-10351965/motor-vehicles-motor-cycles/2021-hyundai-tucson-fwd-nx4-automatic-wagon,12,S.P - Roselands NSW,S.P - Roselands NSW,26/12/2025 7.56.07 AM AEDT,"AU $ 9,000",1,0,True
2026-01-09T03:28:15.819909,https://www.grays.com/lot/0001-10351965/motor-vehicles-motor-cycles/2021-hyundai-tucson-fwd-nx4-automatic-wagon,13,j.p - HELENVALE QLD,j.p - HELENVALE QLD,25/12/2025 11.23.06 PM AEDT,"AU $ 8,900",1,0,True
2026-01-09T03:28:15.819909,https://www.grays.com/lot/0001-10351965/motor-vehicles-motor-cycles/2021-hyundai-tucson-fwd-nx4-automatic-wagon,14,M.H - KENMORE HILLS QLD,M.H - KENMORE HILLS QLD,24/12/2025 11.19.58 PM AEDT,"AU $ 8,700",1,0,True
2026-01-09T03:28:15.819909,https://www.grays.com/lot/0001-10351965/motor-vehicles-motor-cycles/2021-hyundai-tucson-fwd-nx4-automatic-wagon,15,M.H - Ingleburn NSW,M.H - Ingleburn NSW,24/12/2025 10.50.14 PM AEDT,"AU $ 8,600",1,0,True
2026-01-09T03:28:15.819909,https://www.grays.com/lot/0001-10351965/motor-vehicles-motor-cycles/2021-hyundai-tucson-fwd-nx4-automatic-wagon,16,P.O - Lismore NSW,P.O - Lismore NSW,24/12/2025 12.22.00 AM AEDT,"AU $ 8,400",1,0,True
2026-01-09T03:28:15.819909,https://www.grays.com/lot/0001-10351965/motor-vehicles-motor-cycles/2021-hyundai-tucson-fwd-nx4-automatic-wagon,17,A.K - Westmead NSW,A.K - Westmead NSW,23/12/2025 6.36.29 PM AEDT,"AU $ 7,000",1,0,True
2026-01-09T03:28:15.819909,https://www.grays.com/lot/0001-10351965/motor-vehicles-motor-cycles/2021-hyundai-tucson-fwd-nx4-automatic-wagon,18,A.H - Robina QLD,A.H - Robina QLD,23/12/2025 5.52.15 PM AEDT,"AU $ 5,800",1,0,True
2026-01-09T03:28:15.819909,https://www.grays.com/lot/0001-10351965/motor-vehicles-motor-cycles/2021-hyundai-tucson-fwd-nx4-automatic-wagon,19,K.E - Fairfield east NSW,K.E - Fairfield east NSW,23/12/2025 6.51.11 AM AEDT,"AU $ 5,600",1,0,True
2026-01-09T03:28:15.819909,https://www.grays.com/lot/0001-10351965/motor-vehicles-motor-cycles/2021-hyundai-tucson-fwd-nx4-automatic-wagon,20,M.A - Liverpool NSW,M.A - Liverpool NSW,22/12/2025 9.57.42 PM AEDT,"AU $ 5,500",1,0,True
2026-01-09T03:28:15.819909,https://www.grays.com/lot/0001-10351965/motor-vehicles-motor-cycles/2021-hyundai-tucson-fwd-nx4-automatic-wagon,21,D.k - mickleham VIC,D.k - mickleham VIC,21/12/2025 10.28.24 PM AEDT,"AU $ 5,000",1,0,True
2026-01-09T03:28:15.819909,https://www.grays.com/lot/0001-10351965/motor-vehicles-motor-cycles/2021-hyundai-tucson-fwd-nx4-automatic-wagon,22,M.C - Castle hill NSW,M.C - Castle hill NSW,22/12/2025 8.20.18 PM AEDT,"AU $ 4,009",1,0,True
2026-01-09T03:28:15.819909,https://www.grays.com/lot/0001-10351965/motor-vehicles-motor-cycles/2021-hyundai-tucson-fwd-nx4-automatic-wagon,23,f.h - Mickleham VIC,f.h - Mickleham VIC,22/12/2025 8.17.12 PM AEDT,"AU $ 3,409",1,0,True
2026-01-09T03:28:15.819909,https://www.grays.com/lot/0001-10351965/motor-vehicles-motor-cycles/2021-hyundai-tucson-fwd-nx4-automatic-wagon,24,M.I - Liverpool NSW,M.I - Liverpool NSW,22/12/2025 3.31.31 PM AEDT,"AU $ 3,309",1,0,True
2026-01-09T03:28:15.819909,https://www.grays.com/lot/0001-10351965/motor-vehicles-motor-cycles/2021-hyundai-tucson-fwd-nx4-automatic-wagon,25,T.S - Blacktown NSW,T.S - Blacktown NSW,22/12/2025 8.30.35 AM AEDT,"AU $ 3,209",1,0,True
2026-01-09T03:28:15.819909,https://www.grays.com/lot/0001-10351965/motor-vehicles-motor-cycles/2021-hyundai-tucson-fwd-nx4-automatic-wagon,26,K.M - pendle hill NSW,K.M - pendle hill NSW,22/12/2025 12.17.16 AM AEDT,"AU $ 2,009",1,0,True
2026-01-09T03:28:15.819909,https://www.grays.com/lot/0001-10351965/motor-vehicles-motor-cycles/2021-hyundai-tucson-fwd-nx4-automatic-wagon,27,J.S - SCONE NSW,J.S - SCONE NSW,20/12/2025 10.50.18 PM AEDT,"AU $ 1,409",1,0,True
2026-01-09T03:28:15.819909,https://www.grays.com/lot/0001-10351965/motor-vehicles-motor-cycles/2021-hyundai-tucson-fwd-nx4-automatic-wagon,28,O.S - Melton VIC,O.S - Melton VIC,20/12/2025 11.03.01 PM AEDT,"AU $ 1,209",1,0,True
2026-01-09T03:28:15.819909,https://www.grays.com/lot/0001-10351965/motor-vehicles-motor-cycles/2021-hyundai-tucson-fwd-nx4-automatic-wagon,29,A.A - Bankstown NSW,A.A - Bankstown NSW,20/12/2025 10.47.40 PM AEDT,"AU $ 1,009",1,0,True
2026-01-09T03:28:15.819909,https://www.grays.com/lot/0001-10351965/motor-vehicles-motor-cycles/2021-hyundai-tucson-fwd-nx4-automatic-wagon,30,G.S - Tarneit VIC,G.S - Tarneit VIC,20/12/2025 5.48.22 PM AEDT,AU $ 809,1,0,True
2026-01-09T03:28:15.819909,https://www.grays.com/lot/0001-10351965/motor-vehicles-motor-cycles/2021-hyundai-tucson-fwd-nx4-automatic-wagon,31,P.S - Hartley NSW,P.S - Hartley NSW,20/12/2025 1.21.48 PM AEDT,AU $ 409,1,0,True
2026-01-09T03:28:15.819909,https://www.grays.com/lot/0001-10351965/motor-vehicles-motor-cycles/2021-hyundai-tucson-fwd-nx4-automatic-wagon,32,R.S - Marsden Park NSW,R.S - Marsden Park NSW,19/12/2025 10.33.30 PM AEDT,AU $ 209,1,0,True
2026-01-09T03:28:30.212515,https://www.grays.com/lot/0001-10351994/motor-vehicles-motor-cycles/2011-volkswagen-multivan-edition-25-132kw-t5-turbo-diesel-automatic,1,P.M - Lane Cove NSW,P.M - Lane Cove NSW,06/01/2026 9.45.03 PM AEDT,"AU $ 3,900",1,1,False
2026-01-09T03:28:30.212515,https://www.grays.com/lot/0001-10351994/motor-vehicles-motor-cycles/2011-volkswagen-multivan-edition-25-132kw-t5-turbo-diesel-automatic,2,A.M - Bondi Junction NSW,A.M - Bondi Junction NSW,07/01/2026 7.41.35 PM AEDT,"AU $ 3,900",1,0,False
2026-01-09T03:28:30.212515,https://www.grays.com/lot/0001-10351994/motor-vehicles-motor-cycles/2011-volkswagen-multivan-edition-25-132kw-t5-turbo-diesel-automatic,3,G.H - Barretta TAS,G.H - Barretta TAS,07/01/2026 4.55.57 PM AEDT,"AU $ 3,800",1,0,False
2026-01-09T03:28:30.212515,https://www.grays.com/lot/0001-10351994/motor-vehicles-motor-cycles/2011-volkswagen-multivan-edition-25-132kw-t5-turbo-diesel-automatic,4,Z.S - Epping VIC,Z.S - Epping VIC,05/01/2026 8.37.17 PM AEDT,"AU $ 1,700",1,0,False
2026-01-09T03:28:30.212515,https://www.grays.com/lot/0001-10351994/motor-vehicles-motor-cycles/2011-volkswagen-multivan-edition-25-132kw-t5-turbo-diesel-automatic,5,O.S - Pitt town NSW,O.S - Pitt town NSW,01/01/2026 6.28.56 AM AEDT,"AU $ 1,600",1,0,False
2026-01-09T03:28:30.212515,https://www.grays.com/lot/0001-10351994/motor-vehicles-motor-cycles/2011-volkswagen-multivan-edition-25-132kw-t5-turbo-diesel-automatic,6,R.O - Miranda NSW,R.O - Miranda NSW,27/12/2025 6.09.28 PM AEDT,"AU $ 1,565",1,0,False
2026-01-09T03:28:30.212515,https://www.grays.com/lot/0001-10351994/motor-vehicles-motor-cycles/2011-volkswagen-multivan-edition-25-132kw-t5-turbo-diesel-automatic,7,D.S - Truganina VIC,D.S - Truganina VIC,30/12/2025 10.23.57 PM AEDT,"AU $ 1,300",1,0,False
2026-01-09T03:28:30.212515,https://www.grays.com/lot/0001-10351994/motor-vehicles-motor-cycles/2011-volkswagen-multivan-edition-25-132kw-t5-turbo-diesel-automatic,8,P.R - Albion Park rail NSW,P.R - Albion Park rail NSW,27/12/2025 10.28.54 AM AEDT,"AU $ 1,000",1,0,False
2026-01-09T03:28:30.212515,https://www.grays.com/lot/0001-10351994/motor-vehicles-motor-cycles/2011-volkswagen-multivan-edition-25-132kw-t5-turbo-diesel-automatic,9,M.D - Mickleham VIC,M.D - Mickleham VIC,25/12/2025 11.19.09 PM AEDT,AU $ 509,1,0,False
2026-01-09T03:28:30.212515,https://www.grays.com/lot/0001-10351994/motor-vehicles-motor-cycles/2011-volkswagen-multivan-edition-25-132kw-t5-turbo-diesel-automatic,10,K.K - Ryde NSW,K.K - Ryde NSW,25/12/2025 10.52.50 AM AEDT,AU $ 409,1,0,False
2026-01-09T03:28:30.212515,https://www.grays.com/lot/0001-10351994/motor-vehicles-motor-cycles/2011-volkswagen-multivan-edition-25-132kw-t5-turbo-diesel-automatic,11,r.z - greenacre NSW,r.z - greenacre NSW,23/12/2025 5.23.47 PM AEDT,AU $ 309,1,0,False
2026-01-09T03:28:30.212515,https://www.grays.com/lot/0001-10351994/motor-vehicles-motor-cycles/2011-volkswagen-multivan-edition-25-132kw-t5-turbo-diesel-automatic,12,S.E - Gap Ridge WA,S.E - Gap Ridge WA,23/12/2025 3.10.27 PM AEDT,AU $ 209,1,0,False
2026-01-09T03:28:30.212515,https://www.grays.com/lot/0001-10351994/motor-vehicles-motor-cycles/2011-volkswagen-multivan-edition-25-132kw-t5-turbo-diesel-automatic,13,s.i - FINDON SA,s.i - FINDON SA,23/12/2025 12.52.26 PM AEDT,AU $ 109,1,0,False
2026-01-09T03:28:33.872729,https://www.grays.com/lot/0001-10352014/motor-vehicles-motor-cycles/2014-nissan-pathfinder-st-l-r52-cvt-7-seats-wagon,1,K.K - Guildford NSW,K.K - Guildford NSW,23/12/2025 12.49.38 AM AEDT,AU $ 809,1,1,False
2026-01-09T03:28:33.872729,https://www.grays.com/lot/0001-10352014/motor-vehicles-motor-cycles/2014-nissan-pathfinder-st-l-r52-cvt-7-seats-wagon,2,M.z - Minchinbury NSW,M.z - Minchinbury NSW,07/01/2026 7.33.43 PM AEDT,AU $ 809,1,0,False
2026-01-09T03:28:33.872729,https://www.grays.com/lot/0001-10352014/motor-vehicles-motor-cycles/2014-nissan-pathfinder-st-l-r52-cvt-7-seats-wagon,3,F.C - Noarlunga Downs SA,F.C - Noarlunga Downs SA,04/01/2026 2.01.20 AM AEDT,AU $ 609,1,0,False
2026-01-09T03:28:33.872729,https://www.grays.com/lot/0001-10352014/motor-vehicles-motor-cycles/2014-nissan-pathfinder-st-l-r52-cvt-7-seats-wagon,4,K.B - Upper Caboolture QLD,K.B - Upper Caboolture QLD,30/12/2025 8.05.31 AM AEDT,AU $ 509,1,0,False
2026-01-09T03:28:33.872729,https://www.grays.com/lot/0001-10352014/motor-vehicles-motor-cycles/2014-nissan-pathfinder-st-l-r52-cvt-7-seats-wagon,5,A.M - HILLSDALE NSW,A.M - HILLSDALE NSW,24/12/2025 9.10.44 PM AEDT,AU $ 409,1,0,False
2026-01-09T03:28:33.872729,https://www.grays.com/lot/0001-10352014/motor-vehicles-motor-cycles/2014-nissan-pathfinder-st-l-r52-cvt-7-seats-wagon,6,K.M - pendle hill NSW,K.M - pendle hill NSW,22/12/2025 12.18.25 AM AEDT,AU $ 209,1,0,False
2026-01-09T03:28:33.872729,https://www.grays.com/lot/0001-10352014/motor-vehicles-motor-cycles/2014-nissan-pathfinder-st-l-r52-cvt-7-seats-wagon,7,C.B - Ambarvale NSW,C.B - Ambarvale NSW,21/12/2025 10.30.39 PM AEDT,AU $ 109,1,0,False
2026-01-09T03:28:33.872729,https://www.grays.com/lot/0001-10352014/motor-vehicles-motor-cycles/2014-nissan-pathfinder-st-l-r52-cvt-7-seats-wagon,8,S.Y - Chipping Norton NSW,S.Y - Chipping Norton NSW,21/12/2025 10.16.48 PM AEDT,AU $ 9,1,0,False
2026-01-09T03:29:29.600287,https://www.grays.com/lot/0001-10352029/motor-vehicles-motor-cycles/2020-great-wall-steed-4x2-manual-dual-cab,1,M.Q - Amaroo ACT,M.Q - Amaroo ACT,07/01/2026 9.12.46 PM AEDT,"AU $ 4,309",1,1,True
2026-01-09T03:29:29.600287,https://www.grays.com/lot/0001-10352029/motor-vehicles-motor-cycles/2020-great-wall-steed-4x2-manual-dual-cab,2,K.A - blair athol NSW,K.A - blair athol NSW,07/01/2026 9.12.03 PM AEDT,"AU $ 4,209",1,0,True
2026-01-09T03:29:29.600287,https://www.grays.com/lot/0001-10352029/motor-vehicles-motor-cycles/2020-great-wall-steed-4x2-manual-dual-cab,3,P.C - Rosehill NSW,P.C - Rosehill NSW,07/01/2026 8.52.17 PM AEDT,"AU $ 3,909",1,0,True
2026-01-09T03:29:29.600287,https://www.grays.com/lot/0001-10352029/motor-vehicles-motor-cycles/2020-great-wall-steed-4x2-manual-dual-cab,4,S.S - Wakeley NSW,S.S - Wakeley NSW,07/01/2026 8.34.49 PM AEDT,"AU $ 3,609",1,0,True
2026-01-09T03:29:29.600287,https://www.grays.com/lot/0001-10352029/motor-vehicles-motor-cycles/2020-great-wall-steed-4x2-manual-dual-cab,5,A.K - Campsie NSW,A.K - Campsie NSW,07/01/2026 8.24.03 PM AEDT,"AU $ 3,409",1,0,True
2026-01-09T03:29:29.600287,https://www.grays.com/lot/0001-10352029/motor-vehicles-motor-cycles/2020-great-wall-steed-4x2-manual-dual-cab,6,a.f - Breakfast Point NSW,a.f - Breakfast Point NSW,07/01/2026 7.25.38 PM AEDT,"AU $ 3,000",1,0,True
2026-01-09T03:29:29.600287,https://www.grays.com/lot/0001-10352029/motor-vehicles-motor-cycles/2020-great-wall-steed-4x2-manual-dual-cab,7,R.G - Wheelers Hill VIC,R.G - Wheelers Hill VIC,07/01/2026 7.35.33 PM AEDT,"AU $ 2,709",1,0,True
2026-01-09T03:29:29.600287,https://www.grays.com/lot/0001-10352029/motor-vehicles-motor-cycles/2020-great-wall-steed-4x2-manual-dual-cab,8,N.K - CONISTON NSW,N.K - CONISTON NSW,07/01/2026 6.28.10 PM AEDT,"AU $ 1,909",1,0,True
2026-01-09T03:29:29.600287,https://www.grays.com/lot/0001-10352029/motor-vehicles-motor-cycles/2020-great-wall-steed-4x2-manual-dual-cab,9,L.I - Schofields NSW,L.I - Schofields NSW,07/01/2026 6.19.38 PM AEDT,"AU $ 1,709",1,0,True
2026-01-09T03:29:29.600287,https://www.grays.com/lot/0001-10352029/motor-vehicles-motor-cycles/2020-great-wall-steed-4x2-manual-dual-cab,10,s.K - Baulkham hills NSW,s.K - Baulkham hills NSW,07/01/2026 1.45.27 PM AEDT,"AU $ 1,609",1,0,True
2026-01-09T03:29:29.600287,https://www.grays.com/lot/0001-10352029/motor-vehicles-motor-cycles/2020-great-wall-steed-4x2-manual-dual-cab,11,L.K - SANS SOUCI NSW,L.K - SANS SOUCI NSW,07/01/2026 12.09.54 PM AEDT,"AU $ 1,509",1,0,True
2026-01-09T03:29:29.600287,https://www.grays.com/lot/0001-10352029/motor-vehicles-motor-cycles/2020-great-wall-steed-4x2-manual-dual-cab,12,J.K - Sans Souci NSW,J.K - Sans Souci NSW,06/01/2026 5.31.37 PM AEDT,"AU $ 1,409",1,0,True
2026-01-09T03:29:29.600287,https://www.grays.com/lot/0001-10352029/motor-vehicles-motor-cycles/2020-great-wall-steed-4x2-manual-dual-cab,13,h.c - St Andrews NSW,h.c - St Andrews NSW,06/01/2026 12.50.07 PM AEDT,"AU $ 1,309",1,0,True
2026-01-09T03:29:29.600287,https://www.grays.com/lot/0001-10352029/motor-vehicles-motor-cycles/2020-great-wall-steed-4x2-manual-dual-cab,14,A.M - Yowie Bay NSW,A.M - Yowie Bay NSW,05/01/2026 8.15.44 PM AEDT,"AU $ 1,209",1,0,True
2026-01-09T03:29:29.600287,https://www.grays.com/lot/0001-10352029/motor-vehicles-motor-cycles/2020-great-wall-steed-4x2-manual-dual-cab,15,R.D - Castle Hill NSW,R.D - Castle Hill NSW,04/01/2026 10.47.05 PM AEDT,"AU $ 1,109",1,0,True
2026-01-09T03:29:29.600287,https://www.grays.com/lot/0001-10352029/motor-vehicles-motor-cycles/2020-great-wall-steed-4x2-manual-dual-cab,16,D.O - Kallangur QLD,D.O - Kallangur QLD,04/01/2026 12.16.31 AM AEDT,"AU $ 1,009",1,0,True
2026-01-09T03:29:29.600287,https://www.grays.com/lot/0001-10352029/motor-vehicles-motor-cycles/2020-great-wall-steed-4x2-manual-dual-cab,17,s.f - kirkwood QLD,s.f - kirkwood QLD,03/01/2026 5.13.41 PM AEDT,AU $ 909,1,0,True
2026-01-09T03:29:29.600287,https://www.grays.com/lot/0001-10352029/motor-vehicles-motor-cycles/2020-great-wall-steed-4x2-manual-dual-cab,18,G.J - Broadbeach QLD,G.J - Broadbeach QLD,02/01/2026 12.29.59 PM AEDT,AU $ 709,1,0,True
2026-01-09T03:29:29.600287,https://www.grays.com/lot/0001-10352029/motor-vehicles-motor-cycles/2020-great-wall-steed-4x2-manual-dual-cab,19,A.T - MUDGEERABA QLD,A.T - MUDGEERABA QLD,29/12/2025 12.50.50 PM AEDT,AU $ 609,1,0,True
2026-01-09T03:29:29.600287,https://www.grays.com/lot/0001-10352029/motor-vehicles-motor-cycles/2020-great-wall-steed-4x2-manual-dual-cab,20,M.M - Ashfield NSW,M.M - Ashfield NSW,27/12/2025 11.22.33 PM AEDT,AU $ 509,1,0,True
2026-01-09T03:29:29.600287,https://www.grays.com/lot/0001-10352029/motor-vehicles-motor-cycles/2020-great-wall-steed-4x2-manual-dual-cab,21,B.M - North Haven SA,B.M - North Haven SA,26/12/2025 5.23.49 PM AEDT,AU $ 309,1,0,True
2026-01-09T03:29:29.600287,https://www.grays.com/lot/0001-10352029/motor-vehicles-motor-cycles/2020-great-wall-steed-4x2-manual-dual-cab,22,H.K - ROZELLE NSW,H.K - ROZELLE NSW,24/12/2025 1.42.59 PM AEDT,AU $ 109,1,0,True
2026-01-09T03:29:29.600287,https://www.grays.com/lot/0001-10352029/motor-vehicles-motor-cycles/2020-great-wall-steed-4x2-manual-dual-cab,23,M.M - Port Douglas QLD,M.M - Port Douglas QLD,24/12/2025 12.09.39 PM AEDT,AU $ 9,1,0,True
2026-01-09T03:30:54.359977,https://www.grays.com/lot/0001-10351961/motor-vehicles-motor-cycles/2021-toyota-kluger-4x2-gx-gsu70r-automatic-8-speed-7-seats-wagon,1,N.C - Brighton Le sands NSW,N.C - Brighton Le sands NSW,07/01/2026 7.50.19 PM AEDT,"AU $ 30,009",1,1,True
2026-01-09T03:30:54.359977,https://www.grays.com/lot/0001-10351961/motor-vehicles-motor-cycles/2021-toyota-kluger-4x2-gx-gsu70r-automatic-8-speed-7-seats-wagon,2,E.N - Corio VIC,E.N - Corio VIC,30/12/2025 7.27.19 PM AEDT,"AU $ 30,000",1,0,True
2026-01-09T03:30:54.359977,https://www.grays.com/lot/0001-10351961/motor-vehicles-motor-cycles/2021-toyota-kluger-4x2-gx-gsu70r-automatic-8-speed-7-seats-wagon,3,D.M - PORT MELBOURNE VIC,D.M - PORT MELBOURNE VIC,04/01/2026 5.12.06 PM AEDT,"AU $ 29,509",1,0,True
2026-01-09T03:30:54.359977,https://www.grays.com/lot/0001-10351961/motor-vehicles-motor-cycles/2021-toyota-kluger-4x2-gx-gsu70r-automatic-8-speed-7-seats-wagon,4,S.S - Wakeley NSW,S.S - Wakeley NSW,01/01/2026 7.56.46 PM AEDT,"AU $ 29,409",1,0,True
2026-01-09T03:30:54.359977,https://www.grays.com/lot/0001-10351961/motor-vehicles-motor-cycles/2021-toyota-kluger-4x2-gx-gsu70r-automatic-8-speed-7-seats-wagon,5,M.C - Castle hill NSW,M.C - Castle hill NSW,30/12/2025 7.56.42 PM AEDT,"AU $ 29,309",1,0,True
2026-01-09T03:30:54.359977,https://www.grays.com/lot/0001-10351961/motor-vehicles-motor-cycles/2021-toyota-kluger-4x2-gx-gsu70r-automatic-8-speed-7-seats-wagon,6,M.F - Wiley park NSW,M.F - Wiley park NSW,29/12/2025 9.35.48 PM AEDT,"AU $ 25,509",1,0,True
2026-01-09T03:30:54.359977,https://www.grays.com/lot/0001-10351961/motor-vehicles-motor-cycles/2021-toyota-kluger-4x2-gx-gsu70r-automatic-8-speed-7-seats-wagon,7,M.U - RAVENHALL VIC,M.U - RAVENHALL VIC,26/12/2025 10.18.41 PM AEDT,"AU $ 25,109",1,0,True
2026-01-09T03:30:54.359977,https://www.grays.com/lot/0001-10351961/motor-vehicles-motor-cycles/2021-toyota-kluger-4x2-gx-gsu70r-automatic-8-speed-7-seats-wagon,8,N.U - Davoren Park SA,N.U - Davoren Park SA,26/12/2025 3.06.02 AM AEDT,"AU $ 22,609",1,0,True
2026-01-09T03:30:54.359977,https://www.grays.com/lot/0001-10351961/motor-vehicles-motor-cycles/2021-toyota-kluger-4x2-gx-gsu70r-automatic-8-speed-7-seats-wagon,9,G.j - cannington WA,G.j - cannington WA,22/12/2025 10.54.01 PM AEDT,"AU $ 22,409",1,0,True
2026-01-09T03:30:54.359977,https://www.grays.com/lot/0001-10351961/motor-vehicles-motor-cycles/2021-toyota-kluger-4x2-gx-gsu70r-automatic-8-speed-7-seats-wagon,10,S.S - Greenfield park NSW,S.S - Greenfield park NSW,22/12/2025 10.41.28 PM AEDT,"AU $ 22,309",1,0,True
2026-01-09T03:30:54.359977,https://www.grays.com/lot/0001-10351961/motor-vehicles-motor-cycles/2021-toyota-kluger-4x2-gx-gsu70r-automatic-8-speed-7-seats-wagon,11,C.t - Liverpool NSW,C.t - Liverpool NSW,22/12/2025 7.21.39 AM AEDT,"AU $ 22,009",1,0,True
2026-01-09T03:30:54.359977,https://www.grays.com/lot/0001-10351961/motor-vehicles-motor-cycles/2021-toyota-kluger-4x2-gx-gsu70r-automatic-8-speed-7-seats-wagon,12,J.R - Rowville VIC,J.R - Rowville VIC,21/12/2025 8.08.38 PM AEDT,"AU $ 20,400",1,0,True
2026-01-09T03:30:54.359977,https://www.grays.com/lot/0001-10351961/motor-vehicles-motor-cycles/2021-toyota-kluger-4x2-gx-gsu70r-automatic-8-speed-7-seats-wagon,13,V.B - Cobbitty NSW,V.B - Cobbitty NSW,20/12/2025 9.02.10 PM AEDT,"AU $ 20,200",1,0,True
2026-01-09T03:30:54.359977,https://www.grays.com/lot/0001-10351961/motor-vehicles-motor-cycles/2021-toyota-kluger-4x2-gx-gsu70r-automatic-8-speed-7-seats-wagon,14,J.J - Blair Athol SA,J.J - Blair Athol SA,20/12/2025 2.36.24 PM AEDT,"AU $ 20,100",1,0,True
2026-01-09T03:30:54.359977,https://www.grays.com/lot/0001-10351961/motor-vehicles-motor-cycles/2021-toyota-kluger-4x2-gx-gsu70r-automatic-8-speed-7-seats-wagon,15,a.l - blaxcell NSW,a.l - blaxcell NSW,20/12/2025 11.39.31 AM AEDT,"AU $ 20,000",1,0,True
2026-01-09T03:30:54.359977,https://www.grays.com/lot/0001-10351961/motor-vehicles-motor-cycles/2021-toyota-kluger-4x2-gx-gsu70r-automatic-8-speed-7-seats-wagon,16,C.S - Roseville NSW,C.S - Roseville NSW,20/12/2025 10.01.53 AM AEDT,"AU $ 9,000",1,0,True
2026-01-09T03:30:54.359977,https://www.grays.com/lot/0001-10351961/motor-vehicles-motor-cycles/2021-toyota-kluger-4x2-gx-gsu70r-automatic-8-speed-7-seats-wagon,17,W.L - Parramatta NSW,W.L - Parramatta NSW,19/12/2025 7.37.13 PM AEDT,"AU $ 9,000",1,0,True
2026-01-09T03:30:54.359977,https://www.grays.com/lot/0001-10351961/motor-vehicles-motor-cycles/2021-toyota-kluger-4x2-gx-gsu70r-automatic-8-speed-7-seats-wagon,18,H.A - South Brisbane QLD,H.A - South Brisbane QLD,20/12/2025 12.01.11 AM AEDT,"AU $ 8,900",1,0,True
2026-01-09T03:30:54.359977,https://www.grays.com/lot/0001-10351961/motor-vehicles-motor-cycles/2021-toyota-kluger-4x2-gx-gsu70r-automatic-8-speed-7-seats-wagon,19,H.A - PARAFIELD GARDENS SA,H.A - PARAFIELD GARDENS SA,19/12/2025 11.27.48 PM AEDT,"AU $ 8,800",1,0,True
2026-01-09T03:30:54.359977,https://www.grays.com/lot/0001-10351961/motor-vehicles-motor-cycles/2021-toyota-kluger-4x2-gx-gsu70r-automatic-8-speed-7-seats-wagon,20,P.P - St marys NSW,P.P - St marys NSW,19/12/2025 10.35.28 PM AEDT,"AU $ 8,600",1,0,True
2026-01-09T03:30:54.359977,https://www.grays.com/lot/0001-10351961/motor-vehicles-motor-cycles/2021-toyota-kluger-4x2-gx-gsu70r-automatic-8-speed-7-seats-wagon,21,R.S - Marsden Park NSW,R.S - Marsden Park NSW,19/12/2025 10.32.51 PM AEDT,"AU $ 8,300",1,0,True
2026-01-09T03:30:54.359977,https://www.grays.com/lot/0001-10351961/motor-vehicles-motor-cycles/2021-toyota-kluger-4x2-gx-gsu70r-automatic-8-speed-7-seats-wagon,22,M.R - Liverpool NSW,M.R - Liverpool NSW,19/12/2025 9.09.02 PM AEDT,"AU $ 8,200",1,0,True
2026-01-09T03:30:54.359977,https://www.grays.com/lot/0001-10351961/motor-vehicles-motor-cycles/2021-toyota-kluger-4x2-gx-gsu70r-automatic-8-speed-7-seats-wagon,23,K.N - MORPHETT VALE SA,K.N - MORPHETT VALE SA,19/12/2025 2.41.11 PM AEDT,"AU $ 3,800",1,0,True
2026-01-09T03:30:54.359977,https://www.grays.com/lot/0001-10351961/motor-vehicles-motor-cycles/2021-toyota-kluger-4x2-gx-gsu70r-automatic-8-speed-7-seats-wagon,24,G.P - Dandenong VIC,G.P - Dandenong VIC,19/12/2025 12.03.36 PM AEDT,"AU $ 3,500",1,0,True
2026-01-09T03:30:54.359977,https://www.grays.com/lot/0001-10351961/motor-vehicles-motor-cycles/2021-toyota-kluger-4x2-gx-gsu70r-automatic-8-speed-7-seats-wagon,25,s.f - kirkwood QLD,s.f - kirkwood QLD,19/12/2025 8.59.49 AM AEDT,"AU $ 3,333",1,0,True
2026-01-09T03:30:54.359977,https://www.grays.com/lot/0001-10351961/motor-vehicles-motor-cycles/2021-toyota-kluger-4x2-gx-gsu70r-automatic-8-speed-7-seats-wagon,26,T.M - Smithfield QLD,T.M - Smithfield QLD,19/12/2025 2.51.20 AM AEDT,"AU $ 1,000",1,0,True
2026-01-09T03:30:54.359977,https://www.grays.com/lot/0001-10351961/motor-vehicles-motor-cycles/2021-toyota-kluger-4x2-gx-gsu70r-automatic-8-speed-7-seats-wagon,27,T.H - Macquarie Fields NSW,T.H - Macquarie Fields NSW,18/12/2025 9.56.25 PM AEDT,AU $ 509,1,0,True
2026-01-09T03:30:54.359977,https://www.grays.com/lot/0001-10351961/motor-vehicles-motor-cycles/2021-toyota-kluger-4x2-gx-gsu70r-automatic-8-speed-7-seats-wagon,28,R.M - Voyager point NSW,R.M - Voyager point NSW,18/12/2025 5.50.50 PM AEDT,AU $ 309,1,0,True
2026-01-09T03:30:54.359977,https://www.grays.com/lot/0001-10351961/motor-vehicles-motor-cycles/2021-toyota-kluger-4x2-gx-gsu70r-automatic-8-speed-7-seats-wagon,29,W.A - Hoppers Crossing VIC,W.A - Hoppers Crossing VIC,18/12/2025 5.47.52 PM AEDT,AU $ 209,1,0,True
2026-01-09T03:30:54.359977,https://www.grays.com/lot/0001-10351961/motor-vehicles-motor-cycles/2021-toyota-kluger-4x2-gx-gsu70r-automatic-8-speed-7-seats-wagon,30,M.B - Revesby NSW,M.B - Revesby NSW,18/12/2025 5.06.13 PM AEDT,AU $ 9,1,0,True
2026-01-09T03:32:42.859887,https://www.grays.com/lot/0001-10352028/motor-vehicles-motor-cycles/2013-jeep-grand-cherokee-limited-wk-turbo-diesel-automatic-8-speed-wagon,1,W.S - Box Hill NSW,W.S - Box Hill NSW,07/01/2026 8.39.22 PM AEDT,"AU $ 3,109",1,1,True
2026-01-09T03:32:42.859887,https://www.grays.com/lot/0001-10352028/motor-vehicles-motor-cycles/2013-jeep-grand-cherokee-limited-wk-turbo-diesel-automatic-8-speed-wagon,2,A.M - ROSEHILL NSW,A.M - ROSEHILL NSW,07/01/2026 8.49.10 PM AEDT,"AU $ 3,109",1,0,True
2026-01-09T03:32:42.859887,https://www.grays.com/lot/0001-10352028/motor-vehicles-motor-cycles/2013-jeep-grand-cherokee-limited-wk-turbo-diesel-automatic-8-speed-wagon,3,C.R - CARDIFF NSW,C.R - CARDIFF NSW,07/01/2026 8.21.59 PM AEDT,"AU $ 2,809",1,0,True
2026-01-09T03:32:42.859887,https://www.grays.com/lot/0001-10352028/motor-vehicles-motor-cycles/2013-jeep-grand-cherokee-limited-wk-turbo-diesel-automatic-8-speed-wagon,4,T.T - Moorebank NSW,T.T - Moorebank NSW,07/01/2026 8.16.25 PM AEDT,"AU $ 2,509",1,0,True
2026-01-09T03:32:42.859887,https://www.grays.com/lot/0001-10352028/motor-vehicles-motor-cycles/2013-jeep-grand-cherokee-limited-wk-turbo-diesel-automatic-8-speed-wagon,5,A.F - Merrylands NSW,A.F - Merrylands NSW,06/01/2026 8.44.55 PM AEDT,"AU $ 1,809",1,0,True
2026-01-09T03:32:42.859887,https://www.grays.com/lot/0001-10352028/motor-vehicles-motor-cycles/2013-jeep-grand-cherokee-limited-wk-turbo-diesel-automatic-8-speed-wagon,6,K.R - Waterford QLD,K.R - Waterford QLD,03/01/2026 4.30.35 AM AEDT,"AU $ 1,709",1,0,True
2026-01-09T03:32:42.859887,https://www.grays.com/lot/0001-10352028/motor-vehicles-motor-cycles/2013-jeep-grand-cherokee-limited-wk-turbo-diesel-automatic-8-speed-wagon,7,T.C - PIALBA QLD,T.C - PIALBA QLD,02/01/2026 2.42.15 PM AEDT,"AU $ 1,609",1,0,True
2026-01-09T03:32:42.859887,https://www.grays.com/lot/0001-10352028/motor-vehicles-motor-cycles/2013-jeep-grand-cherokee-limited-wk-turbo-diesel-automatic-8-speed-wagon,8,M.H - Craigieburn VIC,M.H - Craigieburn VIC,01/01/2026 11.59.11 AM AEDT,"AU $ 1,509",1,0,True
2026-01-09T03:32:42.859887,https://www.grays.com/lot/0001-10352028/motor-vehicles-motor-cycles/2013-jeep-grand-cherokee-limited-wk-turbo-diesel-automatic-8-speed-wagon,9,M.M - Ashfield NSW,M.M - Ashfield NSW,27/12/2025 11.25.54 PM AEDT,"AU $ 1,409",1,0,True
2026-01-09T03:32:42.859887,https://www.grays.com/lot/0001-10352028/motor-vehicles-motor-cycles/2013-jeep-grand-cherokee-limited-wk-turbo-diesel-automatic-8-speed-wagon,10,G.B - South Brisbane QLD,G.B - South Brisbane QLD,26/12/2025 7.13.11 PM AEDT,"AU $ 1,309",1,0,True
2026-01-09T03:32:42.859887,https://www.grays.com/lot/0001-10352028/motor-vehicles-motor-cycles/2013-jeep-grand-cherokee-limited-wk-turbo-diesel-automatic-8-speed-wagon,11,n.a - Katoomba NSW,n.a - Katoomba NSW,24/12/2025 9.05.24 PM AEDT,"AU $ 1,300",1,0,True
2026-01-09T03:32:42.859887,https://www.grays.com/lot/0001-10352028/motor-vehicles-motor-cycles/2013-jeep-grand-cherokee-limited-wk-turbo-diesel-automatic-8-speed-wagon,12,W.T - Mystic Park VIC,W.T - Mystic Park VIC,23/12/2025 2.17.16 PM AEDT,AU $ 9,1,0,True
2026-01-09T03:32:49.377215,https://www.grays.com/lot/0001-10352029/motor-vehicles-motor-cycles/2020-great-wall-steed-4x2-manual-dual-cab,1,M.Q - Amaroo ACT,M.Q - Amaroo ACT,07/01/2026 9.12.46 PM AEDT,"AU $ 4,309",1,1,True
2026-01-09T03:32:49.377215,https://www.grays.com/lot/0001-10352029/motor-vehicles-motor-cycles/2020-great-wall-steed-4x2-manual-dual-cab,2,K.A - blair athol NSW,K.A - blair athol NSW,07/01/2026 9.12.03 PM AEDT,"AU $ 4,209",1,0,True
2026-01-09T03:32:49.377215,https://www.grays.com/lot/0001-10352029/motor-vehicles-motor-cycles/2020-great-wall-steed-4x2-manual-dual-cab,3,P.C - Rosehill NSW,P.C - Rosehill NSW,07/01/2026 8.52.17 PM AEDT,"AU $ 3,909",1,0,True
2026-01-09T03:32:49.377215,https://www.grays.com/lot/0001-10352029/motor-vehicles-motor-cycles/2020-great-wall-steed-4x2-manual-dual-cab,4,S.S - Wakeley NSW,S.S - Wakeley NSW,07/01/2026 8.34.49 PM AEDT,"AU $ 3,609",1,0,True
2026-01-09T03:32:49.377215,https://www.grays.com/lot/0001-10352029/motor-vehicles-motor-cycles/2020-great-wall-steed-4x2-manual-dual-cab,5,A.K - Campsie NSW,A.K - Campsie NSW,07/01/2026 8.24.03 PM AEDT,"AU $ 3,409",1,0,True
2026-01-09T03:32:49.377215,https://www.grays.com/lot/0001-10352029/motor-vehicles-motor-cycles/2020-great-wall-steed-4x2-manual-dual-cab,6,a.f - Breakfast Point NSW,a.f - Breakfast Point NSW,07/01/2026 7.25.38 PM AEDT,"AU $ 3,000",1,0,True
2026-01-09T03:32:49.377215,https://www.grays.com/lot/0001-10352029/motor-vehicles-motor-cycles/2020-great-wall-steed-4x2-manual-dual-cab,7,R.G - Wheelers Hill VIC,R.G - Wheelers Hill VIC,07/01/2026 7.35.33 PM AEDT,"AU $ 2,709",1,0,True
2026-01-09T03:32:49.377215,https://www.grays.com/lot/0001-10352029/motor-vehicles-motor-cycles/2020-great-wall-steed-4x2-manual-dual-cab,8,N.K - CONISTON NSW,N.K - CONISTON NSW,07/01/2026 6.28.10 PM AEDT,"AU $ 1,909",1,0,True
2026-01-09T03:32:49.377215,https://www.grays.com/lot/0001-10352029/motor-vehicles-motor-cycles/2020-great-wall-steed-4x2-manual-dual-cab,9,L.I - Schofields NSW,L.I - Schofields NSW,07/01/2026 6.19.38 PM AEDT,"AU $ 1,709",1,0,True
2026-01-09T03:32:49.377215,https://www.grays.com/lot/0001-10352029/motor-vehicles-motor-cycles/2020-great-wall-steed-4x2-manual-dual-cab,10,s.K - Baulkham hills NSW,s.K - Baulkham hills NSW,07/01/2026 1.45.27 PM AEDT,"AU $ 1,609",1,0,True
2026-01-09T03:32:49.377215,https://www.grays.com/lot/0001-10352029/motor-vehicles-motor-cycles/2020-great-wall-steed-4x2-manual-dual-cab,11,L.K - SANS SOUCI NSW,L.K - SANS SOUCI NSW,07/01/2026 12.09.54 PM AEDT,"AU $ 1,509",1,0,True
2026-01-09T03:32:49.377215,https://www.grays.com/lot/0001-10352029/motor-vehicles-motor-cycles/2020-great-wall-steed-4x2-manual-dual-cab,12,J.K - Sans Souci NSW,J.K - Sans Souci NSW,06/01/2026 5.31.37 PM AEDT,"AU $ 1,409",1,0,True
2026-01-09T03:32:49.377215,https://www.grays.com/lot/0001-10352029/motor-vehicles-motor-cycles/2020-great-wall-steed-4x2-manual-dual-cab,13,h.c - St Andrews NSW,h.c - St Andrews NSW,06/01/2026 12.50.07 PM AEDT,"AU $ 1,309",1,0,True
2026-01-09T03:32:49.377215,https://www.grays.com/lot/0001-10352029/motor-vehicles-motor-cycles/2020-great-wall-steed-4x2-manual-dual-cab,14,A.M - Yowie Bay NSW,A.M - Yowie Bay NSW,05/01/2026 8.15.44 PM AEDT,"AU $ 1,209",1,0,True
2026-01-09T03:32:49.377215,https://www.grays.com/lot/0001-10352029/motor-vehicles-motor-cycles/2020-great-wall-steed-4x2-manual-dual-cab,15,R.D - Castle Hill NSW,R.D - Castle Hill NSW,04/01/2026 10.47.05 PM AEDT,"AU $ 1,109",1,0,True
2026-01-09T03:32:49.377215,https://www.grays.com/lot/0001-10352029/motor-vehicles-motor-cycles/2020-great-wall-steed-4x2-manual-dual-cab,16,D.O - Kallangur QLD,D.O - Kallangur QLD,04/01/2026 12.16.31 AM AEDT,"AU $ 1,009",1,0,True
2026-01-09T03:32:49.377215,https://www.grays.com/lot/0001-10352029/motor-vehicles-motor-cycles/2020-great-wall-steed-4x2-manual-dual-cab,17,s.f - kirkwood QLD,s.f - kirkwood QLD,03/01/2026 5.13.41 PM AEDT,AU $ 909,1,0,True
2026-01-09T03:32:49.377215,https://www.grays.com/lot/0001-10352029/motor-vehicles-motor-cycles/2020-great-wall-steed-4x2-manual-dual-cab,18,G.J - Broadbeach QLD,G.J - Broadbeach QLD,02/01/2026 12.29.59 PM AEDT,AU $ 709,1,0,True
2026-01-09T03:32:49.377215,https://www.grays.com/lot/0001-10352029/motor-vehicles-motor-cycles/2020-great-wall-steed-4x2-manual-dual-cab,19,A.T - MUDGEERABA QLD,A.T - MUDGEERABA QLD,29/12/2025 12.50.50 PM AEDT,AU $ 609,1,0,True
2026-01-09T03:32:49.377215,https://www.grays.com/lot/0001-10352029/motor-vehicles-motor-cycles/2020-great-wall-steed-4x2-manual-dual-cab,20,M.M - Ashfield NSW,M.M - Ashfield NSW,27/12/2025 11.22.33 PM AEDT,AU $ 509,1,0,True
2026-01-09T03:32:49.377215,https://www.grays.com/lot/0001-10352029/motor-vehicles-motor-cycles/2020-great-wall-steed-4x2-manual-dual-cab,21,B.M - North Haven SA,B.M - North Haven SA,26/12/2025 5.23.49 PM AEDT,AU $ 309,1,0,True
2026-01-09T03:32:49.377215,https://www.grays.com/lot/0001-10352029/motor-vehicles-motor-cycles/2020-great-wall-steed-4x2-manual-dual-cab,22,H.K - ROZELLE NSW,H.K - ROZELLE NSW,24/12/2025 1.42.59 PM AEDT,AU $ 109,1,0,True
2026-01-09T03:32:49.377215,https://www.grays.com/lot/0001-10352029/motor-vehicles-motor-cycles/2020-great-wall-steed-4x2-manual-dual-cab,23,M.M - Port Douglas QLD,M.M - Port Douglas QLD,24/12/2025 12.09.39 PM AEDT,AU $ 9,1,0,True
2026-01-09T03:32:58.785789,https://www.grays.com/lot/0001-10351961/motor-vehicles-motor-cycles/2021-toyota-kluger-4x2-gx-gsu70r-automatic-8-speed-7-seats-wagon,1,N.C - Brighton Le sands NSW,N.C - Brighton Le sands NSW,07/01/2026 7.50.19 PM AEDT,"AU $ 30,009",1,1,True
2026-01-09T03:32:58.785789,https://www.grays.com/lot/0001-10351961/motor-vehicles-motor-cycles/2021-toyota-kluger-4x2-gx-gsu70r-automatic-8-speed-7-seats-wagon,2,E.N - Corio VIC,E.N - Corio VIC,30/12/2025 7.27.19 PM AEDT,"AU $ 30,000",1,0,True
2026-01-09T03:32:58.785789,https://www.grays.com/lot/0001-10351961/motor-vehicles-motor-cycles/2021-toyota-kluger-4x2-gx-gsu70r-automatic-8-speed-7-seats-wagon,3,D.M - PORT MELBOURNE VIC,D.M - PORT MELBOURNE VIC,04/01/2026 5.12.06 PM AEDT,"AU $ 29,509",1,0,True
2026-01-09T03:32:58.785789,https://www.grays.com/lot/0001-10351961/motor-vehicles-motor-cycles/2021-toyota-kluger-4x2-gx-gsu70r-automatic-8-speed-7-seats-wagon,4,S.S - Wakeley NSW,S.S - Wakeley NSW,01/01/2026 7.56.46 PM AEDT,"AU $ 29,409",1,0,True
2026-01-09T03:32:58.785789,https://www.grays.com/lot/0001-10351961/motor-vehicles-motor-cycles/2021-toyota-kluger-4x2-gx-gsu70r-automatic-8-speed-7-seats-wagon,5,M.C - Castle hill NSW,M.C - Castle hill NSW,30/12/2025 7.56.42 PM AEDT,"AU $ 29,309",1,0,True
2026-01-09T03:32:58.785789,https://www.grays.com/lot/0001-10351961/motor-vehicles-motor-cycles/2021-toyota-kluger-4x2-gx-gsu70r-automatic-8-speed-7-seats-wagon,6,M.F - Wiley park NSW,M.F - Wiley park NSW,29/12/2025 9.35.48 PM AEDT,"AU $ 25,509",1,0,True
2026-01-09T03:32:58.785789,https://www.grays.com/lot/0001-10351961/motor-vehicles-motor-cycles/2021-toyota-kluger-4x2-gx-gsu70r-automatic-8-speed-7-seats-wagon,7,M.U - RAVENHALL VIC,M.U - RAVENHALL VIC,26/12/2025 10.18.41 PM AEDT,"AU $ 25,109",1,0,True
2026-01-09T03:32:58.785789,https://www.grays.com/lot/0001-10351961/motor-vehicles-motor-cycles/2021-toyota-kluger-4x2-gx-gsu70r-automatic-8-speed-7-seats-wagon,8,N.U - Davoren Park SA,N.U - Davoren Park SA,26/12/2025 3.06.02 AM AEDT,"AU $ 22,609",1,0,True
2026-01-09T03:32:58.785789,https://www.grays.com/lot/0001-10351961/motor-vehicles-motor-cycles/2021-toyota-kluger-4x2-gx-gsu70r-automatic-8-speed-7-seats-wagon,9,G.j - cannington WA,G.j - cannington WA,22/12/2025 10.54.01 PM AEDT,"AU $ 22,409",1,0,True
2026-01-09T03:32:58.785789,https://www.grays.com/lot/0001-10351961/motor-vehicles-motor-cycles/2021-toyota-kluger-4x2-gx-gsu70r-automatic-8-speed-7-seats-wagon,10,S.S - Greenfield park NSW,S.S - Greenfield park NSW,22/12/2025 10.41.28 PM AEDT,"AU $ 22,309",1,0,True
2026-01-09T03:32:58.785789,https://www.grays.com/lot/0001-10351961/motor-vehicles-motor-cycles/2021-toyota-kluger-4x2-gx-gsu70r-automatic-8-speed-7-seats-wagon,11,C.t - Liverpool NSW,C.t - Liverpool NSW,22/12/2025 7.21.39 AM AEDT,"AU $ 22,009",1,0,True
2026-01-09T03:32:58.785789,https://www.grays.com/lot/0001-10351961/motor-vehicles-motor-cycles/2021-toyota-kluger-4x2-gx-gsu70r-automatic-8-speed-7-seats-wagon,12,J.R - Rowville VIC,J.R - Rowville VIC,21/12/2025 8.08.38 PM AEDT,"AU $ 20,400",1,0,True
2026-01-09T03:32:58.785789,https://www.grays.com/lot/0001-10351961/motor-vehicles-motor-cycles/2021-toyota-kluger-4x2-gx-gsu70r-automatic-8-speed-7-seats-wagon,13,V.B - Cobbitty NSW,V.B - Cobbitty NSW,20/12/2025 9.02.10 PM AEDT,"AU $ 20,200",1,0,True
2026-01-09T03:32:58.785789,https://www.grays.com/lot/0001-10351961/motor-vehicles-motor-cycles/2021-toyota-kluger-4x2-gx-gsu70r-automatic-8-speed-7-seats-wagon,14,J.J - Blair Athol SA,J.J - Blair Athol SA,20/12/2025 2.36.24 PM AEDT,"AU $ 20,100",1,0,True
2026-01-09T03:32:58.785789,https://www.grays.com/lot/0001-10351961/motor-vehicles-motor-cycles/2021-toyota-kluger-4x2-gx-gsu70r-automatic-8-speed-7-seats-wagon,15,a.l - blaxcell NSW,a.l - blaxcell NSW,20/12/2025 11.39.31 AM AEDT,"AU $ 20,000",1,0,True
2026-01-09T03:32:58.785789,https://www.grays.com/lot/0001-10351961/motor-vehicles-motor-cycles/2021-toyota-kluger-4x2-gx-gsu70r-automatic-8-speed-7-seats-wagon,16,C.S - Roseville NSW,C.S - Roseville NSW,20/12/2025 10.01.53 AM AEDT,"AU $ 9,000",1,0,True
2026-01-09T03:32:58.785789,https://www.grays.com/lot/0001-10351961/motor-vehicles-motor-cycles/2021-toyota-kluger-4x2-gx-gsu70r-automatic-8-speed-7-seats-wagon,17,W.L - Parramatta NSW,W.L - Parramatta NSW,19/12/2025 7.37.13 PM AEDT,"AU $ 9,000",1,0,True
2026-01-09T03:32:58.785789,https://www.grays.com/lot/0001-10351961/motor-vehicles-motor-cycles/2021-toyota-kluger-4x2-gx-gsu70r-automatic-8-speed-7-seats-wagon,18,H.A - South Brisbane QLD,H.A - South Brisbane QLD,20/12/2025 12.01.11 AM AEDT,"AU $ 8,900",1,0,True
2026-01-09T03:32:58.785789,https://www.grays.com/lot/0001-10351961/motor-vehicles-motor-cycles/2021-toyota-kluger-4x2-gx-gsu70r-automatic-8-speed-7-seats-wagon,19,H.A - PARAFIELD GARDENS SA,H.A - PARAFIELD GARDENS SA,19/12/2025 11.27.48 PM AEDT,"AU $ 8,800",1,0,True
2026-01-09T03:32:58.785789,https://www.grays.com/lot/0001-10351961/motor-vehicles-motor-cycles/2021-toyota-kluger-4x2-gx-gsu70r-automatic-8-speed-7-seats-wagon,20,P.P - St marys NSW,P.P - St marys NSW,19/12/2025 10.35.28 PM AEDT,"AU $ 8,600",1,0,True
2026-01-09T03:32:58.785789,https://www.grays.com/lot/0001-10351961/motor-vehicles-motor-cycles/2021-toyota-kluger-4x2-gx-gsu70r-automatic-8-speed-7-seats-wagon,21,R.S - Marsden Park NSW,R.S - Marsden Park NSW,19/12/2025 10.32.51 PM AEDT,"AU $ 8,300",1,0,True
2026-01-09T03:32:58.785789,https://www.grays.com/lot/0001-10351961/motor-vehicles-motor-cycles/2021-toyota-kluger-4x2-gx-gsu70r-automatic-8-speed-7-seats-wagon,22,M.R - Liverpool NSW,M.R - Liverpool NSW,19/12/2025 9.09.02 PM AEDT,"AU $ 8,200",1,0,True
2026-01-09T03:32:58.785789,https://www.grays.com/lot/0001-10351961/motor-vehicles-motor-cycles/2021-toyota-kluger-4x2-gx-gsu70r-automatic-8-speed-7-seats-wagon,23,K.N - MORPHETT VALE SA,K.N - MORPHETT VALE SA,19/12/2025 2.41.11 PM AEDT,"AU $ 3,800",1,0,True
2026-01-09T03:32:58.785789,https://www.grays.com/lot/0001-10351961/motor-vehicles-motor-cycles/2021-toyota-kluger-4x2-gx-gsu70r-automatic-8-speed-7-seats-wagon,24,G.P - Dandenong VIC,G.P - Dandenong VIC,19/12/2025 12.03.36 PM AEDT,"AU $ 3,500",1,0,True
2026-01-09T03:32:58.785789,https://www.grays.com/lot/0001-10351961/motor-vehicles-motor-cycles/2021-toyota-kluger-4x2-gx-gsu70r-automatic-8-speed-7-seats-wagon,25,s.f - kirkwood QLD,s.f - kirkwood QLD,19/12/2025 8.59.49 AM AEDT,"AU $ 3,333",1,0,True
2026-01-09T03:32:58.785789,https://www.grays.com/lot/0001-10351961/motor-vehicles-motor-cycles/2021-toyota-kluger-4x2-gx-gsu70r-automatic-8-speed-7-seats-wagon,26,T.M - Smithfield QLD,T.M - Smithfield QLD,19/12/2025 2.51.20 AM AEDT,"AU $ 1,000",1,0,True
2026-01-09T03:32:58.785789,https://www.grays.com/lot/0001-10351961/motor-vehicles-motor-cycles/2021-toyota-kluger-4x2-gx-gsu70r-automatic-8-speed-7-seats-wagon,27,T.H - Macquarie Fields NSW,T.H - Macquarie Fields NSW,18/12/2025 9.56.25 PM AEDT,AU $ 509,1,0,True
2026-01-09T03:32:58.785789,https://www.grays.com/lot/0001-10351961/motor-vehicles-motor-cycles/2021-toyota-kluger-4x2-gx-gsu70r-automatic-8-speed-7-seats-wagon,28,R.M - Voyager point NSW,R.M - Voyager point NSW,18/12/2025 5.50.50 PM AEDT,AU $ 309,1,0,True
2026-01-09T03:32:58.785789,https://www.grays.com/lot/0001-10351961/motor-vehicles-motor-cycles/2021-toyota-kluger-4x2-gx-gsu70r-automatic-8-speed-7-seats-wagon,29,W.A - Hoppers Crossing VIC,W.A - Hoppers Crossing VIC,18/12/2025 5.47.52 PM AEDT,AU $ 209,1,0,True
2026-01-09T03:32:58.785789,https://www.grays.com/lot/0001-10351961/motor-vehicles-motor-cycles/2021-toyota-kluger-4x2-gx-gsu70r-automatic-8-speed-7-seats-wagon,30,M.B - Revesby NSW,M.B - Revesby NSW,18/12/2025 5.06.13 PM AEDT,AU $ 9,1,0,True
2026-01-09T03:33:03.257843,https://www.grays.com/lot/0001-10351962/motor-vehicles-motor-cycles/2021-toyota-camry-sl-hybrid-axvh70r-cvt-sedan,1,S.P - Glenorchy TAS,S.P - Glenorchy TAS,07/01/2026 7.52.03 PM AEDT,"AU $ 28,100",1,1,True
2026-01-09T03:33:03.257843,https://www.grays.com/lot/0001-10351962/motor-vehicles-motor-cycles/2021-toyota-camry-sl-hybrid-axvh70r-cvt-sedan,2,D.M - PORT MELBOURNE VIC,D.M - PORT MELBOURNE VIC,07/01/2026 7.05.31 PM AEDT,"AU $ 28,000",1,0,True
2026-01-09T03:33:03.257843,https://www.grays.com/lot/0001-10351962/motor-vehicles-motor-cycles/2021-toyota-camry-sl-hybrid-axvh70r-cvt-sedan,3,A.I - Penrith NSW,A.I - Penrith NSW,07/01/2026 7.09.06 PM AEDT,"AU $ 27,300",1,0,True
2026-01-09T03:33:03.257843,https://www.grays.com/lot/0001-10351962/motor-vehicles-motor-cycles/2021-toyota-camry-sl-hybrid-axvh70r-cvt-sedan,4,k.r - blacktown NSW,k.r - blacktown NSW,07/01/2026 5.09.29 PM AEDT,"AU $ 26,100",1,0,True
2026-01-09T03:33:03.257843,https://www.grays.com/lot/0001-10351962/motor-vehicles-motor-cycles/2021-toyota-camry-sl-hybrid-axvh70r-cvt-sedan,5,R.F - granville NSW,R.F - granville NSW,06/01/2026 3.46.02 PM AEDT,"AU $ 25,800",1,0,True
2026-01-09T03:33:03.257843,https://www.grays.com/lot/0001-10351962/motor-vehicles-motor-cycles/2021-toyota-camry-sl-hybrid-axvh70r-cvt-sedan,6,A.V - Tarneit VIC,A.V - Tarneit VIC,31/12/2025 9.29.55 PM AEDT,"AU $ 24,900",1,0,True
2026-01-09T03:33:03.257843,https://www.grays.com/lot/0001-10351962/motor-vehicles-motor-cycles/2021-toyota-camry-sl-hybrid-axvh70r-cvt-sedan,7,M.K - MANOR LAKES VIC,M.K - MANOR LAKES VIC,28/12/2025 4.08.03 AM AEDT,"AU $ 24,800",1,0,True
2026-01-09T03:33:03.257843,https://www.grays.com/lot/0001-10351962/motor-vehicles-motor-cycles/2021-toyota-camry-sl-hybrid-axvh70r-cvt-sedan,8,M.C - Castle hill NSW,M.C - Castle hill NSW,27/12/2025 11.18.32 AM AEDT,"AU $ 24,700",1,0,True
2026-01-09T03:33:03.257843,https://www.grays.com/lot/0001-10351962/motor-vehicles-motor-cycles/2021-toyota-camry-sl-hybrid-axvh70r-cvt-sedan,9,k.s - Merrylands NSW,k.s - Merrylands NSW,27/12/2025 12.33.48 AM AEDT,"AU $ 24,600",1,0,True
2026-01-09T03:33:03.257843,https://www.grays.com/lot/0001-10351962/motor-vehicles-motor-cycles/2021-toyota-camry-sl-hybrid-axvh70r-cvt-sedan,10,H.N - Clyde VIC,H.N - Clyde VIC,23/12/2025 5.29.56 PM AEDT,"AU $ 24,500",1,0,True
2026-01-09T03:33:03.257843,https://www.grays.com/lot/0001-10351962/motor-vehicles-motor-cycles/2021-toyota-camry-sl-hybrid-axvh70r-cvt-sedan,11,J.S - Reservoir VIC,J.S - Reservoir VIC,20/12/2025 3.13.35 PM AEDT,"AU $ 24,100",1,0,True
2026-01-09T03:33:03.257843,https://www.grays.com/lot/0001-10351962/motor-vehicles-motor-cycles/2021-toyota-camry-sl-hybrid-axvh70r-cvt-sedan,12,F.Y - Busby NSW,F.Y - Busby NSW,20/12/2025 2.43.14 PM AEDT,"AU $ 24,000",1,0,True
2026-01-09T03:33:03.257843,https://www.grays.com/lot/0001-10351962/motor-vehicles-motor-cycles/2021-toyota-camry-sl-hybrid-axvh70r-cvt-sedan,13,a.l - blaxcell NSW,a.l - blaxcell NSW,20/12/2025 11.40.21 AM AEDT,"AU $ 22,000",1,0,True
2026-01-09T03:33:03.257843,https://www.grays.com/lot/0001-10351962/motor-vehicles-motor-cycles/2021-toyota-camry-sl-hybrid-axvh70r-cvt-sedan,14,T.S - Gerogery NSW,T.S - Gerogery NSW,19/12/2025 4.27.44 PM AEDT,"AU $ 20,000",1,0,True
2026-01-09T03:33:03.257843,https://www.grays.com/lot/0001-10351962/motor-vehicles-motor-cycles/2021-toyota-camry-sl-hybrid-axvh70r-cvt-sedan,15,H.K - glenwood NSW,H.K - glenwood NSW,19/12/2025 8.46.52 PM AEDT,"AU $ 14,200",1,0,True
2026-01-09T03:33:03.257843,https://www.grays.com/lot/0001-10351962/motor-vehicles-motor-cycles/2021-toyota-camry-sl-hybrid-axvh70r-cvt-sedan,16,S.S - Wakeley NSW,S.S - Wakeley NSW,19/12/2025 6.17.01 AM AEDT,"AU $ 14,000",1,0,True
2026-01-09T03:33:03.257843,https://www.grays.com/lot/0001-10351962/motor-vehicles-motor-cycles/2021-toyota-camry-sl-hybrid-axvh70r-cvt-sedan,17,M.H - Ingleburn NSW,M.H - Ingleburn NSW,19/12/2025 1.26.46 PM AEDT,"AU $ 13,400",1,0,True
2026-01-09T03:33:03.257843,https://www.grays.com/lot/0001-10351962/motor-vehicles-motor-cycles/2021-toyota-camry-sl-hybrid-axvh70r-cvt-sedan,18,G.P - Dandenong VIC,G.P - Dandenong VIC,19/12/2025 12.02.55 PM AEDT,"AU $ 13,300",1,0,True
2026-01-09T03:33:03.257843,https://www.grays.com/lot/0001-10351962/motor-vehicles-motor-cycles/2021-toyota-camry-sl-hybrid-axvh70r-cvt-sedan,19,H.A - South Brisbane QLD,H.A - South Brisbane QLD,19/12/2025 12.57.27 AM AEDT,"AU $ 13,100",1,0,True
2026-01-09T03:33:03.257843,https://www.grays.com/lot/0001-10351962/motor-vehicles-motor-cycles/2021-toyota-camry-sl-hybrid-axvh70r-cvt-sedan,20,J.P - Hampton park VIC,J.P - Hampton park VIC,19/12/2025 12.49.22 AM AEDT,"AU $ 13,000",1,0,True
2026-01-09T03:33:03.257843,https://www.grays.com/lot/0001-10351962/motor-vehicles-motor-cycles/2021-toyota-camry-sl-hybrid-axvh70r-cvt-sedan,21,F.Y - Mickleham VIC,F.Y - Mickleham VIC,19/12/2025 12.03.47 AM AEDT,"AU $ 10,100",1,0,True
2026-01-09T03:33:03.257843,https://www.grays.com/lot/0001-10351962/motor-vehicles-motor-cycles/2021-toyota-camry-sl-hybrid-axvh70r-cvt-sedan,22,h.c - St Andrews NSW,h.c - St Andrews NSW,18/12/2025 11.41.57 PM AEDT,"AU $ 8,800",1,0,True
2026-01-09T03:33:03.257843,https://www.grays.com/lot/0001-10351962/motor-vehicles-motor-cycles/2021-toyota-camry-sl-hybrid-axvh70r-cvt-sedan,23,K.N - MORPHETT VALE SA,K.N - MORPHETT VALE SA,18/12/2025 10.49.57 PM AEDT,"AU $ 5,300",1,0,True
2026-01-09T03:33:03.257843,https://www.grays.com/lot/0001-10351962/motor-vehicles-motor-cycles/2021-toyota-camry-sl-hybrid-axvh70r-cvt-sedan,24,K.S - Ashfield NSW,K.S - Ashfield NSW,18/12/2025 10.43.39 PM AEDT,"AU $ 5,200",1,0,True
2026-01-09T03:33:03.257843,https://www.grays.com/lot/0001-10351962/motor-vehicles-motor-cycles/2021-toyota-camry-sl-hybrid-axvh70r-cvt-sedan,25,A.P - Mount Lewis NSW,A.P - Mount Lewis NSW,18/12/2025 10.20.14 PM AEDT,"AU $ 5,100",1,0,True
2026-01-09T03:33:03.257843,https://www.grays.com/lot/0001-10351962/motor-vehicles-motor-cycles/2021-toyota-camry-sl-hybrid-axvh70r-cvt-sedan,26,M.H - Chester Hill NSW,M.H - Chester Hill NSW,18/12/2025 9.16.08 PM AEDT,AU $ 809,1,0,True
2026-01-09T03:33:03.257843,https://www.grays.com/lot/0001-10351962/motor-vehicles-motor-cycles/2021-toyota-camry-sl-hybrid-axvh70r-cvt-sedan,27,R.S - Marsden Park NSW,R.S - Marsden Park NSW,18/12/2025 8.59.20 PM AEDT,AU $ 709,1,0,True
2026-01-09T03:33:03.257843,https://www.grays.com/lot/0001-10351962/motor-vehicles-motor-cycles/2021-toyota-camry-sl-hybrid-axvh70r-cvt-sedan,28,R.M - Voyager point NSW,R.M - Voyager point NSW,18/12/2025 5.39.21 PM AEDT,AU $ 609,1,0,True
2026-01-09T03:33:03.257843,https://www.grays.com/lot/0001-10351962/motor-vehicles-motor-cycles/2021-toyota-camry-sl-hybrid-axvh70r-cvt-sedan,29,M.B - Revesby NSW,M.B - Revesby NSW,18/12/2025 5.06.02 PM AEDT,AU $ 509,1,0,True
2026-01-09T03:33:03.257843,https://www.grays.com/lot/0001-10351962/motor-vehicles-motor-cycles/2021-toyota-camry-sl-hybrid-axvh70r-cvt-sedan,30,N.D - Kingsgrove NSW,N.D - Kingsgrove NSW,18/12/2025 4.34.53 PM AEDT,AU $ 500,1,0,True
2026-01-09T03:33:03.257843,https://www.grays.com/lot/0001-10351962/motor-vehicles-motor-cycles/2021-toyota-camry-sl-hybrid-axvh70r-cvt-sedan,31,l.b - LAKELANDS NSW,l.b - LAKELANDS NSW,18/12/2025 4.41.41 PM AEDT,AU $ 209,1,0,True
2026-01-09T03:33:03.257843,https://www.grays.com/lot/0001-10351962/motor-vehicles-motor-cycles/2021-toyota-camry-sl-hybrid-axvh70r-cvt-sedan,32,r.g - hassall grove NSW,r.g - hassall grove NSW,18/12/2025 4.19.48 PM AEDT,AU $ 9,1,0,True
2026-01-09T03:33:06.634884,https://www.grays.com/lot/0001-10351965/motor-vehicles-motor-cycles/2021-hyundai-tucson-fwd-nx4-automatic-wagon,1,R.S - Campbelltown SA,R.S - Campbelltown SA,07/01/2026 8.06.48 PM AEDT,"AU $ 17,600",1,1,True
2026-01-09T03:33:06.634884,https://www.grays.com/lot/0001-10351965/motor-vehicles-motor-cycles/2021-hyundai-tucson-fwd-nx4-automatic-wagon,2,s.r - auburn NSW,s.r - auburn NSW,07/01/2026 8.05.25 PM AEDT,"AU $ 17,500",1,0,True
2026-01-09T03:33:06.634884,https://www.grays.com/lot/0001-10351965/motor-vehicles-motor-cycles/2021-hyundai-tucson-fwd-nx4-automatic-wagon,3,A.B - WATTLE GROVE NSW,A.B - WATTLE GROVE NSW,07/01/2026 8.02.47 PM AEDT,"AU $ 17,200",1,0,True
2026-01-09T03:33:06.634884,https://www.grays.com/lot/0001-10351965/motor-vehicles-motor-cycles/2021-hyundai-tucson-fwd-nx4-automatic-wagon,4,D.M - PORT MELBOURNE VIC,D.M - PORT MELBOURNE VIC,07/01/2026 7.59.31 PM AEDT,"AU $ 16,500",1,0,True
2026-01-09T03:33:06.634884,https://www.grays.com/lot/0001-10351965/motor-vehicles-motor-cycles/2021-hyundai-tucson-fwd-nx4-automatic-wagon,5,M.J - Kellyville NSW,M.J - Kellyville NSW,06/01/2026 10.08.06 PM AEDT,"AU $ 15,500",1,0,True
2026-01-09T03:33:06.634884,https://www.grays.com/lot/0001-10351965/motor-vehicles-motor-cycles/2021-hyundai-tucson-fwd-nx4-automatic-wagon,6,S.G - Bankstown NSW,S.G - Bankstown NSW,05/01/2026 10.15.20 PM AEDT,"AU $ 15,400",1,0,True
2026-01-09T03:33:06.634884,https://www.grays.com/lot/0001-10351965/motor-vehicles-motor-cycles/2021-hyundai-tucson-fwd-nx4-automatic-wagon,7,H.J - East Launceston TAS,H.J - East Launceston TAS,02/01/2026 2.05.04 AM AEDT,"AU $ 15,000",1,0,True
2026-01-09T03:33:06.634884,https://www.grays.com/lot/0001-10351965/motor-vehicles-motor-cycles/2021-hyundai-tucson-fwd-nx4-automatic-wagon,8,M.F - Wiley park NSW,M.F - Wiley park NSW,29/12/2025 9.36.01 PM AEDT,"AU $ 12,700",1,0,True
2026-01-09T03:33:06.634884,https://www.grays.com/lot/0001-10351965/motor-vehicles-motor-cycles/2021-hyundai-tucson-fwd-nx4-automatic-wagon,9,G.P - ROXBURGH PARK VIC,G.P - ROXBURGH PARK VIC,29/12/2025 2.16.07 PM AEDT,"AU $ 12,600",1,0,True
2026-01-09T03:33:06.634884,https://www.grays.com/lot/0001-10351965/motor-vehicles-motor-cycles/2021-hyundai-tucson-fwd-nx4-automatic-wagon,10,K.E - Greenacre NSW,K.E - Greenacre NSW,29/12/2025 8.36.36 AM AEDT,"AU $ 12,500",1,0,True
2026-01-09T03:33:06.634884,https://www.grays.com/lot/0001-10351965/motor-vehicles-motor-cycles/2021-hyundai-tucson-fwd-nx4-automatic-wagon,11,K.E - Mickleham VIC,K.E - Mickleham VIC,23/12/2025 8.31.59 PM AEDT,"AU $ 12,000",1,0,True
2026-01-09T03:33:06.634884,https://www.grays.com/lot/0001-10351965/motor-vehicles-motor-cycles/2021-hyundai-tucson-fwd-nx4-automatic-wagon,12,S.P - Roselands NSW,S.P - Roselands NSW,26/12/2025 7.56.07 AM AEDT,"AU $ 9,000",1,0,True
2026-01-09T03:33:06.634884,https://www.grays.com/lot/0001-10351965/motor-vehicles-motor-cycles/2021-hyundai-tucson-fwd-nx4-automatic-wagon,13,j.p - HELENVALE QLD,j.p - HELENVALE QLD,25/12/2025 11.23.06 PM AEDT,"AU $ 8,900",1,0,True
2026-01-09T03:33:06.634884,https://www.grays.com/lot/0001-10351965/motor-vehicles-motor-cycles/2021-hyundai-tucson-fwd-nx4-automatic-wagon,14,M.H - KENMORE HILLS QLD,M.H - KENMORE HILLS QLD,24/12/2025 11.19.58 PM AEDT,"AU $ 8,700",1,0,True
2026-01-09T03:33:06.634884,https://www.grays.com/lot/0001-10351965/motor-vehicles-motor-cycles/2021-hyundai-tucson-fwd-nx4-automatic-wagon,15,M.H - Ingleburn NSW,M.H - Ingleburn NSW,24/12/2025 10.50.14 PM AEDT,"AU $ 8,600",1,0,True
2026-01-09T03:33:06.634884,https://www.grays.com/lot/0001-10351965/motor-vehicles-motor-cycles/2021-hyundai-tucson-fwd-nx4-automatic-wagon,16,P.O - Lismore NSW,P.O - Lismore NSW,24/12/2025 12.22.00 AM AEDT,"AU $ 8,400",1,0,True
2026-01-09T03:33:06.634884,https://www.grays.com/lot/0001-10351965/motor-vehicles-motor-cycles/2021-hyundai-tucson-fwd-nx4-automatic-wagon,17,A.K - Westmead NSW,A.K - Westmead NSW,23/12/2025 6.36.29 PM AEDT,"AU $ 7,000",1,0,True
2026-01-09T03:33:06.634884,https://www.grays.com/lot/0001-10351965/motor-vehicles-motor-cycles/2021-hyundai-tucson-fwd-nx4-automatic-wagon,18,A.H - Robina QLD,A.H - Robina QLD,23/12/2025 5.52.15 PM AEDT,"AU $ 5,800",1,0,True
2026-01-09T03:33:06.634884,https://www.grays.com/lot/0001-10351965/motor-vehicles-motor-cycles/2021-hyundai-tucson-fwd-nx4-automatic-wagon,19,K.E - Fairfield east NSW,K.E - Fairfield east NSW,23/12/2025 6.51.11 AM AEDT,"AU $ 5,600",1,0,True
2026-01-09T03:33:06.634884,https://www.grays.com/lot/0001-10351965/motor-vehicles-motor-cycles/2021-hyundai-tucson-fwd-nx4-automatic-wagon,20,M.A - Liverpool NSW,M.A - Liverpool NSW,22/12/2025 9.57.42 PM AEDT,"AU $ 5,500",1,0,True
2026-01-09T03:33:06.634884,https://www.grays.com/lot/0001-10351965/motor-vehicles-motor-cycles/2021-hyundai-tucson-fwd-nx4-automatic-wagon,21,D.k - mickleham VIC,D.k - mickleham VIC,21/12/2025 10.28.24 PM AEDT,"AU $ 5,000",1,0,True
2026-01-09T03:33:06.634884,https://www.grays.com/lot/0001-10351965/motor-vehicles-motor-cycles/2021-hyundai-tucson-fwd-nx4-automatic-wagon,22,M.C - Castle hill NSW,M.C - Castle hill NSW,22/12/2025 8.20.18 PM AEDT,"AU $ 4,009",1,0,True
2026-01-09T03:33:06.634884,https://www.grays.com/lot/0001-10351965/motor-vehicles-motor-cycles/2021-hyundai-tucson-fwd-nx4-automatic-wagon,23,f.h - Mickleham VIC,f.h - Mickleham VIC,22/12/2025 8.17.12 PM AEDT,"AU $ 3,409",1,0,True
2026-01-09T03:33:06.634884,https://www.grays.com/lot/0001-10351965/motor-vehicles-motor-cycles/2021-hyundai-tucson-fwd-nx4-automatic-wagon,24,M.I - Liverpool NSW,M.I - Liverpool NSW,22/12/2025 3.31.31 PM AEDT,"AU $ 3,309",1,0,True
2026-01-09T03:33:06.634884,https://www.grays.com/lot/0001-10351965/motor-vehicles-motor-cycles/2021-hyundai-tucson-fwd-nx4-automatic-wagon,25,T.S - Blacktown NSW,T.S - Blacktown NSW,22/12/2025 8.30.35 AM AEDT,"AU $ 3,209",1,0,True
2026-01-09T03:33:06.634884,https://www.grays.com/lot/0001-10351965/motor-vehicles-motor-cycles/2021-hyundai-tucson-fwd-nx4-automatic-wagon,26,K.M - pendle hill NSW,K.M - pendle hill NSW,22/12/2025 12.17.16 AM AEDT,"AU $ 2,009",1,0,True
2026-01-09T03:33:06.634884,https://www.grays.com/lot/0001-10351965/motor-vehicles-motor-cycles/2021-hyundai-tucson-fwd-nx4-automatic-wagon,27,J.S - SCONE NSW,J.S - SCONE NSW,20/12/2025 10.50.18 PM AEDT,"AU $ 1,409",1,0,True
2026-01-09T03:33:06.634884,https://www.grays.com/lot/0001-10351965/motor-vehicles-motor-cycles/2021-hyundai-tucson-fwd-nx4-automatic-wagon,28,O.S - Melton VIC,O.S - Melton VIC,20/12/2025 11.03.01 PM AEDT,"AU $ 1,209",1,0,True
2026-01-09T03:33:06.634884,https://www.grays.com/lot/0001-10351965/motor-vehicles-motor-cycles/2021-hyundai-tucson-fwd-nx4-automatic-wagon,29,A.A - Bankstown NSW,A.A - Bankstown NSW,20/12/2025 10.47.40 PM AEDT,"AU $ 1,009",1,0,True
2026-01-09T03:33:06.634884,https://www.grays.com/lot/0001-10351965/motor-vehicles-motor-cycles/2021-hyundai-tucson-fwd-nx4-automatic-wagon,30,G.S - Tarneit VIC,G.S - Tarneit VIC,20/12/2025 5.48.22 PM AEDT,AU $ 809,1,0,True
2026-01-09T03:33:06.634884,https://www.grays.com/lot/0001-10351965/motor-vehicles-motor-cycles/2021-hyundai-tucson-fwd-nx4-automatic-wagon,31,P.S - Hartley NSW,P.S - Hartley NSW,20/12/2025 1.21.48 PM AEDT,AU $ 409,1,0,True
2026-01-09T03:33:06.634884,https://www.grays.com/lot/0001-10351965/motor-vehicles-motor-cycles/2021-hyundai-tucson-fwd-nx4-automatic-wagon,32,R.S - Marsden Park NSW,R.S - Marsden Park NSW,19/12/2025 10.33.30 PM AEDT,AU $ 209,1,0,True
2026-01-09T03:33:13.984154,https://www.grays.com/lot/0001-10351966/motor-vehicles-motor-cycles/2021-hyundai-tucson-fwd-nx4-automatic-wagon,1,s.r - auburn NSW,s.r - auburn NSW,07/01/2026 8.05.57 PM AEDT,"AU $ 16,700",1,1,True
2026-01-09T03:33:13.984154,https://www.grays.com/lot/0001-10351966/motor-vehicles-motor-cycles/2021-hyundai-tucson-fwd-nx4-automatic-wagon,2,T.D - Carlingford NSW,T.D - Carlingford NSW,07/01/2026 8.06.55 PM AEDT,"AU $ 16,700",1,0,True
2026-01-09T03:33:13.984154,https://www.grays.com/lot/0001-10351966/motor-vehicles-motor-cycles/2021-hyundai-tucson-fwd-nx4-automatic-wagon,3,A.b - Seven hills NSW,A.b - Seven hills NSW,07/01/2026 8.05.46 PM AEDT,"AU $ 16,500",1,0,True
2026-01-09T03:33:13.984154,https://www.grays.com/lot/0001-10351966/motor-vehicles-motor-cycles/2021-hyundai-tucson-fwd-nx4-automatic-wagon,4,D.M - PORT MELBOURNE VIC,D.M - PORT MELBOURNE VIC,07/01/2026 7.59.45 PM AEDT,"AU $ 16,000",1,0,True
2026-01-09T03:33:13.984154,https://www.grays.com/lot/0001-10351966/motor-vehicles-motor-cycles/2021-hyundai-tucson-fwd-nx4-automatic-wagon,5,c.m - sandgate NSW,c.m - sandgate NSW,07/01/2026 6.04.16 PM AEDT,"AU $ 13,300",1,0,True
2026-01-09T03:33:13.984154,https://www.grays.com/lot/0001-10351966/motor-vehicles-motor-cycles/2021-hyundai-tucson-fwd-nx4-automatic-wagon,6,M.J - Kellyville NSW,M.J - Kellyville NSW,06/01/2026 10.08.32 PM AEDT,"AU $ 13,200",1,0,True
2026-01-09T03:33:13.984154,https://www.grays.com/lot/0001-10351966/motor-vehicles-motor-cycles/2021-hyundai-tucson-fwd-nx4-automatic-wagon,7,A.K - ROSEHILL NSW,A.K - ROSEHILL NSW,02/01/2026 10.13.36 PM AEDT,"AU $ 12,800",1,0,True
2026-01-09T03:33:13.984154,https://www.grays.com/lot/0001-10351966/motor-vehicles-motor-cycles/2021-hyundai-tucson-fwd-nx4-automatic-wagon,8,B.A - Sefton NSW,B.A - Sefton NSW,02/01/2026 11.42.57 AM AEDT,"AU $ 12,750",1,0,True
2026-01-09T03:33:13.984154,https://www.grays.com/lot/0001-10351966/motor-vehicles-motor-cycles/2021-hyundai-tucson-fwd-nx4-automatic-wagon,9,m.b - Burraneer NSW,m.b - Burraneer NSW,02/01/2026 10.28.12 AM AEDT,"AU $ 12,200",1,0,True
2026-01-09T03:33:13.984154,https://www.grays.com/lot/0001-10351966/motor-vehicles-motor-cycles/2021-hyundai-tucson-fwd-nx4-automatic-wagon,10,A.B - WATTLE GROVE NSW,A.B - WATTLE GROVE NSW,31/12/2025 10.16.58 PM AEDT,"AU $ 12,100",1,0,True
2026-01-09T03:33:13.984154,https://www.grays.com/lot/0001-10351966/motor-vehicles-motor-cycles/2021-hyundai-tucson-fwd-nx4-automatic-wagon,11,j.m - Sippy Downs QLD,j.m - Sippy Downs QLD,30/12/2025 3.00.14 PM AEDT,"AU $ 12,000",1,0,True
2026-01-09T03:33:13.984154,https://www.grays.com/lot/0001-10351966/motor-vehicles-motor-cycles/2021-hyundai-tucson-fwd-nx4-automatic-wagon,12,a.l - blaxcell NSW,a.l - blaxcell NSW,20/12/2025 11.39.55 AM AEDT,"AU $ 10,000",1,0,True
2026-01-09T03:33:13.984154,https://www.grays.com/lot/0001-10351966/motor-vehicles-motor-cycles/2021-hyundai-tucson-fwd-nx4-automatic-wagon,13,C.K - Greenacre NSW,C.K - Greenacre NSW,30/12/2025 10.15.00 AM AEDT,"AU $ 9,000",1,0,True
2026-01-09T03:33:13.984154,https://www.grays.com/lot/0001-10351966/motor-vehicles-motor-cycles/2021-hyundai-tucson-fwd-nx4-automatic-wagon,14,S.P - Roselands NSW,S.P - Roselands NSW,26/12/2025 7.56.23 AM AEDT,"AU $ 8,600",1,0,True
2026-01-09T03:33:13.984154,https://www.grays.com/lot/0001-10351966/motor-vehicles-motor-cycles/2021-hyundai-tucson-fwd-nx4-automatic-wagon,15,j.p - HELENVALE QLD,j.p - HELENVALE QLD,25/12/2025 11.23.40 PM AEDT,"AU $ 8,500",1,0,True
2026-01-09T03:33:13.984154,https://www.grays.com/lot/0001-10351966/motor-vehicles-motor-cycles/2021-hyundai-tucson-fwd-nx4-automatic-wagon,16,A.M - HILLSDALE NSW,A.M - HILLSDALE NSW,24/12/2025 9.07.17 PM AEDT,"AU $ 8,400",1,0,True
2026-01-09T03:33:13.984154,https://www.grays.com/lot/0001-10351966/motor-vehicles-motor-cycles/2021-hyundai-tucson-fwd-nx4-automatic-wagon,17,-.A - point cook VIC,-.A - point cook VIC,23/12/2025 3.40.45 AM AEDT,"AU $ 8,300",1,0,True
2026-01-09T03:33:13.984154,https://www.grays.com/lot/0001-10351966/motor-vehicles-motor-cycles/2021-hyundai-tucson-fwd-nx4-automatic-wagon,18,M.I - Liverpool NSW,M.I - Liverpool NSW,22/12/2025 3.31.12 PM AEDT,"AU $ 8,100",1,0,True
2026-01-09T03:33:13.984154,https://www.grays.com/lot/0001-10351966/motor-vehicles-motor-cycles/2021-hyundai-tucson-fwd-nx4-automatic-wagon,19,M.G - Grantham Farm NSW,M.G - Grantham Farm NSW,20/12/2025 12.13.26 PM AEDT,"AU $ 8,000",1,0,True
2026-01-09T03:33:13.984154,https://www.grays.com/lot/0001-10351966/motor-vehicles-motor-cycles/2021-hyundai-tucson-fwd-nx4-automatic-wagon,20,s.f - kirkwood QLD,s.f - kirkwood QLD,19/12/2025 8.54.56 AM AEDT,"AU $ 3,456",1,0,True
2026-01-09T03:33:13.984154,https://www.grays.com/lot/0001-10351966/motor-vehicles-motor-cycles/2021-hyundai-tucson-fwd-nx4-automatic-wagon,21,C.S - Roseville NSW,C.S - Roseville NSW,20/12/2025 10.08.34 AM AEDT,"AU $ 2,500",1,0,True
2026-01-09T03:33:13.984154,https://www.grays.com/lot/0001-10351966/motor-vehicles-motor-cycles/2021-hyundai-tucson-fwd-nx4-automatic-wagon,22,R.S - Marsden Park NSW,R.S - Marsden Park NSW,19/12/2025 10.33.14 PM AEDT,"AU $ 2,100",1,0,True
2026-01-09T03:33:13.984154,https://www.grays.com/lot/0001-10351966/motor-vehicles-motor-cycles/2021-hyundai-tucson-fwd-nx4-automatic-wagon,23,J.D - KARAWARA WA,J.D - KARAWARA WA,19/12/2025 12.23.41 PM AEDT,"AU $ 2,000",1,0,True
2026-01-09T03:33:13.984154,https://www.grays.com/lot/0001-10351966/motor-vehicles-motor-cycles/2021-hyundai-tucson-fwd-nx4-automatic-wagon,24,P.S - Hartley NSW,P.S - Hartley NSW,19/12/2025 11.17.56 AM AEDT,AU $ 309,1,0,True
2026-01-09T03:33:22.408010,https://www.grays.com/lot/0001-10351994/motor-vehicles-motor-cycles/2011-volkswagen-multivan-edition-25-132kw-t5-turbo-diesel-automatic,1,P.M - Lane Cove NSW,P.M - Lane Cove NSW,06/01/2026 9.45.03 PM AEDT,"AU $ 3,900",1,1,False
2026-01-09T03:33:22.408010,https://www.grays.com/lot/0001-10351994/motor-vehicles-motor-cycles/2011-volkswagen-multivan-edition-25-132kw-t5-turbo-diesel-automatic,2,A.M - Bondi Junction NSW,A.M - Bondi Junction NSW,07/01/2026 7.41.35 PM AEDT,"AU $ 3,900",1,0,False
2026-01-09T03:33:22.408010,https://www.grays.com/lot/0001-10351994/motor-vehicles-motor-cycles/2011-volkswagen-multivan-edition-25-132kw-t5-turbo-diesel-automatic,3,G.H - Barretta TAS,G.H - Barretta TAS,07/01/2026 4.55.57 PM AEDT,"AU $ 3,800",1,0,False
2026-01-09T03:33:22.408010,https://www.grays.com/lot/0001-10351994/motor-vehicles-motor-cycles/2011-volkswagen-multivan-edition-25-132kw-t5-turbo-diesel-automatic,4,Z.S - Epping VIC,Z.S - Epping VIC,05/01/2026 8.37.17 PM AEDT,"AU $ 1,700",1,0,False
2026-01-09T03:33:22.408010,https://www.grays.com/lot/0001-10351994/motor-vehicles-motor-cycles/2011-volkswagen-multivan-edition-25-132kw-t5-turbo-diesel-automatic,5,O.S - Pitt town NSW,O.S - Pitt town NSW,01/01/2026 6.28.56 AM AEDT,"AU $ 1,600",1,0,False
2026-01-09T03:33:22.408010,https://www.grays.com/lot/0001-10351994/motor-vehicles-motor-cycles/2011-volkswagen-multivan-edition-25-132kw-t5-turbo-diesel-automatic,6,R.O - Miranda NSW,R.O - Miranda NSW,27/12/2025 6.09.28 PM AEDT,"AU $ 1,565",1,0,False
2026-01-09T03:33:22.408010,https://www.grays.com/lot/0001-10351994/motor-vehicles-motor-cycles/2011-volkswagen-multivan-edition-25-132kw-t5-turbo-diesel-automatic,7,D.S - Truganina VIC,D.S - Truganina VIC,30/12/2025 10.23.57 PM AEDT,"AU $ 1,300",1,0,False
2026-01-09T03:33:22.408010,https://www.grays.com/lot/0001-10351994/motor-vehicles-motor-cycles/2011-volkswagen-multivan-edition-25-132kw-t5-turbo-diesel-automatic,8,P.R - Albion Park rail NSW,P.R - Albion Park rail NSW,27/12/2025 10.28.54 AM AEDT,"AU $ 1,000",1,0,False
2026-01-09T03:33:22.408010,https://www.grays.com/lot/0001-10351994/motor-vehicles-motor-cycles/2011-volkswagen-multivan-edition-25-132kw-t5-turbo-diesel-automatic,9,M.D - Mickleham VIC,M.D - Mickleham VIC,25/12/2025 11.19.09 PM AEDT,AU $ 509,1,0,False
2026-01-09T03:33:22.408010,https://www.grays.com/lot/0001-10351994/motor-vehicles-motor-cycles/2011-volkswagen-multivan-edition-25-132kw-t5-turbo-diesel-automatic,10,K.K - Ryde NSW,K.K - Ryde NSW,25/12/2025 10.52.50 AM AEDT,AU $ 409,1,0,False
2026-01-09T03:33:22.408010,https://www.grays.com/lot/0001-10351994/motor-vehicles-motor-cycles/2011-volkswagen-multivan-edition-25-132kw-t5-turbo-diesel-automatic,11,r.z - greenacre NSW,r.z - greenacre NSW,23/12/2025 5.23.47 PM AEDT,AU $ 309,1,0,False
2026-01-09T03:33:22.408010,https://www.grays.com/lot/0001-10351994/motor-vehicles-motor-cycles/2011-volkswagen-multivan-edition-25-132kw-t5-turbo-diesel-automatic,12,S.E - Gap Ridge WA,S.E - Gap Ridge WA,23/12/2025 3.10.27 PM AEDT,AU $ 209,1,0,False
2026-01-09T03:33:22.408010,https://www.grays.com/lot/0001-10351994/motor-vehicles-motor-cycles/2011-volkswagen-multivan-edition-25-132kw-t5-turbo-diesel-automatic,13,s.i - FINDON SA,s.i - FINDON SA,23/12/2025 12.52.26 PM AEDT,AU $ 109,1,0,False
2026-01-09T03:43:48.538189,https://www.grays.com/lot/0001-10352027/motor-vehicles-motor-cycles/2010-volkswagen-tiguan-125-tsi-5n-automatic-wagon,1,j.k - pemulwuy NSW,j.k - pemulwuy NSW,07/01/2026 6.49.58 PM AEDT,AU $ 509,1,1,True
2026-01-09T03:43:48.538189,https://www.grays.com/lot/0001-10352027/motor-vehicles-motor-cycles/2010-volkswagen-tiguan-125-tsi-5n-automatic-wagon,2,P.C - Narara NSW,P.C - Narara NSW,07/01/2026 1.53.34 AM AEDT,AU $ 409,1,0,True
2026-01-09T03:43:48.538189,https://www.grays.com/lot/0001-10352027/motor-vehicles-motor-cycles/2010-volkswagen-tiguan-125-tsi-5n-automatic-wagon,3,A.H - The ponds NSW,A.H - The ponds NSW,07/01/2026 12.58.00 AM AEDT,AU $ 309,1,0,True
2026-01-09T03:43:48.538189,https://www.grays.com/lot/0001-10352027/motor-vehicles-motor-cycles/2010-volkswagen-tiguan-125-tsi-5n-automatic-wagon,4,M.A - Doonside NSW,M.A - Doonside NSW,05/01/2026 12.29.05 PM AEDT,AU $ 109,1,0,True
2026-01-09T03:43:48.538189,https://www.grays.com/lot/0001-10352027/motor-vehicles-motor-cycles/2010-volkswagen-tiguan-125-tsi-5n-automatic-wagon,5,K.B - Upper Caboolture QLD,K.B - Upper Caboolture QLD,30/12/2025 8.06.10 AM AEDT,AU $ 9,1,0,True
2026-01-09T03:44:29.389557,https://www.grays.com/lot/0001-10352059/motor-vehicles-motor-cycles/2013-mitsubishi-asx-4wd-xb-turbo-diesel-automatic-wagon,1,S.D - SEMAPHORE SOUTH SA,S.D - SEMAPHORE SOUTH SA,07/01/2026 8.25.54 PM AEDT,"AU $ 5,700",1,1,False
2026-01-09T03:44:29.389557,https://www.grays.com/lot/0001-10352059/motor-vehicles-motor-cycles/2013-mitsubishi-asx-4wd-xb-turbo-diesel-automatic-wagon,2,P.S - Lockleys SA,P.S - Lockleys SA,07/01/2026 8.15.56 PM AEDT,"AU $ 5,600",1,0,False
2026-01-09T03:44:29.389557,https://www.grays.com/lot/0001-10352059/motor-vehicles-motor-cycles/2013-mitsubishi-asx-4wd-xb-turbo-diesel-automatic-wagon,3,Y.Z - Marsden Park NSW,Y.Z - Marsden Park NSW,07/01/2026 8.07.00 PM AEDT,"AU $ 5,500",1,0,False
2026-01-09T03:44:29.389557,https://www.grays.com/lot/0001-10352059/motor-vehicles-motor-cycles/2013-mitsubishi-asx-4wd-xb-turbo-diesel-automatic-wagon,4,S.A - Tarneit VIC,S.A - Tarneit VIC,07/01/2026 7.31.11 PM AEDT,"AU $ 5,300",1,0,False
2026-01-09T03:44:29.389557,https://www.grays.com/lot/0001-10352059/motor-vehicles-motor-cycles/2013-mitsubishi-asx-4wd-xb-turbo-diesel-automatic-wagon,5,R.R - SOUTHPORT QLD,R.R - SOUTHPORT QLD,07/01/2026 7.30.15 PM AEDT,"AU $ 5,200",1,0,False
2026-01-09T03:44:29.389557,https://www.grays.com/lot/0001-10352059/motor-vehicles-motor-cycles/2013-mitsubishi-asx-4wd-xb-turbo-diesel-automatic-wagon,6,M.T - Liverpool NSW,M.T - Liverpool NSW,07/01/2026 7.26.33 PM AEDT,"AU $ 5,100",1,0,False
2026-01-09T03:44:29.389557,https://www.grays.com/lot/0001-10352059/motor-vehicles-motor-cycles/2013-mitsubishi-asx-4wd-xb-turbo-diesel-automatic-wagon,7,L.I - Narrabeen NSW,L.I - Narrabeen NSW,07/01/2026 7.08.48 PM AEDT,"AU $ 5,000",1,0,False
2026-01-09T03:44:29.389557,https://www.grays.com/lot/0001-10352059/motor-vehicles-motor-cycles/2013-mitsubishi-asx-4wd-xb-turbo-diesel-automatic-wagon,8,P.C - Rosehill NSW,P.C - Rosehill NSW,07/01/2026 5.12.52 PM AEDT,"AU $ 4,400",1,0,False
2026-01-09T03:44:29.389557,https://www.grays.com/lot/0001-10352059/motor-vehicles-motor-cycles/2013-mitsubishi-asx-4wd-xb-turbo-diesel-automatic-wagon,9,B.W - East Bendigo VIC,B.W - East Bendigo VIC,07/01/2026 1.57.34 AM AEDT,"AU $ 3,600",1,0,False
2026-01-09T03:44:29.389557,https://www.grays.com/lot/0001-10352059/motor-vehicles-motor-cycles/2013-mitsubishi-asx-4wd-xb-turbo-diesel-automatic-wagon,10,l.k - Dubbo NSW,l.k - Dubbo NSW,06/01/2026 11.08.54 PM AEDT,"AU $ 3,500",1,0,False
2026-01-09T03:44:29.389557,https://www.grays.com/lot/0001-10352059/motor-vehicles-motor-cycles/2013-mitsubishi-asx-4wd-xb-turbo-diesel-automatic-wagon,11,N.M - Berwick VIC,N.M - Berwick VIC,06/01/2026 10.28.35 PM AEDT,"AU $ 3,300",1,0,False
2026-01-09T03:44:29.389557,https://www.grays.com/lot/0001-10352059/motor-vehicles-motor-cycles/2013-mitsubishi-asx-4wd-xb-turbo-diesel-automatic-wagon,12,J.S - Gray NT,J.S - Gray NT,06/01/2026 9.27.12 PM AEDT,"AU $ 3,200",1,0,False
2026-01-09T03:44:29.389557,https://www.grays.com/lot/0001-10352059/motor-vehicles-motor-cycles/2013-mitsubishi-asx-4wd-xb-turbo-diesel-automatic-wagon,13,M.P - Calderwood NSW,M.P - Calderwood NSW,06/01/2026 9.00.50 PM AEDT,"AU $ 3,100",1,0,False
2026-01-09T03:44:29.389557,https://www.grays.com/lot/0001-10352059/motor-vehicles-motor-cycles/2013-mitsubishi-asx-4wd-xb-turbo-diesel-automatic-wagon,14,E.I - Guildford NSW,E.I - Guildford NSW,06/01/2026 3.44.29 PM AEDT,"AU $ 3,000",1,0,False
2026-01-09T03:44:29.389557,https://www.grays.com/lot/0001-10352059/motor-vehicles-motor-cycles/2013-mitsubishi-asx-4wd-xb-turbo-diesel-automatic-wagon,15,G.H - Berwick VIC,G.H - Berwick VIC,06/01/2026 2.45.02 PM AEDT,"AU $ 2,942",1,0,False
2026-01-09T03:44:29.389557,https://www.grays.com/lot/0001-10352059/motor-vehicles-motor-cycles/2013-mitsubishi-asx-4wd-xb-turbo-diesel-automatic-wagon,16,j.s - BLACKTOWN NSW,j.s - BLACKTOWN NSW,05/01/2026 7.10.04 PM AEDT,"AU $ 2,400",1,0,False
2026-01-09T03:44:29.389557,https://www.grays.com/lot/0001-10352059/motor-vehicles-motor-cycles/2013-mitsubishi-asx-4wd-xb-turbo-diesel-automatic-wagon,17,A.F - ROCKDALE NSW,A.F - ROCKDALE NSW,04/01/2026 9.02.24 PM AEDT,"AU $ 2,300",1,0,False
2026-01-09T03:44:29.389557,https://www.grays.com/lot/0001-10352059/motor-vehicles-motor-cycles/2013-mitsubishi-asx-4wd-xb-turbo-diesel-automatic-wagon,18,p.m - warwick farm NSW,p.m - warwick farm NSW,04/01/2026 4.29.27 PM AEDT,"AU $ 2,200",1,0,False
2026-01-09T03:44:29.389557,https://www.grays.com/lot/0001-10352059/motor-vehicles-motor-cycles/2013-mitsubishi-asx-4wd-xb-turbo-diesel-automatic-wagon,19,M.R - The Summit QLD,M.R - The Summit QLD,04/01/2026 4.19.15 PM AEDT,"AU $ 2,100",1,0,False
2026-01-09T03:44:29.389557,https://www.grays.com/lot/0001-10352059/motor-vehicles-motor-cycles/2013-mitsubishi-asx-4wd-xb-turbo-diesel-automatic-wagon,20,F.C - Noarlunga Downs SA,F.C - Noarlunga Downs SA,04/01/2026 1.57.22 AM AEDT,"AU $ 1,809",1,0,False
2026-01-09T03:44:29.389557,https://www.grays.com/lot/0001-10352059/motor-vehicles-motor-cycles/2013-mitsubishi-asx-4wd-xb-turbo-diesel-automatic-wagon,21,W.P - Clayton South VIC,W.P - Clayton South VIC,02/01/2026 12.39.33 AM AEDT,"AU $ 1,709",1,0,False
2026-01-09T03:44:29.389557,https://www.grays.com/lot/0001-10352059/motor-vehicles-motor-cycles/2013-mitsubishi-asx-4wd-xb-turbo-diesel-automatic-wagon,22,m.r - wallalong NSW,m.r - wallalong NSW,01/01/2026 9.31.33 PM AEDT,"AU $ 1,609",1,0,False
2026-01-09T03:44:29.389557,https://www.grays.com/lot/0001-10352059/motor-vehicles-motor-cycles/2013-mitsubishi-asx-4wd-xb-turbo-diesel-automatic-wagon,23,P.S - Blacktown NSW,P.S - Blacktown NSW,01/01/2026 8.18.14 PM AEDT,"AU $ 1,509",1,0,False
2026-01-09T03:44:29.389557,https://www.grays.com/lot/0001-10352059/motor-vehicles-motor-cycles/2013-mitsubishi-asx-4wd-xb-turbo-diesel-automatic-wagon,24,A.N - Lawnton QLD,A.N - Lawnton QLD,01/01/2026 9.36.54 AM AEDT,"AU $ 1,409",1,0,False
2026-01-09T03:44:29.389557,https://www.grays.com/lot/0001-10352059/motor-vehicles-motor-cycles/2013-mitsubishi-asx-4wd-xb-turbo-diesel-automatic-wagon,25,A.H - BRIGHTON LE SANDS NSW,A.H - BRIGHTON LE SANDS NSW,30/12/2025 7.56.33 PM AEDT,"AU $ 1,309",1,0,False
2026-01-09T03:44:29.389557,https://www.grays.com/lot/0001-10352059/motor-vehicles-motor-cycles/2013-mitsubishi-asx-4wd-xb-turbo-diesel-automatic-wagon,26,J.G - Orange NSW,J.G - Orange NSW,28/12/2025 1.26.57 PM AEDT,"AU $ 1,109",1,0,False
2026-01-09T03:44:29.389557,https://www.grays.com/lot/0001-10352059/motor-vehicles-motor-cycles/2013-mitsubishi-asx-4wd-xb-turbo-diesel-automatic-wagon,27,F.A - Rosehill NSW,F.A - Rosehill NSW,27/12/2025 8.32.34 PM AEDT,AU $ 409,1,0,False
2026-01-09T03:44:29.389557,https://www.grays.com/lot/0001-10352059/motor-vehicles-motor-cycles/2013-mitsubishi-asx-4wd-xb-turbo-diesel-automatic-wagon,28,J.B - Ormeau QLD,J.B - Ormeau QLD,25/12/2025 4.12.40 PM AEDT,AU $ 209,1,0,False
2026-01-09T03:44:29.389557,https://www.grays.com/lot/0001-10352059/motor-vehicles-motor-cycles/2013-mitsubishi-asx-4wd-xb-turbo-diesel-automatic-wagon,29,E.R - Moorebank NSW,E.R - Moorebank NSW,25/12/2025 2.49.49 PM AEDT,AU $ 109,1,0,False
2026-01-09T03:44:29.389557,https://www.grays.com/lot/0001-10352059/motor-vehicles-motor-cycles/2013-mitsubishi-asx-4wd-xb-turbo-diesel-automatic-wagon,30,M.N - Moorebank NSW,M.N - Moorebank NSW,24/12/2025 9.45.35 PM AEDT,AU $ 9,1,0,False
2026-01-09T04:04:51.416149,https://www.grays.com/lot/0001-21044883/motor-vehicles-motor-cycles/1991-mitsubishi-gto-import-manual-coupe,1,A.A - Austral NSW,A.A - Austral NSW,09/03/2025 8.55.49 PM AEDT,"AU $ 6,209",1,1,False
2026-01-09T04:04:51.416149,https://www.grays.com/lot/0001-21044883/motor-vehicles-motor-cycles/1991-mitsubishi-gto-import-manual-coupe,2,E.B - Tetoora road VIC,E.B - Tetoora road VIC,09/03/2025 8.47.17 PM AEDT,"AU $ 6,109",1,0,False
2026-01-09T04:04:51.416149,https://www.grays.com/lot/0001-21044883/motor-vehicles-motor-cycles/1991-mitsubishi-gto-import-manual-coupe,3,F.P - Truganina VIC,F.P - Truganina VIC,09/03/2025 8.45.24 PM AEDT,"AU $ 6,009",1,0,False
2026-01-09T04:04:51.416149,https://www.grays.com/lot/0001-21044883/motor-vehicles-motor-cycles/1991-mitsubishi-gto-import-manual-coupe,4,D.C - Keilor downs VIC,D.C - Keilor downs VIC,09/03/2025 8.25.19 PM AEDT,"AU $ 5,109",1,0,False
2026-01-09T04:04:51.416149,https://www.grays.com/lot/0001-21044883/motor-vehicles-motor-cycles/1991-mitsubishi-gto-import-manual-coupe,5,N.P - Bentleigh VIC,N.P - Bentleigh VIC,09/03/2025 4.44.42 PM AEDT,"AU $ 2,509",1,0,False
2026-01-09T04:04:51.416149,https://www.grays.com/lot/0001-21044883/motor-vehicles-motor-cycles/1991-mitsubishi-gto-import-manual-coupe,6,a.k - georges hall NSW,a.k - georges hall NSW,09/03/2025 11.15.17 AM AEDT,"AU $ 2,309",1,0,False
2026-01-09T04:04:51.416149,https://www.grays.com/lot/0001-21044883/motor-vehicles-motor-cycles/1991-mitsubishi-gto-import-manual-coupe,7,J.T - Mount louisa QLD,J.T - Mount louisa QLD,08/03/2025 10.50.52 PM AEDT,"AU $ 2,109",1,0,False
2026-01-09T04:04:51.416149,https://www.grays.com/lot/0001-21044883/motor-vehicles-motor-cycles/1991-mitsubishi-gto-import-manual-coupe,8,J.O - Roxburgh park VIC,J.O - Roxburgh park VIC,08/03/2025 9.42.15 AM AEDT,"AU $ 1,709",1,0,False
2026-01-09T04:04:51.416149,https://www.grays.com/lot/0001-21044883/motor-vehicles-motor-cycles/1991-mitsubishi-gto-import-manual-coupe,9,a.f - Coburg VIC,a.f - Coburg VIC,08/03/2025 5.11.39 AM AEDT,"AU $ 1,509",1,0,False
2026-01-09T04:04:51.416149,https://www.grays.com/lot/0001-21044883/motor-vehicles-motor-cycles/1991-mitsubishi-gto-import-manual-coupe,10,A.K - Mickleham VIC,A.K - Mickleham VIC,07/03/2025 6.24.27 PM AEDT,"AU $ 1,309",1,0,False
2026-01-09T04:04:51.416149,https://www.grays.com/lot/0001-21044883/motor-vehicles-motor-cycles/1991-mitsubishi-gto-import-manual-coupe,11,f.p - Cranbourne VIC,f.p - Cranbourne VIC,07/03/2025 6.03.16 PM AEDT,"AU $ 1,209",1,0,False
2026-01-09T04:04:51.416149,https://www.grays.com/lot/0001-21044883/motor-vehicles-motor-cycles/1991-mitsubishi-gto-import-manual-coupe,12,S.R - Granville NSW,S.R - Granville NSW,07/03/2025 2.36.32 PM AEDT,"AU $ 1,200",1,0,False
2026-01-09T04:04:51.416149,https://www.grays.com/lot/0001-21044883/motor-vehicles-motor-cycles/1991-mitsubishi-gto-import-manual-coupe,13,E.M - Craigieburn VIC,E.M - Craigieburn VIC,07/03/2025 12.25.26 AM AEDT,AU $ 909,1,0,False
2026-01-09T04:04:51.416149,https://www.grays.com/lot/0001-21044883/motor-vehicles-motor-cycles/1991-mitsubishi-gto-import-manual-coupe,14,B.B - Burpengary East QLD,B.B - Burpengary East QLD,06/03/2025 11.15.02 PM AEDT,AU $ 809,1,0,False
2026-01-09T04:04:51.416149,https://www.grays.com/lot/0001-21044883/motor-vehicles-motor-cycles/1991-mitsubishi-gto-import-manual-coupe,15,D.M - Happy valley SA,D.M - Happy valley SA,06/03/2025 9.19.10 PM AEDT,AU $ 609,1,0,False
2026-01-09T04:04:51.416149,https://www.grays.com/lot/0001-21044883/motor-vehicles-motor-cycles/1991-mitsubishi-gto-import-manual-coupe,16,m.m - ingle farm SA,m.m - ingle farm SA,06/03/2025 3.16.46 PM AEDT,AU $ 409,1,0,False
2026-01-09T04:04:51.416149,https://www.grays.com/lot/0001-21044883/motor-vehicles-motor-cycles/1991-mitsubishi-gto-import-manual-coupe,17,M.S - SPRINGVALE SOUTH VIC,M.S - SPRINGVALE SOUTH VIC,05/03/2025 10.10.29 PM AEDT,AU $ 309,1,0,False
2026-01-09T04:04:51.416149,https://www.grays.com/lot/0001-21044883/motor-vehicles-motor-cycles/1991-mitsubishi-gto-import-manual-coupe,18,N.S - Mooroolbark VIC,N.S - Mooroolbark VIC,05/03/2025 3.21.42 PM AEDT,AU $ 109,1,0,False
2026-01-09T04:04:51.416149,https://www.grays.com/lot/0001-21044883/motor-vehicles-motor-cycles/1991-mitsubishi-gto-import-manual-coupe,19,k.u - GIRRAWEEN NSW,k.u - GIRRAWEEN NSW,05/03/2025 9.47.58 AM AEDT,AU $ 9,1,0,False
2026-01-09T04:05:03.018731,https://www.grays.com/lot/0001-60047400/motor-vehicles-motor-cycles/2008-mercedes-benz-clc-200k-cl203-automatic-coupe,1,E.H - Gilles plains SA,E.H - Gilles plains SA,09/03/2025 8.09.53 PM AEDT,"AU $ 1,710",1,1,False
2026-01-09T04:05:03.018731,https://www.grays.com/lot/0001-60047400/motor-vehicles-motor-cycles/2008-mercedes-benz-clc-200k-cl203-automatic-coupe,2,S.L - Blacktown NSW,S.L - Blacktown NSW,09/03/2025 3.12.23 AM AEDT,"AU $ 1,610",1,0,False
2026-01-09T04:05:03.018731,https://www.grays.com/lot/0001-60047400/motor-vehicles-motor-cycles/2008-mercedes-benz-clc-200k-cl203-automatic-coupe,3,P.D - Paralowie SA,P.D - Paralowie SA,08/03/2025 9.40.46 PM AEDT,"AU $ 1,510",1,0,False
2026-01-09T04:05:03.018731,https://www.grays.com/lot/0001-60047400/motor-vehicles-motor-cycles/2008-mercedes-benz-clc-200k-cl203-automatic-coupe,4,D.C - ELIZABETH DOWNS SA,D.C - ELIZABETH DOWNS SA,08/03/2025 5.54.49 PM AEDT,"AU $ 1,410",1,0,False
2026-01-09T04:05:03.018731,https://www.grays.com/lot/0001-60047400/motor-vehicles-motor-cycles/2008-mercedes-benz-clc-200k-cl203-automatic-coupe,5,S.A - Windsor Gardens SA,S.A - Windsor Gardens SA,06/03/2025 12.44.23 PM AEDT,"AU $ 1,000",1,0,False
2026-01-09T04:05:03.018731,https://www.grays.com/lot/0001-60047400/motor-vehicles-motor-cycles/2008-mercedes-benz-clc-200k-cl203-automatic-coupe,6,S.g - WINGFIELD SA,S.g - WINGFIELD SA,06/03/2025 10.33.47 AM AEDT,AU $ 710,1,0,False
2026-01-09T04:05:03.018731,https://www.grays.com/lot/0001-60047400/motor-vehicles-motor-cycles/2008-mercedes-benz-clc-200k-cl203-automatic-coupe,7,M.O - Strathalbyn SA,M.O - Strathalbyn SA,05/03/2025 11.58.14 PM AEDT,AU $ 510,1,0,False
2026-01-09T04:05:03.018731,https://www.grays.com/lot/0001-60047400/motor-vehicles-motor-cycles/2008-mercedes-benz-clc-200k-cl203-automatic-coupe,8,a.p - snowtown SA,a.p - snowtown SA,05/03/2025 2.27.27 PM AEDT,AU $ 300,1,0,False
2026-01-09T04:05:05.869569,https://www.grays.com/lot/0001-9057516/motor-vehicles-motor-cycles/2011-volkswagen-passat-125tdi-highline-3c-turbo-diesel-automatic-wagon,1,a.c - East bunbury WA,a.c - East bunbury WA,09/03/2025 8.01.06 PM AEDT,"AU $ 3,100",1,1,False
2026-01-09T04:05:05.869569,https://www.grays.com/lot/0001-9057516/motor-vehicles-motor-cycles/2011-volkswagen-passat-125tdi-highline-3c-turbo-diesel-automatic-wagon,2,F.G - Lakelands WA,F.G - Lakelands WA,09/03/2025 7.59.33 PM AEDT,"AU $ 3,000",1,0,False
2026-01-09T04:05:05.869569,https://www.grays.com/lot/0001-9057516/motor-vehicles-motor-cycles/2011-volkswagen-passat-125tdi-highline-3c-turbo-diesel-automatic-wagon,3,F.H - Waikiki WA,F.H - Waikiki WA,09/03/2025 7.47.53 PM AEDT,"AU $ 2,800",1,0,False
2026-01-09T04:05:05.869569,https://www.grays.com/lot/0001-9057516/motor-vehicles-motor-cycles/2011-volkswagen-passat-125tdi-highline-3c-turbo-diesel-automatic-wagon,4,I.F - Aldgate SA,I.F - Aldgate SA,07/03/2025 8.07.56 PM AEDT,"AU $ 2,500",1,0,False
2026-01-09T04:05:05.869569,https://www.grays.com/lot/0001-9057516/motor-vehicles-motor-cycles/2011-volkswagen-passat-125tdi-highline-3c-turbo-diesel-automatic-wagon,5,N.S - Perth WA,N.S - Perth WA,09/03/2025 12.25.54 AM AEDT,"AU $ 1,500",1,0,False
2026-01-09T04:05:05.869569,https://www.grays.com/lot/0001-9057516/motor-vehicles-motor-cycles/2011-volkswagen-passat-125tdi-highline-3c-turbo-diesel-automatic-wagon,6,S.L - Wellard WA,S.L - Wellard WA,07/03/2025 11.18.41 AM AEDT,"AU $ 1,100",1,0,False
2026-01-09T04:05:05.869569,https://www.grays.com/lot/0001-9057516/motor-vehicles-motor-cycles/2011-volkswagen-passat-125tdi-highline-3c-turbo-diesel-automatic-wagon,7,S.D - Success WA,S.D - Success WA,07/03/2025 12.20.48 AM AEDT,"AU $ 1,000",1,0,False
2026-01-09T04:05:05.869569,https://www.grays.com/lot/0001-9057516/motor-vehicles-motor-cycles/2011-volkswagen-passat-125tdi-highline-3c-turbo-diesel-automatic-wagon,8,D.W - Piccadilly WA,D.W - Piccadilly WA,07/03/2025 12.20.28 AM AEDT,AU $ 900,1,0,False
2026-01-09T04:05:05.869569,https://www.grays.com/lot/0001-9057516/motor-vehicles-motor-cycles/2011-volkswagen-passat-125tdi-highline-3c-turbo-diesel-automatic-wagon,9,D.C - Beechboro WA,D.C - Beechboro WA,06/03/2025 7.33.37 PM AEDT,AU $ 800,1,0,False
2026-01-09T04:05:05.869569,https://www.grays.com/lot/0001-9057516/motor-vehicles-motor-cycles/2011-volkswagen-passat-125tdi-highline-3c-turbo-diesel-automatic-wagon,10,M.D - Beechboro WA,M.D - Beechboro WA,05/03/2025 1.11.02 AM AEDT,AU $ 700,1,0,False
2026-01-09T04:05:05.869569,https://www.grays.com/lot/0001-9057516/motor-vehicles-motor-cycles/2011-volkswagen-passat-125tdi-highline-3c-turbo-diesel-automatic-wagon,11,J.L - Dianella WA,J.L - Dianella WA,04/03/2025 7.12.05 PM AEDT,AU $ 600,1,0,False
2026-01-09T04:05:05.869569,https://www.grays.com/lot/0001-9057516/motor-vehicles-motor-cycles/2011-volkswagen-passat-125tdi-highline-3c-turbo-diesel-automatic-wagon,12,C.P - TREEBY WA,C.P - TREEBY WA,04/03/2025 4.41.16 PM AEDT,AU $ 500,1,0,False
2026-01-09T04:05:08.806483,https://www.grays.com/lot/0001-10347429/motor-vehicles-motor-cycles/2017-audi-a4-2-0-tfsi-quatt-sport-b9-automatic-sedan,1,S.H - BALLAJURA WA,S.H - BALLAJURA WA,09/03/2025 8.30.15 PM AEDT,"AU $ 21,300",1,1,False
2026-01-09T04:05:08.806483,https://www.grays.com/lot/0001-10347429/motor-vehicles-motor-cycles/2017-audi-a4-2-0-tfsi-quatt-sport-b9-automatic-sedan,2,I.c - Rockdale NSW,I.c - Rockdale NSW,09/03/2025 8.29.58 PM AEDT,"AU $ 21,200",1,0,False
2026-01-09T04:05:08.806483,https://www.grays.com/lot/0001-10347429/motor-vehicles-motor-cycles/2017-audi-a4-2-0-tfsi-quatt-sport-b9-automatic-sedan,3,S.S - BRISBANE CITY QLD,S.S - BRISBANE CITY QLD,09/03/2025 8.04.29 PM AEDT,"AU $ 20,500",1,0,False
2026-01-09T04:05:08.806483,https://www.grays.com/lot/0001-10347429/motor-vehicles-motor-cycles/2017-audi-a4-2-0-tfsi-quatt-sport-b9-automatic-sedan,4,S.I - Fairfield NSW,S.I - Fairfield NSW,08/03/2025 8.28.13 AM AEDT,"AU $ 17,050",1,0,False
2026-01-09T04:05:08.806483,https://www.grays.com/lot/0001-10347429/motor-vehicles-motor-cycles/2017-audi-a4-2-0-tfsi-quatt-sport-b9-automatic-sedan,5,J.H - ROSEMEADOW NSW,J.H - ROSEMEADOW NSW,08/03/2025 9.49.48 AM AEDT,"AU $ 16,900",1,0,False
2026-01-09T04:05:08.806483,https://www.grays.com/lot/0001-10347429/motor-vehicles-motor-cycles/2017-audi-a4-2-0-tfsi-quatt-sport-b9-automatic-sedan,6,R.S - Dean park NSW,R.S - Dean park NSW,07/03/2025 10.31.03 PM AEDT,"AU $ 16,400",1,0,False
2026-01-09T04:05:08.806483,https://www.grays.com/lot/0001-10347429/motor-vehicles-motor-cycles/2017-audi-a4-2-0-tfsi-quatt-sport-b9-automatic-sedan,7,K.T - ST JOHNS PARK NSW,K.T - ST JOHNS PARK NSW,07/03/2025 7.50.14 PM AEDT,"AU $ 16,300",1,0,False
2026-01-09T04:05:08.806483,https://www.grays.com/lot/0001-10347429/motor-vehicles-motor-cycles/2017-audi-a4-2-0-tfsi-quatt-sport-b9-automatic-sedan,8,H.A - Sunshine West VIC,H.A - Sunshine West VIC,06/03/2025 2.00.00 PM AEDT,"AU $ 16,100",1,0,False
2026-01-09T04:05:08.806483,https://www.grays.com/lot/0001-10347429/motor-vehicles-motor-cycles/2017-audi-a4-2-0-tfsi-quatt-sport-b9-automatic-sedan,9,D.K - Forster NSW,D.K - Forster NSW,06/03/2025 11.27.37 AM AEDT,"AU $ 15,000",1,0,False
2026-01-09T04:05:08.806483,https://www.grays.com/lot/0001-10347429/motor-vehicles-motor-cycles/2017-audi-a4-2-0-tfsi-quatt-sport-b9-automatic-sedan,10,R.S - Hoxton Park NSW,R.S - Hoxton Park NSW,06/03/2025 11.18.25 AM AEDT,"AU $ 14,500",1,0,False
2026-01-09T04:05:08.806483,https://www.grays.com/lot/0001-10347429/motor-vehicles-motor-cycles/2017-audi-a4-2-0-tfsi-quatt-sport-b9-automatic-sedan,11,R.J - South Guildford WA,R.J - South Guildford WA,06/03/2025 1.47.46 AM AEDT,"AU $ 11,500",1,0,False
2026-01-09T04:05:08.806483,https://www.grays.com/lot/0001-10347429/motor-vehicles-motor-cycles/2017-audi-a4-2-0-tfsi-quatt-sport-b9-automatic-sedan,12,n.b - meadow heights VIC,n.b - meadow heights VIC,05/03/2025 10.04.44 PM AEDT,"AU $ 11,400",1,0,False
2026-01-09T04:05:08.806483,https://www.grays.com/lot/0001-10347429/motor-vehicles-motor-cycles/2017-audi-a4-2-0-tfsi-quatt-sport-b9-automatic-sedan,13,s.N - Glenwood NSW,s.N - Glenwood NSW,05/03/2025 9.14.02 PM AEDT,"AU $ 11,300",1,0,False
2026-01-09T04:05:08.806483,https://www.grays.com/lot/0001-10347429/motor-vehicles-motor-cycles/2017-audi-a4-2-0-tfsi-quatt-sport-b9-automatic-sedan,14,D.S - Melbourne VIC,D.S - Melbourne VIC,05/03/2025 8.29.23 PM AEDT,"AU $ 11,200",1,0,False
2026-01-09T04:05:08.806483,https://www.grays.com/lot/0001-10347429/motor-vehicles-motor-cycles/2017-audi-a4-2-0-tfsi-quatt-sport-b9-automatic-sedan,15,D.S - Rhodes NSW,D.S - Rhodes NSW,05/03/2025 7.01.00 PM AEDT,"AU $ 11,111",1,0,False
2026-01-09T04:05:08.806483,https://www.grays.com/lot/0001-10347429/motor-vehicles-motor-cycles/2017-audi-a4-2-0-tfsi-quatt-sport-b9-automatic-sedan,16,r.s - rydalmere NSW,r.s - rydalmere NSW,05/03/2025 8.13.06 PM AEDT,"AU $ 11,100",1,0,False
2026-01-09T04:05:08.806483,https://www.grays.com/lot/0001-10347429/motor-vehicles-motor-cycles/2017-audi-a4-2-0-tfsi-quatt-sport-b9-automatic-sedan,17,W.A - Northbridge NSW,W.A - Northbridge NSW,05/03/2025 6.48.57 PM AEDT,"AU $ 10,700",1,0,False
2026-01-09T04:05:08.806483,https://www.grays.com/lot/0001-10347429/motor-vehicles-motor-cycles/2017-audi-a4-2-0-tfsi-quatt-sport-b9-automatic-sedan,18,I.S - Mascot NSW,I.S - Mascot NSW,05/03/2025 12.04.55 AM AEDT,"AU $ 10,500",1,0,False
2026-01-09T04:05:08.806483,https://www.grays.com/lot/0001-10347429/motor-vehicles-motor-cycles/2017-audi-a4-2-0-tfsi-quatt-sport-b9-automatic-sedan,19,J.M - Abbotsford NSW,J.M - Abbotsford NSW,05/03/2025 10.12.02 AM AEDT,"AU $ 9,800",1,0,False
2026-01-09T04:05:08.806483,https://www.grays.com/lot/0001-10347429/motor-vehicles-motor-cycles/2017-audi-a4-2-0-tfsi-quatt-sport-b9-automatic-sedan,20,J.R - Fairfield West NSW,J.R - Fairfield West NSW,04/03/2025 11.50.21 PM AEDT,"AU $ 9,500",1,0,False
2026-01-09T04:05:08.806483,https://www.grays.com/lot/0001-10347429/motor-vehicles-motor-cycles/2017-audi-a4-2-0-tfsi-quatt-sport-b9-automatic-sedan,21,S.L - Parramatta NSW,S.L - Parramatta NSW,04/03/2025 11.17.19 PM AEDT,"AU $ 9,400",1,0,False
2026-01-09T04:05:08.806483,https://www.grays.com/lot/0001-10347429/motor-vehicles-motor-cycles/2017-audi-a4-2-0-tfsi-quatt-sport-b9-automatic-sedan,22,P.A - Padstow NSW,P.A - Padstow NSW,04/03/2025 11.16.48 PM AEDT,"AU $ 9,300",1,0,False
2026-01-09T04:05:08.806483,https://www.grays.com/lot/0001-10347429/motor-vehicles-motor-cycles/2017-audi-a4-2-0-tfsi-quatt-sport-b9-automatic-sedan,23,G.H - SOUTH BRISBANE QLD,G.H - SOUTH BRISBANE QLD,04/03/2025 11.04.17 PM AEDT,"AU $ 9,200",1,0,False
2026-01-09T04:05:08.806483,https://www.grays.com/lot/0001-10347429/motor-vehicles-motor-cycles/2017-audi-a4-2-0-tfsi-quatt-sport-b9-automatic-sedan,24,S.R - CAMPBELLTOWN NSW,S.R - CAMPBELLTOWN NSW,04/03/2025 10.40.37 PM AEDT,"AU $ 9,100",1,0,False
2026-01-09T04:05:08.806483,https://www.grays.com/lot/0001-10347429/motor-vehicles-motor-cycles/2017-audi-a4-2-0-tfsi-quatt-sport-b9-automatic-sedan,25,H.D - Birrong NSW,H.D - Birrong NSW,04/03/2025 9.28.33 PM AEDT,"AU $ 7,600",1,0,False
2026-01-09T04:05:08.806483,https://www.grays.com/lot/0001-10347429/motor-vehicles-motor-cycles/2017-audi-a4-2-0-tfsi-quatt-sport-b9-automatic-sedan,26,A.A - Auburn NSW,A.A - Auburn NSW,04/03/2025 8.29.19 PM AEDT,"AU $ 7,400",1,0,False
2026-01-09T04:05:08.806483,https://www.grays.com/lot/0001-10347429/motor-vehicles-motor-cycles/2017-audi-a4-2-0-tfsi-quatt-sport-b9-automatic-sedan,27,S.R - BOSSLEY PARK NSW,S.R - BOSSLEY PARK NSW,04/03/2025 8.17.31 PM AEDT,"AU $ 7,100",1,0,False
2026-01-09T04:05:08.806483,https://www.grays.com/lot/0001-10347429/motor-vehicles-motor-cycles/2017-audi-a4-2-0-tfsi-quatt-sport-b9-automatic-sedan,28,A.M - Yowie Bay NSW,A.M - Yowie Bay NSW,04/03/2025 7.51.04 PM AEDT,"AU $ 5,800",1,0,False
2026-01-09T04:05:08.806483,https://www.grays.com/lot/0001-10347429/motor-vehicles-motor-cycles/2017-audi-a4-2-0-tfsi-quatt-sport-b9-automatic-sedan,29,S.C - Byford WA,S.C - Byford WA,04/03/2025 5.18.59 PM AEDT,AU $ 500,1,0,False
2026-01-09T04:07:54.203390,https://www.grays.com/lot/0001-9057574/motor-vehicles-motor-cycles/2009-toyota-landcruiser-workmate-4x4-vdj79r-t-diesel-manual-cab-chassis,1,H.T - Quairading WA,H.T - Quairading WA,11/03/2025 10.20.24 PM AEDT,"AU $ 18,300",1,1,False
2026-01-09T04:07:54.203390,https://www.grays.com/lot/0001-9057574/motor-vehicles-motor-cycles/2009-toyota-landcruiser-workmate-4x4-vdj79r-t-diesel-manual-cab-chassis,2,J.H - Padbury WA,J.H - Padbury WA,11/03/2025 8.00.29 PM AEDT,"AU $ 18,200",1,0,False
2026-01-09T04:07:54.203390,https://www.grays.com/lot/0001-9057574/motor-vehicles-motor-cycles/2009-toyota-landcruiser-workmate-4x4-vdj79r-t-diesel-manual-cab-chassis,3,A.J - Narrikup WA,A.J - Narrikup WA,10/03/2025 3.25.09 PM AEDT,"AU $ 18,100",1,0,False
2026-01-09T04:07:54.203390,https://www.grays.com/lot/0001-9057574/motor-vehicles-motor-cycles/2009-toyota-landcruiser-workmate-4x4-vdj79r-t-diesel-manual-cab-chassis,4,A.H - Smithfield NSW,A.H - Smithfield NSW,09/03/2025 12.20.24 PM AEDT,"AU $ 15,000",1,0,False
2026-01-09T04:07:54.203390,https://www.grays.com/lot/0001-9057574/motor-vehicles-motor-cycles/2009-toyota-landcruiser-workmate-4x4-vdj79r-t-diesel-manual-cab-chassis,5,P.L - Chidlow WA,P.L - Chidlow WA,08/03/2025 6.36.28 PM AEDT,"AU $ 10,000",1,0,False
2026-01-09T04:07:54.203390,https://www.grays.com/lot/0001-9057574/motor-vehicles-motor-cycles/2009-toyota-landcruiser-workmate-4x4-vdj79r-t-diesel-manual-cab-chassis,6,D.B - Wattleup WA,D.B - Wattleup WA,08/03/2025 5.08.17 PM AEDT,"AU $ 9,500",1,0,False
2026-01-09T04:07:54.203390,https://www.grays.com/lot/0001-9057574/motor-vehicles-motor-cycles/2009-toyota-landcruiser-workmate-4x4-vdj79r-t-diesel-manual-cab-chassis,7,A.B - Para Hills West SA,A.B - Para Hills West SA,08/03/2025 1.57.27 PM AEDT,"AU $ 8,100",1,0,False
2026-01-09T04:07:54.203390,https://www.grays.com/lot/0001-9057574/motor-vehicles-motor-cycles/2009-toyota-landcruiser-workmate-4x4-vdj79r-t-diesel-manual-cab-chassis,8,D.C - Beechboro WA,D.C - Beechboro WA,08/03/2025 1.50.53 PM AEDT,"AU $ 8,000",1,0,False
2026-01-09T04:07:54.203390,https://www.grays.com/lot/0001-9057574/motor-vehicles-motor-cycles/2009-toyota-landcruiser-workmate-4x4-vdj79r-t-diesel-manual-cab-chassis,9,r.s - Lidcombe NSW,r.s - Lidcombe NSW,08/03/2025 4.38.39 AM AEDT,"AU $ 7,800",1,0,False
2026-01-09T04:07:54.203390,https://www.grays.com/lot/0001-9057574/motor-vehicles-motor-cycles/2009-toyota-landcruiser-workmate-4x4-vdj79r-t-diesel-manual-cab-chassis,10,J.N - Bullsbrook WA,J.N - Bullsbrook WA,07/03/2025 6.08.08 PM AEDT,"AU $ 7,700",1,0,False
2026-01-09T04:07:54.203390,https://www.grays.com/lot/0001-9057574/motor-vehicles-motor-cycles/2009-toyota-landcruiser-workmate-4x4-vdj79r-t-diesel-manual-cab-chassis,11,J.H - Baynton WA,J.H - Baynton WA,06/03/2025 11.43.26 PM AEDT,"AU $ 7,500",1,0,False
2026-01-09T04:07:54.203390,https://www.grays.com/lot/0001-9057574/motor-vehicles-motor-cycles/2009-toyota-landcruiser-workmate-4x4-vdj79r-t-diesel-manual-cab-chassis,12,g.m - miranda NSW,g.m - miranda NSW,07/03/2025 10.33.34 AM AEDT,"AU $ 7,300",1,0,False
2026-01-09T04:07:54.203390,https://www.grays.com/lot/0001-9057574/motor-vehicles-motor-cycles/2009-toyota-landcruiser-workmate-4x4-vdj79r-t-diesel-manual-cab-chassis,13,B.P - Broome WA,B.P - Broome WA,07/03/2025 8.55.46 AM AEDT,"AU $ 7,200",1,0,False
2026-01-09T04:07:54.203390,https://www.grays.com/lot/0001-9057574/motor-vehicles-motor-cycles/2009-toyota-landcruiser-workmate-4x4-vdj79r-t-diesel-manual-cab-chassis,14,R.V - Baldivis WA,R.V - Baldivis WA,07/03/2025 12.17.35 AM AEDT,"AU $ 7,000",1,0,False
2026-01-09T04:07:54.203390,https://www.grays.com/lot/0001-9057574/motor-vehicles-motor-cycles/2009-toyota-landcruiser-workmate-4x4-vdj79r-t-diesel-manual-cab-chassis,15,D.B - Banyo QLD,D.B - Banyo QLD,07/03/2025 12.02.38 AM AEDT,"AU $ 5,500",1,0,False
2026-01-09T04:07:54.203390,https://www.grays.com/lot/0001-9057574/motor-vehicles-motor-cycles/2009-toyota-landcruiser-workmate-4x4-vdj79r-t-diesel-manual-cab-chassis,16,B.H - CONDINGUP WA,B.H - CONDINGUP WA,06/03/2025 11.14.10 PM AEDT,"AU $ 1,550",1,0,False
2026-01-09T04:07:54.203390,https://www.grays.com/lot/0001-9057574/motor-vehicles-motor-cycles/2009-toyota-landcruiser-workmate-4x4-vdj79r-t-diesel-manual-cab-chassis,17,M.R - ellenbrook WA,M.R - ellenbrook WA,06/03/2025 10.48.09 PM AEDT,"AU $ 1,450",1,0,False
2026-01-09T04:07:54.203390,https://www.grays.com/lot/0001-9057574/motor-vehicles-motor-cycles/2009-toyota-landcruiser-workmate-4x4-vdj79r-t-diesel-manual-cab-chassis,18,D.S - TUART HILL WA,D.S - TUART HILL WA,06/03/2025 10.12.00 PM AEDT,"AU $ 1,350",1,0,False
2026-01-09T04:07:54.203390,https://www.grays.com/lot/0001-9057574/motor-vehicles-motor-cycles/2009-toyota-landcruiser-workmate-4x4-vdj79r-t-diesel-manual-cab-chassis,19,m.n - Lake grace WA,m.n - Lake grace WA,06/03/2025 10.04.19 PM AEDT,"AU $ 1,250",1,0,False
2026-01-09T04:07:54.203390,https://www.grays.com/lot/0001-9057574/motor-vehicles-motor-cycles/2009-toyota-landcruiser-workmate-4x4-vdj79r-t-diesel-manual-cab-chassis,20,D.P - Beverley WA,D.P - Beverley WA,06/03/2025 10.00.35 PM AEDT,"AU $ 1,150",1,0,False
2026-01-09T04:07:54.203390,https://www.grays.com/lot/0001-9057574/motor-vehicles-motor-cycles/2009-toyota-landcruiser-workmate-4x4-vdj79r-t-diesel-manual-cab-chassis,21,C.N - CRAIGIE WA,C.N - CRAIGIE WA,06/03/2025 9.39.38 PM AEDT,"AU $ 1,050",1,0,False
2026-01-09T04:07:54.203390,https://www.grays.com/lot/0001-9057574/motor-vehicles-motor-cycles/2009-toyota-landcruiser-workmate-4x4-vdj79r-t-diesel-manual-cab-chassis,22,S.K - Nairne SA,S.K - Nairne SA,06/03/2025 9.30.09 PM AEDT,"AU $ 1,000",1,0,False
2026-01-09T04:07:54.203390,https://www.grays.com/lot/0001-9057574/motor-vehicles-motor-cycles/2009-toyota-landcruiser-workmate-4x4-vdj79r-t-diesel-manual-cab-chassis,23,E.D - canning vale WA,E.D - canning vale WA,06/03/2025 9.16.42 PM AEDT,AU $ 50,1,0,False
2026-01-09T04:08:03.626595,https://www.grays.com/lot/0001-21045457/motor-vehicles-motor-cycles/2003-porsche-cayenne-s-automatic-wagon,1,J.H - PRAHRAN VIC,J.H - PRAHRAN VIC,23/03/2025 6.17.17 PM AEDT,"AU $ 9,255",1,1,False
2026-01-09T04:08:03.626595,https://www.grays.com/lot/0001-21045457/motor-vehicles-motor-cycles/2003-porsche-cayenne-s-automatic-wagon,2,c.g - wyndham vale VIC,c.g - wyndham vale VIC,23/03/2025 3.38.03 PM AEDT,"AU $ 9,155",1,0,False
2026-01-09T04:08:03.626595,https://www.grays.com/lot/0001-21045457/motor-vehicles-motor-cycles/2003-porsche-cayenne-s-automatic-wagon,3,G.D - Clearview SA,G.D - Clearview SA,23/03/2025 2.54.20 PM AEDT,"AU $ 5,000",1,0,False
2026-01-09T04:08:03.626595,https://www.grays.com/lot/0001-21045457/motor-vehicles-motor-cycles/2003-porsche-cayenne-s-automatic-wagon,4,E.D - MELTON SOUTH VIC,E.D - MELTON SOUTH VIC,23/03/2025 1.18.53 PM AEDT,"AU $ 3,009",1,0,False
2026-01-09T04:08:03.626595,https://www.grays.com/lot/0001-21045457/motor-vehicles-motor-cycles/2003-porsche-cayenne-s-automatic-wagon,5,D.O - Ngunnawal ACT,D.O - Ngunnawal ACT,22/03/2025 4.53.04 PM AEDT,"AU $ 2,609",1,0,False
2026-01-09T04:08:03.626595,https://www.grays.com/lot/0001-21045457/motor-vehicles-motor-cycles/2003-porsche-cayenne-s-automatic-wagon,6,J.l - Craigieburn VIC,J.l - Craigieburn VIC,22/03/2025 9.20.00 AM AEDT,"AU $ 2,409",1,0,False
2026-01-09T04:08:03.626595,https://www.grays.com/lot/0001-21045457/motor-vehicles-motor-cycles/2003-porsche-cayenne-s-automatic-wagon,7,S.D - Cecil hills NSW,S.D - Cecil hills NSW,22/03/2025 6.54.49 AM AEDT,"AU $ 2,309",1,0,False
2026-01-09T04:08:03.626595,https://www.grays.com/lot/0001-21045457/motor-vehicles-motor-cycles/2003-porsche-cayenne-s-automatic-wagon,8,C.K - LAVERTON NORTH VIC,C.K - LAVERTON NORTH VIC,21/03/2025 10.53.31 AM AEDT,"AU $ 2,109",1,0,False
2026-01-09T04:08:03.626595,https://www.grays.com/lot/0001-21045457/motor-vehicles-motor-cycles/2003-porsche-cayenne-s-automatic-wagon,9,a.t - hillside VIC,a.t - hillside VIC,20/03/2025 10.14.04 PM AEDT,"AU $ 1,910",1,0,False
2026-01-09T04:08:03.626595,https://www.grays.com/lot/0001-21045457/motor-vehicles-motor-cycles/2003-porsche-cayenne-s-automatic-wagon,10,M.J - Parafield Gardens SA,M.J - Parafield Gardens SA,20/03/2025 10.12.54 PM AEDT,"AU $ 1,709",1,0,False
2026-01-09T04:08:03.626595,https://www.grays.com/lot/0001-21045457/motor-vehicles-motor-cycles/2003-porsche-cayenne-s-automatic-wagon,11,I.R - Avoca VIC,I.R - Avoca VIC,19/03/2025 9.38.21 PM AEDT,"AU $ 1,509",1,0,False
2026-01-09T04:08:03.626595,https://www.grays.com/lot/0001-21045457/motor-vehicles-motor-cycles/2003-porsche-cayenne-s-automatic-wagon,12,L.M - Frankston South VIC,L.M - Frankston South VIC,19/03/2025 7.55.07 PM AEDT,"AU $ 1,500",1,0,False
2026-01-09T04:08:03.626595,https://www.grays.com/lot/0001-21045457/motor-vehicles-motor-cycles/2003-porsche-cayenne-s-automatic-wagon,13,f.p - Cranbourne VIC,f.p - Cranbourne VIC,19/03/2025 9.30.30 PM AEDT,"AU $ 1,409",1,0,False
2026-01-09T04:08:03.626595,https://www.grays.com/lot/0001-21045457/motor-vehicles-motor-cycles/2003-porsche-cayenne-s-automatic-wagon,14,N.R - Lockwood South VIC,N.R - Lockwood South VIC,19/03/2025 9.10.37 PM AEDT,"AU $ 1,309",1,0,False
2026-01-09T04:08:03.626595,https://www.grays.com/lot/0001-21045457/motor-vehicles-motor-cycles/2003-porsche-cayenne-s-automatic-wagon,15,k.m - Armstrong Creek VIC,k.m - Armstrong Creek VIC,19/03/2025 11.28.23 AM AEDT,AU $ 609,1,0,False
2026-01-09T04:08:03.626595,https://www.grays.com/lot/0001-21045457/motor-vehicles-motor-cycles/2003-porsche-cayenne-s-automatic-wagon,16,A.K - craigieburn VIC,A.K - craigieburn VIC,19/03/2025 5.57.42 AM AEDT,AU $ 509,1,0,False
2026-01-09T04:08:03.626595,https://www.grays.com/lot/0001-21045457/motor-vehicles-motor-cycles/2003-porsche-cayenne-s-automatic-wagon,17,A.A - Dandenong north VIC,A.A - Dandenong north VIC,19/03/2025 2.01.38 AM AEDT,AU $ 409,1,0,False
2026-01-09T04:08:03.626595,https://www.grays.com/lot/0001-21045457/motor-vehicles-motor-cycles/2003-porsche-cayenne-s-automatic-wagon,18,r.p - seaford VIC,r.p - seaford VIC,19/03/2025 1.04.39 AM AEDT,AU $ 309,1,0,False
2026-01-09T04:08:03.626595,https://www.grays.com/lot/0001-21045457/motor-vehicles-motor-cycles/2003-porsche-cayenne-s-automatic-wagon,19,P.C - Ivanhoe VIC,P.C - Ivanhoe VIC,19/03/2025 12.15.21 AM AEDT,AU $ 209,1,0,False
2026-01-09T04:09:24.821605,https://www.grays.com/lot/0001-21044862/motor-vehicles-motor-cycles/2003-toyota-landcruiser-sahara-4x4-uzj100r-automatic-7-seats-wagon,1,K.S - Cranbourne East VIC,K.S - Cranbourne East VIC,11/03/2025 8.58.35 PM AEDT,"AU $ 18,100",1,1,False
2026-01-09T04:09:24.821605,https://www.grays.com/lot/0001-21044862/motor-vehicles-motor-cycles/2003-toyota-landcruiser-sahara-4x4-uzj100r-automatic-7-seats-wagon,2,c.t - st albans VIC,c.t - st albans VIC,11/03/2025 8.40.50 PM AEDT,"AU $ 18,000",1,0,False
2026-01-09T04:09:24.821605,https://www.grays.com/lot/0001-21044862/motor-vehicles-motor-cycles/2003-toyota-landcruiser-sahara-4x4-uzj100r-automatic-7-seats-wagon,3,M.C - GREENSBOROUGH VIC,M.C - GREENSBOROUGH VIC,11/03/2025 8.04.56 PM AEDT,"AU $ 10,200",1,0,False
2026-01-09T04:09:24.821605,https://www.grays.com/lot/0001-21044862/motor-vehicles-motor-cycles/2003-toyota-landcruiser-sahara-4x4-uzj100r-automatic-7-seats-wagon,4,K.S - Keysborough VIC,K.S - Keysborough VIC,11/03/2025 7.57.53 PM AEDT,"AU $ 9,500",1,0,False
2026-01-09T04:09:24.821605,https://www.grays.com/lot/0001-21044862/motor-vehicles-motor-cycles/2003-toyota-landcruiser-sahara-4x4-uzj100r-automatic-7-seats-wagon,5,C.C - Bacchus Marsh VIC,C.C - Bacchus Marsh VIC,11/03/2025 7.55.41 PM AEDT,"AU $ 9,000",1,0,False
2026-01-09T04:09:24.821605,https://www.grays.com/lot/0001-21044862/motor-vehicles-motor-cycles/2003-toyota-landcruiser-sahara-4x4-uzj100r-automatic-7-seats-wagon,6,C.R - Seville VIC,C.R - Seville VIC,11/03/2025 7.50.17 PM AEDT,"AU $ 8,000",1,0,False
2026-01-09T04:09:24.821605,https://www.grays.com/lot/0001-21044862/motor-vehicles-motor-cycles/2003-toyota-landcruiser-sahara-4x4-uzj100r-automatic-7-seats-wagon,7,S.K - Nairne SA,S.K - Nairne SA,11/03/2025 4.17.39 PM AEDT,"AU $ 7,000",1,0,False
2026-01-09T04:09:24.821605,https://www.grays.com/lot/0001-21044862/motor-vehicles-motor-cycles/2003-toyota-landcruiser-sahara-4x4-uzj100r-automatic-7-seats-wagon,8,W.A - BELLAMACK NT,W.A - BELLAMACK NT,11/03/2025 2.36.43 PM AEDT,"AU $ 6,900",1,0,False
2026-01-09T04:09:24.821605,https://www.grays.com/lot/0001-21044862/motor-vehicles-motor-cycles/2003-toyota-landcruiser-sahara-4x4-uzj100r-automatic-7-seats-wagon,9,R.C - SANDY BAY TAS,R.C - SANDY BAY TAS,11/03/2025 8.10.03 AM AEDT,"AU $ 6,700",1,0,False
2026-01-09T04:09:24.821605,https://www.grays.com/lot/0001-21044862/motor-vehicles-motor-cycles/2003-toyota-landcruiser-sahara-4x4-uzj100r-automatic-7-seats-wagon,10,A.W - Walkerville VIC,A.W - Walkerville VIC,10/03/2025 8.58.02 PM AEDT,"AU $ 6,600",1,0,False
2026-01-09T04:09:24.821605,https://www.grays.com/lot/0001-21044862/motor-vehicles-motor-cycles/2003-toyota-landcruiser-sahara-4x4-uzj100r-automatic-7-seats-wagon,11,T.o - aratula QLD,T.o - aratula QLD,10/03/2025 1.33.35 PM AEDT,"AU $ 6,400",1,0,False
2026-01-09T04:09:24.821605,https://www.grays.com/lot/0001-21044862/motor-vehicles-motor-cycles/2003-toyota-landcruiser-sahara-4x4-uzj100r-automatic-7-seats-wagon,12,S.m - Glen eden QLD,S.m - Glen eden QLD,07/03/2025 4.48.10 PM AEDT,"AU $ 6,000",1,0,False
2026-01-09T04:09:24.821605,https://www.grays.com/lot/0001-21044862/motor-vehicles-motor-cycles/2003-toyota-landcruiser-sahara-4x4-uzj100r-automatic-7-seats-wagon,13,A.K - Glenroy VIC,A.K - Glenroy VIC,07/03/2025 11.35.35 AM AEDT,"AU $ 5,900",1,0,False
2026-01-09T04:09:24.821605,https://www.grays.com/lot/0001-21044862/motor-vehicles-motor-cycles/2003-toyota-landcruiser-sahara-4x4-uzj100r-automatic-7-seats-wagon,14,J.K - Sandy Bay TAS,J.K - Sandy Bay TAS,07/03/2025 8.27.52 AM AEDT,"AU $ 5,800",1,0,False
2026-01-09T04:09:24.821605,https://www.grays.com/lot/0001-21044862/motor-vehicles-motor-cycles/2003-toyota-landcruiser-sahara-4x4-uzj100r-automatic-7-seats-wagon,15,J.M - Summertown SA,J.M - Summertown SA,06/03/2025 8.30.24 PM AEDT,"AU $ 5,600",1,0,False
2026-01-09T04:09:24.821605,https://www.grays.com/lot/0001-21044862/motor-vehicles-motor-cycles/2003-toyota-landcruiser-sahara-4x4-uzj100r-automatic-7-seats-wagon,16,K.C - BELLFIELD VIC,K.C - BELLFIELD VIC,06/03/2025 11.28.25 AM AEDT,"AU $ 5,400",1,0,False
2026-01-09T04:09:24.821605,https://www.grays.com/lot/0001-21044862/motor-vehicles-motor-cycles/2003-toyota-landcruiser-sahara-4x4-uzj100r-automatic-7-seats-wagon,17,S.L - Parramatta NSW,S.L - Parramatta NSW,05/03/2025 10.32.57 PM AEDT,"AU $ 5,200",1,0,False
2026-01-09T04:09:24.821605,https://www.grays.com/lot/0001-21044862/motor-vehicles-motor-cycles/2003-toyota-landcruiser-sahara-4x4-uzj100r-automatic-7-seats-wagon,18,J.H - Manning WA,J.H - Manning WA,05/03/2025 9.15.34 PM AEDT,"AU $ 5,000",1,0,False
2026-01-09T04:09:24.821605,https://www.grays.com/lot/0001-21044862/motor-vehicles-motor-cycles/2003-toyota-landcruiser-sahara-4x4-uzj100r-automatic-7-seats-wagon,19,B.W - East Bendigo VIC,B.W - East Bendigo VIC,05/03/2025 6.39.12 PM AEDT,"AU $ 2,100",1,0,False
2026-01-09T04:09:24.821605,https://www.grays.com/lot/0001-21044862/motor-vehicles-motor-cycles/2003-toyota-landcruiser-sahara-4x4-uzj100r-automatic-7-seats-wagon,20,b.g - Fern bay NSW,b.g - Fern bay NSW,05/03/2025 7.30.08 PM AEDT,"AU $ 1,000",1,0,False
2026-01-09T04:09:24.821605,https://www.grays.com/lot/0001-21044862/motor-vehicles-motor-cycles/2003-toyota-landcruiser-sahara-4x4-uzj100r-automatic-7-seats-wagon,21,T.W - Boronia VIC,T.W - Boronia VIC,05/03/2025 4.31.57 PM AEDT,AU $ 9,1,0,False
2026-01-09T04:09:28.050329,https://www.grays.com/lot/0001-21045327/motor-vehicles-motor-cycles/2014-jeep-grand-cherokee-srt-8-wk-automatic-8-speed-wagon,1,T.b - sunbury VIC,T.b - sunbury VIC,17/03/2025 6.39.33 PM AEDT,"AU $ 44,500",1,1,False
2026-01-09T04:09:28.050329,https://www.grays.com/lot/0001-21045327/motor-vehicles-motor-cycles/2014-jeep-grand-cherokee-srt-8-wk-automatic-8-speed-wagon,2,P.p - BLACKBURN VIC,P.p - BLACKBURN VIC,17/03/2025 4.49.13 PM AEDT,"AU $ 42,500",1,0,False
2026-01-09T04:09:28.050329,https://www.grays.com/lot/0001-21045327/motor-vehicles-motor-cycles/2014-jeep-grand-cherokee-srt-8-wk-automatic-8-speed-wagon,3,M.T - Glenroy VIC,M.T - Glenroy VIC,17/03/2025 3.12.55 PM AEDT,"AU $ 36,620",1,0,False
2026-01-09T04:09:28.050329,https://www.grays.com/lot/0001-21045327/motor-vehicles-motor-cycles/2014-jeep-grand-cherokee-srt-8-wk-automatic-8-speed-wagon,4,Y.R - Essendon VIC,Y.R - Essendon VIC,17/03/2025 12.29.13 PM AEDT,"AU $ 32,000",1,0,False
2026-01-09T04:09:28.050329,https://www.grays.com/lot/0001-21045327/motor-vehicles-motor-cycles/2014-jeep-grand-cherokee-srt-8-wk-automatic-8-speed-wagon,5,S.K - Ellenbrook WA,S.K - Ellenbrook WA,16/03/2025 11.49.11 PM AEDT,"AU $ 16,600",1,0,False
2026-01-09T04:09:28.050329,https://www.grays.com/lot/0001-21045327/motor-vehicles-motor-cycles/2014-jeep-grand-cherokee-srt-8-wk-automatic-8-speed-wagon,6,A.W - ROSEBERY NT,A.W - ROSEBERY NT,16/03/2025 10.01.36 PM AEDT,"AU $ 16,500",1,0,False
2026-01-09T04:09:28.050329,https://www.grays.com/lot/0001-21045327/motor-vehicles-motor-cycles/2014-jeep-grand-cherokee-srt-8-wk-automatic-8-speed-wagon,7,B.L - Clyde north VIC,B.L - Clyde north VIC,16/03/2025 11.54.45 AM AEDT,"AU $ 16,400",1,0,False
2026-01-09T04:09:28.050329,https://www.grays.com/lot/0001-21045327/motor-vehicles-motor-cycles/2014-jeep-grand-cherokee-srt-8-wk-automatic-8-speed-wagon,8,N.J - Cedar grove QLD,N.J - Cedar grove QLD,15/03/2025 10.18.29 PM AEDT,"AU $ 16,300",1,0,False
2026-01-09T04:09:28.050329,https://www.grays.com/lot/0001-21045327/motor-vehicles-motor-cycles/2014-jeep-grand-cherokee-srt-8-wk-automatic-8-speed-wagon,9,A.W - Tooperang SA,A.W - Tooperang SA,15/03/2025 1.29.58 PM AEDT,"AU $ 16,200",1,0,False
2026-01-09T04:09:28.050329,https://www.grays.com/lot/0001-21045327/motor-vehicles-motor-cycles/2014-jeep-grand-cherokee-srt-8-wk-automatic-8-speed-wagon,10,A.M - Melton VIC,A.M - Melton VIC,15/03/2025 12.11.41 AM AEDT,"AU $ 16,100",1,0,False
2026-01-09T04:09:28.050329,https://www.grays.com/lot/0001-21045327/motor-vehicles-motor-cycles/2014-jeep-grand-cherokee-srt-8-wk-automatic-8-speed-wagon,11,U.U - Roxburgh Park VIC,U.U - Roxburgh Park VIC,14/03/2025 11.48.50 PM AEDT,"AU $ 14,400",1,0,False
2026-01-09T04:09:28.050329,https://www.grays.com/lot/0001-21045327/motor-vehicles-motor-cycles/2014-jeep-grand-cherokee-srt-8-wk-automatic-8-speed-wagon,12,I.A - Austral NSW,I.A - Austral NSW,13/03/2025 9.27.11 PM AEDT,"AU $ 12,800",1,0,False
2026-01-09T04:09:28.050329,https://www.grays.com/lot/0001-21045327/motor-vehicles-motor-cycles/2014-jeep-grand-cherokee-srt-8-wk-automatic-8-speed-wagon,13,E.S - Blacktown NSW,E.S - Blacktown NSW,13/03/2025 8.16.27 PM AEDT,"AU $ 12,300",1,0,False
2026-01-09T04:09:28.050329,https://www.grays.com/lot/0001-21045327/motor-vehicles-motor-cycles/2014-jeep-grand-cherokee-srt-8-wk-automatic-8-speed-wagon,14,R.T - Dandenong VIC,R.T - Dandenong VIC,13/03/2025 8.52.31 AM AEDT,"AU $ 12,100",1,0,False
2026-01-09T04:09:28.050329,https://www.grays.com/lot/0001-21045327/motor-vehicles-motor-cycles/2014-jeep-grand-cherokee-srt-8-wk-automatic-8-speed-wagon,15,S.D - South Morang VIC,S.D - South Morang VIC,12/03/2025 10.11.40 PM AEDT,"AU $ 10,300",1,0,False
2026-01-09T04:09:28.050329,https://www.grays.com/lot/0001-21045327/motor-vehicles-motor-cycles/2014-jeep-grand-cherokee-srt-8-wk-automatic-8-speed-wagon,16,M.h - Arana hills QLD,M.h - Arana hills QLD,12/03/2025 9.07.06 PM AEDT,"AU $ 5,800",1,0,False
2026-01-09T04:09:28.050329,https://www.grays.com/lot/0001-21045327/motor-vehicles-motor-cycles/2014-jeep-grand-cherokee-srt-8-wk-automatic-8-speed-wagon,17,Z.M - Mill Park VIC,Z.M - Mill Park VIC,12/03/2025 9.04.28 PM AEDT,"AU $ 5,500",1,0,False
2026-01-09T04:09:28.050329,https://www.grays.com/lot/0001-21045327/motor-vehicles-motor-cycles/2014-jeep-grand-cherokee-srt-8-wk-automatic-8-speed-wagon,18,A.A - Narre Warren south VIC,A.A - Narre Warren south VIC,12/03/2025 8.55.59 PM AEDT,"AU $ 5,200",1,0,False
2026-01-09T04:09:28.050329,https://www.grays.com/lot/0001-21045327/motor-vehicles-motor-cycles/2014-jeep-grand-cherokee-srt-8-wk-automatic-8-speed-wagon,19,M.C - GREENSBOROUGH VIC,M.C - GREENSBOROUGH VIC,12/03/2025 8.23.40 PM AEDT,"AU $ 5,100",1,0,False
2026-01-09T04:09:28.050329,https://www.grays.com/lot/0001-21045327/motor-vehicles-motor-cycles/2014-jeep-grand-cherokee-srt-8-wk-automatic-8-speed-wagon,20,G.M - Ulverstone TAS,G.M - Ulverstone TAS,12/03/2025 8.18.04 PM AEDT,"AU $ 1,209",1,0,False
2026-01-09T04:09:28.050329,https://www.grays.com/lot/0001-21045327/motor-vehicles-motor-cycles/2014-jeep-grand-cherokee-srt-8-wk-automatic-8-speed-wagon,21,G.L - Hampton Park VIC,G.L - Hampton Park VIC,12/03/2025 7.12.56 PM AEDT,"AU $ 1,109",1,0,False
2026-01-09T04:09:28.050329,https://www.grays.com/lot/0001-21045327/motor-vehicles-motor-cycles/2014-jeep-grand-cherokee-srt-8-wk-automatic-8-speed-wagon,22,A.Z - Cedar grove QLD,A.Z - Cedar grove QLD,12/03/2025 6.39.41 PM AEDT,"AU $ 1,009",1,0,False
2026-01-09T04:09:28.050329,https://www.grays.com/lot/0001-21045327/motor-vehicles-motor-cycles/2014-jeep-grand-cherokee-srt-8-wk-automatic-8-speed-wagon,23,V.B - Richmond VIC,V.B - Richmond VIC,12/03/2025 5.45.12 PM AEDT,AU $ 409,1,0,False
2026-01-09T04:09:28.050329,https://www.grays.com/lot/0001-21045327/motor-vehicles-motor-cycles/2014-jeep-grand-cherokee-srt-8-wk-automatic-8-speed-wagon,24,S.J - Cranbourne North VIC,S.J - Cranbourne North VIC,12/03/2025 5.19.45 PM AEDT,AU $ 209,1,0,False
2026-01-09T04:09:30.814882,https://www.grays.com/lot/0001-21045442/motor-vehicles-motor-cycles/2014-mazda-cx-9-grand-touring-automatic-7-seats-wagon,1,S.G - Ulverstone TAS,S.G - Ulverstone TAS,19/03/2025 6.43.54 PM AEDT,"AU $ 9,009",1,1,False
2026-01-09T04:09:34.455964,https://www.grays.com/lot/0001-21045980/motor-vehicles-motor-cycles/2014-jeep-grand-cherokee-srt-8-wk-automatic-8-speed-wagon,1,J.L - Bellbird Park QLD,J.L - Bellbird Park QLD,27/03/2025 9.07.50 PM AEDT,"AU $ 21,701",1,1,False
2026-01-09T04:09:34.455964,https://www.grays.com/lot/0001-21045980/motor-vehicles-motor-cycles/2014-jeep-grand-cherokee-srt-8-wk-automatic-8-speed-wagon,2,R.M - Hampton park VIC,R.M - Hampton park VIC,27/03/2025 9.17.02 PM AEDT,"AU $ 21,701",1,0,False
2026-01-09T04:09:34.455964,https://www.grays.com/lot/0001-21045980/motor-vehicles-motor-cycles/2014-jeep-grand-cherokee-srt-8-wk-automatic-8-speed-wagon,3,J.W - Frankston VIC,J.W - Frankston VIC,27/03/2025 9.00.41 PM AEDT,"AU $ 21,350",1,0,False
2026-01-09T04:09:34.455964,https://www.grays.com/lot/0001-21045980/motor-vehicles-motor-cycles/2014-jeep-grand-cherokee-srt-8-wk-automatic-8-speed-wagon,4,B.t - ELIZABETH SOUTH SA,B.t - ELIZABETH SOUTH SA,27/03/2025 8.38.52 PM AEDT,"AU $ 20,100",1,0,False
2026-01-09T04:09:34.455964,https://www.grays.com/lot/0001-21045980/motor-vehicles-motor-cycles/2014-jeep-grand-cherokee-srt-8-wk-automatic-8-speed-wagon,5,B.L - Clyde north VIC,B.L - Clyde north VIC,27/03/2025 8.30.35 PM AEDT,"AU $ 19,200",1,0,False
2026-01-09T04:09:34.455964,https://www.grays.com/lot/0001-21045980/motor-vehicles-motor-cycles/2014-jeep-grand-cherokee-srt-8-wk-automatic-8-speed-wagon,6,K.K - Noble park VIC,K.K - Noble park VIC,27/03/2025 7.21.10 PM AEDT,"AU $ 16,200",1,0,False
2026-01-09T04:09:34.455964,https://www.grays.com/lot/0001-21045980/motor-vehicles-motor-cycles/2014-jeep-grand-cherokee-srt-8-wk-automatic-8-speed-wagon,7,A.S - DEANSIDE VIC,A.S - DEANSIDE VIC,27/03/2025 6.28.08 PM AEDT,"AU $ 14,000",1,0,False
2026-01-09T04:09:34.455964,https://www.grays.com/lot/0001-21045980/motor-vehicles-motor-cycles/2014-jeep-grand-cherokee-srt-8-wk-automatic-8-speed-wagon,8,k.A - Gladstone park VIC,k.A - Gladstone park VIC,27/03/2025 6.22.41 PM AEDT,"AU $ 11,400",1,0,False
2026-01-09T04:09:34.455964,https://www.grays.com/lot/0001-21045980/motor-vehicles-motor-cycles/2014-jeep-grand-cherokee-srt-8-wk-automatic-8-speed-wagon,9,A.C - AUSTRALIND WA,A.C - AUSTRALIND WA,27/03/2025 6.03.49 PM AEDT,"AU $ 11,200",1,0,False
2026-01-09T04:09:34.455964,https://www.grays.com/lot/0001-21045980/motor-vehicles-motor-cycles/2014-jeep-grand-cherokee-srt-8-wk-automatic-8-speed-wagon,10,Y.Y - EIGHT MILE PLAINS QLD,Y.Y - EIGHT MILE PLAINS QLD,27/03/2025 3.21.41 PM AEDT,"AU $ 10,700",1,0,False
2026-01-09T04:09:34.455964,https://www.grays.com/lot/0001-21045980/motor-vehicles-motor-cycles/2014-jeep-grand-cherokee-srt-8-wk-automatic-8-speed-wagon,11,K.Y - Smithfield NSW,K.Y - Smithfield NSW,27/03/2025 11.26.58 AM AEDT,"AU $ 10,600",1,0,False
2026-01-09T04:09:34.455964,https://www.grays.com/lot/0001-21045980/motor-vehicles-motor-cycles/2014-jeep-grand-cherokee-srt-8-wk-automatic-8-speed-wagon,12,h.g - ROXBURGH PARK VIC,h.g - ROXBURGH PARK VIC,27/03/2025 10.34.26 AM AEDT,"AU $ 10,400",1,0,False
2026-01-09T04:09:34.455964,https://www.grays.com/lot/0001-21045980/motor-vehicles-motor-cycles/2014-jeep-grand-cherokee-srt-8-wk-automatic-8-speed-wagon,13,A.D - Mickleham VIC,A.D - Mickleham VIC,27/03/2025 6.08.08 AM AEDT,"AU $ 10,300",1,0,False
2026-01-09T04:09:34.455964,https://www.grays.com/lot/0001-21045980/motor-vehicles-motor-cycles/2014-jeep-grand-cherokee-srt-8-wk-automatic-8-speed-wagon,14,I.U - DERRIMUT VIC,I.U - DERRIMUT VIC,27/03/2025 12.17.48 AM AEDT,"AU $ 10,200",1,0,False
2026-01-09T04:09:34.455964,https://www.grays.com/lot/0001-21045980/motor-vehicles-motor-cycles/2014-jeep-grand-cherokee-srt-8-wk-automatic-8-speed-wagon,15,a.a - hillside VIC,a.a - hillside VIC,26/03/2025 11.35.09 PM AEDT,"AU $ 10,100",1,0,False
2026-01-09T04:09:34.455964,https://www.grays.com/lot/0001-21045980/motor-vehicles-motor-cycles/2014-jeep-grand-cherokee-srt-8-wk-automatic-8-speed-wagon,16,A.K - Berwick VIC,A.K - Berwick VIC,26/03/2025 11.08.23 PM AEDT,"AU $ 10,000",1,0,False
2026-01-09T04:09:34.455964,https://www.grays.com/lot/0001-21045980/motor-vehicles-motor-cycles/2014-jeep-grand-cherokee-srt-8-wk-automatic-8-speed-wagon,17,E.M - EAST SIDE NT,E.M - EAST SIDE NT,26/03/2025 9.01.35 PM AEDT,"AU $ 7,800",1,0,False
2026-01-09T04:09:34.455964,https://www.grays.com/lot/0001-21045980/motor-vehicles-motor-cycles/2014-jeep-grand-cherokee-srt-8-wk-automatic-8-speed-wagon,18,l.P - Mortlake VIC,l.P - Mortlake VIC,26/03/2025 7.51.03 PM AEDT,"AU $ 7,700",1,0,False
2026-01-09T04:09:34.455964,https://www.grays.com/lot/0001-21045980/motor-vehicles-motor-cycles/2014-jeep-grand-cherokee-srt-8-wk-automatic-8-speed-wagon,19,z.k - wollert VIC,z.k - wollert VIC,26/03/2025 7.22.16 PM AEDT,"AU $ 7,400",1,0,False
2026-01-09T04:09:34.455964,https://www.grays.com/lot/0001-21045980/motor-vehicles-motor-cycles/2014-jeep-grand-cherokee-srt-8-wk-automatic-8-speed-wagon,20,A.M - Loganholme QLD,A.M - Loganholme QLD,26/03/2025 6.40.25 PM AEDT,"AU $ 7,200",1,0,False
2026-01-09T04:09:34.455964,https://www.grays.com/lot/0001-21045980/motor-vehicles-motor-cycles/2014-jeep-grand-cherokee-srt-8-wk-automatic-8-speed-wagon,21,H.T - Lurnea NSW,H.T - Lurnea NSW,26/03/2025 1.44.23 AM AEDT,"AU $ 6,800",1,0,False
2026-01-09T04:09:34.455964,https://www.grays.com/lot/0001-21045980/motor-vehicles-motor-cycles/2014-jeep-grand-cherokee-srt-8-wk-automatic-8-speed-wagon,22,K.L - Derrimut VIC,K.L - Derrimut VIC,25/03/2025 11.17.07 PM AEDT,"AU $ 6,700",1,0,False
2026-01-09T04:09:34.455964,https://www.grays.com/lot/0001-21045980/motor-vehicles-motor-cycles/2014-jeep-grand-cherokee-srt-8-wk-automatic-8-speed-wagon,23,A.A - Dandenong north VIC,A.A - Dandenong north VIC,25/03/2025 10.13.19 PM AEDT,"AU $ 6,600",1,0,False
2026-01-09T04:09:34.455964,https://www.grays.com/lot/0001-21045980/motor-vehicles-motor-cycles/2014-jeep-grand-cherokee-srt-8-wk-automatic-8-speed-wagon,24,M.N - Paralowie SA,M.N - Paralowie SA,25/03/2025 10.02.00 PM AEDT,"AU $ 6,500",1,0,False
2026-01-09T04:09:34.455964,https://www.grays.com/lot/0001-21045980/motor-vehicles-motor-cycles/2014-jeep-grand-cherokee-srt-8-wk-automatic-8-speed-wagon,25,P.K - Wyndham vale VIC,P.K - Wyndham vale VIC,25/03/2025 9.39.57 PM AEDT,"AU $ 6,400",1,0,False
2026-01-09T04:09:34.455964,https://www.grays.com/lot/0001-21045980/motor-vehicles-motor-cycles/2014-jeep-grand-cherokee-srt-8-wk-automatic-8-speed-wagon,26,f.m - taylors lakes VIC,f.m - taylors lakes VIC,25/03/2025 8.56.45 PM AEDT,"AU $ 6,300",1,0,False
2026-01-09T04:09:34.455964,https://www.grays.com/lot/0001-21045980/motor-vehicles-motor-cycles/2014-jeep-grand-cherokee-srt-8-wk-automatic-8-speed-wagon,27,C.P - Craigieburn VIC,C.P - Craigieburn VIC,25/03/2025 4.52.28 PM AEDT,"AU $ 6,200",1,0,False
2026-01-09T04:09:34.455964,https://www.grays.com/lot/0001-21045980/motor-vehicles-motor-cycles/2014-jeep-grand-cherokee-srt-8-wk-automatic-8-speed-wagon,28,N.S - Tarneit VIC,N.S - Tarneit VIC,25/03/2025 5.09.20 PM AEDT,"AU $ 6,000",1,0,False
2026-01-09T04:09:34.455964,https://www.grays.com/lot/0001-21045980/motor-vehicles-motor-cycles/2014-jeep-grand-cherokee-srt-8-wk-automatic-8-speed-wagon,29,M.B - Ormond VIC,M.B - Ormond VIC,25/03/2025 1.26.59 PM AEDT,"AU $ 5,500",1,0,False
2026-01-09T04:09:34.455964,https://www.grays.com/lot/0001-21045980/motor-vehicles-motor-cycles/2014-jeep-grand-cherokee-srt-8-wk-automatic-8-speed-wagon,30,A.Z - Cedar grove QLD,A.Z - Cedar grove QLD,25/03/2025 10.27.14 AM AEDT,"AU $ 5,400",1,0,False
2026-01-09T04:09:34.455964,https://www.grays.com/lot/0001-21045980/motor-vehicles-motor-cycles/2014-jeep-grand-cherokee-srt-8-wk-automatic-8-speed-wagon,31,W.K - Hurstville NSW,W.K - Hurstville NSW,25/03/2025 8.48.14 AM AEDT,"AU $ 5,300",1,0,False
2026-01-09T04:09:34.455964,https://www.grays.com/lot/0001-21045980/motor-vehicles-motor-cycles/2014-jeep-grand-cherokee-srt-8-wk-automatic-8-speed-wagon,32,D.D - DELETED DELETED,D.D - DELETED DELETED,25/03/2025 5.39.16 AM AEDT,"AU $ 5,100",1,0,False
2026-01-09T04:09:34.455964,https://www.grays.com/lot/0001-21045980/motor-vehicles-motor-cycles/2014-jeep-grand-cherokee-srt-8-wk-automatic-8-speed-wagon,33,J.T - Pakenham VIC,J.T - Pakenham VIC,25/03/2025 12.07.38 AM AEDT,"AU $ 5,000",1,0,False
2026-01-09T04:09:34.455964,https://www.grays.com/lot/0001-21045980/motor-vehicles-motor-cycles/2014-jeep-grand-cherokee-srt-8-wk-automatic-8-speed-wagon,34,J.O - St Kilda east VIC,J.O - St Kilda east VIC,24/03/2025 9.43.44 PM AEDT,"AU $ 5,000",1,0,False
2026-01-09T04:09:34.455964,https://www.grays.com/lot/0001-21045980/motor-vehicles-motor-cycles/2014-jeep-grand-cherokee-srt-8-wk-automatic-8-speed-wagon,35,R.M - Yagoona NSW,R.M - Yagoona NSW,24/03/2025 7.28.02 PM AEDT,"AU $ 3,100",1,0,False
2026-01-09T04:09:34.455964,https://www.grays.com/lot/0001-21045980/motor-vehicles-motor-cycles/2014-jeep-grand-cherokee-srt-8-wk-automatic-8-speed-wagon,36,M.C - GREENSBOROUGH VIC,M.C - GREENSBOROUGH VIC,24/03/2025 5.24.02 PM AEDT,AU $ 9,1,0,False
2026-01-09T04:09:52.112042,https://www.grays.com/lot/0001-21046201/motor-vehicles-motor-cycles/2003-porsche-cayenne-s-automatic-wagon,1,C.K - LAVERTON NORTH VIC,C.K - LAVERTON NORTH VIC,31/03/2025 7.56.43 PM AEDT,"AU $ 2,410",1,1,False
2026-01-09T04:09:52.112042,https://www.grays.com/lot/0001-21046201/motor-vehicles-motor-cycles/2003-porsche-cayenne-s-automatic-wagon,2,M.D - Doncaster VIC,M.D - Doncaster VIC,31/03/2025 7.54.09 PM AEDT,"AU $ 2,310",1,0,False
2026-01-09T04:09:52.112042,https://www.grays.com/lot/0001-21046201/motor-vehicles-motor-cycles/2003-porsche-cayenne-s-automatic-wagon,3,M.P - Ringwood VIC,M.P - Ringwood VIC,31/03/2025 7.53.30 PM AEDT,"AU $ 2,210",1,0,False
2026-01-09T04:09:52.112042,https://www.grays.com/lot/0001-21046201/motor-vehicles-motor-cycles/2003-porsche-cayenne-s-automatic-wagon,4,B.G - Pakenham VIC,B.G - Pakenham VIC,31/03/2025 7.51.39 PM AEDT,"AU $ 2,010",1,0,False
2026-01-09T04:09:52.112042,https://www.grays.com/lot/0001-21046201/motor-vehicles-motor-cycles/2003-porsche-cayenne-s-automatic-wagon,5,Y.H - Croydon VIC,Y.H - Croydon VIC,31/03/2025 7.13.09 PM AEDT,"AU $ 1,309",1,0,False
2026-01-09T04:09:52.112042,https://www.grays.com/lot/0001-21046201/motor-vehicles-motor-cycles/2003-porsche-cayenne-s-automatic-wagon,6,S.U - Coolaroo VIC,S.U - Coolaroo VIC,31/03/2025 12.29.06 PM AEDT,"AU $ 1,209",1,0,False
2026-01-09T04:09:52.112042,https://www.grays.com/lot/0001-21046201/motor-vehicles-motor-cycles/2003-porsche-cayenne-s-automatic-wagon,7,k.m - Armstrong Creek VIC,k.m - Armstrong Creek VIC,31/03/2025 12.23.21 PM AEDT,"AU $ 1,109",1,0,False
2026-01-09T04:09:52.112042,https://www.grays.com/lot/0001-21046201/motor-vehicles-motor-cycles/2003-porsche-cayenne-s-automatic-wagon,8,M.M - Pakenham VIC,M.M - Pakenham VIC,30/03/2025 11.49.09 PM AEDT,"AU $ 1,009",1,0,False
2026-01-09T04:09:52.112042,https://www.grays.com/lot/0001-21046201/motor-vehicles-motor-cycles/2003-porsche-cayenne-s-automatic-wagon,9,R.C - Rothwell QLD,R.C - Rothwell QLD,29/03/2025 8.29.53 PM AEDT,AU $ 909,1,0,False
2026-01-09T04:09:52.112042,https://www.grays.com/lot/0001-21046201/motor-vehicles-motor-cycles/2003-porsche-cayenne-s-automatic-wagon,10,L.K - Lidcombe NSW,L.K - Lidcombe NSW,29/03/2025 7.03.18 PM AEDT,AU $ 809,1,0,False
2026-01-09T04:09:52.112042,https://www.grays.com/lot/0001-21046201/motor-vehicles-motor-cycles/2003-porsche-cayenne-s-automatic-wagon,11,S.M - Hastings VIC,S.M - Hastings VIC,27/03/2025 10.48.23 PM AEDT,AU $ 609,1,0,False
2026-01-09T04:09:52.112042,https://www.grays.com/lot/0001-21046201/motor-vehicles-motor-cycles/2003-porsche-cayenne-s-automatic-wagon,12,P.T - PARKWOOD QLD,P.T - PARKWOOD QLD,27/03/2025 9.17.11 PM AEDT,AU $ 509,1,0,False
2026-01-09T04:09:52.112042,https://www.grays.com/lot/0001-21046201/motor-vehicles-motor-cycles/2003-porsche-cayenne-s-automatic-wagon,13,V.H - west ryde NSW,V.H - west ryde NSW,27/03/2025 5.53.20 PM AEDT,AU $ 309,1,0,False
2026-01-09T04:09:58.319835,https://www.grays.com/lot/0001-9058460/motor-vehicles-motor-cycles/2009-toyota-landcruiser-workmate-4x4-vdj79r-t-d-manual-cab-chassis,1,D.J - KINGSLEY WA,D.J - KINGSLEY WA,08/04/2025 10.20.05 PM AEST,"AU $ 12,200",1,1,False
2026-01-09T04:09:58.319835,https://www.grays.com/lot/0001-9058460/motor-vehicles-motor-cycles/2009-toyota-landcruiser-workmate-4x4-vdj79r-t-d-manual-cab-chassis,2,T.H - Green valley NSW,T.H - Green valley NSW,08/04/2025 10.04.39 PM AEST,"AU $ 12,100",1,0,False
2026-01-09T04:09:58.319835,https://www.grays.com/lot/0001-9058460/motor-vehicles-motor-cycles/2009-toyota-landcruiser-workmate-4x4-vdj79r-t-d-manual-cab-chassis,3,K.J - Somerton VIC,K.J - Somerton VIC,07/04/2025 6.33.05 PM AEST,"AU $ 12,000",1,0,False
2026-01-09T04:09:58.319835,https://www.grays.com/lot/0001-9058460/motor-vehicles-motor-cycles/2009-toyota-landcruiser-workmate-4x4-vdj79r-t-d-manual-cab-chassis,4,M.W - RIVERTON WA,M.W - RIVERTON WA,08/04/2025 9.04.58 PM AEST,"AU $ 10,500",1,0,False
2026-01-09T04:09:58.319835,https://www.grays.com/lot/0001-9058460/motor-vehicles-motor-cycles/2009-toyota-landcruiser-workmate-4x4-vdj79r-t-d-manual-cab-chassis,5,D.H - SMITHFIELD NSW,D.H - SMITHFIELD NSW,08/04/2025 7.28.54 PM AEST,"AU $ 10,400",1,0,False
2026-01-09T04:09:58.319835,https://www.grays.com/lot/0001-9058460/motor-vehicles-motor-cycles/2009-toyota-landcruiser-workmate-4x4-vdj79r-t-d-manual-cab-chassis,6,T.M - Mudgee NSW,T.M - Mudgee NSW,06/04/2025 11.03.22 PM AEST,"AU $ 10,000",1,0,False
2026-01-09T04:09:58.319835,https://www.grays.com/lot/0001-9058460/motor-vehicles-motor-cycles/2009-toyota-landcruiser-workmate-4x4-vdj79r-t-d-manual-cab-chassis,7,L.L - Gnowangerup WA,L.L - Gnowangerup WA,05/04/2025 1.13.25 AM AEDT,"AU $ 9,000",1,0,False
2026-01-09T04:09:58.319835,https://www.grays.com/lot/0001-9058460/motor-vehicles-motor-cycles/2009-toyota-landcruiser-workmate-4x4-vdj79r-t-d-manual-cab-chassis,8,B.H - CONDINGUP WA,B.H - CONDINGUP WA,06/04/2025 5.08.52 PM AEST,"AU $ 8,600",1,0,False
2026-01-09T04:09:58.319835,https://www.grays.com/lot/0001-9058460/motor-vehicles-motor-cycles/2009-toyota-landcruiser-workmate-4x4-vdj79r-t-d-manual-cab-chassis,9,m.R - Cape Jervis SA,m.R - Cape Jervis SA,05/04/2025 9.12.10 PM AEDT,"AU $ 8,500",1,0,False
2026-01-09T04:09:58.319835,https://www.grays.com/lot/0001-9058460/motor-vehicles-motor-cycles/2009-toyota-landcruiser-workmate-4x4-vdj79r-t-d-manual-cab-chassis,10,J.w - gosnells WA,J.w - gosnells WA,05/04/2025 12.16.18 AM AEDT,"AU $ 8,000",1,0,False
2026-01-09T04:09:58.319835,https://www.grays.com/lot/0001-9058460/motor-vehicles-motor-cycles/2009-toyota-landcruiser-workmate-4x4-vdj79r-t-d-manual-cab-chassis,11,J.T - Armadale WA,J.T - Armadale WA,04/04/2025 9.54.07 AM AEDT,"AU $ 5,800",1,0,False
2026-01-09T04:09:58.319835,https://www.grays.com/lot/0001-9058460/motor-vehicles-motor-cycles/2009-toyota-landcruiser-workmate-4x4-vdj79r-t-d-manual-cab-chassis,12,A.G - Coogee WA,A.G - Coogee WA,03/04/2025 9.52.19 PM AEDT,"AU $ 5,700",1,0,False
2026-01-09T04:09:58.319835,https://www.grays.com/lot/0001-9058460/motor-vehicles-motor-cycles/2009-toyota-landcruiser-workmate-4x4-vdj79r-t-d-manual-cab-chassis,13,P.Z - Girraween NSW,P.Z - Girraween NSW,03/04/2025 7.57.59 PM AEDT,"AU $ 4,307",1,0,False
2026-01-09T04:10:01.060428,https://www.grays.com/lot/0001-21047163/motor-vehicles-motor-cycles/2007-bmw-x5-3-0d-e70-turbo-diesel-automatic-7-seats-wagon,1,R.H - Sunbury VIC,R.H - Sunbury VIC,14/04/2025 8.12.31 PM AEST,"AU $ 5,100",1,1,False
2026-01-09T04:10:01.060428,https://www.grays.com/lot/0001-21047163/motor-vehicles-motor-cycles/2007-bmw-x5-3-0d-e70-turbo-diesel-automatic-7-seats-wagon,2,M.W - CHELSEA HEIGHTS VIC,M.W - CHELSEA HEIGHTS VIC,14/04/2025 8.12.13 PM AEST,"AU $ 5,000",1,0,False
2026-01-09T04:10:01.060428,https://www.grays.com/lot/0001-21047163/motor-vehicles-motor-cycles/2007-bmw-x5-3-0d-e70-turbo-diesel-automatic-7-seats-wagon,3,M.I - DALLAS VIC,M.I - DALLAS VIC,14/04/2025 8.10.56 PM AEST,"AU $ 4,800",1,0,False
2026-01-09T04:10:01.060428,https://www.grays.com/lot/0001-21047163/motor-vehicles-motor-cycles/2007-bmw-x5-3-0d-e70-turbo-diesel-automatic-7-seats-wagon,4,H.A - Truganina VIC,H.A - Truganina VIC,14/04/2025 8.03.53 PM AEST,"AU $ 4,400",1,0,False
2026-01-09T04:10:01.060428,https://www.grays.com/lot/0001-21047163/motor-vehicles-motor-cycles/2007-bmw-x5-3-0d-e70-turbo-diesel-automatic-7-seats-wagon,5,D.B - GOWER VIC,D.B - GOWER VIC,14/04/2025 7.48.38 PM AEST,"AU $ 3,400",1,0,False
2026-01-09T04:10:01.060428,https://www.grays.com/lot/0001-21047163/motor-vehicles-motor-cycles/2007-bmw-x5-3-0d-e70-turbo-diesel-automatic-7-seats-wagon,6,M.T - HOPPERS CROSSING VIC,M.T - HOPPERS CROSSING VIC,14/04/2025 7.35.12 PM AEST,"AU $ 3,200",1,0,False
2026-01-09T04:10:01.060428,https://www.grays.com/lot/0001-21047163/motor-vehicles-motor-cycles/2007-bmw-x5-3-0d-e70-turbo-diesel-automatic-7-seats-wagon,7,K.E - Russell island QLD,K.E - Russell island QLD,14/04/2025 5.37.42 PM AEST,"AU $ 2,700",1,0,False
2026-01-09T04:10:01.060428,https://www.grays.com/lot/0001-21047163/motor-vehicles-motor-cycles/2007-bmw-x5-3-0d-e70-turbo-diesel-automatic-7-seats-wagon,8,P.O - karama NT,P.O - karama NT,12/04/2025 11.54.24 PM AEST,"AU $ 2,300",1,0,False
2026-01-09T04:10:01.060428,https://www.grays.com/lot/0001-21047163/motor-vehicles-motor-cycles/2007-bmw-x5-3-0d-e70-turbo-diesel-automatic-7-seats-wagon,9,B.R - Baranduda VIC,B.R - Baranduda VIC,10/04/2025 3.19.48 PM AEST,"AU $ 2,100",1,0,False
2026-01-09T04:10:01.060428,https://www.grays.com/lot/0001-21047163/motor-vehicles-motor-cycles/2007-bmw-x5-3-0d-e70-turbo-diesel-automatic-7-seats-wagon,10,M.F - KARDINYA WA,M.F - KARDINYA WA,10/04/2025 3.50.26 AM AEST,"AU $ 2,000",1,0,False
2026-01-09T04:10:01.060428,https://www.grays.com/lot/0001-21047163/motor-vehicles-motor-cycles/2007-bmw-x5-3-0d-e70-turbo-diesel-automatic-7-seats-wagon,11,D.B - Banyo QLD,D.B - Banyo QLD,09/04/2025 9.52.34 PM AEST,AU $ 750,1,0,False
2026-01-09T04:10:01.060428,https://www.grays.com/lot/0001-21047163/motor-vehicles-motor-cycles/2007-bmw-x5-3-0d-e70-turbo-diesel-automatic-7-seats-wagon,12,N.O - Roxburgh Park VIC,N.O - Roxburgh Park VIC,09/04/2025 9.55.02 PM AEST,AU $ 109,1,0,False
2026-01-09T04:10:04.370823,https://www.grays.com/lot/0001-50711761/motor-vehicles-motor-cycles/2011-mercedes-benz-c250-be-c204-automatic-coupe,1,P.V - BUNDOORA VIC,P.V - BUNDOORA VIC,27/04/2025 11.03.07 PM AEST,"AU $ 17,000",1,1,True
2026-01-09T04:10:04.370823,https://www.grays.com/lot/0001-50711761/motor-vehicles-motor-cycles/2011-mercedes-benz-c250-be-c204-automatic-coupe,2,N.D - Southport QLD,N.D - Southport QLD,29/04/2025 8.16.19 PM AEST,"AU $ 17,000",1,0,True
2026-01-09T04:10:04.370823,https://www.grays.com/lot/0001-50711761/motor-vehicles-motor-cycles/2011-mercedes-benz-c250-be-c204-automatic-coupe,3,d.c - Underwood QLD,d.c - Underwood QLD,29/04/2025 7.58.35 PM AEST,"AU $ 8,600",1,0,True
2026-01-09T04:10:04.370823,https://www.grays.com/lot/0001-50711761/motor-vehicles-motor-cycles/2011-mercedes-benz-c250-be-c204-automatic-coupe,4,E.J - ARANA HILLS QLD,E.J - ARANA HILLS QLD,29/04/2025 7.56.06 PM AEST,"AU $ 8,500",1,0,True
2026-01-09T04:10:04.370823,https://www.grays.com/lot/0001-50711761/motor-vehicles-motor-cycles/2011-mercedes-benz-c250-be-c204-automatic-coupe,5,M.P - Ballina NSW,M.P - Ballina NSW,28/04/2025 8.19.27 PM AEST,"AU $ 6,500",1,0,True
2026-01-09T04:10:04.370823,https://www.grays.com/lot/0001-50711761/motor-vehicles-motor-cycles/2011-mercedes-benz-c250-be-c204-automatic-coupe,6,J.F - Bunya QLD,J.F - Bunya QLD,28/04/2025 12.23.46 PM AEST,"AU $ 6,000",1,0,True
2026-01-09T04:10:04.370823,https://www.grays.com/lot/0001-50711761/motor-vehicles-motor-cycles/2011-mercedes-benz-c250-be-c204-automatic-coupe,7,S.B - GREENWITH SA,S.B - GREENWITH SA,28/04/2025 4.30.06 AM AEST,"AU $ 4,100",1,0,True
2026-01-09T04:10:04.370823,https://www.grays.com/lot/0001-50711761/motor-vehicles-motor-cycles/2011-mercedes-benz-c250-be-c204-automatic-coupe,8,M.P - CRAIGIEBURN VIC,M.P - CRAIGIEBURN VIC,27/04/2025 11.53.38 PM AEST,"AU $ 4,000",1,0,True
2026-01-09T04:10:04.370823,https://www.grays.com/lot/0001-50711761/motor-vehicles-motor-cycles/2011-mercedes-benz-c250-be-c204-automatic-coupe,9,P.D - Mawson Lakes SA,P.D - Mawson Lakes SA,27/04/2025 10.57.45 PM AEST,"AU $ 3,700",1,0,True
2026-01-09T04:10:04.370823,https://www.grays.com/lot/0001-50711761/motor-vehicles-motor-cycles/2011-mercedes-benz-c250-be-c204-automatic-coupe,10,p.b - bundall QLD,p.b - bundall QLD,27/04/2025 7.35.12 PM AEST,"AU $ 3,611",1,0,True
2026-01-09T04:10:04.370823,https://www.grays.com/lot/0001-50711761/motor-vehicles-motor-cycles/2011-mercedes-benz-c250-be-c204-automatic-coupe,11,S.B - BOONDALL QLD,S.B - BOONDALL QLD,27/04/2025 7.06.00 PM AEST,"AU $ 3,300",1,0,True
2026-01-09T04:10:04.370823,https://www.grays.com/lot/0001-50711761/motor-vehicles-motor-cycles/2011-mercedes-benz-c250-be-c204-automatic-coupe,12,h.c - waterford west QLD,h.c - waterford west QLD,26/04/2025 11.56.15 PM AEST,"AU $ 3,200",1,0,True
2026-01-09T04:10:04.370823,https://www.grays.com/lot/0001-50711761/motor-vehicles-motor-cycles/2011-mercedes-benz-c250-be-c204-automatic-coupe,13,M.K - Dulwich hill NSW,M.K - Dulwich hill NSW,26/04/2025 4.12.34 PM AEST,"AU $ 2,309",1,0,True
2026-01-09T04:10:04.370823,https://www.grays.com/lot/0001-50711761/motor-vehicles-motor-cycles/2011-mercedes-benz-c250-be-c204-automatic-coupe,14,V.B - Richmond VIC,V.B - Richmond VIC,25/04/2025 11.56.46 PM AEST,"AU $ 2,109",1,0,True
2026-01-09T04:10:04.370823,https://www.grays.com/lot/0001-50711761/motor-vehicles-motor-cycles/2011-mercedes-benz-c250-be-c204-automatic-coupe,15,M.A - Wavell Heights QLD,M.A - Wavell Heights QLD,25/04/2025 7.24.00 PM AEST,"AU $ 2,009",1,0,True
2026-01-09T04:10:04.370823,https://www.grays.com/lot/0001-50711761/motor-vehicles-motor-cycles/2011-mercedes-benz-c250-be-c204-automatic-coupe,16,S.S - Greenfield park NSW,S.S - Greenfield park NSW,25/04/2025 2.34.15 PM AEST,"AU $ 1,709",1,0,True
2026-01-09T04:10:04.370823,https://www.grays.com/lot/0001-50711761/motor-vehicles-motor-cycles/2011-mercedes-benz-c250-be-c204-automatic-coupe,17,C.M - Surfers Paradise QLD,C.M - Surfers Paradise QLD,25/04/2025 11.51.09 AM AEST,"AU $ 1,609",1,0,True
2026-01-09T04:10:04.370823,https://www.grays.com/lot/0001-50711761/motor-vehicles-motor-cycles/2011-mercedes-benz-c250-be-c204-automatic-coupe,18,T.T - Nerang QLD,T.T - Nerang QLD,25/04/2025 8.32.11 AM AEST,"AU $ 1,409",1,0,True
2026-01-09T04:10:04.370823,https://www.grays.com/lot/0001-50711761/motor-vehicles-motor-cycles/2011-mercedes-benz-c250-be-c204-automatic-coupe,19,C.O - Macleay Island QLD,C.O - Macleay Island QLD,25/04/2025 7.23.27 AM AEST,"AU $ 1,309",1,0,True
2026-01-09T04:10:04.370823,https://www.grays.com/lot/0001-50711761/motor-vehicles-motor-cycles/2011-mercedes-benz-c250-be-c204-automatic-coupe,20,A.M - Yowie Bay NSW,A.M - Yowie Bay NSW,24/04/2025 11.39.18 PM AEST,"AU $ 1,109",1,0,True
2026-01-09T04:10:04.370823,https://www.grays.com/lot/0001-50711761/motor-vehicles-motor-cycles/2011-mercedes-benz-c250-be-c204-automatic-coupe,21,I.A - Biloela QLD,I.A - Biloela QLD,24/04/2025 6.28.55 PM AEST,"AU $ 1,000",1,0,True
2026-01-09T04:10:04.370823,https://www.grays.com/lot/0001-50711761/motor-vehicles-motor-cycles/2011-mercedes-benz-c250-be-c204-automatic-coupe,22,C.G - EAGLEBY QLD,C.G - EAGLEBY QLD,24/04/2025 7.42.07 PM AEST,AU $ 609,1,0,True
2026-01-09T04:10:31.155861,https://www.grays.com/lot/0001-9059754/motor-vehicles-motor-cycles/2018-toyota-hilux-automatic-ute,1,j.s - mount barker junction SA,j.s - mount barker junction SA,21/05/2025 8.42.52 PM AEST,"AU $ 25,000",1,1,False
2026-01-09T04:10:31.155861,https://www.grays.com/lot/0001-9059754/motor-vehicles-motor-cycles/2018-toyota-hilux-automatic-ute,2,T.M - connolly WA,T.M - connolly WA,21/05/2025 7.10.10 PM AEST,"AU $ 24,000",1,0,False
2026-01-09T04:10:31.155861,https://www.grays.com/lot/0001-9059754/motor-vehicles-motor-cycles/2018-toyota-hilux-automatic-ute,3,S.T - MARGARET RIVER WA,S.T - MARGARET RIVER WA,21/05/2025 7.53.16 PM AEST,"AU $ 23,550",1,0,False
2026-01-09T04:10:31.155861,https://www.grays.com/lot/0001-9059754/motor-vehicles-motor-cycles/2018-toyota-hilux-automatic-ute,4,J.P - ESSENDON NORTH VIC,J.P - ESSENDON NORTH VIC,21/05/2025 5.50.39 PM AEST,"AU $ 20,700",1,0,False
2026-01-09T04:10:31.155861,https://www.grays.com/lot/0001-9059754/motor-vehicles-motor-cycles/2018-toyota-hilux-automatic-ute,5,S.S - Medina WA,S.S - Medina WA,21/05/2025 3.47.47 PM AEST,"AU $ 20,500",1,0,False
2026-01-09T04:10:31.155861,https://www.grays.com/lot/0001-9059754/motor-vehicles-motor-cycles/2018-toyota-hilux-automatic-ute,6,S.G - DUNCRAIG WA,S.G - DUNCRAIG WA,21/05/2025 3.34.36 PM AEST,"AU $ 17,300",1,0,False
2026-01-09T04:10:31.155861,https://www.grays.com/lot/0001-9059754/motor-vehicles-motor-cycles/2018-toyota-hilux-automatic-ute,7,S.V - PHILLIP ACT,S.V - PHILLIP ACT,21/05/2025 2.33.19 PM AEST,"AU $ 17,200",1,0,False
2026-01-09T04:10:31.155861,https://www.grays.com/lot/0001-9059754/motor-vehicles-motor-cycles/2018-toyota-hilux-automatic-ute,8,H.N - Moonyoonooka WA,H.N - Moonyoonooka WA,21/05/2025 1.28.51 PM AEST,"AU $ 17,000",1,0,False
2026-01-09T04:10:31.155861,https://www.grays.com/lot/0001-9059754/motor-vehicles-motor-cycles/2018-toyota-hilux-automatic-ute,9,B.S - Duncraig WA,B.S - Duncraig WA,21/05/2025 12.09.41 PM AEST,"AU $ 15,700",1,0,False
2026-01-09T04:10:31.155861,https://www.grays.com/lot/0001-9059754/motor-vehicles-motor-cycles/2018-toyota-hilux-automatic-ute,10,W.K - Chittering WA,W.K - Chittering WA,20/05/2025 11.19.56 PM AEST,"AU $ 15,200",1,0,False
2026-01-09T04:10:31.155861,https://www.grays.com/lot/0001-9059754/motor-vehicles-motor-cycles/2018-toyota-hilux-automatic-ute,11,A.B - Gooseberry hill WA,A.B - Gooseberry hill WA,20/05/2025 9.58.43 PM AEST,"AU $ 15,000",1,0,False
2026-01-09T04:10:31.155861,https://www.grays.com/lot/0001-9059754/motor-vehicles-motor-cycles/2018-toyota-hilux-automatic-ute,12,T.L - West Leederville WA,T.L - West Leederville WA,19/05/2025 7.51.54 PM AEST,"AU $ 9,400",1,0,False
2026-01-09T04:10:31.155861,https://www.grays.com/lot/0001-9059754/motor-vehicles-motor-cycles/2018-toyota-hilux-automatic-ute,13,S.M - Pyrmont NSW,S.M - Pyrmont NSW,19/05/2025 6.00.36 PM AEST,"AU $ 9,300",1,0,False
2026-01-09T04:10:31.155861,https://www.grays.com/lot/0001-9059754/motor-vehicles-motor-cycles/2018-toyota-hilux-automatic-ute,14,D.D - DELETED DELETED,D.D - DELETED DELETED,19/05/2025 4.24.40 PM AEST,"AU $ 9,100",1,0,False
2026-01-09T04:10:31.155861,https://www.grays.com/lot/0001-9059754/motor-vehicles-motor-cycles/2018-toyota-hilux-automatic-ute,15,R.V - Baldivis WA,R.V - Baldivis WA,18/05/2025 11.10.09 PM AEST,"AU $ 7,000",1,0,False
2026-01-09T04:10:31.155861,https://www.grays.com/lot/0001-9059754/motor-vehicles-motor-cycles/2018-toyota-hilux-automatic-ute,16,C.F - HAMILTON HILL WA,C.F - HAMILTON HILL WA,19/05/2025 11.49.23 AM AEST,"AU $ 6,000",1,0,False
2026-01-09T04:10:31.155861,https://www.grays.com/lot/0001-9059754/motor-vehicles-motor-cycles/2018-toyota-hilux-automatic-ute,17,N.S - CANNING VALE WA,N.S - CANNING VALE WA,18/05/2025 11.06.44 PM AEST,"AU $ 5,600",1,0,False
2026-01-09T04:10:31.155861,https://www.grays.com/lot/0001-9059754/motor-vehicles-motor-cycles/2018-toyota-hilux-automatic-ute,18,S.B - Forrestdale WA,S.B - Forrestdale WA,18/05/2025 8.26.39 AM AEST,"AU $ 5,500",1,0,False
2026-01-09T04:10:31.155861,https://www.grays.com/lot/0001-9059754/motor-vehicles-motor-cycles/2018-toyota-hilux-automatic-ute,19,T.T - MERRIWA WA,T.T - MERRIWA WA,18/05/2025 1.09.42 AM AEST,"AU $ 5,300",1,0,False
2026-01-09T04:10:31.155861,https://www.grays.com/lot/0001-9059754/motor-vehicles-motor-cycles/2018-toyota-hilux-automatic-ute,20,M.B - Safety bay WA,M.B - Safety bay WA,18/05/2025 12.47.46 AM AEST,"AU $ 4,000",1,0,False
2026-01-09T04:10:31.155861,https://www.grays.com/lot/0001-9059754/motor-vehicles-motor-cycles/2018-toyota-hilux-automatic-ute,21,m.b - byford WA,m.b - byford WA,17/05/2025 9.14.01 AM AEST,"AU $ 2,600",1,0,False
2026-01-09T04:10:31.155861,https://www.grays.com/lot/0001-9059754/motor-vehicles-motor-cycles/2018-toyota-hilux-automatic-ute,22,D.S - TUART HILL WA,D.S - TUART HILL WA,17/05/2025 12.56.35 AM AEST,"AU $ 2,200",1,0,False
2026-01-09T04:10:31.155861,https://www.grays.com/lot/0001-9059754/motor-vehicles-motor-cycles/2018-toyota-hilux-automatic-ute,23,T.W - Rockingham WA,T.W - Rockingham WA,16/05/2025 10.52.17 PM AEST,"AU $ 2,000",1,0,False
2026-01-09T04:10:31.155861,https://www.grays.com/lot/0001-9059754/motor-vehicles-motor-cycles/2018-toyota-hilux-automatic-ute,24,S.B - Wellard WA,S.B - Wellard WA,16/05/2025 10.32.03 PM AEST,"AU $ 1,500",1,0,False
2026-01-09T04:10:31.155861,https://www.grays.com/lot/0001-9059754/motor-vehicles-motor-cycles/2018-toyota-hilux-automatic-ute,25,J.B - Carabooda WA,J.B - Carabooda WA,16/05/2025 10.27.27 PM AEST,AU $ 712,1,0,False
2026-01-09T04:10:31.155861,https://www.grays.com/lot/0001-9059754/motor-vehicles-motor-cycles/2018-toyota-hilux-automatic-ute,26,i.a - MADDINGTON WA,i.a - MADDINGTON WA,16/05/2025 6.49.56 PM AEST,AU $ 612,1,0,False
2026-01-09T04:10:31.155861,https://www.grays.com/lot/0001-9059754/motor-vehicles-motor-cycles/2018-toyota-hilux-automatic-ute,27,J.D - Greenfields WA,J.D - Greenfields WA,16/05/2025 6.48.52 PM AEST,AU $ 512,1,0,False
2026-01-09T04:29:00.426429,https://www.grays.com/lot/0001-50711825/motor-vehicles-motor-cycles/2011-mercedes-benz-c250-be-c204-automatic-coupe,1,G.P - Maraylya NSW,G.P - Maraylya NSW,13/05/2025 7.57.11 PM AEST,"AU $ 7,250",1,1,False
2026-01-09T04:29:00.426429,https://www.grays.com/lot/0001-50711825/motor-vehicles-motor-cycles/2011-mercedes-benz-c250-be-c204-automatic-coupe,2,a.u - Mount Archer QLD,a.u - Mount Archer QLD,13/05/2025 7.57.01 PM AEST,"AU $ 7,150",1,0,False
2026-01-09T04:29:00.426429,https://www.grays.com/lot/0001-50711825/motor-vehicles-motor-cycles/2011-mercedes-benz-c250-be-c204-automatic-coupe,3,g.N - BLUE HAVEN NSW,g.N - BLUE HAVEN NSW,12/05/2025 6.06.14 PM AEST,"AU $ 7,000",1,0,False
2026-01-09T04:29:00.426429,https://www.grays.com/lot/0001-50711825/motor-vehicles-motor-cycles/2011-mercedes-benz-c250-be-c204-automatic-coupe,4,B.T - Thomastown VIC,B.T - Thomastown VIC,13/05/2025 7.44.40 PM AEST,"AU $ 6,750",1,0,False
2026-01-09T04:29:00.426429,https://www.grays.com/lot/0001-50711825/motor-vehicles-motor-cycles/2011-mercedes-benz-c250-be-c204-automatic-coupe,5,M.t - Devonport TAS,M.t - Devonport TAS,13/05/2025 7.25.38 PM AEST,"AU $ 5,709",1,0,False
2026-01-09T04:29:00.426429,https://www.grays.com/lot/0001-50711825/motor-vehicles-motor-cycles/2011-mercedes-benz-c250-be-c204-automatic-coupe,6,d.c - Underwood QLD,d.c - Underwood QLD,12/05/2025 10.07.00 PM AEST,"AU $ 5,409",1,0,False
2026-01-09T04:29:00.426429,https://www.grays.com/lot/0001-50711825/motor-vehicles-motor-cycles/2011-mercedes-benz-c250-be-c204-automatic-coupe,7,C.R - Alberton QLD,C.R - Alberton QLD,12/05/2025 3.33.47 PM AEST,"AU $ 5,209",1,0,False
2026-01-09T04:29:00.426429,https://www.grays.com/lot/0001-50711825/motor-vehicles-motor-cycles/2011-mercedes-benz-c250-be-c204-automatic-coupe,8,f.m - Tallebudgera QLD,f.m - Tallebudgera QLD,11/05/2025 8.43.15 PM AEST,"AU $ 5,109",1,0,False
2026-01-09T04:29:00.426429,https://www.grays.com/lot/0001-50711825/motor-vehicles-motor-cycles/2011-mercedes-benz-c250-be-c204-automatic-coupe,9,O.A - Burnside SA,O.A - Burnside SA,10/05/2025 1.38.01 PM AEST,"AU $ 5,009",1,0,False
2026-01-09T04:29:00.426429,https://www.grays.com/lot/0001-50711825/motor-vehicles-motor-cycles/2011-mercedes-benz-c250-be-c204-automatic-coupe,10,I.A - Biloela QLD,I.A - Biloela QLD,08/05/2025 5.34.07 PM AEST,"AU $ 5,000",1,0,False
2026-01-09T04:29:00.426429,https://www.grays.com/lot/0001-50711825/motor-vehicles-motor-cycles/2011-mercedes-benz-c250-be-c204-automatic-coupe,11,C.G - EAGLEBY QLD,C.G - EAGLEBY QLD,09/05/2025 5.54.30 PM AEST,"AU $ 2,909",1,0,False
2026-01-09T04:29:00.426429,https://www.grays.com/lot/0001-50711825/motor-vehicles-motor-cycles/2011-mercedes-benz-c250-be-c204-automatic-coupe,12,L.S - BRISBANE QLD,L.S - BRISBANE QLD,09/05/2025 12.21.51 PM AEST,"AU $ 2,809",1,0,False
2026-01-09T04:29:00.426429,https://www.grays.com/lot/0001-50711825/motor-vehicles-motor-cycles/2011-mercedes-benz-c250-be-c204-automatic-coupe,13,S.S - FORTITUDE VALLEY QLD,S.S - FORTITUDE VALLEY QLD,09/05/2025 10.57.46 AM AEST,"AU $ 2,709",1,0,False
2026-01-09T04:29:00.426429,https://www.grays.com/lot/0001-50711825/motor-vehicles-motor-cycles/2011-mercedes-benz-c250-be-c204-automatic-coupe,14,V.T - Wynnum West QLD,V.T - Wynnum West QLD,09/05/2025 7.58.51 AM AEST,"AU $ 2,309",1,0,False
2026-01-09T04:29:00.426429,https://www.grays.com/lot/0001-50711825/motor-vehicles-motor-cycles/2011-mercedes-benz-c250-be-c204-automatic-coupe,15,m.p - richlands QLD,m.p - richlands QLD,08/05/2025 9.43.11 PM AEST,"AU $ 2,109",1,0,False
2026-01-09T04:29:00.426429,https://www.grays.com/lot/0001-50711825/motor-vehicles-motor-cycles/2011-mercedes-benz-c250-be-c204-automatic-coupe,16,A.M - Yowie Bay NSW,A.M - Yowie Bay NSW,08/05/2025 6.47.08 PM AEST,"AU $ 2,009",1,0,False
2026-01-09T04:29:00.426429,https://www.grays.com/lot/0001-50711825/motor-vehicles-motor-cycles/2011-mercedes-benz-c250-be-c204-automatic-coupe,17,T.C - SPRINGFIELD LAKES QLD,T.C - SPRINGFIELD LAKES QLD,08/05/2025 6.14.07 PM AEST,AU $ 609,1,0,False
2026-01-09T04:29:04.909724,https://www.grays.com/lot/0001-21049047/motor-vehicles-motor-cycles/2017-land-rover-range-rover-evoque-td4-150-se-turbo-diesel-9-auto-wagon,1,J.C - Sunshine VIC,J.C - Sunshine VIC,20/05/2025 8.06.01 PM AEST,"AU $ 9,350",1,1,False
2026-01-09T04:29:04.909724,https://www.grays.com/lot/0001-21049047/motor-vehicles-motor-cycles/2017-land-rover-range-rover-evoque-td4-150-se-turbo-diesel-9-auto-wagon,2,S.D - Mildura VIC,S.D - Mildura VIC,20/05/2025 8.00.47 PM AEST,"AU $ 9,250",1,0,False
2026-01-09T04:29:04.909724,https://www.grays.com/lot/0001-21049047/motor-vehicles-motor-cycles/2017-land-rover-range-rover-evoque-td4-150-se-turbo-diesel-9-auto-wagon,3,K.B - Craigieburn VIC,K.B - Craigieburn VIC,20/05/2025 7.52.45 PM AEST,"AU $ 9,110",1,0,False
2026-01-09T04:29:04.909724,https://www.grays.com/lot/0001-21049047/motor-vehicles-motor-cycles/2017-land-rover-range-rover-evoque-td4-150-se-turbo-diesel-9-auto-wagon,4,G.M - Bell park VIC,G.M - Bell park VIC,20/05/2025 7.43.26 PM AEST,"AU $ 9,010",1,0,False
2026-01-09T04:29:04.909724,https://www.grays.com/lot/0001-21049047/motor-vehicles-motor-cycles/2017-land-rover-range-rover-evoque-td4-150-se-turbo-diesel-9-auto-wagon,5,M.D - Hoppers Crossing VIC,M.D - Hoppers Crossing VIC,20/05/2025 7.39.07 PM AEST,"AU $ 8,913",1,0,False
2026-01-09T04:29:04.909724,https://www.grays.com/lot/0001-21049047/motor-vehicles-motor-cycles/2017-land-rover-range-rover-evoque-td4-150-se-turbo-diesel-9-auto-wagon,6,C.H - Melton VIC,C.H - Melton VIC,20/05/2025 5.04.41 PM AEST,"AU $ 6,909",1,0,False
2026-01-09T04:29:04.909724,https://www.grays.com/lot/0001-21049047/motor-vehicles-motor-cycles/2017-land-rover-range-rover-evoque-td4-150-se-turbo-diesel-9-auto-wagon,7,S.L - Point Cook VIC,S.L - Point Cook VIC,20/05/2025 4.17.16 PM AEST,"AU $ 6,609",1,0,False
2026-01-09T04:29:04.909724,https://www.grays.com/lot/0001-21049047/motor-vehicles-motor-cycles/2017-land-rover-range-rover-evoque-td4-150-se-turbo-diesel-9-auto-wagon,8,G.N - Blairgowrie VIC,G.N - Blairgowrie VIC,20/05/2025 4.11.49 PM AEST,"AU $ 6,509",1,0,False
2026-01-09T04:29:04.909724,https://www.grays.com/lot/0001-21049047/motor-vehicles-motor-cycles/2017-land-rover-range-rover-evoque-td4-150-se-turbo-diesel-9-auto-wagon,9,M.G - Tarneit VIC,M.G - Tarneit VIC,20/05/2025 11.16.56 AM AEST,"AU $ 6,309",1,0,False
2026-01-09T04:29:04.909724,https://www.grays.com/lot/0001-21049047/motor-vehicles-motor-cycles/2017-land-rover-range-rover-evoque-td4-150-se-turbo-diesel-9-auto-wagon,10,D.R - COOROY QLD,D.R - COOROY QLD,20/05/2025 9.35.42 AM AEST,"AU $ 6,209",1,0,False
2026-01-09T04:29:04.909724,https://www.grays.com/lot/0001-21049047/motor-vehicles-motor-cycles/2017-land-rover-range-rover-evoque-td4-150-se-turbo-diesel-9-auto-wagon,11,S.T - Clyde north VIC,S.T - Clyde north VIC,19/05/2025 8.30.23 PM AEST,"AU $ 5,009",1,0,False
2026-01-09T04:29:04.909724,https://www.grays.com/lot/0001-21049047/motor-vehicles-motor-cycles/2017-land-rover-range-rover-evoque-td4-150-se-turbo-diesel-9-auto-wagon,12,A.E - Fullarton SA,A.E - Fullarton SA,19/05/2025 8.28.06 PM AEST,"AU $ 4,909",1,0,False
2026-01-09T04:29:04.909724,https://www.grays.com/lot/0001-21049047/motor-vehicles-motor-cycles/2017-land-rover-range-rover-evoque-td4-150-se-turbo-diesel-9-auto-wagon,13,S.T - Melbourne VIC,S.T - Melbourne VIC,19/05/2025 8.06.55 PM AEST,"AU $ 4,809",1,0,False
2026-01-09T04:29:04.909724,https://www.grays.com/lot/0001-21049047/motor-vehicles-motor-cycles/2017-land-rover-range-rover-evoque-td4-150-se-turbo-diesel-9-auto-wagon,14,z.k - wollert VIC,z.k - wollert VIC,19/05/2025 7.21.35 PM AEST,"AU $ 4,509",1,0,False
2026-01-09T04:29:04.909724,https://www.grays.com/lot/0001-21049047/motor-vehicles-motor-cycles/2017-land-rover-range-rover-evoque-td4-150-se-turbo-diesel-9-auto-wagon,15,J.W - Boronia VIC,J.W - Boronia VIC,18/05/2025 8.35.57 PM AEST,"AU $ 3,909",1,0,False
2026-01-09T04:29:04.909724,https://www.grays.com/lot/0001-21049047/motor-vehicles-motor-cycles/2017-land-rover-range-rover-evoque-td4-150-se-turbo-diesel-9-auto-wagon,16,M.T - Kingscliff NSW,M.T - Kingscliff NSW,18/05/2025 4.40.02 AM AEST,"AU $ 3,609",1,0,False
2026-01-09T04:29:04.909724,https://www.grays.com/lot/0001-21049047/motor-vehicles-motor-cycles/2017-land-rover-range-rover-evoque-td4-150-se-turbo-diesel-9-auto-wagon,17,p.f - Rowville VIC,p.f - Rowville VIC,17/05/2025 9.57.44 PM AEST,"AU $ 3,309",1,0,False
2026-01-09T04:29:04.909724,https://www.grays.com/lot/0001-21049047/motor-vehicles-motor-cycles/2017-land-rover-range-rover-evoque-td4-150-se-turbo-diesel-9-auto-wagon,18,m.w - SOUTH LISMORE NSW,m.w - SOUTH LISMORE NSW,17/05/2025 3.17.46 PM AEST,"AU $ 3,109",1,0,False
2026-01-09T04:29:04.909724,https://www.grays.com/lot/0001-21049047/motor-vehicles-motor-cycles/2017-land-rover-range-rover-evoque-td4-150-se-turbo-diesel-9-auto-wagon,19,N.M - Endeavour hills VIC,N.M - Endeavour hills VIC,16/05/2025 11.56.21 PM AEST,"AU $ 2,709",1,0,False
2026-01-09T04:29:04.909724,https://www.grays.com/lot/0001-21049047/motor-vehicles-motor-cycles/2017-land-rover-range-rover-evoque-td4-150-se-turbo-diesel-9-auto-wagon,20,R.S - Dandenong North VIC,R.S - Dandenong North VIC,16/05/2025 5.49.58 PM AEST,"AU $ 2,500",1,0,False
2026-01-09T04:29:04.909724,https://www.grays.com/lot/0001-21049047/motor-vehicles-motor-cycles/2017-land-rover-range-rover-evoque-td4-150-se-turbo-diesel-9-auto-wagon,21,R.K - Port Melbourne VIC,R.K - Port Melbourne VIC,16/05/2025 4.04.14 PM AEST,"AU $ 1,309",1,0,False
2026-01-09T04:29:04.909724,https://www.grays.com/lot/0001-21049047/motor-vehicles-motor-cycles/2017-land-rover-range-rover-evoque-td4-150-se-turbo-diesel-9-auto-wagon,22,y.t - Sunshine north VIC,y.t - Sunshine north VIC,16/05/2025 1.47.38 PM AEST,"AU $ 1,009",1,0,False
2026-01-09T04:29:04.909724,https://www.grays.com/lot/0001-21049047/motor-vehicles-motor-cycles/2017-land-rover-range-rover-evoque-td4-150-se-turbo-diesel-9-auto-wagon,23,M.H - Nilma VIC,M.H - Nilma VIC,16/05/2025 1.01.58 PM AEST,AU $ 809,1,0,False
2026-01-09T04:29:04.909724,https://www.grays.com/lot/0001-21049047/motor-vehicles-motor-cycles/2017-land-rover-range-rover-evoque-td4-150-se-turbo-diesel-9-auto-wagon,24,A.M - CROYDON SOUTH VIC,A.M - CROYDON SOUTH VIC,16/05/2025 2.39.39 AM AEST,AU $ 609,1,0,False
2026-01-09T04:29:04.909724,https://www.grays.com/lot/0001-21049047/motor-vehicles-motor-cycles/2017-land-rover-range-rover-evoque-td4-150-se-turbo-diesel-9-auto-wagon,25,D.A - Mernda VIC,D.A - Mernda VIC,15/05/2025 7.47.57 PM AEST,AU $ 209,1,0,False
2026-01-09T04:29:04.909724,https://www.grays.com/lot/0001-21049047/motor-vehicles-motor-cycles/2017-land-rover-range-rover-evoque-td4-150-se-turbo-diesel-9-auto-wagon,26,v.g - meadow heights VIC,v.g - meadow heights VIC,15/05/2025 6.25.28 PM AEST,AU $ 109,1,0,False
