timestamp,url,reason_code,field_snapshot
2026-01-18 02:19:55,https://www.grays.com/lot/0001-10352226/motor-vehicles-motor-cycles/kymco-agility-50-automatic-motorcycle,[NON_VEHICLE_MOTORCYCLE],"{""year"": NaN, ""make"": ""AGILITY"", ""model"": ""50"", ""variant"": ""Motorcycle"", ""body_type"": NaN, ""transmission"": ""Automatic"", ""fuel_type"": ""Petrol"", ""odometer_reading"": 6462.0, ""vin"": ""LC2U6200072600348"", ""location"": ""NSW""}"
2026-01-18 02:19:55,https://www.grays.com/lot/0001-10352263/motor-vehicles-motor-cycles/2012-toyota-landcruiser-prado-gx-kdj150r-turbo-diesel-automatic-wagon,[BAD_ODOMETER_RANGE],"{""year"": 2012.0, ""make"": ""TOYOTA"", ""model"": ""Landcruiser"", ""variant"": ""Prado GX KDJ150R"", ""body_type"": ""Wagon"", ""transmission"": ""Automatic"", ""fuel_type"": ""Diesel"", ""odometer_reading"": 0.0, ""vin"": ""JTEBH3FJ00K088745"", ""location"": ""NSW""}"
2026-01-18 02:19:55,https://www.grays.com/lot/0001-21061669/motor-vehicles-motor-cycles/mercedes-benz-sprinter-316-cdi-mwb-l-roof-turbo-diesel-automatic-van,[BAD_YEAR],"{""year"": NaN, ""make"": ""BENZ"", ""model"": ""Sprinter"", ""variant"": ""316 CDI MWB L ROOF Van"", ""body_type"": ""Van"", ""transmission"": ""Automatic"", ""fuel_type"": ""Diesel"", ""odometer_reading"": 275274.0, ""vin"": ""WDB9066332S617030"", ""location"": ""VIC""}"
2026-01-18 02:19:55,https://www.grays.com/lot/0001-21061670/motor-vehicles-motor-cycles/mercedes-benz-sprinter-309cdi-mwb-s-roof-turbo-diesel-automatic-van,[BAD_YEAR],"{""year"": NaN, ""make"": ""BENZ"", ""model"": ""Sprinter"", ""variant"": ""309CDI MWB S ROOF Van"", ""body_type"": ""Van"", ""transmission"": ""Automatic"", ""fuel_type"": ""Diesel"", ""odometer_reading"": 406386.0, ""vin"": ""WDF9066332A991445"", ""location"": ""VIC""}"
2026-01-18 02:19:55,https://www.grays.com/lot/0001-21061715/motor-vehicles-motor-cycles/2009-toyota-hiace-automatic-van,[BAD_BODY_TYPE],"{""year"": 2009.0, ""make"": ""TOYOTA"", ""model"": ""Hiace"", ""variant"": ""Van"", ""body_type"": NaN, ""transmission"": ""Automatic"", ""fuel_type"": ""Petrol"", ""odometer_reading"": 273772.0, ""vin"": ""JTFHX02P100043827"", ""location"": ""VIC""}"
2026-01-18 02:19:55,https://www.grays.com/lot/0001-21061727/motor-vehicles-motor-cycles/holden-astra-cd-ah-automatic-wagon,[BAD_YEAR],"{""year"": NaN, ""make"": ""ASTRA"", ""model"": ""Cd"", ""variant"": ""AH"", ""body_type"": ""Wagon"", ""transmission"": ""Automatic"", ""fuel_type"": ""Petrol"", ""odometer_reading"": 199117.0, ""vin"": ""W0L0AHL3575177899"", ""location"": ""VIC""}"
2026-01-18 02:19:55,https://www.grays.com/lot/0001-21061757/motor-vehicles-motor-cycles/mercedes-benz-vito-113-cdi-swb-turbo-diesel-automatic-van,[BAD_YEAR],"{""year"": NaN, ""make"": ""BENZ"", ""model"": ""Vito"", ""variant"": ""113 CDI SWB Van"", ""body_type"": ""Van"", ""transmission"": ""Automatic"", ""fuel_type"": ""Diesel"", ""odometer_reading"": 205165.0, ""vin"": ""WDF63960123871686"", ""location"": ""VIC""}"
2026-01-18 02:19:55,https://www.grays.com/lot/0001-21061836/motor-vehicles-motor-cycles/volkswagen-passat-140tsi-business-b8-automatic-sedan,[BAD_YEAR],"{""year"": NaN, ""make"": ""PASSAT"", ""model"": ""140tsi"", ""variant"": ""Business B8"", ""body_type"": ""Sedan"", ""transmission"": ""Automatic"", ""fuel_type"": ""Petrol"", ""odometer_reading"": 116637.0, ""vin"": ""WVWZZZ3CZNE027400"", ""location"": ""VIC""}"
2026-01-18 02:19:55,https://www.grays.com/lot/0001-21061844/motor-vehicles-motor-cycles/bmw-318i-manual-sedan,[BAD_YEAR],"{""year"": NaN, ""make"": ""318I"", ""model"": ""Manual"", ""variant"": NaN, ""body_type"": ""Sedan"", ""transmission"": ""Manual"", ""fuel_type"": ""Petrol"", ""odometer_reading"": 246018.0, ""vin"": ""WBAAK320808724093"", ""location"": ""VIC""}"
2026-01-18 02:19:55,https://www.grays.com/lot/0001-21061851/motor-vehicles-motor-cycles/mercedes-benz-sprinter-319-cdi-mwb-l-roof-turbo-diesel-automatic-van,[BAD_YEAR],"{""year"": NaN, ""make"": ""BENZ"", ""model"": ""Sprinter"", ""variant"": ""319 CDI MWB L ROOF Van"", ""body_type"": ""Van"", ""transmission"": ""Automatic"", ""fuel_type"": ""Diesel"", ""odometer_reading"": 514332.0, ""vin"": ""WDB9066332S503140"", ""location"": ""VIC""}"
2026-01-18 02:19:55,https://www.grays.com/lot/0001-21061853/motor-vehicles-motor-cycles/mitsubishi-outlander-ls-2wd-zk-cvt-wagon,[BAD_YEAR],"{""year"": NaN, ""make"": ""OUTLANDER"", ""model"": ""Ls"", ""variant"": ""2WD ZK"", ""body_type"": ""Wagon"", ""transmission"": ""CVT"", ""fuel_type"": ""Petrol"", ""odometer_reading"": 126122.0, ""vin"": ""JMFXTGF7WGJ000989"", ""location"": ""VIC""}"
2026-01-18 02:19:55,https://www.grays.com/lot/0001-21061893/motor-vehicles-motor-cycles/mercedes-benz-sprinter-519-cdi-lwb-turbo-diesel-automatic-crew-cab-chassis,[BAD_YEAR],"{""year"": NaN, ""make"": ""BENZ"", ""model"": ""Sprinter"", ""variant"": ""519 CDI LWB Crew"", ""body_type"": ""Cab Chassis"", ""transmission"": ""Automatic"", ""fuel_type"": ""Diesel"", ""odometer_reading"": 338581.0, ""vin"": ""WDB9061552N495936"", ""location"": ""VIC""}"
2026-01-18 02:19:55,https://www.grays.com/lot/0001-21061906/motor-vehicles-motor-cycles/holden-captiva-7-lx-awd-cg-ii-turbo-diesel-automatic-7-seats-wagon,[BAD_YEAR],"{""year"": NaN, ""make"": ""CAPTIVA"", ""model"": ""7"", ""variant"": ""LX AWD CG II"", ""body_type"": ""Wagon"", ""transmission"": ""Automatic"", ""fuel_type"": ""Diesel"", ""odometer_reading"": 190189.0, ""vin"": ""KL3CD266JCB062221"", ""location"": ""VIC""}"
2026-01-18 02:19:55,https://www.grays.com/lot/0001-50714090/motor-vehicles-motor-cycles/mercedes-benz-s-320-import-automatic-sedan,[BAD_YEAR],"{""year"": NaN, ""make"": ""BENZ"", ""model"": ""S"", ""variant"": ""320 (Import)"", ""body_type"": ""Sedan"", ""transmission"": ""Automatic"", ""fuel_type"": ""Petrol"", ""odometer_reading"": 251289.0, ""vin"": ""WDB2200652A130225"", ""location"": ""QLD""}"
2026-01-18 02:19:55,https://www.grays.com/lot/0001-50714101/motor-vehicles-motor-cycles/1958-ford-mainline-rwd-automatic-ute,[BAD_VIN],"{""year"": 1958.0, ""make"": ""FORD"", ""model"": ""Mainline"", ""variant"": ""RWD"", ""body_type"": ""Ute"", ""transmission"": ""Automatic"", ""fuel_type"": ""Lpg"", ""odometer_reading"": 63476.0, ""vin"": ""BJH673G"", ""location"": ""QLD""}"
2026-01-18 02:19:55,https://www.grays.com/lot/0001-50714111/motor-vehicles-motor-cycles/holden-captiva-7-cx-awd-cg-ii-automatic-7-seats-wagon,[BAD_YEAR],"{""year"": NaN, ""make"": ""CAPTIVA"", ""model"": ""7"", ""variant"": ""CX AWD CG II"", ""body_type"": ""Wagon"", ""transmission"": ""Automatic"", ""fuel_type"": ""Petrol"", ""odometer_reading"": 201803.0, ""vin"": ""KL3CD265JDB045777"", ""location"": ""QLD""}"
2026-01-18 02:19:55,https://www.grays.com/lot/0001-50714128/motor-vehicles-motor-cycles/toyota-vitz-import-automatic-hatchback,[BAD_YEAR],"{""year"": NaN, ""make"": ""VITZ"", ""model"": ""(import)"", ""variant"": NaN, ""body_type"": ""Hatchback"", ""transmission"": ""Automatic"", ""fuel_type"": ""Hybrid"", ""odometer_reading"": 66528.0, ""vin"": ""6ZZKNHP1304015033"", ""location"": ""QLD""}"
2026-01-18 02:19:55,https://www.grays.com/lot/0001-50714134/motor-vehicles-motor-cycles/toyota-hiace-import-automatic-8-seats-van,[BAD_YEAR],"{""year"": NaN, ""make"": ""HIACE"", ""model"": ""(import)"", ""variant"": ""Van"", ""body_type"": NaN, ""transmission"": ""Automatic"", ""fuel_type"": ""Petrol"", ""odometer_reading"": 155082.0, ""vin"": ""6ZZFTRH2000227399"", ""location"": ""QLD""}"
2026-01-18 02:19:55,https://www.grays.com/lot/0001-50714135/motor-vehicles-motor-cycles/honda-fit-automatic-hatchback,[BAD_YEAR],"{""year"": NaN, ""make"": ""FIT"", ""model"": ""Automatic"", ""variant"": NaN, ""body_type"": ""Hatchback"", ""transmission"": ""Automatic"", ""fuel_type"": ""Hybrid"", ""odometer_reading"": 74495.0, ""vin"": ""6ZZJ000GP51341245"", ""location"": ""QLD""}"
2026-01-18 02:19:55,https://www.grays.com/lot/0001-60049944/motor-vehicles-motor-cycles/nissan-patrol-ti-gq-manual-wagon,[BAD_YEAR],"{""year"": NaN, ""make"": ""PATROL"", ""model"": ""Ti"", ""variant"": ""GQ"", ""body_type"": ""Wagon"", ""transmission"": ""Manual"", ""fuel_type"": ""Petrol"", ""odometer_reading"": 239770.0, ""vin"": ""JN10WGY60A0039572"", ""location"": ""SA""}"
2026-01-18 02:19:55,https://www.grays.com/lot/0001-60049952/motor-vehicles-motor-cycles/2010-audi-q5-2-0-tdi-quattro-8r-turbo-diesel-automatic-wagon,[BAD_ODOMETER],"{""year"": 2010.0, ""make"": ""AUDI"", ""model"": ""Q5"", ""variant"": ""2.0 TDI Quattro 8R"", ""body_type"": ""Wagon"", ""transmission"": ""Automatic"", ""fuel_type"": ""Diesel"", ""odometer_reading"": NaN, ""vin"": ""WAUZZZ8R2AA094038"", ""location"": ""SA""}"
2026-01-18 02:19:55,https://www.grays.com/lot/0001-60049970/motor-vehicles-motor-cycles/volvo-xc90-automatic-wagon,[BAD_YEAR],"{""year"": NaN, ""make"": ""XC90"", ""model"": ""Automatic"", ""variant"": NaN, ""body_type"": ""Wagon"", ""transmission"": ""Automatic"", ""fuel_type"": ""Petrol"", ""odometer_reading"": 0.0, ""vin"": ""YV1CZ59G741048541"", ""location"": ""SA""}"
2026-01-18 02:19:55,https://www.grays.com/lot/0001-9066489/motor-vehicles-motor-cycles/2012-ford-territory-titanium-sz-turbo-diesel-automatic-7-seats-wagon,[BAD_ODOMETER_RANGE],"{""year"": 2012.0, ""make"": ""FORD"", ""model"": ""Territory"", ""variant"": ""Titanium SZ"", ""body_type"": ""Wagon"", ""transmission"": ""Automatic"", ""fuel_type"": ""Diesel"", ""odometer_reading"": 0.0, ""vin"": ""6FPAAAJGATCY92925"", ""location"": ""WA""}"
2026-01-18 02:19:55,https://www.grays.com/lot/0001-9066520/motor-vehicles-motor-cycles/2007-volkswagen-passat-2-0-tdi-125kw-3c-turbo-diesel-automatic-sedan,[BAD_ODOMETER_RANGE],"{""year"": 2007.0, ""make"": ""VOLKSWAGEN"", ""model"": ""Passat"", ""variant"": ""2.0 TDI 125kW 3C"", ""body_type"": ""Sedan"", ""transmission"": ""Automatic"", ""fuel_type"": ""Diesel"", ""odometer_reading"": 0.0, ""vin"": ""WVWZZZ3CZ8P030911"", ""location"": ""WA""}"
2026-01-18 02:19:55,https://www.grays.com/lot/0007-7061089/motor-vehicles-motor-cycles/2011-toyota-landcruiser-prado-gxl-4-x-4-automatic-turbo-diesel-wagon,[BAD_ODOMETER],"{""year"": 2011.0, ""make"": ""TOYOTA"", ""model"": ""Landcruiser"", ""variant"": ""Prado GXL 4 x 4"", ""body_type"": ""Wagon"", ""transmission"": ""Automatic"", ""fuel_type"": ""Diesel"", ""odometer_reading"": NaN, ""vin"": ""JTEBH3FJ90K051838"", ""location"": ""QLD""}"
2026-01-18 02:19:55,https://www.grays.com/lot/0011-7061089/motor-vehicles-motor-cycles/2019-toyota-hilux-4-x-4-turbo-diesel-automatic-dual-cab-ute,[BAD_ODOMETER],"{""year"": 2019.0, ""make"": ""TOYOTA"", ""model"": ""Hilux"", ""variant"": ""4 x 4 Dual Cab Ute"", ""body_type"": ""Cab Chassis"", ""transmission"": ""Automatic"", ""fuel_type"": ""Diesel"", ""odometer_reading"": NaN, ""vin"": ""MR0KA3CD601228232"", ""location"": ""QLD""}"
2026-01-18 02:19:55,https://www.grays.com/lot/0012-7061089/motor-vehicles-motor-cycles/2018-toyota-hilux-4-x-4-turbo-diesel-automatic-dual-cab-ute,[BAD_ODOMETER],"{""year"": 2018.0, ""make"": ""TOYOTA"", ""model"": ""Hilux"", ""variant"": ""4 x 4 Dual Cab Ute"", ""body_type"": ""Cab Chassis"", ""transmission"": ""Automatic"", ""fuel_type"": ""Diesel"", ""odometer_reading"": NaN, ""vin"": NaN, ""location"": ""QLD""}"
2026-01-18 02:19:55,https://www.grays.com/lot/0030-8021559/motor-vehicles-motor-cycles/2003-toyota-landcruiser-hzj78r-4wd-manual-5-speed-troop-carrier,[BAD_BODY_TYPE],"{""year"": 2003.0, ""make"": ""TOYOTA"", ""model"": ""Landcruiser"", ""variant"": ""HZJ78R 4WD - Troop Carrier"", ""body_type"": ""Troop Carrier"", ""transmission"": ""Manual"", ""fuel_type"": ""Diesel"", ""odometer_reading"": 306460.0, ""vin"": ""JTERB71J100018617"", ""location"": ""NT""}"
2026-01-18 02:19:55,https://www.grays.com/lot/0031-8021559/motor-vehicles-motor-cycles/1999-toyota-landcruiser-hzj79r-4wd-manual-5-speed-ute,[BAD_ODOMETER],"{""year"": 1999.0, ""make"": ""TOYOTA"", ""model"": ""Landcruiser"", ""variant"": ""HZJ79R 4WD"", ""body_type"": ""Ute"", ""transmission"": ""Manual"", ""fuel_type"": ""Diesel"", ""odometer_reading"": NaN, ""vin"": ""JTELB71J607002152"", ""location"": ""NT""}"
2026-01-18 17:53:13,https://www.grays.com/lot/0001-10352198/motor-vehicles-motor-cycles/2023-ktm-rc390-manual-motorbike,[MOTORCYCLE],"{""year"": ""2023"", ""make"": ""KTM"", ""model"": ""Rc390"", ""variant"": ""Motorbike"", ""body_type"": """", ""transmission"": ""Manual"", ""fuel_type"": ""Petrol"", ""odometer_reading"": ""10209"", ""vin"": ""VBKJYJ402PN202590"", ""location"": ""NSW""}"
2026-01-18 17:53:13,https://www.grays.com/lot/0001-10352226/motor-vehicles-motor-cycles/kymco-agility-50-automatic-motorcycle,[MOTORCYCLE],"{""year"": """", ""make"": ""AGILITY"", ""model"": ""50"", ""variant"": ""Motorcycle"", ""body_type"": """", ""transmission"": ""Automatic"", ""fuel_type"": ""Petrol"", ""odometer_reading"": ""6462"", ""vin"": ""LC2U6200072600348"", ""location"": ""NSW""}"
2026-01-18 17:53:13,https://www.grays.com/lot/0001-10352263/motor-vehicles-motor-cycles/2012-toyota-landcruiser-prado-gx-kdj150r-turbo-diesel-automatic-wagon,[BAD_ODOMETER_RANGE],"{""year"": ""2012"", ""make"": ""TOYOTA"", ""model"": ""Landcruiser"", ""variant"": ""Prado GX KDJ150R"", ""body_type"": ""Wagon"", ""transmission"": ""Automatic"", ""fuel_type"": ""Diesel"", ""odometer_reading"": ""0"", ""vin"": ""JTEBH3FJ00K088745"", ""location"": ""NSW""}"
2026-01-18 17:53:13,https://www.grays.com/lot/0001-21061669/motor-vehicles-motor-cycles/mercedes-benz-sprinter-316-cdi-mwb-l-roof-turbo-diesel-automatic-van,[MISSING_YEAR],"{""year"": """", ""make"": ""BENZ"", ""model"": ""Sprinter"", ""variant"": ""316 CDI MWB L ROOF Van"", ""body_type"": ""Van"", ""transmission"": ""Automatic"", ""fuel_type"": ""Diesel"", ""odometer_reading"": ""275274"", ""vin"": ""WDB9066332S617030"", ""location"": ""VIC""}"
2026-01-18 17:53:13,https://www.grays.com/lot/0001-21061670/motor-vehicles-motor-cycles/mercedes-benz-sprinter-309cdi-mwb-s-roof-turbo-diesel-automatic-van,[MISSING_YEAR],"{""year"": """", ""make"": ""BENZ"", ""model"": ""Sprinter"", ""variant"": ""309CDI MWB S ROOF Van"", ""body_type"": ""Van"", ""transmission"": ""Automatic"", ""fuel_type"": ""Diesel"", ""odometer_reading"": ""406386"", ""vin"": ""WDF9066332A991445"", ""location"": ""VIC""}"
2026-01-18 17:53:13,https://www.grays.com/lot/0001-21061715/motor-vehicles-motor-cycles/2009-toyota-hiace-automatic-van,[MISSING_BODY_TYPE],"{""year"": ""2009"", ""make"": ""TOYOTA"", ""model"": ""Hiace"", ""variant"": ""Van"", ""body_type"": """", ""transmission"": ""Automatic"", ""fuel_type"": ""Petrol"", ""odometer_reading"": ""273772"", ""vin"": ""JTFHX02P100043827"", ""location"": ""VIC""}"
2026-01-18 17:53:13,https://www.grays.com/lot/0001-21061727/motor-vehicles-motor-cycles/holden-astra-cd-ah-automatic-wagon,[MISSING_YEAR],"{""year"": """", ""make"": ""ASTRA"", ""model"": ""Cd"", ""variant"": ""AH"", ""body_type"": ""Wagon"", ""transmission"": ""Automatic"", ""fuel_type"": ""Petrol"", ""odometer_reading"": ""199117"", ""vin"": ""W0L0AHL3575177899"", ""location"": ""VIC""}"
2026-01-18 17:53:13,https://www.grays.com/lot/0001-21061757/motor-vehicles-motor-cycles/mercedes-benz-vito-113-cdi-swb-turbo-diesel-automatic-van,[MISSING_YEAR],"{""year"": """", ""make"": ""BENZ"", ""model"": ""Vito"", ""variant"": ""113 CDI SWB Van"", ""body_type"": ""Van"", ""transmission"": ""Automatic"", ""fuel_type"": ""Diesel"", ""odometer_reading"": ""205165"", ""vin"": ""WDF63960123871686"", ""location"": ""VIC""}"
2026-01-18 17:53:13,https://www.grays.com/lot/0001-21061768/motor-vehicles-motor-cycles/2013-nissan-pathfinder-automatic-7-seats-wovr-inspected,[MISSING_BODY_TYPE],"{""year"": ""2013"", ""make"": ""NISSAN"", ""model"": ""Pathfinder"", ""variant"": ""WOVR-INSPECTED"", ""body_type"": """", ""transmission"": ""Automatic"", ""fuel_type"": ""Petrol"", ""odometer_reading"": ""210236"", ""vin"": ""5N1AR2MN2EC651661"", ""location"": ""VIC""}"
2026-01-18 17:53:13,https://www.grays.com/lot/0001-21061829/motor-vehicles-motor-cycles/2007-isuzu-nqr-450-manual-truck,[MISSING_BODY_TYPE],"{""year"": ""2007"", ""make"": ""ISUZU"", ""model"": ""Nqr"", ""variant"": ""450 Truck"", ""body_type"": """", ""transmission"": ""Manual"", ""fuel_type"": ""Diesel"", ""odometer_reading"": ""289803"", ""vin"": ""JAAN1R75L57100791"", ""location"": ""VIC""}"
2026-01-18 17:53:13,https://www.grays.com/lot/0001-21061836/motor-vehicles-motor-cycles/volkswagen-passat-140tsi-business-b8-automatic-sedan,[MISSING_YEAR],"{""year"": """", ""make"": ""PASSAT"", ""model"": ""140tsi"", ""variant"": ""Business B8"", ""body_type"": ""Sedan"", ""transmission"": ""Automatic"", ""fuel_type"": ""Petrol"", ""odometer_reading"": ""116637"", ""vin"": ""WVWZZZ3CZNE027400"", ""location"": ""VIC""}"
2026-01-18 17:53:13,https://www.grays.com/lot/0001-21061844/motor-vehicles-motor-cycles/bmw-318i-manual-sedan,[MISSING_YEAR],"{""year"": """", ""make"": ""318I"", ""model"": ""Manual"", ""variant"": """", ""body_type"": ""Sedan"", ""transmission"": ""Manual"", ""fuel_type"": ""Petrol"", ""odometer_reading"": ""246018"", ""vin"": ""WBAAK320808724093"", ""location"": ""VIC""}"
2026-01-18 17:53:13,https://www.grays.com/lot/0001-21061851/motor-vehicles-motor-cycles/mercedes-benz-sprinter-319-cdi-mwb-l-roof-turbo-diesel-automatic-van,[MISSING_YEAR],"{""year"": """", ""make"": ""BENZ"", ""model"": ""Sprinter"", ""variant"": ""319 CDI MWB L ROOF Van"", ""body_type"": ""Van"", ""transmission"": ""Automatic"", ""fuel_type"": ""Diesel"", ""odometer_reading"": ""514332"", ""vin"": ""WDB9066332S503140"", ""location"": ""VIC""}"
2026-01-18 17:53:13,https://www.grays.com/lot/0001-21061853/motor-vehicles-motor-cycles/mitsubishi-outlander-ls-2wd-zk-cvt-wagon,[MISSING_YEAR],"{""year"": """", ""make"": ""OUTLANDER"", ""model"": ""Ls"", ""variant"": ""2WD ZK"", ""body_type"": ""Wagon"", ""transmission"": ""CVT"", ""fuel_type"": ""Petrol"", ""odometer_reading"": ""126122"", ""vin"": ""JMFXTGF7WGJ000989"", ""location"": ""VIC""}"
2026-01-18 17:53:13,https://www.grays.com/lot/0001-21061893/motor-vehicles-motor-cycles/mercedes-benz-sprinter-519-cdi-lwb-turbo-diesel-automatic-crew-cab-chassis,[MISSING_YEAR],"{""year"": """", ""make"": ""BENZ"", ""model"": ""Sprinter"", ""variant"": ""519 CDI LWB Crew"", ""body_type"": ""Cab Chassis"", ""transmission"": ""Automatic"", ""fuel_type"": ""Diesel"", ""odometer_reading"": ""338581"", ""vin"": ""WDB9061552N495936"", ""location"": ""VIC""}"
2026-01-18 17:53:13,https://www.grays.com/lot/0001-21061903/motor-vehicles-motor-cycles/2009-hyundai-iload-automatic-van,[MISSING_BODY_TYPE],"{""year"": ""2009"", ""make"": ""HYUNDAI"", ""model"": ""Iload"", ""variant"": ""Van"", ""body_type"": """", ""transmission"": ""Automatic"", ""fuel_type"": ""Diesel"", ""odometer_reading"": ""233101"", ""vin"": ""KMFWBX7JMAU215375"", ""location"": ""VIC""}"
2026-01-18 17:53:13,https://www.grays.com/lot/0001-21061906/motor-vehicles-motor-cycles/holden-captiva-7-lx-awd-cg-ii-turbo-diesel-automatic-7-seats-wagon,[MISSING_YEAR],"{""year"": """", ""make"": ""CAPTIVA"", ""model"": ""7"", ""variant"": ""LX AWD CG II"", ""body_type"": ""Wagon"", ""transmission"": ""Automatic"", ""fuel_type"": ""Diesel"", ""odometer_reading"": ""190189"", ""vin"": ""KL3CD266JCB062221"", ""location"": ""VIC""}"
2026-01-18 17:53:13,https://www.grays.com/lot/0001-50714090/motor-vehicles-motor-cycles/mercedes-benz-s-320-import-automatic-sedan,[MISSING_YEAR],"{""year"": """", ""make"": ""BENZ"", ""model"": ""S"", ""variant"": ""320 (Import)"", ""body_type"": ""Sedan"", ""transmission"": ""Automatic"", ""fuel_type"": ""Petrol"", ""odometer_reading"": ""251289"", ""vin"": ""WDB2200652A130225"", ""location"": ""QLD""}"
2026-01-18 17:53:13,https://www.grays.com/lot/0001-50714101/motor-vehicles-motor-cycles/1958-ford-mainline-rwd-automatic-ute,[BAD_VIN],"{""year"": ""1958"", ""make"": ""FORD"", ""model"": ""Mainline"", ""variant"": ""RWD"", ""body_type"": ""Ute"", ""transmission"": ""Automatic"", ""fuel_type"": ""Lpg"", ""odometer_reading"": ""63476"", ""vin"": ""BJH673G"", ""location"": ""QLD""}"
2026-01-18 17:53:13,https://www.grays.com/lot/0001-50714111/motor-vehicles-motor-cycles/holden-captiva-7-cx-awd-cg-ii-automatic-7-seats-wagon,[MISSING_YEAR],"{""year"": """", ""make"": ""CAPTIVA"", ""model"": ""7"", ""variant"": ""CX AWD CG II"", ""body_type"": ""Wagon"", ""transmission"": ""Automatic"", ""fuel_type"": ""Petrol"", ""odometer_reading"": ""201803"", ""vin"": ""KL3CD265JDB045777"", ""location"": ""QLD""}"
2026-01-18 17:53:13,https://www.grays.com/lot/0001-50714128/motor-vehicles-motor-cycles/toyota-vitz-import-automatic-hatchback,[MISSING_YEAR],"{""year"": """", ""make"": ""VITZ"", ""model"": ""(import)"", ""variant"": """", ""body_type"": ""Hatchback"", ""transmission"": ""Automatic"", ""fuel_type"": ""Hybrid"", ""odometer_reading"": ""66528"", ""vin"": ""6ZZKNHP1304015033"", ""location"": ""QLD""}"
2026-01-18 17:53:13,https://www.grays.com/lot/0001-50714134/motor-vehicles-motor-cycles/toyota-hiace-import-automatic-8-seats-van,[MISSING_YEAR],"{""year"": """", ""make"": ""HIACE"", ""model"": ""(import)"", ""variant"": ""Van"", ""body_type"": """", ""transmission"": ""Automatic"", ""fuel_type"": ""Petrol"", ""odometer_reading"": ""155082"", ""vin"": ""6ZZFTRH2000227399"", ""location"": ""QLD""}"
2026-01-18 17:53:13,https://www.grays.com/lot/0001-50714135/motor-vehicles-motor-cycles/honda-fit-automatic-hatchback,[MISSING_YEAR],"{""year"": """", ""make"": ""FIT"", ""model"": ""Automatic"", ""variant"": """", ""body_type"": ""Hatchback"", ""transmission"": ""Automatic"", ""fuel_type"": ""Hybrid"", ""odometer_reading"": ""74495"", ""vin"": ""6ZZJ000GP51341245"", ""location"": ""QLD""}"
2026-01-18 17:53:13,https://www.grays.com/lot/0001-50714142/motor-vehicles-motor-cycles/2015-bmw-x1-automatic-suv,[MISSING_BODY_TYPE],"{""year"": ""2015"", ""make"": ""BMW"", ""model"": ""X1"", ""variant"": ""Suv"", ""body_type"": """", ""transmission"": ""Automatic"", ""fuel_type"": ""Diesel"", ""odometer_reading"": ""106196"", ""vin"": ""WBAVN72040V333007"", ""location"": ""QLD""}"
2026-01-18 17:53:13,https://www.grays.com/lot/0001-50714174/motor-vehicles-motor-cycles/2016-toyota-sienta-import-automatic-7-seats-van,[MISSING_BODY_TYPE],"{""year"": ""2016"", ""make"": ""TOYOTA"", ""model"": ""Sienta"", ""variant"": ""(Import) Van"", ""body_type"": """", ""transmission"": ""Automatic"", ""fuel_type"": ""Hybrid"", ""odometer_reading"": ""43883"", ""vin"": ""6ZZGNHP1707064849"", ""location"": ""QLD""}"
2026-01-18 17:53:13,https://www.grays.com/lot/0001-60049944/motor-vehicles-motor-cycles/nissan-patrol-ti-gq-manual-wagon,[MISSING_YEAR],"{""year"": """", ""make"": ""PATROL"", ""model"": ""Ti"", ""variant"": ""GQ"", ""body_type"": ""Wagon"", ""transmission"": ""Manual"", ""fuel_type"": ""Petrol"", ""odometer_reading"": ""239770"", ""vin"": ""JN10WGY60A0039572"", ""location"": ""SA""}"
2026-01-18 17:53:13,https://www.grays.com/lot/0001-60049952/motor-vehicles-motor-cycles/2010-audi-q5-2-0-tdi-quattro-8r-turbo-diesel-automatic-wagon,[MISSING_ODOMETER],"{""year"": ""2010"", ""make"": ""AUDI"", ""model"": ""Q5"", ""variant"": ""2.0 TDI Quattro 8R"", ""body_type"": ""Wagon"", ""transmission"": ""Automatic"", ""fuel_type"": ""Diesel"", ""odometer_reading"": """", ""vin"": ""WAUZZZ8R2AA094038"", ""location"": ""SA""}"
2026-01-18 17:53:13,https://www.grays.com/lot/0001-60049970/motor-vehicles-motor-cycles/volvo-xc90-automatic-wagon,[MISSING_YEAR],"{""year"": """", ""make"": ""XC90"", ""model"": ""Automatic"", ""variant"": """", ""body_type"": ""Wagon"", ""transmission"": ""Automatic"", ""fuel_type"": ""Petrol"", ""odometer_reading"": ""0"", ""vin"": ""YV1CZ59G741048541"", ""location"": ""SA""}"
2026-01-18 17:53:13,https://www.grays.com/lot/0001-9066380/motor-vehicles-motor-cycles/2019-nissan-navara-4x4-rx-series-3-turbo-diesel-manual-extra-cab,[BAD_PARSE],"{""year"": ""2019"", ""make"": ""NISSAN"", ""model"": ""Navara"", ""variant"": ""4X4 RX SERIES 3 Extra Cab"", ""body_type"": ""Extra Cab"", ""transmission"": ""Manual"", ""fuel_type"": ""Diesel"", ""odometer_reading"": ""187073"", ""vin"": ""MNTEB4D23A0000699"", ""location"": ""WA""}"
2026-01-18 17:53:13,https://www.grays.com/lot/0001-9066489/motor-vehicles-motor-cycles/2012-ford-territory-titanium-sz-turbo-diesel-automatic-7-seats-wagon,[BAD_ODOMETER_RANGE],"{""year"": ""2012"", ""make"": ""FORD"", ""model"": ""Territory"", ""variant"": ""Titanium SZ"", ""body_type"": ""Wagon"", ""transmission"": ""Automatic"", ""fuel_type"": ""Diesel"", ""odometer_reading"": ""0"", ""vin"": ""6FPAAAJGATCY92925"", ""location"": ""WA""}"
2026-01-18 17:53:13,https://www.grays.com/lot/0001-9066520/motor-vehicles-motor-cycles/2007-volkswagen-passat-2-0-tdi-125kw-3c-turbo-diesel-automatic-sedan,[BAD_ODOMETER_RANGE],"{""year"": ""2007"", ""make"": ""VOLKSWAGEN"", ""model"": ""Passat"", ""variant"": ""2.0 TDI 125kW 3C"", ""body_type"": ""Sedan"", ""transmission"": ""Automatic"", ""fuel_type"": ""Diesel"", ""odometer_reading"": ""0"", ""vin"": ""WVWZZZ3CZ8P030911"", ""location"": ""WA""}"
2026-01-18 17:53:13,https://www.grays.com/lot/0007-7061089/motor-vehicles-motor-cycles/2011-toyota-landcruiser-prado-gxl-4-x-4-automatic-turbo-diesel-wagon,[MISSING_ODOMETER],"{""year"": ""2011"", ""make"": ""TOYOTA"", ""model"": ""Landcruiser"", ""variant"": ""Prado GXL 4 x 4"", ""body_type"": ""Wagon"", ""transmission"": ""Automatic"", ""fuel_type"": ""Diesel"", ""odometer_reading"": """", ""vin"": ""JTEBH3FJ90K051838"", ""location"": ""QLD""}"
2026-01-18 17:53:13,https://www.grays.com/lot/0011-7061089/motor-vehicles-motor-cycles/2019-toyota-hilux-4-x-4-turbo-diesel-automatic-dual-cab-ute,[MISSING_ODOMETER],"{""year"": ""2019"", ""make"": ""TOYOTA"", ""model"": ""Hilux"", ""variant"": ""4 x 4 Dual Cab Ute"", ""body_type"": ""Cab Chassis"", ""transmission"": ""Automatic"", ""fuel_type"": ""Diesel"", ""odometer_reading"": """", ""vin"": ""MR0KA3CD601228232"", ""location"": ""QLD""}"
2026-01-18 17:53:13,https://www.grays.com/lot/0012-7061089/motor-vehicles-motor-cycles/2018-toyota-hilux-4-x-4-turbo-diesel-automatic-dual-cab-ute,[MISSING_ODOMETER],"{""year"": ""2018"", ""make"": ""TOYOTA"", ""model"": ""Hilux"", ""variant"": ""4 x 4 Dual Cab Ute"", ""body_type"": ""Cab Chassis"", ""transmission"": ""Automatic"", ""fuel_type"": ""Diesel"", ""odometer_reading"": """", ""vin"": """", ""location"": ""QLD""}"
2026-01-18 17:53:13,https://www.grays.com/lot/0030-8021559/motor-vehicles-motor-cycles/2003-toyota-landcruiser-hzj78r-4wd-manual-5-speed-troop-carrier,[BAD_PARSE],"{""year"": ""2003"", ""make"": ""TOYOTA"", ""model"": ""Landcruiser"", ""variant"": ""HZJ78R 4WD - Troop Carrier"", ""body_type"": ""Troop Carrier"", ""transmission"": ""Manual"", ""fuel_type"": ""Diesel"", ""odometer_reading"": ""306460"", ""vin"": ""JTERB71J100018617"", ""location"": ""NT""}"
2026-01-18 17:53:13,https://www.grays.com/lot/0031-8021559/motor-vehicles-motor-cycles/1999-toyota-landcruiser-hzj79r-4wd-manual-5-speed-ute,[MISSING_ODOMETER],"{""year"": ""1999"", ""make"": ""TOYOTA"", ""model"": ""Landcruiser"", ""variant"": ""HZJ79R 4WD"", ""body_type"": ""Ute"", ""transmission"": ""Manual"", ""fuel_type"": ""Diesel"", ""odometer_reading"": """", ""vin"": ""JTELB71J607002152"", ""location"": ""NT""}"
2026-01-18 17:53:14,https://www.grays.com/lot/0001-10352198/motor-vehicles-motor-cycles/2023-ktm-rc390-manual-motorbike,[MOTORCYCLE],"{""year"": ""2023"", ""make"": ""KTM"", ""model"": ""Rc390"", ""variant"": ""Motorbike"", ""body_type"": """", ""transmission"": ""Manual"", ""fuel_type"": ""Petrol"", ""odometer_reading"": ""10209"", ""vin"": ""VBKJYJ402PN202590"", ""location"": ""NSW""}"
2026-01-18 17:53:14,https://www.grays.com/lot/0001-10352226/motor-vehicles-motor-cycles/kymco-agility-50-automatic-motorcycle,[MOTORCYCLE],"{""year"": """", ""make"": ""AGILITY"", ""model"": ""50"", ""variant"": ""Motorcycle"", ""body_type"": """", ""transmission"": ""Automatic"", ""fuel_type"": ""Petrol"", ""odometer_reading"": ""6462"", ""vin"": ""LC2U6200072600348"", ""location"": ""NSW""}"
2026-01-18 17:53:14,https://www.grays.com/lot/0001-10352263/motor-vehicles-motor-cycles/2012-toyota-landcruiser-prado-gx-kdj150r-turbo-diesel-automatic-wagon,[BAD_ODOMETER_RANGE],"{""year"": ""2012"", ""make"": ""TOYOTA"", ""model"": ""Landcruiser"", ""variant"": ""Prado GX KDJ150R"", ""body_type"": ""Wagon"", ""transmission"": ""Automatic"", ""fuel_type"": ""Diesel"", ""odometer_reading"": ""0"", ""vin"": ""JTEBH3FJ00K088745"", ""location"": ""NSW""}"
2026-01-18 17:53:14,https://www.grays.com/lot/0001-21061669/motor-vehicles-motor-cycles/mercedes-benz-sprinter-316-cdi-mwb-l-roof-turbo-diesel-automatic-van,[MISSING_YEAR],"{""year"": """", ""make"": ""BENZ"", ""model"": ""Sprinter"", ""variant"": ""316 CDI MWB L ROOF Van"", ""body_type"": ""Van"", ""transmission"": ""Automatic"", ""fuel_type"": ""Diesel"", ""odometer_reading"": ""275274"", ""vin"": ""WDB9066332S617030"", ""location"": ""VIC""}"
2026-01-18 17:53:14,https://www.grays.com/lot/0001-21061670/motor-vehicles-motor-cycles/mercedes-benz-sprinter-309cdi-mwb-s-roof-turbo-diesel-automatic-van,[MISSING_YEAR],"{""year"": """", ""make"": ""BENZ"", ""model"": ""Sprinter"", ""variant"": ""309CDI MWB S ROOF Van"", ""body_type"": ""Van"", ""transmission"": ""Automatic"", ""fuel_type"": ""Diesel"", ""odometer_reading"": ""406386"", ""vin"": ""WDF9066332A991445"", ""location"": ""VIC""}"
2026-01-18 17:53:14,https://www.grays.com/lot/0001-21061715/motor-vehicles-motor-cycles/2009-toyota-hiace-automatic-van,[MISSING_BODY_TYPE],"{""year"": ""2009"", ""make"": ""TOYOTA"", ""model"": ""Hiace"", ""variant"": ""Van"", ""body_type"": """", ""transmission"": ""Automatic"", ""fuel_type"": ""Petrol"", ""odometer_reading"": ""273772"", ""vin"": ""JTFHX02P100043827"", ""location"": ""VIC""}"
2026-01-18 17:53:14,https://www.grays.com/lot/0001-21061727/motor-vehicles-motor-cycles/holden-astra-cd-ah-automatic-wagon,[MISSING_YEAR],"{""year"": """", ""make"": ""ASTRA"", ""model"": ""Cd"", ""variant"": ""AH"", ""body_type"": ""Wagon"", ""transmission"": ""Automatic"", ""fuel_type"": ""Petrol"", ""odometer_reading"": ""199117"", ""vin"": ""W0L0AHL3575177899"", ""location"": ""VIC""}"
2026-01-18 17:53:14,https://www.grays.com/lot/0001-21061757/motor-vehicles-motor-cycles/mercedes-benz-vito-113-cdi-swb-turbo-diesel-automatic-van,[MISSING_YEAR],"{""year"": """", ""make"": ""BENZ"", ""model"": ""Vito"", ""variant"": ""113 CDI SWB Van"", ""body_type"": ""Van"", ""transmission"": ""Automatic"", ""fuel_type"": ""Diesel"", ""odometer_reading"": ""205165"", ""vin"": ""WDF63960123871686"", ""location"": ""VIC""}"
2026-01-18 17:53:14,https://www.grays.com/lot/0001-21061768/motor-vehicles-motor-cycles/2013-nissan-pathfinder-automatic-7-seats-wovr-inspected,[MISSING_BODY_TYPE],"{""year"": ""2013"", ""make"": ""NISSAN"", ""model"": ""Pathfinder"", ""variant"": ""WOVR-INSPECTED"", ""body_type"": """", ""transmission"": ""Automatic"", ""fuel_type"": ""Petrol"", ""odometer_reading"": ""210236"", ""vin"": ""5N1AR2MN2EC651661"", ""location"": ""VIC""}"
2026-01-18 17:53:14,https://www.grays.com/lot/0001-21061829/motor-vehicles-motor-cycles/2007-isuzu-nqr-450-manual-truck,[MISSING_BODY_TYPE],"{""year"": ""2007"", ""make"": ""ISUZU"", ""model"": ""Nqr"", ""variant"": ""450 Truck"", ""body_type"": """", ""transmission"": ""Manual"", ""fuel_type"": ""Diesel"", ""odometer_reading"": ""289803"", ""vin"": ""JAAN1R75L57100791"", ""location"": ""VIC""}"
2026-01-18 17:53:14,https://www.grays.com/lot/0001-21061836/motor-vehicles-motor-cycles/volkswagen-passat-140tsi-business-b8-automatic-sedan,[MISSING_YEAR],"{""year"": """", ""make"": ""PASSAT"", ""model"": ""140tsi"", ""variant"": ""Business B8"", ""body_type"": ""Sedan"", ""transmission"": ""Automatic"", ""fuel_type"": ""Petrol"", ""odometer_reading"": ""116637"", ""vin"": ""WVWZZZ3CZNE027400"", ""location"": ""VIC""}"
2026-01-18 17:53:14,https://www.grays.com/lot/0001-21061844/motor-vehicles-motor-cycles/bmw-318i-manual-sedan,[MISSING_YEAR],"{""year"": """", ""make"": ""318I"", ""model"": ""Manual"", ""variant"": """", ""body_type"": ""Sedan"", ""transmission"": ""Manual"", ""fuel_type"": ""Petrol"", ""odometer_reading"": ""246018"", ""vin"": ""WBAAK320808724093"", ""location"": ""VIC""}"
2026-01-18 17:53:14,https://www.grays.com/lot/0001-21061851/motor-vehicles-motor-cycles/mercedes-benz-sprinter-319-cdi-mwb-l-roof-turbo-diesel-automatic-van,[MISSING_YEAR],"{""year"": """", ""make"": ""BENZ"", ""model"": ""Sprinter"", ""variant"": ""319 CDI MWB L ROOF Van"", ""body_type"": ""Van"", ""transmission"": ""Automatic"", ""fuel_type"": ""Diesel"", ""odometer_reading"": ""514332"", ""vin"": ""WDB9066332S503140"", ""location"": ""VIC""}"
2026-01-18 17:53:14,https://www.grays.com/lot/0001-21061853/motor-vehicles-motor-cycles/mitsubishi-outlander-ls-2wd-zk-cvt-wagon,[MISSING_YEAR],"{""year"": """", ""make"": ""OUTLANDER"", ""model"": ""Ls"", ""variant"": ""2WD ZK"", ""body_type"": ""Wagon"", ""transmission"": ""CVT"", ""fuel_type"": ""Petrol"", ""odometer_reading"": ""126122"", ""vin"": ""JMFXTGF7WGJ000989"", ""location"": ""VIC""}"
2026-01-18 17:53:14,https://www.grays.com/lot/0001-21061893/motor-vehicles-motor-cycles/mercedes-benz-sprinter-519-cdi-lwb-turbo-diesel-automatic-crew-cab-chassis,[MISSING_YEAR],"{""year"": """", ""make"": ""BENZ"", ""model"": ""Sprinter"", ""variant"": ""519 CDI LWB Crew"", ""body_type"": ""Cab Chassis"", ""transmission"": ""Automatic"", ""fuel_type"": ""Diesel"", ""odometer_reading"": ""338581"", ""vin"": ""WDB9061552N495936"", ""location"": ""VIC""}"
2026-01-18 17:53:14,https://www.grays.com/lot/0001-21061903/motor-vehicles-motor-cycles/2009-hyundai-iload-automatic-van,[MISSING_BODY_TYPE],"{""year"": ""2009"", ""make"": ""HYUNDAI"", ""model"": ""Iload"", ""variant"": ""Van"", ""body_type"": """", ""transmission"": ""Automatic"", ""fuel_type"": ""Diesel"", ""odometer_reading"": ""233101"", ""vin"": ""KMFWBX7JMAU215375"", ""location"": ""VIC""}"
2026-01-18 17:53:14,https://www.grays.com/lot/0001-21061906/motor-vehicles-motor-cycles/holden-captiva-7-lx-awd-cg-ii-turbo-diesel-automatic-7-seats-wagon,[MISSING_YEAR],"{""year"": """", ""make"": ""CAPTIVA"", ""model"": ""7"", ""variant"": ""LX AWD CG II"", ""body_type"": ""Wagon"", ""transmission"": ""Automatic"", ""fuel_type"": ""Diesel"", ""odometer_reading"": ""190189"", ""vin"": ""KL3CD266JCB062221"", ""location"": ""VIC""}"
2026-01-18 17:53:14,https://www.grays.com/lot/0001-50714090/motor-vehicles-motor-cycles/mercedes-benz-s-320-import-automatic-sedan,[MISSING_YEAR],"{""year"": """", ""make"": ""BENZ"", ""model"": ""S"", ""variant"": ""320 (Import)"", ""body_type"": ""Sedan"", ""transmission"": ""Automatic"", ""fuel_type"": ""Petrol"", ""odometer_reading"": ""251289"", ""vin"": ""WDB2200652A130225"", ""location"": ""QLD""}"
2026-01-18 17:53:14,https://www.grays.com/lot/0001-50714101/motor-vehicles-motor-cycles/1958-ford-mainline-rwd-automatic-ute,[BAD_VIN],"{""year"": ""1958"", ""make"": ""FORD"", ""model"": ""Mainline"", ""variant"": ""RWD"", ""body_type"": ""Ute"", ""transmission"": ""Automatic"", ""fuel_type"": ""Lpg"", ""odometer_reading"": ""63476"", ""vin"": ""BJH673G"", ""location"": ""QLD""}"
2026-01-18 17:53:14,https://www.grays.com/lot/0001-50714111/motor-vehicles-motor-cycles/holden-captiva-7-cx-awd-cg-ii-automatic-7-seats-wagon,[MISSING_YEAR],"{""year"": """", ""make"": ""CAPTIVA"", ""model"": ""7"", ""variant"": ""CX AWD CG II"", ""body_type"": ""Wagon"", ""transmission"": ""Automatic"", ""fuel_type"": ""Petrol"", ""odometer_reading"": ""201803"", ""vin"": ""KL3CD265JDB045777"", ""location"": ""QLD""}"
2026-01-18 17:53:14,https://www.grays.com/lot/0001-50714128/motor-vehicles-motor-cycles/toyota-vitz-import-automatic-hatchback,[MISSING_YEAR],"{""year"": """", ""make"": ""VITZ"", ""model"": ""(import)"", ""variant"": """", ""body_type"": ""Hatchback"", ""transmission"": ""Automatic"", ""fuel_type"": ""Hybrid"", ""odometer_reading"": ""66528"", ""vin"": ""6ZZKNHP1304015033"", ""location"": ""QLD""}"
2026-01-18 17:53:14,https://www.grays.com/lot/0001-50714134/motor-vehicles-motor-cycles/toyota-hiace-import-automatic-8-seats-van,[MISSING_YEAR],"{""year"": """", ""make"": ""HIACE"", ""model"": ""(import)"", ""variant"": ""Van"", ""body_type"": """", ""transmission"": ""Automatic"", ""fuel_type"": ""Petrol"", ""odometer_reading"": ""155082"", ""vin"": ""6ZZFTRH2000227399"", ""location"": ""QLD""}"
2026-01-18 17:53:14,https://www.grays.com/lot/0001-50714135/motor-vehicles-motor-cycles/honda-fit-automatic-hatchback,[MISSING_YEAR],"{""year"": """", ""make"": ""FIT"", ""model"": ""Automatic"", ""variant"": """", ""body_type"": ""Hatchback"", ""transmission"": ""Automatic"", ""fuel_type"": ""Hybrid"", ""odometer_reading"": ""74495"", ""vin"": ""6ZZJ000GP51341245"", ""location"": ""QLD""}"
2026-01-18 17:53:14,https://www.grays.com/lot/0001-50714142/motor-vehicles-motor-cycles/2015-bmw-x1-automatic-suv,[MISSING_BODY_TYPE],"{""year"": ""2015"", ""make"": ""BMW"", ""model"": ""X1"", ""variant"": ""Suv"", ""body_type"": """", ""transmission"": ""Automatic"", ""fuel_type"": ""Diesel"", ""odometer_reading"": ""106196"", ""vin"": ""WBAVN72040V333007"", ""location"": ""QLD""}"
2026-01-18 17:53:14,https://www.grays.com/lot/0001-50714174/motor-vehicles-motor-cycles/2016-toyota-sienta-import-automatic-7-seats-van,[MISSING_BODY_TYPE],"{""year"": ""2016"", ""make"": ""TOYOTA"", ""model"": ""Sienta"", ""variant"": ""(Import) Van"", ""body_type"": """", ""transmission"": ""Automatic"", ""fuel_type"": ""Hybrid"", ""odometer_reading"": ""43883"", ""vin"": ""6ZZGNHP1707064849"", ""location"": ""QLD""}"
2026-01-18 17:53:14,https://www.grays.com/lot/0001-60049944/motor-vehicles-motor-cycles/nissan-patrol-ti-gq-manual-wagon,[MISSING_YEAR],"{""year"": """", ""make"": ""PATROL"", ""model"": ""Ti"", ""variant"": ""GQ"", ""body_type"": ""Wagon"", ""transmission"": ""Manual"", ""fuel_type"": ""Petrol"", ""odometer_reading"": ""239770"", ""vin"": ""JN10WGY60A0039572"", ""location"": ""SA""}"
2026-01-18 17:53:14,https://www.grays.com/lot/0001-60049952/motor-vehicles-motor-cycles/2010-audi-q5-2-0-tdi-quattro-8r-turbo-diesel-automatic-wagon,[MISSING_ODOMETER],"{""year"": ""2010"", ""make"": ""AUDI"", ""model"": ""Q5"", ""variant"": ""2.0 TDI Quattro 8R"", ""body_type"": ""Wagon"", ""transmission"": ""Automatic"", ""fuel_type"": ""Diesel"", ""odometer_reading"": """", ""vin"": ""WAUZZZ8R2AA094038"", ""location"": ""SA""}"
2026-01-18 17:53:14,https://www.grays.com/lot/0001-60049970/motor-vehicles-motor-cycles/volvo-xc90-automatic-wagon,[MISSING_YEAR],"{""year"": """", ""make"": ""XC90"", ""model"": ""Automatic"", ""variant"": """", ""body_type"": ""Wagon"", ""transmission"": ""Automatic"", ""fuel_type"": ""Petrol"", ""odometer_reading"": ""0"", ""vin"": ""YV1CZ59G741048541"", ""location"": ""SA""}"
2026-01-18 17:53:14,https://www.grays.com/lot/0001-9066380/motor-vehicles-motor-cycles/2019-nissan-navara-4x4-rx-series-3-turbo-diesel-manual-extra-cab,[BAD_PARSE],"{""year"": ""2019"", ""make"": ""NISSAN"", ""model"": ""Navara"", ""variant"": ""4X4 RX SERIES 3 Extra Cab"", ""body_type"": ""Extra Cab"", ""transmission"": ""Manual"", ""fuel_type"": ""Diesel"", ""odometer_reading"": ""187073"", ""vin"": ""MNTEB4D23A0000699"", ""location"": ""WA""}"
2026-01-18 17:53:14,https://www.grays.com/lot/0001-9066489/motor-vehicles-motor-cycles/2012-ford-territory-titanium-sz-turbo-diesel-automatic-7-seats-wagon,[BAD_ODOMETER_RANGE],"{""year"": ""2012"", ""make"": ""FORD"", ""model"": ""Territory"", ""variant"": ""Titanium SZ"", ""body_type"": ""Wagon"", ""transmission"": ""Automatic"", ""fuel_type"": ""Diesel"", ""odometer_reading"": ""0"", ""vin"": ""6FPAAAJGATCY92925"", ""location"": ""WA""}"
2026-01-18 17:53:14,https://www.grays.com/lot/0001-9066520/motor-vehicles-motor-cycles/2007-volkswagen-passat-2-0-tdi-125kw-3c-turbo-diesel-automatic-sedan,[BAD_ODOMETER_RANGE],"{""year"": ""2007"", ""make"": ""VOLKSWAGEN"", ""model"": ""Passat"", ""variant"": ""2.0 TDI 125kW 3C"", ""body_type"": ""Sedan"", ""transmission"": ""Automatic"", ""fuel_type"": ""Diesel"", ""odometer_reading"": ""0"", ""vin"": ""WVWZZZ3CZ8P030911"", ""location"": ""WA""}"
2026-01-18 17:53:14,https://www.grays.com/lot/0007-7061089/motor-vehicles-motor-cycles/2011-toyota-landcruiser-prado-gxl-4-x-4-automatic-turbo-diesel-wagon,[MISSING_ODOMETER],"{""year"": ""2011"", ""make"": ""TOYOTA"", ""model"": ""Landcruiser"", ""variant"": ""Prado GXL 4 x 4"", ""body_type"": ""Wagon"", ""transmission"": ""Automatic"", ""fuel_type"": ""Diesel"", ""odometer_reading"": """", ""vin"": ""JTEBH3FJ90K051838"", ""location"": ""QLD""}"
2026-01-18 17:53:14,https://www.grays.com/lot/0011-7061089/motor-vehicles-motor-cycles/2019-toyota-hilux-4-x-4-turbo-diesel-automatic-dual-cab-ute,[MISSING_ODOMETER],"{""year"": ""2019"", ""make"": ""TOYOTA"", ""model"": ""Hilux"", ""variant"": ""4 x 4 Dual Cab Ute"", ""body_type"": ""Cab Chassis"", ""transmission"": ""Automatic"", ""fuel_type"": ""Diesel"", ""odometer_reading"": """", ""vin"": ""MR0KA3CD601228232"", ""location"": ""QLD""}"
2026-01-18 17:53:14,https://www.grays.com/lot/0012-7061089/motor-vehicles-motor-cycles/2018-toyota-hilux-4-x-4-turbo-diesel-automatic-dual-cab-ute,[MISSING_ODOMETER],"{""year"": ""2018"", ""make"": ""TOYOTA"", ""model"": ""Hilux"", ""variant"": ""4 x 4 Dual Cab Ute"", ""body_type"": ""Cab Chassis"", ""transmission"": ""Automatic"", ""fuel_type"": ""Diesel"", ""odometer_reading"": """", ""vin"": """", ""location"": ""QLD""}"
2026-01-18 17:53:14,https://www.grays.com/lot/0030-8021559/motor-vehicles-motor-cycles/2003-toyota-landcruiser-hzj78r-4wd-manual-5-speed-troop-carrier,[BAD_PARSE],"{""year"": ""2003"", ""make"": ""TOYOTA"", ""model"": ""Landcruiser"", ""variant"": ""HZJ78R 4WD - Troop Carrier"", ""body_type"": ""Troop Carrier"", ""transmission"": ""Manual"", ""fuel_type"": ""Diesel"", ""odometer_reading"": ""306460"", ""vin"": ""JTERB71J100018617"", ""location"": ""NT""}"
2026-01-18 17:53:14,https://www.grays.com/lot/0031-8021559/motor-vehicles-motor-cycles/1999-toyota-landcruiser-hzj79r-4wd-manual-5-speed-ute,[MISSING_ODOMETER],"{""year"": ""1999"", ""make"": ""TOYOTA"", ""model"": ""Landcruiser"", ""variant"": ""HZJ79R 4WD"", ""body_type"": ""Ute"", ""transmission"": ""Manual"", ""fuel_type"": ""Diesel"", ""odometer_reading"": """", ""vin"": ""JTELB71J607002152"", ""location"": ""NT""}"
2026-01-19 17:00:00,https://www.grays.com/lot/0001-10352198/motor-vehicles-motor-cycles/2023-ktm-rc390-manual-motorbike,[MOTORCYCLE],"{""year"": ""2023"", ""make"": ""KTM"", ""model"": ""Rc390"", ""variant"": ""Motorbike"", ""body_type"": """", ""transmission"": ""Manual"", ""fuel_type"": ""Petrol"", ""odometer_reading"": ""10209"", ""vin"": ""VBKJYJ402PN202590"", ""location"": ""NSW""}"
2026-01-19 17:00:00,https://www.grays.com/lot/0001-10352226/motor-vehicles-motor-cycles/kymco-agility-50-automatic-motorcycle,[MOTORCYCLE],"{""year"": """", ""make"": ""AGILITY"", ""model"": ""50"", ""variant"": ""Motorcycle"", ""body_type"": """", ""transmission"": ""Automatic"", ""fuel_type"": ""Petrol"", ""odometer_reading"": ""6462"", ""vin"": ""LC2U6200072600348"", ""location"": ""NSW""}"
2026-01-19 17:00:00,https://www.grays.com/lot/0001-10352263/motor-vehicles-motor-cycles/2012-toyota-landcruiser-prado-gx-kdj150r-turbo-diesel-automatic-wagon,[BAD_ODOMETER_RANGE],"{""year"": ""2012"", ""make"": ""TOYOTA"", ""model"": ""Landcruiser"", ""variant"": ""Prado GX KDJ150R"", ""body_type"": ""Wagon"", ""transmission"": ""Automatic"", ""fuel_type"": ""Diesel"", ""odometer_reading"": ""0"", ""vin"": ""JTEBH3FJ00K088745"", ""location"": ""NSW""}"
2026-01-19 17:00:00,https://www.grays.com/lot/0001-21061715/motor-vehicles-motor-cycles/2009-toyota-hiace-automatic-van,[MISSING_BODY_TYPE],"{""year"": ""2009"", ""make"": ""TOYOTA"", ""model"": ""Hiace"", ""variant"": ""Van"", ""body_type"": """", ""transmission"": ""Automatic"", ""fuel_type"": ""Petrol"", ""odometer_reading"": ""273772"", ""vin"": ""JTFHX02P100043827"", ""location"": ""VIC""}"
2026-01-19 17:00:00,https://www.grays.com/lot/0001-21061757/motor-vehicles-motor-cycles/mercedes-benz-vito-113-cdi-swb-turbo-diesel-automatic-van,[MISSING_YEAR],"{""year"": """", ""make"": ""BENZ"", ""model"": ""Vito"", ""variant"": ""113 CDI SWB Van"", ""body_type"": ""Van"", ""transmission"": ""Automatic"", ""fuel_type"": ""Diesel"", ""odometer_reading"": ""205165"", ""vin"": ""WDF63960123871686"", ""location"": ""VIC""}"
2026-01-19 17:00:00,https://www.grays.com/lot/0001-21061768/motor-vehicles-motor-cycles/2013-nissan-pathfinder-automatic-7-seats-wovr-inspected,[MISSING_BODY_TYPE],"{""year"": ""2013"", ""make"": ""NISSAN"", ""model"": ""Pathfinder"", ""variant"": ""WOVR-INSPECTED"", ""body_type"": """", ""transmission"": ""Automatic"", ""fuel_type"": ""Petrol"", ""odometer_reading"": ""210236"", ""vin"": ""5N1AR2MN2EC651661"", ""location"": ""VIC""}"
2026-01-19 17:00:00,https://www.grays.com/lot/0001-21061829/motor-vehicles-motor-cycles/2007-isuzu-nqr-450-manual-truck,[MISSING_BODY_TYPE],"{""year"": ""2007"", ""make"": ""ISUZU"", ""model"": ""Nqr"", ""variant"": ""450 Truck"", ""body_type"": """", ""transmission"": ""Manual"", ""fuel_type"": ""Diesel"", ""odometer_reading"": ""289803"", ""vin"": ""JAAN1R75L57100791"", ""location"": ""VIC""}"
2026-01-19 17:00:00,https://www.grays.com/lot/0001-21061836/motor-vehicles-motor-cycles/volkswagen-passat-140tsi-business-b8-automatic-sedan,[MISSING_YEAR],"{""year"": """", ""make"": ""PASSAT"", ""model"": ""140tsi"", ""variant"": ""Business B8"", ""body_type"": ""Sedan"", ""transmission"": ""Automatic"", ""fuel_type"": ""Petrol"", ""odometer_reading"": ""116637"", ""vin"": ""WVWZZZ3CZNE027400"", ""location"": ""VIC""}"
2026-01-19 17:00:00,https://www.grays.com/lot/0001-21061844/motor-vehicles-motor-cycles/bmw-318i-manual-sedan,[MISSING_YEAR],"{""year"": """", ""make"": ""318I"", ""model"": ""Manual"", ""variant"": """", ""body_type"": ""Sedan"", ""transmission"": ""Manual"", ""fuel_type"": ""Petrol"", ""odometer_reading"": ""246018"", ""vin"": ""WBAAK320808724093"", ""location"": ""VIC""}"
2026-01-19 17:00:00,https://www.grays.com/lot/0001-21061851/motor-vehicles-motor-cycles/mercedes-benz-sprinter-319-cdi-mwb-l-roof-turbo-diesel-automatic-van,[MISSING_YEAR],"{""year"": """", ""make"": ""BENZ"", ""model"": ""Sprinter"", ""variant"": ""319 CDI MWB L ROOF Van"", ""body_type"": ""Van"", ""transmission"": ""Automatic"", ""fuel_type"": ""Diesel"", ""odometer_reading"": ""514332"", ""vin"": ""WDB9066332S503140"", ""location"": ""VIC""}"
2026-01-19 17:00:00,https://www.grays.com/lot/0001-21061853/motor-vehicles-motor-cycles/mitsubishi-outlander-ls-2wd-zk-cvt-wagon,[MISSING_YEAR],"{""year"": """", ""make"": ""OUTLANDER"", ""model"": ""Ls"", ""variant"": ""2WD ZK"", ""body_type"": ""Wagon"", ""transmission"": ""CVT"", ""fuel_type"": ""Petrol"", ""odometer_reading"": ""126122"", ""vin"": ""JMFXTGF7WGJ000989"", ""location"": ""VIC""}"
2026-01-19 17:00:00,https://www.grays.com/lot/0001-21061893/motor-vehicles-motor-cycles/mercedes-benz-sprinter-519-cdi-lwb-turbo-diesel-automatic-crew-cab-chassis,[MISSING_YEAR],"{""year"": """", ""make"": ""BENZ"", ""model"": ""Sprinter"", ""variant"": ""519 CDI LWB Crew"", ""body_type"": ""Cab Chassis"", ""transmission"": ""Automatic"", ""fuel_type"": ""Diesel"", ""odometer_reading"": ""338581"", ""vin"": ""WDB9061552N495936"", ""location"": ""VIC""}"
2026-01-19 17:00:00,https://www.grays.com/lot/0001-21061903/motor-vehicles-motor-cycles/2009-hyundai-iload-automatic-van,[MISSING_BODY_TYPE],"{""year"": ""2009"", ""make"": ""HYUNDAI"", ""model"": ""Iload"", ""variant"": ""Van"", ""body_type"": """", ""transmission"": ""Automatic"", ""fuel_type"": ""Diesel"", ""odometer_reading"": ""233101"", ""vin"": ""KMFWBX7JMAU215375"", ""location"": ""VIC""}"
2026-01-19 17:00:00,https://www.grays.com/lot/0001-21061906/motor-vehicles-motor-cycles/holden-captiva-7-lx-awd-cg-ii-turbo-diesel-automatic-7-seats-wagon,[MISSING_YEAR],"{""year"": """", ""make"": ""CAPTIVA"", ""model"": ""7"", ""variant"": ""LX AWD CG II"", ""body_type"": ""Wagon"", ""transmission"": ""Automatic"", ""fuel_type"": ""Diesel"", ""odometer_reading"": ""190189"", ""vin"": ""KL3CD266JCB062221"", ""location"": ""VIC""}"
2026-01-19 17:00:00,https://www.grays.com/lot/0001-50714101/motor-vehicles-motor-cycles/1958-ford-mainline-rwd-automatic-ute,[BAD_VIN],"{""year"": ""1958"", ""make"": ""FORD"", ""model"": ""Mainline"", ""variant"": ""RWD"", ""body_type"": ""Ute"", ""transmission"": ""Automatic"", ""fuel_type"": ""Lpg"", ""odometer_reading"": ""63476"", ""vin"": ""BJH673G"", ""location"": ""QLD""}"
2026-01-19 17:00:00,https://www.grays.com/lot/0001-50714111/motor-vehicles-motor-cycles/holden-captiva-7-cx-awd-cg-ii-automatic-7-seats-wagon,[MISSING_YEAR],"{""year"": """", ""make"": ""CAPTIVA"", ""model"": ""7"", ""variant"": ""CX AWD CG II"", ""body_type"": ""Wagon"", ""transmission"": ""Automatic"", ""fuel_type"": ""Petrol"", ""odometer_reading"": ""201803"", ""vin"": ""KL3CD265JDB045777"", ""location"": ""QLD""}"
2026-01-19 17:00:00,https://www.grays.com/lot/0001-50714128/motor-vehicles-motor-cycles/toyota-vitz-import-automatic-hatchback,[MISSING_YEAR],"{""year"": """", ""make"": ""VITZ"", ""model"": ""(import)"", ""variant"": """", ""body_type"": ""Hatchback"", ""transmission"": ""Automatic"", ""fuel_type"": ""Hybrid"", ""odometer_reading"": ""66528"", ""vin"": ""6ZZKNHP1304015033"", ""location"": ""QLD""}"
2026-01-19 17:00:00,https://www.grays.com/lot/0001-50714134/motor-vehicles-motor-cycles/toyota-hiace-import-automatic-8-seats-van,[MISSING_YEAR],"{""year"": """", ""make"": ""HIACE"", ""model"": ""(import)"", ""variant"": ""Van"", ""body_type"": """", ""transmission"": ""Automatic"", ""fuel_type"": ""Petrol"", ""odometer_reading"": ""155082"", ""vin"": ""6ZZFTRH2000227399"", ""location"": ""QLD""}"
2026-01-19 17:00:00,https://www.grays.com/lot/0001-50714135/motor-vehicles-motor-cycles/honda-fit-automatic-hatchback,[MISSING_YEAR],"{""year"": """", ""make"": ""FIT"", ""model"": ""Automatic"", ""variant"": """", ""body_type"": ""Hatchback"", ""transmission"": ""Automatic"", ""fuel_type"": ""Hybrid"", ""odometer_reading"": ""74495"", ""vin"": ""6ZZJ000GP51341245"", ""location"": ""QLD""}"
2026-01-19 17:00:00,https://www.grays.com/lot/0001-50714142/motor-vehicles-motor-cycles/2015-bmw-x1-automatic-suv,[MISSING_BODY_TYPE],"{""year"": ""2015"", ""make"": ""BMW"", ""model"": ""X1"", ""variant"": ""Suv"", ""body_type"": """", ""transmission"": ""Automatic"", ""fuel_type"": ""Diesel"", ""odometer_reading"": ""106196"", ""vin"": ""WBAVN72040V333007"", ""location"": ""QLD""}"
2026-01-19 17:00:00,https://www.grays.com/lot/0001-50714174/motor-vehicles-motor-cycles/2016-toyota-sienta-import-automatic-7-seats-van,[MISSING_BODY_TYPE],"{""year"": ""2016"", ""make"": ""TOYOTA"", ""model"": ""Sienta"", ""variant"": ""(Import) Van"", ""body_type"": """", ""transmission"": ""Automatic"", ""fuel_type"": ""Hybrid"", ""odometer_reading"": ""43883"", ""vin"": ""6ZZGNHP1707064849"", ""location"": ""QLD""}"
2026-01-19 17:00:00,https://www.grays.com/lot/0001-60049944/motor-vehicles-motor-cycles/nissan-patrol-ti-gq-manual-wagon,[MISSING_YEAR],"{""year"": """", ""make"": ""PATROL"", ""model"": ""Ti"", ""variant"": ""GQ"", ""body_type"": ""Wagon"", ""transmission"": ""Manual"", ""fuel_type"": ""Petrol"", ""odometer_reading"": ""239770"", ""vin"": ""JN10WGY60A0039572"", ""location"": ""SA""}"
2026-01-19 17:00:00,https://www.grays.com/lot/0001-60049952/motor-vehicles-motor-cycles/2010-audi-q5-2-0-tdi-quattro-8r-turbo-diesel-automatic-wagon,[MISSING_ODOMETER],"{""year"": ""2010"", ""make"": ""AUDI"", ""model"": ""Q5"", ""variant"": ""2.0 TDI Quattro 8R"", ""body_type"": ""Wagon"", ""transmission"": ""Automatic"", ""fuel_type"": ""Diesel"", ""odometer_reading"": """", ""vin"": ""WAUZZZ8R2AA094038"", ""location"": ""SA""}"
2026-01-19 17:00:00,https://www.grays.com/lot/0001-9066380/motor-vehicles-motor-cycles/2019-nissan-navara-4x4-rx-series-3-turbo-diesel-manual-extra-cab,[BAD_PARSE],"{""year"": ""2019"", ""make"": ""NISSAN"", ""model"": ""Navara"", ""variant"": ""4X4 RX SERIES 3 Extra Cab"", ""body_type"": ""Extra Cab"", ""transmission"": ""Manual"", ""fuel_type"": ""Diesel"", ""odometer_reading"": ""187073"", ""vin"": ""MNTEB4D23A0000699"", ""location"": ""WA""}"
2026-01-19 17:00:00,https://www.grays.com/lot/0001-9066489/motor-vehicles-motor-cycles/2012-ford-territory-titanium-sz-turbo-diesel-automatic-7-seats-wagon,[BAD_ODOMETER_RANGE],"{""year"": ""2012"", ""make"": ""FORD"", ""model"": ""Territory"", ""variant"": ""Titanium SZ"", ""body_type"": ""Wagon"", ""transmission"": ""Automatic"", ""fuel_type"": ""Diesel"", ""odometer_reading"": ""0"", ""vin"": ""6FPAAAJGATCY92925"", ""location"": ""WA""}"
2026-01-19 17:00:00,https://www.grays.com/lot/0001-9066520/motor-vehicles-motor-cycles/2007-volkswagen-passat-2-0-tdi-125kw-3c-turbo-diesel-automatic-sedan,[BAD_ODOMETER_RANGE],"{""year"": ""2007"", ""make"": ""VOLKSWAGEN"", ""model"": ""Passat"", ""variant"": ""2.0 TDI 125kW 3C"", ""body_type"": ""Sedan"", ""transmission"": ""Automatic"", ""fuel_type"": ""Diesel"", ""odometer_reading"": ""0"", ""vin"": ""WVWZZZ3CZ8P030911"", ""location"": ""WA""}"
2026-01-19 17:00:00,https://www.grays.com/lot/0007-7061089/motor-vehicles-motor-cycles/2011-toyota-landcruiser-prado-gxl-4-x-4-automatic-turbo-diesel-wagon,[MISSING_ODOMETER],"{""year"": ""2011"", ""make"": ""TOYOTA"", ""model"": ""Landcruiser"", ""variant"": ""Prado GXL 4 x 4"", ""body_type"": ""Wagon"", ""transmission"": ""Automatic"", ""fuel_type"": ""Diesel"", ""odometer_reading"": """", ""vin"": ""JTEBH3FJ90K051838"", ""location"": ""QLD""}"
2026-01-19 17:00:00,https://www.grays.com/lot/0011-7061089/motor-vehicles-motor-cycles/2019-toyota-hilux-4-x-4-turbo-diesel-automatic-dual-cab-ute,[MISSING_ODOMETER],"{""year"": ""2019"", ""make"": ""TOYOTA"", ""model"": ""Hilux"", ""variant"": ""4 x 4 Dual Cab Ute"", ""body_type"": ""Cab Chassis"", ""transmission"": ""Automatic"", ""fuel_type"": ""Diesel"", ""odometer_reading"": """", ""vin"": ""MR0KA3CD601228232"", ""location"": ""QLD""}"
2026-01-19 17:00:00,https://www.grays.com/lot/0012-7061089/motor-vehicles-motor-cycles/2018-toyota-hilux-4-x-4-turbo-diesel-automatic-dual-cab-ute,[MISSING_ODOMETER],"{""year"": ""2018"", ""make"": ""TOYOTA"", ""model"": ""Hilux"", ""variant"": ""4 x 4 Dual Cab Ute"", ""body_type"": ""Cab Chassis"", ""transmission"": ""Automatic"", ""fuel_type"": ""Diesel"", ""odometer_reading"": """", ""vin"": """", ""location"": ""QLD""}"
2026-01-19 17:00:00,https://www.grays.com/lot/0030-8021559/motor-vehicles-motor-cycles/2003-toyota-landcruiser-hzj78r-4wd-manual-5-speed-troop-carrier,[BAD_PARSE],"{""year"": ""2003"", ""make"": ""TOYOTA"", ""model"": ""Landcruiser"", ""variant"": ""HZJ78R 4WD - Troop Carrier"", ""body_type"": ""Troop Carrier"", ""transmission"": ""Manual"", ""fuel_type"": ""Diesel"", ""odometer_reading"": ""306460"", ""vin"": ""JTERB71J100018617"", ""location"": ""NT""}"
2026-01-19 17:00:00,https://www.grays.com/lot/0031-8021559/motor-vehicles-motor-cycles/1999-toyota-landcruiser-hzj79r-4wd-manual-5-speed-ute,[MISSING_ODOMETER],"{""year"": ""1999"", ""make"": ""TOYOTA"", ""model"": ""Landcruiser"", ""variant"": ""HZJ79R 4WD"", ""body_type"": ""Ute"", ""transmission"": ""Manual"", ""fuel_type"": ""Diesel"", ""odometer_reading"": """", ""vin"": ""JTELB71J607002152"", ""location"": ""NT""}"
2026-01-25 00:25:07,https://www.grays.com/lot/0001-10351876/motor-vehicles-motor-cycles/2019-toyota-camry-ascent-asv70r-automatic-sedan-pinkslip-issued-19-1-26,[MISSING_YEAR],"{""year"": """", ""make"": """", ""model"": """", ""variant"": """", ""body_type"": """", ""transmission"": """", ""fuel_type"": """", ""odometer_reading"": """", ""vin"": """", ""location"": """"}"
2026-01-25 00:25:07,https://www.grays.com/lot/0001-10352255/motor-vehicles-motor-cycles/2019-ford-ranger-xl-4x2-px-iii-turbo-diesel-manual-cab-chassis,[MISSING_YEAR],"{""year"": """", ""make"": """", ""model"": """", ""variant"": """", ""body_type"": """", ""transmission"": """", ""fuel_type"": """", ""odometer_reading"": """", ""vin"": """", ""location"": """"}"
2026-01-25 00:25:07,https://www.grays.com/lot/0001-10352271/motor-vehicles-motor-cycles/2010-volkswagen-multivan-132-tdi-highline-t5-turbo-diesel-4motion,[MISSING_YEAR],"{""year"": """", ""make"": """", ""model"": """", ""variant"": """", ""body_type"": """", ""transmission"": """", ""fuel_type"": """", ""odometer_reading"": """", ""vin"": """", ""location"": """"}"
2026-01-25 00:25:07,https://www.grays.com/lot/0001-10352272/motor-vehicles-motor-cycles/2009-volkswagen-golf-103tdi-comfortline-a6-turbo-diesel-automatic-hatchback,[MISSING_YEAR],"{""year"": """", ""make"": """", ""model"": """", ""variant"": """", ""body_type"": """", ""transmission"": """", ""fuel_type"": """", ""odometer_reading"": """", ""vin"": """", ""location"": """"}"
2026-01-25 00:25:07,https://www.grays.com/lot/0001-10352275/motor-vehicles-motor-cycles/2012-ford-mondeo-lx-mc-automatic-wagon,[MISSING_YEAR],"{""year"": """", ""make"": """", ""model"": """", ""variant"": """", ""body_type"": """", ""transmission"": """", ""fuel_type"": """", ""odometer_reading"": """", ""vin"": """", ""location"": """"}"
2026-01-25 00:25:07,https://www.grays.com/lot/0001-10352276/motor-vehicles-motor-cycles/2008-bmw-3-series-323i-e92-automatic-coupe,[MISSING_YEAR],"{""year"": """", ""make"": """", ""model"": """", ""variant"": """", ""body_type"": """", ""transmission"": """", ""fuel_type"": """", ""odometer_reading"": """", ""vin"": """", ""location"": """"}"
2026-01-25 00:25:07,https://www.grays.com/lot/0001-10352277/motor-vehicles-motor-cycles/2013-mercedes-benz-c-class-c-250-be-elegance-w204-automatic-sedan,[MISSING_YEAR],"{""year"": """", ""make"": """", ""model"": """", ""variant"": """", ""body_type"": """", ""transmission"": """", ""fuel_type"": """", ""odometer_reading"": """", ""vin"": """", ""location"": """"}"
2026-01-25 00:25:07,https://www.grays.com/lot/0001-10352278/motor-vehicles-motor-cycles/2012-kia-grand-carnival-si-diesel-vq-turbo-diesel-auto-8-seats-people-mover,[MISSING_YEAR],"{""year"": """", ""make"": """", ""model"": """", ""variant"": """", ""body_type"": """", ""transmission"": """", ""fuel_type"": """", ""odometer_reading"": """", ""vin"": """", ""location"": """"}"
2026-01-25 00:25:07,https://www.grays.com/lot/0001-10352280/motor-vehicles-motor-cycles/2007-audi-a4-2-0-b7-cvt-sedan,[MISSING_YEAR],"{""year"": """", ""make"": """", ""model"": """", ""variant"": """", ""body_type"": """", ""transmission"": """", ""fuel_type"": """", ""odometer_reading"": """", ""vin"": """", ""location"": """"}"
2026-01-25 00:25:07,https://www.grays.com/lot/0001-10352281/motor-vehicles-motor-cycles/2011-ford-territory-titanium-sz-turbo-diesel-automatic-7-seats-wagon,[MISSING_YEAR],"{""year"": """", ""make"": """", ""model"": """", ""variant"": """", ""body_type"": """", ""transmission"": """", ""fuel_type"": """", ""odometer_reading"": """", ""vin"": """", ""location"": """"}"
2026-01-25 00:25:07,https://www.grays.com/lot/0001-10352282/motor-vehicles-motor-cycles/2012-land-rover-freelander-2-se-td4-turbo-diesel-automatic-wagon,[MISSING_YEAR],"{""year"": """", ""make"": """", ""model"": """", ""variant"": """", ""body_type"": """", ""transmission"": """", ""fuel_type"": """", ""odometer_reading"": """", ""vin"": """", ""location"": """"}"
2026-01-25 00:25:07,https://www.grays.com/lot/0001-10352283/motor-vehicles-motor-cycles/2019-subaru-forester-2-5i-s-s5-cvt-wagon,[MISSING_YEAR],"{""year"": """", ""make"": """", ""model"": """", ""variant"": """", ""body_type"": """", ""transmission"": """", ""fuel_type"": """", ""odometer_reading"": """", ""vin"": """", ""location"": """"}"
2026-01-25 00:25:07,https://www.grays.com/lot/0001-10352284/motor-vehicles-motor-cycles/2018-holden-equinox-ltz-awd-eq-9-auto-wagon,[MISSING_YEAR],"{""year"": """", ""make"": """", ""model"": """", ""variant"": """", ""body_type"": """", ""transmission"": """", ""fuel_type"": """", ""odometer_reading"": """", ""vin"": """", ""location"": """"}"
2026-01-25 00:25:07,https://www.grays.com/lot/0001-10352285/motor-vehicles-motor-cycles/2020-mercedes-benz-glb250-4matic-x247-auto-8-speed-7-seats-wagon-49-854kms,[MISSING_YEAR],"{""year"": """", ""make"": """", ""model"": """", ""variant"": """", ""body_type"": """", ""transmission"": """", ""fuel_type"": """", ""odometer_reading"": """", ""vin"": """", ""location"": """"}"
2026-01-25 00:25:07,https://www.grays.com/lot/0001-10352286/motor-vehicles-motor-cycles/2014-volkswagen-golf-90tsi-a7-automatic-hatchback,[MISSING_YEAR],"{""year"": """", ""make"": """", ""model"": """", ""variant"": """", ""body_type"": """", ""transmission"": """", ""fuel_type"": """", ""odometer_reading"": """", ""vin"": """", ""location"": """"}"
2026-01-25 00:25:07,https://www.grays.com/lot/0001-10352288/motor-vehicles-motor-cycles/2015-toyota-hilux-4x4-sr-kun26r-pradyq-turbo-diesel-automatic-dual-cab,[MISSING_YEAR],"{""year"": """", ""make"": """", ""model"": """", ""variant"": """", ""body_type"": """", ""transmission"": """", ""fuel_type"": """", ""odometer_reading"": """", ""vin"": """", ""location"": """"}"
2026-01-25 00:25:07,https://www.grays.com/lot/0001-10352293/motor-vehicles-motor-cycles/2009-mercedes-benz-sprinter-518cdi-lwb-h-roof-turbo-diesel-automatic-van,[MISSING_YEAR],"{""year"": """", ""make"": """", ""model"": """", ""variant"": """", ""body_type"": """", ""transmission"": """", ""fuel_type"": """", ""odometer_reading"": """", ""vin"": """", ""location"": """"}"
2026-01-25 00:25:07,https://www.grays.com/lot/0001-10352294/motor-vehicles-motor-cycles/2021-subaru-xv-2-0i-l-g5x-cvt-hatchback,[MISSING_YEAR],"{""year"": """", ""make"": """", ""model"": """", ""variant"": """", ""body_type"": """", ""transmission"": """", ""fuel_type"": """", ""odometer_reading"": """", ""vin"": """", ""location"": """"}"
2026-01-25 00:25:07,https://www.grays.com/lot/0001-10352295/motor-vehicles-motor-cycles/2020-toyota-corolla-sx-mzea12r-cvt-sedan,[MISSING_YEAR],"{""year"": """", ""make"": """", ""model"": """", ""variant"": """", ""body_type"": """", ""transmission"": """", ""fuel_type"": """", ""odometer_reading"": """", ""vin"": """", ""location"": """"}"
2026-01-25 00:25:07,https://www.grays.com/lot/0001-10352296/motor-vehicles-motor-cycles/2022-ford-everest-sport-rwd-uaii-turbo-diesel-automatic-7-seats-wagon,[MISSING_YEAR],"{""year"": """", ""make"": """", ""model"": """", ""variant"": """", ""body_type"": """", ""transmission"": """", ""fuel_type"": """", ""odometer_reading"": """", ""vin"": """", ""location"": """"}"
2026-01-25 00:25:07,https://www.grays.com/lot/0001-10352297/motor-vehicles-motor-cycles/2005-holden-rodeo-lx-v6-ra-manual-cab-chassis,[MISSING_YEAR],"{""year"": """", ""make"": """", ""model"": """", ""variant"": """", ""body_type"": """", ""transmission"": """", ""fuel_type"": """", ""odometer_reading"": """", ""vin"": """", ""location"": """"}"
2026-01-25 00:25:07,https://www.grays.com/lot/0001-10352298/motor-vehicles-motor-cycles/2010-suzuki-kizashi-fr-cvt-sedan,[MISSING_YEAR],"{""year"": """", ""make"": """", ""model"": """", ""variant"": """", ""body_type"": """", ""transmission"": """", ""fuel_type"": """", ""odometer_reading"": """", ""vin"": """", ""location"": """"}"
2026-01-25 00:25:07,https://www.grays.com/lot/0001-10352299/motor-vehicles-motor-cycles/2014-hyundai-ix35-se-fwd-lm-automatic-wagon,[MISSING_YEAR],"{""year"": """", ""make"": """", ""model"": """", ""variant"": """", ""body_type"": """", ""transmission"": """", ""fuel_type"": """", ""odometer_reading"": """", ""vin"": """", ""location"": """"}"
2026-01-25 00:25:07,https://www.grays.com/lot/0001-10352300/motor-vehicles-motor-cycles/2014-hyundai-i20-active-pb-automatic-hatchback,[MISSING_YEAR],"{""year"": """", ""make"": """", ""model"": """", ""variant"": """", ""body_type"": """", ""transmission"": """", ""fuel_type"": """", ""odometer_reading"": """", ""vin"": """", ""location"": """"}"
2026-01-25 00:25:07,https://www.grays.com/lot/0001-10352301/motor-vehicles-motor-cycles/2005-hyundai-terracan-crdi-turbo-diesel-automatic-7-seats-wagon,[MISSING_YEAR],"{""year"": """", ""make"": """", ""model"": """", ""variant"": """", ""body_type"": """", ""transmission"": """", ""fuel_type"": """", ""odometer_reading"": """", ""vin"": """", ""location"": """"}"
2026-01-25 00:25:07,https://www.grays.com/lot/0001-10352302/motor-vehicles-motor-cycles/2014-subaru-liberty-2-5i-b5-cvt-wagon,[MISSING_YEAR],"{""year"": """", ""make"": """", ""model"": """", ""variant"": """", ""body_type"": """", ""transmission"": """", ""fuel_type"": """", ""odometer_reading"": """", ""vin"": """", ""location"": """"}"
2026-01-25 00:25:07,https://www.grays.com/lot/0001-10352303/motor-vehicles-motor-cycles/2015-volvo-v40-cross-country-d4-luxury-turbo-diesel-automatic-8speedwagon,[MISSING_YEAR],"{""year"": """", ""make"": """", ""model"": """", ""variant"": """", ""body_type"": """", ""transmission"": """", ""fuel_type"": """", ""odometer_reading"": """", ""vin"": """", ""location"": """"}"
2026-01-25 00:25:07,https://www.grays.com/lot/0001-10352304/motor-vehicles-motor-cycles/2014-volkswagen-polo-81tsi-comfortline-6r-automatic-hatchback,[MISSING_YEAR],"{""year"": """", ""make"": """", ""model"": """", ""variant"": """", ""body_type"": """", ""transmission"": """", ""fuel_type"": """", ""odometer_reading"": """", ""vin"": """", ""location"": """"}"
2026-01-25 00:25:07,https://www.grays.com/lot/0001-10352306/motor-vehicles-motor-cycles/kymco-agility-50-automatic-motorcycle,[MOTORCYCLE],"{""year"": """", ""make"": """", ""model"": """", ""variant"": """", ""body_type"": """", ""transmission"": """", ""fuel_type"": """", ""odometer_reading"": """", ""vin"": """", ""location"": """"}"
2026-01-25 00:25:07,https://www.grays.com/lot/0001-10352307/motor-vehicles-motor-cycles/2019-ford-ranger-xlt-4x4-px-iii-turbo-diesel-automatic-dual-cab,[MISSING_YEAR],"{""year"": """", ""make"": """", ""model"": """", ""variant"": """", ""body_type"": """", ""transmission"": """", ""fuel_type"": """", ""odometer_reading"": """", ""vin"": """", ""location"": """"}"
2026-01-25 00:25:07,https://www.grays.com/lot/0001-10352308/motor-vehicles-motor-cycles/2017-toyota-landcruiser-gx-vdj79r-turbo-diesel-manual-cab-chassis,[MISSING_YEAR],"{""year"": """", ""make"": """", ""model"": """", ""variant"": """", ""body_type"": """", ""transmission"": """", ""fuel_type"": """", ""odometer_reading"": """", ""vin"": """", ""location"": """"}"
2026-01-25 00:25:07,https://www.grays.com/lot/0001-10352309/motor-vehicles-motor-cycles/2013-dodge-journey-sxt-automatic-7-seats-people-mover,[MISSING_YEAR],"{""year"": """", ""make"": """", ""model"": """", ""variant"": """", ""body_type"": """", ""transmission"": """", ""fuel_type"": """", ""odometer_reading"": """", ""vin"": """", ""location"": """"}"
2026-01-25 00:25:07,https://www.grays.com/lot/0001-10352310/motor-vehicles-motor-cycles/2011-volvo-c70-t5-automatic-convertable,[MISSING_YEAR],"{""year"": """", ""make"": """", ""model"": """", ""variant"": """", ""body_type"": """", ""transmission"": """", ""fuel_type"": """", ""odometer_reading"": """", ""vin"": """", ""location"": """"}"
2026-01-25 00:25:07,https://www.grays.com/lot/0001-10352311/motor-vehicles-motor-cycles/2012-nissan-micra-st-k13-manual-hatchback,[MISSING_YEAR],"{""year"": """", ""make"": """", ""model"": """", ""variant"": """", ""body_type"": """", ""transmission"": """", ""fuel_type"": """", ""odometer_reading"": """", ""vin"": """", ""location"": """"}"
2026-01-25 00:25:07,https://www.grays.com/lot/0001-10352313/motor-vehicles-motor-cycles/2011-hyundai-i40-premium-vf-automatic-wagon,[MISSING_YEAR],"{""year"": """", ""make"": """", ""model"": """", ""variant"": """", ""body_type"": """", ""transmission"": """", ""fuel_type"": """", ""odometer_reading"": """", ""vin"": """", ""location"": """"}"
2026-01-25 00:25:07,https://www.grays.com/lot/0001-10352314/motor-vehicles-motor-cycles/2016-toyota-kluger-4x4-grande-gsu55r-automatic-7-seats-wagon,[MISSING_YEAR],"{""year"": """", ""make"": """", ""model"": """", ""variant"": """", ""body_type"": """", ""transmission"": """", ""fuel_type"": """", ""odometer_reading"": """", ""vin"": """", ""location"": """"}"
2026-01-25 00:25:07,https://www.grays.com/lot/0001-10352315/motor-vehicles-motor-cycles/2010-audi-q5-3-2-fsi-quattro-8r-automatic-wagon,[MISSING_YEAR],"{""year"": """", ""make"": """", ""model"": """", ""variant"": """", ""body_type"": """", ""transmission"": """", ""fuel_type"": """", ""odometer_reading"": """", ""vin"": """", ""location"": """"}"
2026-01-25 00:25:07,https://www.grays.com/lot/0001-10352316/motor-vehicles-motor-cycles/2018-isuzu-mu-x-4x4-ls-t-turbo-diesel-automatic-7-seats-wagon,[MISSING_YEAR],"{""year"": """", ""make"": """", ""model"": """", ""variant"": """", ""body_type"": """", ""transmission"": """", ""fuel_type"": """", ""odometer_reading"": """", ""vin"": """", ""location"": """"}"
2026-01-25 00:25:07,https://www.grays.com/lot/0001-10352317/motor-vehicles-motor-cycles/2008-mini-cooper-cabrio-s-automatic-convertible,[MISSING_YEAR],"{""year"": """", ""make"": """", ""model"": """", ""variant"": """", ""body_type"": """", ""transmission"": """", ""fuel_type"": """", ""odometer_reading"": """", ""vin"": """", ""location"": """"}"
2026-01-25 00:25:07,https://www.grays.com/lot/0001-10352319/motor-vehicles-motor-cycles/2005-mercedes-benz-clk-class-clk350-avantgarde-c209-automatic-coupe,[MISSING_YEAR],"{""year"": """", ""make"": """", ""model"": """", ""variant"": """", ""body_type"": """", ""transmission"": """", ""fuel_type"": """", ""odometer_reading"": """", ""vin"": """", ""location"": """"}"
2026-01-25 00:25:07,https://www.grays.com/lot/0001-10352320/motor-vehicles-motor-cycles/2016-renault-master-elwb-high-roof-turbo-diesel-automatic-van,[MISSING_YEAR],"{""year"": """", ""make"": """", ""model"": """", ""variant"": """", ""body_type"": """", ""transmission"": """", ""fuel_type"": """", ""odometer_reading"": """", ""vin"": """", ""location"": """"}"
2026-01-25 00:25:07,https://www.grays.com/lot/0001-10352321/motor-vehicles-motor-cycles/2002-mitsubishi-pajero-exceed-np-automatic-7-seats-wagon,[MISSING_YEAR],"{""year"": """", ""make"": """", ""model"": """", ""variant"": """", ""body_type"": """", ""transmission"": """", ""fuel_type"": """", ""odometer_reading"": """", ""vin"": """", ""location"": """"}"
2026-01-25 00:25:07,https://www.grays.com/lot/0001-10352322/motor-vehicles-motor-cycles/2010-nissan-tiida-ti-c11-automatic-hatchback,[MISSING_YEAR],"{""year"": """", ""make"": """", ""model"": """", ""variant"": """", ""body_type"": """", ""transmission"": """", ""fuel_type"": """", ""odometer_reading"": """", ""vin"": """", ""location"": """"}"
2026-01-25 00:25:07,https://www.grays.com/lot/0001-10352323/motor-vehicles-motor-cycles/2016-nissan-x-trail-st-fwd-t32-cvt-wagon,[MISSING_YEAR],"{""year"": """", ""make"": """", ""model"": """", ""variant"": """", ""body_type"": """", ""transmission"": """", ""fuel_type"": """", ""odometer_reading"": """", ""vin"": """", ""location"": """"}"
2026-01-25 00:25:07,https://www.grays.com/lot/0001-10352324/motor-vehicles-motor-cycles/2017-kia-carnival-s-yp-automatic-8-seats-people-mover,[MISSING_YEAR],"{""year"": """", ""make"": """", ""model"": """", ""variant"": """", ""body_type"": """", ""transmission"": """", ""fuel_type"": """", ""odometer_reading"": """", ""vin"": """", ""location"": """"}"
2026-01-25 00:25:07,https://www.grays.com/lot/0001-10352325/motor-vehicles-motor-cycles/2014-land-rover-range-rover-sport-3-0-sdv6-auto-biog-l494-t-diesel-auto,[MISSING_YEAR],"{""year"": """", ""make"": """", ""model"": """", ""variant"": """", ""body_type"": """", ""transmission"": """", ""fuel_type"": """", ""odometer_reading"": """", ""vin"": """", ""location"": """"}"
2026-01-25 00:25:07,https://www.grays.com/lot/0001-10352327/motor-vehicles-motor-cycles/2015-audi-q5-2-0-tfsi-quattro-8r-automatic-8-speed-wagon,[MISSING_YEAR],"{""year"": """", ""make"": """", ""model"": """", ""variant"": """", ""body_type"": """", ""transmission"": """", ""fuel_type"": """", ""odometer_reading"": """", ""vin"": """", ""location"": """"}"
2026-01-25 00:25:07,https://www.grays.com/lot/0001-10352329/motor-vehicles-motor-cycles/2010-mazda-3-neo-bl-automatic-hatchback,[MISSING_YEAR],"{""year"": """", ""make"": """", ""model"": """", ""variant"": """", ""body_type"": """", ""transmission"": """", ""fuel_type"": """", ""odometer_reading"": """", ""vin"": """", ""location"": """"}"
2026-01-25 00:25:07,https://www.grays.com/lot/0001-10352330/motor-vehicles-motor-cycles/2009-mazda-3-neo-bl-manual-hatchback,[MISSING_YEAR],"{""year"": """", ""make"": """", ""model"": """", ""variant"": """", ""body_type"": """", ""transmission"": """", ""fuel_type"": """", ""odometer_reading"": """", ""vin"": """", ""location"": """"}"
2026-01-25 00:25:07,https://www.grays.com/lot/0001-10352331/motor-vehicles-motor-cycles/2017-toyota-hilux-workmate-4x4-gun125r-turbo-diesel-automatic-cab-chassis,[MISSING_YEAR],"{""year"": """", ""make"": """", ""model"": """", ""variant"": """", ""body_type"": """", ""transmission"": """", ""fuel_type"": """", ""odometer_reading"": """", ""vin"": """", ""location"": """"}"
2026-01-25 00:25:07,https://www.grays.com/lot/0001-10352332/motor-vehicles-motor-cycles/2020-toyota-landcruiser-workmate-vdj76r-turbo-diesel-manual-wagon,[MISSING_YEAR],"{""year"": """", ""make"": """", ""model"": """", ""variant"": """", ""body_type"": """", ""transmission"": """", ""fuel_type"": """", ""odometer_reading"": """", ""vin"": """", ""location"": """"}"
2026-01-25 00:25:07,https://www.grays.com/lot/0001-10352333/motor-vehicles-motor-cycles/2015-audi-q7-3-0-tdi-quattro-4m-turbo-diesel-auto-8-speed-7-seats-wagon,[MISSING_YEAR],"{""year"": """", ""make"": """", ""model"": """", ""variant"": """", ""body_type"": """", ""transmission"": """", ""fuel_type"": """", ""odometer_reading"": """", ""vin"": """", ""location"": """"}"
2026-01-25 00:25:07,https://www.grays.com/lot/0001-10352334/motor-vehicles-motor-cycles/2010-audi-q7-3-0-tdi-quattro-turbo-diesel-automatic-8-speed-7-seats-wagon,[MISSING_YEAR],"{""year"": """", ""make"": """", ""model"": """", ""variant"": """", ""body_type"": """", ""transmission"": """", ""fuel_type"": """", ""odometer_reading"": """", ""vin"": """", ""location"": """"}"
2026-01-25 00:25:07,https://www.grays.com/lot/0001-10352336/motor-vehicles-motor-cycles/2015-mercedes-benz-b-180-b180-w246-7-auto-hatchback,[MISSING_YEAR],"{""year"": """", ""make"": """", ""model"": """", ""variant"": """", ""body_type"": """", ""transmission"": """", ""fuel_type"": """", ""odometer_reading"": """", ""vin"": """", ""location"": """"}"
2026-01-25 00:25:07,https://www.grays.com/lot/0001-10352337/motor-vehicles-motor-cycles/2020-mazda-cx-5-touring-kf-turbo-diesel-automatic-wagon,[MISSING_YEAR],"{""year"": """", ""make"": """", ""model"": """", ""variant"": """", ""body_type"": """", ""transmission"": """", ""fuel_type"": """", ""odometer_reading"": """", ""vin"": """", ""location"": """"}"
2026-01-25 00:25:07,https://www.grays.com/lot/0001-10352338/motor-vehicles-motor-cycles/2010-mercedes-benz-e-class-e350-avantgarde-w212-automatic-sedan,[MISSING_YEAR],"{""year"": """", ""make"": """", ""model"": """", ""variant"": """", ""body_type"": """", ""transmission"": """", ""fuel_type"": """", ""odometer_reading"": """", ""vin"": """", ""location"": """"}"
2026-01-25 00:25:07,https://www.grays.com/lot/0001-10352339/motor-vehicles-motor-cycles/2009-nissan-dualis-ti-j10-manual-wagon,[MISSING_YEAR],"{""year"": """", ""make"": """", ""model"": """", ""variant"": """", ""body_type"": """", ""transmission"": """", ""fuel_type"": """", ""odometer_reading"": """", ""vin"": """", ""location"": """"}"
2026-01-25 00:25:07,https://www.grays.com/lot/0001-10352342/motor-vehicles-motor-cycles/2010-ford-territory-tx-sy-ii-automatic-7-seats-wagon,[MISSING_YEAR],"{""year"": """", ""make"": """", ""model"": """", ""variant"": """", ""body_type"": """", ""transmission"": """", ""fuel_type"": """", ""odometer_reading"": """", ""vin"": """", ""location"": """"}"
2026-01-25 00:25:07,https://www.grays.com/lot/0001-10352343/motor-vehicles-motor-cycles/2011-volkswagen-golf-gti-manual-hatchback,[MISSING_YEAR],"{""year"": """", ""make"": """", ""model"": """", ""variant"": """", ""body_type"": """", ""transmission"": """", ""fuel_type"": """", ""odometer_reading"": """", ""vin"": """", ""location"": """"}"
2026-01-25 00:25:07,https://www.grays.com/lot/0001-10352344/motor-vehicles-motor-cycles/2010-volkswagen-tiguan-125-tsi-5n-automatic-wagon,[MISSING_YEAR],"{""year"": """", ""make"": """", ""model"": """", ""variant"": """", ""body_type"": """", ""transmission"": """", ""fuel_type"": """", ""odometer_reading"": """", ""vin"": """", ""location"": """"}"
2026-01-25 00:25:07,https://www.grays.com/lot/0001-10352346/motor-vehicles-motor-cycles/2014-jeep-grand-cherokee-laredo-4x4-wk-t-diesel-automatic-8-speed-wagon,[MISSING_YEAR],"{""year"": """", ""make"": """", ""model"": """", ""variant"": """", ""body_type"": """", ""transmission"": """", ""fuel_type"": """", ""odometer_reading"": """", ""vin"": """", ""location"": """"}"
2026-01-25 00:25:07,https://www.grays.com/lot/0001-10352355/motor-vehicles-motor-cycles/2012-toyota-landcruiser-prado-gx-kdj150r-turbo-diesel-automatic-wagon,[MISSING_YEAR],"{""year"": """", ""make"": """", ""model"": """", ""variant"": """", ""body_type"": """", ""transmission"": """", ""fuel_type"": """", ""odometer_reading"": """", ""vin"": """", ""location"": """"}"
2026-01-25 00:25:07,https://www.grays.com/lot/0001-10352357/motor-vehicles-motor-cycles/2017-toyota-rav-4-fwd-gxl-zsa42r-cvt-wagon,[MISSING_YEAR],"{""year"": """", ""make"": """", ""model"": """", ""variant"": """", ""body_type"": """", ""transmission"": """", ""fuel_type"": """", ""odometer_reading"": """", ""vin"": """", ""location"": """"}"
2026-01-25 00:25:07,https://www.grays.com/lot/0001-10352358/motor-vehicles-motor-cycles/2013-ford-focus-sport-lw-ii-turbo-diesel-automatic-hatchback,[MISSING_YEAR],"{""year"": """", ""make"": """", ""model"": """", ""variant"": """", ""body_type"": """", ""transmission"": """", ""fuel_type"": """", ""odometer_reading"": """", ""vin"": """", ""location"": """"}"
2026-01-25 00:25:07,https://www.grays.com/lot/0001-10352362/motor-vehicles-motor-cycles/2018-hyundai-kona-automatic-wagon,[MISSING_YEAR],"{""year"": """", ""make"": """", ""model"": """", ""variant"": """", ""body_type"": """", ""transmission"": """", ""fuel_type"": """", ""odometer_reading"": """", ""vin"": """", ""location"": """"}"
2026-01-25 00:25:07,https://www.grays.com/lot/0001-10352365/motor-vehicles-motor-cycles/2015-mercedes-benz-c-class-c250-w205-automatic-sedan,[MISSING_YEAR],"{""year"": """", ""make"": """", ""model"": """", ""variant"": """", ""body_type"": """", ""transmission"": """", ""fuel_type"": """", ""odometer_reading"": """", ""vin"": """", ""location"": """"}"
2026-01-25 00:25:07,https://www.grays.com/lot/0001-10913003/motor-vehicles-motor-cycles/2006-mercedes-benz-ml320cdi-w164-turbo-diesel-automatic-wagon,[MISSING_YEAR],"{""year"": """", ""make"": """", ""model"": """", ""variant"": """", ""body_type"": """", ""transmission"": """", ""fuel_type"": """", ""odometer_reading"": """", ""vin"": """", ""location"": """"}"
2026-01-25 00:25:07,https://www.grays.com/lot/0001-10913004/motor-vehicles-motor-cycles/2016-porsche-cayenne-s-e-hybrid-platinum-92a-auto-8-speed-71-147kms,[MISSING_YEAR],"{""year"": """", ""make"": """", ""model"": """", ""variant"": """", ""body_type"": """", ""transmission"": """", ""fuel_type"": """", ""odometer_reading"": """", ""vin"": """", ""location"": """"}"
2026-01-25 00:25:07,https://www.grays.com/lot/0001-10913005/motor-vehicles-motor-cycles/2008-nissan-dualis-ti-j10-cvt-wagon,[MISSING_YEAR],"{""year"": """", ""make"": """", ""model"": """", ""variant"": """", ""body_type"": """", ""transmission"": """", ""fuel_type"": """", ""odometer_reading"": """", ""vin"": """", ""location"": """"}"
2026-01-25 00:25:07,https://www.grays.com/lot/0001-21061675/motor-vehicles-motor-cycles/2014-hyundai-ix35-highlander-awd-lm-automatic-wagon,[MISSING_YEAR],"{""year"": """", ""make"": """", ""model"": """", ""variant"": """", ""body_type"": """", ""transmission"": """", ""fuel_type"": """", ""odometer_reading"": """", ""vin"": """", ""location"": """"}"
2026-01-25 00:25:07,https://www.grays.com/lot/0001-21061764/motor-vehicles-motor-cycles/2005-audi-a3-2-0-fsi-ambition-8p-automatic-hatchback,[MISSING_YEAR],"{""year"": """", ""make"": """", ""model"": """", ""variant"": """", ""body_type"": """", ""transmission"": """", ""fuel_type"": """", ""odometer_reading"": """", ""vin"": """", ""location"": """"}"
2026-01-25 00:25:07,https://www.grays.com/lot/0001-21061810/motor-vehicles-motor-cycles/2014-mazda-3-xd-astina-bm-turbo-diesel-automatic-hatchback,[MISSING_YEAR],"{""year"": """", ""make"": """", ""model"": """", ""variant"": """", ""body_type"": """", ""transmission"": """", ""fuel_type"": """", ""odometer_reading"": """", ""vin"": """", ""location"": """"}"
2026-01-25 00:25:07,https://www.grays.com/lot/0001-21061849/motor-vehicles-motor-cycles/2015-ford-ecosport-trend-bk-automatic-wovr-inspected,[MISSING_YEAR],"{""year"": """", ""make"": """", ""model"": """", ""variant"": """", ""body_type"": """", ""transmission"": """", ""fuel_type"": """", ""odometer_reading"": """", ""vin"": """", ""location"": """"}"
2026-01-25 00:25:07,https://www.grays.com/lot/0001-21061923/motor-vehicles-motor-cycles/2016-renault-kangoo-automatic-van,[MISSING_YEAR],"{""year"": """", ""make"": """", ""model"": """", ""variant"": """", ""body_type"": """", ""transmission"": """", ""fuel_type"": """", ""odometer_reading"": """", ""vin"": """", ""location"": """"}"
2026-01-25 00:25:07,https://www.grays.com/lot/0001-21061954/motor-vehicles-motor-cycles/2015-ford-ranger-xl-4x2-hi-rider-px-turbo-diesel-automatic-cab-chassis,[MISSING_YEAR],"{""year"": """", ""make"": """", ""model"": """", ""variant"": """", ""body_type"": """", ""transmission"": """", ""fuel_type"": """", ""odometer_reading"": """", ""vin"": """", ""location"": """"}"
2026-01-25 00:25:07,https://www.grays.com/lot/0001-21061957/motor-vehicles-motor-cycles/2013-renault-megane-coupe-cab-dynamique-cvt-convertible,[MISSING_YEAR],"{""year"": """", ""make"": """", ""model"": """", ""variant"": """", ""body_type"": """", ""transmission"": """", ""fuel_type"": """", ""odometer_reading"": """", ""vin"": """", ""location"": """"}"
2026-01-25 00:25:07,https://www.grays.com/lot/0001-21061958/motor-vehicles-motor-cycles/2015-holden-ute-sv6-vf-manual-ute,[MISSING_YEAR],"{""year"": """", ""make"": """", ""model"": """", ""variant"": """", ""body_type"": """", ""transmission"": """", ""fuel_type"": """", ""odometer_reading"": """", ""vin"": """", ""location"": """"}"
2026-01-25 00:25:07,https://www.grays.com/lot/0001-21061959/motor-vehicles-motor-cycles/2002-mercedes-benz-e240-classic-w211-automatic-sedan,[MISSING_YEAR],"{""year"": """", ""make"": """", ""model"": """", ""variant"": """", ""body_type"": """", ""transmission"": """", ""fuel_type"": """", ""odometer_reading"": """", ""vin"": """", ""location"": """"}"
2026-01-25 00:25:07,https://www.grays.com/lot/0001-21061960/motor-vehicles-motor-cycles/jeep-cherokee-trailhawk-4x4-kl-9-auto-wagon,[MISSING_YEAR],"{""year"": """", ""make"": """", ""model"": """", ""variant"": """", ""body_type"": """", ""transmission"": """", ""fuel_type"": """", ""odometer_reading"": """", ""vin"": """", ""location"": """"}"
2026-01-25 00:25:07,https://www.grays.com/lot/0001-21061965/motor-vehicles-motor-cycles/2008-mercedes-benz-clk-280-280-avantgarde-c209-automatic-coupe,[MISSING_YEAR],"{""year"": """", ""make"": """", ""model"": """", ""variant"": """", ""body_type"": """", ""transmission"": """", ""fuel_type"": """", ""odometer_reading"": """", ""vin"": """", ""location"": """"}"
2026-01-25 00:25:07,https://www.grays.com/lot/0001-21061966/motor-vehicles-motor-cycles/2017-toyota-yaris-ascent-ncp130r-automatic-hatchback,[MISSING_YEAR],"{""year"": """", ""make"": """", ""model"": """", ""variant"": """", ""body_type"": """", ""transmission"": """", ""fuel_type"": """", ""odometer_reading"": """", ""vin"": """", ""location"": """"}"
2026-01-25 00:25:07,https://www.grays.com/lot/0001-21061967/motor-vehicles-motor-cycles/2015-mazda-cx-5-maxx-sport-ke-turbo-diesel-automatic-wagon,[MISSING_YEAR],"{""year"": """", ""make"": """", ""model"": """", ""variant"": """", ""body_type"": """", ""transmission"": """", ""fuel_type"": """", ""odometer_reading"": """", ""vin"": """", ""location"": """"}"
2026-01-25 00:25:07,https://www.grays.com/lot/0001-21061968/motor-vehicles-motor-cycles/2006-volkswagen-golf-2-0-tdi-comfortline-a5-turbo-diesel-manual-hatchback,[MISSING_YEAR],"{""year"": """", ""make"": """", ""model"": """", ""variant"": """", ""body_type"": """", ""transmission"": """", ""fuel_type"": """", ""odometer_reading"": """", ""vin"": """", ""location"": """"}"
2026-01-25 00:25:07,https://www.grays.com/lot/0001-21061969/motor-vehicles-motor-cycles/2014-nissan-x-trail-st-l-fwd-t32-cvt-7-seats-wagon,[MISSING_YEAR],"{""year"": """", ""make"": """", ""model"": """", ""variant"": """", ""body_type"": """", ""transmission"": """", ""fuel_type"": """", ""odometer_reading"": """", ""vin"": """", ""location"": """"}"
2026-01-25 00:25:07,https://www.grays.com/lot/0001-21061970/motor-vehicles-motor-cycles/2010-hyundai-iload-tq-turbo-diesel-automatic-van,[MISSING_YEAR],"{""year"": """", ""make"": """", ""model"": """", ""variant"": """", ""body_type"": """", ""transmission"": """", ""fuel_type"": """", ""odometer_reading"": """", ""vin"": """", ""location"": """"}"
2026-01-25 00:25:07,https://www.grays.com/lot/0001-21061971/motor-vehicles-motor-cycles/2018-audi-a1-1-4-tfsi-sport-8x-automatic-hatchback,[MISSING_YEAR],"{""year"": """", ""make"": """", ""model"": """", ""variant"": """", ""body_type"": """", ""transmission"": """", ""fuel_type"": """", ""odometer_reading"": """", ""vin"": """", ""location"": """"}"
2026-01-25 00:25:07,https://www.grays.com/lot/0001-21061972/motor-vehicles-motor-cycles/2007-bmw-320d-e90-turbo-diesel-automatic-sedan,[MISSING_YEAR],"{""year"": """", ""make"": """", ""model"": """", ""variant"": """", ""body_type"": """", ""transmission"": """", ""fuel_type"": """", ""odometer_reading"": """", ""vin"": """", ""location"": """"}"
2026-01-25 00:25:07,https://www.grays.com/lot/0001-21061973/motor-vehicles-motor-cycles/2008-mercedes-benz-clk280-avantgarde-c209-rwc-issued-16-01-2026,[MISSING_YEAR],"{""year"": """", ""make"": """", ""model"": """", ""variant"": """", ""body_type"": """", ""transmission"": """", ""fuel_type"": """", ""odometer_reading"": """", ""vin"": """", ""location"": """"}"
2026-01-25 00:25:07,https://www.grays.com/lot/0001-21061974/motor-vehicles-motor-cycles/2014-ford-focus-ambiente-lw-ii-automatic-hatchback,[MISSING_YEAR],"{""year"": """", ""make"": """", ""model"": """", ""variant"": """", ""body_type"": """", ""transmission"": """", ""fuel_type"": """", ""odometer_reading"": """", ""vin"": """", ""location"": """"}"
2026-01-25 00:25:07,https://www.grays.com/lot/0001-21061976/motor-vehicles-motor-cycles/2008-mazda-cx-9-classic-automatic-7-seats-wagon,[MISSING_YEAR],"{""year"": """", ""make"": """", ""model"": """", ""variant"": """", ""body_type"": """", ""transmission"": """", ""fuel_type"": """", ""odometer_reading"": """", ""vin"": """", ""location"": """"}"
2026-01-25 00:25:07,https://www.grays.com/lot/0001-21061977/motor-vehicles-motor-cycles/2014-mini-cooper-f56-manual-hatchback,[MISSING_YEAR],"{""year"": """", ""make"": """", ""model"": """", ""variant"": """", ""body_type"": """", ""transmission"": """", ""fuel_type"": """", ""odometer_reading"": """", ""vin"": """", ""location"": """"}"
2026-01-25 00:25:07,https://www.grays.com/lot/0001-21061978/motor-vehicles-motor-cycles/2003-lexus-rx-rx330-sports-mcu38r-automatic-wagon,[MISSING_YEAR],"{""year"": """", ""make"": """", ""model"": """", ""variant"": """", ""body_type"": """", ""transmission"": """", ""fuel_type"": """", ""odometer_reading"": """", ""vin"": """", ""location"": """"}"
2026-01-25 00:25:07,https://www.grays.com/lot/0001-21061979/motor-vehicles-motor-cycles/2006-honda-cr-v-sport-rd-automatic-wagon,[MISSING_YEAR],"{""year"": """", ""make"": """", ""model"": """", ""variant"": """", ""body_type"": """", ""transmission"": """", ""fuel_type"": """", ""odometer_reading"": """", ""vin"": """", ""location"": """"}"
2026-01-25 00:25:07,https://www.grays.com/lot/0001-21061980/motor-vehicles-motor-cycles/2006-peugeot-307-xse-automatic-hatchback,[MISSING_YEAR],"{""year"": """", ""make"": """", ""model"": """", ""variant"": """", ""body_type"": """", ""transmission"": """", ""fuel_type"": """", ""odometer_reading"": """", ""vin"": """", ""location"": """"}"
2026-01-25 00:25:07,https://www.grays.com/lot/0001-21061981/motor-vehicles-motor-cycles/2010-holden-calais-ve-automatic-sedan,[MISSING_YEAR],"{""year"": """", ""make"": """", ""model"": """", ""variant"": """", ""body_type"": """", ""transmission"": """", ""fuel_type"": """", ""odometer_reading"": """", ""vin"": """", ""location"": """"}"
2026-01-25 00:25:07,https://www.grays.com/lot/0001-21061982/motor-vehicles-motor-cycles/2005-chrysler-300c-le-5-7l-v8-automatic-sedan,[MISSING_YEAR],"{""year"": """", ""make"": """", ""model"": """", ""variant"": """", ""body_type"": """", ""transmission"": """", ""fuel_type"": """", ""odometer_reading"": """", ""vin"": """", ""location"": """"}"
2026-01-25 00:25:07,https://www.grays.com/lot/0001-21061983/motor-vehicles-motor-cycles/2006-nissan-x-trail-ti-luxury-t30-automatic-wagon,[MISSING_YEAR],"{""year"": """", ""make"": """", ""model"": """", ""variant"": """", ""body_type"": """", ""transmission"": """", ""fuel_type"": """", ""odometer_reading"": """", ""vin"": """", ""location"": """"}"
2026-01-25 00:25:07,https://www.grays.com/lot/0001-21061984/motor-vehicles-motor-cycles/2011-ford-ranger-xlt-4x4-px-turbo-diesel-manual-dual-cab,[MISSING_YEAR],"{""year"": """", ""make"": """", ""model"": """", ""variant"": """", ""body_type"": """", ""transmission"": """", ""fuel_type"": """", ""odometer_reading"": """", ""vin"": """", ""location"": """"}"
2026-01-25 00:25:07,https://www.grays.com/lot/0001-21061985/motor-vehicles-motor-cycles/2012-nissan-micra-manual-hatchback,[MISSING_YEAR],"{""year"": """", ""make"": """", ""model"": """", ""variant"": """", ""body_type"": """", ""transmission"": """", ""fuel_type"": """", ""odometer_reading"": """", ""vin"": """", ""location"": """"}"
2026-01-25 00:25:07,https://www.grays.com/lot/0001-21061986/motor-vehicles-motor-cycles/2011-volkswagen-tiguan-132-tsi-5n-automatic-wagon,[MISSING_YEAR],"{""year"": """", ""make"": """", ""model"": """", ""variant"": """", ""body_type"": """", ""transmission"": """", ""fuel_type"": """", ""odometer_reading"": """", ""vin"": """", ""location"": """"}"
2026-01-25 00:25:07,https://www.grays.com/lot/0001-21061987/motor-vehicles-motor-cycles/2014-renault-captur-expression-automatic-wagon,[MISSING_YEAR],"{""year"": """", ""make"": """", ""model"": """", ""variant"": """", ""body_type"": """", ""transmission"": """", ""fuel_type"": """", ""odometer_reading"": """", ""vin"": """", ""location"": """"}"
2026-01-25 00:25:07,https://www.grays.com/lot/0001-21061988/motor-vehicles-motor-cycles/2013-ford-focus-sport-lw-ii-automatic-hatchback,[MISSING_YEAR],"{""year"": """", ""make"": """", ""model"": """", ""variant"": """", ""body_type"": """", ""transmission"": """", ""fuel_type"": """", ""odometer_reading"": """", ""vin"": """", ""location"": """"}"
2026-01-25 00:25:07,https://www.grays.com/lot/0001-21061989/motor-vehicles-motor-cycles/2013-kia-optima-si-tf-automatic-sedan,[MISSING_YEAR],"{""year"": """", ""make"": """", ""model"": """", ""variant"": """", ""body_type"": """", ""transmission"": """", ""fuel_type"": """", ""odometer_reading"": """", ""vin"": """", ""location"": """"}"
2026-01-25 00:25:07,https://www.grays.com/lot/0001-21061990/motor-vehicles-motor-cycles/2015-volkswagen-golf-gti-performance-a7-automatic-hatchback,[MISSING_YEAR],"{""year"": """", ""make"": """", ""model"": """", ""variant"": """", ""body_type"": """", ""transmission"": """", ""fuel_type"": """", ""odometer_reading"": """", ""vin"": """", ""location"": """"}"
2026-01-25 00:25:07,https://www.grays.com/lot/0001-21061992/motor-vehicles-motor-cycles/2014-volkswagen-jetta-118tsi-1b-automatic-sedan,[MISSING_YEAR],"{""year"": """", ""make"": """", ""model"": """", ""variant"": """", ""body_type"": """", ""transmission"": """", ""fuel_type"": """", ""odometer_reading"": """", ""vin"": """", ""location"": """"}"
2026-01-25 00:25:07,https://www.grays.com/lot/0001-21061995/motor-vehicles-motor-cycles/2017-land-rover-discovery-sport-td4-150-se-turbo-diesel-9-auto-wagon,[MISSING_YEAR],"{""year"": """", ""make"": """", ""model"": """", ""variant"": """", ""body_type"": """", ""transmission"": """", ""fuel_type"": """", ""odometer_reading"": """", ""vin"": """", ""location"": """"}"
2026-01-25 00:25:07,https://www.grays.com/lot/0001-21062002/motor-vehicles-motor-cycles/2010-volkswagen-passat-125tdi-3c-turbo-diesel-automatic-wagon,[MISSING_YEAR],"{""year"": """", ""make"": """", ""model"": """", ""variant"": """", ""body_type"": """", ""transmission"": """", ""fuel_type"": """", ""odometer_reading"": """", ""vin"": """", ""location"": """"}"
2026-01-25 00:25:07,https://www.grays.com/lot/0001-21062003/motor-vehicles-motor-cycles/2014-jeep-cherokee-limited-4x4-kl-turbo-diesel-automatic-wagon,[MISSING_YEAR],"{""year"": """", ""make"": """", ""model"": """", ""variant"": """", ""body_type"": """", ""transmission"": """", ""fuel_type"": """", ""odometer_reading"": """", ""vin"": """", ""location"": """"}"
2026-01-25 00:25:07,https://www.grays.com/lot/0001-21062004/motor-vehicles-motor-cycles/2013-nissan-navara-4x2-rx-d40-turbo-diesel-manual-dual-cab,[MISSING_YEAR],"{""year"": """", ""make"": """", ""model"": """", ""variant"": """", ""body_type"": """", ""transmission"": """", ""fuel_type"": """", ""odometer_reading"": """", ""vin"": """", ""location"": """"}"
2026-01-25 00:25:07,https://www.grays.com/lot/0001-21062005/motor-vehicles-motor-cycles/2015-jeep-grand-cherokee-laredo-4x4-wk-turbo-diesel-auto-8-speed-wagon,[MISSING_YEAR],"{""year"": """", ""make"": """", ""model"": """", ""variant"": """", ""body_type"": """", ""transmission"": """", ""fuel_type"": """", ""odometer_reading"": """", ""vin"": """", ""location"": """"}"
2026-01-25 00:25:07,https://www.grays.com/lot/0001-21062006/motor-vehicles-motor-cycles/2005-subaru-impreza-wrx-g2-manual-sedan,[MISSING_YEAR],"{""year"": """", ""make"": """", ""model"": """", ""variant"": """", ""body_type"": """", ""transmission"": """", ""fuel_type"": """", ""odometer_reading"": """", ""vin"": """", ""location"": """"}"
2026-01-25 00:25:07,https://www.grays.com/lot/0001-21062007/motor-vehicles-motor-cycles/2017-holden-colorado-4x4-z71-rg-turbo-diesel-automatic-dual-cab,[MISSING_YEAR],"{""year"": """", ""make"": """", ""model"": """", ""variant"": """", ""body_type"": """", ""transmission"": """", ""fuel_type"": """", ""odometer_reading"": """", ""vin"": """", ""location"": """"}"
2026-01-25 00:25:07,https://www.grays.com/lot/0001-21062008/motor-vehicles-motor-cycles/2012-dodge-journey-sxt-automatic-7-seats-people-mover,[MISSING_YEAR],"{""year"": """", ""make"": """", ""model"": """", ""variant"": """", ""body_type"": """", ""transmission"": """", ""fuel_type"": """", ""odometer_reading"": """", ""vin"": """", ""location"": """"}"
2026-01-25 00:25:07,https://www.grays.com/lot/0001-21062009/motor-vehicles-motor-cycles/2015-subaru-outback-2-5i-premium-b6a-cvt-wagon,[MISSING_YEAR],"{""year"": """", ""make"": """", ""model"": """", ""variant"": """", ""body_type"": """", ""transmission"": """", ""fuel_type"": """", ""odometer_reading"": """", ""vin"": """", ""location"": """"}"
2026-01-25 00:25:07,https://www.grays.com/lot/0001-21062010/motor-vehicles-motor-cycles/2010-mitsubishi-colt-ralliart-rg-manual-hatchback,[MISSING_YEAR],"{""year"": """", ""make"": """", ""model"": """", ""variant"": """", ""body_type"": """", ""transmission"": """", ""fuel_type"": """", ""odometer_reading"": """", ""vin"": """", ""location"": """"}"
2026-01-25 00:25:07,https://www.grays.com/lot/0001-21062011/motor-vehicles-motor-cycles/2012-mazda-bt-50-4x2-xt-turbo-diesel-tipper-tray-cab-chassis,[MISSING_YEAR],"{""year"": """", ""make"": """", ""model"": """", ""variant"": """", ""body_type"": """", ""transmission"": """", ""fuel_type"": """", ""odometer_reading"": """", ""vin"": """", ""location"": """"}"
2026-01-25 00:25:07,https://www.grays.com/lot/0001-21062013/motor-vehicles-motor-cycles/suzuki-sierra-1-3l-manual-convertible,[MISSING_YEAR],"{""year"": """", ""make"": """", ""model"": """", ""variant"": """", ""body_type"": """", ""transmission"": """", ""fuel_type"": """", ""odometer_reading"": """", ""vin"": """", ""location"": """"}"
2026-01-25 00:25:07,https://www.grays.com/lot/0001-21062014/motor-vehicles-motor-cycles/2010-volkswagen-tiguan-125-tsi-5n-automatic-wagon,[MISSING_YEAR],"{""year"": """", ""make"": """", ""model"": """", ""variant"": """", ""body_type"": """", ""transmission"": """", ""fuel_type"": """", ""odometer_reading"": """", ""vin"": """", ""location"": """"}"
2026-01-25 00:25:07,https://www.grays.com/lot/0001-21062017/motor-vehicles-motor-cycles/2010-nissan-x-trail-st-t31-cvt-wagon,[MISSING_YEAR],"{""year"": """", ""make"": """", ""model"": """", ""variant"": """", ""body_type"": """", ""transmission"": """", ""fuel_type"": """", ""odometer_reading"": """", ""vin"": """", ""location"": """"}"
2026-01-25 00:25:07,https://www.grays.com/lot/0001-21062018/motor-vehicles-motor-cycles/2009-ford-falcon-xt-fg-automatic-sedan,[MISSING_YEAR],"{""year"": """", ""make"": """", ""model"": """", ""variant"": """", ""body_type"": """", ""transmission"": """", ""fuel_type"": """", ""odometer_reading"": """", ""vin"": """", ""location"": """"}"
2026-01-25 00:25:07,https://www.grays.com/lot/0001-21062019/motor-vehicles-motor-cycles/2007-holden-commodore-omega-ve-automatic-sedan,[MISSING_YEAR],"{""year"": """", ""make"": """", ""model"": """", ""variant"": """", ""body_type"": """", ""transmission"": """", ""fuel_type"": """", ""odometer_reading"": """", ""vin"": """", ""location"": """"}"
2026-01-25 00:25:07,https://www.grays.com/lot/0001-21062020/motor-vehicles-motor-cycles/2013-ford-focus-trend-lw-ii-manual-hatchback,[MISSING_YEAR],"{""year"": """", ""make"": """", ""model"": """", ""variant"": """", ""body_type"": """", ""transmission"": """", ""fuel_type"": """", ""odometer_reading"": """", ""vin"": """", ""location"": """"}"
2026-01-25 00:25:07,https://www.grays.com/lot/0001-21062021/motor-vehicles-motor-cycles/2015-mitsubishi-triton-4x4-glx-mq-turbo-diesel-automatic-dual-cab,[MISSING_YEAR],"{""year"": """", ""make"": """", ""model"": """", ""variant"": """", ""body_type"": """", ""transmission"": """", ""fuel_type"": """", ""odometer_reading"": """", ""vin"": """", ""location"": """"}"
2026-01-25 00:25:07,https://www.grays.com/lot/0001-21062022/motor-vehicles-motor-cycles/2018-hyundai-tucson-active-x-tl-automatic-wagon,[MISSING_YEAR],"{""year"": """", ""make"": """", ""model"": """", ""variant"": """", ""body_type"": """", ""transmission"": """", ""fuel_type"": """", ""odometer_reading"": """", ""vin"": """", ""location"": """"}"
2026-01-25 00:25:07,https://www.grays.com/lot/0001-21062023/motor-vehicles-motor-cycles/2016-jaguar-f-pace-20d-prestige-turbo-diesel-automatic-8-speed-wagon,[MISSING_YEAR],"{""year"": """", ""make"": """", ""model"": """", ""variant"": """", ""body_type"": """", ""transmission"": """", ""fuel_type"": """", ""odometer_reading"": """", ""vin"": """", ""location"": """"}"
2026-01-25 00:25:07,https://www.grays.com/lot/0001-21062024/motor-vehicles-motor-cycles/2015-hyundai-elantra-special-edition-md-ii-automatic-sedan,[MISSING_YEAR],"{""year"": """", ""make"": """", ""model"": """", ""variant"": """", ""body_type"": """", ""transmission"": """", ""fuel_type"": """", ""odometer_reading"": """", ""vin"": """", ""location"": """"}"
2026-01-25 00:25:07,https://www.grays.com/lot/0001-21062025/motor-vehicles-motor-cycles/2010-toyota-kluger-4x2-kx-s-gsu40r-automatic-wagon,[MISSING_YEAR],"{""year"": """", ""make"": """", ""model"": """", ""variant"": """", ""body_type"": """", ""transmission"": """", ""fuel_type"": """", ""odometer_reading"": """", ""vin"": """", ""location"": """"}"
2026-01-25 00:25:07,https://www.grays.com/lot/0001-21062026/motor-vehicles-motor-cycles/2012-holden-omega-omega-ve-automatic-wagon,[MISSING_YEAR],"{""year"": """", ""make"": """", ""model"": """", ""variant"": """", ""body_type"": """", ""transmission"": """", ""fuel_type"": """", ""odometer_reading"": """", ""vin"": """", ""location"": """"}"
2026-01-25 00:25:07,https://www.grays.com/lot/0001-21062027/motor-vehicles-motor-cycles/2009-mercedes-benz-c200-kompressor-classic-w204-automatic-sedan,[MISSING_YEAR],"{""year"": """", ""make"": """", ""model"": """", ""variant"": """", ""body_type"": """", ""transmission"": """", ""fuel_type"": """", ""odometer_reading"": """", ""vin"": """", ""location"": """"}"
2026-01-25 00:25:07,https://www.grays.com/lot/0001-21062028/motor-vehicles-motor-cycles/2011-mercedes-benz-gl350-cdi-x164-turbo-diesel-automatic-7-seats-wagon,[MISSING_YEAR],"{""year"": """", ""make"": """", ""model"": """", ""variant"": """", ""body_type"": """", ""transmission"": """", ""fuel_type"": """", ""odometer_reading"": """", ""vin"": """", ""location"": """"}"
2026-01-25 00:25:07,https://www.grays.com/lot/0001-21062030/motor-vehicles-motor-cycles/2009-mitsubishi-outlander-automatic-wagon,[MISSING_YEAR],"{""year"": """", ""make"": """", ""model"": """", ""variant"": """", ""body_type"": """", ""transmission"": """", ""fuel_type"": """", ""odometer_reading"": """", ""vin"": """", ""location"": """"}"
2026-01-25 00:25:07,https://www.grays.com/lot/0001-21062031/motor-vehicles-motor-cycles/2006-toyota-corolla-conquest-zze122r-automatic-hatchback,[MISSING_YEAR],"{""year"": """", ""make"": """", ""model"": """", ""variant"": """", ""body_type"": """", ""transmission"": """", ""fuel_type"": """", ""odometer_reading"": """", ""vin"": """", ""location"": """"}"
2026-01-25 00:25:07,https://www.grays.com/lot/0001-21062032/motor-vehicles-motor-cycles/2013-peugeot-508-allure-automatic-sedan,[MISSING_YEAR],"{""year"": """", ""make"": """", ""model"": """", ""variant"": """", ""body_type"": """", ""transmission"": """", ""fuel_type"": """", ""odometer_reading"": """", ""vin"": """", ""location"": """"}"
2026-01-25 00:25:07,https://www.grays.com/lot/0001-21062033/motor-vehicles-motor-cycles/2013-volvo-xc60-t5-teknik-automatic-wagon,[MISSING_YEAR],"{""year"": """", ""make"": """", ""model"": """", ""variant"": """", ""body_type"": """", ""transmission"": """", ""fuel_type"": """", ""odometer_reading"": """", ""vin"": """", ""location"": """"}"
2026-01-25 00:25:07,https://www.grays.com/lot/0001-21062034/motor-vehicles-motor-cycles/2013-mercedes-benz-b-class-b200-be-w246-automatic-hatchback,[MISSING_YEAR],"{""year"": """", ""make"": """", ""model"": """", ""variant"": """", ""body_type"": """", ""transmission"": """", ""fuel_type"": """", ""odometer_reading"": """", ""vin"": """", ""location"": """"}"
2026-01-25 00:25:07,https://www.grays.com/lot/0001-21062035/motor-vehicles-motor-cycles/2011-kia-sorento-si-xm-automatic-7-seats-wagon,[MISSING_YEAR],"{""year"": """", ""make"": """", ""model"": """", ""variant"": """", ""body_type"": """", ""transmission"": """", ""fuel_type"": """", ""odometer_reading"": """", ""vin"": """", ""location"": """"}"
2026-01-25 00:25:07,https://www.grays.com/lot/0001-21062036/motor-vehicles-motor-cycles/2010-jeep-wrangler-unlimited-sport-jk-turbo-diesel-automatic-wagon,[MISSING_YEAR],"{""year"": """", ""make"": """", ""model"": """", ""variant"": """", ""body_type"": """", ""transmission"": """", ""fuel_type"": """", ""odometer_reading"": """", ""vin"": """", ""location"": """"}"
2026-01-25 00:25:07,https://www.grays.com/lot/0001-21062037/motor-vehicles-motor-cycles/2014-mercedes-benz-a-class-a45-amg-w176-automatic-hatchback,[MISSING_YEAR],"{""year"": """", ""make"": """", ""model"": """", ""variant"": """", ""body_type"": """", ""transmission"": """", ""fuel_type"": """", ""odometer_reading"": """", ""vin"": """", ""location"": """"}"
2026-01-25 00:25:07,https://www.grays.com/lot/0001-21062038/motor-vehicles-motor-cycles/2018-volkswagen-tiguan-allspace-132tsi-comfortline-automatic-7-seats-wagon,[MISSING_YEAR],"{""year"": """", ""make"": """", ""model"": """", ""variant"": """", ""body_type"": """", ""transmission"": """", ""fuel_type"": """", ""odometer_reading"": """", ""vin"": """", ""location"": """"}"
2026-01-25 00:25:07,https://www.grays.com/lot/0001-21062039/motor-vehicles-motor-cycles/2014-mazda-6-touring-gj-turbo-diesel-automatic-sedan,[MISSING_YEAR],"{""year"": """", ""make"": """", ""model"": """", ""variant"": """", ""body_type"": """", ""transmission"": """", ""fuel_type"": """", ""odometer_reading"": """", ""vin"": """", ""location"": """"}"
2026-01-25 00:25:07,https://www.grays.com/lot/0001-21062040/motor-vehicles-motor-cycles/2014-mercedes-benz-c200-c200-w205-automatic-sedan,[MISSING_YEAR],"{""year"": """", ""make"": """", ""model"": """", ""variant"": """", ""body_type"": """", ""transmission"": """", ""fuel_type"": """", ""odometer_reading"": """", ""vin"": """", ""location"": """"}"
2026-01-25 00:25:07,https://www.grays.com/lot/0001-21062041/motor-vehicles-motor-cycles/2002-mercedes-benz-s430-w220-automatic-sedan,[MISSING_YEAR],"{""year"": """", ""make"": """", ""model"": """", ""variant"": """", ""body_type"": """", ""transmission"": """", ""fuel_type"": """", ""odometer_reading"": """", ""vin"": """", ""location"": """"}"
2026-01-25 00:25:07,https://www.grays.com/lot/0001-21062042/motor-vehicles-motor-cycles/2017-land-rover-discovery-2-0-sd4-se-series-5-auto-8-speed-7-seats-wagon,[MISSING_YEAR],"{""year"": """", ""make"": """", ""model"": """", ""variant"": """", ""body_type"": """", ""transmission"": """", ""fuel_type"": """", ""odometer_reading"": """", ""vin"": """", ""location"": """"}"
2026-01-25 00:25:07,https://www.grays.com/lot/0001-21062043/motor-vehicles-motor-cycles/2010-bmw-3-series-320d-lifestyle-e90-turbo-diesel-automatic-sedan,[MISSING_YEAR],"{""year"": """", ""make"": """", ""model"": """", ""variant"": """", ""body_type"": """", ""transmission"": """", ""fuel_type"": """", ""odometer_reading"": """", ""vin"": """", ""location"": """"}"
2026-01-25 00:25:07,https://www.grays.com/lot/0001-21062044/motor-vehicles-motor-cycles/2009-mazda-3-sp25-bl-automatic-sedan,[MISSING_YEAR],"{""year"": """", ""make"": """", ""model"": """", ""variant"": """", ""body_type"": """", ""transmission"": """", ""fuel_type"": """", ""odometer_reading"": """", ""vin"": """", ""location"": """"}"
2026-01-25 00:25:07,https://www.grays.com/lot/0001-21062045/motor-vehicles-motor-cycles/2011-hyundai-veloster-fs-automatic-coupe,[MISSING_YEAR],"{""year"": """", ""make"": """", ""model"": """", ""variant"": """", ""body_type"": """", ""transmission"": """", ""fuel_type"": """", ""odometer_reading"": """", ""vin"": """", ""location"": """"}"
2026-01-25 00:25:07,https://www.grays.com/lot/0001-21062046/motor-vehicles-motor-cycles/2005-mercedes-benz-slk280-r171-automatic-convertible,[MISSING_YEAR],"{""year"": """", ""make"": """", ""model"": """", ""variant"": """", ""body_type"": """", ""transmission"": """", ""fuel_type"": """", ""odometer_reading"": """", ""vin"": """", ""location"": """"}"
2026-01-25 00:25:07,https://www.grays.com/lot/0001-21062047/motor-vehicles-motor-cycles/2008-hyundai-getz-s-tb-automatic-hatchback,[MISSING_YEAR],"{""year"": """", ""make"": """", ""model"": """", ""variant"": """", ""body_type"": """", ""transmission"": """", ""fuel_type"": """", ""odometer_reading"": """", ""vin"": """", ""location"": """"}"
2026-01-25 00:25:07,https://www.grays.com/lot/0001-21062048/motor-vehicles-motor-cycles/1998-ford-festiva-glxi-wf-automatic-hatchback,[MISSING_YEAR],"{""year"": """", ""make"": """", ""model"": """", ""variant"": """", ""body_type"": """", ""transmission"": """", ""fuel_type"": """", ""odometer_reading"": """", ""vin"": """", ""location"": """"}"
2026-01-25 00:25:07,https://www.grays.com/lot/0001-21062049/motor-vehicles-motor-cycles/2004-mitsubishi-outlander-ls-zf-automatic-wagon,[MISSING_YEAR],"{""year"": """", ""make"": """", ""model"": """", ""variant"": """", ""body_type"": """", ""transmission"": """", ""fuel_type"": """", ""odometer_reading"": """", ""vin"": """", ""location"": """"}"
2026-01-25 00:25:07,https://www.grays.com/lot/0001-21062050/motor-vehicles-motor-cycles/2013-toyota-camry-atara-sl-asv50r-automatic-sedan,[MISSING_YEAR],"{""year"": """", ""make"": """", ""model"": """", ""variant"": """", ""body_type"": """", ""transmission"": """", ""fuel_type"": """", ""odometer_reading"": """", ""vin"": """", ""location"": """"}"
2026-01-25 00:25:07,https://www.grays.com/lot/0001-21062051/motor-vehicles-motor-cycles/2005-mazda-3-neo-bk-automatic-sedan,[MISSING_YEAR],"{""year"": """", ""make"": """", ""model"": """", ""variant"": """", ""body_type"": """", ""transmission"": """", ""fuel_type"": """", ""odometer_reading"": """", ""vin"": """", ""location"": """"}"
2026-01-25 00:25:07,https://www.grays.com/lot/0001-21062052/motor-vehicles-motor-cycles/2012-honda-civic-vti-l-9th-gen-hatch-5sp-auto,[MISSING_YEAR],"{""year"": """", ""make"": """", ""model"": """", ""variant"": """", ""body_type"": """", ""transmission"": """", ""fuel_type"": """", ""odometer_reading"": """", ""vin"": """", ""location"": """"}"
2026-01-25 00:25:07,https://www.grays.com/lot/0001-21062053/motor-vehicles-motor-cycles/2014-hyundai-i30-trophy-gd-automatic-hatchback,[MISSING_YEAR],"{""year"": """", ""make"": """", ""model"": """", ""variant"": """", ""body_type"": """", ""transmission"": """", ""fuel_type"": """", ""odometer_reading"": """", ""vin"": """", ""location"": """"}"
2026-01-25 00:25:07,https://www.grays.com/lot/0001-21062054/motor-vehicles-motor-cycles/2012-ford-kuga-trend-te-automatic-wagon,[MISSING_YEAR],"{""year"": """", ""make"": """", ""model"": """", ""variant"": """", ""body_type"": """", ""transmission"": """", ""fuel_type"": """", ""odometer_reading"": """", ""vin"": """", ""location"": """"}"
2026-01-25 00:25:07,https://www.grays.com/lot/0001-21062055/motor-vehicles-motor-cycles/2005-mazda-3-neo-bk-automatic-hatchback,[MISSING_YEAR],"{""year"": """", ""make"": """", ""model"": """", ""variant"": """", ""body_type"": """", ""transmission"": """", ""fuel_type"": """", ""odometer_reading"": """", ""vin"": """", ""location"": """"}"
2026-01-25 00:25:07,https://www.grays.com/lot/0001-21062056/motor-vehicles-motor-cycles/2012-mazda-3-sp25-bl-manual-hatchback,[MISSING_YEAR],"{""year"": """", ""make"": """", ""model"": """", ""variant"": """", ""body_type"": """", ""transmission"": """", ""fuel_type"": """", ""odometer_reading"": """", ""vin"": """", ""location"": """"}"
2026-01-25 00:25:07,https://www.grays.com/lot/0001-21062057/motor-vehicles-motor-cycles/2008-toyota-yaris-automatic-hatchback,[MISSING_YEAR],"{""year"": """", ""make"": """", ""model"": """", ""variant"": """", ""body_type"": """", ""transmission"": """", ""fuel_type"": """", ""odometer_reading"": """", ""vin"": """", ""location"": """"}"
2026-01-25 00:25:07,https://www.grays.com/lot/0001-21062059/motor-vehicles-motor-cycles/2010-volkswagen-golf-gti-a6-automatic-hatchback,[MISSING_YEAR],"{""year"": """", ""make"": """", ""model"": """", ""variant"": """", ""body_type"": """", ""transmission"": """", ""fuel_type"": """", ""odometer_reading"": """", ""vin"": """", ""location"": """"}"
2026-01-25 00:25:07,https://www.grays.com/lot/0001-21062062/motor-vehicles-motor-cycles/mercedes-benz-sprinter-316-cdi-exl-h-roof-turbo-diesel-manual-van,[MISSING_YEAR],"{""year"": """", ""make"": """", ""model"": """", ""variant"": """", ""body_type"": """", ""transmission"": """", ""fuel_type"": """", ""odometer_reading"": """", ""vin"": """", ""location"": """"}"
2026-01-25 00:25:07,https://www.grays.com/lot/0001-21062063/motor-vehicles-motor-cycles/2012-holden-commodore-sv6-automatic-wagon,[MISSING_YEAR],"{""year"": """", ""make"": """", ""model"": """", ""variant"": """", ""body_type"": """", ""transmission"": """", ""fuel_type"": """", ""odometer_reading"": """", ""vin"": """", ""location"": """"}"
2026-01-25 00:25:07,https://www.grays.com/lot/0001-21062064/motor-vehicles-motor-cycles/1996-mercedes-benz-e320-classic-w210-automatic-sedan,[MISSING_YEAR],"{""year"": """", ""make"": """", ""model"": """", ""variant"": """", ""body_type"": """", ""transmission"": """", ""fuel_type"": """", ""odometer_reading"": """", ""vin"": """", ""location"": """"}"
2026-01-25 00:25:07,https://www.grays.com/lot/0001-21062065/motor-vehicles-motor-cycles/2009-suzuki-swift-s-ez-automatic-hatchback,[MISSING_YEAR],"{""year"": """", ""make"": """", ""model"": """", ""variant"": """", ""body_type"": """", ""transmission"": """", ""fuel_type"": """", ""odometer_reading"": """", ""vin"": """", ""location"": """"}"
2026-01-25 00:25:07,https://www.grays.com/lot/0001-21062066/motor-vehicles-motor-cycles/2005-bmw-1-series-120i-e87-automatic-hatchback,[MISSING_YEAR],"{""year"": """", ""make"": """", ""model"": """", ""variant"": """", ""body_type"": """", ""transmission"": """", ""fuel_type"": """", ""odometer_reading"": """", ""vin"": """", ""location"": """"}"
2026-01-25 00:25:07,https://www.grays.com/lot/0001-21062067/motor-vehicles-motor-cycles/2007-bmw-530i-e60-automatic-sedan,[MISSING_YEAR],"{""year"": """", ""make"": """", ""model"": """", ""variant"": """", ""body_type"": """", ""transmission"": """", ""fuel_type"": """", ""odometer_reading"": """", ""vin"": """", ""location"": """"}"
2026-01-25 00:25:07,https://www.grays.com/lot/0001-21062068/motor-vehicles-motor-cycles/2008-volkswagen-passat-r36-3c-automatic-wagon,[MISSING_YEAR],"{""year"": """", ""make"": """", ""model"": """", ""variant"": """", ""body_type"": """", ""transmission"": """", ""fuel_type"": """", ""odometer_reading"": """", ""vin"": """", ""location"": """"}"
2026-01-25 00:25:07,https://www.grays.com/lot/0001-21062069/motor-vehicles-motor-cycles/2010-jeep-wrangler-unlimited-sport-jk-turbo-diesel-automatic-wagon,[MISSING_YEAR],"{""year"": """", ""make"": """", ""model"": """", ""variant"": """", ""body_type"": """", ""transmission"": """", ""fuel_type"": """", ""odometer_reading"": """", ""vin"": """", ""location"": """"}"
2026-01-25 00:25:07,https://www.grays.com/lot/0001-21062070/motor-vehicles-motor-cycles/2003-mercedes-benz-clk-500-avantgarde-a209-auto-repairable-write-off,[MISSING_YEAR],"{""year"": """", ""make"": """", ""model"": """", ""variant"": """", ""body_type"": """", ""transmission"": """", ""fuel_type"": """", ""odometer_reading"": """", ""vin"": """", ""location"": """"}"
2026-01-25 00:25:07,https://www.grays.com/lot/0001-21062071/motor-vehicles-motor-cycles/2012-holden-barina-cdx-tm-automatic-hatchback,[MISSING_YEAR],"{""year"": """", ""make"": """", ""model"": """", ""variant"": """", ""body_type"": """", ""transmission"": """", ""fuel_type"": """", ""odometer_reading"": """", ""vin"": """", ""location"": """"}"
2026-01-25 00:25:07,https://www.grays.com/lot/0001-21062072/motor-vehicles-motor-cycles/honda-fit-hybrid-automatic-hatchback-import,[MISSING_YEAR],"{""year"": """", ""make"": """", ""model"": """", ""variant"": """", ""body_type"": """", ""transmission"": """", ""fuel_type"": """", ""odometer_reading"": """", ""vin"": """", ""location"": """"}"
2026-01-25 00:25:07,https://www.grays.com/lot/0001-21062073/motor-vehicles-motor-cycles/2014-land-rover-range-rover-sport-3-0-tdv6-se-l494-t-diesel-autowagon,[MISSING_YEAR],"{""year"": """", ""make"": """", ""model"": """", ""variant"": """", ""body_type"": """", ""transmission"": """", ""fuel_type"": """", ""odometer_reading"": """", ""vin"": """", ""location"": """"}"
2026-01-25 00:25:07,https://www.grays.com/lot/0001-21062075/motor-vehicles-motor-cycles/2008-alfa-romeo-159-jtd-140-turbo-diesel-automatic-sedan,[MISSING_YEAR],"{""year"": """", ""make"": """", ""model"": """", ""variant"": """", ""body_type"": """", ""transmission"": """", ""fuel_type"": """", ""odometer_reading"": """", ""vin"": """", ""location"": """"}"
2026-01-25 00:25:07,https://www.grays.com/lot/0001-21062076/motor-vehicles-motor-cycles/2014-peugeot-3008-active-automatic-hatchback,[MISSING_YEAR],"{""year"": """", ""make"": """", ""model"": """", ""variant"": """", ""body_type"": """", ""transmission"": """", ""fuel_type"": """", ""odometer_reading"": """", ""vin"": """", ""location"": """"}"
2026-01-25 00:25:07,https://www.grays.com/lot/0001-21062078/motor-vehicles-motor-cycles/2010-audi-a3-1-8-tfsi-amb-8p-automatic,[MISSING_YEAR],"{""year"": """", ""make"": """", ""model"": """", ""variant"": """", ""body_type"": """", ""transmission"": """", ""fuel_type"": """", ""odometer_reading"": """", ""vin"": """", ""location"": """"}"
2026-01-25 00:25:07,https://www.grays.com/lot/0001-21062079/motor-vehicles-motor-cycles/2016-mercedes-benz-gls-class-gls63-amg-x166-automatic-7-seats-wagon,[MISSING_YEAR],"{""year"": """", ""make"": """", ""model"": """", ""variant"": """", ""body_type"": """", ""transmission"": """", ""fuel_type"": """", ""odometer_reading"": """", ""vin"": """", ""location"": """"}"
2026-01-25 00:25:07,https://www.grays.com/lot/0001-21062080/motor-vehicles-motor-cycles/2007-bmw-118i-118i-e87-automatic-hatchback,[MISSING_YEAR],"{""year"": """", ""make"": """", ""model"": """", ""variant"": """", ""body_type"": """", ""transmission"": """", ""fuel_type"": """", ""odometer_reading"": """", ""vin"": """", ""location"": """"}"
2026-01-25 00:25:07,https://www.grays.com/lot/0001-21062081/motor-vehicles-motor-cycles/2004-lexus-is200-sports-luxury-automatic-sedan,[MISSING_YEAR],"{""year"": """", ""make"": """", ""model"": """", ""variant"": """", ""body_type"": """", ""transmission"": """", ""fuel_type"": """", ""odometer_reading"": """", ""vin"": """", ""location"": """"}"
2026-01-25 00:25:07,https://www.grays.com/lot/0001-21062082/motor-vehicles-motor-cycles/2005-holden-adventra-cx6-vz-automatic-wagon,[MISSING_YEAR],"{""year"": """", ""make"": """", ""model"": """", ""variant"": """", ""body_type"": """", ""transmission"": """", ""fuel_type"": """", ""odometer_reading"": """", ""vin"": """", ""location"": """"}"
2026-01-25 00:25:07,https://www.grays.com/lot/0001-21062083/motor-vehicles-motor-cycles/2011-nissan-x-trail-tl-t31-turbo-diesel-automatic-wagon,[MISSING_YEAR],"{""year"": """", ""make"": """", ""model"": """", ""variant"": """", ""body_type"": """", ""transmission"": """", ""fuel_type"": """", ""odometer_reading"": """", ""vin"": """", ""location"": """"}"
2026-01-25 00:25:07,https://www.grays.com/lot/0001-21062084/motor-vehicles-motor-cycles/2012-volvo-xc60-t5-automatic-wagon,[MISSING_YEAR],"{""year"": """", ""make"": """", ""model"": """", ""variant"": """", ""body_type"": """", ""transmission"": """", ""fuel_type"": """", ""odometer_reading"": """", ""vin"": """", ""location"": """"}"
2026-01-25 00:25:07,https://www.grays.com/lot/0001-21062085/motor-vehicles-motor-cycles/2011-volkswagen-golf-118tsi-comfortline-a6-automatic-hatchback,[MISSING_YEAR],"{""year"": """", ""make"": """", ""model"": """", ""variant"": """", ""body_type"": """", ""transmission"": """", ""fuel_type"": """", ""odometer_reading"": """", ""vin"": """", ""location"": """"}"
2026-01-25 00:25:07,https://www.grays.com/lot/0001-21062086/motor-vehicles-motor-cycles/2013-ford-kuga-awd-trend-tf-turbo-diesel-automatic-wagon,[MISSING_YEAR],"{""year"": """", ""make"": """", ""model"": """", ""variant"": """", ""body_type"": """", ""transmission"": """", ""fuel_type"": """", ""odometer_reading"": """", ""vin"": """", ""location"": """"}"
2026-01-25 00:25:07,https://www.grays.com/lot/0001-21062087/motor-vehicles-motor-cycles/2008-ford-falcon-xt-bf-iii-automatic-wagon,[MISSING_YEAR],"{""year"": """", ""make"": """", ""model"": """", ""variant"": """", ""body_type"": """", ""transmission"": """", ""fuel_type"": """", ""odometer_reading"": """", ""vin"": """", ""location"": """"}"
2026-01-25 00:25:07,https://www.grays.com/lot/0001-21062088/motor-vehicles-motor-cycles/2010-mazda-cx-9-grand-touring-awd-automatic-7-seats-wagon,[MISSING_YEAR],"{""year"": """", ""make"": """", ""model"": """", ""variant"": """", ""body_type"": """", ""transmission"": """", ""fuel_type"": """", ""odometer_reading"": """", ""vin"": """", ""location"": """"}"
2026-01-25 00:25:07,https://www.grays.com/lot/0001-21062089/motor-vehicles-motor-cycles/2012-jeep-grand-cherokee-laredo-wk-automatic-wagon,[MISSING_YEAR],"{""year"": """", ""make"": """", ""model"": """", ""variant"": """", ""body_type"": """", ""transmission"": """", ""fuel_type"": """", ""odometer_reading"": """", ""vin"": """", ""location"": """"}"
2026-01-25 00:25:07,https://www.grays.com/lot/0001-21062090/motor-vehicles-motor-cycles/2013-renault-megane-gt-line-premium-turbo-diesel-automatic-wagon,[MISSING_YEAR],"{""year"": """", ""make"": """", ""model"": """", ""variant"": """", ""body_type"": """", ""transmission"": """", ""fuel_type"": """", ""odometer_reading"": """", ""vin"": """", ""location"": """"}"
2026-01-25 00:25:07,https://www.grays.com/lot/0001-21062091/motor-vehicles-motor-cycles/2016-volkswagen-touareg-150tdi-element-7p-t-d-auto-8-speed-wagon,[MISSING_YEAR],"{""year"": """", ""make"": """", ""model"": """", ""variant"": """", ""body_type"": """", ""transmission"": """", ""fuel_type"": """", ""odometer_reading"": """", ""vin"": """", ""location"": """"}"
2026-01-25 00:25:07,https://www.grays.com/lot/0001-21062092/motor-vehicles-motor-cycles/2015-ford-mondeo-titanium-md-turbo-diesel-automatic-wagon,[MISSING_YEAR],"{""year"": """", ""make"": """", ""model"": """", ""variant"": """", ""body_type"": """", ""transmission"": """", ""fuel_type"": """", ""odometer_reading"": """", ""vin"": """", ""location"": """"}"
2026-01-25 00:25:07,https://www.grays.com/lot/0001-21062093/motor-vehicles-motor-cycles/2017-ford-everest-trend-4wd-ua-turbo-diesel-automatic-7-seats-wagon,[MISSING_YEAR],"{""year"": """", ""make"": """", ""model"": """", ""variant"": """", ""body_type"": """", ""transmission"": """", ""fuel_type"": """", ""odometer_reading"": """", ""vin"": """", ""location"": """"}"
2026-01-25 00:25:07,https://www.grays.com/lot/0001-21062094/motor-vehicles-motor-cycles/2007-honda-cr-v-re-manual-wagon,[MISSING_YEAR],"{""year"": """", ""make"": """", ""model"": """", ""variant"": """", ""body_type"": """", ""transmission"": """", ""fuel_type"": """", ""odometer_reading"": """", ""vin"": """", ""location"": """"}"
2026-01-25 00:25:07,https://www.grays.com/lot/0001-21062095/motor-vehicles-motor-cycles/2007-toyota-tarago-glx-gsr50r-automatic-people-mover,[MISSING_YEAR],"{""year"": """", ""make"": """", ""model"": """", ""variant"": """", ""body_type"": """", ""transmission"": """", ""fuel_type"": """", ""odometer_reading"": """", ""vin"": """", ""location"": """"}"
2026-01-25 00:25:07,https://www.grays.com/lot/0001-21062096/motor-vehicles-motor-cycles/2007-honda-civic-sport-8th-gen-automatic-sedan,[MISSING_YEAR],"{""year"": """", ""make"": """", ""model"": """", ""variant"": """", ""body_type"": """", ""transmission"": """", ""fuel_type"": """", ""odometer_reading"": """", ""vin"": """", ""location"": """"}"
2026-01-25 00:25:07,https://www.grays.com/lot/0001-21062097/motor-vehicles-motor-cycles/2005-honda-accord-euro-luxury-7th-gen-automatic-sedan,[MISSING_YEAR],"{""year"": """", ""make"": """", ""model"": """", ""variant"": """", ""body_type"": """", ""transmission"": """", ""fuel_type"": """", ""odometer_reading"": """", ""vin"": """", ""location"": """"}"
2026-01-25 00:25:07,https://www.grays.com/lot/0001-21062098/motor-vehicles-motor-cycles/2009-subaru-outback-2-5i-b5a-cvt-wagon,[MISSING_YEAR],"{""year"": """", ""make"": """", ""model"": """", ""variant"": """", ""body_type"": """", ""transmission"": """", ""fuel_type"": """", ""odometer_reading"": """", ""vin"": """", ""location"": """"}"
2026-01-25 00:25:07,https://www.grays.com/lot/0001-21062099/motor-vehicles-motor-cycles/2008-toyota-hiace-lwb-kdh201r-turbo-diesel-automatic-van,[MISSING_YEAR],"{""year"": """", ""make"": """", ""model"": """", ""variant"": """", ""body_type"": """", ""transmission"": """", ""fuel_type"": """", ""odometer_reading"": """", ""vin"": """", ""location"": """"}"
2026-01-25 00:25:07,https://www.grays.com/lot/0001-21062100/motor-vehicles-motor-cycles/2011-toyota-landcruiser-prado-gxl-grj150r-automatic-7-seats-wagon,[MISSING_YEAR],"{""year"": """", ""make"": """", ""model"": """", ""variant"": """", ""body_type"": """", ""transmission"": """", ""fuel_type"": """", ""odometer_reading"": """", ""vin"": """", ""location"": """"}"
2026-01-25 00:25:07,https://www.grays.com/lot/0001-21062101/motor-vehicles-motor-cycles/2013-renault-clio-dynamique-automatic-hatchback,[MISSING_YEAR],"{""year"": """", ""make"": """", ""model"": """", ""variant"": """", ""body_type"": """", ""transmission"": """", ""fuel_type"": """", ""odometer_reading"": """", ""vin"": """", ""location"": """"}"
2026-01-25 00:25:07,https://www.grays.com/lot/0001-21062102/motor-vehicles-motor-cycles/2012-ford-territory-ts-sz-turbo-diesel-automatic-7-seats-wagon,[MISSING_YEAR],"{""year"": """", ""make"": """", ""model"": """", ""variant"": """", ""body_type"": """", ""transmission"": """", ""fuel_type"": """", ""odometer_reading"": """", ""vin"": """", ""location"": """"}"
2026-01-25 00:25:07,https://www.grays.com/lot/0001-21062103/motor-vehicles-motor-cycles/2012-mazda-cx-5-maxx-sport-ke-turbo-diesel-automatic-wagon,[MISSING_YEAR],"{""year"": """", ""make"": """", ""model"": """", ""variant"": """", ""body_type"": """", ""transmission"": """", ""fuel_type"": """", ""odometer_reading"": """", ""vin"": """", ""location"": """"}"
2026-01-25 00:25:07,https://www.grays.com/lot/0001-21062104/motor-vehicles-motor-cycles/2014-volkswagen-polo-66tsi-trendline-6r-manual-hatchback,[MISSING_YEAR],"{""year"": """", ""make"": """", ""model"": """", ""variant"": """", ""body_type"": """", ""transmission"": """", ""fuel_type"": """", ""odometer_reading"": """", ""vin"": """", ""location"": """"}"
2026-01-25 00:25:07,https://www.grays.com/lot/0001-21062106/motor-vehicles-motor-cycles/2019-volkswagen-golf-110tsi-comfortline-a7-automatic-hatchback,[MISSING_YEAR],"{""year"": """", ""make"": """", ""model"": """", ""variant"": """", ""body_type"": """", ""transmission"": """", ""fuel_type"": """", ""odometer_reading"": """", ""vin"": """", ""location"": """"}"
2026-01-25 00:25:07,https://www.grays.com/lot/0001-21062114/motor-vehicles-motor-cycles/nissan-pathfinder-st-l-automatic-7-seat-suv-auto-wovr-inspected,[MISSING_YEAR],"{""year"": """", ""make"": """", ""model"": """", ""variant"": """", ""body_type"": """", ""transmission"": """", ""fuel_type"": """", ""odometer_reading"": """", ""vin"": """", ""location"": """"}"
2026-01-25 00:25:07,https://www.grays.com/lot/0001-21062115/motor-vehicles-motor-cycles/2019-audi-a5-2-0-tfsi-f5-automatic-hatchback,[MISSING_YEAR],"{""year"": """", ""make"": """", ""model"": """", ""variant"": """", ""body_type"": """", ""transmission"": """", ""fuel_type"": """", ""odometer_reading"": """", ""vin"": """", ""location"": """"}"
2026-01-25 00:25:07,https://www.grays.com/lot/0001-21062116/motor-vehicles-motor-cycles/2020-mazda-cx-5-maxx-sport-kf-automatic-wagon,[MISSING_YEAR],"{""year"": """", ""make"": """", ""model"": """", ""variant"": """", ""body_type"": """", ""transmission"": """", ""fuel_type"": """", ""odometer_reading"": """", ""vin"": """", ""location"": """"}"
2026-01-25 00:25:07,https://www.grays.com/lot/0001-21062117/motor-vehicles-motor-cycles/2021-kia-carnival-s-ka4-turbo-diesel-auto-8-speed-8-seats-people-mover,[MISSING_YEAR],"{""year"": """", ""make"": """", ""model"": """", ""variant"": """", ""body_type"": """", ""transmission"": """", ""fuel_type"": """", ""odometer_reading"": """", ""vin"": """", ""location"": """"}"
2026-01-25 00:25:07,https://www.grays.com/lot/0001-21062118/motor-vehicles-motor-cycles/2021-ford-everest-trend-rwd-uaii-turbo-diesel-10-auto-7-seats-wagon,[MISSING_YEAR],"{""year"": """", ""make"": """", ""model"": """", ""variant"": """", ""body_type"": """", ""transmission"": """", ""fuel_type"": """", ""odometer_reading"": """", ""vin"": """", ""location"": """"}"
2026-01-25 00:25:07,https://www.grays.com/lot/0001-21062119/motor-vehicles-motor-cycles/2020-hyundai-i30-pd-automatic-hatchback,[MISSING_YEAR],"{""year"": """", ""make"": """", ""model"": """", ""variant"": """", ""body_type"": """", ""transmission"": """", ""fuel_type"": """", ""odometer_reading"": """", ""vin"": """", ""location"": """"}"
2026-01-25 00:25:07,https://www.grays.com/lot/0001-21062120/motor-vehicles-motor-cycles/2021-mitsubishi-outlander-es-awd-zl-cvt-7-seats-wagon,[MISSING_YEAR],"{""year"": """", ""make"": """", ""model"": """", ""variant"": """", ""body_type"": """", ""transmission"": """", ""fuel_type"": """", ""odometer_reading"": """", ""vin"": """", ""location"": """"}"
2026-01-25 00:25:07,https://www.grays.com/lot/0001-21062122/motor-vehicles-motor-cycles/2018-toyota-hilux-4x4-sr-gun126r-turbo-diesel-automatic-crew-cab-chassis,[MISSING_YEAR],"{""year"": """", ""make"": """", ""model"": """", ""variant"": """", ""body_type"": """", ""transmission"": """", ""fuel_type"": """", ""odometer_reading"": """", ""vin"": """", ""location"": """"}"
2026-01-25 00:25:07,https://www.grays.com/lot/0001-21062123/motor-vehicles-motor-cycles/2003-toyota-landcruiser-gxl-uzj100r-automatic-8-seats-wagon,[MISSING_YEAR],"{""year"": """", ""make"": """", ""model"": """", ""variant"": """", ""body_type"": """", ""transmission"": """", ""fuel_type"": """", ""odometer_reading"": """", ""vin"": """", ""location"": """"}"
2026-01-25 00:25:07,https://www.grays.com/lot/0001-21062124/motor-vehicles-motor-cycles/2000-toyota-corolla-ascent-ae112r-automatic-hatchback,[MISSING_YEAR],"{""year"": """", ""make"": """", ""model"": """", ""variant"": """", ""body_type"": """", ""transmission"": """", ""fuel_type"": """", ""odometer_reading"": """", ""vin"": """", ""location"": """"}"
2026-01-25 00:25:07,https://www.grays.com/lot/0001-21062126/motor-vehicles-motor-cycles/1996-mercedes-benz-s320-w140-automatic-sedan,[MISSING_YEAR],"{""year"": """", ""make"": """", ""model"": """", ""variant"": """", ""body_type"": """", ""transmission"": """", ""fuel_type"": """", ""odometer_reading"": """", ""vin"": """", ""location"": """"}"
2026-01-25 00:25:07,https://www.grays.com/lot/0001-21062127/motor-vehicles-motor-cycles/2013-mazda-3-neo-bl-manual-hatchback,[MISSING_YEAR],"{""year"": """", ""make"": """", ""model"": """", ""variant"": """", ""body_type"": """", ""transmission"": """", ""fuel_type"": """", ""odometer_reading"": """", ""vin"": """", ""location"": """"}"
2026-01-25 00:25:07,https://www.grays.com/lot/0001-21062128/motor-vehicles-motor-cycles/2008-toyota-aurion-sportivo-zr6-gsv40r-automatic-sedan,[MISSING_YEAR],"{""year"": """", ""make"": """", ""model"": """", ""variant"": """", ""body_type"": """", ""transmission"": """", ""fuel_type"": """", ""odometer_reading"": """", ""vin"": """", ""location"": """"}"
2026-01-25 00:25:07,https://www.grays.com/lot/0001-21062132/motor-vehicles-motor-cycles/2016-volvo-v60-d4-luxury-turbo-diesel-automatic-8-speed-wagon,[MISSING_YEAR],"{""year"": """", ""make"": """", ""model"": """", ""variant"": """", ""body_type"": """", ""transmission"": """", ""fuel_type"": """", ""odometer_reading"": """", ""vin"": """", ""location"": """"}"
2026-01-25 00:25:07,https://www.grays.com/lot/0001-21062133/motor-vehicles-motor-cycles/2015-ford-fiesta-ambiente-wz-automatic-hatchback,[MISSING_YEAR],"{""year"": """", ""make"": """", ""model"": """", ""variant"": """", ""body_type"": """", ""transmission"": """", ""fuel_type"": """", ""odometer_reading"": """", ""vin"": """", ""location"": """"}"
2026-01-25 00:25:07,https://www.grays.com/lot/0001-21062134/motor-vehicles-motor-cycles/2014-kia-cerato-s-yd-automatic-sedan-wovr-inspected,[MISSING_YEAR],"{""year"": """", ""make"": """", ""model"": """", ""variant"": """", ""body_type"": """", ""transmission"": """", ""fuel_type"": """", ""odometer_reading"": """", ""vin"": """", ""location"": """"}"
2026-01-25 00:25:07,https://www.grays.com/lot/0001-21062135/motor-vehicles-motor-cycles/2002-honda-cr-v-sport-rd-automatic-wagon,[MISSING_YEAR],"{""year"": """", ""make"": """", ""model"": """", ""variant"": """", ""body_type"": """", ""transmission"": """", ""fuel_type"": """", ""odometer_reading"": """", ""vin"": """", ""location"": """"}"
2026-01-25 00:25:07,https://www.grays.com/lot/0001-21062136/motor-vehicles-motor-cycles/2011-mercedes-benz-c200-cdi-be-w204-turbo-diesel-automatic-sedan,[MISSING_YEAR],"{""year"": """", ""make"": """", ""model"": """", ""variant"": """", ""body_type"": """", ""transmission"": """", ""fuel_type"": """", ""odometer_reading"": """", ""vin"": """", ""location"": """"}"
2026-01-25 00:25:07,https://www.grays.com/lot/0001-21062137/motor-vehicles-motor-cycles/2013-holden-captiva-7-sx-2wd-cg-ii-turbo-diesel-automatic-7-seats-wagon,[MISSING_YEAR],"{""year"": """", ""make"": """", ""model"": """", ""variant"": """", ""body_type"": """", ""transmission"": """", ""fuel_type"": """", ""odometer_reading"": """", ""vin"": """", ""location"": """"}"
2026-01-25 00:25:07,https://www.grays.com/lot/0001-21062138/motor-vehicles-motor-cycles/2007-toyota-rav-4-cv-aca33r-automatic-wagon,[MISSING_YEAR],"{""year"": """", ""make"": """", ""model"": """", ""variant"": """", ""body_type"": """", ""transmission"": """", ""fuel_type"": """", ""odometer_reading"": """", ""vin"": """", ""location"": """"}"
2026-01-25 00:25:07,https://www.grays.com/lot/0001-21062139/motor-vehicles-motor-cycles/mercedes-benz-sprinter-316-cdi-mwb-l-roof-turbo-diesel-automatic-van,[MISSING_YEAR],"{""year"": """", ""make"": """", ""model"": """", ""variant"": """", ""body_type"": """", ""transmission"": """", ""fuel_type"": """", ""odometer_reading"": """", ""vin"": """", ""location"": """"}"
2026-01-25 00:25:07,https://www.grays.com/lot/0001-21062140/motor-vehicles-motor-cycles/2009-audi-q5-3-2-fsi-quattro-8r-automatic-wagon,[MISSING_YEAR],"{""year"": """", ""make"": """", ""model"": """", ""variant"": """", ""body_type"": """", ""transmission"": """", ""fuel_type"": """", ""odometer_reading"": """", ""vin"": """", ""location"": """"}"
2026-01-25 00:25:07,https://www.grays.com/lot/0001-21062145/motor-vehicles-motor-cycles/2000-audi-tt-1-8t-8n-manual-coupe,[MISSING_YEAR],"{""year"": """", ""make"": """", ""model"": """", ""variant"": """", ""body_type"": """", ""transmission"": """", ""fuel_type"": """", ""odometer_reading"": """", ""vin"": """", ""location"": """"}"
2026-01-25 00:25:07,https://www.grays.com/lot/0001-21062147/motor-vehicles-motor-cycles/2002-nissan-patrol-st-3-0-gu-ii-turbo-diesel-automatic-7-seats-wagon,[MISSING_YEAR],"{""year"": """", ""make"": """", ""model"": """", ""variant"": """", ""body_type"": """", ""transmission"": """", ""fuel_type"": """", ""odometer_reading"": """", ""vin"": """", ""location"": """"}"
2026-01-25 00:25:07,https://www.grays.com/lot/0001-21062148/motor-vehicles-motor-cycles/2005-nissan-pulsar-st-n16-automatic-sedan,[MISSING_YEAR],"{""year"": """", ""make"": """", ""model"": """", ""variant"": """", ""body_type"": """", ""transmission"": """", ""fuel_type"": """", ""odometer_reading"": """", ""vin"": """", ""location"": """"}"
2026-01-25 00:25:07,https://www.grays.com/lot/0001-21062149/motor-vehicles-motor-cycles/2009-mercedes-benz-r-class-r300-cdi-w251-turbo-diesel-auto-7-seats-wagon,[MISSING_YEAR],"{""year"": """", ""make"": """", ""model"": """", ""variant"": """", ""body_type"": """", ""transmission"": """", ""fuel_type"": """", ""odometer_reading"": """", ""vin"": """", ""location"": """"}"
2026-01-25 00:25:07,https://www.grays.com/lot/0001-21062150/motor-vehicles-motor-cycles/2005-mercedes-benz-clk-350-avantgarde-c209-automatic-coupe,[MISSING_YEAR],"{""year"": """", ""make"": """", ""model"": """", ""variant"": """", ""body_type"": """", ""transmission"": """", ""fuel_type"": """", ""odometer_reading"": """", ""vin"": """", ""location"": """"}"
2026-01-25 00:25:07,https://www.grays.com/lot/0001-21062151/motor-vehicles-motor-cycles/2009-toyota-camry-sportivo-acv40r-automatic-sedan,[MISSING_YEAR],"{""year"": """", ""make"": """", ""model"": """", ""variant"": """", ""body_type"": """", ""transmission"": """", ""fuel_type"": """", ""odometer_reading"": """", ""vin"": """", ""location"": """"}"
2026-01-25 00:25:07,https://www.grays.com/lot/0001-21062152/motor-vehicles-motor-cycles/2010-audi-a3-1-8-tfsi-amb-8p-automatic-hatchback,[MISSING_YEAR],"{""year"": """", ""make"": """", ""model"": """", ""variant"": """", ""body_type"": """", ""transmission"": """", ""fuel_type"": """", ""odometer_reading"": """", ""vin"": """", ""location"": """"}"
2026-01-25 00:25:07,https://www.grays.com/lot/0001-21062153/motor-vehicles-motor-cycles/2012-holden-captiva-7-lx-awd-cg-ii-turbo-diesel-automatic-7-seats-wagon,[MISSING_YEAR],"{""year"": """", ""make"": """", ""model"": """", ""variant"": """", ""body_type"": """", ""transmission"": """", ""fuel_type"": """", ""odometer_reading"": """", ""vin"": """", ""location"": """"}"
2026-01-25 00:25:07,https://www.grays.com/lot/0001-21062155/motor-vehicles-motor-cycles/2013-holden-barina-tm-manual-hatchback,[MISSING_YEAR],"{""year"": """", ""make"": """", ""model"": """", ""variant"": """", ""body_type"": """", ""transmission"": """", ""fuel_type"": """", ""odometer_reading"": """", ""vin"": """", ""location"": """"}"
2026-01-25 00:25:07,https://www.grays.com/lot/0001-21062156/motor-vehicles-motor-cycles/2012-ford-focus-titanium-lw-ii-turbo-diesel-automatic-hatchback,[MISSING_YEAR],"{""year"": """", ""make"": """", ""model"": """", ""variant"": """", ""body_type"": """", ""transmission"": """", ""fuel_type"": """", ""odometer_reading"": """", ""vin"": """", ""location"": """"}"
2026-01-25 00:25:07,https://www.grays.com/lot/0001-21062158/motor-vehicles-motor-cycles/2010-bmw-x3-2-0d-e83-turbo-diesel-automatic-wagon,[MISSING_YEAR],"{""year"": """", ""make"": """", ""model"": """", ""variant"": """", ""body_type"": """", ""transmission"": """", ""fuel_type"": """", ""odometer_reading"": """", ""vin"": """", ""location"": """"}"
2026-01-25 00:25:07,https://www.grays.com/lot/0001-21062159/motor-vehicles-motor-cycles/2016-volkswagen-tiguan-162tsi-highline-mk2-automatic-wagon,[MISSING_YEAR],"{""year"": """", ""make"": """", ""model"": """", ""variant"": """", ""body_type"": """", ""transmission"": """", ""fuel_type"": """", ""odometer_reading"": """", ""vin"": """", ""location"": """"}"
2026-01-25 00:25:07,https://www.grays.com/lot/0001-21062160/motor-vehicles-motor-cycles/2008-jeep-commander-turbo-diesel-automatic-7-seats-wagon,[MISSING_YEAR],"{""year"": """", ""make"": """", ""model"": """", ""variant"": """", ""body_type"": """", ""transmission"": """", ""fuel_type"": """", ""odometer_reading"": """", ""vin"": """", ""location"": """"}"
2026-01-25 00:25:07,https://www.grays.com/lot/0001-21062161/motor-vehicles-motor-cycles/2006-peugeot-407-st-hdi-turbo-diesel-automatic-wagon,[MISSING_YEAR],"{""year"": """", ""make"": """", ""model"": """", ""variant"": """", ""body_type"": """", ""transmission"": """", ""fuel_type"": """", ""odometer_reading"": """", ""vin"": """", ""location"": """"}"
2026-01-25 00:25:07,https://www.grays.com/lot/0001-21062164/motor-vehicles-motor-cycles/2016-volkswagen-polo-81tsi-comfortline-6r-automatic-hatchback,[MISSING_YEAR],"{""year"": """", ""make"": """", ""model"": """", ""variant"": """", ""body_type"": """", ""transmission"": """", ""fuel_type"": """", ""odometer_reading"": """", ""vin"": """", ""location"": """"}"
2026-01-25 00:25:07,https://www.grays.com/lot/0001-21062165/motor-vehicles-motor-cycles/2012-mercedes-benz-c-class-c250-cdi-c204-turbo-diesel-automatic-coupe,[MISSING_YEAR],"{""year"": """", ""make"": """", ""model"": """", ""variant"": """", ""body_type"": """", ""transmission"": """", ""fuel_type"": """", ""odometer_reading"": """", ""vin"": """", ""location"": """"}"
2026-01-25 00:25:07,https://www.grays.com/lot/0001-21062166/motor-vehicles-motor-cycles/2005-nissan-elgrand-automatic-8-seats-van,[MISSING_YEAR],"{""year"": """", ""make"": """", ""model"": """", ""variant"": """", ""body_type"": """", ""transmission"": """", ""fuel_type"": """", ""odometer_reading"": """", ""vin"": """", ""location"": """"}"
2026-01-25 00:25:07,https://www.grays.com/lot/0001-21062167/motor-vehicles-motor-cycles/holden-rodeo-lt-v6-crew-cab-ra-automatic-dual-cab,[MISSING_YEAR],"{""year"": """", ""make"": """", ""model"": """", ""variant"": """", ""body_type"": """", ""transmission"": """", ""fuel_type"": """", ""odometer_reading"": """", ""vin"": """", ""location"": """"}"
2026-01-25 00:25:07,https://www.grays.com/lot/0001-21062169/motor-vehicles-motor-cycles/2011-jeep-grand-cherokee-limited-wk-turbo-diesel-automatic-wagon,[MISSING_YEAR],"{""year"": """", ""make"": """", ""model"": """", ""variant"": """", ""body_type"": """", ""transmission"": """", ""fuel_type"": """", ""odometer_reading"": """", ""vin"": """", ""location"": """"}"
2026-01-25 00:25:07,https://www.grays.com/lot/0001-21062170/motor-vehicles-motor-cycles/1997-mazda-626-automatic-sedan,[MISSING_YEAR],"{""year"": """", ""make"": """", ""model"": """", ""variant"": """", ""body_type"": """", ""transmission"": """", ""fuel_type"": """", ""odometer_reading"": """", ""vin"": """", ""location"": """"}"
2026-01-25 00:25:07,https://www.grays.com/lot/0001-21062171/motor-vehicles-motor-cycles/2007-subaru-outback-2-5i-b4a-automatic-wagon,[MISSING_YEAR],"{""year"": """", ""make"": """", ""model"": """", ""variant"": """", ""body_type"": """", ""transmission"": """", ""fuel_type"": """", ""odometer_reading"": """", ""vin"": """", ""location"": """"}"
2026-01-25 00:25:07,https://www.grays.com/lot/0001-21062173/motor-vehicles-motor-cycles/2005-bmw-320i-e90-automatic-sedan,[MISSING_YEAR],"{""year"": """", ""make"": """", ""model"": """", ""variant"": """", ""body_type"": """", ""transmission"": """", ""fuel_type"": """", ""odometer_reading"": """", ""vin"": """", ""location"": """"}"
2026-01-25 00:25:07,https://www.grays.com/lot/0001-21062174/motor-vehicles-motor-cycles/2006-mazda-6-classic-gg-manual-sedan,[MISSING_YEAR],"{""year"": """", ""make"": """", ""model"": """", ""variant"": """", ""body_type"": """", ""transmission"": """", ""fuel_type"": """", ""odometer_reading"": """", ""vin"": """", ""location"": """"}"
2026-01-25 00:25:07,https://www.grays.com/lot/0001-21062175/motor-vehicles-motor-cycles/2003-jeep-cherokee-limited-kj-automatic-wagon,[MISSING_YEAR],"{""year"": """", ""make"": """", ""model"": """", ""variant"": """", ""body_type"": """", ""transmission"": """", ""fuel_type"": """", ""odometer_reading"": """", ""vin"": """", ""location"": """"}"
2026-01-25 00:25:07,https://www.grays.com/lot/0001-21062176/motor-vehicles-motor-cycles/2008-ford-falcon-g6-fg-automatic-sedan,[MISSING_YEAR],"{""year"": """", ""make"": """", ""model"": """", ""variant"": """", ""body_type"": """", ""transmission"": """", ""fuel_type"": """", ""odometer_reading"": """", ""vin"": """", ""location"": """"}"
2026-01-25 00:25:07,https://www.grays.com/lot/0001-21062177/motor-vehicles-motor-cycles/2007-ford-falcon-xt-bf-ii-automatic-sedan,[MISSING_YEAR],"{""year"": """", ""make"": """", ""model"": """", ""variant"": """", ""body_type"": """", ""transmission"": """", ""fuel_type"": """", ""odometer_reading"": """", ""vin"": """", ""location"": """"}"
2026-01-25 00:25:07,https://www.grays.com/lot/0001-21062178/motor-vehicles-motor-cycles/2010-mitsubishi-triton-4x2-gl-r-mn-turbo-diesel-automatic-dual-cab,[MISSING_YEAR],"{""year"": """", ""make"": """", ""model"": """", ""variant"": """", ""body_type"": """", ""transmission"": """", ""fuel_type"": """", ""odometer_reading"": """", ""vin"": """", ""location"": """"}"
2026-01-25 00:25:07,https://www.grays.com/lot/0001-21062179/motor-vehicles-motor-cycles/2008-bmw-x6-xdrive-35i-e71-automatic-coupe,[MISSING_YEAR],"{""year"": """", ""make"": """", ""model"": """", ""variant"": """", ""body_type"": """", ""transmission"": """", ""fuel_type"": """", ""odometer_reading"": """", ""vin"": """", ""location"": """"}"
2026-01-25 00:25:07,https://www.grays.com/lot/0001-21062180/motor-vehicles-motor-cycles/2013-holden-barina-tm-automatic-hatchback,[MISSING_YEAR],"{""year"": """", ""make"": """", ""model"": """", ""variant"": """", ""body_type"": """", ""transmission"": """", ""fuel_type"": """", ""odometer_reading"": """", ""vin"": """", ""location"": """"}"
2026-01-25 00:25:07,https://www.grays.com/lot/0001-21062181/motor-vehicles-motor-cycles/2008-toyota-hilux-double-cab-4x2-sr5-ggn15r-manual-dual-cab,[MISSING_YEAR],"{""year"": """", ""make"": """", ""model"": """", ""variant"": """", ""body_type"": """", ""transmission"": """", ""fuel_type"": """", ""odometer_reading"": """", ""vin"": """", ""location"": """"}"
2026-01-25 00:25:07,https://www.grays.com/lot/0001-21062182/motor-vehicles-motor-cycles/2009-hyundai-iload-tq-turbo-diesel-manual-van-wovr-repairable,[MISSING_YEAR],"{""year"": """", ""make"": """", ""model"": """", ""variant"": """", ""body_type"": """", ""transmission"": """", ""fuel_type"": """", ""odometer_reading"": """", ""vin"": """", ""location"": """"}"
2026-01-25 00:25:07,https://www.grays.com/lot/0001-21062183/motor-vehicles-motor-cycles/2013-audi-a1-1-4-tfsi-ambition-8x-automatic-hatchback,[MISSING_YEAR],"{""year"": """", ""make"": """", ""model"": """", ""variant"": """", ""body_type"": """", ""transmission"": """", ""fuel_type"": """", ""odometer_reading"": """", ""vin"": """", ""location"": """"}"
2026-01-25 00:25:07,https://www.grays.com/lot/0001-21062184/motor-vehicles-motor-cycles/2010-bmw-x5-xdrive-40d-sport-e70-lci-turbo-diesel-automatic-8-speed-wagon,[MISSING_YEAR],"{""year"": """", ""make"": """", ""model"": """", ""variant"": """", ""body_type"": """", ""transmission"": """", ""fuel_type"": """", ""odometer_reading"": """", ""vin"": """", ""location"": """"}"
2026-01-25 00:25:07,https://www.grays.com/lot/0001-21062185/motor-vehicles-motor-cycles/2013-renault-megane-gt-line-cvt-convertible,[MISSING_YEAR],"{""year"": """", ""make"": """", ""model"": """", ""variant"": """", ""body_type"": """", ""transmission"": """", ""fuel_type"": """", ""odometer_reading"": """", ""vin"": """", ""location"": """"}"
2026-01-25 00:25:07,https://www.grays.com/lot/0001-21062187/motor-vehicles-motor-cycles/2004-toyota-landcruiser-gxl-uzj100r-automatic-8-seats-wagon,[MISSING_YEAR],"{""year"": """", ""make"": """", ""model"": """", ""variant"": """", ""body_type"": """", ""transmission"": """", ""fuel_type"": """", ""odometer_reading"": """", ""vin"": """", ""location"": """"}"
2026-01-25 00:25:07,https://www.grays.com/lot/0001-21062191/motor-vehicles-motor-cycles/2014-mazda-cx-5-grand-touring-ke-turbo-diesel-automatic-wagon,[MISSING_YEAR],"{""year"": """", ""make"": """", ""model"": """", ""variant"": """", ""body_type"": """", ""transmission"": """", ""fuel_type"": """", ""odometer_reading"": """", ""vin"": """", ""location"": """"}"
2026-01-25 00:25:07,https://www.grays.com/lot/0001-21062195/motor-vehicles-motor-cycles/2006-nissan-maxima-st-l-j31-automatic-sedan,[MISSING_YEAR],"{""year"": """", ""make"": """", ""model"": """", ""variant"": """", ""body_type"": """", ""transmission"": """", ""fuel_type"": """", ""odometer_reading"": """", ""vin"": """", ""location"": """"}"
2026-01-25 00:25:07,https://www.grays.com/lot/0001-21062196/motor-vehicles-motor-cycles/2003-mercedes-benz-clk-320-320-avantgarde-a209-automatic-convertible,[MISSING_YEAR],"{""year"": """", ""make"": """", ""model"": """", ""variant"": """", ""body_type"": """", ""transmission"": """", ""fuel_type"": """", ""odometer_reading"": """", ""vin"": """", ""location"": """"}"
2026-01-25 00:25:07,https://www.grays.com/lot/0001-21062197/motor-vehicles-motor-cycles/2013-ford-focus-ambiente-lw-ii-automatic-sedan,[MISSING_YEAR],"{""year"": """", ""make"": """", ""model"": """", ""variant"": """", ""body_type"": """", ""transmission"": """", ""fuel_type"": """", ""odometer_reading"": """", ""vin"": """", ""location"": """"}"
2026-01-25 00:25:07,https://www.grays.com/lot/0001-21062198/motor-vehicles-motor-cycles/2015-hyundai-imax-tq-turbo-diesel-automatic-8-seats-people-mover,[MISSING_YEAR],"{""year"": """", ""make"": """", ""model"": """", ""variant"": """", ""body_type"": """", ""transmission"": """", ""fuel_type"": """", ""odometer_reading"": """", ""vin"": """", ""location"": """"}"
2026-01-25 00:25:07,https://www.grays.com/lot/0001-21062199/motor-vehicles-motor-cycles/2015-jeep-grand-cherokee-laredo-4x4-wk-automatic-8-speed-wagon,[MISSING_YEAR],"{""year"": """", ""make"": """", ""model"": """", ""variant"": """", ""body_type"": """", ""transmission"": """", ""fuel_type"": """", ""odometer_reading"": """", ""vin"": """", ""location"": """"}"
2026-01-25 00:25:07,https://www.grays.com/lot/0001-21062200/motor-vehicles-motor-cycles/2006-toyota-rav-4-cruiser-l-aca33r-automatic-wagon,[MISSING_YEAR],"{""year"": """", ""make"": """", ""model"": """", ""variant"": """", ""body_type"": """", ""transmission"": """", ""fuel_type"": """", ""odometer_reading"": """", ""vin"": """", ""location"": """"}"
2026-01-25 00:25:07,https://www.grays.com/lot/0001-21062201/motor-vehicles-motor-cycles/2013-ford-focus-ambiente-lw-ii-automatic-hatchback,[MISSING_YEAR],"{""year"": """", ""make"": """", ""model"": """", ""variant"": """", ""body_type"": """", ""transmission"": """", ""fuel_type"": """", ""odometer_reading"": """", ""vin"": """", ""location"": """"}"
2026-01-25 00:25:07,https://www.grays.com/lot/0001-21062202/motor-vehicles-motor-cycles/2004-nissan-x-trail-ti-luxury-t30-automatic-wagon,[MISSING_YEAR],"{""year"": """", ""make"": """", ""model"": """", ""variant"": """", ""body_type"": """", ""transmission"": """", ""fuel_type"": """", ""odometer_reading"": """", ""vin"": """", ""location"": """"}"
2026-01-25 00:25:07,https://www.grays.com/lot/0001-21062203/motor-vehicles-motor-cycles/2000-toyota-camry-csi-mcv20r-automatic-sedan,[MISSING_YEAR],"{""year"": """", ""make"": """", ""model"": """", ""variant"": """", ""body_type"": """", ""transmission"": """", ""fuel_type"": """", ""odometer_reading"": """", ""vin"": """", ""location"": """"}"
2026-01-25 00:25:07,https://www.grays.com/lot/0001-21062204/motor-vehicles-motor-cycles/2009-bmw-320i-320i-exec-e90-automatic-sedan,[MISSING_YEAR],"{""year"": """", ""make"": """", ""model"": """", ""variant"": """", ""body_type"": """", ""transmission"": """", ""fuel_type"": """", ""odometer_reading"": """", ""vin"": """", ""location"": """"}"
2026-01-25 00:25:07,https://www.grays.com/lot/0001-21062205/motor-vehicles-motor-cycles/2012-holden-barina-tm-automatic-hatchback,[MISSING_YEAR],"{""year"": """", ""make"": """", ""model"": """", ""variant"": """", ""body_type"": """", ""transmission"": """", ""fuel_type"": """", ""odometer_reading"": """", ""vin"": """", ""location"": """"}"
2026-01-25 00:25:07,https://www.grays.com/lot/0001-21062206/motor-vehicles-motor-cycles/2009-toyota-hilux-sr-4x4-kun26r-turbo-diesel-automatic-dual-cab,[MISSING_YEAR],"{""year"": """", ""make"": """", ""model"": """", ""variant"": """", ""body_type"": """", ""transmission"": """", ""fuel_type"": """", ""odometer_reading"": """", ""vin"": """", ""location"": """"}"
2026-01-25 00:25:07,https://www.grays.com/lot/0001-21062207/motor-vehicles-motor-cycles/2012-suzuki-swift-sport-fz-cvt-hatchback,[MISSING_YEAR],"{""year"": """", ""make"": """", ""model"": """", ""variant"": """", ""body_type"": """", ""transmission"": """", ""fuel_type"": """", ""odometer_reading"": """", ""vin"": """", ""location"": """"}"
2026-01-25 00:25:07,https://www.grays.com/lot/0001-21062208/motor-vehicles-motor-cycles/2013-holden-barina-tm-automatic-hatchback,[MISSING_YEAR],"{""year"": """", ""make"": """", ""model"": """", ""variant"": """", ""body_type"": """", ""transmission"": """", ""fuel_type"": """", ""odometer_reading"": """", ""vin"": """", ""location"": """"}"
2026-01-25 00:25:07,https://www.grays.com/lot/0001-21062209/motor-vehicles-motor-cycles/2011-jeep-grand-cherokee-laredo-wk-automatic-wagon,[MISSING_YEAR],"{""year"": """", ""make"": """", ""model"": """", ""variant"": """", ""body_type"": """", ""transmission"": """", ""fuel_type"": """", ""odometer_reading"": """", ""vin"": """", ""location"": """"}"
2026-01-25 00:25:07,https://www.grays.com/lot/0001-21062210/motor-vehicles-motor-cycles/2013-mitsubishi-outlander-ls-2wd-zj-cvt-wagon,[MISSING_YEAR],"{""year"": """", ""make"": """", ""model"": """", ""variant"": """", ""body_type"": """", ""transmission"": """", ""fuel_type"": """", ""odometer_reading"": """", ""vin"": """", ""location"": """"}"
2026-01-25 00:25:07,https://www.grays.com/lot/0001-21062218/motor-vehicles-motor-cycles/2010-toyota-rav-4-cruiser-2wd-aca38r-automatic-wagon,[MISSING_YEAR],"{""year"": """", ""make"": """", ""model"": """", ""variant"": """", ""body_type"": """", ""transmission"": """", ""fuel_type"": """", ""odometer_reading"": """", ""vin"": """", ""location"": """"}"
2026-01-25 00:25:07,https://www.grays.com/lot/0001-21062219/motor-vehicles-motor-cycles/2012-bmw-328i-328i-f30-automatic-8-speed-sedan,[MISSING_YEAR],"{""year"": """", ""make"": """", ""model"": """", ""variant"": """", ""body_type"": """", ""transmission"": """", ""fuel_type"": """", ""odometer_reading"": """", ""vin"": """", ""location"": """"}"
2026-01-25 00:25:07,https://www.grays.com/lot/0001-21062220/motor-vehicles-motor-cycles/2012-volvo-xc90-d5-r-design-turbo-diesel-automatic-7-seats-wagon,[MISSING_YEAR],"{""year"": """", ""make"": """", ""model"": """", ""variant"": """", ""body_type"": """", ""transmission"": """", ""fuel_type"": """", ""odometer_reading"": """", ""vin"": """", ""location"": """"}"
2026-01-25 00:25:07,https://www.grays.com/lot/0001-21062221/motor-vehicles-motor-cycles/2017-mercedes-benz-cla-200-cla200-c117-automatic-coupe-wovr-repairable,[MISSING_YEAR],"{""year"": """", ""make"": """", ""model"": """", ""variant"": """", ""body_type"": """", ""transmission"": """", ""fuel_type"": """", ""odometer_reading"": """", ""vin"": """", ""location"": """"}"
2026-01-25 00:25:07,https://www.grays.com/lot/0001-21062227/motor-vehicles-motor-cycles/2022-mitsubishi-outlander-es-2wd-zm-cvt-wagon,[MISSING_YEAR],"{""year"": """", ""make"": """", ""model"": """", ""variant"": """", ""body_type"": """", ""transmission"": """", ""fuel_type"": """", ""odometer_reading"": """", ""vin"": """", ""location"": """"}"
2026-01-25 00:25:07,https://www.grays.com/lot/0001-21062228/motor-vehicles-motor-cycles/2022-mitsubishi-outlander-es-2wd-zm-cvt-wagon,[MISSING_YEAR],"{""year"": """", ""make"": """", ""model"": """", ""variant"": """", ""body_type"": """", ""transmission"": """", ""fuel_type"": """", ""odometer_reading"": """", ""vin"": """", ""location"": """"}"
2026-01-25 00:25:07,https://www.grays.com/lot/0001-21062229/motor-vehicles-motor-cycles/2021-kia-sorento-sport-mq4-turbo-diesel-automatic-8-speed-7-seats-wagon,[MISSING_YEAR],"{""year"": """", ""make"": """", ""model"": """", ""variant"": """", ""body_type"": """", ""transmission"": """", ""fuel_type"": """", ""odometer_reading"": """", ""vin"": """", ""location"": """"}"
2026-01-25 00:25:07,https://www.grays.com/lot/0001-21062230/motor-vehicles-motor-cycles/2017-ford-ranger-xlt-4x4-px-ii-turbo-diesel-automatic-dual-cab,[MISSING_YEAR],"{""year"": """", ""make"": """", ""model"": """", ""variant"": """", ""body_type"": """", ""transmission"": """", ""fuel_type"": """", ""odometer_reading"": """", ""vin"": """", ""location"": """"}"
2026-01-25 00:25:07,https://www.grays.com/lot/0001-21062231/motor-vehicles-motor-cycles/2011-toyota-hilux-4x2-sr-kun16r-turbo-diesel-manual-dual-cab,[MISSING_YEAR],"{""year"": """", ""make"": """", ""model"": """", ""variant"": """", ""body_type"": """", ""transmission"": """", ""fuel_type"": """", ""odometer_reading"": """", ""vin"": """", ""location"": """"}"
2026-01-25 00:25:07,https://www.grays.com/lot/0001-21062232/motor-vehicles-motor-cycles/2012-jeep-grand-cherokee-laredo-wk-turbo-diesel-automatic-wagon,[MISSING_YEAR],"{""year"": """", ""make"": """", ""model"": """", ""variant"": """", ""body_type"": """", ""transmission"": """", ""fuel_type"": """", ""odometer_reading"": """", ""vin"": """", ""location"": """"}"
2026-01-25 00:25:07,https://www.grays.com/lot/0001-21062233/motor-vehicles-motor-cycles/2008-bmw-1-series-120i-e87-automatic-hatchback,[MISSING_YEAR],"{""year"": """", ""make"": """", ""model"": """", ""variant"": """", ""body_type"": """", ""transmission"": """", ""fuel_type"": """", ""odometer_reading"": """", ""vin"": """", ""location"": """"}"
2026-01-25 00:25:07,https://www.grays.com/lot/0001-21062235/motor-vehicles-motor-cycles/2014-mazda-6-atenza-gj-turbo-diesel-automatic-sedan,[MISSING_YEAR],"{""year"": """", ""make"": """", ""model"": """", ""variant"": """", ""body_type"": """", ""transmission"": """", ""fuel_type"": """", ""odometer_reading"": """", ""vin"": """", ""location"": """"}"
2026-01-25 00:25:07,https://www.grays.com/lot/0001-21062236/motor-vehicles-motor-cycles/2013-subaru-forester-2-5i-s-s4-cvt-wagon,[MISSING_YEAR],"{""year"": """", ""make"": """", ""model"": """", ""variant"": """", ""body_type"": """", ""transmission"": """", ""fuel_type"": """", ""odometer_reading"": """", ""vin"": """", ""location"": """"}"
2026-01-25 00:25:07,https://www.grays.com/lot/0001-21062237/motor-vehicles-motor-cycles/2017-volkswagen-amarok-tdi550-ultimate-2h-t-d-auto-8-speed-dual-cab,[MISSING_YEAR],"{""year"": """", ""make"": """", ""model"": """", ""variant"": """", ""body_type"": """", ""transmission"": """", ""fuel_type"": """", ""odometer_reading"": """", ""vin"": """", ""location"": """"}"
2026-01-25 00:25:07,https://www.grays.com/lot/0001-21062238/motor-vehicles-motor-cycles/2017-ford-escape-ambiente-awd-zg-automatic-wagon,[MISSING_YEAR],"{""year"": """", ""make"": """", ""model"": """", ""variant"": """", ""body_type"": """", ""transmission"": """", ""fuel_type"": """", ""odometer_reading"": """", ""vin"": """", ""location"": """"}"
2026-01-25 00:25:07,https://www.grays.com/lot/0001-21062239/motor-vehicles-motor-cycles/2009-nissan-x-trail-st-t31-cvt-wagon,[MISSING_YEAR],"{""year"": """", ""make"": """", ""model"": """", ""variant"": """", ""body_type"": """", ""transmission"": """", ""fuel_type"": """", ""odometer_reading"": """", ""vin"": """", ""location"": """"}"
2026-01-25 00:25:07,https://www.grays.com/lot/0001-50082459/motor-vehicles-motor-cycles/2016-toyota-landcruiser-vx-auto-4x4,[MISSING_YEAR],"{""year"": """", ""make"": """", ""model"": """", ""variant"": """", ""body_type"": """", ""transmission"": """", ""fuel_type"": """", ""odometer_reading"": """", ""vin"": """", ""location"": """"}"
2026-01-25 00:25:07,https://www.grays.com/lot/0001-50517585/motor-vehicles-motor-cycles/2015-mazda-cx-3-s-touring-dk-turbo-diesel-automatic-wagon,[MISSING_YEAR],"{""year"": """", ""make"": """", ""model"": """", ""variant"": """", ""body_type"": """", ""transmission"": """", ""fuel_type"": """", ""odometer_reading"": """", ""vin"": """", ""location"": """"}"
2026-01-25 00:25:07,https://www.grays.com/lot/0001-50517719/motor-vehicles-motor-cycles/2012-mazda-3-neo-bl-manual-sedan,[MISSING_YEAR],"{""year"": """", ""make"": """", ""model"": """", ""variant"": """", ""body_type"": """", ""transmission"": """", ""fuel_type"": """", ""odometer_reading"": """", ""vin"": """", ""location"": """"}"
2026-01-25 00:25:07,https://www.grays.com/lot/0001-50517734/motor-vehicles-motor-cycles/2012-ford-falcon-g6-fg-ii-automatic-sedan,[MISSING_YEAR],"{""year"": """", ""make"": """", ""model"": """", ""variant"": """", ""body_type"": """", ""transmission"": """", ""fuel_type"": """", ""odometer_reading"": """", ""vin"": """", ""location"": """"}"
2026-01-25 00:25:07,https://www.grays.com/lot/0001-50517735/motor-vehicles-motor-cycles/2013-volkswagen-passat-118tsi-3c-automatic-sedan,[MISSING_YEAR],"{""year"": """", ""make"": """", ""model"": """", ""variant"": """", ""body_type"": """", ""transmission"": """", ""fuel_type"": """", ""odometer_reading"": """", ""vin"": """", ""location"": """"}"
2026-01-25 00:25:07,https://www.grays.com/lot/0001-50517736/motor-vehicles-motor-cycles/2009-volkswagen-passat-r36-r36-3c-automatic-sedan,[MISSING_YEAR],"{""year"": """", ""make"": """", ""model"": """", ""variant"": """", ""body_type"": """", ""transmission"": """", ""fuel_type"": """", ""odometer_reading"": """", ""vin"": """", ""location"": """"}"
2026-01-25 00:25:07,https://www.grays.com/lot/0001-50517737/motor-vehicles-motor-cycles/2016-hyundai-i40-active-vf-turbo-diesel-automatic-sedan,[MISSING_YEAR],"{""year"": """", ""make"": """", ""model"": """", ""variant"": """", ""body_type"": """", ""transmission"": """", ""fuel_type"": """", ""odometer_reading"": """", ""vin"": """", ""location"": """"}"
2026-01-25 00:25:07,https://www.grays.com/lot/0001-50517738/motor-vehicles-motor-cycles/2013-nissan-pulsar-st-c12-cvt-hatchback,[MISSING_YEAR],"{""year"": """", ""make"": """", ""model"": """", ""variant"": """", ""body_type"": """", ""transmission"": """", ""fuel_type"": """", ""odometer_reading"": """", ""vin"": """", ""location"": """"}"
2026-01-25 00:25:07,https://www.grays.com/lot/0001-50517739/motor-vehicles-motor-cycles/2009-porsche-cayenne-diesel-turbo-diesel-automatic-wagon,[MISSING_YEAR],"{""year"": """", ""make"": """", ""model"": """", ""variant"": """", ""body_type"": """", ""transmission"": """", ""fuel_type"": """", ""odometer_reading"": """", ""vin"": """", ""location"": """"}"
2026-01-25 00:25:07,https://www.grays.com/lot/0001-50517740/motor-vehicles-motor-cycles/2022-mg-mg3-core-auto-5d-hatch-47-731kms,[MISSING_YEAR],"{""year"": """", ""make"": """", ""model"": """", ""variant"": """", ""body_type"": """", ""transmission"": """", ""fuel_type"": """", ""odometer_reading"": """", ""vin"": """", ""location"": """"}"
2026-01-25 00:25:07,https://www.grays.com/lot/0001-50517741/motor-vehicles-motor-cycles/2012-hyundai-veloster-fs-manual-coupe,[MISSING_YEAR],"{""year"": """", ""make"": """", ""model"": """", ""variant"": """", ""body_type"": """", ""transmission"": """", ""fuel_type"": """", ""odometer_reading"": """", ""vin"": """", ""location"": """"}"
2026-01-25 00:25:07,https://www.grays.com/lot/0001-50517743/motor-vehicles-motor-cycles/2009-audi-a6-3-0-tfsi-quattro-c6-automatic-sedan,[MISSING_YEAR],"{""year"": """", ""make"": """", ""model"": """", ""variant"": """", ""body_type"": """", ""transmission"": """", ""fuel_type"": """", ""odometer_reading"": """", ""vin"": """", ""location"": """"}"
2026-01-25 00:25:07,https://www.grays.com/lot/0001-50714102/motor-vehicles-motor-cycles/2017-nissan-serena-import-automatic-8-seats-van,[MISSING_YEAR],"{""year"": """", ""make"": """", ""model"": """", ""variant"": """", ""body_type"": """", ""transmission"": """", ""fuel_type"": """", ""odometer_reading"": """", ""vin"": """", ""location"": """"}"
2026-01-25 00:25:07,https://www.grays.com/lot/0001-50714137/motor-vehicles-motor-cycles/2016-audi-a4-2-0-tfsi-quatt-sport-b9-automatic-sedan,[MISSING_YEAR],"{""year"": """", ""make"": """", ""model"": """", ""variant"": """", ""body_type"": """", ""transmission"": """", ""fuel_type"": """", ""odometer_reading"": """", ""vin"": """", ""location"": """"}"
2026-01-25 00:25:07,https://www.grays.com/lot/0001-50714140/motor-vehicles-motor-cycles/2012-audi-q5-2-0-tfsi-quattro-8r-automatic-8-speed-wagon,[MISSING_YEAR],"{""year"": """", ""make"": """", ""model"": """", ""variant"": """", ""body_type"": """", ""transmission"": """", ""fuel_type"": """", ""odometer_reading"": """", ""vin"": """", ""location"": """"}"
2026-01-25 00:25:07,https://www.grays.com/lot/0001-50714179/motor-vehicles-motor-cycles/2016-mitsubishi-pajero-sport-glx-qe-auto-8-speed-wagon-wovr-inspected,[MISSING_YEAR],"{""year"": """", ""make"": """", ""model"": """", ""variant"": """", ""body_type"": """", ""transmission"": """", ""fuel_type"": """", ""odometer_reading"": """", ""vin"": """", ""location"": """"}"
2026-01-25 00:25:07,https://www.grays.com/lot/0001-50714184/motor-vehicles-motor-cycles/2006-mazda-3-mps-sport-pack-bk-manual-hatchback,[MISSING_YEAR],"{""year"": """", ""make"": """", ""model"": """", ""variant"": """", ""body_type"": """", ""transmission"": """", ""fuel_type"": """", ""odometer_reading"": """", ""vin"": """", ""location"": """"}"
2026-01-25 00:25:07,https://www.grays.com/lot/0001-50714185/motor-vehicles-motor-cycles/2012-mazda-cx-5-grand-touring-ke-turbo-diesel-automatic-wagon,[MISSING_YEAR],"{""year"": """", ""make"": """", ""model"": """", ""variant"": """", ""body_type"": """", ""transmission"": """", ""fuel_type"": """", ""odometer_reading"": """", ""vin"": """", ""location"": """"}"
2026-01-25 00:25:07,https://www.grays.com/lot/0001-50714187/motor-vehicles-motor-cycles/2016-mercedes-benz-sprinter-319cdi-mwb-automatic-ambulance-van,[MISSING_YEAR],"{""year"": """", ""make"": """", ""model"": """", ""variant"": """", ""body_type"": """", ""transmission"": """", ""fuel_type"": """", ""odometer_reading"": """", ""vin"": """", ""location"": """"}"
2026-01-25 00:25:07,https://www.grays.com/lot/0001-50714188/motor-vehicles-motor-cycles/1996-toyota-landcruiser-gxl-fzj80-automatic-8-seats-wagon,[MISSING_YEAR],"{""year"": """", ""make"": """", ""model"": """", ""variant"": """", ""body_type"": """", ""transmission"": """", ""fuel_type"": """", ""odometer_reading"": """", ""vin"": """", ""location"": """"}"
2026-01-25 00:25:07,https://www.grays.com/lot/0001-50714189/motor-vehicles-motor-cycles/2016-audi-q7-3-0-tdi-quattro-4m-turbo-diesel-automatic,[MISSING_YEAR],"{""year"": """", ""make"": """", ""model"": """", ""variant"": """", ""body_type"": """", ""transmission"": """", ""fuel_type"": """", ""odometer_reading"": """", ""vin"": """", ""location"": """"}"
2026-01-25 00:25:07,https://www.grays.com/lot/0001-50714190/motor-vehicles-motor-cycles/2019-range-rover-velar-ly-awd-automatic-wovr-inspected,[MISSING_YEAR],"{""year"": """", ""make"": """", ""model"": """", ""variant"": """", ""body_type"": """", ""transmission"": """", ""fuel_type"": """", ""odometer_reading"": """", ""vin"": """", ""location"": """"}"
2026-01-25 00:25:07,https://www.grays.com/lot/0001-50714191/motor-vehicles-motor-cycles/2015-nissan-pathfinder-st-r52-cvt-7-seats-wagon,[MISSING_YEAR],"{""year"": """", ""make"": """", ""model"": """", ""variant"": """", ""body_type"": """", ""transmission"": """", ""fuel_type"": """", ""odometer_reading"": """", ""vin"": """", ""location"": """"}"
2026-01-25 00:25:07,https://www.grays.com/lot/0001-50714192/motor-vehicles-motor-cycles/2015-jeep-grand-cherokee-limited-wk-turbo-diesel-automatic-8-speed-wagon,[MISSING_YEAR],"{""year"": """", ""make"": """", ""model"": """", ""variant"": """", ""body_type"": """", ""transmission"": """", ""fuel_type"": """", ""odometer_reading"": """", ""vin"": """", ""location"": """"}"
2026-01-25 00:25:07,https://www.grays.com/lot/0001-50714196/motor-vehicles-motor-cycles/2013-ford-ranger-xl-4x2-hi-rider-px-turbo-diesel-manual-dual-cab,[MISSING_YEAR],"{""year"": """", ""make"": """", ""model"": """", ""variant"": """", ""body_type"": """", ""transmission"": """", ""fuel_type"": """", ""odometer_reading"": """", ""vin"": """", ""location"": """"}"
2026-01-25 00:25:07,https://www.grays.com/lot/0001-50714197/motor-vehicles-motor-cycles/2004-mitsubishi-triton-glx-4x4-mk-turbo-diesel-manual-cab-chassis,[MISSING_YEAR],"{""year"": """", ""make"": """", ""model"": """", ""variant"": """", ""body_type"": """", ""transmission"": """", ""fuel_type"": """", ""odometer_reading"": """", ""vin"": """", ""location"": """"}"
2026-01-25 00:25:07,https://www.grays.com/lot/0001-50714199/motor-vehicles-motor-cycles/2006-holden-viva-jf-automatic-wagon,[MISSING_YEAR],"{""year"": """", ""make"": """", ""model"": """", ""variant"": """", ""body_type"": """", ""transmission"": """", ""fuel_type"": """", ""odometer_reading"": """", ""vin"": """", ""location"": """"}"
2026-01-25 00:25:07,https://www.grays.com/lot/0001-50714200/motor-vehicles-motor-cycles/2008-holden-viva-jf-automatic-hatchback,[MISSING_YEAR],"{""year"": """", ""make"": """", ""model"": """", ""variant"": """", ""body_type"": """", ""transmission"": """", ""fuel_type"": """", ""odometer_reading"": """", ""vin"": """", ""location"": """"}"
2026-01-25 00:25:07,https://www.grays.com/lot/0001-50714201/motor-vehicles-motor-cycles/2007-mitsubishi-lancer-es-ch-manual-wagon,[MISSING_YEAR],"{""year"": """", ""make"": """", ""model"": """", ""variant"": """", ""body_type"": """", ""transmission"": """", ""fuel_type"": """", ""odometer_reading"": """", ""vin"": """", ""location"": """"}"
2026-01-25 00:25:07,https://www.grays.com/lot/0001-50714202/motor-vehicles-motor-cycles/2007-toyota-rav-4-cv-aca33r-manual-wagon,[MISSING_YEAR],"{""year"": """", ""make"": """", ""model"": """", ""variant"": """", ""body_type"": """", ""transmission"": """", ""fuel_type"": """", ""odometer_reading"": """", ""vin"": """", ""location"": """"}"
2026-01-25 00:25:07,https://www.grays.com/lot/0001-50714203/motor-vehicles-motor-cycles/2007-mercedes-benz-c320-cdi-elegance-w204-turbo-diesel-automatic-sedan,[MISSING_YEAR],"{""year"": """", ""make"": """", ""model"": """", ""variant"": """", ""body_type"": """", ""transmission"": """", ""fuel_type"": """", ""odometer_reading"": """", ""vin"": """", ""location"": """"}"
2026-01-25 00:25:07,https://www.grays.com/lot/0001-50714206/motor-vehicles-motor-cycles/2001-holden-berlina-vx-automatic-sedan,[MISSING_YEAR],"{""year"": """", ""make"": """", ""model"": """", ""variant"": """", ""body_type"": """", ""transmission"": """", ""fuel_type"": """", ""odometer_reading"": """", ""vin"": """", ""location"": """"}"
2026-01-25 00:25:07,https://www.grays.com/lot/0001-50714207/motor-vehicles-motor-cycles/2011-mitsubishi-triton-4x4-glx-mn-turbo-diesel-manual-cab-chassis,[MISSING_YEAR],"{""year"": """", ""make"": """", ""model"": """", ""variant"": """", ""body_type"": """", ""transmission"": """", ""fuel_type"": """", ""odometer_reading"": """", ""vin"": """", ""location"": """"}"
2026-01-25 00:25:07,https://www.grays.com/lot/0001-50714208/motor-vehicles-motor-cycles/2004-mitsubishi-pajero-gls-np-automatic-wagon,[MISSING_YEAR],"{""year"": """", ""make"": """", ""model"": """", ""variant"": """", ""body_type"": """", ""transmission"": """", ""fuel_type"": """", ""odometer_reading"": """", ""vin"": """", ""location"": """"}"
2026-01-25 00:25:07,https://www.grays.com/lot/0001-50714209/motor-vehicles-motor-cycles/2010-volkswagen-passat-118-tsi-3c-automatic-wagon,[MISSING_YEAR],"{""year"": """", ""make"": """", ""model"": """", ""variant"": """", ""body_type"": """", ""transmission"": """", ""fuel_type"": """", ""odometer_reading"": """", ""vin"": """", ""location"": """"}"
2026-01-25 00:25:07,https://www.grays.com/lot/0001-50714211/motor-vehicles-motor-cycles/2006-suzuki-swift-ez-manual-hatchback,[MISSING_YEAR],"{""year"": """", ""make"": """", ""model"": """", ""variant"": """", ""body_type"": """", ""transmission"": """", ""fuel_type"": """", ""odometer_reading"": """", ""vin"": """", ""location"": """"}"
2026-01-25 00:25:07,https://www.grays.com/lot/0001-50714212/motor-vehicles-motor-cycles/2007-lexus-rx-rx350-sports-gsu35r-automatic-wagon,[MISSING_YEAR],"{""year"": """", ""make"": """", ""model"": """", ""variant"": """", ""body_type"": """", ""transmission"": """", ""fuel_type"": """", ""odometer_reading"": """", ""vin"": """", ""location"": """"}"
2026-01-25 00:25:07,https://www.grays.com/lot/0001-50714213/motor-vehicles-motor-cycles/2003-toyota-rav-4-cv-aca22r-automatic-wagon,[MISSING_YEAR],"{""year"": """", ""make"": """", ""model"": """", ""variant"": """", ""body_type"": """", ""transmission"": """", ""fuel_type"": """", ""odometer_reading"": """", ""vin"": """", ""location"": """"}"
2026-01-25 00:25:07,https://www.grays.com/lot/0001-50714214/motor-vehicles-motor-cycles/2010-mitsubishi-outlander-ls-zh-cvt-wagon,[MISSING_YEAR],"{""year"": """", ""make"": """", ""model"": """", ""variant"": """", ""body_type"": """", ""transmission"": """", ""fuel_type"": """", ""odometer_reading"": """", ""vin"": """", ""location"": """"}"
2026-01-25 00:25:07,https://www.grays.com/lot/0001-50714215/motor-vehicles-motor-cycles/2013-ford-focus-sport-lw-ii-automatic-hatchback,[MISSING_YEAR],"{""year"": """", ""make"": """", ""model"": """", ""variant"": """", ""body_type"": """", ""transmission"": """", ""fuel_type"": """", ""odometer_reading"": """", ""vin"": """", ""location"": """"}"
2026-01-25 00:25:07,https://www.grays.com/lot/0001-50714217/motor-vehicles-motor-cycles/2013-mini-cooper-countryman-r60-manual-wagon,[MISSING_YEAR],"{""year"": """", ""make"": """", ""model"": """", ""variant"": """", ""body_type"": """", ""transmission"": """", ""fuel_type"": """", ""odometer_reading"": """", ""vin"": """", ""location"": """"}"
2026-01-25 00:25:07,https://www.grays.com/lot/0001-50714218/motor-vehicles-motor-cycles/2012-jeep-wrangler-unlimited-sport-jk-manual-wagon,[MISSING_YEAR],"{""year"": """", ""make"": """", ""model"": """", ""variant"": """", ""body_type"": """", ""transmission"": """", ""fuel_type"": """", ""odometer_reading"": """", ""vin"": """", ""location"": """"}"
2026-01-25 00:25:07,https://www.grays.com/lot/0001-50714219/motor-vehicles-motor-cycles/2012-ford-territory-titanium-sz-turbo-diesel-automatic-7-seats-wagon,[MISSING_YEAR],"{""year"": """", ""make"": """", ""model"": """", ""variant"": """", ""body_type"": """", ""transmission"": """", ""fuel_type"": """", ""odometer_reading"": """", ""vin"": """", ""location"": """"}"
2026-01-25 00:25:07,https://www.grays.com/lot/0001-50714220/motor-vehicles-motor-cycles/2011-hyundai-i20-active-pb-automatic-hatchback,[MISSING_YEAR],"{""year"": """", ""make"": """", ""model"": """", ""variant"": """", ""body_type"": """", ""transmission"": """", ""fuel_type"": """", ""odometer_reading"": """", ""vin"": """", ""location"": """"}"
2026-01-25 00:25:07,https://www.grays.com/lot/0001-50714222/motor-vehicles-motor-cycles/2010-holden-commodore-omega-ve-automatic-sedan,[MISSING_YEAR],"{""year"": """", ""make"": """", ""model"": """", ""variant"": """", ""body_type"": """", ""transmission"": """", ""fuel_type"": """", ""odometer_reading"": """", ""vin"": """", ""location"": """"}"
2026-01-25 00:25:07,https://www.grays.com/lot/0001-50714223/motor-vehicles-motor-cycles/2015-mazda-cx-9-classic-fwd-automatic-7-seats-wagon,[MISSING_YEAR],"{""year"": """", ""make"": """", ""model"": """", ""variant"": """", ""body_type"": """", ""transmission"": """", ""fuel_type"": """", ""odometer_reading"": """", ""vin"": """", ""location"": """"}"
2026-01-25 00:25:07,https://www.grays.com/lot/0001-50714224/motor-vehicles-motor-cycles/2008-volkswagen-golf-gt-sport-tdi-a5-turbo-diesel-manual-hatchback,[MISSING_YEAR],"{""year"": """", ""make"": """", ""model"": """", ""variant"": """", ""body_type"": """", ""transmission"": """", ""fuel_type"": """", ""odometer_reading"": """", ""vin"": """", ""location"": """"}"
2026-01-25 00:25:07,https://www.grays.com/lot/0001-50714225/motor-vehicles-motor-cycles/2012-mitsubishi-triton-4x4-glx-mn-turbo-diesel-automatic-dual-cab,[MISSING_YEAR],"{""year"": """", ""make"": """", ""model"": """", ""variant"": """", ""body_type"": """", ""transmission"": """", ""fuel_type"": """", ""odometer_reading"": """", ""vin"": """", ""location"": """"}"
2026-01-25 00:25:07,https://www.grays.com/lot/0001-50714226/motor-vehicles-motor-cycles/2009-toyota-kluger-4x2-kx-r-gsu40r-automatic-wagon,[MISSING_YEAR],"{""year"": """", ""make"": """", ""model"": """", ""variant"": """", ""body_type"": """", ""transmission"": """", ""fuel_type"": """", ""odometer_reading"": """", ""vin"": """", ""location"": """"}"
2026-01-25 00:25:07,https://www.grays.com/lot/0001-50714227/motor-vehicles-motor-cycles/2013-mazda-6-atenza-gj-turbo-diesel-automatic-sedan,[MISSING_YEAR],"{""year"": """", ""make"": """", ""model"": """", ""variant"": """", ""body_type"": """", ""transmission"": """", ""fuel_type"": """", ""odometer_reading"": """", ""vin"": """", ""location"": """"}"
2026-01-25 00:25:07,https://www.grays.com/lot/0001-50714228/motor-vehicles-motor-cycles/2014-jeep-grand-cherokee-limited-wk-turbo-diesel-automatic-8-speed-wagon,[MISSING_YEAR],"{""year"": """", ""make"": """", ""model"": """", ""variant"": """", ""body_type"": """", ""transmission"": """", ""fuel_type"": """", ""odometer_reading"": """", ""vin"": """", ""location"": """"}"
2026-01-25 00:25:07,https://www.grays.com/lot/0001-50714229/motor-vehicles-motor-cycles/2020-renault-master-l2h2-mwb-turbo-diesel-automatic-van,[MISSING_YEAR],"{""year"": """", ""make"": """", ""model"": """", ""variant"": """", ""body_type"": """", ""transmission"": """", ""fuel_type"": """", ""odometer_reading"": """", ""vin"": """", ""location"": """"}"
2026-01-25 00:25:07,https://www.grays.com/lot/0001-50714230/motor-vehicles-motor-cycles/2014-mercedes-benz-c-class-c250-s205-automatic-wagon,[MISSING_YEAR],"{""year"": """", ""make"": """", ""model"": """", ""variant"": """", ""body_type"": """", ""transmission"": """", ""fuel_type"": """", ""odometer_reading"": """", ""vin"": """", ""location"": """"}"
2026-01-25 00:25:07,https://www.grays.com/lot/0001-50714231/motor-vehicles-motor-cycles/2016-ford-ecosport-titanium-titanium-bk-automatic-wagon,[MISSING_YEAR],"{""year"": """", ""make"": """", ""model"": """", ""variant"": """", ""body_type"": """", ""transmission"": """", ""fuel_type"": """", ""odometer_reading"": """", ""vin"": """", ""location"": """"}"
2026-01-25 00:25:07,https://www.grays.com/lot/0001-50714232/motor-vehicles-motor-cycles/2017-mitsubishi-outlander-ls-awd-safety-pack-zk-cvt-7-seats-wagon,[MISSING_YEAR],"{""year"": """", ""make"": """", ""model"": """", ""variant"": """", ""body_type"": """", ""transmission"": """", ""fuel_type"": """", ""odometer_reading"": """", ""vin"": """", ""location"": """"}"
2026-01-25 00:25:07,https://www.grays.com/lot/0001-50714233/motor-vehicles-motor-cycles/2009-mini-cooper-cabrio-s-r57-automatic-convertible,[MISSING_YEAR],"{""year"": """", ""make"": """", ""model"": """", ""variant"": """", ""body_type"": """", ""transmission"": """", ""fuel_type"": """", ""odometer_reading"": """", ""vin"": """", ""location"": """"}"
2026-01-25 00:25:07,https://www.grays.com/lot/0001-50714234/motor-vehicles-motor-cycles/2013-jeep-wrangler-unlimited-4wd-manual-6-speed-wagon,[MISSING_YEAR],"{""year"": """", ""make"": """", ""model"": """", ""variant"": """", ""body_type"": """", ""transmission"": """", ""fuel_type"": """", ""odometer_reading"": """", ""vin"": """", ""location"": """"}"
2026-01-25 00:25:07,https://www.grays.com/lot/0001-50714236/motor-vehicles-motor-cycles/2019-toyota-yaris-hybrid-vitz-import-automatic-hatchback,[MISSING_YEAR],"{""year"": """", ""make"": """", ""model"": """", ""variant"": """", ""body_type"": """", ""transmission"": """", ""fuel_type"": """", ""odometer_reading"": """", ""vin"": """", ""location"": """"}"
2026-01-25 00:25:07,https://www.grays.com/lot/0001-50714238/motor-vehicles-motor-cycles/2017-honda-hrv-hybrid-vezel-import-automatic-hatchback,[MISSING_YEAR],"{""year"": """", ""make"": """", ""model"": """", ""variant"": """", ""body_type"": """", ""transmission"": """", ""fuel_type"": """", ""odometer_reading"": """", ""vin"": """", ""location"": """"}"
2026-01-25 00:25:07,https://www.grays.com/lot/0001-50714239/motor-vehicles-motor-cycles/toyota-hiace-import-wheelchair-hydraulic-lift-automatic-8-seats-van,[MISSING_YEAR],"{""year"": """", ""make"": """", ""model"": """", ""variant"": """", ""body_type"": """", ""transmission"": """", ""fuel_type"": """", ""odometer_reading"": """", ""vin"": """", ""location"": """"}"
2026-01-25 00:25:07,https://www.grays.com/lot/0001-50714240/motor-vehicles-motor-cycles/honda-jazz-hybrid-fit-automatic-hatchback,[MISSING_YEAR],"{""year"": """", ""make"": """", ""model"": """", ""variant"": """", ""body_type"": """", ""transmission"": """", ""fuel_type"": """", ""odometer_reading"": """", ""vin"": """", ""location"": """"}"
2026-01-25 00:25:07,https://www.grays.com/lot/0001-50714244/motor-vehicles-motor-cycles/2010-kia-rio-s-jb-manual-hatchback,[MISSING_YEAR],"{""year"": """", ""make"": """", ""model"": """", ""variant"": """", ""body_type"": """", ""transmission"": """", ""fuel_type"": """", ""odometer_reading"": """", ""vin"": """", ""location"": """"}"
2026-01-25 00:25:07,https://www.grays.com/lot/0001-50714245/motor-vehicles-motor-cycles/2015-jeep-grand-cherokee-limited-wk-turbo-diesel-automatic-8-speed-wagon,[MISSING_YEAR],"{""year"": """", ""make"": """", ""model"": """", ""variant"": """", ""body_type"": """", ""transmission"": """", ""fuel_type"": """", ""odometer_reading"": """", ""vin"": """", ""location"": """"}"
2026-01-25 00:25:07,https://www.grays.com/lot/0001-50714246/motor-vehicles-motor-cycles/2022-toyota-camry-ascent-axva70r-automatic-8-speed-sedan,[MISSING_YEAR],"{""year"": """", ""make"": """", ""model"": """", ""variant"": """", ""body_type"": """", ""transmission"": """", ""fuel_type"": """", ""odometer_reading"": """", ""vin"": """", ""location"": """"}"
2026-01-25 00:25:07,https://www.grays.com/lot/0001-50714247/motor-vehicles-motor-cycles/2020-toyota-camry-ascent-hybrid-axvh71r-cvt-sedan,[MISSING_YEAR],"{""year"": """", ""make"": """", ""model"": """", ""variant"": """", ""body_type"": """", ""transmission"": """", ""fuel_type"": """", ""odometer_reading"": """", ""vin"": """", ""location"": """"}"
2026-01-25 00:25:07,https://www.grays.com/lot/0001-50714248/motor-vehicles-motor-cycles/2022-toyota-camry-ascent-axva70r-automatic-8-speed-sedan,[MISSING_YEAR],"{""year"": """", ""make"": """", ""model"": """", ""variant"": """", ""body_type"": """", ""transmission"": """", ""fuel_type"": """", ""odometer_reading"": """", ""vin"": """", ""location"": """"}"
2026-01-25 00:25:07,https://www.grays.com/lot/0001-50714249/motor-vehicles-motor-cycles/2018-hyundai-tucson-go-fwd-tl-automatic-wagon,[MISSING_YEAR],"{""year"": """", ""make"": """", ""model"": """", ""variant"": """", ""body_type"": """", ""transmission"": """", ""fuel_type"": """", ""odometer_reading"": """", ""vin"": """", ""location"": """"}"
2026-01-25 00:25:07,https://www.grays.com/lot/0001-50714250/motor-vehicles-motor-cycles/1996-nissan-pathfinder-ti-wx-automatic-wagon,[MISSING_YEAR],"{""year"": """", ""make"": """", ""model"": """", ""variant"": """", ""body_type"": """", ""transmission"": """", ""fuel_type"": """", ""odometer_reading"": """", ""vin"": """", ""location"": """"}"
2026-01-25 00:25:07,https://www.grays.com/lot/0001-50714251/motor-vehicles-motor-cycles/2015-mazda-cx-5-maxx-sport-ke-automatic-wagon,[MISSING_YEAR],"{""year"": """", ""make"": """", ""model"": """", ""variant"": """", ""body_type"": """", ""transmission"": """", ""fuel_type"": """", ""odometer_reading"": """", ""vin"": """", ""location"": """"}"
2026-01-25 00:25:07,https://www.grays.com/lot/0001-50714252/motor-vehicles-motor-cycles/2012-isuzu-d-max-4x2-sx-turbo-diesel-manual-dual-cab,[MISSING_YEAR],"{""year"": """", ""make"": """", ""model"": """", ""variant"": """", ""body_type"": """", ""transmission"": """", ""fuel_type"": """", ""odometer_reading"": """", ""vin"": """", ""location"": """"}"
2026-01-25 00:25:07,https://www.grays.com/lot/0001-50714253/motor-vehicles-motor-cycles/2018-toyota-hilux-4x2-workmate-tgn121r-automatic-cab-chassis,[MISSING_YEAR],"{""year"": """", ""make"": """", ""model"": """", ""variant"": """", ""body_type"": """", ""transmission"": """", ""fuel_type"": """", ""odometer_reading"": """", ""vin"": """", ""location"": """"}"
2026-01-25 00:25:07,https://www.grays.com/lot/0001-50714254/motor-vehicles-motor-cycles/2013-toyota-hilux-4x2-workmate-tgn16r-automatic-cab-chassis,[MISSING_YEAR],"{""year"": """", ""make"": """", ""model"": """", ""variant"": """", ""body_type"": """", ""transmission"": """", ""fuel_type"": """", ""odometer_reading"": """", ""vin"": """", ""location"": """"}"
2026-01-25 00:25:07,https://www.grays.com/lot/0001-50714255/motor-vehicles-motor-cycles/2011-mitsubishi-triton-4x4-glx-r-mn-turbo-diesel-automatic-dual-cab,[MISSING_YEAR],"{""year"": """", ""make"": """", ""model"": """", ""variant"": """", ""body_type"": """", ""transmission"": """", ""fuel_type"": """", ""odometer_reading"": """", ""vin"": """", ""location"": """"}"
2026-01-25 00:25:07,https://www.grays.com/lot/0001-50714256/motor-vehicles-motor-cycles/2016-kia-cerato-s-yd-automatic-sedan,[MISSING_YEAR],"{""year"": """", ""make"": """", ""model"": """", ""variant"": """", ""body_type"": """", ""transmission"": """", ""fuel_type"": """", ""odometer_reading"": """", ""vin"": """", ""location"": """"}"
2026-01-25 00:25:07,https://www.grays.com/lot/0001-50714257/motor-vehicles-motor-cycles/2008-mazda-cx-7-luxury-automatic-wagon,[MISSING_YEAR],"{""year"": """", ""make"": """", ""model"": """", ""variant"": """", ""body_type"": """", ""transmission"": """", ""fuel_type"": """", ""odometer_reading"": """", ""vin"": """", ""location"": """"}"
2026-01-25 00:25:07,https://www.grays.com/lot/0001-50714258/motor-vehicles-motor-cycles/2012-subaru-impreza-2-0i-g4-manual-sedan,[MISSING_YEAR],"{""year"": """", ""make"": """", ""model"": """", ""variant"": """", ""body_type"": """", ""transmission"": """", ""fuel_type"": """", ""odometer_reading"": """", ""vin"": """", ""location"": """"}"
2026-01-25 00:25:07,https://www.grays.com/lot/0001-50714259/motor-vehicles-motor-cycles/2014-ford-ranger-xl-4x4-px-turbo-diesel-automatic-dual-cab,[MISSING_YEAR],"{""year"": """", ""make"": """", ""model"": """", ""variant"": """", ""body_type"": """", ""transmission"": """", ""fuel_type"": """", ""odometer_reading"": """", ""vin"": """", ""location"": """"}"
2026-01-25 00:25:07,https://www.grays.com/lot/0001-50714260/motor-vehicles-motor-cycles/2015-renault-captur-expression-automatic-wagon-wovr-inspected,[MISSING_YEAR],"{""year"": """", ""make"": """", ""model"": """", ""variant"": """", ""body_type"": """", ""transmission"": """", ""fuel_type"": """", ""odometer_reading"": """", ""vin"": """", ""location"": """"}"
2026-01-25 00:25:07,https://www.grays.com/lot/0001-50714262/motor-vehicles-motor-cycles/2011-suzuki-alto-gl-gf-manual-hatchback,[MISSING_YEAR],"{""year"": """", ""make"": """", ""model"": """", ""variant"": """", ""body_type"": """", ""transmission"": """", ""fuel_type"": """", ""odometer_reading"": """", ""vin"": """", ""location"": """"}"
2026-01-25 00:25:07,https://www.grays.com/lot/0001-50714263/motor-vehicles-motor-cycles/2017-mercedes-benz-sprinter-416cdi-mwb-automatic-van,[MISSING_YEAR],"{""year"": """", ""make"": """", ""model"": """", ""variant"": """", ""body_type"": """", ""transmission"": """", ""fuel_type"": """", ""odometer_reading"": """", ""vin"": """", ""location"": """"}"
2026-01-25 00:25:07,https://www.grays.com/lot/0001-50714264/motor-vehicles-motor-cycles/2005-honda-odyssey-automatic-7-seats-people-mover,[MISSING_YEAR],"{""year"": """", ""make"": """", ""model"": """", ""variant"": """", ""body_type"": """", ""transmission"": """", ""fuel_type"": """", ""odometer_reading"": """", ""vin"": """", ""location"": """"}"
2026-01-25 00:25:07,https://www.grays.com/lot/0001-50714265/motor-vehicles-motor-cycles/2013-bmw-x1-sdrive-18d-e84-lci-turbo-diesel-automatic-8-speed-wagon,[MISSING_YEAR],"{""year"": """", ""make"": """", ""model"": """", ""variant"": """", ""body_type"": """", ""transmission"": """", ""fuel_type"": """", ""odometer_reading"": """", ""vin"": """", ""location"": """"}"
2026-01-25 00:25:07,https://www.grays.com/lot/0001-50714268/motor-vehicles-motor-cycles/2005-hyundai-terracan-crdi-turbo-diesel-manual-7-seats-wagon,[MISSING_YEAR],"{""year"": """", ""make"": """", ""model"": """", ""variant"": """", ""body_type"": """", ""transmission"": """", ""fuel_type"": """", ""odometer_reading"": """", ""vin"": """", ""location"": """"}"
2026-01-25 00:25:07,https://www.grays.com/lot/0001-50714269/motor-vehicles-motor-cycles/2010-volvo-xc60-d5-turbo-diesel-automatic-wagon,[MISSING_YEAR],"{""year"": """", ""make"": """", ""model"": """", ""variant"": """", ""body_type"": """", ""transmission"": """", ""fuel_type"": """", ""odometer_reading"": """", ""vin"": """", ""location"": """"}"
2026-01-25 00:25:07,https://www.grays.com/lot/0001-50714271/motor-vehicles-motor-cycles/2017-land-rover-discovery-sport-td4-150-hse-turbo-diesel-9-auto-wagon,[MISSING_YEAR],"{""year"": """", ""make"": """", ""model"": """", ""variant"": """", ""body_type"": """", ""transmission"": """", ""fuel_type"": """", ""odometer_reading"": """", ""vin"": """", ""location"": """"}"
2026-01-25 00:25:07,https://www.grays.com/lot/0001-50714272/motor-vehicles-motor-cycles/2014-nissan-pathfinder-st-r52-cvt-7-seats-wagon,[MISSING_YEAR],"{""year"": """", ""make"": """", ""model"": """", ""variant"": """", ""body_type"": """", ""transmission"": """", ""fuel_type"": """", ""odometer_reading"": """", ""vin"": """", ""location"": """"}"
2026-01-25 00:25:07,https://www.grays.com/lot/0001-50714273/motor-vehicles-motor-cycles/2012-nissan-navara-4x4-st-x550-d40-turbo-diesel-automatic-dual-cab,[MISSING_YEAR],"{""year"": """", ""make"": """", ""model"": """", ""variant"": """", ""body_type"": """", ""transmission"": """", ""fuel_type"": """", ""odometer_reading"": """", ""vin"": """", ""location"": """"}"
2026-01-25 00:25:07,https://www.grays.com/lot/0001-50714274/motor-vehicles-motor-cycles/2010-toyota-estima-import-caravan-automatic-people-mover,[MISSING_YEAR],"{""year"": """", ""make"": """", ""model"": """", ""variant"": """", ""body_type"": """", ""transmission"": """", ""fuel_type"": """", ""odometer_reading"": """", ""vin"": """", ""location"": """"}"
2026-01-25 00:25:07,https://www.grays.com/lot/0001-50714275/motor-vehicles-motor-cycles/2012-bmw-x1-sdrive-20d-e84-turbo-diesel-automatic-wagon,[MISSING_YEAR],"{""year"": """", ""make"": """", ""model"": """", ""variant"": """", ""body_type"": """", ""transmission"": """", ""fuel_type"": """", ""odometer_reading"": """", ""vin"": """", ""location"": """"}"
2026-01-25 00:25:07,https://www.grays.com/lot/0001-50714276/motor-vehicles-motor-cycles/2015-ford-fiesta-ambiente-wz-manual-hatchback,[MISSING_YEAR],"{""year"": """", ""make"": """", ""model"": """", ""variant"": """", ""body_type"": """", ""transmission"": """", ""fuel_type"": """", ""odometer_reading"": """", ""vin"": """", ""location"": """"}"
2026-01-25 00:25:07,https://www.grays.com/lot/0001-50714277/motor-vehicles-motor-cycles/2016-toyota-yaris-ascent-ncp130r-manual-hatchback,[MISSING_YEAR],"{""year"": """", ""make"": """", ""model"": """", ""variant"": """", ""body_type"": """", ""transmission"": """", ""fuel_type"": """", ""odometer_reading"": """", ""vin"": """", ""location"": """"}"
2026-01-25 00:25:07,https://www.grays.com/lot/0001-50714278/motor-vehicles-motor-cycles/2018-toyota-hilux-4x4-sr-gun126r-turbo-diesel-automatic-crew-cab-chassis,[MISSING_YEAR],"{""year"": """", ""make"": """", ""model"": """", ""variant"": """", ""body_type"": """", ""transmission"": """", ""fuel_type"": """", ""odometer_reading"": """", ""vin"": """", ""location"": """"}"
2026-01-25 00:25:07,https://www.grays.com/lot/0001-50714279/motor-vehicles-motor-cycles/2022-ldv-deliver-9-mwb-mid-roof-turbo-diesel-automatic-van,[MISSING_YEAR],"{""year"": """", ""make"": """", ""model"": """", ""variant"": """", ""body_type"": """", ""transmission"": """", ""fuel_type"": """", ""odometer_reading"": """", ""vin"": """", ""location"": """"}"
2026-01-25 00:25:07,https://www.grays.com/lot/0001-50714280/motor-vehicles-motor-cycles/holden-captiva-7-cx-awd-cg-ii-automatic-7-seats-wagon,[MISSING_YEAR],"{""year"": """", ""make"": """", ""model"": """", ""variant"": """", ""body_type"": """", ""transmission"": """", ""fuel_type"": """", ""odometer_reading"": """", ""vin"": """", ""location"": """"}"
2026-01-25 00:25:07,https://www.grays.com/lot/0001-50714281/motor-vehicles-motor-cycles/2011-hyundai-ix35-highlander-awd-lm-turbo-diesel-automatic-wagon,[MISSING_YEAR],"{""year"": """", ""make"": """", ""model"": """", ""variant"": """", ""body_type"": """", ""transmission"": """", ""fuel_type"": """", ""odometer_reading"": """", ""vin"": """", ""location"": """"}"
2026-01-25 00:25:07,https://www.grays.com/lot/0001-50714282/motor-vehicles-motor-cycles/2023-toyota-landcruiser-prado-gxl-premium-interior-4-x-4-wagon,[MISSING_YEAR],"{""year"": """", ""make"": """", ""model"": """", ""variant"": """", ""body_type"": """", ""transmission"": """", ""fuel_type"": """", ""odometer_reading"": """", ""vin"": """", ""location"": """"}"
2026-01-25 00:25:07,https://www.grays.com/lot/0001-50714283/motor-vehicles-motor-cycles/2016-toyota-sienta-hybrid-import-automatic-7-seats-van,[MISSING_YEAR],"{""year"": """", ""make"": """", ""model"": """", ""variant"": """", ""body_type"": """", ""transmission"": """", ""fuel_type"": """", ""odometer_reading"": """", ""vin"": """", ""location"": """"}"
2026-01-25 00:25:07,https://www.grays.com/lot/0001-50714284/motor-vehicles-motor-cycles/2011-mercedes-benz-ml300-cdi-blue-efficiency-w164-turbo-diesel-auto-wagon,[MISSING_YEAR],"{""year"": """", ""make"": """", ""model"": """", ""variant"": """", ""body_type"": """", ""transmission"": """", ""fuel_type"": """", ""odometer_reading"": """", ""vin"": """", ""location"": """"}"
2026-01-25 00:25:07,https://www.grays.com/lot/0001-50714285/motor-vehicles-motor-cycles/2008-hyundai-santa-fe-elite-cm-turbo-diesel-automatic-7-seats-wagon,[MISSING_YEAR],"{""year"": """", ""make"": """", ""model"": """", ""variant"": """", ""body_type"": """", ""transmission"": """", ""fuel_type"": """", ""odometer_reading"": """", ""vin"": """", ""location"": """"}"
2026-01-25 00:25:07,https://www.grays.com/lot/0001-50714286/motor-vehicles-motor-cycles/2010-hyundai-getz-s-tb-manual-hatchback,[MISSING_YEAR],"{""year"": """", ""make"": """", ""model"": """", ""variant"": """", ""body_type"": """", ""transmission"": """", ""fuel_type"": """", ""odometer_reading"": """", ""vin"": """", ""location"": """"}"
2026-01-25 00:25:07,https://www.grays.com/lot/0001-50714287/motor-vehicles-motor-cycles/2013-volkswagen-tiguan-132-tsi-pacific-5n-automatic-wagon,[MISSING_YEAR],"{""year"": """", ""make"": """", ""model"": """", ""variant"": """", ""body_type"": """", ""transmission"": """", ""fuel_type"": """", ""odometer_reading"": """", ""vin"": """", ""location"": """"}"
2026-01-25 00:25:07,https://www.grays.com/lot/0001-50714290/motor-vehicles-motor-cycles/2005-hyundai-getz-automatic-hatchback,[MISSING_YEAR],"{""year"": """", ""make"": """", ""model"": """", ""variant"": """", ""body_type"": """", ""transmission"": """", ""fuel_type"": """", ""odometer_reading"": """", ""vin"": """", ""location"": """"}"
2026-01-25 00:25:07,https://www.grays.com/lot/0001-50714291/motor-vehicles-motor-cycles/2010-toyota-landcruiser-prado-gxl-kdj150r-turbo-diesel-auto-7-seats-wagon,[MISSING_YEAR],"{""year"": """", ""make"": """", ""model"": """", ""variant"": """", ""body_type"": """", ""transmission"": """", ""fuel_type"": """", ""odometer_reading"": """", ""vin"": """", ""location"": """"}"
2026-01-25 00:25:07,https://www.grays.com/lot/0001-50714292/motor-vehicles-motor-cycles/2007-nissan-patrol-dx-3-0-gu-ii-turbo-diesel-manual-wagon,[MISSING_YEAR],"{""year"": """", ""make"": """", ""model"": """", ""variant"": """", ""body_type"": """", ""transmission"": """", ""fuel_type"": """", ""odometer_reading"": """", ""vin"": """", ""location"": """"}"
2026-01-25 00:25:07,https://www.grays.com/lot/0001-50714293/motor-vehicles-motor-cycles/2019-land-rover-range-rover-velar-d300-hse-l560-td-auto-8-speed-wagon,[MISSING_YEAR],"{""year"": """", ""make"": """", ""model"": """", ""variant"": """", ""body_type"": """", ""transmission"": """", ""fuel_type"": """", ""odometer_reading"": """", ""vin"": """", ""location"": """"}"
2026-01-25 00:25:07,https://www.grays.com/lot/0001-50714294/motor-vehicles-motor-cycles/2018-holden-captiva-7-ltz-awd-cg-ii-automatic-7-seats-wagon,[MISSING_YEAR],"{""year"": """", ""make"": """", ""model"": """", ""variant"": """", ""body_type"": """", ""transmission"": """", ""fuel_type"": """", ""odometer_reading"": """", ""vin"": """", ""location"": """"}"
2026-01-25 00:25:07,https://www.grays.com/lot/0001-50714295/motor-vehicles-motor-cycles/2017-nissan-navara-4x4-st-series-2-turbo-diesel-manual-dual-cab,[MISSING_YEAR],"{""year"": """", ""make"": """", ""model"": """", ""variant"": """", ""body_type"": """", ""transmission"": """", ""fuel_type"": """", ""odometer_reading"": """", ""vin"": """", ""location"": """"}"
2026-01-25 00:25:07,https://www.grays.com/lot/0001-50714297/motor-vehicles-motor-cycles/2023-kia-sportage-sx-awd-nq5-turbo-diesel-automatic-8-speed-wagon,[MISSING_YEAR],"{""year"": """", ""make"": """", ""model"": """", ""variant"": """", ""body_type"": """", ""transmission"": """", ""fuel_type"": """", ""odometer_reading"": """", ""vin"": """", ""location"": """"}"
2026-01-25 00:25:07,https://www.grays.com/lot/0001-50714298/motor-vehicles-motor-cycles/2013-toyota-hilux-4x4-sr-kun26r-turbo-diesel-manual-crew-cab-chassis,[MISSING_YEAR],"{""year"": """", ""make"": """", ""model"": """", ""variant"": """", ""body_type"": """", ""transmission"": """", ""fuel_type"": """", ""odometer_reading"": """", ""vin"": """", ""location"": """"}"
2026-01-25 00:25:07,https://www.grays.com/lot/0001-50714301/motor-vehicles-motor-cycles/2006-mazda-b2500-fwd-manual-ute,[MISSING_YEAR],"{""year"": """", ""make"": """", ""model"": """", ""variant"": """", ""body_type"": """", ""transmission"": """", ""fuel_type"": """", ""odometer_reading"": """", ""vin"": """", ""location"": """"}"
2026-01-25 00:25:07,https://www.grays.com/lot/0001-50714302/motor-vehicles-motor-cycles/2021-mazda-cx-5-maxx-kf-automatic-wagon,[MISSING_YEAR],"{""year"": """", ""make"": """", ""model"": """", ""variant"": """", ""body_type"": """", ""transmission"": """", ""fuel_type"": """", ""odometer_reading"": """", ""vin"": """", ""location"": """"}"
2026-01-25 00:25:07,https://www.grays.com/lot/0001-50714306/motor-vehicles-motor-cycles/2020-toyota-rav-4-fwd-gx-mxaa52r-cvt-wagon,[MISSING_YEAR],"{""year"": """", ""make"": """", ""model"": """", ""variant"": """", ""body_type"": """", ""transmission"": """", ""fuel_type"": """", ""odometer_reading"": """", ""vin"": """", ""location"": """"}"
2026-01-25 00:25:07,https://www.grays.com/lot/0001-50714307/motor-vehicles-motor-cycles/2022-mitsubishi-outlander-es-2wd-zm-cvt-wagon,[MISSING_YEAR],"{""year"": """", ""make"": """", ""model"": """", ""variant"": """", ""body_type"": """", ""transmission"": """", ""fuel_type"": """", ""odometer_reading"": """", ""vin"": """", ""location"": """"}"
2026-01-25 00:25:07,https://www.grays.com/lot/0001-50714308/motor-vehicles-motor-cycles/2010-toyota-hilux-sr-4x4-kun26r-turbo-diesel-manual-crew-cab-chassis,[MISSING_YEAR],"{""year"": """", ""make"": """", ""model"": """", ""variant"": """", ""body_type"": """", ""transmission"": """", ""fuel_type"": """", ""odometer_reading"": """", ""vin"": """", ""location"": """"}"
2026-01-25 00:25:07,https://www.grays.com/lot/0001-50714309/motor-vehicles-motor-cycles/2010-toyota-hiace-trh223r-manual-14-seats-bus,[MISSING_YEAR],"{""year"": """", ""make"": """", ""model"": """", ""variant"": """", ""body_type"": """", ""transmission"": """", ""fuel_type"": """", ""odometer_reading"": """", ""vin"": """", ""location"": """"}"
2026-01-25 00:25:07,https://www.grays.com/lot/0001-50714310/motor-vehicles-motor-cycles/2021-toyota-camry-ascent-axva70r-automatic-8-speed-sedan,[MISSING_YEAR],"{""year"": """", ""make"": """", ""model"": """", ""variant"": """", ""body_type"": """", ""transmission"": """", ""fuel_type"": """", ""odometer_reading"": """", ""vin"": """", ""location"": """"}"
2026-01-25 00:25:07,https://www.grays.com/lot/0001-50714311/motor-vehicles-motor-cycles/2021-toyota-camry-ascent-axva70r-automatic-8-speed-sedan,[MISSING_YEAR],"{""year"": """", ""make"": """", ""model"": """", ""variant"": """", ""body_type"": """", ""transmission"": """", ""fuel_type"": """", ""odometer_reading"": """", ""vin"": """", ""location"": """"}"
2026-01-25 00:25:07,https://www.grays.com/lot/0001-50714312/motor-vehicles-motor-cycles/2021-toyota-camry-ascent-axva70r-automatic-8-speed-sedan,[MISSING_YEAR],"{""year"": """", ""make"": """", ""model"": """", ""variant"": """", ""body_type"": """", ""transmission"": """", ""fuel_type"": """", ""odometer_reading"": """", ""vin"": """", ""location"": """"}"
2026-01-25 00:25:07,https://www.grays.com/lot/0001-50714313/motor-vehicles-motor-cycles/2023-toyota-camry-ascent-axva70r-automatic-8-speed-sedan,[MISSING_YEAR],"{""year"": """", ""make"": """", ""model"": """", ""variant"": """", ""body_type"": """", ""transmission"": """", ""fuel_type"": """", ""odometer_reading"": """", ""vin"": """", ""location"": """"}"
2026-01-25 00:25:07,https://www.grays.com/lot/0001-50714314/motor-vehicles-motor-cycles/2021-toyota-camry-ascent-axva70r-automatic-8-speed-sedan,[MISSING_YEAR],"{""year"": """", ""make"": """", ""model"": """", ""variant"": """", ""body_type"": """", ""transmission"": """", ""fuel_type"": """", ""odometer_reading"": """", ""vin"": """", ""location"": """"}"
2026-01-25 00:25:07,https://www.grays.com/lot/0001-50714315/motor-vehicles-motor-cycles/2018-skoda-fabia-81tsi-monte-carlo-nj-automatic-wagon,[MISSING_YEAR],"{""year"": """", ""make"": """", ""model"": """", ""variant"": """", ""body_type"": """", ""transmission"": """", ""fuel_type"": """", ""odometer_reading"": """", ""vin"": """", ""location"": """"}"
2026-01-25 00:25:07,https://www.grays.com/lot/0001-50714316/motor-vehicles-motor-cycles/2012-bmw-x3-xdrive-20d-f25-turbo-diesel-automatic-8-speed-wagon,[MISSING_YEAR],"{""year"": """", ""make"": """", ""model"": """", ""variant"": """", ""body_type"": """", ""transmission"": """", ""fuel_type"": """", ""odometer_reading"": """", ""vin"": """", ""location"": """"}"
2026-01-25 00:25:07,https://www.grays.com/lot/0001-50714317/motor-vehicles-motor-cycles/2011-kia-grand-carnival-s-vq-automatic-8-seats-people-mover,[MISSING_YEAR],"{""year"": """", ""make"": """", ""model"": """", ""variant"": """", ""body_type"": """", ""transmission"": """", ""fuel_type"": """", ""odometer_reading"": """", ""vin"": """", ""location"": """"}"
2026-01-25 00:25:07,https://www.grays.com/lot/0001-50714318/motor-vehicles-motor-cycles/2021-ford-everest-trend-4wd-uaii-turbo-diesel-10-auto-7-seats-wagon,[MISSING_YEAR],"{""year"": """", ""make"": """", ""model"": """", ""variant"": """", ""body_type"": """", ""transmission"": """", ""fuel_type"": """", ""odometer_reading"": """", ""vin"": """", ""location"": """"}"
2026-01-25 00:25:07,https://www.grays.com/lot/0001-50714319/motor-vehicles-motor-cycles/2011-volkswagen-passat-125tdi-highline-3c-turbo-diesel-automatic-wagon,[MISSING_YEAR],"{""year"": """", ""make"": """", ""model"": """", ""variant"": """", ""body_type"": """", ""transmission"": """", ""fuel_type"": """", ""odometer_reading"": """", ""vin"": """", ""location"": """"}"
2026-01-25 00:25:07,https://www.grays.com/lot/0001-50714320/motor-vehicles-motor-cycles/2015-volkswagen-tiguan-132tsi-5n-automatic-wagon,[MISSING_YEAR],"{""year"": """", ""make"": """", ""model"": """", ""variant"": """", ""body_type"": """", ""transmission"": """", ""fuel_type"": """", ""odometer_reading"": """", ""vin"": """", ""location"": """"}"
2026-01-25 00:25:07,https://www.grays.com/lot/0001-50714321/motor-vehicles-motor-cycles/2022-mitsubishi-outlander-exceed-awd-zm-cvt-7-seats-wagon,[MISSING_YEAR],"{""year"": """", ""make"": """", ""model"": """", ""variant"": """", ""body_type"": """", ""transmission"": """", ""fuel_type"": """", ""odometer_reading"": """", ""vin"": """", ""location"": """"}"
2026-01-25 00:25:07,https://www.grays.com/lot/0001-60049987/motor-vehicles-motor-cycles/2010-mazda-cx-7-diesel-sports-turbo-diesel-manual-wagon,[MISSING_YEAR],"{""year"": """", ""make"": """", ""model"": """", ""variant"": """", ""body_type"": """", ""transmission"": """", ""fuel_type"": """", ""odometer_reading"": """", ""vin"": """", ""location"": """"}"
2026-01-25 00:25:07,https://www.grays.com/lot/0001-60049996/motor-vehicles-motor-cycles/bmw-x5-3-0sd-e70-turbo-diesel-automatic-wagon-wovr-inspected,[MISSING_YEAR],"{""year"": """", ""make"": """", ""model"": """", ""variant"": """", ""body_type"": """", ""transmission"": """", ""fuel_type"": """", ""odometer_reading"": """", ""vin"": """", ""location"": """"}"
2026-01-25 00:25:07,https://www.grays.com/lot/0001-60049997/motor-vehicles-motor-cycles/2004-ford-falcon-xr8-ba-manual-ute,[MISSING_YEAR],"{""year"": """", ""make"": """", ""model"": """", ""variant"": """", ""body_type"": """", ""transmission"": """", ""fuel_type"": """", ""odometer_reading"": """", ""vin"": """", ""location"": """"}"
2026-01-25 00:25:07,https://www.grays.com/lot/0001-60049998/motor-vehicles-motor-cycles/2003-ford-falcon-xr8-ba-manual-ute,[MISSING_YEAR],"{""year"": """", ""make"": """", ""model"": """", ""variant"": """", ""body_type"": """", ""transmission"": """", ""fuel_type"": """", ""odometer_reading"": """", ""vin"": """", ""location"": """"}"
2026-01-25 00:25:07,https://www.grays.com/lot/0001-60049999/motor-vehicles-motor-cycles/2011-bmw-3-series-323i-e90-automatic-sedan,[MISSING_YEAR],"{""year"": """", ""make"": """", ""model"": """", ""variant"": """", ""body_type"": """", ""transmission"": """", ""fuel_type"": """", ""odometer_reading"": """", ""vin"": """", ""location"": """"}"
2026-01-25 00:25:07,https://www.grays.com/lot/0001-60050000/motor-vehicles-motor-cycles/2017-land-rover-discovery-sport-td4-hse-132kw-turbo-diesel-9-auto-wagon,[MISSING_YEAR],"{""year"": """", ""make"": """", ""model"": """", ""variant"": """", ""body_type"": """", ""transmission"": """", ""fuel_type"": """", ""odometer_reading"": """", ""vin"": """", ""location"": """"}"
2026-01-25 00:25:07,https://www.grays.com/lot/0001-60050001/motor-vehicles-motor-cycles/2016-mitsubishi-triton-4x4-glx-mq-turbo-diesel-manual-dual-cab,[MISSING_YEAR],"{""year"": """", ""make"": """", ""model"": """", ""variant"": """", ""body_type"": """", ""transmission"": """", ""fuel_type"": """", ""odometer_reading"": """", ""vin"": """", ""location"": """"}"
2026-01-25 00:25:07,https://www.grays.com/lot/0001-60050002/motor-vehicles-motor-cycles/2010-volkswagen-polo-66tdi-6r-t-d-auto-hatchback-wovr-repairable,[MISSING_YEAR],"{""year"": """", ""make"": """", ""model"": """", ""variant"": """", ""body_type"": """", ""transmission"": """", ""fuel_type"": """", ""odometer_reading"": """", ""vin"": """", ""location"": """"}"
2026-01-25 00:25:07,https://www.grays.com/lot/0001-60050003/motor-vehicles-motor-cycles/2010-hyundai-santa-fe-slx-cm-turbo-diesel-automatic-7-seats-wagon,[MISSING_YEAR],"{""year"": """", ""make"": """", ""model"": """", ""variant"": """", ""body_type"": """", ""transmission"": """", ""fuel_type"": """", ""odometer_reading"": """", ""vin"": """", ""location"": """"}"
2026-01-25 00:25:07,https://www.grays.com/lot/0001-60050004/motor-vehicles-motor-cycles/2002-volkswagen-golf-1-6-generation-a4-manual-hatchback,[MISSING_YEAR],"{""year"": """", ""make"": """", ""model"": """", ""variant"": """", ""body_type"": """", ""transmission"": """", ""fuel_type"": """", ""odometer_reading"": """", ""vin"": """", ""location"": """"}"
2026-01-25 00:25:07,https://www.grays.com/lot/0001-60050005/motor-vehicles-motor-cycles/2013-holden-colorado-4x4-lt-rg-turbo-diesel-automatic-dual-cab,[MISSING_YEAR],"{""year"": """", ""make"": """", ""model"": """", ""variant"": """", ""body_type"": """", ""transmission"": """", ""fuel_type"": """", ""odometer_reading"": """", ""vin"": """", ""location"": """"}"
2026-01-25 00:25:07,https://www.grays.com/lot/0001-60050006/motor-vehicles-motor-cycles/2013-hyundai-i30-premium-gd-automatic-hatchback,[MISSING_YEAR],"{""year"": """", ""make"": """", ""model"": """", ""variant"": """", ""body_type"": """", ""transmission"": """", ""fuel_type"": """", ""odometer_reading"": """", ""vin"": """", ""location"": """"}"
2026-01-25 00:25:07,https://www.grays.com/lot/0001-60050007/motor-vehicles-motor-cycles/2017-mitsubishi-outlander-ls-awd-safety-pack-zk-t-d-auto-wagon,[MISSING_YEAR],"{""year"": """", ""make"": """", ""model"": """", ""variant"": """", ""body_type"": """", ""transmission"": """", ""fuel_type"": """", ""odometer_reading"": """", ""vin"": """", ""location"": """"}"
2026-01-25 00:25:07,https://www.grays.com/lot/0001-60050008/motor-vehicles-motor-cycles/2007-nissan-x-trail-st-t30-automatic-wagon,[MISSING_YEAR],"{""year"": """", ""make"": """", ""model"": """", ""variant"": """", ""body_type"": """", ""transmission"": """", ""fuel_type"": """", ""odometer_reading"": """", ""vin"": """", ""location"": """"}"
2026-01-25 00:25:07,https://www.grays.com/lot/0001-60050012/motor-vehicles-motor-cycles/2017-ldv-g10-7-seat-automatic-7-seats-people-mover,[MISSING_YEAR],"{""year"": """", ""make"": """", ""model"": """", ""variant"": """", ""body_type"": """", ""transmission"": """", ""fuel_type"": """", ""odometer_reading"": """", ""vin"": """", ""location"": """"}"
2026-01-25 00:25:07,https://www.grays.com/lot/0001-60050013/motor-vehicles-motor-cycles/2012-mazda-bt-50-4x4-xtr-turbo-diesel-manual-dual-cab,[MISSING_YEAR],"{""year"": """", ""make"": """", ""model"": """", ""variant"": """", ""body_type"": """", ""transmission"": """", ""fuel_type"": """", ""odometer_reading"": """", ""vin"": """", ""location"": """"}"
2026-01-25 00:25:07,https://www.grays.com/lot/0001-60050014/motor-vehicles-motor-cycles/2015-mitsubishi-pajero-sport-gls-qe-turbo-diesel-automatic-wagon,[MISSING_YEAR],"{""year"": """", ""make"": """", ""model"": """", ""variant"": """", ""body_type"": """", ""transmission"": """", ""fuel_type"": """", ""odometer_reading"": """", ""vin"": """", ""location"": """"}"
2026-01-25 00:25:07,https://www.grays.com/lot/0001-60050015/motor-vehicles-motor-cycles/2015-toyota-hilux-4x4-sr5-gun126r-turbo-diesel-manual-dual-cab,[MISSING_YEAR],"{""year"": """", ""make"": """", ""model"": """", ""variant"": """", ""body_type"": """", ""transmission"": """", ""fuel_type"": """", ""odometer_reading"": """", ""vin"": """", ""location"": """"}"
2026-01-25 00:25:07,https://www.grays.com/lot/0001-60050016/motor-vehicles-motor-cycles/2012-chrysler-300-srt8-lx-automatic-sedan,[MISSING_YEAR],"{""year"": """", ""make"": """", ""model"": """", ""variant"": """", ""body_type"": """", ""transmission"": """", ""fuel_type"": """", ""odometer_reading"": """", ""vin"": """", ""location"": """"}"
2026-01-25 00:25:07,https://www.grays.com/lot/0001-60050017/motor-vehicles-motor-cycles/2012-ford-fiesta-cl-wt-automatic-hatchback,[MISSING_YEAR],"{""year"": """", ""make"": """", ""model"": """", ""variant"": """", ""body_type"": """", ""transmission"": """", ""fuel_type"": """", ""odometer_reading"": """", ""vin"": """", ""location"": """"}"
2026-01-25 00:25:07,https://www.grays.com/lot/0001-60050018/motor-vehicles-motor-cycles/1994-toyota-hiace-super-custom-automatic-8-seats-van-import,[MISSING_YEAR],"{""year"": """", ""make"": """", ""model"": """", ""variant"": """", ""body_type"": """", ""transmission"": """", ""fuel_type"": """", ""odometer_reading"": """", ""vin"": """", ""location"": """"}"
2026-01-25 00:25:07,https://www.grays.com/lot/0001-60050020/motor-vehicles-motor-cycles/2010-toyota-landcruiser-prado-gx-kdj150r-turbo-diesel-manual-wagon,[MISSING_YEAR],"{""year"": """", ""make"": """", ""model"": """", ""variant"": """", ""body_type"": """", ""transmission"": """", ""fuel_type"": """", ""odometer_reading"": """", ""vin"": """", ""location"": """"}"
2026-01-25 00:25:07,https://www.grays.com/lot/0001-60050021/motor-vehicles-motor-cycles/2011-audi-q5-2-0-tfsi-quattro-8r-automatic-wagon,[MISSING_YEAR],"{""year"": """", ""make"": """", ""model"": """", ""variant"": """", ""body_type"": """", ""transmission"": """", ""fuel_type"": """", ""odometer_reading"": """", ""vin"": """", ""location"": """"}"
2026-01-25 00:25:07,https://www.grays.com/lot/0001-60050022/motor-vehicles-motor-cycles/2016-toyota-camry-atara-s-asv50r-automatic-sedan,[MISSING_YEAR],"{""year"": """", ""make"": """", ""model"": """", ""variant"": """", ""body_type"": """", ""transmission"": """", ""fuel_type"": """", ""odometer_reading"": """", ""vin"": """", ""location"": """"}"
2026-01-25 00:25:07,https://www.grays.com/lot/0001-60050038/motor-vehicles-motor-cycles/2002-toyota-corolla-ascent-zze122r-automatic-sedan,[MISSING_YEAR],"{""year"": """", ""make"": """", ""model"": """", ""variant"": """", ""body_type"": """", ""transmission"": """", ""fuel_type"": """", ""odometer_reading"": """", ""vin"": """", ""location"": """"}"
2026-01-25 00:25:07,https://www.grays.com/lot/0001-60050039/motor-vehicles-motor-cycles/2012-toyota-rav-4-cv-2wd-aca38r-automatic-wagon,[MISSING_YEAR],"{""year"": """", ""make"": """", ""model"": """", ""variant"": """", ""body_type"": """", ""transmission"": """", ""fuel_type"": """", ""odometer_reading"": """", ""vin"": """", ""location"": """"}"
2026-01-25 00:25:07,https://www.grays.com/lot/0001-9066533/motor-vehicles-motor-cycles/2015-mercedes-benz-gl350-bluetec-x166-turbo-diesel-automatic-7-seats-wagon,[MISSING_YEAR],"{""year"": """", ""make"": """", ""model"": """", ""variant"": """", ""body_type"": """", ""transmission"": """", ""fuel_type"": """", ""odometer_reading"": """", ""vin"": """", ""location"": """"}"
2026-01-25 00:25:07,https://www.grays.com/lot/0001-9066546/motor-vehicles-motor-cycles/2013-nissan-pulsar-st-b17-cvt-sedan,[MISSING_YEAR],"{""year"": """", ""make"": """", ""model"": """", ""variant"": """", ""body_type"": """", ""transmission"": """", ""fuel_type"": """", ""odometer_reading"": """", ""vin"": """", ""location"": """"}"
2026-01-25 00:25:07,https://www.grays.com/lot/0001-9066547/motor-vehicles-motor-cycles/2017-ford-ranger-xlt-4x4-px-ii-turbo-diesel-automatic-dual-cab,[MISSING_YEAR],"{""year"": """", ""make"": """", ""model"": """", ""variant"": """", ""body_type"": """", ""transmission"": """", ""fuel_type"": """", ""odometer_reading"": """", ""vin"": """", ""location"": """"}"
2026-01-25 00:25:07,https://www.grays.com/lot/0001-9066548/motor-vehicles-motor-cycles/2014-ford-focus-trend-lw-ii-automatic-hatchback,[MISSING_YEAR],"{""year"": """", ""make"": """", ""model"": """", ""variant"": """", ""body_type"": """", ""transmission"": """", ""fuel_type"": """", ""odometer_reading"": """", ""vin"": """", ""location"": """"}"
2026-01-25 00:25:07,https://www.grays.com/lot/0001-9066549/motor-vehicles-motor-cycles/2008-nissan-patrol-dx-turbo-leaf-cab-gu-t-d-manual-cab-chassis,[MISSING_YEAR],"{""year"": """", ""make"": """", ""model"": """", ""variant"": """", ""body_type"": """", ""transmission"": """", ""fuel_type"": """", ""odometer_reading"": """", ""vin"": """", ""location"": """"}"
2026-01-25 00:25:07,https://www.grays.com/lot/0001-9066550/motor-vehicles-motor-cycles/2012-volkswagen-touareg-v6-tdi-7p-turbo-diesel-automatic-8-speed-wagon,[MISSING_YEAR],"{""year"": """", ""make"": """", ""model"": """", ""variant"": """", ""body_type"": """", ""transmission"": """", ""fuel_type"": """", ""odometer_reading"": """", ""vin"": """", ""location"": """"}"
2026-01-25 00:25:07,https://www.grays.com/lot/0001-9066551/motor-vehicles-motor-cycles/2004-mitsubishi-lancer-manual-sedan,[MISSING_YEAR],"{""year"": """", ""make"": """", ""model"": """", ""variant"": """", ""body_type"": """", ""transmission"": """", ""fuel_type"": """", ""odometer_reading"": """", ""vin"": """", ""location"": """"}"
2026-01-25 00:25:07,https://www.grays.com/lot/0001-9066554/motor-vehicles-motor-cycles/2000-audi-tt-1-8-quattro-8n-manual-coupe,[MISSING_YEAR],"{""year"": """", ""make"": """", ""model"": """", ""variant"": """", ""body_type"": """", ""transmission"": """", ""fuel_type"": """", ""odometer_reading"": """", ""vin"": """", ""location"": """"}"
2026-01-25 00:25:07,https://www.grays.com/lot/0001-9066555/motor-vehicles-motor-cycles/2014-ford-ranger-xlt-4x4-px-turbo-diesel-manual-dual-cab,[MISSING_YEAR],"{""year"": """", ""make"": """", ""model"": """", ""variant"": """", ""body_type"": """", ""transmission"": """", ""fuel_type"": """", ""odometer_reading"": """", ""vin"": """", ""location"": """"}"
2026-01-25 08:18:25,https://www.grays.com/lot/0001-10352306/motor-vehicles-motor-cycles/kymco-agility-50-automatic-motorcycle,[MOTORCYCLE],"{""year"": """", ""make"": ""AGILITY"", ""model"": ""50"", ""variant"": ""Motorcycle"", ""body_type"": """", ""transmission"": ""Automatic"", ""fuel_type"": ""Petrol"", ""odometer_reading"": ""6462"", ""vin"": ""LC2U6200072600348"", ""location"": ""NSW""}"
2026-01-25 08:18:25,https://www.grays.com/lot/0001-10352355/motor-vehicles-motor-cycles/2012-toyota-landcruiser-prado-gx-kdj150r-turbo-diesel-automatic-wagon,[BAD_ODOMETER_RANGE],"{""year"": ""2012"", ""make"": ""TOYOTA"", ""model"": ""Landcruiser"", ""variant"": ""Prado GX KDJ150R"", ""body_type"": ""Wagon"", ""transmission"": ""Automatic"", ""fuel_type"": ""Diesel"", ""odometer_reading"": ""0"", ""vin"": ""JTEBH3FJ00K088745"", ""location"": ""NSW""}"
2026-01-25 08:18:25,https://www.grays.com/lot/0001-21061960/motor-vehicles-motor-cycles/jeep-cherokee-trailhawk-4x4-kl-9-auto-wagon,[MISSING_YEAR],"{""year"": """", ""make"": ""CHEROKEE"", ""model"": ""Trailhawk"", ""variant"": ""4X4 KL 9"", ""body_type"": ""Wagon"", ""transmission"": ""Automatic"", ""fuel_type"": ""Petrol"", ""odometer_reading"": ""234462"", ""vin"": ""1C4PJMFS5FW518932"", ""location"": ""VIC""}"
2026-01-25 08:18:25,https://www.grays.com/lot/0001-21062013/motor-vehicles-motor-cycles/suzuki-sierra-1-3l-manual-convertible,[MISSING_YEAR],"{""year"": """", ""make"": ""SIERRA"", ""model"": ""1.3l"", ""variant"": """", ""body_type"": ""Convertible"", ""transmission"": ""Manual"", ""fuel_type"": ""Petrol"", ""odometer_reading"": ""187976"", ""vin"": ""JSA0SJ80000120556"", ""location"": ""VIC""}"
2026-01-25 08:18:25,https://www.grays.com/lot/0001-21062062/motor-vehicles-motor-cycles/mercedes-benz-sprinter-316-cdi-exl-h-roof-turbo-diesel-manual-van,[MISSING_YEAR],"{""year"": """", ""make"": ""BENZ"", ""model"": ""Sprinter"", ""variant"": ""316 CDI EXL H ROOF Van"", ""body_type"": ""Van"", ""transmission"": ""Manual"", ""fuel_type"": ""Diesel"", ""odometer_reading"": ""115670"", ""vin"": ""WDB9066372S858689"", ""location"": ""VIC""}"
2026-01-25 08:18:25,https://www.grays.com/lot/0001-21062072/motor-vehicles-motor-cycles/honda-fit-hybrid-automatic-hatchback-import,[MISSING_YEAR],"{""year"": """", ""make"": ""FIT"", ""model"": ""Hybrid"", ""variant"": ""IMPORT"", ""body_type"": ""Hatchback"", ""transmission"": ""Automatic"", ""fuel_type"": ""Hybrid"", ""odometer_reading"": ""81245"", ""vin"": ""6ZZF000GP63205528"", ""location"": ""VIC""}"
2026-01-25 08:18:25,https://www.grays.com/lot/0001-21062114/motor-vehicles-motor-cycles/nissan-pathfinder-st-l-automatic-7-seat-suv-auto-wovr-inspected,[MISSING_YEAR],"{""year"": """", ""make"": ""PATHFINDER"", ""model"": ""St-l"", ""variant"": ""7-Seat SUV WOVR-INSPECTED"", ""body_type"": """", ""transmission"": ""Automatic"", ""fuel_type"": ""Petrol"", ""odometer_reading"": ""210236"", ""vin"": ""5N1AR2MN2EC651661"", ""location"": ""VIC""}"
2026-01-25 08:18:25,https://www.grays.com/lot/0001-21062139/motor-vehicles-motor-cycles/mercedes-benz-sprinter-316-cdi-mwb-l-roof-turbo-diesel-automatic-van,[MISSING_YEAR],"{""year"": """", ""make"": ""BENZ"", ""model"": ""Sprinter"", ""variant"": ""316 CDI MWB L ROOF Van"", ""body_type"": ""Van"", ""transmission"": ""Automatic"", ""fuel_type"": ""Diesel"", ""odometer_reading"": ""275274"", ""vin"": ""WDB9066332S617030"", ""location"": ""VIC""}"
2026-01-25 08:18:25,https://www.grays.com/lot/0001-21062166/motor-vehicles-motor-cycles/2005-nissan-elgrand-automatic-8-seats-van,[MISSING_BODY_TYPE],"{""year"": ""2005"", ""make"": ""NISSAN"", ""model"": ""Elgrand"", ""variant"": ""Van"", ""body_type"": """", ""transmission"": ""Automatic"", ""fuel_type"": ""Petrol"", ""odometer_reading"": ""176619"", ""vin"": ""6U900000E51110600"", ""location"": ""VIC""}"
2026-01-25 08:18:25,https://www.grays.com/lot/0001-21062167/motor-vehicles-motor-cycles/holden-rodeo-lt-v6-crew-cab-ra-automatic-dual-cab,[MISSING_YEAR],"{""year"": """", ""make"": ""RODEO"", ""model"": ""Lt"", ""variant"": ""V6 Crew Cab RA"", ""body_type"": ""Dual Cab"", ""transmission"": ""Automatic"", ""fuel_type"": ""Petrol"", ""odometer_reading"": ""246633"", ""vin"": ""MPATFS26H4H539662"", ""location"": ""VIC""}"
2026-01-25 08:18:25,https://www.grays.com/lot/0001-50714102/motor-vehicles-motor-cycles/2017-nissan-serena-import-automatic-8-seats-van,[MISSING_BODY_TYPE],"{""year"": ""2017"", ""make"": ""NISSAN"", ""model"": ""Serena"", ""variant"": ""(import) Van"", ""body_type"": """", ""transmission"": ""Automatic"", ""fuel_type"": ""Hybrid"", ""odometer_reading"": ""86350"", ""vin"": ""6ZZG0GFNC27001664"", ""location"": ""QLD""}"
2026-01-25 08:18:25,https://www.grays.com/lot/0001-50714239/motor-vehicles-motor-cycles/toyota-hiace-import-wheelchair-hydraulic-lift-automatic-8-seats-van,[MISSING_YEAR],"{""year"": """", ""make"": ""HIACE"", ""model"": ""(import)"", ""variant"": ""Wheelchair Hydraulic Lift Van"", ""body_type"": """", ""transmission"": ""Automatic"", ""fuel_type"": ""Petrol"", ""odometer_reading"": ""155082"", ""vin"": ""6ZZFTRH2000227399"", ""location"": ""QLD""}"
2026-01-25 08:18:25,https://www.grays.com/lot/0001-50714240/motor-vehicles-motor-cycles/honda-jazz-hybrid-fit-automatic-hatchback,[MISSING_YEAR],"{""year"": """", ""make"": ""JAZZ"", ""model"": ""Hybrid"", ""variant"": ""Fit"", ""body_type"": ""Hatchback"", ""transmission"": ""Automatic"", ""fuel_type"": ""Hybrid"", ""odometer_reading"": ""74495"", ""vin"": ""6ZZJ000GP51341245"", ""location"": ""QLD""}"
2026-01-25 08:18:25,https://www.grays.com/lot/0001-50714280/motor-vehicles-motor-cycles/holden-captiva-7-cx-awd-cg-ii-automatic-7-seats-wagon,[MISSING_YEAR],"{""year"": """", ""make"": ""CAPTIVA"", ""model"": ""7"", ""variant"": ""CX AWD CG II"", ""body_type"": ""Wagon"", ""transmission"": ""Automatic"", ""fuel_type"": ""Petrol"", ""odometer_reading"": ""201803"", ""vin"": ""KL3CD265JDB045777"", ""location"": ""QLD""}"
2026-01-25 08:18:25,https://www.grays.com/lot/0001-50714283/motor-vehicles-motor-cycles/2016-toyota-sienta-hybrid-import-automatic-7-seats-van,[MISSING_BODY_TYPE],"{""year"": ""2016"", ""make"": ""TOYOTA"", ""model"": ""Sienta"", ""variant"": ""Hybrid (Import) Van"", ""body_type"": """", ""transmission"": ""Automatic"", ""fuel_type"": ""Hybrid"", ""odometer_reading"": ""43883"", ""vin"": ""6ZZGNHP1707064849"", ""location"": ""QLD""}"
2026-01-25 08:18:25,https://www.grays.com/lot/0001-50714301/motor-vehicles-motor-cycles/2006-mazda-b2500-fwd-manual-ute,[MISSING_FUEL_TYPE],"{""year"": ""2006"", ""make"": ""MAZDA"", ""model"": ""B2500"", ""variant"": ""FWD"", ""body_type"": ""Ute"", ""transmission"": ""Manual"", ""fuel_type"": """", ""odometer_reading"": ""248349"", ""vin"": ""MM0UNY0W300620891"", ""location"": ""QLD""}"
2026-01-25 08:18:25,https://www.grays.com/lot/0001-60049996/motor-vehicles-motor-cycles/bmw-x5-3-0sd-e70-turbo-diesel-automatic-wagon-wovr-inspected,[MISSING_YEAR],"{""year"": """", ""make"": ""X5"", ""model"": ""3.0sd"", ""variant"": ""E70 (WOVR-INSPECTED)"", ""body_type"": ""Wagon"", ""transmission"": ""Automatic"", ""fuel_type"": ""Diesel"", ""odometer_reading"": ""219903"", ""vin"": ""WBAFF02060L290522"", ""location"": ""SA""}"
2026-01-25 08:18:25,https://www.grays.com/lot/0001-60050015/motor-vehicles-motor-cycles/2015-toyota-hilux-4x4-sr5-gun126r-turbo-diesel-manual-dual-cab,[BAD_ODOMETER_RANGE],"{""year"": ""2015"", ""make"": ""TOYOTA"", ""model"": ""Hilux"", ""variant"": ""4x4 SR5 GUN126R Dual Cab"", ""body_type"": ""Cab Chassis"", ""transmission"": ""Manual"", ""fuel_type"": ""Diesel"", ""odometer_reading"": ""0"", ""vin"": ""MR0HA3CDX00370678"", ""location"": ""SA""}"
2026-01-25 08:18:25,https://www.grays.com/lot/0001-60050018/motor-vehicles-motor-cycles/1994-toyota-hiace-super-custom-automatic-8-seats-van-import,[MISSING_BODY_TYPE],"{""year"": ""1994"", ""make"": ""TOYOTA"", ""model"": ""Hiace"", ""variant"": ""Super Custom Van (Import)"", ""body_type"": """", ""transmission"": ""Automatic"", ""fuel_type"": ""Diesel"", ""odometer_reading"": ""114867"", ""vin"": ""KZH1001010465"", ""location"": ""SA""}"
2026-01-25 08:18:25,https://www.grays.com/lot/0001-9066595/motor-vehicles-motor-cycles/2019-isuzu-d-max-4x2-sx-hi-ride-turbo-diesel-automatic-cab-chassis,[BAD_ODOMETER_RANGE],"{""year"": ""2019"", ""make"": ""ISUZU"", ""model"": ""D-max"", ""variant"": ""4X2 SX Hi-Ride"", ""body_type"": ""Cab Chassis"", ""transmission"": ""Automatic"", ""fuel_type"": ""Diesel"", ""odometer_reading"": ""923159"", ""vin"": ""MPATFR85JKT001292"", ""location"": ""WA""}"
2026-01-25 08:18:25,https://www.grays.com/lot/0030-8021559/motor-vehicles-motor-cycles/2003-toyota-landcruiser-hzj78r-4wd-manual-5-speed-troop-carrier,[BAD_PARSE],"{""year"": ""2003"", ""make"": ""TOYOTA"", ""model"": ""Landcruiser"", ""variant"": ""HZJ78R 4WD - Troop Carrier"", ""body_type"": ""Troop Carrier"", ""transmission"": ""Manual"", ""fuel_type"": ""Diesel"", ""odometer_reading"": ""369566"", ""vin"": ""JTERB71J100018617"", ""location"": ""NT""}"
2026-01-25 08:18:25,https://www.grays.com/lot/0031-8021559/motor-vehicles-motor-cycles/1999-toyota-landcruiser-hzj79r-4wd-manual-5-speed-ute,[MISSING_ODOMETER],"{""year"": ""1999"", ""make"": ""TOYOTA"", ""model"": ""Landcruiser"", ""variant"": ""HZJ79R 4WD"", ""body_type"": ""Ute"", ""transmission"": ""Manual"", ""fuel_type"": ""Diesel"", ""odometer_reading"": """", ""vin"": ""JTELB71J607002152"", ""location"": ""NT""}"
2026-01-25 18:38:19,https://www.grays.com/lot/0001-10352306/motor-vehicles-motor-cycles/kymco-agility-50-automatic-motorcycle,[MOTORCYCLE],"{""year"": """", ""make"": ""AGILITY"", ""model"": ""50"", ""variant"": ""Motorcycle"", ""body_type"": """", ""transmission"": ""Automatic"", ""fuel_type"": ""Petrol"", ""odometer_reading"": ""6462"", ""vin"": ""LC2U6200072600348"", ""location"": ""NSW""}"
2026-01-25 18:38:19,https://www.grays.com/lot/0001-10352355/motor-vehicles-motor-cycles/2012-toyota-landcruiser-prado-gx-kdj150r-turbo-diesel-automatic-wagon,[BAD_ODOMETER_RANGE],"{""year"": ""2012"", ""make"": ""TOYOTA"", ""model"": ""Landcruiser"", ""variant"": ""Prado GX KDJ150R"", ""body_type"": ""Wagon"", ""transmission"": ""Automatic"", ""fuel_type"": ""Diesel"", ""odometer_reading"": ""0"", ""vin"": ""JTEBH3FJ00K088745"", ""location"": ""NSW""}"
2026-01-25 18:38:19,https://www.grays.com/lot/0001-21061960/motor-vehicles-motor-cycles/jeep-cherokee-trailhawk-4x4-kl-9-auto-wagon,[MISSING_YEAR],"{""year"": """", ""make"": ""CHEROKEE"", ""model"": ""Trailhawk"", ""variant"": ""4X4 KL 9"", ""body_type"": ""Wagon"", ""transmission"": ""Automatic"", ""fuel_type"": ""Petrol"", ""odometer_reading"": ""234462"", ""vin"": ""1C4PJMFS5FW518932"", ""location"": ""VIC""}"
2026-01-25 18:38:19,https://www.grays.com/lot/0001-21062013/motor-vehicles-motor-cycles/suzuki-sierra-1-3l-manual-convertible,[MISSING_YEAR],"{""year"": """", ""make"": ""SIERRA"", ""model"": ""1.3l"", ""variant"": """", ""body_type"": ""Convertible"", ""transmission"": ""Manual"", ""fuel_type"": ""Petrol"", ""odometer_reading"": ""187976"", ""vin"": ""JSA0SJ80000120556"", ""location"": ""VIC""}"
2026-01-25 18:38:19,https://www.grays.com/lot/0001-21062062/motor-vehicles-motor-cycles/mercedes-benz-sprinter-316-cdi-exl-h-roof-turbo-diesel-manual-van,[MISSING_YEAR],"{""year"": """", ""make"": ""BENZ"", ""model"": ""Sprinter"", ""variant"": ""316 CDI EXL H ROOF Van"", ""body_type"": ""Van"", ""transmission"": ""Manual"", ""fuel_type"": ""Diesel"", ""odometer_reading"": ""115670"", ""vin"": ""WDB9066372S858689"", ""location"": ""VIC""}"
2026-01-25 18:38:19,https://www.grays.com/lot/0001-21062072/motor-vehicles-motor-cycles/honda-fit-hybrid-automatic-hatchback-import,[MISSING_YEAR],"{""year"": """", ""make"": ""FIT"", ""model"": ""Hybrid"", ""variant"": ""IMPORT"", ""body_type"": ""Hatchback"", ""transmission"": ""Automatic"", ""fuel_type"": ""Hybrid"", ""odometer_reading"": ""81245"", ""vin"": ""6ZZF000GP63205528"", ""location"": ""VIC""}"
2026-01-25 18:38:19,https://www.grays.com/lot/0001-21062114/motor-vehicles-motor-cycles/nissan-pathfinder-st-l-automatic-7-seat-suv-auto-wovr-inspected,[MISSING_YEAR],"{""year"": """", ""make"": ""PATHFINDER"", ""model"": ""St-l"", ""variant"": ""7-Seat SUV WOVR-INSPECTED"", ""body_type"": """", ""transmission"": ""Automatic"", ""fuel_type"": ""Petrol"", ""odometer_reading"": ""210236"", ""vin"": ""5N1AR2MN2EC651661"", ""location"": ""VIC""}"
2026-01-25 18:38:19,https://www.grays.com/lot/0001-21062139/motor-vehicles-motor-cycles/mercedes-benz-sprinter-316-cdi-mwb-l-roof-turbo-diesel-automatic-van,[MISSING_YEAR],"{""year"": """", ""make"": ""BENZ"", ""model"": ""Sprinter"", ""variant"": ""316 CDI MWB L ROOF Van"", ""body_type"": ""Van"", ""transmission"": ""Automatic"", ""fuel_type"": ""Diesel"", ""odometer_reading"": ""275274"", ""vin"": ""WDB9066332S617030"", ""location"": ""VIC""}"
2026-01-25 18:38:19,https://www.grays.com/lot/0001-21062166/motor-vehicles-motor-cycles/2005-nissan-elgrand-automatic-8-seats-van,[MISSING_BODY_TYPE],"{""year"": ""2005"", ""make"": ""NISSAN"", ""model"": ""Elgrand"", ""variant"": ""Van"", ""body_type"": """", ""transmission"": ""Automatic"", ""fuel_type"": ""Petrol"", ""odometer_reading"": ""176619"", ""vin"": ""6U900000E51110600"", ""location"": ""VIC""}"
2026-01-25 18:38:19,https://www.grays.com/lot/0001-21062167/motor-vehicles-motor-cycles/holden-rodeo-lt-v6-crew-cab-ra-automatic-dual-cab,[MISSING_YEAR],"{""year"": """", ""make"": ""RODEO"", ""model"": ""Lt"", ""variant"": ""V6 Crew Cab RA"", ""body_type"": ""Dual Cab"", ""transmission"": ""Automatic"", ""fuel_type"": ""Petrol"", ""odometer_reading"": ""246633"", ""vin"": ""MPATFS26H4H539662"", ""location"": ""VIC""}"
2026-01-25 18:38:19,https://www.grays.com/lot/0001-50714102/motor-vehicles-motor-cycles/2017-nissan-serena-import-automatic-8-seats-van,[MISSING_BODY_TYPE],"{""year"": ""2017"", ""make"": ""NISSAN"", ""model"": ""Serena"", ""variant"": ""(import) Van"", ""body_type"": """", ""transmission"": ""Automatic"", ""fuel_type"": ""Hybrid"", ""odometer_reading"": ""86350"", ""vin"": ""6ZZG0GFNC27001664"", ""location"": ""QLD""}"
2026-01-25 18:38:19,https://www.grays.com/lot/0001-50714239/motor-vehicles-motor-cycles/toyota-hiace-import-wheelchair-hydraulic-lift-automatic-8-seats-van,[MISSING_YEAR],"{""year"": """", ""make"": ""HIACE"", ""model"": ""(import)"", ""variant"": ""Wheelchair Hydraulic Lift Van"", ""body_type"": """", ""transmission"": ""Automatic"", ""fuel_type"": ""Petrol"", ""odometer_reading"": ""155082"", ""vin"": ""6ZZFTRH2000227399"", ""location"": ""QLD""}"
2026-01-25 18:38:19,https://www.grays.com/lot/0001-50714240/motor-vehicles-motor-cycles/honda-jazz-hybrid-fit-automatic-hatchback,[MISSING_YEAR],"{""year"": """", ""make"": ""JAZZ"", ""model"": ""Hybrid"", ""variant"": ""Fit"", ""body_type"": ""Hatchback"", ""transmission"": ""Automatic"", ""fuel_type"": ""Hybrid"", ""odometer_reading"": ""74495"", ""vin"": ""6ZZJ000GP51341245"", ""location"": ""QLD""}"
2026-01-25 18:38:19,https://www.grays.com/lot/0001-50714280/motor-vehicles-motor-cycles/holden-captiva-7-cx-awd-cg-ii-automatic-7-seats-wagon,[MISSING_YEAR],"{""year"": """", ""make"": ""CAPTIVA"", ""model"": ""7"", ""variant"": ""CX AWD CG II"", ""body_type"": ""Wagon"", ""transmission"": ""Automatic"", ""fuel_type"": ""Petrol"", ""odometer_reading"": ""201803"", ""vin"": ""KL3CD265JDB045777"", ""location"": ""QLD""}"
2026-01-25 18:38:19,https://www.grays.com/lot/0001-50714283/motor-vehicles-motor-cycles/2016-toyota-sienta-hybrid-import-automatic-7-seats-van,[MISSING_BODY_TYPE],"{""year"": ""2016"", ""make"": ""TOYOTA"", ""model"": ""Sienta"", ""variant"": ""Hybrid (Import) Van"", ""body_type"": """", ""transmission"": ""Automatic"", ""fuel_type"": ""Hybrid"", ""odometer_reading"": ""43883"", ""vin"": ""6ZZGNHP1707064849"", ""location"": ""QLD""}"
2026-01-25 18:38:19,https://www.grays.com/lot/0001-50714301/motor-vehicles-motor-cycles/2006-mazda-b2500-fwd-manual-ute,[MISSING_FUEL_TYPE],"{""year"": ""2006"", ""make"": ""MAZDA"", ""model"": ""B2500"", ""variant"": ""FWD"", ""body_type"": ""Ute"", ""transmission"": ""Manual"", ""fuel_type"": """", ""odometer_reading"": ""248349"", ""vin"": ""MM0UNY0W300620891"", ""location"": ""QLD""}"
2026-01-25 18:38:19,https://www.grays.com/lot/0001-60049996/motor-vehicles-motor-cycles/bmw-x5-3-0sd-e70-turbo-diesel-automatic-wagon-wovr-inspected,[MISSING_YEAR],"{""year"": """", ""make"": ""X5"", ""model"": ""3.0sd"", ""variant"": ""E70 (WOVR-INSPECTED)"", ""body_type"": ""Wagon"", ""transmission"": ""Automatic"", ""fuel_type"": ""Diesel"", ""odometer_reading"": ""219903"", ""vin"": ""WBAFF02060L290522"", ""location"": ""SA""}"
2026-01-25 18:38:19,https://www.grays.com/lot/0001-60050015/motor-vehicles-motor-cycles/2015-toyota-hilux-4x4-sr5-gun126r-turbo-diesel-manual-dual-cab,[BAD_ODOMETER_RANGE],"{""year"": ""2015"", ""make"": ""TOYOTA"", ""model"": ""Hilux"", ""variant"": ""4x4 SR5 GUN126R Dual Cab"", ""body_type"": ""Cab Chassis"", ""transmission"": ""Manual"", ""fuel_type"": ""Diesel"", ""odometer_reading"": ""0"", ""vin"": ""MR0HA3CDX00370678"", ""location"": ""SA""}"
2026-01-25 18:38:19,https://www.grays.com/lot/0001-60050018/motor-vehicles-motor-cycles/1994-toyota-hiace-super-custom-automatic-8-seats-van-import,[MISSING_BODY_TYPE],"{""year"": ""1994"", ""make"": ""TOYOTA"", ""model"": ""Hiace"", ""variant"": ""Super Custom Van (Import)"", ""body_type"": """", ""transmission"": ""Automatic"", ""fuel_type"": ""Diesel"", ""odometer_reading"": ""114867"", ""vin"": ""KZH1001010465"", ""location"": ""SA""}"
2026-01-25 18:38:19,https://www.grays.com/lot/0001-9066595/motor-vehicles-motor-cycles/2019-isuzu-d-max-4x2-sx-hi-ride-turbo-diesel-automatic-cab-chassis,[BAD_ODOMETER_RANGE],"{""year"": ""2019"", ""make"": ""ISUZU"", ""model"": ""D-max"", ""variant"": ""4X2 SX Hi-Ride"", ""body_type"": ""Cab Chassis"", ""transmission"": ""Automatic"", ""fuel_type"": ""Diesel"", ""odometer_reading"": ""923159"", ""vin"": ""MPATFR85JKT001292"", ""location"": ""WA""}"
2026-01-25 18:38:19,https://www.grays.com/lot/0030-8021559/motor-vehicles-motor-cycles/2003-toyota-landcruiser-hzj78r-4wd-manual-5-speed-troop-carrier,[BAD_PARSE],"{""year"": ""2003"", ""make"": ""TOYOTA"", ""model"": ""Landcruiser"", ""variant"": ""HZJ78R 4WD - Troop Carrier"", ""body_type"": ""Troop Carrier"", ""transmission"": ""Manual"", ""fuel_type"": ""Diesel"", ""odometer_reading"": ""369566"", ""vin"": ""JTERB71J100018617"", ""location"": ""NT""}"
2026-01-25 18:38:19,https://www.grays.com/lot/0031-8021559/motor-vehicles-motor-cycles/1999-toyota-landcruiser-hzj79r-4wd-manual-5-speed-ute,[MISSING_ODOMETER],"{""year"": ""1999"", ""make"": ""TOYOTA"", ""model"": ""Landcruiser"", ""variant"": ""HZJ79R 4WD"", ""body_type"": ""Ute"", ""transmission"": ""Manual"", ""fuel_type"": ""Diesel"", ""odometer_reading"": """", ""vin"": ""JTELB71J607002152"", ""location"": ""NT""}"
2026-01-25 20:15:21,https://www.grays.com/lot/0001-10352306/motor-vehicles-motor-cycles/kymco-agility-50-automatic-motorcycle,[MOTORCYCLE],"{""year"": """", ""make"": ""AGILITY"", ""model"": ""50"", ""variant"": ""Motorcycle"", ""body_type"": """", ""transmission"": ""Automatic"", ""fuel_type"": ""Petrol"", ""odometer_reading"": ""6462"", ""vin"": ""LC2U6200072600348"", ""location"": ""NSW""}"
2026-01-25 20:15:21,https://www.grays.com/lot/0001-10352355/motor-vehicles-motor-cycles/2012-toyota-landcruiser-prado-gx-kdj150r-turbo-diesel-automatic-wagon,[BAD_ODOMETER_RANGE],"{""year"": ""2012"", ""make"": ""TOYOTA"", ""model"": ""Landcruiser"", ""variant"": ""Prado GX KDJ150R"", ""body_type"": ""Wagon"", ""transmission"": ""Automatic"", ""fuel_type"": ""Diesel"", ""odometer_reading"": ""0"", ""vin"": ""JTEBH3FJ00K088745"", ""location"": ""NSW""}"
2026-01-25 20:15:21,https://www.grays.com/lot/0001-21061960/motor-vehicles-motor-cycles/jeep-cherokee-trailhawk-4x4-kl-9-auto-wagon,[MISSING_YEAR],"{""year"": """", ""make"": ""CHEROKEE"", ""model"": ""Trailhawk"", ""variant"": ""4X4 KL 9"", ""body_type"": ""Wagon"", ""transmission"": ""Automatic"", ""fuel_type"": ""Petrol"", ""odometer_reading"": ""234462"", ""vin"": ""1C4PJMFS5FW518932"", ""location"": ""VIC""}"
2026-01-25 20:15:21,https://www.grays.com/lot/0001-21062013/motor-vehicles-motor-cycles/suzuki-sierra-1-3l-manual-convertible,[MISSING_YEAR],"{""year"": """", ""make"": ""SIERRA"", ""model"": ""1.3l"", ""variant"": """", ""body_type"": ""Convertible"", ""transmission"": ""Manual"", ""fuel_type"": ""Petrol"", ""odometer_reading"": ""187976"", ""vin"": ""JSA0SJ80000120556"", ""location"": ""VIC""}"
2026-01-25 20:15:21,https://www.grays.com/lot/0001-21062062/motor-vehicles-motor-cycles/mercedes-benz-sprinter-316-cdi-exl-h-roof-turbo-diesel-manual-van,[MISSING_YEAR],"{""year"": """", ""make"": ""BENZ"", ""model"": ""Sprinter"", ""variant"": ""316 CDI EXL H ROOF Van"", ""body_type"": ""Van"", ""transmission"": ""Manual"", ""fuel_type"": ""Diesel"", ""odometer_reading"": ""115670"", ""vin"": ""WDB9066372S858689"", ""location"": ""VIC""}"
2026-01-25 20:15:21,https://www.grays.com/lot/0001-21062072/motor-vehicles-motor-cycles/honda-fit-hybrid-automatic-hatchback-import,[MISSING_YEAR],"{""year"": """", ""make"": ""FIT"", ""model"": ""Hybrid"", ""variant"": ""IMPORT"", ""body_type"": ""Hatchback"", ""transmission"": ""Automatic"", ""fuel_type"": ""Hybrid"", ""odometer_reading"": ""81245"", ""vin"": ""6ZZF000GP63205528"", ""location"": ""VIC""}"
2026-01-25 20:15:21,https://www.grays.com/lot/0001-21062114/motor-vehicles-motor-cycles/nissan-pathfinder-st-l-automatic-7-seat-suv-auto-wovr-inspected,[MISSING_YEAR],"{""year"": """", ""make"": ""PATHFINDER"", ""model"": ""St-l"", ""variant"": ""7-Seat SUV WOVR-INSPECTED"", ""body_type"": """", ""transmission"": ""Automatic"", ""fuel_type"": ""Petrol"", ""odometer_reading"": ""210236"", ""vin"": ""5N1AR2MN2EC651661"", ""location"": ""VIC""}"
2026-01-25 20:15:21,https://www.grays.com/lot/0001-21062139/motor-vehicles-motor-cycles/mercedes-benz-sprinter-316-cdi-mwb-l-roof-turbo-diesel-automatic-van,[MISSING_YEAR],"{""year"": """", ""make"": ""BENZ"", ""model"": ""Sprinter"", ""variant"": ""316 CDI MWB L ROOF Van"", ""body_type"": ""Van"", ""transmission"": ""Automatic"", ""fuel_type"": ""Diesel"", ""odometer_reading"": ""275274"", ""vin"": ""WDB9066332S617030"", ""location"": ""VIC""}"
2026-01-25 20:15:21,https://www.grays.com/lot/0001-21062166/motor-vehicles-motor-cycles/2005-nissan-elgrand-automatic-8-seats-van,[MISSING_BODY_TYPE],"{""year"": ""2005"", ""make"": ""NISSAN"", ""model"": ""Elgrand"", ""variant"": ""Van"", ""body_type"": """", ""transmission"": ""Automatic"", ""fuel_type"": ""Petrol"", ""odometer_reading"": ""176619"", ""vin"": ""6U900000E51110600"", ""location"": ""VIC""}"
2026-01-25 20:15:21,https://www.grays.com/lot/0001-21062167/motor-vehicles-motor-cycles/holden-rodeo-lt-v6-crew-cab-ra-automatic-dual-cab,[MISSING_YEAR],"{""year"": """", ""make"": ""RODEO"", ""model"": ""Lt"", ""variant"": ""V6 Crew Cab RA"", ""body_type"": ""Dual Cab"", ""transmission"": ""Automatic"", ""fuel_type"": ""Petrol"", ""odometer_reading"": ""246633"", ""vin"": ""MPATFS26H4H539662"", ""location"": ""VIC""}"
2026-01-25 20:15:21,https://www.grays.com/lot/0001-50714102/motor-vehicles-motor-cycles/2017-nissan-serena-import-automatic-8-seats-van,[MISSING_BODY_TYPE],"{""year"": ""2017"", ""make"": ""NISSAN"", ""model"": ""Serena"", ""variant"": ""(import) Van"", ""body_type"": """", ""transmission"": ""Automatic"", ""fuel_type"": ""Hybrid"", ""odometer_reading"": ""86350"", ""vin"": ""6ZZG0GFNC27001664"", ""location"": ""QLD""}"
2026-01-25 20:15:21,https://www.grays.com/lot/0001-50714239/motor-vehicles-motor-cycles/toyota-hiace-import-wheelchair-hydraulic-lift-automatic-8-seats-van,[MISSING_YEAR],"{""year"": """", ""make"": ""HIACE"", ""model"": ""(import)"", ""variant"": ""Wheelchair Hydraulic Lift Van"", ""body_type"": """", ""transmission"": ""Automatic"", ""fuel_type"": ""Petrol"", ""odometer_reading"": ""155082"", ""vin"": ""6ZZFTRH2000227399"", ""location"": ""QLD""}"
2026-01-25 20:15:21,https://www.grays.com/lot/0001-50714240/motor-vehicles-motor-cycles/honda-jazz-hybrid-fit-automatic-hatchback,[MISSING_YEAR],"{""year"": """", ""make"": ""JAZZ"", ""model"": ""Hybrid"", ""variant"": ""Fit"", ""body_type"": ""Hatchback"", ""transmission"": ""Automatic"", ""fuel_type"": ""Hybrid"", ""odometer_reading"": ""74495"", ""vin"": ""6ZZJ000GP51341245"", ""location"": ""QLD""}"
2026-01-25 20:15:21,https://www.grays.com/lot/0001-50714280/motor-vehicles-motor-cycles/holden-captiva-7-cx-awd-cg-ii-automatic-7-seats-wagon,[MISSING_YEAR],"{""year"": """", ""make"": ""CAPTIVA"", ""model"": ""7"", ""variant"": ""CX AWD CG II"", ""body_type"": ""Wagon"", ""transmission"": ""Automatic"", ""fuel_type"": ""Petrol"", ""odometer_reading"": ""201803"", ""vin"": ""KL3CD265JDB045777"", ""location"": ""QLD""}"
2026-01-25 20:15:21,https://www.grays.com/lot/0001-50714283/motor-vehicles-motor-cycles/2016-toyota-sienta-hybrid-import-automatic-7-seats-van,[MISSING_BODY_TYPE],"{""year"": ""2016"", ""make"": ""TOYOTA"", ""model"": ""Sienta"", ""variant"": ""Hybrid (Import) Van"", ""body_type"": """", ""transmission"": ""Automatic"", ""fuel_type"": ""Hybrid"", ""odometer_reading"": ""43883"", ""vin"": ""6ZZGNHP1707064849"", ""location"": ""QLD""}"
2026-01-25 20:15:21,https://www.grays.com/lot/0001-50714301/motor-vehicles-motor-cycles/2006-mazda-b2500-fwd-manual-ute,[MISSING_FUEL_TYPE],"{""year"": ""2006"", ""make"": ""MAZDA"", ""model"": ""B2500"", ""variant"": ""FWD"", ""body_type"": ""Ute"", ""transmission"": ""Manual"", ""fuel_type"": """", ""odometer_reading"": ""248349"", ""vin"": ""MM0UNY0W300620891"", ""location"": ""QLD""}"
2026-01-25 20:15:21,https://www.grays.com/lot/0001-60050015/motor-vehicles-motor-cycles/2015-toyota-hilux-4x4-sr5-gun126r-turbo-diesel-manual-dual-cab,[BAD_ODOMETER_RANGE],"{""year"": ""2015"", ""make"": ""TOYOTA"", ""model"": ""Hilux"", ""variant"": ""4x4 SR5 GUN126R Dual Cab"", ""body_type"": ""Cab Chassis"", ""transmission"": ""Manual"", ""fuel_type"": ""Diesel"", ""odometer_reading"": ""0"", ""vin"": ""MR0HA3CDX00370678"", ""location"": ""SA""}"
2026-01-25 20:15:21,https://www.grays.com/lot/0001-60050018/motor-vehicles-motor-cycles/1994-toyota-hiace-super-custom-automatic-8-seats-van-import,[MISSING_BODY_TYPE],"{""year"": ""1994"", ""make"": ""TOYOTA"", ""model"": ""Hiace"", ""variant"": ""Super Custom Van (Import)"", ""body_type"": """", ""transmission"": ""Automatic"", ""fuel_type"": ""Diesel"", ""odometer_reading"": ""114867"", ""vin"": ""KZH1001010465"", ""location"": ""SA""}"
2026-01-25 20:15:21,https://www.grays.com/lot/0001-9066595/motor-vehicles-motor-cycles/2019-isuzu-d-max-4x2-sx-hi-ride-turbo-diesel-automatic-cab-chassis,[BAD_ODOMETER_RANGE],"{""year"": ""2019"", ""make"": ""ISUZU"", ""model"": ""D-max"", ""variant"": ""4X2 SX Hi-Ride"", ""body_type"": ""Cab Chassis"", ""transmission"": ""Automatic"", ""fuel_type"": ""Diesel"", ""odometer_reading"": ""923159"", ""vin"": ""MPATFR85JKT001292"", ""location"": ""WA""}"
2026-01-25 20:15:21,https://www.grays.com/lot/0030-8021559/motor-vehicles-motor-cycles/2003-toyota-landcruiser-hzj78r-4wd-manual-5-speed-troop-carrier,[BAD_PARSE],"{""year"": ""2003"", ""make"": ""TOYOTA"", ""model"": ""Landcruiser"", ""variant"": ""HZJ78R 4WD - Troop Carrier"", ""body_type"": ""Troop Carrier"", ""transmission"": ""Manual"", ""fuel_type"": ""Diesel"", ""odometer_reading"": ""369566"", ""vin"": ""JTERB71J100018617"", ""location"": ""NT""}"
2026-01-25 20:15:21,https://www.grays.com/lot/0031-8021559/motor-vehicles-motor-cycles/1999-toyota-landcruiser-hzj79r-4wd-manual-5-speed-ute,[MISSING_ODOMETER],"{""year"": ""1999"", ""make"": ""TOYOTA"", ""model"": ""Landcruiser"", ""variant"": ""HZJ79R 4WD"", ""body_type"": ""Ute"", ""transmission"": ""Manual"", ""fuel_type"": ""Diesel"", ""odometer_reading"": """", ""vin"": ""JTELB71J607002152"", ""location"": ""NT""}"
2026-01-25 21:01:07,https://www.grays.com/lot/0001-10352306/motor-vehicles-motor-cycles/kymco-agility-50-automatic-motorcycle,[MOTORCYCLE],"{""year"": """", ""make"": ""AGILITY"", ""model"": ""50"", ""variant"": ""Motorcycle"", ""body_type"": """", ""transmission"": ""Automatic"", ""fuel_type"": ""Petrol"", ""odometer_reading"": ""6462"", ""vin"": ""LC2U6200072600348"", ""location"": ""NSW""}"
2026-01-25 21:01:07,https://www.grays.com/lot/0001-10352355/motor-vehicles-motor-cycles/2012-toyota-landcruiser-prado-gx-kdj150r-turbo-diesel-automatic-wagon,[BAD_ODOMETER_RANGE],"{""year"": ""2012"", ""make"": ""TOYOTA"", ""model"": ""Landcruiser"", ""variant"": ""Prado GX KDJ150R"", ""body_type"": ""Wagon"", ""transmission"": ""Automatic"", ""fuel_type"": ""Diesel"", ""odometer_reading"": ""0"", ""vin"": ""JTEBH3FJ00K088745"", ""location"": ""NSW""}"
2026-01-25 21:01:07,https://www.grays.com/lot/0001-21061960/motor-vehicles-motor-cycles/jeep-cherokee-trailhawk-4x4-kl-9-auto-wagon,[MISSING_YEAR],"{""year"": """", ""make"": ""CHEROKEE"", ""model"": ""Trailhawk"", ""variant"": ""4X4 KL 9"", ""body_type"": ""Wagon"", ""transmission"": ""Automatic"", ""fuel_type"": ""Petrol"", ""odometer_reading"": ""234462"", ""vin"": ""1C4PJMFS5FW518932"", ""location"": ""VIC""}"
2026-01-25 21:01:07,https://www.grays.com/lot/0001-21062013/motor-vehicles-motor-cycles/suzuki-sierra-1-3l-manual-convertible,[MISSING_YEAR],"{""year"": """", ""make"": ""SIERRA"", ""model"": ""1.3l"", ""variant"": """", ""body_type"": ""Convertible"", ""transmission"": ""Manual"", ""fuel_type"": ""Petrol"", ""odometer_reading"": ""187976"", ""vin"": ""JSA0SJ80000120556"", ""location"": ""VIC""}"
2026-01-25 21:01:07,https://www.grays.com/lot/0001-21062072/motor-vehicles-motor-cycles/honda-fit-hybrid-automatic-hatchback-import,[MISSING_YEAR],"{""year"": """", ""make"": ""FIT"", ""model"": ""Hybrid"", ""variant"": ""IMPORT"", ""body_type"": ""Hatchback"", ""transmission"": ""Automatic"", ""fuel_type"": ""Hybrid"", ""odometer_reading"": ""81245"", ""vin"": ""6ZZF000GP63205528"", ""location"": ""VIC""}"
2026-01-25 21:01:07,https://www.grays.com/lot/0001-21062114/motor-vehicles-motor-cycles/nissan-pathfinder-st-l-automatic-7-seat-suv-auto-wovr-inspected,[MISSING_YEAR],"{""year"": """", ""make"": ""PATHFINDER"", ""model"": ""St-l"", ""variant"": ""7-Seat SUV WOVR-INSPECTED"", ""body_type"": """", ""transmission"": ""Automatic"", ""fuel_type"": ""Petrol"", ""odometer_reading"": ""210236"", ""vin"": ""5N1AR2MN2EC651661"", ""location"": ""VIC""}"
2026-01-25 21:01:07,https://www.grays.com/lot/0001-21062139/motor-vehicles-motor-cycles/mercedes-benz-sprinter-316-cdi-mwb-l-roof-turbo-diesel-automatic-van,[MISSING_YEAR],"{""year"": """", ""make"": ""BENZ"", ""model"": ""Sprinter"", ""variant"": ""316 CDI MWB L ROOF Van"", ""body_type"": ""Van"", ""transmission"": ""Automatic"", ""fuel_type"": ""Diesel"", ""odometer_reading"": ""275274"", ""vin"": ""WDB9066332S617030"", ""location"": ""VIC""}"
2026-01-25 21:01:07,https://www.grays.com/lot/0001-21062166/motor-vehicles-motor-cycles/2005-nissan-elgrand-automatic-8-seats-van,[MISSING_BODY_TYPE],"{""year"": ""2005"", ""make"": ""NISSAN"", ""model"": ""Elgrand"", ""variant"": ""Van"", ""body_type"": """", ""transmission"": ""Automatic"", ""fuel_type"": ""Petrol"", ""odometer_reading"": ""176619"", ""vin"": ""6U900000E51110600"", ""location"": ""VIC""}"
2026-01-25 21:01:07,https://www.grays.com/lot/0001-21062167/motor-vehicles-motor-cycles/holden-rodeo-lt-v6-crew-cab-ra-automatic-dual-cab,[MISSING_YEAR],"{""year"": """", ""make"": ""RODEO"", ""model"": ""Lt"", ""variant"": ""V6 Crew Cab RA"", ""body_type"": ""Dual Cab"", ""transmission"": ""Automatic"", ""fuel_type"": ""Petrol"", ""odometer_reading"": ""246633"", ""vin"": ""MPATFS26H4H539662"", ""location"": ""VIC""}"
2026-01-25 21:01:07,https://www.grays.com/lot/0001-50714102/motor-vehicles-motor-cycles/2017-nissan-serena-import-automatic-8-seats-van,[MISSING_BODY_TYPE],"{""year"": ""2017"", ""make"": ""NISSAN"", ""model"": ""Serena"", ""variant"": ""(import) Van"", ""body_type"": """", ""transmission"": ""Automatic"", ""fuel_type"": ""Hybrid"", ""odometer_reading"": ""86350"", ""vin"": ""6ZZG0GFNC27001664"", ""location"": ""QLD""}"
2026-01-25 21:01:07,https://www.grays.com/lot/0001-50714239/motor-vehicles-motor-cycles/toyota-hiace-import-wheelchair-hydraulic-lift-automatic-8-seats-van,[MISSING_YEAR],"{""year"": """", ""make"": ""HIACE"", ""model"": ""(import)"", ""variant"": ""Wheelchair Hydraulic Lift Van"", ""body_type"": """", ""transmission"": ""Automatic"", ""fuel_type"": ""Petrol"", ""odometer_reading"": ""155082"", ""vin"": ""6ZZFTRH2000227399"", ""location"": ""QLD""}"
2026-01-25 21:01:07,https://www.grays.com/lot/0001-50714240/motor-vehicles-motor-cycles/honda-jazz-hybrid-fit-automatic-hatchback,[MISSING_YEAR],"{""year"": """", ""make"": ""JAZZ"", ""model"": ""Hybrid"", ""variant"": ""Fit"", ""body_type"": ""Hatchback"", ""transmission"": ""Automatic"", ""fuel_type"": ""Hybrid"", ""odometer_reading"": ""74495"", ""vin"": ""6ZZJ000GP51341245"", ""location"": ""QLD""}"
2026-01-25 21:01:07,https://www.grays.com/lot/0001-50714280/motor-vehicles-motor-cycles/holden-captiva-7-cx-awd-cg-ii-automatic-7-seats-wagon,[MISSING_YEAR],"{""year"": """", ""make"": ""CAPTIVA"", ""model"": ""7"", ""variant"": ""CX AWD CG II"", ""body_type"": ""Wagon"", ""transmission"": ""Automatic"", ""fuel_type"": ""Petrol"", ""odometer_reading"": ""201803"", ""vin"": ""KL3CD265JDB045777"", ""location"": ""QLD""}"
2026-01-25 21:01:07,https://www.grays.com/lot/0001-50714283/motor-vehicles-motor-cycles/2016-toyota-sienta-hybrid-import-automatic-7-seats-van,[MISSING_BODY_TYPE],"{""year"": ""2016"", ""make"": ""TOYOTA"", ""model"": ""Sienta"", ""variant"": ""Hybrid (Import) Van"", ""body_type"": """", ""transmission"": ""Automatic"", ""fuel_type"": ""Hybrid"", ""odometer_reading"": ""43883"", ""vin"": ""6ZZGNHP1707064849"", ""location"": ""QLD""}"
2026-01-25 21:01:07,https://www.grays.com/lot/0001-50714301/motor-vehicles-motor-cycles/2006-mazda-b2500-fwd-manual-ute,[MISSING_FUEL_TYPE],"{""year"": ""2006"", ""make"": ""MAZDA"", ""model"": ""B2500"", ""variant"": ""FWD"", ""body_type"": ""Ute"", ""transmission"": ""Manual"", ""fuel_type"": """", ""odometer_reading"": ""248349"", ""vin"": ""MM0UNY0W300620891"", ""location"": ""QLD""}"
2026-01-25 21:01:07,https://www.grays.com/lot/0001-60050015/motor-vehicles-motor-cycles/2015-toyota-hilux-4x4-sr5-gun126r-turbo-diesel-manual-dual-cab,[BAD_ODOMETER_RANGE],"{""year"": ""2015"", ""make"": ""TOYOTA"", ""model"": ""Hilux"", ""variant"": ""4x4 SR5 GUN126R Dual Cab"", ""body_type"": ""Cab Chassis"", ""transmission"": ""Manual"", ""fuel_type"": ""Diesel"", ""odometer_reading"": ""0"", ""vin"": ""MR0HA3CDX00370678"", ""location"": ""SA""}"
2026-01-25 21:01:07,https://www.grays.com/lot/0001-60050018/motor-vehicles-motor-cycles/1994-toyota-hiace-super-custom-automatic-8-seats-van-import,[MISSING_BODY_TYPE],"{""year"": ""1994"", ""make"": ""TOYOTA"", ""model"": ""Hiace"", ""variant"": ""Super Custom Van (Import)"", ""body_type"": """", ""transmission"": ""Automatic"", ""fuel_type"": ""Diesel"", ""odometer_reading"": ""114867"", ""vin"": ""KZH1001010465"", ""location"": ""SA""}"
2026-01-25 21:01:07,https://www.grays.com/lot/0001-9066595/motor-vehicles-motor-cycles/2019-isuzu-d-max-4x2-sx-hi-ride-turbo-diesel-automatic-cab-chassis,[BAD_ODOMETER_RANGE],"{""year"": ""2019"", ""make"": ""ISUZU"", ""model"": ""D-max"", ""variant"": ""4X2 SX Hi-Ride"", ""body_type"": ""Cab Chassis"", ""transmission"": ""Automatic"", ""fuel_type"": ""Diesel"", ""odometer_reading"": ""923159"", ""vin"": ""MPATFR85JKT001292"", ""location"": ""WA""}"
2026-01-25 21:01:07,https://www.grays.com/lot/0030-8021559/motor-vehicles-motor-cycles/2003-toyota-landcruiser-hzj78r-4wd-manual-5-speed-troop-carrier,[BAD_PARSE],"{""year"": ""2003"", ""make"": ""TOYOTA"", ""model"": ""Landcruiser"", ""variant"": ""HZJ78R 4WD - Troop Carrier"", ""body_type"": ""Troop Carrier"", ""transmission"": ""Manual"", ""fuel_type"": ""Diesel"", ""odometer_reading"": ""369566"", ""vin"": ""JTERB71J100018617"", ""location"": ""NT""}"
2026-01-25 21:01:07,https://www.grays.com/lot/0031-8021559/motor-vehicles-motor-cycles/1999-toyota-landcruiser-hzj79r-4wd-manual-5-speed-ute,[MISSING_ODOMETER],"{""year"": ""1999"", ""make"": ""TOYOTA"", ""model"": ""Landcruiser"", ""variant"": ""HZJ79R 4WD"", ""body_type"": ""Ute"", ""transmission"": ""Manual"", ""fuel_type"": ""Diesel"", ""odometer_reading"": """", ""vin"": ""JTELB71J607002152"", ""location"": ""NT""}"
2026-01-25 23:58:21,https://www.grays.com/lot/0001-10352306/motor-vehicles-motor-cycles/kymco-agility-50-automatic-motorcycle,[MOTORCYCLE],"{""year"": """", ""make"": ""AGILITY"", ""model"": ""50"", ""variant"": ""Motorcycle"", ""body_type"": """", ""transmission"": ""Automatic"", ""fuel_type"": ""Petrol"", ""odometer_reading"": ""6462"", ""vin"": ""LC2U6200072600348"", ""location"": ""NSW""}"
2026-01-25 23:58:21,https://www.grays.com/lot/0001-10352355/motor-vehicles-motor-cycles/2012-toyota-landcruiser-prado-gx-kdj150r-turbo-diesel-automatic-wagon,[BAD_ODOMETER_RANGE],"{""year"": ""2012"", ""make"": ""TOYOTA"", ""model"": ""Landcruiser"", ""variant"": ""Prado GX KDJ150R"", ""body_type"": ""Wagon"", ""transmission"": ""Automatic"", ""fuel_type"": ""Diesel"", ""odometer_reading"": ""0"", ""vin"": ""JTEBH3FJ00K088745"", ""location"": ""NSW""}"
2026-01-25 23:58:21,https://www.grays.com/lot/0001-21061960/motor-vehicles-motor-cycles/jeep-cherokee-trailhawk-4x4-kl-9-auto-wagon,[MISSING_YEAR],"{""year"": """", ""make"": ""CHEROKEE"", ""model"": ""Trailhawk"", ""variant"": ""4X4 KL 9"", ""body_type"": ""Wagon"", ""transmission"": ""Automatic"", ""fuel_type"": ""Petrol"", ""odometer_reading"": ""234462"", ""vin"": ""1C4PJMFS5FW518932"", ""location"": ""VIC""}"
2026-01-25 23:58:21,https://www.grays.com/lot/0001-21062013/motor-vehicles-motor-cycles/suzuki-sierra-1-3l-manual-convertible,[MISSING_YEAR],"{""year"": """", ""make"": ""SIERRA"", ""model"": ""1.3l"", ""variant"": """", ""body_type"": ""Convertible"", ""transmission"": ""Manual"", ""fuel_type"": ""Petrol"", ""odometer_reading"": ""187976"", ""vin"": ""JSA0SJ80000120556"", ""location"": ""VIC""}"
2026-01-25 23:58:21,https://www.grays.com/lot/0001-21062072/motor-vehicles-motor-cycles/honda-fit-hybrid-automatic-hatchback-import,[MISSING_YEAR],"{""year"": """", ""make"": ""FIT"", ""model"": ""Hybrid"", ""variant"": ""IMPORT"", ""body_type"": ""Hatchback"", ""transmission"": ""Automatic"", ""fuel_type"": ""Hybrid"", ""odometer_reading"": ""81245"", ""vin"": ""6ZZF000GP63205528"", ""location"": ""VIC""}"
2026-01-25 23:58:21,https://www.grays.com/lot/0001-21062114/motor-vehicles-motor-cycles/nissan-pathfinder-st-l-automatic-7-seat-suv-auto-wovr-inspected,[MISSING_YEAR],"{""year"": """", ""make"": ""PATHFINDER"", ""model"": ""St-l"", ""variant"": ""7-Seat SUV WOVR-INSPECTED"", ""body_type"": """", ""transmission"": ""Automatic"", ""fuel_type"": ""Petrol"", ""odometer_reading"": ""210236"", ""vin"": ""5N1AR2MN2EC651661"", ""location"": ""VIC""}"
2026-01-25 23:58:21,https://www.grays.com/lot/0001-21062139/motor-vehicles-motor-cycles/mercedes-benz-sprinter-316-cdi-mwb-l-roof-turbo-diesel-automatic-van,[MISSING_YEAR],"{""year"": """", ""make"": ""BENZ"", ""model"": ""Sprinter"", ""variant"": ""316 CDI MWB L ROOF Van"", ""body_type"": ""Van"", ""transmission"": ""Automatic"", ""fuel_type"": ""Diesel"", ""odometer_reading"": ""275274"", ""vin"": ""WDB9066332S617030"", ""location"": ""VIC""}"
2026-01-25 23:58:21,https://www.grays.com/lot/0001-21062166/motor-vehicles-motor-cycles/2005-nissan-elgrand-automatic-8-seats-van,[MISSING_BODY_TYPE],"{""year"": ""2005"", ""make"": ""NISSAN"", ""model"": ""Elgrand"", ""variant"": ""Van"", ""body_type"": """", ""transmission"": ""Automatic"", ""fuel_type"": ""Petrol"", ""odometer_reading"": ""176619"", ""vin"": ""6U900000E51110600"", ""location"": ""VIC""}"
2026-01-25 23:58:21,https://www.grays.com/lot/0001-21062167/motor-vehicles-motor-cycles/holden-rodeo-lt-v6-crew-cab-ra-automatic-dual-cab,[MISSING_YEAR],"{""year"": """", ""make"": ""RODEO"", ""model"": ""Lt"", ""variant"": ""V6 Crew Cab RA"", ""body_type"": ""Dual Cab"", ""transmission"": ""Automatic"", ""fuel_type"": ""Petrol"", ""odometer_reading"": ""246633"", ""vin"": ""MPATFS26H4H539662"", ""location"": ""VIC""}"
2026-01-25 23:58:21,https://www.grays.com/lot/0001-50714102/motor-vehicles-motor-cycles/2017-nissan-serena-import-automatic-8-seats-van,[MISSING_BODY_TYPE],"{""year"": ""2017"", ""make"": ""NISSAN"", ""model"": ""Serena"", ""variant"": ""(import) Van"", ""body_type"": """", ""transmission"": ""Automatic"", ""fuel_type"": ""Hybrid"", ""odometer_reading"": ""86350"", ""vin"": ""6ZZG0GFNC27001664"", ""location"": ""QLD""}"
2026-01-25 23:58:21,https://www.grays.com/lot/0001-50714239/motor-vehicles-motor-cycles/toyota-hiace-import-wheelchair-hydraulic-lift-automatic-8-seats-van,[MISSING_YEAR],"{""year"": """", ""make"": ""HIACE"", ""model"": ""(import)"", ""variant"": ""Wheelchair Hydraulic Lift Van"", ""body_type"": """", ""transmission"": ""Automatic"", ""fuel_type"": ""Petrol"", ""odometer_reading"": ""155082"", ""vin"": ""6ZZFTRH2000227399"", ""location"": ""QLD""}"
2026-01-25 23:58:21,https://www.grays.com/lot/0001-50714240/motor-vehicles-motor-cycles/honda-jazz-hybrid-fit-automatic-hatchback,[MISSING_YEAR],"{""year"": """", ""make"": ""JAZZ"", ""model"": ""Hybrid"", ""variant"": ""Fit"", ""body_type"": ""Hatchback"", ""transmission"": ""Automatic"", ""fuel_type"": ""Hybrid"", ""odometer_reading"": ""74495"", ""vin"": ""6ZZJ000GP51341245"", ""location"": ""QLD""}"
2026-01-25 23:58:21,https://www.grays.com/lot/0001-50714280/motor-vehicles-motor-cycles/holden-captiva-7-cx-awd-cg-ii-automatic-7-seats-wagon,[MISSING_YEAR],"{""year"": """", ""make"": ""CAPTIVA"", ""model"": ""7"", ""variant"": ""CX AWD CG II"", ""body_type"": ""Wagon"", ""transmission"": ""Automatic"", ""fuel_type"": ""Petrol"", ""odometer_reading"": ""201803"", ""vin"": ""KL3CD265JDB045777"", ""location"": ""QLD""}"
2026-01-25 23:58:21,https://www.grays.com/lot/0001-50714283/motor-vehicles-motor-cycles/2016-toyota-sienta-hybrid-import-automatic-7-seats-van,[MISSING_BODY_TYPE],"{""year"": ""2016"", ""make"": ""TOYOTA"", ""model"": ""Sienta"", ""variant"": ""Hybrid (Import) Van"", ""body_type"": """", ""transmission"": ""Automatic"", ""fuel_type"": ""Hybrid"", ""odometer_reading"": ""43883"", ""vin"": ""6ZZGNHP1707064849"", ""location"": ""QLD""}"
2026-01-25 23:58:21,https://www.grays.com/lot/0001-50714301/motor-vehicles-motor-cycles/2006-mazda-b2500-fwd-manual-ute,[MISSING_FUEL_TYPE],"{""year"": ""2006"", ""make"": ""MAZDA"", ""model"": ""B2500"", ""variant"": ""FWD"", ""body_type"": ""Ute"", ""transmission"": ""Manual"", ""fuel_type"": """", ""odometer_reading"": ""248349"", ""vin"": ""MM0UNY0W300620891"", ""location"": ""QLD""}"
2026-01-25 23:58:21,https://www.grays.com/lot/0001-60050015/motor-vehicles-motor-cycles/2015-toyota-hilux-4x4-sr5-gun126r-turbo-diesel-manual-dual-cab,[BAD_ODOMETER_RANGE],"{""year"": ""2015"", ""make"": ""TOYOTA"", ""model"": ""Hilux"", ""variant"": ""4x4 SR5 GUN126R Dual Cab"", ""body_type"": ""Cab Chassis"", ""transmission"": ""Manual"", ""fuel_type"": ""Diesel"", ""odometer_reading"": ""0"", ""vin"": ""MR0HA3CDX00370678"", ""location"": ""SA""}"
2026-01-25 23:58:21,https://www.grays.com/lot/0001-60050018/motor-vehicles-motor-cycles/1994-toyota-hiace-super-custom-automatic-8-seats-van-import,[MISSING_BODY_TYPE],"{""year"": ""1994"", ""make"": ""TOYOTA"", ""model"": ""Hiace"", ""variant"": ""Super Custom Van (Import)"", ""body_type"": """", ""transmission"": ""Automatic"", ""fuel_type"": ""Diesel"", ""odometer_reading"": ""114867"", ""vin"": ""KZH1001010465"", ""location"": ""SA""}"
2026-01-25 23:58:21,https://www.grays.com/lot/0001-9066595/motor-vehicles-motor-cycles/2019-isuzu-d-max-4x2-sx-hi-ride-turbo-diesel-automatic-cab-chassis,[BAD_ODOMETER_RANGE],"{""year"": ""2019"", ""make"": ""ISUZU"", ""model"": ""D-max"", ""variant"": ""4X2 SX Hi-Ride"", ""body_type"": ""Cab Chassis"", ""transmission"": ""Automatic"", ""fuel_type"": ""Diesel"", ""odometer_reading"": ""923159"", ""vin"": ""MPATFR85JKT001292"", ""location"": ""WA""}"
2026-01-25 23:58:21,https://www.grays.com/lot/0030-8021559/motor-vehicles-motor-cycles/2003-toyota-landcruiser-hzj78r-4wd-manual-5-speed-troop-carrier,[BAD_PARSE],"{""year"": ""2003"", ""make"": ""TOYOTA"", ""model"": ""Landcruiser"", ""variant"": ""HZJ78R 4WD - Troop Carrier"", ""body_type"": ""Troop Carrier"", ""transmission"": ""Manual"", ""fuel_type"": ""Diesel"", ""odometer_reading"": ""369566"", ""vin"": ""JTERB71J100018617"", ""location"": ""NT""}"
2026-01-25 23:58:21,https://www.grays.com/lot/0031-8021559/motor-vehicles-motor-cycles/1999-toyota-landcruiser-hzj79r-4wd-manual-5-speed-ute,[MISSING_ODOMETER],"{""year"": ""1999"", ""make"": ""TOYOTA"", ""model"": ""Landcruiser"", ""variant"": ""HZJ79R 4WD"", ""body_type"": ""Ute"", ""transmission"": ""Manual"", ""fuel_type"": ""Diesel"", ""odometer_reading"": """", ""vin"": ""JTELB71J607002152"", ""location"": ""NT""}"
2026-01-26 14:02:23,https://www.grays.com/lot/0001-10352306/motor-vehicles-motor-cycles/kymco-agility-50-automatic-motorcycle,[MOTORCYCLE],"{""year"": """", ""make"": ""AGILITY"", ""model"": ""50"", ""variant"": ""Motorcycle"", ""body_type"": """", ""transmission"": ""Automatic"", ""fuel_type"": ""Petrol"", ""odometer_reading"": ""6462"", ""vin"": ""LC2U6200072600348"", ""location"": ""NSW""}"
2026-01-26 14:02:23,https://www.grays.com/lot/0001-10352355/motor-vehicles-motor-cycles/2012-toyota-landcruiser-prado-gx-kdj150r-turbo-diesel-automatic-wagon,[BAD_ODOMETER_RANGE],"{""year"": ""2012"", ""make"": ""TOYOTA"", ""model"": ""Landcruiser"", ""variant"": ""Prado GX KDJ150R"", ""body_type"": ""Wagon"", ""transmission"": ""Automatic"", ""fuel_type"": ""Diesel"", ""odometer_reading"": ""0"", ""vin"": ""JTEBH3FJ00K088745"", ""location"": ""NSW""}"
2026-01-26 14:02:23,https://www.grays.com/lot/0001-21061960/motor-vehicles-motor-cycles/jeep-cherokee-trailhawk-4x4-kl-9-auto-wagon,[MISSING_YEAR],"{""year"": """", ""make"": ""CHEROKEE"", ""model"": ""Trailhawk"", ""variant"": ""4X4 KL 9"", ""body_type"": ""Wagon"", ""transmission"": ""Automatic"", ""fuel_type"": ""Petrol"", ""odometer_reading"": ""234462"", ""vin"": ""1C4PJMFS5FW518932"", ""location"": ""VIC""}"
2026-01-26 14:02:23,https://www.grays.com/lot/0001-21062013/motor-vehicles-motor-cycles/suzuki-sierra-1-3l-manual-convertible,[MISSING_YEAR],"{""year"": """", ""make"": ""SIERRA"", ""model"": ""1.3l"", ""variant"": """", ""body_type"": ""Convertible"", ""transmission"": ""Manual"", ""fuel_type"": ""Petrol"", ""odometer_reading"": ""187976"", ""vin"": ""JSA0SJ80000120556"", ""location"": ""VIC""}"
2026-01-26 14:02:23,https://www.grays.com/lot/0001-21062072/motor-vehicles-motor-cycles/honda-fit-hybrid-automatic-hatchback-import,[MISSING_YEAR],"{""year"": """", ""make"": ""FIT"", ""model"": ""Hybrid"", ""variant"": ""IMPORT"", ""body_type"": ""Hatchback"", ""transmission"": ""Automatic"", ""fuel_type"": ""Hybrid"", ""odometer_reading"": ""81245"", ""vin"": ""6ZZF000GP63205528"", ""location"": ""VIC""}"
2026-01-26 14:02:23,https://www.grays.com/lot/0001-21062114/motor-vehicles-motor-cycles/nissan-pathfinder-st-l-automatic-7-seat-suv-auto-wovr-inspected,[MISSING_YEAR],"{""year"": """", ""make"": ""PATHFINDER"", ""model"": ""St-l"", ""variant"": ""7-Seat SUV WOVR-INSPECTED"", ""body_type"": """", ""transmission"": ""Automatic"", ""fuel_type"": ""Petrol"", ""odometer_reading"": ""210236"", ""vin"": ""5N1AR2MN2EC651661"", ""location"": ""VIC""}"
2026-01-26 14:02:23,https://www.grays.com/lot/0001-21062139/motor-vehicles-motor-cycles/mercedes-benz-sprinter-316-cdi-mwb-l-roof-turbo-diesel-automatic-van,[MISSING_YEAR],"{""year"": """", ""make"": ""BENZ"", ""model"": ""Sprinter"", ""variant"": ""316 CDI MWB L ROOF Van"", ""body_type"": ""Van"", ""transmission"": ""Automatic"", ""fuel_type"": ""Diesel"", ""odometer_reading"": ""275274"", ""vin"": ""WDB9066332S617030"", ""location"": ""VIC""}"
2026-01-26 14:02:23,https://www.grays.com/lot/0001-21062166/motor-vehicles-motor-cycles/2005-nissan-elgrand-automatic-8-seats-van,[MISSING_BODY_TYPE],"{""year"": ""2005"", ""make"": ""NISSAN"", ""model"": ""Elgrand"", ""variant"": ""Van"", ""body_type"": """", ""transmission"": ""Automatic"", ""fuel_type"": ""Petrol"", ""odometer_reading"": ""176619"", ""vin"": ""6U900000E51110600"", ""location"": ""VIC""}"
2026-01-26 14:02:23,https://www.grays.com/lot/0001-21062167/motor-vehicles-motor-cycles/holden-rodeo-lt-v6-crew-cab-ra-automatic-dual-cab,[MISSING_YEAR],"{""year"": """", ""make"": ""RODEO"", ""model"": ""Lt"", ""variant"": ""V6 Crew Cab RA"", ""body_type"": ""Dual Cab"", ""transmission"": ""Automatic"", ""fuel_type"": ""Petrol"", ""odometer_reading"": ""246633"", ""vin"": ""MPATFS26H4H539662"", ""location"": ""VIC""}"
2026-01-26 14:02:23,https://www.grays.com/lot/0001-50714102/motor-vehicles-motor-cycles/2017-nissan-serena-import-automatic-8-seats-van,[MISSING_BODY_TYPE],"{""year"": ""2017"", ""make"": ""NISSAN"", ""model"": ""Serena"", ""variant"": ""(import) Van"", ""body_type"": """", ""transmission"": ""Automatic"", ""fuel_type"": ""Hybrid"", ""odometer_reading"": ""86350"", ""vin"": ""6ZZG0GFNC27001664"", ""location"": ""QLD""}"
2026-01-26 14:02:23,https://www.grays.com/lot/0001-50714239/motor-vehicles-motor-cycles/toyota-hiace-import-wheelchair-hydraulic-lift-automatic-8-seats-van,[MISSING_YEAR],"{""year"": """", ""make"": ""HIACE"", ""model"": ""(import)"", ""variant"": ""Wheelchair Hydraulic Lift Van"", ""body_type"": """", ""transmission"": ""Automatic"", ""fuel_type"": ""Petrol"", ""odometer_reading"": ""155082"", ""vin"": ""6ZZFTRH2000227399"", ""location"": ""QLD""}"
2026-01-26 14:02:23,https://www.grays.com/lot/0001-50714240/motor-vehicles-motor-cycles/honda-jazz-hybrid-fit-automatic-hatchback,[MISSING_YEAR],"{""year"": """", ""make"": ""JAZZ"", ""model"": ""Hybrid"", ""variant"": ""Fit"", ""body_type"": ""Hatchback"", ""transmission"": ""Automatic"", ""fuel_type"": ""Hybrid"", ""odometer_reading"": ""74495"", ""vin"": ""6ZZJ000GP51341245"", ""location"": ""QLD""}"
2026-01-26 14:02:23,https://www.grays.com/lot/0001-50714280/motor-vehicles-motor-cycles/holden-captiva-7-cx-awd-cg-ii-automatic-7-seats-wagon,[MISSING_YEAR],"{""year"": """", ""make"": ""CAPTIVA"", ""model"": ""7"", ""variant"": ""CX AWD CG II"", ""body_type"": ""Wagon"", ""transmission"": ""Automatic"", ""fuel_type"": ""Petrol"", ""odometer_reading"": ""201803"", ""vin"": ""KL3CD265JDB045777"", ""location"": ""QLD""}"
2026-01-26 14:02:23,https://www.grays.com/lot/0001-50714283/motor-vehicles-motor-cycles/2016-toyota-sienta-hybrid-import-automatic-7-seats-van,[MISSING_BODY_TYPE],"{""year"": ""2016"", ""make"": ""TOYOTA"", ""model"": ""Sienta"", ""variant"": ""Hybrid (Import) Van"", ""body_type"": """", ""transmission"": ""Automatic"", ""fuel_type"": ""Hybrid"", ""odometer_reading"": ""43883"", ""vin"": ""6ZZGNHP1707064849"", ""location"": ""QLD""}"
2026-01-26 14:02:23,https://www.grays.com/lot/0001-50714301/motor-vehicles-motor-cycles/2006-mazda-b2500-fwd-manual-ute,[MISSING_FUEL_TYPE],"{""year"": ""2006"", ""make"": ""MAZDA"", ""model"": ""B2500"", ""variant"": ""FWD"", ""body_type"": ""Ute"", ""transmission"": ""Manual"", ""fuel_type"": """", ""odometer_reading"": ""248349"", ""vin"": ""MM0UNY0W300620891"", ""location"": ""QLD""}"
2026-01-26 14:02:23,https://www.grays.com/lot/0001-60050015/motor-vehicles-motor-cycles/2015-toyota-hilux-4x4-sr5-gun126r-turbo-diesel-manual-dual-cab,[BAD_ODOMETER_RANGE],"{""year"": ""2015"", ""make"": ""TOYOTA"", ""model"": ""Hilux"", ""variant"": ""4x4 SR5 GUN126R Dual Cab"", ""body_type"": ""Cab Chassis"", ""transmission"": ""Manual"", ""fuel_type"": ""Diesel"", ""odometer_reading"": ""0"", ""vin"": ""MR0HA3CDX00370678"", ""location"": ""SA""}"
2026-01-26 14:02:23,https://www.grays.com/lot/0001-60050018/motor-vehicles-motor-cycles/1994-toyota-hiace-super-custom-automatic-8-seats-van-import,[MISSING_BODY_TYPE],"{""year"": ""1994"", ""make"": ""TOYOTA"", ""model"": ""Hiace"", ""variant"": ""Super Custom Van (Import)"", ""body_type"": """", ""transmission"": ""Automatic"", ""fuel_type"": ""Diesel"", ""odometer_reading"": ""114867"", ""vin"": ""KZH1001010465"", ""location"": ""SA""}"
2026-01-26 14:02:23,https://www.grays.com/lot/0001-9066595/motor-vehicles-motor-cycles/2019-isuzu-d-max-4x2-sx-hi-ride-turbo-diesel-automatic-cab-chassis,[BAD_ODOMETER_RANGE],"{""year"": ""2019"", ""make"": ""ISUZU"", ""model"": ""D-max"", ""variant"": ""4X2 SX Hi-Ride"", ""body_type"": ""Cab Chassis"", ""transmission"": ""Automatic"", ""fuel_type"": ""Diesel"", ""odometer_reading"": ""923159"", ""vin"": ""MPATFR85JKT001292"", ""location"": ""WA""}"
2026-01-26 14:02:23,https://www.grays.com/lot/0030-8021559/motor-vehicles-motor-cycles/2003-toyota-landcruiser-hzj78r-4wd-manual-5-speed-troop-carrier,[BAD_PARSE],"{""year"": ""2003"", ""make"": ""TOYOTA"", ""model"": ""Landcruiser"", ""variant"": ""HZJ78R 4WD - Troop Carrier"", ""body_type"": ""Troop Carrier"", ""transmission"": ""Manual"", ""fuel_type"": ""Diesel"", ""odometer_reading"": ""369566"", ""vin"": ""JTERB71J100018617"", ""location"": ""NT""}"
2026-01-26 14:02:23,https://www.grays.com/lot/0031-8021559/motor-vehicles-motor-cycles/1999-toyota-landcruiser-hzj79r-4wd-manual-5-speed-ute,[MISSING_ODOMETER],"{""year"": ""1999"", ""make"": ""TOYOTA"", ""model"": ""Landcruiser"", ""variant"": ""HZJ79R 4WD"", ""body_type"": ""Ute"", ""transmission"": ""Manual"", ""fuel_type"": ""Diesel"", ""odometer_reading"": """", ""vin"": ""JTELB71J607002152"", ""location"": ""NT""}"
2026-01-26 21:01:30,https://www.grays.com/lot/0001-10352306/motor-vehicles-motor-cycles/kymco-agility-50-automatic-motorcycle,[MOTORCYCLE],"{""year"": """", ""make"": ""AGILITY"", ""model"": ""50"", ""variant"": ""Motorcycle"", ""body_type"": """", ""transmission"": ""Automatic"", ""fuel_type"": ""Petrol"", ""odometer_reading"": ""6462"", ""vin"": ""LC2U6200072600348"", ""location"": ""NSW""}"
2026-01-26 21:01:30,https://www.grays.com/lot/0001-10352355/motor-vehicles-motor-cycles/2012-toyota-landcruiser-prado-gx-kdj150r-turbo-diesel-automatic-wagon,[BAD_ODOMETER_RANGE],"{""year"": ""2012"", ""make"": ""TOYOTA"", ""model"": ""Landcruiser"", ""variant"": ""Prado GX KDJ150R"", ""body_type"": ""Wagon"", ""transmission"": ""Automatic"", ""fuel_type"": ""Diesel"", ""odometer_reading"": ""0"", ""vin"": ""JTEBH3FJ00K088745"", ""location"": ""NSW""}"
2026-01-26 21:01:30,https://www.grays.com/lot/0001-21062072/motor-vehicles-motor-cycles/honda-fit-hybrid-automatic-hatchback-import,[MISSING_YEAR],"{""year"": """", ""make"": ""FIT"", ""model"": ""Hybrid"", ""variant"": ""IMPORT"", ""body_type"": ""Hatchback"", ""transmission"": ""Automatic"", ""fuel_type"": ""Hybrid"", ""odometer_reading"": ""81245"", ""vin"": ""6ZZF000GP63205528"", ""location"": ""VIC""}"
2026-01-26 21:01:30,https://www.grays.com/lot/0001-21062166/motor-vehicles-motor-cycles/2005-nissan-elgrand-automatic-8-seats-van,[MISSING_BODY_TYPE],"{""year"": ""2005"", ""make"": ""NISSAN"", ""model"": ""Elgrand"", ""variant"": ""Van"", ""body_type"": """", ""transmission"": ""Automatic"", ""fuel_type"": ""Petrol"", ""odometer_reading"": ""176619"", ""vin"": ""6U900000E51110600"", ""location"": ""VIC""}"
2026-01-26 21:01:30,https://www.grays.com/lot/0001-21062167/motor-vehicles-motor-cycles/holden-rodeo-lt-v6-crew-cab-ra-automatic-dual-cab,[MISSING_YEAR],"{""year"": """", ""make"": ""RODEO"", ""model"": ""Lt"", ""variant"": ""V6 Crew Cab RA"", ""body_type"": ""Dual Cab"", ""transmission"": ""Automatic"", ""fuel_type"": ""Petrol"", ""odometer_reading"": ""246633"", ""vin"": ""MPATFS26H4H539662"", ""location"": ""VIC""}"
2026-01-26 21:01:30,https://www.grays.com/lot/0001-50714102/motor-vehicles-motor-cycles/2017-nissan-serena-import-automatic-8-seats-van,[MISSING_BODY_TYPE],"{""year"": ""2017"", ""make"": ""NISSAN"", ""model"": ""Serena"", ""variant"": ""(import) Van"", ""body_type"": """", ""transmission"": ""Automatic"", ""fuel_type"": ""Hybrid"", ""odometer_reading"": ""86350"", ""vin"": ""6ZZG0GFNC27001664"", ""location"": ""QLD""}"
2026-01-26 21:01:30,https://www.grays.com/lot/0001-50714239/motor-vehicles-motor-cycles/toyota-hiace-import-wheelchair-hydraulic-lift-automatic-8-seats-van,[MISSING_YEAR],"{""year"": """", ""make"": ""HIACE"", ""model"": ""(import)"", ""variant"": ""Wheelchair Hydraulic Lift Van"", ""body_type"": """", ""transmission"": ""Automatic"", ""fuel_type"": ""Petrol"", ""odometer_reading"": ""155082"", ""vin"": ""6ZZFTRH2000227399"", ""location"": ""QLD""}"
2026-01-26 21:01:30,https://www.grays.com/lot/0001-50714240/motor-vehicles-motor-cycles/honda-jazz-hybrid-fit-automatic-hatchback,[MISSING_YEAR],"{""year"": """", ""make"": ""JAZZ"", ""model"": ""Hybrid"", ""variant"": ""Fit"", ""body_type"": ""Hatchback"", ""transmission"": ""Automatic"", ""fuel_type"": ""Hybrid"", ""odometer_reading"": ""74495"", ""vin"": ""6ZZJ000GP51341245"", ""location"": ""QLD""}"
2026-01-26 21:01:30,https://www.grays.com/lot/0001-50714280/motor-vehicles-motor-cycles/holden-captiva-7-cx-awd-cg-ii-automatic-7-seats-wagon,[MISSING_YEAR],"{""year"": """", ""make"": ""CAPTIVA"", ""model"": ""7"", ""variant"": ""CX AWD CG II"", ""body_type"": ""Wagon"", ""transmission"": ""Automatic"", ""fuel_type"": ""Petrol"", ""odometer_reading"": ""201803"", ""vin"": ""KL3CD265JDB045777"", ""location"": ""QLD""}"
2026-01-26 21:01:30,https://www.grays.com/lot/0001-50714283/motor-vehicles-motor-cycles/2016-toyota-sienta-hybrid-import-automatic-7-seats-van,[MISSING_BODY_TYPE],"{""year"": ""2016"", ""make"": ""TOYOTA"", ""model"": ""Sienta"", ""variant"": ""Hybrid (Import) Van"", ""body_type"": """", ""transmission"": ""Automatic"", ""fuel_type"": ""Hybrid"", ""odometer_reading"": ""43883"", ""vin"": ""6ZZGNHP1707064849"", ""location"": ""QLD""}"
2026-01-26 21:01:30,https://www.grays.com/lot/0001-50714301/motor-vehicles-motor-cycles/2006-mazda-b2500-fwd-manual-ute,[MISSING_FUEL_TYPE],"{""year"": ""2006"", ""make"": ""MAZDA"", ""model"": ""B2500"", ""variant"": ""FWD"", ""body_type"": ""Ute"", ""transmission"": ""Manual"", ""fuel_type"": """", ""odometer_reading"": ""248349"", ""vin"": ""MM0UNY0W300620891"", ""location"": ""QLD""}"
2026-01-26 21:01:30,https://www.grays.com/lot/0001-60050015/motor-vehicles-motor-cycles/2015-toyota-hilux-4x4-sr5-gun126r-turbo-diesel-manual-dual-cab,[BAD_ODOMETER_RANGE],"{""year"": ""2015"", ""make"": ""TOYOTA"", ""model"": ""Hilux"", ""variant"": ""4x4 SR5 GUN126R Dual Cab"", ""body_type"": ""Cab Chassis"", ""transmission"": ""Manual"", ""fuel_type"": ""Diesel"", ""odometer_reading"": ""0"", ""vin"": ""MR0HA3CDX00370678"", ""location"": ""SA""}"
2026-01-26 21:01:30,https://www.grays.com/lot/0001-60050018/motor-vehicles-motor-cycles/1994-toyota-hiace-super-custom-automatic-8-seats-van-import,[MISSING_BODY_TYPE],"{""year"": ""1994"", ""make"": ""TOYOTA"", ""model"": ""Hiace"", ""variant"": ""Super Custom Van (Import)"", ""body_type"": """", ""transmission"": ""Automatic"", ""fuel_type"": ""Diesel"", ""odometer_reading"": ""114867"", ""vin"": ""KZH1001010465"", ""location"": ""SA""}"
2026-01-26 21:01:30,https://www.grays.com/lot/0001-9066595/motor-vehicles-motor-cycles/2019-isuzu-d-max-4x2-sx-hi-ride-turbo-diesel-automatic-cab-chassis,[BAD_ODOMETER_RANGE],"{""year"": ""2019"", ""make"": ""ISUZU"", ""model"": ""D-max"", ""variant"": ""4X2 SX Hi-Ride"", ""body_type"": ""Cab Chassis"", ""transmission"": ""Automatic"", ""fuel_type"": ""Diesel"", ""odometer_reading"": ""923159"", ""vin"": ""MPATFR85JKT001292"", ""location"": ""WA""}"
2026-01-26 21:01:30,https://www.grays.com/lot/0030-8021559/motor-vehicles-motor-cycles/2003-toyota-landcruiser-hzj78r-4wd-manual-5-speed-troop-carrier,[BAD_PARSE],"{""year"": ""2003"", ""make"": ""TOYOTA"", ""model"": ""Landcruiser"", ""variant"": ""HZJ78R 4WD - Troop Carrier"", ""body_type"": ""Troop Carrier"", ""transmission"": ""Manual"", ""fuel_type"": ""Diesel"", ""odometer_reading"": ""369566"", ""vin"": ""JTERB71J100018617"", ""location"": ""NT""}"
2026-01-26 21:01:30,https://www.grays.com/lot/0031-8021559/motor-vehicles-motor-cycles/1999-toyota-landcruiser-hzj79r-4wd-manual-5-speed-ute,[MISSING_ODOMETER],"{""year"": ""1999"", ""make"": ""TOYOTA"", ""model"": ""Landcruiser"", ""variant"": ""HZJ79R 4WD"", ""body_type"": ""Ute"", ""transmission"": ""Manual"", ""fuel_type"": ""Diesel"", ""odometer_reading"": """", ""vin"": ""JTELB71J607002152"", ""location"": ""NT""}"
2026-01-26 22:48:15,https://www.grays.com/lot/0001-10352306/motor-vehicles-motor-cycles/kymco-agility-50-automatic-motorcycle,[MOTORCYCLE],"{""year"": """", ""make"": ""AGILITY"", ""model"": ""50"", ""variant"": ""Motorcycle"", ""body_type"": """", ""transmission"": ""Automatic"", ""fuel_type"": ""Petrol"", ""odometer_reading"": ""6462"", ""vin"": ""LC2U6200072600348"", ""location"": ""NSW""}"
2026-01-26 22:48:15,https://www.grays.com/lot/0001-10352355/motor-vehicles-motor-cycles/2012-toyota-landcruiser-prado-gx-kdj150r-turbo-diesel-automatic-wagon,[BAD_ODOMETER_RANGE],"{""year"": ""2012"", ""make"": ""TOYOTA"", ""model"": ""Landcruiser"", ""variant"": ""Prado GX KDJ150R"", ""body_type"": ""Wagon"", ""transmission"": ""Automatic"", ""fuel_type"": ""Diesel"", ""odometer_reading"": ""0"", ""vin"": ""JTEBH3FJ00K088745"", ""location"": ""NSW""}"
2026-01-26 22:48:15,https://www.grays.com/lot/0001-21062072/motor-vehicles-motor-cycles/honda-fit-hybrid-automatic-hatchback-import,[MISSING_YEAR],"{""year"": """", ""make"": ""FIT"", ""model"": ""Hybrid"", ""variant"": ""IMPORT"", ""body_type"": ""Hatchback"", ""transmission"": ""Automatic"", ""fuel_type"": ""Hybrid"", ""odometer_reading"": ""81245"", ""vin"": ""6ZZF000GP63205528"", ""location"": ""VIC""}"
2026-01-26 22:48:15,https://www.grays.com/lot/0001-21062166/motor-vehicles-motor-cycles/2005-nissan-elgrand-automatic-8-seats-van,[MISSING_BODY_TYPE],"{""year"": ""2005"", ""make"": ""NISSAN"", ""model"": ""Elgrand"", ""variant"": ""Van"", ""body_type"": """", ""transmission"": ""Automatic"", ""fuel_type"": ""Petrol"", ""odometer_reading"": ""176619"", ""vin"": ""6U900000E51110600"", ""location"": ""VIC""}"
2026-01-26 22:48:15,https://www.grays.com/lot/0001-21062167/motor-vehicles-motor-cycles/holden-rodeo-lt-v6-crew-cab-ra-automatic-dual-cab,[MISSING_YEAR],"{""year"": """", ""make"": ""RODEO"", ""model"": ""Lt"", ""variant"": ""V6 Crew Cab RA"", ""body_type"": ""Dual Cab"", ""transmission"": ""Automatic"", ""fuel_type"": ""Petrol"", ""odometer_reading"": ""246633"", ""vin"": ""MPATFS26H4H539662"", ""location"": ""VIC""}"
2026-01-26 22:48:15,https://www.grays.com/lot/0001-50714239/motor-vehicles-motor-cycles/toyota-hiace-import-wheelchair-hydraulic-lift-automatic-8-seats-van,[MISSING_YEAR],"{""year"": """", ""make"": ""HIACE"", ""model"": ""(import)"", ""variant"": ""Wheelchair Hydraulic Lift Van"", ""body_type"": """", ""transmission"": ""Automatic"", ""fuel_type"": ""Petrol"", ""odometer_reading"": ""155082"", ""vin"": ""6ZZFTRH2000227399"", ""location"": ""QLD""}"
2026-01-26 22:48:15,https://www.grays.com/lot/0001-50714240/motor-vehicles-motor-cycles/honda-jazz-hybrid-fit-automatic-hatchback,[MISSING_YEAR],"{""year"": """", ""make"": ""JAZZ"", ""model"": ""Hybrid"", ""variant"": ""Fit"", ""body_type"": ""Hatchback"", ""transmission"": ""Automatic"", ""fuel_type"": ""Hybrid"", ""odometer_reading"": ""74495"", ""vin"": ""6ZZJ000GP51341245"", ""location"": ""QLD""}"
2026-01-26 22:48:15,https://www.grays.com/lot/0001-50714280/motor-vehicles-motor-cycles/holden-captiva-7-cx-awd-cg-ii-automatic-7-seats-wagon,[MISSING_YEAR],"{""year"": """", ""make"": ""CAPTIVA"", ""model"": ""7"", ""variant"": ""CX AWD CG II"", ""body_type"": ""Wagon"", ""transmission"": ""Automatic"", ""fuel_type"": ""Petrol"", ""odometer_reading"": ""201803"", ""vin"": ""KL3CD265JDB045777"", ""location"": ""QLD""}"
2026-01-26 22:48:15,https://www.grays.com/lot/0001-50714283/motor-vehicles-motor-cycles/2016-toyota-sienta-hybrid-import-automatic-7-seats-van,[MISSING_BODY_TYPE],"{""year"": ""2016"", ""make"": ""TOYOTA"", ""model"": ""Sienta"", ""variant"": ""Hybrid (Import) Van"", ""body_type"": """", ""transmission"": ""Automatic"", ""fuel_type"": ""Hybrid"", ""odometer_reading"": ""43883"", ""vin"": ""6ZZGNHP1707064849"", ""location"": ""QLD""}"
2026-01-26 22:48:15,https://www.grays.com/lot/0001-50714301/motor-vehicles-motor-cycles/2006-mazda-b2500-fwd-manual-ute,[MISSING_FUEL_TYPE],"{""year"": ""2006"", ""make"": ""MAZDA"", ""model"": ""B2500"", ""variant"": ""FWD"", ""body_type"": ""Ute"", ""transmission"": ""Manual"", ""fuel_type"": """", ""odometer_reading"": ""248349"", ""vin"": ""MM0UNY0W300620891"", ""location"": ""QLD""}"
2026-01-26 22:48:15,https://www.grays.com/lot/0001-60050015/motor-vehicles-motor-cycles/2015-toyota-hilux-4x4-sr5-gun126r-turbo-diesel-manual-dual-cab,[BAD_ODOMETER_RANGE],"{""year"": ""2015"", ""make"": ""TOYOTA"", ""model"": ""Hilux"", ""variant"": ""4x4 SR5 GUN126R Dual Cab"", ""body_type"": ""Cab Chassis"", ""transmission"": ""Manual"", ""fuel_type"": ""Diesel"", ""odometer_reading"": ""0"", ""vin"": ""MR0HA3CDX00370678"", ""location"": ""SA""}"
2026-01-26 22:48:15,https://www.grays.com/lot/0001-60050018/motor-vehicles-motor-cycles/1994-toyota-hiace-super-custom-automatic-8-seats-van-import,[MISSING_BODY_TYPE],"{""year"": ""1994"", ""make"": ""TOYOTA"", ""model"": ""Hiace"", ""variant"": ""Super Custom Van (Import)"", ""body_type"": """", ""transmission"": ""Automatic"", ""fuel_type"": ""Diesel"", ""odometer_reading"": ""114867"", ""vin"": ""KZH1001010465"", ""location"": ""SA""}"
2026-01-26 22:48:15,https://www.grays.com/lot/0001-9066595/motor-vehicles-motor-cycles/2019-isuzu-d-max-4x2-sx-hi-ride-turbo-diesel-automatic-cab-chassis,[BAD_ODOMETER_RANGE],"{""year"": ""2019"", ""make"": ""ISUZU"", ""model"": ""D-max"", ""variant"": ""4X2 SX Hi-Ride"", ""body_type"": ""Cab Chassis"", ""transmission"": ""Automatic"", ""fuel_type"": ""Diesel"", ""odometer_reading"": ""923159"", ""vin"": ""MPATFR85JKT001292"", ""location"": ""WA""}"
2026-01-26 22:48:15,https://www.grays.com/lot/0030-8021559/motor-vehicles-motor-cycles/2003-toyota-landcruiser-hzj78r-4wd-manual-5-speed-troop-carrier,[BAD_PARSE],"{""year"": ""2003"", ""make"": ""TOYOTA"", ""model"": ""Landcruiser"", ""variant"": ""HZJ78R 4WD - Troop Carrier"", ""body_type"": ""Troop Carrier"", ""transmission"": ""Manual"", ""fuel_type"": ""Diesel"", ""odometer_reading"": ""369566"", ""vin"": ""JTERB71J100018617"", ""location"": ""NT""}"
2026-01-26 22:48:15,https://www.grays.com/lot/0031-8021559/motor-vehicles-motor-cycles/1999-toyota-landcruiser-hzj79r-4wd-manual-5-speed-ute,[MISSING_ODOMETER],"{""year"": ""1999"", ""make"": ""TOYOTA"", ""model"": ""Landcruiser"", ""variant"": ""HZJ79R 4WD"", ""body_type"": ""Ute"", ""transmission"": ""Manual"", ""fuel_type"": ""Diesel"", ""odometer_reading"": """", ""vin"": ""JTELB71J607002152"", ""location"": ""NT""}"
2026-01-27 00:28:10,https://www.grays.com/lot/0001-10352306/motor-vehicles-motor-cycles/kymco-agility-50-automatic-motorcycle,[MOTORCYCLE],"{""year"": """", ""make"": ""AGILITY"", ""model"": ""50"", ""variant"": ""Motorcycle"", ""body_type"": """", ""transmission"": ""Automatic"", ""fuel_type"": ""Petrol"", ""odometer_reading"": ""6462"", ""vin"": ""LC2U6200072600348"", ""location"": ""NSW""}"
2026-01-27 00:28:10,https://www.grays.com/lot/0001-10352355/motor-vehicles-motor-cycles/2012-toyota-landcruiser-prado-gx-kdj150r-turbo-diesel-automatic-wagon,[BAD_ODOMETER_RANGE],"{""year"": ""2012"", ""make"": ""TOYOTA"", ""model"": ""Landcruiser"", ""variant"": ""Prado GX KDJ150R"", ""body_type"": ""Wagon"", ""transmission"": ""Automatic"", ""fuel_type"": ""Diesel"", ""odometer_reading"": ""0"", ""vin"": ""JTEBH3FJ00K088745"", ""location"": ""NSW""}"
2026-01-27 00:28:10,https://www.grays.com/lot/0001-21062072/motor-vehicles-motor-cycles/honda-fit-hybrid-automatic-hatchback-import,[MISSING_YEAR],"{""year"": """", ""make"": ""FIT"", ""model"": ""Hybrid"", ""variant"": ""IMPORT"", ""body_type"": ""Hatchback"", ""transmission"": ""Automatic"", ""fuel_type"": ""Hybrid"", ""odometer_reading"": ""81245"", ""vin"": ""6ZZF000GP63205528"", ""location"": ""VIC""}"
2026-01-27 00:28:10,https://www.grays.com/lot/0001-21062166/motor-vehicles-motor-cycles/2005-nissan-elgrand-automatic-8-seats-van,[MISSING_BODY_TYPE],"{""year"": ""2005"", ""make"": ""NISSAN"", ""model"": ""Elgrand"", ""variant"": ""Van"", ""body_type"": """", ""transmission"": ""Automatic"", ""fuel_type"": ""Petrol"", ""odometer_reading"": ""176619"", ""vin"": ""6U900000E51110600"", ""location"": ""VIC""}"
2026-01-27 00:28:10,https://www.grays.com/lot/0001-21062167/motor-vehicles-motor-cycles/holden-rodeo-lt-v6-crew-cab-ra-automatic-dual-cab,[MISSING_YEAR],"{""year"": """", ""make"": ""RODEO"", ""model"": ""Lt"", ""variant"": ""V6 Crew Cab RA"", ""body_type"": ""Dual Cab"", ""transmission"": ""Automatic"", ""fuel_type"": ""Petrol"", ""odometer_reading"": ""246633"", ""vin"": ""MPATFS26H4H539662"", ""location"": ""VIC""}"
2026-01-27 00:28:10,https://www.grays.com/lot/0001-50714239/motor-vehicles-motor-cycles/toyota-hiace-import-wheelchair-hydraulic-lift-automatic-8-seats-van,[MISSING_YEAR],"{""year"": """", ""make"": ""HIACE"", ""model"": ""(import)"", ""variant"": ""Wheelchair Hydraulic Lift Van"", ""body_type"": """", ""transmission"": ""Automatic"", ""fuel_type"": ""Petrol"", ""odometer_reading"": ""155082"", ""vin"": ""6ZZFTRH2000227399"", ""location"": ""QLD""}"
2026-01-27 00:28:10,https://www.grays.com/lot/0001-50714240/motor-vehicles-motor-cycles/honda-jazz-hybrid-fit-automatic-hatchback,[MISSING_YEAR],"{""year"": """", ""make"": ""JAZZ"", ""model"": ""Hybrid"", ""variant"": ""Fit"", ""body_type"": ""Hatchback"", ""transmission"": ""Automatic"", ""fuel_type"": ""Hybrid"", ""odometer_reading"": ""74495"", ""vin"": ""6ZZJ000GP51341245"", ""location"": ""QLD""}"
2026-01-27 00:28:10,https://www.grays.com/lot/0001-50714280/motor-vehicles-motor-cycles/holden-captiva-7-cx-awd-cg-ii-automatic-7-seats-wagon,[MISSING_YEAR],"{""year"": """", ""make"": ""CAPTIVA"", ""model"": ""7"", ""variant"": ""CX AWD CG II"", ""body_type"": ""Wagon"", ""transmission"": ""Automatic"", ""fuel_type"": ""Petrol"", ""odometer_reading"": ""201803"", ""vin"": ""KL3CD265JDB045777"", ""location"": ""QLD""}"
2026-01-27 00:28:10,https://www.grays.com/lot/0001-50714283/motor-vehicles-motor-cycles/2016-toyota-sienta-hybrid-import-automatic-7-seats-van,[MISSING_BODY_TYPE],"{""year"": ""2016"", ""make"": ""TOYOTA"", ""model"": ""Sienta"", ""variant"": ""Hybrid (Import) Van"", ""body_type"": """", ""transmission"": ""Automatic"", ""fuel_type"": ""Hybrid"", ""odometer_reading"": ""43883"", ""vin"": ""6ZZGNHP1707064849"", ""location"": ""QLD""}"
2026-01-27 00:28:10,https://www.grays.com/lot/0001-50714301/motor-vehicles-motor-cycles/2006-mazda-b2500-fwd-manual-ute,[MISSING_FUEL_TYPE],"{""year"": ""2006"", ""make"": ""MAZDA"", ""model"": ""B2500"", ""variant"": ""FWD"", ""body_type"": ""Ute"", ""transmission"": ""Manual"", ""fuel_type"": """", ""odometer_reading"": ""248349"", ""vin"": ""MM0UNY0W300620891"", ""location"": ""QLD""}"
2026-01-27 00:28:10,https://www.grays.com/lot/0001-60050015/motor-vehicles-motor-cycles/2015-toyota-hilux-4x4-sr5-gun126r-turbo-diesel-manual-dual-cab,[BAD_ODOMETER_RANGE],"{""year"": ""2015"", ""make"": ""TOYOTA"", ""model"": ""Hilux"", ""variant"": ""4x4 SR5 GUN126R Dual Cab"", ""body_type"": ""Cab Chassis"", ""transmission"": ""Manual"", ""fuel_type"": ""Diesel"", ""odometer_reading"": ""0"", ""vin"": ""MR0HA3CDX00370678"", ""location"": ""SA""}"
2026-01-27 00:28:10,https://www.grays.com/lot/0001-60050018/motor-vehicles-motor-cycles/1994-toyota-hiace-super-custom-automatic-8-seats-van-import,[MISSING_BODY_TYPE],"{""year"": ""1994"", ""make"": ""TOYOTA"", ""model"": ""Hiace"", ""variant"": ""Super Custom Van (Import)"", ""body_type"": """", ""transmission"": ""Automatic"", ""fuel_type"": ""Diesel"", ""odometer_reading"": ""114867"", ""vin"": ""KZH1001010465"", ""location"": ""SA""}"
2026-01-27 00:28:10,https://www.grays.com/lot/0001-9066595/motor-vehicles-motor-cycles/2019-isuzu-d-max-4x2-sx-hi-ride-turbo-diesel-automatic-cab-chassis,[BAD_ODOMETER_RANGE],"{""year"": ""2019"", ""make"": ""ISUZU"", ""model"": ""D-max"", ""variant"": ""4X2 SX Hi-Ride"", ""body_type"": ""Cab Chassis"", ""transmission"": ""Automatic"", ""fuel_type"": ""Diesel"", ""odometer_reading"": ""923159"", ""vin"": ""MPATFR85JKT001292"", ""location"": ""WA""}"
2026-01-27 00:28:10,https://www.grays.com/lot/0030-8021559/motor-vehicles-motor-cycles/2003-toyota-landcruiser-hzj78r-4wd-manual-5-speed-troop-carrier,[BAD_PARSE],"{""year"": ""2003"", ""make"": ""TOYOTA"", ""model"": ""Landcruiser"", ""variant"": ""HZJ78R 4WD - Troop Carrier"", ""body_type"": ""Troop Carrier"", ""transmission"": ""Manual"", ""fuel_type"": ""Diesel"", ""odometer_reading"": ""369566"", ""vin"": ""JTERB71J100018617"", ""location"": ""NT""}"
2026-01-27 00:28:10,https://www.grays.com/lot/0031-8021559/motor-vehicles-motor-cycles/1999-toyota-landcruiser-hzj79r-4wd-manual-5-speed-ute,[MISSING_ODOMETER],"{""year"": ""1999"", ""make"": ""TOYOTA"", ""model"": ""Landcruiser"", ""variant"": ""HZJ79R 4WD"", ""body_type"": ""Ute"", ""transmission"": ""Manual"", ""fuel_type"": ""Diesel"", ""odometer_reading"": """", ""vin"": ""JTELB71J607002152"", ""location"": ""NT""}"
2026-01-27 01:00:03,https://www.grays.com/lot/0001-10352306/motor-vehicles-motor-cycles/kymco-agility-50-automatic-motorcycle,[MOTORCYCLE],"{""year"": """", ""make"": ""AGILITY"", ""model"": ""50"", ""variant"": ""Motorcycle"", ""body_type"": """", ""transmission"": ""Automatic"", ""fuel_type"": ""Petrol"", ""odometer_reading"": ""6462"", ""vin"": ""LC2U6200072600348"", ""location"": ""NSW""}"
2026-01-27 01:02:12,https://www.grays.com/lot/0001-10352355/motor-vehicles-motor-cycles/2012-toyota-landcruiser-prado-gx-kdj150r-turbo-diesel-automatic-wagon,[BAD_ODOMETER_RANGE],"{""year"": ""2012"", ""make"": ""TOYOTA"", ""model"": ""Landcruiser"", ""variant"": ""Prado GX KDJ150R"", ""body_type"": ""Wagon"", ""transmission"": ""Automatic"", ""fuel_type"": ""Diesel"", ""odometer_reading"": ""0"", ""vin"": ""JTEBH3FJ00K088745"", ""location"": ""NSW""}"
2026-01-27 01:04:24,https://www.grays.com/lot/0001-21062072/motor-vehicles-motor-cycles/honda-fit-hybrid-automatic-hatchback-import,[MISSING_YEAR],"{""year"": """", ""make"": ""FIT"", ""model"": ""Hybrid"", ""variant"": ""IMPORT"", ""body_type"": ""Hatchback"", ""transmission"": ""Automatic"", ""fuel_type"": ""Hybrid"", ""odometer_reading"": ""81245"", ""vin"": ""6ZZF000GP63205528"", ""location"": ""VIC""}"
2026-01-27 01:09:05,https://www.grays.com/lot/0001-21062166/motor-vehicles-motor-cycles/2005-nissan-elgrand-automatic-8-seats-van,[MISSING_BODY_TYPE],"{""year"": ""2005"", ""make"": ""NISSAN"", ""model"": ""Elgrand"", ""variant"": ""Van"", ""body_type"": """", ""transmission"": ""Automatic"", ""fuel_type"": ""Petrol"", ""odometer_reading"": ""176619"", ""vin"": ""6U900000E51110600"", ""location"": ""VIC""}"
2026-01-27 01:09:05,https://www.grays.com/lot/0001-21062167/motor-vehicles-motor-cycles/holden-rodeo-lt-v6-crew-cab-ra-automatic-dual-cab,[MISSING_YEAR],"{""year"": """", ""make"": ""RODEO"", ""model"": ""Lt"", ""variant"": ""V6 Crew Cab RA"", ""body_type"": ""Dual Cab"", ""transmission"": ""Automatic"", ""fuel_type"": ""Petrol"", ""odometer_reading"": ""246633"", ""vin"": ""MPATFS26H4H539662"", ""location"": ""VIC""}"
2026-01-27 01:13:24,https://www.grays.com/lot/0001-50714239/motor-vehicles-motor-cycles/toyota-hiace-import-wheelchair-hydraulic-lift-automatic-8-seats-van,[MISSING_YEAR],"{""year"": """", ""make"": ""HIACE"", ""model"": ""(import)"", ""variant"": ""Wheelchair Hydraulic Lift Van"", ""body_type"": """", ""transmission"": ""Automatic"", ""fuel_type"": ""Petrol"", ""odometer_reading"": ""155082"", ""vin"": ""6ZZFTRH2000227399"", ""location"": ""QLD""}"
2026-01-27 01:13:24,https://www.grays.com/lot/0001-50714240/motor-vehicles-motor-cycles/honda-jazz-hybrid-fit-automatic-hatchback,[MISSING_YEAR],"{""year"": """", ""make"": ""JAZZ"", ""model"": ""Hybrid"", ""variant"": ""Fit"", ""body_type"": ""Hatchback"", ""transmission"": ""Automatic"", ""fuel_type"": ""Hybrid"", ""odometer_reading"": ""74495"", ""vin"": ""6ZZJ000GP51341245"", ""location"": ""QLD""}"
2026-01-27 01:13:24,https://www.grays.com/lot/0001-50714280/motor-vehicles-motor-cycles/holden-captiva-7-cx-awd-cg-ii-automatic-7-seats-wagon,[MISSING_YEAR],"{""year"": """", ""make"": ""CAPTIVA"", ""model"": ""7"", ""variant"": ""CX AWD CG II"", ""body_type"": ""Wagon"", ""transmission"": ""Automatic"", ""fuel_type"": ""Petrol"", ""odometer_reading"": ""201803"", ""vin"": ""KL3CD265JDB045777"", ""location"": ""QLD""}"
2026-01-27 01:13:24,https://www.grays.com/lot/0001-50714283/motor-vehicles-motor-cycles/2016-toyota-sienta-hybrid-import-automatic-7-seats-van,[MISSING_BODY_TYPE],"{""year"": ""2016"", ""make"": ""TOYOTA"", ""model"": ""Sienta"", ""variant"": ""Hybrid (Import) Van"", ""body_type"": """", ""transmission"": ""Automatic"", ""fuel_type"": ""Hybrid"", ""odometer_reading"": ""43883"", ""vin"": ""6ZZGNHP1707064849"", ""location"": ""QLD""}"
2026-01-27 01:15:32,https://www.grays.com/lot/0001-50714301/motor-vehicles-motor-cycles/2006-mazda-b2500-fwd-manual-ute,[MISSING_FUEL_TYPE],"{""year"": ""2006"", ""make"": ""MAZDA"", ""model"": ""B2500"", ""variant"": ""FWD"", ""body_type"": ""Ute"", ""transmission"": ""Manual"", ""fuel_type"": """", ""odometer_reading"": ""248349"", ""vin"": ""MM0UNY0W300620891"", ""location"": ""QLD""}"
2026-01-27 01:15:32,https://www.grays.com/lot/0001-60050015/motor-vehicles-motor-cycles/2015-toyota-hilux-4x4-sr5-gun126r-turbo-diesel-manual-dual-cab,[BAD_ODOMETER_RANGE],"{""year"": ""2015"", ""make"": ""TOYOTA"", ""model"": ""Hilux"", ""variant"": ""4x4 SR5 GUN126R Dual Cab"", ""body_type"": ""Cab Chassis"", ""transmission"": ""Manual"", ""fuel_type"": ""Diesel"", ""odometer_reading"": ""0"", ""vin"": ""MR0HA3CDX00370678"", ""location"": ""SA""}"
2026-01-27 01:15:32,https://www.grays.com/lot/0001-60050018/motor-vehicles-motor-cycles/1994-toyota-hiace-super-custom-automatic-8-seats-van-import,[MISSING_BODY_TYPE],"{""year"": ""1994"", ""make"": ""TOYOTA"", ""model"": ""Hiace"", ""variant"": ""Super Custom Van (Import)"", ""body_type"": """", ""transmission"": ""Automatic"", ""fuel_type"": ""Diesel"", ""odometer_reading"": ""114867"", ""vin"": ""KZH1001010465"", ""location"": ""SA""}"
2026-01-27 01:17:45,https://www.grays.com/lot/0001-9066595/motor-vehicles-motor-cycles/2019-isuzu-d-max-4x2-sx-hi-ride-turbo-diesel-automatic-cab-chassis,[BAD_ODOMETER_RANGE],"{""year"": ""2019"", ""make"": ""ISUZU"", ""model"": ""D-max"", ""variant"": ""4X2 SX Hi-Ride"", ""body_type"": ""Cab Chassis"", ""transmission"": ""Automatic"", ""fuel_type"": ""Diesel"", ""odometer_reading"": ""923159"", ""vin"": ""MPATFR85JKT001292"", ""location"": ""WA""}"
2026-01-27 01:18:30,https://www.grays.com/lot/0030-8021559/motor-vehicles-motor-cycles/2003-toyota-landcruiser-hzj78r-4wd-manual-5-speed-troop-carrier,[BAD_PARSE],"{""year"": ""2003"", ""make"": ""TOYOTA"", ""model"": ""Landcruiser"", ""variant"": ""HZJ78R 4WD - Troop Carrier"", ""body_type"": ""Troop Carrier"", ""transmission"": ""Manual"", ""fuel_type"": ""Diesel"", ""odometer_reading"": ""369566"", ""vin"": ""JTERB71J100018617"", ""location"": ""NT""}"
2026-01-27 01:18:30,https://www.grays.com/lot/0031-8021559/motor-vehicles-motor-cycles/1999-toyota-landcruiser-hzj79r-4wd-manual-5-speed-ute,[MISSING_ODOMETER],"{""year"": ""1999"", ""make"": ""TOYOTA"", ""model"": ""Landcruiser"", ""variant"": ""HZJ79R 4WD"", ""body_type"": ""Ute"", ""transmission"": ""Manual"", ""fuel_type"": ""Diesel"", ""odometer_reading"": """", ""vin"": ""JTELB71J607002152"", ""location"": ""NT""}"
2026-01-27 01:26:36,https://www.grays.com/lot/0001-10352306/motor-vehicles-motor-cycles/kymco-agility-50-automatic-motorcycle,[MOTORCYCLE],"{""year"": """", ""make"": ""AGILITY"", ""model"": ""50"", ""variant"": ""Motorcycle"", ""body_type"": """", ""transmission"": ""Automatic"", ""fuel_type"": ""Petrol"", ""odometer_reading"": ""6462"", ""vin"": ""LC2U6200072600348"", ""location"": ""NSW""}"
2026-01-27 01:28:45,https://www.grays.com/lot/0001-10352355/motor-vehicles-motor-cycles/2012-toyota-landcruiser-prado-gx-kdj150r-turbo-diesel-automatic-wagon,[BAD_ODOMETER_RANGE],"{""year"": ""2012"", ""make"": ""TOYOTA"", ""model"": ""Landcruiser"", ""variant"": ""Prado GX KDJ150R"", ""body_type"": ""Wagon"", ""transmission"": ""Automatic"", ""fuel_type"": ""Diesel"", ""odometer_reading"": ""0"", ""vin"": ""JTEBH3FJ00K088745"", ""location"": ""NSW""}"
2026-01-27 01:30:40,https://www.grays.com/lot/0001-21062072/motor-vehicles-motor-cycles/honda-fit-hybrid-automatic-hatchback-import,[MISSING_YEAR],"{""year"": """", ""make"": ""FIT"", ""model"": ""Hybrid"", ""variant"": ""IMPORT"", ""body_type"": ""Hatchback"", ""transmission"": ""Automatic"", ""fuel_type"": ""Hybrid"", ""odometer_reading"": ""81245"", ""vin"": ""6ZZF000GP63205528"", ""location"": ""VIC""}"
2026-01-27 01:34:53,https://www.grays.com/lot/0001-21062166/motor-vehicles-motor-cycles/2005-nissan-elgrand-automatic-8-seats-van,[MISSING_BODY_TYPE],"{""year"": ""2005"", ""make"": ""NISSAN"", ""model"": ""Elgrand"", ""variant"": ""Van"", ""body_type"": """", ""transmission"": ""Automatic"", ""fuel_type"": ""Petrol"", ""odometer_reading"": ""176619"", ""vin"": ""6U900000E51110600"", ""location"": ""VIC""}"
2026-01-27 01:34:53,https://www.grays.com/lot/0001-21062167/motor-vehicles-motor-cycles/holden-rodeo-lt-v6-crew-cab-ra-automatic-dual-cab,[MISSING_YEAR],"{""year"": """", ""make"": ""RODEO"", ""model"": ""Lt"", ""variant"": ""V6 Crew Cab RA"", ""body_type"": ""Dual Cab"", ""transmission"": ""Automatic"", ""fuel_type"": ""Petrol"", ""odometer_reading"": ""246633"", ""vin"": ""MPATFS26H4H539662"", ""location"": ""VIC""}"
2026-01-27 01:39:13,https://www.grays.com/lot/0001-50714239/motor-vehicles-motor-cycles/toyota-hiace-import-wheelchair-hydraulic-lift-automatic-8-seats-van,[MISSING_YEAR],"{""year"": """", ""make"": ""HIACE"", ""model"": ""(import)"", ""variant"": ""Wheelchair Hydraulic Lift Van"", ""body_type"": """", ""transmission"": ""Automatic"", ""fuel_type"": ""Petrol"", ""odometer_reading"": ""155082"", ""vin"": ""6ZZFTRH2000227399"", ""location"": ""QLD""}"
2026-01-27 01:39:13,https://www.grays.com/lot/0001-50714240/motor-vehicles-motor-cycles/honda-jazz-hybrid-fit-automatic-hatchback,[MISSING_YEAR],"{""year"": """", ""make"": ""JAZZ"", ""model"": ""Hybrid"", ""variant"": ""Fit"", ""body_type"": ""Hatchback"", ""transmission"": ""Automatic"", ""fuel_type"": ""Hybrid"", ""odometer_reading"": ""74495"", ""vin"": ""6ZZJ000GP51341245"", ""location"": ""QLD""}"
2026-01-27 01:39:13,https://www.grays.com/lot/0001-50714280/motor-vehicles-motor-cycles/holden-captiva-7-cx-awd-cg-ii-automatic-7-seats-wagon,[MISSING_YEAR],"{""year"": """", ""make"": ""CAPTIVA"", ""model"": ""7"", ""variant"": ""CX AWD CG II"", ""body_type"": ""Wagon"", ""transmission"": ""Automatic"", ""fuel_type"": ""Petrol"", ""odometer_reading"": ""201803"", ""vin"": ""KL3CD265JDB045777"", ""location"": ""QLD""}"
2026-01-27 01:39:13,https://www.grays.com/lot/0001-50714283/motor-vehicles-motor-cycles/2016-toyota-sienta-hybrid-import-automatic-7-seats-van,[MISSING_BODY_TYPE],"{""year"": ""2016"", ""make"": ""TOYOTA"", ""model"": ""Sienta"", ""variant"": ""Hybrid (Import) Van"", ""body_type"": """", ""transmission"": ""Automatic"", ""fuel_type"": ""Hybrid"", ""odometer_reading"": ""43883"", ""vin"": ""6ZZGNHP1707064849"", ""location"": ""QLD""}"
2026-01-27 01:41:06,https://www.grays.com/lot/0001-50714301/motor-vehicles-motor-cycles/2006-mazda-b2500-fwd-manual-ute,[MISSING_FUEL_TYPE],"{""year"": ""2006"", ""make"": ""MAZDA"", ""model"": ""B2500"", ""variant"": ""FWD"", ""body_type"": ""Ute"", ""transmission"": ""Manual"", ""fuel_type"": """", ""odometer_reading"": ""248349"", ""vin"": ""MM0UNY0W300620891"", ""location"": ""QLD""}"
2026-01-27 01:41:06,https://www.grays.com/lot/0001-60050015/motor-vehicles-motor-cycles/2015-toyota-hilux-4x4-sr5-gun126r-turbo-diesel-manual-dual-cab,[BAD_ODOMETER_RANGE],"{""year"": ""2015"", ""make"": ""TOYOTA"", ""model"": ""Hilux"", ""variant"": ""4x4 SR5 GUN126R Dual Cab"", ""body_type"": ""Cab Chassis"", ""transmission"": ""Manual"", ""fuel_type"": ""Diesel"", ""odometer_reading"": ""0"", ""vin"": ""MR0HA3CDX00370678"", ""location"": ""SA""}"
2026-01-27 01:41:06,https://www.grays.com/lot/0001-60050018/motor-vehicles-motor-cycles/1994-toyota-hiace-super-custom-automatic-8-seats-van-import,[MISSING_BODY_TYPE],"{""year"": ""1994"", ""make"": ""TOYOTA"", ""model"": ""Hiace"", ""variant"": ""Super Custom Van (Import)"", ""body_type"": """", ""transmission"": ""Automatic"", ""fuel_type"": ""Diesel"", ""odometer_reading"": ""114867"", ""vin"": ""KZH1001010465"", ""location"": ""SA""}"
2026-01-27 01:42:57,https://www.grays.com/lot/0001-9066595/motor-vehicles-motor-cycles/2019-isuzu-d-max-4x2-sx-hi-ride-turbo-diesel-automatic-cab-chassis,[BAD_ODOMETER_RANGE],"{""year"": ""2019"", ""make"": ""ISUZU"", ""model"": ""D-max"", ""variant"": ""4X2 SX Hi-Ride"", ""body_type"": ""Cab Chassis"", ""transmission"": ""Automatic"", ""fuel_type"": ""Diesel"", ""odometer_reading"": ""923159"", ""vin"": ""MPATFR85JKT001292"", ""location"": ""WA""}"
2026-01-27 01:43:47,https://www.grays.com/lot/0030-8021559/motor-vehicles-motor-cycles/2003-toyota-landcruiser-hzj78r-4wd-manual-5-speed-troop-carrier,[BAD_PARSE],"{""year"": ""2003"", ""make"": ""TOYOTA"", ""model"": ""Landcruiser"", ""variant"": ""HZJ78R 4WD - Troop Carrier"", ""body_type"": ""Troop Carrier"", ""transmission"": ""Manual"", ""fuel_type"": ""Diesel"", ""odometer_reading"": ""369566"", ""vin"": ""JTERB71J100018617"", ""location"": ""NT""}"
2026-01-27 01:43:47,https://www.grays.com/lot/0031-8021559/motor-vehicles-motor-cycles/1999-toyota-landcruiser-hzj79r-4wd-manual-5-speed-ute,[MISSING_ODOMETER],"{""year"": ""1999"", ""make"": ""TOYOTA"", ""model"": ""Landcruiser"", ""variant"": ""HZJ79R 4WD"", ""body_type"": ""Ute"", ""transmission"": ""Manual"", ""fuel_type"": ""Diesel"", ""odometer_reading"": """", ""vin"": ""JTELB71J607002152"", ""location"": ""NT""}"
2026-01-27 13:48:14,https://www.grays.com/lot/0001-10352306/motor-vehicles-motor-cycles/kymco-agility-50-automatic-motorcycle,[MOTORCYCLE],"{""year"": """", ""make"": ""AGILITY"", ""model"": ""50"", ""variant"": ""Motorcycle"", ""body_type"": """", ""transmission"": ""Automatic"", ""fuel_type"": ""Petrol"", ""odometer_reading"": ""6462"", ""vin"": ""LC2U6200072600348"", ""location"": ""NSW""}"
2026-01-27 13:48:14,https://www.grays.com/lot/0001-10352355/motor-vehicles-motor-cycles/2012-toyota-landcruiser-prado-gx-kdj150r-turbo-diesel-automatic-wagon,[BAD_ODOMETER_RANGE],"{""year"": ""2012"", ""make"": ""TOYOTA"", ""model"": ""Landcruiser"", ""variant"": ""Prado GX KDJ150R"", ""body_type"": ""Wagon"", ""transmission"": ""Automatic"", ""fuel_type"": ""Diesel"", ""odometer_reading"": ""0"", ""vin"": ""JTEBH3FJ00K088745"", ""location"": ""NSW""}"
2026-01-27 13:48:14,https://www.grays.com/lot/0001-21062072/motor-vehicles-motor-cycles/honda-fit-hybrid-automatic-hatchback-import,[MISSING_YEAR],"{""year"": """", ""make"": ""FIT"", ""model"": ""Hybrid"", ""variant"": ""IMPORT"", ""body_type"": ""Hatchback"", ""transmission"": ""Automatic"", ""fuel_type"": ""Hybrid"", ""odometer_reading"": ""81245"", ""vin"": ""6ZZF000GP63205528"", ""location"": ""VIC""}"
2026-01-27 13:48:14,https://www.grays.com/lot/0001-21062166/motor-vehicles-motor-cycles/2005-nissan-elgrand-automatic-8-seats-van,[MISSING_BODY_TYPE],"{""year"": ""2005"", ""make"": ""NISSAN"", ""model"": ""Elgrand"", ""variant"": ""Van"", ""body_type"": """", ""transmission"": ""Automatic"", ""fuel_type"": ""Petrol"", ""odometer_reading"": ""176619"", ""vin"": ""6U900000E51110600"", ""location"": ""VIC""}"
2026-01-27 13:48:14,https://www.grays.com/lot/0001-21062167/motor-vehicles-motor-cycles/holden-rodeo-lt-v6-crew-cab-ra-automatic-dual-cab,[MISSING_YEAR],"{""year"": """", ""make"": ""RODEO"", ""model"": ""Lt"", ""variant"": ""V6 Crew Cab RA"", ""body_type"": ""Dual Cab"", ""transmission"": ""Automatic"", ""fuel_type"": ""Petrol"", ""odometer_reading"": ""246633"", ""vin"": ""MPATFS26H4H539662"", ""location"": ""VIC""}"
2026-01-27 13:48:14,https://www.grays.com/lot/0001-50714239/motor-vehicles-motor-cycles/toyota-hiace-import-wheelchair-hydraulic-lift-automatic-8-seats-van,[MISSING_YEAR],"{""year"": """", ""make"": ""HIACE"", ""model"": ""(import)"", ""variant"": ""Wheelchair Hydraulic Lift Van"", ""body_type"": """", ""transmission"": ""Automatic"", ""fuel_type"": ""Petrol"", ""odometer_reading"": ""155082"", ""vin"": ""6ZZFTRH2000227399"", ""location"": ""QLD""}"
2026-01-27 13:48:14,https://www.grays.com/lot/0001-50714240/motor-vehicles-motor-cycles/honda-jazz-hybrid-fit-automatic-hatchback,[MISSING_YEAR],"{""year"": """", ""make"": ""JAZZ"", ""model"": ""Hybrid"", ""variant"": ""Fit"", ""body_type"": ""Hatchback"", ""transmission"": ""Automatic"", ""fuel_type"": ""Hybrid"", ""odometer_reading"": ""74495"", ""vin"": ""6ZZJ000GP51341245"", ""location"": ""QLD""}"
2026-01-27 13:48:14,https://www.grays.com/lot/0001-50714280/motor-vehicles-motor-cycles/holden-captiva-7-cx-awd-cg-ii-automatic-7-seats-wagon,[MISSING_YEAR],"{""year"": """", ""make"": ""CAPTIVA"", ""model"": ""7"", ""variant"": ""CX AWD CG II"", ""body_type"": ""Wagon"", ""transmission"": ""Automatic"", ""fuel_type"": ""Petrol"", ""odometer_reading"": ""201803"", ""vin"": ""KL3CD265JDB045777"", ""location"": ""QLD""}"
2026-01-27 13:48:14,https://www.grays.com/lot/0001-50714283/motor-vehicles-motor-cycles/2016-toyota-sienta-hybrid-import-automatic-7-seats-van,[MISSING_BODY_TYPE],"{""year"": ""2016"", ""make"": ""TOYOTA"", ""model"": ""Sienta"", ""variant"": ""Hybrid (Import) Van"", ""body_type"": """", ""transmission"": ""Automatic"", ""fuel_type"": ""Hybrid"", ""odometer_reading"": ""43883"", ""vin"": ""6ZZGNHP1707064849"", ""location"": ""QLD""}"
2026-01-27 13:48:14,https://www.grays.com/lot/0001-50714301/motor-vehicles-motor-cycles/2006-mazda-b2500-fwd-manual-ute,[MISSING_FUEL_TYPE],"{""year"": ""2006"", ""make"": ""MAZDA"", ""model"": ""B2500"", ""variant"": ""FWD"", ""body_type"": ""Ute"", ""transmission"": ""Manual"", ""fuel_type"": """", ""odometer_reading"": ""248349"", ""vin"": ""MM0UNY0W300620891"", ""location"": ""QLD""}"
2026-01-27 13:48:14,https://www.grays.com/lot/0001-60050015/motor-vehicles-motor-cycles/2015-toyota-hilux-4x4-sr5-gun126r-turbo-diesel-manual-dual-cab,[BAD_ODOMETER_RANGE],"{""year"": ""2015"", ""make"": ""TOYOTA"", ""model"": ""Hilux"", ""variant"": ""4x4 SR5 GUN126R Dual Cab"", ""body_type"": ""Cab Chassis"", ""transmission"": ""Manual"", ""fuel_type"": ""Diesel"", ""odometer_reading"": ""0"", ""vin"": ""MR0HA3CDX00370678"", ""location"": ""SA""}"
2026-01-27 13:48:14,https://www.grays.com/lot/0001-60050018/motor-vehicles-motor-cycles/1994-toyota-hiace-super-custom-automatic-8-seats-van-import,[MISSING_BODY_TYPE],"{""year"": ""1994"", ""make"": ""TOYOTA"", ""model"": ""Hiace"", ""variant"": ""Super Custom Van (Import)"", ""body_type"": """", ""transmission"": ""Automatic"", ""fuel_type"": ""Diesel"", ""odometer_reading"": ""114867"", ""vin"": ""KZH1001010465"", ""location"": ""SA""}"
2026-01-27 13:48:14,https://www.grays.com/lot/0001-9066595/motor-vehicles-motor-cycles/2019-isuzu-d-max-4x2-sx-hi-ride-turbo-diesel-automatic-cab-chassis,[BAD_ODOMETER_RANGE],"{""year"": ""2019"", ""make"": ""ISUZU"", ""model"": ""D-max"", ""variant"": ""4X2 SX Hi-Ride"", ""body_type"": ""Cab Chassis"", ""transmission"": ""Automatic"", ""fuel_type"": ""Diesel"", ""odometer_reading"": ""923159"", ""vin"": ""MPATFR85JKT001292"", ""location"": ""WA""}"
2026-01-27 13:48:14,https://www.grays.com/lot/0030-8021559/motor-vehicles-motor-cycles/2003-toyota-landcruiser-hzj78r-4wd-manual-5-speed-troop-carrier,[BAD_PARSE],"{""year"": ""2003"", ""make"": ""TOYOTA"", ""model"": ""Landcruiser"", ""variant"": ""HZJ78R 4WD - Troop Carrier"", ""body_type"": ""Troop Carrier"", ""transmission"": ""Manual"", ""fuel_type"": ""Diesel"", ""odometer_reading"": ""369566"", ""vin"": ""JTERB71J100018617"", ""location"": ""NT""}"
2026-01-27 13:48:14,https://www.grays.com/lot/0031-8021559/motor-vehicles-motor-cycles/1999-toyota-landcruiser-hzj79r-4wd-manual-5-speed-ute,[MISSING_ODOMETER],"{""year"": ""1999"", ""make"": ""TOYOTA"", ""model"": ""Landcruiser"", ""variant"": ""HZJ79R 4WD"", ""body_type"": ""Ute"", ""transmission"": ""Manual"", ""fuel_type"": ""Diesel"", ""odometer_reading"": """", ""vin"": ""JTELB71J607002152"", ""location"": ""NT""}"
2026-01-27 13:51:43,https://www.grays.com/lot/0001-10352306/motor-vehicles-motor-cycles/kymco-agility-50-automatic-motorcycle,[MOTORCYCLE],"{""year"": """", ""make"": ""AGILITY"", ""model"": ""50"", ""variant"": ""Motorcycle"", ""body_type"": """", ""transmission"": ""Automatic"", ""fuel_type"": ""Petrol"", ""odometer_reading"": ""6462"", ""vin"": ""LC2U6200072600348"", ""location"": ""NSW""}"
2026-01-27 13:52:57,https://www.grays.com/lot/0001-10352355/motor-vehicles-motor-cycles/2012-toyota-landcruiser-prado-gx-kdj150r-turbo-diesel-automatic-wagon,[BAD_ODOMETER_RANGE],"{""year"": ""2012"", ""make"": ""TOYOTA"", ""model"": ""Landcruiser"", ""variant"": ""Prado GX KDJ150R"", ""body_type"": ""Wagon"", ""transmission"": ""Automatic"", ""fuel_type"": ""Diesel"", ""odometer_reading"": ""0"", ""vin"": ""JTEBH3FJ00K088745"", ""location"": ""NSW""}"
2026-01-27 13:54:11,https://www.grays.com/lot/0001-21062072/motor-vehicles-motor-cycles/honda-fit-hybrid-automatic-hatchback-import,[MISSING_YEAR],"{""year"": """", ""make"": ""FIT"", ""model"": ""Hybrid"", ""variant"": ""IMPORT"", ""body_type"": ""Hatchback"", ""transmission"": ""Automatic"", ""fuel_type"": ""Hybrid"", ""odometer_reading"": ""81245"", ""vin"": ""6ZZF000GP63205528"", ""location"": ""VIC""}"
2026-01-27 13:56:45,https://www.grays.com/lot/0001-21062166/motor-vehicles-motor-cycles/2005-nissan-elgrand-automatic-8-seats-van,[MISSING_BODY_TYPE],"{""year"": ""2005"", ""make"": ""NISSAN"", ""model"": ""Elgrand"", ""variant"": ""Van"", ""body_type"": """", ""transmission"": ""Automatic"", ""fuel_type"": ""Petrol"", ""odometer_reading"": ""176619"", ""vin"": ""6U900000E51110600"", ""location"": ""VIC""}"
2026-01-27 13:56:45,https://www.grays.com/lot/0001-21062167/motor-vehicles-motor-cycles/holden-rodeo-lt-v6-crew-cab-ra-automatic-dual-cab,[MISSING_YEAR],"{""year"": """", ""make"": ""RODEO"", ""model"": ""Lt"", ""variant"": ""V6 Crew Cab RA"", ""body_type"": ""Dual Cab"", ""transmission"": ""Automatic"", ""fuel_type"": ""Petrol"", ""odometer_reading"": ""246633"", ""vin"": ""MPATFS26H4H539662"", ""location"": ""VIC""}"
2026-01-27 13:59:20,https://www.grays.com/lot/0001-50714239/motor-vehicles-motor-cycles/toyota-hiace-import-wheelchair-hydraulic-lift-automatic-8-seats-van,[MISSING_YEAR],"{""year"": """", ""make"": ""HIACE"", ""model"": ""(import)"", ""variant"": ""Wheelchair Hydraulic Lift Van"", ""body_type"": """", ""transmission"": ""Automatic"", ""fuel_type"": ""Petrol"", ""odometer_reading"": ""155082"", ""vin"": ""6ZZFTRH2000227399"", ""location"": ""QLD""}"
2026-01-27 13:59:20,https://www.grays.com/lot/0001-50714240/motor-vehicles-motor-cycles/honda-jazz-hybrid-fit-automatic-hatchback,[MISSING_YEAR],"{""year"": """", ""make"": ""JAZZ"", ""model"": ""Hybrid"", ""variant"": ""Fit"", ""body_type"": ""Hatchback"", ""transmission"": ""Automatic"", ""fuel_type"": ""Hybrid"", ""odometer_reading"": ""74495"", ""vin"": ""6ZZJ000GP51341245"", ""location"": ""QLD""}"
2026-01-27 13:59:20,https://www.grays.com/lot/0001-50714280/motor-vehicles-motor-cycles/holden-captiva-7-cx-awd-cg-ii-automatic-7-seats-wagon,[MISSING_YEAR],"{""year"": """", ""make"": ""CAPTIVA"", ""model"": ""7"", ""variant"": ""CX AWD CG II"", ""body_type"": ""Wagon"", ""transmission"": ""Automatic"", ""fuel_type"": ""Petrol"", ""odometer_reading"": ""201803"", ""vin"": ""KL3CD265JDB045777"", ""location"": ""QLD""}"
2026-01-27 13:59:20,https://www.grays.com/lot/0001-50714283/motor-vehicles-motor-cycles/2016-toyota-sienta-hybrid-import-automatic-7-seats-van,[MISSING_BODY_TYPE],"{""year"": ""2016"", ""make"": ""TOYOTA"", ""model"": ""Sienta"", ""variant"": ""Hybrid (Import) Van"", ""body_type"": """", ""transmission"": ""Automatic"", ""fuel_type"": ""Hybrid"", ""odometer_reading"": ""43883"", ""vin"": ""6ZZGNHP1707064849"", ""location"": ""QLD""}"
2026-01-27 14:00:32,https://www.grays.com/lot/0001-50714301/motor-vehicles-motor-cycles/2006-mazda-b2500-fwd-manual-ute,[MISSING_FUEL_TYPE],"{""year"": ""2006"", ""make"": ""MAZDA"", ""model"": ""B2500"", ""variant"": ""FWD"", ""body_type"": ""Ute"", ""transmission"": ""Manual"", ""fuel_type"": """", ""odometer_reading"": ""248349"", ""vin"": ""MM0UNY0W300620891"", ""location"": ""QLD""}"
2026-01-27 14:00:32,https://www.grays.com/lot/0001-60050015/motor-vehicles-motor-cycles/2015-toyota-hilux-4x4-sr5-gun126r-turbo-diesel-manual-dual-cab,[BAD_ODOMETER_RANGE],"{""year"": ""2015"", ""make"": ""TOYOTA"", ""model"": ""Hilux"", ""variant"": ""4x4 SR5 GUN126R Dual Cab"", ""body_type"": ""Cab Chassis"", ""transmission"": ""Manual"", ""fuel_type"": ""Diesel"", ""odometer_reading"": ""0"", ""vin"": ""MR0HA3CDX00370678"", ""location"": ""SA""}"
2026-01-27 14:00:32,https://www.grays.com/lot/0001-60050018/motor-vehicles-motor-cycles/1994-toyota-hiace-super-custom-automatic-8-seats-van-import,[MISSING_BODY_TYPE],"{""year"": ""1994"", ""make"": ""TOYOTA"", ""model"": ""Hiace"", ""variant"": ""Super Custom Van (Import)"", ""body_type"": """", ""transmission"": ""Automatic"", ""fuel_type"": ""Diesel"", ""odometer_reading"": ""114867"", ""vin"": ""KZH1001010465"", ""location"": ""SA""}"
2026-01-27 14:01:44,https://www.grays.com/lot/0001-9066595/motor-vehicles-motor-cycles/2019-isuzu-d-max-4x2-sx-hi-ride-turbo-diesel-automatic-cab-chassis,[BAD_ODOMETER_RANGE],"{""year"": ""2019"", ""make"": ""ISUZU"", ""model"": ""D-max"", ""variant"": ""4X2 SX Hi-Ride"", ""body_type"": ""Cab Chassis"", ""transmission"": ""Automatic"", ""fuel_type"": ""Diesel"", ""odometer_reading"": ""923159"", ""vin"": ""MPATFR85JKT001292"", ""location"": ""WA""}"
2026-01-27 14:02:18,https://www.grays.com/lot/0030-8021559/motor-vehicles-motor-cycles/2003-toyota-landcruiser-hzj78r-4wd-manual-5-speed-troop-carrier,[BAD_PARSE],"{""year"": ""2003"", ""make"": ""TOYOTA"", ""model"": ""Landcruiser"", ""variant"": ""HZJ78R 4WD - Troop Carrier"", ""body_type"": ""Troop Carrier"", ""transmission"": ""Manual"", ""fuel_type"": ""Diesel"", ""odometer_reading"": ""369566"", ""vin"": ""JTERB71J100018617"", ""location"": ""NT""}"
2026-01-27 14:02:18,https://www.grays.com/lot/0031-8021559/motor-vehicles-motor-cycles/1999-toyota-landcruiser-hzj79r-4wd-manual-5-speed-ute,[MISSING_ODOMETER],"{""year"": ""1999"", ""make"": ""TOYOTA"", ""model"": ""Landcruiser"", ""variant"": ""HZJ79R 4WD"", ""body_type"": ""Ute"", ""transmission"": ""Manual"", ""fuel_type"": ""Diesel"", ""odometer_reading"": """", ""vin"": ""JTELB71J607002152"", ""location"": ""NT""}"
2026-01-27 21:03:13,https://www.grays.com/lot/0001-10352355/motor-vehicles-motor-cycles/2012-toyota-landcruiser-prado-gx-kdj150r-turbo-diesel-automatic-wagon,[BAD_ODOMETER_RANGE],"{""year"": ""2012"", ""make"": ""TOYOTA"", ""model"": ""Landcruiser"", ""variant"": ""Prado GX KDJ150R"", ""body_type"": ""Wagon"", ""transmission"": ""Automatic"", ""fuel_type"": ""Diesel"", ""odometer_reading"": ""0"", ""vin"": ""JTEBH3FJ00K088745"", ""location"": ""NSW""}"
2026-01-27 21:03:13,https://www.grays.com/lot/0001-21062131/motor-vehicles-motor-cycles/audi-a4-1-8-tfsi-b8-automatic-sedan,[MISSING_YEAR],"{""year"": """", ""make"": ""A4"", ""model"": ""1.8"", ""variant"": ""TFSI B8"", ""body_type"": ""Sedan"", ""transmission"": ""Automatic"", ""fuel_type"": ""Diesel"", ""odometer_reading"": ""181084"", ""vin"": ""WAUZZZ8KXAA073828"", ""location"": ""VIC""}"
2026-01-27 21:03:13,https://www.grays.com/lot/0001-21062167/motor-vehicles-motor-cycles/holden-rodeo-lt-v6-crew-cab-ra-automatic-dual-cab,[MISSING_YEAR],"{""year"": """", ""make"": ""RODEO"", ""model"": ""Lt"", ""variant"": ""V6 Crew Cab RA"", ""body_type"": ""Dual Cab"", ""transmission"": ""Automatic"", ""fuel_type"": ""Petrol"", ""odometer_reading"": ""246633"", ""vin"": ""MPATFS26H4H539662"", ""location"": ""VIC""}"
2026-01-27 21:03:13,https://www.grays.com/lot/0001-50714280/motor-vehicles-motor-cycles/holden-captiva-7-cx-awd-cg-ii-automatic-7-seats-wagon,[MISSING_YEAR],"{""year"": """", ""make"": ""CAPTIVA"", ""model"": ""7"", ""variant"": ""CX AWD CG II"", ""body_type"": ""Wagon"", ""transmission"": ""Automatic"", ""fuel_type"": ""Petrol"", ""odometer_reading"": ""201803"", ""vin"": ""KL3CD265JDB045777"", ""location"": ""QLD""}"
2026-01-27 21:03:13,https://www.grays.com/lot/0001-50714301/motor-vehicles-motor-cycles/2006-mazda-b2500-fwd-manual-ute,[MISSING_FUEL_TYPE],"{""year"": ""2006"", ""make"": ""MAZDA"", ""model"": ""B2500"", ""variant"": ""FWD"", ""body_type"": ""Ute"", ""transmission"": ""Manual"", ""fuel_type"": """", ""odometer_reading"": ""248349"", ""vin"": ""MM0UNY0W300620891"", ""location"": ""QLD""}"
2026-01-27 21:03:13,https://www.grays.com/lot/0001-60050015/motor-vehicles-motor-cycles/2015-toyota-hilux-4x4-sr5-gun126r-turbo-diesel-manual-dual-cab,[BAD_ODOMETER_RANGE],"{""year"": ""2015"", ""make"": ""TOYOTA"", ""model"": ""Hilux"", ""variant"": ""4x4 SR5 GUN126R Dual Cab"", ""body_type"": ""Cab Chassis"", ""transmission"": ""Manual"", ""fuel_type"": ""Diesel"", ""odometer_reading"": ""0"", ""vin"": ""MR0HA3CDX00370678"", ""location"": ""SA""}"
2026-01-27 21:03:13,https://www.grays.com/lot/0001-60050018/motor-vehicles-motor-cycles/1994-toyota-hiace-super-custom-automatic-8-seats-van-import,[MISSING_BODY_TYPE],"{""year"": ""1994"", ""make"": ""TOYOTA"", ""model"": ""Hiace"", ""variant"": ""Super Custom Van (Import)"", ""body_type"": """", ""transmission"": ""Automatic"", ""fuel_type"": ""Diesel"", ""odometer_reading"": ""114867"", ""vin"": ""KZH1001010465"", ""location"": ""SA""}"
2026-01-27 21:03:13,https://www.grays.com/lot/0001-60050040/motor-vehicles-motor-cycles/2017-mazda-bt-50-4x4-xt-turbo-diesel-manual-extra-cab,[BAD_PARSE],"{""year"": ""2017"", ""make"": ""MAZDA"", ""model"": ""Bt-50"", ""variant"": ""4X4 XT Extra Cab"", ""body_type"": ""Extra Cab"", ""transmission"": ""Manual"", ""fuel_type"": ""Diesel"", ""odometer_reading"": ""156210"", ""vin"": ""MM0UR0YG100780176"", ""location"": ""SA""}"
2026-01-27 21:03:13,https://www.grays.com/lot/0001-9066595/motor-vehicles-motor-cycles/2019-isuzu-d-max-4x2-sx-hi-ride-turbo-diesel-automatic-cab-chassis,[BAD_ODOMETER_RANGE],"{""year"": ""2019"", ""make"": ""ISUZU"", ""model"": ""D-max"", ""variant"": ""4X2 SX Hi-Ride"", ""body_type"": ""Cab Chassis"", ""transmission"": ""Automatic"", ""fuel_type"": ""Diesel"", ""odometer_reading"": ""923159"", ""vin"": ""MPATFR85JKT001292"", ""location"": ""WA""}"
2026-01-27 21:03:13,https://www.grays.com/lot/0030-8021559/motor-vehicles-motor-cycles/2003-toyota-landcruiser-hzj78r-4wd-manual-5-speed-troop-carrier,[BAD_PARSE],"{""year"": ""2003"", ""make"": ""TOYOTA"", ""model"": ""Landcruiser"", ""variant"": ""HZJ78R 4WD - Troop Carrier"", ""body_type"": ""Troop Carrier"", ""transmission"": ""Manual"", ""fuel_type"": ""Diesel"", ""odometer_reading"": ""369566"", ""vin"": ""JTERB71J100018617"", ""location"": ""NT""}"
2026-01-27 21:03:13,https://www.grays.com/lot/0031-8021559/motor-vehicles-motor-cycles/1999-toyota-landcruiser-hzj79r-4wd-manual-5-speed-ute,[MISSING_ODOMETER],"{""year"": ""1999"", ""make"": ""TOYOTA"", ""model"": ""Landcruiser"", ""variant"": ""HZJ79R 4WD"", ""body_type"": ""Ute"", ""transmission"": ""Manual"", ""fuel_type"": ""Diesel"", ""odometer_reading"": """", ""vin"": ""JTELB71J607002152"", ""location"": ""NT""}"
2026-01-29 01:00:35,https://www.grays.com/lot/0001-10913001/motor-vehicles-motor-cycles/mercedes-benz-c220-cdi-classic-w204-turbo-diesel-automatic-sedan,[MISSING_YEAR],"{""year"": """", ""make"": ""BENZ"", ""model"": ""C220"", ""variant"": ""CDI Classic W204"", ""body_type"": ""Sedan"", ""transmission"": ""Automatic"", ""fuel_type"": ""Diesel"", ""odometer_reading"": ""237706"", ""vin"": ""WDD2040082A240153"", ""location"": ""NSW""}"
2026-01-29 01:00:35,https://www.grays.com/lot/0001-10913006/motor-vehicles-motor-cycles/citroen-c5-hdi-exclusive-turbo-diesel-automatic-sedan,[MISSING_YEAR],"{""year"": """", ""make"": ""C5"", ""model"": ""Hdi"", ""variant"": ""Exclusive"", ""body_type"": ""Sedan"", ""transmission"": ""Automatic"", ""fuel_type"": ""Diesel"", ""odometer_reading"": ""196243"", ""vin"": ""VF7RDX8ZABL531716"", ""location"": ""NSW""}"
2026-01-29 01:00:35,https://www.grays.com/lot/0001-21062131/motor-vehicles-motor-cycles/audi-a4-1-8-tfsi-b8-automatic-sedan,[MISSING_YEAR],"{""year"": """", ""make"": ""A4"", ""model"": ""1.8"", ""variant"": ""TFSI B8"", ""body_type"": ""Sedan"", ""transmission"": ""Automatic"", ""fuel_type"": ""Diesel"", ""odometer_reading"": ""181084"", ""vin"": ""WAUZZZ8KXAA073828"", ""location"": ""VIC""}"
2026-01-29 01:00:35,https://www.grays.com/lot/0001-21062254/motor-vehicles-motor-cycles/bmw-x5-xdrive-50i-sport-e70-lci-automatic-8-speed-wagon,[MISSING_YEAR],"{""year"": """", ""make"": ""X5"", ""model"": ""Xdrive"", ""variant"": ""50i SPORT E70 LCI"", ""body_type"": ""Wagon"", ""transmission"": ""Automatic"", ""fuel_type"": ""Petrol"", ""odometer_reading"": ""207821"", ""vin"": ""WBAZV82010LL67084"", ""location"": ""VIC""}"
2026-01-29 01:00:35,https://www.grays.com/lot/0001-21062270/motor-vehicles-motor-cycles/mitsubishi-outlander-ls-2wd-zk-cvt-wagon,[MISSING_YEAR],"{""year"": """", ""make"": ""OUTLANDER"", ""model"": ""Ls"", ""variant"": ""2WD ZK"", ""body_type"": ""Wagon"", ""transmission"": ""CVT"", ""fuel_type"": ""Petrol"", ""odometer_reading"": ""126122"", ""vin"": ""JMFXTGF7WGJ000989"", ""location"": ""VIC""}"
2026-01-29 01:00:35,https://www.grays.com/lot/0001-21062315/motor-vehicles-motor-cycles/mercedes-benz-sprinter-416-cdi-lwb-h-roof-turbo-diesel-automatic-van,[MISSING_YEAR],"{""year"": """", ""make"": ""BENZ"", ""model"": ""Sprinter"", ""variant"": ""416 CDI LWB H ROOF Van"", ""body_type"": ""Van"", ""transmission"": ""Automatic"", ""fuel_type"": ""Diesel"", ""odometer_reading"": ""356126"", ""vin"": ""WDB9066552P283483"", ""location"": ""VIC""}"
2026-01-29 01:01:46,https://www.grays.com/lot/0001-50714363/motor-vehicles-motor-cycles/2014-nissan-serena-automatic-8-seats-van,[MISSING_BODY_TYPE],"{""year"": ""2014"", ""make"": ""NISSAN"", ""model"": ""Serena"", ""variant"": ""Van"", ""body_type"": """", ""transmission"": ""Automatic"", ""fuel_type"": ""Hybrid"", ""odometer_reading"": ""98619"", ""vin"": ""6ZZE00HFC26230548"", ""location"": ""QLD""}"
2026-01-29 01:01:46,https://www.grays.com/lot/0001-60050011/motor-vehicles-motor-cycles/subaru-tribeca-3-6r-premium-b9-automatic-7-seats-wagon,[MISSING_YEAR],"{""year"": """", ""make"": ""TRIBECA"", ""model"": ""3.6r"", ""variant"": ""PREMIUM B9"", ""body_type"": ""Wagon"", ""transmission"": ""Automatic"", ""fuel_type"": ""Petrol"", ""odometer_reading"": ""166502"", ""vin"": ""4S4WXFKU58S017828"", ""location"": ""SA""}"
2026-01-29 01:01:46,https://www.grays.com/lot/0001-60050035/motor-vehicles-motor-cycles/nissan-navara-4x4-st-r-d22-turbo-diesel-manual-dual-cab,[MISSING_YEAR],"{""year"": """", ""make"": ""NAVARA"", ""model"": ""4x4"", ""variant"": ""ST-R D22 Dual Cab"", ""body_type"": ""Cab Chassis"", ""transmission"": ""Manual"", ""fuel_type"": ""Diesel"", ""odometer_reading"": ""325509"", ""vin"": ""JN1CPUD22A0021039"", ""location"": ""SA""}"
2026-01-29 01:01:46,https://www.grays.com/lot/0001-60050040/motor-vehicles-motor-cycles/2017-mazda-bt-50-4x4-xt-turbo-diesel-manual-extra-cab,[BAD_PARSE],"{""year"": ""2017"", ""make"": ""MAZDA"", ""model"": ""Bt-50"", ""variant"": ""4X4 XT Extra Cab"", ""body_type"": ""Extra Cab"", ""transmission"": ""Manual"", ""fuel_type"": ""Diesel"", ""odometer_reading"": ""156210"", ""vin"": ""MM0UR0YG100780176"", ""location"": ""SA""}"
2026-01-29 01:01:46,https://www.grays.com/lot/0001-60050057/motor-vehicles-motor-cycles/2014-mitsubishi-outlander-phev-4wd-zj-direct-drive-wagon,[MISSING_TRANSMISSION],"{""year"": ""2014"", ""make"": ""MITSUBISHI"", ""model"": ""Outlander"", ""variant"": ""PHEV 4WD ZJ Direct Drive"", ""body_type"": ""Wagon"", ""transmission"": """", ""fuel_type"": ""Hybrid"", ""odometer_reading"": ""190234"", ""vin"": ""JMFXDGG2WEZ000643"", ""location"": ""SA""}"
2026-01-29 01:01:46,https://www.grays.com/lot/0030-8021559/motor-vehicles-motor-cycles/2003-toyota-landcruiser-hzj78r-4wd-manual-5-speed-troop-carrier,[BAD_PARSE],"{""year"": ""2003"", ""make"": ""TOYOTA"", ""model"": ""Landcruiser"", ""variant"": ""HZJ78R 4WD - Troop Carrier"", ""body_type"": ""Troop Carrier"", ""transmission"": ""Manual"", ""fuel_type"": ""Diesel"", ""odometer_reading"": ""369566"", ""vin"": ""JTERB71J100018617"", ""location"": ""NT""}"
2026-01-29 01:01:46,https://www.grays.com/lot/0031-8021559/motor-vehicles-motor-cycles/1999-toyota-landcruiser-hzj79r-4wd-manual-5-speed-ute,[MISSING_ODOMETER],"{""year"": ""1999"", ""make"": ""TOYOTA"", ""model"": ""Landcruiser"", ""variant"": ""HZJ79R 4WD"", ""body_type"": ""Ute"", ""transmission"": ""Manual"", ""fuel_type"": ""Diesel"", ""odometer_reading"": """", ""vin"": ""JTELB71J607002152"", ""location"": ""NT""}"
