url,year,make,model,variant,body_type,transmission,fuel_type,odometer_reading,no_of_seats,vin,rego_no,rego_expiry,no_of_cylinders,engine_capacity,exterior_colour,interior_colour,key,spare_key,owners_manual,service_history,engine_turns_over,location,general_condition,canonical_tag,canonical_reason,status,last_observed_price,price,bids,time_remaining_or_date_sold,date_sold
https://www.grays.com/lot/0001-10352883/motor-vehicles-motor-cycles/2016-lexus-rx-350-rx350-f-sport-ggl25r-automatic-8-speed-wagon,,,,,,,,,,,,Unregistered,,,,,,,,,,,,,,pending_final_sale_price,15900.0,,209.0,10 March 2026 20:15 AEDT,2026-03-10
https://www.grays.com/lot/0001-10352884/motor-vehicles-motor-cycles/2012-kia-grand-carnival-s-vq-automatic-8-seats-people-mover,,,,,,,,,,,,Unregistered,,,,,,,,,,,,,,pending_final_sale_price,4100.0,,42.0,10 March 2026 20:15 AEDT,2026-03-10
https://www.grays.com/lot/0001-10352888/motor-vehicles-motor-cycles/2007-toyota-corolla-ascent-zre152r-automatic-sedan,,,,,,,,,,,,Unregistered,,,,,,,,,,,,,,pending_final_sale_price,3800.0,,50.0,10 March 2026 20:15 AEDT,2026-03-10
https://www.grays.com/lot/0001-10352907/motor-vehicles-motor-cycles/2013-jeep-grand-cherokee-limited-wk-turbo-diesel-automatic-8-speed-wagon,,,,,,,,,,,,Unregistered,,,,,,,,,,,,,,pending_final_sale_price,5509.0,,102.0,10 March 2026 20:15 AEDT,2026-03-10
https://www.grays.com/lot/0001-10352908/motor-vehicles-motor-cycles/2012-nissan-navara-4x4-st-d40-turbo-diesel-manual-dual-cab,,,,,,,,,,,,Unregistered,,,,,,,,,,,,,,pending_final_sale_price,6259.0,,85.0,10 March 2026 20:15 AEDT,2026-03-10
https://www.grays.com/lot/0001-10352925/motor-vehicles-motor-cycles/2016-land-rover-range-rover-sport-3-0-v6sc-hst-automatic-8-speed-wagon,,,,,,,,,,,,Unregistered,,,,,,,,,,,,,,pending_final_sale_price,36750.0,,303.0,10 March 2026 20:15 AEDT,2026-03-10
https://www.grays.com/lot/0001-10352927/motor-vehicles-motor-cycles/2019-honda-civic-vti-l-10th-gen-cvt-sedan,,,,,,,,,,,,Unregistered,,,,,,,,,,,,,,pending_final_sale_price,12400.0,,139.0,11 March 2026 20:00 AEDT,2026-03-11
https://www.grays.com/lot/0001-10352932/motor-vehicles-motor-cycles/2009-nissan-elgrand-automatic-8-seats-people-mover,,,,,,,,,,,,Unregistered,,,,,,,,,,,,,,pending_final_sale_price,1109.0,,18.0,11 March 2026 20:05 AEDT,2026-03-11
https://www.grays.com/lot/0001-10352933/motor-vehicles-motor-cycles/2013-great-wall-x200-4x4-turbo-diesel-automatic-wagon,,,,,,,,,,,,Unregistered,,,,,,,,,,,,,,pending_final_sale_price,810.0,,8.0,10 March 2026 20:15 AEDT,2026-03-10
https://www.grays.com/lot/0001-10352934/motor-vehicles-motor-cycles/2019-mg-mg3-core-automatic-hatchback-79-611kms,,,,,,,,,,,,Unregistered,,,,,,,,,,,,,,pending_final_sale_price,6000.0,,47.0,10 March 2026 20:15 AEDT,2026-03-10
https://www.grays.com/lot/0001-10352935/motor-vehicles-motor-cycles/2009-renault-koleos-privilege-cvt-wagon,,,,,,,,,,,,Unregistered,,,,,,,,,,,,,,pending_final_sale_price,2409.0,,28.0,10 March 2026 20:15 AEDT,2026-03-10
https://www.grays.com/lot/0001-10352936/motor-vehicles-motor-cycles/2012-mazda-cx-5-maxx-sport-ke-turbo-diesel-automatic-wagon,,,,,,,,,,,,Unregistered,,,,,,,,,,,,,,pending_final_sale_price,3509.0,,44.0,10 March 2026 20:15 AEDT,2026-03-10
https://www.grays.com/lot/0001-10352938/motor-vehicles-motor-cycles/2014-jeep-cherokee-limited-4x4-kl-9-auto-wagon,,,,,,,,,,,,Unregistered,,,,,,,,,,,,,,pending_final_sale_price,2000.0,,39.0,10 March 2026 20:15 AEDT,2026-03-10
https://www.grays.com/lot/0001-10352939/motor-vehicles-motor-cycles/2008-toyota-kluger-4x2-kx-r-gsu40r-automatic-7-seats-wagon,,,,,,,,,,,,Unregistered,,,,,,,,,,,,,,pending_final_sale_price,3200.0,,37.0,10 March 2026 20:15 AEDT,2026-03-10
https://www.grays.com/lot/0001-10352940/motor-vehicles-motor-cycles/2013-hyundai-veloster-sr-turbo-fs-manual-coupe,,,,,,,,,,,,Unregistered,,,,,,,,,,,,,,pending_final_sale_price,4810.0,,64.0,10 March 2026 20:15 AEDT,2026-03-10
https://www.grays.com/lot/0001-21063313/motor-vehicles-motor-cycles/2022-mitsubishi-pajero-sport-glx-4wd-qf-t-d-auto-8-speed-ex-gov,,,,,,,,,,,,Unregistered,,,,,,,,,,,,,,pending_final_sale_price,32500.0,,182.0,10 March 2026 20:00 AEDT,2026-03-10
https://www.grays.com/lot/0001-21063314/motor-vehicles-motor-cycles/2021-subaru-forester-2-5i-l-s5-cvt-wagon-ex-gov,,,,,,,,,,,,Unregistered,,,,,,,,,,,,,,pending_final_sale_price,22800.0,,210.0,10 March 2026 20:00 AEDT,2026-03-10
https://www.grays.com/lot/0001-21063332/motor-vehicles-motor-cycles/2020-hyundai-iload-tq-ii-turbo-diesel-automatic-van-ex-gov,,,,,,,,,,,,Unregistered,,,,,,,,,,,,,,pending_final_sale_price,28701.0,,405.0,10 March 2026 20:00 AEDT,2026-03-10
https://www.grays.com/lot/0001-21063333/motor-vehicles-motor-cycles/2020-ford-ranger-xl-4x4-px-iii-t-d-auto-cab-chassis-ex-gov,,,,,,,,,,,,Unregistered,,,,,,,,,,,,,,pending_final_sale_price,17500.0,,99.0,10 March 2026 20:00 AEDT,2026-03-10
https://www.grays.com/lot/0001-21063639/motor-vehicles-motor-cycles/2007-mitsubishi-lancer-es-cj-cvt-sedan,,,,,,,,,,,,Unregistered,,,,,,,,,,,,,,pending_final_sale_price,1309.0,,14.0,10 March 2026 20:00 AEDT,2026-03-10
https://www.grays.com/lot/0001-21063657/motor-vehicles-motor-cycles/2012-ford-fiesta-zetec-wt-automatic-hatchback,,,,,,,,,,,,Unregistered,,,,,,,,,,,,,,pending_final_sale_price,1009.0,,20.0,10 March 2026 20:00 AEDT,2026-03-10
https://www.grays.com/lot/0001-21063675/motor-vehicles-motor-cycles/2013-mazda-cx-5-maxx-sport-ke-turbo-diesel-automatic-wagon,,,,,,,,,,,,Unregistered,,,,,,,,,,,,,,pending_final_sale_price,3109.0,,35.0,10 March 2026 20:00 AEDT,2026-03-10
https://www.grays.com/lot/0001-21063677/motor-vehicles-motor-cycles/2017-land-rover-range-rover-sport-3-0-tdv6-se-t-d-auto-8-speed-wagon,,,,,,,,,,,,Unregistered,,,,,,,,,,,,,,pending_final_sale_price,33300.0,,328.0,10 March 2026 20:00 AEDT,2026-03-10
https://www.grays.com/lot/0001-21063678/motor-vehicles-motor-cycles/2020-mazda-bt-50-4x2-xtr-turbo-diesel-automatic-dual-cab,,,,,,,,,,,,Unregistered,,,,,,,,,,,,,,pending_final_sale_price,14000.0,,208.0,10 March 2026 20:00 AEDT,2026-03-10
https://www.grays.com/lot/0001-21063679/motor-vehicles-motor-cycles/2004-nissan-x-trail-ti-luxury-t30-automatic-wagon,,,,,,,,,,,,Unregistered,,,,,,,,,,,,,,pending_final_sale_price,709.0,,8.0,10 March 2026 20:00 AEDT,2026-03-10
https://www.grays.com/lot/0001-21063680/motor-vehicles-motor-cycles/2010-honda-jazz-vti-ge-automatic-hatchback,,,,,,,,,,,,Unregistered,,,,,,,,,,,,,,pending_final_sale_price,3900.0,,39.0,10 March 2026 20:00 AEDT,2026-03-10
https://www.grays.com/lot/0001-21063681/motor-vehicles-motor-cycles/2017-ford-ranger-xlt-4x2-hi-rider-px-ii-turbo-diesel-automatic-ute,,,,,,,,,,,,Unregistered,,,,,,,,,,,,,,pending_final_sale_price,13275.0,,184.0,10 March 2026 20:00 AEDT,2026-03-10
https://www.grays.com/lot/0001-21063692/motor-vehicles-motor-cycles/2014-holden-cruze-z-series-jh-automatic-sedan,,,,,,,,,,,,Unregistered,,,,,,,,,,,,,,pending_final_sale_price,1809.0,,24.0,10 March 2026 20:05 AEDT,2026-03-10
https://www.grays.com/lot/0001-21063693/motor-vehicles-motor-cycles/2010-volvo-xc90-3-2-r-design-automatic-7-seats-wagon,,,,,,,,,,,,Unregistered,,,,,,,,,,,,,,pending_final_sale_price,2400.0,,46.0,10 March 2026 20:00 AEDT,2026-03-10
https://www.grays.com/lot/0001-21063701/motor-vehicles-motor-cycles/2008-volkswagen-golf-gti-a5-automatic-hatchback,,,,,,,,,,,,Unregistered,,,,,,,,,,,,,,pending_final_sale_price,2300.0,,25.0,10 March 2026 20:00 AEDT,2026-03-10
https://www.grays.com/lot/0001-21063702/motor-vehicles-motor-cycles/1998-holden-combo-sb-manual-van,,,,,,,,,,,,Unregistered,,,,,,,,,,,,,,pending_final_sale_price,509.0,,7.0,10 March 2026 20:00 AEDT,2026-03-10
https://www.grays.com/lot/0001-21063703/motor-vehicles-motor-cycles/2006-toyota-aurion-at-x-gsv40r-automatic-sedan,,,,,,,,,,,,Unregistered,,,,,,,,,,,,,,pending_final_sale_price,3109.0,,41.0,10 March 2026 20:00 AEDT,2026-03-10
https://www.grays.com/lot/0001-21063704/motor-vehicles-motor-cycles/2019-holden-trax-ltz-tj-automatic-wagon,,,,,,,,,,,,Unregistered,,,,,,,,,,,,,,pending_final_sale_price,3309.0,,47.0,10 March 2026 20:00 AEDT,2026-03-10
https://www.grays.com/lot/0001-21063705/motor-vehicles-motor-cycles/2009-ford-territory-ts-sy-ii-automatic-wagon,,,,,,,,,,,,Unregistered,,,,,,,,,,,,,,pending_final_sale_price,809.0,,14.0,10 March 2026 20:00 AEDT,2026-03-10
https://www.grays.com/lot/0001-21063706/motor-vehicles-motor-cycles/2009-subaru-forester-x-s3-manual-wagon,,,,,,,,,,,,Unregistered,,,,,,,,,,,,,,pending_final_sale_price,2300.0,,24.0,10 March 2026 20:00 AEDT,2026-03-10
https://www.grays.com/lot/0001-21063707/motor-vehicles-motor-cycles/2011-audi-a4-2-0-tfsi-b8-cvt-sedan,,,,,,,,,,,,Unregistered,,,,,,,,,,,,,,pending_final_sale_price,3491.0,,24.0,10 March 2026 20:00 AEDT,2026-03-10
https://www.grays.com/lot/0001-21063708/motor-vehicles-motor-cycles/2010-holden-cruze-cd-jg-manual-sedan,,,,,,,,,,,,Unregistered,,,,,,,,,,,,,,pending_final_sale_price,809.0,,15.0,10 March 2026 20:00 AEDT,2026-03-10
https://www.grays.com/lot/0001-21063709/motor-vehicles-motor-cycles/2011-bmw-x3-xdrive-28i-f25-automatic-8-speed-wagon,,,,,,,,,,,,Unregistered,,,,,,,,,,,,,,pending_final_sale_price,5700.0,,81.0,10 March 2026 20:00 AEDT,2026-03-10
https://www.grays.com/lot/0001-21063710/motor-vehicles-motor-cycles/2011-holden-cruze-sri-v-jh-automatic-sedan,,,,,,,,,,,,Unregistered,,,,,,,,,,,,,,pending_final_sale_price,2009.0,,32.0,10 March 2026 20:00 AEDT,2026-03-10
https://www.grays.com/lot/0001-21063711/motor-vehicles-motor-cycles/2015-nissan-elgrand-import-e51-automatic-8-seats-wagon,,,,,,,,,,,,Unregistered,,,,,,,,,,,,,,pending_final_sale_price,4909.0,,61.0,10 March 2026 20:00 AEDT,2026-03-10
https://www.grays.com/lot/0001-21063712/motor-vehicles-motor-cycles/2013-mazda-cx-5-maxx-sport-ke-automatic-wagon,,,,,,,,,,,,Unregistered,,,,,,,,,,,,,,pending_final_sale_price,3609.0,,41.0,10 March 2026 20:00 AEDT,2026-03-10
https://www.grays.com/lot/0001-21063713/motor-vehicles-motor-cycles/2018-land-rover-discovery-sport-sd4-se-177kw-l550-turbo-diesel-9-auto-wagon,,,,,,,,,,,,Unregistered,,,,,,,,,,,,,,pending_final_sale_price,11200.0,,198.0,10 March 2026 20:00 AEDT,2026-03-10
https://www.grays.com/lot/0001-21063714/motor-vehicles-motor-cycles/2007-honda-jazz-vti-gd-cvt-hatchback,,,,,,,,,,,,Unregistered,,,,,,,,,,,,,,pending_final_sale_price,3609.0,,46.0,10 March 2026 20:00 AEDT,2026-03-10
https://www.grays.com/lot/0001-21063715/motor-vehicles-motor-cycles/2012-mercedes-benz-b-class-b180-be-w246-automatic-hatchback,,,,,,,,,,,,Unregistered,,,,,,,,,,,,,,pending_final_sale_price,1209.0,,17.0,10 March 2026 20:00 AEDT,2026-03-10
https://www.grays.com/lot/0001-21063716/motor-vehicles-motor-cycles/2004-honda-accord-euro-luxury-7th-gen-manual-sedan,,,,,,,,,,,,Unregistered,,,,,,,,,,,,,,pending_final_sale_price,2609.0,,28.0,10 March 2026 20:00 AEDT,2026-03-10
https://www.grays.com/lot/0001-21063717/motor-vehicles-motor-cycles/2013-volkswagen-polo-77tsi-comfortline-6r-manual-hatchback,,,,,,,,,,,,Unregistered,,,,,,,,,,,,,,pending_final_sale_price,2209.0,,36.0,10 March 2026 20:00 AEDT,2026-03-10
https://www.grays.com/lot/0001-21063718/motor-vehicles-motor-cycles/2013-audi-q7-3-0-tdi-quattro-turbo-diesel-automatic-8-speed-7-seats-wagon,,,,,,,,,,,,Unregistered,,,,,,,,,,,,,,pending_final_sale_price,5400.0,,90.0,10 March 2026 20:00 AEDT,2026-03-10
https://www.grays.com/lot/0001-21063719/motor-vehicles-motor-cycles/2014-nissan-pulsar-st-b17-cvt-sedan,,,,,,,,,,,,Unregistered,,,,,,,,,,,,,,pending_final_sale_price,2200.0,,28.0,10 March 2026 20:00 AEDT,2026-03-10
https://www.grays.com/lot/0001-21063724/motor-vehicles-motor-cycles/2008-subaru-forester-x-s3-automatic-wagon,,,,,,,,,,,,Unregistered,,,,,,,,,,,,,,pending_final_sale_price,2109.0,,27.0,10 March 2026 20:15 AEDT,2026-03-10
https://www.grays.com/lot/0001-21063725/motor-vehicles-motor-cycles/2007-peugeot-207-xt-1-6-automatic-hatchback,,,,,,,,,,,,Unregistered,,,,,,,,,,,,,,pending_final_sale_price,1309.0,,16.0,10 March 2026 20:15 AEDT,2026-03-10
https://www.grays.com/lot/0001-21063726/motor-vehicles-motor-cycles/2009-holden-captiva-cx-awd-cg-automatic-7-seats-wagon,,,,,,,,,,,,Unregistered,,,,,,,,,,,,,,pending_final_sale_price,1009.0,,13.0,10 March 2026 20:15 AEDT,2026-03-10
https://www.grays.com/lot/0001-21063729/motor-vehicles-motor-cycles/2010-mazda-cx-9-luxury-automatic-7-seats-wagon,,,,,,,,,,,,Unregistered,,,,,,,,,,,,,,pending_final_sale_price,3309.0,,38.0,10 March 2026 20:05 AEDT,2026-03-10
https://www.grays.com/lot/0001-21063741/motor-vehicles-motor-cycles/2012-ford-falcon-xr6-fg-ii-automatic-cab-chassis,,,,,,,,,,,,Unregistered,,,,,,,,,,,,,,pending_final_sale_price,4200.0,,42.0,10 March 2026 20:00 AEDT,2026-03-10
https://www.grays.com/lot/0001-21063747/motor-vehicles-motor-cycles/2010-volkswagen-eos-103-tdi-1f-turbo-diesel-automatic-convertible,,,,,,,,,,,,Unregistered,,,,,,,,,,,,,,pending_final_sale_price,1009.0,,17.0,10 March 2026 20:00 AEDT,2026-03-10
https://www.grays.com/lot/0001-21063769/motor-vehicles-motor-cycles/2016-hyundai-tucson-active-x-tl-automatic-wagon,,,,,,,,,,,,Unregistered,,,,,,,,,,,,,,pending_final_sale_price,11800.0,,114.0,10 March 2026 20:00 AEDT,2026-03-10
https://www.grays.com/lot/0001-21063776/motor-vehicles-motor-cycles/2007-mini-cooper-s-r56-automatic-hatchback,,,,,,,,,,,,Unregistered,,,,,,,,,,,,,,pending_final_sale_price,3609.0,,46.0,10 March 2026 20:00 AEDT,2026-03-10
https://www.grays.com/lot/0001-21063777/motor-vehicles-motor-cycles/2014-hyundai-i30-active-gd-automatic-hatchback,,,,,,,,,,,,Unregistered,,,,,,,,,,,,,,pending_final_sale_price,2909.0,,37.0,10 March 2026 20:00 AEDT,2026-03-10
https://www.grays.com/lot/0001-21063778/motor-vehicles-motor-cycles/2001-bmw-530i-executive-e39-automatic-sedan,,,,,,,,,,,,Unregistered,,,,,,,,,,,,,,pending_final_sale_price,7100.0,,96.0,10 March 2026 20:00 AEDT,2026-03-10
https://www.grays.com/lot/0001-21063779/motor-vehicles-motor-cycles/2003-mercedes-benz-e320-elegance-w211-automatic-sedan,,,,,,,,,,,,Unregistered,,,,,,,,,,,,,,pending_final_sale_price,509.0,,8.0,10 March 2026 20:00 AEDT,2026-03-10
https://www.grays.com/lot/0001-21063780/motor-vehicles-motor-cycles/2014-holden-cruze-sri-z-series-jh-manual-hatchback,,,,,,,,,,,,Unregistered,,,,,,,,,,,,,,pending_final_sale_price,1609.0,,21.0,10 March 2026 20:00 AEDT,2026-03-10
https://www.grays.com/lot/0001-21063781/motor-vehicles-motor-cycles/2008-audi-a6-2-0-tfsi-c6-cvt-sedan,,,,,,,,,,,,Unregistered,,,,,,,,,,,,,,pending_final_sale_price,409.0,,8.0,10 March 2026 20:00 AEDT,2026-03-10
https://www.grays.com/lot/0001-21063782/motor-vehicles-motor-cycles/2015-mercedes-benz-c-class-c200-bluetec-w205-turbo-diesel-automatic-sedan,,,,,,,,,,,,Unregistered,,,,,,,,,,,,,,pending_final_sale_price,13600.0,,160.0,10 March 2026 20:00 AEDT,2026-03-10
https://www.grays.com/lot/0001-21063783/motor-vehicles-motor-cycles/2016-holden-astra-r-bk-automatic-hatchback,,,,,,,,,,,,Unregistered,,,,,,,,,,,,,,pending_final_sale_price,5700.0,,65.0,10 March 2026 20:00 AEDT,2026-03-10
https://www.grays.com/lot/0001-21063784/motor-vehicles-motor-cycles/2018-toyota-kluger-4x2-gx-gsu50r-automatic-8-speed-7-seats-wagon,,,,,,,,,,,,Unregistered,,,,,,,,,,,,,,pending_final_sale_price,19400.0,,206.0,10 March 2026 20:00 AEDT,2026-03-10
https://www.grays.com/lot/0001-21063785/motor-vehicles-motor-cycles/2010-mitsubishi-outlander-ls-zh-cvt-wagon,,,,,,,,,,,,Unregistered,,,,,,,,,,,,,,pending_final_sale_price,3109.0,,32.0,10 March 2026 20:00 AEDT,2026-03-10
https://www.grays.com/lot/0001-21063786/motor-vehicles-motor-cycles/2011-mazda-6-touring-gh-automatic-hatchback,,,,,,,,,,,,Unregistered,,,,,,,,,,,,,,pending_final_sale_price,4509.0,,73.0,10 March 2026 20:00 AEDT,2026-03-10
https://www.grays.com/lot/0001-21063788/motor-vehicles-motor-cycles/2020-ldv-g10-turbo-diesel-automatic-van,,,,,,,,,,,,Unregistered,,,,,,,,,,,,,,pending_final_sale_price,9700.0,,119.0,10 March 2026 20:00 AEDT,2026-03-10
https://www.grays.com/lot/0001-21063789/motor-vehicles-motor-cycles/2010-audi-a4-2-0-tfsi-quattro-b8-automatic-sedan,,,,,,,,,,,,Unregistered,,,,,,,,,,,,,,pending_final_sale_price,2809.0,,39.0,10 March 2026 20:00 AEDT,2026-03-10
https://www.grays.com/lot/0001-21063790/motor-vehicles-motor-cycles/2010-holden-cruze-cdx-jg-automatic-sedan,,,,,,,,,,,,Unregistered,,,,,,,,,,,,,,pending_final_sale_price,909.0,,12.0,10 March 2026 20:00 AEDT,2026-03-10
https://www.grays.com/lot/0001-21063791/motor-vehicles-motor-cycles/2009-mini-cooper-r56-automatic-hatchback,,,,,,,,,,,,Unregistered,,,,,,,,,,,,,,pending_final_sale_price,2509.0,,46.0,10 March 2026 20:00 AEDT,2026-03-10
https://www.grays.com/lot/0001-21063792/motor-vehicles-motor-cycles/2011-volvo-xc90-3-2-r-design-automatic-7-seats-wagon,,,,,,,,,,,,Unregistered,,,,,,,,,,,,,,pending_final_sale_price,2700.0,,34.0,10 March 2026 20:00 AEDT,2026-03-10
https://www.grays.com/lot/0001-21063793/motor-vehicles-motor-cycles/2012-audi-q3-2-0-tfsi-quattro-8u-automatic-wagon,,,,,,,,,,,,Unregistered,,,,,,,,,,,,,,pending_final_sale_price,6800.0,,85.0,10 March 2026 20:00 AEDT,2026-03-10
https://www.grays.com/lot/0001-21063794/motor-vehicles-motor-cycles/2012-kia-sportage-platinum-sl-turbo-diesel-automatic-wagon,,,,,,,,,,,,Unregistered,,,,,,,,,,,,,,pending_final_sale_price,7002.0,,95.0,10 March 2026 20:00 AEDT,2026-03-10
https://www.grays.com/lot/0001-21063797/motor-vehicles-motor-cycles/2012-opel-astra-select-pj-automatic-hatchback,,,,,,,,,,,,Unregistered,,,,,,,,,,,,,,pending_final_sale_price,2909.0,,43.0,12 March 2026 20:00 AEDT,2026-03-12
https://www.grays.com/lot/0001-21063798/motor-vehicles-motor-cycles/2008-holden-caprice-wm-automatic-sedan,,,,,,,,,,,,Unregistered,,,,,,,,,,,,,,pending_final_sale_price,2975.0,,44.0,10 March 2026 20:00 AEDT,2026-03-10
https://www.grays.com/lot/0001-21063799/motor-vehicles-motor-cycles/2014-mercedes-benz-gl-class-gl350-bluetec-x166-t-d-auto-7-seats-wagon,,,,,,,,,,,,Unregistered,,,,,,,,,,,,,,pending_final_sale_price,10100.0,,140.0,10 March 2026 20:00 AEDT,2026-03-10
https://www.grays.com/lot/0001-21063800/motor-vehicles-motor-cycles/2020-renault-trafic-l2-lwb-premium-125kw-turbo-diesel-at-van-ex-gov,,,,,,,,,,,,Unregistered,,,,,,,,,,,,,,pending_final_sale_price,13200.0,,169.0,12 March 2026 20:00 AEDT,2026-03-12
https://www.grays.com/lot/0001-21063802/motor-vehicles-motor-cycles/2015-toyota-camry-atara-s-asv50r-automatic-sedan-ex-gov,,,,,,,,,,,,Unregistered,,,,,,,,,,,,,,pending_final_sale_price,13000.0,,146.0,12 March 2026 20:00 AEDT,2026-03-12
https://www.grays.com/lot/0001-21063803/motor-vehicles-motor-cycles/2019-volkswagen-golf-alltrack-132tsi-premium-a7-automatic-wagon-ex-gov,,,,,,,,,,,,Unregistered,,,,,,,,,,,,,,pending_final_sale_price,13001.0,,176.0,12 March 2026 20:00 AEDT,2026-03-12
https://www.grays.com/lot/0001-21063804/motor-vehicles-motor-cycles/2019-subaru-outback-2-5i-premium-b6a-cvt-wagon-ex-gov,,,,,,,,,,,,Unregistered,,,,,,,,,,,,,,pending_final_sale_price,14600.0,,86.0,12 March 2026 20:00 AEDT,2026-03-12
https://www.grays.com/lot/0001-21063809/motor-vehicles-motor-cycles/2009-toyota-landcruiser-prado-gxl-kdj120r-turbo-diesel-at-8-seats-wagon,,,,,,,,,,,,Unregistered,,,,,,,,,,,,,,pending_final_sale_price,17200.0,,217.0,10 March 2026 20:00 AEDT,2026-03-10
https://www.grays.com/lot/0001-21063810/motor-vehicles-motor-cycles/2009-subaru-tribeca-3-6r-b9-automatic-7-seats-wagon,,,,,,,,,,,,Unregistered,,,,,,,,,,,,,,pending_final_sale_price,3100.0,,32.0,10 March 2026 20:00 AEDT,2026-03-10
https://www.grays.com/lot/0001-21063811/motor-vehicles-motor-cycles/2014-renault-clio-rs-200-sport-automatic-hatchback,,,,,,,,,,,,Unregistered,,,,,,,,,,,,,,pending_final_sale_price,7300.0,,74.0,10 March 2026 20:00 AEDT,2026-03-10
https://www.grays.com/lot/0001-21063812/motor-vehicles-motor-cycles/2015-mitsubishi-triton-4x4-glx-mn-turbo-diesel-manual-dual-cab,,,,,,,,,,,,Unregistered,,,,,,,,,,,,,,pending_final_sale_price,4709.0,,71.0,10 March 2026 20:00 AEDT,2026-03-10
https://www.grays.com/lot/0001-21063816/motor-vehicles-motor-cycles/2019-toyota-rav-4-awd-cruiser-hybrid-axah54r-auto-wagon-ex-gov,,,,,,,,,,,,Unregistered,,,,,,,,,,,,,,pending_final_sale_price,28601.0,,217.0,12 March 2026 20:00 AEDT,2026-03-12
https://www.grays.com/lot/0001-21063817/motor-vehicles-motor-cycles/2011-bmw-3-series-320i-exec-e90-automatic-sedan,,,,,,,,,,,,Unregistered,,,,,,,,,,,,,,pending_final_sale_price,3300.0,,7.0,10 March 2026 20:00 AEDT,2026-03-10
https://www.grays.com/lot/0001-21063818/motor-vehicles-motor-cycles/2011-toyota-corolla-ascent-zre152r-automatic-hatchback,,,,,,,,,,,,Unregistered,,,,,,,,,,,,,,pending_final_sale_price,3109.0,,48.0,10 March 2026 20:00 AEDT,2026-03-10
https://www.grays.com/lot/0001-21063819/motor-vehicles-motor-cycles/2009-kia-sportage-ex-km-automatic-wagon,,,,,,,,,,,,Unregistered,,,,,,,,,,,,,,pending_final_sale_price,2409.0,,25.0,10 March 2026 20:00 AEDT,2026-03-10
https://www.grays.com/lot/0001-21063820/motor-vehicles-motor-cycles/2011-bmw-x5-xdrive-30d-e70-lci-turbo-diesel-automatic-8-speed-wagon,,,,,,,,,,,,Unregistered,,,,,,,,,,,,,,pending_final_sale_price,5409.0,,78.0,10 March 2026 20:00 AEDT,2026-03-10
https://www.grays.com/lot/0001-21063821/motor-vehicles-motor-cycles/2011-ford-territory-tx-sz-turbo-diesel-automatic-wagon,,,,,,,,,,,,Unregistered,,,,,,,,,,,,,,pending_final_sale_price,2009.0,,21.0,10 March 2026 20:00 AEDT,2026-03-10
https://www.grays.com/lot/0001-21063822/motor-vehicles-motor-cycles/2013-ford-territory-ts-sz-turbo-diesel-automatic-7-seats-wagon,,,,,,,,,,,,Unregistered,,,,,,,,,,,,,,pending_final_sale_price,3009.0,,51.0,10 March 2026 20:00 AEDT,2026-03-10
https://www.grays.com/lot/0001-21063823/motor-vehicles-motor-cycles/2015-audi-q7-3-0-tdi-quattro-4m-td-at-8-speed-7-seats-wagon,,,,,,,,,,,,Unregistered,,,,,,,,,,,,,,pending_final_sale_price,14150.0,,188.0,10 March 2026 20:00 AEDT,2026-03-10
https://www.grays.com/lot/0001-21063824/motor-vehicles-motor-cycles/2017-nissan-navara-4x2-st-x-series-2-turbo-diesel-manual-dual-cab,,,,,,,,,,,,Unregistered,,,,,,,,,,,,,,pending_final_sale_price,13700.0,,65.0,10 March 2026 20:00 AEDT,2026-03-10
https://www.grays.com/lot/0001-21063825/motor-vehicles-motor-cycles/2015-nissan-pathfinder-st-r52-cvt-7-seats-wagon,,,,,,,,,,,,Unregistered,,,,,,,,,,,,,,pending_final_sale_price,3950.0,,43.0,10 March 2026 20:00 AEDT,2026-03-10
https://www.grays.com/lot/0001-21063827/motor-vehicles-motor-cycles/2019-toyota-camry-ascent-sport-asv70r-automatic-sedan,,,,,,,,,,,,Unregistered,,,,,,,,,,,,,,pending_final_sale_price,15500.0,,170.0,11 March 2026 20:00 AEDT,2026-03-11
https://www.grays.com/lot/0001-21063831/motor-vehicles-motor-cycles/2017-honda-hr-v-vti-l-cvt-wagon,,,,,,,,,,,,Unregistered,,,,,,,,,,,,,,pending_final_sale_price,12600.0,,59.0,10 March 2026 20:00 AEDT,2026-03-10
https://www.grays.com/lot/0001-21063833/motor-vehicles-motor-cycles/2008-mercedes-benz-ml320cdi-w164-turbo-diesel-automatic-wagon,,,,,,,,,,,,Unregistered,,,,,,,,,,,,,,pending_final_sale_price,1500.0,,24.0,10 March 2026 20:00 AEDT,2026-03-10
https://www.grays.com/lot/0001-21063834/motor-vehicles-motor-cycles/2013-mitsubishi-mirage-ls-la-cvt-hatchback,,,,,,,,,,,,Unregistered,,,,,,,,,,,,,,pending_final_sale_price,3709.0,,50.0,10 March 2026 20:00 AEDT,2026-03-10
https://www.grays.com/lot/0001-21063836/motor-vehicles-motor-cycles/2001-holden-astra-cd-ts-automatic-sedan,,,,,,,,,,,,Unregistered,,,,,,,,,,,,,,pending_final_sale_price,509.0,,14.0,10 March 2026 20:00 AEDT,2026-03-10
https://www.grays.com/lot/0001-21063837/motor-vehicles-motor-cycles/2003-toyota-hilux-dble-cab-sr5-4x4-turbo-diesel-manual-dual-cab,,,,,,,,,,,,Unregistered,,,,,,,,,,,,,,pending_final_sale_price,4409.0,,57.0,10 March 2026 20:00 AEDT,2026-03-10
https://www.grays.com/lot/0001-21063838/motor-vehicles-motor-cycles/2007-land-rover-discovery-3-hse-series-3-turbo-diesel-auto-7-seats-wagon,,,,,,,,,,,,Unregistered,,,,,,,,,,,,,,pending_final_sale_price,1709.0,,24.0,10 March 2026 20:00 AEDT,2026-03-10
https://www.grays.com/lot/0001-21063839/motor-vehicles-motor-cycles/2009-mitsubishi-outlander-ls-zg-cvt-7-seats-wagon,,,,,,,,,,,,Unregistered,,,,,,,,,,,,,,pending_final_sale_price,1109.0,,12.0,10 March 2026 20:00 AEDT,2026-03-10
https://www.grays.com/lot/0001-21063840/motor-vehicles-motor-cycles/2010-subaru-liberty-2-5-gt-premium-b5-automatic-wagon,,,,,,,,,,,,Unregistered,,,,,,,,,,,,,,pending_final_sale_price,1209.0,,16.0,10 March 2026 20:00 AEDT,2026-03-10
https://www.grays.com/lot/0001-21063841/motor-vehicles-motor-cycles/2011-holden-commodore-omega-omega-ve-automatic-wagon,,,,,,,,,,,,Unregistered,,,,,,,,,,,,,,pending_final_sale_price,2109.0,,40.0,10 March 2026 20:00 AEDT,2026-03-10
https://www.grays.com/lot/0001-21063842/motor-vehicles-motor-cycles/2015-land-rover-range-rover-sport-3-0-tdv6-se-t-d-automatic-8-speed-wagon,,,,,,,,,,,,Unregistered,,,,,,,,,,,,,,pending_final_sale_price,16000.0,,210.0,10 March 2026 20:00 AEDT,2026-03-10
https://www.grays.com/lot/0001-21063845/motor-vehicles-motor-cycles/2017-ford-escape-titanium-awd-zg-automatic-wagon,,,,,,,,,,,,Unregistered,,,,,,,,,,,,,,pending_final_sale_price,12200.0,,120.0,10 March 2026 20:00 AEDT,2026-03-10
https://www.grays.com/lot/0001-21063850/motor-vehicles-motor-cycles/2003-toyota-camry-altise-mcv36r-automatic-sedan,,,,,,,,,,,,Unregistered,,,,,,,,,,,,,,pending_final_sale_price,1609.0,,19.0,10 March 2026 20:00 AEDT,2026-03-10
https://www.grays.com/lot/0001-21063851/motor-vehicles-motor-cycles/2015-mercedes-benz-e-class-e250-w212-automatic-sedan,,,,,,,,,,,,Unregistered,,,,,,,,,,,,,,pending_final_sale_price,11900.0,,124.0,10 March 2026 20:00 AEDT,2026-03-10
https://www.grays.com/lot/0001-21063852/motor-vehicles-motor-cycles/2010-mitsubishi-lancer-es-cj-cvt-sedan,,,,,,,,,,,,Unregistered,,,,,,,,,,,,,,pending_final_sale_price,3400.0,,36.0,10 March 2026 20:00 AEDT,2026-03-10
https://www.grays.com/lot/0001-21063853/motor-vehicles-motor-cycles/2021-mazda-3-g20-touring-bp-automatic-sedan,,,,,,,,,,,,Unregistered,,,,,,,,,,,,,,pending_final_sale_price,13100.0,,224.0,10 March 2026 20:00 AEDT,2026-03-10
https://www.grays.com/lot/0001-21063854/motor-vehicles-motor-cycles/2011-ford-focus-trend-lw-automatic-hatchback,,,,,,,,,,,,Unregistered,,,,,,,,,,,,,,pending_final_sale_price,3309.0,,51.0,10 March 2026 20:00 AEDT,2026-03-10
https://www.grays.com/lot/0001-21063855/motor-vehicles-motor-cycles/1997-porsche-boxster-986-automatic-convertible,,,,,,,,,,,,Unregistered,,,,,,,,,,,,,,pending_final_sale_price,12988.0,,140.0,11 March 2026 20:00 AEDT,2026-03-11
https://www.grays.com/lot/0001-21063856/motor-vehicles-motor-cycles/2004-lexus-rx-330-rx330-sports-mcu38r-automatic-wagon,,,,,,,,,,,,Unregistered,,,,,,,,,,,,,,pending_final_sale_price,1509.0,,24.0,11 March 2026 20:00 AEDT,2026-03-11
https://www.grays.com/lot/0001-21063857/motor-vehicles-motor-cycles/2008-lexus-gs-300-sports-luxury-grs190r-automatic-sedan,,,,,,,,,,,,Unregistered,,,,,,,,,,,,,,pending_final_sale_price,3410.0,,48.0,11 March 2026 20:00 AEDT,2026-03-11
https://www.grays.com/lot/0001-21063858/motor-vehicles-motor-cycles/2013-volkswagen-golf-110tdi-highline-a7-turbo-diesel-automatic-hatchback,,,,,,,,,,,,Unregistered,,,,,,,,,,,,,,pending_final_sale_price,4009.0,,60.0,11 March 2026 20:00 AEDT,2026-03-11
https://www.grays.com/lot/0001-21063866/motor-vehicles-motor-cycles/2012-holden-cruze-cd-jh-automatic-hatchback,,,,,,,,,,,,Unregistered,,,,,,,,,,,,,,pending_final_sale_price,1209.0,,15.0,10 March 2026 20:00 AEDT,2026-03-10
https://www.grays.com/lot/0001-21063868/motor-vehicles-motor-cycles/2003-lexus-rx-330-sports-mcu38r-automatic-wagon,,,,,,,,,,,,Unregistered,,,,,,,,,,,,,,pending_final_sale_price,909.0,,10.0,11 March 2026 20:00 AEDT,2026-03-11
https://www.grays.com/lot/0001-21063869/motor-vehicles-motor-cycles/2005-volkswagen-golf-1-9-tdi-comfortline-a5-turbo-diesel-manual-hatchback,,,,,,,,,,,,Unregistered,,,,,,,,,,,,,,pending_final_sale_price,1209.0,,14.0,11 March 2026 20:00 AEDT,2026-03-11
https://www.grays.com/lot/0001-21063871/motor-vehicles-motor-cycles/2009-mazda-3-sp25-bl-automatic-sedan,,,,,,,,,,,,Unregistered,,,,,,,,,,,,,,pending_final_sale_price,3409.0,,38.0,11 March 2026 20:00 AEDT,2026-03-11
https://www.grays.com/lot/0001-21063872/motor-vehicles-motor-cycles/2012-holden-cruze-cdx-jh-automatic-sedan,,,,,,,,,,,,Unregistered,,,,,,,,,,,,,,pending_final_sale_price,2009.0,,28.0,11 March 2026 20:00 AEDT,2026-03-11
https://www.grays.com/lot/0001-21063873/motor-vehicles-motor-cycles/2013-ford-fiesta-ambiente-wz-automatic-hatchback,,,,,,,,,,,,Unregistered,,,,,,,,,,,,,,pending_final_sale_price,2409.0,,27.0,11 March 2026 20:00 AEDT,2026-03-11
https://www.grays.com/lot/0001-21063874/motor-vehicles-motor-cycles/2013-ford-focus-trend-lw-ii-automatic-hatchback,,,,,,,,,,,,Unregistered,,,,,,,,,,,,,,pending_final_sale_price,2209.0,,25.0,11 March 2026 20:00 AEDT,2026-03-11
https://www.grays.com/lot/0001-21063875/motor-vehicles-motor-cycles/2014-hyundai-iload-crew-tq-turbo-diesel-automatic-van,,,,,,,,,,,,Unregistered,,,,,,,,,,,,,,pending_final_sale_price,5900.0,,87.0,11 March 2026 20:00 AEDT,2026-03-11
https://www.grays.com/lot/0001-21063876/motor-vehicles-motor-cycles/2014-mazda-6-atenza-gj-automatic-sedan,,,,,,,,,,,,Unregistered,,,,,,,,,,,,,,pending_final_sale_price,5900.0,,82.0,11 March 2026 20:00 AEDT,2026-03-11
https://www.grays.com/lot/0001-21063877/motor-vehicles-motor-cycles/2014-ford-territory-tx-sz-turbo-diesel-automatic-wagon,,,,,,,,,,,,Unregistered,,,,,,,,,,,,,,pending_final_sale_price,3100.0,,49.0,11 March 2026 20:00 AEDT,2026-03-11
https://www.grays.com/lot/0001-21063879/motor-vehicles-motor-cycles/2011-mazda-3-neo-bl-automatic-hatchback,,,,,,,,,,,,Unregistered,,,,,,,,,,,,,,pending_final_sale_price,3109.0,,43.0,11 March 2026 20:00 AEDT,2026-03-11
https://www.grays.com/lot/0001-21063880/motor-vehicles-motor-cycles/2014-holden-cruze-sri-z-series-jh-automatic-hatchback,,,,,,,,,,,,Unregistered,,,,,,,,,,,,,,pending_final_sale_price,2309.0,,38.0,11 March 2026 20:00 AEDT,2026-03-11
https://www.grays.com/lot/0001-21063883/motor-vehicles-motor-cycles/2012-audi-a4-2-0-tfsi-quattro-b8-automatic-sedan,,,,,,,,,,,,Unregistered,,,,,,,,,,,,,,pending_final_sale_price,5200.0,,32.0,11 March 2026 20:00 AEDT,2026-03-11
https://www.grays.com/lot/0001-21063885/motor-vehicles-motor-cycles/2014-jeep-cherokee-limited-4x4-kl-turbo-diesel-automatic-wagon,,,,,,,,,,,,Unregistered,,,,,,,,,,,,,,pending_final_sale_price,6895.0,,86.0,11 March 2026 20:00 AEDT,2026-03-11
https://www.grays.com/lot/0001-21063886/motor-vehicles-motor-cycles/2015-ford-kuga-ambiente-fwd-tf-ii-automatic-wagon,,,,,,,,,,,,Unregistered,,,,,,,,,,,,,,pending_final_sale_price,4700.0,,38.0,11 March 2026 20:00 AEDT,2026-03-11
https://www.grays.com/lot/0001-21063887/motor-vehicles-motor-cycles/2015-holden-cruze-cd-jh-automatic-hatchback,,,,,,,,,,,,Unregistered,,,,,,,,,,,,,,pending_final_sale_price,1509.0,,16.0,11 March 2026 20:00 AEDT,2026-03-11
https://www.grays.com/lot/0001-21063895/motor-vehicles-motor-cycles/2018-toyota-hilux-4x2-workmate-hi-ride-gun122r-turbo-diesel-automatic-dual,,,,,,,,,,,,Unregistered,,,,,,,,,,,,,,pending_final_sale_price,19801.0,,148.0,11 March 2026 20:00 AEDT,2026-03-11
https://www.grays.com/lot/0001-21063906/motor-vehicles-motor-cycles/2016-audi-q7-3-0-tdi-quattro-4m-t-diesel-automatic-8-speed-7-seats-wagon,,,,,,,,,,,,Unregistered,,,,,,,,,,,,,,pending_final_sale_price,10700.0,,127.0,10 March 2026 20:15 AEDT,2026-03-10
https://www.grays.com/lot/0001-21063907/motor-vehicles-motor-cycles/2017-audi-a5-2-0-tfsi-quattro-f5-automatic-hatchback,,,,,,,,,,,,Unregistered,,,,,,,,,,,,,,pending_final_sale_price,17300.0,,132.0,10 March 2026 20:15 AEDT,2026-03-10
https://www.grays.com/lot/0001-21063908/motor-vehicles-motor-cycles/2011-ford-focus-ambiente-lw-automatic-hatchback,,,,,,,,,,,,Unregistered,,,,,,,,,,,,,,pending_final_sale_price,2909.0,,41.0,10 March 2026 20:15 AEDT,2026-03-10
https://www.grays.com/lot/0001-21063909/motor-vehicles-motor-cycles/2007-mazda-cx-7-classic-automatic-wagon,,,,,,,,,,,,Unregistered,,,,,,,,,,,,,,pending_final_sale_price,1109.0,,12.0,10 March 2026 20:15 AEDT,2026-03-10
https://www.grays.com/lot/0001-21063911/motor-vehicles-motor-cycles/2013-mercedes-benz-ml350-bluetec-w166-turbo-diesel-automatic-wagon,,,,,,,,,,,,Unregistered,,,,,,,,,,,,,,pending_final_sale_price,6700.0,,98.0,11 March 2026 20:00 AEDT,2026-03-11
https://www.grays.com/lot/0001-21063912/motor-vehicles-motor-cycles/2014-hyundai-i20-active-pb-automatic-hatchback,,,,,,,,,,,,Unregistered,,,,,,,,,,,,,,pending_final_sale_price,6200.0,,75.0,11 March 2026 20:00 AEDT,2026-03-11
https://www.grays.com/lot/0001-21063915/motor-vehicles-motor-cycles/2012-nissan-dualis-st-j10-manual-wagon,,,,,,,,,,,,Unregistered,,,,,,,,,,,,,,pending_final_sale_price,2009.0,,34.0,11 March 2026 20:00 AEDT,2026-03-11
https://www.grays.com/lot/0001-21063917/motor-vehicles-motor-cycles/2013-jeep-grand-cherokee-laredo-wk-turbo-diesel-automatic-wagon,,,,,,,,,,,,Unregistered,,,,,,,,,,,,,,pending_final_sale_price,5009.0,,60.0,11 March 2026 20:00 AEDT,2026-03-11
https://www.grays.com/lot/0001-21063918/motor-vehicles-motor-cycles/2014-jeep-grand-cherokee-overland-wk-turbo-diesel-automatic-8-speed-wagon,,,,,,,,,,,,Unregistered,,,,,,,,,,,,,,pending_final_sale_price,5650.0,,61.0,11 March 2026 20:00 AEDT,2026-03-11
https://www.grays.com/lot/0001-21063919/motor-vehicles-motor-cycles/2022-haval-h6-premium-2wd-automatic-wagon,,,,,,,,,,,,Unregistered,,,,,,,,,,,,,,pending_final_sale_price,13900.0,,160.0,11 March 2026 20:00 AEDT,2026-03-11
https://www.grays.com/lot/0001-21063920/motor-vehicles-motor-cycles/2012-holden-barina-spark-cd-mj-manual-hatchback,,,,,,,,,,,,Unregistered,,,,,,,,,,,,,,pending_final_sale_price,1409.0,,26.0,11 March 2026 20:00 AEDT,2026-03-11
https://www.grays.com/lot/0001-21063921/motor-vehicles-motor-cycles/2010-mitsubishi-outlander-ls-zh-cvt-wagon,,,,,,,,,,,,Unregistered,,,,,,,,,,,,,,pending_final_sale_price,2700.0,,35.0,11 March 2026 20:00 AEDT,2026-03-11
https://www.grays.com/lot/0001-21063924/motor-vehicles-motor-cycles/2016-audi-q7-3-0-tdi-quattro-4m-turbo-diesel-auto-8-speed-7-seats-wagon,,,,,,,,,,,,Unregistered,,,,,,,,,,,,,,pending_final_sale_price,13000.0,,61.0,10 March 2026 20:15 AEDT,2026-03-10
https://www.grays.com/lot/0001-21063931/motor-vehicles-motor-cycles/2002-toyota-camry-altise-acv36r-automatic-sedan,,,,,,,,,,,,Unregistered,,,,,,,,,,,,,,pending_final_sale_price,2109.0,,29.0,11 March 2026 20:00 AEDT,2026-03-11
https://www.grays.com/lot/0001-21063932/motor-vehicles-motor-cycles/2017-land-rover-range-rover-evoque-td4-se-dynamic-132kw-t-d-9-auto-wagon,,,,,,,,,,,,Unregistered,,,,,,,,,,,,,,pending_final_sale_price,13600.0,,142.0,11 March 2026 20:00 AEDT,2026-03-11
https://www.grays.com/lot/0001-21063933/motor-vehicles-motor-cycles/2004-toyota-avensis-glx-acm21r-automatic-7-seats-people-mover,,,,,,,,,,,,Unregistered,,,,,,,,,,,,,,pending_final_sale_price,2300.0,,35.0,11 March 2026 20:00 AEDT,2026-03-11
https://www.grays.com/lot/0001-21063934/motor-vehicles-motor-cycles/2004-subaru-impreza-rv-g2-manual-hatchback,,,,,,,,,,,,Unregistered,,,,,,,,,,,,,,pending_final_sale_price,709.0,,9.0,11 March 2026 20:00 AEDT,2026-03-11
https://www.grays.com/lot/0001-21063935/motor-vehicles-motor-cycles/2007-saab-9-3-linear-1-9tid-turbo-diesel-manual-convertible,,,,,,,,,,,,Unregistered,,,,,,,,,,,,,,pending_final_sale_price,809.0,,14.0,11 March 2026 20:00 AEDT,2026-03-11
https://www.grays.com/lot/0001-21063936/motor-vehicles-motor-cycles/2014-subaru-impreza-2-0i-g4-cvt-sedan,,,,,,,,,,,,Unregistered,,,,,,,,,,,,,,pending_final_sale_price,4750.0,,85.0,11 March 2026 20:00 AEDT,2026-03-11
https://www.grays.com/lot/0001-21063938/motor-vehicles-motor-cycles/2008-mazda-6-luxury-sports-gh-automatic-hatchback,,,,,,,,,,,,Unregistered,,,,,,,,,,,,,,pending_final_sale_price,2709.0,,40.0,11 March 2026 20:00 AEDT,2026-03-11
https://www.grays.com/lot/0001-21063939/motor-vehicles-motor-cycles/2009-toyota-hiace-lwb-kdh201r-turbo-diesel-automatic-van,,,,,,,,,,,,Unregistered,,,,,,,,,,,,,,pending_final_sale_price,5600.0,,67.0,11 March 2026 20:00 AEDT,2026-03-11
https://www.grays.com/lot/0001-21063940/motor-vehicles-motor-cycles/2011-renault-koleos-dynamique-cvt-wagon,,,,,,,,,,,,Unregistered,,,,,,,,,,,,,,pending_final_sale_price,2109.0,,24.0,11 March 2026 20:00 AEDT,2026-03-11
https://www.grays.com/lot/0001-21063941/motor-vehicles-motor-cycles/2008-mitsubishi-outlander-ls-zg-cvt-wagon,,,,,,,,,,,,Unregistered,,,,,,,,,,,,,,pending_final_sale_price,2000.0,,23.0,11 March 2026 20:00 AEDT,2026-03-11
https://www.grays.com/lot/0001-21063942/motor-vehicles-motor-cycles/2014-ford-territory-tx-sz-ii-turbo-diesel-automatic-wagon,,,,,,,,,,,,Unregistered,,,,,,,,,,,,,,pending_final_sale_price,2200.0,,31.0,11 March 2026 20:00 AEDT,2026-03-11
https://www.grays.com/lot/0001-21063943/motor-vehicles-motor-cycles/2011-mazda-3-sp25-bl-automatic-sedan,,,,,,,,,,,,Unregistered,,,,,,,,,,,,,,pending_final_sale_price,3609.0,,41.0,11 March 2026 20:00 AEDT,2026-03-11
https://www.grays.com/lot/0001-21063944/motor-vehicles-motor-cycles/2014-ford-fiesta-ambiente-wz-manual-hatchback,,,,,,,,,,,,Unregistered,,,,,,,,,,,,,,pending_final_sale_price,3509.0,,45.0,11 March 2026 20:00 AEDT,2026-03-11
https://www.grays.com/lot/0001-21063945/motor-vehicles-motor-cycles/2012-subaru-impreza-2-0i-s-g4-cvt-sedan,,,,,,,,,,,,Unregistered,,,,,,,,,,,,,,pending_final_sale_price,4900.0,,55.0,11 March 2026 20:00 AEDT,2026-03-11
https://www.grays.com/lot/0001-21063946/motor-vehicles-motor-cycles/2012-ford-ranger-xl-4x2-px-manual-dual-cab,,,,,,,,,,,,Unregistered,,,,,,,,,,,,,,pending_final_sale_price,3309.0,,52.0,11 March 2026 20:00 AEDT,2026-03-11
https://www.grays.com/lot/0001-21063947/motor-vehicles-motor-cycles/2005-toyota-hilux-automatic-ute,,,,,,,,,,,,Unregistered,,,,,,,,,,,,,,pending_final_sale_price,3809.0,,52.0,11 March 2026 20:00 AEDT,2026-03-11
https://www.grays.com/lot/0001-21063948/motor-vehicles-motor-cycles/2012-hyundai-i20-active-pb-manual-hatchback,,,,,,,,,,,,Unregistered,,,,,,,,,,,,,,pending_final_sale_price,1609.0,,18.0,11 March 2026 20:00 AEDT,2026-03-11
https://www.grays.com/lot/0001-21063949/motor-vehicles-motor-cycles/2010-mazda-3-neo-bl-automatic-sedan,,,,,,,,,,,,Unregistered,,,,,,,,,,,,,,pending_final_sale_price,6810.0,,92.0,11 March 2026 20:00 AEDT,2026-03-11
https://www.grays.com/lot/0001-21063952/motor-vehicles-motor-cycles/2007-holden-berlina-vz-automatic-wagon,,,,,,,,,,,,Unregistered,,,,,,,,,,,,,,pending_final_sale_price,1109.0,,15.0,11 March 2026 20:00 AEDT,2026-03-11
https://www.grays.com/lot/0001-21063953/motor-vehicles-motor-cycles/2005-ford-territory-ghia-sx-automatic-7-seats-wagon,,,,,,,,,,,,Unregistered,,,,,,,,,,,,,,pending_final_sale_price,950.0,,12.0,11 March 2026 20:00 AEDT,2026-03-11
https://www.grays.com/lot/0001-21063954/motor-vehicles-motor-cycles/2011-hyundai-ix35-elite-awd-lm-turbo-diesel-automatic-wagon,,,,,,,,,,,,Unregistered,,,,,,,,,,,,,,pending_final_sale_price,3109.0,,41.0,11 March 2026 20:00 AEDT,2026-03-11
https://www.grays.com/lot/0001-21063956/motor-vehicles-motor-cycles/2013-ford-mondeo-zetec-mc-automatic-hatchback,,,,,,,,,,,,Unregistered,,,,,,,,,,,,,,pending_final_sale_price,4419.0,,52.0,11 March 2026 20:00 AEDT,2026-03-11
https://www.grays.com/lot/0001-21063959/motor-vehicles-motor-cycles/2014-skoda-octavia-elegance-103tsi-ne-automatic-sedan,,,,,,,,,,,,Unregistered,,,,,,,,,,,,,,pending_final_sale_price,4309.0,,60.0,11 March 2026 20:00 AEDT,2026-03-11
https://www.grays.com/lot/0001-21063960/motor-vehicles-motor-cycles/2016-holden-captiva-7-ltz-awd-cg-ii-automatic-7-seats-wagon,,,,,,,,,,,,Unregistered,,,,,,,,,,,,,,pending_final_sale_price,4509.0,,52.0,11 March 2026 20:00 AEDT,2026-03-11
https://www.grays.com/lot/0001-21063961/motor-vehicles-motor-cycles/2016-holden-captiva-7-ltz-awd-cg-ii-turbo-diesel-automatic-7-seats-wagon,,,,,,,,,,,,Unregistered,,,,,,,,,,,,,,pending_final_sale_price,4755.0,,84.0,11 March 2026 20:00 AEDT,2026-03-11
https://www.grays.com/lot/0001-21063962/motor-vehicles-motor-cycles/2018-toyota-hilux-4x4-sr5-gun126r-turbo-diesel-automatic-dual-cab,,,,,,,,,,,,Unregistered,,,,,,,,,,,,,,pending_final_sale_price,30900.0,,111.0,11 March 2026 20:00 AEDT,2026-03-11
https://www.grays.com/lot/0001-50517839/motor-vehicles-motor-cycles/2016-jaguar-xf-25t-r-sport-automatic-8-speed-sedan,,,,,,,,,,,,Unregistered,,,,,,,,,,,,,,pending_final_sale_price,14550.0,,157.0,11 March 2026 21:00 AEDT,2026-03-11
https://www.grays.com/lot/0001-50714772/motor-vehicles-motor-cycles/2014-ford-ranger-xl-4x4-px-turbo-diesel-automatic-dual-cab,,,,,,,,,,,,Unregistered,,,,,,,,,,,,,,pending_final_sale_price,7500.0,,58.0,10 March 2026 20:00 AEDT,2026-03-10
https://www.grays.com/lot/0001-50714787/motor-vehicles-motor-cycles/2005-volkswagen-golf-2-0-tdi-comfortline-a5-tdl-auto-hatchback,,,,,,,,,,,,Unregistered,,,,,,,,,,,,,,pending_final_sale_price,1809.0,,22.0,11 March 2026 21:00 AEDT,2026-03-11
https://www.grays.com/lot/0001-50714788/motor-vehicles-motor-cycles/2014-hyundai-ix35-se-fwd-lm-automatic-wagon,,,,,,,,,,,,Unregistered,,,,,,,,,,,,,,pending_final_sale_price,6900.0,,93.0,11 March 2026 21:00 AEDT,2026-03-11
https://www.grays.com/lot/0001-50714789/motor-vehicles-motor-cycles/2013-mazda-cx-5-grand-touring-ke-turbo-diesel-automatic-wagon,,,,,,,,,,,,Unregistered,,,,,,,,,,,,,,pending_final_sale_price,1709.0,,18.0,11 March 2026 21:00 AEDT,2026-03-11
https://www.grays.com/lot/0001-50714797/motor-vehicles-motor-cycles/2016-mazda-cx-5-maxx-sport-ke-turbo-diesel-automatic-wagon,,,,,,,,,,,,Unregistered,,,,,,,,,,,,,,pending_final_sale_price,7600.0,,81.0,11 March 2026 21:00 AEDT,2026-03-11
https://www.grays.com/lot/0001-50714813/motor-vehicles-motor-cycles/2015-mazda-cx-5-maxx-sport-ke-turbo-diesel-automatic-wagon,,,,,,,,,,,,Unregistered,,,,,,,,,,,,,,pending_final_sale_price,8200.0,,105.0,11 March 2026 21:00 AEDT,2026-03-11
https://www.grays.com/lot/0001-50714817/motor-vehicles-motor-cycles/2015-mitsubishi-triton-4x4-gls-mq-turbo-diesel-manual-dual-cab,,,,,,,,,,,,Unregistered,,,,,,,,,,,,,,pending_final_sale_price,10100.0,,151.0,10 March 2026 20:00 AEDT,2026-03-10
https://www.grays.com/lot/0001-50714821/motor-vehicles-motor-cycles/2012-land-rover-freelander-2-se-td4-turbo-diesel-automatic-wagon,,,,,,,,,,,,Unregistered,,,,,,,,,,,,,,pending_final_sale_price,2150.0,,25.0,10 March 2026 21:05 AEDT,2026-03-10
https://www.grays.com/lot/0001-50714827/motor-vehicles-motor-cycles/2013-mitsubishi-delica-d-5-automatic-4wd-people-mover-import,,,,,,,,,,,,Unregistered,,,,,,,,,,,,,,pending_final_sale_price,11600.0,,186.0,10 March 2026 21:00 AEDT,2026-03-10
https://www.grays.com/lot/0001-50714834/motor-vehicles-motor-cycles/1997-land-rover-discovery-se-tdi-turbo-diesel-automatic-wagon,,,,,,,,,,,,Unregistered,,,,,,,,,,,,,,pending_final_sale_price,1600.0,,15.0,11 March 2026 21:00 AEDT,2026-03-11
https://www.grays.com/lot/0001-50714835/motor-vehicles-motor-cycles/2006-mitsubishi-grandis-ba-automatic-7-seats-people-mover,,,,,,,,,,,,Unregistered,,,,,,,,,,,,,,pending_final_sale_price,509.0,,6.0,11 March 2026 21:00 AEDT,2026-03-11
https://www.grays.com/lot/0001-50714836/motor-vehicles-motor-cycles/2012-toyota-prius-v-zvw40r-cvt-7-seats-wagon,,,,,,,,,,,,Unregistered,,,,,,,,,,,,,,pending_final_sale_price,6000.0,,45.0,11 March 2026 21:00 AEDT,2026-03-11
https://www.grays.com/lot/0001-50714837/motor-vehicles-motor-cycles/2016-land-rover-discovery-sport-td4-180-se-td-9-auto-7-seats-wagon,,,,,,,,,,,,Unregistered,,,,,,,,,,,,,,pending_final_sale_price,9200.0,,66.0,11 March 2026 21:00 AEDT,2026-03-11
https://www.grays.com/lot/0001-50714841/motor-vehicles-motor-cycles/2007-volkswagen-touareg-3-0-v6-tdi-7l-turbo-diesel-automatic-wagon,,,,,,,,,,,,Unregistered,,,,,,,,,,,,,,pending_final_sale_price,2000.0,,24.0,11 March 2026 21:00 AEDT,2026-03-11
https://www.grays.com/lot/0001-50714849/motor-vehicles-motor-cycles/2001-toyota-hilux-extra-cab-4x4-manual-ute,,,,,,,,,,,,Unregistered,,,,,,,,,,,,,,pending_final_sale_price,3100.0,,24.0,10 March 2026 19:30 AEDT,2026-03-10
https://www.grays.com/lot/0001-50714853/motor-vehicles-motor-cycles/2011-suzuki-grand-vitara-2-4-jt-automatic-wagon,,,,,,,,,,,,Unregistered,,,,,,,,,,,,,,pending_final_sale_price,4500.0,,57.0,11 March 2026 21:05 AEDT,2026-03-11
https://www.grays.com/lot/0001-50714854/motor-vehicles-motor-cycles/2000-mitsubishi-pajero-gls-nm-automatic-7-seats-wagon,,,,,,,,,,,,Unregistered,,,,,,,,,,,,,,pending_final_sale_price,609.0,,7.0,11 March 2026 21:05 AEDT,2026-03-11
https://www.grays.com/lot/0001-50714856/motor-vehicles-motor-cycles/2010-volkswagen-passat-118-tsi-3c-automatic-wagon,,,,,,,,,,,,Unregistered,,,,,,,,,,,,,,pending_final_sale_price,409.0,,8.0,11 March 2026 20:00 AEDT,2026-03-11
https://www.grays.com/lot/0001-50714857/motor-vehicles-motor-cycles/1998-toyota-vienta-grande-mcv20r-automatic-sedan,,,,,,,,,,,,Unregistered,,,,,,,,,,,,,,pending_final_sale_price,209.0,,3.0,11 March 2026 20:00 AEDT,2026-03-11
https://www.grays.com/lot/0001-50714859/motor-vehicles-motor-cycles/2013-hyundai-veloster-sr-turbo-fs-automatic-coupe,,,,,,,,,,,,Unregistered,,,,,,,,,,,,,,pending_final_sale_price,1309.0,,26.0,11 March 2026 20:00 AEDT,2026-03-11
https://www.grays.com/lot/0001-50714860/motor-vehicles-motor-cycles/2012-hyundai-iload-tq-turbo-diesel-automatic-van,,,,,,,,,,,,Unregistered,,,,,,,,,,,,,,pending_final_sale_price,1609.0,,17.0,11 March 2026 20:00 AEDT,2026-03-11
https://www.grays.com/lot/0001-50714861/motor-vehicles-motor-cycles/2005-audi-a6-2-4-c6-cvt-sedan,,,,,,,,,,,,Unregistered,,,,,,,,,,,,,,pending_final_sale_price,109.0,,2.0,11 March 2026 20:00 AEDT,2026-03-11
https://www.grays.com/lot/0001-50714862/motor-vehicles-motor-cycles/1999-alfa-romeo-156-v6-24v-automatic-sedan,,,,,,,,,,,,Unregistered,,,,,,,,,,,,,,pending_final_sale_price,209.0,,4.0,11 March 2026 20:00 AEDT,2026-03-11
https://www.grays.com/lot/0001-50714864/motor-vehicles-motor-cycles/2009-peugeot-308-xse-turbo-touring-automatic-wagon,,,,,,,,,,,,Unregistered,,,,,,,,,,,,,,pending_final_sale_price,109.0,,2.0,11 March 2026 20:00 AEDT,2026-03-11
https://www.grays.com/lot/0001-50714865/motor-vehicles-motor-cycles/2008-mazda-bt-50-dx-b3000-turbo-diesel-manual-dual-cab,,,,,,,,,,,,Unregistered,,,,,,,,,,,,,,pending_final_sale_price,709.0,,8.0,11 March 2026 20:00 AEDT,2026-03-11
https://www.grays.com/lot/0001-50714866/motor-vehicles-motor-cycles/2005-subaru-liberty-2-0i-b4-automatic-sedan,,,,,,,,,,,,Unregistered,,,,,,,,,,,,,,pending_final_sale_price,209.0,,3.0,11 March 2026 20:00 AEDT,2026-03-11
https://www.grays.com/lot/0001-50714867/motor-vehicles-motor-cycles/2007-ford-escape-xlt-zc-automatic-wagon,,,,,,,,,,,,Unregistered,,,,,,,,,,,,,,pending_final_sale_price,709.0,,9.0,11 March 2026 20:00 AEDT,2026-03-11
https://www.grays.com/lot/0001-50714877/motor-vehicles-motor-cycles/2010-hyundai-ix35-elite-awd-lm-turbo-diesel-automatic-wagon,,,,,,,,,,,,Unregistered,,,,,,,,,,,,,,pending_final_sale_price,2009.0,,22.0,11 March 2026 21:00 AEDT,2026-03-11
https://www.grays.com/lot/0001-50714880/motor-vehicles-motor-cycles/2012-bmw-x3-xdrive-20i-f25-automatic-8-speed-wagon,,,,,,,,,,,,Unregistered,,,,,,,,,,,,,,pending_final_sale_price,2600.0,,32.0,10 March 2026 21:05 AEDT,2026-03-10
https://www.grays.com/lot/0001-50714897/motor-vehicles-motor-cycles/2011-land-rover-discovery-3-0-sdv6-hse-series-4-tdl-auto-7-seats-wagon,,,,,,,,,,,,Unregistered,,,,,,,,,,,,,,pending_final_sale_price,5000.0,,83.0,11 March 2026 21:00 AEDT,2026-03-11
https://www.grays.com/lot/0001-50714900/motor-vehicles-motor-cycles/2010-ford-mondeo-lx-tdci-mb-turbo-diesel-automatic-hatchback,,,,,,,,,,,,Unregistered,,,,,,,,,,,,,,pending_final_sale_price,609.0,,8.0,12 March 2026 21:00 AEDT,2026-03-12
https://www.grays.com/lot/0001-50714901/motor-vehicles-motor-cycles/2011-nissan-navara-4x4-st-x550-d40-turbo-diesel-automatic-dual-cab,,,,,,,,,,,,Unregistered,,,,,,,,,,,,,,pending_final_sale_price,4000.0,,39.0,12 March 2026 21:00 AEDT,2026-03-12
https://www.grays.com/lot/0001-50714914/motor-vehicles-motor-cycles/2017-ford-ranger-xl-4x4-px-ii-turbo-diesel-manual-cab-chassis,,,,,,,,,,,,Unregistered,,,,,,,,,,,,,,pending_final_sale_price,9100.0,,131.0,11 March 2026 21:00 AEDT,2026-03-11
https://www.grays.com/lot/0001-50714915/motor-vehicles-motor-cycles/2017-holden-trax-lt-tj-automatic-wagon,,,,,,,,,,,,Unregistered,,,,,,,,,,,,,,pending_final_sale_price,5000.0,,37.0,11 March 2026 21:00 AEDT,2026-03-11
https://www.grays.com/lot/0001-60050280/motor-vehicles-motor-cycles/2005-holden-viva-jf-manual-hatchback,,,,,,,,,,,,Unregistered,,,,,,,,,,,,,,pending_final_sale_price,909.0,,12.0,11 March 2026 20:00 AEDT,2026-03-11
https://www.grays.com/lot/0001-60050281/motor-vehicles-motor-cycles/2005-kia-carnival-ls-automatic-8-seats-people-mover,,,,,,,,,,,,Unregistered,,,,,,,,,,,,,,pending_final_sale_price,309.0,,4.0,11 March 2026 20:00 AEDT,2026-03-11
https://www.grays.com/lot/0001-60050305/motor-vehicles-motor-cycles/2009-isuzu-d-max-4x2-ls-turbo-diesel-automatic-dual-cab,,,,,,,,,,,,Unregistered,,,,,,,,,,,,,,pending_final_sale_price,7700.0,,76.0,11 March 2026 20:00 AEDT,2026-03-11
https://www.grays.com/lot/0001-60050306/motor-vehicles-motor-cycles/2014-hyundai-genesis-sensory-pack-dh-automatic-8-speed-sedan,,,,,,,,,,,,Unregistered,,,,,,,,,,,,,,pending_final_sale_price,11300.0,,119.0,11 March 2026 20:00 AEDT,2026-03-11
https://www.grays.com/lot/0001-60050315/motor-vehicles-motor-cycles/2017-mitsubishi-triton-4x4-glx-l-e-mq-turbo-diesel-manual-dual-cab,,,,,,,,,,,,Unregistered,,,,,,,,,,,,,,pending_final_sale_price,12500.0,,1.0,11 March 2026 20:00 AEDT,2026-03-11
https://www.grays.com/lot/0001-60050318/motor-vehicles-motor-cycles/2007-bmw-1-series-120i-e87-automatic-hatchback,,,,,,,,,,,,Unregistered,,,,,,,,,,,,,,pending_final_sale_price,3150.0,,38.0,11 March 2026 20:00 AEDT,2026-03-11
https://www.grays.com/lot/0001-9067334/motor-vehicles-motor-cycles/2005-honda-civic-gli-7th-gen-manual-sedan,,,,,,,,,,,,Unregistered,,,,,,,,,,,,,,pending_final_sale_price,2500.0,,44.0,10 March 2026 22:30 AEDT,2026-03-10
https://www.grays.com/lot/0001-9067335/motor-vehicles-motor-cycles/2010-holden-ute-sv6-ve-manual-ute,,,,,,,,,,,,Unregistered,,,,,,,,,,,,,,pending_final_sale_price,1009.0,,19.0,10 March 2026 22:30 AEDT,2026-03-10
https://www.grays.com/lot/0001-9067336/motor-vehicles-motor-cycles/2008-ford-territory-ts-sy-automatic-wagon,,,,,,,,,,,,Unregistered,,,,,,,,,,,,,,pending_final_sale_price,909.0,,14.0,10 March 2026 22:30 AEDT,2026-03-10
https://www.grays.com/lot/0001-9067343/motor-vehicles-motor-cycles/2008-lexus-rx-rx350-sports-luxury-gsu35r-automatic-wagon,,,,,,,,,,,,Unregistered,,,,,,,,,,,,,,pending_final_sale_price,3500.0,,40.0,10 March 2026 22:30 AEDT,2026-03-10
https://www.grays.com/lot/0001-9067345/motor-vehicles-motor-cycles/2002-ford-escape-xls-ba-automatic-wagon,,,,,,,,,,,,Unregistered,,,,,,,,,,,,,,pending_final_sale_price,709.0,,11.0,10 March 2026 22:30 AEDT,2026-03-10
https://www.grays.com/lot/0001-9067346/motor-vehicles-motor-cycles/2007-holden-epica-cdxi-ep-automatic-sedan,,,,,,,,,,,,Unregistered,,,,,,,,,,,,,,pending_final_sale_price,700.0,,7.0,10 March 2026 22:30 AEDT,2026-03-10
https://www.grays.com/lot/0001-9067349/motor-vehicles-motor-cycles/2006-subaru-outback-2-5i-b4a-manual-wagon,,,,,,,,,,,,Unregistered,,,,,,,,,,,,,,pending_final_sale_price,509.0,,10.0,10 March 2026 22:30 AEDT,2026-03-10
https://www.grays.com/lot/0001-9067350/motor-vehicles-motor-cycles/2015-toyota-hilux-4x4-sr-gun126r-turbo-diesel-automatic-crew-cab-chassis,,,,,,,,,,,,Unregistered,,,,,,,,,,,,,,pending_final_sale_price,15500.0,,131.0,10 March 2026 22:30 AEDT,2026-03-10
https://www.grays.com/lot/0001-9067351/motor-vehicles-motor-cycles/2006-audi-q7-3-0-tdi-quattro-turbo-diesel-automatic-7-seats-wagon,,,,,,,,,,,,Unregistered,,,,,,,,,,,,,,pending_final_sale_price,2400.0,,38.0,10 March 2026 22:30 AEDT,2026-03-10
https://www.grays.com/lot/0001-9067352/motor-vehicles-motor-cycles/2019-toyota-hilux-4x4-sr-gun126r-turbo-diesel-automatic-crew-cab-chassis,,,,,,,,,,,,Unregistered,,,,,,,,,,,,,,pending_final_sale_price,18900.0,,183.0,10 March 2026 22:30 AEDT,2026-03-10
https://www.grays.com/lot/0001-9067353/motor-vehicles-motor-cycles/2012-nissan-navara-4x4-st-x550-d40-turbo-diesel-automatic-dual-cab,,,,,,,,,,,,Unregistered,,,,,,,,,,,,,,pending_final_sale_price,9200.0,,150.0,10 March 2026 22:30 AEDT,2026-03-10
https://www.grays.com/lot/0001-9067359/motor-vehicles-motor-cycles/2014-mazda-cx-5-maxx-sport-ke-turbo-diesel-automatic-wagon,,,,,,,,,,,,Unregistered,,,,,,,,,,,,,,pending_final_sale_price,7900.0,,131.0,10 March 2026 22:30 AEDT,2026-03-10
https://www.grays.com/lot/0001-9067362/motor-vehicles-motor-cycles/2012-opel-astra-select-pj-automatic-hatchback,,,,,,,,,,,,Unregistered,,,,,,,,,,,,,,pending_final_sale_price,2300.0,,23.0,10 March 2026 22:30 AEDT,2026-03-10
https://www.grays.com/lot/0001-9067363/motor-vehicles-motor-cycles/2009-mitsubishi-pajero-gls-nt-turbo-diesel-manual-7-seats-wagon,,,,,,,,,,,,Unregistered,,,,,,,,,,,,,,pending_final_sale_price,2409.0,,50.0,10 March 2026 22:30 AEDT,2026-03-10
https://www.grays.com/lot/0001-9067364/motor-vehicles-motor-cycles/2008-toyota-hilux-4x2-sr-kun16r-turbo-diesel-manual-dual-cab,,,,,,,,,,,,Unregistered,,,,,,,,,,,,,,pending_final_sale_price,5800.0,,81.0,10 March 2026 22:30 AEDT,2026-03-10
https://www.grays.com/lot/0001-9067365/motor-vehicles-motor-cycles/2015-citroen-grand-c4-picasso-exclusive-turbo-diesel-automatic-wagon,,,,,,,,,,,,Unregistered,,,,,,,,,,,,,,pending_final_sale_price,5700.0,,82.0,10 March 2026 22:30 AEDT,2026-03-10
https://www.grays.com/lot/0001-9067366/motor-vehicles-motor-cycles/2015-holden-captiva-7-ltz-awd-cg-ii-automatic-7-seats-wagon,,,,,,,,,,,,Unregistered,,,,,,,,,,,,,,pending_final_sale_price,3100.0,,42.0,10 March 2026 22:30 AEDT,2026-03-10
https://www.grays.com/lot/0001-9067367/motor-vehicles-motor-cycles/2010-audi-a5-3-0-tdi-quattro-8t-turbo-diesel-automatic-coupe,,,,,,,,,,,,Unregistered,,,,,,,,,,,,,,pending_final_sale_price,4950.0,,80.0,10 March 2026 22:30 AEDT,2026-03-10
https://www.grays.com/lot/0001-9067368/motor-vehicles-motor-cycles/2014-ford-ranger-xl-4x2-hi-rider-px-turbo-diesel-automatic-cab-chassis,,,,,,,,,,,,Unregistered,,,,,,,,,,,,,,pending_final_sale_price,3351.0,,48.0,10 March 2026 22:30 AEDT,2026-03-10
https://www.grays.com/lot/0001-9067369/motor-vehicles-motor-cycles/2005-mercedes-benz-c-class-c180-k-classic-w203-automatic-sedan,,,,,,,,,,,,Unregistered,,,,,,,,,,,,,,pending_final_sale_price,800.0,,11.0,10 March 2026 23:00 AEDT,2026-03-10
https://www.grays.com/lot/0001-9067371/motor-vehicles-motor-cycles/2012-hyundai-i20-active-pb-automatic-hatchback,,,,,,,,,,,,Unregistered,,,,,,,,,,,,,,pending_final_sale_price,1200.0,,13.0,10 March 2026 23:00 AEDT,2026-03-10
https://www.grays.com/lot/0001-9067372/motor-vehicles-motor-cycles/2007-holden-ute-omega-ve-automatic-ute,,,,,,,,,,,,Unregistered,,,,,,,,,,,,,,pending_final_sale_price,900.0,,14.0,10 March 2026 23:00 AEDT,2026-03-10
https://www.grays.com/lot/0001-9067373/motor-vehicles-motor-cycles/2007-land-rover-range-rover-sport-supercharged-automatic-wagon,,,,,,,,,,,,Unregistered,,,,,,,,,,,,,,pending_final_sale_price,6450.0,,69.0,10 March 2026 23:00 AEDT,2026-03-10
https://www.grays.com/lot/0001-9067375/motor-vehicles-motor-cycles/2014-toyota-hilux-4x4-sr5-kun26r-turbo-diesel-manual-dual-cab,,,,,,,,,,,,Unregistered,,,,,,,,,,,,,,pending_final_sale_price,10300.0,,69.0,10 March 2026 23:00 AEDT,2026-03-10
https://www.grays.com/lot/0001-9067377/motor-vehicles-motor-cycles/2008-holden-captiva-lx-awd-cg-automatic-7-seats-wagon,,,,,,,,,,,,Unregistered,,,,,,,,,,,,,,pending_final_sale_price,500.0,,8.0,10 March 2026 23:00 AEDT,2026-03-10
https://www.grays.com/lot/0001-9067382/motor-vehicles-motor-cycles/2008-holden-commodore-omega-ve-automatic-sedan,,,,,,,,,,,,Unregistered,,,,,,,,,,,,,,pending_final_sale_price,1056.0,,15.0,10 March 2026 23:00 AEDT,2026-03-10
https://www.grays.com/lot/0001-9067383/motor-vehicles-motor-cycles/2008-hyundai-i30-sx-fd-automatic-hatchback,,,,,,,,,,,,Unregistered,,,,,,,,,,,,,,pending_final_sale_price,2100.0,,26.0,10 March 2026 23:00 AEDT,2026-03-10
https://www.grays.com/lot/0001-9067384/motor-vehicles-motor-cycles/2011-bmw-x1-sdrive-18i-e84-automatic-wagon,,,,,,,,,,,,Unregistered,,,,,,,,,,,,,,pending_final_sale_price,2900.0,,38.0,10 March 2026 23:00 AEDT,2026-03-10
https://www.grays.com/lot/0001-9067389/motor-vehicles-motor-cycles/2018-jaguar-e-pace-183kw-s-9-auto-wagon,,,,,,,,,,,,Unregistered,,,,,,,,,,,,,,pending_final_sale_price,13800.0,,167.0,10 March 2026 22:30 AEDT,2026-03-10
https://www.grays.com/lot/0001-9067390/motor-vehicles-motor-cycles/2010-holden-caprice-wm-ii-automatic-sedan,,,,,,,,,,,,Unregistered,,,,,,,,,,,,,,pending_final_sale_price,4700.0,,70.0,10 March 2026 22:30 AEDT,2026-03-10
https://www.grays.com/lot/0001-9067391/motor-vehicles-motor-cycles/2013-ford-kuga-awd-titanium-tf-turbo-diesel-automatic-wagon,,,,,,,,,,,,Unregistered,,,,,,,,,,,,,,pending_final_sale_price,4500.0,,76.0,11 March 2026 22:30 AEDT,2026-03-11
https://www.grays.com/lot/0001-9067393/motor-vehicles-motor-cycles/2010-hyundai-i30-sx-fd-automatic-hatchback,,,,,,,,,,,,Unregistered,,,,,,,,,,,,,,pending_final_sale_price,4809.0,,63.0,10 March 2026 22:30 AEDT,2026-03-10
https://www.grays.com/lot/0001-9067395/motor-vehicles-motor-cycles/2015-holden-malibu-cdx-em-automatic-sedan,,,,,,,,,,,,Unregistered,,,,,,,,,,,,,,pending_final_sale_price,800.0,,8.0,10 March 2026 22:30 AEDT,2026-03-10
https://www.grays.com/lot/0001-9067396/motor-vehicles-motor-cycles/2003-nissan-patrol-st-3-0-gu-ii-turbo-diesel-automatic-7-seats-wagon,,,,,,,,,,,,Unregistered,,,,,,,,,,,,,,pending_final_sale_price,3609.0,,64.0,10 March 2026 22:30 AEDT,2026-03-10
https://www.grays.com/lot/0001-9067397/motor-vehicles-motor-cycles/2016-kia-optima-si-jf-automatic-sedan,,,,,,,,,,,,Unregistered,,,,,,,,,,,,,,pending_final_sale_price,6800.0,,63.0,10 March 2026 22:30 AEDT,2026-03-10
https://www.grays.com/lot/0001-9067398/motor-vehicles-motor-cycles/2015-ford-focus-trend-lw-ii-automatic-sedan,,,,,,,,,,,,Unregistered,,,,,,,,,,,,,,pending_final_sale_price,4209.0,,55.0,10 March 2026 22:30 AEDT,2026-03-10
https://www.grays.com/lot/0001-9067401/motor-vehicles-motor-cycles/2016-toyota-landcruiser-workmate-vdj79r-t-d-manual-crew-cab-chassis,,,,,,,,,,,,Unregistered,,,,,,,,,,,,,,pending_final_sale_price,34500.0,,144.0,11 March 2026 22:30 AEDT,2026-03-11
https://www.grays.com/lot/0001-9067402/motor-vehicles-motor-cycles/2011-nissan-patrol-st-s-3-0-gu-ii-turbo-diesel-automatic-7-seats-wagon,,,,,,,,,,,,Unregistered,,,,,,,,,,,,,,pending_final_sale_price,12100.0,,123.0,11 March 2026 22:30 AEDT,2026-03-11
https://www.grays.com/lot/0001-9067403/motor-vehicles-motor-cycles/2016-audi-q2-sport-2-0-tdi-quattro-ga-turbo-diesel-automatic-wagon,,,,,,,,,,,,Unregistered,,,,,,,,,,,,,,pending_final_sale_price,7450.0,,86.0,11 March 2026 22:30 AEDT,2026-03-11
https://www.grays.com/lot/0001-9067404/motor-vehicles-motor-cycles/2012-peugeot-208-allure-sport-manual-hatchback,,,,,,,,,,,,Unregistered,,,,,,,,,,,,,,pending_final_sale_price,1309.0,,18.0,10 March 2026 20:00 AEDT,2026-03-10
https://www.grays.com/lot/0001-9067405/motor-vehicles-motor-cycles/2012-holden-ute-sv6-thunder-le-ve-ii-automatic-ute,,,,,,,,,,,,Unregistered,,,,,,,,,,,,,,pending_final_sale_price,8709.0,,148.0,11 March 2026 22:30 AEDT,2026-03-11
https://www.grays.com/lot/0001-9067409/motor-vehicles-motor-cycles/2006-mazda-3-maxx-sport-bk-manual-sedan,,,,,,,,,,,,Unregistered,,,,,,,,,,,,,,pending_final_sale_price,2009.0,,41.0,11 March 2026 22:30 AEDT,2026-03-11
https://www.grays.com/lot/0001-9067410/motor-vehicles-motor-cycles/2010-subaru-forester-2-0d-premium-s3-turbo-diesel-manual-wagon,,,,,,,,,,,,Unregistered,,,,,,,,,,,,,,pending_final_sale_price,1625.0,,25.0,11 March 2026 22:30 AEDT,2026-03-11
https://www.grays.com/lot/0001-9067411/motor-vehicles-motor-cycles/2015-mazda-cx-9-grand-touring-awd-automatic-7-seats-wagon,,,,,,,,,,,,Unregistered,,,,,,,,,,,,,,pending_final_sale_price,3200.0,,45.0,11 March 2026 22:30 AEDT,2026-03-11
https://www.grays.com/lot/0001-9067412/motor-vehicles-motor-cycles/2006-chrysler-pt-cruiser-special-edition-automatic-hatchback,,,,,,,,,,,,Unregistered,,,,,,,,,,,,,,pending_final_sale_price,2509.0,,41.0,11 March 2026 22:30 AEDT,2026-03-11
https://www.grays.com/lot/0001-9067416/motor-vehicles-motor-cycles/2012-mini-cooper-paceman-s-r61-automatic-coupe,,,,,,,,,,,,Unregistered,,,,,,,,,,,,,,pending_final_sale_price,8700.0,,106.0,11 March 2026 22:30 AEDT,2026-03-11
https://www.grays.com/lot/0001-9067417/motor-vehicles-motor-cycles/2014-toyota-hilux-4x4-sr-kun26r-turbo-diesel-automatic-crew-cab-chassis,,,,,,,,,,,,Unregistered,,,,,,,,,,,,,,pending_final_sale_price,11100.0,,136.0,11 March 2026 22:30 AEDT,2026-03-11
https://www.grays.com/lot/0001-9067418/motor-vehicles-motor-cycles/1990-toyota-hiace-lwb-lh113r-automatic-van,,,,,,,,,,,,Unregistered,,,,,,,,,,,,,,pending_final_sale_price,4900.0,,74.0,11 March 2026 22:30 AEDT,2026-03-11
https://www.grays.com/lot/0001-9067419/motor-vehicles-motor-cycles/2014-kia-cerato-koup-turbo-yd-automatic-coupe,,,,,,,,,,,,Unregistered,,,,,,,,,,,,,,pending_final_sale_price,3609.0,,54.0,11 March 2026 22:30 AEDT,2026-03-11
https://www.grays.com/lot/0001-9067423/motor-vehicles-motor-cycles/2007-volkswagen-passat-2-0-tfsi-3c-automatic-sedan,,,,,,,,,,,,Unregistered,,,,,,,,,,,,,,pending_final_sale_price,500.0,,7.0,11 March 2026 22:30 AEDT,2026-03-11
https://www.grays.com/lot/0001-9067424/motor-vehicles-motor-cycles/2008-holden-commodore-omega-ve-automatic-ute,,,,,,,,,,,,Unregistered,,,,,,,,,,,,,,pending_final_sale_price,3500.0,,37.0,11 March 2026 22:30 AEDT,2026-03-11
https://www.grays.com/lot/0001-9067426/motor-vehicles-motor-cycles/2011-hyundai-i45-premium-yf-automatic-sedan,,,,,,,,,,,,Unregistered,,,,,,,,,,,,,,pending_final_sale_price,5309.0,,77.0,11 March 2026 22:30 AEDT,2026-03-11
https://www.grays.com/lot/0001-9067429/motor-vehicles-motor-cycles/2014-bmw-320d-320d-f30-turbo-diesel-automatic-8-speed-sedan,,,,,,,,,,,,Unregistered,,,,,,,,,,,,,,pending_final_sale_price,10000.0,,45.0,11 March 2026 22:30 AEDT,2026-03-11
https://www.grays.com/lot/0001-9067432/motor-vehicles-motor-cycles/2011-mazda-cx-7-classic-sports-automatic-wagon,,,,,,,,,,,,Unregistered,,,,,,,,,,,,,,pending_final_sale_price,409.0,,8.0,11 March 2026 23:00 AEDT,2026-03-11
https://www.grays.com/lot/0001-9067433/motor-vehicles-motor-cycles/2008-holden-commodore-lumina-ve-automatic-sedan,,,,,,,,,,,,Unregistered,,,,,,,,,,,,,,pending_final_sale_price,509.0,,10.0,11 March 2026 23:00 AEDT,2026-03-11
https://www.grays.com/lot/0001-9067434/motor-vehicles-motor-cycles/2003-mitsubishi-lancer-gli-1-8-ce-manual-coupe,,,,,,,,,,,,Unregistered,,,,,,,,,,,,,,pending_final_sale_price,509.0,,11.0,11 March 2026 23:00 AEDT,2026-03-11
https://www.grays.com/lot/0001-9067436/motor-vehicles-motor-cycles/2005-jeep-grand-cherokee-laredo-wh-turbo-diesel-automatic-wagon,,,,,,,,,,,,Unregistered,,,,,,,,,,,,,,pending_final_sale_price,1200.0,,13.0,11 March 2026 23:00 AEDT,2026-03-11
https://www.grays.com/lot/0001-9067437/motor-vehicles-motor-cycles/2004-holden-commodore-executive-vy-automatic-wagon,,,,,,,,,,,,Unregistered,,,,,,,,,,,,,,pending_final_sale_price,709.0,,13.0,11 March 2026 23:00 AEDT,2026-03-11
https://www.grays.com/lot/0001-9067439/motor-vehicles-motor-cycles/2009-holden-captiva-sx-awd-cg-automatic-7-seats-wagon,,,,,,,,,,,,Unregistered,,,,,,,,,,,,,,pending_final_sale_price,600.0,,9.0,11 March 2026 23:00 AEDT,2026-03-11
https://www.grays.com/lot/0001-9067446/motor-vehicles-motor-cycles/2008-mitsubishi-lancer-es-cj-manual-sedan,,,,,,,,,,,,Unregistered,,,,,,,,,,,,,,pending_final_sale_price,909.0,,14.0,11 March 2026 23:00 AEDT,2026-03-11
https://www.grays.com/lot/0001-9067448/motor-vehicles-motor-cycles/2000-nissan-patrol-st-3-0-gu-ii-turbo-diesel-manual-7-seats-wagon,,,,,,,,,,,,Unregistered,,,,,,,,,,,,,,pending_final_sale_price,1409.0,,22.0,11 March 2026 23:00 AEDT,2026-03-11
https://www.grays.com/lot/0001-9067452/motor-vehicles-motor-cycles/2006-ford-falcon-rtv-bf-automatic-ute,,,,,,,,,,,,Unregistered,,,,,,,,,,,,,,pending_final_sale_price,2909.0,,36.0,11 March 2026 22:30 AEDT,2026-03-11
https://www.grays.com/lot/0001-9067453/motor-vehicles-motor-cycles/2015-land-rover-discovery-sport-si4-se-automatic-wagon,,,,,,,,,,,,Unregistered,,,,,,,,,,,,,,pending_final_sale_price,12700.0,,149.0,11 March 2026 20:30 AEDT,2026-03-11
https://www.grays.com/lot/0001-9067454/motor-vehicles-motor-cycles/2019-kia-cerato-s-bd-automatic-sedan,,,,,,,,,,,,Unregistered,,,,,,,,,,,,,,pending_final_sale_price,7000.0,,53.0,11 March 2026 20:30 AEDT,2026-03-11
https://www.grays.com/lot/0001-9067455/motor-vehicles-motor-cycles/2013-volvo-xc90-3-2-r-design-automatic-7-seats-wagon,,,,,,,,,,,,Unregistered,,,,,,,,,,,,,,pending_final_sale_price,6700.0,,80.0,11 March 2026 22:30 AEDT,2026-03-11
https://www.grays.com/lot/0150-5062196/motor-vehicles-motor-cycles/2008-nissan-patrol-y61-commercial-4wd-manual-ute,,,,,,,,,,,,Unregistered,,,,,,,,,,,,,,pending_final_sale_price,2200.0,,27.0,11 March 2026 19:00 AEDT,2026-03-11
https://www.grays.com/lot/0001-10352945/motor-vehicles-motor-cycles/2017-mercedes-benz-a-class-a180-w176-automatic-hatchback-wovr-inspected,,,,,,,,,,,,Unregistered,,,,,,,,,,,,,,pending_final_sale_price,6509.0,,89.0,11 March 2026 19:30 AEDT,2026-03-11
https://www.grays.com/lot/0001-21063846/motor-vehicles-motor-cycles/2022-mg-mg3-excite-automatic-hatchback-wovr-repairable,,,,,,,,,,,,Unregistered,,,,,,,,,,,,,,pending_final_sale_price,6200.0,,87.0,10 March 2026 20:00 AEDT,2026-03-10
https://www.grays.com/lot/0001-21063891/motor-vehicles-motor-cycles/2016-ford-ranger-xls-4x4-px-ii-automatic-dual-cab-wovr-repairable,,,,,,,,,,,,Unregistered,,,,,,,,,,,,,,pending_final_sale_price,11800.0,,93.0,11 March 2026 20:00 AEDT,2026-03-11
https://www.grays.com/lot/0001-21063937/motor-vehicles-motor-cycles/2021-bmw-x3-xdrive30i-g01-lci-automatic-8-speed-wagon-wovr-repairable,,,,,,,,,,,,Unregistered,,,,,,,,,,,,,,pending_final_sale_price,25300.0,,159.0,12 March 2026 20:00 AEDT,2026-03-12
https://www.grays.com/lot/0001-21063951/motor-vehicles-motor-cycles/2006-holden-rodeo-lx-td-crew-cab-ra-t-d-auto-dual-cab-wovr-repairable,,,,,,,,,,,,Unregistered,,,,,,,,,,,,,,pending_final_sale_price,2100.0,,31.0,11 March 2026 20:00 AEDT,2026-03-11
https://www.grays.com/lot/0001-21063958/motor-vehicles-motor-cycles/2018-hyundai-i30-active-pd-automatic-hatchback-wovr-repairable,,,,,,,,,,,,Unregistered,,,,,,,,,,,,,,pending_final_sale_price,8600.0,,81.0,11 March 2026 20:00 AEDT,2026-03-11
https://www.grays.com/lot/0001-50714855/motor-vehicles-motor-cycles/2019-holden-acadia-ltz-2wd-automatic-7-seats-wagon-wovr-repairable,,,,,,,,,,,,Unregistered,,,,,,,,,,,,,,pending_final_sale_price,809.0,,11.0,11 March 2026 20:00 AEDT,2026-03-11
https://www.grays.com/lot/0001-60050316/motor-vehicles-motor-cycles/2001-toyota-camry-csi-mcv20r-automatic-sedan-wovr-inspected,,,,,,,,,,,,Unregistered,,,,,,,,,,,,,,pending_final_sale_price,409.0,,9.0,11 March 2026 20:00 AEDT,2026-03-11
https://www.grays.com/lot/0001-9067344/motor-vehicles-motor-cycles/1997-honda-accord-vti-6th-gen-automatic-sedan-wovr-inspected,,,,,,,,,,,,Unregistered,,,,,,,,,,,,,,pending_final_sale_price,809.0,,13.0,10 March 2026 22:30 AEDT,2026-03-10
https://www.grays.com/lot/0001-9067360/motor-vehicles-motor-cycles/2014-suzuki-jimny-sierra-jlx-automatic-wagon-wovr-inspected,,,,,,,,,,,,Unregistered,,,,,,,,,,,,,,pending_final_sale_price,9100.0,,118.0,10 March 2026 22:30 AEDT,2026-03-10
https://www.grays.com/lot/0001-9067361/motor-vehicles-motor-cycles/2008-bmw-x6-xdrive-35i-e71-automatic-coupe-wovr-inspected,,,,,,,,,,,,Unregistered,,,,,,,,,,,,,,pending_final_sale_price,5100.0,,35.0,10 March 2026 22:30 AEDT,2026-03-10
https://www.grays.com/lot/0001-9067388/motor-vehicles-motor-cycles/2006-ford-falcon-xr6t-bf-automatic-sedan-wovr-inspected,,,,,,,,,,,,Unregistered,,,,,,,,,,,,,,pending_final_sale_price,7500.0,,109.0,10 March 2026 22:30 AEDT,2026-03-10
https://www.grays.com/lot/0001-9067425/motor-vehicles-motor-cycles/1998-toyota-landcruiser-prado-gxl-v6-vzj95r-auto-wagon-wovr-inspected,,,,,,,,,,,,Unregistered,,,,,,,,,,,,,,pending_final_sale_price,1109.0,,17.0,11 March 2026 22:30 AEDT,2026-03-11
https://www.grays.com/lot/0001-9067431/motor-vehicles-motor-cycles/2008-volkswagen-jetta-2-0-tdi-1km-turbo-diesel-auto-wovr-inspected,,,,,,,,,,,,Unregistered,,,,,,,,,,,,,,pending_final_sale_price,565.0,,6.0,11 March 2026 23:00 AEDT,2026-03-11
https://www.grays.com/lot/0001-9067435/motor-vehicles-motor-cycles/2009-holden-barina-tk-automatic-sedan-wovr-repairable,,,,,,,,,,,,Unregistered,,,,,,,,,,,,,,pending_final_sale_price,509.0,,11.0,11 March 2026 23:00 AEDT,2026-03-11
https://www.grays.com/lot/0001-9067451/motor-vehicles-motor-cycles/2004-hsv-clubsport-vy-automatic-sedan-wovr-statutory,,,,,,,,,,,,Unregistered,,,,,,,,,,,,,,pending_final_sale_price,15100.0,,119.0,11 March 2026 23:00 AEDT,2026-03-11
https://www.grays.com/lot/0001-10352982/motor-vehicles-motor-cycles/2009-subaru-tribeca-3-6r-b9-automatic-7-seats-wagon,,,,,,,,,,,,Unregistered,,,,,,,,,,,,,,pending_final_sale_price,1009.0,,18.0,16 March 2026 20:00 AEDT,2026-03-16
https://www.grays.com/lot/0001-21063914/motor-vehicles-motor-cycles/2014-volkswagen-jetta-118tsi-1b-automatic-sedan,,,,,,,,,,,,Unregistered,,,,,,,,,,,,,,pending_final_sale_price,2210.0,,26.0,17 March 2026 20:00 AEDT,2026-03-17
https://www.grays.com/lot/0001-21064045/motor-vehicles-motor-cycles/2009-bmw-123d-e88-turbo-diesel-automatic-convertible,,,,,,,,,,,,Unregistered,,,,,,,,,,,,,,pending_final_sale_price,1109.0,,12.0,17 March 2026 20:05 AEDT,2026-03-17
https://www.grays.com/lot/0001-21064121/motor-vehicles-motor-cycles/2003-mitsubishi-outlander-xls-ze-automatic-wagon,,,,,,,,,,,,Unregistered,,,,,,,,,,,,,,pending_final_sale_price,209.0,,3.0,17 March 2026 20:00 AEDT,2026-03-17
https://www.grays.com/lot/0001-21064123/motor-vehicles-motor-cycles/2022-mg-hs-vibe-automatic-wagon,,,,,,,,,,,,Unregistered,,,,,,,,,,,,,,pending_final_sale_price,11509.0,,2.0,17 March 2026 20:00 AEDT,2026-03-17
https://www.grays.com/lot/0001-21064165/motor-vehicles-motor-cycles/2009-ford-territory-tx-sy-ii-automatic-7-seats-wagon,,,,,,,,,,,,Unregistered,,,,,,,,,,,,,,pending_final_sale_price,809.0,,9.0,17 March 2026 20:00 AEDT,2026-03-17
https://www.grays.com/lot/0001-10353166/motor-vehicles-motor-cycles/2015-toyota-hilux-4x4-sr-kun26r-turbo-diesel-automatic-crew-cab-chassis,,,,,,,,,,,,Unregistered,,,,,,,,,,,,,,pending_final_sale_price,12101.0,,141.0,06 April 2026 20:00 AEST,2026-04-06
https://www.grays.com/lot/0001-10353177/motor-vehicles-motor-cycles/2014-jeep-compass-sport-manual-wagon,,,,,,,,,,,,Unregistered,,,,,,,,,,,,,,pending_final_sale_price,2550.0,,42.0,05 April 2026 20:00 AEST,2026-04-05
https://www.grays.com/lot/0001-10353187/motor-vehicles-motor-cycles/2009-holden-barina-tk-manual-hatchback,,,,,,,,,,,,Unregistered,,,,,,,,,,,,,,pending_final_sale_price,309.0,,5.0,07 April 2026 20:00 AEST,2026-04-07
https://www.grays.com/lot/0001-10353188/motor-vehicles-motor-cycles/2020-toyota-prius-phv-cvt-import-sedan,,,,,,,,,,,,Unregistered,,,,,,,,,,,,,,pending_final_sale_price,14999.0,,102.0,07 April 2026 20:00 AEST,2026-04-07
https://www.grays.com/lot/0001-10353190/motor-vehicles-motor-cycles/2006-toyota-corolla-ascent-zze122r-manual-sedan,,,,,,,,,,,,Unregistered,,,,,,,,,,,,,,pending_final_sale_price,1010.0,,18.0,07 April 2026 20:05 AEST,2026-04-07
https://www.grays.com/lot/0001-10353195/motor-vehicles-motor-cycles/2013-renault-megane-gt-line-cvt-hatchback,,,,,,,,,,,,Unregistered,,,,,,,,,,,,,,pending_final_sale_price,2220.0,,30.0,07 April 2026 20:00 AEST,2026-04-07
https://www.grays.com/lot/0001-10353206/motor-vehicles-motor-cycles/2006-bmw-540i-e60-automatic-sedan,,,,,,,,,,,,Unregistered,,,,,,,,,,,,,,pending_final_sale_price,2000.0,,25.0,08 April 2026 20:00 AEST,2026-04-08
https://www.grays.com/lot/0001-10353210/motor-vehicles-motor-cycles/2005-mercedes-benz-slk280-r171-automatic-convertible,,,,,,,,,,,,Unregistered,,,,,,,,,,,,,,pending_final_sale_price,8509.0,,110.0,07 April 2026 20:00 AEST,2026-04-07
https://www.grays.com/lot/0001-10353212/motor-vehicles-motor-cycles/2014-ford-kuga-ambiente-fwd-tf-ii-automatic-wagon,,,,,,,,,,,,Unregistered,,,,,,,,,,,,,,pending_final_sale_price,3409.0,,37.0,07 April 2026 20:00 AEST,2026-04-07
https://www.grays.com/lot/0001-10353214/motor-vehicles-motor-cycles/2008-subaru-impreza-wrx-sti-g3-manual-hatchback,,,,,,,,,,,,Unregistered,,,,,,,,,,,,,,pending_final_sale_price,16900.0,,169.0,07 April 2026 20:00 AEST,2026-04-07
https://www.grays.com/lot/0001-10353216/motor-vehicles-motor-cycles/2017-hyundai-santa-fe-elite-dm-ii-turbo-diesel-automatic-7-seats-wagon,,,,,,,,,,,,Unregistered,,,,,,,,,,,,,,pending_final_sale_price,8888.0,,6.0,07 April 2026 20:00 AEST,2026-04-07
https://www.grays.com/lot/0001-10353220/motor-vehicles-motor-cycles/2009-nissan-dualis-ti-j10-cvt-wagon,,,,,,,,,,,,Unregistered,,,,,,,,,,,,,,pending_final_sale_price,609.0,,10.0,08 April 2026 20:00 AEST,2026-04-08
https://www.grays.com/lot/0001-10353221/motor-vehicles-motor-cycles/2009-hyundai-getz-sx-tb-automatic-hatchback,,,,,,,,,,,,Unregistered,,,,,,,,,,,,,,pending_final_sale_price,309.0,,4.0,08 April 2026 20:00 AEST,2026-04-08
https://www.grays.com/lot/0001-10353224/motor-vehicles-motor-cycles/2012-volvo-xc60-d5-r-design-turbo-diesel-automatic-wagon,,,,,,,,,,,,Unregistered,,,,,,,,,,,,,,pending_final_sale_price,1409.0,,17.0,08 April 2026 20:00 AEST,2026-04-08
https://www.grays.com/lot/0001-10353234/motor-vehicles-motor-cycles/2008-subaru-tribeca-3-6r-b9-automatic-7-seats-wagon,,,,,,,,,,,,Unregistered,,,,,,,,,,,,,,pending_final_sale_price,3000.0,,30.0,08 April 2026 20:00 AEST,2026-04-08
https://www.grays.com/lot/0001-10353235/motor-vehicles-motor-cycles/2006-mazda-6-limited-gg-manual-sedan,,,,,,,,,,,,Unregistered,,,,,,,,,,,,,,pending_final_sale_price,600.0,,7.0,07 April 2026 20:00 AEST,2026-04-07
https://www.grays.com/lot/0001-10353241/motor-vehicles-motor-cycles/2007-honda-jazz-gli-gd-cvt-hatchback,,,,,,,,,,,,Unregistered,,,,,,,,,,,,,,pending_final_sale_price,2950.0,,5.0,07 April 2026 20:00 AEST,2026-04-07
https://www.grays.com/lot/0001-10913024/motor-vehicles-motor-cycles/2011-volkswagen-multivan-comfortline-103kw-t5-turbo-7sts-people-mover,,,,,,,,,,,,Unregistered,,,,,,,,,,,,,,pending_final_sale_price,2450.0,,24.0,07 April 2026 20:05 AEST,2026-04-07
https://www.grays.com/lot/0001-21064569/motor-vehicles-motor-cycles/2016-nissan-x-trail-st-awd-t32-cvt-wagon-ex-gov,,,,,,,,,,,,Unregistered,,,,,,,,,,,,,,pending_final_sale_price,11450.0,,174.0,08 April 2026 20:00 AEST,2026-04-08
https://www.grays.com/lot/0001-21064731/motor-vehicles-motor-cycles/2016-nissan-x-trail-st-awd-t32-cvt-wagon-ex-gov,,,,,,,,,,,,Unregistered,,,,,,,,,,,,,,pending_final_sale_price,11000.0,,134.0,08 April 2026 20:00 AEST,2026-04-08
https://www.grays.com/lot/0001-21064779/motor-vehicles-motor-cycles/2013-land-rover-range-rover-sport-3-0-tdv6-se-l494-t-d-auto,,,,,,,,,,,,Unregistered,,,,,,,,,,,,,,pending_final_sale_price,15000.0,,52.0,07 April 2026 20:00 AEST,2026-04-07
https://www.grays.com/lot/0001-21064810/motor-vehicles-motor-cycles/2008-mercedes-benz-c-class-c280-elegance-w204-automatic-sedan,,,,,,,,,,,,Unregistered,,,,,,,,,,,,,,pending_final_sale_price,2900.0,,36.0,07 April 2026 20:00 AEST,2026-04-07
https://www.grays.com/lot/0001-21064851/motor-vehicles-motor-cycles/2006-land-rover-discovery-se-series-3-turbo-diesel-automatic-7-seats-wagon,,,,,,,,,,,,Unregistered,,,,,,,,,,,,,,pending_final_sale_price,2210.0,,32.0,07 April 2026 20:10 AEST,2026-04-07
https://www.grays.com/lot/0001-21064858/motor-vehicles-motor-cycles/2005-subaru-impreza-rs-g2-manual-sedan,,,,,,,,,,,,Unregistered,,,,,,,,,,,,,,pending_final_sale_price,1511.0,,20.0,06 April 2026 20:00 AEST,2026-04-06
https://www.grays.com/lot/0001-21064859/motor-vehicles-motor-cycles/2008-jaguar-xf-2-7d-luxury-turbo-diesel-automatic-sedan,,,,,,,,,,,,Unregistered,,,,,,,,,,,,,,pending_final_sale_price,2609.0,,47.0,08 April 2026 20:00 AEST,2026-04-08
https://www.grays.com/lot/0001-21064860/motor-vehicles-motor-cycles/2011-audi-a4-1-8-tfsi-b8-cvt-sedan,,,,,,,,,,,,Unregistered,,,,,,,,,,,,,,pending_final_sale_price,3109.0,,45.0,07 April 2026 20:00 AEST,2026-04-07
https://www.grays.com/lot/0001-21064861/motor-vehicles-motor-cycles/2012-opel-insignia-ga-turbo-diesel-automatic-sedan,,,,,,,,,,,,Unregistered,,,,,,,,,,,,,,pending_final_sale_price,1109.0,,13.0,07 April 2026 20:00 AEST,2026-04-07
https://www.grays.com/lot/0001-21064863/motor-vehicles-motor-cycles/2015-subaru-outback-2-5i-b6a-cvt-wagon,,,,,,,,,,,,Unregistered,,,,,,,,,,,,,,pending_final_sale_price,2800.0,,37.0,06 April 2026 20:00 AEST,2026-04-06
https://www.grays.com/lot/0001-21064864/motor-vehicles-motor-cycles/2020-toyota-landcruiser-prado-gxl-gdj150r-turbo-diesel-automatic,,,,,,,,,,,,Unregistered,,,,,,,,,,,,,,pending_final_sale_price,40600.0,,181.0,07 April 2026 20:00 AEST,2026-04-07
https://www.grays.com/lot/0001-21064865/motor-vehicles-motor-cycles/2012-holden-barina-tm-automatic-hatchback,,,,,,,,,,,,Unregistered,,,,,,,,,,,,,,pending_final_sale_price,1110.0,,17.0,07 April 2026 20:00 AEST,2026-04-07
https://www.grays.com/lot/0001-21064889/motor-vehicles-motor-cycles/2017-bmw-x3-xdrive-30i-g01-automatic-8-speed-wagon,,,,,,,,,,,,Unregistered,,,,,,,,,,,,,,pending_final_sale_price,12200.0,,128.0,07 April 2026 20:00 AEST,2026-04-07
https://www.grays.com/lot/0001-21064936/motor-vehicles-motor-cycles/2008-iveco-daily-50c18-automatic-7-seats-dual-cab,,,,,,,,,,,,Unregistered,,,,,,,,,,,,,,pending_final_sale_price,11600.0,,192.0,08 April 2026 20:00 AEST,2026-04-08
https://www.grays.com/lot/0001-21064944/motor-vehicles-motor-cycles/2016-subaru-levorg-2-0gt-v1-cvt-wagon,,,,,,,,,,,,Unregistered,,,,,,,,,,,,,,pending_final_sale_price,10200.0,,121.0,07 April 2026 20:00 AEST,2026-04-07
https://www.grays.com/lot/0001-21064945/motor-vehicles-motor-cycles/2018-land-rover-discovery-sport-td4-hse-132kw-t-d-auto-7-seats-wagon,,,,,,,,,,,,Unregistered,,,,,,,,,,,,,,pending_final_sale_price,15600.0,,103.0,07 April 2026 20:00 AEST,2026-04-07
https://www.grays.com/lot/0001-21064950/motor-vehicles-motor-cycles/2016-kia-carnival-s-yp-automatic-8-seats-people-mover,,,,,,,,,,,,Unregistered,,,,,,,,,,,,,,pending_final_sale_price,7400.0,,108.0,07 April 2026 20:00 AEST,2026-04-07
https://www.grays.com/lot/0001-21064953/motor-vehicles-motor-cycles/1989-honda-prelude-automatic-coupe,,,,,,,,,,,,Unregistered,,,,,,,,,,,,,,pending_final_sale_price,1909.0,,33.0,07 April 2026 20:00 AEST,2026-04-07
https://www.grays.com/lot/0001-21064954/motor-vehicles-motor-cycles/2011-ford-falcon-g6-eco-lpg-fg-ii-automatic-sedan,,,,,,,,,,,,Unregistered,,,,,,,,,,,,,,pending_final_sale_price,3700.0,,45.0,07 April 2026 20:00 AEST,2026-04-07
https://www.grays.com/lot/0001-21064955/motor-vehicles-motor-cycles/2013-holden-commodore-evoke-vf-automatic-sedan,,,,,,,,,,,,Unregistered,,,,,,,,,,,,,,pending_final_sale_price,4809.0,,53.0,07 April 2026 20:00 AEST,2026-04-07
https://www.grays.com/lot/0001-21064965/motor-vehicles-motor-cycles/2018-peugeot-308-allure-automatic-hatchback,,,,,,,,,,,,Unregistered,,,,,,,,,,,,,,pending_final_sale_price,5600.0,,51.0,08 April 2026 20:00 AEST,2026-04-08
https://www.grays.com/lot/0001-21064966/motor-vehicles-motor-cycles/2016-subaru-xv-2-0i-l-g4x-cvt-hatchback,,,,,,,,,,,,Unregistered,,,,,,,,,,,,,,pending_final_sale_price,8900.0,,89.0,08 April 2026 20:00 AEST,2026-04-08
https://www.grays.com/lot/0001-21064970/motor-vehicles-motor-cycles/2009-ford-ranger-xl-4x4-pk-turbo-diesel-automatic-cab-chassis,,,,,,,,,,,,Unregistered,,,,,,,,,,,,,,pending_final_sale_price,4801.0,,58.0,08 April 2026 20:00 AEST,2026-04-08
https://www.grays.com/lot/0001-21064971/motor-vehicles-motor-cycles/2013-nissan-pathfinder-st-r52-cvt-7-seats-wagon,,,,,,,,,,,,Unregistered,,,,,,,,,,,,,,pending_final_sale_price,2309.0,,28.0,06 April 2026 20:00 AEST,2026-04-06
https://www.grays.com/lot/0001-21064973/motor-vehicles-motor-cycles/2009-audi-a4-1-8-tfsi-b8-cvt-sedan,,,,,,,,,,,,Unregistered,,,,,,,,,,,,,,pending_final_sale_price,2600.0,,37.0,07 April 2026 20:00 AEST,2026-04-07
https://www.grays.com/lot/0001-21064977/motor-vehicles-motor-cycles/2017-nissan-leaf-import-automatic-sedan,,,,,,,,,,,,Unregistered,,,,,,,,,,,,,,pending_final_sale_price,16300.0,,213.0,07 April 2026 20:00 AEST,2026-04-07
https://www.grays.com/lot/0001-21064979/motor-vehicles-motor-cycles/2009-ford-falcon-xr6-fg-automatic-sedan,,,,,,,,,,,,Unregistered,,,,,,,,,,,,,,pending_final_sale_price,3609.0,,61.0,07 April 2026 20:00 AEST,2026-04-07
https://www.grays.com/lot/0001-21064983/motor-vehicles-motor-cycles/2010-bmw-x3-xdrive-20d-f25-turbo-diesel-automatic-8-speed-wagon,,,,,,,,,,,,Unregistered,,,,,,,,,,,,,,pending_final_sale_price,1909.0,,22.0,07 April 2026 20:05 AEST,2026-04-07
https://www.grays.com/lot/0001-21064987/motor-vehicles-motor-cycles/2013-mercedes-benz-c-class-c180-be-c204-automatic-coupe,,,,,,,,,,,,Unregistered,,,,,,,,,,,,,,pending_final_sale_price,5569.0,,79.0,06 April 2026 20:00 AEST,2026-04-06
https://www.grays.com/lot/0001-21064988/motor-vehicles-motor-cycles/2006-bmw-3-series-325i-e92-automatic-coupe,,,,,,,,,,,,Unregistered,,,,,,,,,,,,,,pending_final_sale_price,3109.0,,57.0,06 April 2026 20:00 AEST,2026-04-06
https://www.grays.com/lot/0001-21064992/motor-vehicles-motor-cycles/2010-peugeot-308-sportium-le-touring-automatic-wagon,,,,,,,,,,,,Unregistered,,,,,,,,,,,,,,pending_final_sale_price,1209.0,,18.0,06 April 2026 20:00 AEST,2026-04-06
https://www.grays.com/lot/0001-21064993/motor-vehicles-motor-cycles/2017-ford-ranger-wildtrak-4x4-px-ii-turbo-diesel-automatic-dual-cab,,,,,,,,,,,,Unregistered,,,,,,,,,,,,,,pending_final_sale_price,14400.0,,221.0,06 April 2026 20:00 AEST,2026-04-06
https://www.grays.com/lot/0001-21064996/motor-vehicles-motor-cycles/2008-toyota-prius-nhw20r-cvt-hatchback,,,,,,,,,,,,Unregistered,,,,,,,,,,,,,,pending_final_sale_price,4200.0,,49.0,07 April 2026 20:00 AEST,2026-04-07
https://www.grays.com/lot/0001-21064998/motor-vehicles-motor-cycles/2006-toyota-yaris-yr-ncp90r-automatic-hatchback,,,,,,,,,,,,Unregistered,,,,,,,,,,,,,,pending_final_sale_price,2609.0,,41.0,07 April 2026 20:00 AEST,2026-04-07
https://www.grays.com/lot/0001-21064999/motor-vehicles-motor-cycles/2019-ford-ranger-xl-4x4-px-iii-turbo-diesel-automatic-cab-chassis,,,,,,,,,,,,Unregistered,,,,,,,,,,,,,,pending_final_sale_price,7400.0,,59.0,06 April 2026 20:00 AEST,2026-04-06
https://www.grays.com/lot/0001-21065005/motor-vehicles-motor-cycles/2012-ford-ranger-xl-4x2-hi-rider-px-turbo-diesel-automatic-dual-cab,,,,,,,,,,,,Unregistered,,,,,,,,,,,,,,pending_final_sale_price,7000.0,,84.0,06 April 2026 20:00 AEST,2026-04-06
https://www.grays.com/lot/0001-21065009/motor-vehicles-motor-cycles/2014-hyundai-imax-tq-turbo-diesel-automatic-8-seats-people-mover,,,,,,,,,,,,Unregistered,,,,,,,,,,,,,,pending_final_sale_price,9700.0,,51.0,06 April 2026 20:00 AEST,2026-04-06
https://www.grays.com/lot/0001-21065010/motor-vehicles-motor-cycles/2020-toyota-hilux-4x4-sr-gun126r-turbo-diesel-automatic-crew-cab-chassis,,,,,,,,,,,,Unregistered,,,,,,,,,,,,,,pending_final_sale_price,28250.0,,154.0,06 April 2026 20:00 AEST,2026-04-06
https://www.grays.com/lot/0001-21065017/motor-vehicles-motor-cycles/2009-peugeot-308-cc-automatic-convertible,,,,,,,,,,,,Unregistered,,,,,,,,,,,,,,pending_final_sale_price,2709.0,,30.0,07 April 2026 20:00 AEST,2026-04-07
https://www.grays.com/lot/0001-21065018/motor-vehicles-motor-cycles/2010-audi-q5-2-0-tdi-quattro-8r-turbo-diesel-automatic-wagon,,,,,,,,,,,,Unregistered,,,,,,,,,,,,,,pending_final_sale_price,3600.0,,36.0,07 April 2026 20:00 AEST,2026-04-07
https://www.grays.com/lot/0001-21065019/motor-vehicles-motor-cycles/2007-mercedes-benz-ml320cdi-w164-turbo-diesel-automatic-wagon,,,,,,,,,,,,Unregistered,,,,,,,,,,,,,,pending_final_sale_price,3800.0,,60.0,07 April 2026 20:00 AEST,2026-04-07
https://www.grays.com/lot/0001-21065020/motor-vehicles-motor-cycles/2008-toyota-hilux-sr5-4x4-kun26r-turbo-diesel-automatic-dual-cab,,,,,,,,,,,,Unregistered,,,,,,,,,,,,,,pending_final_sale_price,9300.0,,100.0,07 April 2026 20:00 AEST,2026-04-07
https://www.grays.com/lot/0001-21065021/motor-vehicles-motor-cycles/2012-audi-a3-s-line-1-8-tfsi-amb-8p-auto-hatchback,,,,,,,,,,,,Unregistered,,,,,,,,,,,,,,pending_final_sale_price,3609.0,,51.0,08 April 2026 20:00 AEST,2026-04-08
https://www.grays.com/lot/0001-21065022/motor-vehicles-motor-cycles/2005-mitsubishi-fuso-rosa-deluxe-turbo-diesel-automatic-25-seats-bus,,,,,,,,,,,,Unregistered,,,,,,,,,,,,,,pending_final_sale_price,6500.0,,75.0,07 April 2026 20:00 AEST,2026-04-07
https://www.grays.com/lot/0001-21065023/motor-vehicles-motor-cycles/2011-mitsubishi-outlander-ls-2wd-zh-cvt-wagon,,,,,,,,,,,,Unregistered,,,,,,,,,,,,,,pending_final_sale_price,1909.0,,35.0,07 April 2026 20:00 AEST,2026-04-07
https://www.grays.com/lot/0001-21065024/motor-vehicles-motor-cycles/2017-land-rover-discovery-sport-td4-150-hse-turbo-diesel-9-auto-wagon,,,,,,,,,,,,Unregistered,,,,,,,,,,,,,,pending_final_sale_price,16211.0,,212.0,08 April 2026 20:00 AEST,2026-04-08
https://www.grays.com/lot/0001-21065025/motor-vehicles-motor-cycles/2006-mitsubishi-triton-4x2-glx-double-cab-ml-automatic-dual-cab,,,,,,,,,,,,Unregistered,,,,,,,,,,,,,,pending_final_sale_price,3800.0,,36.0,07 April 2026 20:00 AEST,2026-04-07
https://www.grays.com/lot/0001-21065026/motor-vehicles-motor-cycles/2011-jeep-grand-cherokee-limited-wk-turbo-diesel-automatic-wagon,,,,,,,,,,,,Unregistered,,,,,,,,,,,,,,pending_final_sale_price,3209.0,,44.0,07 April 2026 20:00 AEST,2026-04-07
https://www.grays.com/lot/0001-21065027/motor-vehicles-motor-cycles/2005-toyota-yaris-yr-ncp90r-manual-hatchback,,,,,,,,,,,,Unregistered,,,,,,,,,,,,,,pending_final_sale_price,1311.0,,17.0,07 April 2026 20:00 AEST,2026-04-07
https://www.grays.com/lot/0001-21065029/motor-vehicles-motor-cycles/2013-renault-koleos-bose-cvt-wagon,,,,,,,,,,,,Unregistered,,,,,,,,,,,,,,pending_final_sale_price,2601.0,,43.0,07 April 2026 20:00 AEST,2026-04-07
https://www.grays.com/lot/0001-21065030/motor-vehicles-motor-cycles/2009-kia-rio-lx-jb-manual-hatchback,,,,,,,,,,,,Unregistered,,,,,,,,,,,,,,pending_final_sale_price,421.0,,6.0,07 April 2026 20:00 AEST,2026-04-07
https://www.grays.com/lot/0001-21065031/motor-vehicles-motor-cycles/2010-nissan-x-trail-st-t31-cvt-wagon,,,,,,,,,,,,Unregistered,,,,,,,,,,,,,,pending_final_sale_price,3150.0,,48.0,07 April 2026 20:00 AEST,2026-04-07
https://www.grays.com/lot/0001-21065032/motor-vehicles-motor-cycles/2013-nissan-pulsar-st-c12-cvt-hatchback,,,,,,,,,,,,Unregistered,,,,,,,,,,,,,,pending_final_sale_price,3009.0,,31.0,07 April 2026 20:00 AEST,2026-04-07
https://www.grays.com/lot/0001-21065033/motor-vehicles-motor-cycles/2015-nissan-juke-st-f15-ii-cvt-wagon,,,,,,,,,,,,Unregistered,,,,,,,,,,,,,,pending_final_sale_price,5400.0,,62.0,07 April 2026 20:00 AEST,2026-04-07
https://www.grays.com/lot/0001-21065034/motor-vehicles-motor-cycles/2015-renault-megane-gt-line-premium-manual-wagon,,,,,,,,,,,,Unregistered,,,,,,,,,,,,,,pending_final_sale_price,4225.0,,14.0,07 April 2026 20:00 AEST,2026-04-07
https://www.grays.com/lot/0001-21065036/motor-vehicles-motor-cycles/2015-volkswagen-polo-66tsi-trendline-6r-automatic-hatchback,,,,,,,,,,,,Unregistered,,,,,,,,,,,,,,pending_final_sale_price,3800.0,,36.0,07 April 2026 20:00 AEST,2026-04-07
https://www.grays.com/lot/0001-21065037/motor-vehicles-motor-cycles/2018-toyota-rav-4-fwd-gxl-zsa42r-cvt-wagon,,,,,,,,,,,,Unregistered,,,,,,,,,,,,,,pending_final_sale_price,13300.0,,129.0,07 April 2026 20:00 AEST,2026-04-07
https://www.grays.com/lot/0001-21065038/motor-vehicles-motor-cycles/2017-toyota-yaris-ascent-ncp130r-automatic-hatchback,,,,,,,,,,,,Unregistered,,,,,,,,,,,,,,pending_final_sale_price,9200.0,,114.0,07 April 2026 20:00 AEST,2026-04-07
https://www.grays.com/lot/0001-21065042/motor-vehicles-motor-cycles/2008-mazda-3-mps-sports-pack-bk-manual-hatchback,,,,,,,,,,,,Unregistered,,,,,,,,,,,,,,pending_final_sale_price,4100.0,,53.0,08 April 2026 20:00 AEST,2026-04-08
https://www.grays.com/lot/0001-21065044/motor-vehicles-motor-cycles/2010-nissan-navara-rx-4x2-double-cab-d40-turbo-diesel-manual-dual-cab,,,,,,,,,,,,Unregistered,,,,,,,,,,,,,,pending_final_sale_price,1109.0,,12.0,08 April 2026 20:00 AEST,2026-04-08
https://www.grays.com/lot/0001-21065045/motor-vehicles-motor-cycles/2008-mercedes-benz-c-class-c200-k-classic-w204-automatic-sedan,,,,,,,,,,,,Unregistered,,,,,,,,,,,,,,pending_final_sale_price,3709.0,,49.0,08 April 2026 20:00 AEST,2026-04-08
https://www.grays.com/lot/0001-21065047/motor-vehicles-motor-cycles/2015-nissan-x-trail-tl-2wd-t32-turbo-diesel-cvt-wagon,,,,,,,,,,,,Unregistered,,,,,,,,,,,,,,pending_final_sale_price,4709.0,,71.0,08 April 2026 20:00 AEST,2026-04-08
https://www.grays.com/lot/0001-21065048/motor-vehicles-motor-cycles/2001-toyota-corolla-conquest-ae112r-automatic-hatchback,,,,,,,,,,,,Unregistered,,,,,,,,,,,,,,pending_final_sale_price,510.0,,10.0,08 April 2026 20:00 AEST,2026-04-08
https://www.grays.com/lot/0001-21065049/motor-vehicles-motor-cycles/2004-bmw-318i-e46-automatic-sedan,,,,,,,,,,,,Unregistered,,,,,,,,,,,,,,pending_final_sale_price,609.0,,7.0,08 April 2026 20:00 AEST,2026-04-08
https://www.grays.com/lot/0001-21065050/motor-vehicles-motor-cycles/2015-hyundai-tucson-active-x-tl-automatic-wagon,,,,,,,,,,,,Unregistered,,,,,,,,,,,,,,pending_final_sale_price,8400.0,,98.0,07 April 2026 20:00 AEST,2026-04-07
https://www.grays.com/lot/0001-21065051/motor-vehicles-motor-cycles/2016-land-rover-range-rover-evoque-td4-150-se-turbo-diesel-9-auto-wagon,,,,,,,,,,,,Unregistered,,,,,,,,,,,,,,pending_final_sale_price,17000.0,,195.0,07 April 2026 20:00 AEST,2026-04-07
https://www.grays.com/lot/0001-21065053/motor-vehicles-motor-cycles/2015-kia-sorento-platinum-um-turbo-diesel-automatic-7-seats-wagon,,,,,,,,,,,,Unregistered,,,,,,,,,,,,,,pending_final_sale_price,6600.0,,90.0,07 April 2026 20:00 AEST,2026-04-07
https://www.grays.com/lot/0001-21065054/motor-vehicles-motor-cycles/2011-hyundai-iload-tq-turbo-diesel-automatic-van,,,,,,,,,,,,Unregistered,,,,,,,,,,,,,,pending_final_sale_price,6600.0,,56.0,07 April 2026 20:00 AEST,2026-04-07
https://www.grays.com/lot/0001-21065061/motor-vehicles-motor-cycles/2017-hyundai-accent-active-rb-cvt-hatchback,,,,,,,,,,,,Unregistered,,,,,,,,,,,,,,pending_final_sale_price,3800.0,,41.0,08 April 2026 20:05 AEST,2026-04-08
https://www.grays.com/lot/0001-21065062/motor-vehicles-motor-cycles/2014-volkswagen-golf-90tsi-comfortline-a7-automatic-hatchback,,,,,,,,,,,,Unregistered,,,,,,,,,,,,,,pending_final_sale_price,5919.0,,75.0,08 April 2026 20:00 AEST,2026-04-08
https://www.grays.com/lot/0001-21065065/motor-vehicles-motor-cycles/2013-mitsubishi-mirage-es-la-cvt-hatchback,,,,,,,,,,,,Unregistered,,,,,,,,,,,,,,pending_final_sale_price,1209.0,,17.0,07 April 2026 20:00 AEST,2026-04-07
https://www.grays.com/lot/0001-21065066/motor-vehicles-motor-cycles/2004-holden-commodore-executive-vy-automatic-sedan,,,,,,,,,,,,Unregistered,,,,,,,,,,,,,,pending_final_sale_price,809.0,,10.0,07 April 2026 20:00 AEST,2026-04-07
https://www.grays.com/lot/0001-21065067/motor-vehicles-motor-cycles/2006-volkswagen-passat-3-2-v6-4motion-3c-automatic-wagon,,,,,,,,,,,,Unregistered,,,,,,,,,,,,,,pending_final_sale_price,2009.0,,25.0,07 April 2026 20:00 AEST,2026-04-07
https://www.grays.com/lot/0001-21065068/motor-vehicles-motor-cycles/2010-holden-commodore-sportwagon-omega-ve-automatic-wagon,,,,,,,,,,,,Unregistered,,,,,,,,,,,,,,pending_final_sale_price,2600.0,,28.0,07 April 2026 20:00 AEST,2026-04-07
https://www.grays.com/lot/0001-21065069/motor-vehicles-motor-cycles/2014-ford-focus-trend-lw-ii-automatic-hatchback,,,,,,,,,,,,Unregistered,,,,,,,,,,,,,,pending_final_sale_price,3909.0,,46.0,07 April 2026 20:00 AEST,2026-04-07
https://www.grays.com/lot/0001-21065070/motor-vehicles-motor-cycles/2017-toyota-camry-altise-asv50r-automatic-sedan,,,,,,,,,,,,Unregistered,,,,,,,,,,,,,,pending_final_sale_price,9700.0,,87.0,07 April 2026 20:00 AEST,2026-04-07
https://www.grays.com/lot/0001-21065071/motor-vehicles-motor-cycles/2016-ldv-g10-7-seat-automatic-7-seats-people-mover,,,,,,,,,,,,Unregistered,,,,,,,,,,,,,,pending_final_sale_price,6800.0,,115.0,07 April 2026 20:00 AEST,2026-04-07
https://www.grays.com/lot/0001-21065072/motor-vehicles-motor-cycles/2009-volkswagen-tiguan-125-tsi-5n-automatic-wagon,,,,,,,,,,,,Unregistered,,,,,,,,,,,,,,pending_final_sale_price,1909.0,,36.0,07 April 2026 20:00 AEST,2026-04-07
https://www.grays.com/lot/0001-21065073/motor-vehicles-motor-cycles/2010-toyota-camry-hybrid-luxury-ahv40r-cvt-sedan,,,,,,,,,,,,Unregistered,,,,,,,,,,,,,,pending_final_sale_price,6100.0,,63.0,07 April 2026 20:00 AEST,2026-04-07
https://www.grays.com/lot/0001-21065074/motor-vehicles-motor-cycles/2015-mini-cooper-f55-automatic-wagon,,,,,,,,,,,,Unregistered,,,,,,,,,,,,,,pending_final_sale_price,3000.0,,28.0,07 April 2026 20:00 AEST,2026-04-07
https://www.grays.com/lot/0001-21065076/motor-vehicles-motor-cycles/2010-hyundai-i30cw-sx-fd-automatic-wagon,,,,,,,,,,,,Unregistered,,,,,,,,,,,,,,pending_final_sale_price,2050.0,,22.0,07 April 2026 20:00 AEST,2026-04-07
https://www.grays.com/lot/0001-21065078/motor-vehicles-motor-cycles/2012-jaguar-xf-3-0d-luxury-turbo-diesel-automatic-8-speed-sedan,,,,,,,,,,,,Unregistered,,,,,,,,,,,,,,pending_final_sale_price,7100.0,,96.0,07 April 2026 20:00 AEST,2026-04-07
https://www.grays.com/lot/0001-21065080/motor-vehicles-motor-cycles/2013-alfa-romeo-giulietta-progression-automatic-hatchback,,,,,,,,,,,,Unregistered,,,,,,,,,,,,,,pending_final_sale_price,1109.0,,12.0,07 April 2026 20:00 AEST,2026-04-07
https://www.grays.com/lot/0001-21065081/motor-vehicles-motor-cycles/2005-toyota-hilux-4x4-sr-kun26r-turbo-diesel-automatic-cab-chassis,,,,,,,,,,,,Unregistered,,,,,,,,,,,,,,pending_final_sale_price,4500.0,,59.0,07 April 2026 20:00 AEST,2026-04-07
https://www.grays.com/lot/0001-21065082/motor-vehicles-motor-cycles/2012-mazda-6-touring-gh-automatic-hatchback,,,,,,,,,,,,Unregistered,,,,,,,,,,,,,,pending_final_sale_price,5200.0,,56.0,07 April 2026 20:00 AEST,2026-04-07
https://www.grays.com/lot/0001-21065083/motor-vehicles-motor-cycles/2012-holden-captiva-5-awd-cg-ii-turbo-diesel-automatic-wagon,,,,,,,,,,,,Unregistered,,,,,,,,,,,,,,pending_final_sale_price,1209.0,,16.0,07 April 2026 20:00 AEST,2026-04-07
https://www.grays.com/lot/0001-21065085/motor-vehicles-motor-cycles/2004-mercedes-benz-c-class-c200-k-classic-w203-automatic-sedan,,,,,,,,,,,,Unregistered,,,,,,,,,,,,,,pending_final_sale_price,1502.0,,23.0,07 April 2026 20:00 AEST,2026-04-07
https://www.grays.com/lot/0001-21065086/motor-vehicles-motor-cycles/2007-ford-territory-ghia-sy-automatic-7-seats-wagon,,,,,,,,,,,,Unregistered,,,,,,,,,,,,,,pending_final_sale_price,1200.0,,13.0,07 April 2026 20:00 AEST,2026-04-07
https://www.grays.com/lot/0001-21065087/motor-vehicles-motor-cycles/2005-ford-territory-tx-sx-automatic-wagon,,,,,,,,,,,,Unregistered,,,,,,,,,,,,,,pending_final_sale_price,1121.0,,18.0,07 April 2026 20:00 AEST,2026-04-07
https://www.grays.com/lot/0001-21065088/motor-vehicles-motor-cycles/2014-ford-fiesta-sport-wz-automatic-hatchback,,,,,,,,,,,,Unregistered,,,,,,,,,,,,,,pending_final_sale_price,5709.0,,68.0,07 April 2026 20:00 AEST,2026-04-07
https://www.grays.com/lot/0001-21065089/motor-vehicles-motor-cycles/2018-bmw-3-series-330i-f30-lci-automatic-8-speed-sedan,,,,,,,,,,,,Unregistered,,,,,,,,,,,,,,pending_final_sale_price,19600.0,,193.0,07 April 2026 20:00 AEST,2026-04-07
https://www.grays.com/lot/0001-21065091/motor-vehicles-motor-cycles/2016-land-rover-range-rover-sport-3-0-tdv6-se-t-diesel-auto-8-speed-wagon,,,,,,,,,,,,Unregistered,,,,,,,,,,,,,,pending_final_sale_price,10509.0,,156.0,07 April 2026 20:00 AEST,2026-04-07
https://www.grays.com/lot/0001-21065092/motor-vehicles-motor-cycles/2018-nissan-pathfinder-ti-r52-cvt-7-seats-wagon,,,,,,,,,,,,Unregistered,,,,,,,,,,,,,,pending_final_sale_price,9009.0,,144.0,07 April 2026 20:00 AEST,2026-04-07
https://www.grays.com/lot/0001-21065102/motor-vehicles-motor-cycles/2006-bmw-325i-e93-automatic-convertible,,,,,,,,,,,,Unregistered,,,,,,,,,,,,,,pending_final_sale_price,3209.0,,37.0,08 April 2026 20:00 AEST,2026-04-08
https://www.grays.com/lot/0001-21065104/motor-vehicles-motor-cycles/2017-honda-hr-v-vti-l-cvt-wagon,,,,,,,,,,,,Unregistered,,,,,,,,,,,,,,pending_final_sale_price,12988.0,,165.0,08 April 2026 20:00 AEST,2026-04-08
https://www.grays.com/lot/0001-21065109/motor-vehicles-motor-cycles/2008-mercedes-benz-m-class-ml320cdi-w164-turbo-diesel-automatic-wagon,,,,,,,,,,,,Unregistered,,,,,,,,,,,,,,pending_final_sale_price,800.0,,10.0,07 April 2026 20:00 AEST,2026-04-07
https://www.grays.com/lot/0001-21065110/motor-vehicles-motor-cycles/2012-mercedes-benz-e250-cgi-blueeff-avantgarde-a207-automatic-convertible,,,,,,,,,,,,Unregistered,,,,,,,,,,,,,,pending_final_sale_price,11500.0,,145.0,07 April 2026 20:00 AEST,2026-04-07
https://www.grays.com/lot/0001-21065111/motor-vehicles-motor-cycles/2013-volkswagen-tiguan-155-tsi-5n-automatic-wagon,,,,,,,,,,,,Unregistered,,,,,,,,,,,,,,pending_final_sale_price,4000.0,,58.0,07 April 2026 20:00 AEST,2026-04-07
https://www.grays.com/lot/0001-21065112/motor-vehicles-motor-cycles/2009-mercedes-benz-e-350-350-elegance-c207-automatic-coupe,,,,,,,,,,,,Unregistered,,,,,,,,,,,,,,pending_final_sale_price,5199.0,,60.0,08 April 2026 20:00 AEST,2026-04-08
https://www.grays.com/lot/0001-21065114/motor-vehicles-motor-cycles/2017-ford-escape-ambiente-fwd-zg-automatic-wagon,,,,,,,,,,,,Unregistered,,,,,,,,,,,,,,pending_final_sale_price,1209.0,,13.0,07 April 2026 20:00 AEST,2026-04-07
https://www.grays.com/lot/0001-21065115/motor-vehicles-motor-cycles/2005-mitsubishi-pajero-gls-np-automatic-7-seats-wagon,,,,,,,,,,,,Unregistered,,,,,,,,,,,,,,pending_final_sale_price,3509.0,,68.0,07 April 2026 20:00 AEST,2026-04-07
https://www.grays.com/lot/0001-21065116/motor-vehicles-motor-cycles/2013-mercedes-benz-m-class-ml250-bluetec-w166-turbo-diesel-automatic-wagon,,,,,,,,,,,,Unregistered,,,,,,,,,,,,,,pending_final_sale_price,10700.0,,123.0,07 April 2026 20:00 AEST,2026-04-07
https://www.grays.com/lot/0001-21065118/motor-vehicles-motor-cycles/2013-holden-trax-ls-tj-manual-wagon,,,,,,,,,,,,Unregistered,,,,,,,,,,,,,,pending_final_sale_price,1410.0,,14.0,08 April 2026 20:00 AEST,2026-04-08
https://www.grays.com/lot/0001-21065119/motor-vehicles-motor-cycles/2013-nissan-pathfinder-st-r52-cvt-7-seats-wagon,,,,,,,,,,,,Unregistered,,,,,,,,,,,,,,pending_final_sale_price,4009.0,,43.0,08 April 2026 20:00 AEST,2026-04-08
https://www.grays.com/lot/0001-21065120/motor-vehicles-motor-cycles/2015-toyota-camry-atara-sx-asv50r-auto-sedan,,,,,,,,,,,,Unregistered,,,,,,,,,,,,,,pending_final_sale_price,7909.0,,121.0,08 April 2026 20:00 AEST,2026-04-08
https://www.grays.com/lot/0001-21065123/motor-vehicles-motor-cycles/2010-volkswagen-golf-103tdi-comfortline-a6-turbo-diesel-automatic-hatchback,,,,,,,,,,,,Unregistered,,,,,,,,,,,,,,pending_final_sale_price,3009.0,,37.0,07 April 2026 20:00 AEST,2026-04-07
https://www.grays.com/lot/0001-21065130/motor-vehicles-motor-cycles/2012-volvo-xc60-d5-r-design-turbo-diesel-automatic-wagon,,,,,,,,,,,,Unregistered,,,,,,,,,,,,,,pending_final_sale_price,2300.0,,29.0,08 April 2026 20:00 AEST,2026-04-08
https://www.grays.com/lot/0001-21065131/motor-vehicles-motor-cycles/2009-volvo-xc60-d5-turbo-diesel-automatic-wagon,,,,,,,,,,,,Unregistered,,,,,,,,,,,,,,pending_final_sale_price,3609.0,,45.0,08 April 2026 20:00 AEST,2026-04-08
https://www.grays.com/lot/0001-21065135/motor-vehicles-motor-cycles/1996-volvo-850-se-automatic-sedan,,,,,,,,,,,,Unregistered,,,,,,,,,,,,,,pending_final_sale_price,409.0,,8.0,09 April 2026 20:05 AEST,2026-04-09
https://www.grays.com/lot/0001-21065139/motor-vehicles-motor-cycles/2015-ford-ranger-xl-4x2-px-turbo-diesel-manual-cab-chassis-ex-gov,,,,,,,,,,,,Unregistered,,,,,,,,,,,,,,pending_final_sale_price,14100.0,,97.0,08 April 2026 20:00 AEST,2026-04-08
https://www.grays.com/lot/0001-21065140/motor-vehicles-motor-cycles/2015-bmw-x1-xdrive-20d-e84-lci-turbo-diesel-automatic-8-speed-wagon,,,,,,,,,,,,Unregistered,,,,,,,,,,,,,,pending_final_sale_price,7000.0,,90.0,08 April 2026 20:00 AEST,2026-04-08
https://www.grays.com/lot/0001-21065141/motor-vehicles-motor-cycles/2005-honda-accord-v6-7th-gen-automatic-sedan,,,,,,,,,,,,Unregistered,,,,,,,,,,,,,,pending_final_sale_price,1109.0,,15.0,08 April 2026 20:00 AEST,2026-04-08
https://www.grays.com/lot/0001-21065142/motor-vehicles-motor-cycles/2003-toyota-corolla-ascent-zze122r-automatic-sedan,,,,,,,,,,,,Unregistered,,,,,,,,,,,,,,pending_final_sale_price,3009.0,,32.0,08 April 2026 20:00 AEST,2026-04-08
https://www.grays.com/lot/0001-21065143/motor-vehicles-motor-cycles/2015-nissan-x-trail-st-l-fwd-t32-cvt-wagon,,,,,,,,,,,,Unregistered,,,,,,,,,,,,,,pending_final_sale_price,9400.0,,120.0,08 April 2026 20:00 AEST,2026-04-08
https://www.grays.com/lot/0001-21065144/motor-vehicles-motor-cycles/2015-land-rover-range-rover-evoque-td4-150-se-turbo-diesel-9-auto-wagon,,,,,,,,,,,,Unregistered,,,,,,,,,,,,,,pending_final_sale_price,10200.0,,122.0,08 April 2026 20:00 AEST,2026-04-08
https://www.grays.com/lot/0001-21065146/motor-vehicles-motor-cycles/2018-mitsubishi-triton-4x2-glx-mq-turbo-diesel-manual-cab-chassis,,,,,,,,,,,,Unregistered,,,,,,,,,,,,,,pending_final_sale_price,6800.0,,66.0,08 April 2026 20:00 AEST,2026-04-08
https://www.grays.com/lot/0001-21065147/motor-vehicles-motor-cycles/2009-toyota-landcruiser-prado-gxl-kdj150r-turbo-diesel-auto-7-seats-wagon,,,,,,,,,,,,Unregistered,,,,,,,,,,,,,,pending_final_sale_price,11300.0,,125.0,08 April 2026 20:00 AEST,2026-04-08
https://www.grays.com/lot/0001-21065148/motor-vehicles-motor-cycles/2012-mazda-cx-5-grand-touring-ke-turbo-diesel-automatic-wagon,,,,,,,,,,,,Unregistered,,,,,,,,,,,,,,pending_final_sale_price,4309.0,,69.0,08 April 2026 20:00 AEST,2026-04-08
https://www.grays.com/lot/0001-21065149/motor-vehicles-motor-cycles/2014-holden-captiva-5-lt-2wd-cg-ii-automatic-wagon,,,,,,,,,,,,Unregistered,,,,,,,,,,,,,,pending_final_sale_price,2311.0,,37.0,08 April 2026 20:00 AEST,2026-04-08
https://www.grays.com/lot/0001-21065150/motor-vehicles-motor-cycles/2014-hyundai-ix35-se-fwd-lm-automatic-wagon,,,,,,,,,,,,Unregistered,,,,,,,,,,,,,,pending_final_sale_price,6100.0,,80.0,08 April 2026 20:00 AEST,2026-04-08
https://www.grays.com/lot/0001-21065151/motor-vehicles-motor-cycles/2005-mercedes-benz-vito-115-cdi-compact-turbo-diesel-automatic-van,,,,,,,,,,,,Unregistered,,,,,,,,,,,,,,pending_final_sale_price,1409.0,,20.0,08 April 2026 20:00 AEST,2026-04-08
https://www.grays.com/lot/0001-21065152/motor-vehicles-motor-cycles/2013-toyota-kluger-kx-r-fwd-gsu40r-automatic-wagon,,,,,,,,,,,,Unregistered,,,,,,,,,,,,,,pending_final_sale_price,3709.0,,49.0,08 April 2026 20:00 AEST,2026-04-08
https://www.grays.com/lot/0001-21065153/motor-vehicles-motor-cycles/2016-land-rover-range-rover-sport-3-0-v6sc-hse-auto-8-speed-7-seats-wagon,,,,,,,,,,,,Unregistered,,,,,,,,,,,,,,pending_final_sale_price,20400.0,,120.0,08 April 2026 20:30 AEST,2026-04-08
https://www.grays.com/lot/0001-21065154/motor-vehicles-motor-cycles/2005-hyundai-getz-gl-tb-automatic-hatchback,,,,,,,,,,,,Unregistered,,,,,,,,,,,,,,pending_final_sale_price,2609.0,,41.0,08 April 2026 20:00 AEST,2026-04-08
https://www.grays.com/lot/0001-21065155/motor-vehicles-motor-cycles/2017-bmw-x1-sdrive18d-f48-turbo-diesel-automatic-8-speed-wagon,,,,,,,,,,,,Unregistered,,,,,,,,,,,,,,pending_final_sale_price,15200.0,,202.0,08 April 2026 20:00 AEST,2026-04-08
https://www.grays.com/lot/0001-21065156/motor-vehicles-motor-cycles/2011-volkswagen-tiguan-125-tsi-5n-automatic-wagon,,,,,,,,,,,,Unregistered,,,,,,,,,,,,,,pending_final_sale_price,3109.0,,44.0,08 April 2026 20:00 AEST,2026-04-08
https://www.grays.com/lot/0001-21065157/motor-vehicles-motor-cycles/2020-mercedes-benz-gls-class-gls400d-4matic-x167-t-d-auto-7-seats-wagon,,,,,,,,,,,,Unregistered,,,,,,,,,,,,,,pending_final_sale_price,59500.0,,248.0,08 April 2026 20:00 AEST,2026-04-08
https://www.grays.com/lot/0001-21065158/motor-vehicles-motor-cycles/2006-honda-odyssey-automatic-7-seats-people-mover,,,,,,,,,,,,Unregistered,,,,,,,,,,,,,,pending_final_sale_price,1309.0,,16.0,08 April 2026 20:00 AEST,2026-04-08
https://www.grays.com/lot/0001-21065159/motor-vehicles-motor-cycles/2017-alfa-romeo-giulietta-super-series-2-automatic-hatchback,,,,,,,,,,,,Unregistered,,,,,,,,,,,,,,pending_final_sale_price,8299.0,,93.0,08 April 2026 20:00 AEST,2026-04-08
https://www.grays.com/lot/0001-21065162/motor-vehicles-motor-cycles/2013-mercedes-benz-b-class-b200-be-w246-automatic-hatchback,,,,,,,,,,,,Unregistered,,,,,,,,,,,,,,pending_final_sale_price,5609.0,,64.0,08 April 2026 20:00 AEST,2026-04-08
https://www.grays.com/lot/0001-21065163/motor-vehicles-motor-cycles/2011-mercedes-benz-c-class-c200-be-w204-automatic-sedan,,,,,,,,,,,,Unregistered,,,,,,,,,,,,,,pending_final_sale_price,3909.0,,72.0,08 April 2026 20:00 AEST,2026-04-08
https://www.grays.com/lot/0001-21065166/motor-vehicles-motor-cycles/2014-jeep-grand-cherokee-limited-wk-turbo-diesel-automatic-8-speed-wagon,,,,,,,,,,,,Unregistered,,,,,,,,,,,,,,pending_final_sale_price,4599.0,,67.0,08 April 2026 20:00 AEST,2026-04-08
https://www.grays.com/lot/0001-21065169/motor-vehicles-motor-cycles/2002-toyota-camry-ateva-acv36r-automatic-sedan,,,,,,,,,,,,Unregistered,,,,,,,,,,,,,,pending_final_sale_price,1009.0,,15.0,08 April 2026 20:00 AEST,2026-04-08
https://www.grays.com/lot/0001-21065170/motor-vehicles-motor-cycles/2009-bmw-x5-3-0sd-e70-turbo-diesel-automatic-7-seats-wagon,,,,,,,,,,,,Unregistered,,,,,,,,,,,,,,pending_final_sale_price,7650.0,,85.0,08 April 2026 20:00 AEST,2026-04-08
https://www.grays.com/lot/0001-21065173/motor-vehicles-motor-cycles/2008-bmw-x5-4-8i-e70-automatic-wagon,,,,,,,,,,,,Unregistered,,,,,,,,,,,,,,pending_final_sale_price,2800.0,,42.0,08 April 2026 20:00 AEST,2026-04-08
https://www.grays.com/lot/0001-21065189/motor-vehicles-motor-cycles/2014-mitsubishi-asx-aspire-2wd-xb-cvt-wagon,,,,,,,,,,,,Unregistered,,,,,,,,,,,,,,pending_final_sale_price,4709.0,,51.0,08 April 2026 20:00 AEST,2026-04-08
https://www.grays.com/lot/0001-21065190/motor-vehicles-motor-cycles/2006-holden-commodore-acclaim-vz-automatic-sedan,,,,,,,,,,,,Unregistered,,,,,,,,,,,,,,pending_final_sale_price,1909.0,,29.0,08 April 2026 20:00 AEST,2026-04-08
https://www.grays.com/lot/0001-21065191/motor-vehicles-motor-cycles/2022-mazda-cx-5-maxx-sport-kf-automatic-wagon,,,,,,,,,,,,Unregistered,,,,,,,,,,,,,,pending_final_sale_price,13600.0,,168.0,08 April 2026 20:00 AEST,2026-04-08
https://www.grays.com/lot/0001-21065192/motor-vehicles-motor-cycles/2016-hyundai-tucson-elite-awd-tl-turbo-diesel-automatic-wagon,,,,,,,,,,,,Unregistered,,,,,,,,,,,,,,pending_final_sale_price,8600.0,,110.0,08 April 2026 20:00 AEST,2026-04-08
https://www.grays.com/lot/0001-50517890/motor-vehicles-motor-cycles/2012-volkswagen-passat-125tdi-highline-3c-turbo-diesel-automatic-sedan,,,,,,,,,,,,Unregistered,,,,,,,,,,,,,,pending_final_sale_price,2450.0,,36.0,08 April 2026 20:00 AEST,2026-04-08
https://www.grays.com/lot/0001-50517892/motor-vehicles-motor-cycles/2011-mercedes-benz-cls-500-cls-500-c218-automatic-coupe,,,,,,,,,,,,Unregistered,,,,,,,,,,,,,,pending_final_sale_price,16255.0,,127.0,08 April 2026 20:00 AEST,2026-04-08
https://www.grays.com/lot/0001-50517894/motor-vehicles-motor-cycles/2016-mazda-bt-50-4x2-xt-turbo-diesel-manual-cab-chassis,,,,,,,,,,,,Unregistered,,,,,,,,,,,,,,pending_final_sale_price,3100.0,,4.0,07 April 2026 20:00 AEST,2026-04-07
https://www.grays.com/lot/0001-50517895/motor-vehicles-motor-cycles/2016-holden-commodore-sv6-black-edition-vf-ii-v8-manual-upgrade,,,,,,,,,,,,Unregistered,,,,,,,,,,,,,,pending_final_sale_price,25100.0,,155.0,08 April 2026 20:00 AEST,2026-04-08
https://www.grays.com/lot/0001-50517896/motor-vehicles-motor-cycles/2010-holden-cruze-cd-jg-turbo-diesel-manual-sedan,,,,,,,,,,,,Unregistered,,,,,,,,,,,,,,pending_final_sale_price,609.0,,12.0,08 April 2026 20:00 AEST,2026-04-08
https://www.grays.com/lot/0001-50517900/motor-vehicles-motor-cycles/2012-holden-cruze-cd-jh-automatic-sedan,,,,,,,,,,,,Unregistered,,,,,,,,,,,,,,pending_final_sale_price,609.0,,11.0,07 April 2026 20:00 AEST,2026-04-07
https://www.grays.com/lot/0001-50715139/motor-vehicles-motor-cycles/2009-subaru-liberty-2-5i-sports-b5-cvt-wagon,,,,,,,,,,,,Unregistered,,,,,,,,,,,,,,pending_final_sale_price,1309.0,,18.0,05 April 2026 20:05 AEST,2026-04-05
https://www.grays.com/lot/0001-50715157/motor-vehicles-motor-cycles/2015-mitsubishi-outlander-xls-4wd-zk-turbo-diesel-automatic-7-seats-wagon,,,,,,,,,,,,Unregistered,,,,,,,,,,,,,,pending_final_sale_price,8901.0,,103.0,08 April 2026 20:00 AEST,2026-04-08
https://www.grays.com/lot/0001-50715158/motor-vehicles-motor-cycles/2011-mercedes-benz-r-class-r300-cdi-w251-tdl-auto-7-seats-wagon,,,,,,,,,,,,Unregistered,,,,,,,,,,,,,,pending_final_sale_price,1009.0,,18.0,08 April 2026 20:00 AEST,2026-04-08
https://www.grays.com/lot/0001-50715160/motor-vehicles-motor-cycles/2007-jeep-wrangler-unlimited-sport-jk-turbo-diesel-automatic-wagon,,,,,,,,,,,,Unregistered,,,,,,,,,,,,,,pending_final_sale_price,7600.0,,74.0,08 April 2026 20:00 AEST,2026-04-08
https://www.grays.com/lot/0001-50715167/motor-vehicles-motor-cycles/2006-mitsubishi-triton-4x4-glx-r-double-cab-ml-turbo-diesel-manual-dual-cab,,,,,,,,,,,,Unregistered,,,,,,,,,,,,,,pending_final_sale_price,3109.0,,44.0,08 April 2026 20:00 AEST,2026-04-08
https://www.grays.com/lot/0001-50715168/motor-vehicles-motor-cycles/2003-toyota-mr2-spyder-zzw30r-automatic-convertible,,,,,,,,,,,,Unregistered,,,,,,,,,,,,,,pending_final_sale_price,6800.0,,103.0,08 April 2026 20:00 AEST,2026-04-08
https://www.grays.com/lot/0001-50715170/motor-vehicles-motor-cycles/2013-jeep-grand-cherokee-limited-wk-turbo-diesel-automatic-8-speed-wagon,,,,,,,,,,,,Unregistered,,,,,,,,,,,,,,pending_final_sale_price,4009.0,,28.0,08 April 2026 20:00 AEST,2026-04-08
https://www.grays.com/lot/0001-50715178/motor-vehicles-motor-cycles/2004-mini-cooper-manual-hatchback,,,,,,,,,,,,Unregistered,,,,,,,,,,,,,,pending_final_sale_price,2600.0,,28.0,09 April 2026 20:05 AEST,2026-04-09
https://www.grays.com/lot/0001-50715179/motor-vehicles-motor-cycles/2009-mazda-3-sp25-bl-automatic-hatchback,,,,,,,,,,,,Unregistered,,,,,,,,,,,,,,pending_final_sale_price,2109.0,,24.0,07 April 2026 20:05 AEST,2026-04-07
https://www.grays.com/lot/0001-50715181/motor-vehicles-motor-cycles/2006-volkswagen-caddy-life-1-9-tdi-tdl-auto-7-seats-people-mover,,,,,,,,,,,,Unregistered,,,,,,,,,,,,,,pending_final_sale_price,3309.0,,44.0,08 April 2026 20:00 AEST,2026-04-08
https://www.grays.com/lot/0001-50715182/motor-vehicles-motor-cycles/2012-nissan-leaf-direct-drive-hatchback-77-142-kms,,,,,,,,,,,,Unregistered,,,,,,,,,,,,,,pending_final_sale_price,5300.0,,47.0,08 April 2026 20:00 AEST,2026-04-08
https://www.grays.com/lot/0001-50715183/motor-vehicles-motor-cycles/2013-nissan-navara-4x4-st-x550-d40-turbo-diesel-automatic-dual-cab,,,,,,,,,,,,Unregistered,,,,,,,,,,,,,,pending_final_sale_price,7300.0,,100.0,08 April 2026 20:00 AEST,2026-04-08
https://www.grays.com/lot/0001-50715185/motor-vehicles-motor-cycles/2016-renault-megane-zen-fwd-automatic-7-speed-hatchback,,,,,,,,,,,,Unregistered,,,,,,,,,,,,,,pending_final_sale_price,5800.0,,60.0,08 April 2026 20:00 AEST,2026-04-08
https://www.grays.com/lot/0001-50715189/motor-vehicles-motor-cycles/2016-volkswagen-passat-140tdi-highline-b8-turbo-diesel-automatic-sedan,,,,,,,,,,,,Unregistered,,,,,,,,,,,,,,pending_final_sale_price,6209.0,,72.0,06 April 2026 20:00 AEST,2026-04-06
https://www.grays.com/lot/0001-50715203/motor-vehicles-motor-cycles/2024-great-wall-cannon-x-4x4-turbo-diesel-automatic-8-speed-dual-cab,,,,,,,,,,,,Unregistered,,,,,,,,,,,,,,pending_final_sale_price,20250.0,,32.0,08 April 2026 20:00 AEST,2026-04-08
https://www.grays.com/lot/0001-50715204/motor-vehicles-motor-cycles/2016-holden-colorado-4x2-lx-rg-turbo-diesel-automatic-cab-chassis,,,,,,,,,,,,Unregistered,,,,,,,,,,,,,,pending_final_sale_price,7000.0,,40.0,08 April 2026 20:00 AEST,2026-04-08
https://www.grays.com/lot/0001-50715206/motor-vehicles-motor-cycles/2011-volkswagen-tiguan-132-tsi-5n-automatic-wagon,,,,,,,,,,,,Unregistered,,,,,,,,,,,,,,pending_final_sale_price,4909.0,,94.0,06 April 2026 20:00 AEST,2026-04-06
https://www.grays.com/lot/0001-50715212/motor-vehicles-motor-cycles/2020-toyota-hilux-4x4-sr-gun126r-turbo-diesel-automatic-crew-cab-chassis,,,,,,,,,,,,Unregistered,,,,,,,,,,,,,,pending_final_sale_price,13800.0,,177.0,08 April 2026 20:00 AEST,2026-04-08
https://www.grays.com/lot/0001-50715213/motor-vehicles-motor-cycles/2021-ldv-deliver-9-mwb-mid-roof-turbo-diesel-automatic-van,,,,,,,,,,,,Unregistered,,,,,,,,,,,,,,pending_final_sale_price,6600.0,,110.0,07 April 2026 18:30 AEST,2026-04-07
https://www.grays.com/lot/0001-50715215/motor-vehicles-motor-cycles/2021-ldv-deliver-9-mwb-mid-roof-turbo-diesel-automatic-van,,,,,,,,,,,,Unregistered,,,,,,,,,,,,,,pending_final_sale_price,7600.0,,109.0,07 April 2026 18:30 AEST,2026-04-07
https://www.grays.com/lot/0001-50715222/motor-vehicles-motor-cycles/2021-toyota-rav-4-fwd-gx-hybrid-axah52r-cvt-wagon,,,,,,,,,,,,Unregistered,,,,,,,,,,,,,,pending_final_sale_price,29500.0,,70.0,07 April 2026 20:00 AEST,2026-04-07
https://www.grays.com/lot/0001-50715223/motor-vehicles-motor-cycles/2021-toyota-rav-4-fwd-gx-hybrid-axah52r-cvt-wagon,,,,,,,,,,,,Unregistered,,,,,,,,,,,,,,pending_final_sale_price,30900.0,,128.0,07 April 2026 20:00 AEST,2026-04-07
https://www.grays.com/lot/0001-50715228/motor-vehicles-motor-cycles/2012-bmw-118i-118i-f20-automatic-8-speed-hatchback,,,,,,,,,,,,Unregistered,,,,,,,,,,,,,,pending_final_sale_price,3900.0,,36.0,07 April 2026 21:00 AEST,2026-04-07
https://www.grays.com/lot/0001-50715230/motor-vehicles-motor-cycles/2014-hyundai-i30-active-gd-automatic-hatchback,,,,,,,,,,,,Unregistered,,,,,,,,,,,,,,pending_final_sale_price,1909.0,,26.0,08 April 2026 20:00 AEST,2026-04-08
https://www.grays.com/lot/0001-50715231/motor-vehicles-motor-cycles/2013-alfa-romeo-giulietta-progression-turbo-diesel-automatic-hatchback,,,,,,,,,,,,Unregistered,,,,,,,,,,,,,,pending_final_sale_price,1509.0,,25.0,08 April 2026 20:00 AEST,2026-04-08
https://www.grays.com/lot/0001-50715236/motor-vehicles-motor-cycles/2007-toyota-corolla-ascent-zre152r-automatic-hatchback,,,,,,,,,,,,Unregistered,,,,,,,,,,,,,,pending_final_sale_price,3309.0,,41.0,08 April 2026 20:05 AEST,2026-04-08
https://www.grays.com/lot/0001-50715250/motor-vehicles-motor-cycles/2014-volkswagen-golf-90tsi-comfortline-a7-automatic-hatchback,,,,,,,,,,,,Unregistered,,,,,,,,,,,,,,pending_final_sale_price,1309.0,,15.0,08 April 2026 20:00 AEST,2026-04-08
https://www.grays.com/lot/0001-50715256/motor-vehicles-motor-cycles/2006-mitsubishi-380-vrx-db-automatic-sedan,,,,,,,,,,,,Unregistered,,,,,,,,,,,,,,pending_final_sale_price,1000.0,,10.0,07 April 2026 20:00 AEST,2026-04-07
https://www.grays.com/lot/0001-50715263/motor-vehicles-motor-cycles/2012-suzuki-alto-gl-gf-manual-hatchback,,,,,,,,,,,,Unregistered,,,,,,,,,,,,,,pending_final_sale_price,1800.0,,22.0,08 April 2026 20:00 AEST,2026-04-08
https://www.grays.com/lot/0001-60050424/motor-vehicles-motor-cycles/2007-mazda-tribute-2-3-automatic-wagon,,,,,,,,,,,,Unregistered,,,,,,,,,,,,,,pending_final_sale_price,609.0,,7.0,06 April 2026 20:00 AEST,2026-04-06
https://www.grays.com/lot/0001-60050472/motor-vehicles-motor-cycles/2005-toyota-camry-sportivo-mcv36r-manual-sedan,,,,,,,,,,,,Unregistered,,,,,,,,,,,,,,pending_final_sale_price,750.0,,8.0,08 April 2026 20:00 AEST,2026-04-08
https://www.grays.com/lot/0001-60050484/motor-vehicles-motor-cycles/2008-nissan-x-trail-st-l-t31-cvt-wagon,,,,,,,,,,,,Unregistered,,,,,,,,,,,,,,pending_final_sale_price,650.0,,7.0,08 April 2026 20:00 AEST,2026-04-08
https://www.grays.com/lot/0001-60050491/motor-vehicles-motor-cycles/2023-ram-2500-laramie-turbo-diesel-automatic-dual-cab,,,,,,,,,,,,Unregistered,,,,,,,,,,,,,,pending_final_sale_price,123200.0,,341.0,08 April 2026 17:00 AEST,2026-04-08
https://www.grays.com/lot/0001-60050494/motor-vehicles-motor-cycles/2017-toyota-hiace-commuter-automatic-people-mover,,,,,,,,,,,,Unregistered,,,,,,,,,,,,,,pending_final_sale_price,16609.0,,267.0,08 April 2026 17:00 AEST,2026-04-08
https://www.grays.com/lot/0001-60050506/motor-vehicles-motor-cycles/2008-holden-combo-xc-manual-van,,,,,,,,,,,,Unregistered,,,,,,,,,,,,,,pending_final_sale_price,1009.0,,20.0,09 April 2026 20:00 AEST,2026-04-09
https://www.grays.com/lot/0001-60050513/motor-vehicles-motor-cycles/2009-skoda-octavia-118tsi-1z-automatic-wagon,,,,,,,,,,,,Unregistered,,,,,,,,,,,,,,pending_final_sale_price,409.0,,5.0,07 April 2026 20:00 AEST,2026-04-07
https://www.grays.com/lot/0001-60050526/motor-vehicles-motor-cycles/2009-volkswagen-golf-77tdi-trendline-a6-turbo-diesel-automatic-hatchback,,,,,,,,,,,,Unregistered,,,,,,,,,,,,,,pending_final_sale_price,4000.0,,30.0,09 April 2026 20:00 AEST,2026-04-09
https://www.grays.com/lot/0001-60050535/motor-vehicles-motor-cycles/2004-jaguar-x-type-2-1-x400-automatic-sedan,,,,,,,,,,,,Unregistered,,,,,,,,,,,,,,pending_final_sale_price,609.0,,7.0,09 April 2026 20:00 AEST,2026-04-09
https://www.grays.com/lot/0001-60050538/motor-vehicles-motor-cycles/2017-hyundai-i30-active-pd-automatic-hatchback,,,,,,,,,,,,Unregistered,,,,,,,,,,,,,,pending_final_sale_price,11700.0,,108.0,09 April 2026 20:00 AEST,2026-04-09
https://www.grays.com/lot/0001-60050539/motor-vehicles-motor-cycles/2017-jeep-wrangler-unlimited-rubicon-jk-automatic-wagon,,,,,,,,,,,,Unregistered,,,,,,,,,,,,,,pending_final_sale_price,22090.0,,229.0,08 April 2026 20:00 AEST,2026-04-08
https://www.grays.com/lot/0001-9067853/motor-vehicles-motor-cycles/2006-holden-commodore-omega-v-limited-ed-ve-automatic-sedan,,,,,,,,,,,,Unregistered,,,,,,,,,,,,,,pending_final_sale_price,2509.0,,30.0,08 April 2026 21:30 AEST,2026-04-08
https://www.grays.com/lot/0001-9067877/motor-vehicles-motor-cycles/2013-jeep-grand-cherokee-overland-wk-automatic-8-speed-wagon,,,,,,,,,,,,Unregistered,,,,,,,,,,,,,,pending_final_sale_price,4900.0,,52.0,08 April 2026 21:30 AEST,2026-04-08
https://www.grays.com/lot/0001-9067880/motor-vehicles-motor-cycles/2014-suzuki-s-cross-glx-awd-jy-cvt-hatchback,,,,,,,,,,,,Unregistered,,,,,,,,,,,,,,pending_final_sale_price,4309.0,,68.0,08 April 2026 21:30 AEST,2026-04-08
https://www.grays.com/lot/0001-9067881/motor-vehicles-motor-cycles/2002-mazda-121-metro-1-3-dw-manual-hatchback,,,,,,,,,,,,Unregistered,,,,,,,,,,,,,,pending_final_sale_price,2009.0,,24.0,08 April 2026 21:30 AEST,2026-04-08
https://www.grays.com/lot/0001-9067882/motor-vehicles-motor-cycles/2017-mg-gs-vivid-manual-wagon,,,,,,,,,,,,Unregistered,,,,,,,,,,,,,,pending_final_sale_price,4500.0,,51.0,08 April 2026 21:30 AEST,2026-04-08
https://www.grays.com/lot/0001-9067883/motor-vehicles-motor-cycles/2008-hyundai-iload-tq-turbo-diesel-automatic-van,,,,,,,,,,,,Unregistered,,,,,,,,,,,,,,pending_final_sale_price,3000.0,,35.0,08 April 2026 21:30 AEST,2026-04-08
https://www.grays.com/lot/0001-9067885/motor-vehicles-motor-cycles/2010-mercedes-benz-c250-be-avantgarde-w204-automatic-sedan,,,,,,,,,,,,Unregistered,,,,,,,,,,,,,,pending_final_sale_price,1000.0,,15.0,08 April 2026 21:30 AEST,2026-04-08
https://www.grays.com/lot/0001-9067886/motor-vehicles-motor-cycles/2014-hyundai-sonata-premium-lf-automatic-sedan,,,,,,,,,,,,Unregistered,,,,,,,,,,,,,,pending_final_sale_price,5200.0,,79.0,08 April 2026 21:30 AEST,2026-04-08
https://www.grays.com/lot/0001-9067887/motor-vehicles-motor-cycles/2008-bmw-325i-e90-automatic-sedan,,,,,,,,,,,,Unregistered,,,,,,,,,,,,,,pending_final_sale_price,1309.0,,16.0,08 April 2026 21:30 AEST,2026-04-08
https://www.grays.com/lot/0001-9067891/motor-vehicles-motor-cycles/2007-toyota-tarago-ultima-gsr50r-automatic-7-seats-people-mover,,,,,,,,,,,,Unregistered,,,,,,,,,,,,,,pending_final_sale_price,1909.0,,35.0,08 April 2026 21:30 AEST,2026-04-08
https://www.grays.com/lot/0001-9067895/motor-vehicles-motor-cycles/2006-bmw-3-series-325i-e90-automatic-sedan,,,,,,,,,,,,Unregistered,,,,,,,,,,,,,,pending_final_sale_price,2009.0,,35.0,08 April 2026 21:30 AEST,2026-04-08
https://www.grays.com/lot/0001-9067896/motor-vehicles-motor-cycles/2013-volkswagen-multivan-tdi-340-comfortline-t5-t-d-auto-people-mover,,,,,,,,,,,,Unregistered,,,,,,,,,,,,,,pending_final_sale_price,7200.0,,91.0,08 April 2026 21:30 AEST,2026-04-08
https://www.grays.com/lot/0001-9067897/motor-vehicles-motor-cycles/2014-ford-ranger-xl-plus-4x4-px-turbo-diesel-automatic-dual-cab,,,,,,,,,,,,Unregistered,,,,,,,,,,,,,,pending_final_sale_price,5400.0,,91.0,08 April 2026 21:30 AEST,2026-04-08
https://www.grays.com/lot/0001-9067898/motor-vehicles-motor-cycles/2015-audi-a6-allroad-3-0-tdi-quattro-c7-turbo-diesel-automatic-wagon,,,,,,,,,,,,Unregistered,,,,,,,,,,,,,,pending_final_sale_price,14850.0,,177.0,08 April 2026 21:30 AEST,2026-04-08
https://www.grays.com/lot/0001-9067899/motor-vehicles-motor-cycles/2015-toyota-hilux-4x4-sr-gun126r-turbo-diesel-automatic-crew-cab-chassis,,,,,,,,,,,,Unregistered,,,,,,,,,,,,,,pending_final_sale_price,17000.0,,156.0,08 April 2026 21:30 AEST,2026-04-08
https://www.grays.com/lot/0001-9067900/motor-vehicles-motor-cycles/2015-audi-a6-3-0-tdi-biturbo-quat-c7-turbo-diesel-automatic-8-speed-sedan,,,,,,,,,,,,Unregistered,,,,,,,,,,,,,,pending_final_sale_price,9600.0,,132.0,08 April 2026 21:30 AEST,2026-04-08
https://www.grays.com/lot/0001-9067901/motor-vehicles-motor-cycles/2005-ford-territory-tx-sy-automatic-wagon,,,,,,,,,,,,Unregistered,,,,,,,,,,,,,,pending_final_sale_price,409.0,,6.0,08 April 2026 21:30 AEST,2026-04-08
https://www.grays.com/lot/0001-9067902/motor-vehicles-motor-cycles/2014-hyundai-sonata-premium-lf-automatic-sedan,,,,,,,,,,,,Unregistered,,,,,,,,,,,,,,pending_final_sale_price,5600.0,,45.0,08 April 2026 21:30 AEST,2026-04-08
https://www.grays.com/lot/0001-9067903/motor-vehicles-motor-cycles/2008-subaru-liberty-2-5i-b4-manual-sedan,,,,,,,,,,,,Unregistered,,,,,,,,,,,,,,pending_final_sale_price,709.0,,13.0,08 April 2026 21:30 AEST,2026-04-08
https://www.grays.com/lot/0001-9067904/motor-vehicles-motor-cycles/2009-ford-fiesta-zetec-ws-manual-hatchback,,,,,,,,,,,,Unregistered,,,,,,,,,,,,,,pending_final_sale_price,1709.0,,22.0,08 April 2026 21:30 AEST,2026-04-08
https://www.grays.com/lot/0001-9067905/motor-vehicles-motor-cycles/2002-toyota-avalon-csx-mcx10r-automatic-sedan,,,,,,,,,,,,Unregistered,,,,,,,,,,,,,,pending_final_sale_price,509.0,,9.0,08 April 2026 21:30 AEST,2026-04-08
https://www.grays.com/lot/0001-9067906/motor-vehicles-motor-cycles/2011-jeep-grand-cherokee-limited-wk-automatic-wagon,,,,,,,,,,,,Unregistered,,,,,,,,,,,,,,pending_final_sale_price,2209.0,,27.0,08 April 2026 21:30 AEST,2026-04-08
https://www.grays.com/lot/0001-9067908/motor-vehicles-motor-cycles/2020-isuzu-mu-x-4x4-ls-t-turbo-diesel-automatic-7-seats-wagon,,,,,,,,,,,,Unregistered,,,,,,,,,,,,,,pending_final_sale_price,10100.0,,72.0,08 April 2026 21:30 AEST,2026-04-08
https://www.grays.com/lot/0001-9067910/motor-vehicles-motor-cycles/2005-mercedes-benz-c-class-c180-k-classic-w203-automatic-sedan,,,,,,,,,,,,Unregistered,,,,,,,,,,,,,,pending_final_sale_price,700.0,,7.0,07 April 2026 20:00 AEST,2026-04-07
https://www.grays.com/lot/0001-9067912/motor-vehicles-motor-cycles/2008-holden-commodore-omega-ve-automatic-sedan,,,,,,,,,,,,Unregistered,,,,,,,,,,,,,,pending_final_sale_price,2100.0,,21.0,07 April 2026 20:00 AEST,2026-04-07
https://www.grays.com/lot/0001-9067914/motor-vehicles-motor-cycles/2008-mitsubishi-lancer-es-cj-manual-sedan,,,,,,,,,,,,Unregistered,,,,,,,,,,,,,,pending_final_sale_price,1000.0,,8.0,07 April 2026 20:00 AEST,2026-04-07
https://www.grays.com/lot/0001-9067915/motor-vehicles-motor-cycles/2011-dodge-caliber-sxt-cvt-hatchback,,,,,,,,,,,,Unregistered,,,,,,,,,,,,,,pending_final_sale_price,500.0,,7.0,07 April 2026 20:00 AEST,2026-04-07
https://www.grays.com/lot/0001-9067916/motor-vehicles-motor-cycles/2012-subaru-impreza-2-0i-g4-manual-hatchback,,,,,,,,,,,,Unregistered,,,,,,,,,,,,,,pending_final_sale_price,1000.0,,13.0,07 April 2026 20:00 AEST,2026-04-07
https://www.grays.com/lot/0001-9067919/motor-vehicles-motor-cycles/2006-holden-rodeo-lx-td-crew-cab-ra-turbo-diesel-manual-crew-cab-chassis,,,,,,,,,,,,Unregistered,,,,,,,,,,,,,,pending_final_sale_price,5000.0,,19.0,07 April 2026 20:00 AEST,2026-04-07
https://www.grays.com/lot/0001-9067920/motor-vehicles-motor-cycles/2021-ford-ranger-raptor-x-4x4-px-iii-turbo-diesel-10-auto-dual-cab,,,,,,,,,,,,Unregistered,,,,,,,,,,,,,,pending_final_sale_price,31633.0,,235.0,07 April 2026 20:00 AEST,2026-04-07
https://www.grays.com/lot/0001-9067923/motor-vehicles-motor-cycles/2007-mazda-cx-7-luxury-automatic-wagon,,,,,,,,,,,,Unregistered,,,,,,,,,,,,,,pending_final_sale_price,400.0,,6.0,07 April 2026 20:00 AEST,2026-04-07
https://www.grays.com/lot/0001-9067924/motor-vehicles-motor-cycles/2015-holden-captiva-7-active-le-2wd-cg-ii-automatic-7-seats-wagon,,,,,,,,,,,,Unregistered,,,,,,,,,,,,,,pending_final_sale_price,700.0,,7.0,07 April 2026 20:00 AEST,2026-04-07
https://www.grays.com/lot/0001-9067927/motor-vehicles-motor-cycles/2004-mazda-3-sp23-bk-manual-hatchback,,,,,,,,,,,,Unregistered,,,,,,,,,,,,,,pending_final_sale_price,1100.0,,12.0,07 April 2026 20:00 AEST,2026-04-07
https://www.grays.com/lot/0001-9067928/motor-vehicles-motor-cycles/2007-lexus-is250-prestige-automatic-sedan,,,,,,,,,,,,Unregistered,,,,,,,,,,,,,,pending_final_sale_price,800.0,,11.0,07 April 2026 20:00 AEST,2026-04-07
https://www.grays.com/lot/0001-9067930/motor-vehicles-motor-cycles/1996-toyota-starlet-life-ep91r-manual-hatchback,,,,,,,,,,,,Unregistered,,,,,,,,,,,,,,pending_final_sale_price,609.0,,7.0,08 April 2026 21:30 AEST,2026-04-08
https://www.grays.com/lot/0001-9067932/motor-vehicles-motor-cycles/2014-volkswagen-touareg-150tdi-7p-turbo-diesel-automatic-8-speed-wagon,,,,,,,,,,,,Unregistered,,,,,,,,,,,,,,pending_final_sale_price,9100.0,,73.0,08 April 2026 21:30 AEST,2026-04-08
https://www.grays.com/lot/0001-9067937/motor-vehicles-motor-cycles/2015-holden-trax-ls-tj-manual-wagon,,,,,,,,,,,,Unregistered,,,,,,,,,,,,,,pending_final_sale_price,5100.0,,39.0,08 April 2026 21:30 AEST,2026-04-08
https://www.grays.com/lot/0001-9067939/motor-vehicles-motor-cycles/2015-holden-trax-ls-tj-automatic-wagon,,,,,,,,,,,,Unregistered,,,,,,,,,,,,,,pending_final_sale_price,5750.0,,45.0,08 April 2026 21:30 AEST,2026-04-08
https://www.grays.com/lot/0001-9067941/motor-vehicles-motor-cycles/2006-nissan-x-trail-st-4x4-t30-automatic-wagon,,,,,,,,,,,,Unregistered,,,,,,,,,,,,,,pending_final_sale_price,1509.0,,22.0,08 April 2026 21:30 AEST,2026-04-08
https://www.grays.com/lot/0001-9067945/motor-vehicles-motor-cycles/2009-bmw-x5-3-0si-e70-automatic-7-seats-wagon,,,,,,,,,,,,Unregistered,,,,,,,,,,,,,,pending_final_sale_price,1309.0,,21.0,08 April 2026 21:30 AEST,2026-04-08
https://www.grays.com/lot/0001-9067947/motor-vehicles-motor-cycles/2007-audi-a5-3-2-fsi-8t-cvt-coupe,,,,,,,,,,,,Unregistered,,,,,,,,,,,,,,pending_final_sale_price,2100.0,,23.0,09 April 2026 21:30 AEST,2026-04-09
https://www.grays.com/lot/0001-9067948/motor-vehicles-motor-cycles/2014-kia-optima-si-tf-automatic-sedan,,,,,,,,,,,,Unregistered,,,,,,,,,,,,,,pending_final_sale_price,4300.0,,38.0,09 April 2026 21:30 AEST,2026-04-09
https://www.grays.com/lot/0001-9067949/motor-vehicles-motor-cycles/2004-mitsubishi-outlander-xls-zf-automatic-wagon,,,,,,,,,,,,Unregistered,,,,,,,,,,,,,,pending_final_sale_price,609.0,,10.0,09 April 2026 21:30 AEST,2026-04-09
https://www.grays.com/lot/0001-9067950/motor-vehicles-motor-cycles/2016-ford-ranger-automatic-dual-cab-ute,,,,,,,,,,,,Unregistered,,,,,,,,,,,,,,pending_final_sale_price,5200.0,,69.0,09 April 2026 21:30 AEST,2026-04-09
https://www.grays.com/lot/0001-9067952/motor-vehicles-motor-cycles/2016-mazda-3-sp25-bn-automatic-hatchback,,,,,,,,,,,,Unregistered,,,,,,,,,,,,,,pending_final_sale_price,7709.0,,129.0,09 April 2026 21:30 AEST,2026-04-09
https://www.grays.com/lot/0001-9067953/motor-vehicles-motor-cycles/2011-great-wall-x240-4x4-manual-wagon,,,,,,,,,,,,Unregistered,,,,,,,,,,,,,,pending_final_sale_price,609.0,,10.0,09 April 2026 21:30 AEST,2026-04-09
https://www.grays.com/lot/0001-9067954/motor-vehicles-motor-cycles/2018-ford-everest-trend-4wd-uaii-turbo-diesel-automatic-7-seats-wagon,,,,,,,,,,,,Unregistered,,,,,,,,,,,,,,pending_final_sale_price,21705.0,,195.0,09 April 2026 21:30 AEST,2026-04-09
https://www.grays.com/lot/0001-9067955/motor-vehicles-motor-cycles/2007-toyota-aurion-sportivo-sx6-gsv40r-automatic-sedan,,,,,,,,,,,,Unregistered,,,,,,,,,,,,,,pending_final_sale_price,1909.0,,28.0,09 April 2026 21:30 AEST,2026-04-09
https://www.grays.com/lot/0001-9067956/motor-vehicles-motor-cycles/2007-hyundai-elantra-sx-hd-automatic-sedan,,,,,,,,,,,,Unregistered,,,,,,,,,,,,,,pending_final_sale_price,1109.0,,12.0,09 April 2026 21:30 AEST,2026-04-09
https://www.grays.com/lot/0001-9067962/motor-vehicles-motor-cycles/2012-peugeot-208-allure-sport-manual-hatchback,,,,,,,,,,,,Unregistered,,,,,,,,,,,,,,pending_final_sale_price,900.0,,9.0,08 April 2026 20:00 AEST,2026-04-08
https://www.grays.com/lot/0001-9067963/motor-vehicles-motor-cycles/2013-mitsubishi-outlander-aspire-4wd-zj-t-d-auto-7-seats-wagon,,,,,,,,,,,,Unregistered,,,,,,,,,,,,,,pending_final_sale_price,3209.0,,45.0,09 April 2026 21:30 AEST,2026-04-09
https://www.grays.com/lot/0001-9067964/motor-vehicles-motor-cycles/2015-ford-kuga-ambiente-awd-tf-ii-automatic-wagon,,,,,,,,,,,,Unregistered,,,,,,,,,,,,,,pending_final_sale_price,2709.0,,35.0,09 April 2026 21:30 AEST,2026-04-09
https://www.grays.com/lot/0001-9067966/motor-vehicles-motor-cycles/2010-hyundai-ix35-highlander-awd-lm-turbo-diesel-automatic-wagon,,,,,,,,,,,,Unregistered,,,,,,,,,,,,,,pending_final_sale_price,2209.0,,23.0,09 April 2026 21:30 AEST,2026-04-09
https://www.grays.com/lot/0001-9067971/motor-vehicles-motor-cycles/2006-ford-falcon-xr6-bf-automatic-ute,,,,,,,,,,,,Unregistered,,,,,,,,,,,,,,pending_final_sale_price,1409.0,,15.0,09 April 2026 21:30 AEST,2026-04-09
https://www.grays.com/lot/0001-9067972/motor-vehicles-motor-cycles/2011-mitsubishi-outlander-vrx-zh-automatic-wagon,,,,,,,,,,,,Unregistered,,,,,,,,,,,,,,pending_final_sale_price,1309.0,,17.0,09 April 2026 21:30 AEST,2026-04-09
https://www.grays.com/lot/0001-9067973/motor-vehicles-motor-cycles/2014-mitsubishi-outlander-aspire-phev-4wd-zj-direct-drive-wagon,,,,,,,,,,,,Unregistered,,,,,,,,,,,,,,pending_final_sale_price,6309.0,,103.0,09 April 2026 21:30 AEST,2026-04-09
https://www.grays.com/lot/0001-9067974/motor-vehicles-motor-cycles/2012-kia-sorento-si-xm-turbo-diesel-manual-7-seats-wagon,,,,,,,,,,,,Unregistered,,,,,,,,,,,,,,pending_final_sale_price,1409.0,,21.0,09 April 2026 21:30 AEST,2026-04-09
https://www.grays.com/lot/0001-9067975/motor-vehicles-motor-cycles/2012-ssangyong-korando-s-automatic-wagon,,,,,,,,,,,,Unregistered,,,,,,,,,,,,,,pending_final_sale_price,709.0,,10.0,09 April 2026 21:30 AEST,2026-04-09
https://www.grays.com/lot/0001-9067976/motor-vehicles-motor-cycles/2007-honda-civic-vti-l-8th-gen-automatic-sedan,,,,,,,,,,,,Unregistered,,,,,,,,,,,,,,pending_final_sale_price,2109.0,,27.0,09 April 2026 21:30 AEST,2026-04-09
https://www.grays.com/lot/0001-9067978/motor-vehicles-motor-cycles/2008-peugeot-308-xse-hdi-turbo-diesel-manual-hatchback,,,,,,,,,,,,Unregistered,,,,,,,,,,,,,,pending_final_sale_price,809.0,,9.0,09 April 2026 21:30 AEST,2026-04-09
https://www.grays.com/lot/0001-9067983/motor-vehicles-motor-cycles/2005-bmw-x3-3-0i-e83-automatic-wagon,,,,,,,,,,,,Unregistered,,,,,,,,,,,,,,pending_final_sale_price,1550.0,,18.0,09 April 2026 21:30 AEST,2026-04-09
https://www.grays.com/lot/0001-9067985/motor-vehicles-motor-cycles/2017-holden-astra-r-bk-automatic-hatchback,,,,,,,,,,,,Unregistered,,,,,,,,,,,,,,pending_final_sale_price,4401.0,,54.0,09 April 2026 21:30 AEST,2026-04-09
https://www.grays.com/lot/0001-9067986/motor-vehicles-motor-cycles/2016-renault-clio-expression-automatic-hatchback,,,,,,,,,,,,Unregistered,,,,,,,,,,,,,,pending_final_sale_price,5150.0,,66.0,09 April 2026 21:30 AEST,2026-04-09
https://www.grays.com/lot/0001-9067988/motor-vehicles-motor-cycles/2008-bmw-1-series-120i-e87-automatic-hatchback,,,,,,,,,,,,Unregistered,,,,,,,,,,,,,,pending_final_sale_price,1509.0,,16.0,09 April 2026 21:30 AEST,2026-04-09
https://www.grays.com/lot/0001-9067991/motor-vehicles-motor-cycles/2013-hyundai-i30-active-gd-turbo-diesel-automatic-hatchback,,,,,,,,,,,,Unregistered,,,,,,,,,,,,,,pending_final_sale_price,4300.0,,59.0,08 April 2026 20:00 AEST,2026-04-08
https://www.grays.com/lot/0001-9067992/motor-vehicles-motor-cycles/2014-holden-cruze-z-series-jh-automatic-sedan,,,,,,,,,,,,Unregistered,,,,,,,,,,,,,,pending_final_sale_price,709.0,,9.0,09 April 2026 21:30 AEST,2026-04-09
https://www.grays.com/lot/0001-9067993/motor-vehicles-motor-cycles/2010-nissan-x-trail-st-t31-cvt-wagon,,,,,,,,,,,,Unregistered,,,,,,,,,,,,,,pending_final_sale_price,509.0,,9.0,09 April 2026 21:30 AEST,2026-04-09
https://www.grays.com/lot/0001-9067994/motor-vehicles-motor-cycles/2008-bmw-x5-3-0d-e70-turbo-diesel-automatic-7-seats-wagon,,,,,,,,,,,,Unregistered,,,,,,,,,,,,,,pending_final_sale_price,5209.0,,77.0,09 April 2026 21:30 AEST,2026-04-09
https://www.grays.com/lot/0001-9067995/motor-vehicles-motor-cycles/2007-toyota-aurion-at-x-gsv40r-automatic-sedan,,,,,,,,,,,,Unregistered,,,,,,,,,,,,,,pending_final_sale_price,1900.0,,21.0,09 April 2026 21:30 AEST,2026-04-09
https://www.grays.com/lot/0001-9067996/motor-vehicles-motor-cycles/2006-subaru-forester-2-5x-automatic-wagon,,,,,,,,,,,,Unregistered,,,,,,,,,,,,,,pending_final_sale_price,2200.0,,20.0,09 April 2026 21:30 AEST,2026-04-09
https://www.grays.com/lot/0001-9067997/motor-vehicles-motor-cycles/2008-mercedes-benz-gl-class-gl320cdi-x164-t-d-auto-7-seats-wagon,,,,,,,,,,,,Unregistered,,,,,,,,,,,,,,pending_final_sale_price,3500.0,,40.0,09 April 2026 21:30 AEST,2026-04-09
https://www.grays.com/lot/0001-9067998/motor-vehicles-motor-cycles/2007-bmw-x3-2-5si-e83-manual-wagon,,,,,,,,,,,,Unregistered,,,,,,,,,,,,,,pending_final_sale_price,2900.0,,33.0,09 April 2026 21:30 AEST,2026-04-09
https://www.grays.com/lot/0001-9067999/motor-vehicles-motor-cycles/2014-volkswagen-golf-90tsi-comfortline-a7-automatic-hatchback,,,,,,,,,,,,Unregistered,,,,,,,,,,,,,,pending_final_sale_price,3850.0,,47.0,09 April 2026 21:30 AEST,2026-04-09
https://www.grays.com/lot/0001-9068000/motor-vehicles-motor-cycles/2010-peugeot-308-sportium-le-turbo-automatic-hatchback,,,,,,,,,,,,Unregistered,,,,,,,,,,,,,,pending_final_sale_price,1009.0,,11.0,09 April 2026 21:30 AEST,2026-04-09
https://www.grays.com/lot/0001-21065257/motor-vehicles-motor-cycles/2018-hyundai-i30-active-pd-automatic-hatchback,,,,,,,,,,,,Unregistered,,,,,,,,,,,,,,pending_final_sale_price,11200.0,,119.0,12 April 2026 20:00 AEST,2026-04-12
https://www.grays.com/lot/0001-21065339/motor-vehicles-motor-cycles/2008-toyota-yaris-yr-ncp90r-automatic-hatchback,,,,,,,,,,,,Unregistered,,,,,,,,,,,,,,pending_final_sale_price,4010.0,,43.0,13 April 2026 20:00 AEST,2026-04-13
https://www.grays.com/lot/0001-21065000/motor-vehicles-motor-cycles/2013-hyundai-i30-active-gd-automatic-hatchback-wovr-inspected,,,,,,,,,,,,Unregistered,,,,,,,,,,,,,,pending_final_sale_price,3909.0,,44.0,13 April 2026 20:00 AEST,2026-04-13
https://www.grays.com/lot/0001-60050540/motor-vehicles-motor-cycles/2013-hyundai-i30-active-gd-automatic-hatchback,,,,,,,,,,,,Unregistered,,,,,,,,,,,,,,pending_final_sale_price,4550.0,,60.0,15 April 2026 17:00 AEST,2026-04-15
https://www.grays.com/lot/0001-60050577/motor-vehicles-motor-cycles/2011-mazda-3-maxx-sport-bl-automatic-hatchback,,,,,,,,,,,,Unregistered,,,,,,,,,,,,,,pending_final_sale_price,3900.0,,4.0,15 April 2026 20:00 AEST,2026-04-15
https://www.grays.com/lot/0001-10500717/motor-vehicles-motor-cycles/2017-toyota-corolla-ascent-zre182r-cvt-hatchback,,,,,,,,,,,,Unregistered,,,,,,,,,,,,,,pending_final_sale_price,12345.0,,146.0,22 April 2026 18:30 AEST,2026-04-22
https://www.grays.com/lot/0001-21065635/motor-vehicles-motor-cycles/2014-hyundai-i30-active-gd-automatic-hatchback,,,,,,,,,,,,Unregistered,,,,,,,,,,,,,,pending_final_sale_price,7450.0,,92.0,22 April 2026 20:00 AEST,2026-04-22
https://www.grays.com/lot/0001-10353535/motor-vehicles-motor-cycles/2011-holden-captiva-5-2wd-cg-ii-automatic-wagon,,,,,,,,,,,,Unregistered,,,,,,,,,,,,,,pending_final_sale_price,9.0,,1.0,2026-05-05,2026-05-05
https://www.grays.com/lot/0001-10353540/motor-vehicles-motor-cycles/2023-toyota-camry-ascent-hybrid-axvh70r-cvt-sedan,,,,,,,,,,,,Unregistered,,,,,,,,,,,,,,pending_final_sale_price,15399.0,,69.0,2026-05-05,2026-05-05
https://www.grays.com/lot/0001-50517973/motor-vehicles-motor-cycles/2010-subaru-liberty-2-5i-b5-cvt-sedan,,,,,,,,,,,,Unregistered,,,,,,,,,,,,,,pending_final_sale_price,9.0,,1.0,2026-05-05,2026-05-05
https://www.grays.com/lot/0001-50715567/motor-vehicles-motor-cycles/2012-nissan-navara-4x4-st-d40-turbo-diesel-automatic-dual-cab,,,,,,,,,,,,Unregistered,,,,,,,,,,,,,,pending_final_sale_price,2309.0,,47.0,2026-05-05,2026-05-05
https://www.grays.com/lot/0001-50715652/motor-vehicles-motor-cycles/2009-audi-q5-2-0-tfsi-quattro-8r-automatic-wagon,,,,,,,,,,,,Unregistered,,,,,,,,,,,,,,pending_final_sale_price,109.0,,2.0,2026-05-05,2026-05-05
https://www.grays.com/lot/0001-60050712/motor-vehicles-motor-cycles/2016-subaru-outback-2-5i-b6a-cvt-wagon,,,,,,,,,,,,Unregistered,,,,,,,,,,,,,,pending_final_sale_price,9100.0,,25.0,2026-05-05,2026-05-05
https://www.grays.com/lot/0001-60050725/motor-vehicles-motor-cycles/2017-toyota-hilux-4x2-workmate-tgn121r-manual-cab-chassis,,,,,,,,,,,,Unregistered,,,,,,,,,,,,,,pending_final_sale_price,12100.0,,29.0,2026-05-05,2026-05-05
https://www.grays.com/lot/0001-9068436/motor-vehicles-motor-cycles/2010-mazda-2-neo-de-automatic-hatchback,,,,,,,,,,,,Unregistered,,,,,,,,,,,,,,pending_final_sale_price,909.0,,11.0,2026-05-05,2026-05-05
https://www.grays.com/lot/0001-9068437/motor-vehicles-motor-cycles/2014-ford-ranger-xlt-4x4-px-turbo-diesel-automatic-dual-cab,,,,,,,,,,,,Unregistered,,,,,,,,,,,,,,pending_final_sale_price,5600.0,,80.0,2026-05-05,2026-05-05
https://www.grays.com/lot/0001-9068496/motor-vehicles-motor-cycles/2013-kia-grand-carnival-s-vq-automatic-8-seats-people-mover,,,,,,,,,,,,Unregistered,,,,,,,,,,,,,,pending_final_sale_price,1200.0,,16.0,2026-05-05,2026-05-05
https://www.grays.com/lot/0001-21066046/motor-vehicles-motor-cycles/2015-hyundai-i40-active-vf-turbo-diesel-automatic-wovr-inspected,,,,,,,,,,,,Unregistered,,,,,,,,,,,,,,pending_final_sale_price,309.0,,6.0,2026-05-05,2026-05-05
https://www.grays.com/lot/0001-9068456/motor-vehicles-motor-cycles/2008-holden-colorado-4x2-lx-3-6-v6-rc-manual-dual-cab-wovr-repairable,,,,,,,,,,,,Unregistered,,,,,,,,,,,,,,pending_final_sale_price,409.0,,8.0,2026-05-05,2026-05-05
https://www.grays.com/lot/0001-9068484/motor-vehicles-motor-cycles/2008-subaru-forester-xs-s3-automatic-wagon-wovr-inspected,,,,,,,,,,,,Unregistered,,,,,,,,,,,,,,pending_final_sale_price,209.0,,5.0,2026-05-05,2026-05-05
