year,make,model,variant,body_type,transmission,fuel_type,odometer_reading,no_of_seats,vin,rego_no,rego_expiry,no_of_cylinders,engine_capacity,exterior_colour,interior_colour,key,spare_key,owners_manual,service_history,engine_turns_over,location,url,general_condition,bids,price,date_sold
2014,FORD,Ranger,XLT 4X4 PX Dual,Dual Cab,Automatic,Diesel,200389,5.0,MNAUMFF50EW320411,E46596,29-09-2026,5,3.2,Gold,Charcoal,Yes,Yes,Yes,Partial,Yes,WA,https://www.grays.com/lot/0001-9068437/motor-vehicles-motor-cycles/2014-ford-ranger-xlt-4x4-px-turbo-diesel-automatic-dual-cab,"Corrosion visible Various places
Large Scuff on Driver side bumper
Windscreen Chipped or Cracked.
Dents or marks on body consistent with age and kilometres.",182,"$12,600",05 May 2026
2010,MAZDA,2,Neo DE,Hatchback,Automatic,Petrol,174734,5.0,JM0DE10Y1A0154693,1IXU913,01-07-2026,4,1.5,Black,Charcoal,Yes,Yes,No,Partial,Yes,WA,https://www.grays.com/lot/0001-9068436/motor-vehicles-motor-cycles/2010-mazda-2-neo-de-automatic-hatchback,"Engine Smoke visible
Paint fading on various panels
Medium Scuff on Drivers side rear quarter and Rear panel
Dents or marks on body consistent with age and kilometres.",31,"$2,209",05 May 2026
2016,SUBARU,Outback,2.5i B6A,Wagon,CVT,Petrol,139384,5.0,JF2BS9KC2GG044577,No plates,Unregistered,4,2.5,Dark Grey,Multi,Yes,Yes,Yes,Yes,Yes,SA,https://www.grays.com/lot/0001-60050712/motor-vehicles-motor-cycles/2016-subaru-outback-2-5i-b6a-cvt-wagon,Please refer to the photos or arrange inspection to view the condition of this vehicle.,25,,05 May 2026
2009,FORD,Territory,TX SY II,Wagon,Automatic,Petrol,285979,7.0,6FPAAAJGAT9B47194,No plates,Unregistered,6,4.0,White,Black,Yes,No,Yes,Partial,Yes,VIC,https://www.grays.com/lot/0001-21064165/motor-vehicles-motor-cycles/2009-ford-territory-tx-sy-ii-automatic-7-seats-wagon,"Dents or marks on body consistent with age and kilometres.
Body/panel damage Rear bumper and boot
Corrosion visible, Paint Peeling Around vehicle
Hood Lining Sagging, Driver Seat Torn.
Medium Scratches Around vehicle",9,$809,17 March 2026
2022,MG,Hs,Vibe,Wagon,Automatic,Petrol,80360,5.0,LSJA24U97NN116836,No plates,Unregistered,4,1.5,Blue,Black Leather,Yes,Yes,Yes,Yes,Yes,VIC,https://www.grays.com/lot/0001-21064123/motor-vehicles-motor-cycles/2022-mg-hs-vibe-automatic-wagon,"Dents or marks on body consistent with age and kilometres.
Interior: Tyre pressure low, Exterior: Touch up on mirror,
Interior: Tyre pressure low, Exterior: Touch up on mirror",2,"$11,509",17 March 2026
2003,MITSUBISHI,Outlander,XLS ZE,Wagon,Automatic,Petrol,300616,5.0,JMFXRCU4W3U002291,No plates,Unregistered,4,2.4,White,Black,Yes,Yes,Yes,Yes,Yes,VIC,https://www.grays.com/lot/0001-21064121/motor-vehicles-motor-cycles/2003-mitsubishi-outlander-xls-ze-automatic-wagon,"Engine idling rough
Dents or marks on body consistent with age and kilometres.
Rear Cracked bumper.
Medium Scratch on Around vehicle
Engine noise observed.
Engine overheating, tow advisable.",3,$209,17 March 2026
2009,BMW,123d,E88,Convertible,Automatic,Diesel,186282,4.0,WBAUP12010VM54001,XLF651,Unregistered,4,2.0,White,Black Leather,Yes,No,Yes,Partial,Yes,VIC,https://www.grays.com/lot/0001-21064045/motor-vehicles-motor-cycles/2009-bmw-123d-e88-turbo-diesel-automatic-convertible,"Dents or marks on body consistent with age and kilometres.
Body/panel damage Front and rear bumper
Engine noise observed.
Other Warning light ON",12,"$1,109",17 March 2026
2014,VOLKSWAGEN,Jetta,118TSI 1B,Sedan,Automatic,Petrol,107255,5.0,WVWZZZ16ZEM066327,No plates,Unregistered,4,1.4,Grey,Grey,Yes,Yes,Yes,Partial,Yes,VIC,https://www.grays.com/lot/0001-21063914/motor-vehicles-motor-cycles/2014-volkswagen-jetta-118tsi-1b-automatic-sedan,"Engine light ON
Engine idling rough
Medium Scratch on Around vehicle",26,"$2,210",17 March 2026
2014,HYUNDAI,I30,Active GD,Hatchback,Automatic,Petrol,125639,5.0,KMHD251EMEU242810,1DT7HR,02-03-2027,4,1.8,White,Black,Yes,No,Yes,Partial,Yes,VIC,https://www.grays.com/lot/0001-21065635/motor-vehicles-motor-cycles/2014-hyundai-i30-active-gd-automatic-hatchback,"Medium Scratch on Around vehicle
Dents or marks on body consistent with age and kilometres.",92,"$7,450",22 April 2026
2017,TOYOTA,Corolla,Ascent ZRE182R,Hatchback,CVT,Petrol,60572,5.0,JTNKU3JE60J560698,DMH14B,Unregistered,4,1.8,White,Grey,Yes,No,Yes,Yes,Yes,NSW,https://www.grays.com/lot/0001-10500717/motor-vehicles-motor-cycles/2017-toyota-corolla-ascent-zre182r-cvt-hatchback,"Hail damage visible.
Paint peeling Drivers side front guard
Medium Dent on Drivers door
Large Scuff on Passenger Rear Quarter
Large Scratch on Front bumper",146,"$12,345",22 April 2026
2008,NISSAN,Patrol,Y61 Commercial 4WD,Ute,Manual,Diesel,419573,3.0,JN1UELY61A0500633,No plates,Unregistered,4,,White,Brown,Yes,,No,No,Yes,NSW,https://www.grays.com/lot/0150-5062196/motor-vehicles-motor-cycles/2008-nissan-patrol-y61-commercial-4wd-manual-ute,"Comment: ABS Brakes, Driving Lights, Side Steps, Tow Bar,
Interior Damage: Upholster and trims damaged and worn; Exterior Damage: Dents and scratches",27,"$2,200",11 March 2026
2013,VOLVO,Xc90,3.2 R-Design,Wagon,Automatic,Petrol,179609,7.0,YV1CT9556D1665764,1HMZ747,11-04-2026,6,3.2,Silver,Black Leather,Yes,Yes,Yes,Partial,Yes,WA,https://www.grays.com/lot/0001-9067455/motor-vehicles-motor-cycles/2013-volvo-xc90-3-2-r-design-automatic-7-seats-wagon,"Dents or marks on body consistent with age and kilometres.
Front Seat worn driver side
Paint fading on various panels",80,"$6,700",11 March 2026
2019,KIA,Cerato,S BD,Sedan,Automatic,Petrol,198352,5.0,KNAF241CMK5062193,1HDP082,"This vehicle licence has expired, but can be paid until 13/04/2026. The vehicle should not be driven until the licence has been renewe",4,2.0,Dark Grey,Charcoal,Yes,No,Yes,Yes,Yes,WA,https://www.grays.com/lot/0001-9067454/motor-vehicles-motor-cycles/2019-kia-cerato-s-bd-automatic-sedan,"Large Dent on Front left fender
Door card Damaged.
Dents or marks on body consistent with age and kilometres.",53,"$7,000",11 March 2026
2015,LAND,Rover,Discovery Sport Si4 SE,Wagon,Automatic,Petrol,117153,5.0,SALCA2AG4GH575417,1EZN141,10/03/2026,4,2.0,Silver,Black Leather,Yes,Yes,Yes,No,Yes,WA,https://www.grays.com/lot/0001-9067453/motor-vehicles-motor-cycles/2015-land-rover-discovery-sport-si4-se-automatic-wagon,"Paint fading Bonnet and roof
Seat Torn Driver
Dents or marks on body consistent with age and kilometres.",149,"$12,700",11 March 2026
2006,FORD,Falcon,RTV BF,Ute,Automatic,Lpg,216314,2.0,6FPAAAJGCM6P28893,1CPO770,19/03/2026,6,4.0,White,Grey,Yes,No,Yes,Partial,Yes,WA,https://www.grays.com/lot/0001-9067452/motor-vehicles-motor-cycles/2006-ford-falcon-rtv-bf-automatic-ute,"Damaged Both taillights
Dents or marks on body consistent with age and kilometres.",36,"$2,909",11 March 2026
2009,SUBARU,Tribeca,3.6R B9,Wagon,Automatic,Petrol,194328,7.0,4S4WXFKU59S026305,BKZ73D,27-08-2026,6,3.6,Black,Grey,Yes,Yes,No,Partial,Yes,NSW,https://www.grays.com/lot/0001-10352982/motor-vehicles-motor-cycles/2009-subaru-tribeca-3-6r-b9-automatic-7-seats-wagon,"Front and rear Cracked bumper.
Large Dent on Driver side rear quarter panel
Medium Dent on Bonnet, passenger side rear quarter panel
Windscreen Chipped or Cracked.
Damaged Tail lights
Medium Scratch on Numerous locations
Corrosion visible Rear section of roof, driver side rear door frame
Damaged Driver side rear bar reflector
Seat Torn Drivers seat
Other Warning light ON
Driveline requires attention, recommend inspection by qualified third party",18,"$1,009",16 March 2026
2000,NISSAN,Patrol,ST 3.0 GU II,Wagon,Manual,Diesel,307993,7.0,JN1TESY61A0300565,Unlicensed,Unregistered,4,3.0,Blue,Tan,Yes,No,No,No,Yes,WA,https://www.grays.com/lot/0001-9067448/motor-vehicles-motor-cycles/2000-nissan-patrol-st-3-0-gu-ii-turbo-diesel-manual-7-seats-wagon,"Medium Scratch on Various panels
Paint fading Primer on roof
Damaged Rear left tail light, both different taillights
Dents or marks on body consistent with age and kilometres.",22,"$1,409",11 March 2026
2008,MITSUBISHI,Lancer,ES CJ,Sedan,Manual,Petrol,209674,5.0,JMFSNCY4A8U004452,Unlicensed,Unregistered,4,2.0,Light Blue,Charcoal,Yes,No,No,No,Yes,WA,https://www.grays.com/lot/0001-9067446/motor-vehicles-motor-cycles/2008-mitsubishi-lancer-es-cj-manual-sedan,"ABS light ON
Medium Scuff on Rear bumper
Paint peeling Various panels
Other Warning light ON",14,$909,11 March 2026
2009,HOLDEN,Captiva,SX AWD CG,Wagon,Automatic,Petrol,267507,7.0,KL3CD26GJ9B527957,Unlicensed,Unregistered,6,3.2,Maroon,Charcoal,Yes,No,No,No,Yes,WA,https://www.grays.com/lot/0001-9067439/motor-vehicles-motor-cycles/2009-holden-captiva-sx-awd-cg-automatic-7-seats-wagon,"Dents or marks on body consistent with age and kilometres.
Engine light ON
Front Seat Marks Both
Back Seat Marks.
Seat Torn Drivers
Damaged Rear passenger
Large Scratch on Roof
Large Dent on Bonnet
Airbag light ON",9,$600,11 March 2026
2004,HOLDEN,Commodore,Executive VY,Wagon,Automatic,Petrol,219889,5.0,6G1YK82A24L276326,Unlicensed,Unregistered,6,3.8,White,Charcoal,Yes,No,No,No,Yes,WA,https://www.grays.com/lot/0001-9067437/motor-vehicles-motor-cycles/2004-holden-commodore-executive-vy-automatic-wagon,"Dents or marks on body consistent with age and kilometres.
Medium Dent on Front drivers quarter panel",13,$709,11 March 2026
2005,JEEP,Grand,Cherokee Laredo WH,Wagon,Automatic,Diesel,188081,5.0,1J8HD48M15Y569303,Unlicensed,Unregistered,6,3.0,Grey,Grey,Yes,No,No,No,Yes,WA,https://www.grays.com/lot/0001-9067436/motor-vehicles-motor-cycles/2005-jeep-grand-cherokee-laredo-wh-turbo-diesel-automatic-wagon,"Dents or marks on body consistent with age and kilometres.
Paint peeling Various locations
Flat Battery. Jump start or towing required
Front Seat worn Both
Medium Dent on various panels",13,"$1,200",11 March 2026
2003,MITSUBISHI,Lancer,GLI 1.8 CE,Coupe,Manual,Petrol,334731,5.0,JMFDNCJ5A3U004221,Unlicensed,Unregistered,4,1.8,White,Charcoal,Yes,No,No,No,Yes,WA,https://www.grays.com/lot/0001-9067434/motor-vehicles-motor-cycles/2003-mitsubishi-lancer-gli-1-8-ce-manual-coupe,"Dents or marks on body consistent with age and kilometres.
Medium Scuff on Front bumper
Medium Dent on Above drivers door
Body/panel damage Rear bumper damaged and screwed in
Medium Scuff on Rear passenger side
Large Dent on Passenger door
Medium Scratch on various panels
Paint peeling on various panels
Door card Damaged.
rear bumper Cracked bumper.",11,$509,11 March 2026
2008,HOLDEN,Commodore,Lumina VE,Sedan,Automatic,Petrol,301959,5.0,6G1EK55B59L222886,Unlicensed,Unregistered,6,3.6,Dark Blue,Black,Yes,No,No,No,Yes,WA,https://www.grays.com/lot/0001-9067433/motor-vehicles-motor-cycles/2008-holden-commodore-lumina-ve-automatic-sedan,"Airbag light ON
Door card Worn.
Seat Torn Both front
Large Dent on Various panels
Door Mirror Broken Passenger",10,$509,11 March 2026
2011,MAZDA,Cx-7,CLASSIC SPORTS,Wagon,Automatic,Petrol,310978,5.0,JM0ER103200227863,Unlicensed,Unregistered,4,2.3,Black,Charcoal,Yes,No,No,No,Yes,WA,https://www.grays.com/lot/0001-9067432/motor-vehicles-motor-cycles/2011-mazda-cx-7-classic-sports-automatic-wagon,"Other Warning light ON
Engine light ON
Dents or marks on body consistent with age and kilometres.
Paint fading Various locations
Medium Scuff on Front bumper
Medium Dent on Drivers door
Rear Cracked bumper.
Airbag light ON",8,$409,11 March 2026
2014,BMW,320d,320d F30,Sedan,Automatic,Diesel,160690,5.0,WBA3D36000NS45794,1GSU315,05-02-2027,4,2.0,White,Black Leather,Yes,No,No,Partial,Yes,WA,https://www.grays.com/lot/0001-9067429/motor-vehicles-motor-cycles/2014-bmw-320d-320d-f30-turbo-diesel-automatic-8-speed-sedan,"Dents or marks on body consistent with age and kilometres.
Front Seat worn Drivers
Medium Scuff on Front bumper",45,"$10,000",11 March 2026
2011,HYUNDAI,I45,Premium YF,Sedan,Automatic,Petrol,136547,5.0,KMHEC41DMCA384494,1ECD704,03-06-2026,4,2.4,Red,Black Leather,Yes,No,Yes,Partial,Yes,WA,https://www.grays.com/lot/0001-9067426/motor-vehicles-motor-cycles/2011-hyundai-i45-premium-yf-automatic-sedan,"Seat Torn Driver
Paint peeling Front bumper
Medium Scratch on Boot
Dents or marks on body consistent with age and kilometres.",77,"$5,309",11 March 2026
2008,HOLDEN,Commodore,Omega VE,Ute,Automatic,Petrol,275628,2.0,6G1EK42B19L180828,1CXT315,25-06-2026,6,3.6,White,Charcoal,Yes,No,No,No,Yes,WA,https://www.grays.com/lot/0001-9067424/motor-vehicles-motor-cycles/2008-holden-commodore-omega-ve-automatic-ute,"Dents or marks on body consistent with age and kilometres.
Medium Dent on Rear left on tub
Door card Worn.
Paint cracked rear panel",37,"$3,500",11 March 2026
2007,VOLKSWAGEN,Passat,2.0 TFSI 3C,Sedan,Automatic,Petrol,197202,5.0,WVWZZZ3CZ7P145833,1DYC299,12/03/2026,4,2.0,Silver,Black Leather,Yes,Yes,No,Partial,Yes,WA,https://www.grays.com/lot/0001-9067423/motor-vehicles-motor-cycles/2007-volkswagen-passat-2-0-tfsi-3c-automatic-sedan,"Engine idling rough
Brakes require attention, Recommend towing on collection
Transmission Requires attention Strongly recommend inspection by qualified third party
Hood Lining Sagging
Paint peeling Bonnet
Other Warning light ON
Dents or marks on body consistent with age and kilometres.
Medium Scratch on various panels",7,$500,11 March 2026
2014,KIA,Cerato,KOUP TURBO YD,Coupe,Automatic,Petrol,160860,5.0,KNAFZ613MF5255683,1EPB608,30-03-2026,4,1.6,White,Black Leather,Yes,Yes,Yes,Partial,Yes,WA,https://www.grays.com/lot/0001-9067419/motor-vehicles-motor-cycles/2014-kia-cerato-koup-turbo-yd-automatic-coupe,"Dents or marks on body consistent with age and kilometres.
Engine light ON
Front Seat worn Drivers seat",54,"$3,609",11 March 2026
2014,TOYOTA,Hilux,4x4 SR KUN26R,Crew Cab Chassis,Automatic,Diesel,243659,5.0,MR0FZ22G901086619,1IAD831,19-03-2026,4,3.0,White,Charcoal,Yes,Yes,Yes,Partial,Yes,WA,https://www.grays.com/lot/0001-9067417/motor-vehicles-motor-cycles/2014-toyota-hilux-4x4-sr-kun26r-turbo-diesel-automatic-crew-cab-chassis,"Dents or marks on body consistent with age and kilometres.
Paint fading Various panels
Corrosion visible Roof",136,"$11,100",11 March 2026
2012,MINI,Cooper,Paceman S R61,Coupe,Automatic,Petrol,131448,4.0,WMWSS52090WN47923,1GZZ188,26-03-2026,4,1.6,Grey,Black Leather,Yes,Yes,Yes,Partial,Yes,WA,https://www.grays.com/lot/0001-9067416/motor-vehicles-motor-cycles/2012-mini-cooper-paceman-s-r61-automatic-coupe,"Dents or marks on body consistent with age and kilometres.
Engine Smoke visible",106,"$8,700",11 March 2026
2006,CHRYSLER,Pt,Cruiser Special Edition,Hatchback,Automatic,Petrol,77443,5.0,1A8F4B8B07T552521,B1013,01-07-2026,4,2.4,Blue,Grey,Yes,Yes,Yes,Partial,Yes,WA,https://www.grays.com/lot/0001-9067412/motor-vehicles-motor-cycles/2006-chrysler-pt-cruiser-special-edition-automatic-hatchback,"Paint peeling both bumpers
Damaged left headlight
Paint cracked rear bumper bar
Dents or marks on body consistent with age and kilometres.",41,"$2,509",11 March 2026
2015,MAZDA,Cx-9,GRAND TOURING AWD,Wagon,Automatic,Petrol,158078,7.0,JM0TB10A5F0430257,1HYJ088,12-09-2026,6,3.7,Grey,Black Leather,Yes,Yes,No,No,Yes,WA,https://www.grays.com/lot/0001-9067411/motor-vehicles-motor-cycles/2015-mazda-cx-9-grand-touring-awd-automatic-7-seats-wagon,"Dents or marks on body consistent with age and kilometres.
Engine light ON
Cooling system requires attention
Front Seat worn Both
Medium Scuff on Rear bumper
Rear Cracked bumper.
Damaged Rear passenger side",45,"$3,200",11 March 2026
2010,SUBARU,Forester,2.0D Premium S3,Wagon,Manual,Diesel,264614,5.0,JF2SHHKZ3AG047181,1DJL938,20-03-2026,4,2.0,Champagne,Black Leather,Yes,No,Yes,Partial,Yes,WA,https://www.grays.com/lot/0001-9067410/motor-vehicles-motor-cycles/2010-subaru-forester-2-0d-premium-s3-turbo-diesel-manual-wagon,"Dents or marks on body consistent with age and kilometres.
Paint fading Various panels
Traction control light ON
Engine light ON
Other Warning light ON
Paint peeling various panels",25,"$1,625",11 March 2026
2006,MAZDA,3,Maxx Sport BK,Sedan,Manual,Petrol,113005,5.0,JM0BK10F200303837,1CJQ091,Unregistered,4,2.0,Silver,Charcoal,Yes,No,Yes,Partial,Yes,WA,https://www.grays.com/lot/0001-9067409/motor-vehicles-motor-cycles/2006-mazda-3-maxx-sport-bk-manual-sedan,"Dents or marks on body consistent with age and kilometres.
Engine light on
Engine rattles accasionally
Paint fading Various panels
Paint cracked Front bumper
Corrosion visible Right side doors
Damaged cracked light",41,"$2,009",11 March 2026
2012,PEUGEOT,208,ALLURE SPORT,Hatchback,Manual,Petrol,150955,5.0,VF3CA5FV8CW099707,N039,13-03-2026,4,1.6,Silver,Black Leather,Yes,No,Yes,Partial,Yes,WA,https://www.grays.com/lot/0001-9067404/motor-vehicles-motor-cycles/2012-peugeot-208-allure-sport-manual-hatchback,Dents or marks on body consistent with age and kilometres.,18,"$1,309",10 March 2026
2015,FORD,Focus,Trend LW II,Sedan,Automatic,Petrol,114972,5.0,MPB2XXMXB2FC09440,1IWC327,21-12-2026,4,2.0,Blue,Charcoal,Yes,Yes,Yes,Partial,Yes,WA,https://www.grays.com/lot/0001-9067398/motor-vehicles-motor-cycles/2015-ford-focus-trend-lw-ii-automatic-sedan,Dents or marks on body consistent with age and kilometres.,55,"$4,209",10 March 2026
2016,KIA,Optima,Si JF,Sedan,Automatic,Petrol,121659,5.0,KNAGU413MH5133212,1GPQ740,09-06-2026,4,2.4,White,Charcoal,Yes,Yes,Yes,Partial,Yes,WA,https://www.grays.com/lot/0001-9067397/motor-vehicles-motor-cycles/2016-kia-optima-si-jf-automatic-sedan,"Dents or marks on body consistent with age and kilometres.
Medium Scuff on Front bumper
Other Warning light ON",63,"$6,800",10 March 2026
2003,NISSAN,Patrol,ST 3.0 GU II,Wagon,Automatic,Diesel,412121,7.0,JN1TESY61A0349972,1CKE024,13-05-2026,4,3.0,Bronze,Beige Leather,Yes,Yes,No,Partial,Yes,WA,https://www.grays.com/lot/0001-9067396/motor-vehicles-motor-cycles/2003-nissan-patrol-st-3-0-gu-ii-turbo-diesel-automatic-7-seats-wagon,"Engine overheating, tow advisable.
Engine light ON
Front Seat worn Driver
Paint peeling Bonnet scoop and fender flares.",64,"$3,609",10 March 2026
2012,HOLDEN,Ute,SV6 THUNDER LE VE II,Ute,Automatic,Petrol,176248,2.0,6G1EK4E31CL641148,1DZB801,Unregistered,6,3.6,Black,Black,Yes,No,No,No,Yes,WA,https://www.grays.com/lot/0001-9067405/motor-vehicles-motor-cycles/2012-holden-ute-sv6-thunder-le-ve-ii-automatic-ute,"Dents or marks on body consistent with age and kilometres.
Paint fading Various Panels
Front Driver Side Disjointed Cracked bumper.
Damaged Passenger Rear Brakelight
Medium Scratch on various panels",148,"$8,709",11 March 2026
2016,AUDI,Q2,Sport 2.0 TDI Quattro GA,Wagon,Automatic,Diesel,108254,5.0,WAUZZZGA6HA009952,1GFQ709,Unregistered,4,2.0,Blue,Black Leather,Yes,No,Yes,No,Yes,WA,https://www.grays.com/lot/0001-9067403/motor-vehicles-motor-cycles/2016-audi-q2-sport-2-0-tdi-quattro-ga-turbo-diesel-automatic-wagon,"Dents or marks on body consistent with age and kilometres.
Engine overheating, tow advisable.
Transmission Requires attention Strongly recommend inspection by qualified third party",86,"$7,450",11 March 2026
2011,NISSAN,Patrol,ST-S 3.0 GU II,Wagon,Automatic,Diesel,200136,7.0,JN1TESY61A0412965,1IVY363,19-10-2026,4,3.0,Champagne,Grey,Yes,Yes,Yes,Partial,Yes,WA,https://www.grays.com/lot/0001-9067402/motor-vehicles-motor-cycles/2011-nissan-patrol-st-s-3-0-gu-ii-turbo-diesel-automatic-7-seats-wagon,"Dents or marks on body consistent with age and kilometres.
Engine light ON",123,"$12,100",11 March 2026
2016,TOYOTA,Landcruiser,Workmate VDJ79R T D Crew,Cab Chassis,Manual,Diesel,121940,5.0,JTEBV71J607006933,Unlicensed,Unregistered,8,4.5,White,Grey,Yes,No,No,No,Yes,WA,https://www.grays.com/lot/0001-9067401/motor-vehicles-motor-cycles/2016-toyota-landcruiser-workmate-vdj79r-t-d-manual-crew-cab-chassis,"Seat Torn Driver
Seat Torn Driver",144,"$34,500",11 March 2026
2013,FORD,Kuga,AWD Titanium TF,Wagon,Automatic,Diesel,169524,5.0,WF0AXXWPMADC43079,1IUL937,Unregistered,4,2.0,Grey,Black Leather,Yes,Yes,Yes,No,Yes,WA,https://www.grays.com/lot/0001-9067391/motor-vehicles-motor-cycles/2013-ford-kuga-awd-titanium-tf-turbo-diesel-automatic-wagon,"Dents or marks on body consistent with age and kilometres.
Transfer case requires attention Strongly recommend inspection by qualified third party",76,"$4,500",11 March 2026
2015,HOLDEN,Malibu,CDX EM,Sedan,Automatic,Petrol,301575,5.0,KL3GA69U9FB060178,1HJB299,23/03/2026,4,2.4,Dark Grey,Black Leather,Yes,No,Yes,No,Yes,WA,https://www.grays.com/lot/0001-9067395/motor-vehicles-motor-cycles/2015-holden-malibu-cdx-em-automatic-sedan,"Engine light ON
Rear Cracked bumper.
Engine Oil Leak",8,$800,10 March 2026
2010,HYUNDAI,I30,SX FD,Hatchback,Automatic,Petrol,138217,5.0,KMHDB51EMBU272418,1DHX588,08-05-2026,4,2.0,Silver,Grey,Yes,No,Yes,Partial,Yes,WA,https://www.grays.com/lot/0001-9067393/motor-vehicles-motor-cycles/2010-hyundai-i30-sx-fd-automatic-hatchback,"Engine Oil Leak
Dents or marks on body consistent with age and kilometres.",63,"$4,809",10 March 2026
2010,HOLDEN,Caprice,WM II,Sedan,Automatic,Petrol,214439,5.0,6G1MY5EV2BL518815,1IUU267,31/03/2026,6,3.6,White,Black Leather,Yes,No,No,No,Yes,WA,https://www.grays.com/lot/0001-9067390/motor-vehicles-motor-cycles/2010-holden-caprice-wm-ii-automatic-sedan,"Dents or marks on body consistent with age and kilometres.
Seat Torn Front passenger seat
Front Seat worn Drivers seat",70,"$4,700",10 March 2026
2018,JAGUAR,E-pace,183kW S 9,Wagon,Automatic,Petrol,87292,5.0,SADFA2AXXJ1Z30650,1GRP296,01-07-2026,4,2.0,White,Black Leather,Yes,Yes,No,No,Yes,WA,https://www.grays.com/lot/0001-9067389/motor-vehicles-motor-cycles/2018-jaguar-e-pace-183kw-s-9-auto-wagon,"Dents or marks on body consistent with age and kilometres.
Other Warning light ON",167,"$13,800",10 March 2026
2011,BMW,X1,sDrive 18i E84,Wagon,Automatic,Petrol,126794,5.0,WBAVL32060VP89721,Unlicensed,Unregistered,4,2.0,Black,Black Leather,Yes,No,No,No,Yes,WA,https://www.grays.com/lot/0001-9067384/motor-vehicles-motor-cycles/2011-bmw-x1-sdrive-18i-e84-automatic-wagon,"Engine light ON
Medium Scuff on Rear bumper and rear left door
Other Warning light ON
Dents or marks on body consistent with age and kilometres.
Medium Scratch on various panels",38,"$2,900",10 March 2026
2008,HYUNDAI,I30,SX FD,Hatchback,Automatic,Petrol,156669,5.0,KMHDB51ER9U153273,Unlicensed,Unregistered,4,2.0,White,Charcoal,Yes,No,No,No,Yes,WA,https://www.grays.com/lot/0001-9067383/motor-vehicles-motor-cycles/2008-hyundai-i30-sx-fd-automatic-hatchback,"Dents or marks on body consistent with age and kilometres.
Medium Dent on Various panels
Paint fading Various panels
Engine noise observed.
Damaged LH Headlight
Medium Scratch on various panels",26,"$2,100",10 March 2026
2008,HOLDEN,Commodore,Omega VE,Sedan,Automatic,Petrol,332549,5.0,6G1EK55749L310159,Unlicensed,Unregistered,6,3.6,White,Black Leather,Yes,No,No,No,Yes,WA,https://www.grays.com/lot/0001-9067382/motor-vehicles-motor-cycles/2008-holden-commodore-omega-ve-automatic-sedan,"Medium Dent on Front left quater panel
ABS light ON
Traction control light ON
Engine Smoke visible
Medium Scratch on various panels
Door card Worn.
Paint peeling on various panels
Issue with front left window
Rear right window door trim damaged",15,"$1,056",10 March 2026
2008,HOLDEN,Captiva,LX AWD CG,Wagon,Automatic,Petrol,273266,7.0,KL3CD26GJ8H310186,Unlicensed,Unregistered,6,3.2,Gold,Black Leather,Yes,No,No,No,Yes,WA,https://www.grays.com/lot/0001-9067377/motor-vehicles-motor-cycles/2008-holden-captiva-lx-awd-cg-automatic-7-seats-wagon,"Engine noise observed.
Dents or marks on body consistent with age and kilometres.
Windscreen Chipped or Cracked.
Front Seat worn Both
Medium Dent on Rear drivers door
Medium Scratch on Rear drivers side
Medium Dent on Front passenger panel
Medium Dent on Bonnet
Engine light ON
Airbag light ON
Paint fading spoiler",8,$500,10 March 2026
2014,TOYOTA,Hilux,4X4 SR5 KUN26R Dual,Dual Cab,Manual,Diesel,206540,5.0,MR0FZ29G201747767,Unlicensed - Plates to be removed,Unregistered,4,3.0,White,Charcoal,Yes,No,No,No,Yes,WA,https://www.grays.com/lot/0001-9067375/motor-vehicles-motor-cycles/2014-toyota-hilux-4x4-sr5-kun26r-turbo-diesel-manual-dual-cab,"Dents or marks on body consistent with age and kilometres.
Medium Dent on Various panels
Medium Scratch on Various panels
Engine light ON
Other Warning light ON",69,"$10,300",10 March 2026
2007,LAND,Rover,Range Rover Sport Supercharged,Wagon,Automatic,Petrol,206990,5.0,SALLSAA338A154722,Unlicensed,Unregistered,8,4.2,Black,Black Leather,Yes,No,No,No,Yes,WA,https://www.grays.com/lot/0001-9067373/motor-vehicles-motor-cycles/2007-land-rover-range-rover-sport-supercharged-automatic-wagon,"Dents or marks on body consistent with age and kilometres.
Medium Scratch on Various panels
Windscreen Chipped or Cracked.
Paint fading Various panels
Front Seat worn driver side
Paint cracked Front bumper",69,"$6,450",10 March 2026
2007,HOLDEN,Ute,Omega VE,Ute,Automatic,Petrol,290512,2.0,6G1EK42B28L129112,Unlicensed,Unregistered,6,3.6,White,Grey,Yes,No,No,No,Yes,WA,https://www.grays.com/lot/0001-9067372/motor-vehicles-motor-cycles/2007-holden-ute-omega-ve-automatic-ute,"Engine light ON
Door card Damaged.
Large Dent on Front left fender
Large Scuff on Various on tub.
Dents or marks on body consistent with age and kilometres.
Front Seat worn both",14,$900,10 March 2026
2012,HYUNDAI,I20,Active PB,Hatchback,Automatic,Petrol,260239,5.0,MALBB51CMDM451306,Unlicensed,Unregistered,4,1.4,Red,Grey,Yes,No,No,No,Yes,WA,https://www.grays.com/lot/0001-9067371/motor-vehicles-motor-cycles/2012-hyundai-i20-active-pb-automatic-hatchback,"Large Scuff on Various panels
Paint fading Various panels
Engine Oil Leak
Airbag light ON
Medium Scratch on various panels
Door card Worn.",13,"$1,200",10 March 2026
2005,MERCEDES,Benz,C-Class C180 K Classic W203,Sedan,Automatic,Petrol,202017,5.0,WDC2030462R190825,"Unlicensed, Plates to be remove",Unregistered,4,1.8,Black,Black Leather,Yes,No,No,No,Yes,WA,https://www.grays.com/lot/0001-9067369/motor-vehicles-motor-cycles/2005-mercedes-benz-c-class-c180-k-classic-w203-automatic-sedan,"Airbag light ON
Hood Lining Sagging
Damaged LH taillight
Marks in boot
Medium Scratch on various panels
Dents or marks on body consistent with age and kilometres.",11,$800,10 March 2026
2014,FORD,Ranger,XL 4X2 Hi-Rider PX,Cab Chassis,Automatic,Diesel,254438,2.0,MNAUMAF80EW273048,1HKL168,Unregistered,4,2.2,White,Grey,Yes,Yes,Yes,Partial,Yes,WA,https://www.grays.com/lot/0001-9067368/motor-vehicles-motor-cycles/2014-ford-ranger-xl-4x2-hi-rider-px-turbo-diesel-automatic-cab-chassis,"Door card Damaged.
Large Dent on Front left fender
Body/panel damage Front bumper and grille
Seat Torn Driver",48,"$3,351",10 March 2026
2010,AUDI,A5,3.0 TDI Quattro 8T,Coupe,Automatic,Diesel,230754,5.0,WAUZZZ8T6AA060924,1DIL353,Unregistered,6,3.0,Silver,Black Leather,Yes,Yes,Yes,Partial,Yes,WA,https://www.grays.com/lot/0001-9067367/motor-vehicles-motor-cycles/2010-audi-a5-3-0-tdi-quattro-8t-turbo-diesel-automatic-coupe,"Hood Lining Sagging
Large Scratch on Bonnet
Medium Dent on Front left fender",80,"$4,950",10 March 2026
2015,HOLDEN,Captiva,7 LTZ AWD CG II,Wagon,Automatic,Petrol,187727,7.0,KL3CD2659GB505465,1GRY981,27-03-2026,6,3.0,Black,Black Leather,Yes,Yes,Yes,Yes,Yes,WA,https://www.grays.com/lot/0001-9067366/motor-vehicles-motor-cycles/2015-holden-captiva-7-ltz-awd-cg-ii-automatic-7-seats-wagon,"Dents or marks on body consistent with age and kilometres.
Medium Scratch on Various panels
Paint fading on various panels",42,"$3,100",10 March 2026
2015,CITROEN,Grand,C4 Picasso Exclusive,Wagon,Automatic,Diesel,142704,7.0,VF73AAHXTFJ845382,1GDV798,Unregistered,4,2.0,Red,Multi,Yes,No,Yes,No,Yes,WA,https://www.grays.com/lot/0001-9067365/motor-vehicles-motor-cycles/2015-citroen-grand-c4-picasso-exclusive-turbo-diesel-automatic-wagon,"Dents or marks on body consistent with age and kilometres.
Airbag light ON
Other Warning light ON",82,"$5,700",10 March 2026
2008,TOYOTA,Hilux,(4x2) SR KUN16R Dual,Cab Chassis,Manual,Diesel,306295,5.0,MR0EZ12G104006458,1DDS303,Unregistered,4,3.0,White,Grey,Yes,Yes,Yes,Partial,Yes,WA,https://www.grays.com/lot/0001-9067364/motor-vehicles-motor-cycles/2008-toyota-hilux-4x2-sr-kun16r-turbo-diesel-manual-dual-cab,Dents or marks on body consistent with age and kilometres.,81,"$5,800",10 March 2026
2007,BMW,1,Series 120i E87,Hatchback,Automatic,Petrol,142170,5.0,WBAUD32050PF46921,No plates,Unregistered,4,2.0,Light Blue,Multi,Yes,Yes,Yes,Yes,Yes,SA,https://www.grays.com/lot/0001-60050318/motor-vehicles-motor-cycles/2007-bmw-1-series-120i-e87-automatic-hatchback,Please refer to the photos or arrange inspection to view the condition of this vehicle.,38,"$3,150",11 March 2026
2009,MITSUBISHI,Pajero,GLS NT,Wagon,Manual,Diesel,438382,7.0,JMFLNV98W9J000250,Unlicensed,Unregistered,4,3.2,Charcoal,Charcoal,Yes,Yes,Yes,Partial,Yes,WA,https://www.grays.com/lot/0001-9067363/motor-vehicles-motor-cycles/2009-mitsubishi-pajero-gls-nt-turbo-diesel-manual-7-seats-wagon,"Dents or marks on body consistent with age and kilometres.
Traction control light ON
Clutch needs replacing.",50,"$2,409",10 March 2026
2012,OPEL,Astra,SELECT PJ,Hatchback,Automatic,Petrol,164618,5.0,W0LPE6EJXD8012361,1EJV704,16-04-2026,4,1.6,Silver,Black,Yes,No,Yes,Partial,Yes,WA,https://www.grays.com/lot/0001-9067362/motor-vehicles-motor-cycles/2012-opel-astra-select-pj-automatic-hatchback,"Medium Dent on Front left quater panel
Dents or marks on body consistent with age and kilometres.
Hood Lining Sagging",23,"$2,300",10 March 2026
2014,MAZDA,Cx-5,Maxx Sport KE,Wagon,Automatic,Diesel,189467,5.0,JM0KE102100278244,1EUG764,21-05-2026,4,2.2,Dark Grey,Charcoal,Yes,Yes,Yes,Yes,Yes,WA,https://www.grays.com/lot/0001-9067359/motor-vehicles-motor-cycles/2014-mazda-cx-5-maxx-sport-ke-turbo-diesel-automatic-wagon,"Dents or marks on body consistent with age and kilometres.
Paint fading on various panels",131,"$7,900",10 March 2026
2012,NISSAN,Navara,4x4 ST-X550 D40 Dual,Cab Chassis,Automatic,Diesel,249248,5.0,VSKCAND40A0462146,1EBV583,Unregistered,6,3.0,Black,Black,Yes,No,No,No,Yes,WA,https://www.grays.com/lot/0001-9067353/motor-vehicles-motor-cycles/2012-nissan-navara-4x4-st-x550-d40-turbo-diesel-automatic-dual-cab,"Dents or marks on body consistent with age and kilometres.
Paint peeling Various panels
Medium Dent on Various panels
Seat Torn Driver’s
Windscreen Chipped or Cracked.
Medium Scuff on Various panels",150,"$9,200",10 March 2026
2019,TOYOTA,Hilux,4x4 SR GUN126R,Crew Cab Chassis,Automatic,Diesel,152860,5.0,MR0KA3CD101240997,1GZY167,24-03-2026,4,2.8,White,Grey,Yes,No,No,No,Yes,WA,https://www.grays.com/lot/0001-9067352/motor-vehicles-motor-cycles/2019-toyota-hilux-4x4-sr-gun126r-turbo-diesel-automatic-crew-cab-chassis,"Large Dent on Roof
Damaged Both headlights
Dents or marks on body consistent with age and kilometres.",183,"$18,900",10 March 2026
2006,AUDI,Q7,3.0 TDI quattro,Wagon,Automatic,Diesel,291030,7.0,WAUZZZ4L47D028499,1HBJ984,24-03-2026,6,3.0,Black,Black Leather,Yes,No,Yes,No,Yes,WA,https://www.grays.com/lot/0001-9067351/motor-vehicles-motor-cycles/2006-audi-q7-3-0-tdi-quattro-turbo-diesel-automatic-7-seats-wagon,"Radio Not Working
Reverse Camera Not Working
Airbag light ON
Windscreen Chipped or Cracked.
Paint peeling Boot
Front Seat worn driver side
Dents or marks on body consistent with age and kilometres.
Paint fading on various panels
Medium Scratch on various panels
Medium Dent on various panels",38,"$2,400",10 March 2026
2015,TOYOTA,Hilux,4x4 SR GUN126R,Crew Cab Chassis,Automatic,Diesel,243150,5.0,MR0KA3CD401188362,1EYP931,06-05-2026,4,2.8,White,Charcoal,Yes,Yes,Yes,Partial,Yes,WA,https://www.grays.com/lot/0001-9067350/motor-vehicles-motor-cycles/2015-toyota-hilux-4x4-sr-gun126r-turbo-diesel-automatic-crew-cab-chassis,"Dents or marks on body consistent with age and kilometres.
Medium Scuff on Various panels",131,"$15,500",10 March 2026
2006,SUBARU,Outback,2.5i B4A,Wagon,Manual,Petrol,294807,5.0,JF2BP9KKB7G053103,1CNG881,06-05-2026,4,2.5,Blue,Black Leather,Yes,No,Yes,Partial,Yes,WA,https://www.grays.com/lot/0001-9067349/motor-vehicles-motor-cycles/2006-subaru-outback-2-5i-b4a-manual-wagon,"Flat Battery. Jump start or towing required
Dash Torn or Cracked
Large Dent on Rear bumper
Damaged RH Taillight
Paint fading Various panels
Large Scratch on Various panels
Dents or marks on body consistent with age and kilometres.
Large Dent on rear bumper",10,$509,10 March 2026
2007,HOLDEN,Epica,CDXi EP,Sedan,Automatic,Petrol,215766,5.0,KL3LA69LJ7B086996,1CTH683,26-02-2026,6,2.5,Silver,Black Leather,Yes,No,Yes,Partial,Yes,WA,https://www.grays.com/lot/0001-9067346/motor-vehicles-motor-cycles/2007-holden-epica-cdxi-ep-automatic-sedan,"Dents or marks on body consistent with age and kilometres.
Engine Smoke visible
Medium Scuff on Left side all over
Airbag light ON
front Cracked bumper.
Paint fading various panels
Paint cracked front bumper",7,$700,10 March 2026
2002,FORD,Escape,XLS BA,Wagon,Automatic,Petrol,189926,5.0,JC0YU021721106862,1BFE756,13-04-2026,6,3.0,Red,Cream,Yes,Yes,Yes,Partial,Yes,WA,https://www.grays.com/lot/0001-9067345/motor-vehicles-motor-cycles/2002-ford-escape-xls-ba-automatic-wagon,"Dents or marks on body consistent with age and kilometres.
Paint fading Various panels
Medium Scratch on Various panels
Door Mirror Broken Left side",11,$709,10 March 2026
2008,LEXUS,Rx,RX350 SPORTS LUXURY GSU35R,Wagon,Automatic,Petrol,285545,5.0,JTJHK31U402857469,1CVQ821,24-09-2026,6,3.5,White,Cream Leather,Yes,No,Yes,Partial,Yes,WA,https://www.grays.com/lot/0001-9067343/motor-vehicles-motor-cycles/2008-lexus-rx-rx350-sports-luxury-gsu35r-automatic-wagon,Dents or marks on body consistent with age and kilometres.,40,"$3,500",10 March 2026
2008,FORD,Territory,TS SY,Wagon,Automatic,Petrol,184203,5.0,6FPAAAJGAT8R52638,Unlicensed,Unregistered,6,4.0,Dark Blue,Grey,Yes,No,Yes,Partial,Yes,WA,https://www.grays.com/lot/0001-9067336/motor-vehicles-motor-cycles/2008-ford-territory-ts-sy-automatic-wagon,"Dents or marks on body consistent with age and kilometres.
Paint fading Various panels
Door card Worn.
Hood Lining Sagging
Front Seat worn drivers",14,$909,10 March 2026
2010,HOLDEN,Ute,SV6 VE,Ute,Manual,Petrol,271610,2.0,6G1EK4EV7AL464958,Unlicensed,Unregistered,6,3.6,Green,Grey,Yes,No,Yes,No,Yes,WA,https://www.grays.com/lot/0001-9067335/motor-vehicles-motor-cycles/2010-holden-ute-sv6-ve-manual-ute,"Seat Torn Driver
Front Seat worn Both
Engine light ON
Airbag light ON
Paint peeling Various panels
Engine Oil Leak
Large Scuff on Various panels
Hood Lining Sagging
Dents or marks on body consistent with age and kilometres.
Medium Scratch on various panels",19,"$1,009",10 March 2026
2005,HONDA,Civic,GLi 7th Gen,Sedan,Manual,Petrol,189526,5.0,MRHES15505P020020,1BYJ386,21-04-2026,4,1.7,Maroon,Grey,Yes,No,Yes,Partial,Yes,WA,https://www.grays.com/lot/0001-9067334/motor-vehicles-motor-cycles/2005-honda-civic-gli-7th-gen-manual-sedan,"Windscreen Chipped or Cracked.
Paint fading Various panels
Paint cracked Rear bumper
Medium Scratch on various panels
Dents or marks on body consistent with age and kilometres.",44,"$2,500",10 March 2026
2017,MITSUBISHI,Triton,4X4 GLX+ L E MQ Dual,Cab Chassis,Manual,Diesel,209945,5.0,MMAJJKL10HH013070,No plates,Unregistered,4,2.4,Grey,Multi,Yes,No,Yes,Yes,Yes,SA,https://www.grays.com/lot/0001-60050315/motor-vehicles-motor-cycles/2017-mitsubishi-triton-4x4-glx-l-e-mq-turbo-diesel-manual-dual-cab,Please refer to the photos or arrange inspection to view the condition of this vehicle.,1,"$12,500",11 March 2026
2014,HYUNDAI,Genesis,SENSORY PACK DH,Sedan,Automatic,Petrol,158637,5.0,KMHGN41EMFU046604,No plates,Unregistered,6,3.8,Grey,Black Leather,Yes,No,Yes,Yes,Yes,SA,https://www.grays.com/lot/0001-60050306/motor-vehicles-motor-cycles/2014-hyundai-genesis-sensory-pack-dh-automatic-8-speed-sedan,Please refer to the photos or arrange inspection to view the condition of this vehicle.,119,"$11,300",11 March 2026
2009,ISUZU,D-max,4X2 LS Dual,Cab Chassis,Automatic,Diesel,244058,5.0,MPATFR85H9T100704,No plates,Unregistered,4,3.0,White,Multi,Yes,Yes,Yes,Yes,Yes,SA,https://www.grays.com/lot/0001-60050305/motor-vehicles-motor-cycles/2009-isuzu-d-max-4x2-ls-turbo-diesel-automatic-dual-cab,Please refer to the photos or arrange inspection to view the condition of this vehicle.,76,"$7,700",11 March 2026
2005,KIA,Carnival,LS,People Mover,Automatic,Petrol,265246,8.0,KNAMB763366048674,No plates,Unregistered,6,3.8,Silver,Multi,Yes,Yes,Yes,Yes,Yes,SA,https://www.grays.com/lot/0001-60050281/motor-vehicles-motor-cycles/2005-kia-carnival-ls-automatic-8-seats-people-mover,Please refer to the photos or arrange inspection to view the condition of this vehicle.,4,$309,11 March 2026
2005,HOLDEN,Viva,JF,Hatchback,Manual,Petrol,232599,5.0,KL3NF48BJ6K307476,No plates,Unregistered,4,1.8,Orange,Multi,Yes,Yes,Yes,Yes,Yes,SA,https://www.grays.com/lot/0001-60050280/motor-vehicles-motor-cycles/2005-holden-viva-jf-manual-hatchback,Please refer to the photos or arrange inspection to view the condition of this vehicle.,12,$909,11 March 2026
2017,HOLDEN,Trax,LT TJ,Wagon,Automatic,Petrol,122114,5.0,KL3BA7689HB167195,No plates,Unregistered,4,1.4,Dark Grey,Black,Yes,Yes,Yes,Partial,Yes,QLD,https://www.grays.com/lot/0001-50714915/motor-vehicles-motor-cycles/2017-holden-trax-lt-tj-automatic-wagon,"Dents or marks on body consistent with age and kilometres.
Front Seat worn both
Large Scuff on Front bumper",37,"$5,000",11 March 2026
2017,FORD,Ranger,XL 4X4 PX II,Cab Chassis,Manual,Diesel,243439,2.0,MNAUMAF50HW686343,No plates,Unregistered,5,3.2,White,Grey,Yes,Yes,Yes,Partial,Yes,QLD,https://www.grays.com/lot/0001-50714914/motor-vehicles-motor-cycles/2017-ford-ranger-xl-4x4-px-ii-turbo-diesel-manual-cab-chassis,"Dents or marks on body consistent with age and kilometres.
Seat Torn RHS
Large Dent on LHF guard plus door",131,"$9,100",11 March 2026
2011,LAND,Rover,Discovery 3.0 SDV6 HSE Series 4 TDl,Wagon,Automatic,Diesel,260987,7.0,SALLAAAF3BA592534,No plates,Unregistered,6,3.0,Gold,Tan Leather,Yes,No,Yes,Partial,Yes,QLD,https://www.grays.com/lot/0001-50714897/motor-vehicles-motor-cycles/2011-land-rover-discovery-3-0-sdv6-hse-series-4-tdl-auto-7-seats-wagon,"Windscreen Chipped or Cracked.
Front Seat worn Both
Dents or marks on body consistent with age and kilometres.
Door card Worn.
Back Seat Stains.
Hood Lining Sagging
Paint fading Bonnet",83,"$5,000",11 March 2026
2010,HYUNDAI,Ix35,ELITE AWD LM,Wagon,Automatic,Diesel,387986,5.0,KMHJU81VSBU214786,No plates,Unregistered,4,2.0,Green,Black,Yes,No,Yes,Partial,Yes,QLD,https://www.grays.com/lot/0001-50714877/motor-vehicles-motor-cycles/2010-hyundai-ix35-elite-awd-lm-turbo-diesel-automatic-wagon,"Dents or marks on body consistent with age and kilometres.
Hail damage visible.
Medium Scratch on Front bumper
Paint peeling Rear bumper and tailgate",22,"$2,009",11 March 2026
2007,FORD,Escape,XLT ZC,Wagon,Automatic,Petrol,184873,5.0,LFAYTZLNX72000999,No plates,Unregistered,4,2.3,Blue,Grey,Yes,No,No,No,Yes,QLD,https://www.grays.com/lot/0001-50714867/motor-vehicles-motor-cycles/2007-ford-escape-xlt-zc-automatic-wagon,"Seats and Upholstery: Fair
Controls and Dash: Fair
Paint & Panel: Poor
Exterior: Marks, dents and scratches, paint faded",9,$709,11 March 2026
2011,NISSAN,Navara,4x4 ST-X550 D40 Dual,Dual Cab,Automatic,Diesel,299167,5.0,VSKCAND40A0443491,No plates,Unregistered,6,3.0,Dark Grey,Black,Yes,No,No,No,Yes,QLD,https://www.grays.com/lot/0001-50714901/motor-vehicles-motor-cycles/2011-nissan-navara-4x4-st-x550-d40-turbo-diesel-automatic-dual-cab,"Front Seat Stains Front seats
Back Seat Stains.
Dents or marks on body consistent with age and kilometres.
Paint fading Various panels
Large Scratch on Front bumper, rear bumper, LHR guard, LHF LHR doors,
Large Dent on LHF LHR doors, LHR guard, RHR guard
Medium Scuff on RHR guard, tailgate, LHR guard
Seat Torn drivers seat",39,"$4,000",12 March 2026
2010,FORD,Mondeo,LX TDCi MB,Hatchback,Automatic,Diesel,138808,5.0,WF0EXXGBBEAT01643,No plates,Unregistered,4,2.0,Silver,Grey,Yes,No,Yes,Yes,Yes,QLD,https://www.grays.com/lot/0001-50714900/motor-vehicles-motor-cycles/2010-ford-mondeo-lx-tdci-mb-turbo-diesel-automatic-hatchback,"Other Warning light ON
Engine noise observed.
Dents or marks on body consistent with age and kilometres.
Front Seat worn Both
Seat Torn Rear middle,
Medium Scratch on Rear bumper",8,$609,12 March 2026
2005,SUBARU,Liberty,2.0i B4,Sedan,Automatic,Petrol,159325,5.0,JF1BL5KS56G021397,No plates,Unregistered,4,2.0,Black,Black,Yes,No,No,No,Yes,QLD,https://www.grays.com/lot/0001-50714866/motor-vehicles-motor-cycles/2005-subaru-liberty-2-0i-b4-automatic-sedan,"Interior: Cracking dashboard, Exterior:Unknown mechanical issues, Tilt tray requird for collection. Marks, dents & scratches., Engine & Mechanical: ABS Light On, Engine Light On",3,$209,11 March 2026
2008,MAZDA,Bt-50,DX B3000 Dual,Cab Chassis,Manual,Diesel,229113,5.0,MM0UNY0E300680791,No plates,Unregistered,4,3.0,White,Black,Yes,No,Yes,No,No,QLD,https://www.grays.com/lot/0001-50714865/motor-vehicles-motor-cycles/2008-mazda-bt-50-dx-b3000-turbo-diesel-manual-dual-cab,"Engine idling rough
Dents or marks on body consistent with age and kilometres.
Door card Worn.
Front Seat worn Driver
Flat Battery. Jump start or towing required
Reverse Camera Not Working
Radio Not Working
Engine Smoke visible
Paint fading Over vehicle",8,$709,11 March 2026
2009,PEUGEOT,308,XSE TURBO TOURING,Wagon,Automatic,Petrol,156074,5.0,VF34H5FTF55374068,No plates,Unregistered,4,1.6,Silver,Black,Yes,No,No,No,No,QLD,https://www.grays.com/lot/0001-50714864/motor-vehicles-motor-cycles/2009-peugeot-308-xse-turbo-touring-automatic-wagon,"Engine & Mechanical: Engine Light On, Gearbox require attention, oil mixed in the coolant, bonnet release requires attention, paint fading multiple panels, medium dents rhf and lhf guard, unknown mechanical issues and tilt tray required for attention",2,$109,11 March 2026
1999,ALFA,Romeo,156 V6 24V,Sedan,Automatic,Petrol,236332,5.0,ZAR93200000082497,No plates,Unregistered,6,2.5,White,Red Leather,Yes,No,No,No,Yes,QLD,https://www.grays.com/lot/0001-50714862/motor-vehicles-motor-cycles/1999-alfa-romeo-156-v6-24v-automatic-sedan,"Airbag light ON
Other Warning light ON
Front Seat Scratches Front seats
Flat Battery. Jump start or towing required
Dents or marks on body consistent with age and kilometres.
Windscreen Cracked
Engine idling rough",4,$209,11 March 2026
2005,AUDI,A6,2.4 C6,Sedan,CVT,Petrol,212843,5.0,WAUZZZ4F26N107754,No plates,Unregistered,6,2.4,Black,Black Leather,Yes,No,Yes,Yes,Yes,QLD,https://www.grays.com/lot/0001-50714861/motor-vehicles-motor-cycles/2005-audi-a6-2-4-c6-cvt-sedan,"Exterior: Marks, Dents & Scratches, paint fading multiple panels, front seats require attention, LH taillight broken, windscreen chipped Engine & Mechanical: Epc light on, intermitant stalling, flat battery, engine noise observed, gearbox boot requires attention, unknown mechanical issues, tilit tray required for collection",2,$109,11 March 2026
2013,HYUNDAI,Veloster,SR TURBO FS,Coupe,Automatic,Petrol,145264,4.0,KMHTC61EMDU176457,No plates,Unregistered,4,1.6,Red,Black Leather,Yes,No,No,No,No,QLD,https://www.grays.com/lot/0001-50714859/motor-vehicles-motor-cycles/2013-hyundai-veloster-sr-turbo-fs-automatic-coupe,"Door card Worn.
Front Seat worn Both seats
Seat Torn Driver seat
Hood Lining Sagging
Engine and EPS warning lights on, unknown mechanical issues
Dents or marks on body consistent with age and kilometres.Tilt tray required for collection, Flat Battery
Paint fading Multiple panels
Paint peeling Side mirrors
Large Dent on Rh rear guard",26,"$1,309",11 March 2026
1998,TOYOTA,Vienta,Grande MCV20R,Sedan,Automatic,Petrol,341573,5.0,6T153XK200X547044,No plates,Unregistered,6,3.0,Green,Brown,Yes,No,Yes,Yes,Yes,QLD,https://www.grays.com/lot/0001-50714857/motor-vehicles-motor-cycles/1998-toyota-vienta-grande-mcv20r-automatic-sedan,"Exterior: Marks, dents and scratches, Paint sun damaged and Faded. Interior Weather damaged. Mechanical: WIll not run without external battery connected, Flat Battery, Tilt Tray required for collection.",3,$209,11 March 2026
2010,VOLKSWAGEN,Passat,118 TSI 3C,Wagon,Automatic,Petrol,172781,5.0,WVWZZZ3CZAE121227,No plates,Unregistered,4,1.8,Silver,Black,Yes,No,No,No,Yes,QLD,https://www.grays.com/lot/0001-50714856/motor-vehicles-motor-cycles/2010-volkswagen-passat-118-tsi-3c-automatic-wagon,"Engine noise observed.
Flat Battery. Jump start or towing required
Engine lacks power
Engine idling rough
Engine light ON
Other Warning light ON
Dents or marks on body consistent with age and kilometres.",8,$409,11 March 2026
2000,MITSUBISHI,Pajero,GLS NM,Wagon,Automatic,Petrol,335098,7.0,JMFLYV75W1J005306,No plates,Unregistered,6,3.5,Black,Black Leather,Yes,No,Yes,No,Yes,QLD,https://www.grays.com/lot/0001-50714854/motor-vehicles-motor-cycles/2000-mitsubishi-pajero-gls-nm-automatic-7-seats-wagon,"Paint fading Various panels
Engine light ON
Engine idling rough
Driveline requires attention, recommend inspection by qualified third party
Flat Battery. Jump start or towing required
Windscreen Chipped or Cracked.
Seat Torn RHF
Front Seat worn LHF
Medium Dent on Roof
Rear Cracked bumper.
Paint peeling Bonnet
Hail damage visible.
Dents or marks on body consistent with age and kilometres.",7,$609,11 March 2026
2012,BMW,X3,xDrive 20i F25,Wagon,Automatic,Petrol,189419,5.0,WBAWX320200B25070,No plates,Unregistered,4,2.0,Black,Tan Leather,Yes,No,Yes,Yes,Yes,QLD,https://www.grays.com/lot/0001-50714880/motor-vehicles-motor-cycles/2012-bmw-x3-xdrive-20i-f25-automatic-8-speed-wagon,"Timing Chain requires replacement
Front Seat worn Both
Dents or marks on body consistent with age and kilometres.
Windscreen Chipped or Cracked.",32,"$2,600",10 March 2026
2001,TOYOTA,Hilux,Extra Cab 4X4,Ute,Manual,Diesel,320764,2.0,JTFWK726100005164,No plates,Unregistered,4,3.0,White,Grey,Yes,Yes,No,No,Yes,QLD,https://www.grays.com/lot/0001-50714849/motor-vehicles-motor-cycles/2001-toyota-hilux-extra-cab-4x4-manual-ute,Please refer to the photos or arrange inspection to view the condition of this vehicle.,24,"$3,100",10 March 2026
2011,SUZUKI,Grand,Vitara 2.4 JT,Wagon,Automatic,Petrol,214356,4.0,JSAJTAA4V00212677,No plates,Unregistered,4,2.4,Black,Black,Yes,No,Yes,Partial,Yes,QLD,https://www.grays.com/lot/0001-50714853/motor-vehicles-motor-cycles/2011-suzuki-grand-vitara-2-4-jt-automatic-wagon,"Dents or marks on body consistent with age and kilometres.
Medium Dent on LH door
Medium Scratch on RH door
Medium Scuff on LHR guard, LHR bumper
Paint fading Spare Tyre Cover",57,"$4,500",11 March 2026
2007,VOLKSWAGEN,Touareg,3.0 V6 TDI 7L,Wagon,Automatic,Diesel,226569,5.0,WVGZZZ7LZ8D048539,No plates,Unregistered,6,3.0,Black,Cream Leather,Yes,No,No,Partial,Yes,QLD,https://www.grays.com/lot/0001-50714841/motor-vehicles-motor-cycles/2007-volkswagen-touareg-3-0-v6-tdi-7l-turbo-diesel-automatic-wagon,"Flat Battery. Jump start or towing required
Windscreen Chipped or Cracked.
Door card Damaged.
Door Mirror Broken Right
Dents or marks on body consistent with age and kilometres.
Front Seat worn Broken damaged trim passenger side
Front Seat worn driver side",24,"$2,000",11 March 2026
2016,LAND,Rover,DISCOVERY SPORT TD4 180 SE TD 9,Wagon,Automatic,Diesel,157677,7.0,SALCA2ANXHH655059,No plates,Unregistered,4,2.0,White,Black Leather,Yes,Yes,Yes,Partial,Yes,QLD,https://www.grays.com/lot/0001-50714837/motor-vehicles-motor-cycles/2016-land-rover-discovery-sport-td4-180-se-td-9-auto-7-seats-wagon,"Dents or marks on body consistent with age and kilometres.
Other Warning light ON",66,"$9,200",11 March 2026
2012,TOYOTA,Prius-v,ZVW40R,Wagon,CVT,Hybrid,294831,7.0,JTDZS3EU403040112,No plates,Unregistered,4,1.8,Red,Black,Yes,No,Yes,Yes,Yes,QLD,https://www.grays.com/lot/0001-50714836/motor-vehicles-motor-cycles/2012-toyota-prius-v-zvw40r-cvt-7-seats-wagon,"Dents or marks on body consistent with age and kilometres.
Paint fading Spoiler
Medium Scratch on RHR door, RHR guard, Rear bumper, Boot Door, LHR guard, LHR door
Large Scuff on RH front bumper, LH front bumper, RHF guard, Rear bumper
Large Scratch on RHR guard, RHR door
Hail damage visible.
Medium Dent on RHR door",45,"$6,000",11 March 2026
2006,MITSUBISHI,Grandis,BA,People Mover,Automatic,Petrol,252934,7.0,JMFLRNA4W7Z000478,No plates,Unregistered,4,2.4,Grey,Black,Yes,Yes,Yes,No,Yes,QLD,https://www.grays.com/lot/0001-50714835/motor-vehicles-motor-cycles/2006-mitsubishi-grandis-ba-automatic-7-seats-people-mover,"Medium Scratch on Drivers Door
Dents or marks on body consistent with age and kilometres.
Body/panel damage LHR door and LHR guard
Medium Scuff on Rear bumper",6,$509,11 March 2026
1997,LAND,Rover,Discovery SE TDI,Wagon,Automatic,Diesel,327687,5.0,SALLJGMF3VA745675,No plates,Unregistered,4,2.5,White,Grey,Yes,No,Yes,Partial,Yes,QLD,https://www.grays.com/lot/0001-50714834/motor-vehicles-motor-cycles/1997-land-rover-discovery-se-tdi-turbo-diesel-automatic-wagon,"Engine Oil Leak
Dents or marks on body consistent with age and kilometres.
Front Seat worn Both
Windscreen Chipped or Cracked.
Back Seat worn.
Door card Worn.
Flat Battery. Jump start or towing required",15,"$1,600",11 March 2026
2015,MAZDA,Cx-5,Maxx Sport KE,Wagon,Automatic,Diesel,168465,5.0,JM0KE102200346042,No plates,Unregistered,4,2.2,White,Black,Yes,Yes,Yes,Yes,Yes,QLD,https://www.grays.com/lot/0001-50714813/motor-vehicles-motor-cycles/2015-mazda-cx-5-maxx-sport-ke-turbo-diesel-automatic-wagon,"Dents or marks on body consistent with age and kilometres.
Front Seat worn Both,
Large Dent on Rear bumper",105,"$8,200",11 March 2026
2015,MITSUBISHI,Triton,4X4 GLS MQ Dual,Dual Cab,Manual,Diesel,224205,5.0,MMAJJKL10GH009628,No plates,Unregistered,4,2.4,White,Black,Yes,Yes,Yes,No,Yes,QLD,https://www.grays.com/lot/0001-50714817/motor-vehicles-motor-cycles/2015-mitsubishi-triton-4x4-gls-mq-turbo-diesel-manual-dual-cab,"Seat Torn Rhf
Dents or marks on body consistent with age and kilometres.
Paint fading Various panels
Medium Dent on Lhr guard
Large Scuff on Rear bumper",151,"$10,100",10 March 2026
2014,FORD,Ranger,XL 4X4 PX Dual,Dual Cab,Automatic,Diesel,207550,5.0,MNAUMFF50EW265038,No plates,Unregistered,5,3.2,White,Black,Yes,No,Yes,Partial,Yes,QLD,https://www.grays.com/lot/0001-50714772/motor-vehicles-motor-cycles/2014-ford-ranger-xl-4x4-px-turbo-diesel-automatic-dual-cab,"Paint peeling Bonnet
Hail damage visible.
Seat Torn RHF
Medium Scuff on Front bumper
Body/panel damage LHR door
Medium Dent on LHR guard
Dents or marks on body consistent with age and kilometres.",58,"$7,500",10 March 2026
2016,MAZDA,Cx-5,Maxx Sport KE,Wagon,Automatic,Diesel,142347,5.0,JM0KE102200397933,No plates,Unregistered,4,2.2,Black,Black,Yes,No,Yes,Partial,Yes,QLD,https://www.grays.com/lot/0001-50714797/motor-vehicles-motor-cycles/2016-mazda-cx-5-maxx-sport-ke-turbo-diesel-automatic-wagon,"Dents or marks on body consistent with age and kilometres.
Front Seat worn RHF
Windscreen Chipped or Cracked.
Door card Worn.",81,"$7,600",11 March 2026
2013,MAZDA,Cx-5,Grand Touring KE,Wagon,Automatic,Diesel,112884,5.0,JM0KE102100201859,No plates,Unregistered,4,2.2,Black,Black Leather,Yes,No,Yes,No,Yes,QLD,https://www.grays.com/lot/0001-50714789/motor-vehicles-motor-cycles/2013-mazda-cx-5-grand-touring-ke-turbo-diesel-automatic-wagon,"Transmission Requires attention Strongly recommend inspection by qualified third party
Front Seat worn Both
Seat Torn RHF
Dents or marks on body consistent with age and kilometres.
Paint fading Bonnet,
Engine light ON",18,"$1,709",11 March 2026
2014,HYUNDAI,Ix35,SE FWD LM,Wagon,Automatic,Petrol,119171,5.0,TMAJU81FMFJ693503,No plates,Unregistered,4,2.0,Grey,Black Leather,Yes,Yes,Yes,Partial,Yes,QLD,https://www.grays.com/lot/0001-50714788/motor-vehicles-motor-cycles/2014-hyundai-ix35-se-fwd-lm-automatic-wagon,"Front Seat worn Rhf
Back Seat Stains.
Dents or marks on body consistent with age and kilometres.
Medium Scuff on RHR door
Paint fading Tailgate",93,"$6,900",11 March 2026
2005,VOLKSWAGEN,Golf,2.0 TDI Comfortline A5 TDl,Hatchback,Automatic,Diesel,210895,5.0,WVWZZZ1KZ5U015095,No plates,Unregistered,4,2.0,White,Black,Yes,No,No,No,Yes,QLD,https://www.grays.com/lot/0001-50714787/motor-vehicles-motor-cycles/2005-volkswagen-golf-2-0-tdi-comfortline-a5-tdl-auto-hatchback,"Hood Lining Sagging
Door card Worn.
Door Mirror Broken Right
Windscreen Chipped or Cracked.
Dents or marks on body consistent with age and kilometres.",22,"$1,809",11 March 2026
2016,JAGUAR,Xf,25T R-SPORT,Sedan,Automatic,Petrol,125105,5.0,SAJBB4AG8HCY28038,No plates,Unregistered,4,2.0,White,Black Leather,Yes,Yes,Yes,Partial,Yes,QLD,https://www.grays.com/lot/0001-50517839/motor-vehicles-motor-cycles/2016-jaguar-xf-25t-r-sport-automatic-8-speed-sedan,"Suspension requires attention
Dents or marks on body consistent with age and kilometres.
Front Cracked bumper.
Other Warning light ON",157,"$14,550",11 March 2026
2018,TOYOTA,Hilux,4x4 SR5 GUN126R Dual,Dual Cab,Automatic,Diesel,115916,5.0,MR0HA3CD500416434,2DX3MK,Unregistered,4,2.8,Black,Black,Yes,Yes,Yes,Partial,Yes,VIC,https://www.grays.com/lot/0001-21063962/motor-vehicles-motor-cycles/2018-toyota-hilux-4x4-sr5-gun126r-turbo-diesel-automatic-dual-cab,Dents or marks on body consistent with age and kilometres.,111,"$30,900",11 March 2026
2016,HOLDEN,Captiva,7 LTZ AWD CG II,Wagon,Automatic,Diesel,126122,7.0,KL3CD2669GB538787,1KO2QC,02-08-2026,4,2.2,White,Black Leather,Yes,No,No,No,Yes,VIC,https://www.grays.com/lot/0001-21063961/motor-vehicles-motor-cycles/2016-holden-captiva-7-ltz-awd-cg-ii-turbo-diesel-automatic-7-seats-wagon,"Dents or marks on body consistent with age and kilometres.
Paint peeling Peeling off painted chrome grill and trim",84,"$4,755",11 March 2026
2016,HOLDEN,Captiva,7 LTZ AWD CG II,Wagon,Automatic,Petrol,232363,7.0,KL3CD2659GB533607,1JI3TX,02-08-2026,6,3.0,Grey,Black Leather,Yes,No,Yes,Partial,Yes,VIC,https://www.grays.com/lot/0001-21063960/motor-vehicles-motor-cycles/2016-holden-captiva-7-ltz-awd-cg-ii-automatic-7-seats-wagon,Dents or marks on body consistent with age and kilometres.,52,"$4,509",11 March 2026
2014,SKODA,Octavia,ELEGANCE 103TSI NE,Sedan,Automatic,Petrol,187241,5.0,TMBBC9NE8F0078043,CJT217,14-04-2026,4,1.4,Red,Black Leather,Yes,No,Yes,No,Yes,VIC,https://www.grays.com/lot/0001-21063959/motor-vehicles-motor-cycles/2014-skoda-octavia-elegance-103tsi-ne-automatic-sedan,"Dents or marks on body consistent with age and kilometres.
Medium Scratch on Rear bumper",60,"$4,309",11 March 2026
2013,FORD,Mondeo,Zetec MC,Hatchback,Automatic,Petrol,152165,5.0,WF0EXXGBBEDP17026,No plates,Unregistered,4,2.0,Silver,Black,Yes,Yes,Yes,Partial,Yes,VIC,https://www.grays.com/lot/0001-21063956/motor-vehicles-motor-cycles/2013-ford-mondeo-zetec-mc-automatic-hatchback,"Medium Scratch on Around vehicle
Dents or marks on body consistent with age and kilometres.",52,"$4,419",11 March 2026
2011,HYUNDAI,Ix35,ELITE AWD LM,Wagon,Automatic,Diesel,237869,5.0,KMHJU81VSCU450647,ZHZ719,02-04-2026,4,2.0,Black,Black,Yes,Yes,Yes,No,Yes,VIC,https://www.grays.com/lot/0001-21063954/motor-vehicles-motor-cycles/2011-hyundai-ix35-elite-awd-lm-turbo-diesel-automatic-wagon,"Front Seat worn Drivers
Medium Scratch on Around vehicle",41,"$3,109",11 March 2026
2005,FORD,Territory,Ghia SX,Wagon,Automatic,Petrol,344511,7.0,6FPAAAJGAT5J97164,TIU728,08-05-2026,6,4.0,Silver,Grey,Yes,No,No,No,Yes,VIC,https://www.grays.com/lot/0001-21063953/motor-vehicles-motor-cycles/2005-ford-territory-ghia-sx-automatic-7-seats-wagon,"Medium Dents, Scratches Around vehicle
Paint fading Roof
Hood Lining Sagging",12,$950,11 March 2026
2007,HOLDEN,Berlina,VZ,Wagon,Automatic,Petrol,245211,5.0,6G1ZL84B36L929210,2EH80T,Unregistered,6,3.6,Blue,Grey,Yes,No,Yes,Partial,Yes,VIC,https://www.grays.com/lot/0001-21063952/motor-vehicles-motor-cycles/2007-holden-berlina-vz-automatic-wagon,"Seat Torn Drivers, Seats worn
Paint peeling Various Panels
Dents or marks on body consistent with age and kilometres.",15,"$1,109",11 March 2026
2010,MAZDA,3,Neo BL,Sedan,Automatic,Petrol,119275,5.0,JM0BL10F100200739,BJD808,23-02-2026,4,2.0,Grey,Black,Yes,Yes,Yes,Partial,Yes,VIC,https://www.grays.com/lot/0001-21063949/motor-vehicles-motor-cycles/2010-mazda-3-neo-bl-automatic-sedan,"Medium Scratch on Passenger door
Dents or marks on body consistent with age and kilometres.",92,"$6,810",11 March 2026
2012,HYUNDAI,I20,Active PB,Hatchback,Manual,Petrol,92901,5.0,MALBB51CLDM422073,ZEL045,24-07-2026,4,1.4,Red,Black,Yes,Yes,No,No,Yes,VIC,https://www.grays.com/lot/0001-21063948/motor-vehicles-motor-cycles/2012-hyundai-i20-active-pb-manual-hatchback,"Engine light ON
Airbag light ON
Paint fading Around vehicle
Medium Scratch on Around vehicle
Dents or marks on body consistent with age and kilometres.",18,"$1,609",11 March 2026
2012,FORD,Ranger,XL 4X2 PX Dual,Dual Cab,Manual,Petrol,148096,5.0,MNAUMFE30CW161738,1PG1JO,09-05-2026,4,2.5,Silver,Black,Yes,Yes,Yes,Partial,Yes,VIC,https://www.grays.com/lot/0001-21063946/motor-vehicles-motor-cycles/2012-ford-ranger-xl-4x2-px-manual-dual-cab,"Engine light ON
Engine idling rough
Medium Scuff on Around vehicle
Windscreen Chipped or Cracked.
Paint fading Roof",52,"$3,309",11 March 2026
2012,SUBARU,Impreza,2.0i-S G4,Sedan,CVT,Petrol,169951,5.0,JF1GJ7KC5CG004576,ZRB893,24-04-2026,4,2.0,Silver,Black Leather,Yes,Yes,Yes,No,Yes,VIC,https://www.grays.com/lot/0001-21063945/motor-vehicles-motor-cycles/2012-subaru-impreza-2-0i-s-g4-cvt-sedan,"Dents or marks on body consistent with age and kilometres.
Medium Scratch on Front passenger door",55,"$4,900",11 March 2026
2014,FORD,Fiesta,Ambiente WZ,Hatchback,Manual,Petrol,130005,5.0,MNB8XXARJ8EU34563,1CH8QF,01-08-2026,4,1.5,White,Grey,Yes,Yes,Yes,Partial,Yes,VIC,https://www.grays.com/lot/0001-21063944/motor-vehicles-motor-cycles/2014-ford-fiesta-ambiente-wz-manual-hatchback,"Dents or marks on body consistent with age and kilometres.
Large Scratch on Front right",45,"$3,509",11 March 2026
2011,MAZDA,3,SP25 BL,Sedan,Automatic,Petrol,259632,5.0,JM0BL10L200304849,YSB790,24-04-2026,4,2.5,Black,Black Leather,Yes,Yes,Yes,Partial,Yes,VIC,https://www.grays.com/lot/0001-21063943/motor-vehicles-motor-cycles/2011-mazda-3-sp25-bl-automatic-sedan,"Dents or marks on body consistent with age and kilometres.
Large Scratch, Medium Dent on Rear bumper
Paint fading Boot spoiler
Body/panel damage Rear left",41,"$3,609",11 March 2026
2014,FORD,Territory,TX SZ II,Wagon,Automatic,Diesel,305249,5.0,6FPAAAJGATER72761,EEC08G,Unregistered,6,2.7,Silver,Grey,Yes,Yes,Yes,Yes,Yes,VIC,https://www.grays.com/lot/0001-21063942/motor-vehicles-motor-cycles/2014-ford-territory-tx-sz-ii-turbo-diesel-automatic-wagon,"Windscreen Chipped or Cracked.
Dents or marks on body consistent with age and kilometres.
Large Scratch on Left rear quarter",31,"$2,200",11 March 2026
2008,MITSUBISHI,Outlander,LS ZG,Wagon,CVT,Petrol,268306,5.0,JMFXTCW5W8Z004329,WVI990,18-03-2026,4,2.4,Red,Black,Yes,No,Yes,Yes,Yes,VIC,https://www.grays.com/lot/0001-21063941/motor-vehicles-motor-cycles/2008-mitsubishi-outlander-ls-zg-cvt-wagon,"Paint peeling Around vehicle
Medium Scratch on Around vehicle
Dents or marks on body consistent with age and kilometres.",23,"$2,000",11 March 2026
2011,RENAULT,Koleos,Dynamique,Wagon,CVT,Petrol,139321,5.0,VF1VY0C02BC393849,391SK,30-11-2026,4,2.5,Silver,Black Leather,Yes,Yes,Yes,Partial,Yes,VIC,https://www.grays.com/lot/0001-21063940/motor-vehicles-motor-cycles/2011-renault-koleos-dynamique-cvt-wagon,"Seat Torn Drivers
Door Mirror Broken Passenger mirror indicator lens
Medium Scratch on Around vehicle",24,"$2,109",11 March 2026
2009,TOYOTA,Hiace,LWB KDH201R,Van,Automatic,Diesel,582602,3.0,JTFHT02P600047531,XHX874,29-10-2026,4,3.0,Silver,Grey,Yes,Yes,Yes,Partial,Yes,VIC,https://www.grays.com/lot/0001-21063939/motor-vehicles-motor-cycles/2009-toyota-hiace-lwb-kdh201r-turbo-diesel-automatic-van,"Seat Torn Driver seat
Medium Scratch on Around vehicle
Dents or marks on body consistent with age and kilometres.",67,"$5,600",11 March 2026
2008,MAZDA,6,Luxury Sports GH,Hatchback,Automatic,Petrol,274098,5.0,JM0GH105100111757,WXJ748,02-02-2027,4,2.5,Black,Grey,Yes,Yes,Yes,Partial,Yes,VIC,https://www.grays.com/lot/0001-21063938/motor-vehicles-motor-cycles/2008-mazda-6-luxury-sports-gh-automatic-hatchback,"Medium Scratch on Around vehicle
Medium Dent on Around vehicle
Engine light ON",40,"$2,709",11 March 2026
2014,SUBARU,Impreza,2.0i G4,Sedan,CVT,Petrol,175389,5.0,JF1GJ7KC5EG009602,1YR2SI,20-04-2026,4,2.0,White,Black Leather,Yes,No,Yes,Partial,Yes,VIC,https://www.grays.com/lot/0001-21063936/motor-vehicles-motor-cycles/2014-subaru-impreza-2-0i-g4-cvt-sedan,"Carpet worn in places.
Front Seat Marks Drivers
Door Mirror Broken Plastic trim broken off casing
Rear Cracked bumper.
Medium Scratch on Around vehicle
Dents or marks on body consistent with age and kilometres.",85,"$4,750",11 March 2026
2007,SAAB,9-3,LINEAR 1.9TiD,Convertible,Manual,Diesel,120840,4.0,YS3FB76W976103829,No Plates,Unregistered,4,1.9,Silver,Beige Leather,Yes,Yes,Yes,Yes,Yes,VIC,https://www.grays.com/lot/0001-21063935/motor-vehicles-motor-cycles/2007-saab-9-3-linear-1-9tid-turbo-diesel-manual-convertible,"Traction control light ON
Seat Torn Driver seat
Dents or marks on body consistent with age and kilometres.",14,$809,11 March 2026
2004,TOYOTA,Avensis,GLX ACM21R,People Mover,Automatic,Petrol,207344,7.0,JTEGD23B305083143,2BF2FH,20-01-2026,4,2.4,Silver,Multi,Yes,No,No,No,Yes,VIC,https://www.grays.com/lot/0001-21063933/motor-vehicles-motor-cycles/2004-toyota-avensis-glx-acm21r-automatic-7-seats-people-mover,"Windscreen Chipped or Cracked.
Paint fading Around vehicle
Medium Scratch on Around vehicle",35,"$2,300",11 March 2026
2017,LAND,Rover,Range Rover Evoque TD4 SE DYNAMIC 132KW T D 9,Wagon,Automatic,Diesel,131173,5.0,SALVA2AN5JH272032,COG636,28-04-2026,4,2.0,Black,Black Leather,Yes,No,Yes,Partial,Yes,VIC,https://www.grays.com/lot/0001-21063932/motor-vehicles-motor-cycles/2017-land-rover-range-rover-evoque-td4-se-dynamic-132kw-t-d-9-auto-wagon,"Dents or marks on body consistent with age and kilometres.
Medium Scratch on various panels
Medium Dent on various panels",142,"$13,600",11 March 2026
2002,TOYOTA,Camry,Altise ACV36R,Sedan,Automatic,Petrol,231392,5.0,6T153BK360X008621,STF532,09-06-2026,4,2.4,White,Grey,Yes,No,No,Partial,Yes,VIC,https://www.grays.com/lot/0001-21063931/motor-vehicles-motor-cycles/2002-toyota-camry-altise-acv36r-automatic-sedan,"Paint fading Around vehicle
Large Scratch, Scuff Around vehicle
Dents or marks on body consistent with age and kilometres.",29,"$2,109",11 March 2026
2010,MITSUBISHI,Outlander,LS ZH,Wagon,CVT,Petrol,246816,5.0,JMFXTCW5WAZ003774,XPP127,18-04-2026,4,2.4,White,Black,Yes,Yes,Yes,Partial,Yes,VIC,https://www.grays.com/lot/0001-21063921/motor-vehicles-motor-cycles/2010-mitsubishi-outlander-ls-zh-cvt-wagon,"Seat Torn Drivers
Carpet worn in places.
Paint cracked Front left fender
Medium Scratches Around vehicle
Dents or marks on body consistent with age and kilometres.",35,"$2,700",11 March 2026
2012,HOLDEN,Barina,Spark CD MJ,Hatchback,Manual,Petrol,148305,5.0,KL3MF48D9CC612005,ZTT653,01-07-2026,4,1.2,Blue,Grey,Yes,No,Yes,Yes,Yes,VIC,https://www.grays.com/lot/0001-21063920/motor-vehicles-motor-cycles/2012-holden-barina-spark-cd-mj-manual-hatchback,"Large Scuffs, Scratches Around vehicle
Cracked Brake light passenger side
Dents or marks on body consistent with age and kilometres.",26,"$1,409",11 March 2026
2022,HAVAL,H6,PREMIUM 2WD,Wagon,Automatic,Petrol,50704,5.0,LGWEF6A56PH927248,DNG544,20-04-2026,4,2.0,Blue,Black,Yes,No,Yes,No,Yes,VIC,https://www.grays.com/lot/0001-21063919/motor-vehicles-motor-cycles/2022-haval-h6-premium-2wd-automatic-wagon,"Medium Scratch on Around vehicle
Dents or marks on body consistent with age and kilometres.",160,"$13,900",11 March 2026
2016,AUDI,Q7,3.0 TDI Quattro,Wagon,Automatic,Diesel,146987,7.0,WAUZZZ4M4GD049619,BVS426,25-03-2026,6,3.0,Dark Blue,Black Leather,Yes,No,Yes,Yes,Yes,VIC,https://www.grays.com/lot/0001-21063924/motor-vehicles-motor-cycles/2016-audi-q7-3-0-tdi-quattro-4m-turbo-diesel-auto-8-speed-7-seats-wagon,"Other Warning light ON
Dents or marks on body consistent with age and kilometres.
Medium Scratch on Left passenger doors",61,"$13,000",10 March 2026
2007,MAZDA,Cx-7,Classic,Wagon,Automatic,Petrol,216037,5.0,JM0ER103100104149,UWD730,29-12-2026,4,2.3,Black,Black,Yes,No,Yes,No,Yes,VIC,https://www.grays.com/lot/0001-21063909/motor-vehicles-motor-cycles/2007-mazda-cx-7-classic-automatic-wagon,"Engine light ON
Carpet worn in places.
Engine Smoke visible
Dents or marks on body consistent with age and kilometres.
Medium Scratch on Around vehicle",12,"$1,109",10 March 2026
2011,FORD,Focus,Ambiente LW,Hatchback,Automatic,Petrol,162950,5.0,WF0KXXGCBKBJ32646,ZQW161,03-07-2026,4,1.6,Blue,Grey,Yes,Yes,No,Yes,Yes,VIC,https://www.grays.com/lot/0001-21063908/motor-vehicles-motor-cycles/2011-ford-focus-ambiente-lw-automatic-hatchback,Medium Scratch on Around vehicle,41,"$2,909",10 March 2026
2017,AUDI,A5,2.0 TFSI Quattro F5,Hatchback,Automatic,Petrol,96893,5.0,WAUZZZF50HA026749,No plates,Unregistered,4,2.0,Black,Black Leather,Yes,No,Yes,No,Yes,VIC,https://www.grays.com/lot/0001-21063907/motor-vehicles-motor-cycles/2017-audi-a5-2-0-tfsi-quattro-f5-automatic-hatchback,"Medium Scratch on Around vehicle
Damaged Rear reflector light
Dents or marks on body consistent with age and kilometres.",132,"$17,300",10 March 2026
2014,JEEP,Grand,Cherokee OVERLAND WK,Wagon,Automatic,Diesel,295702,5.0,1C4RJFGM8FC654896,1OT7CZ,05-03-2026,6,3.0,Grey,Black Leather,Yes,Yes,Yes,Yes,Yes,VIC,https://www.grays.com/lot/0001-21063918/motor-vehicles-motor-cycles/2014-jeep-grand-cherokee-overland-wk-turbo-diesel-automatic-8-speed-wagon,"Seat Torn Drivers
Windscreen Chipped
Paint peeling Bonnet
Medium Dent on Front and rear bumper",61,"$5,650",11 March 2026
2013,JEEP,Grand,Cherokee Laredo WK,Wagon,Automatic,Diesel,208720,5.0,1C4RJFEM5DC624853,ZSI683,29-04-2026,6,3.0,Blue,Black Leather,Yes,No,Yes,No,Yes,VIC,https://www.grays.com/lot/0001-21063917/motor-vehicles-motor-cycles/2013-jeep-grand-cherokee-laredo-wk-turbo-diesel-automatic-wagon,"Large Scuffs, Scratch Around vehicle
Driver Seat worn",60,"$5,009",11 March 2026
2012,NISSAN,Dualis,ST J10,Wagon,Manual,Petrol,234192,5.0,SJNFBAJ10A2559188,1LQ6XK,17-05-2026,4,2.0,Red,Grey,Yes,No,Yes,Partial,Yes,VIC,https://www.grays.com/lot/0001-21063915/motor-vehicles-motor-cycles/2012-nissan-dualis-st-j10-manual-wagon,"Large Scuffs, Scratches Around vehicle
Dents or marks on body consistent with age and kilometres.",34,"$2,009",11 March 2026
2014,HYUNDAI,I20,Active PB,Hatchback,Automatic,Petrol,109616,5.0,MALBB51CMFM661370,1CP6RC,22-05-2026,4,1.4,Blue,Black,Yes,Yes,Yes,Partial,Yes,VIC,https://www.grays.com/lot/0001-21063912/motor-vehicles-motor-cycles/2014-hyundai-i20-active-pb-automatic-hatchback,"Front seats stained
Medium Scratches, Paint Peeling Various Panels
Dents or marks on body consistent with age and kilometres.",75,"$6,200",11 March 2026
2013,MERCEDES,Benz,ML350 BlueTEC W166,Wagon,Automatic,Diesel,249342,5.0,WDC1660242A264342,AVH125,10-04-2026,6,3.0,Silver,Black Leather,Yes,Yes,No,No,Yes,VIC,https://www.grays.com/lot/0001-21063911/motor-vehicles-motor-cycles/2013-mercedes-benz-ml350-bluetec-w166-turbo-diesel-automatic-wagon,"Medium Scratches Around vehicle
Large Scuff on Front bumper
Dents or marks on body consistent with age and kilometres.",98,"$6,700",11 March 2026
2016,AUDI,Q7,3.0 TDI Quattro T,Wagon,Automatic,Diesel,167942,7.0,WAUZZZ4M9GD056498,No plates,Unregistered,6,3.0,White,Black Leather,Yes,Yes,Yes,Yes,Yes,VIC,https://www.grays.com/lot/0001-21063906/motor-vehicles-motor-cycles/2016-audi-q7-3-0-tdi-quattro-4m-t-diesel-automatic-8-speed-7-seats-wagon,"Windscreen Chipped or Cracked.
Dents or marks on body consistent with age and kilometres.
Transmission Requires attention Strongly recommend inspection by qualified third party",127,"$10,700",10 March 2026
2018,TOYOTA,Hilux,4X2 WORKMATE HI RIDE GUN122R Dual,Dual Cab,Automatic,Diesel,20658,5.0,MR0EB3DD700550151,1NM5RX,Unregistered,4,2.4,White,Grey,Yes,No,Yes,Partial,Yes,VIC,https://www.grays.com/lot/0001-21063895/motor-vehicles-motor-cycles/2018-toyota-hilux-4x2-workmate-hi-ride-gun122r-turbo-diesel-automatic-dual,"Impact damage Cracked bumper.
Medium Dent on passenger side
Corrosion visible on tray",148,"$19,801",11 March 2026
2015,HOLDEN,Cruze,CD JH,Hatchback,Automatic,Petrol,169775,5.0,6G1PD6EMXFL128203,1OK9IK,28/06/2026,4,1.8,White,Grey,Yes,No,No,No,Yes,VIC,https://www.grays.com/lot/0001-21063887/motor-vehicles-motor-cycles/2015-holden-cruze-cd-jh-automatic-hatchback,"Engine light ON
Medium Dent on Around vehicle
Dents or marks on body consistent with age and kilometres.
Large Scratch on Front bumper",16,"$1,509",11 March 2026
2015,FORD,Kuga,AMBIENTE FWD TF II,Wagon,Automatic,Petrol,128125,5.0,WF0AXXWPMAFE86785,No Plates,Unregistered,4,1.5,Orange,Grey,Yes,No,Yes,Yes,Yes,VIC,https://www.grays.com/lot/0001-21063886/motor-vehicles-motor-cycles/2015-ford-kuga-ambiente-fwd-tf-ii-automatic-wagon,Dents or marks on body consistent with age and kilometres.,38,"$4,700",11 March 2026
2014,JEEP,Cherokee,LIMITED 4X4 KL,Wagon,Automatic,Diesel,176928,5.0,1C4PJMHYXFW537364,ADM251,15-01-2026,4,2.0,Grey,Black Leather,Yes,Yes,Yes,Yes,Yes,VIC,https://www.grays.com/lot/0001-21063885/motor-vehicles-motor-cycles/2014-jeep-cherokee-limited-4x4-kl-turbo-diesel-automatic-wagon,Dents or marks on body consistent with age and kilometres.,86,"$6,895",11 March 2026
2012,AUDI,A4,2.0 TFSI quattro B8,Sedan,Automatic,Petrol,148405,5.0,WAUZZZ8K0DA130476,ZLD088,Unregistered,4,2.0,Black,Black Leather,Yes,Yes,Yes,Yes,Yes,VIC,https://www.grays.com/lot/0001-21063883/motor-vehicles-motor-cycles/2012-audi-a4-2-0-tfsi-quattro-b8-automatic-sedan,"Windscreen Chipped or Cracked.
Dents or marks on body consistent with age and kilometres.
Medium Scratch on Around vehicle",32,"$5,200",11 March 2026
2014,HOLDEN,Cruze,SRi Z SERIES JH,Hatchback,Automatic,Petrol,150443,5.0,6G1PE6EN1EL999110,1CN3AH,Unregistered,4,1.6,Blue,Black Leather,Yes,Yes,Yes,Yes,Yes,VIC,https://www.grays.com/lot/0001-21063880/motor-vehicles-motor-cycles/2014-holden-cruze-sri-z-series-jh-automatic-hatchback,"Large Scuff on Around vehicle
Medium Scratch on Around vehicle
Corrosion visible Around vehicle
Paint fading on various panels
Door Mirror Broken driver side
Dents or marks on body consistent with age and kilometres.",38,"$2,309",11 March 2026
2011,MAZDA,3,Neo BL,Hatchback,Automatic,Petrol,241126,5.0,JM0BL10F100222397,2EC6MT,28-12-2026,4,2.0,Blue,Black,Yes,Yes,Yes,Yes,Yes,VIC,https://www.grays.com/lot/0001-21063879/motor-vehicles-motor-cycles/2011-mazda-3-neo-bl-automatic-hatchback,"Paint cracked Around vehicle
Door Mirror Broken Both
Dents or marks on body consistent with age and kilometres.",43,"$3,109",11 March 2026
2014,FORD,Territory,TX SZ,Wagon,Automatic,Diesel,205868,5.0,6FPAAAJGATEJ63449,1OU6UE,15-05-2026,6,2.7,Silver,Black,Yes,No,Yes,Partial,Yes,VIC,https://www.grays.com/lot/0001-21063877/motor-vehicles-motor-cycles/2014-ford-territory-tx-sz-turbo-diesel-automatic-wagon,"Dents or marks on body consistent with age and kilometres.
Medium Scratch on Around vehicle
Dents or marks on body consistent with age and kilometres.
Other Warning light ON",49,"$3,100",11 March 2026
2014,MAZDA,6,Atenza GJ,Sedan,Automatic,Petrol,281246,5.0,JM0GJ103200201335,ADW327,30-03-2026,4,2.5,Red,Multi,Yes,Yes,Yes,Yes,Yes,VIC,https://www.grays.com/lot/0001-21063876/motor-vehicles-motor-cycles/2014-mazda-6-atenza-gj-automatic-sedan,"Front Seat worn Drivers
Door card Worn.
Front Cracked bumper.
Medium Dent on Around vehicle",82,"$5,900",11 March 2026
2014,HYUNDAI,Iload,Crew TQ,Van,Automatic,Diesel,208394,6.0,KMFWBX7KMEU652878,BIV883,28-03-2026,4,2.5,Black,Grey,Yes,No,Yes,Partial,Yes,VIC,https://www.grays.com/lot/0001-21063875/motor-vehicles-motor-cycles/2014-hyundai-iload-crew-tq-turbo-diesel-automatic-van,"Dents or marks on body consistent with age and kilometres.
Medium Scuff on Around vehicle
Medium Dent on Around vehicle
Paint peeling on various panels",87,"$5,900",11 March 2026
2013,FORD,Focus,Trend LW II,Hatchback,Automatic,Petrol,191955,5.0,MPB1XXMXB1DJ24175,1GO5QR,25-01-2027,4,2.0,Red,Black,Yes,No,Yes,Partial,Yes,VIC,https://www.grays.com/lot/0001-21063874/motor-vehicles-motor-cycles/2013-ford-focus-trend-lw-ii-automatic-hatchback,"Paint fading Around vehicle
Dents or marks on body consistent with age and kilometres.",25,"$2,209",11 March 2026
2013,FORD,Fiesta,Ambiente WZ,Hatchback,Automatic,Petrol,220905,5.0,MNB8XXARJ8DC16827,2DR2VT,24-10-2026,4,1.5,Silver,Black,Yes,No,Yes,Partial,Yes,VIC,https://www.grays.com/lot/0001-21063873/motor-vehicles-motor-cycles/2013-ford-fiesta-ambiente-wz-automatic-hatchback,"Carpet worn in places.
Medium Scratch on Around vehicle
Dents or marks on body consistent with age and kilometres.",27,"$2,409",11 March 2026
2012,HOLDEN,Cruze,CDX JH,Sedan,Automatic,Petrol,115182,5.0,6G1PE5E52CL647838,YZP609,16-02-2026,4,1.8,White,Black Leather,Yes,Yes,Yes,No,Yes,VIC,https://www.grays.com/lot/0001-21063872/motor-vehicles-motor-cycles/2012-holden-cruze-cdx-jh-automatic-sedan,"Large Scratches, Scuffs Around vehicle
Door Mirror Broken Passenger side mirror
Dents or marks on body consistent with age and kilometres.
Medium Dents, paint Fading on various panels",28,"$2,009",11 March 2026
2009,MAZDA,3,SP25 BL,Sedan,Automatic,Petrol,210773,5.0,JM0BL10L100115729,ABE791,Unregistered,4,2.5,Red,Black,Yes,Yes,Yes,Yes,Yes,VIC,https://www.grays.com/lot/0001-21063871/motor-vehicles-motor-cycles/2009-mazda-3-sp25-bl-automatic-sedan,"Front bumper Cracked bumper.
Paint fading Around vehicle
Medium Scuff on Around vehicle
Dents or marks on body consistent with age and kilometres.",38,"$3,409",11 March 2026
2005,VOLKSWAGEN,Golf,1.9 TDI Comfortline A5,Hatchback,Manual,Diesel,257444,5.0,WVWZZZ1KZ6U014840,UBB705,15-04-2026,4,1.9,Maroon,Black,Yes,No,No,No,Yes,VIC,https://www.grays.com/lot/0001-21063869/motor-vehicles-motor-cycles/2005-volkswagen-golf-1-9-tdi-comfortline-a5-turbo-diesel-manual-hatchback,"Other Warning light ON
Medium Scratch on Around vehicle
Paint peeling Around vehicle",14,"$1,209",11 March 2026
2003,LEXUS,Rx,330 SPORTS MCU38R,Wagon,Automatic,Petrol,302777,5.0,JTJHA31U600005915,No plates,Unregistered,6,3.3,Silver,Black Leather,Yes,No,No,Partial,Yes,VIC,https://www.grays.com/lot/0001-21063868/motor-vehicles-motor-cycles/2003-lexus-rx-330-sports-mcu38r-automatic-wagon,"Dents or marks on body consistent with age and kilometres.
Medium Scratch on Around vehicle
Dash Torn or Cracked
Front Seat worn both
Seat Torn Front passenger
Door Mirror Broken driver side
Paint fading on various panels",10,$909,11 March 2026
2013,VOLKSWAGEN,Golf,110TDi Highline A7,Hatchback,Automatic,Diesel,227862,5.0,WVWZZZAUZDP031253,2BK8GI,25-02-2026,4,2.0,White,Black,Yes,Yes,Yes,Yes,Yes,VIC,https://www.grays.com/lot/0001-21063858/motor-vehicles-motor-cycles/2013-volkswagen-golf-110tdi-highline-a7-turbo-diesel-automatic-hatchback,"Seat Torn Drivers
Windscreen Chipped or Cracked.
Medium Scuff on Around vehicle
Dents or marks on body consistent with age and kilometres.",60,"$4,009",11 March 2026
2008,LEXUS,Gs,300 SPORTS LUXURY GRS190R,Sedan,Automatic,Petrol,200450,5.0,JTHBH96S705059983,WKE054,23-05-2026,6,3.0,Blue,Tan Leather,Yes,Yes,Yes,Partial,Yes,VIC,https://www.grays.com/lot/0001-21063857/motor-vehicles-motor-cycles/2008-lexus-gs-300-sports-luxury-grs190r-automatic-sedan,"Large Scuff on Around vehicle
Dents or marks on body consistent with age and kilometres.
Corrosion visible Bonnet
Door Mirror Broken Driver side
Large Scratch on Around vehicle
Door Mirror Broken Passenger side",48,"$3,410",11 March 2026
2004,LEXUS,Rx,330 RX330 SPORTS MCU38R,Wagon,Automatic,Petrol,305274,5.0,JTJHA31U000058691,2DE9ZM,21-08-2026,6,3.3,Gold,Beige Leather,Yes,No,No,No,Yes,VIC,https://www.grays.com/lot/0001-21063856/motor-vehicles-motor-cycles/2004-lexus-rx-330-rx330-sports-mcu38r-automatic-wagon,"Medium Dent on Around vehicle
Medium Scratch on Around vehicle
Dash Torn or Cracked",24,"$1,509",11 March 2026
2012,HOLDEN,Cruze,CD JH,Hatchback,Automatic,Petrol,139259,5.0,6G1PD6E89CL641425,1ZI3WT,28-12-2025,4,1.4,Blue,Black,Yes,No,No,No,Yes,VIC,https://www.grays.com/lot/0001-21063866/motor-vehicles-motor-cycles/2012-holden-cruze-cd-jh-automatic-hatchback,"Dents or marks on body consistent with age and kilometres.
Medium Scratch on Around exterior
Paint cracked Rear bumper",15,"$1,209",10 March 2026
2011,FORD,Focus,Trend LW,Hatchback,Automatic,Petrol,137790,5.0,WF0KXXGCBKBJ25944,YTJ690,21-03-2026,4,2.0,White,Grey,Yes,No,Yes,Partial,Yes,VIC,https://www.grays.com/lot/0001-21063854/motor-vehicles-motor-cycles/2011-ford-focus-trend-lw-automatic-hatchback,"Dents or marks on body consistent with age and kilometres.
Medium Scratch on Left rear quarter and bumper",51,"$3,309",10 March 2026
2021,MAZDA,3,G20 TOURING BP,Sedan,Automatic,Petrol,184034,5.0,JM0BP2S7A01134122,1YE2FD,19-04-2026,4,2.0,Blue,Black Leather,Yes,Yes,No,Yes,Yes,VIC,https://www.grays.com/lot/0001-21063853/motor-vehicles-motor-cycles/2021-mazda-3-g20-touring-bp-automatic-sedan,Dents or marks on body consistent with age and kilometres.,224,"$13,100",10 March 2026
2010,MITSUBISHI,Lancer,ES CJ,Sedan,CVT,Petrol,232443,5.0,JMFSTCY4AAU009769,No plates,Unregistered,4,2.0,White,Black,Yes,Yes,Yes,Yes,Yes,VIC,https://www.grays.com/lot/0001-21063852/motor-vehicles-motor-cycles/2010-mitsubishi-lancer-es-cj-cvt-sedan,"Seat Torn Drivers
Dents or marks on body consistent with age and kilometres.
Medium Scratches Around vehicle",36,"$3,400",10 March 2026
2003,TOYOTA,Camry,Altise MCV36R,Sedan,Automatic,Petrol,294176,5.0,6T153XK360X278951,SDZ803,28-03-2026,6,3.0,Red,Grey,Yes,Yes,Yes,Partial,Yes,VIC,https://www.grays.com/lot/0001-21063850/motor-vehicles-motor-cycles/2003-toyota-camry-altise-mcv36r-automatic-sedan,"Medium Scratches, Paint Fading Around vehicle
Large Scuff on Around vehicle
Dents or marks on body consistent with age and kilometres.
Front Seats Stained",19,"$1,609",10 March 2026
2017,FORD,Escape,TITANIUM AWD ZG,Wagon,Automatic,Petrol,117136,5.0,WF0AXXWPMAHA40254,1QC7GB,22-11-2026,4,2.0,White,Black Leather,Yes,Yes,Yes,Yes,Yes,VIC,https://www.grays.com/lot/0001-21063845/motor-vehicles-motor-cycles/2017-ford-escape-titanium-awd-zg-automatic-wagon,Dents or marks on body consistent with age and kilometres.,120,"$12,200",10 March 2026
1997,PORSCHE,Boxster,986,Convertible,Automatic,Petrol,106531,2.0,WP0ZZZ98ZVS606964,No plates,Unregistered,6,2.7,Maroon,Beige Leather,Yes,Yes,Yes,Partial,Yes,VIC,https://www.grays.com/lot/0001-21063855/motor-vehicles-motor-cycles/1997-porsche-boxster-986-automatic-convertible,"Dents or marks on body consistent with age and kilometres.
Front Seat worn Drivers
Medium Scratch on Around vehicle",140,"$12,988",11 March 2026
2015,LAND,Rover,Range Rover Sport 3.0 TDV6 SE T D,Wagon,Automatic,Diesel,218886,5.0,SALWA2KE9GA638840,2EI8IB,Unregistered,6,3.0,Red,Black Leather,Yes,Yes,Yes,Yes - Online extract,Yes,VIC,https://www.grays.com/lot/0001-21063842/motor-vehicles-motor-cycles/2015-land-rover-range-rover-sport-3-0-tdv6-se-t-d-automatic-8-speed-wagon,Dents or marks on body consistent with age and kilometres.,210,"$16,000",10 March 2026
2011,HOLDEN,Commodore,Omega Omega VE,Wagon,Automatic,Petrol,221060,5.0,6G1EK8E57BL532801,ACA218,Unregistered,6,3.0,Red,Black,Yes,Yes,Yes,Yes,Yes,VIC,https://www.grays.com/lot/0001-21063841/motor-vehicles-motor-cycles/2011-holden-commodore-omega-omega-ve-automatic-wagon,"Medium Scratch on Around exterior
Dents or marks on body consistent with age and kilometres.
Front Cracked bumper.
Medium Scuff on Rear bumper
Paint peeling Front bumper
Large Dent on Bonnet",40,"$2,109",10 March 2026
2010,SUBARU,Liberty,2.5 GT PREMIUM B5,Wagon,Automatic,Petrol,246483,5.0,JF1BR9KV3AG010859,YAN599,Unregistered,4,2.5,Blue,Black Leather,Yes,No,Yes,Partial,Yes,VIC,https://www.grays.com/lot/0001-21063840/motor-vehicles-motor-cycles/2010-subaru-liberty-2-5-gt-premium-b5-automatic-wagon,"Seat Torn Passenger. Carpet worn in places.
Engine idling rough
Paint fading Bonnet scoop
Rear Cracked bumper.
Large Scratches, Paint Peeling Around vehicle
Body/panel damage Rear panel
Door card Worn.",16,"$1,209",10 March 2026
2009,MITSUBISHI,Outlander,LS ZG,Wagon,CVT,Petrol,305131,7.0,JMFXTCW5W9Z003765,XIL787,16-08-2026,4,2.4,Gold,Black,Yes,No,Yes,Yes,Yes,VIC,https://www.grays.com/lot/0001-21063839/motor-vehicles-motor-cycles/2009-mitsubishi-outlander-ls-zg-cvt-7-seats-wagon,"Front Seat Stains Passenger
Carpet worn in places.
Rear Cracked bumper.
Paint peeling Around vehicle
Damaged Left rear lower
Dents or marks on body consistent with age and kilometres.
Medium Scratch on various panels
Windscreen Chipped or Cracked.",12,"$1,109",10 March 2026
2007,LAND,Rover,Discovery 3 SE SERIES 3,Wagon,Automatic,Diesel,280346,7.0,SALLAAA137A441627,2CL3CV,29-12-2025,6,2.7,Silver,Black Leather,Yes,Yes,No,No,Yes,VIC,https://www.grays.com/lot/0001-21063838/motor-vehicles-motor-cycles/2007-land-rover-discovery-3-hse-series-3-turbo-diesel-auto-7-seats-wagon,"Dents or marks on body consistent with age and kilometres.
Door Handle Requires attention.
Medium Scratches Around vehicle",24,"$1,709",10 March 2026
2003,TOYOTA,Hilux,DBLE SR5 4X4 Dual,Cab Chassis,Manual,Diesel,572006,5.0,JTFDV696000016199,SHV095,25-04-2026,4,3.0,Blue,Multi,Yes,Yes,Yes,Yes,Yes,VIC,https://www.grays.com/lot/0001-21063837/motor-vehicles-motor-cycles/2003-toyota-hilux-dble-cab-sr5-4x4-turbo-diesel-manual-dual-cab,"Windscreen Chipped or Cracked.
Paint fading Around vehicle
Medium Scratch on Around vehicle
Dents or marks on body consistent with age and kilometres.",57,"$4,409",10 March 2026
2001,HOLDEN,Astra,CD TS,Sedan,Automatic,Petrol,117925,5.0,W0L0TGF6915219663,QYK998,16-04-2026,4,1.8,Silver,Charcoal,Yes,No,Yes,Partial,Yes,VIC,https://www.grays.com/lot/0001-21063836/motor-vehicles-motor-cycles/2001-holden-astra-cd-ts-automatic-sedan,"ABS light ON
Traction control light ON
Other Warning light ON
Medium Scuffs, Scratches and Paint fading Around vehicle
Windscreen Chipped or Cracked.
Hood Lining Sagging",14,$509,10 March 2026
2013,MITSUBISHI,Mirage,LS LA,Hatchback,CVT,Petrol,155243,5.0,MMAXTA03AEH008655,No plates,Unregistered,3,1.2,White,Black,Yes,No,Yes,Partial,Yes,VIC,https://www.grays.com/lot/0001-21063834/motor-vehicles-motor-cycles/2013-mitsubishi-mirage-ls-la-cvt-hatchback,Dents or marks on body consistent with age and kilometres.,50,"$3,709",10 March 2026
2008,MERCEDES,Benz,ML320CDI W164,Wagon,Automatic,Diesel,265610,5.0,WDC1641222A482838,No plates,Unregistered,6,3.0,Black,Black Leather,Yes,No,Yes,Partial,Yes,VIC,https://www.grays.com/lot/0001-21063833/motor-vehicles-motor-cycles/2008-mercedes-benz-ml320cdi-w164-turbo-diesel-automatic-wagon,"Controls inoperable Boot release, passenger window button drivers side panel,
Engine Smoke visible
Dents or marks on body consistent with age and kilometres.",24,"$1,500",10 March 2026
2019,TOYOTA,Camry,Ascent Sport ASV70R,Sedan,Automatic,Petrol,174386,5.0,JTNBF3HK403032443,1PE9ZV,23-10-2026,4,2.5,White,Black,Yes,Yes,Yes,Partial,Yes,VIC,https://www.grays.com/lot/0001-21063827/motor-vehicles-motor-cycles/2019-toyota-camry-ascent-sport-asv70r-automatic-sedan,"Medium Scratch on Around vehicle
Medium Dent on Around vehicle
Corrosion visible Roof",170,"$15,500",11 March 2026
2017,HONDA,Hr-v,VTi-L,Wagon,CVT,Petrol,53976,5.0,MRHRU5870HP062172,No plates,Unregistered,4,1.8,Black,Black Leather,Yes,Yes,Yes,Partial,Yes,VIC,https://www.grays.com/lot/0001-21063831/motor-vehicles-motor-cycles/2017-honda-hr-v-vti-l-cvt-wagon,"Dents or marks on body consistent with age and kilometres.
Front Seat worn driver side
Medium Scratch on various panels
Medium Dent on various panels",59,"$12,600",10 March 2026
2015,NISSAN,Pathfinder,ST R52,Wagon,CVT,Petrol,227039,7.0,5N1AR2MNXFC696932,AFX810,24-03-2026,6,3.5,Grey,Black,Yes,No,Yes,Partial,Yes,VIC,https://www.grays.com/lot/0001-21063825/motor-vehicles-motor-cycles/2015-nissan-pathfinder-st-r52-cvt-7-seats-wagon,"Dents or marks on body consistent with age and kilometres.
Medium Scratch on Around vehicle
Windscreen Chipped or Cracked.",43,"$3,950",10 March 2026
2017,NISSAN,Navara,4X2 ST-X SERIES 2 Dual,Dual Cab,Manual,Diesel,180924,5.0,MNTCB2D23A0007405,AMW501,16-06-2026,4,2.3,Black,Black Leather,Yes,Yes,Yes,Yes,Yes,VIC,https://www.grays.com/lot/0001-21063824/motor-vehicles-motor-cycles/2017-nissan-navara-4x2-st-x-series-2-turbo-diesel-manual-dual-cab,"Medium Scratch on Around vehicle
Corrosion visible Boot/tray
Front Seat worn driver side
Damaged Tail light",65,"$13,700",10 March 2026
2015,AUDI,Q7,3.0 TDI Quattro TD AT,Wagon,Automatic,Diesel,165790,7.0,WAUZZZ4M9GD030676,AGX370,15-02-2026,6,3.0,White,Black Leather,Yes,Yes,Yes,Yes,Yes,VIC,https://www.grays.com/lot/0001-21063823/motor-vehicles-motor-cycles/2015-audi-q7-3-0-tdi-quattro-4m-td-at-8-speed-7-seats-wagon,"Tyre pressure light on.
Seat Torn Drivers
Dents or marks on body consistent with age and kilometres.",188,"$14,150",10 March 2026
2013,FORD,Territory,TS SZ,Wagon,Automatic,Diesel,280263,7.0,6FPAAAJGATDK48679,1AF7WJ,15-11-2026,6,2.7,Silver,Black,Yes,Yes,Yes,Partial,Yes,VIC,https://www.grays.com/lot/0001-21063822/motor-vehicles-motor-cycles/2013-ford-territory-ts-sz-turbo-diesel-automatic-7-seats-wagon,"Dents or marks on body consistent with age and kilometres.
Medium Scratch on Around vehicle
Paint peeling Front right quarter panel
Door card Worn.",51,"$3,009",10 March 2026
2011,FORD,Territory,TX SZ,Wagon,Automatic,Diesel,271087,5.0,6FPAAAJGATBY38660,AMA283,26-04-2026,6,2.7,White,Black,Yes,Yes,No,No,Yes,VIC,https://www.grays.com/lot/0001-21063821/motor-vehicles-motor-cycles/2011-ford-territory-tx-sz-turbo-diesel-automatic-wagon,"Dents or marks on body consistent with age and kilometres.
Large Dent on Around vehicle
Large Scratch on Around vehicle
Door card Worn.",21,"$2,009",10 March 2026
2011,BMW,X5,xDrive 30d E70 LCI,Wagon,Automatic,Diesel,211256,5.0,WBAZW42000L790115,YVA552,28-05-2026,6,3.0,Black,Beige Leather,Yes,Yes,Yes,Partial,Yes,VIC,https://www.grays.com/lot/0001-21063820/motor-vehicles-motor-cycles/2011-bmw-x5-xdrive-30d-e70-lci-turbo-diesel-automatic-8-speed-wagon,"Rear bumper Cracked bumper.
Large Scuff on Around vehicle
Dents or marks on body consistent with age and kilometres.",78,"$5,409",10 March 2026
2009,KIA,Sportage,EX KM,Wagon,Automatic,Petrol,222136,5.0,KNAKH812MA7724125,XRF652,15-04-2026,4,2.0,Grey,Multi,Yes,No,No,No,Yes,VIC,https://www.grays.com/lot/0001-21063819/motor-vehicles-motor-cycles/2009-kia-sportage-ex-km-automatic-wagon,"Seat Torn Drivers
Seat Torn Drivers
Damaged Rhr
Damaged Rhr
Medium Scratch on Around vehicle
Medium Scratch on Around vehicle",25,"$2,409",10 March 2026
2011,TOYOTA,Corolla,Ascent ZRE152R,Hatchback,Automatic,Petrol,257738,5.0,JTNKU56E101163260,YOF042,11-08-2026,4,1.8,Blue,Black,Yes,No,Yes,No,Yes,VIC,https://www.grays.com/lot/0001-21063818/motor-vehicles-motor-cycles/2011-toyota-corolla-ascent-zre152r-automatic-hatchback,"Engine noise observed.
Front Seat torn Both
Back Seat Stains and torn.
Carpet worn in places.
Large Scratch on Around vehicle
Large Dent on Around vehicle
Dents or marks on body consistent with age and kilometres.
Paint fading Around vehicle
Large Scuff on Around vehicle",48,"$3,109",10 March 2026
2011,BMW,3,Series 320i EXEC. E90,Sedan,Automatic,Petrol,198963,5.0,WBAPG56040NN54639,No plates,Unregistered,4,2.0,Black,Beige Leather,Yes,No,Yes,Partial,Yes,VIC,https://www.grays.com/lot/0001-21063817/motor-vehicles-motor-cycles/2011-bmw-3-series-320i-exec-e90-automatic-sedan,"ABS light ON
Traction control light ON
Front Seat Stains Both
Medium Scratch on Around vehicle
Dents or marks on body consistent with age and kilometres.",7,"$3,300",10 March 2026
2013,HYUNDAI,Veloster,SR TURBO FS,Coupe,Manual,Petrol,178221,4.0,KMHTC61ELEU188634,CSY45J,30-01-2026,4,1.6,Grey,Black,Yes,No,Yes,Partial,Yes,NSW,https://www.grays.com/lot/0001-10352940/motor-vehicles-motor-cycles/2013-hyundai-veloster-sr-turbo-fs-manual-coupe,"Large Scratch on Front bumper bar
Paint fading Rear spoiler
Airbag light ON",64,"$4,810",10 March 2026
2008,TOYOTA,Kluger,4X2 KX-R GSU40R,Wagon,Automatic,Petrol,259899,7.0,JTEDS41A402069820,No plates,Unregistered,6,3.5,Grey,Black,Yes,Yes,Yes,Partial,Yes,NSW,https://www.grays.com/lot/0001-10352939/motor-vehicles-motor-cycles/2008-toyota-kluger-4x2-kx-r-gsu40r-automatic-7-seats-wagon,"Large Dent on Passenger side rear door
Rear Cracked bumper.
Large Scratch on Bumper bars, driver side rear door, passenger side rear quarter panel, passenger side front guard
Paint peeling Rear spoiler
Windscreen Chipped or Cracked.",37,"$3,200",10 March 2026
2015,MITSUBISHI,Triton,4X4 GLX MN Dual,Dual Cab,Manual,Diesel,280801,5.0,MMAJNKB40FD034851,1FF9AR,23-03-2026,4,2.5,White,Multi,Yes,Yes,No,No,Yes,VIC,https://www.grays.com/lot/0001-21063812/motor-vehicles-motor-cycles/2015-mitsubishi-triton-4x4-glx-mn-turbo-diesel-manual-dual-cab,"Seat Torn Drivers
Medium Scratch on Around vehicle
Hail damage visible.
Dents or marks on body consistent with age and kilometres.",71,"$4,709",10 March 2026
2014,RENAULT,Clio,RS 200 SPORT,Hatchback,Automatic,Petrol,129205,5.0,VF15R4M0EE0703480,1CB2FA,15-07-2026,4,1.6,Black,Black Leather,Yes,Yes,Yes,Yes,Yes,VIC,https://www.grays.com/lot/0001-21063811/motor-vehicles-motor-cycles/2014-renault-clio-rs-200-sport-automatic-hatchback,"Other Warning light ON
Door card Worn.
Flat Battery. Jump start or towing required
Medium Scratch on Around vehicle",74,"$7,300",10 March 2026
2008,HOLDEN,Caprice,WM,Sedan,Automatic,Petrol,409216,5.0,6G1MZ55H49L158190,2DO9AM,12-05-2026,8,6.0,Grey,Black Leather,Yes,Yes,Yes,Partial,Yes,VIC,https://www.grays.com/lot/0001-21063798/motor-vehicles-motor-cycles/2008-holden-caprice-wm-automatic-sedan,"Front and Back Seat Stains. Seat Torn Passenger seat
Medium Scratch, Paint Peeling Around vehicle",44,"$2,975",10 March 2026
2012,KIA,Sportage,Platinum SL,Wagon,Automatic,Diesel,147527,5.0,KNAPC813SD7354909,ZEJ623,12-10-2026,4,2.0,Blue,Black Leather,Yes,Yes,Yes,Yes,Yes,VIC,https://www.grays.com/lot/0001-21063794/motor-vehicles-motor-cycles/2012-kia-sportage-platinum-sl-turbo-diesel-automatic-wagon,"Medium Scratch on Around vehicle
Windscreen Chipped or Cracked.
Dents or marks on body consistent with age and kilometres.",95,"$7,002",10 March 2026
2009,NISSAN,Elgrand,,People Mover,Automatic,Petrol,116483,8.0,6U900000E51300162,No plates,Unregistered,6,3.5,Silver,Grey,Yes,No,No,Yes,Yes,NSW,https://www.grays.com/lot/0001-10352932/motor-vehicles-motor-cycles/2009-nissan-elgrand-automatic-8-seats-people-mover,"Engine noise observed.
Front Seat worn Drivers seat
Paint fading Guard mirror
Large Scratch on Passenger sliding door, rear bar and front bar
Medium Dent on Tailgate
Damaged Drivers tail light
Door Mirror Broken Drivers mirror cracked and loose
Hail damage visible.
Transmission Requires attention Strongly recommend inspection by qualified third party",18,"$1,109",11 March 2026
2019,HONDA,Civic,VTi-L 10TH GEN,Sedan,CVT,Petrol,97571,5.0,MRHFC1660KT070381,FTW63A,Unregistered,4,1.5,Grey,Black,Yes,No,No,No,Yes,NSW,https://www.grays.com/lot/0001-10352927/motor-vehicles-motor-cycles/2019-honda-civic-vti-l-10th-gen-cvt-sedan,"Rear Cracked bumper.
Large Dent on Passenger side cant rail, bootlid
Door Mirror Broken Passenger side
Engine light ON
Traction control light ON
Other Warning light ON
Large Scratch on Passenger side lower sill skirt",139,"$12,400",11 March 2026
2021,TOYOTA,Rav,4 AWD CRUISER HYBRID AXAH54R,Wagon,Automatic,Petrol,133500,5.0,JTMDW3FV40D099726,1TF6NE,Unregistered,4,2.5,White,Black,Yes,No,No,Yes,Yes,VIC,https://www.grays.com/lot/0001-21063816/motor-vehicles-motor-cycles/2019-toyota-rav-4-awd-cruiser-hybrid-axah54r-auto-wagon-ex-gov,Please refer to the photos or arrange inspection to view the condition of this vehicle.,217,"$28,601",12 March 2026
2012,OPEL,Astra,SELECT PJ,Hatchback,Automatic,Petrol,152327,5.0,W0LPE6EJ3D8015845,1YM4LK,30-05-2026,4,1.6,Red,Black,Yes,Yes,Yes,Partial,Yes,VIC,https://www.grays.com/lot/0001-21063797/motor-vehicles-motor-cycles/2012-opel-astra-select-pj-automatic-hatchback,Dents or marks on body consistent with age and kilometres.,43,"$2,909",12 March 2026
2012,AUDI,Q3,2.0 TFSI Quattro 8U,Wagon,Automatic,Petrol,168773,5.0,WAUZZZ8U0DR004296,ZJA850,24-09-2026,4,2.0,Grey,Black Leather,Yes,Yes,Yes,Yes,Yes,VIC,https://www.grays.com/lot/0001-21063793/motor-vehicles-motor-cycles/2012-audi-q3-2-0-tfsi-quattro-8u-automatic-wagon,Dents or marks on body consistent with age and kilometres.,85,"$6,800",10 March 2026
2011,VOLVO,Xc90,3.2 R-Design,Wagon,Automatic,Petrol,137695,7.0,YV1CT9556C1627203,YUB291,13-01-2027,6,3.2,Silver,Black Leather,Yes,Yes,Yes,Yes,Yes,VIC,https://www.grays.com/lot/0001-21063792/motor-vehicles-motor-cycles/2011-volvo-xc90-3-2-r-design-automatic-7-seats-wagon,"Dents or marks on body consistent with age and kilometres.
Seat Torn Drivers
Other Warning light ON",34,"$2,700",10 March 2026
2018,TOYOTA,Kluger,4X2 GX GSU50R,Wagon,Automatic,Petrol,160020,7.0,5TDZZ3FH40S296732,AZJ242,29-03-2026,6,3.5,Grey,Grey,Yes,Yes,Yes,Yes,Yes,VIC,https://www.grays.com/lot/0001-21063784/motor-vehicles-motor-cycles/2018-toyota-kluger-4x2-gx-gsu50r-automatic-8-speed-7-seats-wagon,"Windscreen Chipped or Cracked.
Medium Scratch on Around vehicle",206,"$19,400",10 March 2026
2014,JEEP,Cherokee,LIMITED 4X4 KL 9,Wagon,Automatic,Petrol,296810,5.0,1C4PJMHS1FW597903,DKA54D,11-10-2026,6,3.2,Grey,Black,Yes,Yes,Yes,Partial,Yes,NSW,https://www.grays.com/lot/0001-10352938/motor-vehicles-motor-cycles/2014-jeep-cherokee-limited-4x4-kl-9-auto-wagon,"Hail damage visible.
Large Scratch on Bumper bars
Large Dent on Passenger side rear door
Engine noise observed.
Other Warning light ON",39,"$2,000",10 March 2026
2012,MAZDA,Cx-5,Maxx Sport KE,Wagon,Automatic,Diesel,268585,5.0,JM0KE102100135554,CJS44E,Unregistered,4,2.2,Red,Black,Yes,Yes,Yes,Partial,Yes,NSW,https://www.grays.com/lot/0001-10352936/motor-vehicles-motor-cycles/2012-mazda-cx-5-maxx-sport-ke-turbo-diesel-automatic-wagon,"Large Dent on Passenger side front guard
Door Mirror Broken Passenger side
Paint peeling Rear spoiler, bonnet, roof, passenger side cant rail
Medium Dent on Bumper bars, tailgate
Seat Torn Drivers seat
Other Warning light ON",44,"$3,509",10 March 2026
2009,RENAULT,Koleos,Privilege,Wagon,CVT,Petrol,142424,5.0,VF1VY0C0V9C296121,BNI22T,Unregistered,4,2.5,White,Grey,Yes,Yes,Yes,Partial,Yes,NSW,https://www.grays.com/lot/0001-10352935/motor-vehicles-motor-cycles/2009-renault-koleos-privilege-cvt-wagon,"Large Dent on Tailgate
Seat Torn Drivers seat
Windscreen Chipped or Cracked.",28,"$2,409",10 March 2026
2019,MG,Mg3,CORE,Hatchback,Automatic,Petrol,79611,5.0,LSJZ14U93KS018163,YJE53Q,Unregistered,4,1.5,Silver,Black,Yes,No,Yes,Yes,Yes,NSW,https://www.grays.com/lot/0001-10352934/motor-vehicles-motor-cycles/2019-mg-mg3-core-automatic-hatchback-79-611kms,Medium Dent on Roof,47,"$6,000",10 March 2026
2013,GREAT,Wall,X200 4X4,Wagon,Automatic,Diesel,175555,5.0,LGWFFEA51DB656080,DF56KA,Unregistered,4,2.0,Blue,Black,Yes,No,Yes,Partial,Yes,NSW,https://www.grays.com/lot/0001-10352933/motor-vehicles-motor-cycles/2013-great-wall-x200-4x4-turbo-diesel-automatic-wagon,"Large Dent on Driver side front guard, driver side rear quarter panel,
Paint fading Roof, bonnet, mirrors
Paint peeling Bumper bars, rear spoiler
Corrosion visible Engine bay, driver side rear quarter panel
Hail damage visible.
Engine light ON
Engine lacks power
Hood Lining Sagging
Damaged Blinker lense on drivers door mirror
Other Warning light ON",8,$810,10 March 2026
2016,LAND,Rover,Range Rover Sport 3.0 V6SC HST,Wagon,Automatic,Petrol,105788,5.0,SALWA2VE0GA121437,FZC87D,Unregistered,6,3.0,Black,Black,Yes,Yes,Yes,Partial,Yes,NSW,https://www.grays.com/lot/0001-10352925/motor-vehicles-motor-cycles/2016-land-rover-range-rover-sport-3-0-v6sc-hst-automatic-8-speed-wagon,Please refer to the photos or arrange inspection to view the condition of this vehicle.,303,"$36,750",10 March 2026
2019,SUBARU,Outback,2.5i Premium B6A,Wagon,CVT,Petrol,140000,5.0,JF2BS9KC2KG123213,No plates,Unregistered,4,2.5,Black,Grey,Yes,No,No,Yes,Yes,VIC,https://www.grays.com/lot/0001-21063804/motor-vehicles-motor-cycles/2019-subaru-outback-2-5i-premium-b6a-cvt-wagon-ex-gov,"Please refer to the photos or arrange inspection to view the condition of this vehicle.
Scratches to right hand guard",86,"$14,600",12 March 2026
2009,SUBARU,Tribeca,3.6R B9,Wagon,Automatic,Petrol,208185,7.0,4S4WXFKU59S026333,ZEV578,Unregistered,6,3.6,Silver,Black Leather,Yes,Yes,Yes,Yes,Yes,VIC,https://www.grays.com/lot/0001-21063810/motor-vehicles-motor-cycles/2009-subaru-tribeca-3-6r-b9-automatic-7-seats-wagon,"Seat Torn Drivers
Windscreen Chipped or Cracked.
Dents or marks on body consistent with age and kilometres.",32,"$3,100",10 March 2026
2009,TOYOTA,Landcruiser,Prado GXL KDJ120R AT,Wagon,Automatic,Diesel,235194,8.0,JTEBZ29J900197171,No plates,Unregistered,4,3.0,Silver,Grey,Yes,Yes,Yes,Yes,Yes,VIC,https://www.grays.com/lot/0001-21063809/motor-vehicles-motor-cycles/2009-toyota-landcruiser-prado-gxl-kdj120r-turbo-diesel-at-8-seats-wagon,"Rear Cracked bumper.
Medium Scratch on Around vehicle",217,"$17,200",10 March 2026
2014,MERCEDES,Benz,GL-CLASS GL350 BlueTEC X166 T D,Wagon,Automatic,Diesel,254324,7.0,WDC1668242A355310,1BB1MA,20-03-2026,6,3.0,Black,Black Leather,Yes,No,No,Partial,Yes,VIC,https://www.grays.com/lot/0001-21063799/motor-vehicles-motor-cycles/2014-mercedes-benz-gl-class-gl350-bluetec-x166-t-d-auto-7-seats-wagon,"Dents or marks on body consistent with age and kilometres.
Large Scratch on Left rear passenger door",140,"$10,100",10 March 2026
2009,MINI,Cooper,R56,Hatchback,Automatic,Petrol,138606,4.0,WMWMF32020TW25395,2AJ7DZ,04-03-2026,4,1.6,Green,Black,Yes,Yes,Yes,Partial,Yes,VIC,https://www.grays.com/lot/0001-21063791/motor-vehicles-motor-cycles/2009-mini-cooper-r56-automatic-hatchback,Dents or marks on body consistent with age and kilometres.,46,"$2,509",10 March 2026
2010,HOLDEN,Cruze,CDX JG,Sedan,Automatic,Petrol,234140,5.0,KL3JA695JAK766703,XYD569,21-01-2027,4,1.8,Black,Black Leather,Yes,No,Yes,Partial,Yes,VIC,https://www.grays.com/lot/0001-21063790/motor-vehicles-motor-cycles/2010-holden-cruze-cdx-jg-automatic-sedan,"Engine light ON
Seat Torn Drivers
Paint peeling Front left fender
Medium Scuff on Around vehicle
Dents or marks on body consistent with age and kilometres.",12,$909,10 March 2026
2010,AUDI,A4,2.0 TFSI Quattro B8,Sedan,Automatic,Petrol,261094,5.0,WAUZZZ8K3BA053342,YEA646,16-02-2027,4,2.0,White,Black Leather,Yes,Yes,Yes,Yes,Yes,VIC,https://www.grays.com/lot/0001-21063789/motor-vehicles-motor-cycles/2010-audi-a4-2-0-tfsi-quattro-b8-automatic-sedan,"Door card Damaged.
Medium Scratch on Around vehicle",39,"$2,809",10 March 2026
2020,LDV,G10,,Van,Automatic,Diesel,158560,2.0,LSKG4GL11LA088131,1SL4VN,13-04-2026,4,1.9,White,Black,Yes,No,Yes,Yes,Yes,VIC,https://www.grays.com/lot/0001-21063788/motor-vehicles-motor-cycles/2020-ldv-g10-turbo-diesel-automatic-van,"Seat Torn Drivers
Dents or marks on body consistent with age and kilometres.
Medium Scratches Around vehicle
Service Due light ON",119,"$9,700",10 March 2026
2019,VOLKSWAGEN,Golf,ALLTRACK 132TSI PREMIUM A7,Wagon,Automatic,Petrol,141122,5.0,WVWZZZAUZLP520869,1RC7OQ,06-03-2026,4,1.8,White,Black,Yes,No,No,No,Yes,"Maryborough 3465, Australia",https://www.grays.com/lot/0001-21063803/motor-vehicles-motor-cycles/2019-volkswagen-golf-alltrack-132tsi-premium-a7-automatic-wagon-ex-gov,Please refer to the photos or arrange inspection to view the condition of this vehicle.,176,"$13,001",12 March 2026
2015,TOYOTA,Camry,Atara S ASV50R,Sedan,Automatic,Petrol,108850,5.0,6T1BF3FK00X105565,1JI9TE,Unregistered,4,2.5,White,Grey,Yes,No,Yes,Yes,Yes,"Maryborough 3465, Australia",https://www.grays.com/lot/0001-21063802/motor-vehicles-motor-cycles/2015-toyota-camry-atara-s-asv50r-automatic-sedan-ex-gov,"Please refer to the photos or arrange inspection to view the condition of this vehicle.
Small dents on bonnet",146,"$13,000",12 March 2026
2020,RENAULT,Trafic,L2 LWB Premium 125kW AT,Van,Automatic,Diesel,160000,3.0,VF1FL0009L0806844,1RR6JR,Unregistered,4,2.0,White,Black,Yes,No,Yes,Yes,Yes,VIC,https://www.grays.com/lot/0001-21063800/motor-vehicles-motor-cycles/2020-renault-trafic-l2-lwb-premium-125kw-turbo-diesel-at-van-ex-gov,"Large Dent on Right hand rear panel, Left hand side door& left hand raer door
Small rip to front seat
Windscreen Chipped or Cracked.",169,"$13,200",12 March 2026
2011,MAZDA,6,Touring GH,Hatchback,Automatic,Petrol,220110,5.0,JM0GH105200223904,YVI944,13-01-2027,4,2.5,Black,Black Leather,Yes,Yes,Yes,Partial,Yes,VIC,https://www.grays.com/lot/0001-21063786/motor-vehicles-motor-cycles/2011-mazda-6-touring-gh-automatic-hatchback,Dents or marks on body consistent with age and kilometres.,73,"$4,509",10 March 2026
2010,MITSUBISHI,Outlander,LS ZH,Wagon,CVT,Petrol,203182,5.0,JMFXTCW5WAZ005167,XWS730,20-08-2026,4,2.4,Grey,Black,Yes,Yes,Yes,Yes,Yes,VIC,https://www.grays.com/lot/0001-21063785/motor-vehicles-motor-cycles/2010-mitsubishi-outlander-ls-zh-cvt-wagon,"Seat Torn Drivers
Medium Scratch on Around vehicle
Corrosion visible Left rear passenger door and rear quarter",32,"$3,109",10 March 2026
2016,HOLDEN,Astra,R BK,Hatchback,Automatic,Petrol,184085,5.0,W0LBF6EC1HG040523,1LV2EJ,04-04-2026,4,1.4,Blue,Black,Yes,Yes,Yes,Yes,Yes,VIC,https://www.grays.com/lot/0001-21063783/motor-vehicles-motor-cycles/2016-holden-astra-r-bk-automatic-hatchback,Dents or marks on body consistent with age and kilometres.,65,"$5,700",10 March 2026
2015,MERCEDES,Benz,C-Class C200 BlueTEC W205,Sedan,Automatic,Diesel,188520,5.0,WDD2050372R096482,AGK681,21-06-2026,4,1.6,Silver,Black Leather,Yes,Yes,Yes,No - contact a Merc Benz dealership for potential digital service history,Yes,VIC,https://www.grays.com/lot/0001-21063782/motor-vehicles-motor-cycles/2015-mercedes-benz-c-class-c200-bluetec-w205-turbo-diesel-automatic-sedan,Dents or marks on body consistent with age and kilometres.,160,"$13,600",10 March 2026
2008,AUDI,A6,2.0 TFSI C6,Sedan,CVT,Petrol,430729,5.0,WAUZZZ4F28N114738,WKB958,15-08-2026,4,2.0,Grey,Beige Leather,Yes,No,Yes,Partial,Yes,VIC,https://www.grays.com/lot/0001-21063781/motor-vehicles-motor-cycles/2008-audi-a6-2-0-tfsi-c6-cvt-sedan,"Engine light ON
Door card Damaged.
Paint peeling Around vehicle
Medium Scuff on Around vehicle
Windscreen Chipped or Cracked.
Dents or marks on body consistent with age and kilometres.",8,$409,10 March 2026
2014,HOLDEN,Cruze,SRi Z SERIES JH,Hatchback,Manual,Petrol,166734,5.0,6G1PE6EN1EL010903,2BU5WD,10-04-2026,4,1.6,White,Black Leather,Yes,Yes,Yes,Partial,Yes,VIC,https://www.grays.com/lot/0001-21063780/motor-vehicles-motor-cycles/2014-holden-cruze-sri-z-series-jh-manual-hatchback,"Medium Scratch on Around vehicle
Dents or marks on body consistent with age and kilometres.
Windscreen Chipped or Cracked.
Traction control light ON
Paint peeling on various panels",21,"$1,609",10 March 2026
2003,MERCEDES,Benz,E320 Elegance W211,Sedan,Automatic,Petrol,305909,5.0,WDB2110652A352097,1EJG061,Unregistered,6,3.2,Silver,Black Leather,Yes,Yes,Yes,No,Yes,VIC,https://www.grays.com/lot/0001-21063779/motor-vehicles-motor-cycles/2003-mercedes-benz-e320-elegance-w211-automatic-sedan,"Other Warning light ON
Seat Torn Rear seats
Door card Worn.
Front Cracked bumper.
Paint peeling Around vehicle
Medium Scratch on Around vehicle",8,$509,10 March 2026
2001,BMW,530i,Executive E39,Sedan,Automatic,Petrol,185077,5.0,WBADT62080CE65651,TIY970,10-03-2026,6,3.0,Silver,Grey,Yes,Yes,Yes,Partial,Yes,VIC,https://www.grays.com/lot/0001-21063778/motor-vehicles-motor-cycles/2001-bmw-530i-executive-e39-automatic-sedan,Dents or marks on body consistent with age and kilometres.,96,"$7,100",10 March 2026
2007,MINI,Cooper,S R56,Hatchback,Automatic,Petrol,163544,4.0,WMWMF72010TL40257,1ZX1CU,27-12-2025,4,1.6,Grey,Cream Leather,Yes,Yes,Yes,Partial,Yes,VIC,https://www.grays.com/lot/0001-21063776/motor-vehicles-motor-cycles/2007-mini-cooper-s-r56-automatic-hatchback,"Dents or marks on body consistent with age and kilometres.
Paint fading Bonnet scoop",46,"$3,609",10 March 2026
2016,HYUNDAI,Tucson,Active X TL,Wagon,Automatic,Petrol,126479,5.0,KMHJ3814MHU194713,1HS8XP,30-03-2026,4,2.0,Black,Black Leather,Yes,Yes,Yes,Partial,Yes,VIC,https://www.grays.com/lot/0001-21063769/motor-vehicles-motor-cycles/2016-hyundai-tucson-active-x-tl-automatic-wagon,"Dents or marks on body consistent with age and kilometres.
Medium Scratch on various panels",114,"$11,800",10 March 2026
2010,VOLKSWAGEN,Eos,103 TDI 1F,Convertible,Automatic,Diesel,198532,4.0,WVWZZZ1FZBV002816,YDA589,Unregistered,4,2.0,Silver,Black Leather,Yes,Yes,Yes,Partial,Yes,VIC,https://www.grays.com/lot/0001-21063747/motor-vehicles-motor-cycles/2010-volkswagen-eos-103-tdi-1f-turbo-diesel-automatic-convertible,"Other Warning light ON
Seat Torn Drivers
Dents or marks on body consistent with age and kilometres.
Corrosion visible Bonnet chips
Medium Scratch on Boot and left passenger door",17,"$1,009",10 March 2026
2012,FORD,Falcon,XR6 FG II,Cab Chassis,Automatic,Petrol,262208,2.0,6FPAAAJGCMCK79081,ZEP919,Unregistered,6,4.0,White,Black,Yes,No,Yes,Partial,Yes,VIC,https://www.grays.com/lot/0001-21063741/motor-vehicles-motor-cycles/2012-ford-falcon-xr6-fg-ii-automatic-cab-chassis,"Carpet worn in places.
Dents or marks on body consistent with age and kilometres.
Medium Scratch on Around vehicle
Large Dent on Rear tray gate",42,"$4,200",10 March 2026
2010,MAZDA,Cx-9,Luxury,Wagon,Automatic,Petrol,218184,7.0,JM0TB10A3A0205797,1EL4SK,19-04-2026,6,3.7,White,Black Leather,Yes,Yes,Yes,No,Yes,VIC,https://www.grays.com/lot/0001-21063729/motor-vehicles-motor-cycles/2010-mazda-cx-9-luxury-automatic-7-seats-wagon,"Door card Worn.
Medium Scratch on Around vehicle
Door Mirror Broken Passenger
Dents or marks on body consistent with age and kilometres.",38,"$3,309",10 March 2026
2009,HOLDEN,Captiva,CX AWD CG,Wagon,Automatic,Petrol,156720,7.0,KL3CD26GJ9B531286,XBB667,18-06-2026,6,3.2,Dark Blue,Black,Yes,Yes,Yes,Yes,Yes,VIC,https://www.grays.com/lot/0001-21063726/motor-vehicles-motor-cycles/2009-holden-captiva-cx-awd-cg-automatic-7-seats-wagon,"Dents or marks on body consistent with age and kilometres.
Medium Dent on Rear bumper
Engine light ON
Airbag light ON
Medium Scratch on various panels
Carpet worn in places.
Corrosion visible on rear panel",13,"$1,009",10 March 2026
2007,PEUGEOT,207,XT 1.6,Hatchback,Automatic,Petrol,62668,5.0,VF3WC5FWF33815612,UYA655,23-05-2026,4,1.6,Silver,Black,Yes,Yes,Yes,Partial,Yes,VIC,https://www.grays.com/lot/0001-21063725/motor-vehicles-motor-cycles/2007-peugeot-207-xt-1-6-automatic-hatchback,"Medium Scratch on Around vehicle
Paint fading Around vehicle",16,"$1,309",10 March 2026
2008,SUBARU,Forester,X S3,Wagon,Automatic,Petrol,233792,5.0,JF2SH9KL59G016701,WUR977,10-06-2026,4,2.5,White,Black,Yes,No,Yes,Partial,Yes,VIC,https://www.grays.com/lot/0001-21063724/motor-vehicles-motor-cycles/2008-subaru-forester-x-s3-automatic-wagon,"Engine light ON
Traction control light ON
Medium Scratch on Rear bumper
Medium Scuff on Around vehicle
Door Mirror Broken driver side
Paint fading on various panels",27,"$2,109",10 March 2026
2014,NISSAN,Pulsar,ST B17,Sedan,CVT,Petrol,248087,5.0,MNTBAAB17A0017484,No Plates,Unregistered,4,1.8,White,Black,Yes,No,Yes,Partial,Yes,VIC,https://www.grays.com/lot/0001-21063719/motor-vehicles-motor-cycles/2014-nissan-pulsar-st-b17-cvt-sedan,Dents or marks on body consistent with age and kilometres.,28,"$2,200",10 March 2026
2013,AUDI,Q7,3.0 TDI quattro,Wagon,Automatic,Diesel,230298,7.0,WAUZZZ4L7ED016733,2EE5GX,15-04-2026,6,3.0,White,Black Leather,Yes,No,Yes,Partial,Yes,VIC,https://www.grays.com/lot/0001-21063718/motor-vehicles-motor-cycles/2013-audi-q7-3-0-tdi-quattro-turbo-diesel-automatic-8-speed-7-seats-wagon,"Large Dent on Bonnet
Dents or marks on body consistent with age and kilometres.
Paint peeling on various panels",90,"$5,400",10 March 2026
2013,VOLKSWAGEN,Polo,77TSI COMFORTLINE 6R,Hatchback,Manual,Petrol,139063,5.0,WVWZZZ6RZDU043686,No Plates,Unregistered,4,1.2,Grey,Black,Yes,Yes,Yes,Partial,Yes,VIC,https://www.grays.com/lot/0001-21063717/motor-vehicles-motor-cycles/2013-volkswagen-polo-77tsi-comfortline-6r-manual-hatchback,"Medium Scratches Around vehicle
Dents or marks on body consistent with age and kilometres.
Engine light ON.
Interior: Steering wheel worn
Interior: Steering wheel worn",36,"$2,209",10 March 2026
2004,HONDA,Accord,EURO Luxury 7th Gen,Sedan,Manual,Petrol,300550,5.0,JHMCL95804C214130,No plates,Unregistered,4,2.4,Grey,Black Leather,Yes,Yes,Yes,Partial,Yes,VIC,https://www.grays.com/lot/0001-21063716/motor-vehicles-motor-cycles/2004-honda-accord-euro-luxury-7th-gen-manual-sedan,"Front Cracked bumper.
Medium Scratches Around vehicle",28,"$2,609",10 March 2026
2012,MERCEDES,Benz,B-Class B180 BE W246,Hatchback,Automatic,Petrol,155700,5.0,WDD2462422J060210,No plates,Unregistered,4,1.6,Grey,Black,Yes,Yes,Yes,Partial,Yes,VIC,https://www.grays.com/lot/0001-21063715/motor-vehicles-motor-cycles/2012-mercedes-benz-b-class-b180-be-w246-automatic-hatchback,"Dents or marks on body consistent with age and kilometres.
Body/panel damage Front bumper
Engine noise observed.
Engine idling rough
Engine light ON
Exterior: Headlight, Rear light damaged.
Exterior: Headlight, Rear light damaged.",17,"$1,209",10 March 2026
2007,HONDA,Jazz,VTi GD,Hatchback,CVT,Petrol,164202,5.0,MRHGD38507P041164,UXV621,29-05-2026,4,1.5,White,Grey,Yes,Yes,Yes,Yes,Yes,VIC,https://www.grays.com/lot/0001-21063714/motor-vehicles-motor-cycles/2007-honda-jazz-vti-gd-cvt-hatchback,"Dents or marks on body consistent with age and kilometres.
Corrosion visible Around vehicle
Interior: Steering wheel, Carpet in places worn
Interior: Steering wheel, Carpet in places worn",46,"$3,609",10 March 2026
2018,LAND,Rover,DISCOVERY SPORT SD4 SE 177KW L550 9,Wagon,Automatic,Diesel,214289,5.0,SALCA2AN9KH787091,1NB5DS,01-07-2026,4,2.0,Silver,Black Leather,Yes,Yes,Yes,Partial,Yes,VIC,https://www.grays.com/lot/0001-21063713/motor-vehicles-motor-cycles/2018-land-rover-discovery-sport-sd4-se-177kw-l550-turbo-diesel-9-auto-wagon,"Dents or marks on body consistent with age and kilometres.
Remote Battery Warning light ON
Windscreen Chipped or Cracked.",198,"$11,200",10 March 2026
2013,MAZDA,Cx-5,Maxx Sport KE,Wagon,Automatic,Petrol,254751,5.0,JM0KE103100221079,1AB5XC,01-05-2026,4,2.5,Grey,Black,Yes,No,Yes,Partial,Yes,VIC,https://www.grays.com/lot/0001-21063712/motor-vehicles-motor-cycles/2013-mazda-cx-5-maxx-sport-ke-automatic-wagon,"Dents or marks on body consistent with age and kilometres.
Engine light ON
Medium Scratch on various panels",41,"$3,609",10 March 2026
2015,NISSAN,Elgrand,IMPORT E51,Wagon,Automatic,Petrol,174068,8.0,6U900000E51006037,1ET2PT,01-06-2026,6,3.5,White,Grey,Yes,Yes,No,No,Yes,VIC,https://www.grays.com/lot/0001-21063711/motor-vehicles-motor-cycles/2015-nissan-elgrand-import-e51-automatic-8-seats-wagon,"Dents or marks on body consistent with age and kilometres.
Medium Scratch on various panels
Corrosion visible on various panels
Paint cracked on various panels",61,"$4,909",10 March 2026
2011,HOLDEN,Cruze,SRI-V JH,Sedan,Automatic,Petrol,122572,5.0,6G1PE5E88BL587962,2DT4IY,23-11-2026,4,1.4,Silver,Black Leather,Yes,Yes,Yes,Partial,Yes,VIC,https://www.grays.com/lot/0001-21063710/motor-vehicles-motor-cycles/2011-holden-cruze-sri-v-jh-automatic-sedan,"Paint fading on various panels
Dents or marks on body consistent with age and kilometres.",32,"$2,009",10 March 2026
2011,BMW,X3,xDrive 28i F25,Wagon,Automatic,Petrol,112732,5.0,WBAWX52080L397758,VAM639,23-09-2026,6,3.0,White,Black Leather,Yes,Yes,No,No,Yes,VIC,https://www.grays.com/lot/0001-21063709/motor-vehicles-motor-cycles/2011-bmw-x3-xdrive-28i-f25-automatic-8-speed-wagon,"Door card Worn.
Large Scratches Around vehicle
Interior: Tint requires attention
Interior: Tint requires attention",81,"$5,700",10 March 2026
2010,HOLDEN,Cruze,CD JG,Sedan,Manual,Petrol,223244,5.0,KL3JF695JAK767526,YCE561,08-08-2026,4,1.8,White,Grey,Yes,No,Yes,Partial,Yes,VIC,https://www.grays.com/lot/0001-21063708/motor-vehicles-motor-cycles/2010-holden-cruze-cd-jg-manual-sedan,"Seat Torn Drivers
Dents or marks on body consistent with age and kilometres.
Medium Scratch on Around vehicle
Paint peeling on various panels",15,$809,10 March 2026
2011,AUDI,A4,2.0 TFSI B8,Sedan,CVT,Petrol,191067,5.0,WAUZZZ8K6CA002855,CDC87Q,Unregistered,4,2.0,Black,Black Leather,Yes,Yes,Yes,Yes,Yes,VIC,https://www.grays.com/lot/0001-21063707/motor-vehicles-motor-cycles/2011-audi-a4-2-0-tfsi-b8-cvt-sedan,"Windscreen Chipped or Cracked.
Dents or marks on body consistent with age and kilometres.",24,"$3,491",10 March 2026
2009,SUBARU,Forester,X S3,Wagon,Manual,Petrol,264501,5.0,JF2SH9KK4AG040875,1YY3FV,20-05-2026,4,2.5,Grey,Black,Yes,Yes,Yes,Yes,Yes,VIC,https://www.grays.com/lot/0001-21063706/motor-vehicles-motor-cycles/2009-subaru-forester-x-s3-manual-wagon,"Medium Scratch on Around vehicle
Windscreen Chipped or Cracked.
Dents or marks on body consistent with age and kilometres.",24,"$2,300",10 March 2026
2009,FORD,Territory,TS SY II,Wagon,Automatic,Petrol,465426,5.0,6FPAAAJGAT9E86154,XKE049,10-08-2026,6,4.0,White,Black,Yes,No,Yes,Partial,Yes,VIC,https://www.grays.com/lot/0001-21063705/motor-vehicles-motor-cycles/2009-ford-territory-ts-sy-ii-automatic-wagon,"Door card Worn.
Hood Lining Sagging
Medium Scratch on Around vehicle
Windscreen Chipped or Cracked.
Dents or marks on body consistent with age and kilometres.",14,$809,10 March 2026
2019,HOLDEN,Trax,LTZ TJ,Wagon,Automatic,Petrol,202931,5.0,KL3BA7689KB792254,1RQ2AN,22-08-2026,4,1.4,Red,Black Leather,Yes,Yes,Yes,Yes,Yes,VIC,https://www.grays.com/lot/0001-21063704/motor-vehicles-motor-cycles/2019-holden-trax-ltz-tj-automatic-wagon,"Medium Scratches Around vehicle
Engine light ON
Dents or marks on body consistent with age and kilometers.",47,"$3,309",10 March 2026
2006,TOYOTA,Aurion,AT-X GSV40R,Sedan,Automatic,Petrol,227539,5.0,6T153KK400X271051,WFG848,18-01-2027,6,3.5,White,Grey,Yes,Yes,Yes,Yes,Yes,VIC,https://www.grays.com/lot/0001-21063703/motor-vehicles-motor-cycles/2006-toyota-aurion-at-x-gsv40r-automatic-sedan,"Medium Scuffs, Scratches Around vehicle
Dents or marks on body consistent with age and kilometres.",41,"$3,109",10 March 2026
1998,HOLDEN,Combo,SB,Van,Manual,Petrol,78280,2.0,W0L0SBF25W3059346,SPU109,Unregistered,4,1.4,White,Grey,Yes,Yes,Yes,No,Yes,VIC,https://www.grays.com/lot/0001-21063702/motor-vehicles-motor-cycles/1998-holden-combo-sb-manual-van,"Front Seat Stains Drivers
Dents or marks on body consistent with age and kilometres.
Paint peeling Passenger door and surround
Corrosion visible Around vehicle
Medium Scratch on Around vehicle
Engine noise observed.",7,$509,10 March 2026
2010,VOLVO,Xc90,3.2 R-Design,Wagon,Automatic,Petrol,245101,7.0,YV1CT9856A1556384,XYF690,28-09-2026,6,3.2,White,Black Leather,Yes,No,No,Partial,Yes,VIC,https://www.grays.com/lot/0001-21063693/motor-vehicles-motor-cycles/2010-volvo-xc90-3-2-r-design-automatic-7-seats-wagon,"Traction control light ON
Medium Scratch on Around vehicle
Dents or marks on body consistent with age and kilometres.
Rear bumper Cracked bumper.
Large Scuff on Front bumper
Paint cracked on various panels",46,"$2,400",10 March 2026
2014,HOLDEN,Cruze,Z SERIES JH,Sedan,Automatic,Petrol,181208,5.0,6G1PE5EM3EL003856,1CE7VX,31-03-2026,4,1.8,Grey,Black Leather,Yes,Yes,No,No,Yes,VIC,https://www.grays.com/lot/0001-21063692/motor-vehicles-motor-cycles/2014-holden-cruze-z-series-jh-automatic-sedan,"Dents or marks on body consistent with age and kilometres.
Medium Scratch on Around vehicle
Engine light ON",24,"$1,809",10 March 2026
2017,FORD,Ranger,XLT 4X2 Hi-Rider PX II,Ute,Automatic,Diesel,210846,4.0,MNAUM2F50HW790723,ARQ222,11-12-2026,5,3.2,Silver,Black,Yes,Yes,Yes,Yes,Yes,VIC,https://www.grays.com/lot/0001-21063681/motor-vehicles-motor-cycles/2017-ford-ranger-xlt-4x2-hi-rider-px-ii-turbo-diesel-automatic-ute,Dents or marks on body consistent with age and kilometres.,184,"$13,275",10 March 2026
2010,HONDA,Jazz,VTi GE,Hatchback,Automatic,Petrol,161533,5.0,MRHGE8850AP041214,1JD5DT,11-05-2026,4,1.5,Grey,Black,Yes,No,Yes,Partial,Yes,VIC,https://www.grays.com/lot/0001-21063680/motor-vehicles-motor-cycles/2010-honda-jazz-vti-ge-automatic-hatchback,"Paint fading Roof
Dents or marks on body consistent with age and kilometres.",39,"$3,900",10 March 2026
2004,NISSAN,X-trail,TI Luxury T30,Wagon,Automatic,Petrol,290447,5.0,JN1TBNT30A0041913,TET712,12-11-2026,4,2.5,White,Black Leather,Yes,Yes,Yes,Partial,Yes,VIC,https://www.grays.com/lot/0001-21063679/motor-vehicles-motor-cycles/2004-nissan-x-trail-ti-luxury-t30-automatic-wagon,"Windscreen Chipped.
Medium Scratches, Scuffs, Paint Cracked Around vehicle
Driver Seat worn
Dents or marks on body consistent with age and kilometres.",8,$709,10 March 2026
2020,MAZDA,Bt-50,4X2 XTR Dual,Cab Chassis,Automatic,Diesel,182436,5.0,MM0UR0YG100090867,1SD1OK,05-08-2026,5,3.2,White,Black,Yes,No,Yes,Yes,Yes,VIC,https://www.grays.com/lot/0001-21063678/motor-vehicles-motor-cycles/2020-mazda-bt-50-4x2-xtr-turbo-diesel-automatic-dual-cab,"Windscreen Chipped or Cracked.
Medium Scratches Around vehicle
Paint peeling on various panels
Dents or marks on body consistent with age and kilometres.
Front Seat Stains passenger side
Corrosion visible on various panels",208,"$14,000",10 March 2026
2017,LAND,Rover,Range Rover Sport 3.0 TDV6 SE T D,Wagon,Automatic,Diesel,77757,5.0,SALWA2EKXHA681148,DUG459,05-06-2026,6,3.0,White,Black Leather,Yes,Yes,Yes,Yes - Online Extract,Yes,VIC,https://www.grays.com/lot/0001-21063677/motor-vehicles-motor-cycles/2017-land-rover-range-rover-sport-3-0-tdv6-se-t-d-auto-8-speed-wagon,Dents or marks on body consistent with age and kilometres.,328,"$33,300",10 March 2026
2013,MAZDA,Cx-5,Maxx Sport KE,Wagon,Automatic,Diesel,197783,5.0,JM0KE102100211573,2AG7NQ,29-08-2026,4,2.2,Blue,Black,Yes,Yes,Yes,Yes,Yes,VIC,https://www.grays.com/lot/0001-21063675/motor-vehicles-motor-cycles/2013-mazda-cx-5-maxx-sport-ke-turbo-diesel-automatic-wagon,"Dents or marks on body consistent with age and kilometres.
Medium Scratches Around vehicle
Paint fading Rear spoiler",35,"$3,109",10 March 2026
2012,FORD,Fiesta,Zetec WT,Hatchback,Automatic,Petrol,143181,5.0,MNBJXXARJJCE30940,BCY851,14-04-2026,4,1.6,White,Grey,Yes,No,Yes,Yes,Yes,VIC,https://www.grays.com/lot/0001-21063657/motor-vehicles-motor-cycles/2012-ford-fiesta-zetec-wt-automatic-hatchback,"Transmission Requires attention Strongly recommend inspection by qualified third party
Medium Scratches Around vehicle
Large Scuffs Around vehicle
Dents or marks on body consistent with age and kilometres.",20,"$1,009",10 March 2026
2007,MITSUBISHI,Lancer,ES CJ,Sedan,CVT,Petrol,265992,5.0,JMFSTCY4A8U006385,XOX511,09-06-2026,4,2.0,Red,Black,Yes,No,Yes,Partial,Yes,VIC,https://www.grays.com/lot/0001-21063639/motor-vehicles-motor-cycles/2007-mitsubishi-lancer-es-cj-cvt-sedan,"Medium Scratches, Paint Peeling Around vehicle
Medium Dent on Front bumper
Dents or marks on body consistent with age and kilometres.",14,"$1,309",10 March 2026
2020,FORD,Ranger,XL 4X4 PX III T D,Cab Chassis,Automatic,Diesel,97432,2.0,MNAUMAF50LW088623,1SD7VT,03-08-2026,5,3.2,White,Black,Yes,Yes,Yes,Partial,Yes,VIC,https://www.grays.com/lot/0001-21063333/motor-vehicles-motor-cycles/2020-ford-ranger-xl-4x4-px-iii-t-d-auto-cab-chassis-ex-gov,"Seat Torn Drivers
Dents or marks on body consistent with age and kilometres.
Paint peeling Front bar
Corrosion visible Tray",99,"$17,500",10 March 2026
2020,HYUNDAI,Iload,TQ II,Van,Automatic,Diesel,44602,3.0,KMFWBX7KMLU148607,1RU2HE,23-07-2026,4,2.5,White,Grey,Yes,Yes,Yes,Partial,Yes,VIC,https://www.grays.com/lot/0001-21063332/motor-vehicles-motor-cycles/2020-hyundai-iload-tq-ii-turbo-diesel-automatic-van-ex-gov,"Seat Torn Drivers
Dents or marks on body consistent with age and kilometres.
Medium Scratch on Around vehicle",405,"$28,701",10 March 2026
2021,SUBARU,Forester,2.5i-L S5,Wagon,CVT,Petrol,58570,5.0,JF2SK9KL5MG063973,1TX3YL,18-05-2026,4,2.5,White,Black,Yes,Yes,Yes,Partial,Yes,VIC,https://www.grays.com/lot/0001-21063314/motor-vehicles-motor-cycles/2021-subaru-forester-2-5i-l-s5-cvt-wagon-ex-gov,Medium Scratch on Around vehicle,210,"$22,800",10 March 2026
2022,MITSUBISHI,Pajero,Sport GLX 4WD QF T D,Wagon,Automatic,Diesel,44602,5.0,MMAGUKS10NH009234,1WN4ED,23-07-2026,4,2.4,White,Black,Yes,Yes,Yes,Yes,Yes,VIC,https://www.grays.com/lot/0001-21063313/motor-vehicles-motor-cycles/2022-mitsubishi-pajero-sport-glx-4wd-qf-t-d-auto-8-speed-ex-gov,"Seat Torn Drivers
Dents or marks on body consistent with age and kilometres.
Windscreen Chipped or Cracked.",182,"$32,500",10 March 2026
2015,FORD,Falcon,FG X,Ute,Automatic,Lpg,218233,2.0,6FPAAAJGCMFU92142,1FV9ND,04-11-2026,6,4.0,Silver,Black,Yes,Yes,Yes,Partial,Yes,VIC,https://www.grays.com/lot/0001-21063143/motor-vehicles-motor-cycles/2015-ford-falcon-fg-x-automatic-ute,Dents or marks on body consistent with age and kilometres.,110,"$10,369",22 February 2026
2013,MITSUBISHI,Asx,2WD XB,Wagon,CVT,Petrol,199377,5.0,JMFXTGA2WDZ003340,2DZ5SV,15-04-2026,4,2.0,White,Black,Yes,Yes,Yes,Yes,Yes,VIC,https://www.grays.com/lot/0001-21063142/motor-vehicles-motor-cycles/2013-mitsubishi-asx-2wd-xb-cvt-wagon,Medium Scratch on Around vehicle,57,"$6,300",22 February 2026
2012,SUBARU,Impreza,2.0i G4,Sedan,CVT,Petrol,263393,5.0,JF1GJ7KC5CG004425,2EK7AY,30-04-2026,4,2.0,Silver,Grey,Yes,Yes,Yes,Yes,Yes,VIC,https://www.grays.com/lot/0001-21063140/motor-vehicles-motor-cycles/2012-subaru-impreza-2-0i-g4-cvt-sedan,"Medium Scratch on Around vehicle
Large Scuff on Around vehicle
Engine light ON
ABS light ON
Traction control light ON",23,"$2,009",22 February 2026
2012,BMW,5,Series 535d F10,Sedan,Automatic,Diesel,223984,5.0,WBAXA72070DN13415,CJJ95U,Unregistered,6,3.0,Silver,Black Leather,Yes,Yes,Yes,Partial,Yes,VIC,https://www.grays.com/lot/0001-21063139/motor-vehicles-motor-cycles/2012-bmw-5-series-535d-f10-turbo-diesel-automatic-8-speed-sedan,"Other Warning light ON
Medium Scuff on Around vehicle
Hail damage visible.",51,"$4,900",22 February 2026
2004,FORD,Falcon,XT BA,Sedan,Automatic,Petrol,374118,5.0,6FPAAAJGSW4D38129,TZG442,01-06-2026,6,4.0,Silver,Grey,Yes,Yes,Yes,Partial,Yes,VIC,https://www.grays.com/lot/0001-21063138/motor-vehicles-motor-cycles/2004-ford-falcon-xt-ba-automatic-sedan,"Dents or marks on body consistent with age and kilometres.
Body/panel damage Front bumper
Paint peeling Boot and spoiler
Paint fading Boot and spoiler
Medium Scratch on Left side of vehicle",16,"$1,209",22 February 2026
2012,NISSAN,Navara,4X4 ST D40 Dual,Dual Cab,Manual,Diesel,134549,5.0,VSKCVND40A0497737,CJP52L,Unregistered,4,2.5,White,Grey,Yes,Yes,Yes,No,Yes,NSW,https://www.grays.com/lot/0001-10352908/motor-vehicles-motor-cycles/2012-nissan-navara-4x4-st-d40-turbo-diesel-manual-dual-cab,"Large Dent on Tailgate
Damaged Driver side taillight
Windscreen Chipped or Cracked.",85,"$6,259",10 March 2026
2013,JEEP,Grand,Cherokee Limited WK,Wagon,Automatic,Diesel,233380,5.0,1C4RJFFM0EC166557,FMI61E,Unregistered,6,3.0,Grey,Black,Yes,No,Yes,Partial,Yes,NSW,https://www.grays.com/lot/0001-10352907/motor-vehicles-motor-cycles/2013-jeep-grand-cherokee-limited-wk-turbo-diesel-automatic-8-speed-wagon,"Paint fading Bonnet
Large Dent on Passenger side rear quarter panel
Windscreen Chipped or Cracked.
Seat Torn Drivers seat
Damaged Driver side rear foglight",102,"$5,509",10 March 2026
2007,TOYOTA,Corolla,Ascent ZRE152R,Sedan,Automatic,Petrol,180943,5.0,JTNBU52E702012858,BVA28R,24-01-2026,4,1.8,Red,Black,Yes,Yes,Yes,Partial,Yes,NSW,https://www.grays.com/lot/0001-10352888/motor-vehicles-motor-cycles/2007-toyota-corolla-ascent-zre152r-automatic-sedan,"Paint peeling Bonnet, roof, bootlid
Large Scratch on Passenger side rear door and quarter panel
Large Dent on Drivers door
Paint cracked Rear bumper bar",50,"$3,800",10 March 2026
2012,KIA,Grand,Carnival S VQ,People Mover,Automatic,Petrol,218202,8.0,KNAMG817MD6516852,EQU90P,12-12-2026,6,3.5,Silver,Grey,Yes,Yes,No,Partial,Yes,NSW,https://www.grays.com/lot/0001-10352884/motor-vehicles-motor-cycles/2012-kia-grand-carnival-s-vq-automatic-8-seats-people-mover,"Large Dent on Driver side rear quarter panel
Medium Dent on Passenger side rear quarter panel, tailgate
Paint fading Bonnet, roof, tailgate
Paint peeling Front bumper bar, passenger side front guard
Rear Cracked bumper.
Flat Battery. Jump start or towing required
Gear Knob Broken",42,"$4,100",10 March 2026
2016,LEXUS,Rx,350 RX350 F SPORT GGL25R,Wagon,Automatic,Petrol,345911,5.0,JTJBZMCA402020859,DJZ75Z,30-01-2026,6,3.5,Black,Black,Yes,Yes,Yes,Partial,Yes,NSW,https://www.grays.com/lot/0001-10352883/motor-vehicles-motor-cycles/2016-lexus-rx-350-rx350-f-sport-ggl25r-automatic-8-speed-wagon,"Paint cracked Rear bumper bar
Engine noise observed.",209,"$15,900",10 March 2026
2016,PORSCHE,Cayenne,92A,Wagon,Automatic,Diesel,144735,5.0,WP1ZZZ92ZGLA45082,BGO625,11-06-2026,6,3.0,Black,Beige Leather,Yes,No,Yes,Yes,Yes,VIC,https://www.grays.com/lot/0001-21063137/motor-vehicles-motor-cycles/2016-porsche-cayenne-diesel-92a-turbo-diesel-automatic-8-speed-wagon,"Dents or marks on body consistent with age and kilometres.
Damaged Right rear reflector",151,"$21,000",22 February 2026
1998,HYUNDAI,Sonata,GLE EF,Sedan,Automatic,Petrol,238760,5.0,KMHEM41BRXA030389,YWL405,07-02-2026,4,2.0,Green,Grey,Yes,Yes,No,No,Yes,VIC,https://www.grays.com/lot/0001-21063136/motor-vehicles-motor-cycles/1998-hyundai-sonata-gle-ef-automatic-sedan,"Paint fading Around vehicle
Corrosion visible Around vehicle
Engine noise observed.
Paint fading Around exterior
Rear bumper Cracked bumper.
Dents or marks on body consistent with age and kilometres.
Medium Scuff on Rear passenger side
Front Seat worn Driver seat torn",1,$9,22 February 2026
2009,FORD,Ranger,RWD,Ute,Manual,Diesel,320444,3.0,MNALSAE109W839238,No plates,Unregistered,4,,White,Black/Gray,Yes,No,No,Unknown,Yes,QLD,https://www.grays.com/lot/0013-7061340/motor-vehicles-motor-cycles/2009-ford-ranger-rwd-manual-ute,"Engine & Mechanical: Under-body corrosion. Vehicle previously from a mine site, therefore, may require extra parts not listed in descriptions, or batteries/jump pack to start on collection. Inspection is highly recommended.",13,$925,26 February 2026
2013,MITSUBISHI,Pajero,GLXR 4WD,Wagon,Automatic,Diesel,316181,5.0,JMFLYV98WDJ001826,No plates,Unregistered,4,,White,Black,Yes,No,No,Unknown,Yes,QLD,https://www.grays.com/lot/0010-7061340/motor-vehicles-motor-cycles/2013-mitsubishi-pajero-glxr-4wd-automatic-wagon,"Exterior Damage: Stone Chips, Chipped Windscreen;
Engine & Mechanical: Under-body corrosion. Vehicle previously from a mine site, therefore, may require extra parts not listed in descriptions, or batteries/jump pack to start on collection. Inspection is highly recommended.",75,"$4,809",26 February 2026
2013,MITSUBISHI,Pajero,GLXR 4WD,Wagon,Automatic,Diesel,368740,5.0,JMFLYV98WDJ001785,674 KW5,Unregistered,4,,White,Black,Yes,No,No,Unknown,Yes,QLD,https://www.grays.com/lot/0009-7061340/motor-vehicles-motor-cycles/2013-mitsubishi-pajero-glxr-4wd-automatic-wagon,"Seat & Upholstery: Good
Controls & Dash: Good
Paint: Fair
Exterior Damage: Panel damage (Bonet), dents and stone chips (refer to photos)
Engine & Mechanical Issues: Under-body corrosion. Vehicle previously from a mine site, therefore, may require extra parts not listed in descriptions, or batteries/jump pack to start on collection. Inspection is highly recommended.",45,"$2,909",26 February 2026
1999,TOYOTA,Camry,Vienta VXI MCV20R,Sedan,Automatic,Petrol,198602,5.0,6T153XK200X571775,"Unlicensed, Plates to be remove",Unregistered,6,3.0,Light Blue,Grey,Yes,No,No,No,Yes,WA,https://www.grays.com/lot/0001-9067232/motor-vehicles-motor-cycles/1999-toyota-camry-vienta-vxi-mcv20r-automatic-sedan,"Dents or marks on body consistent with age and kilometres.
Medium Scratch on Various panels
Medium Scuff on Both bumpers
Paint fading on various panels
Damaged Front head light
Hood Lining Sagging",14,$909,01 March 2026
2007,TOYOTA,Camry,Ateva ACV40R,Sedan,Automatic,Petrol,211976,5.0,6T153BK400X026045,Unlicensed,Unregistered,4,2.4,Champagne,Grey,Yes,No,No,No,Yes,WA,https://www.grays.com/lot/0001-9067229/motor-vehicles-motor-cycles/2007-toyota-camry-ateva-acv40r-automatic-sedan,"Paint peeling Various panels
Damaged All taillights",20,"$1,309",01 March 2026
2003,MITSUBISHI,Lancer,GLI 1.8 CE,Coupe,Manual,Petrol,334731,5.0,JMFDNCJ5A3U004221,Unlicensed,Unregistered,4,1.8,White,Charcoal,Yes,No,No,No,Yes,WA,https://www.grays.com/lot/0001-9067227/motor-vehicles-motor-cycles/2003-mitsubishi-lancer-gli-1-8-ce-manual-coupe,"Dents or marks on body consistent with age and kilometres.
Medium Scuff on Front bumper
Medium Dent on Above drivers door
Body/panel damage Rear bumper damaged and screwed in
Medium Scuff on Rear passenger side
Large Dent on Passenger door
Medium Scratch on various panels
Paint peeling on various panels
Door card Damaged.
rear bumper Cracked bumper.",7,$409,01 March 2026
2001,MAZDA,626,CLASSIC ECLIPSE GF,Hatchback,Automatic,Petrol,234885,5.0,JM0GF10S200215054,Unlicensed,Unregistered,4,2.0,Silver,Grey,Yes,No,No,No,Yes,WA,https://www.grays.com/lot/0001-9067226/motor-vehicles-motor-cycles/2001-mazda-626-classic-eclipse-gf-automatic-hatchback,"Large Dent on Driver rear quarter
Damaged Driver taillight
Medium Scuff on Various panels
Paint fading Various panels
front Cracked bumper.",7,$500,01 March 2026
2017,HOLDEN,Captiva,7 ACTIVE LE 2WD CG II,Wagon,Automatic,Petrol,20620,7.0,KL3CA26U9HB774350,Unlicensed,Unregistered,4,2.4,White,Black Leather,Yes,No,No,No,Yes,WA,https://www.grays.com/lot/0001-9067224/motor-vehicles-motor-cycles/2017-holden-captiva-7-active-le-2wd-cg-ii-automatic-7-seats-wagon,"Dents or marks on body consistent with age and kilometres.
Other Warning light ON",65,"$4,700",01 March 2026
2015,NISSAN,Pulsar,ST C12,Hatchback,CVT,Petrol,125124,5.0,MNTFAAC12A0010184,1EYK738,27-07-2026,4,1.8,Red,Charcoal,Yes,Yes,Yes,Partial,Yes,WA,https://www.grays.com/lot/0001-9067206/motor-vehicles-motor-cycles/2015-nissan-pulsar-st-c12-cvt-hatchback,"Medium Scuff on Rear bumper
Medium Scuff on Rear bumper
Paint peeling Left mirror and fender
Paint peeling Left mirror and fender",53,"$4,209",26 February 2026
2013,HOLDEN,Barina,TM,Sedan,Manual,Petrol,171051,5.0,KL3TF69E9DB143451,1EHG178,29-04-2026,4,1.6,White,Grey,Yes,No,Yes,Partial,Yes,WA,https://www.grays.com/lot/0001-9067205/motor-vehicles-motor-cycles/2013-holden-barina-tm-manual-sedan,"Paint peeling Bonnet
Dents or marks on body consistent with age and kilometres.",21,"$1,309",26 February 2026
2007,HOLDEN,Berlina,VE,Sedan,Automatic,Petrol,349337,5.0,6G1EL54B78L960900,Unlicensed,Unregistered,6,3.6,Silver,Grey,Yes,No,No,No,Yes,WA,https://www.grays.com/lot/0001-9067221/motor-vehicles-motor-cycles/2007-holden-berlina-ve-automatic-sedan,"Seat Torn Both front
Windscreen Chipped or Cracked.
Large Dent on Various panels
Large Scuff on Various panels
Damaged LH taillight",10,$575,01 March 2026
2005,FORD,Territory,Ghia SX,Wagon,Automatic,Petrol,240197,5.0,6FPAAAJGAT5R77668,Unlicensed,Unregistered,6,4.0,Silver,Grey,Yes,No,No,No,Yes,WA,https://www.grays.com/lot/0001-9067220/motor-vehicles-motor-cycles/2005-ford-territory-ghia-sx-automatic-wagon,"Dents or marks on body consistent with age and kilometres.
Paint peeling Various panels
Medium Dent on Various panels
Medium Scratch on Various panels
Corrosion visible near roof rail/trims",11,$709,01 March 2026
2004,SUBARU,Outback,2.5i B4A,Wagon,Automatic,Petrol,278057,5.0,JF2BP9KLA5G019953,Unlicensed,Unregistered,4,2.5,Blue,Charcoal,Yes,No,No,No,Yes,WA,https://www.grays.com/lot/0001-9067219/motor-vehicles-motor-cycles/2004-subaru-outback-2-5i-b4a-automatic-wagon,"Dents or marks on body consistent with age and kilometres.
Engine light ON
Traction control light ON
Flat Battery. Jump start or towing required
Large Dent on Rear bumper
Rear Cracked bumper.
ABS light ON
Medium Scratch on various panels
Paint fading various panels",3,$465,01 March 2026
2004,HOLDEN,Commodore,Executive VY,Wagon,Automatic,Petrol,219889,5.0,6G1YK82A24L276326,Unlicensed,Unregistered,6,3.8,White,Charcoal,Yes,No,No,No,Yes,WA,https://www.grays.com/lot/0001-9067218/motor-vehicles-motor-cycles/2004-holden-commodore-executive-vy-automatic-wagon,"Dents or marks on body consistent with age and kilometres.
Medium Dent on Front drivers quarter panel",11,$665,01 March 2026
2009,SUBARU,Tribeca,3.6R PREMIUM B9,Wagon,Automatic,Petrol,361768,7.0,4S4WXFKU5AS027043,Unlicensed,Unregistered,6,3.6,White,Black Leather,Yes,No,No,No,Yes,WA,https://www.grays.com/lot/0001-9067217/motor-vehicles-motor-cycles/2009-subaru-tribeca-3-6r-premium-b9-automatic-7-seats-wagon,"Front Seat worn Both
Medium Scuff on Various panels
Paint cracked Front bumper
Door card Worn.
Dents or marks on body consistent with age and kilometres.
Medium Scratch on various panels",8,$600,01 March 2026
2004,SUBARU,Outback,3.0R PREMIUM PACK B4A,Wagon,Automatic,Petrol,264889,5.0,JF2BPEKUA5G019461,Unlicensed,Unregistered,6,3.0,Black,Black,Yes,No,No,No,Yes,WA,https://www.grays.com/lot/0001-9067216/motor-vehicles-motor-cycles/2004-subaru-outback-3-0r-premium-pack-b4a-automatic-wagon,"Medium Dent on Various panels
Dents or marks on body consistent with age and kilometresPaint peeling Various panels..
Rear trim piece damaged.
Spoiler on roof damaged.
Rear left window has Internal stickers.",10,$765,01 March 2026
2010,MITSUBISHI,Lancer,ES Sportback CJ,Hatchback,Manual,Petrol,219538,5.0,JMFLNCX4ABU001202,Unlicensed,Unregistered,4,2.0,Silver,Grey,Yes,No,No,No,Yes,WA,https://www.grays.com/lot/0001-9067215/motor-vehicles-motor-cycles/2010-mitsubishi-lancer-es-sportback-cj-manual-hatchback,"Traction control light ON
ABS light ON
Seat Torn Both front
Paint peeling Various panels
Door card Worn.
Medium Scratch on various panels
Dents or marks on body consistent with age and kilometres.",23,"$1,409",01 March 2026
2008,HOLDEN,Commodore,Lumina VE,Sedan,Automatic,Petrol,301959,5.0,6G1EK55B59L222886,Unlicensed,Unregistered,6,3.6,Dark Blue,Black,Yes,No,No,No,Yes,WA,https://www.grays.com/lot/0001-9067210/motor-vehicles-motor-cycles/2008-holden-commodore-lumina-ve-automatic-sedan,"Airbag light ON
Door card Worn.
Seat Torn Both front
Large Dent on Various panels
Door Mirror Broken Passenger",9,$609,01 March 2026
2009,VOLKSWAGEN,Passat,125TDI 3C,Wagon,Automatic,Diesel,76138,5.0,WVWZZZ3CZAE062428,1DVR122,16-05-2026,4,2.0,Silver,Black Leather,Yes,No,No,Partial,Yes,WA,https://www.grays.com/lot/0001-9067204/motor-vehicles-motor-cycles/2009-volkswagen-passat-125tdi-3c-turbo-diesel-automatic-wagon,"Airbag light ON
Hood Lining Sagging
Large Scuff on Front bumper
Large Dent on Passenger A pillar",20,"$1,109",26 February 2026
2003,HOLDEN,Commodore,25TH ANNIVERSARY VY II,Sedan,Automatic,Petrol,316215,5.0,6G1YK52A54L194346,1BOP716,17-03-2026,6,3.8,White,Grey,Yes,No,No,No,Yes,WA,https://www.grays.com/lot/0001-9067203/motor-vehicles-motor-cycles/2003-holden-commodore-25th-anniversary-vy-ii-automatic-sedan,"Airbag light ON
Seat Torn Driver
Door card Damaged.
Dents or marks on body consistent with age and kilometres.",14,"$1,010",26 February 2026
2014,BMW,320d,320d F30,Sedan,Automatic,Diesel,160690,5.0,WBA3D36000NS45794,1GSU315,05-02-2027,4,2.0,White,Black Leather,Yes,No,No,Partial,Yes,WA,https://www.grays.com/lot/0001-9067202/motor-vehicles-motor-cycles/2014-bmw-320d-320d-f30-turbo-diesel-automatic-8-speed-sedan,"Dents or marks on body consistent with age and kilometres.
Front Seat worn Drivers
Medium Scuff on Front bumper",139,"$10,000",26 February 2026
2008,MAZDA,Cx-9,Luxury,Wagon,Automatic,Petrol,154835,7.0,JM0TB10A190112747,1CYM939,15-03-2026,6,3.7,Purple,Cream Leather,Yes,No,Yes,Partial,Yes,WA,https://www.grays.com/lot/0001-9067200/motor-vehicles-motor-cycles/2008-mazda-cx-9-luxury-automatic-7-seats-wagon,"Paint fading Various panels
Large Scuff on Passenger rear door
Dents or marks on body consistent with age and kilometres.
Front Seat worn drivers",36,"$2,550",26 February 2026
2010,MAZDA,Cx-9,Luxury,Wagon,Automatic,Petrol,227193,7.0,JM0TB10A3A0206201,1DSQ602,21-03-2026,6,3.7,Silver,Black Leather,Yes,No,No,No,Yes,WA,https://www.grays.com/lot/0001-9067199/motor-vehicles-motor-cycles/2010-mazda-cx-9-luxury-automatic-7-seats-wagon,"Dents or marks on body consistent with age and kilometres.
Medium Scuff on Various panels
Engine noise observed.
Front Seat worn drivers
Paint fading various panels",23,"$2,300",26 February 2026
2004,MERCEDES,Benz,E240 Classic W211,Sedan,Automatic,Petrol,267461,5.0,WDB2110612A616248,1DBU620,16-04-2026,6,2.6,White,Tan Leather,Yes,No,Yes,Partial,Yes,WA,https://www.grays.com/lot/0001-9067197/motor-vehicles-motor-cycles/2004-mercedes-benz-e240-classic-w211-automatic-sedan,"Seat Torn Both front
Door card Worn.
Other Warning light ON
Dents or marks on body consistent with age and kilometres.",14,"$1,400",26 February 2026
2007,KIA,Rio,EX JB,Sedan,Automatic,Petrol,255691,5.0,KNADE223376281547,1CTY176,08-04-2026,4,1.6,Silver,Charcoal,Yes,Yes,Yes,Partial,Yes,WA,https://www.grays.com/lot/0001-9067196/motor-vehicles-motor-cycles/2007-kia-rio-ex-jb-automatic-sedan,"Dents or marks on body consistent with age and kilometres.
Paint fading Roof
Medium Scratch on Various panels",21,"$1,509",26 February 2026
2010,HOLDEN,Caprice,WM II,Sedan,Automatic,Petrol,214439,5.0,6G1MY5EV2BL518815,1IUU267,31/03/2026,6,3.6,White,Black Leather,Yes,No,No,No,Yes,WA,https://www.grays.com/lot/0001-9067193/motor-vehicles-motor-cycles/2010-holden-caprice-wm-ii-automatic-sedan,"Dents or marks on body consistent with age and kilometres.
Seat Torn Front passenger seat
Front Seat worn Drivers seat",69,"$5,409",26 February 2026
2009,MITSUBISHI,Lancer,VR SPORTBACK CJ,Hatchback,CVT,Petrol,210636,5.0,JMFLTCX4A9U002254,1EML443,24-03-2026,4,2.0,Blue,Charcoal,Yes,Yes,Yes,Partial,Yes,WA,https://www.grays.com/lot/0001-9067192/motor-vehicles-motor-cycles/2009-mitsubishi-lancer-vr-sportback-cj-cvt-hatchback,"Dents or marks on body consistent with age and kilometres.
Paint peeling Various panels
Engine light ON
ABS light ON
Medium Scuff on Rear right quater",14,"$1,209",26 February 2026
2015,VOLKSWAGEN,Polo,81TSI COMFORTLINE 6R,Hatchback,Automatic,Petrol,179963,5.0,WVWZZZ6RZFU063613,1IMU874,18-05-2026,4,1.2,White,Charcoal,Yes,No,No,No,Yes,WA,https://www.grays.com/lot/0001-9067191/motor-vehicles-motor-cycles/2015-volkswagen-polo-81tsi-comfortline-6r-automatic-hatchback,Dents or marks on body consistent with age and kilometres.,40,"$5,001",26 February 2026
2013,FORD,Focus,Trend LW II,Sedan,Automatic,Petrol,116029,5.0,MPB2XXMXB2DE55249,1ELZ334,16-01-2027,4,2.0,Dark Grey,Charcoal,Yes,Yes,Yes,Yes,Yes,WA,https://www.grays.com/lot/0001-9067187/motor-vehicles-motor-cycles/2013-ford-focus-trend-lw-ii-automatic-sedan,"Dents or marks on body consistent with age and kilometres.
Engine light ON
Medium Scuff on Front bumper",24,"$1,209",25 February 2026
2014,NISSAN,Pulsar,ST C12,Hatchback,CVT,Petrol,109499,5.0,MNTFAAC12A0006108,1EOJ922,24/08/2026,4,1.8,Navy Blue,Charcoal,Yes,Yes,No,No,Yes,WA,https://www.grays.com/lot/0001-9067185/motor-vehicles-motor-cycles/2014-nissan-pulsar-st-c12-cvt-hatchback,"Dents or marks on body consistent with age and kilometres.
Door card Worn.
Large Scuff on Drivers side
Large Scratch on Drivers side
Medium Dent on rear bumper",18,"$1,109",25 February 2026
2018,VOLVO,Xc60,D4 MOMENTUM,Wagon,Automatic,Diesel,144973,5.0,YV1UZA8ACJ1104327,1FCT594,15-02-2026,4,2.0,Grey,Black Leather,Yes,No,Yes,Partial,Yes,WA,https://www.grays.com/lot/0001-9067184/motor-vehicles-motor-cycles/2018-volvo-xc60-d4-momentum-turbo-diesel-automatic-8-speed-wagon,"Dents or marks on body consistent with age and kilometres.
Other Warning light ON",166,"$17,102",25 February 2026
2011,FORD,Ranger,XL 4X4 PK Dual,Dual Cab,Automatic,Diesel,249627,5.0,MNAUSFE90BW939900,1DQR752,04-04-2026,4,3.0,White,Charcoal,Yes,No,Yes,Partial,Yes,WA,https://www.grays.com/lot/0001-9067179/motor-vehicles-motor-cycles/2011-ford-ranger-xl-4x4-pk-turbo-diesel-automatic-dual-cab,"Dents or marks on body consistent with age and kilometres.
Corrosion visible Various locations
Door Mirror Broken Drivers side
Damaged Both rear lights",77,"$4,109",25 February 2026
2012,TOYOTA,Camry,Hybrid H AVV50R,Sedan,CVT,Hybrid,342822,5.0,6T1BD3FK90X126193,1EGK104,Unregistered,4,2.5,Red,Black,Yes,No,Yes,Partial,Yes,WA,https://www.grays.com/lot/0001-9067177/motor-vehicles-motor-cycles/2012-toyota-camry-hybrid-h-avv50r-cvt-sedan,"Other Warning light ON
Engine light ON
Dents or marks on body consistent with age and kilometres.
Front Seat worn Both
Door card Worn.
Medium Scratch on Front bumper
Medium Scuff on Rear bumper
Paint fading various panels",36,"$3,209",25 February 2026
2006,HYUNDAI,Getz,SX TB,Hatchback,Automatic,Petrol,238977,5.0,KMHBT51BR7U636635,1HKK271,14-03-2026,4,1.6,White,Charcoal,Yes,No,No,No,Yes,WA,https://www.grays.com/lot/0001-9067176/motor-vehicles-motor-cycles/2006-hyundai-getz-sx-tb-automatic-hatchback,"Dents or marks on body consistent with age and kilometres.
Medium Dent on Various panels
Paint fading Various panels
Front bumper Cracked bumper.",21,"$1,809",25 February 2026
2015,BMW,X3,xDrive 30d F25,Wagon,Automatic,Diesel,224640,5.0,WBAWY520200R03938,1EWG790,22-09-2026,6,3.0,Black,Black Leather,Yes,Yes,No,Yes,Yes,WA,https://www.grays.com/lot/0001-9067175/motor-vehicles-motor-cycles/2015-bmw-x3-xdrive-30d-f25-turbo-diesel-automatic-8-speed-wagon,"Large Scuff on driver door
Medium Dent on driver rear door
Windscreen Chipped or Cracked.
Other Warning light ON",120,"$8,400",25 February 2026
2014,BMW,X3,xDrive 20d F25,Wagon,Automatic,Diesel,175465,5.0,WBAWY320500H08679,1ENP945,20-07-2026,4,2.0,Red,Black Leather,Yes,Yes,Yes,Partial,Yes,WA,https://www.grays.com/lot/0001-9067171/motor-vehicles-motor-cycles/2014-bmw-x3-xdrive-20d-f25-turbo-diesel-automatic-8-speed-wagon,"Dents or marks on body consistent with age and kilometres.
Medium Scratch on Front right quater panel
Other Warning light ON",124,"$9,050",25 February 2026
2012,HONDA,Accord,EURO Luxury 8TH GEN,Sedan,Automatic,Petrol,153151,5.0,JHMCU2680CC208255,1IWO346,30-05-2026,4,2.4,Black,Black Leather,Yes,Yes,Yes,Yes,Yes,WA,https://www.grays.com/lot/0001-9067170/motor-vehicles-motor-cycles/2012-honda-accord-euro-luxury-8th-gen-automatic-sedan,"Dents or marks on body consistent with age and kilometres.
Seat Torn Both front seats
Paint fading Roof",81,"$8,000",25 February 2026
2019,SUBARU,Forester,2.5i-L S5,Wagon,CVT,Petrol,422087,5.0,JF2SK9KL5KG018999,1IHY412,11-06-2026,4,2.5,White,Charcoal,Yes,Yes,Yes,Yes,Yes,WA,https://www.grays.com/lot/0001-9067190/motor-vehicles-motor-cycles/2019-subaru-forester-2-5i-l-s5-cvt-wagon,Dents or marks on body consistent with age and kilometres.,74,"$6,700",26 February 2026
2014,TOYOTA,Hilux,4X4 SR5 KUN26R Dual,Dual Cab,Manual,Diesel,206540,5.0,MR0FZ29G201747767,Unlicensed - Plates to be removed,Unregistered,4,3.0,White,Charcoal,Yes,No,No,No,Yes,WA,https://www.grays.com/lot/0001-9067157/motor-vehicles-motor-cycles/2014-toyota-hilux-4x4-sr5-kun26r-turbo-diesel-manual-dual-cab,"Dents or marks on body consistent with age and kilometres.
Medium Dent on Various panels
Medium Scratch on Various panels
Engine light ON
Other Warning light ON",148,"$11,600",24 February 2026
2014,FORD,Ranger,XL 4X2 Hi-Rider PX Dual,Dual Cab,Automatic,Diesel,271561,5.0,MNAUMFF80EW275070,1HTO037,01-06-2026,4,2.2,White,Charcoal,Yes,Yes,No,No,Yes,WA,https://www.grays.com/lot/0001-9067148/motor-vehicles-motor-cycles/2014-ford-ranger-xl-4x2-hi-rider-px-turbo-diesel-automatic-dual-cab,"Dents or marks on body consistent with age and kilometres.
Large Dent on Left side",30,"$3,900",24 February 2026
2008,MITSUBISHI,Outlander,VRX ZG,Wagon,Automatic,Petrol,258108,7.0,JMFXLCW6W8Z001993,Unlicensed,Unregistered,6,3.0,White,Black Leather,Yes,No,Yes,Partial,Yes,WA,https://www.grays.com/lot/0001-9067169/motor-vehicles-motor-cycles/2008-mitsubishi-outlander-vrx-zg-automatic-7-seats-wagon,"Dents or marks on body consistent with age and kilometres.
Engine light ON
Medium Scratch on Various panels
Front Seat worn Drivers seat",10,$609,25 February 2026
2013,BMW,X3,xDrive 20d F25,Wagon,Automatic,Diesel,149699,5.0,WBAWY320000H06550,1ENX887,11-03-2026,4,2.0,Champagne,Black Leather,Yes,No,Yes,Partial,Yes,WA,https://www.grays.com/lot/0001-9067168/motor-vehicles-motor-cycles/2013-bmw-x3-xdrive-20d-f25-turbo-diesel-automatic-8-speed-wagon,"Dents or marks on body consistent with age and kilometres.
Medium Scratch on Various panels",125,"$8,450",25 February 2026
2010,MAZDA,3,Neo BL,Sedan,Automatic,Petrol,242338,5.0,JM0BL10F100184541,1EUW645,Unregistered,4,2.0,Dark Grey,Grey,Yes,Yes,No,Yes,Yes,WA,https://www.grays.com/lot/0001-9067167/motor-vehicles-motor-cycles/2010-mazda-3-neo-bl-automatic-sedan,"ABS light ON
Traction control light ON
Paint fading Various panels
Medium Scuff on Rear left quarter
Front Seat Marks drivers",25,"$1,709",25 February 2026
2012,FORD,Focus,Ambiente LW II,Hatchback,Manual,Petrol,96217,5.0,MPB1XXMXB1CE07096,1DZY542,16-03-2026,4,1.6,Blue,Charcoal,Yes,No,Yes,Partial,Yes,WA,https://www.grays.com/lot/0001-9067166/motor-vehicles-motor-cycles/2012-ford-focus-ambiente-lw-ii-manual-hatchback,"Dents or marks on body consistent with age and kilometres.
Paint fading Rear bumper
Engine noise observed.",36,"$2,509",25 February 2026
2012,BMW,X3,xDrive 20d F25,Wagon,Automatic,Diesel,143994,5.0,WBAWY32070L684915,1GRB878,15-04-2026,4,2.0,Light Blue,Cream Leather,Yes,Yes,Yes,Partial,Yes,WA,https://www.grays.com/lot/0001-9067165/motor-vehicles-motor-cycles/2012-bmw-x3-xdrive-20d-f25-turbo-diesel-automatic-8-speed-wagon,"Dents or marks on body consistent with age and kilometres.
Medium Scuff on Front and Rear bumper",128,"$8,109",25 February 2026
2005,HOLDEN,Cruze,YG,Wagon,Automatic,Petrol,157722,5.0,JSAGHY81S00124237,1CET822,13-03-2026,4,1.5,Yellow,Charcoal,Yes,No,Yes,Partial,Yes,WA,https://www.grays.com/lot/0001-9067164/motor-vehicles-motor-cycles/2005-holden-cruze-yg-automatic-wagon,"Dents or marks on body consistent with age and kilometres.
Paint fading Various panels
Medium Scratch on Various panels",32,"$2,009",25 February 2026
2018,MITSUBISHI,Outlander,LS AWD ZL,Wagon,CVT,Petrol,144927,7.0,JMFXTGF8WKZ004540,1HLP477,01-05-2026,4,2.4,White,Black,Yes,Yes,Yes,Yes,Yes,WA,https://www.grays.com/lot/0001-9067163/motor-vehicles-motor-cycles/2018-mitsubishi-outlander-ls-awd-zl-cvt-7-seats-wagon,"Large Scuff on Various along passenger side
Large Dent on Passenger rear quarter and door
Dents or marks on body consistent with age and kilometres.
Medium Scratch on various panels",127,"$13,250",25 February 2026
2010,SUZUKI,Kizashi,XL FR,Sedan,CVT,Petrol,239364,5.0,JSAFRE91S00110758,1IVT649,08-04-2026,4,2.4,Black,Charcoal,Yes,No,Yes,Partial,Yes,WA,https://www.grays.com/lot/0001-9067161/motor-vehicles-motor-cycles/2010-suzuki-kizashi-xl-fr-cvt-sedan,"Dents or marks on body consistent with age and kilometres.
Paint fading Lightly various panels
Medium Scratch on Various panels",30,"$1,909",25 February 2026
2013,MAZDA,6,Atenza GJ,Wagon,Automatic,Diesel,223491,5.0,JM0GJ102100120927,1IST009,04-03-2026,4,2.2,Silver,Black Leather,Yes,No,No,No,Yes,WA,https://www.grays.com/lot/0001-9067146/motor-vehicles-motor-cycles/2013-mazda-6-atenza-gj-turbo-diesel-automatic-wagon,"Paint fading Roof and bonnet
Dents or marks on body consistent with age and kilometres.",53,"$5,000",24 February 2026
2002,MERCEDES,Benz,ML270CDI W163,Wagon,Automatic,Diesel,287037,7.0,WDC1631132A392815,1CMR415,09-07-2026,5,2.7,Silver,Black Leather,Yes,Yes,No,Partial,Yes,WA,https://www.grays.com/lot/0001-9067145/motor-vehicles-motor-cycles/2002-mercedes-benz-ml270cdi-w163-turbo-diesel-automatic-7-seats-wagon,"Medium Scratch on Various panels
Front and Rear Cracked bumper.
Paint peeling Various panels
Other Warning light ON
Front Seat worn Both front seats
Door card Worn.
Engine Oil Leak
Seat Torn drivers seat
Dents or marks on body consistent with age and kilometres.",13,$709,25 February 2026
2012,BMW,X5,xDrive 40d SPORT E70 LCI,Wagon,Automatic,Diesel,173528,5.0,WBAZW620500A91658,1EGO326,19-03-2026,6,3.0,Grey,Black Leather,Yes,Yes,Yes,Partial,Yes,WA,https://www.grays.com/lot/0001-9067144/motor-vehicles-motor-cycles/2012-bmw-x5-xdrive-40d-sport-e70-lci-turbo-diesel-automatic-8-speed-wagon,"Dents or marks on body consistent with age and kilometres.
Front Seat worn driver side
Medium Scratch on various panels
Paint fading on various panels",113,"$10,200",25 February 2026
2016,BMW,X1,xDrive25i F48,Wagon,Automatic,Petrol,146130,5.0,WBAHT120405C25943,1IWB091,12-05-2026,4,2.0,White,Cream Leather,Yes,Yes,Yes,Yes,Yes,WA,https://www.grays.com/lot/0001-9067143/motor-vehicles-motor-cycles/2016-bmw-x1-xdrive25i-f48-automatic-8-speed-wagon,"Dents or marks on body consistent with age and kilometres.
Front Seat worn drivers",170,"$12,800",25 February 2026
2017,HOLDEN,Astra,R BK,Hatchback,Automatic,Petrol,69485,5.0,W0LBF6EC2HG153218,1GLJ601,25-06-2026,4,1.4,Red,Charcoal,Yes,Yes,Yes,Partial,Yes,WA,https://www.grays.com/lot/0001-9067142/motor-vehicles-motor-cycles/2017-holden-astra-r-bk-automatic-hatchback,"Medium Scratch on Various panels
Paint peeling on various panels
Dents or marks on body consistent with age and kilometres.",46,"$5,810",25 February 2026
2014,VOLKSWAGEN,Touareg,150TDI 7P,Wagon,Automatic,Diesel,143702,5.0,WVGZZZ7PZFD001871,1IXD688,12-07-2026,6,3.0,White,Black Leather,Yes,No,Yes,Partial,Yes,WA,https://www.grays.com/lot/0001-9067141/motor-vehicles-motor-cycles/2014-volkswagen-touareg-150tdi-7p-turbo-diesel-automatic-8-speed-wagon,Dents or marks on body consistent with age and kilometres.,188,"$13,300",25 February 2026
2014,MITSUBISHI,Lancer,ES CJ,Sedan,Manual,Petrol,148337,5.0,JMFSNCY4AFU000879,1EQL549,03-02-2027,4,2.0,Blue,Charcoal,Yes,No,Yes,Yes,Yes,WA,https://www.grays.com/lot/0001-9067140/motor-vehicles-motor-cycles/2014-mitsubishi-lancer-es-cj-manual-sedan,"Dents or marks on body consistent with age and kilometres.
Medium Scratch on Front left quater panel
Door card Worn.
Front Seat worn drivers",94,"$7,409",25 February 2026
2015,BMW,X3,xDrive 20i F25,Wagon,Automatic,Petrol,118123,5.0,WBAWX320500N50859,1EXT101,27-07-2026,4,2.0,White,Black Leather,Yes,Yes,Yes,Partial,Yes,WA,https://www.grays.com/lot/0001-9067139/motor-vehicles-motor-cycles/2015-bmw-x3-xdrive-20i-f25-automatic-8-speed-wagon,"Dents or marks on body consistent with age and kilometres.
Medium Scuff on Front bumper
Front Seat worn drivers
Paint cracked bumper",180,"$12,811",25 February 2026
2003,BMW,Z4,2.5I E85,Convertible,Automatic,Petrol,132056,2.0,WBABT32050LS22995,1INH285,19-04-2026,6,2.5,Black,Red Leather,Yes,Yes,Yes,Partial,Yes,WA,https://www.grays.com/lot/0001-9067138/motor-vehicles-motor-cycles/2003-bmw-z4-2-5i-e85-automatic-convertible,"Dents or marks on body consistent with age and kilometres.
Radio Missing",102,"$7,300",25 February 2026
2016,TOYOTA,Kluger,4X4 GX GSU55R,Wagon,Automatic,Petrol,227173,7.0,5TDBK3FH90S337815,1GDW972,20-03-2026,6,3.5,White,Charcoal,Yes,Yes,Yes,Partial,Yes,WA,https://www.grays.com/lot/0001-9067136/motor-vehicles-motor-cycles/2016-toyota-kluger-4x4-gx-gsu55r-automatic-7-seats-wagon,"Flat Battery. Jump start or towing required
Dents or marks on body consistent with age and kilometres.",135,"$11,200",26 February 2026
2012,AUDI,A1,1.4 TFSI ATTRACTION 8X,Hatchback,Automatic,Petrol,143058,5.0,WAUZZZ8X4DB045629,1EKC718,07-10-2025,4,1.4,Light Blue,Charcoal,Yes,Yes,Yes,Partial,Yes,WA,https://www.grays.com/lot/0001-9067131/motor-vehicles-motor-cycles/2012-audi-a1-1-4-tfsi-attraction-8x-automatic-hatchback,"Dents or marks on body consistent with age and kilometres.
Windscreen Chipped or Cracked.
Front Seat worn Drivers",52,"$4,600",22 February 2026
2006,HONDA,Legend,,Sedan,Automatic,Petrol,189117,5.0,JHMKB16507C200765,1ILW723,28-02-2026,6,3.5,White,Beige Leather,Yes,No,Yes,Partial,Yes,WA,https://www.grays.com/lot/0001-9067135/motor-vehicles-motor-cycles/2006-honda-legend-automatic-sedan,"Engine light ON
Glovebox Marks
Paint peeling Rear bumper
Door card Worn.
Front Seat worn drivers
Dents or marks on body consistent with age and kilometres.",14,"$1,400",24 February 2026
2005,HYUNDAI,Tucson,City,Wagon,Automatic,Petrol,219008,5.0,KMHJN81BR6U311885,Unlicensed,Unregistered,4,2.0,Silver,Grey,Yes,No,No,Partial,Yes,WA,https://www.grays.com/lot/0001-9067134/motor-vehicles-motor-cycles/2005-hyundai-tucson-city-automatic-wagon,"Engine light ON
Paint peeling Both bumpers",11,$909,24 February 2026
2014,FORD,Focus,Trend LW II,Hatchback,Automatic,Petrol,175803,5.0,MPB1XXMXB1EL57565,1IHL475,23-04-2026,4,2.0,Blue,Charcoal,Yes,Yes,Yes,Partial,Yes,WA,https://www.grays.com/lot/0001-9067122/motor-vehicles-motor-cycles/2014-ford-focus-trend-lw-ii-automatic-hatchback,"Dents or marks on body consistent with age and kilometres.
Engine light ON
Front Seat worn Drivers
Large Scratch on Drivers rear side
Medium Dent on Boot door roof
Corrosion visible Various locations
Damaged Rear passenger
Large Scratch on Rear passenger door",13,"$1,300",24 February 2026
2009,SUBARU,Liberty,3.6R PREMIUM B5,Sedan,Automatic,Petrol,187721,5.0,JF1BMFKU3AG003982,1DGE404,21-04-2026,6,3.6,Black,Black Leather,Yes,Yes,Yes,Partial,Yes,WA,https://www.grays.com/lot/0001-9067121/motor-vehicles-motor-cycles/2009-subaru-liberty-3-6r-premium-b5-automatic-sedan,"Front Seat worn driver
Paint fading bonnet and roof
Dents or marks on body consistent with age and kilometres.",95,"$7,700",24 February 2026
2007,HOLDEN,Epica,CDXi EP,Sedan,Automatic,Petrol,215766,5.0,KL3LA69LJ7B086996,1CTH683,26-02-2026,6,2.5,Silver,Black Leather,Yes,No,Yes,Partial,Yes,WA,https://www.grays.com/lot/0001-9067119/motor-vehicles-motor-cycles/2007-holden-epica-cdxi-ep-automatic-sedan,"Dents or marks on body consistent with age and kilometres.
Engine Smoke visible
Medium Scuff on Left side all over
Airbag light ON
front Cracked bumper.
Paint fading various panels
Paint cracked front bumper",11,$800,24 February 2026
2013,NISSAN,Pathfinder,Ti R52,Wagon,CVT,Petrol,273360,7.0,5N1AR2MM6EC634076,1EPA313,30/03/2026,6,3.5,Silver,Black Leather,Yes,Yes,Yes,Partial,Yes,WA,https://www.grays.com/lot/0001-9067129/motor-vehicles-motor-cycles/2013-nissan-pathfinder-ti-r52-cvt-7-seats-wagon,"Seat Torn Driver
Medium Dent on Various panels
Paint fading Passenger doors
Dents or marks on body consistent with age and kilometres.
Medium Scratch on various panels",48,"$3,809",25 February 2026
2012,JEEP,Compass,Sport,Wagon,Manual,Petrol,157972,5.0,1C4NJCFA1DD188918,1IOW693,27-03-2026,4,2.0,White,Grey,Yes,No,Yes,No,Yes,WA,https://www.grays.com/lot/0001-9067128/motor-vehicles-motor-cycles/2012-jeep-compass-sport-manual-wagon,Paint cracked Front bumper,28,"$2,700",25 February 2026
2013,NISSAN,Juke,Ti-S F15,Wagon,CVT,Petrol,176327,5.0,SJNFANF15A6461655,1HIM826,03/03/2026,4,1.6,Silver,Black Leather,Yes,Yes,Yes,Partial,Yes,WA,https://www.grays.com/lot/0001-9067127/motor-vehicles-motor-cycles/2013-nissan-juke-ti-s-f15-cvt-wagon,"Seat Torn Driver
Large Dent on Passenger rear door
Medium Scratch on various panels
Dents or marks on body consistent with age and kilometres.",8,$609,25 February 2026
2007,VOLKSWAGEN,Passat,2.0 TFSI 3C,Sedan,Automatic,Petrol,197197,5.0,WVWZZZ3CZ7P145833,1DYC299,12/03/2026,4,2.0,Silver,Black Leather,Yes,Yes,No,Partial,Yes,WA,https://www.grays.com/lot/0001-9067126/motor-vehicles-motor-cycles/2007-volkswagen-passat-2-0-tfsi-3c-automatic-sedan,"Hood Lining Sagging
Engine idling rough
Paint peeling bonnet",17,"$1,409",25 February 2026
2017,HYUNDAI,Accent,Active RB,Hatchback,Manual,Petrol,169259,5.0,KMHCT51BLHU338889,Unlicensed - Plates to be removed,Unregistered,4,1.4,White,Charcoal,Yes,No,No,No,Yes,WA,https://www.grays.com/lot/0001-9067100/motor-vehicles-motor-cycles/2017-hyundai-accent-active-rb-manual-hatchback,"Front Cracked bumper.
Medium Dent on Various panels
Dents or marks on body consistent with age and kilometres.",53,"$3,800",22 February 2026
2010,MITSUBISHI,Lancer,SX CJ,Sedan,CVT,Petrol,228239,5.0,JMFSTCY4ABU003167,Unlicensed,Unregistered,4,2.0,Black,Charcoal,Yes,No,No,No,Yes,WA,https://www.grays.com/lot/0001-9067097/motor-vehicles-motor-cycles/2010-mitsubishi-lancer-sx-cj-cvt-sedan,"Engine light ON
Paint peeling Roof with surface rust showing through
Medium Scuff on Various panels
Dents or marks on body consistent with age and kilometres.",22,"$1,500",22 February 2026
2013,SUBARU,Forester,2.5i-L S4,Wagon,CVT,Petrol,214019,5.0,JF2SJ9KC5DG008904,1GGD190,24-03-2026,4,2.5,Blue,Charcoal,Yes,No,Yes,Partial,Yes,WA,https://www.grays.com/lot/0001-9067117/motor-vehicles-motor-cycles/2013-subaru-forester-2-5i-l-s4-cvt-wagon,"Dents or marks on body consistent with age and kilometres.
Paint fading Roof
Medium Scuff on Rear left door/quater panel",64,"$5,209",24 February 2026
2017,VOLKSWAGEN,Tiguan,162TSI HIGHLINE MK2,Wagon,Automatic,Petrol,119739,5.0,WVGZZZ5NZJW876659,1GMH770,13-05-2026,4,2.0,White,Black Leather,Yes,Yes,No,Partial,Yes,WA,https://www.grays.com/lot/0001-9067115/motor-vehicles-motor-cycles/2017-volkswagen-tiguan-162tsi-highline-mk2-automatic-wagon,"Dents or marks on body consistent with age and kilometres.
Front Seat worn Passenger seat",183,"$17,100",24 February 2026
2012,AUDI,Q5,2.0 TDI Quattro 8R,Wagon,Automatic,Diesel,225646,5.0,WAUZZZ8R9CA079149,1HPM857,04-03-2026,4,2.0,White,Black Leather,Yes,Yes,Yes,Partial,Yes,WA,https://www.grays.com/lot/0001-9067114/motor-vehicles-motor-cycles/2012-audi-q5-2-0-tdi-quattro-8r-turbo-diesel-automatic-wagon,"Large Dent on Driver fender
Medium Scuff on Front bumper
Paint fading on various panels
Medium Scratch on various panels",56,"$4,300",24 February 2026
2012,VOLKSWAGEN,Polo,77TSI COMFORTLINE 6R,Hatchback,Automatic,Petrol,162438,5.0,WVWZZZ6RZDU028656,1ECS128,22-07-2026,4,1.2,Red,Grey,Yes,Yes,Yes,Partial,Yes,WA,https://www.grays.com/lot/0001-9067113/motor-vehicles-motor-cycles/2012-volkswagen-polo-77tsi-comfortline-6r-automatic-hatchback,"Engine light ON
Dents or marks on body consistent with age and kilometres.",25,"$2,309",24 February 2026
2018,JAGUAR,E-pace,183kW S 9,Wagon,Automatic,Petrol,87292,5.0,SADFA2AXXJ1Z30650,1GRP296,01-07-2026,4,2.0,White,Black Leather,Yes,Yes,No,No,Yes,WA,https://www.grays.com/lot/0001-9067112/motor-vehicles-motor-cycles/2018-jaguar-e-pace-183kw-s-9-auto-wagon,"Dents or marks on body consistent with age and kilometres.
Other Warning light ON",197,"$12,300",24 February 2026
2016,TOYOTA,Kluger,4X2 GRANDE GSU50R,Wagon,Automatic,Petrol,264074,7.0,5TDYK3FH00S173235,1GKA972,19-11-2026,6,3.5,Silver,Black Leather,Yes,Yes,Yes,No,Yes,WA,https://www.grays.com/lot/0001-9067111/motor-vehicles-motor-cycles/2016-toyota-kluger-4x2-grande-gsu50r-automatic-7-seats-wagon,"Dents or marks on body consistent with age and kilometres.
Damaged LHF Headlight
Medium Scuff on various panels",79,"$11,600",24 February 2026
2003,VOLKSWAGEN,New,Beetle 2.0 Cabriolet A4,Convertible,Automatic,Petrol,254074,4.0,WVWZZZ1YZ3M320675,1GXQ381,27-02-2026,4,2.0,Light Blue,Black Leather,Yes,Yes,No,Partial,Yes,WA,https://www.grays.com/lot/0001-9067104/motor-vehicles-motor-cycles/2003-volkswagen-new-beetle-2-0-cabriolet-a4-automatic-convertible,"Seat Torn Driver’s
Engine idling rough
Door card Worn.
Dents or marks on body consistent with age and kilometres.
Paint peeling Various panels
Damaged Right taillight cracked",19,"$1,409",24 February 2026
2002,FORD,Escape,XLS BA,Wagon,Automatic,Petrol,189926,5.0,JC0YU021721106862,1BFE756,13-04-2026,6,3.0,Red,Cream,Yes,Yes,Yes,Partial,Yes,WA,https://www.grays.com/lot/0001-9067102/motor-vehicles-motor-cycles/2002-ford-escape-xls-ba-automatic-wagon,"Dents or marks on body consistent with age and kilometres.
Paint fading Various panels
Medium Scratch on Various panels
Door Mirror Broken Left side",11,$512,24 February 2026
2010,HONDA,Accord,VTi 8TH GEN,Sedan,Automatic,Petrol,268571,5.0,MRHCP2630AP031262,Unlicensed,Unregistered,4,2.4,White,Charcoal,Yes,No,No,No,Yes,WA,https://www.grays.com/lot/0001-9067095/motor-vehicles-motor-cycles/2010-honda-accord-vti-8th-gen-automatic-sedan,"Engine light ON
Paint peeling Various panels
Medium Dent on Various panels
Front Seat worn driver side
Dents or marks on body consistent with age and kilometres.
Medium Scratch on various panels",15,"$1,009",22 February 2026
2014,FORD,Ranger,Wildtrak 4x4 PX Dual,Dual Cab,Automatic,Diesel,207311,5.0,MNAUMFF50EW266897,1ITW118,27-02-2026,5,3.2,Orange,Black Leather,Yes,Yes,No,No,Yes,WA,https://www.grays.com/lot/0001-9067092/motor-vehicles-motor-cycles/2014-ford-ranger-wildtrak-4x4-px-turbo-diesel-automatic-dual-cab,"Dents or marks on body consistent with age and kilometres.
ABS light ON
Traction control light ON
Other Warning light ON
Front Seat worn Both front seats
Medium Scratch on Various panels
Seat Torn driver side
Paint fading on various panels
Medium Dent on various panels",84,"$11,100",24 February 2026
2013,VOLKSWAGEN,Amarok,TDI400 2H,Cab Chassis,Manual,Diesel,239426,2.0,WV1ZZZ2HZDA031926,1IMF469,15-07-2026,4,2.0,White,Charcoal,Yes,No,Yes,Partial,Yes,WA,https://www.grays.com/lot/0001-9067091/motor-vehicles-motor-cycles/2013-volkswagen-amarok-tdi400-2h-turbo-diesel-manual-cab-chassis,Dents or marks on body consistent with age and kilometres.,71,"$5,000",24 February 2026
2006,NISSAN,X-trail,ST T30,Wagon,Manual,Petrol,386685,5.0,JN1TBNT30A0205266,MY10226,Unregistered,4,2.5,Silver,Grey,Yes,No,Yes,Partial,Yes,WA,https://www.grays.com/lot/0001-9067088/motor-vehicles-motor-cycles/2006-nissan-x-trail-st-t30-manual-wagon,"Paint fading Various panels
Medium Dent on Various panels",12,$812,24 February 2026
2009,SUBARU,Impreza,RS G3,Hatchback,Manual,Petrol,208392,5.0,JF1GH7KF39G033934,1EUF033,25/03/2026,4,2.0,Silver,Charcoal,Yes,No,Yes,Partial,Yes,WA,https://www.grays.com/lot/0001-9067086/motor-vehicles-motor-cycles/2009-subaru-impreza-rs-g3-manual-hatchback,"Paint peeling Various panels
Paint peeling Both bumpers
Damaged RH taillight
Dents or marks on body consistent with age and kilometres.
Medium Dent on various panels
Medium Scratch on various panels
Door card Worn.",44,"$3,009",24 February 2026
2009,FORD,Mondeo,LX MB,Hatchback,Automatic,Petrol,302553,5.0,WF0EXXGBBE9G41775,1DFM380,10-04-2026,4,2.3,White,Charcoal,Yes,No,Yes,Partial,Yes,WA,https://www.grays.com/lot/0001-9067085/motor-vehicles-motor-cycles/2009-ford-mondeo-lx-mb-automatic-hatchback,"Dents or marks on body consistent with age and kilometres.
Medium Dent on Various panels
Both bumpers Cracked bumper.
Front Seat worn driver side
Body/panel damage Rear panel
Door card Worn.
Medium Scratch on various panels",10,$609,24 February 2026
2016,FORD,Escape,TITANIUM AWD ZG,Wagon,Automatic,Petrol,237259,5.0,WF0AXXWPMAGY07168,1ITA639,30-10-2026,4,2.0,Blue,Black Leather,Yes,Yes,Yes,Yes,Yes,WA,https://www.grays.com/lot/0001-9067084/motor-vehicles-motor-cycles/2016-ford-escape-titanium-awd-zg-automatic-wagon,"Engine idling rough
Front Cracked bumper.
Medium Scuff on Various panels",37,"$3,900",24 February 2026
2009,JEEP,Wrangler,Unlimited Sport JK,Wagon,Automatic,Diesel,211237,5.0,1J4BE3H52AL114538,BY323S,18-05-2026,4,2.8,Black,Charcoal,Yes,No,Yes,Partial,Yes,WA,https://www.grays.com/lot/0001-9067083/motor-vehicles-motor-cycles/2009-jeep-wrangler-unlimited-sport-jk-turbo-diesel-automatic-wagon,"Dents or marks on body consistent with age and kilometres.
Paint fading Various panels",104,"$8,520",24 February 2026
2012,TOYOTA,Landcruiser,Prado GX KDJ150R,Wagon,Manual,Diesel,382075,5.0,JTEBH3FJ80K081610,1ECM004,01-03-2026,4,3.0,White,Charcoal,Yes,Yes,Yes,Partial,Yes,WA,https://www.grays.com/lot/0001-9067082/motor-vehicles-motor-cycles/2012-toyota-landcruiser-prado-gx-kdj150r-turbo-diesel-manual-wagon,"Dents or marks on body consistent with age and kilometres.
Engine Smoke visible
Medium Dent on Various panels
Medium Scratch on Various panels
Windscreen Chipped or Cracked.",124,"$11,000",24 February 2026
2013,JEEP,Grand,Cherokee Laredo WK,Wagon,Automatic,Petrol,191713,5.0,1C4RJEEG4EC218391,1HGQ202,24-03-2026,6,3.6,White,Grey,Yes,No,No,Partial,Yes,WA,https://www.grays.com/lot/0001-9067080/motor-vehicles-motor-cycles/2013-jeep-grand-cherokee-laredo-wk-automatic-8-speed-wagon,Front Seat Stains Driver,19,"$1,709",24 February 2026
2012,VOLKSWAGEN,Passat,118TSI 3C,Sedan,Automatic,Petrol,191151,5.0,WVWZZZ3CZCE138612,"1DXE266, Please note this vehicle license has expired but can be paid until 10/05/2026. Vehicle license must be renewed online before this date and time of collection; otherwise, this vehicle will be sold unregistered, without plates.",10-02-2026,4,1.8,Silver,Black Leather,Yes,No,Yes,Partial,Yes,WA,https://www.grays.com/lot/0001-9067079/motor-vehicles-motor-cycles/2012-volkswagen-passat-118tsi-3c-automatic-sedan,"Dents or marks on body consistent with age and kilometres.
Engine noise observed.
Front Seat worn Drivers seat
Medium Dent on Various panels
Large Scratch on Left side of vehicle
Other Warning light ON
Medium Scratch on various panels
Paint fading on various panels",26,"$1,909",24 February 2026
2010,HYUNDAI,Ix35,HIGHLANDER AWD LM,Wagon,Automatic,Diesel,266929,5.0,KMHJU81VSBU222883,1DPG903,29-06-2026,4,2.0,Silver,Black Leather,Yes,Yes,Yes,Yes,Yes,WA,https://www.grays.com/lot/0001-9067075/motor-vehicles-motor-cycles/2010-hyundai-ix35-highlander-awd-lm-turbo-diesel-automatic-wagon,"Dents or marks on body consistent with age and kilometres.
Medium Scratch on Front left door
Front Seat worn Both front seats",65,"$5,700",24 February 2026
2008,LEXUS,Rx,RX350 SPORTS LUXURY GSU35R,Wagon,Automatic,Petrol,285545,5.0,JTJHK31U402857469,1CVQ821,24-09-2026,6,3.5,White,Cream Leather,Yes,No,Yes,Partial,Yes,WA,https://www.grays.com/lot/0001-9067074/motor-vehicles-motor-cycles/2008-lexus-rx-rx350-sports-luxury-gsu35r-automatic-wagon,Dents or marks on body consistent with age and kilometres.,49,"$3,309",24 February 2026
2011,LAND,Rover,Range Rover Evoque Si4 PRESTIGE,Wagon,Automatic,Petrol,165602,5.0,SALVA2AG5CH620254,1DYF310,19-04-2026,4,2.0,Black,Cream Leather,Yes,Yes,No,No,Yes,WA,https://www.grays.com/lot/0001-9067072/motor-vehicles-motor-cycles/2011-land-rover-range-rover-evoque-si4-prestige-automatic-wagon,"Engine light ON
Front Seat worn Both
Door card Worn.
Dents or marks on body consistent with age and kilometres.
Other Warning light ON",54,"$6,300",24 February 2026
2012,NISSAN,Leaf,Direct Drive,Hatchback,Direct Drive,Electric,158401,5.0,JN1FAAZE0A0200221,No plates,Unregistered,0,0.0,Light Blue,Cream,Yes,Yes,Yes,No,No,WA,https://www.grays.com/lot/0001-9067060/motor-vehicles-motor-cycles/2012-nissan-leaf-direct-drive-hatchback,"Dents or marks on body consistent with age and kilometres.
Other Warning light ON
Medium Scratch on various panels",10,$809,24 February 2026
2010,FORD,Fiesta,LX WT,Hatchback,Automatic,Petrol,133540,5.0,MNBJXXARJJAP13399,1DMD248,09-05-2026,4,1.6,White,Grey,Yes,No,No,No,Yes,WA,https://www.grays.com/lot/0001-9067059/motor-vehicles-motor-cycles/2010-ford-fiesta-lx-wt-automatic-hatchback,"Dents or marks on body consistent with age and kilometres.
Paint peeling Boot",37,"$3,400",24 February 2026
2010,FORD,Mondeo,Titanium MB,Hatchback,Automatic,Diesel,208165,5.0,WF0EXXGBBEAJ17779,1IJR469,25-05-2026,4,2.0,Silver,Black,Yes,No,Yes,Partial,Yes,WA,https://www.grays.com/lot/0001-9067041/motor-vehicles-motor-cycles/2010-ford-mondeo-titanium-mb-turbo-diesel-automatic-hatchback,"Dents or marks on body consistent with age and kilometres.
Medium Scratch on various panels",31,"$2,209",24 February 2026
2016,HOLDEN,Colorado,4X4 LX RG,Cab Chassis,Automatic,Diesel,317091,2.0,MMU143DK0HH615814,Unlicensed,Unregistered,4,2.8,White,Charcoal,Yes,No,Yes,Partial,Yes,WA,https://www.grays.com/lot/0001-9067057/motor-vehicles-motor-cycles/2016-holden-colorado-4x4-lx-rg-turbo-diesel-automatic-cab-chassis,"Dents or marks on body consistent with age and kilometres.
Medium Dent on Various panels
Windscreen Chipped or Cracked.
Medium Scuff on various panels",102,"$6,400",25 February 2026
2013,FORD,Ranger,XL 4X4 PX Dual,Dual Cab,Automatic,Diesel,107902,5.0,MNAUMFF50DW225123,1EKD357,29-04-2026,5,3.2,Green,Charcoal,Yes,No,No,Partial,Yes,WA,https://www.grays.com/lot/0001-9066939/motor-vehicles-motor-cycles/2013-ford-ranger-xl-4x4-px-turbo-diesel-automatic-dual-cab,"Dents or marks on body consistent with age and kilometres.
Paint fading Various panels
Medium Scratch on Various panels",221,"$16,200",01 March 2026
2013,CITROEN,Ds5,DSPORT,Wagon,Automatic,Petrol,157647,5.0,VF7KF5FVADS504354,No plates,Unregistered,4,1.6,Black,Black Leather,Yes,No,No,No,Yes,SA,https://www.grays.com/lot/0001-60050241/motor-vehicles-motor-cycles/2013-citroen-ds5-dsport-automatic-wagon,"Engine noise observed.
Engine Smoke visible",31,"$2,209",02 March 2026
2011,BMW,X5,xDrive 30d E70 LCI T D,Wagon,Automatic,Diesel,155269,7.0,WBAZW42050L793379,No plates,Unregistered,6,3.0,Grey,Black Leather,Yes,Yes,Yes,Yes,Yes,SA,https://www.grays.com/lot/0001-60050194/motor-vehicles-motor-cycles/2011-bmw-x5-xdrive-30d-e70-lci-t-d-auto-8-speed-7-seats-wagon,Please refer to the photos or arrange inspection to view the condition of this vehicle.,116,"$10,300",24 February 2026
2009,SUBARU,Forester,X S3,Wagon,Manual,Petrol,228897,5.0,JF2SH9KK4AG037638,No plates,Unregistered,4,2.5,Silver,Multi,Yes,Yes,Yes,Yes,Yes,SA,https://www.grays.com/lot/0001-60050198/motor-vehicles-motor-cycles/2009-subaru-forester-x-s3-manual-wagon,Please refer to the photos or arrange inspection to view the condition of this vehicle.,23,"$3,000",25 February 2026
2011,HOLDEN,Cruze,SRI-V JH,Sedan,Automatic,Petrol,170711,5.0,6G1PE5E82BL587178,No plates,Unregistered,4,1.4,Red,Black Leather,Yes,Yes,Yes,Yes,Yes,SA,https://www.grays.com/lot/0001-60050191/motor-vehicles-motor-cycles/2011-holden-cruze-sri-v-jh-automatic-sedan,Please refer to the photos or arrange inspection to view the condition of this vehicle.,27,"$3,200",25 February 2026
2014,BMW,X5,xDrive 30d F15,Wagon,Automatic,Diesel,231212,5.0,WBAKS420300J41388,No plates,Unregistered,6,3.0,White,Black Leather,Yes,Yes,Yes,Yes,Yes,SA,https://www.grays.com/lot/0001-60050190/motor-vehicles-motor-cycles/2014-bmw-x5-xdrive-30d-f15-turbo-diesel-automatic-8-speed-wagon,Please refer to the photos or arrange inspection to view the condition of this vehicle.,43,"$10,900",25 February 2026
2001,NISSAN,Skyline,V35,Sedan,Automatic,Petrol,150512,5.0,6U90000HV35201119,No plates,Unregistered,0,0.0,Multi,Multi,Yes,No,No,No,Yes,SA,https://www.grays.com/lot/0001-60050226/motor-vehicles-motor-cycles/2001-nissan-skyline-v35-automatic-sedan,Please refer to the photos or arrange inspection to view the condition of this vehicle.,19,"$1,609",28 February 2026
2004,MAZDA,3,SP23 BK,Sedan,Manual,Petrol,268285,5.0,JM0BK103100103633,No plates,Unregistered,4,2.3,Yellow,Multi,Yes,No,No,No,Yes,SA,https://www.grays.com/lot/0001-60050231/motor-vehicles-motor-cycles/2004-mazda-3-sp23-bk-manual-sedan,Please refer to the photos or arrange inspection to view the condition of this vehicle.,3,"$1,300",01 March 2026
2008,SUBARU,Forester,X S3,Wagon,Manual,Petrol,250965,5.0,JF2SH9KK49G006087,No plates,Unregistered,4,2.5,White,Multi,Yes,Yes,Yes,Yes,Yes,SA,https://www.grays.com/lot/0001-60050219/motor-vehicles-motor-cycles/2008-subaru-forester-x-s3-manual-wagon,"Engine light ON
Traction control light ON",7,$500,01 March 2026
2016,HYUNDAI,Tucson,Active X TL,Wagon,Manual,Petrol,220355,5.0,KMHJ3814LHU200630,No plates,Unregistered,4,2.0,Blue,Black Leather,Yes,No,Yes,Yes,Yes,SA,https://www.grays.com/lot/0001-60050240/motor-vehicles-motor-cycles/2016-hyundai-tucson-active-x-tl-manual-wagon,Engine noise observed.,41,"$3,600",02 March 2026
2007,TOYOTA,Hilux,,Ute,Manual,Diesel,481487,5.0,MR0EZ12G904005087,No plates,Unregistered,4,3.0,White,Multi,Yes,Yes,No,No,Yes,SA,https://www.grays.com/lot/0001-60050229/motor-vehicles-motor-cycles/2007-toyota-hilux-manual-ute,Please refer to the photos or arrange inspection to view the condition of this vehicle.,63,"$4,100",02 March 2026
2016,HOLDEN,Spark,LS MP,Hatchback,CVT,Petrol,174029,5.0,KL3DC48A4GC599884,No plates,Unregistered,4,1.4,Purple,Multi,Yes,Yes,Yes,Yes,Yes,SA,https://www.grays.com/lot/0001-60050225/motor-vehicles-motor-cycles/2016-holden-spark-ls-mp-cvt-hatchback,Please refer to the photos or arrange inspection to view the condition of this vehicle.,44,"$3,050",02 March 2026
2016,TOYOTA,Kluger,4X4 GX GSU55R,Wagon,Automatic,Petrol,120603,7.0,5TDBK3FH00S338724,No plates,Unregistered,6,3.5,Pearl White,Black Leather,Yes,Yes,Yes,Yes,Yes,SA,https://www.grays.com/lot/0001-60050180/motor-vehicles-motor-cycles/2016-toyota-kluger-4x4-gx-gsu55r-automatic-7-seats-wagon,Please refer to the photos or arrange inspection to view the condition of this vehicle.,95,"$20,400",23 February 2026
2011,VOLKSWAGEN,Amarok,TDI400 TRENDLINE 2H Dual,Cab Chassis,Manual,Diesel,335645,5.0,WV1ZZZ2HZB8079076,No plates,Unregistered,4,2.0,Silver,Multi,Yes,No,Yes,Yes,Yes,SA,https://www.grays.com/lot/0001-60050170/motor-vehicles-motor-cycles/2011-volkswagen-amarok-tdi400-trendline-2h-turbo-diesel-manual-dual-cab,Please refer to the photos or arrange inspection to view the condition of this vehicle.,113,"$7,000",23 February 2026
2012,VOLKSWAGEN,Amarok,TDi420 Trendline 2H T D Dual,Cab Chassis,Automatic,Diesel,317141,5.0,WV1ZZZ2HZCA055236,No plates,Unregistered,4,2.0,White,Multi,Yes,No,No,No,Yes,SA,https://www.grays.com/lot/0001-60050166/motor-vehicles-motor-cycles/2012-volkswagen-amarok-tdi420-trendline-2h-t-d-auto-dual-cab,Please refer to the photos or arrange inspection to view the condition of this vehicle.,2,"$5,600",23 February 2026
2008,MAZDA,Cx-7,Luxury,Wagon,Automatic,Petrol,162638,5.0,JM0ER103190113915,No plates,Unregistered,4,2.3,Black,Beige Leather,Yes,Yes,Yes,Yes,Yes,SA,https://www.grays.com/lot/0001-60050160/motor-vehicles-motor-cycles/2008-mazda-cx-7-luxury-automatic-wagon,"Engine light ON
Engine idling rough",33,"$3,000",23 February 2026
2008,HYUNDAI,I30,SX FD,Hatchback,Automatic,Diesel,325753,5.0,KMHDB51TR8U111013,No plates,Unregistered,4,1.6,Grey,Multi,Yes,No,Yes,Yes,Yes,SA,https://www.grays.com/lot/0001-60050182/motor-vehicles-motor-cycles/2008-hyundai-i30-sx-fd-turbo-diesel-automatic-hatchback,Engine noise observed.,9,$809,24 February 2026
2012,MAZDA,3,Neo BL,Hatchback,Manual,Petrol,249570,5.0,JM0BL10F200373187,No plates,Unregistered,4,2.0,Grey,Multi,Yes,Yes,Yes,Yes,Yes,SA,https://www.grays.com/lot/0001-60050187/motor-vehicles-motor-cycles/2012-mazda-3-neo-bl-manual-hatchback,Please refer to the photos or arrange inspection to view the condition of this vehicle.,38,"$2,209",25 February 2026
2017,LAND,Rover,Discovery SD4 HSE SERIES 5 TD,Wagon,Automatic,Diesel,75487,7.0,SALRA2AN6JA050500,No plates,Unregistered,4,2.0,Grey,Black Leather,Yes,No,Yes,Partial,No,QLD,https://www.grays.com/lot/0001-50714705/motor-vehicles-motor-cycles/2017-land-rover-discovery-sd4-hse-series-5-td-auto-8-speed-7-seats-wagon,"Flat Battery. Jump start or towing required
Other Warning light ON
Dents or marks on body consistent with age and kilometres.",106,"$15,104",27 February 2026
2015,HYUNDAI,Imax,TQ,People Mover,Automatic,Diesel,137214,8.0,KMHWH81KMGU782599,No plates,Unregistered,4,2.5,White,Grey,Yes,No,No,No,Yes,QLD,https://www.grays.com/lot/0001-50714698/motor-vehicles-motor-cycles/2015-hyundai-imax-tq-turbo-diesel-automatic-8-seats-people-mover,"Dents or marks on body consistent with age and kilometres.
Seat Torn RHF, LHF,
Large Scuff on Front bumper, LHR guard,
Large Dent on LHR guard",6,"$10,100",01 March 2026
2012,SUBARU,Outback,2.0D Premium B5A,Wagon,Manual,Diesel,181807,5.0,JF2BRDKZ4CG037876,No plates,Unregistered,4,2.0,White,Black Leather,Yes,Yes,Yes,Partial,Yes,QLD,https://www.grays.com/lot/0001-50714725/motor-vehicles-motor-cycles/2012-subaru-outback-2-0d-premium-b5a-turbo-diesel-manual-wagon,"Dents or marks on body consistent with age and kilometres.
Windscreen Chipped or Cracked.
Medium Dent on LH front guard
Rear bumper Cracked bumper.",57,"$3,750",02 March 2026
2012,HOLDEN,Barina,,Hatchback,Automatic,Petrol,193755,5.0,KL3TA48E9CB098489,No plates,Unregistered,4,1.6,Blue,Black,Yes,Yes,No,No,Yes,QLD,https://www.grays.com/lot/0001-50714700/motor-vehicles-motor-cycles/2012-holden-barina-automatic-hatchback,"Engine noise observed.
Paint peeling Bonnet
Large Scuff on Front bumper
Hail damage visible.
Dents or marks on body consistent with age and kilometres.
Windscreen Chipped or Cracked.
Front Cracked bumper.",7,$609,02 March 2026
2014,BMW,X5,M50d F15,Wagon,Automatic,Diesel,220726,7.0,WBAKS820500G66558,No plates,Unregistered,6,3.0,Black,Brown Leather,Yes,Yes,Yes,Yes,Yes,QLD,https://www.grays.com/lot/0001-50714676/motor-vehicles-motor-cycles/2014-bmw-x5-m50d-f15-turbo-diesel-automatic-8-speed-7-seats-wagon,"Dents or marks on body consistent with age and kilometres.
Front Seat worn Both,
Engine light ON
Other Warning light ON
Brakes require attention, Recommend towing on collection",135,"$14,699",23 February 2026
2023,HYUNDAI,Staria,,People Mover,Automatic,Diesel,31389,8.0,KMHYC811SPU152965,No plates,Unregistered,4,2.2,White,Black,Yes,Yes,Yes,Partial,Yes,QLD,https://www.grays.com/lot/0001-50714656/motor-vehicles-motor-cycles/2023-hyundai-staria-turbo-diesel-automatic-8-speed-8-seats-people-mover,Dents or marks on body consistent with age and kilometres.,121,"$32,700",23 February 2026
2015,HOLDEN,Trax,LS TJ,Wagon,Automatic,Petrol,178470,5.0,KL3BA7659FB174861,No plates,Unregistered,4,1.8,Grey,Black,Yes,No,No,No,No,QLD,https://www.grays.com/lot/0001-50714678/motor-vehicles-motor-cycles/2015-holden-trax-ls-tj-automatic-wagon,"Dents or marks on body consistent with age and kilometres.
Paint fading Multiple panels
Medium Scratch on Rear bumper
Medium Dent on Bonnet, LHF and lhr guards
Back Seat Stains.",6,$309,24 February 2026
2014,JEEP,Cherokee,LIMITED 4X4 KL,Wagon,Automatic,Petrol,112704,5.0,1C4PJMHS4EW222540,No plates,Unregistered,6,3.2,Black,Black,Yes,Yes,Yes,Partial,Yes,QLD,https://www.grays.com/lot/0001-50714675/motor-vehicles-motor-cycles/2014-jeep-cherokee-limited-4x4-kl-automatic-wagon,"Other Warning light ON
Seat Torn Rhf seat
Windscreen Chipped or Cracked.
Driveline requires attention, recommend inspection by qualified third party
Dents or marks on body consistent with age and kilometres.
Paint fading Various panels",15,"$1,950",25 February 2026
2016,NISSAN,X-trail,ST AWD T32,Wagon,CVT,Petrol,143945,5.0,JN1TBNT32A0503274,No plates,Unregistered,4,2.5,Brown,Grey,Yes,Yes,Yes,Partial,Yes,QLD,https://www.grays.com/lot/0001-50714668/motor-vehicles-motor-cycles/2016-nissan-x-trail-st-awd-t32-cvt-wagon,"Dents or marks on body consistent with age and kilometres.
Front Seat worn Both",79,"$8,400",25 February 2026
2015,MAZDA,Cx-5,Maxx Sport KE,Wagon,Automatic,Diesel,168465,5.0,JM0KE102200346042,No plates,Unregistered,4,2.2,White,Black,Yes,Yes,Yes,Yes,Yes,QLD,https://www.grays.com/lot/0001-50714667/motor-vehicles-motor-cycles/2015-mazda-cx-5-maxx-sport-ke-turbo-diesel-automatic-wagon,"Dents or marks on body consistent with age and kilometres.
Front Seat worn Both,
Large Dent on Rear bumper",94,"$8,400",25 February 2026
2008,HYUNDAI,Santa,Fe Elite CM,Wagon,Automatic,Diesel,238047,7.0,KMHSH81WR9U445213,No plates,Unregistered,4,2.2,Blue,Black Leather,Yes,No,Yes,Partial,Yes,QLD,https://www.grays.com/lot/0001-50714654/motor-vehicles-motor-cycles/2008-hyundai-santa-fe-elite-cm-turbo-diesel-automatic-7-seats-wagon,"Front Seat worn Both
Dents or marks on body consistent with age and kilometres.
Medium Scuff on Rear and front bumper
Large Dent on RHR door
Paint peeling Rear spoiler
Engine Oil Leak",18,"$1,030",25 February 2026
2013,SUZUKI,Swift,Sport FZ,Hatchback,CVT,Petrol,122669,5.0,JSAFZC32S00104671,No plates,Unregistered,4,1.6,Red,Black,Yes,Yes,Yes,Partial,Yes,QLD,https://www.grays.com/lot/0001-50714693/motor-vehicles-motor-cycles/2013-suzuki-swift-sport-fz-cvt-hatchback,"Dents or marks on body consistent with age and kilometres.
Paint peeling Bonnet
Paint fading Rear spoiler",80,"$6,065",01 March 2026
2010,MITSUBISHI,Outlander,LS ZH,Wagon,Manual,Petrol,350950,5.0,JMFXNCW5WBU000479,No plates,Unregistered,4,2.4,Dark Grey,Black,Yes,No,Yes,Partial,Yes,QLD,https://www.grays.com/lot/0001-50714691/motor-vehicles-motor-cycles/2010-mitsubishi-outlander-ls-zh-manual-wagon,"Engine Oil Leak
Dents or marks on body consistent with age and kilometres.
Front Seat worn Both,
Back Seat Stains.
Windscreen Chipped or Cracked.
Body/panel damage Front bumper plus bonnet,
Large Scratch on RHF guard, RHF door, LHR guard,
Paint fading Bonnet, roof, rear bumper,
Damaged Rear fog light",6,$509,01 March 2026
2005,HOLDEN,Rodeo,DX 2.4 RA,Cab Chassis,Manual,Petrol,332351,3.0,MPATFR32J5H583705,No plates,Unregistered,4,2.4,White,Grey,Yes,Yes,No,No,Yes,QLD,https://www.grays.com/lot/0001-50714690/motor-vehicles-motor-cycles/2005-holden-rodeo-dx-2-4-ra-manual-cab-chassis,"Engine light ON
Seat Torn RHS, LHS,
Door card Worn.
Engine idling rough
Engine lacks power
Front Cracked bumper.
Large Dent on LHF guard plus door",15,"$1,200",01 March 2026
2007,MERCEDES,Benz,A170 Classic W169,Hatchback,CVT,Petrol,234072,5.0,WDD1690322J456138,No plates,Unregistered,4,1.7,Silver,Black,Yes,No,Yes,Partial,Yes,QLD,https://www.grays.com/lot/0001-50714615/motor-vehicles-motor-cycles/2007-mercedes-benz-a170-classic-w169-cvt-hatchback,"Engine light ON
Front Cracked bumper.
Medium Scuff on LHF door
Medium Dent on LHR guard
Large Scuff on Rear bumper
Dents or marks on body consistent with age and kilometres.",10,$720,23 February 2026
2005,TOYOTA,Hilux,Workmate 4X2,Cab Chassis,Manual,Petrol,184056,3.0,JTFAM426900166882,No plates,Unregistered,4,2.7,White,Grey,Yes,No,Yes,Yes,Yes,QLD,https://www.grays.com/lot/0001-50714606/motor-vehicles-motor-cycles/2005-toyota-hilux-workmate-4x2-manual-cab-chassis,Dents or marks on body consistent with age and kilometres.,24,"$3,800",24 February 2026
2008,TOYOTA,Hilux,SR5 (4x4) KUN26R Dual,Dual Cab,Automatic,Diesel,440206,5.0,MR0FZ29GX01551690,No plates,Unregistered,4,3.0,White,Grey,Yes,No,Yes,Unknown,Yes,QLD,https://www.grays.com/lot/0001-50714605/motor-vehicles-motor-cycles/2008-toyota-hilux-sr5-4x4-kun26r-turbo-diesel-automatic-dual-cab,Please refer to the photos or arrange inspection to view the condition of this vehicle.,86,"$5,400",24 February 2026
2018,FORD,Ranger,XLT 4X4 PX II Dual,Dual Cab,Manual,Diesel,302148,5.0,MPBUMFF50JX155729,No plates,Unregistered,5,3.2,White,Black,Yes,No,No,No,Yes,QLD,https://www.grays.com/lot/0001-50714636/motor-vehicles-motor-cycles/2018-ford-ranger-xlt-4x4-px-ii-turbo-diesel-manual-dual-cab,"Engine noise observed.
Front Seat Stains Both
Dents or marks on body consistent with age and kilometres.
Medium Dent on Lh doors
Large Scuff on Front bumper
Other Warning light ON",115,"$7,500",25 February 2026
2017,SUBARU,Xv,2.0i-S G5X,Hatchback,CVT,Petrol,253807,5.0,JF1GT7KL5JG024928,No plates,Unregistered,4,2.0,White,Black Leather,Yes,Yes,Yes,Partial,Yes,QLD,https://www.grays.com/lot/0001-50714635/motor-vehicles-motor-cycles/2017-subaru-xv-2-0i-s-g5x-cvt-hatchback,"Front Seat worn RHF
Dents or marks on body consistent with age and kilometres.
Driveline requires attention, recommend inspection by qualified third party
Other Warning light ON",56,"$5,100",25 February 2026
2016,NISSAN,Navara,4X4 RX NP300 Dual,Dual Cab,Automatic,Diesel,148959,5.0,MNTCB4D23A0018340,No plates,Unregistered,4,2.3,Black,Grey,Yes,Yes,Yes,Yes,Yes,QLD,https://www.grays.com/lot/0001-50714630/motor-vehicles-motor-cycles/2016-nissan-navara-4x4-rx-np300-turbo-diesel-automatic-dual-cab,"Front Seat worn Both
Dents or marks on body consistent with age and kilometres.
Engine light ON",120,"$11,800",25 February 2026
2019,HOLDEN,Acadia,LTZ-V AWD 9,Wagon,Automatic,Petrol,181993,7.0,1GHFN6RS8KZ292296,No plates,Unregistered,6,3.6,White,Black,Yes,Yes,Yes,Partial,Yes,QLD,https://www.grays.com/lot/0001-50714616/motor-vehicles-motor-cycles/2019-holden-acadia-ltz-v-awd-9-auto-7-seats-wagon,"Dents or marks on body consistent with age and kilometres.
Rear Cracked bumper.",73,"$11,400",25 February 2026
2010,HYUNDAI,Ix35,ELITE AWD LM,Wagon,Automatic,Diesel,387986,5.0,KMHJU81VSBU214786,No plates,Unregistered,4,2.0,Green,Black,Yes,No,Yes,Partial,Yes,QLD,https://www.grays.com/lot/0001-50714614/motor-vehicles-motor-cycles/2010-hyundai-ix35-elite-awd-lm-turbo-diesel-automatic-wagon,"Dents or marks on body consistent with age and kilometres.
Hail damage visible.
Medium Scratch on Front bumper
Paint peeling Rear bumper and tailgate",20,"$1,509",25 February 2026
2011,AUDI,A1,1.4 TFSI Ambition 8X,Hatchback,Automatic,Petrol,122527,4.0,WAUZZZ8XXCB005053,No plates,Unregistered,4,1.4,Silver,Grey,Yes,Yes,Yes,Partial,Yes,QLD,https://www.grays.com/lot/0001-50714613/motor-vehicles-motor-cycles/2011-audi-a1-1-4-tfsi-ambition-8x-automatic-hatchback,"Transmission Requires attention Strongly recommend inspection by qualified third party
Front Seat Stains RHF
Dents or marks on body consistent with age and kilometres.
Medium Scuff on Rear bumper",17,"$1,000",25 February 2026
2015,CITROEN,Berlingo,L2 LONG BODY B9C,Van,Automatic,Diesel,161564,2.0,VF77E9HF8FJ541273,No plates,Unregistered,4,1.6,Black,Grey,Yes,Yes,Yes,Yes,Yes,QLD,https://www.grays.com/lot/0001-50714609/motor-vehicles-motor-cycles/2015-citroen-berlingo-l2-long-body-b9c-turbo-diesel-automatic-van,"Dents or marks on body consistent with age and kilometres.
Front Seat worn Both",74,"$4,609",25 February 2026
2008,TOYOTA,Crown,,Sedan,Automatic,Petrol,104807,5.0,6ZZ8GRS2020012015,No plates,Unregistered,6,3.0,White,Grey,Yes,No,No,Partial,Yes,QLD,https://www.grays.com/lot/0001-50714600/motor-vehicles-motor-cycles/2008-toyota-crown-automatic-sedan,"Dents or marks on body consistent with age and kilometres.
Paint fading Front bumper",107,"$10,100",22 February 2026
2016,MAZDA,Cx-5,Grand Touring KE,Wagon,Automatic,Diesel,196807,5.0,JM0KE102200380420,No plates,Unregistered,4,2.2,White,Black Leather,Yes,Yes,Yes,Partial,Yes,QLD,https://www.grays.com/lot/0001-50714587/motor-vehicles-motor-cycles/2016-mazda-cx-5-grand-touring-ke-turbo-diesel-automatic-wagon,"Dents or marks on body consistent with age and kilometres.
Seat Torn drivers seat",47,"$5,450",22 February 2026
2011,KIA,Sorento,Platinum XM,Wagon,Automatic,Diesel,231299,7.0,KNAKU814SB5176979,No plates,Unregistered,4,2.2,Silver,Black Leather,Yes,No,Yes,Partial,Yes,QLD,https://www.grays.com/lot/0001-50714586/motor-vehicles-motor-cycles/2011-kia-sorento-platinum-xm-turbo-diesel-automatic-7-seats-wagon,"Engine noise observed.
Dents or marks on body consistent with age and kilometres.
Seat Torn RHF
Windscreen Chipped or Cracked.
Large Scratch on LHF door",14,"$1,309",22 February 2026
2003,TOYOTA,Rav,4 CV ACA22R,Wagon,Automatic,Petrol,181811,4.0,JTEYD20V100001605,No plates,Unregistered,4,2.4,Silver,Black,Yes,No,No,No,Yes,QLD,https://www.grays.com/lot/0001-50714604/motor-vehicles-motor-cycles/2003-toyota-rav-4-cv-aca22r-automatic-wagon,"Transmission Requires attention Strongly recommend inspection by qualified third party
Medium Dent on LHF guard
Paint cracked Front bumper
Medium Scuff on Front bumper
Large Dent on LHR guard
Dents or marks on body consistent with age and kilometres.
Carpet worn in places.",39,"$3,800",23 February 2026
2018,RENAULT,Megane,rs 280 FWD,Hatchback,Automatic,Petrol,101355,,VF1RFB000J0783578,No plates,Unregistered,4,1.8,,,Yes,No,Yes,Partial,Yes,QLD,https://www.grays.com/lot/0001-50714598/motor-vehicles-motor-cycles/2018-renault-megane-rs-280-fwd-automatic-6-speed-hatchback,"Air Conditioning
Alloy Wheels
Remote Central Locking
Cruise Control
Drivers Airbag
Electric Windows
Power Steering
Reverse Camera
ABS Brakes
Sunroof",106,"$13,810",23 February 2026
2013,MERCEDES,Benz,CLA 45 CLA45 AMG AWD C117 7,Coupe,Automatic,Petrol,136427,5.0,WDD1173522N066346,No plates,Unregistered,4,2.0,Maroon,Black Leather,Yes,No,Yes,Partial,Yes,QLD,https://www.grays.com/lot/0001-50714597/motor-vehicles-motor-cycles/2013-mercedes-benz-cla-45-cla45-amg-awd-c117-7-auto-coupe,"Dents or marks on body consistent with age and kilometres.
Front Seat worn Both
Paint cracked Front roof",225,"$22,500",23 February 2026
2015,JEEP,Grand,Cherokee Laredo (4x4) WK,Wagon,Automatic,Petrol,111871,5.0,1C4RJFEGXFC144854,No plates,Unregistered,6,3.6,Black,Black Leather,Yes,Yes,Yes,Partial,Yes,QLD,https://www.grays.com/lot/0001-50714603/motor-vehicles-motor-cycles/2015-jeep-grand-cherokee-laredo-4x4-wk-automatic-8-speed-wagon,"Engine noise observed.
Large Dent on RHF guard
Windscreen Chipped or Cracked.
Dents or marks on body consistent with age and kilometres.
Medium Scuff on Rear bumper
Engine light ON",74,"$5,833",25 February 2026
2015,MAZDA,Cx-5,Maxx Sport KE,Wagon,Automatic,Diesel,201863,5.0,JM0KE102200320727,No plates,Unregistered,4,2.2,Grey,Black,Yes,Yes,Yes,Yes,Yes,QLD,https://www.grays.com/lot/0001-50714592/motor-vehicles-motor-cycles/2015-mazda-cx-5-maxx-sport-ke-turbo-diesel-automatic-wagon,"Dents or marks on body consistent with age and kilometres.
Windscreen Chipped or Cracked.",56,"$4,500",25 February 2026
2015,RENAULT,Megane,GT-Line Premium,Wagon,Automatic,Diesel,287986,5.0,VF1KZS00EF0714015,No plates,Unregistered,4,1.5,Blue,Black Leather,Yes,Yes,Yes,Yes,Yes,QLD,https://www.grays.com/lot/0001-50714590/motor-vehicles-motor-cycles/2015-renault-megane-gt-line-premium-turbo-diesel-automatic-wagon,"Dents or marks on body consistent with age and kilometres.
Front Seat worn Both
Windscreen Chipped or Cracked.
Large Scratch on Rear bumper",19,"$3,000",25 February 2026
2013,TOYOTA,Hilux,4X2 WORKMATE TGN16R,Cab Chassis,Automatic,Petrol,230180,2.0,MR0CX12G700112062,No plates,Unregistered,4,2.7,White,Grey,Yes,No,No,No,Yes,QLD,https://www.grays.com/lot/0001-50714588/motor-vehicles-motor-cycles/2013-toyota-hilux-4x2-workmate-tgn16r-automatic-cab-chassis,"Medium Dent on LH B pillar and bonnet
Medium Scuff on LHF guard
Dents or marks on body consistent with age and kilometres.
Seat Torn driver side
Engine lacks power
Engine idling rough",97,"$5,409",25 February 2026
2013,FORD,Mondeo,LX FWD,Sedan,Automatic,Diesel,158201,5.0,WF0EXXGBBEDP25183,No plates,Unregistered,4 cyl,2.0,Silver,Grey,Yes,No,Yes,Yes,Yes,QLD,https://www.grays.com/lot/0001-50517812/motor-vehicles-motor-cycles/2013-ford-mondeo-lx-fwd-automatic-6-speed-sedan,"Comments: ABS Brakes, Multi Function Steering Wheel,
Exterior: Some scratched/paint chips, wheel covers faded",35,"$2,600",23 February 2026
2016,MERCEDES,Benz,C-Class C250 W205,Sedan,Automatic,Petrol,131236,5.0,WDD2050452R153017,No plates,Unregistered,4,2.0,Silver,Black Leather,Yes,Yes,Yes,No,Yes,QLD,https://www.grays.com/lot/0001-50517815/motor-vehicles-motor-cycles/2016-mercedes-benz-c-class-c250-w205-automatic-sedan,"Dents or marks on body consistent with age and kilometres.
Front Seat worn Both",104,"$13,400",25 February 2026
2017,NISSAN,Leaf,import Hatch,Sedan,Automatic,Electric,26880,5.0,6U90000AZE0223512,No plates,Unregistered,0,0.0,White,Grey,Yes,Yes,Yes,No,Yes,QLD,https://www.grays.com/lot/0001-50517814/motor-vehicles-motor-cycles/2017-nissan-leaf-import-automatic-sedan-hatch,"Dents or marks on body consistent with age and kilometres.
Front Seat worn Both",42,"$6,500",25 February 2026
2019,MERCEDES,Benz,Sprinter 314 CDI LWB H ROOF,Van,Automatic,Diesel,213948,3.0,WDB9076352P048387,No plates,Unregistered,4,2.1,White,Grey,Yes,Yes,Yes,No,Yes,NSW,https://www.grays.com/lot/0001-5062299/motor-vehicles-motor-cycles/2019-mercedes-benz-sprinter-314-cdi-lwb-h-roof-turbo-diesel-automatic-van,"Steering requires attention.
Large Scratch on Front bar, passenger quarter panel, drivers quarter panel
Large Dent on Passenger sliding door, passenger quarter panel, rear barn doors and drivers quarter panel
Medium Dent on Passenger guard
Body/panel damage Grille panel damaged
Engine light ON
Seat Torn driver side and damaged trim",299,"$16,600",02 March 2026
2010,SUZUKI,Kizashi,XL FR,Sedan,CVT,Petrol,187576,5.0,JSAFRE91S00100542,No plates,Unregistered,4,2.4,Dark Blue,Grey,Yes,Yes,Yes,Partial,Yes,QLD,https://www.grays.com/lot/0001-50517820/motor-vehicles-motor-cycles/2010-suzuki-kizashi-xl-fr-cvt-sedan,"Engine noise observed.
Engine noise observed.
Engine light ON
Engine light ON
Engine Oil Leak
Engine Oil Leak
Paint peeling Various panels
Paint peeling Various panels
Dents or marks on body consistent with age and kilometres.
Dents or marks on body consistent with age and kilometres.
Rear Cracked bumper.
Rear Cracked bumper.
Medium Dent on RHR guard
Medium Dent on RHR guard",13,$609,02 March 2026
2020,MAZDA,Cx-5,Maxx KF,Wagon,Automatic,Petrol,146029,5.0,JM0KF2W7A00420459,1TH2QX,10-08-2026,4,2.0,White,Black,Yes,No,Yes,Yes,Yes,VIC,https://www.grays.com/lot/0001-21063549/motor-vehicles-motor-cycles/2020-mazda-cx-5-maxx-kf-automatic-wagon,Medium Scratch on Around vehicle,158,"$16,800",02 March 2026
2020,SUBARU,Outback,2.5i Premium B6A,Wagon,CVT,Petrol,187387,5.0,JF2BS9KC2LG134538,1SZ5AX,21-07-2026,4,2.5,Grey,Black Leather,Yes,Yes,Yes,Partial,Yes,VIC,https://www.grays.com/lot/0001-21063548/motor-vehicles-motor-cycles/2020-subaru-outback-2-5i-premium-b6a-cvt-wagon,"Medium Scratch on Around vehicle
Carpet worn in places.
Dents or marks on body consistent with age and kilometres.",191,"$16,000",02 March 2026
2022,MAZDA,Cx-5,Touring KF,Wagon,Automatic,Petrol,94977,5.0,JM0KF4WLA00773622,1WI1RG,21-03-2026,4,2.5,White,Black Leather,Yes,Yes,Yes,Yes,Yes,VIC,https://www.grays.com/lot/0001-21063547/motor-vehicles-motor-cycles/2022-mazda-cx-5-touring-kf-automatic-wagon,"Dents or marks on body consistent with age and kilometres.
Medium Scratch on Rear bumper
Medium Dent on door panel",247,"$23,600",02 March 2026
2015,AUDI,Q3,1.4 TFSI COD 8U,Wagon,Automatic,Petrol,187966,5.0,WAUZZZ8UXGR044826,AGX285,03-02-2026,4,1.4,White,Black Leather,Yes,No,Yes,Yes,Yes,VIC,https://www.grays.com/lot/0001-21063525/motor-vehicles-motor-cycles/2015-audi-q3-1-4-tfsi-cod-8u-automatic-wagon,Medium Scuff on Around vehicle,45,"$7,100",02 March 2026
2005,HYUNDAI,Getz,S TB,Hatchback,Manual,Petrol,199495,5.0,KMHBT31DR6U128659,2AR9NX,05-02-2026,4,1.4,White,Grey,Yes,No,No,No,Yes,VIC,https://www.grays.com/lot/0001-21063524/motor-vehicles-motor-cycles/2005-hyundai-getz-s-tb-manual-hatchback,"Dents or marks on body consistent with age and kilometres.
Medium Scuff on Around vehicle
Front Seat Stains Both
Back Seat Stains.",10,$909,02 March 2026
2008,MAZDA,Cx-7,Luxury,Wagon,Automatic,Petrol,326408,5.0,JM0ER103180111994,WRI706,22-03-2026,4,2.3,Red,Cream Leather,Yes,Yes,Yes,Partial,Yes,VIC,https://www.grays.com/lot/0001-21063490/motor-vehicles-motor-cycles/2008-mazda-cx-7-luxury-automatic-wagon,"Windscreen Chipped or Cracked.
Paint fading Around vehicle
Front Seat worn Drivers",18,"$1,709",02 March 2026
2014,JEEP,Cherokee,Longitude (4x4) KL 9,Wagon,Automatic,Petrol,100996,5.0,1C4PJMGSXFW554694,1GS7PF,30-05-2026,6,3.2,Black,Black Leather,Yes,Yes,Yes,Partial,Yes,VIC,https://www.grays.com/lot/0001-21063489/motor-vehicles-motor-cycles/2014-jeep-cherokee-longitude-4x4-kl-9-auto-wagon,"Medium Scratch on Around vehicle
Large Scuff on Around vehicle",46,"$5,300",02 March 2026
2015,HOLDEN,Cruze,SRi JH,Sedan,Automatic,Petrol,121437,5.0,6G1PE5EN0FL150923,1GQ9WY,07-12-2026,4,1.6,White,Black,Yes,Yes,Yes,Partial,Yes,VIC,https://www.grays.com/lot/0001-21063488/motor-vehicles-motor-cycles/2015-holden-cruze-sri-jh-automatic-sedan,"Dents or marks on body consistent with age and kilometres.
Front Seat worn driver side",60,"$5,000",02 March 2026
2019,LAND,Rover,Discovery SD4 SE SERIES 5 T D,Wagon,Automatic,Diesel,98542,7.0,SALRA2AN3K2413380,BCD135,31-10-2026,4,2.0,Grey,Black Leather,Yes,Yes,Yes,Yes,Yes,VIC,https://www.grays.com/lot/0001-21063487/motor-vehicles-motor-cycles/2019-land-rover-discovery-sd4-se-series-5-t-d-auto-8-speed-7-seats-wagon,Dents or marks on body consistent with age and kilometres.,206,"$25,500",02 March 2026
2018,PEUGEOT,5008,GT LINE,Wagon,Automatic,Petrol,117613,7.0,VF3M45GYWJL024647,1OD2RN,29-10-2026,4,1.6,White,Black Leather,Yes,Yes,Yes,Partial,Yes,VIC,https://www.grays.com/lot/0001-21063486/motor-vehicles-motor-cycles/2018-peugeot-5008-gt-line-automatic-7-seats-wagon,Dents or marks on body consistent with age and kilometres.,144,"$16,400",02 March 2026
2007,AUDI,Tt,3.2 V6 QUATTRO 8J,Coupe,Automatic,Petrol,235693,4.0,TRUZZZ8J781029098,WFC685,25-04-2026,6,3.2,Silver,Black Leather,Yes,Yes,No,Partial,Yes,VIC,https://www.grays.com/lot/0001-21063483/motor-vehicles-motor-cycles/2007-audi-tt-3-2-v6-quattro-8j-automatic-coupe,"Engine light ON
Controls Broken Mirror adjustment knob dislodged
Dents or marks on body consistent with age and kilometres.
Brake Lights Warning light ON
Hood Lining Sagging
Driver Seat worn",54,"$4,100",02 March 2026
2018,TOYOTA,Kluger,4X4 GXL GSU55R,Wagon,Automatic,Petrol,75437,5.0,5TDBZ3FH90S828090,2DV2AF,03-05-2026,6,3.5,Red,Black Leather,Yes,No,Yes,Yes,Yes,VIC,https://www.grays.com/lot/0001-21063481/motor-vehicles-motor-cycles/2018-toyota-kluger-4x4-gxl-gsu55r-automatic-8-speed-wagon,"Paint peeling Around vehicle
Medium Scratch on Around vehicle
Medium Dent on Around vehicle",151,"$24,400",02 March 2026
2016,VOLKSWAGEN,Golf,92TSI COMFORTLINE A7,Hatchback,Automatic,Petrol,145600,5.0,WVWZZZAUZHW051301,1RI4NF,12-08-2026,4,1.4,White,Grey,Yes,Yes,Yes,Yes,Yes,VIC,https://www.grays.com/lot/0001-21063477/motor-vehicles-motor-cycles/2016-volkswagen-golf-92tsi-comfortline-a7-automatic-hatchback,Dents or marks on body consistent with age and kilometres.,59,"$7,405",02 March 2026
2015,VOLKSWAGEN,Golf,R A7,Hatchback,Manual,Petrol,90728,5.0,WVWZZZAUZFW341590,AEQ369,28-05-2026,4,2.0,Grey,Multi,Yes,No,No,No,Yes,VIC,https://www.grays.com/lot/0001-21063476/motor-vehicles-motor-cycles/2015-volkswagen-golf-r-a7-manual-hatchback,"Medium Scratches, Dents Around vehicle
Engine light ON
Other Warning light ON
Controls inoperable Driver main window switch",24,"$12,009",02 March 2026
2011,SUZUKI,Swift,GL FZ,Hatchback,Manual,Petrol,141432,5.0,JSAFZC82S00119390,YYR387,01-03-2026,4,1.4,White,Black,Yes,Yes,Yes,Yes,Yes,VIC,https://www.grays.com/lot/0001-21063475/motor-vehicles-motor-cycles/2011-suzuki-swift-gl-fz-manual-hatchback,"Dents or marks on body consistent with age and kilometres.
Paint peeling Front bar
Medium Scratch on various panels",48,"$3,201",02 March 2026
2014,NISSAN,X-trail,ST FWD T32,Wagon,Manual,Petrol,347051,5.0,JN1TAAT32A0000489,2EA6NF,29-10-2026,4,2.0,Black,Black,Yes,Yes,Yes,Partial,Yes,VIC,https://www.grays.com/lot/0001-21063473/motor-vehicles-motor-cycles/2014-nissan-x-trail-st-fwd-t32-manual-wagon,"Medium Scratches, Dents around vehicle
Windscreen Chipped or Cracked.
Dents or marks on body consistent with age and kilometres.",28,"$1,809",02 March 2026
2012,MAZDA,Bt-50,4X4 GT Dual,Cab Chassis,Manual,Diesel,185905,5.0,MM0UP0YF100146402,1AA3QJ,18-10-2026,5,3.2,Silver,Black Leather,Yes,Yes,Yes,Partial,Yes,VIC,https://www.grays.com/lot/0001-21063472/motor-vehicles-motor-cycles/2012-mazda-bt-50-4x4-gt-turbo-diesel-manual-dual-cab,"Door card Worn.
Controls Broken Drivers window switches
Seat Torn Drivers
Damage Around vehicle
Medium Scratches Around vehicle
Engine Smoke visible",78,"$6,600",02 March 2026
2013,HOLDEN,Cruze,CDX JH,Sedan,Automatic,Petrol,186962,5.0,6G1PE5E54DL824987,1ES2KP,05-09-2026,4,1.8,White,Black Leather,Yes,No,Yes,Yes,Yes,VIC,https://www.grays.com/lot/0001-21063471/motor-vehicles-motor-cycles/2013-holden-cruze-cdx-jh-automatic-sedan,"Paint fading Mirrors
Dents or marks on body consistent with age and kilometres.
Corrosion visible Boot
Airbag light ON
Engine light ON",15,"$1,409",02 March 2026
2008,HYUNDAI,Tucson,CITY ELITE,Wagon,Automatic,Petrol,256274,5.0,KMHJN81BR8U868110,WLO205,26-06-2026,4,2.0,Grey,Grey,Yes,Yes,Yes,Yes,Yes,VIC,https://www.grays.com/lot/0001-21063470/motor-vehicles-motor-cycles/2008-hyundai-tucson-city-elite-automatic-wagon,"Medium Scratch on Around vehicle
Engine light ON",26,"$2,309",02 March 2026
2010,BMW,335i,335i E90,Sedan,Automatic,Petrol,102318,5.0,WBAPM76030NH81943,XPK200,29-03-2026,6,3.0,White,Orange,Yes,Yes,No,Yes,Yes,VIC,https://www.grays.com/lot/0001-21063469/motor-vehicles-motor-cycles/2010-bmw-335i-335i-e90-automatic-sedan,"Medium Scratches Around vehicle
Front Seat worn Driver seat
Interior: Right cornering light failure warning message
Interior: Right cornering light failure warning message",93,"$12,400",02 March 2026
2007,VOLKSWAGEN,Golf,GTI A5,Hatchback,Automatic,Petrol,174561,5.0,WVWZZZ1KZ7U035075,2DQ3OT,28-02-2026,4,2.0,Black,Black Leather,Yes,Yes,No,Yes,Yes,VIC,https://www.grays.com/lot/0001-21063468/motor-vehicles-motor-cycles/2007-volkswagen-golf-gti-a5-automatic-hatchback,"Medium Scratches Around vehicle
Seat Torn driver side
Dents or marks on body consistent with age and kilometres.",22,"$3,200",02 March 2026
2014,PEUGEOT,208,Allure,Hatchback,Automatic,Petrol,147666,5.0,VF3CC5FS9ET101192,1DL8AP,30-01-2026,4,1.6,Red,Black,Yes,Yes,Yes,Yes,Yes,VIC,https://www.grays.com/lot/0001-21063467/motor-vehicles-motor-cycles/2014-peugeot-208-allure-automatic-hatchback,"Medium Scratches Around vehicle
Dents or marks on body consistent with age and kilometres.",34,"$3,800",02 March 2026
2005,HOLDEN,Berlina,VZ,Wagon,Automatic,Petrol,308689,5.0,6G1ZL84B75L528614,XAZ549,15-05-2026,6,3.6,Blue,Grey,Yes,No,Yes,Partial,Yes,VIC,https://www.grays.com/lot/0001-21063466/motor-vehicles-motor-cycles/2005-holden-berlina-vz-automatic-wagon,"Medium Dent on Around vehicle
Paint peeling Around vehicle
Medium Scuff on Around vehicle
Seat Torn driver side",12,$809,02 March 2026
2013,MITSUBISHI,Pajero,VRX NW,Wagon,Automatic,Diesel,282297,7.0,JMFLYV98WEJ003746,1AJ7WT,28-02-2026,4,3.2,Grey,Black Leather,Yes,No,Yes,Partial,Yes,VIC,https://www.grays.com/lot/0001-21063464/motor-vehicles-motor-cycles/2013-mitsubishi-pajero-vrx-nw-turbo-diesel-automatic-7-seats-wagon,"Front and Back seat stains
Dents or marks on body consistent with age and kilometres.",100,"$10,099",02 March 2026
2012,KIA,Sorento,Platinum XM,Wagon,Automatic,Diesel,331442,7.0,KNAKU814SC5301990,ZJZ106,27-04-2026,4,2.2,White,Black Leather,Yes,Yes,Yes,Partial,Yes,VIC,https://www.grays.com/lot/0001-21063461/motor-vehicles-motor-cycles/2012-kia-sorento-platinum-xm-turbo-diesel-automatic-7-seats-wagon,"Display screen requires attenton.
Dents or marks on body consistent with age and kilometres.
Front Seat worn driver side",35,"$2,609",02 March 2026
2010,SUBARU,Forester,X S3,Wagon,Automatic,Petrol,203427,5.0,JF2SH9KL5AG050044,YPK907,16-03-2026,4,2.5,White,Black,Yes,Yes,Yes,Partial,Yes,VIC,https://www.grays.com/lot/0001-21063457/motor-vehicles-motor-cycles/2010-subaru-forester-x-s3-automatic-wagon,"Medium Scuffs, Scratches Around vehicle
Paint cracked on various panels",56,"$3,109",02 March 2026
2005,TOYOTA,Landcruiser,Prado GXL KZJ120R,Wagon,Automatic,Diesel,623556,8.0,JTEBY29JX00029736,TML797,22-04-2026,4,3.0,Silver,Grey,Yes,No,Yes,Partial,Yes,VIC,https://www.grays.com/lot/0001-21063456/motor-vehicles-motor-cycles/2005-toyota-landcruiser-prado-gxl-kzj120r-turbo-diesel-auto-8-seats-wagon,"Medium Scuffs, Scratches Around vehicle
Large Scuffs Around vehicle
Airbag light ON
Dents or marks on body consistent with age and kilometres.
Windscreen Chips",49,"$4,500",02 March 2026
2015,TOYOTA,Camry,ATARA S HYBRID AVV50R,Sedan,CVT,Hybrid,254641,5.0,6T1BD3FK90X144855,1QN6DA,30-04-2026,4,2.5,Blue,Grey,Yes,No,Yes,Partial,Yes,VIC,https://www.grays.com/lot/0001-21063454/motor-vehicles-motor-cycles/2015-toyota-camry-atara-s-hybrid-avv50r-cvt-sedan,"Medium Scuff on Around vehicle
Rear bumper Cracked bumper.
Dents or marks on body consistent with age and kilometres.",82,"$8,650",02 March 2026
2009,SUBARU,Impreza,WRX G3,Sedan,Manual,Petrol,225594,5.0,JF1GEEKD3AG011083,XJB057,17-03-2026,4,2.5,Grey,Black Leather,Yes,Yes,Yes,Yes,Yes,VIC,https://www.grays.com/lot/0001-21063452/motor-vehicles-motor-cycles/2009-subaru-impreza-wrx-g3-manual-sedan,"Dents or marks on body consistent with age and kilometres.
Paint fading Bonnet scoop
Medium Dent on Boot
Medium Scratch on various panels",36,"$5,700",02 March 2026
2008,MAZDA,6,Luxury GH,Sedan,Automatic,Petrol,269065,5.0,JM0GH105100103047,WHA995,Unregistered,4,2.5,Silver,Black Leather,Yes,Yes,No,Partial,Yes,VIC,https://www.grays.com/lot/0001-21063451/motor-vehicles-motor-cycles/2008-mazda-6-luxury-gh-automatic-sedan,"Airbag light ON
Paint fading Around vehicle
Medium Scuff on Around vehicle
Front Cracked bumper.
Dents or marks on body consistent with age and kilometres.
Medium Scratch on various panels",20,"$1,950",02 March 2026
2013,VOLVO,S60,T4,Sedan,Automatic,Petrol,117097,5.0,YV1FS48HBE2301028,1CF2SN,24-12-2025,4,1.6,White,Black Leather,Yes,Yes,Yes,Partial,Yes,VIC,https://www.grays.com/lot/0001-21063450/motor-vehicles-motor-cycles/2013-volvo-s60-t4-automatic-sedan,Medium Scuff on Front bumper,85,"$6,700",02 March 2026
2013,HOLDEN,Commodore,Evoke Evoke VF,Wagon,Automatic,Petrol,289385,5.0,6G1FA8E50EL940276,1LJ7KP,04-06-2026,6,3.0,Red,Grey,Yes,Yes,Yes,Partial,Yes,VIC,https://www.grays.com/lot/0001-21063449/motor-vehicles-motor-cycles/2013-holden-commodore-evoke-evoke-vf-automatic-wagon,"Dents or marks on body consistent with age and kilometres.
Dents or marks on body consistent with age and kilometres.
Windscreen Chipped or Cracked.",63,"$4,100",02 March 2026
2012,FORD,Territory,TX SZ,Wagon,Automatic,Petrol,194382,7.0,6FPAAAJGATCL91457,ZKW687,15-07-2026,6,4.0,Grey,Black,Yes,No,Yes,Yes,Yes,VIC,https://www.grays.com/lot/0001-21063448/motor-vehicles-motor-cycles/2012-ford-territory-tx-sz-automatic-7-seats-wagon,"Front Seat worn Drivers
Door card Worn.
Door card Damaged.
Medium Scratch on Around vehicle
Other Warning light ON",33,"$3,300",02 March 2026
2012,HONDA,City,VTi GM,Sedan,Automatic,Petrol,245358,5.0,MRHGM2640CP080150,ZCK753,25-06-2026,4,1.5,Maroon,Black,Yes,No,No,No,Yes,VIC,https://www.grays.com/lot/0001-21063447/motor-vehicles-motor-cycles/2012-honda-city-vti-gm-automatic-sedan,"Door card Worn.
Medium Scratch on Around vehicle",53,"$3,600",02 March 2026
2006,TOYOTA,Yaris,YR NCP90R,Hatchback,Automatic,Petrol,175309,5.0,JTDJW923005028205,1DS4XX,07-01-2027,4,1.3,Silver,Grey,Yes,No,Yes,No,Yes,VIC,https://www.grays.com/lot/0001-21063438/motor-vehicles-motor-cycles/2006-toyota-yaris-yr-ncp90r-automatic-hatchback,"Front Seat Stains Both
Seat Torn Driver seat
Medium Scratch on Around vehicle
Paint peeling Around vehicle
Medium Dent on Around vehicle",54,"$4,009",01 March 2026
2017,HYUNDAI,I30,Active PD,Hatchback,Automatic,Petrol,102923,5.0,KMHH351EMJU047340,2EC5QE,22-03-2026,4,2.0,Grey,Black,Yes,Yes,Yes,Partial,Yes,VIC,https://www.grays.com/lot/0001-21063433/motor-vehicles-motor-cycles/2017-hyundai-i30-active-pd-automatic-hatchback,"Dents or marks on body consistent with age and kilometres.
Paint fading spoiler
Medium Scratch on various panels",75,"$12,195",01 March 2026
2007,FORD,Focus,Coupe-Cabriolet LT,Convertible,Automatic,Petrol,111599,4.0,WF0XXXLUDX7U12329,WVP643,Unregistered,4,2.0,Red,Black Leather,Yes,Yes,No,No,Yes,VIC,https://www.grays.com/lot/0001-21063432/motor-vehicles-motor-cycles/2007-ford-focus-coupe-cabriolet-lt-automatic-convertible,"Glovebox Would not Open/Close
Dash Torn or Cracked
Door card Worn.
Large Scratch on Around vehicle
Rear Cracked bumper
Heating/Air con requires attention",9,$709,01 March 2026
2011,VOLVO,Xc60,T5,Wagon,Automatic,Petrol,257976,5.0,YV1DZ475BB2200816,YJF644,29-06-2026,4,2.0,Grey,Beige Leather,Yes,Yes,Yes,Yes,Yes,VIC,https://www.grays.com/lot/0001-21063430/motor-vehicles-motor-cycles/2011-volvo-xc60-t5-automatic-wagon,"Front Seat worn Drivers and passengers
Medium Scratch on Around vehicle",32,"$2,209",01 March 2026
2014,RENAULT,Captur,Dynamique,Wagon,Automatic,Petrol,125495,5.0,VF12R401EE0710357,AGP763,09-03-2026,4,1.2,Black,Grey,Yes,Yes,No,No,Yes,VIC,https://www.grays.com/lot/0001-21063429/motor-vehicles-motor-cycles/2014-renault-captur-dynamique-automatic-wagon,"Transmission Requires attention Strongly recommend inspection by qualified third party
Medium Scratch on Around vehicle",12,$809,01 March 2026
2004,BMW,318i,E46,Sedan,Automatic,Petrol,166343,5.0,WBAET76060NJ72806,No plates,Unregistered,4,2.0,Blue,Black Leather,Yes,No,Yes,Partial,Yes,VIC,https://www.grays.com/lot/0001-21063428/motor-vehicles-motor-cycles/2004-bmw-318i-e46-automatic-sedan,"Engine light ON
Medium Scratch on Around vehicle
Large Scuff on Around vehicle
Dents or marks on body consistent with age and kilometres.",12,$909,01 March 2026
2012,TOYOTA,Rav,4 CV 2WD ACA38R,Wagon,Automatic,Petrol,322293,5.0,JTMZD33V305234480,ZLI630,05-06-2026,4,2.4,Silver,Black,Yes,Yes,Yes,Partial,Yes,VIC,https://www.grays.com/lot/0001-21063446/motor-vehicles-motor-cycles/2012-toyota-rav-4-cv-2wd-aca38r-automatic-wagon,"Windscreen Chipped or Cracked.
Large Scuff on Around vehicle
Paint cracked Front and rear bar
Dents or marks on body consistent with age and kilometres.
Medium Scratch on various panels
Medium Dent on various panels
Paint cracked bumper",37,"$3,600",02 March 2026
2011,VOLKSWAGEN,Tiguan,125 TSI 5N,Wagon,Automatic,Petrol,155021,5.0,WVGZZZ5NZBW086479,YIC156,28-04-2026,4,2.0,Blue,Grey,Yes,Yes,No,Yes,Yes,VIC,https://www.grays.com/lot/0001-21063445/motor-vehicles-motor-cycles/2011-volkswagen-tiguan-125-tsi-5n-automatic-wagon,"Medium Scratch on Around vehicle
Windscreen Chipped or Cracked.",64,"$4,289",02 March 2026
2009,PORSCHE,Cayenne,,Wagon,Automatic,Diesel,255343,5.0,WP1ZZZ9PZALA24002,BJQ252,15-10-2026,6,3.0,Grey,Black Leather,Yes,Yes,Yes,Partial,Yes,VIC,https://www.grays.com/lot/0001-21063444/motor-vehicles-motor-cycles/2009-porsche-cayenne-diesel-turbo-diesel-automatic-wagon,"Seat Torn Drivers
Dents or marks on body consistent with age and kilometres.
Medium Scratch on various panels",46,"$5,310",02 March 2026
2012,MITSUBISHI,Outlander,LS 2WD ZJ,Wagon,CVT,Petrol,182808,5.0,JMFXTGF7WDZ001832,ZUQ186,03-07-2026,4,2.0,Silver,Black,Yes,Yes,Yes,Yes,Yes,VIC,https://www.grays.com/lot/0001-21063434/motor-vehicles-motor-cycles/2012-mitsubishi-outlander-ls-2wd-zj-cvt-wagon,"Door Mirror Broken Drivers
Medium Scratch on Around vehicle",74,"$5,109",02 March 2026
2008,HONDA,Jazz,GLi GE,Hatchback,Automatic,Petrol,185002,5.0,MRHGE68509P040719,2CM8WZ,09-07-2026,4,1.3,Blue,Black,Yes,No,No,No,Yes,VIC,https://www.grays.com/lot/0001-21063422/motor-vehicles-motor-cycles/2008-honda-jazz-gli-ge-automatic-hatchback,"Dents or marks on body consistent with age and kilometres.
Medium Scratch on various panels",40,"$3,309",01 March 2026
2007,HOLDEN,Berlina,VE,Sedan,Automatic,Petrol,258767,5.0,6G1EL54B18L117730,WCX622,02-04-2026,6,3.6,Gold,Grey,Yes,Yes,Yes,Yes,Yes,VIC,https://www.grays.com/lot/0001-21063421/motor-vehicles-motor-cycles/2007-holden-berlina-ve-automatic-sedan,"Seat Torn Driver seat. Front and Back seat stains.
Windscreen Chipped.
Large Scuffs, Medium Scratches Around vehicle
Dents or marks on body consistent with age and kilometres.",17,"$1,609",01 March 2026
2013,VOLKSWAGEN,Golf,GTI A7,Hatchback,Manual,Petrol,225355,5.0,WVWZZZAUZEW020594,ZXE728,08-10-2026,4,2.0,White,Grey,Yes,No,No,No,Yes,VIC,https://www.grays.com/lot/0001-21063419/motor-vehicles-motor-cycles/2013-volkswagen-golf-gti-a7-manual-hatchback,"Large Scratches Around vehicle
Medium Dents Around vehicle
Dents or marks on body consistent with age and kilometres.",52,"$5,400",01 March 2026
2012,OPEL,Corsa,COLOUR EDITION SL,Hatchback,Automatic,Petrol,72389,5.0,W0L0SDL08D6012800,No plates,Unregistered,4,1.4,Red,Grey,Yes,Yes,Yes,Yes,Yes,VIC,https://www.grays.com/lot/0001-21063416/motor-vehicles-motor-cycles/2012-opel-corsa-colour-edition-sl-automatic-hatchback,"Medium Scuff on Around vehicle
Airbag light ON
Medium Dent on Front bumper",38,"$3,209",01 March 2026
2002,HOLDEN,Berlina,VX,Sedan,Automatic,Petrol,185797,5.0,6H8VXL69A2L863398,ROU301,07-06-2026,6,3.8,Silver,Grey,Yes,Yes,Yes,Yes,Yes,VIC,https://www.grays.com/lot/0001-21063414/motor-vehicles-motor-cycles/2002-holden-berlina-vx-automatic-sedan,"Dents or marks on body consistent with age and kilometres.
Hood Lining Sagging
Paint cracked on various panels
Medium Scratch on around exterior",41,"$2,409",01 March 2026
2010,KIA,Cerato,S TD,Sedan,Automatic,Petrol,173530,5.0,KNAFT412MA5193432,XOK459,04-03-2026,4,2.0,Grey,Grey,Yes,No,Yes,Partial,Yes,VIC,https://www.grays.com/lot/0001-21063413/motor-vehicles-motor-cycles/2010-kia-cerato-s-td-automatic-sedan,"Engine noise observed.
Windscreen Chipped or Cracked.
Medium Scratch on Around vehicle
Large Scuff on Around vehicle
Corrosion visible Passenger side back door",12,"$1,009",01 March 2026
2011,SUBARU,Impreza,R G3,Hatchback,Manual,Petrol,199642,5.0,JF1GH7KF3BG055888,No plates,Unregistered,4,2.0,Silver,Black Leather,Yes,Yes,Yes,Yes,Yes,VIC,https://www.grays.com/lot/0001-21063412/motor-vehicles-motor-cycles/2011-subaru-impreza-r-g3-manual-hatchback,"Medium Dent on Around vehicle
Paint fading Around vehicle
Engine light ON",20,"$1,309",01 March 2026
2011,VOLKSWAGEN,Tiguan,103 TDI 5N,Wagon,Automatic,Diesel,236827,5.0,WVGZZZ5NZCW031698,YUD942,03-05-2026,4,2.0,Black,Black Leather,Yes,Yes,No,No,Yes,VIC,https://www.grays.com/lot/0001-21063411/motor-vehicles-motor-cycles/2011-volkswagen-tiguan-103-tdi-5n-turbo-diesel-automatic-wagon,"Medium Scuff on Around vehicle
Other Warning light ON
Windscreen Chipped or Cracked.",56,"$3,699",01 March 2026
2007,TOYOTA,Camry,Altise ACV40R,Sedan,Automatic,Petrol,192905,5.0,6T153BK400X046231,WXP378,08-04-2026,4,2.4,Silver,Grey,Yes,Yes,Yes,Partial,Yes,VIC,https://www.grays.com/lot/0001-21063420/motor-vehicles-motor-cycles/2007-toyota-camry-altise-acv40r-automatic-sedan,"Dents or marks on body consistent with age and kilometres.
Windscreen Chipped.",61,"$4,009",02 March 2026
2009,MAZDA,3,Maxx Sport BL,Hatchback,Automatic,Petrol,136715,5.0,JM0BL10F100104223,ZAS251,17-04-2026,4,2.0,Grey,Black,Yes,No,No,No,Yes,VIC,https://www.grays.com/lot/0001-21063417/motor-vehicles-motor-cycles/2009-mazda-3-maxx-sport-bl-automatic-hatchback,"Dents or marks on body consistent with age and kilometres.
Paint fading Boot spoiler",48,"$5,600",02 March 2026
2014,VOLKSWAGEN,Transporter,TDI250 SWB T5,Van,Manual,Diesel,287202,2.0,WV1ZZZ7HZEX022442,1CX3ZG,29-07-2026,4,2.0,White,Grey,Yes,No,Yes,Partial,Yes,VIC,https://www.grays.com/lot/0001-21063406/motor-vehicles-motor-cycles/2014-volkswagen-transporter-tdi250-swb-t5-turbo-diesel-manual-van,"Engine light ON
Seat Torn Drivers
Windscreen Chipped or Cracked.
Damaged Around vehicle
Large Dent on Around vehicle",47,"$2,800",28 February 2026
2012,LAND,Rover,Range Rover Sport 3.0 SDV6 LUXURY,Wagon,Automatic,Diesel,86684,5.0,SALLSAAF3DA770964,No plates,Unregistered,6,3.0,White,Black Leather,Yes,No,Yes,Partial,Yes,VIC,https://www.grays.com/lot/0001-21063403/motor-vehicles-motor-cycles/2012-land-rover-range-rover-sport-3-0-sdv6-luxury-turbo-diesel-auto-wagon,"Engine noise observed.
Large Scratch on Rear bumper
Dents or marks on body consistent with age and kilometres.",66,"$6,300",28 February 2026
2015,NISSAN,Qashqai,TS J11,Wagon,CVT,Diesel,130244,5.0,SJNFDAJ11A1322634,No plates,Unregistered,4,1.6,Silver,Black,Yes,Yes,Yes,Yes,Yes,VIC,https://www.grays.com/lot/0001-21063393/motor-vehicles-motor-cycles/2015-nissan-qashqai-ts-j11-turbo-diesel-cvt-wagon,"Engine light ON
Windscreen Chipped or Cracked.
Dents or marks on body consistent with age and kilometres.
Medium Scratch on Around vehicle
Engine overheating, tow advisable.",53,"$3,100",28 February 2026
2008,MITSUBISHI,Lancer,VRX CJ,Sedan,Manual,Petrol,179640,5.0,JMFSNCY5A9U001054,No plates,Unregistered,4,2.4,Red,Black,Yes,No,No,No,Yes,VIC,https://www.grays.com/lot/0001-21063391/motor-vehicles-motor-cycles/2008-mitsubishi-lancer-vrx-cj-manual-sedan,"Traction control light ON
Paint peeling Around vehicle
Medium Scuff on Around vehicle
Front bumper Cracked bumper.
Large Dent on Front bumper/bonnet
ABS light ON",20,"$1,909",28 February 2026
2018,LDV,T60,LUXE Dual,Dual Cab,Automatic,Diesel,131765,5.0,LSFAM11A1JA103650,No plates,Unregistered,4,2.8,Black,Black Leather,Yes,No,No,No,Yes,VIC,https://www.grays.com/lot/0001-21063390/motor-vehicles-motor-cycles/2018-ldv-t60-luxe-turbo-diesel-automatic-dual-cab,"Traction control light ON
Medium Scratch on Around vehicle
Large Dent on Passenger side back door/tray
Large Scuff on Around vehicle
Other Warning light ON",73,"$6,200",28 February 2026
2010,SUBARU,Impreza,R G3,Hatchback,Automatic,Petrol,201425,5.0,JF1GH7KS5BG053902,YGE952,17-03-2026,4,2.0,Silver,Black Leather,Yes,Yes,Yes,No,Yes,VIC,https://www.grays.com/lot/0001-21063410/motor-vehicles-motor-cycles/2010-subaru-impreza-r-g3-automatic-hatchback,"Engine light ON
Carpet worn in places.
Dents or marks on body consistent with age and kilometres.
Medium Scuff on Rhf door
Traction control light ON",37,"$3,000",01 March 2026
2008,HOLDEN,Captiva,CX AWD CG,Wagon,Automatic,Diesel,155783,7.0,KL3CD26RJ9B280436,WVK640,08-04-2026,4,2.0,Silver,Grey,Yes,Yes,Yes,Partial,Yes,VIC,https://www.grays.com/lot/0001-21063409/motor-vehicles-motor-cycles/2008-holden-captiva-cx-awd-cg-turbo-diesel-automatic-7-seats-wagon,"Medium Scratch on Around vehicle
Airbag light ON
Dents or marks on body consistent with age and kilometres.
Paint fading various panels",16,"$1,409",01 March 2026
2009,VOLKSWAGEN,Tiguan,147 TSI 5N,Wagon,Automatic,Petrol,130279,5.0,WVGZZZ5NZ9W096681,No Plates,Unregistered,4,2.0,Black,Black Leather,Yes,No,No,Yes,Yes,VIC,https://www.grays.com/lot/0001-21063400/motor-vehicles-motor-cycles/2009-volkswagen-tiguan-147-tsi-5n-automatic-wagon,"Engine light ON
Dents or marks on body consistent with age and kilometres.",27,"$1,709",01 March 2026
2014,TOYOTA,Hiace,KDH223R,Bus,Automatic,Diesel,178877,12.0,JTFST22P300021454,1OK4CR,31-03-2026,4,3.0,White,Grey,Yes,No,Yes,Partial,Yes,VIC,https://www.grays.com/lot/0001-21063407/motor-vehicles-motor-cycles/2014-toyota-hiace-kdh223r-turbo-diesel-automatic-12-seats-bus,"Dents or marks on body consistent with age and kilometres.
Medium Scratch on Around vehicle",357,"$20,100",02 March 2026
2005,MERCEDES,Benz,ML320CDI W164,Wagon,Automatic,Diesel,237882,5.0,WDC1641222A034613,2EJ6NK,30-04-2026,6,3.0,Silver,Black Leather,Yes,No,Yes,Partial,Yes,VIC,https://www.grays.com/lot/0001-21063388/motor-vehicles-motor-cycles/2005-mercedes-benz-ml320cdi-w164-turbo-diesel-automatic-wagon,Medium Scratches Around vehicle,26,"$2,409",26 February 2026
2011,VOLKSWAGEN,Amarok,TDI340 2H Dual,Cab Chassis,Manual,Diesel,258655,5.0,WV1ZZZ2HZB8050179,YUU665,18-04-2026,4,2.0,White,Grey,Yes,No,Yes,Partial,Yes,VIC,https://www.grays.com/lot/0001-21063387/motor-vehicles-motor-cycles/2011-volkswagen-amarok-tdi340-2h-turbo-diesel-manual-dual-cab,"Medium Scratches, Scuffs, Corrosion Around vehicle
Dents or marks on body consistent with age and kilometres.
Large Dents Around vehicle
Seat Torn driver side
Damaged Rear Tail light",25,"$2,150",26 February 2026
2005,CITROEN,C4,2.0 EXCLUSIVE,Hatchback,Automatic,Petrol,71827,5.0,VF7LCRFJF74293237,UDD122,28-02-2026,4,2.0,Silver,Black,Yes,No,Yes,Partial,Yes,VIC,https://www.grays.com/lot/0001-21063386/motor-vehicles-motor-cycles/2005-citroen-c4-2-0-exclusive-automatic-hatchback,"Door card Worn.
Paint peeling Around vehicle. Paint cracked rear bumper
Dents or marks on body consistent with age and kilometres.
Medium Scratch on various panels",8,"$1,100",26 February 2026
2009,KIA,Rio,LX JB,Hatchback,Automatic,Petrol,174720,5.0,KNADH511MA6660214,No plates,Unregistered,4,1.4,Silver,Grey,Yes,No,Yes,No,Yes,VIC,https://www.grays.com/lot/0001-21063383/motor-vehicles-motor-cycles/2009-kia-rio-lx-jb-automatic-hatchback,"Large Scuffs Around vehicle
Damage to Front of Vehicle.",23,"$1,809",26 February 2026
2010,MAZDA,3,BL,Sedan,Manual,Diesel,251296,5.0,JM0BL10C100145435,No plates,Unregistered,4,2.2,White,Black,Yes,No,Yes,Yes,Yes,VIC,https://www.grays.com/lot/0001-21063382/motor-vehicles-motor-cycles/2010-mazda-3-diesel-bl-turbo-diesel-manual-sedan,"Dents or marks on body consistent with age and kilometres.
Medium Dent on Drivers door and front right fender",42,"$3,100",26 February 2026
2013,FORD,Kuga,AWD TREND TF,Wagon,Automatic,Diesel,115334,5.0,WF0AXXWPMADG23365,No plates,Unregistered,4,2.0,Green,Black Leather,Yes,No,Yes,Yes,Yes,VIC,https://www.grays.com/lot/0001-21063381/motor-vehicles-motor-cycles/2013-ford-kuga-awd-trend-tf-turbo-diesel-automatic-wagon,Medium Scratch on Around vehicle,24,"$2,409",26 February 2026
2012,MERCEDES,Benz,C-Class C200 CDI S204,Wagon,Automatic,Diesel,164385,5.0,WDD2042012F984956,ZNA860,30-06-2026,4,2.1,Grey,Black Leather,Yes,Yes,Yes,Yes,Yes,VIC,https://www.grays.com/lot/0001-21063380/motor-vehicles-motor-cycles/2012-mercedes-benz-c-class-c200-cdi-s204-turbo-diesel-automatic-wagon,Dents or marks on body consistent with age and kilometres.,89,"$7,600",26 February 2026
2013,TOYOTA,Camry,Atara S ASV50R,Sedan,Automatic,Petrol,99347,5.0,6T1BF3FK20X037737,1AQ8EV,29-05-2026,4,2.5,Bronze,Grey,Yes,Yes,Yes,Yes,Yes,VIC,https://www.grays.com/lot/0001-21063379/motor-vehicles-motor-cycles/2013-toyota-camry-atara-s-asv50r-automatic-sedan,"Large Dent on Boot
Rear bumper Cracked bumper.
Dents or marks on body consistent with age and kilometres.
Medium Scratch on Around vehicle
Large Scuff on Around vehicle
Corrosion visible Around vehicle",86,"$8,150",26 February 2026
2012,HOLDEN,Cruze,CDX JH,Sedan,Automatic,Petrol,255605,5.0,6G1PE5E58CL624404,2DT2WI,30-04-2026,4,1.8,Black,Black Leather,Yes,No,Yes,Partial,Yes,VIC,https://www.grays.com/lot/0001-21063378/motor-vehicles-motor-cycles/2012-holden-cruze-cdx-jh-automatic-sedan,"Medium Scuff on Around vehicle
Medium Dent on Front quarter panel passenger side
Windscreen Chipped or Cracked.
Door card Worn.
Dents or marks on body consistent with age and kilometres.",9,$819,26 February 2026
2008,MAZDA,Cx-9,Luxury,Wagon,Automatic,Petrol,256523,7.0,JM0TB10A100107292,WMB786,30-03-2026,6,3.7,Blue,Tan Leather,Yes,Yes,Yes,Partial,Yes,VIC,https://www.grays.com/lot/0001-21063377/motor-vehicles-motor-cycles/2008-mazda-cx-9-luxury-automatic-7-seats-wagon,"Large Scuff on Around vehicle
Large Scratch on Around vehicle
Engine light ON
Seat Torn Both front seats
Windscreen Chipped or Cracked.",17,"$1,409",26 February 2026
2015,VOLKSWAGEN,Golf,Alltrack 132TSI A7,Wagon,Automatic,Petrol,150373,5.0,WVWZZZAUZGP510479,2CG5HZ,22-03-2026,4,1.8,Silver,Black Leather,Yes,Yes,No,Yes,Yes,VIC,https://www.grays.com/lot/0001-21063376/motor-vehicles-motor-cycles/2015-volkswagen-golf-alltrack-132tsi-a7-automatic-wagon,"Other Warning light ON
Airbag light ON
Medium Scratch on Around vehicle
Paint fading on various panels
Dents or marks on body consistent with age and kilometres.",56,"$4,989",26 February 2026
2013,JEEP,Compass,Limited,Wagon,Automatic,Petrol,228516,5.0,1C4NJDDB7ED640941,1BZ8QE,02-03-2026,4,2.4,White,Black Leather,Yes,Yes,Yes,Partial,Yes,VIC,https://www.grays.com/lot/0001-21063375/motor-vehicles-motor-cycles/2013-jeep-compass-limited-automatic-wagon,Dents or marks on body consistent with age and kilometres.,48,"$3,109",26 February 2026
2012,JEEP,Grand,Cherokee Laredo WK,Wagon,Automatic,Diesel,375947,5.0,1C4RJFEM1DC621531,ZMF052,12-02-2026,6,3.0,Silver,Black,Yes,Yes,Yes,Partial,Yes,VIC,https://www.grays.com/lot/0001-21063373/motor-vehicles-motor-cycles/2012-jeep-grand-cherokee-laredo-wk-turbo-diesel-automatic-wagon,"Front Seat Stains Both
Dents or marks on body consistent with age and kilometres.
Medium Scratch on Around vehicle",33,"$2,609",26 February 2026
2010,MITSUBISHI,Outlander,LS 2WD ZH,Wagon,Manual,Petrol,284204,5.0,JMFXNCW5WBU000638,YAM570,02-06-2026,4,2.4,White,Black,Yes,Yes,Yes,Partial,Yes,VIC,https://www.grays.com/lot/0001-21063372/motor-vehicles-motor-cycles/2010-mitsubishi-outlander-ls-2wd-zh-manual-wagon,"Stains on seats.Seat Torn drivers
Large Dents, Scuffs and Scratches Around vehicle
Corrosion visible Around vehicle
Dents or marks on body consistent with age and kilometres.",16,"$1,009",26 February 2026
2016,MITSUBISHI,Pajero,SPORT GLS QE T,Wagon,Automatic,Diesel,194037,7.0,MMAGUKS10GH005840,1KD6AF,15-10-2026,4,2.4,Brown,Black Leather,Yes,Yes,Yes,Partial,Yes,VIC,https://www.grays.com/lot/0001-21063371/motor-vehicles-motor-cycles/2016-mitsubishi-pajero-sport-gls-qe-t-diesel-auto-8-speed-7-seats-wagon,"Medium Scratch on Around vehicle
Medium Dent on Around vehicle",184,"$16,400",26 February 2026
2007,VOLKSWAGEN,Passat,2.0 TFSI 3C,Wagon,Automatic,Petrol,216961,5.0,WVWZZZ3CZ7E187531,UWD227,16-07-2026,4,2.0,Gold,Black,Yes,No,Yes,Partial,Yes,VIC,https://www.grays.com/lot/0001-21063369/motor-vehicles-motor-cycles/2007-volkswagen-passat-2-0-tfsi-3c-automatic-wagon,"Medium Scuff on Around vehicle
Damaged Around vehicle",18,"$1,803",26 February 2026
2016,NISSAN,Pathfinder,ST-L R52,Wagon,CVT,Petrol,153918,7.0,5N1AR2MM6GC672765,1KU8BJ,03-08-2026,6,3.5,Blue,Black Leather,Yes,Yes,Yes,Partial,Yes,VIC,https://www.grays.com/lot/0001-21063368/motor-vehicles-motor-cycles/2016-nissan-pathfinder-st-l-r52-cvt-7-seats-wagon,"Large Scuff on Around vehicle
Dents or marks on body consistent with age and kilometres.",118,"$9,300",26 February 2026
2010,VOLKSWAGEN,Golf,GTI A6,Hatchback,Automatic,Petrol,337493,5.0,WVWZZZ1KZAW347575,XSF177,07-03-2026,4,2.0,Red,Black Leather,Yes,Yes,Yes,Partial,Yes,VIC,https://www.grays.com/lot/0001-21063367/motor-vehicles-motor-cycles/2010-volkswagen-golf-gti-a6-automatic-hatchback,"Windscreen Chipped or Cracked.
Medium Scuffs Around vehicle
Exterior Light Fault Warning light ON
Dents or marks on body consistent with age and kilometres.
Damaged Front fog light",42,"$3,009",26 February 2026
2010,SUZUKI,Swift,EZ,Hatchback,Automatic,Petrol,246633,5.0,JSAEZC21S00565207,1XE8DY,15-01-2027,4,1.5,White,Grey,Yes,No,Yes,Partial,Yes,VIC,https://www.grays.com/lot/0001-21063366/motor-vehicles-motor-cycles/2010-suzuki-swift-ez-automatic-hatchback,"Seat Torn Passenger seat
Front Seat Stains Both
Dents or marks on body consistent with age and kilometres.
Windscreen Chipped or Cracked.
Medium Scuff on Around vehicle",32,"$2,609",26 February 2026
2014,MERCEDES,Benz,M-Class ML63 AMG W166,Wagon,Automatic,Petrol,145222,5.0,WDC1660742A450275,1QO4YQ,08-03-2026,8,5.5,Blue,Black Leather,Yes,Yes,No,Partial,Yes,VIC,https://www.grays.com/lot/0001-21063341/motor-vehicles-motor-cycles/2014-mercedes-benz-m-class-ml63-amg-w166-automatic-wagon,"Medium Scratch on various panels
Dents or marks on body consistent with age and kilometres.",211,"$25,100",25 February 2026
2015,FORD,Territory,TS SZ II,Wagon,Automatic,Diesel,116070,7.0,6FPAAAJGATFT87987,1PR1MC,14-12-2026,6,2.7,Red,Black,Yes,Yes,Yes,Partial,Yes,VIC,https://www.grays.com/lot/0001-21063340/motor-vehicles-motor-cycles/2015-ford-territory-ts-sz-ii-turbo-diesel-automatic-7-seats-wagon,"Seat Torn Drivers
Medium Scratch Around vehicle
Medium Dent on Right rear passenger door
Dents or marks on body consistent with age and kilometres.
Paint fading on various panels",108,"$9,100",25 February 2026
2015,TOYOTA,Landcruiser,Prado GX GDJ150R,Wagon,Automatic,Diesel,310340,5.0,JTEBR3FJ60K010581,1NZ6DB,30-10-2026,4,2.8,White,Grey,Yes,Yes,Yes,Partial,Yes,VIC,https://www.grays.com/lot/0001-21063338/motor-vehicles-motor-cycles/2015-toyota-landcruiser-prado-gx-gdj150r-turbo-diesel-automatic-wagon,"Windscreen Chipped or Cracked.
Door card Worn.
Large Dent on Around vehicle
Damaged Rear tail light and driving light
Dents or marks on body consistent with age and kilometres.",114,"$19,800",25 February 2026
2008,FORD,Mondeo,TDCi MA,Hatchback,Automatic,Diesel,180731,5.0,WF0EXXGBBE8G06229,1ZF4RP,22-02-2026,4,2.0,Silver,Black Leather,Yes,Yes,No,No,Yes,VIC,https://www.grays.com/lot/0001-21063337/motor-vehicles-motor-cycles/2008-ford-mondeo-tdci-ma-turbo-diesel-automatic-hatchback,"Other Warning light ON
Other Warning light ON
Carpet worn in places.
Carpet worn in places.
Medium Scuff on Around vehicle
Medium Scuff on Around vehicle
Paint cracked Rear bar
Paint cracked Rear bar",8,$709,25 February 2026
2015,FORD,Ranger,XL 4X2 Hi-Rider PX,Crew Cab Chassis,Automatic,Diesel,231620,5.0,MNAUMEF80FW415325,1EK1BP,27-04-2026,4,2.2,White,Grey,Yes,No,Yes,Partial,Yes,VIC,https://www.grays.com/lot/0001-21063365/motor-vehicles-motor-cycles/2015-ford-ranger-xl-4x2-hi-rider-px-turbo-diesel-automatic-crew-cab-chassis,"Back Seat Stains.
Windscreen Chipped or Cracked.
Front bumper Cracked bumper.
Dents or marks on body consistent with age and kilometres.
Medium Scuff on Around vehicle",63,"$5,350",26 February 2026
2014,NISSAN,Pathfinder,ST-L HYBRID R52,Wagon,CVT,Hybrid,100086,7.0,5N1CR2MM4EC689196,1ON7UZ,03-08-2026,4,2.5,Silver,Black Leather,Yes,Yes,Yes,Partial,Yes,VIC,https://www.grays.com/lot/0001-21063363/motor-vehicles-motor-cycles/2014-nissan-pathfinder-st-l-hybrid-r52-cvt-7-seats-wagon,"Medium Scratch on Front Passenger side
Dents or marks on body consistent with age and kilometres.
Front Seat worn Driver seat",163,"$10,650",26 February 2026
2006,SUBARU,Impreza,2.0i G2,Hatchback,Automatic,Petrol,171379,5.0,JF1GG9KR57G035764,UMB423,27-02-2026,4,2.0,Black,Multi,Yes,No,Yes,Yes,Yes,VIC,https://www.grays.com/lot/0001-21063362/motor-vehicles-motor-cycles/2006-subaru-impreza-2-0i-g2-automatic-hatchback,"Front Seat worn Drivers
Large Scuff on Around vehicle
Paint fading Around vehicle",48,"$3,009",26 February 2026
2018,HOLDEN,Commodore,Liftback LT ZB,Hatchback,Automatic,Diesel,206306,5.0,W0VZM6EG5J1109317,1QM4WY,08-11-2026,4,2.0,White,Black,Yes,Yes,Yes,Partial,Yes,VIC,https://www.grays.com/lot/0001-21063361/motor-vehicles-motor-cycles/2018-holden-commodore-liftback-lt-zb-turbo-diesel-auto-8-speed-hatchback,"Medium Dent on Around vehicle
Windscreen Chipped or Cracked.
Dents or marks on body consistent with age and kilometres.",55,"$4,550",26 February 2026
2010,KIA,Cerato,Si TD,Hatchback,Manual,Petrol,285988,5.0,KNAFT512LB5361887,YDQ760,23-02-2026,4,2.0,Silver,Black,Yes,No,Yes,Yes,Yes,VIC,https://www.grays.com/lot/0001-21063358/motor-vehicles-motor-cycles/2010-kia-cerato-si-td-manual-hatchback,"Engine noise observed.
Windscreen Chipped or Cracked.
Dents or marks on body consistent with age and kilometres.
Medium Dent on Bonnet
Damaged Brake light driver side
Medium Scuff on Rear bumper
Paint peeling Around vehicle",4,$309,26 February 2026
2007,VOLKSWAGEN,Golf,GT SPORT TDI A5,Hatchback,Automatic,Diesel,168268,5.0,WVWZZZ1KZ8U014327,1VZ4EG,24-04-2026,4,2.0,Grey,Black Leather,Yes,No,Yes,No,Yes,VIC,https://www.grays.com/lot/0001-21063354/motor-vehicles-motor-cycles/2007-volkswagen-golf-gt-sport-tdi-a5-turbo-diesel-automatic-hatchback,"Other Warning light ON
Medium Scratch on Around vehicle",48,"$3,500",02 March 2026
2001,HONDA,Cr-v,Sport RD,Wagon,Manual,Petrol,198264,5.0,JHLRD17501C224534,Unlicensed,Unregistered,4,2.0,Blue,Grey,Yes,Yes,Yes,Partial,Yes,VIC,https://www.grays.com/lot/0001-21063335/motor-vehicles-motor-cycles/2001-honda-cr-v-sport-rd-manual-wagon,"Medium Scratches Around vehicle
Paint cracked Rear bumper",24,"$1,809",25 February 2026
2010,VOLVO,Xc60,D5,Wagon,Automatic,Diesel,238509,5.0,YV1DZ7056B2135495,ZYC411,04-05-2026,5,2.4,Silver,Black Leather,Yes,No,Yes,Partial,Yes,VIC,https://www.grays.com/lot/0001-21063330/motor-vehicles-motor-cycles/2010-volvo-xc60-d5-turbo-diesel-automatic-wagon,"Medium Scuff on Around vehicle
Paint fading Around vehicle
Seat Torn driver side
Dents or marks on body consistent with age and kilometres.",37,"$2,309",25 February 2026
2014,MAZDA,3,Touring BM,Sedan,Manual,Petrol,268378,5.0,JM0BM527610107595,No plates,Unregistered,4,2.0,Blue,Black Leather,Yes,No,Yes,Partial,Yes,VIC,https://www.grays.com/lot/0001-21063329/motor-vehicles-motor-cycles/2014-mazda-3-touring-bm-manual-sedan,"Seat Torn Drivers
Carpet worn in places.
Medium Scratch on Around vehicle
Dents or marks on body consistent with age and kilometres.",37,"$2,609",25 February 2026
2007,MINI,Cooper,S R56,Hatchback,Automatic,Petrol,163544,4.0,WMWMF72010TL40257,1ZX1CU,27-12-2025,4,1.6,Grey,Cream Leather,Yes,Yes,Yes,Partial,Yes,VIC,https://www.grays.com/lot/0001-21063328/motor-vehicles-motor-cycles/2007-mini-cooper-s-r56-automatic-hatchback,"Dents or marks on body consistent with age and kilometres.
Paint fading Bonnet scoop",69,"$4,700",25 February 2026
2012,OPEL,Astra,SELECT PJ,Hatchback,Automatic,Petrol,152327,5.0,W0LPE6EJ3D8015845,1YM4LK,30-05-2026,4,1.6,Red,Black,Yes,Yes,Yes,Partial,Yes,VIC,https://www.grays.com/lot/0001-21063325/motor-vehicles-motor-cycles/2012-opel-astra-select-pj-automatic-hatchback,Dents or marks on body consistent with age and kilometres.,71,"$4,355",25 February 2026
2017,SUBARU,Xv,2.0i-S G4X,Hatchback,CVT,Petrol,228330,5.0,JF1GP7KC5HG205606,AOB581,08-06-2026,4,2.0,White,Black Leather,Yes,Yes,Yes,Partial,Yes,VIC,https://www.grays.com/lot/0001-21063324/motor-vehicles-motor-cycles/2017-subaru-xv-2-0i-s-g4x-cvt-hatchback,Dents or marks on body consistent with age and kilometres.,86,"$6,500",25 February 2026
2011,BMW,X5,xDrive 30d E70 LCI,Wagon,Automatic,Diesel,205874,5.0,WBAZW420X0L792499,1RU6WY,Unregistered,6,3.0,Gold,Beige Leather,Yes,No,Yes,No,Yes,VIC,https://www.grays.com/lot/0001-21063315/motor-vehicles-motor-cycles/2011-bmw-x5-xdrive-30d-e70-lci-turbo-diesel-automatic-8-speed-wagon,"Medium Scratch on Rear bumper
Dents or marks on body consistent with age and kilometres.
Engine idling rough
Engine Oil Leak
Front Seat worn Driver seat worn
Other Warning light ON",12,"$1,209",25 February 2026
2011,TOYOTA,Yaris,YR NCP90R,Hatchback,Automatic,Petrol,96237,5.0,JTDKW923405189046,YOV176,19-03-2026,4,1.3,Pink,Grey,Yes,Yes,Yes,Yes,Yes,VIC,https://www.grays.com/lot/0001-21063307/motor-vehicles-motor-cycles/2011-toyota-yaris-yr-ncp90r-automatic-hatchback,"Medium Scuff on Around vehicle
Medium Dent on Around vehicle",77,"$6,900",25 February 2026
2014,VOLKSWAGEN,Golf,90TSI A7,Hatchback,Automatic,Petrol,163220,5.0,WVWZZZAUZFW135065,2DQ4ZM,24-01-2026,4,1.4,Black,Black,Yes,Yes,Yes,Yes,Yes,VIC,https://www.grays.com/lot/0001-21063304/motor-vehicles-motor-cycles/2014-volkswagen-golf-90tsi-a7-automatic-hatchback,"Medium Scratch on Around vehicle
Medium Scuff on Around vehicle
Dents or marks on body consistent with age and kilometres.
Other Warning light ON",45,"$3,209",25 February 2026
2005,SUBARU,Outback,2.5i SAFETY PACK B4A,Wagon,Automatic,Petrol,272235,5.0,JF2BP9KLA5G025023,TNP670,20-06-2026,4,2.5,Silver,Black,Yes,No,Yes,Yes,Yes,VIC,https://www.grays.com/lot/0001-21063303/motor-vehicles-motor-cycles/2005-subaru-outback-2-5i-safety-pack-b4a-automatic-wagon,"Windscreen Chipped or Cracked.
Dents or marks on body consistent with age and kilometres.
Windscreen Chipped or Cracked.
Medium Scratch on Around vehicle
Dents or marks on body consistent with age and kilometres.
Medium Dent on Tailgate
Medium Scratch on Around vehicle
Medium Dent on Tailgate",23,"$2,100",25 February 2026
2007,TOYOTA,Landcruiser,Prado GXL KDJ120R,Wagon,Automatic,Diesel,381178,8.0,JTEBZ29JX00151090,UZQ988,18-09-2026,4,3.0,Grey,Grey,Yes,Yes,Yes,Partial,Yes,VIC,https://www.grays.com/lot/0001-21063302/motor-vehicles-motor-cycles/2007-toyota-landcruiser-prado-gxl-kdj120r-turbo-diesel-auto-8-seats-wagon,"Dash Torn or Cracked
Large Scratch on Around vehicle
Dents or marks on body consistent with age and kilometres.",82,"$8,100",25 February 2026
2017,SUZUKI,Swift,GL AZ,Hatchback,Manual,Petrol,230173,5.0,JSAAZC83S00111798,1LA3LA,28-02-2026,4,1.2,White,Black,Yes,Yes,Yes,Yes,Yes,VIC,https://www.grays.com/lot/0001-21063300/motor-vehicles-motor-cycles/2017-suzuki-swift-gl-az-manual-hatchback,"Windscreen Chipped.
Dents or marks on body consistent with age and kilometres.",57,"$4,501",25 February 2026
2014,FORD,Fiesta,Ambiente WZ,Hatchback,Automatic,Petrol,134682,5.0,MNB8XXARJ8ES28046,No plates,Unregistered,4,1.5,Silver,Black,Yes,No,No,No,Yes,VIC,https://www.grays.com/lot/0001-21063299/motor-vehicles-motor-cycles/2014-ford-fiesta-ambiente-wz-automatic-hatchback,"Transmission Requires attention Strongly recommend inspection by qualified third party
Seat Torn Drivers
Front Cracked bumper.
Medium Dents, Scuffs on Around vehicle
Dents or marks on body consistent with age and kilometres.",12,$809,25 February 2026
2016,HYUNDAI,Accent,Active RB,Hatchback,Manual,Petrol,189452,5.0,KMHCT51BLGU282726,2DY6GQ,20-05-2026,4,1.4,White,Grey,Yes,Yes,Yes,Partial,Yes,VIC,https://www.grays.com/lot/0001-21063298/motor-vehicles-motor-cycles/2016-hyundai-accent-active-rb-manual-hatchback,Dents or marks on body consistent with age and kilometres.,46,"$3,609",25 February 2026
2005,FORD,Falcon,XT BA II,Sedan,Automatic,Petrol,295202,5.0,6FPAAAJGSW5P47378,1ZJ7SX,15-03-2026,6,4.0,Silver,Black,Yes,No,Yes,Partial,Yes,VIC,https://www.grays.com/lot/0001-21063297/motor-vehicles-motor-cycles/2005-ford-falcon-xt-ba-ii-automatic-sedan,"Door card Damaged.
Paint fading, peeling Around vehicle
Large Scratces Around vehicle
Rear Cracked bumper.
Dents or marks on body consistent with age and kilometres.
Interior: Gear knob worn, Exterior: Rhs side skirt damaged.
Interior: Gear knob worn, Exterior: Rhs side skirt damaged.",11,$809,25 February 2026
2004,MINI,Cooper,,Hatchback,Automatic,Petrol,167281,4.0,WMWRC32060TJ16456,1KG5BJ,15-04-2026,4,1.6,Black,Black,Yes,Yes,Yes,Partial,Yes,VIC,https://www.grays.com/lot/0001-21063296/motor-vehicles-motor-cycles/2004-mini-cooper-automatic-hatchback,"Medium Scratch on Some Places
Door card Damaged.
Carpet worn in places.
Paint cracked Some Places
Hood Lining Sagging
Engine noise observed.
Transmission Requires attention Strongly recommend inspection by qualified third party",6,$509,25 February 2026
2004,FORD,Courier,GL 4X2 PH,Cab Chassis,Manual,Petrol,159860,2.0,MNABSAD704W406832,1UN4JW,15-04-2026,4,2.6,Grey,Grey,Yes,No,Yes,Partial,Yes,VIC,https://www.grays.com/lot/0001-21063294/motor-vehicles-motor-cycles/2004-ford-courier-gl-4x2-ph-manual-cab-chassis,"oil leak
Exhaust leak
Paint fading Around exterior
Medium Scratch on Around exterior
Dents or marks on body consistent with age and kilometres.
Windscreen Chipped or Cracked.
Seat Torn Driver seat",29,"$2,209",25 February 2026
2015,FORD,Territory,TX SZ II,Wagon,Automatic,Diesel,306812,5.0,6FPAAAJGATFL84069,1EU7QI,25-06-2026,6,2.7,White,Grey,Yes,Yes,Yes,Partial,Yes,VIC,https://www.grays.com/lot/0001-21063292/motor-vehicles-motor-cycles/2015-ford-territory-tx-sz-ii-turbo-diesel-automatic-wagon,"Windscreen Chipped or Cracked.
Dents or marks on body consistent with age and kilometres.",38,"$2,850",25 February 2026
2015,TOYOTA,Rav,4 FWD GX ZSA42R,Wagon,CVT,Petrol,141220,5.0,JTMZDREV90J053469,No plates,Unregistered,4,2.0,White,Black,Yes,Yes,Yes,Partial,Yes,VIC,https://www.grays.com/lot/0001-21063291/motor-vehicles-motor-cycles/2015-toyota-rav-4-fwd-gx-zsa42r-cvt-wagon,"Dents or marks on body consistent with age and kilometres.
Medium Scratch on Around vehicle",193,"$15,500",25 February 2026
2014,MERCEDES,S400,Import,Sedan,Automatic,Hybrid,149671,5.0,WDD2220572A088011,DAW752,Unregistered,6,3.5,Silver,Black Leather,Yes,Yes,Yes,Yes,Yes,VIC,https://www.grays.com/lot/0001-21063293/motor-vehicles-motor-cycles/2014-mercedes-s400-import-automatic-sedan,"Paint fading roof
Dents or marks on body consistent with age and kilometres.",173,"$20,700",02 March 2026
2014,VOLKSWAGEN,Polo,81TSI COMFORTLINE 6R,Hatchback,Automatic,Petrol,208009,5.0,WVWZZZ6RZFU009318,1CB7NX,05-03-2026,4,1.2,Black,Black,Yes,Yes,Yes,Partial,Yes,VIC,https://www.grays.com/lot/0001-21063264/motor-vehicles-motor-cycles/2014-volkswagen-polo-81tsi-comfortline-6r-automatic-hatchback,"Corrosion visible Driver door
Medium Dent on various panels
Dents or marks on body consistent with age and kilometres.",45,"$3,204",24 February 2026
2013,AUDI,A4,2.0 TFSI Quattro B8,Sedan,Automatic,Petrol,129666,5.0,WAUZZZ8K7EA045300,2DW5ZJ,09-03-2026,4,2.0,White,Black Leather,Yes,No,Yes,No,Yes,VIC,https://www.grays.com/lot/0001-21063290/motor-vehicles-motor-cycles/2013-audi-a4-2-0-tfsi-quattro-b8-automatic-sedan,"Medium Scratch on Around vehicle
Rear Cracked bumper.
Dents or marks on body consistent with age and kilometres.",62,"$5,700",25 February 2026
2014,MERCEDES,Benz,A45 A45 AMG W176,Hatchback,Automatic,Petrol,146720,5.0,WDD1760522J341828,DMC230,06-03-2026,4,2.0,Black,Black Leather,Yes,Yes,No,Partial,Yes,VIC,https://www.grays.com/lot/0001-21063288/motor-vehicles-motor-cycles/2014-mercedes-benz-a45-a45-amg-w176-automatic-hatchback,Medium Scratch on Around vehicle,140,"$13,500",25 February 2026
2011,FORD,Focus,Titanium LW,Sedan,Automatic,Diesel,250177,5.0,WF0MXXGCBMBJ23079,1UZ8HO,08-03-2026,4,2.0,Silver,Black,Yes,Yes,Yes,Partial,Yes,VIC,https://www.grays.com/lot/0001-21063280/motor-vehicles-motor-cycles/2011-ford-focus-titanium-lw-turbo-diesel-automatic-sedan,"Hail damage visible.
Dents or marks on body consistent with age and kilometres.
Windscreen Chipped or Cracked.
Medium Scuff on Around vehicle",36,"$2,300",25 February 2026
2013,VOLKSWAGEN,Tiguan,132 TSI PACIFIC 5N,Wagon,Automatic,Petrol,177673,5.0,WVGZZZ5NZEW046830,1AO3PE,24-02-2026,4,2.0,Brown,Black,Yes,No,Yes,Yes,Yes,VIC,https://www.grays.com/lot/0001-21063278/motor-vehicles-motor-cycles/2013-volkswagen-tiguan-132-tsi-pacific-5n-automatic-wagon,"Seat Torn Drivers
Dents or marks on body consistent with age and kilometres.
Medium Scratch on Around vehicle
Large Dent on Tailgate.
Coolant Leak
Oil Leak",29,"$2,101",25 February 2026
2015,NISSAN,Pathfinder,ST-L R52,Wagon,CVT,Petrol,132918,7.0,5N1AR2MN3FC705387,2EB8AB,07-06-2026,6,3.5,Black,Black Leather,Yes,Yes,Yes,Partial,Yes,VIC,https://www.grays.com/lot/0001-21063273/motor-vehicles-motor-cycles/2015-nissan-pathfinder-st-l-r52-cvt-7-seats-wagon,"Dents or marks on body consistent with age and kilometres.
Medium Scuff, Paint Fading on Rear passenger side",102,"$8,800",25 February 2026
2009,MAZDA,Cx-7,Luxury,Wagon,Automatic,Petrol,182235,5.0,JM0ER103190115686,XBC841,22-05-2026,4,2.3,Purple,Black Leather,Yes,Yes,Yes,Partial,Yes,VIC,https://www.grays.com/lot/0001-21063271/motor-vehicles-motor-cycles/2009-mazda-cx-7-luxury-automatic-wagon,"Medium Scratches Passenger Side.
Dents or marks on body consistent with age and kilometres.",67,"$4,710",25 February 2026
2007,CITROEN,C4,1.6,Hatchback,Manual,Petrol,28157,5.0,VF7LCNFUC74466542,UWA578,22-06-2026,4,1.6,Silver,Grey,Yes,Yes,Yes,Yes,Yes,VIC,https://www.grays.com/lot/0001-21063270/motor-vehicles-motor-cycles/2007-citroen-c4-1-6-manual-hatchback,"Hood Lining Sagging
Rear View Mirror and Door Mirror broken
Medium Scuffs, Paint Peeling Around vehicle
Corrosion visible on bonnet.",25,"$2,200",25 February 2026
2012,FORD,Territory,TS SZ,Wagon,Automatic,Diesel,137505,7.0,6FPAAAJGATCR65356,YXO764,17-02-2026,6,2.7,Dark Blue,Black,Yes,Yes,No,No,Yes,VIC,https://www.grays.com/lot/0001-21063276/motor-vehicles-motor-cycles/2012-ford-territory-ts-sz-turbo-diesel-automatic-7-seats-wagon,"Carpet worn in places.
Hood Lining Sagging
Controls inoperable Front and rear passenger window controls
Dents or marks on body consistent with age and kilometres.
Medium Scratch on Around vehicle",57,"$5,009",28 February 2026
1992,NISSAN,Patrol,TI GQ,Wagon,Automatic,Petrol,323840,7.0,JN10WGY60A0038786,EWJ214,18-02-2026,6,4.2,Multi,Grey,Yes,Yes,Yes,Partial,Yes,VIC,https://www.grays.com/lot/0001-21063261/motor-vehicles-motor-cycles/1992-nissan-patrol-ti-gq-automatic-7-seats-wagon,"Paint fading Around vehicle
Corrosion visible Around vehicle
Engine Smoke visible
Door card Damaged.
Damaged Around vehicle
Windscreen Chipped or Cracked.
Seats Removed
Large Dent on Around vehicle
Large Scratch on Around vehicle",35,"$2,300",22 February 2026
2006,TOYOTA,Crown,,Sedan,Automatic,Petrol,118867,5.0,6ZZ6GRS1821029876,2AL2IM,20/03/2026,6,3.0,White,Tan Leather,Yes,Yes,Yes,Partial,Yes,VIC,https://www.grays.com/lot/0001-21063262/motor-vehicles-motor-cycles/2006-toyota-crown-automatic-sedan,"Dents or marks on body consistent with age and kilometres.
Large Scuff on Around vehicle
Front Seat worn drivers",103,"$13,300",24 February 2026
2012,MERCEDES,Benz,ML350 BlueEFFICIENCY W166,Wagon,Automatic,Petrol,218698,5.0,WDC1660572A068958,1CF2CM,02-07-2026,6,3.5,Silver,Black Leather,Yes,Yes,Yes,Partial,Yes,VIC,https://www.grays.com/lot/0001-21063259/motor-vehicles-motor-cycles/2012-mercedes-benz-ml350-blueefficiency-w166-automatic-wagon,"Dents or marks on body consistent with age and kilometres.
Engine light ON",62,"$6,400",24 February 2026
2011,NISSAN,Dualis,ST J10,Wagon,CVT,Petrol,242623,5.0,SJNFBAJ10A2210926,YJN937,18-03-2026,4,2.0,Silver,Black,Yes,Yes,No,No,Yes,VIC,https://www.grays.com/lot/0001-21063258/motor-vehicles-motor-cycles/2011-nissan-dualis-st-j10-cvt-wagon,"Flat Battery. Jump start or towing required
Seat Torn driver side
Dents or marks on body consistent with age and kilometres.",28,"$2,120",24 February 2026
2012,KIA,Sorento,Platinum XM,Wagon,Automatic,Diesel,308766,7.0,KNAKU814SC5298448,YXX314,21-03-2026,4,2.2,Dark Blue,Black Leather,Yes,No,Yes,Partial,Yes,VIC,https://www.grays.com/lot/0001-21063257/motor-vehicles-motor-cycles/2012-kia-sorento-platinum-xm-turbo-diesel-automatic-7-seats-wagon,"Dents or marks on body consistent with age and kilometres.
Medium Dent on Around vehicle
Paint fading on various panels
Medium Scratch on Around vehicle",54,"$4,600",24 February 2026
2010,FORD,Ranger,XL 4X2 PK Dual,Dual Cab,Automatic,Diesel,165071,5.0,MNAUSFE90AW877776,XUO189,29-07-2026,4,3.0,White,Black,Yes,No,Yes,Partial,Yes,VIC,https://www.grays.com/lot/0001-21063256/motor-vehicles-motor-cycles/2010-ford-ranger-xl-4x2-pk-turbo-diesel-automatic-dual-cab,"Corrosion visible Around vehicle
Medium Scratch on Around vehicle
Dents or marks on body consistent with age and kilometres.",66,"$4,509",24 February 2026
2011,HOLDEN,Cruze,SRI-V JH,Sedan,Automatic,Petrol,122572,5.0,6G1PE5E88BL587962,2DT4IY,23-11-2026,4,1.4,Silver,Black Leather,Yes,Yes,Yes,Partial,Yes,VIC,https://www.grays.com/lot/0001-21063255/motor-vehicles-motor-cycles/2011-holden-cruze-sri-v-jh-automatic-sedan,"Paint fading on various panels
Dents or marks on body consistent with age and kilometres.",48,"$3,400",24 February 2026
2018,TOYOTA,C-hr,FWD KOBA NGX10R,Wagon,CVT,Petrol,159852,5.0,JTNKY3BX301013361,AWU523,13-06-2026,4,1.2,Grey,Black Leather,Yes,Yes,No,Yes,Yes,VIC,https://www.grays.com/lot/0001-21063254/motor-vehicles-motor-cycles/2018-toyota-c-hr-fwd-koba-ngx10r-cvt-wagon,Dents or marks on body consistent with age and kilometres.,186,"$17,600",24 February 2026
2016,VOLKSWAGEN,Golf,92TSI COMFORTLINE A7,Hatchback,Automatic,Petrol,200557,5.0,WVWZZZAUZHW048431,ALH618,20-03-2026,4,1.4,White,Grey,Yes,Yes,Yes,Yes,Yes,VIC,https://www.grays.com/lot/0001-21063251/motor-vehicles-motor-cycles/2016-volkswagen-golf-92tsi-comfortline-a7-automatic-hatchback,"Dents or marks on body consistent with age and kilometres.
Engine light ON
Sunroof Cracked",42,"$3,900",24 February 2026
2011,AUDI,A4,2.0 TFSI B8,Sedan,CVT,Petrol,191067,5.0,WAUZZZ8K6CA002855,CDC87Q,Unregistered,4,2.0,Black,Black Leather,Yes,Yes,Yes,Yes,Yes,VIC,https://www.grays.com/lot/0001-21063250/motor-vehicles-motor-cycles/2011-audi-a4-2-0-tfsi-b8-cvt-sedan,"Windscreen Chipped or Cracked.
Dents or marks on body consistent with age and kilometres.",41,"$3,209",24 February 2026
2009,SUBARU,Forester,X S3,Wagon,Manual,Petrol,264501,5.0,JF2SH9KK4AG040875,1YY3FV,20-05-2026,4,2.5,Grey,Black,Yes,Yes,Yes,Yes,Yes,VIC,https://www.grays.com/lot/0001-21063248/motor-vehicles-motor-cycles/2009-subaru-forester-x-s3-manual-wagon,"Medium Scratch on Around vehicle
Windscreen Chipped or Cracked.
Dents or marks on body consistent with age and kilometres.",52,"$2,909",24 February 2026
2009,TOYOTA,Landcruiser,Prado GX KDJ120R,Wagon,Automatic,Diesel,265130,8.0,JTEBZ29J000196572,BZ20EO,Unregistered,4,3.0,White,Grey,Yes,Yes,Yes,Partial,Yes,VIC,https://www.grays.com/lot/0001-21063247/motor-vehicles-motor-cycles/2009-toyota-landcruiser-prado-gx-kdj120r-turbo-diesel-auto-8-seats-wagon,"Dents or marks on body consistent with age and kilometres.
Paint peeling Bonnet
Corrosion visible Bull bar
Windscreen Chipped or Cracked. Seat Torn.",154,"$11,409",24 February 2026
2014,MAZDA,6,GT GJ,Wagon,Automatic,Diesel,188476,5.0,JM0GJ102100140865,1FW8KL,15-07-2026,4,2.2,Blue,Black Leather,Yes,No,Yes,Yes,Yes,VIC,https://www.grays.com/lot/0001-21063244/motor-vehicles-motor-cycles/2014-mazda-6-gt-gj-turbo-diesel-automatic-wagon,"Medium Scratch on Around vehicle
Dents or marks on body consistent with age and kilometres.
Front Seat worn driver side
Paint fading on various panels",116,"$8,017",24 February 2026
2008,MAZDA,6,Luxury Sports GH,Hatchback,Automatic,Petrol,210124,5.0,JM0GH105100120087,ZYH367,15-07-2026,4,2.5,Grey,Black Leather,Yes,Yes,Yes,Partial,Yes,VIC,https://www.grays.com/lot/0001-21063243/motor-vehicles-motor-cycles/2008-mazda-6-luxury-sports-gh-automatic-hatchback,"Carpet worn in places.
Large Scuff on Around vehicle
Airbag light ON
Dents or marks on body consistent with age and kilometres.
Medium Scratch on various panels",56,"$4,109",24 February 2026
2013,ALFA,Romeo,Giulietta,Hatchback,Manual,Petrol,236659,5.0,ZAR94000007208695,ZPC342,15-08-2026,4,1.4,Grey,Black,Yes,Yes,Yes,Yes,Yes,VIC,https://www.grays.com/lot/0001-21063242/motor-vehicles-motor-cycles/2013-alfa-romeo-giulietta-manual-hatchback,Dents or marks on body consistent with age and kilometres.,28,"$2,900",24 February 2026
2007,BMW,530i,E60,Sedan,Automatic,Petrol,244066,5.0,WBANU92030CU35571,WIC957,07-04-2026,6,3.0,Grey,Cream Leather,Yes,Yes,Yes,Partial,Yes,VIC,https://www.grays.com/lot/0001-21063241/motor-vehicles-motor-cycles/2007-bmw-530i-e60-automatic-sedan,"Dents or marks on body consistent with age and kilometres.
Paint peeling Rear bumper
Large Dent on Left rear passenger door",38,"$2,009",24 February 2026
2006,TOYOTA,Camry,Altise ACV36R,Sedan,Automatic,Petrol,230405,5.0,6T153BK360X104942,UXL309,30-01-2026,4,2.4,Green,Grey,Yes,Yes,Yes,Partial,Yes,VIC,https://www.grays.com/lot/0001-21063240/motor-vehicles-motor-cycles/2006-toyota-camry-altise-acv36r-automatic-sedan,"Engine Smoke visible.Engine noise on start up.
Medium Scratches Around vehicle
Dents or marks on body consistent with age and kilometres.
Corrosion visible Passenger door",23,"$1,209",24 February 2026
2009,FORD,Territory,TS SY II,Wagon,Automatic,Petrol,465426,5.0,6FPAAAJGAT9E86154,XKE049,10-08-2026,6,4.0,White,Black,Yes,No,Yes,Partial,Yes,VIC,https://www.grays.com/lot/0001-21063239/motor-vehicles-motor-cycles/2009-ford-territory-ts-sy-ii-automatic-wagon,"Door card Worn.
Hood Lining Sagging
Medium Scratch on Around vehicle
Windscreen Chipped or Cracked.
Dents or marks on body consistent with age and kilometres.",15,"$1,300",24 February 2026
2003,SUBARU,Liberty,GX B3,Sedan,Automatic,Petrol,203480,5.0,JF1BE5KR53G029303,RPC227,22-05-2026,4,2.0,Silver,Black,Yes,Yes,No,Partial,Yes,VIC,https://www.grays.com/lot/0001-21063238/motor-vehicles-motor-cycles/2003-subaru-liberty-gx-b3-automatic-sedan,"Door card Worn.
Medium Scratch on Around vehicle
Paint cracked Around vehicle
Damaged Rh headlight
Windscreen Chipped or Cracked.",15,"$1,409",24 February 2026
2008,AUDI,A6,2.0 TFSI C6,Sedan,CVT,Petrol,430729,5.0,WAUZZZ4F28N114738,WKB958,15-08-2026,4,2.0,Grey,Beige Leather,Yes,No,Yes,Partial,Yes,VIC,https://www.grays.com/lot/0001-21063245/motor-vehicles-motor-cycles/2008-audi-a6-2-0-tfsi-c6-cvt-sedan,"Engine light ON
Door card Damaged.
Paint peeling Around vehicle
Medium Scuff on Around vehicle
Windscreen Chipped or Cracked.
Dents or marks on body consistent with age and kilometres.",14,"$1,009",25 February 2026
2016,HYUNDAI,Tucson,Active X TL,Wagon,Automatic,Petrol,126479,5.0,KMHJ3814MHU194713,1HS8XP,30-03-2026,4,2.0,Black,Black Leather,Yes,Yes,Yes,Partial,Yes,VIC,https://www.grays.com/lot/0001-21063234/motor-vehicles-motor-cycles/2016-hyundai-tucson-active-x-tl-automatic-wagon,"Dents or marks on body consistent with age and kilometres.
Medium Scratch on various panels",175,"$13,700",24 February 2026
2013,LAND,Rover,Range Rover Sport 3.0 SDV6 LUX BLACK T D,Wagon,Automatic,Diesel,233337,5.0,SALLSAAF3DA812029,1AA6QS,02-04-2026,6,3.0,White,Black Leather,Yes,No,Yes,Partial,Yes,VIC,https://www.grays.com/lot/0001-21063232/motor-vehicles-motor-cycles/2013-land-rover-range-rover-sport-3-0-sdv6-lux-black-t-d-auto-wagon,"Seat Torn Drivers
Dents or marks on body consistent with age and kilometres.
Medium Scratches Around vehicle",103,"$9,050",24 February 2026
2014,NISSAN,Pathfinder,ST-L R52,Wagon,CVT,Petrol,322636,7.0,5N1AR2MN3EC728957,No plates,Unregistered,6,3.5,Grey,Black Leather,Yes,Yes,Yes,Partial,Yes,VIC,https://www.grays.com/lot/0001-21063231/motor-vehicles-motor-cycles/2014-nissan-pathfinder-st-l-r52-cvt-7-seats-wagon,"Engine idling rough
Transmission Requires attention Strongly recommend inspection by qualified third party
Seat Torn Drivers
Medium Scuff on Around vehicle",9,$809,24 February 2026
2013,HYUNDAI,Veloster,SR TURBO FS,Coupe,Automatic,Petrol,216502,4.0,KMHTC61EMDU161952,ZVA109,18-04-2026,4,1.6,Red,Black Leather,Yes,No,Yes,Partial,Yes,VIC,https://www.grays.com/lot/0001-21063230/motor-vehicles-motor-cycles/2013-hyundai-veloster-sr-turbo-fs-automatic-coupe,"Front Seat worn driver side
Medium Dent on various panels
Dents or marks on body consistent with age and kilometres.",40,"$3,109",24 February 2026
2019,HOLDEN,Trax,LTZ TJ,Wagon,Automatic,Petrol,156416,5.0,KL3BA7689LB040597,No Plates,Unregistered,4,1.4,Blue,Black Leather,Yes,Yes,Yes,Yes,Yes,VIC,https://www.grays.com/lot/0001-21063229/motor-vehicles-motor-cycles/2019-holden-trax-ltz-tj-automatic-wagon,"Windscreen Cracked.
Engine noise observed.
Dents or marks on body consistent with age and kilometres.
Medium Scuffs Around vehicle
Service Due Warning light ON",30,"$2,009",24 February 2026
2012,JEEP,Compass,Sport,Wagon,Manual,Petrol,139275,5.0,1C4NJCFA9DD179383,H75LT,Unregistered,4,2.0,Blue,Grey,Yes,No,Yes,No,Yes,VIC,https://www.grays.com/lot/0001-21063227/motor-vehicles-motor-cycles/2012-jeep-compass-sport-manual-wagon,"Large Scuffs, Medium Scratches Around vehicle
Dents or marks on body consistent with age and kilometres.
Corrosion visible Front quarter panel
front Cracked bumper. Front bumper not sitting properly.",15,"$1,200",24 February 2026
2005,BMW,530d,E60,Sedan,Automatic,Diesel,169600,5.0,WBANR72030CR84791,XQH783,21-06-2026,6,3.0,Black,Black Leather,Yes,Yes,Yes,Yes,Yes,VIC,https://www.grays.com/lot/0001-21063226/motor-vehicles-motor-cycles/2005-bmw-530d-e60-turbo-diesel-automatic-sedan,"Dents or marks on body consistent with age and kilometres.
Large Scratch on Front bumper, Front bumper not sitting properly.",60,"$5,100",24 February 2026
2006,VOLVO,Xc90,D5,Wagon,Automatic,Diesel,254624,7.0,YV1CZ714671372454,No plates,Unregistered,5,2.4,Silver,Black Leather,Yes,Yes,No,No,Yes,VIC,https://www.grays.com/lot/0001-21063225/motor-vehicles-motor-cycles/2006-volvo-xc90-d5-turbo-diesel-automatic-7-seats-wagon,"Other Warning light ON
Engine noise observed.
Large Scuff on Around vehicle
Front Seat worn driver side
Paint fading on various panels
Dents or marks on body consistent with age and kilometres.",1,$400,24 February 2026
2009,FORD,Ranger,XL 4X2 PK Dual,Dual Cab,Automatic,Diesel,355026,5.0,MNAUSFE909W839495,No plates,Unregistered,4,3.0,White,Grey,Yes,Yes,No,No,Yes,VIC,https://www.grays.com/lot/0001-21063221/motor-vehicles-motor-cycles/2009-ford-ranger-xl-4x2-pk-turbo-diesel-automatic-dual-cab,"Medium Scuff on Front bumper
Medium Dent on Rear bumper
Medium Dent on Around exterior
Dents or marks on body consistent with age and kilometres.
Paint cracked on various panels
Paint fading on various panels",26,"$2,500",24 February 2026
2007,SUBARU,Liberty,2.5i Heritage B4,Sedan,Automatic,Petrol,247141,5.0,JF1BL9KL58G036613,WFN239,13-12-2025,4,2.5,Grey,Black Leather,Yes,No,Yes,Partial,Yes,VIC,https://www.grays.com/lot/0001-21063220/motor-vehicles-motor-cycles/2007-subaru-liberty-2-5i-heritage-b4-automatic-sedan,"Medium Scratch on Around exterior
Dents or marks on body consistent with age and kilometres.
Dents or marks on body consistent with age and kilometres.",20,"$1,809",24 February 2026
2022,MAZDA,Cx-5,Touring KF,Wagon,Automatic,Petrol,64236,5.0,JM0KF4WLA00781981,1WI1RH,21-03-2026,4,2.5,White,Black Leather,Yes,No,No,No***SERVICE PRINTOUT AVAILABLE - PLEASE REFER TO IMAGES***,Yes,VIC,https://www.grays.com/lot/0001-21063209/motor-vehicles-motor-cycles/2022-mazda-cx-5-touring-kf-automatic-wagon,Dents or marks on body consistent with age and kilometres.,170,"$27,305",23 February 2026
2016,LAND,Rover,Range Rover Sport 4.4 SDV8 HSE TD AT,Wagon,Automatic,Diesel,114520,5.0,SALWA2JE0GA577606,AIF704,22-04-2026,8,4.4,Black,Black Leather,Yes,No,Yes,Yes,Yes,VIC,https://www.grays.com/lot/0001-21063205/motor-vehicles-motor-cycles/2016-land-rover-range-rover-sport-4-4-sdv8-hse-td-at-8-speed-wagon,"Medium Scratch on Around vehicle
Dents or marks on body consistent with age and kilometres.",232,"$40,000",23 February 2026
2000,MERCEDES,Benz,CLK 320 Avantgarde C208,Coupe,Automatic,Petrol,388822,4.0,WDB2083652F178616,1HA3SL,09-03-2026,6,3.2,Silver,Grey,Yes,No,Yes,No,Yes,VIC,https://www.grays.com/lot/0001-21063204/motor-vehicles-motor-cycles/2000-mercedes-benz-clk-320-avantgarde-c208-automatic-coupe,"Dents or marks on body consistent with age and kilometres.
Windscreen Chipped or Cracked.
Large Dent on Boot
Rear Cracked bumper.
Medium Scratch on Around vehicle",6,$509,23 February 2026
2016,MAZDA,Bt-50,4X2 XTR Dual,Dual Cab,Automatic,Diesel,139141,5.0,MM0UR0YG100614729,1PL4WS,02-09-2026,5,3.2,White,Black,Yes,No,Yes,Partial,Yes,VIC,https://www.grays.com/lot/0001-21063203/motor-vehicles-motor-cycles/2016-mazda-bt-50-4x2-xtr-turbo-diesel-automatic-dual-cab,"Damaged Rear tail light cracked
Dents or marks on body consistent with age and kilometres.
Paint fading Roof",200,"$14,150",23 February 2026
2013,HYUNDAI,I30,Active GD,Hatchback,Automatic,Petrol,119216,5.0,KMHD251EMDU081217,1PS5WQ,24-01-2026,4,1.8,White,Grey,Yes,No,Yes,Yes,Yes,VIC,https://www.grays.com/lot/0001-21063202/motor-vehicles-motor-cycles/2013-hyundai-i30-active-gd-automatic-hatchback,"Dents or marks on body consistent with age and kilometres.
Medium Scratch on Around vehicle
Rear Cracked bumper.",79,"$6,159",23 February 2026
2011,KIA,Sorento,Platinum XM,Wagon,Automatic,Diesel,246479,7.0,KNAKU814SC5184841,No Plates,Unregistered,4,2.2,Silver,Black Leather,Yes,Yes,Yes,Partial,Yes,VIC,https://www.grays.com/lot/0001-21063219/motor-vehicles-motor-cycles/2011-kia-sorento-platinum-xm-turbo-diesel-automatic-7-seats-wagon,"Large Scuff on Around vehicle
Dents or marks on body consistent with age and kilometres.
Front Seat worn driver side
Paint peeling on Around vehicle
Medium Scratch on various panels",58,"$4,000",24 February 2026
2015,BMW,X3,xDrive 20i F25,Wagon,Automatic,Petrol,214111,5.0,WBAWX320500N50182,ADR852,08-04-2026,4,2.0,White,Black Leather,Yes,No,Yes,Yes,Yes,VIC,https://www.grays.com/lot/0001-21063217/motor-vehicles-motor-cycles/2015-bmw-x3-xdrive-20i-f25-automatic-8-speed-wagon,"Dents or marks on body consistent with age and kilometres.
Windscreen Chipped or Cracked.
Medium Scratch on Rear tailgate and rear bumper",130,"$8,225",24 February 2026
2015,VOLKSWAGEN,Golf,90TSI A7,Hatchback,Automatic,Petrol,199478,5.0,WVWZZZAUZFW219019,1TF8EZ,04-12-2026,4,1.4,Silver,Grey,Yes,Yes,Yes,Yes,Yes,VIC,https://www.grays.com/lot/0001-21063208/motor-vehicles-motor-cycles/2015-volkswagen-golf-90tsi-a7-automatic-hatchback,"Medium Scuff on Around vehicle
Rear bumper Cracked bumper.
Dents or marks on body consistent with age and kilometres.",74,"$5,159",24 February 2026
2012,SUBARU,Forester,X S3,Wagon,Automatic,Petrol,151242,5.0,JF2SHMKS5CG091555,1FQ4QS,29-03-2026,4,2.5,White,Black Leather,Yes,Yes,Yes,Partial,Yes,VIC,https://www.grays.com/lot/0001-21063206/motor-vehicles-motor-cycles/2012-subaru-forester-x-s3-automatic-wagon,"Large Scuff on Around vehicle
Dents or marks on body consistent with age and kilometres.
Large Scratch on Around vehicle
Medium Dent on various panels
Front Seat worn driver side",86,"$6,000",24 February 2026
2022,MG,Hs,Vibe,Wagon,Automatic,Petrol,80360,5.0,LSJA24U97NN116836,No plates,Unregistered,4,1.5,Blue,Black Leather,Yes,Yes,Yes,Yes,Yes,VIC,https://www.grays.com/lot/0001-21063201/motor-vehicles-motor-cycles/2022-mg-hs-vibe-automatic-wagon,"Dents or marks on body consistent with age and kilometres.
Other Warning light ON",19,"$13,009",23 February 2026
2018,JAGUAR,E-pace,132kW S 9,Wagon,Automatic,Diesel,188349,5.0,SADFA2AN2J1Z30575,AWX028,15-10-2026,4,2.0,White,Black Leather,Yes,Yes,Yes,Partial,Yes,VIC,https://www.grays.com/lot/0001-21063200/motor-vehicles-motor-cycles/2018-jaguar-e-pace-132kw-s-turbo-diesel-9-auto-wagon,"Dents or marks on body consistent with age and kilometres.
Other Warning light ON",103,"$11,700",23 February 2026
2021,HAVAL,H9,ULTRA 4WD,Wagon,Automatic,Petrol,219499,7.0,LGWFF8A66MH951313,1TW2QM,09-03-2026,4,2.0,Silver,Black Leather,Yes,No,Yes,Partial,Yes,VIC,https://www.grays.com/lot/0001-21063199/motor-vehicles-motor-cycles/2021-haval-h9-ultra-4wd-automatic-8-speed-7-seats-wagon,"Other Warning light ON
Windscreen Cracked.
Dents or marks on body consistent with age and kilometres.",121,"$8,500",23 February 2026
2015,HOLDEN,Ute,SV6 STORM SPEC ED VF,Ute,Manual,Petrol,96482,2.0,6G1FB4E33FL147219,2DY2YK,05-05-2026,6,3.6,Orange,Black,Yes,Yes,No,Partial,Yes,VIC,https://www.grays.com/lot/0001-21063196/motor-vehicles-motor-cycles/2015-holden-ute-sv6-storm-spec-ed-vf-manual-ute,"Seat Torn driver side
Dents or marks on body consistent with age and kilometres.",183,"$16,350",23 February 2026
2013,JEEP,Patriot,Sport MK,Wagon,Automatic,Petrol,227300,5.0,1C4NJPDA5ED577668,1MH1YN,13-02-2026,4,2.0,White,Black,Yes,No,No,No,Yes,VIC,https://www.grays.com/lot/0001-21063192/motor-vehicles-motor-cycles/2013-jeep-patriot-sport-mk-automatic-wagon,Medium Scuffs Around vehicle,39,"$2,800",23 February 2026
2006,TOYOTA,Yaris,YR NCP90R,Hatchback,Manual,Petrol,218603,5.0,JTDJW923205033678,No plates,Unregistered,4,1.3,White,Black,Yes,Yes,Yes,Partial,Yes,VIC,https://www.grays.com/lot/0001-21063191/motor-vehicles-motor-cycles/2006-toyota-yaris-yr-ncp90r-manual-hatchback,"Medium Scratch on Around vehicle
Damaged Passenger side tail light
Dents or marks on body consistent with age and kilometres.",13,"$1,399",23 February 2026
2012,HOLDEN,Commodore,Sportwagon Z-SERIES VE II,Wagon,Automatic,Petrol,231427,5.0,6G1EK8E56CL700204,2DH9GX,Unregistered,6,3.0,White,Black Leather,Yes,No,No,No,Yes,VIC,https://www.grays.com/lot/0001-21063187/motor-vehicles-motor-cycles/2012-holden-commodore-sportwagon-z-series-ve-ii-automatic-wagon,"Hood Lining Sagging
Large Scuff on Around vehicle
Large Dent on Driver side front quarter panel
Dents or marks on body consistent with age and kilometres.",51,"$2,409",23 February 2026
2013,SUBARU,Outback,2.0D B5A,Wagon,CVT,Diesel,187122,5.0,JF2BRDKY5DG046152,1XC6RW,Unregistered,4,2.0,White,Black,Yes,No,Yes,Yes,Yes,VIC,https://www.grays.com/lot/0001-21063186/motor-vehicles-motor-cycles/2013-subaru-outback-2-0d-b5a-turbo-diesel-cvt-wagon,"Carpet worn in places.
Windscreen Chipped or Cracked.
Dents or marks on body consistent with age and kilometres.
Rear Cracked bumper.",69,"$4,209",23 February 2026
2005,TOYOTA,Corolla,Sportivo ZZE123R,Hatchback,Manual,Petrol,260434,5.0,AHT54ZEC307004278,1JH3RZ,20-04-2026,4,1.8,Black,Black Leather,Yes,No,Yes,Partial,Yes,VIC,https://www.grays.com/lot/0001-21063185/motor-vehicles-motor-cycles/2005-toyota-corolla-sportivo-zze123r-manual-hatchback,"Seat Torn Drivers and front passenger
Paint fading Around vehicle
Dents or marks on body consistent with age and kilometres.
Medium Scratch on Around vehicle",13,"$4,100",23 February 2026
2013,VOLKSWAGEN,Touareg,V6 TDI 7P,Wagon,Automatic,Diesel,216149,5.0,WVGZZZ7PZDD039522,1AW9CQ,04-02-2026,6,3.0,Silver,Black,Yes,Yes,Yes,Partial,Yes,VIC,https://www.grays.com/lot/0001-21063193/motor-vehicles-motor-cycles/2013-volkswagen-touareg-v6-tdi-7p-turbo-diesel-automatic-8-speed-wagon,"Rear bumper Cracked.
Medium Scratch on various panels
Dents or marks on body consistent with age and kilometres.",37,"$5,300",25 February 2026
2014,NISSAN,X-trail,ST AWD T32,Wagon,CVT,Petrol,287718,5.0,JN1TBNT32A0003460,ALL330,15-01-2026,4,2.5,White,Grey,Yes,Yes,Yes,Partial,Yes,VIC,https://www.grays.com/lot/0001-21063183/motor-vehicles-motor-cycles/2014-nissan-x-trail-st-awd-t32-cvt-wagon,"Dents or marks on body consistent with age and kilometres.
Medium Scratch on Around vehicle
Windscreen Chipped or Cracked.",74,"$4,600",23 February 2026
2009,MITSUBISHI,Lancer,ES CJ,Sedan,CVT,Petrol,223767,5.0,JMFSTCY4A9U005465,YXU640,03-03-2026,4,2.0,Silver,Grey,Yes,Yes,Yes,Partial,Yes,VIC,https://www.grays.com/lot/0001-21063182/motor-vehicles-motor-cycles/2009-mitsubishi-lancer-es-cj-cvt-sedan,"Carpet worn in places.
Dents or marks on body consistent with age and kilometres.
Rear Cracked bumper.
Medium Scuff on Around vehicle",35,"$3,100",23 February 2026
2003,HOLDEN,Commodore,SS VY,Sedan,Manual,Petrol,256204,5.0,6G1YK54F23L128781,AHJ076,30-04-2026,8,5.7,Silver,Black Leather,Yes,Yes,Yes,No,Yes,VIC,https://www.grays.com/lot/0001-21063181/motor-vehicles-motor-cycles/2003-holden-commodore-ss-vy-manual-sedan,"Clutch Requires attention
Hood Lining Sagging
Seat Torn Drivers and rear seat
Medium Scratch on Around vehicle",82,"$7,650",23 February 2026
2008,MITSUBISHI,Outlander,LS ZG,Wagon,Manual,Petrol,223778,5.0,JMFXNCW5W9Z000376,WTU731,13-01-2026,4,2.4,Black,Black,Yes,No,No,No,Yes,VIC,https://www.grays.com/lot/0001-21063179/motor-vehicles-motor-cycles/2008-mitsubishi-outlander-ls-zg-manual-wagon,"Dents or marks on body consistent with age and kilometres.
Paint fading Around exterior
Medium Scratch on Around exterior
Large Dent on Front driver side",20,"$1,509",23 February 2026
2009,VOLVO,C70,LE,Coupe,Automatic,Petrol,199103,4.0,YV1MC3859AJ093780,XMC361,04-01-2026,5,2.4,Black,Black Leather,Yes,Yes,Yes,Partial,Yes,VIC,https://www.grays.com/lot/0001-21063176/motor-vehicles-motor-cycles/2009-volvo-c70-le-automatic-coupe,"Other Warning light ON
Front Seat Stains Drivers
Dents or marks on body consistent with age and kilometres.
Medium Scratch on Around vehicle",26,"$2,009",23 February 2026
2007,TOYOTA,Corolla,Ascent ZRE152R,Hatchback,Manual,Petrol,187531,5.0,JTNKU56E501018450,UYZ898,31-08-2026,4,1.8,Blue,Black,Yes,No,Yes,Partial,Yes,VIC,https://www.grays.com/lot/0001-21063175/motor-vehicles-motor-cycles/2007-toyota-corolla-ascent-zre152r-manual-hatchback,"Medium Scratch on Around vehicle
Paint peeling Around vehicle",20,"$1,909",23 February 2026
2007,HOLDEN,Commodore,Omega VE,Sedan,Automatic,Petrol,245357,5.0,6G1EK52B88L981289,2CG3NV,06-02-2026,6,3.6,White,Grey,Yes,No,Yes,Yes,Yes,VIC,https://www.grays.com/lot/0001-21063171/motor-vehicles-motor-cycles/2007-holden-commodore-omega-ve-automatic-sedan,"Door card Worn.
Windscreen Chipped or Cracked.
Dents or marks on body consistent with age and kilometres.
Medium Scratch on Front left fender and front bumper /li>
Corrosion visible In paint chips",28,"$1,909",23 February 2026
2019,MITSUBISHI,Triton,4X4 GLX ADAS MR T D Dual,Cab Chassis,Automatic,Diesel,53351,5.0,MMAJLKL10LH005027,1QH3YN,30-06-2026,4,2.4,White,Grey,Yes,No,Yes,Partial,Yes,VIC,https://www.grays.com/lot/0001-21063184/motor-vehicles-motor-cycles/2019-mitsubishi-triton-4x4-glx-adas-mr-t-d-auto-dual-cab-ex-gov,"Medium Scratch on Front bumper
Dents or marks on body consistent with age and kilometres.",165,"$22,433",26 February 2026
2000,HONDA,Cr-v,RD,Wagon,Automatic,Petrol,305280,5.0,JHLRD1840YC234328,QOW842,04-01-2027,4,2.0,Blue,Grey,Yes,Yes,Yes,Yes,Yes,VIC,https://www.grays.com/lot/0001-21063158/motor-vehicles-motor-cycles/2000-honda-cr-v-rd-automatic-wagon,"Medium Dents and Scratches Around vehicle
Interior: Driver window not working
Interior: Driver window not working",25,"$1,909",22 February 2026
2008,MERCEDES,Benz,E280 Elegance W211,Sedan,Automatic,Petrol,180389,5.0,WDB2110542B294508,1UB7KW,28-06-2026,6,3.0,Grey,Black Leather,Yes,Yes,No,Partial,Yes,VIC,https://www.grays.com/lot/0001-21063155/motor-vehicles-motor-cycles/2008-mercedes-benz-e280-elegance-w211-automatic-sedan,"Large Scratch on Boot
Dents or marks on body consistent with age and kilometres.",44,"$3,973",22 February 2026
2003,MERCEDES,Benz,C200 K Classic W203,Sedan,Automatic,Petrol,211351,5.0,WDC2030422R096699,SDB563,06-03-2026,4,1.8,Gold,Tan Leather,Yes,No,No,No,Yes,VIC,https://www.grays.com/lot/0001-21063154/motor-vehicles-motor-cycles/2003-mercedes-benz-c200-k-classic-w203-automatic-sedan,"Large Scuff on Around vehicle
Dents or marks on body consistent with age and kilometres.
Paint peeling Bonnet",16,"$1,209",22 February 2026
2011,FORD,Territory,TX SZ,Wagon,Automatic,Petrol,184669,5.0,6FPAAAJGATBP59999,1EO2RU,07-07-2026,6,4.0,Silver,Grey,Yes,Yes,Yes,Yes,Yes,VIC,https://www.grays.com/lot/0001-21063153/motor-vehicles-motor-cycles/2011-ford-territory-tx-sz-automatic-wagon,"Hood Lining Sagging
Medium Scuffs, Dents or marks on body consistent with age and kilometres.",64,"$4,400",22 February 2026
2006,FORD,Fairmont,Ghia BF,Sedan,Automatic,Petrol,290646,5.0,6FPAAAJGSW6Y60602,No Plates,Unregistered,6,4.0,Blue,Black,Yes,Yes,Yes,Partial,Yes,VIC,https://www.grays.com/lot/0001-21063152/motor-vehicles-motor-cycles/2006-ford-fairmont-ghia-bf-automatic-sedan,"Windscreen Chipped.
Medium Scratches, Scuffs Around vehicle
Dents or marks on body consistent with age and kilometres.",24,"$1,809",22 February 2026
2007,MERCEDES,Benz,A200 Elegance W169,Hatchback,CVT,Petrol,117708,5.0,WDD1690332J467946,UYB690,20-08-2026,4,2.0,Black,Black Leather,Yes,Yes,No,No,Yes,VIC,https://www.grays.com/lot/0001-21063169/motor-vehicles-motor-cycles/2007-mercedes-benz-a200-elegance-w169-cvt-hatchback,"Odometer Not Working.
Dents or marks on body consistent with age and kilometres.
Paint peeling Right rear quarter
Medium Scratch on Around vehicle",26,"$1,609",23 February 2026
2013,NISSAN,Pathfinder,ST R52,Wagon,CVT,Petrol,280334,7.0,5N1AR2MM7EC650027,ABB890,07-04-2026,6,3.5,Black,Black Leather,Yes,Yes,Yes,Partial,Yes,VIC,https://www.grays.com/lot/0001-21063168/motor-vehicles-motor-cycles/2013-nissan-pathfinder-st-r52-cvt-7-seats-wagon,"Medium Scratch on Around vehicle
Medium Dent on Around vehicle
Paint peeling Passenger side rear door
Seat Torn driver side
Dents or marks on body consistent with age and kilometres.",52,"$3,250",23 February 2026
2005,BMW,325i,E90,Sedan,Automatic,Petrol,202969,5.0,WBAVB16090NB24056,TPJ235,11-01-2026,6,2.5,Black,Black Leather,Yes,No,Yes,Partial,Yes,VIC,https://www.grays.com/lot/0001-21063163/motor-vehicles-motor-cycles/2005-bmw-325i-e90-automatic-sedan,"Medium Scratch on Some Places
Medium Dent on Some places
Front Seat Scratches Both
Airbag light ON
Engine light ON
Other Warning light ON",10,"$1,000",23 February 2026
2013,TOYOTA,Kluger,4X2 KX-R GSU40R,Wagon,Automatic,Petrol,237154,7.0,JTEDS41A202127049,1AN6JS,26-02-2026,6,3.5,White,Grey,Yes,Yes,Yes,Partial,Yes,VIC,https://www.grays.com/lot/0001-21063167/motor-vehicles-motor-cycles/2013-toyota-kluger-4x2-kx-r-gsu40r-automatic-7-seats-wagon,"Dents or marks on body consistent with age and kilometres.
Exterior: Corroded dent driver door and frontbumper, rear left passenger door seal damaged
Exterior: Corroded dent driver door and frontbumper, rear left passenger door seal damaged",43,"$7,609",24 February 2026
2015,FORD,Ranger,XL 4X2 Hi-Rider PX Dual,Cab Chassis,Automatic,Diesel,313308,5.0,MNAUMFF80FW412501,1MM1VW,10-03-2026,4,2.2,White,Grey,Yes,No,Yes,Partial,Yes,VIC,https://www.grays.com/lot/0001-21063156/motor-vehicles-motor-cycles/2015-ford-ranger-xl-4x2-hi-rider-px-turbo-diesel-automatic-dual-cab,"Dents or marks on body consistent with age and kilometres.
Front bumper Cracked
Windscreen Chipped.",83,"$6,309",25 February 2026
2008,FORD,Transit,SWB RWD LOW ROOF VM,Van,Manual,Diesel,201150,2.0,WF0XXXBDFX7P57044,No plates,Unregistered,4,2.4,White,Grey,Yes,No,No,Partial,Yes,VIC,https://www.grays.com/lot/0001-21063151/motor-vehicles-motor-cycles/2008-ford-transit-swb-rwd-low-roof-vm-turbo-diesel-manual-van,"Carpet worn in places.
Dents or marks on body consistent with age and kilometres.
Large Scratches, Medium Scuffs, Paint Peeling and Corrosion Around vehicle",40,"$3,011",22 February 2026
2011,AUDI,A5,2.0 TFSI Quattro 8T,Convertible,Automatic,Petrol,108404,4.0,WAUZZZ8F2BN022661,1TF9DW,15-05-2026,4,2.0,Brown,Cream Leather,Yes,Yes,Yes,Yes,Yes,VIC,https://www.grays.com/lot/0001-21063150/motor-vehicles-motor-cycles/2011-audi-a5-2-0-tfsi-quattro-8t-automatic-convertible,"Dents or marks on body consistent with age and kilometres.
Medium Scratch on Around vehicle
Hood Lining Sagging",52,"$3,600",22 February 2026
2010,TOYOTA,Yaris,YR NCP90R,Hatchback,Automatic,Petrol,189009,5.0,JTDKW923805172556,No plates,Unregistered,4,1.3,Silver,Grey,Yes,No,No,No,Yes,VIC,https://www.grays.com/lot/0001-21063149/motor-vehicles-motor-cycles/2010-toyota-yaris-yr-ncp90r-automatic-hatchback,"Driver seat stains
Large Scratches, Medium Scuffs Around vehicle
Dents or marks on body consistent with age and kilometres.
Interior: Reverse sensor requires attention, Exterior: Paint Faded in areas
Interior: Reverse sensor requires attention, Exterior: Paint Faded in areas",50,"$4,260",22 February 2026
2021,MAZDA,3,G20 TOURING BP,Sedan,Automatic,Petrol,184034,5.0,JM0BP2S7A01134122,1YE2FD,19-04-2026,4,2.0,Blue,Black Leather,Yes,Yes,No,Yes,Yes,VIC,https://www.grays.com/lot/0001-21063148/motor-vehicles-motor-cycles/2021-mazda-3-g20-touring-bp-automatic-sedan,Dents or marks on body consistent with age and kilometres.,205,"$14,700",22 February 2026
2012,LAND,Rover,Range Rover Sport 3.0 SDV6 LUXURY T D,Wagon,Automatic,Diesel,186180,5.0,SALLSAAF3DA767202,BZE679,15-04-2026,6,3.0,White,Black Leather,Yes,Yes,Yes,Partial,Yes,VIC,https://www.grays.com/lot/0001-21063146/motor-vehicles-motor-cycles/2012-land-rover-range-rover-sport-3-0-sdv6-luxury-t-d-automatic-wagon,"Dents or marks on body consistent with age and kilometres.
Driver Seat worn.",103,"$7,600",22 February 2026
2010,NISSAN,Elgrand,,Wagon,Automatic,Petrol,163294,7.0,6U90000TE52001859,2EE7YN,Unregistered,6,2.5,Black,Multi,Yes,Yes,No,No,Yes,VIC,https://www.grays.com/lot/0001-21063122/motor-vehicles-motor-cycles/2010-nissan-elgrand-automatic-7-seats-wagon,Medium Scuff on Around vehicle,101,"$7,900",22 February 2026
2019,NISSAN,Navara,4X2 RX SERIES 3 Dual,Dual Cab,Automatic,Diesel,203605,5.0,MNTCB2D23A0014960,1JD7IF,09-08-2026,4,2.3,White,Black,Yes,Yes,Yes,Partial,Yes,VIC,https://www.grays.com/lot/0001-21063121/motor-vehicles-motor-cycles/2019-nissan-navara-4x2-rx-series-3-turbo-diesel-automatic-dual-cab,"Front Seat worn Drivers
Medium Scratch on Around vehicle",106,"$11,701",22 February 2026
2010,HONDA,Odyssey,Luxury,People Mover,Automatic,Petrol,249375,7.0,JHMRB3850AC200353,1GS9CE,Unregistered,4,2.4,Black,Black Leather,Yes,No,Yes,No,Yes,VIC,https://www.grays.com/lot/0001-21063120/motor-vehicles-motor-cycles/2010-honda-odyssey-luxury-automatic-7-seats-people-mover,"Paint fading Around vehicle
Dents or marks on body consistent with age and kilometres.
Large Scuff on Around vehicle
Corrosion visible Around vehicle",33,"$2,709",22 February 2026
2019,MITSUBISHI,Triton,4X4 GLX ADAS MR T D Dual,Cab Chassis,Automatic,Diesel,39738,5.0,MMAJLKL10LH005010,1QH3YH,30-06-2026,4,2.4,White,Black,Yes,No,Yes,Partial,Yes,VIC,https://www.grays.com/lot/0001-21063124/motor-vehicles-motor-cycles/2019-mitsubishi-triton-4x4-glx-adas-mr-t-d-auto-dual-cab-ex-gov,"Dents or marks on body consistent with age and kilometres.
Body/panel damage Front bumper
Seat Torn driver side
Medium Scuff on various panels",235,"$25,300",24 February 2026
2018,ISUZU,D-max,4X2 SX Hi-Ride T D,Ute,Automatic,Diesel,193808,4.0,MPATFR85JJT000690,1MZ3LK,30-06-2026,4,3.0,White,Black,Yes,No,Yes,Partial,Yes,VIC,https://www.grays.com/lot/0001-21063123/motor-vehicles-motor-cycles/2018-isuzu-d-max-4x2-sx-hi-ride-t-d-auto-ute-ex-gov,"Dents or marks on body consistent with age and kilometres.
Body/panel damage Front bumper",78,"$12,600",24 February 2026
2015,VOLKSWAGEN,Touareg,150TDI 7P,Wagon,Automatic,Diesel,261357,5.0,WVGZZZ7PZGD018121,2DR7ZR,15-04-2026,6,3.0,White,Black Leather,Yes,Yes,Yes,Partial,Yes,VIC,https://www.grays.com/lot/0001-21063119/motor-vehicles-motor-cycles/2015-volkswagen-touareg-150tdi-7p-turbo-diesel-automatic-8-speed-wagon,"Medium Scratch on Around vehicle
Door Mirror Broken Passenger",72,"$6,250",22 February 2026
2009,TOYOTA,Rav,4 CRUISER ACA33R,Wagon,Automatic,Petrol,278017,5.0,JTMBD31VX05240023,No plates,Unregistered,4,2.4,Black,Black,Yes,Yes,Yes,Partial,Yes,VIC,https://www.grays.com/lot/0001-21063116/motor-vehicles-motor-cycles/2009-toyota-rav-4-cruiser-aca33r-automatic-wagon,Medium Scratch on Around vehicle,43,"$3,509",22 February 2026
2011,BMW,X5,xDrive 40d SPORT E70 LCI,Wagon,Automatic,Diesel,276108,5.0,WBAZW62070L480278,ACB602,Unregistered,6,3.0,White,Black Leather,Yes,Yes,Yes,Partial,Yes,VIC,https://www.grays.com/lot/0001-21063115/motor-vehicles-motor-cycles/2011-bmw-x5-xdrive-40d-sport-e70-lci-turbo-diesel-automatic-8-speed-wagon,"Seat Torn Driver seat
Windscreen Chipped or Cracked.
Medium Scratch on Around vehicle",56,"$4,209",22 February 2026
2008,VOLKSWAGEN,Golf,2.0 TDi Pacific A5,Hatchback,Automatic,Diesel,244230,5.0,WVWZZZ1KZ9U014403,No plates,Unregistered,4,2.0,Black,Grey,Yes,No,No,No,Yes,VIC,https://www.grays.com/lot/0001-21063112/motor-vehicles-motor-cycles/2008-volkswagen-golf-2-0-tdi-pacific-a5-turbo-diesel-automatic-hatchback,"Engine idling rough
Windscreen Chipped or Cracked.
Medium Scuff on Around vehicle
Dents or marks on body consistent with age and kilometres.
Other Warning light ON",7,$609,22 February 2026
2011,KIA,Cerato,KOUP Si TD,Coupe,Automatic,Petrol,183903,5.0,KNAFU612MC5546052,1ZQ5QF,Unregistered,4,2.0,Black,Black,Yes,No,Yes,Yes,Yes,VIC,https://www.grays.com/lot/0001-21063110/motor-vehicles-motor-cycles/2011-kia-cerato-koup-si-td-automatic-coupe,"Large Scratch on Around vehicle
Paint peeling Around vehicle
Paint cracked rear bumper.
Paint faded on the bonnet.",13,"$2,100",22 February 2026
2008,MERCEDES,Benz,ML320CDI W164,Wagon,Automatic,Diesel,265609,5.0,WDC1641222A482838,991FJ2,Unregistered,6,3.0,Black,Black Leather,Yes,No,Yes,Yes,Yes,VIC,https://www.grays.com/lot/0001-21063105/motor-vehicles-motor-cycles/2008-mercedes-benz-ml320cdi-w164-turbo-diesel-automatic-wagon,Dents or marks on body consistent with age and kilometres.,37,"$2,509",22 February 2026
2011,AUDI,A6,3.0 TDI Quattro C7,Sedan,Automatic,Diesel,129457,5.0,WAUZZZ4G4CN024198,VAN824,22-09-2026,6,3.0,Black,Black Leather,Yes,Yes,Yes,Partial,Yes,VIC,https://www.grays.com/lot/0001-21063104/motor-vehicles-motor-cycles/2011-audi-a6-3-0-tdi-quattro-c7-turbo-diesel-automatic-sedan,"Dents or marks on body consistent with age and kilometres.
Front right bumper Cracked bumper.
Damaged Left rear brake light
Medium Scratch on Around vehicle
Other Warning light ON",105,"$8,100",22 February 2026
2007,SUZUKI,Swift,EZ,Hatchback,Automatic,Petrol,221640,5.0,JSAEZC21S00408162,1OK7CT,21-03-2026,4,1.5,Red,Black,Yes,Yes,Yes,Partial,Yes,VIC,https://www.grays.com/lot/0001-21063078/motor-vehicles-motor-cycles/2007-suzuki-swift-ez-automatic-hatchback,"Medium Scratch on Around vehicle
Paint peeling Around vehicle",32,"$2,900",22 February 2026
2006,TOYOTA,Rav,4 CRUISER ACA33R,Wagon,Automatic,Petrol,200828,5.0,JTMBD31V205016048,UBI886,28-02-2026,4,2.4,Blue,Black,Yes,Yes,No,Partial,Yes,VIC,https://www.grays.com/lot/0001-21063094/motor-vehicles-motor-cycles/2006-toyota-rav-4-cruiser-aca33r-automatic-wagon,"Dents or marks on body consistent with age and kilometres.
Body/panel damage Front, Rear and Rear right wheel arch of vehicle
Paint fading Wheel cover and bonnet
Corrosion visible on vehicle. Cracked rear bumper.",67,"$4,305",25 February 2026
2013,RENAULT,Megane,COUPE-CAB Dynamique,Convertible,CVT,Petrol,190239,4.0,VF1EZ1P0TD0677527,1AN3KG,27-02-2026,4,2.0,White,Black,Yes,No,Yes,Yes,Yes,VIC,https://www.grays.com/lot/0001-21063114/motor-vehicles-motor-cycles/2013-renault-megane-coupe-cab-dynamique-cvt-convertible,"Dents or marks on body consistent with age and kilometres.
Medium Scratch on Around vehicle
Windscreen Chipped or Cracked.",21,"$1,409",28 February 2026
2016,NISSAN,Pulsar,ST C12,Hatchback,CVT,Petrol,114433,5.0,MNTFAAC12A0011761,No plates,Unregistered,4,1.8,White,Black,Yes,No,Yes,Yes,Yes,VIC,https://www.grays.com/lot/0001-21063048/motor-vehicles-motor-cycles/2016-nissan-pulsar-st-c12-cvt-hatchback,"Front Seat Stains Both
Back Seat Stains.
Damaged Brake light
Dents or marks on body consistent with age and kilometres.",76,"$4,809",22 February 2026
2014,VOLVO,S60,T5 R DESIGN,Sedan,Automatic,Petrol,138964,5.0,YV1FS40CDF2337293,1UT7HT,01-04-2026,4,2.0,White,Black Leather,Yes,Yes,Yes,Partial,Yes,VIC,https://www.grays.com/lot/0001-21063047/motor-vehicles-motor-cycles/2014-volvo-s60-t5-r-design-automatic-8-speed-sedan,"Engine Warning Light ON.
Dents or marks on body consistent with age and kilometres.",126,"$9,300",22 February 2026
2014,BMW,M5,F10,Sedan,Automatic,Petrol,36300,5.0,WBSFV92060DX98096,1OG9HY,Unregistered,8,4.4,White,Black Leather,Yes,Yes,Yes,Partial,Yes,VIC,https://www.grays.com/lot/0001-21063046/motor-vehicles-motor-cycles/2014-bmw-m5-f10-automatic-sedan,"Medium Scratch on Around vehicle
Engine idling rough
Medium Dent on Around vehicle
Engine light ON
Other Warning light ON.
Oil Leak.
Carbon Spoiler requires attention.",312,"$24,000",22 February 2026
2007,BMW,1,Series 116i E87,Hatchback,Manual,Petrol,97676,5.0,WBAUE12020PB26289,WKB827,12-05-2026,4,1.6,Silver,Black,Yes,No,Yes,Yes,Yes,VIC,https://www.grays.com/lot/0001-21063045/motor-vehicles-motor-cycles/2007-bmw-1-series-116i-e87-manual-hatchback,Dents or marks on body consistent with age and kilometres.,21,"$2,800",22 February 2026
2012,SUZUKI,Swift,Sport FZ,Hatchback,CVT,Petrol,130487,5.0,JSAFZC32S00101506,BDP328,02-10-2026,4,1.6,Blue,Black,Yes,Yes,No,No,Yes,VIC,https://www.grays.com/lot/0001-21063043/motor-vehicles-motor-cycles/2012-suzuki-swift-sport-fz-cvt-hatchback,"Paint fading Around exterior
Paint peeling Bonnet
Dents or marks on body consistent with age and kilometres.",71,"$5,300",22 February 2026
2016,TOYOTA,Camry,ALTISE HYBRID AVV50R,Sedan,CVT,Hybrid,108910,5.0,6T1BD3FK40X151602,No plates,Unregistered,4,2.5,Silver,Black,Yes,No,No,Partial,Yes,VIC,https://www.grays.com/lot/0001-21063011/motor-vehicles-motor-cycles/2016-toyota-camry-altise-hybrid-avv50r-cvt-sedan,"Dents or marks on body consistent with age and kilometres.
Medium Scratch on Around vehicle
Paint fading on various panels
Paint peeling Front bumper",140,"$14,500",22 February 2026
2012,LAND,Rover,Range Rover Sport 3.0 TDV6,Wagon,Automatic,Diesel,148184,5.0,SALLSAAF3CA747164,ZZA310,29-03-2026,6,3.0,Black,Black Leather,Yes,Yes,Yes,Partial,Yes,VIC,https://www.grays.com/lot/0001-21063010/motor-vehicles-motor-cycles/2012-land-rover-range-rover-sport-3-0-tdv6-turbo-diesel-automatic-wagon,"Other Warning light ON
Damaged Drivers side headlight
Dents or marks on body consistent with age and kilometres.",100,"$10,900",24 February 2026
2008,MAZDA,Cx-7,Luxury,Wagon,Automatic,Petrol,335571,5.0,JM0ER103180112904,No plates,Unregistered,4,2.3,Black,Black Leather,Yes,No,No,No,Yes,VIC,https://www.grays.com/lot/0001-21063004/motor-vehicles-motor-cycles/2008-mazda-cx-7-luxury-automatic-wagon,"Medium Scratch on Around vehicle
Medium Dent on Around vehicle
Door card Damaged.
Dents or marks on body consistent with age and kilometres.",30,"$1,700",24 February 2026
2013,AUDI,A3,,Hatchback,Automatic,Petrol,98205,5.0,WAUZZZ8V5DA040802,No plates,Unregistered,4,1.4,Black,Black,Yes,No,No,Partial,Yes,NSW,https://www.grays.com/lot/0001-10500714/motor-vehicles-motor-cycles/2013-audi-a3-automatic-hatchback,"Transmission Requires attention Strongly recommend inspection by qualified third party
Medium Dent on Drivers door
Engine light ON",20,"$1,811",02 March 2026
2010,FORD,Falcon,FG,Cab Chassis,Automatic,Lpg,203206,3.0,6FPAAAJGCMAP45685,No plates,Unregistered,6,4.0,White,Black,Yes,No,Yes,Partial,Yes,NSW,https://www.grays.com/lot/0001-10352816/motor-vehicles-motor-cycles/2010-ford-falcon-fg-automatic-cab-chassis,"Corrosion visible Engine bay, rear side of cab
Medium Scratch on Front bumper bar
Hood Lining Sagging
Damaged Tail light",25,"$2,009",02 March 2026
2003,HYUNDAI,Elantra,GLS XD,Sedan,Automatic,Petrol,195721,5.0,KMHDN41DR3U672653,DP88LK,19-06-2026,4,2.0,Gold,Grey,Yes,Yes,Yes,Yes,Yes,NSW,https://www.grays.com/lot/0001-10352775/motor-vehicles-motor-cycles/2003-hyundai-elantra-gls-xd-automatic-sedan,"Hail damage visible.
Large Dent on Bonnet, passenger side rear quarter panel, passenger side sill panel, driver side rear door
Large Scratch on Front bumper bar and guards
Windscreen Chipped or Cracked.
Paint peeling Bumper bars, rear spoiler
Controls Broken Drivers power window switch broken
Seat Torn Drivers seat
Dash Torn or Cracked
Paint cracked side mirror",9,$709,24 February 2026
2013,JEEP,Grand,Cherokee Limited WK,Wagon,Automatic,Diesel,233380,5.0,1C4RJFFM0EC166557,FMI61E,Unregistered,6,3.0,Grey,Black,Yes,No,Yes,Partial,Yes,NSW,https://www.grays.com/lot/0001-10352746/motor-vehicles-motor-cycles/2013-jeep-grand-cherokee-limited-wk-turbo-diesel-automatic-8-speed-wagon,"Paint fading Bonnet
Large Dent on Passenger side rear quarter panel
Windscreen Chipped or Cracked.
Seat Torn Drivers seat
Damaged Driver side rear foglight",71,"$5,200",24 February 2026
2011,VOLKSWAGEN,Golf,GTI,Hatchback,Manual,Petrol,201320,5.0,WVWZZZ1KZCW024658,No plates,Unregistered,4,2.0,Grey,Grey,Yes,Yes,Yes,No,Yes,NSW,https://www.grays.com/lot/0001-10352734/motor-vehicles-motor-cycles/2011-volkswagen-golf-gti-manual-hatchback,"Damaged Headlights
Large Scratch on All doors, bumper bars
Hail damage visible.
Large Dent on Rear doors
Paint peeling Rear spoiler
Other Warning light ON
Controls inoperable Drivers inner door handle not working
Front Seat worn with corrosion evident
Medium Scuff on Rear bumper",8,"$2,600",24 February 2026
2011,FORD,Falcon,XR6 FG,Sedan,Automatic,Petrol,212444,5.0,6FPAAAJGSWBK25150,No plates,Unregistered,6,4.0,Blue,Grey,Yes,Yes,Yes,Partial,Yes,NSW,https://www.grays.com/lot/0001-10352731/motor-vehicles-motor-cycles/2011-ford-falcon-xr6-fg-automatic-sedan,"Front Seat worn Drivers seat damaged
Large Dent on Drivers rear door
Medium Dent on Drivers guard and quarter panel
Large Scratch on Front bar
Damaged front fog light
Medium Scratch on Front bumper and spoiler
Paint cracked Front bumper",27,"$4,400",24 February 2026
2016,HYUNDAI,Iload,TQ,Van,Manual,Petrol,160496,3.0,KMFWBX7RLGU846556,CJ10HR,Unregistered,4,2.4,White,Grey,Yes,Yes,Yes,Partial,No,NSW,https://www.grays.com/lot/0001-10352730/motor-vehicles-motor-cycles/2016-hyundai-iload-tq-manual-van,"Seat Torn Front seats torn
Body/panel damage Rear impact damage to rear step bar and bumper bar
Large Dent on Drivers front door, drivers quarter panel, roof, tailgate, passenger quarter, and passengers sliding door
Large Scratch on Front bar
Corrosion visible Roof and tailgate
Medium Dent on scratched passenger guard, Tailgate, and side door",57,"$4,909",24 February 2026
2011,BMW,X5,xDrive 30d E70 LCI,Wagon,Automatic,Diesel,384302,5.0,WBAZW42070L789673,FJY05P,Unregistered,6,3.0,Grey,Black,Yes,No,No,No,Yes,NSW,https://www.grays.com/lot/0001-10352728/motor-vehicles-motor-cycles/2011-bmw-x5-xdrive-30d-e70-lci-turbo-diesel-automatic-8-speed-wagon,"Driveline requires attention, recommend inspection by qualified third party
Transmission Requires attention Strongly recommend inspection by qualified third party
Other Warning light ON
Engine noise observed.
Door Mirror Broken Drivers side
Medium Dent on Drivers quarter panel
Damaged Rear reflectors cracked
Large Dent on Tail gate both upper and lower
Paint peeling Drivers guard
Front and rear bars damaged Cracked bumper.
Large Scratch on Front bar
Windscreen Chipped or Cracked.",10,$909,24 February 2026
2016,SKODA,Octavia,RS 162TSI NE,Sedan,Automatic,Petrol,172650,5.0,TMBBE9NE5G0234602,YGF28Y,Unregistered,4,2.0,Grey,Black,Yes,Yes,Yes,No,Yes,NSW,https://www.grays.com/lot/0001-10352791/motor-vehicles-motor-cycles/2016-skoda-octavia-rs-162tsi-ne-automatic-sedan,"Hail damage visible.
Corrosion visible Spot on roof
Other Warning light ON",86,"$5,800",26 February 2026
2007,HONDA,Odyssey,Luxury,People Mover,Automatic,Petrol,198663,7.0,JHMRB18508C202431,DD80SG,Unregistered,4,2.4,Bronze,Tan,Yes,Yes,Yes,Partial,Yes,NSW,https://www.grays.com/lot/0001-10352771/motor-vehicles-motor-cycles/2007-honda-odyssey-luxury-automatic-7-seats-people-mover,"Front Seat worn Front seats worn
Large Scratch on Passenger mirror, doors, rear bar
Medium Dent on Passenger front door, quarter
Paint fading Roof and tailgate
Medium Scratch on Drivers front and rear door
Medium Dent on Drivers door
Large Dent on Tailgate and bonnet",35,"$2,609",26 February 2026
2006,TOYOTA,Rav,4 Cruiser L ACA33R,Wagon,Automatic,Petrol,177550,5.0,JTMBD31V705063172,BBB76B,Unregistered,4,2.4,Silver,Black,Yes,Yes,Yes,Partial,Yes,NSW,https://www.grays.com/lot/0001-10352788/motor-vehicles-motor-cycles/2006-toyota-rav-4-cruiser-l-aca33r-automatic-wagon,"Large Scratch on Front bar, both mirrors, pseenger doors, quarter panel and rear bar
Large Dent on Passenger rear door
Medium Dent on Passenger quarter panel
Body/panel damage Front end and drivers guard
Steering requires attention.
Seat Torn driver side.
Panel secured with tape.",33,"$3,009",28 February 2026
2009,NISSAN,Elgrand,,People Mover,Automatic,Petrol,116483,8.0,6U900000E51300162,No plates,Unregistered,6,3.5,Silver,Grey,Yes,No,No,Yes,Yes,NSW,https://www.grays.com/lot/0001-10352787/motor-vehicles-motor-cycles/2009-nissan-elgrand-automatic-8-seats-people-mover,"Engine noise observed.
Front Seat worn Drivers seat
Paint fading Guard mirror
Large Scratch on Passenger sliding door, rear bar and front bar
Medium Dent on Tailgate
Damaged Drivers tail light
Door Mirror Broken Drivers mirror cracked and loose
Hail damage visible.
Transmission Requires attention Strongly recommend inspection by qualified third party",21,"$1,409",28 February 2026
2015,NISSAN,Juke,Ti-S F15 II,Wagon,Manual,Petrol,141816,5.0,SJNFAAF15A7082078,CK79VD,Unregistered,4,1.6,Red,Black,Yes,Yes,Yes,Partial,Yes,NSW,https://www.grays.com/lot/0001-10352716/motor-vehicles-motor-cycles/2015-nissan-juke-ti-s-f15-ii-manual-wagon,"Clutch Requires attention
Seat Torn Drivers seat
Paint peeling Roof and rear bar
Medium Dent on Passenger guard
Medium Scratch on Passenger guard, passenger front door and rear doors and drivers rear door",52,"$3,509",22 February 2026
2016,FORD,Falcon,FG X,Cab Chassis,Automatic,Lpg,230942,2.0,6FPAAAJGCMGC22505,No Plates,Unregistered,6,4.0,White,Black,Yes,No,No,No,Yes,NSW,https://www.grays.com/lot/0001-10352714/motor-vehicles-motor-cycles/2016-ford-falcon-fg-x-automatic-cab-chassis,"Large Dent on Passenger side rear quarter
Medium Dent on Drivers door
Large Scratch on Front bumper bar",102,"$6,009",22 February 2026
2012,TOYOTA,Landcruiser,Prado GX KDJ150R,Wagon,Manual,Diesel,245292,5.0,JTEBH3FJX0K078577,No plates,Unregistered,4,3.0,White,Grey,Yes,No,No,No,Yes,NSW,https://www.grays.com/lot/0001-10352713/motor-vehicles-motor-cycles/2012-toyota-landcruiser-prado-gx-kdj150r-turbo-diesel-manual-wagon,"Clutch Requires attention
Front Seat worn Drivers seat
Paint fading Various panels
Body/panel damage Rear end
Windscreen Chipped or Cracked.
Corrosion visible Roof tailgate and underbody
Medium Scratch on various panels",91,"$8,200",22 February 2026
2008,SUBARU,Liberty,2.5i Heritage B4,Sedan,Manual,Petrol,346284,5.0,JF1BL9KJ38G039686,No plates,Unregistered,4,2.5,Black,Black,Yes,No,Yes,Partial,Yes,NSW,https://www.grays.com/lot/0001-10352717/motor-vehicles-motor-cycles/2008-subaru-liberty-2-5i-heritage-b4-manual-sedan,"Dash Torn or Cracked
Front Seat worn Drivers seat worn and tears
Back Seat worn.
Hail damage visible.
Large Dent on Drivers quarter
Large Scratch on Front bar
Paint fading On roof bonnet and quarter panels
Rear bar damaged Cracked bumper.
Clutch Requires attention
Suspension requires attention
Large Scratch on rear bumper.
Noise observed from front of vehicle.
Seals needs replacing.",3,$209,23 February 2026
2010,AUDI,Q5,2.0 TFSI Quattro 8R,Wagon,Automatic,Petrol,209302,5.0,WAUZZZ8R5BA026267,BTD26H,Unregistered,4,2.0,Black,Tan,Yes,Yes,Yes,Partial,Yes,NSW,https://www.grays.com/lot/0001-10352727/motor-vehicles-motor-cycles/2010-audi-q5-2-0-tfsi-quattro-8r-automatic-wagon,"Engine noise observed.
Hood Lining Sagging
Medium Scratch on Medium scratches on rear bar
Medium Scratch on Drivers mirrot
Paint fading On bonnet
Driveline requires attention, recommend inspection by qualified third party",16,"$1,009",24 February 2026
2010,MERCEDES,Benz,C200 CGI W204,Sedan,Automatic,Petrol,153418,5.0,WDD2040482A440663,CQ00QL,Unregistered,4,1.8,Black,Black,Yes,No,Yes,Partial,Yes,NSW,https://www.grays.com/lot/0001-10352724/motor-vehicles-motor-cycles/2010-mercedes-benz-c200-cgi-w204-automatic-sedan,"Engine noise observed.
Engine Oil Leak
Front Cracked bumper.
Large Scratch on Driver side doors
Seat Torn Drivers seat
Door card Damaged.
Other Warning light ON
Door Mirror Broken Passenger side
Controls inoperable Drivers electric seat adjustment requires attention
Dents or marks on body
Medium Scuff on both bumpers",17,"$2,100",24 February 2026
2012,MITSUBISHI,Mirage,LS LA,Hatchback,Manual,Petrol,147982,5.0,MMAXNA03AEH001429,CJY46H,Unregistered,3,1.2,Pink,Black,Yes,Yes,No,No,Yes,NSW,https://www.grays.com/lot/0001-10352723/motor-vehicles-motor-cycles/2012-mitsubishi-mirage-ls-la-manual-hatchback,"Hail damage visible.
Medium Dent on Tailgate
Large Scratch on Front bumper bar, passenger side front guard, passenger side rear quarter panel, rear bumper bar
Carpet worn in places.",13,$809,24 February 2026
2009,MERCEDES,Benz,CLC 200 200K CL203,Coupe,Automatic,Petrol,229639,5.0,WDB2037412E077783,EEY49M,Unregistered,4,1.8,Grey,Black,Yes,No,Yes,No,Yes,NSW,https://www.grays.com/lot/0001-10352722/motor-vehicles-motor-cycles/2009-mercedes-benz-clc-200-200k-cl203-automatic-coupe,"Windscreen Chipped or Cracked.
Front Seat Stains Stains on front seats
Door Mirror Broken Passenger side mirror loose
Medium Scratch on Passenger door
Large Dent on Passenger quarter panel
Rear bar dent and scratched Cracked bumper.
Large Scratch on Front bar and bonnet
Engine light ON",9,$809,24 February 2026
2014,TOYOTA,Hilux,4X2 WORKMATE TGN16R,Cab Chassis,Automatic,Petrol,126290,2.0,MR0CX12G800117903,CA36AD,Unregistered,4,2.7,White,Grey,Yes,No,No,No,Yes,NSW,https://www.grays.com/lot/0001-10352719/motor-vehicles-motor-cycles/2014-toyota-hilux-4x2-workmate-tgn16r-automatic-cab-chassis,Please refer to the photos or arrange inspection to view the condition of this vehicle.,131,"$12,100",25 February 2026
1995,HOLDEN,Commodore,Executive VR,Sedan,Automatic,Petrol,438855,5.0,6H8VRK19HSL799476,No plates,Unregistered,6,3.8,White,Grey,Yes,Yes,Yes,Partial,Yes,NSW,https://www.grays.com/lot/0001-10352707/motor-vehicles-motor-cycles/1995-holden-commodore-executive-vr-automatic-sedan,"Engine idling rough
Front Seat worn Drivers seat
Back Seat Stains.
Large Scratch on Rear bar
Paint peeling Front bar
Paint fading Guards and bonnet
Corrosion visible Around rear screen
Steering requires attention.
Transmission Requires attention Strongly recommend inspection by qualified third party",16,"$1,209",22 February 2026
2002,TOYOTA,Hiace,SBV LWB RCH22R,Van,Manual,Petrol,301767,2.0,JT721UK2200004070,YCK095,08-05-2026,4,2.4,White,Grey,Yes,No,No,No,No,NSW,https://www.grays.com/lot/0001-10352704/motor-vehicles-motor-cycles/2002-toyota-hiace-sbv-lwb-rch22r-manual-van,"Flat Battery. Jump start or towing required
Carpet worn in places.
Large Dent on Passenger guard, passengers sliding door, sill panels, passengers rear barn door, drivers quarter panel and drivers front guard
Medium Dent on Drivers rear barn door
Hail damage visible.
Corrosion visible Engine bay, front screen, roof
Large Dent on Roof damaged
Large Scratch on Front and rear bars
Glovebox Would not Open/Close
Engine noise observed.
Engine light ON
Other Warning light ON",23,"$1,509",22 February 2026
2012,VOLKSWAGEN,Golf,118TSI Comfortline A6,Hatchback,Automatic,Petrol,203527,5.0,WVWZZZ1KZDP049458,DP67FV,29-04-2026,4,1.4,White,Black,Yes,No,No,No,Yes,NSW,https://www.grays.com/lot/0001-10352703/motor-vehicles-motor-cycles/2012-volkswagen-golf-118tsi-comfortline-a6-automatic-hatchback,"Transmission Requires attention Strongly recommend inspection by qualified third party
ABS light ON
Traction control light ON
Hood Lining Sagging
Large Dent on Passenger guard, passengers rear door, tailgate
Paint fading Various panels
Front and rear bars damaged Cracked bumper.
Windscreen Chipped or Cracked.
Hail damage visible.
Medium Dent on Bonnet and drivers door
Damaged Both headlight broken
Other Warning light ON",18,"$1,109",22 February 2026
2016,HYUNDAI,Accent,Active RB,Hatchback,CVT,Petrol,171178,5.0,KMHCT51BTGU295903,No plates,Unregistered,4,1.4,White,Black,Yes,No,Yes,Partial,Yes,NSW,https://www.grays.com/lot/0001-10352698/motor-vehicles-motor-cycles/2016-hyundai-accent-active-rb-cvt-hatchback,"Front Cracked bumper.
Transmission Requires attention Strongly recommend inspection by qualified third party
Engine light ON",45,"$3,300",22 February 2026
2008,BMW,3,Series 323i E92,Coupe,Automatic,Petrol,324070,4.0,WBAWB12090JY93784,DJ38AJ,Unregistered,6,2.5,Grey,Black,Yes,No,Yes,Partial,Yes,NSW,https://www.grays.com/lot/0001-10352708/motor-vehicles-motor-cycles/2008-bmw-3-series-323i-e92-automatic-coupe,"Hail damage visible.
Front Cracked bumper.
Damaged Driver side tail light
Large Dent on Rear quarter panels, drivers door
Large Scratch on Drivers door and rear quarter panel
Engine noise observed.
Driveline requires attention, recommend inspection by qualified third party
Other Warning light ON
Controls inoperable iDrive system faulty
Controls Broken Buttons under audio unit not secure.
Engine replaced",11,$810,23 February 2026
2005,MINI,Cooper,Cabrio S,Convertible,Manual,Petrol,160563,4.0,WMWRH32050TG84976,BDE42T,12-02-2026,4,1.6,Blue,Black,Yes,No,Yes,No,Yes,NSW,https://www.grays.com/lot/0001-10352701/motor-vehicles-motor-cycles/2005-mini-cooper-cabrio-s-manual-convertible,"Engine idling rough
Steering requires attention.
Seat Torn Drivers seat
Engine noise observed.
Damaged Passenger tail light
Medium Scratch on Rear bar
Front bar damaged Cracked bumper.
Medium Dent on Bonnet
Paint peeling Bonnet scoop",20,"$1,509",24 February 2026
2014,PORSCHE,Macan,S 95B,Wagon,Automatic,Diesel,178133,5.0,WP1ZZZ95ZFLB83051,No plates,Unregistered,6,3.0,White,Black,Yes,Yes,Yes,Partial,Yes,NSW,https://www.grays.com/lot/0001-10352766/motor-vehicles-motor-cycles/2014-porsche-macan-s-diesel-95b-turbo-diesel-automatic-wagon,"Large Scratch on Front bumper bar
Medium Dent on Rear bumper bar
Brakes require attention, Recommend towing on collection
Engine idling rough
Sat Nav Not Working
Other Warning light ON
Engine noise observed.
Engine lacks power
Engine light ON",175,"$17,089",24 February 2026
2010,MITSUBISHI,Pajero,GLX NT,Wagon,Automatic,Diesel,341271,7.0,JMFLYV98WBJ001054,CYA96V,22-06-2026,4,3.2,Grey,Black,Yes,No,Yes,Partial,Yes,NSW,https://www.grays.com/lot/0001-10352765/motor-vehicles-motor-cycles/2010-mitsubishi-pajero-glx-nt-turbo-diesel-automatic-7-seats-wagon,"Large Dent on Passenger side cant rail
Damaged Passenger side tail light
Seat Torn Drivers seat
Windscreen Chipped or Cracked.",75,"$5,110",24 February 2026
2007,TOYOTA,Corolla,Ascent ZRE152R,Sedan,Automatic,Petrol,180943,5.0,JTNBU52E702012858,BVA28R,24-01-2026,4,1.8,Red,Black,Yes,Yes,Yes,Partial,Yes,NSW,https://www.grays.com/lot/0001-10352764/motor-vehicles-motor-cycles/2007-toyota-corolla-ascent-zre152r-automatic-sedan,"Paint peeling Bonnet, roof, bootlid
Large Scratch on Passenger side rear door and quarter panel
Large Dent on Drivers door
Paint cracked Rear bumper bar",30,"$3,900",24 February 2026
2019,AUDI,Q5,SPORT 2.0 TDI QUATT,Wagon,Automatic,Diesel,82124,5.0,WAUZZZFY4K2050743,123PH3,Unregistered,4,2.0,Grey,Black,Yes,No,No,No,Yes,NSW,https://www.grays.com/lot/0001-10352768/motor-vehicles-motor-cycles/2019-audi-q5-sport-2-0-tdi-quatt-turbo-diesel-automatic-wagon,"Large Scratch on Driver side rear door and quarter panel
Medium Dent on Passenger side front door
Engine light ON
Other Warning light ON",185,"$16,899",26 February 2026
2015,VOLVO,V40,Cross Country D4 LUXURY - 8SpeedWagon,Wagon,Automatic,Diesel,171401,5.0,YV1MZA8HDF2073081,No plates,Unregistered,4,2.0,White,Black,Yes,Yes,Yes,Partial,Yes,NSW,https://www.grays.com/lot/0001-10352752/motor-vehicles-motor-cycles/2015-volvo-v40-cross-country-d4-luxury-turbo-diesel-automatic-8speedwagon,Please refer to the photos or arrange inspection to view the condition of this vehicle.,81,"$6,609",23 February 2026
2008,VOLKSWAGEN,Golf,GTI A5,Hatchback,Automatic,Petrol,142921,5.0,WVWZZZ1KZ9U010412,No plates,Unregistered,4,2.0,Red,Beige,Yes,Yes,Yes,Partial,Yes,NSW,https://www.grays.com/lot/0001-10352762/motor-vehicles-motor-cycles/2008-volkswagen-golf-gti-a5-automatic-hatchback,"Large Dent on Roof
Paint peeling Front bumper bar, rear spoiler",75,"$5,209",24 February 2026
2016,LEXUS,Rx,350 RX350 F SPORT GGL25R,Wagon,Automatic,Petrol,345911,5.0,JTJBZMCA402020859,DJZ75Z,30-01-2026,6,3.5,Black,Black,Yes,Yes,Yes,Partial,Yes,NSW,https://www.grays.com/lot/0001-10352744/motor-vehicles-motor-cycles/2016-lexus-rx-350-rx350-f-sport-ggl25r-automatic-8-speed-wagon,"Paint cracked Rear bumper bar
Engine noise observed.",75,"$12,000",24 February 2026
2012,KIA,Grand,Carnival S VQ,People Mover,Automatic,Petrol,218202,8.0,KNAMG817MD6516852,EQU90P,12-12-2026,6,3.5,Silver,Grey,Yes,Yes,No,Partial,Yes,NSW,https://www.grays.com/lot/0001-10352742/motor-vehicles-motor-cycles/2012-kia-grand-carnival-s-vq-automatic-8-seats-people-mover,"Large Dent on Driver side rear quarter panel
Medium Dent on Passenger side rear quarter panel, tailgate
Paint fading Bonnet, roof, tailgate
Paint peeling Front bumper bar, passenger side front guard
Rear Cracked bumper.
Flat Battery. Jump start or towing required
Gear Knob Broken",40,"$2,609",24 February 2026
2009,MAZDA,3,SP25 BL,Hatchback,Automatic,Petrol,217347,5.0,JM0BL10L100113133,EMP44J,Unregistered,4,2.5,Black,Black,Yes,No,Yes,Partial,Yes,NSW,https://www.grays.com/lot/0001-10352741/motor-vehicles-motor-cycles/2009-mazda-3-sp25-bl-automatic-hatchback,"Medium Scratch on Door jambs
Steering requires attention.
Suspension requires attention",41,"$3,900",24 February 2026
2017,MITSUBISHI,Outlander,LS 2WD SAFETY PACK ZK,Wagon,CVT,Petrol,151759,7.0,JMFXTGF7WJJ000348,CO49PQ,Unregistered,4,2.0,Black,Black,Yes,No,Yes,Yes,Yes,NSW,https://www.grays.com/lot/0001-10352761/motor-vehicles-motor-cycles/2017-mitsubishi-outlander-ls-2wd-safety-pack-zk-cvt-7-seats-wagon,"Hail damage visible.
Seat Torn Drivers seat
Medium Scratch on Bumper bars",98,"$9,500",25 February 2026
2007,VOLKSWAGEN,Golf,GTI A5,Hatchback,Automatic,Petrol,166448,5.0,WVWZZZ1KZ8U012204,BGK86S,Unregistered,4,2.0,Black,Black,Yes,No,No,Partial,Yes,NSW,https://www.grays.com/lot/0001-10352760/motor-vehicles-motor-cycles/2007-volkswagen-golf-gti-a5-automatic-hatchback,"Front Cracked bumper.
Large Dent on Passenger side rear quarter panel
Seat Torn Drivers seat
Hood Lining Sagging
Engine light ON
Other Warning light ON
Windscreen Chipped or Cracked.",13,"$1,209",25 February 2026
2012,HYUNDAI,Veloster,SR TURBO FS,Coupe,Automatic,Petrol,188224,4.0,KMHTC61EMDU106172,BY62CN,Unregistered,4,1.6,Grey,Black,Yes,No,Yes,Partial,Yes,NSW,https://www.grays.com/lot/0001-10352755/motor-vehicles-motor-cycles/2012-hyundai-veloster-sr-turbo-fs-automatic-coupe,"Rear Cracked bumper.
Medium Scratch on Passenger side rear door and quarter panel
Engine light ON
Airbag light ON
Other Warning light ON",39,"$2,709",25 February 2026
2015,FORD,Ecosport,Trend BK,Wagon,Automatic,Petrol,111402,5.0,MAJBXXMRKBFE32385,DN77VP,Unregistered,4,1.5,Black,Grey,Yes,No,No,No,Yes,NSW,https://www.grays.com/lot/0001-10352750/motor-vehicles-motor-cycles/2015-ford-ecosport-trend-bk-automatic-wagon,"Transmission Requires attention Strongly recommend inspection by qualified third party
Engine light ON
Other Warning light ON
Traction control light ON
Radio Not Working
Hail damage visible.
Large Scratch on Drivers door
Medium Dent on Drivers qyarter
Rear bar Cracked bumper.
Medium Dent on Passenger cant rail
Large Scratch on Front bar",2,$109,25 February 2026
2009,NISSAN,X-trail,ST T31,Wagon,CVT,Petrol,238928,5.0,JN1TANT31A0050484,1GEZ577,17-03-2026,4,2.5,White,Charcoal,Yes,No,Yes,Partial,Yes,WA,https://www.grays.com/lot/0001-9067069/motor-vehicles-motor-cycles/2009-nissan-x-trail-st-t31-cvt-wagon,Dents or marks on body consistent with age and kilometres.,36,"$2,809",19 February 2026
2016,TOYOTA,Camry,Atara SL Hybrid AVV50R,Sedan,CVT,Hybrid,443410,5.0,6T1BD3FKX0X149577,1EZW576,05-04-2026,4,2.5,Silver,Black Leather,Yes,Yes,Yes,Partial,Yes,WA,https://www.grays.com/lot/0001-9067062/motor-vehicles-motor-cycles/2016-toyota-camry-atara-sl-hybrid-avv50r-cvt-sedan,"Dents or marks on body consistent with age and kilometres.
Front Seat worn Drivers seat",89,"$7,700",19 February 2026
2014,DODGE,Journey,R T,People Mover,Automatic,Petrol,171765,7.0,3C4PDCKG7ET274787,1ESA488,Unregistered,6,3.6,Red,Black Leather,Yes,Yes,No,No,Yes,WA,https://www.grays.com/lot/0001-9067061/motor-vehicles-motor-cycles/2014-dodge-journey-r-t-automatic-7-seats-people-mover,"Dents or marks on body consistent with age and kilometres.
Medium Scratch on various panels",25,"$1,900",19 February 2026
2016,MERCEDES,Benz,V-Class V250 BLUETEC AVANTGA T D Aut,People Mover,Automatic,Diesel,250239,8.0,WDF44781323161753,2EG4ZQ,31-05-2026,4,2.1,Black,Black Leather,Yes,Yes,Yes,No,Yes,VIC,https://www.grays.com/lot/0001-21063026/motor-vehicles-motor-cycles/2016-mercedes-benz-v-class-v250-bluetec-avantga-t-d-aut-8-seats,"Seat Torn Drivers
Dents or marks on body consistent with age and kilometres.
Paint peeling Around vehicle
Medium Scratch on Around vehicle",246,"$22,950",19 February 2026
2014,BMW,X4,xDrive 20d F26,Coupe,Automatic,Diesel,191761,5.0,WBAXX120900G75598,1DA2MQ,15-07-2026,4,2.0,Dark Blue,Black Leather,Yes,Yes,Yes,Partial,Yes,VIC,https://www.grays.com/lot/0001-21063064/motor-vehicles-motor-cycles/2014-bmw-x4-xdrive-20d-f26-turbo-diesel-automatic-8-speed-coupe,"Dents or marks on body consistent with age and kilometres.
Medium Dent on Right rear quarter
Windscreen Chipped or Cracked.",126,"$12,000",19 February 2026
2019,FORD,Transit,350L LWB HIGH ROOF VO,Van,Manual,Diesel,256286,3.0,WF0XXXTTGXKK65339,1GVG984,11-02-2026,4,2.0,White,Grey,Yes,Yes,No,Partial,Yes,WA,https://www.grays.com/lot/0001-9067055/motor-vehicles-motor-cycles/2019-ford-transit-350l-lwb-high-roof-vo-turbo-diesel-manual-van,"Large Dent on Sliding door
Large Scratch on Front right corner",142,"$13,500",19 February 2026
2013,MITSUBISHI,Outlander,LS 4WD ZJ,Wagon,CVT,Petrol,272667,7.0,JMFXTGF8WDZ004024,1LL8ZC,26-01-2026,4,2.4,Silver,Black,Yes,No,Yes,Yes,Yes,VIC,https://www.grays.com/lot/0001-21063001/motor-vehicles-motor-cycles/2013-mitsubishi-outlander-ls-4wd-zj-cvt-7-seats-wagon,"Damaged rear light cracked
Dents or marks on body consistent with age and kilometres.",64,"$4,409",20 February 2026
2000,MERCEDES,Benz,CLK 320 Avantgarde C208,Coupe,Automatic,Petrol,388822,4.0,WDB2083652F178616,1HA3SL,09-03-2026,6,3.2,Silver,Grey,Yes,No,Yes,No,Yes,VIC,https://www.grays.com/lot/0001-21063204/motor-vehicles-motor-cycles/2000-mercedes-benz-clk-320-320-avantgarde-c208-automatic-coupe,"Dents or marks on body consistent with age and kilometres.
Windscreen Chipped or Cracked.
Large Dent on Boot
Rear Cracked bumper.
Medium Scratch on Around vehicle",6,$509,23 February 2026
2004,MITSUBISHI,Pajero,Exceed NP,Wagon,Automatic,Diesel,174869,7.0,JMFLYV78W5J002114,No plates,Unregistered,4,3.2,Gold,Grey,Yes,Yes,No,No,Yes,NSW,https://www.grays.com/lot/0001-10352735/motor-vehicles-motor-cycles/2004-mitsubishi-pajero-exceed-np-turbo-diesel-automatic-7-seats-wagon,"Transmission Requires attention Strongly recommend inspection by qualified third party
Front Seat worn Front seats worn
Seat Torn Drivers seat
Medium Dent on Both guards, drivers door
Large Scratch on Bullbar, rear bar and both side skirts
Medium Scratch on various panels",22,"$1,009",24 February 2026
2020,FORD,Ranger,XLT 4X4 PX III Dual,Dual Cab,Automatic,Diesel,122999,5.0,MPBUMFF50LX267699,Unlicensed,Unregistered,5,3.2,White,Black Leather,Yes,Yes,Yes,No,Yes,WA,https://www.grays.com/lot/0001-9067050/motor-vehicles-motor-cycles/2020-ford-ranger-xlt-4x4-px-iii-turbo-diesel-automatic-dual-cab,"Engine idling rough
Dents or marks on body consistent with age and kilometres.
Engine Smoke visible",174,"$15,000",18 February 2026
2012,HYUNDAI,Elantra,Elite MD,Sedan,Automatic,Petrol,258716,5.0,KMHDH41EMDU605074,1HKQ071,09-07-2026,4,1.8,Black,Black,Yes,No,No,No,Yes,WA,https://www.grays.com/lot/0001-9067049/motor-vehicles-motor-cycles/2012-hyundai-elantra-elite-md-automatic-sedan,"Dents or marks on body consistent with age and kilometres.
Paint fading Various panels
Large Scratch on Drivers side
Engine noise observed.",45,"$3,169",18 February 2026
2011,AUDI,A4,1.8 TFSI B8,Sedan,CVT,Petrol,152545,5.0,WAUZZZ8K0BA109656,1DRM232,08-05-2026,4,1.8,Silver,Black Leather,Yes,No,Yes,Partial,Yes,WA,https://www.grays.com/lot/0001-9067046/motor-vehicles-motor-cycles/2011-audi-a4-1-8-tfsi-b8-cvt-sedan,"Engine light ON
Other Warning light ON
Dents or marks on body consistent with age and kilometres.
Medium Scuff on Various panels
Large Dent on Front left fender
Engine Oil Leak
Brakes require attention, Recommend towing on collection",42,"$2,509",18 February 2026
2010,VOLVO,Xc90,3.2 Executive,Wagon,Automatic,Petrol,162901,7.0,YV1CT9856A1557399,1GSG614,24/04/2026,6,3.2,Bronze,Cream Leather,Yes,Yes,Yes,Partial,Yes,WA,https://www.grays.com/lot/0001-9067044/motor-vehicles-motor-cycles/2010-volvo-xc90-3-2-executive-automatic-7-seats-wagon,"Hood Lining Sagging
Dents or marks on body consistent with age and kilometres.
Front Seat worn Both
Other Warning light ON",35,"$2,109",18 February 2026
2010,VOLKSWAGEN,Golf,GTI A6,Hatchback,Automatic,Petrol,259677,5.0,WVWZZZ1KZBW116436,1DQF336,07-03-2026,4,2.0,Red,Charcoal,Yes,Yes,Yes,Partial,Yes,WA,https://www.grays.com/lot/0001-9067042/motor-vehicles-motor-cycles/2010-volkswagen-golf-gti-a6-automatic-hatchback,"Paint peeling Grille and rear bumper
Medium Scuff on Driver door
Front Seat worn driver side
Dents or marks on body consistent with age and kilometres.
Medium Scratch on various panels",60,"$4,900",18 February 2026
2010,LEXUS,Ls460,Import,Sedan,Automatic,Petrol,162742,5.0,6ZZA0USF455006507,Unlicensed,Unregistered,8,4.6,Black,Black Leather,Yes,No,No,No,Yes,WA,https://www.grays.com/lot/0001-9067039/motor-vehicles-motor-cycles/2010-lexus-ls460-import-automatic-sedan,"Medium Dent on Front right fender
Medium Scuff on Rear bumper",101,"$10,300",18 February 2026
2011,PEUGEOT,206,XT,Hatchback,Automatic,Petrol,125612,5.0,VF3WC5FS9BW036199,1HIZ960,27-04-2026,4,1.6,Light Blue,Black Leather,Yes,Yes,No,No,Yes,WA,https://www.grays.com/lot/0001-9067036/motor-vehicles-motor-cycles/2011-peugeot-206-xt-automatic-hatchback,Engine light ON,8,$709,18 February 2026
2003,NISSAN,Pulsar,ST N16,Sedan,Automatic,Petrol,245483,5.0,JN1CBAN16A0058015,1BRM168,13-03-2026,4,1.8,Champagne,Grey,Yes,Yes,Yes,Partial,Yes,WA,https://www.grays.com/lot/0001-9067035/motor-vehicles-motor-cycles/2003-nissan-pulsar-st-n16-automatic-sedan,"Seat Torn Driver
Medium Dent on Various panels
Large Scuff on Front driver side corner",11,"$1,009",18 February 2026
2019,VOLKSWAGEN,Golf,110TSI TRENDLINE A7,Hatchback,Automatic,Petrol,201479,5.0,WVWZZZAUZLP025296,1HAO748,16-06-2026,4,1.4,Dark Grey,Grey,Yes,Yes,Yes,Yes,Yes,WA,https://www.grays.com/lot/0001-9067033/motor-vehicles-motor-cycles/2019-volkswagen-golf-110tsi-trendline-a7-automatic-hatchback,Dents or marks on body consistent with age and kilometres.,140,"$11,100",18 February 2026
2014,VOLKSWAGEN,Jetta,118TSI Comfortline 1B,Sedan,Automatic,Petrol,177018,5.0,WVWZZZ16ZFM019443,1ESQ158,30-03-2026,4,1.4,Black,Black,Yes,No,Yes,Partial,Yes,WA,https://www.grays.com/lot/0001-9067054/motor-vehicles-motor-cycles/2014-volkswagen-jetta-118tsi-comfortline-1b-automatic-sedan,Dents or marks on body consistent with age and kilometres.,17,"$2,280",19 February 2026
1998,SUBARU,Liberty,RX (AWD) B2,Sedan,Automatic,Petrol,363941,5.0,JF1BD9KE5WG034744,1AGN001,27-04-2026,4,2.5,Silver,Black,Yes,No,No,Partial,Yes,WA,https://www.grays.com/lot/0001-9067032/motor-vehicles-motor-cycles/1998-subaru-liberty-rx-awd-b2-automatic-sedan,"Engine Oil Leak
Paint fading Various panels
Corrosion visible Passenger rear quarter panel and driver door
Seat Torn Driver
front Cracked bumper.
Medium Scratch on various panels",9,$709,18 February 2026
2015,MERCEDES,Benz,GL-Class GL500 BlueEFFICIENCY X166,Wagon,Automatic,Petrol,149280,7.0,WDC1668732A587262,1HHQ831,15-04-2026,8,4.7,Black,Black Leather,Yes,Yes,Yes,Partial,Yes,WA,https://www.grays.com/lot/0001-9067030/motor-vehicles-motor-cycles/2015-mercedes-benz-gl-class-gl500-blueefficiency-x166-auto-wagon,Dents or marks on body consistent with age and kilometres.,201,"$14,000",18 February 2026
2008,MAZDA,Cx-9,Luxury,Wagon,Automatic,Petrol,202769,7.0,JM0TB10A100110825,1DOW380,03/04/2026,6,3.7,White,Black Leather,Yes,No,Yes,No,Yes,WA,https://www.grays.com/lot/0001-9067027/motor-vehicles-motor-cycles/2008-mazda-cx-9-luxury-automatic-7-seats-wagon,"Seat Torn Driver
Large Scratch on Driver rear door
Large Scuff on Along passenger side
Medium Dent on Driver rear quarter panel
Dents or marks on body consistent with age and kilometres.",32,"$1,800",18 February 2026
2014,FORD,Focus,Titanium LW II,Hatchback,Automatic,Petrol,205096,5.0,MPB1XXMXB1EB84747,1ERF080,16-03-2026,4,2.0,Red,Black Leather,Yes,Yes,Yes,Partial,Yes,WA,https://www.grays.com/lot/0001-9067024/motor-vehicles-motor-cycles/2014-ford-focus-titanium-lw-ii-automatic-hatchback,"Dents or marks on body consistent with age and kilometres.
Paint fading Rear wing and mirrors",38,"$3,009",18 February 2026
1997,TOYOTA,Landcruiser,Prado GRANDE V6 VZJ95R,Wagon,Automatic,Petrol,423567,8.0,JT711VJ9500017477,1CZX416,08-08-2026,6,3.4,White,Grey,Yes,Yes,Yes,Partial,Yes,WA,https://www.grays.com/lot/0001-9067023/motor-vehicles-motor-cycles/1997-toyota-landcruiser-prado-grande-v6-vzj95r-automatic-8-seats-wagon,"Dents or marks on body consistent with age and kilometres.
Corrosion visible Around windscreen
Seats Removed
Front Seat worn Drivers seat
Paint peeling various panels
Large Dent on rear bumper bar",37,"$2,809",18 February 2026
2011,NISSAN,Micra,ST-L K13,Hatchback,Automatic,Petrol,230729,5.0,MNTFAUK13A0002683,1DSJ046,28-02-2026,4,1.5,Silver,Charcoal,Yes,Yes,Yes,Partial,Yes,WA,https://www.grays.com/lot/0001-9067022/motor-vehicles-motor-cycles/2011-nissan-micra-st-l-k13-automatic-hatchback,"Medium Scuff on Various panels
Dents or marks on body consistent with age and kilometres.",33,"$2,709",18 February 2026
2017,HYUNDAI,Tucson,Active FWD TL,Wagon,Automatic,Petrol,199906,5.0,KMHJ2814MJU482831,1GHU279,14-06-2026,4,2.0,White,Charcoal,Yes,Yes,Yes,Partial,Yes,WA,https://www.grays.com/lot/0001-9067019/motor-vehicles-motor-cycles/2017-hyundai-tucson-active-fwd-tl-automatic-wagon,"Windscreen Chipped or Cracked.
Dents or marks on body consistent with age and kilometres.
Medium Scratch on various panels",137,"$9,409",18 February 2026
2009,FORD,Falcon,FG,Ute,Automatic,Lpg,120401,2.0,6FPAAAJGCM9A60437,Unlicensed,Unregistered,6,4.0,White,Charcoal,Yes,No,Yes,Partial,Yes,WA,https://www.grays.com/lot/0001-9067018/motor-vehicles-motor-cycles/2009-ford-falcon-fg-automatic-ute,"Dents or marks on body consistent with age and kilometres.
Paint fading Various panels
Medium Scuff on front bumper
Medium Scratch on various panels",52,"$3,400",18 February 2026
2010,NISSAN,Dualis,ST J10,Wagon,Manual,Petrol,192492,5.0,SJNFBAJ10A2053111,"Unlicensed, Plates to be remove",Unregistered,4,2.0,Black,Charcoal,Yes,Yes,Yes,Partial,Yes,WA,https://www.grays.com/lot/0001-9067009/motor-vehicles-motor-cycles/2010-nissan-dualis-st-j10-manual-wagon,"Door card Damaged.
Paint fading Various panels
Dents or marks on body consistent with age and kilometres.",14,"$1,109",18 February 2026
2014,VOLKSWAGEN,Tiguan,155 TSI 5N,Wagon,Automatic,Petrol,187769,5.0,WVGZZZ5NZEW099939,1IWQ806,03-03-2026,4,2.0,Red,Black Leather,Yes,No,Yes,Partial,Yes,WA,https://www.grays.com/lot/0001-9067008/motor-vehicles-motor-cycles/2014-volkswagen-tiguan-155-tsi-5n-automatic-wagon,"Dents or marks on body consistent with age and kilometres.
Engine light ON
Medium Scuff on Rear right
Other Warning light ON
Medium Dent on various panels
Front Seat worn driver side",54,"$4,000",18 February 2026
2008,MAZDA,6,Limited GH,Sedan,Automatic,Petrol,187488,5.0,JM0GH105100113257,Unlicensed,Unregistered,4,2.5,White,Charcoal,Yes,No,No,No,Yes,WA,https://www.grays.com/lot/0001-9067006/motor-vehicles-motor-cycles/2008-mazda-6-limited-gh-automatic-sedan,"Airbag light ON
Paint peeling Roof
Medium Scuff on Passenger side quarter panel and rear door.",16,"$1,509",18 February 2026
2007,MAZDA,3,Maxx BK,Sedan,Automatic,Petrol,276286,5.0,JM0BK10F200365373,1GPD460,17-03-2026,4,2.0,Silver,Charcoal,Yes,Yes,Yes,Partial,Yes,WA,https://www.grays.com/lot/0001-9067005/motor-vehicles-motor-cycles/2007-mazda-3-maxx-bk-automatic-sedan,"Engine light ON
Medium Scuff on Various panels
Paint cracked Front bumper
Dents or marks on body consistent with age and kilometres.
Paint fading on various panels
Medium Scratch on various panels",15,"$1,109",18 February 2026
2021,NISSAN,Leaf,ZE1 Direct Drive,Hatchback,Direct Drive,Electric,29996,5.0,SJNFAAZE1A0141631,No plates,Unregistered,0,0.0,White,Black,Yes,Yes,Yes,Yes,Yes,QLD,https://www.grays.com/lot/0001-50714582/motor-vehicles-motor-cycles/2021-nissan-leaf-ze1-direct-drive-hatchback-29-996-kms,Dents or marks on body consistent with age and kilometres.,128,"$17,000",18 February 2026
2019,FORD,Ranger,Wildtrak 4x4 PX III Dual,Dual Cab,Automatic,Diesel,116624,5.0,MPBUMFF60KX205613,No plates,Unregistered,4,2.0,Orange,Black Leather,Yes,Yes,No,Partial,Yes,QLD,https://www.grays.com/lot/0001-50714581/motor-vehicles-motor-cycles/2019-ford-ranger-wildtrak-4x4-px-iii-turbo-diesel-automatic-dual-cab,"Dents or marks on body consistent with age and kilometres.
Windscreen Chipped or Cracked.
Medium Dent on Bonnet
Large Scratch on RHR door
Large Dent on RHR guard
Medium Scuff on RHR guard
Body/panel damage Front bumper
Front Cracked bumper.
Front Seat worn drivers",110,"$26,100",18 February 2026
2014,FORD,Kuga,AWD TREND TF,Wagon,Automatic,Petrol,123226,5.0,WF0AXXWPMAES86701,No plates,Unregistered,4,1.6,Red,Grey,Yes,No,Yes,Yes,Yes,QLD,https://www.grays.com/lot/0001-50714571/motor-vehicles-motor-cycles/2014-ford-kuga-awd-trend-tf-automatic-wagon,"Dents or marks on body consistent with age and kilometres.
Front Seat worn Both
Back Seat Stains.
Driveline requires attention, recommend inspection by qualified third party",42,"$3,059",18 February 2026
2012,AUDI,Q5,2.0 TFSI Quattro 8R,Wagon,Automatic,Petrol,169046,5.0,WAUZZZ8R9DA024315,No plates,Unregistered,4,2.0,Black,Black Leather,Yes,Yes,Yes,Partial,Yes,QLD,https://www.grays.com/lot/0001-50714557/motor-vehicles-motor-cycles/2012-audi-q5-2-0-tfsi-quattro-8r-automatic-8-speed-wagon,"Dents or marks on body consistent with age and kilometres.
Front Seat worn Both",87,"$6,600",18 February 2026
2017,MAZDA,Cx-5,Akera KF,Wagon,Automatic,Diesel,212088,5.0,JM0KF4W2A00110846,No plates,Unregistered,4,2.2,Red,Black Leather,Yes,No,Yes,No,Yes,QLD,https://www.grays.com/lot/0001-50714536/motor-vehicles-motor-cycles/2017-mazda-cx-5-akera-kf-turbo-diesel-automatic-wagon,"Dents or marks on body consistent with age and kilometres.
Front Seat worn Both",145,"$12,400",18 February 2026
2016,LAND,Rover,Discovery Sport TD4 180 SE,Wagon,Automatic,Diesel,130760,5.0,SALCA2AN0HH652347,No plates,Unregistered,4,2.0,White,Black Leather,Yes,No,Yes,No,Yes,QLD,https://www.grays.com/lot/0001-50714535/motor-vehicles-motor-cycles/2016-land-rover-discovery-sport-td4-180-se-turbo-diesel-automatic-wagon,"Engine noise observed.
Dents or marks on body consistent with age and kilometres.
Front Seat worn Both
Engine light ON",126,"$9,500",18 February 2026
2011,AUDI,Q5,2.0 TDI Quattro 8R,Wagon,Automatic,Diesel,152144,5.0,WAUZZZ8RXBA085444,No plates,Unregistered,4,2.0,Black,Black Leather,Yes,No,No,No,Yes,QLD,https://www.grays.com/lot/0001-50714518/motor-vehicles-motor-cycles/2011-audi-q5-2-0-tdi-quattro-8r-turbo-diesel-automatic-wagon,"Hood Lining Sagging
Dents or marks on body consistent with age and kilometres.
Other Warning light ON",85,"$5,950",18 February 2026
2015,VOLVO,Xc60,D4 KINETIC,Wagon,Automatic,Diesel,171619,5.0,YV1DZ73CDF2720824,No plates,Unregistered,4,2.0,Dark Blue,Black Leather,Yes,Yes,Yes,Yes,Yes,QLD,https://www.grays.com/lot/0001-50714517/motor-vehicles-motor-cycles/2015-volvo-xc60-d4-kinetic-turbo-diesel-automatic-8-speed-wagon,"Seat Torn Rhf, back,
Dents or marks on body consistent with age and kilometres.
Large Scuff on rhr door plus guard",34,"$7,000",18 February 2026
2012,HYUNDAI,I40,Elite VF,Sedan,Automatic,Diesel,188997,5.0,KMHLC41UMDU019070,No plates,Unregistered,4,1.7,White,Black Leather,Yes,Yes,Yes,No,Yes,QLD,https://www.grays.com/lot/0001-50517806/motor-vehicles-motor-cycles/2012-hyundai-i40-elite-vf-turbo-diesel-automatic-sedan,"Dents or marks on body consistent with age and kilometres.
Front Seat worn Both
Large Scuff on Front bumper,
Airbag light ON",62,"$5,300",18 February 2026
2017,TOYOTA,Camry,Atara S ASV50R,Sedan,Automatic,Petrol,124625,5.0,6T1BF3FK40X118075,No plates,Unregistered,4,2.5,Red,Black,Yes,Yes,Yes,Partial,Yes,QLD,https://www.grays.com/lot/0001-50517804/motor-vehicles-motor-cycles/2017-toyota-camry-atara-s-asv50r-automatic-sedan,"Front Seat worn Rhf
Dents or marks on body consistent with age and kilometres.
Paint peeling LHF door handle
Medium Dent on RHR door and guard",141,"$12,400",18 February 2026
2016,RENAULT,Megane,GT,Hatchback,Automatic,Petrol,67925,5.0,VF1RFB006G0749864,AXG707,14-05-2026,4,1.6,Dark Blue,Multi,Yes,Yes,Yes,Yes,Yes,VIC,https://www.grays.com/lot/0001-21063101/motor-vehicles-motor-cycles/2016-renault-megane-gt-automatic-hatchback,"Dents or marks on body consistent with age and kilometres.
Medium Scratch on Rear bumper",201,"$13,160",19 February 2026
2016,HYUNDAI,Accent,Active RB,Hatchback,CVT,Petrol,138816,5.0,KMHCT51BTHU330665,1KJ1JN,07-06-2026,4,1.4,Red,Black,Yes,Yes,Yes,Yes,Yes,VIC,https://www.grays.com/lot/0001-21063100/motor-vehicles-motor-cycles/2016-hyundai-accent-active-rb-cvt-hatchback,"Dents or marks on body consistent with age and kilometres.
Paint peeling, Medium scratches Around vehicle",72,"$6,010",19 February 2026
2015,HOLDEN,Cruze,CDX JH,Sedan,Automatic,Petrol,80843,5.0,6G1PE5EM7FL132460,1ES1VR,10-03-2026,4,1.8,Black,Black Leather,Yes,Yes,Yes,Partial,Yes,VIC,https://www.grays.com/lot/0001-21063099/motor-vehicles-motor-cycles/2015-holden-cruze-cdx-jh-automatic-sedan,Dents or marks on body consistent with age and kilometres.,49,"$4,009",19 February 2026
2004,MAZDA,6,Classic GG,Hatchback,Automatic,Petrol,224388,5.0,JM0GG103100164892,1JL5CJ,16-02-2026,4,2.3,Purple,Grey,Yes,Yes,Yes,Partial,Yes,VIC,https://www.grays.com/lot/0001-21063092/motor-vehicles-motor-cycles/2004-mazda-6-classic-gg-automatic-hatchback,"Paint fading Around vehicle
Medium Scratch on Around vehicle",28,"$2,390",19 February 2026
2004,NISSAN,Pulsar,ST N16,Sedan,Automatic,Petrol,73725,5.0,JN1CBAN16A0091279,1IJ4GU,24-04-2026,4,1.8,Gold,Grey,Yes,Yes,Yes,Yes,Yes,VIC,https://www.grays.com/lot/0001-21063089/motor-vehicles-motor-cycles/2004-nissan-pulsar-st-n16-automatic-sedan,"Dents or marks on body consistent with age and kilometres.
Medium Scratches Around vehicle",70,"$4,609",19 February 2026
2017,HYUNDAI,Accent,Sport RB,Sedan,Automatic,Petrol,201193,5.0,KMHCT41EMJU410991,1WO9AN,27-09-2026,4,1.6,Grey,Grey,Yes,Yes,Yes,Partial,Yes,VIC,https://www.grays.com/lot/0001-21063088/motor-vehicles-motor-cycles/2017-hyundai-accent-sport-rb-automatic-sedan,Dents or marks on body consistent with age and kilometres.,90,"$5,900",19 February 2026
2000,TOYOTA,Corolla,Ascent AE112R,Hatchback,Automatic,Petrol,105761,5.0,JT764AEB200048460,No plates,Unregistered,4,1.8,Red,Grey,Yes,No,Yes,No,Yes,VIC,https://www.grays.com/lot/0001-21063086/motor-vehicles-motor-cycles/2000-toyota-corolla-ascent-ae112r-automatic-hatchback,"Carpet worn in places.
Dents or marks on body consistent with age and kilometres.
Medium Scratches Around vehicle
Driver Seat Stains",36,"$2,709",19 February 2026
2011,HYUNDAI,Iload,TQ,Van,Manual,Petrol,121517,3.0,KMFWBX7RLCU412058,YUW791,23-12-2025,4,2.4,White,Grey,Yes,No,No,Partial,Yes,VIC,https://www.grays.com/lot/0001-21063083/motor-vehicles-motor-cycles/2011-hyundai-iload-tq-manual-van,"Medium Scratch on Around vehicle
Large Dent on Rear quarter panel passenger side
Large Scuff on Front bumper",48,"$4,500",19 February 2026
2014,FORD,Mondeo,LX MC,Wagon,Automatic,Diesel,202919,5.0,WF0GXXGBBGEY29788,1BS5GU,14-05-2026,4,2.0,White,Black,Yes,Yes,Yes,Partial,Yes,VIC,https://www.grays.com/lot/0001-21063080/motor-vehicles-motor-cycles/2014-ford-mondeo-lx-mc-turbo-diesel-automatic-wagon,"Dents or marks on body consistent with age and kilometres.
Rear View Mirror Broken",38,"$2,900",19 February 2026
2021,NISSAN,Navara,4X4 SL Series 4,Crew Cab Chassis,Manual,Diesel,185948,5.0,MNTCBND23A0005791,YKZ26G,Unregistered,4,2.3,White,Black,Yes,Yes,Yes,Partial,Yes,VIC,https://www.grays.com/lot/0001-21063074/motor-vehicles-motor-cycles/2021-nissan-navara-4x4-sl-series-4-turbo-diesel-manual-crew-cab-chassis,Dents or marks on body consistent with age and kilometres.,143,"$21,200",19 February 2026
2013,VOLKSWAGEN,Tiguan,132 TSI PACIFIC 5N,Wagon,Automatic,Petrol,131872,5.0,WVGZZZ5NZDW067273,1MG1DP,27-03-2026,4,2.0,Black,Black,Yes,No,No,Partial,Yes,VIC,https://www.grays.com/lot/0001-21063071/motor-vehicles-motor-cycles/2013-volkswagen-tiguan-132-tsi-pacific-5n-automatic-wagon,"Seat Torn Burn hole passenger seat
Medium Dent on Around vehicle
Paint peeling Tailgate",51,"$3,950",19 February 2026
2005,MERCEDES,Benz,C-Class C180 Kompressor,Coupe,Automatic,Petrol,228950,4.0,WBD2037462A808806,AEV783,Unregistered,4,1.8,Red,Black,Yes,Yes,Yes,Partial,Yes,VIC,https://www.grays.com/lot/0001-21063070/motor-vehicles-motor-cycles/2005-mercedes-benz-c-class-c180-kompressor-automatic-coupe,"Medium Scratch on Around vehicle
Paint peeling Around vehicle
Engine light ON
Dents or marks on body consistent with age and kilometres.",23,"$1,509",19 February 2026
2012,SKODA,Fabia,77TSI 5JF,Hatchback,Manual,Petrol,186219,5.0,TMBFN65J6C3187912,ZGB238,21-02-2026,4,1.2,Black,Black,Yes,Yes,Yes,Partial,Yes,VIC,https://www.grays.com/lot/0001-21063069/motor-vehicles-motor-cycles/2012-skoda-fabia-77tsi-5jf-manual-hatchback,"Dents or marks on body consistent with age and kilometres.
Other Warning light ON",21,"$2,009",19 February 2026
2017,NISSAN,Qashqai,TI J11 II,Wagon,CVT,Petrol,188872,5.0,SJNFBAJ11AZ038355,ANZ525,07-04-2026,4,2.0,Black,Black Leather,Yes,Yes,Yes,Partial,Yes,VIC,https://www.grays.com/lot/0001-21063068/motor-vehicles-motor-cycles/2017-nissan-qashqai-ti-j11-ii-cvt-wagon,"Seat Torn Drivers
Dents or marks on body consistent with age and kilometres.
Large Dent on Front left fender
Medium Scratch on Around vehicle
Paint fading on various panels
Door Mirror Broken housing on passenger side",77,"$6,500",19 February 2026
2012,TOYOTA,Camry,Altise ASV50R,Sedan,Automatic,Petrol,244825,5.0,6T1BF3FK60X006278,1EX1TT,15-04-2026,4,2.5,White,Grey,Yes,Yes,Yes,Partial,Yes,VIC,https://www.grays.com/lot/0001-21063067/motor-vehicles-motor-cycles/2012-toyota-camry-altise-asv50r-automatic-sedan,"Paint fading Bonnet
Front bumper Cracked bumper.
Medium Dent on Driver side back door
Medium Scratch on door panel
Dents or marks on body consistent with age and kilometres.",86,"$6,551",19 February 2026
2016,HYUNDAI,Accent,Active RB,Hatchback,CVT,Petrol,138020,5.0,KMHCT51BTGU276492,1HE6SC,15-04-2026,4,1.4,White,Black,Yes,Yes,Yes,Yes,Yes,VIC,https://www.grays.com/lot/0001-21063066/motor-vehicles-motor-cycles/2016-hyundai-accent-active-rb-cvt-hatchback,"Dents or marks on body consistent with age and kilometres.
Paint peeling Around vehicle",68,"$5,610",19 February 2026
2012,FORD,Falcon,XT FG II,Sedan,Automatic,Lpg,151509,5.0,6FPAAAJGSWCK82269,ZJE051,15-04-2026,6,4.0,Silver,Black,Yes,No,Yes,No,Yes,VIC,https://www.grays.com/lot/0001-21063065/motor-vehicles-motor-cycles/2012-ford-falcon-xt-fg-ii-automatic-sedan,"Controls Broken Drivers window switch panel
Medium Scratch on Around vehicle",43,"$3,409",19 February 2026
2016,HOLDEN,Cruze,Z SERIES JH,Sedan,Automatic,Petrol,182174,5.0,6G1PE5EM2GL241927,1HQ2SG,01-02-2026,4,1.8,Grey,Black Leather,Yes,Yes,Yes,Partial,Yes,VIC,https://www.grays.com/lot/0001-21063058/motor-vehicles-motor-cycles/2016-holden-cruze-z-series-jh-automatic-sedan,"Engine light ON
Dents or marks on body consistent with age and kilometres.",30,"$2,525",19 February 2026
2014,MAZDA,3,Neo BM,Hatchback,Automatic,Petrol,286258,5.0,JM0BM547810117209,1BN8KO,17-04-2026,4,2.0,Blue,Black,Yes,Yes,Yes,Partial,Yes,VIC,https://www.grays.com/lot/0001-21063055/motor-vehicles-motor-cycles/2014-mazda-3-neo-bm-automatic-hatchback,"Dents or marks on body consistent with age and kilometres.
Body/panel damage Rear right quarter panel",65,"$5,800",19 February 2026
2014,DODGE,Journey,SXT,People Mover,Automatic,Petrol,174236,7.0,3C4PDCJGXET274736,1UO5OF,13-09-2026,6,3.6,White,Black,Yes,Yes,Yes,Partial,Yes,VIC,https://www.grays.com/lot/0001-21063052/motor-vehicles-motor-cycles/2014-dodge-journey-sxt-automatic-7-seats-people-mover,"Dents or marks on body consistent with age and kilometres.
Paint fading Around vehicle
Other Warning light ON",26,"$2,610",19 February 2026
2016,MITSUBISHI,Pajero,SPORT GLS QE,Wagon,Automatic,Diesel,143457,7.0,MMAGUKS10GH005310,No plates,Unregistered,4,2.4,White,Black Leather,Yes,Yes,Yes,No,Yes,VIC,https://www.grays.com/lot/0001-21063016/motor-vehicles-motor-cycles/2016-mitsubishi-pajero-sport-gls-qe-turbo-diesel-automatic,"Medium Scratch on Around vehicle
Other Warning light ON
Windscreen Chipped or Cracked.
Seat Torn Driver seat",143,"$15,100",19 February 2026
2014,MAZDA,3,Maxx BM,Sedan,Automatic,Petrol,392924,5.0,JM0BM527810120650,1BP3UE,02-05-2026,4,2.0,Dark Blue,Black,Yes,Yes,Yes,Partial,Yes,VIC,https://www.grays.com/lot/0001-21062880/motor-vehicles-motor-cycles/2014-mazda-3-maxx-bm-automatic-sedan,"Medium Dents, Scratches Around vehicle
Windscreen Chipped.
Comment: Headunit requires attentionSteering wheel worn
Comment: Headunit requires attention
Steering wheel worn",76,"$7,300",19 February 2026
2016,KIA,Optima,GT JF,Sedan,Automatic,Petrol,235746,5.0,KNAGV412MG5109678,Unable to locate,Unregistered,4,2.0,Black,Black Leather,Yes,Yes,Yes,Yes,Yes,NSW,https://www.grays.com/lot/0001-10500711/motor-vehicles-motor-cycles/2016-kia-optima-gt-jf-automatic-sedan,"Body/panel damage Right rear passenger door and rear gaurd
Dents or marks on body consistent with age and kilometres.
Engine noise observed.
Engine light ON
Dents or marks on body consistent with age and kilometres.",59,"$3,809",19 February 2026
2008,TOYOTA,Yaris,YRX NCP93R,Sedan,Automatic,Petrol,308477,5.0,JTDBT923901258278,1XO5DB,11-04-2026,4,1.5,Red,Grey,Yes,No,Yes,Partial,Yes,VIC,https://www.grays.com/lot/0001-21063097/motor-vehicles-motor-cycles/2008-toyota-yaris-yrx-ncp93r-automatic-sedan,"Stains on front seats.
Passeneger Door Mirror Cap Broken
Corrosion visible Rhr roof
Medium Scratches, Paint peeling on various panels",44,"$2,500",19 February 2026
2012,MAZDA,3,Neo BL,Sedan,Manual,Petrol,108416,5.0,JM0BL10F200323012,YXH369,16-11-2026,4,2.0,Red,Black,Yes,No,Yes,Partial,Yes,VIC,https://www.grays.com/lot/0001-21063096/motor-vehicles-motor-cycles/2012-mazda-3-neo-bl-manual-sedan,"Paint peeling, Medium Scratches Various Panels
Dents or marks on body consistent with age and kilometres.",64,"$3,809",19 February 2026
2007,FORD,Falcon,XT BF II,Sedan,Automatic,Petrol,344657,5.0,6FPAAAJGSW7U38124,2BL4AM,17-01-2026,6,4.0,Silver,Grey,Yes,No,Yes,Partial,Yes,VIC,https://www.grays.com/lot/0001-21063090/motor-vehicles-motor-cycles/2007-ford-falcon-xt-bf-ii-automatic-sedan,"Hood Lining Sagging
Paint fading Around vehicle
Dents or marks on body consistent with age and kilometres.
Medium Scuff on Around vehicle
Medium Dent on Rear bumper
Damaged Right rear taillight
Damaged headlight",13,$909,19 February 2026
2010,RENAULT,Koleos,Privilege,Wagon,CVT,Petrol,305289,5.0,VF1VY0C0VAC338837,1YP7BL,11-03-2026,4,2.5,Grey,Black Leather,Yes,Yes,Yes,Partial,Yes,VIC,https://www.grays.com/lot/0001-21063084/motor-vehicles-motor-cycles/2010-renault-koleos-privilege-cvt-wagon,"Dents or marks on body consistent with age and kilometres.
Paint fading Mirrors",10,"$1,409",19 February 2026
2008,HOLDEN,Commodore,Omega VE,Wagon,Automatic,Petrol,241103,5.0,6G1EK85BX9L199106,WNJ197,24-01-2026,6,3.6,Silver,Black,Yes,Yes,Yes,Partial,Yes,VIC,https://www.grays.com/lot/0001-21063082/motor-vehicles-motor-cycles/2008-holden-commodore-omega-ve-automatic-wagon,"Dents or marks on body consistent with age and kilometres.
Medium Scratch on Front bumper
Medium Dent on Rear bumper
Body/panel damage Rear right wheel arch
Hood Lining Sagging
Front Seat worn driver side
Engine light ON
Paint cracked on various panels",13,"$1,009",19 February 2026
2002,NISSAN,Maxima,ST A33,Sedan,Automatic,Petrol,203208,5.0,JN1CCUA33A0111025,RZM348,17-06-2026,6,3.0,Blue,Grey,Yes,Yes,Yes,Partial,Yes,VIC,https://www.grays.com/lot/0001-21063081/motor-vehicles-motor-cycles/2002-nissan-maxima-st-a33-automatic-sedan,"Dents or marks on body consistent with age and kilometres.
Large Scratch on Rear right door",16,"$1,309",19 February 2026
2016,HOLDEN,Astra,RS-V BK,Hatchback,Manual,Petrol,50343,5.0,W0LBF6EH5HG033845,ALP306,Unregistered,4,1.6,Silver,Black Leather,Yes,Yes,Yes,No,Yes,VIC,https://www.grays.com/lot/0001-21063079/motor-vehicles-motor-cycles/2016-holden-astra-rs-v-bk-manual-hatchback,"Medium Scratch on Around vehicle
Large Scuff on Rear bumper
Dents or marks on body consistent with age and kilometres.
Front bumper Cracked bumper.",88,"$6,400",19 February 2026
2008,VOLVO,Xc90,D5,Wagon,Automatic,Diesel,400003,7.0,YV1CZ714681486351,WTG539,08-01-2026,5,2.4,Silver,Black Leather,Yes,Yes,No,Partial,Yes,VIC,https://www.grays.com/lot/0001-21063062/motor-vehicles-motor-cycles/2008-volvo-xc90-d5-turbo-diesel-automatic-7-seats-wagon,"Front Seats worn
Medium Scratches Around vehicle
Large Dents, Paint peeling Around vehicle
Dents or marks on body consistent with age and kilometres.
Paint cracked rear bumper",2,$500,19 February 2026
2011,MAZDA,3,SP25 BL,Hatchback,Manual,Petrol,237398,5.0,JM0BL10L100213988,2EE4KU,21-02-2026,4,2.5,Silver,Black Leather,Yes,Yes,No,No,Yes,VIC,https://www.grays.com/lot/0001-21063061/motor-vehicles-motor-cycles/2011-mazda-3-sp25-bl-manual-hatchback,"Front Seat worn Drivers
Windscreen Chipped or Cracked.
Dents or marks on body consistent with age and kilometres.
Paint fading Roof
Medium Scratch on Around vehicle",35,"$2,600",19 February 2026
2012,FORD,Territory,Titanium SZ,Wagon,Automatic,Diesel,289033,7.0,6FPAAAJGATCA71497,1ZT9MW,30-04-2026,6,2.7,Blue,Black Leather,Yes,Yes,No,Partial,Yes,VIC,https://www.grays.com/lot/0001-21063060/motor-vehicles-motor-cycles/2012-ford-territory-titanium-sz-turbo-diesel-automatic-7-seats-wagon,"Medium Scratch on Boot
Body/panel damage Rear bumper
Hood Lining Sagging
Front Seat worn driver side
Dents or marks on body consistent with age and kilometres.",48,"$3,100",19 February 2026
2015,HYUNDAI,I30,Active GD,Hatchback,Manual,Petrol,202366,5.0,KMHD251ELGU257106,1EK5FR,28-04-2026,4,1.8,White,Black,Yes,Yes,Yes,Yes,Yes,VIC,https://www.grays.com/lot/0001-21063059/motor-vehicles-motor-cycles/2015-hyundai-i30-active-gd-manual-hatchback,"Windscreen Chipped or Cracked.
Dents or marks on body consistent with age and kilometres.
Medium Scuff on Around vehicle",29,"$2,900",19 February 2026
2012,ALFA,Romeo,Giulietta QV,Hatchback,Manual,Petrol,173647,5.0,ZAR94000007188853,1XH4MN,10-02-2026,4,1.7,White,Black Leather,Yes,Yes,Yes,Yes,Yes,VIC,https://www.grays.com/lot/0001-21063056/motor-vehicles-motor-cycles/2012-alfa-romeo-giulietta-qv-manual-hatchback,"Paint cracked Rear bumper
Medium Scuff on Around vehicle",38,"$3,400",19 February 2026
2014,JAGUAR,Xf,2.0P LUXURY,Sedan,Automatic,Petrol,101203,5.0,SAJAC04M5EPU33337,2DR4BI,28-05-2026,4,2.0,Silver,Black Leather,Yes,No,Yes,Yes,Yes,VIC,https://www.grays.com/lot/0001-21063054/motor-vehicles-motor-cycles/2014-jaguar-xf-2-0p-luxury-automatic-8-speed-sedan,"Dents or marks on body consistent with age and kilometres.
Engine light ON",94,"$8,300",19 February 2026
2016,LDV,G10,,People Mover,Automatic,Petrol,159556,9.0,LSKG4AL14GA415754,No plates,Unregistered,4,2.0,White,Cream Leather,Yes,No,Yes,Partial,Yes,VIC,https://www.grays.com/lot/0001-21063044/motor-vehicles-motor-cycles/2016-ldv-g10-9-seat-automatic-9-seats-people-mover,"Dents or marks on body consistent with age and kilometres.
Other Warning light ON
Front Seat worn drivers
Seat Torn drivers
Medium Dent on boot and door panel",79,"$6,800",18 February 2026
2017,LAND,Rover,DISCOVERY SPORT TD4 150 SE TD 9,Wagon,Automatic,Diesel,132162,7.0,SALCA2AN1HH703855,AOZ768,27-07-2026,4,2.0,White,Black Leather,Yes,Yes,Yes,Partial,Yes,VIC,https://www.grays.com/lot/0001-21063022/motor-vehicles-motor-cycles/2017-land-rover-discovery-sport-td4-150-se-td-9-auto-7-seats-wagon,Dents or marks on body consistent with age and kilometres.,111,"$14,800",18 February 2026
2017,HYUNDAI,I30,Active PD,Hatchback,Automatic,Petrol,147268,5.0,KMHH351EMJU039086,APH292,18-12-2026,4,2.0,Grey,Black,Yes,Yes,Yes,Yes,Yes,VIC,https://www.grays.com/lot/0001-21063021/motor-vehicles-motor-cycles/2017-hyundai-i30-active-pd-automatic-hatchback,Dents or marks on body consistent with age and kilometres.,119,"$12,300",18 February 2026
2018,ISUZU,D-max,4X2 SX Hi-Ride Dual,Dual Cab,Automatic,Diesel,64738,5.0,MPATFR85JJT003961,1MZ3MT,30-06-2026,4,3.0,White,Grey,Yes,Yes,Yes,Yes,Yes,VIC,https://www.grays.com/lot/0001-21062968/motor-vehicles-motor-cycles/2018-isuzu-d-max-4x2-sx-hi-ride-turbo-diesel-automatic-dual-cab-ex-gov,Dents or marks on body consistent with age and kilometres.,225,"$19,600",18 February 2026
2013,TOYOTA,Corolla,LEVIN ZR ZRE182R,Hatchback,CVT,Petrol,163206,5.0,JTNKU3JE30J037543,No plates,Unregistered,4,1.8,Orange,Black Leather,Yes,Yes,No,Yes,Yes,SA,https://www.grays.com/lot/0001-60050156/motor-vehicles-motor-cycles/2013-toyota-corolla-levin-zr-zre182r-cvt-hatchback,Please refer to the photos or arrange inspection to view the condition of this vehicle.,148,"$11,602",18 February 2026
2007,HOLDEN,Berlina,VE,Sedan,Automatic,Petrol,168986,5.0,6G1EL54B88L982470,UZT778,30-03-2026,6,3.6,Grey,Grey,Yes,Yes,Yes,Partial,Yes,VIC,https://www.grays.com/lot/0001-21063053/motor-vehicles-motor-cycles/2007-holden-berlina-ve-automatic-sedan,"Medium Scratch on Around vehicle
Engine light ON
Door card Damaged.",20,"$1,409",19 February 2026
2003,HONDA,Cr-v,RD,Wagon,Automatic,Petrol,350842,5.0,JHLRD78403C210299,SLD166,04-09-2026,4,2.4,Black,Grey,Yes,Yes,No,No,Yes,VIC,https://www.grays.com/lot/0001-21063050/motor-vehicles-motor-cycles/2003-honda-cr-v-rd-automatic-wagon,"Airbag light ON
Dents or marks on body consistent with age and kilometres.
Medium Scratch on Around vehicle",13,"$1,209",19 February 2026
2005,FORD,Territory,TX SX,Wagon,Automatic,Petrol,264417,5.0,6FPAAAJGAT5P52321,TJO675,28-04-2026,6,4.0,White,Grey,Yes,No,Yes,No,Yes,VIC,https://www.grays.com/lot/0001-21063049/motor-vehicles-motor-cycles/2005-ford-territory-tx-sx-automatic-wagon,"Medium Scratch on Around vehicle
Corrosion visible Around vehicle
Windscreen Chipped or Cracked.
Hood Lining Sagging
Dents or marks on body consistent with age and kilometres.
Paint fading roof",15,$909,19 February 2026
2011,MERCEDES,Benz,B-CLASS B200 CDI BE W246 7,Hatchback,Automatic,Diesel,176689,5.0,WDDMH0BB7CJ015558,2DQ9KQ,02-03-2026,4,1.8,White,Black Leather,Yes,Yes,Yes,Partial,Yes,VIC,https://www.grays.com/lot/0001-21063034/motor-vehicles-motor-cycles/2011-mercedes-benz-b-class-b200-cdi-be-w246-turbo-diesel-7-auto-hatchback,"Paint fading Door frame
Front Seat worn driver side
Dents or marks on body consistent with age and kilometres.",56,"$4,400",19 February 2026
2014,RENAULT,Captur,Dynamique,Wagon,Automatic,Petrol,125495,5.0,VF12R401EE0710357,AGP763,09-03-2026,4,1.2,Black,Grey,Yes,Yes,No,No,Yes,VIC,https://www.grays.com/lot/0001-21063014/motor-vehicles-motor-cycles/2014-renault-captur-dynamique-automatic-wagon,"Transmission Requires attention Strongly recommend inspection by qualified third party
Medium Scratch on Around vehicle",62,"$3,709",19 February 2026
2007,CITROEN,C4,1.6,Hatchback,Manual,Petrol,208007,5.0,VF7LCRFJC74754611,No plates,Unregistered,4,1.6,White,Black,Yes,No,No,No,Yes,QLD,https://www.grays.com/lot/0001-50714583/motor-vehicles-motor-cycles/2007-citroen-c4-1-6-manual-hatchback,"Engine light ON
Hood Lining Sagging
Gear Knob Broken
Door card Damaged.
Dents or marks on body consistent with age and kilometres.
Paint peeling Bonnet, mirrors and roof
Medium Dent on Lh cant rail and RHR door
Large Dent on RHR guard
Door Mirror Broken Lhs",4,$309,18 February 2026
2018,FORD,Endura,TREND AWD,Wagon,Automatic,Diesel,130419,5.0,2FMTK5JAXKBB39190,No plates,Unregistered,4,2.0,Bronze,Black,Yes,Yes,No,No,Yes,QLD,https://www.grays.com/lot/0001-50714569/motor-vehicles-motor-cycles/2018-ford-endura-trend-awd-turbo-diesel-automatic-8-speed-wagon,"Dents or marks on body consistent with age and kilometres.
Front Seat worn Both",74,"$10,400",18 February 2026
2015,LAND,Rover,Discovery 3.0 TDV6 Series 4 -8 Spd 7 Sts,Wagon,Automatic,Diesel,315719,7.0,SALLAAAN5FA774281,No plates,Unregistered,6,3.0,Dark Grey,Black Leather,Yes,Yes,Yes,Partial,Yes,QLD,https://www.grays.com/lot/0001-50714568/motor-vehicles-motor-cycles/2015-land-rover-discovery-3-0-tdv6-series-4-turbo-diesel-8-spd-7-sts-wagon,"Medium Scratch on LHR quarter panel
Large Scuff on LHF guard
Hood Lining Sagging
Medium Dent on LHR quarter panel
Dents or marks on body consistent with age and kilometres.",68,"$5,200",18 February 2026
2018,TOYOTA,Prado,150 series 4WD,Wagon,Automatic,Diesel,235152,7.0,JTEBR3FJ60K092294,No plates,Unregistered,4,2.8,,,Yes,No,No,No,Yes,QLD,https://www.grays.com/lot/0001-50714567/motor-vehicles-motor-cycles/2018-toyota-prado-150-series-4wd-automatic-wagon,Interior Damage: Aircon not working. Console lid torn. Drivers seat broken; Exterior Damage: Sun damage. Several dents and scrapes. Broekn right rear light.; Engine & Mechanical: Headlight malfunction light on,49,"$17,616",18 February 2026
2007,LAND,Rover,Freelander 2 Si6 SE,Wagon,Automatic,Petrol,185803,5.0,SALFA23A77H021522,No plates,Unregistered,6,3.2,Grey,Black Leather,Yes,Yes,No,No,Yes,QLD,https://www.grays.com/lot/0001-50714565/motor-vehicles-motor-cycles/2007-land-rover-freelander-2-si6-se-automatic-wagon,"Steering requires attention.
Transmission requires attention
Dents or marks on body consistent with age and kilometres.
Dash Torn or Cracked
Medium Scratch on RHR door",4,$309,18 February 2026
2013,NISSAN,Patrol,DX Turbo Leaf GU,Cab Chassis,Manual,Diesel,259391,2.0,JN1UETY61A0600054,No plates,Unregistered,4,3.0,White,Grey,Yes,Yes,Yes,Partial,Yes,QLD,https://www.grays.com/lot/0001-50714559/motor-vehicles-motor-cycles/2013-nissan-patrol-dx-turbo-leaf-cab-gu-turbo-diesel-manual-cab-chassis,"Dents or marks on body consistent with age and kilometres.
Driveline requires attention, recommend inspection by qualified third party",94,"$13,000",18 February 2026
2016,MAZDA,Cx-9,TOURING AWD TC,Wagon,Automatic,Petrol,175595,7.0,JM0TC4WLA00102048,No plates,Unregistered,4,2.5,Black,Black Leather,Yes,No,Yes,No,Yes,QLD,https://www.grays.com/lot/0001-50714523/motor-vehicles-motor-cycles/2016-mazda-cx-9-touring-awd-tc-automatic-7-seats-wagon,"Dents or marks on body consistent with age and kilometres.
Medium Scratch on LHR door
Medium Dent on LHR guard
Paint peeling Bonnet and rear door
Other Warning light ON",104,"$9,700",18 February 2026
2015,NISSAN,Pathfinder,ST R52,Wagon,CVT,Petrol,169507,7.0,5N1AR2MM8FC664102,No plates,Unregistered,6,3.5,White,Black,Yes,Yes,Yes,Partial,Yes,QLD,https://www.grays.com/lot/0001-50714516/motor-vehicles-motor-cycles/2015-nissan-pathfinder-st-r52-cvt-7-seats-wagon,"Paint peeling Bonnet
Paint peeling Bonnet
Dents or marks on body consistent with age and kilometres.
Dents or marks on body consistent with age and kilometres.",56,"$5,200",18 February 2026
2010,NISSAN,Navara,ST (4x4) D40 Dual,Dual Cab,Automatic,Diesel,191133,5.0,MNTVCUD40A0011333,No plates,Unregistered,4,2.5,White,Black,Yes,No,Yes,No,Yes,QLD,https://www.grays.com/lot/0001-50714510/motor-vehicles-motor-cycles/2010-nissan-navara-st-4x4-d40-turbo-diesel-automatic-dual-cab,"Dents or marks on body consistent with age and kilometres.
Medium Scratch on LHF guard
Other Warning light ON
Seat Torn driver side",19,"$3,409",18 February 2026
2015,MERCEDES,Benz,A-Class A200 W176,Hatchback,Automatic,Petrol,160776,5.0,WDD1760432V122369,1XO9VX,12-02-2026,4,1.6,Grey,Black,Yes,No,No,No,Yes,VIC,https://www.grays.com/lot/0001-21063042/motor-vehicles-motor-cycles/2015-mercedes-benz-a-class-a200-w176-automatic-hatchback,"Medium Scratch on Around vehicle
Engine light ON
Seat Torn Driver seat
Medium Dent on panel near windscreen
Dents or marks on body consistent with age and kilometres.",83,"$6,650",18 February 2026
2007,FORD,Territory,TX SY,Wagon,Automatic,Petrol,292046,5.0,6FPAAAJGAT7M40849,WDY713,14-12-2026,6,4.0,Black,Tan Leather,Yes,No,Yes,Partial,Yes,VIC,https://www.grays.com/lot/0001-21063033/motor-vehicles-motor-cycles/2007-ford-territory-tx-sy-automatic-wagon,"Hood Lining Sagging
Door card Worn.
Large Scratch on Around vehicle
Paint cracked Bonnet
Windscreen Chipped or Cracked.",20,"$1,509",18 February 2026
2013,NISSAN,Pathfinder,ST-L R52,Wagon,CVT,Petrol,226615,7.0,5N1AR2MM6EC603328,1LZ6LZ,30-01-2026,6,3.5,Blue,Black Leather,Yes,No,Yes,Partial,Yes,VIC,https://www.grays.com/lot/0001-21063032/motor-vehicles-motor-cycles/2013-nissan-pathfinder-st-l-r52-cvt-7-seats-wagon,"Dents or marks on body consistent with age and kilometres.
Medium Scratch on Front bumper",67,"$4,109",18 February 2026
2015,HOLDEN,Sportwagon,CALAIS V VF,Wagon,Automatic,Petrol,162877,5.0,6G1FJ8E39FL122156,1ER3XZ,15-01-2026,6,3.6,Silver,Black Leather,Yes,Yes,Yes,Yes,Yes,VIC,https://www.grays.com/lot/0001-21063025/motor-vehicles-motor-cycles/2015-holden-sportwagon-calais-v-vf-automatic-wagon,Dents or marks on body consistent with age and kilometres.,102,"$10,100",18 February 2026
2012,VOLKSWAGEN,Golf,118TSI Comfortline A6,Hatchback,Automatic,Petrol,92053,5.0,WVWZZZ1KZCW299373,ZCC385,28-06-2026,4,1.4,Silver,Black Leather,Yes,Yes,Yes,Yes,Yes,VIC,https://www.grays.com/lot/0001-21063020/motor-vehicles-motor-cycles/2012-volkswagen-golf-118tsi-comfortline-a6-automatic-hatchback,"Hood Lining Sagging
Medium Scuff on Around vehicle",68,"$5,100",18 February 2026
2012,MAZDA,Cx-5,Maxx Sport KE,Wagon,Automatic,Diesel,265615,5.0,JM0KE102100127580,1DW9TA,30-01-2027,4,2.2,White,Black,Yes,Yes,Yes,Partial,Yes,VIC,https://www.grays.com/lot/0001-21063018/motor-vehicles-motor-cycles/2012-mazda-cx-5-maxx-sport-ke-turbo-diesel-automatic-wagon,Dents or marks on body consistent with age and kilometres,111,"$7,701",18 February 2026
2020,TOYOTA,Hilux,4X2 WORKMATE TGN121R,Cab Chassis,Automatic,Petrol,191851,2.0,MR0EX3CB101131465,1RW5BW,16-06-2026,4,2.7,White,Grey,Yes,Yes,Yes,Yes,Yes,VIC,https://www.grays.com/lot/0001-21062998/motor-vehicles-motor-cycles/2020-toyota-hilux-4x2-workmate-tgn121r-automatic-cab-chassis,"Medium Scratch on Around vehicle
Front Seat worn Driver seat
Carpet worn in places.",80,"$15,100",18 February 2026
2012,MAZDA,3,Neo BL,Sedan,Automatic,Petrol,139565,5.0,JM0BL10F200342338,No Plates,Unregistered,4,2.0,Grey,Black,Yes,No,Yes,Yes,Yes,VIC,https://www.grays.com/lot/0001-21062996/motor-vehicles-motor-cycles/2012-mazda-3-neo-bl-automatic-sedan,"Carpet worn in places.
Door Mirror Broken housing passenger side
Dents or marks on body consistent with age and kilometres.",66,"$6,209",18 February 2026
2007,FORD,Falcon,XL BF II,Cab Chassis,Automatic,Lpg,208979,3.0,6FPAAAJGCM7P44682,1KJ7YA,30-01-2026,6,4.0,Black,Black,Yes,Yes,Yes,Partial,Yes,VIC,https://www.grays.com/lot/0001-21062988/motor-vehicles-motor-cycles/2007-ford-falcon-xl-bf-ii-automatic-cab-chassis,"Seat Torn Passenger seat
Dents or marks on body consistent with age and kilometres.",53,"$3,850",18 February 2026
2012,JEEP,Patriot,Sport MK,Wagon,CVT,Petrol,160947,5.0,1C4NJPDAXDD159623,1YM1AQ,18-02-2026,4,2.0,White,Grey,Yes,Yes,Yes,Partial,Yes,VIC,https://www.grays.com/lot/0001-21062970/motor-vehicles-motor-cycles/2012-jeep-patriot-sport-mk-cvt-wagon,"Noisy drivetrain.
Transmission requires attention
Medium Scuff on Around vehicle
Dents or marks on body consistent with age and kilometres.",9,$809,18 February 2026
2006,LEXUS,Rx,RX400h GSU35R,Wagon,CVT,Hybrid,214390,5.0,JTJHW31U702012054,XAD952,19-05-2026,6,3.3,Blue,Beige Leather,Yes,No,Yes,Partial,Yes,VIC,https://www.grays.com/lot/0001-21062967/motor-vehicles-motor-cycles/2006-lexus-rx-rx400h-gsu35r-cvt-wagon,"Medium Scratch on Around vehicle
Medium Dent on Around vehicle
Seat Torn Driver seat",41,"$3,000",18 February 2026
2011,HOLDEN,Captiva,7 SX 2WD CG II,Wagon,Automatic,Diesel,216533,7.0,KL3CA266JBB032145,1DO9NF,15-04-2026,4,2.2,Blue,Grey,Yes,No,Yes,No,Yes,VIC,https://www.grays.com/lot/0001-21062965/motor-vehicles-motor-cycles/2011-holden-captiva-7-sx-2wd-cg-ii-turbo-diesel-automatic-7-seats-wagon,"Engine noise observed.
Seat Torn Drivers
Dents or marks on body consistent with age and kilometres.
Medium Scratch on Around vehicle",12,"$1,109",18 February 2026
2013,HYUNDAI,I30,Elite GD,Hatchback,Automatic,Petrol,256665,5.0,KMHD351EMDU090805,ZSU761,21-05-2026,4,1.8,Silver,Black,Yes,Yes,No,Partial,Yes,VIC,https://www.grays.com/lot/0001-21062964/motor-vehicles-motor-cycles/2013-hyundai-i30-elite-gd-automatic-hatchback,Medium Scuff on Around vehicle,71,"$5,300",18 February 2026
2014,KIA,Cerato,S PREMIUM YD,Hatchback,Automatic,Petrol,180023,5.0,KNAFK516MF5307450,1OU4XP,12-05-2026,4,1.8,White,Black,Yes,Yes,Yes,Partial,Yes,VIC,https://www.grays.com/lot/0001-21062962/motor-vehicles-motor-cycles/2014-kia-cerato-s-premium-yd-automatic-hatchback,"Paint fading Around vehicle
Medium Scuff on Around vehicle",59,"$5,100",18 February 2026
2013,HYUNDAI,Ix35,SE FWD LM,Wagon,Automatic,Petrol,191062,5.0,TMAJU81FMEJ521858,1BN8VP,24-03-2026,4,2.0,Silver,Black Leather,Yes,Yes,Yes,Yes,Yes,VIC,https://www.grays.com/lot/0001-21062960/motor-vehicles-motor-cycles/2013-hyundai-ix35-se-fwd-lm-automatic-wagon,"Medium Scratch on Around vehicle
Dents or marks on body consistent with age and kilometres.
Paint fading on various panels",42,"$4,700",18 February 2026
2015,RENAULT,Captur,Dynamique,Wagon,Automatic,Petrol,112592,5.0,VF12R401EF0717005,AQH869,29-01-2026,4,1.2,Cream,Black,Yes,No,Yes,Yes,Yes,VIC,https://www.grays.com/lot/0001-21062958/motor-vehicles-motor-cycles/2015-renault-captur-dynamique-automatic-wagon,Medium Scratch on Around vehicle,88,"$6,159",18 February 2026
2012,HOLDEN,Calais,VE II,Sedan,Automatic,Petrol,207014,5.0,6G1EX5E38CL711980,1GW1SX,20-01-2026,6,3.6,Black,Black Leather,Yes,No,Yes,Partial,Yes,VIC,https://www.grays.com/lot/0001-21062926/motor-vehicles-motor-cycles/2012-holden-calais-ve-ii-automatic-sedan,"Front Seat Marks Drivers
Dents or marks on body consistent with age and kilometres.
Paint cracked Around vehicle
Medium Scratch on Around vehicle",15,"$2,300",18 February 2026
2006,SUBARU,Impreza,2.0i G2,Sedan,Automatic,Petrol,259449,5.0,JF1GD9KR57G067644,URC520,13-03-2026,4,2.0,Silver,Black Leather,Yes,Yes,No,No,Yes,VIC,https://www.grays.com/lot/0001-21062925/motor-vehicles-motor-cycles/2006-subaru-impreza-2-0i-g2-automatic-sedan,"Windscreen Chipped or Cracked.
Carpet worn in places.
Large Scratch on Around vehicle
Transmission Requires attention Strongly recommend inspection by qualified third party
Front Seat worn driver side
Front bumper Cracked bumper.",9,$809,18 February 2026
2015,FORD,Kuga,AMBIENTE FWD TF II,Wagon,Automatic,Petrol,128057,5.0,WF0AXXWPMAFE86785,1EY7AD,08-07-2026,4,1.5,Orange,Black,Yes,No,Yes,Yes,Yes,VIC,https://www.grays.com/lot/0001-21062924/motor-vehicles-motor-cycles/2015-ford-kuga-ambiente-fwd-tf-ii-automatic-wagon,Medium Scratch on Around vehicle,88,"$6,209",18 February 2026
2016,RENAULT,Koleos,ZEN 4x2 XZG,Wagon,CVT,Petrol,177082,5.0,VF1RZG003G0243588,No plates,Unregistered,4,2.5,Black,Black Leather,Yes,Yes,Yes,Yes,Yes,VIC,https://www.grays.com/lot/0001-21063041/motor-vehicles-motor-cycles/2016-renault-koleos-zen-4x2-xzg-cvt-wagon,"Medium Scratch on Around vehicle
Damaged rear fog light
Dents or marks on body consistent with age and kilometres.",42,"$5,400",18 February 2026
2012,KIA,Sorento,Platinum XM,Wagon,Automatic,Diesel,331442,7.0,KNAKU814SC5301990,ZJZ106,27-04-2026,4,2.2,White,Black Leather,Yes,Yes,Yes,Partial,Yes,VIC,https://www.grays.com/lot/0001-21063040/motor-vehicles-motor-cycles/2012-kia-sorento-platinum-xm-turbo-diesel-automatic-7-seats-wagon,"Display screen requires attenton.
Dents or marks on body consistent with age and kilometres.
Front Seat worn driver side",56,"$3,209",18 February 2026
2012,HOLDEN,Cruze,SRI-V JH,Sedan,Automatic,Petrol,200627,5.0,6G1PE5E82DL801668,1KB2LP,07-09-2026,4,1.4,Silver,Black Leather,Yes,Yes,Yes,Partial,Yes,VIC,https://www.grays.com/lot/0001-21063039/motor-vehicles-motor-cycles/2012-holden-cruze-sri-v-jh-automatic-sedan,"Front Seat worn driver side
Paint fading on various panels
Dents or marks on body consistent with age and kilometres.",20,"$1,909",18 February 2026
2008,CITROEN,Dispatch,SWB,Van,Manual,Diesel,316822,3.0,VF7XTRHKH64200212,No Plates,Unregistered,4,2.0,White,Grey,Yes,Yes,Yes,Partial,Yes,VIC,https://www.grays.com/lot/0001-21063036/motor-vehicles-motor-cycles/2008-citroen-dispatch-swb-turbo-diesel-manual-van,"Medium Scratch on Around vehicle
Steering requires attention.
Seat Torn Drivers seat
Windscreen Chipped or Cracked.",8,$709,18 February 2026
2011,MAZDA,Cx-7,Classic,Wagon,Automatic,Petrol,159385,5.0,JM0ER10L200231638,YNS673,18-02-2026,4,2.5,Purple,Black,Yes,No,Yes,Partial,Yes,VIC,https://www.grays.com/lot/0001-21063035/motor-vehicles-motor-cycles/2011-mazda-cx-7-classic-automatic-wagon,"Engine Oil Leak
Paint fading Around exterior
Dents or marks on body consistent with age and kilometres.
Medium Dent on Around exterior
Large Scuff on Rear bumper
Damaged Rear tail light and Rear Fog lights",12,"$1,109",18 February 2026
2000,HOLDEN,Calais,VX,Sedan,Automatic,Petrol,395439,5.0,6H8VXX69R1L668917,No plates,Unregistered,6,3.8,Green,Black Leather,Yes,Yes,Yes,No,Yes,VIC,https://www.grays.com/lot/0001-21063031/motor-vehicles-motor-cycles/2000-holden-calais-vx-automatic-sedan,"Seat Torn Driver seat
Dents or marks on body consistent with age and kilometres.
Rear bumper Cracked bumper.
Paint peeling Around vehicle
Medium Scratch on various panels",24,"$1,700",18 February 2026
2018,SUBARU,Forester,2.5i-S S5,Wagon,CVT,Petrol,172777,5.0,JF2SK9KL5KG005901,1OH9SA,30-06-2026,4,2.5,Silver,Black Leather,Yes,Yes,Yes,Yes,Yes,VIC,https://www.grays.com/lot/0001-21063030/motor-vehicles-motor-cycles/2018-subaru-forester-2-5i-s-s5-cvt-wagon-ex-gov,Scuffs around vehicle,120,"$14,800",18 February 2026
2017,SUBARU,Outback,2.5i B6A,Wagon,CVT,Petrol,107325,5.0,JF2BS9KC2HG058729,1JK9RC,03-03-2026,4,2.5,Silver,Black,Yes,Yes,Yes,Partial,Yes,VIC,https://www.grays.com/lot/0001-21063029/motor-vehicles-motor-cycles/2017-subaru-outback-2-5i-b6a-cvt-wagon,"Dents or marks on body consistent with age and kilometres.
Body/panel damage Boot and rear bumper
Medium Dent on Left side of vehicle",80,"$11,088",18 February 2026
2010,VOLKSWAGEN,Tiguan,125 TSI 5N,Wagon,Automatic,Petrol,210970,5.0,WVGZZZ5NZAW090400,1QT4MP,21-02-2026,4,2.0,Black,Black Leather,Yes,No,Yes,Partial,Yes,VIC,https://www.grays.com/lot/0001-21063024/motor-vehicles-motor-cycles/2010-volkswagen-tiguan-125-tsi-5n-automatic-wagon,"Dents or marks on body consistent with age and kilometres.
Front Seat worn driver side
Medium Dent on various panels",17,"$1,509",18 February 2026
2007,NISSAN,Tiida,ST C11,Hatchback,Automatic,Petrol,150677,5.0,MNTFBAC11A0002873,1YS7JX,06-07-2026,4,1.8,Black,Grey,Yes,No,Yes,Yes,Yes,VIC,https://www.grays.com/lot/0001-21063019/motor-vehicles-motor-cycles/2007-nissan-tiida-st-c11-automatic-hatchback,"Dash Torn or Cracked
Paint peeling Around vehicle
Dents or marks on body consistent with age and kilometres.
Medium Scratch on Around vehicle",19,"$1,609",18 February 2026
2019,VOLKSWAGEN,Golf,110TSI COMFORTLINE A7,Hatchback,Automatic,Petrol,84359,5.0,WVWZZZAUZLW004993,2DI9XX,31-01-2027,4,1.4,White,Grey,Yes,Yes,Yes,Yes,Yes,VIC,https://www.grays.com/lot/0001-21063008/motor-vehicles-motor-cycles/2019-volkswagen-golf-110tsi-comfortline-a7-automatic-hatchback,"Airbag light ON
Other Warning light ON
Windscreen Chipped or Cracked.
Medium Scratch on Around vehicle.
Rubber trim in boot worn.",135,"$9,200",18 February 2026
2008,BMW,3,Series 335i E92,Coupe,Automatic,Petrol,161075,4.0,WBAWB72030PW81589,No plates,Unregistered,6,3.0,White,Black Leather,Yes,No,No,No,Yes,VIC,https://www.grays.com/lot/0001-21062940/motor-vehicles-motor-cycles/2008-bmw-3-series-335i-e92-automatic-coupe,"Medium Scratch on Around vehicle
Dents or marks on body consistent with age and kilometres.",150,"$10,300",17 February 2026
2013,FORD,Mondeo,LX MC,Hatchback,Automatic,Diesel,155664,5.0,WF0EXXGBBEDK83468,1ZO7QB,23-01-2026,4,2.0,White,Black,Yes,No,Yes,Partial,Yes,VIC,https://www.grays.com/lot/0001-21063007/motor-vehicles-motor-cycles/2013-ford-mondeo-lx-mc-turbo-diesel-automatic-hatchback,"Transmission Requires attention Strongly recommend inspection by qualified third party
Back Seat worn.
Medium Dent on Some Places
Dents or marks on body consistent with age and kilometres.",39,"$2,010",18 February 2026
2008,VOLKSWAGEN,Passat,CC V6 FSI 3CC,Coupe,Automatic,Petrol,166278,4.0,WVWZZZ3CZ9E517121,AZX345,28-02-2026,6,3.6,Grey,Black Leather,Yes,No,Yes,Yes,Yes,VIC,https://www.grays.com/lot/0001-21062987/motor-vehicles-motor-cycles/2008-volkswagen-passat-cc-v6-fsi-3cc-automatic-coupe,"Other Warning light ON
Dents or marks on body consistent with age and kilometres.
Medium Scratch on Around vehicle",26,"$2,010",18 February 2026
2009,FORD,Mondeo,Zetec MB,Hatchback,Automatic,Diesel,194448,5.0,WF0EXXGBBE9R21120,XHR224,30-11-2026,4,2.0,Silver,Black,Yes,Yes,Yes,Partial,Yes,VIC,https://www.grays.com/lot/0001-21062969/motor-vehicles-motor-cycles/2009-ford-mondeo-zetec-mb-turbo-diesel-automatic-hatchback,Dents or marks on body consistent with age and kilometres.,29,"$2,200",18 February 2026
2007,TOYOTA,Corolla,Ascent ZRE152R,Sedan,Automatic,Petrol,258066,5.0,JTNBU52E60J002151,2EB4XF,24-03-2026,4,1.8,Black,Black,Yes,Yes,Yes,No,Yes,VIC,https://www.grays.com/lot/0001-21062966/motor-vehicles-motor-cycles/2007-toyota-corolla-ascent-zre152r-automatic-sedan,"Dents or marks on body consistent with age and kilometres.
Body/panel damage Front and rear bar
Paint fading Around vehicle
Engine light ON
Back Seat Stains.
Seat Torn driver side
Door Mirror Broken driver side
Paint fading on various panels
Medium Scratch on various panels
Medium Dent on various panels
Carpet worn in places.",32,"$2,609",18 February 2026
2010,KIA,Rio,LX JB,Hatchback,Automatic,Petrol,261644,5.0,KNADH511MA6666295,XTR313,22-06-2026,4,1.4,Silver,Grey,Yes,No,Yes,Partial,Yes,VIC,https://www.grays.com/lot/0001-21062963/motor-vehicles-motor-cycles/2010-kia-rio-lx-jb-automatic-hatchback,"Dents or marks on body consistent with age and kilometres.
Door Mirror Broken Passenger mirror cap",28,"$1,909",18 February 2026
2010,MITSUBISHI,Triton,4X2 GL-R MN Dual,Dual Cab,Manual,Diesel,302486,5.0,MMAJNKA40AD018936,1FQ6CF,15-04-2026,4,2.5,Red,Grey,Yes,Yes,Yes,Partial,Yes,VIC,https://www.grays.com/lot/0001-21062961/motor-vehicles-motor-cycles/2010-mitsubishi-triton-4x2-gl-r-mn-turbo-diesel-manual-dual-cab,"Paint fading Around vehicle
Medium Scratch on Around vehicle",46,"$3,700",18 February 2026
2012,SKODA,Octavia,90TSI 1Z,Wagon,Automatic,Petrol,103351,5.0,TMBHJ61Z0D2017505,1AA3ZN,25-01-2026,4,1.4,Grey,Black Leather,Yes,No,Yes,No,Yes,VIC,https://www.grays.com/lot/0001-21062957/motor-vehicles-motor-cycles/2012-skoda-octavia-90tsi-1z-automatic-wagon,"Dents or marks on body consistent with age and kilometres.
Paint peeling Around vehicle",41,"$3,099",18 February 2026
2012,SKODA,Octavia,90TSI 1Z,Sedan,Manual,Petrol,130533,5.0,TMBCJ61Z3C2161686,ZQA268,09-04-2026,4,1.4,White,Grey,Yes,Yes,No,Partial,Yes,VIC,https://www.grays.com/lot/0001-21062955/motor-vehicles-motor-cycles/2012-skoda-octavia-90tsi-1z-manual-sedan,"Transmission Requires attention Strongly recommend inspection by qualified third party
Dents or marks on body consistent with age and kilometres.
Paint cracked Rear bumper
Medium Scratch on Around vehicle
Carpet worn in places.",3,$209,18 February 2026
2012,HYUNDAI,Elantra,Active MD,Sedan,Manual,Petrol,239917,5.0,KMHDG41ELDU579106,ZFV279,14-08-2026,4,1.8,Silver,Black,Yes,No,Yes,Partial,Yes,VIC,https://www.grays.com/lot/0001-21062929/motor-vehicles-motor-cycles/2012-hyundai-elantra-active-md-manual-sedan,"Damaged Lhr
Medium Dent on Around vehicle",39,"$2,600",18 February 2026
2020,TOYOTA,Corolla,ASCENT SPORT HYBRID ZWE211R,Hatchback,CVT,Hybrid,70035,5.0,JTNK93BEX03020985,1UT5EW,25-10-2025,4,1.8,Red,Black,Yes,Yes,Yes,Yes,Yes,VIC,https://www.grays.com/lot/0001-21059266/motor-vehicles-motor-cycles/2020-toyota-corolla-ascent-sport-hybrid-zwe211r-cvt-hatchback,"Front bumper Cracked.
Medium Dents, marks, scratches on body consistent with age and kilometres.",255,"$18,700",16 November 2025
2017,TOYOTA,Corolla,Ascent Sport ZRE182R,Hatchback,CVT,Petrol,141472,5.0,JTNKU3JE90J560436,1YB8MS,Unregistered,4,1.8,White,Black,Yes,Yes,Yes,Partial,Yes,VIC,https://www.grays.com/lot/0001-21059275/motor-vehicles-motor-cycles/2017-toyota-corolla-ascent-sport-zre182r-cvt-hatchback,"Dents or marks on body consistent with age and kilometres.
Windscreen Chipped or Cracked.",98,"$10,800",18 November 2025
2009,TOYOTA,Corolla,Ascent ZRE152R,Sedan,Automatic,Petrol,179531,5.0,JTNBU52E50J039109,YPI863,15-11-2025,4,1.8,Red,Grey,Yes,Yes,Yes,Yes,Yes,VIC,https://www.grays.com/lot/0001-21059504/motor-vehicles-motor-cycles/2009-toyota-corolla-ascent-zre152r-automatic-sedan,"Dents or marks on body consistent with age and kilometres.
Paint peeling Sun damage, bubbling and peeling all over",30,"$4,200",19 November 2025
2011,TOYOTA,Corolla,Ascent ZRE152R,Sedan,Automatic,Petrol,139148,5.0,JTNBU56E10J064924,YNX934,19-08-2026,4,1.8,Grey,Black,Yes,Yes,Yes,Partial,Yes,VIC,https://www.grays.com/lot/0001-21060079/motor-vehicles-motor-cycles/2011-toyota-corolla-ascent-zre152r-automatic-sedan,"Dents or marks on body consistent with age and kilometres.
Medium Dent on Around vehicle
Damaged Passenger side rear tail light
Medium Scratch on Around vehicle",58,"$7,000",03 December 2025
2018,TOYOTA,Camry,ASCENT HYBRID AXVH71R,Sedan,Automatic,Hybrid,57542,5.0,JTNB23HK603007765,No Plates,Unregistered,4,2.5,Champagne,Grey,Yes,Yes,Yes,No,Yes,VIC,https://www.grays.com/lot/0001-21059936/motor-vehicles-motor-cycles/2018-toyota-camry-ascent-hybrid-axvh71r-automatic-sedan,Dents or marks on body consistent with age and kilometres.,258,"$20,100",03 December 2025
2000,HOLDEN,Commodore,Acclaim VT - NO RESERVE,Sedan,Automatic,Petrol,274341,5.0,6H8VTK69HYL617978,No plates,Unregistered,6,3.8,White,Grey,Yes,No,Yes,Partial,Yes,QLD,https://www.grays.com/lot/0001-50714531/motor-vehicles-motor-cycles/2000-holden-commodore-acclaim-vt-automatic-sedan-no-reserve,"Engine Oil Leak
Dents or marks on body consistent with age and kilometres.
Front Seat worn Both
Large Scuff on Front bumper, rear bumper,
Large Dent on RHR door",13,$809,17 February 2026
2018,HYUNDAI,Tucson,Active X TL,Wagon,Automatic,Petrol,89063,5.0,KMHJ3814MJU715430,No plates,Unregistered,4,2.0,Silver,Black Leather,Yes,No,Yes,Partial,Yes,VIC,https://www.grays.com/lot/0001-21062984/motor-vehicles-motor-cycles/2018-hyundai-tucson-active-x-tl-automatic-wagon,"Dents or marks on body consistent with age and kilometres.
Dents or marks on body consistent with age and kilometres.",89,"$13,300",17 February 2026
2013,MAZDA,6,Touring GJ,Wagon,Automatic,Diesel,237375,5.0,JM0GJ102100111664,ZVO387,27-06-2026,4,2.2,Silver,Black Leather,Yes,Yes,Yes,Yes,Yes,VIC,https://www.grays.com/lot/0001-21062905/motor-vehicles-motor-cycles/2013-mazda-6-touring-gj-turbo-diesel-automatic-wagon,"Medium Scratch on Around vehicle
Paint peeling Front bumper
Dents or marks on body consistent with age and kilometres.
front Cracked bumper.",34,"$3,700",17 February 2026
2011,VOLVO,Xc60,T5,Wagon,Automatic,Petrol,199804,5.0,YV1DZ475BB2198018,BWO36E,20-06-2026,4,2.0,Black,Black,Yes,No,Yes,Partial,Yes,NSW,https://www.grays.com/lot/0001-10352672/motor-vehicles-motor-cycles/2011-volvo-xc60-t5-automatic-wagon,"Front Seat worn Drivers seat
Damaged Passenger rear
Large Scratch on Rear bar,drivers quarter and drivers front door
Medium Dent on Drivers front door
Paint fading Various panels
Windscreen Chipped or Cracked.
Rear bar Cracked bumper.",27,"$2,409",17 February 2026
2014,TOYOTA,Corolla,Ascent ZRE182R,Hatchback,CVT,Petrol,193733,5.0,JTNKU3JE20J083803,1GM5XW,15-07-2025,4,1.8,White,Black,Yes,Yes,Yes,Yes,Yes,VIC,https://www.grays.com/lot/0001-21045293/motor-vehicles-motor-cycles/2014-toyota-corolla-ascent-zre182r-cvt-hatchback,"Paint cracked Rear bar
Dents or marks on body consistent with age and kilometres.
Controls Broken Heater and Air Conditioning / Blower Fan",119,"$8,600",17 March 2025
2016,TOYOTA,Corolla,Ascent ZRE172R Automatic,Sedan,CVT,Petrol,187225,5.0,MR053REH205290475,No plates,Unregistered,4,1.8,Silver,Black,Yes,Yes,Yes,Yes,Yes,VIC,https://www.grays.com/lot/0001-21046806/motor-vehicles-motor-cycles/2016-toyota-corolla-ascent-zre172r-cvt-automatic-sedan,"Dents or marks on body consistent with age and kilometres.
Large Scratch on Panel
Medium Scuff on Panel",131,"$10,009",08 April 2025
2018,TOYOTA,Corolla,Ascent ZRE172R,Sedan,CVT,Petrol,129601,5.0,MR053REH205308349,1MN9GB,30-06-2025,4,1.8,White,Black,Yes,Yes,Yes,Yes,Yes,VIC,https://www.grays.com/lot/0001-21046822/motor-vehicles-motor-cycles/2018-toyota-corolla-ascent-zre172r-cvt-sedan-ex-gov,"Dents or marks on body consistent with age and kilometres.
Medium Dent on Rear bumper",136,"$14,300",13 April 2025
2018,TOYOTA,Camry,ASCENT HYBRID AXVH71R,Sedan,CVT,Hybrid,132821,5.0,JTNB23HK403019347,1TD1ZX,Unregistered,4,2.5,White,Grey,Yes,Yes,Yes,Yes,Yes,VIC,https://www.grays.com/lot/0001-21048482/motor-vehicles-motor-cycles/2018-toyota-camry-ascent-hybrid-axvh71r-cvt-sedan,"Medium Scratch on Front bar
Dents or marks on body consistent with age and kilometres.",59,"$19,300",12 May 2025
2017,TOYOTA,Corolla,Ascent Sport ZRE182R,Hatchback,Automatic,Petrol,122660,5.0,JTNKU3JE60J573922,1OD2KW,21-04-2026,4,1.8,Yellow,Black,Yes,Yes,No,Yes,Yes,VIC,https://www.grays.com/lot/0001-21052903/motor-vehicles-motor-cycles/2017-toyota-corolla-ascent-sport-zre182r-automatic-hatchback,"Dents or marks on body consistent with age and kilometres.
Both front and rear Cracked bumper.
Medium Scratch on Various parts on panels",192,"$12,700",23 July 2025
2016,TOYOTA,Corolla,Ascent Sport ZRE182R,Hatchback,CVT,Petrol,171622,5.0,JTNKU3JE90J541935,1NY8RD,17-10-2025,4,1.8,White,Black,Yes,Yes,Yes,Yes,Yes,VIC,https://www.grays.com/lot/0001-21054784/motor-vehicles-motor-cycles/2016-toyota-corolla-ascent-sport-zre182r-cvt-hatchback,"Dents or marks on body consistent with age and kilometres.
Damaged RH indicator cracked",104,"$11,300",26 August 2025
2014,TOYOTA,Corolla,Ascent Sport ZRE182R,Hatchback,CVT,Petrol,143967,5.0,JTNKU3JE10J078835,BZD845,25-08-2026,4,1.8,Black,Black,Yes,Yes,Yes,Partial,Yes,VIC,https://www.grays.com/lot/0001-21057818/motor-vehicles-motor-cycles/2014-toyota-corolla-ascent-sport-zre182r-cvt-hatchback,"Medium Scuff on Various panels around vehicle
Medium Dent on Various panels around vehicle
Front Cracked bumper.
Dents or marks on body consistent with age and kilometres.",91,"$9,300",14 October 2025
2011,FORD,Territory,TS SZ,Wagon,Automatic,Diesel,184286,5.0,6FPAAAJGATBE32506,1EJA611,03-03-2026,6,2.7,Silver,Charcoal,Yes,Yes,Yes,Partial,Yes,WA,https://www.grays.com/lot/0001-9067026/motor-vehicles-motor-cycles/2011-ford-territory-ts-sz-turbo-diesel-automatic-wagon,"Hood Lining Sagging
Medium Scuff on Front left corner",75,"$4,101",17 February 2026
2007,HOLDEN,Rodeo,LX 4X4 TD RA Dual,Dual Cab,Manual,Diesel,240119,5.0,MPATFS85H8H519770,"Unlicensed, Plates to be remove",Unregistered,4,3.0,White,Grey,Yes,No,No,No,Yes,WA,https://www.grays.com/lot/0001-9067015/motor-vehicles-motor-cycles/2007-holden-rodeo-lx-4x4-td-ra-turbo-diesel-manual-dual-cab,"Engine light ON
Body/panel damage Rear left corner. Tub, tailgate, and taillight are damaged.
Large Dent on Passenger rear door (hole)
Back Seat Stains.
Dents or marks on body consistent with age and kilometres.
Medium Scratch on various panels",44,"$3,400",17 February 2026
2012,HOLDEN,Commodore,SV6 VE,Sedan,Automatic,Petrol,239085,5.0,6G1EK5E37CL670627,Unlicensed,Unregistered,6,3.6,Blue,Charcoal,Yes,No,No,No,Yes,WA,https://www.grays.com/lot/0001-9067012/motor-vehicles-motor-cycles/2012-holden-commodore-sv6-ve-automatic-sedan,"Large Scuff on Driver door
Damaged Driver side taillight",40,"$2,800",17 February 2026
2013,HOLDEN,Cruze,SRI JH,Hatchback,Automatic,Petrol,255024,5.0,6G1PE6E84DL824956,"Unlicensed, Plates to be remove",Unregistered,4,1.4,Silver,Black Leather,Yes,No,No,No,Yes,WA,https://www.grays.com/lot/0001-9067002/motor-vehicles-motor-cycles/2013-holden-cruze-sri-jh-automatic-hatchback,"Medium Scratch on Various panels
Back Seat Stains.
Dents or marks on body consistent with age and kilometres.",9,$656,17 February 2026
2011,AUDI,A4,2.0 TDI B8,Sedan,CVT,Diesel,230523,5.0,WAUZZZ8K2BA161984,Unlicensed,Unregistered,4,2.0,White,Black Leather,Yes,No,No,No,Yes,WA,https://www.grays.com/lot/0001-9066997/motor-vehicles-motor-cycles/2011-audi-a4-2-0-tdi-b8-turbo-diesel-cvt-sedan,"Dents or marks on body consistent with age and kilometres.
Large Dent on Front left quater panel
Medium Scuff on Front bumper",22,"$2,200",17 February 2026
2010,KIA,Rio,Si JB,Hatchback,Manual,Petrol,124622,5.0,KNADH513LB6727577,Unlicensed,Unregistered,4,1.6,Silver,Grey,Yes,No,No,No,Yes,WA,https://www.grays.com/lot/0001-9066996/motor-vehicles-motor-cycles/2010-kia-rio-si-jb-manual-hatchback,"Large Dent on Driver quarter panel
Damaged Driver side taillight
Medium Dent on various panels
Dents or marks on body consistent with age and kilometres.",13,"$1,000",17 February 2026
2007,HOLDEN,Rodeo,DX 4X2 2.4 RA,Cab Chassis,Manual,Petrol,455353,3.0,MPATFR32J7H562398,Unlicensed,Unregistered,4,2.4,White,Grey,Yes,No,No,No,Yes,WA,https://www.grays.com/lot/0001-9066995/motor-vehicles-motor-cycles/2007-holden-rodeo-dx-4x2-2-4-ra-manual-cab-chassis,"Dents or marks on body consistent with age and kilometres.
Medium Dent on Various panels
Paint fading Various panels
Engine Oil Leak
Engine light ON
Seat Torn Whole bench seat.
Door card Damaged.
Medium Scratch on various panels",9,$809,17 February 2026
2006,FORD,Falcon,XR6 BF II,Sedan,Automatic,Petrol,258433,5.0,6FPAAAJGSW6G53771,Unlicensed,Unregistered,6,4.0,Orange,Charcoal,Yes,No,No,No,Yes,WA,https://www.grays.com/lot/0001-9066991/motor-vehicles-motor-cycles/2006-ford-falcon-xr6-bf-ii-automatic-sedan,"Dents or marks on body consistent with age and kilometres.
Paint fading Various panels
Front Seat worn Drivers seat",9,$900,17 February 2026
2009,HOLDEN,Commodore,SV6 VE,Sedan,Automatic,Petrol,299923,5.0,6G1EK55709L314841,Unlicensed,Unregistered,6,3.6,Dark Blue,Black,Yes,No,No,No,Yes,WA,https://www.grays.com/lot/0001-9066984/motor-vehicles-motor-cycles/2009-holden-commodore-sv6-ve-automatic-sedan,"Flat Battery. Jump start or towing required
Engine light ON
Airbag light ON
Door card Worn.
Large Dent on Rear bumper and boot
Paint fading Various panels
Paint peeling Various panels
Both Cracked bumper.",8,$800,17 February 2026
2010,JEEP,Patriot,Sport MK,Wagon,CVT,Petrol,200796,5.0,1J4N72GB8AD547803,Unlicensed,Unregistered,4,2.4,Dark Blue,Charcoal,Yes,No,No,No,Yes,WA,https://www.grays.com/lot/0001-9066983/motor-vehicles-motor-cycles/2010-jeep-patriot-sport-mk-cvt-wagon,"Dents or marks on body consistent with age and kilometres.
Car has graffiti on steering wheel
Car is full of stuff in the back.
Oil light on intermittent
Medium Scuff on Various panels
Medium Dent on Various panels
Engine light ON
Other Warning light ON
Door card Worn.
front Cracked bumper.",5,$709,17 February 2026
2013,HOLDEN,Sportwagon,SV6 VF,Wagon,Automatic,Lpg,180763,5.0,6G1FB8E47EL904931,UNLICENSED,Unregistered,6,3.6,White,Black Leather,Yes,No,No,No,Yes,WA,https://www.grays.com/lot/0001-9066982/motor-vehicles-motor-cycles/2013-holden-sportwagon-sv6-vf-automatic-wagon,"Hood Lining Sagging
Damaged RH Taillight
Large Scuff on various panels",45,"$4,900",17 February 2026
2010,HOLDEN,Cruze,CD JG,Sedan,Automatic,Petrol,139330,5.0,KL3JA695JAK764124,Unlicensed,Unregistered,4,1.8,Dark Grey,Charcoal,Yes,No,No,No,Yes,WA,https://www.grays.com/lot/0001-9066981/motor-vehicles-motor-cycles/2010-holden-cruze-cd-jg-automatic-sedan,"Dents or marks on body consistent with age and kilometres.
Medium Scratch on Various panels
Medium Scuff on Front bumper",8,$765,17 February 2026
2011,NISSAN,Dualis,Ti J10,Wagon,CVT,Petrol,148077,5.0,SJNFBAJ10A2209928,Unlicensed - Plates to be removed,Unregistered,4,2.0,Black,Black,Yes,No,No,No,Yes,WA,https://www.grays.com/lot/0001-9066979/motor-vehicles-motor-cycles/2011-nissan-dualis-ti-j10-cvt-wagon,"Dents or marks on body consistent with age and kilometres.
Paint fading Side Mirror, Rear Bumper",41,"$3,109",17 February 2026
2008,NISSAN,Dualis,Ti J10,Wagon,CVT,Petrol,209113,5.0,SJNFBNJ10A1214842,Unlicensed,Unregistered,4,2.0,Silver,Black Leather,Yes,No,No,No,Yes,WA,https://www.grays.com/lot/0001-9066978/motor-vehicles-motor-cycles/2008-nissan-dualis-ti-j10-cvt-wagon,"Airbag light ON
Engine light ON
Large Dent on Boot
Front Seat worn Driver
Paint fading side mirror",5,$600,17 February 2026
2003,NISSAN,Navara,ST-R 4X4 DOUBLE D22 Dual,Dual Cab,Manual,Diesel,295750,5.0,JN1CNUD22A0031460,"Unlicensed, plates to be removed",Unregistered,4,3.0,Silver,Grey,Yes,No,No,No,Yes,WA,https://www.grays.com/lot/0001-9066973/motor-vehicles-motor-cycles/2003-nissan-navara-st-r-4x4-double-cab-d22-turbo-diesel-manual-dual-cab,"Engine Smoke visible
Engine Oil Leak
Windscreen Chipped or Cracked.
Corrosion visible Underbody and driver side upper door sill.
Paint fading Various panels
Large Scuff on Entire vehicle
Back Seat Stains.
Medium Scratch on various panels
Paint fading on various panels",11,"$1,109",17 February 2026
2011,TOYOTA,Landcruiser,Prado GXL KDJ150R Auto7 Seats,Wagon,Automatic,Diesel,241162,7.0,JTEBH3FJ00K065336,Unlicensed,Unregistered,4,3.0,Blue,Grey,Yes,No,No,No,Yes,WA,https://www.grays.com/lot/0001-9066972/motor-vehicles-motor-cycles/2011-toyota-landcruiser-prado-gxl-kdj150r-turbo-diesel-auto7-seats-wagon,"Large Dent on Bonnet
Large Scuff on Rear bumper",132,"$14,500",17 February 2026
2003,HOLDEN,Ute,VY,Ute,Manual,Petrol,293087,2.0,6G1YK43A23L978099,Unlicensed,Unregistered,6,3.8,White,Charcoal,Yes,No,No,No,Yes,WA,https://www.grays.com/lot/0001-9066971/motor-vehicles-motor-cycles/2003-holden-ute-vy-manual-ute,"Evidence of minor front end collision.
Mirror adjuster missing.
Dents or marks on body consistent with age and kilometres.
Paint peeling Various panels
Airbag light ON
Medium Dent on Various panels
Hood Lining Sagging",34,"$2,400",17 February 2026
2010,FORD,Falcon,FG,Ute,Automatic,Petrol,273488,2.0,6FPAAAJGCMAA61570,Unlicensed,Unregistered,6,4.0,White,Black,Yes,No,No,No,Yes,WA,https://www.grays.com/lot/0001-9066970/motor-vehicles-motor-cycles/2010-ford-falcon-fg-automatic-ute,"Dents or marks on body consistent with age and kilometres.
Windscreen Chipped or Cracked.
Medium Dent on Driver Rear Panel
Door card Damaged.
Front Seat worn trim detached driver side
Seat Torn driver side
Medium Scratch on various panels
Corrosion visible on Back panel between tray and tray hinge",11,"$1,100",17 February 2026
2012,SUBARU,Liberty,2.5i Premium B5,Wagon,CVT,Petrol,273352,5.0,JF1BRMKC2DG045165,1IVG912,20-02-2026,4,2.5,Dark Grey,Black Leather,Yes,No,Yes,Partial,Yes,WA,https://www.grays.com/lot/0001-9066967/motor-vehicles-motor-cycles/2012-subaru-liberty-2-5i-premium-b5-cvt-wagon,"Paint fading Tailgate
Medium Dent on Driver side rear door, driver side fender
Controls inoperable Driver window
Dents or marks on body consistent with age and kilometres.
Seat Torn drivers
Medium Scuff on front bumper",7,"$2,600",17 February 2026
2008,TOYOTA,Crown,Athlete GRS204 Import,Sedan,Automatic,Petrol,118284,5.0,6U90GRS2040007237,1IWA745,05-05-2026,6,3.5,Pearl White,Charcoal,Yes,No,No,No,Yes,WA,https://www.grays.com/lot/0001-9066966/motor-vehicles-motor-cycles/2008-toyota-crown-athlete-grs204-import-auto-sedan,Dents or marks on body consistent with age and kilometres.,175,"$12,900",17 February 2026
2010,NISSAN,X-trail,TL T31,Wagon,Manual,Diesel,227075,5.0,JN1TCNT31A0051489,1DKI343,02-05-2026,4,2.0,White,Black Leather,Yes,Yes,Yes,Partial,Yes,WA,https://www.grays.com/lot/0001-9066965/motor-vehicles-motor-cycles/2010-nissan-x-trail-tl-t31-turbo-diesel-manual-wagon,"Paint peeling Rear bumper and boot
Dents or marks on body consistent with age and kilometres.",80,"$6,009",17 February 2026
2014,JEEP,Grand,Cherokee OVERLAND WK,Wagon,Automatic,Diesel,351013,5.0,1C4RJFGM4EC556379,1EOH529,08-03-2026,6,3.0,White,Black Leather,Yes,No,No,No,Yes,WA,https://www.grays.com/lot/0001-9066964/motor-vehicles-motor-cycles/2014-jeep-grand-cherokee-overland-wk-turbo-diesel-automatic-8-speed-wagon,"Dents or marks on body consistent with age and kilometres.
Medium Scratch on Various panels
Dash Torn or Cracked
Engine light ON
Traction control light ON",50,"$3,900",17 February 2026
2005,FORD,Focus,CL LS,Hatchback,Manual,Petrol,277073,5.0,AFADXXMJDD5C00780,Unlicensed,Unregistered,4,2.0,Grey,Charcoal,Yes,Yes,Yes,Partial,Yes,WA,https://www.grays.com/lot/0001-9066963/motor-vehicles-motor-cycles/2005-ford-focus-cl-ls-manual-hatchback,"Dents or marks on body consistent with age and kilometres.
Paint fading Various panels
Medium Scuff on Various panels
Damaged Rear left tail light
Engine light ON
Engine noise observed.
Medium Scratch on Various panels",2,$109,17 February 2026
2012,SUBARU,Outback,2.0D B5A,Wagon,Manual,Diesel,141785,5.0,JF2BRDKZ4DG044962,1HTV150,28-03-2026,4,2.0,White,Charcoal,Yes,No,Yes,Partial,Yes,WA,https://www.grays.com/lot/0001-9066953/motor-vehicles-motor-cycles/2012-subaru-outback-2-0d-b5a-turbo-diesel-manual-wagon,"Dents or marks on body consistent with age and kilometres.
EPB electronic parking brake issue/li>
Engine noise observed.
Engine light ON
Other Warning light ON",30,"$1,809",16 February 2026
2013,NISSAN,Pathfinder,ST R52,Wagon,CVT,Petrol,189591,7.0,5N1AR2MN2EC627134,1IMT616,27-04-2026,6,3.5,Bronze,Charcoal,Yes,Yes,Yes,Partial,Yes,WA,https://www.grays.com/lot/0001-9066962/motor-vehicles-motor-cycles/2013-nissan-pathfinder-st-r52-cvt-7-seats-wagon,"Dents or marks on body consistent with age and kilometres.
Engine light ON
Medium Scratch on Various panels
Seat Torn drivers",24,"$1,309",17 February 2026
2014,PEUGEOT,208,GTi,Hatchback,Manual,Petrol,90942,5.0,VF3CA5FU8EW049628,1IUY580,Unregistered,4,1.6,Black,Black Leather,Yes,No,Yes,Yes,Yes,WA,https://www.grays.com/lot/0001-9066961/motor-vehicles-motor-cycles/2014-peugeot-208-gti-manual-hatchback,"Front Seat worn Drivers
Paint peeling Various panels
Dents or marks on body consistent with age and kilometres.",83,"$5,100",17 February 2026
2000,TOYOTA,Avalon,Conquest MCX10R,Sedan,Automatic,Petrol,343441,5.0,6T153XH1006009036,1IUZ506,20-03-2026,6,3.0,Green,Grey,Yes,Yes,No,Partial,Yes,WA,https://www.grays.com/lot/0001-9066960/motor-vehicles-motor-cycles/2000-toyota-avalon-conquest-mcx10r-automatic-sedan,Paint fading Various panels,10,$509,17 February 2026
2005,BMW,325i,E90,Sedan,Automatic,Petrol,288612,5.0,WBAVB16060NB26640,1CCX559,14-03-2026,6,2.5,Light Blue,Black Leather,Yes,Yes,Yes,Partial,Yes,WA,https://www.grays.com/lot/0001-9066959/motor-vehicles-motor-cycles/2005-bmw-325i-e90-automatic-sedan,"Hood Lining Sagging
Medium Dent on rear bumper
Windscreen Chipped or Cracked.
Dents or marks on body consistent with age and kilometres.",8,$709,17 February 2026
2013,FORD,Ranger,XL 4X4 PX Dual,Dual Cab,Manual,Diesel,245712,5.0,MNAUMFF50DW163949,Unlicensed,Unregistered,5,3.2,White,Charcoal,Yes,No,No,No,Yes,WA,https://www.grays.com/lot/0001-9066958/motor-vehicles-motor-cycles/2013-ford-ranger-xl-4x4-px-turbo-diesel-manual-dual-cab,"Dents or marks on body consistent with age and kilometres.
Corrosion visible Roof
Medium Dent on Rear left door
Large Scratch on Passenger front door",64,"$6,000",17 February 2026
2009,AUDI,A5,3.0 TDI Quattro 8T,Coupe,Automatic,Diesel,208875,5.0,WAUZZZ8T59A053829,1HPL971,16-04-2026,6,3.0,Silver,Black Leather,Yes,Yes,Yes,Partial,Yes,WA,https://www.grays.com/lot/0001-9066957/motor-vehicles-motor-cycles/2009-audi-a5-3-0-tdi-quattro-8t-turbo-diesel-automatic-coupe,"Dents or marks on body consistent with age and kilometres.
Engine light ON
Other Warning light ON",46,"$3,200",17 February 2026
2014,MERCEDES,Benz,CLA 45 CLA45 AMG AWD C117 7,Coupe,Automatic,Petrol,133734,5.0,WDD1173522N107143,1ITJ812,Unregistered,4,2.0,Grey,Black Leather,Yes,No,Yes,Partial,Yes,WA,https://www.grays.com/lot/0001-9066956/motor-vehicles-motor-cycles/2014-mercedes-benz-cla-45-cla45-amg-awd-c117-7-auto-coupe,"Dents or marks on body consistent with age and kilometres.
Medium Dent on Front left guard
Transmission Requires attention Strongly recommend inspection by qualified third party
Paint fading various parts
Windscreen Chipped or Cracked.",200,"$17,000",17 February 2026
2010,DODGE,Journey,SXT,People Mover,Automatic,Petrol,159352,7.0,3D4P55FD6AT242029,Unlicensed,Unregistered,6,2.7,Black,Black Leather,Yes,No,No,Partial,Yes,WA,https://www.grays.com/lot/0001-9066954/motor-vehicles-motor-cycles/2010-dodge-journey-sxt-automatic-7-seats-people-mover,"Large Dent on Driver side doors
Medium Scuff on Various panels
Airbag light ON
Engine light ON
Other Warning light ON
Paint fading on various panels
Front Seat worn driver side
Medium Scratch on various panels
Dents or marks on body consistent with age and kilometres.",6,$409,17 February 2026
2019,HOLDEN,Trax,LTZ TJ,Wagon,Automatic,Petrol,173583,5.0,KL3BA7689LB054680,1HAZ123,15-05-2026,4,1.4,Grey,Black Leather,Yes,No,Yes,Partial,Yes,WA,https://www.grays.com/lot/0001-9066952/motor-vehicles-motor-cycles/2019-holden-trax-ltz-tj-automatic-wagon,"Engine light ON
Engine idling rough
Large Dent on Boot
Engine Oil Leak
Dents or marks on body consistent with age and kilometres.",12,"$2,700",17 February 2026
2012,VOLKSWAGEN,Tiguan,118 TSI 5N,Wagon,Manual,Petrol,195299,5.0,WVGZZZ5NZCW074129,1EAJ285,07-04-2026,4,1.4,White,Charcoal,Yes,Yes,Yes,Partial,Yes,WA,https://www.grays.com/lot/0001-9066951/motor-vehicles-motor-cycles/2012-volkswagen-tiguan-118-tsi-5n-manual-wagon,"Engine noise observed.
Engine light ON
Medium Scuff on Rear bumper right side
Paint peeling on bonnet
Dents or marks on body consistent with age and kilometres.",15,$809,17 February 2026
2016,FORD,Ranger,XLT 4X4 PX II Dual,Cab Chassis,Automatic,Diesel,231485,5.0,MNAUMFF50GW643883,1GEQ169,15-03-2026,5,3.2,Silver,Charcoal,Yes,Yes,Yes,Partial,Yes,WA,https://www.grays.com/lot/0001-9066950/motor-vehicles-motor-cycles/2016-ford-ranger-xlt-4x4-px-ii-turbo-diesel-automatic-dual-cab,"Dents or marks on body consistent with age and kilometres.
Front Seat worn Drivers seat
Engine noise observed.
Medium Scratch on Various panels
Door card Worn.",85,"$11,400",17 February 2026
2014,NISSAN,Navara,4X4 RX D40 Dual,Dual Cab,Automatic,Diesel,182250,5.0,MNTVCUD40A0602565,1ETP471,21-02-2026,4,2.5,Silver,Charcoal,Yes,Yes,Yes,Partial,Yes,WA,https://www.grays.com/lot/0001-9066949/motor-vehicles-motor-cycles/2014-nissan-navara-4x4-rx-d40-turbo-diesel-automatic-dual-cab,Dents or marks on body consistent with age and kilometres.,135,"$12,200",17 February 2026
1999,TOYOTA,Landcruiser,GXL FZJ105R,Wagon,Automatic,Petrol,438942,5.0,JT711UJA509008648,1AKR048,16-07-2026,6,4.5,Silver,Grey,Yes,No,No,Partial,Yes,WA,https://www.grays.com/lot/0001-9066948/motor-vehicles-motor-cycles/1999-toyota-landcruiser-gxl-fzj105r-automatic-wagon,"Dents or marks on body consistent with age and kilometres.
Engine idling rough
Seats Removed
Medium Scratch on Various panels
Paint fading Left side of vehicle",68,"$5,600",17 February 2026
2011,AUDI,A4,1.8 TFSI B8,Wagon,CVT,Petrol,221994,5.0,WAUZZZ8K4CA078672,1ITE042,17-03-2026,4,1.8,Red,Black Leather,Yes,No,Yes,Partial,Yes,WA,https://www.grays.com/lot/0001-9066947/motor-vehicles-motor-cycles/2011-audi-a4-1-8-tfsi-b8-cvt-wagon,"Dents or marks on body consistent with age and kilometres.
Hood Lining Sagging",22,"$1,800",17 February 2026
2011,SKODA,Yeti,77TSI,Wagon,Automatic,Petrol,172874,5.0,TMBKF75L2C6030198,1ECN682,23-04-2026,4,1.2,Light Blue,Charcoal,Yes,Yes,Yes,Partial,Yes,WA,https://www.grays.com/lot/0001-9066945/motor-vehicles-motor-cycles/2011-skoda-yeti-77tsi-automatic-wagon,"Dents or marks on body consistent with age and kilometres.
Medium Dent on Front left quater panel
Engine light ON
Seat Torn drivers",37,"$2,710",17 February 2026
2015,BMW,X5,M F85,Wagon,Automatic,Petrol,120076,5.0,WBSKT620100C90230,No plates,Unregistered,8,4.4,Black,White Leather,No,No,No,No,No,WA,https://www.grays.com/lot/0001-9066944/motor-vehicles-motor-cycles/2015-bmw-x5-m-f85-automatic-8-speed-wagon,"Dents or marks on body consistent with age and kilometres.
Medium Scratch on Various panels",163,"$27,700",17 February 2026
2006,MERCEDES,Benz,E350 Elegance W211,Sedan,Automatic,Petrol,222170,5.0,WDB2110562B012635,1IWA510,07-04-2026,6,3.5,Silver,Black Leather,Yes,Yes,Yes,Partial,Yes,WA,https://www.grays.com/lot/0001-9066943/motor-vehicles-motor-cycles/2006-mercedes-benz-e350-elegance-w211-automatic-sedan,"Engine light ON
Dents or marks on body consistent with age and kilometres.",76,"$5,900",17 February 2026
2021,TOYOTA,Hilux,4x4 SR GUN126R,Crew Cab Chassis,Automatic,Diesel,152266,5.0,MR0KA3CD201257324,1HHC150,06-04-2026,4,2.8,White,Charcoal,Yes,Yes,Yes,Partial,Yes,WA,https://www.grays.com/lot/0001-9066942/motor-vehicles-motor-cycles/2021-toyota-hilux-4x4-sr-gun126r-turbo-diesel-automatic-crew-cab-chassis,"Dents or marks on body consistent with age and kilometres.
Medium Dent on Front right quater panel
Windscreen Chipped or Cracked.",131,"$32,201",17 February 2026
2014,MITSUBISHI,Triton,4X4 GLX MN Dual,Cab Chassis,Automatic,Diesel,285977,5.0,MMAJRKB40FD001211,Unlicensed,Unregistered,4,2.5,White,Grey,Yes,No,Yes,Partial,Yes,WA,https://www.grays.com/lot/0001-9066941/motor-vehicles-motor-cycles/2014-mitsubishi-triton-4x4-glx-mn-turbo-diesel-automatic-dual-cab,"Large Dent on Tailgate
Damaged Rear right lower reflector
Medium Dent on various panels
Paint fading on various panels",39,"$3,700",17 February 2026
2007,VOLKSWAGEN,Golf,2.0 FSI Comfortline A5,Hatchback,Automatic,Petrol,171462,5.0,WVWZZZ1KZ7U036455,1CPB424,17-04-2026,4,2.0,Grey,Charcoal,Yes,Yes,Yes,Partial,Yes,WA,https://www.grays.com/lot/0001-9066917/motor-vehicles-motor-cycles/2007-volkswagen-golf-2-0-fsi-comfortline-a5-automatic-hatchback,"Dents or marks on body consistent with age and kilometres.
Paint fading Various panels",9,"$3,000",15 February 2026
2009,PEUGEOT,207,GTI,Hatchback,Manual,Petrol,180739,4.0,VF3WM5FYC9W151187,1DKX483,28-03-2026,4,1.6,Red,Black,Yes,No,Yes,Partial,Yes,WA,https://www.grays.com/lot/0001-9066916/motor-vehicles-motor-cycles/2009-peugeot-207-gti-manual-hatchback,"Dents or marks on body consistent with age and kilometres.
Medium Scuff on Front bumper
Seat Torn driver side
Medium Scratch on various panels
Paint fading on various panels",45,"$3,309",15 February 2026
2020,LDV,T60,LUXE MEGA TUB Dual,Dual Cab,Automatic,Diesel,63368,5.0,LSFAM11A1LA098887,1HDN643,01-05-2026,4,2.8,Blue,Black Leather,Yes,No,No,No,Yes,WA,https://www.grays.com/lot/0001-9066940/motor-vehicles-motor-cycles/2020-ldv-t60-luxe-mega-tub-turbo-diesel-automatic-dual-cab,Dents or marks on body consistent with age and kilometres.,90,"$14,010",17 February 2026
2012,TOYOTA,Hiace,Commuter KDH223R,Bus,Automatic,Diesel,125135,14.0,JTFST22P800014421,1GYR094,06-04-2026,4,3.0,White,Charcoal,Yes,No,Yes,Yes,Yes,WA,https://www.grays.com/lot/0001-9066938/motor-vehicles-motor-cycles/2012-toyota-hiace-commuter-kdh223r-turbo-diesel-automatic-14-seats-bus,"Dents or marks on body consistent with age and kilometres.
Medium Dent on Boot
Large Dent on Rear left quater panel
Medium Scuff on Rear left quater panel
Damaged exterior light",200,"$15,600",17 February 2026
2013,DODGE,Journey,SXT,Wagon,Automatic,Petrol,158420,7.0,3C4PDCJG0ET126420,1EJY159,Unregistered,6,3.6,Grey,Charcoal,Yes,Yes,Yes,Partial,Yes,WA,https://www.grays.com/lot/0001-9066937/motor-vehicles-motor-cycles/2013-dodge-journey-sxt-automatic-7-seats-wagon,"Dents or marks on body consistent with age and kilometres.
Large Scratch on Bonnet
Windscreen Chipped or Cracked.
Dash Torn or Cracked
Front Seat Marks Both
Hood Lining Sagging
Medium Scuff on Rear bumper
Medium Dent on various panels
Paint fading roof",24,"$1,900",17 February 2026
2009,HOLDEN,Epica,CDX EP,Sedan,Automatic,Diesel,184711,5.0,KL3LA69RJAB000508,Unlicensed,Unregistered,4,2.0,White,Grey,Yes,Yes,Yes,Partial,Yes,WA,https://www.grays.com/lot/0001-9066935/motor-vehicles-motor-cycles/2009-holden-epica-cdx-ep-turbo-diesel-automatic-sedan,"Airbag light ON
Large Scuff on Front bumper
Dents or marks on body consistent with age and kilometres.
Front Seat worn drivers",5,$309,17 February 2026
2001,MINI,Cooper,,Hatchback,Manual,Petrol,214062,4.0,WMWRC32010TC07928,1CGQ642,15-03-2026,4,1.6,Black,Charcoal,Yes,No,Yes,Partial,Yes,WA,https://www.grays.com/lot/0001-9066934/motor-vehicles-motor-cycles/2001-mini-cooper-manual-hatchback,"Dents or marks on body consistent with age and kilometres.
ABS light ON",17,"$1,440",17 February 2026
2007,SUZUKI,Grand,Vitara V6 JT,Wagon,Automatic,Petrol,206301,5.0,JSAJTD94V00203552,1EAQ795,09-03-2026,6,2.7,White,Charcoal,Yes,Yes,Yes,Partial,Yes,WA,https://www.grays.com/lot/0001-9066933/motor-vehicles-motor-cycles/2007-suzuki-grand-vitara-v6-jt-automatic-wagon,"Dents or marks on body consistent with age and kilometres.
Transmission Requires attention Strongly recommend inspection by qualified third party
Engine Smoke visible",76,"$4,209",17 February 2026
2012,VOLKSWAGEN,Golf,103TDI Comfortline A6,Hatchback,Automatic,Diesel,306261,5.0,WVWZZZ1KZCP152918,1HEK778,28-02-2026,4,2.0,Black,Charcoal,Yes,No,Yes,Partial,Yes,WA,https://www.grays.com/lot/0001-9066923/motor-vehicles-motor-cycles/2012-volkswagen-golf-103tdi-comfortline-a6-turbo-diesel-automatic-hatchback,"Dents or marks on body consistent with age and kilometres.
Paint peeling Front right quater panel
Door card Worn.
Paint fading roof",49,"$3,300",17 February 2026
2020,FORD,Ranger,XL 4X4 PX III,Crew Cab Chassis,Automatic,Diesel,147560,5.0,MPBUMEF50LX296182,No plates,Unregistered,5,3.2,White,Black,Yes,No,Yes,Yes,Yes,WA,https://www.grays.com/lot/0001-9066922/motor-vehicles-motor-cycles/2020-ford-ranger-xl-4x4-px-iii-turbo-diesel-automatic-crew-cab-chassis,"Dents or marks on body consistent with age and kilometres.
Windscreen Chipped or Cracked.
Medium Dent on Bonnet
Large Dent on Drivers side rear
Paint peeling Front bumper",236,,17 February 2026
2013,MAZDA,6,Atenza GJ,Wagon,Automatic,Diesel,223491,5.0,JM0GJ102100120927,1IST009,04-03-2026,4,2.2,Silver,Black Leather,Yes,No,No,No,Yes,WA,https://www.grays.com/lot/0001-9066915/motor-vehicles-motor-cycles/2013-mazda-6-atenza-gj-turbo-diesel-automatic-wagon,"Paint fading Rood and bonnet
Dents or marks on body consistent with age and kilometres.",41,"$6,800",15 February 2026
2006,HONDA,Legend,,Sedan,Automatic,Petrol,189117,5.0,JHMKB16507C200765,1ILW723,28-02-2026,6,3.5,White,Beige Leather,Yes,No,Yes,Partial,Yes,WA,https://www.grays.com/lot/0001-9066914/motor-vehicles-motor-cycles/2006-honda-legend-automatic-sedan,"Engine light ON
Glovebox Marks
Paint peeling Rear bumper
Door card Worn.
Front Seat worn drivers
Dents or marks on body consistent with age and kilometres.",29,"$2,200",15 February 2026
2005,HYUNDAI,Tucson,City,Wagon,Automatic,Petrol,219008,5.0,KMHJN81BR6U311885,Unlicensed,Unregistered,4,2.0,Silver,Grey,Yes,No,No,Partial,Yes,WA,https://www.grays.com/lot/0001-9066913/motor-vehicles-motor-cycles/2005-hyundai-tucson-city-automatic-wagon,"Engine light ON
Paint peeling Both bumpers",12,$909,15 February 2026
2013,MERCEDES,Benz,ML500 W166,Wagon,Automatic,Petrol,219232,5.0,WDC1660732A257394,No plates,Unregistered,8,4.7,Other,Black Leather,Yes,Yes,No,No,Yes,SA,https://www.grays.com/lot/0001-60050120/motor-vehicles-motor-cycles/2013-mercedes-benz-ml500-w166-automatic-wagon,"Engine light ON
Engine idling rough
Engine noise observed.",0,,15 February 2026
2021,NISSAN,X-trail,ST-L FWD T32,Wagon,CVT,Petrol,80747,5.0,JN1TBAT32A0086703,No plates,Unregistered,4,2.5,White,Black Leather,Yes,Yes,Yes,Yes,Yes,SA,https://www.grays.com/lot/0001-60050147/motor-vehicles-motor-cycles/2021-nissan-x-trail-st-l-fwd-t32-cvt-wagon,Please refer to the photos or arrange inspection to view the condition of this vehicle.,165,,16 February 2026
2010,FORD,Falcon,XR6 FG,Sedan,Automatic,Petrol,324755,5.0,6FPAAAJGSWAP49211,No plates,Unregistered,6,4.0,Grey,Multi,Yes,No,Yes,Yes,Yes,SA,https://www.grays.com/lot/0001-60050130/motor-vehicles-motor-cycles/2010-ford-falcon-xr6-fg-automatic-sedan,Please refer to the photos or arrange inspection to view the condition of this vehicle.,74,"$4,356",16 February 2026
2008,TOYOTA,Landcruiser,SAHARA VDJ200R,Wagon,Automatic,Diesel,282232,8.0,JTMHV05J004013958,1IGT241,28-04-2026,8,4.5,Black,Grey,Yes,Yes,Yes,Partial,Yes,WA,https://www.grays.com/lot/0001-9066779/motor-vehicles-motor-cycles/2008-toyota-landcruiser-sahara-vdj200r-turbo-diesel-automatic-8-seats-wagon,"Dents or marks on body consistent with age and kilometres.
Medium Scratch on Various panels
Windscreen Chipped or Cracked.",158,"$33,900",17 February 2026
2009,HOLDEN,Sportwagon,SV6 VE,Wagon,Automatic,Petrol,294642,5.0,6G1EK8EV0AL401353,No plates,Unregistered,6,3.6,Blue,Multi,Yes,Yes,Yes,Yes,Yes,SA,https://www.grays.com/lot/0001-60050151/motor-vehicles-motor-cycles/2009-holden-sportwagon-sv6-ve-automatic-wagon,Please refer to the photos or arrange inspection to view the condition of this vehicle.,34,"$2,799",17 February 2026
2017,LDV,G10,,People Mover,Automatic,Petrol,146958,7.0,LSKG4AL13HA074817,No plates,Unregistered,4,2.0,White,Grey,Yes,No,Yes,Yes,Yes,SA,https://www.grays.com/lot/0001-60050150/motor-vehicles-motor-cycles/2017-ldv-g10-7-seat-automatic-7-seats-people-mover,"Please refer to the photos or arrange inspection to view the condition of this vehicle.
Left Panel discoloured.
Left side mirror damaged.",11,,17 February 2026
2012,FORD,Escape,ZD,Wagon,Automatic,Petrol,174015,5.0,LFACTFLNXC2006079,No plates,Unregistered,4,2.3,Black,Multi,Yes,Yes,Yes,No,Yes,SA,https://www.grays.com/lot/0001-60050122/motor-vehicles-motor-cycles/2012-ford-escape-zd-automatic-wagon,Please refer to the photos or arrange inspection to view the condition of this vehicle.,30,,17 February 2026
2005,TOYOTA,Kluger,CV,Wagon,Automatic,Petrol,338409,7.0,JTEEP21AX00135955,No plates,Unregistered,6,3.3,White,Multi,Yes,Yes,Yes,Yes,Yes,SA,https://www.grays.com/lot/0001-60050115/motor-vehicles-motor-cycles/2005-toyota-kluger-cv-automatic-7-seats-wagon,Please refer to the photos or arrange inspection to view the condition of this vehicle.,20,"$1,409",15 February 2026
2008,VOLKSWAGEN,Golf,GT SPORT TDI A5,Hatchback,Manual,Diesel,224018,5.0,WVWZZZ1KZ8U021022,No plates,Unregistered,4,2.0,Silver,Black,Yes,Yes,No,Partial,Yes,QLD,https://www.grays.com/lot/0001-50714522/motor-vehicles-motor-cycles/2008-volkswagen-golf-gt-sport-tdi-a5-turbo-diesel-manual-hatchback,"Dents or marks on body consistent with age and kilometres.
Other Warning light ON
Paint peeling Various panels
Large Dent on Tailgate",23,,15 February 2026
2013,SUZUKI,Swift,Sport FZ,Hatchback,CVT,Petrol,122669,5.0,JSAFZC32S00104671,No plates,Unregistered,4,1.6,Red,Black,Yes,Yes,Yes,Partial,Yes,QLD,https://www.grays.com/lot/0001-50714519/motor-vehicles-motor-cycles/2013-suzuki-swift-sport-fz-cvt-hatchback,"Dents or marks on body consistent with age and kilometres.
Paint peeling Bonnet
Paint fading Rear spoiler",83,"$7,452",15 February 2026
2017,NISSAN,Serena,(Import),People Mover,Automatic,Hybrid,81581,8.0,6ZZG000GC27005875,No plates,Unregistered,4,2.0,Silver,Black,Yes,Yes,No,No,Yes,QLD,https://www.grays.com/lot/0001-50714508/motor-vehicles-motor-cycles/2017-nissan-serena-import-automatic-8-seats-people-mover,Dents or marks on body consistent with age and kilometres.,181,"$15,300",15 February 2026
2011,HYUNDAI,Santa,Fe Highlander CM,Wagon,Automatic,Petrol,198248,7.0,KMHSH81GMBU748968,No plates,Unregistered,6,3.5,Black,Black Leather,Yes,No,Yes,Partial,Yes,QLD,https://www.grays.com/lot/0001-50714504/motor-vehicles-motor-cycles/2011-hyundai-santa-fe-highlander-cm-automatic-7-seats-wagon,"Engine idling rough
Dents or marks on body consistent with age and kilometres.
Front Seat worn Both
Door card Worn.
Medium Scratch on RHF guard
Paint fading Rear spoiler",17,"$1,500",15 February 2026
2019,KIA,Optima,Si JF,Sedan,Automatic,Petrol,229462,5.0,KNAGU413ML5374172,No plates,Unregistered,4,2.4,White,Black,Yes,Yes,Yes,Yes,Yes,QLD,https://www.grays.com/lot/0001-50714549/motor-vehicles-motor-cycles/2019-kia-optima-si-jf-automatic-sedan,"Dents or marks on body consistent with age and kilometres.
Hail damage visible.",32,"$7,000",16 February 2026
2019,TOYOTA,Camry,ASCENT SPORT HYBRID AXVH71R,Sedan,CVT,Hybrid,71676,5.0,JTNB23HK803058149,No plates,Unregistered,4,2.5,White,Black,Yes,Yes,Yes,Partial,Yes,QLD,https://www.grays.com/lot/0001-50714548/motor-vehicles-motor-cycles/2019-toyota-camry-ascent-sport-hybrid-axvh71r-cvt-sedan,Dents or marks on body consistent with age and kilometres.,147,,16 February 2026
2011,BMW,X3,xDrive 20d F25,Wagon,Automatic,Diesel,236921,5.0,WBAWY32060L676871,No plates,Unregistered,4,2.0,Black,Black Leather,Yes,Yes,Yes,Partial,Yes,QLD,https://www.grays.com/lot/0001-50714539/motor-vehicles-motor-cycles/2011-bmw-x3-xdrive-20d-f25-turbo-diesel-automatic-8-speed-wagon,"Dents or marks on body consistent with age and kilometres.
Medium Dent on LHF guard
Large Scratch on LHF door
Medium Scuff on RHF bumper
Seat Torn Driver
Engine Water Leak",19,"$1,609",16 February 2026
2020,FORD,Ranger,4X4 PX III Dual Ute (GVM Upgrade),Crew Cab Chassis,Automatic,Diesel,287435,5.0,MPBUMEF50LX270461,No plates,Unregistered,5,3.2,White,Black,Yes,Yes,Yes,Partial,Yes,QLD,https://www.grays.com/lot/0001-50714544/motor-vehicles-motor-cycles/2020-ford-ranger-4x4-px-iii-turbo-diesel-auto-dual-cab-ute-gvm-upgrade,"Dents or marks on body consistent with age and kilometres.
Hail damage visible.
Windscreen Chipped or Cracked.
Rear View Mirror Broken",100,"$13,000",17 February 2026
2007,MITSUBISHI,Outlander,XLS ZG,Wagon,CVT,Petrol,170544,7.0,JMFXTCW5W8Z002322,No plates,Unregistered,4,2.4,Blue,Black,Yes,Yes,Yes,No,Yes,QLD,https://www.grays.com/lot/0001-50714514/motor-vehicles-motor-cycles/2007-mitsubishi-outlander-xls-zg-cvt-7-seats-wagon,"Hail damage visible.
Engine Oil Leak
Medium Scratch on Rear spoiler
Dents or marks on body consistent with age and kilometres.
Transmission Requires attention Strongly recommend inspection by qualified third party
Engine light ON
Flat Battery. Jump start or towing required",8,$609,17 February 2026
2016,MAZDA,Bt-50,4X2 XT,Cab Chassis,Automatic,Diesel,190110,2.0,MM0UR0YD100563625,No plates,Unregistered,4,2.2,White,Black,Yes,No,No,No,Yes,QLD,https://www.grays.com/lot/0001-50714502/motor-vehicles-motor-cycles/2016-mazda-bt-50-4x2-xt-turbo-diesel-automatic-cab-chassis,Dents or marks on body consistent with age and kilometres.,133,,15 February 2026
2003,NISSAN,Pulsar,Q N16,Hatchback,Automatic,Petrol,174619,5.0,SJNFBAN16A0388240,No plates,Unregistered,4,1.8,White,Grey,Yes,No,Yes,Partial,Yes,QLD,https://www.grays.com/lot/0001-50714501/motor-vehicles-motor-cycles/2003-nissan-pulsar-q-n16-automatic-hatchback,"Dents or marks on body consistent with age and kilometres.
Front Seat worn Both
Back Seat Stains.
Paint cracked Bonnet",23,"$1,909",15 February 2026
2010,KIA,Rio,SI JB,Sedan,Automatic,Petrol,198588,5.0,KNADH413MB6787595,No plates,Unregistered,4,1.6,Red,Black,Yes,No,Yes,Partial,Yes,QLD,https://www.grays.com/lot/0001-50714499/motor-vehicles-motor-cycles/2010-kia-rio-si-jb-automatic-sedan,"Paint peeling Various panels
Large Scuff on RHF bumper
Dents or marks on body consistent with age and kilometres.
Air Con requires attention.",29,"$1,709",15 February 2026
2016,TOYOTA,Camry,Altise ASV50R,Sedan,Automatic,Petrol,175664,5.0,6T1BF3FK90X094033,No plates,Unregistered,4,2.5,White,Black,Yes,No,No,No,Yes,QLD,https://www.grays.com/lot/0001-50714500/motor-vehicles-motor-cycles/2016-toyota-camry-altise-asv50r-automatic-sedan,"Dents or marks on body consistent with age and kilometres.
Back Seat Stains.",130,"$9,700",16 February 2026
2020,VOLKSWAGEN,Passat,140TSI BUSINESS B8,Wagon,Automatic,Petrol,117913,5.0,WVWZZZ3CZLE084601,2CG9LO,Unregistered,4,2.0,Grey,Black Leather,Yes,No,Yes,Partial,Yes,VIC,https://www.grays.com/lot/0001-21062979/motor-vehicles-motor-cycles/2020-volkswagen-passat-140tsi-business-b8-automatic-wagon,Dents or marks on body consistent with age and kilometres.,39,,16 February 2026
2022,NISSAN,X-trail,ST-L FWD T32,Wagon,CVT,Petrol,109470,5.0,JN1TBAT32A0089161,1VQ6YV,19-02-2026,4,2.5,White,Black Leather,Yes,Yes,Yes,Partial,Yes,VIC,https://www.grays.com/lot/0001-21062978/motor-vehicles-motor-cycles/2022-nissan-x-trail-st-l-fwd-t32-cvt-wagon,"Medium Scratch on Around vehicle
Carpet worn in places.
Dents or marks on body consistent with age and kilometres.",134,,16 February 2026
2020,NISSAN,X-trail,ST AWD T32,Wagon,CVT,Petrol,32935,5.0,JN1TBNT32A0060162,1SX8KH,15-12-2026,4,2.5,White,Black,Yes,No,Yes,Yes,Yes,VIC,https://www.grays.com/lot/0001-21062977/motor-vehicles-motor-cycles/2020-nissan-x-trail-st-awd-t32-cvt-wagon,Dents or marks on body consistent with age and kilometres.,115,,16 February 2026
2021,TOYOTA,Camry,Ascent AXVA70R,Sedan,Automatic,Petrol,101574,5.0,JTNB13HK603157555,1VH2QJ,28-07-2026,4,2.5,Silver,Black,Yes,Yes,Yes,Yes,Yes,VIC,https://www.grays.com/lot/0001-21062976/motor-vehicles-motor-cycles/2021-toyota-camry-ascent-axva70r-automatic-8-speed-sedan,"Medium Scratch on Around vehicle
Medium Dent on Around vehicle",94,,16 February 2026
2005,TOYOTA,Rav,4 CRUISER ACA23R,Wagon,Automatic,Petrol,257379,5.0,JTEHD20V200064339,TNA694,30-03-2026,4,2.4,Champagne,Grey,Yes,Yes,No,No,Yes,VIC,https://www.grays.com/lot/0001-21062990/motor-vehicles-motor-cycles/2005-toyota-rav-4-cruiser-aca23r-automatic-wagon,"Dents or marks on body consistent with age and kilometres.
Medium Scratch on Around vehicle
Paint peeling on various panels",45,"$3,209",17 February 2026
2013,MITSUBISHI,Asx,4WD XB,Wagon,Automatic,Diesel,193369,5.0,JMFXLGA8WEZ001241,ZTD234,15-04-2026,4,2.3,Brown,Black,Yes,Yes,Yes,No,Yes,VIC,https://www.grays.com/lot/0001-21062989/motor-vehicles-motor-cycles/2013-mitsubishi-asx-4wd-xb-turbo-diesel-automatic-wagon,"Medium Dents, Scratches Around vehicle
Engine light ON
Paint fading spoiler
Dents or marks on body consistent with age and kilometres.",44,"$4,300",17 February 2026
2022,MAZDA,Cx-5,Touring KF,Wagon,Automatic,Petrol,75919,5.0,JM0KF4WLA00773286,1WI1RI,21-03-2026,4,2.5,White,Black Leather,Yes,Yes,Yes,Yes,Yes,VIC,https://www.grays.com/lot/0001-21062975/motor-vehicles-motor-cycles/2022-mazda-cx-5-touring-kf-automatic-wagon,"Dents or marks on body consistent with age and kilometres.
Medium Scratch on various panels",169,,16 February 2026
2006,MAZDA,3,Maxx BK,Sedan,Automatic,Petrol,244302,5.0,JM0BK10F200309216,UHG638,16-02-2026,4,2.0,Grey,Black,Yes,No,No,Yes,Yes,VIC,https://www.grays.com/lot/0001-21062972/motor-vehicles-motor-cycles/2006-mazda-3-maxx-bk-automatic-sedan,"Paint peeling Around vehicle
Dents or marks on body consistent with age and kilometres.",41,"$3,109",17 February 2026
2012,HOLDEN,Cruze,CD JH,Hatchback,Automatic,Petrol,170703,5.0,6G1PD6E59DL816103,1XD5IA,Unregistered,4,1.8,Blue,Black,Yes,No,Yes,Yes,Yes,VIC,https://www.grays.com/lot/0001-21062971/motor-vehicles-motor-cycles/2012-holden-cruze-cd-jh-automatic-hatchback,"Medium Scratch on Around vehicle
Front Seat Stains Driver seat",17,"$1,509",17 February 2026
2016,LAND,Rover,Range Rover TDV6 VOGUE,Wagon,Automatic,Diesel,234763,5.0,SALGA2KE2GA299410,AMI274,10-02-2026,6,3.0,Black,Black Leather,Yes,Yes,Yes,Yes - Online,Yes,VIC,https://www.grays.com/lot/0001-21062953/motor-vehicles-motor-cycles/2016-land-rover-range-rover-tdv6-vogue-turbo-diesel-auto-8-speed-wagon,Dents or marks on body consistent with age and kilometres.,290,"$29,500",17 February 2026
2017,HOLDEN,Trax,LTZ TJ,Wagon,Automatic,Petrol,145082,5.0,KL3BA7689JB507065,1LL7IV,02-02-2026,4,1.4,Blue,Black Leather,Yes,Yes,Yes,Yes,Yes,VIC,https://www.grays.com/lot/0001-21062951/motor-vehicles-motor-cycles/2017-holden-trax-ltz-tj-automatic-wagon,"Dents or marks on body consistent with age and kilometres.
Medium Scratch on Front right fender
Paint fading on various panels",41,"$4,355",17 February 2026
2010,VOLKSWAGEN,Passat,CC 125TDI 3CC,Coupe,Automatic,Diesel,171110,4.0,WVWZZZ3CZAE540111,2DW9BS,22-04-2026,4,2.0,Black,Cream Leather,Yes,Yes,No,No,Yes,VIC,https://www.grays.com/lot/0001-21062949/motor-vehicles-motor-cycles/2010-volkswagen-passat-cc-125tdi-3cc-turbo-diesel-automatic-coupe,"Medium Scratch on Around vehicle
Medium Dent on Around vehicle
Other Warning light ON
Hood Lining Sagging",28,"$2,309",17 February 2026
2013,HOLDEN,Cruze,SRi JH,Sedan,Manual,Petrol,126470,5.0,6G1PE5EN3EL926248,1BJ6PS,30-04-2026,4,1.6,Black,Black,Yes,No,Yes,Partial,Yes,VIC,https://www.grays.com/lot/0001-21062948/motor-vehicles-motor-cycles/2013-holden-cruze-sri-jh-manual-sedan,"Large Scratch on Around vehicle
Medium Dent on Around vehicle
Dents or marks on body consistent with age and kilometres.",22,"$1,600",17 February 2026
2005,SUBARU,Impreza,RS G2,Hatchback,Automatic,Petrol,202576,5.0,JF1GGEKR55G028704,TJW264,17-02-2026,4,2.5,Silver,Black,Yes,Yes,Yes,Partial,Yes,VIC,https://www.grays.com/lot/0001-21062947/motor-vehicles-motor-cycles/2005-subaru-impreza-rs-g2-automatic-hatchback,"Medium Scratch on Around vehicle
Medium Dent on Around vehicle
Paint peeling Around vehicle
Dents or marks on body consistent with age and kilometres.",29,"$2,309",17 February 2026
2002,MAZDA,Tribute,LIMITED 3.0,Wagon,Automatic,Petrol,234574,5.0,JM0YU061021109180,RQJ877,19-06-2026,6,3.0,Champagne,Grey,Yes,Yes,Yes,Yes,Yes,VIC,https://www.grays.com/lot/0001-21062946/motor-vehicles-motor-cycles/2002-mazda-tribute-limited-3-0-automatic-wagon,"Dents or marks on body consistent with age and kilometres.
Medium Scratch on Around vehicle",20,"$1,309",17 February 2026
2014,KIA,Sorento,SLi XM,Wagon,Automatic,Diesel,184119,7.0,KNAKU814SE5508892,1BH3BA,27-02-2026,4,2.2,Silver,Black Leather,Yes,Yes,No,Yes,Yes,VIC,https://www.grays.com/lot/0001-21062918/motor-vehicles-motor-cycles/2014-kia-sorento-sli-xm-turbo-diesel-automatic-7-seats-wagon,"Dents or marks on body consistent with age and kilometres.
Paint fading Tailgate",124,"$7,009",16 February 2026
2015,AUDI,Q3,1.4 TFSI COD 8U,Wagon,Automatic,Petrol,187966,5.0,WAUZZZ8UXGR044826,AGX285,03-02-2026,4,1.4,White,Black Leather,Yes,No,Yes,Yes,Yes,VIC,https://www.grays.com/lot/0001-21062917/motor-vehicles-motor-cycles/2015-audi-q3-1-4-tfsi-cod-8u-automatic-wagon,Medium Scuff on Around vehicle,129,"$8,200",16 February 2026
2013,NISSAN,Pathfinder,ST-L R52,Wagon,CVT,Petrol,281887,7.0,5N1AR2MN2EC635931,1AW3JQ,21-02-2026,6,3.5,Grey,Black Leather,Yes,Yes,Yes,No,Yes,VIC,https://www.grays.com/lot/0001-21062916/motor-vehicles-motor-cycles/2013-nissan-pathfinder-st-l-r52-cvt-7-seats-wagon,"Dents or marks on body consistent with age and kilometres.
Medium Scratch on various panels",77,"$4,900",16 February 2026
2017,HOLDEN,Astra,R BK,Hatchback,Automatic,Petrol,165246,5.0,W0LBF6EC7HG156258,1JC2HK,12-02-2026,4,1.4,Grey,Black,Yes,No,Yes,Yes,Yes,VIC,https://www.grays.com/lot/0001-21062915/motor-vehicles-motor-cycles/2017-holden-astra-r-bk-automatic-hatchback,"Medium Scuff on Around vehicle
Dents or marks on body consistent with age and kilometres.
Large Scuff on Front bumper",73,"$5,650",16 February 2026
2004,HOLDEN,Astra,CD TS,Hatchback,Automatic,Petrol,196790,5.0,W0L0TGF4845151007,SYX316,22-01-2026,4,1.8,Silver,Black,Yes,No,Yes,Partial,Yes,VIC,https://www.grays.com/lot/0001-21062914/motor-vehicles-motor-cycles/2004-holden-astra-cd-ts-automatic-hatchback,Medium Scratch on Around vehicle,9,$409,16 February 2026
2005,HYUNDAI,Getz,S TB,Hatchback,Manual,Petrol,199495,5.0,KMHBT31DR6U128659,2AR9NX,05-02-2026,4,1.4,White,Grey,Yes,No,No,No,Yes,VIC,https://www.grays.com/lot/0001-21062913/motor-vehicles-motor-cycles/2005-hyundai-getz-s-tb-manual-hatchback,"Dents or marks on body consistent with age and kilometres.
Medium Scuff on Around vehicle
Front Seat Stains Both
Back Seat Stains.",7,$609,16 February 2026
2008,TOYOTA,Kluger,4X2 KX-R GSU40R,Wagon,Automatic,Petrol,283146,5.0,JTEDS41A302073342,XNI079,04-02-2026,6,3.5,Grey,Black,Yes,No,Yes,Partial,Yes,VIC,https://www.grays.com/lot/0001-21062945/motor-vehicles-motor-cycles/2008-toyota-kluger-4x2-kx-r-gsu40r-automatic-wagon,"Dents or marks on body consistent with age and kilometres.
Medium Scuff on Rear passenger side
Medium Scratch on Front bumper",50,"$3,450",17 February 2026
2002,MAZDA,Premacy,,Hatchback,Automatic,Petrol,181488,5.0,JM0CP10S200200696,RWA090,21-02-2026,4,2.0,Black,Grey,Yes,No,Yes,Partial,Yes,VIC,https://www.grays.com/lot/0001-21062944/motor-vehicles-motor-cycles/2002-mazda-premacy-automatic-hatchback,"Medium Scratch on Around vehicle
Medium Dent on Around vehicle
Paint fading Around vehicle
Corrosion visible Roof rails
Dents or marks on body consistent with age and kilometres.",14,"$1,309",17 February 2026
2016,HYUNDAI,Tucson,ELITE AWD TL,Wagon,Automatic,Petrol,131211,5.0,TMAJ3812WHJ325426,ALS875,27-10-2026,4,1.6,White,Black Leather,Yes,Yes,Yes,Yes,Yes,VIC,https://www.grays.com/lot/0001-21062927/motor-vehicles-motor-cycles/2016-hyundai-tucson-elite-awd-tl-automatic-wagon,"Medium Scratch on Around vehicle
Seat Torn Driver seat
Dents or marks on body consistent with age and kilometres.",108,"$13,100",17 February 2026
2007,MAZDA,Cx-7,Luxury,Wagon,Automatic,Petrol,202951,5.0,JM0ER103100104313,2CF2DS,19-03-2026,4,2.3,Grey,Black Leather,Yes,No,No,Partial,Yes,VIC,https://www.grays.com/lot/0001-21062921/motor-vehicles-motor-cycles/2007-mazda-cx-7-luxury-automatic-wagon,"Engine light ON
Dents or marks on body consistent with age and kilometres.
Dents or marks on body consistent with age and kilometres.
Medium Scuff on Passenger side back door",23,"$2,009",17 February 2026
2012,HYUNDAI,I20,Active PB,Hatchback,Automatic,Petrol,183302,5.0,MALBB51CMDM495559,1BX9YD,15-04-2026,4,1.4,White,Black,Yes,No,Yes,Partial,Yes,VIC,https://www.grays.com/lot/0001-21062912/motor-vehicles-motor-cycles/2012-hyundai-i20-active-pb-automatic-hatchback,"Airbag light ON
Paint peeling Around vehicle
Medium Scuff on Around vehicle
Dents or marks on body consistent with age and kilometres.",37,"$2,909",16 February 2026
2010,FORD,Mondeo,LX MC,Wagon,Automatic,Petrol,284495,5.0,WF0GXXGBBGAB72940,YCY337,17-01-2027,4,2.3,Silver,Grey,Yes,No,Yes,Partial,Yes,VIC,https://www.grays.com/lot/0001-21062910/motor-vehicles-motor-cycles/2010-ford-mondeo-lx-mc-automatic-wagon,"Medium Scratch on Around vehicle
Dents or marks on body consistent with age and kilometres.
Large Scuff on Front bumper
Medium Dent on various panels",13,"$1,209",16 February 2026
2013,JEEP,Grand,Cherokee Laredo (4x4) WK 8 Spd,Wagon,Automatic,Diesel,244662,5.0,1C4RJFEMXEC165658,1AG8XE,29-10-2026,6,3.0,Grey,Black,Yes,Yes,No,No,Yes,VIC,https://www.grays.com/lot/0001-21062909/motor-vehicles-motor-cycles/2013-jeep-grand-cherokee-laredo-4x4-wk-turbo-diesel-automatic-8-spd-wagon,"Windscreen Chipped or Cracked.
Dents or marks on body consistent with age and kilometres.",60,"$4,552",16 February 2026
2015,MAZDA,Cx-5,Maxx KE,Wagon,Automatic,Petrol,294388,5.0,JM0KE107200318361,1VW3AV,06-03-2026,4,2.0,White,Black,Yes,Yes,Yes,Partial,Yes,VIC,https://www.grays.com/lot/0001-21062904/motor-vehicles-motor-cycles/2015-mazda-cx-5-maxx-ke-automatic-wagon,"Dents or marks on body consistent with age and kilometres.
Medium Scratch on Front Bumper",104,"$6,100",17 February 2026
2009,MAZDA,6,Classic GH,Sedan,Automatic,Petrol,292706,5.0,JM0GH105100132345,1JF4JT,28-02-2027,4,2.5,Grey,Black,Yes,No,Yes,Partial,Yes,VIC,https://www.grays.com/lot/0001-21062903/motor-vehicles-motor-cycles/2009-mazda-6-classic-gh-automatic-sedan,"Dents or marks on body consistent with age and kilometres.
Paint fading Around vehicle
Medium Scratch on Around vehicle
Corrosion visible Right rear quarter
Paint cracked front bumper",31,"$2,509",17 February 2026
2007,NISSAN,Skyline,(IMPORT) V36,Sedan,Automatic,Petrol,119979,5.0,6U90000PV36204408,1TZ6PD,Unregistered,6,3.5,Blue,Black,Yes,Yes,Yes,Partial,Yes,VIC,https://www.grays.com/lot/0001-21062902/motor-vehicles-motor-cycles/2007-nissan-skyline-import-v36-automatic-sedan,"Medium Scratch on Around vehicle
Seat Torn Driver seat",82,"$6,500",17 February 2026
2007,MERCEDES,Benz,C180 K SPORTS CL203,Coupe,Automatic,Petrol,195764,4.0,WDB2037462A964849,YSJ450,13-07-2026,4,1.8,Black,Black Leather,Yes,Yes,Yes,Partial,Yes,VIC,https://www.grays.com/lot/0001-21062901/motor-vehicles-motor-cycles/2007-mercedes-benz-c180-k-sports-coupe-cl203-automatic-coupe,"Dents or marks on body consistent with age and kilometres.
Medium Scratch on Around vehicle",21,"$1,609",17 February 2026
2006,MAZDA,6,Classic GG,Hatchback,Manual,Petrol,210076,5.0,JM0GG103200530147,UJF655,12-09-2026,4,2.3,Grey,Black,Yes,Yes,Yes,Yes,Yes,VIC,https://www.grays.com/lot/0001-21062900/motor-vehicles-motor-cycles/2006-mazda-6-classic-gg-manual-hatchback,"Large Scuff on Around vehicle
Corrosion visible Passenger side back door",35,"$2,809",17 February 2026
1999,BMW,Z3,,Coupe,Manual,Petrol,196335,2.0,WBACL32090L671572,RCG910,Unregistered,6,2.0,Black,Black Leather,Yes,Yes,Yes,Yes,Yes,VIC,https://www.grays.com/lot/0001-21062899/motor-vehicles-motor-cycles/1999-bmw-z3-manual-coupe,"Front Seat worn Drivers
Dents or marks on body consistent with age and kilometres.
Medium Scratches Around vehicle
Front bumper needs attention and missing right park light Trim around rear roof glass needs attention, semi automatic roof, poor on brake, button manually close and open to half way ensure locaters are aligned when closing
Front bumper needs attention and missing right park light Trim around rear roof glass needs attention, semi automatic roof, poor on brake, button manually close and open to half way ensure locaters are aligned when closing",94,"$7,301",17 February 2026
2013,BMW,1,Series 120i E88,Convertible,Automatic,Petrol,103421,4.0,WBAUL52080VV98194,1AT5AB,30-07-2026,4,2.0,Silver,Black Leather,Yes,Yes,Yes,Partial,Yes,VIC,https://www.grays.com/lot/0001-21062898/motor-vehicles-motor-cycles/2013-bmw-1-series-120i-e88-automatic-convertible,"Dents or marks on body consistent with age and kilometres.
Medium Scratch on Around vehicle
Engine Smoke visible
Engine knock",18,"$3,700",17 February 2026
2009,MITSUBISHI,Lancer,ES CJ,Sedan,CVT,Petrol,223767,5.0,JMFSTCY4A9U005465,YXU640,03-03-2026,4,2.0,Silver,Grey,Yes,Yes,Yes,Partial,Yes,VIC,https://www.grays.com/lot/0001-21062868/motor-vehicles-motor-cycles/2009-mitsubishi-lancer-es-cj-cvt-sedan,"Carpet worn in places.
Dents or marks on body consistent with age and kilometres.
Rear Cracked bumper.
Medium Scuff on Around vehicle",40,"$3,009",15 February 2026
2014,VOLVO,S60,T4,Sedan,Automatic,Petrol,163045,5.0,YV1FS48HBF2345237,ADX003,11-03-2026,4,1.6,White,Black Leather,Yes,No,Yes,Partial,Yes,VIC,https://www.grays.com/lot/0001-21062864/motor-vehicles-motor-cycles/2014-volvo-s60-t4-automatic-sedan,"Dents or marks on body consistent with age and kilometres.
Large Scuff on Front bumper",76,"$5,201",15 February 2026
2013,NISSAN,Pulsar,ST-L C12,Hatchback,CVT,Petrol,148725,5.0,MNTFAAC12A0004199,No plates,Unregistered,4,1.8,White,Black,Yes,Yes,No,No,Yes,VIC,https://www.grays.com/lot/0001-21062860/motor-vehicles-motor-cycles/2013-nissan-pulsar-st-l-c12-cvt-hatchback,Dents or marks on body consistent with age and kilometres.,82,"$4,609",15 February 2026
2015,NISSAN,Qashqai,TS J11,Wagon,CVT,Diesel,130244,5.0,SJNFDAJ11A1322634,No plates,Unregistered,4,1.6,Silver,Black,Yes,Yes,Yes,Yes,Yes,VIC,https://www.grays.com/lot/0001-21062859/motor-vehicles-motor-cycles/2015-nissan-qashqai-ts-j11-turbo-diesel-cvt-wagon,"Engine light ON
Windscreen Chipped or Cracked.
Dents or marks on body consistent with age and kilometres.
Medium Scratch on Around vehicle
Engine overheating, tow advisable.",15,,16 February 2026
2014,PEUGEOT,308,Allure Touring T9,Wagon,Automatic,Diesel,250097,5.0,VF3LJAHXWES218036,1CE9HJ,19-03-2026,4,2.0,White,Black,Yes,Yes,Yes,Partial,Yes,VIC,https://www.grays.com/lot/0001-21062858/motor-vehicles-motor-cycles/2014-peugeot-308-allure-touring-t9-turbo-diesel-automatic-wagon,"Dents or marks on body consistent with age and kilometres.
Paint fading Passenger mirror casing
Medium Scratch on Drivers door",31,"$2,600",16 February 2026
2008,TOYOTA,Camry,Altise ACV40R,Sedan,Automatic,Petrol,225163,5.0,6T153BK400X069841,WWH959,29-12-2026,4,2.4,White,Black,Yes,No,Yes,Partial,Yes,VIC,https://www.grays.com/lot/0001-21062897/motor-vehicles-motor-cycles/2008-toyota-camry-altise-acv40r-automatic-sedan,"Large Scuff on Around vehicle
Corrosion visible Around vehicle",35,"$3,200",17 February 2026
2018,TOYOTA,Camry,Ascent ASV70R,Sedan,Automatic,Petrol,243458,5.0,JTNBF3HKX03018501,1RO3YZ,14-03-2026,4,2.5,Silver,Grey,Yes,No,Yes,Partial,Yes,VIC,https://www.grays.com/lot/0001-21062896/motor-vehicles-motor-cycles/2018-toyota-camry-ascent-asv70r-automatic-sedan,"Medium Dent on Boot
Medium Scratch on Around vehicle
Windscreen Chipped or Cracked.",119,"$10,500",17 February 2026
2018,FORD,Everest,Titanium TITANIUM 4WD UAII 10,Wagon,Automatic,Diesel,173143,7.0,MNAAXXMAWAJB96487,1OB7TT,28-02-2026,4,2.0,Grey,Black Leather,Yes,Yes,Yes,Yes,Yes,VIC,https://www.grays.com/lot/0001-21062895/motor-vehicles-motor-cycles/2018-ford-everest-titanium-titanium-4wd-uaii-turbo-diesel-10-auto,Medium Scratch on Around vehicle,148,"$23,426",17 February 2026
2004,LEXUS,Rx,RX330 SPORTS MCU38R,Wagon,Automatic,Petrol,164061,5.0,JTJHA31U800080633,YLC244,02-08-2026,6,3.3,Grey,Black Leather,Yes,No,Yes,Partial,Yes,VIC,https://www.grays.com/lot/0001-21062892/motor-vehicles-motor-cycles/2004-lexus-rx-rx330-sports-mcu38r-automatic-wagon,"Medium Dents, Scuffs, Paint Fade Around exterior
Paint chipped -touched up- rear passenger door.
Dents or marks on body consistent with age and kilometres.
Side mirror cracked.
Side mirror cracked.",43,"$3,109",17 February 2026
2004,HOLDEN,Commodore,Executive VY,Wagon,Automatic,Petrol,449719,5.0,6G1YK82AX4L283010,SXK311,01-03-2026,6,3.8,White,Black,Yes,No,Yes,No,Yes,VIC,https://www.grays.com/lot/0001-21062853/motor-vehicles-motor-cycles/2004-holden-commodore-executive-vy-automatic-wagon,"Medium Scratch on Around vehicle
Medium Dent on Around vehicle
Windscreen Chipped or Cracked.
Hood Lining Sagging
Damaged Passenger side tail light
Front Seat worn Driver seat
Dents or marks on body consistent with age and kilometres.",7,$609,15 February 2026
2010,FORD,Fiesta,LX WT,Hatchback,Manual,Diesel,147140,5.0,MNBJXXARJJAG30451,YRW247,22-05-2026,4,1.6,Blue,Grey,Yes,No,Yes,Partial,Yes,VIC,https://www.grays.com/lot/0001-21062852/motor-vehicles-motor-cycles/2010-ford-fiesta-lx-wt-turbo-diesel-manual-hatchback,Medium Scratch on Around vehicle,28,"$1,909",15 February 2026
2016,LAND,Rover,Range Rover Sport 3.0 TDV6 SE,Wagon,Automatic,Diesel,245911,7.0,SALWA2KE7GA119513,VRR078,18-05-2026,6,3.0,Grey,Black Leather,Yes,No,Yes,No,Yes,VIC,https://www.grays.com/lot/0001-21062851/motor-vehicles-motor-cycles/2016-land-rover-range-rover-sport-3-0-tdv6-se-turbo-diesel-auto-8-speed,"Medium Scuff on Around vehicle
Windscreen Chipped or Cracked.
Dents or marks on body consistent with age and kilometres.
both Cracked bumper.",182,"$17,700",15 February 2026
2015,MAZDA,Cx-5,Grand Touring KE,Wagon,Automatic,Diesel,126710,5.0,JM0KE102200333155,1ZU8LF,14-06-2026,4,2.2,Red,Black Leather,Yes,Yes,Yes,Yes,Yes,VIC,https://www.grays.com/lot/0001-21062849/motor-vehicles-motor-cycles/2015-mazda-cx-5-grand-touring-ke-turbo-diesel-automatic-wagon,Medium Scratces Around vehicle,146,"$11,100",15 February 2026
2015,HOLDEN,Cruze,CD Sportwagon JH,Wagon,Automatic,Petrol,209348,5.0,KL3JA35MJFK046889,1GH5WR,27-04-2026,4,1.8,White,Grey,Yes,Yes,No,No,Yes,VIC,https://www.grays.com/lot/0001-21062847/motor-vehicles-motor-cycles/2015-holden-cruze-cd-sportwagon-jh-automatic-wagon,"Dents or marks on body consistent with age and kilometres.
Windscreen Chipped.",38,"$2,732",15 February 2026
2014,TOYOTA,Camry,Atara S ASV50R,Sedan,Automatic,Petrol,186784,5.0,6T1BF3FK10X056781,1CQ8EW,28-08-2026,4,2.5,Grey,Grey,Yes,No,Yes,Yes,Yes,VIC,https://www.grays.com/lot/0001-21062846/motor-vehicles-motor-cycles/2014-toyota-camry-atara-s-asv50r-automatic-sedan,"Medium Scuff on Rear bumper
Medium Scratch on Passenger door
Windscreen Chipped or Cracked.",100,"$9,200",15 February 2026
2012,SUBARU,Forester,X S3,Wagon,Automatic,Petrol,227353,5.0,JF2SHMKS5CG093590,2CT8QG,19-06-2026,4,2.5,Grey,Black Leather,Yes,Yes,No,No,Yes,VIC,https://www.grays.com/lot/0001-21062857/motor-vehicles-motor-cycles/2012-subaru-forester-x-s3-automatic-wagon,"Medium Scratch on Around vehicle
Dents or marks on body consistent with age and kilometres.
Seat Torn hole",39,"$2,900",16 February 2026
2008,SUBARU,Outback,3.0R Premium B4A,Wagon,Automatic,Petrol,251887,5.0,JF2BPEKUA8G069519,WIB107,11-03-2026,6,3.0,Grey,Black Leather,Yes,Yes,Yes,Yes,Yes,VIC,https://www.grays.com/lot/0001-21062856/motor-vehicles-motor-cycles/2008-subaru-outback-3-0r-premium-b4a-automatic-wagon,"Paint fading Around vehicle
Medium Scratch on Around vehicle
Dents or marks on body consistent with age and kilometres.
Front Seat worn driver side
Medium Dent on various panels
Corrosion visible on roof",21,"$2,600",16 February 2026
2014,TOYOTA,Hiace,KDH223R,Bus,Automatic,Diesel,178877,1.0,JTFST22P300021454,1OK4CR,31-03-2026,4,3.0,White,Grey,Yes,No,Yes,Partial,Yes,VIC,https://www.grays.com/lot/0001-21062855/motor-vehicles-motor-cycles/2014-toyota-hiace-kdh223r-turbo-diesel-automatic-14-seats-bus,"Dents or marks on body consistent with age and kilometres.
Medium Scratch on Around vehicle",153,"$18,400",16 February 2026
2020,MITSUBISHI,Outlander,BLACK EDITION 2WD ZL,Wagon,CVT,Petrol,293876,7.0,JMFXTGF8WLZ013829,1SW2WO,24-12-2025,4,2.4,White,Black Leather,Yes,No,No,Yes,Yes,VIC,https://www.grays.com/lot/0001-21062854/motor-vehicles-motor-cycles/2020-mitsubishi-outlander-black-edition-2wd-zl-cvt-7-seats-wagon,Dents or marks on body consistent with age and kilometres.,138,"$9,900",16 February 2026
2012,KIA,Sorento,Platinum XM,Wagon,Automatic,Diesel,308766,7.0,KNAKU814SC5298448,YXX314,21-03-2026,4,2.2,Dark Blue,Black Leather,Yes,No,Yes,Partial,Yes,VIC,https://www.grays.com/lot/0001-21062845/motor-vehicles-motor-cycles/2012-kia-sorento-platinum-xm-turbo-diesel-automatic-7-seats-wagon,"Dents or marks on body consistent with age and kilometres.
Medium Dent on Around vehicle
Paint fading on various panels
Medium Scratch on Around vehicle",79,"$5,509",15 February 2026
2012,HOLDEN,Cruze,CDX JH,Sedan,Automatic,Petrol,255605,5.0,6G1PE5E58CL624404,2DT2WI,30-04-2026,4,1.8,Black,Black Leather,Yes,No,Yes,Partial,Yes,VIC,https://www.grays.com/lot/0001-21062844/motor-vehicles-motor-cycles/2012-holden-cruze-cdx-jh-automatic-sedan,"Medium Scuff on Around vehicle
Medium Dent on Front quarter panel passenger side
Windscreen Chipped or Cracked.
Door card Worn.
Dents or marks on body consistent with age and kilometres.",15,"$1,209",15 February 2026
2010,VOLKSWAGEN,Golf,GTI A6,Hatchback,Automatic,Petrol,337493,5.0,WVWZZZ1KZAW347575,XSF177,07-03-2026,4,2.0,Red,Black Leather,Yes,Yes,Yes,Partial,Yes,VIC,https://www.grays.com/lot/0001-21062843/motor-vehicles-motor-cycles/2010-volkswagen-golf-gti-a6-automatic-hatchback,"Windscreen Chipped or Cracked.
Medium Scuffs Around vehicle
Exterior Light Fault Warning light ON
Dents or marks on body consistent with age and kilometres.
Damaged Front fog light",54,"$3,450",15 February 2026
2011,FORD,Territory,Titanium SZ AWD,Wagon,Automatic,Diesel,277447,7.0,6FPAAAJGATBY41266,ZYL689,09-03-2026,6,2.7,Blue,Black Leather,Yes,Yes,Yes,Partial,Yes,VIC,https://www.grays.com/lot/0001-21062842/motor-vehicles-motor-cycles/2011-ford-territory-titanium-sz-awd-turbo-diesel-automatic-7-seats-wagon,"Check engine Warning light ON
Hood Lining Sagging, Seat Torn Drivers
Paint peeling Rear bar
Dents or marks on body consistent with age and kilometres.
Controls inoperable Drivers window switch",42,"$3,250",15 February 2026
2011,BMW,X3,xDrive 20d F25,Wagon,Automatic,Diesel,156567,5.0,WBAWY32040L676075,YIE261,15-10-2026,4,2.0,Black,Tan Leather,Yes,No,No,No,Yes,VIC,https://www.grays.com/lot/0001-21062841/motor-vehicles-motor-cycles/2011-bmw-x3-xdrive-20d-f25-turbo-diesel-automatic-8-speed-wagon,"Medium Scuff Around vehicle
Large Scratch Around vehicle
Door card Worn.
Seat Torn front
Dents or marks on body consistent with age and kilometres.",27,"$3,600",15 February 2026
2010,PEUGEOT,3008,XTE,Hatchback,Automatic,Diesel,124671,5.0,VF30URHHAAS265410,YLF944,22-07-2026,4,2.0,Silver,Black Leather,Yes,Yes,No,Yes,Yes,VIC,https://www.grays.com/lot/0001-21062840/motor-vehicles-motor-cycles/2010-peugeot-3008-xte-turbo-diesel-automatic-hatchback,"Other Warning light ON
Dents or marks on body consistent with age and kilometres.
Large Scuff on Front bumper
Windscreen Chipped or Cracked.",19,"$1,509",15 February 2026
2008,HONDA,Accord,V6-LUXURY 8TH GEN,Sedan,Automatic,Petrol,186226,5.0,MRHCP36408P060882,WLJ337,19-06-2026,6,3.5,Grey,Grey,Yes,No,No,No,Yes,VIC,https://www.grays.com/lot/0001-21062838/motor-vehicles-motor-cycles/2008-honda-accord-v6-luxury-8th-gen-automatic-sedan,"Seat Torn Front passenger
Front Seat worn Drivers
Paint fading Around vehicle
Front and large scratches Cracked bumper.
Door card Worn.
Damaged rear light
Medium Scuff on front bumper",19,"$3,010",15 February 2026
2008,FORD,Mondeo,Zetec MA,Hatchback,Automatic,Petrol,194659,5.0,WF0EXXGBBE8S14867,WSD544,05-02-2026,4,2.3,Grey,Black,Yes,Yes,Yes,Yes,Yes,VIC,https://www.grays.com/lot/0001-21062837/motor-vehicles-motor-cycles/2008-ford-mondeo-zetec-ma-automatic-hatchback,"Paint fading Around vehicle
Medium Scratch on Around vehicle
Dents or marks on body consistent with age and kilometres.
Medium Dent on Bonnet, windscreen cracked/chipped",11,$709,15 February 2026
2007,AUDI,A4,2.0 TFSI Quattro B7,Sedan,Automatic,Petrol,146299,5.0,WAUZZZ8E38A011983,XRB706,Unregistered,4,2.0,Silver,Black Leather,Yes,No,Yes,Yes,Yes,VIC,https://www.grays.com/lot/0001-21062836/motor-vehicles-motor-cycles/2007-audi-a4-2-0-tfsi-quattro-b7-automatic-sedan,"Medium Scuff on Around vehicle
Dents or marks on body consistent with age and kilometres.",52,"$4,300",15 February 2026
2006,TOYOTA,Camry,Altise ACV36R,Sedan,Automatic,Petrol,230405,5.0,6T153BK360X104942,UXL309,30-01-2026,4,2.4,Green,Grey,Yes,Yes,Yes,Partial,Yes,VIC,https://www.grays.com/lot/0001-21062835/motor-vehicles-motor-cycles/2006-toyota-camry-altise-acv36r-automatic-sedan,"Engine Smoke visible.Engine noise on start up.
Medium Scratches Around vehicle
Dents or marks on body consistent with age and kilometres.
Corrosion visible Passenger door",16,$909,15 February 2026
2011,TOYOTA,Landcruiser,Prado GXL GRJ150R,Wagon,Automatic,Petrol,238329,7.0,JTEBU3FJ80K030331,No Plates,Unregistered,6,4.0,White,Grey,Yes,No,No,No,Yes,VIC,https://www.grays.com/lot/0001-21062831/motor-vehicles-motor-cycles/2011-toyota-landcruiser-prado-gxl-grj150r-automatic-7-seats-wagon,"Dents or marks on body consistent with age and kilometres.
Large Scuffs Around vehicle",140,"$11,800",15 February 2026
2011,SUBARU,Outback,2.0D Premium B5A,Wagon,Manual,Diesel,307994,5.0,JF2BRDKZ4CG033498,AAD146,26-04-2026,4,2.0,Grey,Black Leather,Yes,No,Yes,Partial,Yes,VIC,https://www.grays.com/lot/0001-21062830/motor-vehicles-motor-cycles/2011-subaru-outback-2-0d-premium-b5a-turbo-diesel-manual-wagon,"Paint fading Around vehicle
Dents or marks on body consistent with age and kilometres.",15,"$1,409",15 February 2026
2010,SUBARU,Liberty,3.6R PREMIUM B5,Sedan,Automatic,Petrol,256838,5.0,JF1BMFKU3AG006369,XTA010,30-03-2026,6,3.6,Grey,Black Leather,Yes,No,Yes,Partial,Yes,VIC,https://www.grays.com/lot/0001-21062829/motor-vehicles-motor-cycles/2010-subaru-liberty-3-6r-premium-b5-automatic-sedan,"Carpet worn in places.
Seat Torn Drivers
Dents or marks on body consistent with age and kilometres.
Rear Cracked bumper.
Medium Scratch on Around vehicle
Medium Dent on Roof",25,"$2,109",15 February 2026
2012,NISSAN,Dualis,Ti J10,Wagon,CVT,Petrol,229935,5.0,SJNFBAJ10A2625499,1PK6YC,01-05-2026,4,2.0,Black,Black Leather,Yes,Yes,Yes,Partial,Yes,VIC,https://www.grays.com/lot/0001-21062828/motor-vehicles-motor-cycles/2012-nissan-dualis-ti-j10-cvt-wagon,"Engine light ON
Paint peeling Around vehicle
Dents or marks on body consistent with age and kilometres.",40,"$2,900",15 February 2026
2008,HONDA,Accord,VTi 8TH GEN,Sedan,Automatic,Petrol,387687,5.0,MRHCP26308P030447,1ZQ2TU,01-04-2026,4,2.4,Silver,Multi,Yes,No,No,No,Yes,VIC,https://www.grays.com/lot/0001-21062827/motor-vehicles-motor-cycles/2008-honda-accord-vti-8th-gen-automatic-sedan,"Paint fading Around vehicle
Front Cracked bumper.
Door Mirror Broken Passenger mirror casing
Windscreen Chipped or Cracked.
Medium Scratch on Around vehicle
Medium Dent on Right rear passenger door",11,$809,15 February 2026
2006,TOYOTA,Corolla,Ascent ZZE122R,Hatchback,Manual,Petrol,252878,5.0,JTDKR22E000259039,UGF206,14-01-2026,4,1.8,Blue,Black,Yes,Yes,Yes,No,Yes,VIC,https://www.grays.com/lot/0001-21062826/motor-vehicles-motor-cycles/2006-toyota-corolla-ascent-zze122r-manual-hatchback,"Front Seat Stains Both
Back Seat Stains.
Paint peeling Around vehicle
Large Scuff on Around vehicle
Dents or marks on body consistent with age and kilometres.",31,"$1,750",15 February 2026
2008,SUBARU,Forester,XS S3,Wagon,Automatic,Petrol,217176,5.0,JF2SH9KL59G008632,AAI455,16-03-2026,4,2.5,Black,Grey,Yes,Yes,Yes,Yes,Yes,VIC,https://www.grays.com/lot/0001-21062825/motor-vehicles-motor-cycles/2008-subaru-forester-xs-s3-automatic-wagon,Dents or marks on body consistent with age and kilometres.,50,"$3,813",15 February 2026
2013,JEEP,Grand,Cherokee Limited WK,Wagon,Automatic,Petrol,128274,5.0,1C4RJFFG2EC176081,ZXH841,19-07-2026,6,3.6,White,Black Leather,Yes,Yes,Yes,Yes,Yes,VIC,https://www.grays.com/lot/0001-21062821/motor-vehicles-motor-cycles/2013-jeep-grand-cherokee-limited-wk-automatic-8-speed-wagon,"Front Seat worn Drivers
Medium Scratch on Around vehicle",75,"$7,700",16 February 2026
2014,RENAULT,Captur,Expression,Wagon,Automatic,Petrol,106874,5.0,VF12R401EE0710331,ADM951,12-02-2026,4,1.2,Orange,Grey,Yes,Yes,Yes,Yes,Yes,VIC,https://www.grays.com/lot/0001-21062823/motor-vehicles-motor-cycles/2014-renault-captur-expression-automatic-wagon,"Medium Scuff on various panels
Dents or marks on body consistent with age and kilometres.
Paint fading on various panels",75,"$5,009",17 February 2026
2011,LAND,Rover,Range Rover Sport 3.0 TDV6,Wagon,Automatic,Diesel,125952,5.0,SALLSAAF3CA719220,YSB042,02-02-2027,6,3.0,White,Tan Leather,Yes,Yes,Yes,Partial,Yes,VIC,https://www.grays.com/lot/0001-21062820/motor-vehicles-motor-cycles/2011-land-rover-range-rover-sport-3-0-tdv6-turbo-diesel-automatic-wagon,"Medium Scratch on Around vehicle
Dents or marks on body consistent with age and kilometres.
Medium Scuff on Around vehicle",164,"$12,209",17 February 2026
2010,HONDA,Civic,VTi 8TH GEN,Sedan,Automatic,Petrol,163492,5.0,MRHFD1650AP023781,XSD772,07-04-2026,4,1.8,Black,Grey,Yes,No,Yes,Yes,Yes,VIC,https://www.grays.com/lot/0001-21062819/motor-vehicles-motor-cycles/2010-honda-civic-vti-8th-gen-automatic-sedan,Dents or marks on body consistent with age and kilometres.,89,"$6,805",16 February 2026
2012,FORD,Focus,Trend LW,Hatchback,Automatic,Petrol,182413,5.0,WF0KXXGCBKCB46453,YSW996,09-03-2026,4,2.0,Red,Black,Yes,Yes,No,Yes,Yes,VIC,https://www.grays.com/lot/0001-21062790/motor-vehicles-motor-cycles/2012-ford-focus-trend-lw-automatic-hatchback,"Medium Scratch on Around vehicle
Dents or marks on body consistent with age and kilometres.
Rear bumper Cracked bumper.
Large Scuff on Around vehicle
Carpet worn in places.
Front Seat Marks drivers
Door card Worn.",32,"$3,009",17 February 2026
2012,BMW,X1,,Wagon,Manual,Diesel,207449,5.0,WBAVN32050VP53075,BVU949,22-01-2026,4,2.2,White,Black Leather,Yes,No,Yes,Partial,Yes,VIC,https://www.grays.com/lot/0001-21062789/motor-vehicles-motor-cycles/2012-bmw-x1-manual-wagon,"Dents or marks on body consistent with age and kilometres.
Other Warning light ON
Windscreen Chipped or Cracked.",67,"$3,909",17 February 2026
2016,TOYOTA,Alphard,Import Automatic,People Mover,CVT,Petrol,138444,8.0,6ZZG0AGH300063569,1YL7IR,Unregistered,4,2.5,White,Cream,Yes,Yes,No,No,Yes,VIC,https://www.grays.com/lot/0001-21062762/motor-vehicles-motor-cycles/2016-toyota-alphard-import-automatic-8-seats-people-mover,Medium Scratch on Around vehicle,242,"$25,300",17 February 2026
2006,TOYOTA,Hilux,,Ute,Automatic,Diesel,327455,5.0,MR0FZ29G601534210,AOI389,24-11-2025,4,3.0,Red,Grey,Yes,No,No,No,Yes,VIC,https://www.grays.com/lot/0001-21062761/motor-vehicles-motor-cycles/2006-toyota-hilux-automatic-ute,"Medium Scratch on Around vehicle
Other Warning light ON
Paint peeling Around vehicle
Flat Battery. Jump start or towing required",97,,17 February 2026
1999,JAGUAR,S,type,Sedan,Automatic,Petrol,131631,5.0,3AJAG01E8YFL32641,No plates,Unregistered,6,3.0,Green,Beige Leather,Yes,No,Yes,Partial,Yes,VIC,https://www.grays.com/lot/0001-21062758/motor-vehicles-motor-cycles/1999-jaguar-s-type-automatic-sedan,"Engine idling rough
Dents or marks on body consistent with age and kilometres.
Body/panel damage Front bumper
Windscreen Chipped or Cracked.",15,,17 February 2026
2013,NISSAN,Serena,Import,Wagon,Automatic,Hybrid,127160,8.0,6ZZD00HFC26138973,CXI005,24-04-2026.,4,2.0,White,Black,Yes,Yes,Yes,No,Yes,VIC,https://www.grays.com/lot/0001-21062586/motor-vehicles-motor-cycles/2013-nissan-serena-import-automatic-8-seats-wagon,Dents or marks on body consistent with age and kilometres.,115,,17 February 2026
2016,MITSUBISHI,Outlander,LS AWD SAFETY PACK ZK,Wagon,CVT,Petrol,145532,7.0,JMFXTGF8WHJ001049,DQ87QF,Unregistered,4,2.4,Grey,Black,Yes,Yes,No,Partial,Yes,NSW,https://www.grays.com/lot/0001-10352660/motor-vehicles-motor-cycles/2016-mitsubishi-outlander-ls-awd-safety-pack-zk-cvt-7-seats-wagon,"Medium Scratch on Front bumper bar
Carpet worn in places.
Seat Torn Drivers seat
Damaged crack in rear light",119,"$10,000",17 February 2026
2022,TOYOTA,Rav,4 GX FWD MXAA52R,Wagon,CVT,Petrol,122465,5.0,JTMZ43FV10D113755,DD61JJ,Unregistered,4,2.0,Grey,Grey,Yes,No,Yes,Partial,Yes,NSW,https://www.grays.com/lot/0001-10352640/motor-vehicles-motor-cycles/2022-toyota-rav-4-gx-fwd-mxaa52r-cvt-wagon,"Front Seat worn Drivers seat
Large Dent on Passenger rear door, both quarter panels and tailgate
Large Scratch on Front bar",108,"$23,900",16 February 2026
2021,TOYOTA,Kluger,4X4 GX HYBRID AXUH78R,Wagon,CVT,Hybrid,97370,7.0,5TDLB3CH90S050998,DB60JX,Unregistered,4,2.5,White,Grey,Yes,Yes,Yes,Partial,Yes,NSW,https://www.grays.com/lot/0001-10352639/motor-vehicles-motor-cycles/2021-toyota-kluger-4x4-gx-hybrid-axuh78r-cvt-7-seats-wagon,"Medium Dent on Drivers quarter panel
Medium Scratch on Rear bar
Interior: Hoodlining stained",228,,16 February 2026
2008,BMW,X6,xDrive 35i E71,Coupe,Automatic,Petrol,207294,4.0,WBAFG42070LJ78753,FNF34W,10-07-2026,6,3.0,White,Black,Yes,Yes,Yes,Partial,Yes,NSW,https://www.grays.com/lot/0001-10352622/motor-vehicles-motor-cycles/2008-bmw-x6-xdrive-35i-e71-automatic-coupe,Damaged Passenger side front guard blinker,68,,16 February 2026
2013,NISSAN,Pathfinder,ST R52,Wagon,CVT,Petrol,121350,7.0,5N1AR2MN1EC603679,DH33TZ,Unregistered,6,3.5,Red,Black,Yes,No,No,Partial,Yes,NSW,https://www.grays.com/lot/0001-10352621/motor-vehicles-motor-cycles/2013-nissan-pathfinder-st-r52-cvt-7-seats-wagon,"Hail damage visible.
Windscreen Chipped or Cracked.
Large Scratch on Bumper bars, driver side doors, passenger side rear quarter panel
Reverse Camera Not Working
Flat Battery. Jump start or towing required",44,,16 February 2026
2012,VOLVO,S60,T4 Teknik,Sedan,Automatic,Petrol,125962,5.0,YV1FS48HBD2174204,2BT8YJ,07-01-2026,4,1.6,Blue,Black Leather,Yes,Yes,Yes,Partial,Yes,VIC,https://www.grays.com/lot/0001-21062891/motor-vehicles-motor-cycles/2012-volvo-s60-t4-teknik-automatic-sedan,Dents or marks on body consistent with age and kilometres.,65,"$5,500",16 February 2026
2018,JAGUAR,E-pace,132kW S 9,Wagon,Automatic,Diesel,188349,5.0,SADFA2AN2J1Z30575,AWX028,15-10-2026,4,2.0,White,Black Leather,Yes,Yes,Yes,Partial,Yes,VIC,https://www.grays.com/lot/0001-21062889/motor-vehicles-motor-cycles/2018-jaguar-e-pace-132kw-s-turbo-diesel-9-auto-wagon,"Dents or marks on body consistent with age and kilometres.
Other Warning light ON",181,"$14,900",16 February 2026
2017,AUDI,Q3,1.4 TFSI COD 8U,Wagon,Automatic,Petrol,173838,5.0,WAUZZZ8U5JR044062,ASX765,21-03-2026,4,1.4,Silver,Black Leather,Yes,Yes,Yes,Partial,Yes,VIC,https://www.grays.com/lot/0001-21062888/motor-vehicles-motor-cycles/2017-audi-q3-1-4-tfsi-cod-8u-automatic-wagon,"Dents or marks on body consistent with age and kilometres.
Medium Scratch on Rear bumper",124,"$8,909",16 February 2026
2010,MITSUBISHI,Outlander,LS 2WD ZH,Wagon,Manual,Petrol,284204,5.0,JMFXNCW5WBU000638,YAM570,02-06-2026,4,2.4,White,Black,Yes,Yes,Yes,Partial,Yes,VIC,https://www.grays.com/lot/0001-21062887/motor-vehicles-motor-cycles/2010-mitsubishi-outlander-ls-2wd-zh-manual-wagon,"Stains on seats.Seat Torn drivers
Large Dents, Scuffs and Scratches Around vehicle
Corrosion visible Around vehicle
Dents or marks on body consistent with age and kilometres.",19,"$1,010",16 February 2026
2011,MITSUBISHI,Asx,ASPIRE XA,Wagon,Manual,Diesel,213748,5.0,JMFXJGA6WBZ000962,YJM36D,Unregistered,4,1.8,Silver,Black,Yes,Yes,Yes,Partial,Yes,NSW,https://www.grays.com/lot/0001-10352636/motor-vehicles-motor-cycles/2011-mitsubishi-asx-aspire-xa-turbo-diesel-manual-wagon,Medium Dent on Passengers a pillar,27,,17 February 2026
2016,RENAULT,Master,MWB MID ROOF,Van,Manual,Diesel,229960,3.0,VF1MAFEZCG0733656,DLX89M,Unregistered,4,2.3,White,Black,yes,No,Yes,Partial,Yes,NSW,https://www.grays.com/lot/0001-10352659/motor-vehicles-motor-cycles/2016-renault-master-mwb-mid-roof-turbo-diesel-manual-van,"Medium Dent on Passenger side front guard
Damaged Passenger side headlight
Seat Torn Drivers seat
Engine light On
Other Warning light On
Steering requires attention
Flat battery requires replacement
Advise tow away for collection",79,,18 February 2026
2016,VOLKSWAGEN,Golf,92TSI COMFORTLINE A7,Hatchback,Automatic,Petrol,200557,5.0,WVWZZZAUZHW048431,ALH618,20-03-2026,4,1.4,White,Grey,Yes,Yes,Yes,Yes,Yes,VIC,https://www.grays.com/lot/0001-21062886/motor-vehicles-motor-cycles/2016-volkswagen-golf-92tsi-comfortline-a7-automatic-hatchback,"Dents or marks on body consistent with age and kilometres.
Engine light ON
Sunroof Cracked",55,"$4,100",16 February 2026
2016,MAZDA,Bt-50,4X2 XTR Dual,Dual Cab,Automatic,Diesel,139141,5.0,MM0UR0YG100614729,1PL4WS,02-09-2026,5,3.2,White,Black,Yes,No,Yes,Partial,Yes,VIC,https://www.grays.com/lot/0001-21062885/motor-vehicles-motor-cycles/2016-mazda-bt-50-4x2-xtr-turbo-diesel-automatic-dual-cab,"Damaged Rear tail light cracked
Dents or marks on body consistent with age and kilometres.
Paint fading Roof",195,"$16,800",16 February 2026
2016,LAND,Rover,Range Rover Sport 4.4 SDV8 HSE TD AT,Wagon,Automatic,Diesel,114520,5.0,SALWA2JE0GA577606,AIF704,22-04-2026,8,4.4,Black,Black Leather,Yes,No,Yes,Yes,Yes,VIC,https://www.grays.com/lot/0001-21062884/motor-vehicles-motor-cycles/2016-land-rover-range-rover-sport-4-4-sdv8-hse-td-at-8-speed-wagon,"Medium Scratch on Around vehicle
Dents or marks on body consistent with age and kilometres.",462,"$44,200",16 February 2026
2013,NISSAN,Juke,ST F15,Wagon,CVT,Petrol,111220,5.0,SJNFBAF15A6460663,1DZ3WA,11-05-2026,4,1.6,Silver,Black,Yes,Yes,Yes,Yes,Yes,VIC,https://www.grays.com/lot/0001-21062883/motor-vehicles-motor-cycles/2013-nissan-juke-st-f15-cvt-wagon,"Dents or marks on body consistent with age and kilometres.
Paint fading on various panels",85,"$5,319",16 February 2026
2013,BMW,X1,sDrive 18d E84 LCI,Wagon,Automatic,Diesel,99122,5.0,WBAVN720X0VX37042,ACP621,05-09-2026,4,2.0,White,Black Leather,Yes,Yes,Yes,Yes,Yes,VIC,https://www.grays.com/lot/0001-21062882/motor-vehicles-motor-cycles/2013-bmw-x1-sdrive-18d-e84-lci-turbo-diesel-automatic-8-speed-wagon,"Medium Scratch on Around vehicle
Medium Dent on Around vehicle
Dents or marks on body consistent with age and kilometres.",111,"$7,800",16 February 2026
2013,AUDI,A3,,Hatchback,Automatic,Petrol,139551,5.0,WAUZZZ8VXDA041685,077LN5,Unregistered,4,1.4,Red,Black Leather,Yes,Yes,Yes,Yes,Yes,VIC,https://www.grays.com/lot/0001-21062881/motor-vehicles-motor-cycles/2013-audi-a3-automatic-hatchback,"Paint peeling Around vehicle
Dents or marks on body consistent with age and kilometres.",102,"$6,100",16 February 2026
2010,BMW,X5,xDrive 30d E70 LCI,Wagon,Automatic,Diesel,147895,5.0,WBAZW420X0L461020,ACB398,15-04-2026,6,3.0,Grey,Black Leather,Yes,Yes,Yes,Yes,Yes,VIC,https://www.grays.com/lot/0001-21062878/motor-vehicles-motor-cycles/2010-bmw-x5-xdrive-30d-e70-lci-turbo-diesel-automatic-8-speed-wagon,"Other Warning light ON
Paint peeling Left rear passenger door
Medium Scratch on Right rear quarter and driver mirror
Engine Noise
Front Seat worn driver side
Dents or marks on body consistent with age and kilometres.",37,"$5,100",16 February 2026
2008,HOLDEN,Commodore,SS V VE,Sedan,Automatic,Petrol,258232,5.0,6G1EP55H68L136149,No plates,Unregistered,8,6.0,Green,Black Leather,Yes,Yes,Yes,Partial,Yes,VIC,https://www.grays.com/lot/0001-21062877/motor-vehicles-motor-cycles/2008-holden-commodore-ss-v-ve-automatic-sedan,"Dents or marks on body consistent with age and kilometres.
Windscreen Chipped or Cracked.
Paint peeling Around exterior
Dents or marks on body consistent with age and kilometres.
Seat Torn driver side
Hood Lining Sagging",147,"$9,200",16 February 2026
2010,BMW,X3,xDrive 20d F25,Wagon,Automatic,Diesel,83364,5.0,WBAWY32090L675603,YLH905,29-07-2026,4,2.0,Red,Black Leather,Yes,No,No,No,Yes,VIC,https://www.grays.com/lot/0001-21062876/motor-vehicles-motor-cycles/2010-bmw-x3-xdrive-20d-f25-turbo-diesel-automatic-8-speed-wagon,"Medium Scratch on Around the Vehicle
Transmission Requires attention Strongly recommend inspection by qualified third party
Other Warning light ON
Dents or marks on body consistent with age and kilometres.",44,"$3,609",16 February 2026
2008,BMW,120i,20i E87,Hatchback,Automatic,Petrol,212840,5.0,WBAUD32060P220381,WOC466,Unregistered,4,2.0,Silver,Black Leather,Yes,No,No,No,Yes,VIC,https://www.grays.com/lot/0001-21062873/motor-vehicles-motor-cycles/2008-bmw-120i-20i-e87-automatic-hatchback,"Engine light ON
Engine Smoke visible
Transmission Requires attention Strongly recommend inspection by qualified third party
Windscreen Chipped or Cracked.
Seat Torn Driver seat
Door card Damaged.
Medium Scratch on Around vehicle
Dents or marks on body consistent with age and kilometres.
Paint fading Around vehicle
Large Scuff on Around vehicle
Other Warning light ON",4,$309,16 February 2026
2006,SUZUKI,Swift,EZ,Hatchback,Automatic,Petrol,255014,5.0,JSAEZC21S00155628,No plates,Unregistered,4,1.5,White,Multi,Yes,No,Yes,No,Yes,VIC,https://www.grays.com/lot/0001-21062867/motor-vehicles-motor-cycles/2006-suzuki-swift-ez-automatic-hatchback,"Windscreen Chipped or Cracked.
Windscreen Chipped or Cracked.
Dents or marks on body consistent with age and kilometres.
Dents or marks on body consistent with age and kilometres.
Medium Scratch on Around vehicle
Medium Scratch on Around vehicle
Corrosion visible Around vehicle
Corrosion visible Around vehicle",20,"$1,709",15 February 2026
2008,MAZDA,2,Maxx DE,Hatchback,Automatic,Petrol,114341,5.0,JM0DE10Y180112354,No plates,Unregistered,4,1.5,Grey,Black,Yes,No,No,No,Yes,VIC,https://www.grays.com/lot/0001-21062866/motor-vehicles-motor-cycles/2008-mazda-2-maxx-de-automatic-hatchback,"Dents or marks on body consistent with age and kilometres.
Traction control light ON",50,"$3,909",15 February 2026
2009,BMW,118i,18i E87,Hatchback,Automatic,Petrol,159701,5.0,WBAUE72070E017144,XXU497,15-01-2026,4,2.0,Black,Black,Yes,Yes,Yes,Partial,Yes,VIC,https://www.grays.com/lot/0001-21062865/motor-vehicles-motor-cycles/2009-bmw-118i-18i-e87-automatic-hatchback,"Engine Smoke visible
Other Warning light ON
Medium Scratch on Around vehicle",23,"$2,009",15 February 2026
2013,MAZDA,Cx-5,Akera KE,Wagon,Automatic,Diesel,240679,5.0,JM0KE102100205482,No plates,Unregistered,4,2.2,Red,Black Leather,Yes,No,Yes,Partial,Yes,VIC,https://www.grays.com/lot/0001-21062863/motor-vehicles-motor-cycles/2013-mazda-cx-5-akera-ke-turbo-diesel-automatic-wagon,"Engine light ON
Traction control light ON
Other Warning light ON
Windscreen Chipped or Cracked.
Medium Scratch on Around vehicle
Large Scratch on Passenger side back door and quarter panel",39,"$4,100",15 February 2026
2022,MG,Hs,Vibe,Wagon,Automatic,Petrol,80360,5.0,LSJA24U97NN116836,No plates,Unregistered,4,1.5,Blue,Black Leather,Yes,Yes,Yes,Yes,Yes,VIC,https://www.grays.com/lot/0001-21062872/motor-vehicles-motor-cycles/2022-mg-hs-vibe-automatic-wagon,"Dents or marks on body consistent with age and kilometres.
Other Warning light ON",0,,16 February 2026
2006,MITSUBISHI,Outlander,LS ZF,Wagon,Automatic,Petrol,208939,5.0,JMFXRCU5W7U002352,WPX056,27-02-2026,4,2.4,Red,Grey,Yes,No,Yes,No,Yes,VIC,https://www.grays.com/lot/0001-21062871/motor-vehicles-motor-cycles/2006-mitsubishi-outlander-ls-zf-automatic-wagon,"Medium Scratch on Around vehicle
Paint peeling Around vehicle
Damaged Driver side tail light
Front Seat worn driver side",19,"$1,809",16 February 2026
2010,MAZDA,2,Neo DE,Hatchback,Automatic,Petrol,335683,5.0,MM0DE10Y100145290,XZU828,25-02-2026,4,1.5,Green,Black,Yes,No,Yes,Partial,Yes,VIC,https://www.grays.com/lot/0001-21062870/motor-vehicles-motor-cycles/2010-mazda-2-neo-de-automatic-hatchback,"Medium Dents, Scratches Around vehicle
Dents or marks on body consistent with age and kilometres.",31,"$3,009",16 February 2026
2015,PEUGEOT,2008,Active,Wagon,Automatic,Petrol,165776,5.0,VF3CU5FS9FY146948,1QN2JJ,22-07-2026,4,1.6,White,Black,Yes,No,Yes,Partial,Yes,VIC,https://www.grays.com/lot/0001-21062869/motor-vehicles-motor-cycles/2015-peugeot-2008-active-automatic-wagon,"Dents or marks on body consistent with age and kilometres.
medium scratch on rear quarter panel",68,"$4,700",16 February 2026
2010,FORD,Territory,TS SY II,Wagon,Automatic,Petrol,215779,7.0,6FPAAAJGATAA65483,ZPU065,27-02-2026,6,4.0,Red,Black Leather,Yes,Yes,Yes,Yes,Yes,VIC,https://www.grays.com/lot/0001-21062839/motor-vehicles-motor-cycles/2010-ford-territory-ts-sy-ii-automatic-wagon,"Hood Lining Sagging, Hood lining held up by pins
Medium Scratches Around vehicle
Dents or marks on body consistent with age and kilometres.",38,"$2,837",16 February 2026
2015,MERCEDES,Benz,GLE-Class GLE350d 4MATIC W166 AT,Wagon,Automatic,Diesel,169140,5.0,WDC1660242A655605,1FY7CA,28-04-2026,6,3.0,White,Brown Leather,Yes,Yes,Yes,No,Yes,VIC,https://www.grays.com/lot/0001-21062818/motor-vehicles-motor-cycles/2015-mercedes-benz-gle-class-gle350d-4matic-w166-turbo-diesel-at-wagon,"Dents or marks on body consistent with age and kilometres.
Engine light ON
Windscreen Chipped or Cracked.",172,"$14,310",15 February 2026
2007,VOLKSWAGEN,Golf,2.0 TDI Comfortline A5 AT,Hatchback,Automatic,Diesel,172359,5.0,WVWZZZ1KZ8U006126,No plates,Unregistered,4,2.0,Blue,Grey,Yes,No,No,No,Yes,VIC,https://www.grays.com/lot/0001-21062817/motor-vehicles-motor-cycles/2007-volkswagen-golf-2-0-tdi-comfortline-a5-turbo-diesel-at-hatchback,"Hood Lining Sagging
Dents or marks on body consistent with age and kilometres.
Medium Scratch on Around vehicle",19,"$1,809",15 February 2026
2014,HYUNDAI,I30,TROPHY GD,Hatchback,Automatic,Petrol,216625,5.0,KMHD351EMEU219762,No plates,Unregistered,4,1.8,White,Black Leather,Yes,No,Yes,Partial,Yes,VIC,https://www.grays.com/lot/0001-21062816/motor-vehicles-motor-cycles/2014-hyundai-i30-trophy-gd-automatic-hatchback,"Medium Scratch on Around vehicle
Medium Dent on Around vehicle
Front Seat worn driver side
Paint fading Some Places
Engine noise/knock observed.",41,"$3,302",15 February 2026
2011,LAND,Rover,Discovery 2.7 TDV6 Series 4,Wagon,Automatic,Diesel,296216,7.0,SALLAAA13BA584462,1QB5XC,15-08-2026,6,2.7,Grey,Black Leather,Yes,Yes,Yes,Partial,Yes,VIC,https://www.grays.com/lot/0001-21062814/motor-vehicles-motor-cycles/2011-land-rover-discovery-2-7-tdv6-series-4-turbo-diesel-auto-7-seats-wagon,"Dents or marks on body consistent with age and kilometres.
Medium Scratch on various panels",71,"$7,000",15 February 2026
2016,HOLDEN,Cruze,Z SERIES JH,Hatchback,Automatic,Petrol,280154,5.0,6G1PE6EM2GL213048,1HH2RZ,28-02-2026,4,1.8,Black,Black Leather,Yes,No,Yes,Yes,Yes,VIC,https://www.grays.com/lot/0001-21062813/motor-vehicles-motor-cycles/2016-holden-cruze-z-series-jh-automatic-hatchback,"Medium Scratch on Around vehicle
Medium Dent on Around vehicle
Dents or marks on body consistent with age and kilometres.",26,"$2,110",15 February 2026
2016,AUDI,Q5,2.0 TDI Quattro 8R,Wagon,Automatic,Diesel,188695,5.0,WAUZZZ8R1HA068704,1XE4MH,27-04-2026,4,2.0,White,Black Leather,Yes,Yes,Yes,Partial,Yes,VIC,https://www.grays.com/lot/0001-21062812/motor-vehicles-motor-cycles/2016-audi-q5-2-0-tdi-quattro-8r-turbo-diesel-automatic-wagon,Medium Scuff on Around vehicle,118,"$9,100",15 February 2026
2015,VOLKSWAGEN,Golf,Alltrack 132TSI A7,Wagon,Automatic,Petrol,150373,5.0,WVWZZZAUZGP510479,2CG5HZ,22-03-2026,4,1.8,Silver,Black Leather,Yes,Yes,No,Yes,Yes,VIC,https://www.grays.com/lot/0001-21062811/motor-vehicles-motor-cycles/2015-volkswagen-golf-alltrack-132tsi-a7-automatic-wagon,"Other Warning light ON
Airbag light ON
Medium Scratch on Around vehicle
Paint fading on various panels
Dents or marks on body consistent with age and kilometres.",56,"$5,100",15 February 2026
2012,JEEP,Grand,Cherokee Laredo WK,Wagon,Automatic,Diesel,375947,5.0,1C4RJFEM1DC621531,ZMF052,12-02-2026,6,3.0,Silver,Black,Yes,Yes,Yes,Partial,Yes,VIC,https://www.grays.com/lot/0001-21062809/motor-vehicles-motor-cycles/2012-jeep-grand-cherokee-laredo-wk-turbo-diesel-automatic-wagon,"Front Seat Stains Both
Dents or marks on body consistent with age and kilometres.
Medium Scratch on Around vehicle",46,"$2,900",15 February 2026
2013,ALFA,Romeo,Giulietta Progression,Hatchback,Automatic,Petrol,150351,5.0,ZAR94000007217050,1AO1SL,Unregistered,4,1.4,Black,Black,Yes,Yes,Yes,Partial,Yes,VIC,https://www.grays.com/lot/0001-21062808/motor-vehicles-motor-cycles/2013-alfa-romeo-giulietta-progression-automatic-hatchback,"Boot won`t close, Door not Working
Medium Scuffs Around vehicle
Other Warning light ON
Carpet worn in places.",23,"$2,000",15 February 2026
2007,CHRYSLER,Pt,Cruiser Grand Tourer,Hatchback,Automatic,Petrol,155585,5.0,1A8F4B8B27T592714,1YL9NS,12-02-2026,4,2.4,White,Grey,Yes,Yes,Yes,Yes,Yes,VIC,https://www.grays.com/lot/0001-21062807/motor-vehicles-motor-cycles/2007-chrysler-pt-cruiser-grand-tourer-automatic-hatchback,"Paint peeling on various panels
Dents or marks on body consistent with age and kilometres.",26,"$1,809",15 February 2026
2005,FORD,Fiesta,Ghia WQ,Hatchback,Automatic,Petrol,127651,5.0,WF0HXXGAJH5C13124,1RU6IX,15-04-2026,4,1.6,Dark Blue,Grey,Yes,No,Yes,Partial,Yes,VIC,https://www.grays.com/lot/0001-21062806/motor-vehicles-motor-cycles/2005-ford-fiesta-ghia-wq-automatic-hatchback,Dents or marks on body consistent with age and kilometres.,22,"$1,709",15 February 2026
2004,MAZDA,Bravo,DX PLUS FREESTYLE B2500,Ute,Manual,Diesel,370498,4.0,MM0UNY0W200348487,SXG064,02-03-2026,4,2.5,Silver,Grey,Yes,Yes,Yes,Yes,Yes,VIC,https://www.grays.com/lot/0001-21062805/motor-vehicles-motor-cycles/2004-mazda-bravo-dx-plus-freestyle-b2500-turbo-diesel-manual-ute,"Dents or marks on body consistent with age and kilometres.
Engine idling rough
Engine noise observed.
Windscreen Chipped or Cracked.",19,"$1,575",15 February 2026
2014,MITSUBISHI,Outlander,ES 4WD ZJ,Wagon,CVT,Petrol,246362,5.0,JMFXTGF8WEZ001809,1GT8EZ,15-07-2026,4,2.4,Dark Blue,Black,Yes,No,Yes,Partial,Yes,VIC,https://www.grays.com/lot/0001-21062803/motor-vehicles-motor-cycles/2014-mitsubishi-outlander-es-4wd-zj-cvt-wagon,"Seat Torn Drivers
Large Scratch on Around vehicle
Medium Dent on Around vehicle
Damaged Drivers headlight",43,"$4,000",15 February 2026
2012,VOLKSWAGEN,Passat,125TDI Highline 3C,Sedan,Automatic,Diesel,207817,5.0,WVWZZZ3CZDE063886,1DC3BE,20-03-2026,4,2.0,Silver,Black Leather,Yes,No,No,No,Yes,VIC,https://www.grays.com/lot/0001-21062802/motor-vehicles-motor-cycles/2012-volkswagen-passat-125tdi-highline-3c-turbo-diesel-automatic-sedan,"Radio Not Working
Front Seat worn Drivers
Dents or marks on body consistent with age and kilometres.
Other Warning light ON",67,"$5,300",15 February 2026
2019,LDV,T60,LUXE Dual,Dual Cab,Automatic,Diesel,136640,5.0,LSFAM11A9KA075890,1RN3NF,26-06-2026,4,2.8,White,Black Leather,Yes,No,Yes,Partial,Yes,VIC,https://www.grays.com/lot/0001-21062801/motor-vehicles-motor-cycles/2019-ldv-t60-luxe-turbo-diesel-automatic-dual-cab,"Dents or marks on body consistent with age and kilometres.
Engine light ON
Other Warning light ON",97,"$8,000",15 February 2026
2014,VOLVO,Xc90,D5 R-Design,Wagon,Automatic,Diesel,206756,7.0,YV1CT3056E1704236,ADT781,05-03-2026,5,2.4,Silver,Black Leather,Yes,Yes,Yes,Yes,Yes,VIC,https://www.grays.com/lot/0001-21062800/motor-vehicles-motor-cycles/2014-volvo-xc90-d5-r-design-turbo-diesel-automatic-7-seats-wagon,Dents or marks on body consistent with age and kilometres.,97,"$7,000",15 February 2026
2011,HOLDEN,Captiva,5 2WD CG II,Wagon,Manual,Petrol,198577,5.0,KL3DF264JBB021897,YFB905,02-06-2026,4,2.4,Silver,Black,Yes,Yes,Yes,Yes,Yes,VIC,https://www.grays.com/lot/0001-21062799/motor-vehicles-motor-cycles/2011-holden-captiva-5-2wd-cg-ii-manual-wagon,"Front Seat Stains Both
Back Seat Stains.
Dents or marks on body consistent with age and kilometres.",14,"$1,050",15 February 2026
2008,VOLKSWAGEN,Passat,2.0 TDI 125kW 3C,Wagon,Automatic,Diesel,257532,5.0,WVWZZZ3CZ8E177651,WLC548,09-01-2026,4,2.0,Silver,Grey,Yes,No,No,Yes,Yes,VIC,https://www.grays.com/lot/0001-21062798/motor-vehicles-motor-cycles/2008-volkswagen-passat-2-0-tdi-125kw-3c-turbo-diesel-automatic-wagon,"Engine Smoke visible
Other Warning light ON
Large Scuff on Around vehicle",14,"$1,009",15 February 2026
2008,KIA,Sorento,LX BL,Wagon,Manual,Diesel,218096,5.0,KNAJC524595879836,1UZ4XF,02-03-2026,4,2.5,Silver,Black,Yes,Yes,Yes,Partial,Yes,VIC,https://www.grays.com/lot/0001-21062797/motor-vehicles-motor-cycles/2008-kia-sorento-lx-bl-turbo-diesel-manual-wagon,"Medium Scratch on Around vehicle
Dents or marks on body consistent with age and kilometres.",37,"$2,809",15 February 2026
2003,HOLDEN,Commodore,Acclaim VY,Sedan,Automatic,Petrol,254771,5.0,6G1YK54A03L132364,TVW213,09-12-2026,6,3.8,Blue,Black,Yes,No,Yes,No,Yes,VIC,https://www.grays.com/lot/0001-21062796/motor-vehicles-motor-cycles/2003-holden-commodore-acclaim-vy-automatic-sedan,"Medium Scratch on Around vehicle
Dents or marks on body consistent with age and kilometres.",42,"$2,400",12 February 2026
2015,NISSAN,Pathfinder,ST-L R52,Wagon,CVT,Petrol,132918,7.0,5N1AR2MN3FC705387,2EB8AB,07-06-2026,6,3.5,Black,Black Leather,Yes,Yes,Yes,Partial,Yes,VIC,https://www.grays.com/lot/0001-21062794/motor-vehicles-motor-cycles/2015-nissan-pathfinder-st-l-r52-cvt-7-seats-wagon,"Dents or marks on body consistent with age and kilometres.
Medium Scuff, Paint Fading on Rear passenger side",121,"$8,200",12 February 2026
2013,HYUNDAI,Veloster,SR TURBO FS,Coupe,Automatic,Petrol,216502,4.0,KMHTC61EMDU161952,ZVA109,18-04-2026,4,1.6,Red,Black Leather,Yes,No,Yes,Partial,Yes,VIC,https://www.grays.com/lot/0001-21062793/motor-vehicles-motor-cycles/2013-hyundai-veloster-sr-turbo-fs-automatic-coupe,"Front Seat worn driver side
Medium Dent on various panels
Dents or marks on body consistent with age and kilometres.",55,"$4,800",12 February 2026
2013,FORD,Territory,TX SZ,Wagon,Automatic,Diesel,226255,5.0,6FPAAAJGATDA40043,1IM7HL,13-04-2026,6,2.7,Blue,Multi,Yes,No,Yes,Partial,Yes,VIC,https://www.grays.com/lot/0001-21062792/motor-vehicles-motor-cycles/2013-ford-territory-tx-sz-turbo-diesel-automatic-wagon,"Medium Scratches, Paint Fade Around vehicle
Dents or marks on body consistent with age and kilometres.
Interior: Marks on roof lining, Steering wheel worn
Interior: Marks on roof lining, Steering wheel worn",43,"$3,700",12 February 2026
2016,VOLKSWAGEN,Tiguan,132TSI COMFORTLINE MK2,Wagon,Automatic,Petrol,151764,5.0,WVGZZZ5NZHW311495,No Plates,Unregistered,4,2.0,White,Grey,Yes,No,No,Yes,Yes,VIC,https://www.grays.com/lot/0001-21062779/motor-vehicles-motor-cycles/2016-volkswagen-tiguan-132tsi-comfortline-mk2-automatic-wagon,"Medium Scuff on Around vehicle
Large Scratch on Around vehicle",119,"$10,600",12 February 2026
2014,NISSAN,Qashqai,TL J11,Wagon,CVT,Diesel,233505,5.0,SJNFDAJ11A1103348,1CJ3DM,14-01-2026,4,1.6,White,Black Leather,Yes,No,Yes,Partial,Yes,VIC,https://www.grays.com/lot/0001-21062778/motor-vehicles-motor-cycles/2014-nissan-qashqai-tl-j11-turbo-diesel-cvt-wagon,Paint peeling Around vehicle,55,"$4,309",12 February 2026
2014,NISSAN,Pathfinder,ST R52,Wagon,CVT,Petrol,175470,7.0,5N1AR2MN6EC689796,1AX6XR,06-12-2025,6,3.5,White,Black,Yes,No,Yes,Partial,Yes,VIC,https://www.grays.com/lot/0001-21062777/motor-vehicles-motor-cycles/2014-nissan-pathfinder-st-r52-cvt-7-seats-wagon,"Front Seat worn Drivers
Dents or marks on body consistent with age and kilometres.
Paint peeling Roof",63,"$5,400",12 February 2026
2009,TOYOTA,Yaris,YR NCP90R,Hatchback,Manual,Petrol,231697,5.0,JTDKW923505139191,1XB4GE,17-04-2026,4,1.3,White,Grey,Yes,Yes,Yes,Partial,Yes,VIC,https://www.grays.com/lot/0001-21062795/motor-vehicles-motor-cycles/2009-toyota-yaris-yr-ncp90r-manual-hatchback,"Windscreen Chipped or Cracked.
Dents or marks on body consistent with age and kilometres.",29,"$2,009",15 February 2026
2011,AUDI,A4,2.7 TDI B8,Wagon,CVT,Diesel,299884,5.0,WAUZZZ8K1CA042244,1XK8IN,05-03-2026,6,2.7,Silver,Black Leather,Yes,No,No,No,Yes,VIC,https://www.grays.com/lot/0001-21062784/motor-vehicles-motor-cycles/2011-audi-a4-2-7-tdi-b8-turbo-diesel-cvt-wagon,"Windscreen Chipped or Cracked.
Dents or marks on body consistent with age and kilometres.
Front Cracked bumper.
Medium Scratch on Around vehicle",13,,15 February 2026
2015,VOLKSWAGEN,Golf,R A7,Hatchback,Manual,Petrol,307945,5.0,WVWZZZAUZFW237731,1DB7LW,30-03-2026,4,2.0,Silver,Multi,Yes,Yes,Yes,Yes,Yes,VIC,https://www.grays.com/lot/0001-21062776/motor-vehicles-motor-cycles/2015-volkswagen-golf-r-a7-manual-hatchback,"Carpet worn in places.
Dents or marks on body consistent with age and kilometres.
Medium Scratch on various panels",95,"$8,300",12 February 2026
2013,HYUNDAI,I30,Active GD,Hatchback,Automatic,Petrol,119216,5.0,KMHD251EMDU081217,1PS5WQ,24-01-2026,4,1.8,White,Grey,Yes,No,Yes,Yes,Yes,VIC,https://www.grays.com/lot/0001-21062775/motor-vehicles-motor-cycles/2013-hyundai-i30-active-gd-automatic-hatchback,"Dents or marks on body consistent with age and kilometres.
Medium Scratch on Around vehicle
Rear Cracked bumper.",82,"$5,900",12 February 2026
2013,ALFA,Romeo,Giulietta QV,Hatchback,Manual,Petrol,107868,5.0,ZAR94000007220521,1WD8DJ,04-06-2026,4,1.7,Grey,Black,Yes,Yes,Yes,Yes,Yes,VIC,https://www.grays.com/lot/0001-21062774/motor-vehicles-motor-cycles/2013-alfa-romeo-giulietta-qv-manual-hatchback,Dents or marks on body consistent with age and kilometres.,73,"$4,609",12 February 2026
2012,VOLKSWAGEN,Passat,118TSI 3C,Sedan,Automatic,Petrol,224776,5.0,WVWZZZ3CZCP055367,1TC1EG,Unregistered,4,1.8,White,Black Leather,Yes,No,Yes,Yes,Yes,VIC,https://www.grays.com/lot/0001-21062773/motor-vehicles-motor-cycles/2012-volkswagen-passat-118tsi-3c-automatic-sedan,"Other Warning light ON
Front Seat worn Drivers
Dents or marks on body consistent with age and kilometres.
Damaged Front left headlight
Medium Scratch on Around vehicle
Large Dent on Front left fender",20,"$2,100",12 February 2026
2010,VOLKSWAGEN,Golf,GTI A6,Hatchback,Automatic,Petrol,176437,5.0,WVWZZZ1KZAW379750,XUD020,07-07-2026,4,2.0,Black,Black,Yes,Yes,Yes,Yes,Yes,VIC,https://www.grays.com/lot/0001-21062772/motor-vehicles-motor-cycles/2010-volkswagen-golf-gti-a6-automatic-hatchback,"Medium Scuff on Lhr
Medium Scratch on Around vehicle
Damaged exterior light
Dents or marks on body consistent with age and kilometres.",94,"$6,309",12 February 2026
2010,FORD,Ranger,XL 4X2 PK Dual,Dual Cab,Automatic,Diesel,165071,5.0,MNAUSFE90AW877776,XUO189,29-07-2026,4,3.0,White,Black,Yes,No,Yes,Partial,Yes,VIC,https://www.grays.com/lot/0001-21062771/motor-vehicles-motor-cycles/2010-ford-ranger-xl-4x2-pk-turbo-diesel-automatic-dual-cab,"Corrosion visible Around vehicle
Medium Scratch on Around vehicle
Dents or marks on body consistent with age and kilometres.",104,"$5,400",12 February 2026
2008,AUDI,A6,2.0 TFSI C6,Sedan,CVT,Petrol,430729,5.0,WAUZZZ4F28N114738,WKB958,15-08-2026,4,2.0,Grey,Beige Leather,Yes,No,Yes,Partial,Yes,VIC,https://www.grays.com/lot/0001-21062770/motor-vehicles-motor-cycles/2008-audi-a6-2-0-tfsi-c6-cvt-sedan,"Engine light ON
Door card Damaged.
Paint peeling Around vehicle
Medium Scuff on Around vehicle
Windscreen Chipped or Cracked.
Dents or marks on body consistent with age and kilometres.",7,$409,12 February 2026
2014,BMW,3,Series 328i F30,Sedan,Automatic,Petrol,175134,5.0,WBA3A560X0NS63353,1CE8WT,11-02-2026,4,2.0,White,Black Leather,Yes,No,No,No,Yes,VIC,https://www.grays.com/lot/0001-21062769/motor-vehicles-motor-cycles/2014-bmw-3-series-328i-f30-automatic-8-speed-sedan,"Front Seat worn Drivers
Medium Scratch on Around vehicle
Dents or marks on body consistent with age and kilometres.",142,,15 February 2026
2014,MERCEDES,S400,Import,Sedan,Automatic,Hybrid,149671,5.0,WDD2220572A088011,DAW752,Unregistered,6,3.5,Silver,Black Leather,Yes,Yes,Yes,Yes,Yes,VIC,https://www.grays.com/lot/0001-21062768/motor-vehicles-motor-cycles/2014-mercedes-s400-import-automatic-sedan,"Paint fading roof
Dents or marks on body consistent with age and kilometres.",229,"$24,200",15 February 2026
2015,RENAULT,Megane,GT-LINE,Wagon,Automatic,Petrol,136849,5.0,VF1KZ3603F0713496,1PK4FI,17-04-2026,4,1.2,White,Black,Yes,Yes,Yes,Partial,Yes,VIC,https://www.grays.com/lot/0001-21062767/motor-vehicles-motor-cycles/2015-renault-megane-gt-line-automatic-wagon,"Dents or marks on body consistent with age and kilometres.
Electric Park Brake requires attention.
Air Con requires attention.
Warning Light ON.",33,"$2,601",15 February 2026
2004,MAZDA,6,Luxury Sports GG,Hatchback,Automatic,Petrol,213201,5.0,JM0GG103100151722,1UE4TT,Unregistered,4,2.3,Yellow,Black Leather,Yes,No,No,No,Yes,VIC,https://www.grays.com/lot/0001-21062766/motor-vehicles-motor-cycles/2004-mazda-6-luxury-sports-gg-automatic-hatchback,"Dents or marks on body consistent with age and kilometres.
Paint fading Bonnet
Medium Scratch on Around vehicle",21,"$1,909",15 February 2026
2010,VOLKSWAGEN,Passat,125TDI Highline 3C,Sedan,Automatic,Diesel,185424,5.0,WVWZZZ3CZBP313356,YOA567,07-04-2026,4,2.0,White,Black Leather,Yes,No,Yes,Yes,Yes,VIC,https://www.grays.com/lot/0001-21062764/motor-vehicles-motor-cycles/2010-volkswagen-passat-125tdi-highline-3c-turbo-diesel-automatic-sedan,"Medium Scratch on Around vehicle
Dents or marks on body consistent with age and kilometres.",65,"$4,400",15 February 2026
2003,TOYOTA,Rav,4 Extreme ACA21R,Wagon,Automatic,Petrol,326216,5.0,JTEHH20VX00227422,No plates,Unregistered,4,2.0,Gold,Grey,Yes,Yes,Yes,Partial,Yes,VIC,https://www.grays.com/lot/0001-21062763/motor-vehicles-motor-cycles/2003-toyota-rav-4-extreme-aca21r-automatic-wagon,"Carpet worn in places.
Paint peeling Around vehicle
Medium Scratch on Around vehicle
Dents or marks on body consistent with age and kilometres.",10,$900,15 February 2026
2006,HOLDEN,Viva,JF,Hatchback,Automatic,Petrol,111255,5.0,KL3NA48BJ6K460720,No plates,Unregistered,4,1.8,Red,Grey,Yes,No,Yes,No,Yes,VIC,https://www.grays.com/lot/0001-21062754/motor-vehicles-motor-cycles/2006-holden-viva-jf-automatic-hatchback,"Engine light ON
Engine idling rough
Windscreen Chipped or Cracked.
Large Dent on Around vehicle
Paint peeling Around vehicle
Flat Battery. Jump start or towing required",7,$609,15 February 2026
2015,BMW,2,Series 220i F22,Coupe,Automatic,Petrol,65929,4.0,WBA1J12000V467598,No plates,Unregistered,4,2.0,Black,Black Leather,Yes,No,No,No,Yes,VIC,https://www.grays.com/lot/0001-21062753/motor-vehicles-motor-cycles/2015-bmw-2-series-220i-f22-automatic-8-speed-coupe,"Engine light ON
Medium Scuff on Around vehicle
Paint fading on various panels",110,"$15,000",15 February 2026
2014,HOLDEN,Cruze,SRi Z SERIES JH,Sedan,Automatic,Petrol,192428,5.0,6G1PE5EN4EL997300,1OZ7WO,27-03-2026,4,1.6,Green,Black Leather,Yes,No,Yes,Partial,Yes,VIC,https://www.grays.com/lot/0001-21062751/motor-vehicles-motor-cycles/2014-holden-cruze-sri-z-series-jh-automatic-sedan,"Front Seat worn Drivers
Front Cracked bumper.
Large Scratch on Around vehicle
Traction control light ON",34,"$2,009",15 February 2026
2015,FORD,Fiesta,Ambiente WZ,Hatchback,Automatic,Petrol,130265,5.0,MPB8XXMXJ8FU30155,1NR6AE,Unregistered,4,1.5,White,Grey,Yes,No,Yes,Partial,Yes,VIC,https://www.grays.com/lot/0001-21062749/motor-vehicles-motor-cycles/2015-ford-fiesta-ambiente-wz-automatic-hatchback,"Medium Scratch on Some places
Medium Dent on Driver’s side door and some places
Front Seat Stains Both
Back Seat Stains.
Other Warning light ON",42,"$3,600",15 February 2026
2012,LAND,Rover,Range Rover Evoque SD4 PRESTIGE,Wagon,Manual,Diesel,192498,5.0,SALVA2CE1DH744938,2DZ4ZS,15-10-2026,4,2.2,Black,Brown Leather,Yes,No,Yes,Partial,Yes,VIC,https://www.grays.com/lot/0001-21062765/motor-vehicles-motor-cycles/2012-land-rover-range-rover-evoque-sd4-prestige-turbo-diesel-manual-wagon,"Engine light ON
Windscreen Chipped or Cracked.
Large Scratch on Around vehicle
Large Scuff on Passenger side front wheel arch",57,,16 February 2026
2013,CITROEN,Ds4,DSTYLE,Hatchback,Automatic,Petrol,93542,5.0,VF7NX5FMADY592348,2CM1LF,16-02-2026,4,1.6,Red,Black Leather,Yes,No,No,No,Yes,VIC,https://www.grays.com/lot/0001-21062760/motor-vehicles-motor-cycles/2013-citroen-ds4-dstyle-automatic-hatchback,"Dents or marks on body consistent with age and kilometres.
Dents or marks on body consistent with age and kilometres.
Dents or marks on body consistent with age and kilometres.
Dents or marks on body consistent with age and kilometres.
Paint fading Around exterior
Paint fading Around exterior
Engine noise observed.
Engine noise observed.",4,,16 February 2026
2016,HOLDEN,Spark,LT MP,Hatchback,CVT,Petrol,151374,5.0,KL3DC48A4GC617985,1HH9QS,02-05-2026,4,1.4,Black,Black Leather,Yes,No,Yes,Yes,Yes,VIC,https://www.grays.com/lot/0001-21062716/motor-vehicles-motor-cycles/2016-holden-spark-lt-mp-cvt-hatchback,"Engine light ON
Dents or marks on body consistent with age and kilometres.
Paint fading Bonnet
Medium Scratch on various panels
Medium Dent on various panels",27,"$2,700",12 February 2026
2013,BMW,X5,xDrive 40d SPORT E70 LCI T D,Wagon,Automatic,Diesel,260355,7.0,WBAZW620300A92680,1NA8JE,Unregistered,6,3.0,White,Black Leather,Yes,Yes,Yes,No,Yes,VIC,https://www.grays.com/lot/0001-21062715/motor-vehicles-motor-cycles/2013-bmw-x5-xdrive-40d-sport-e70-lci-t-d-auto-8-speed-7-seats-wagon,"Engine idling rough
Other Warning light ON
Dents or marks on body consistent with age and kilometres.",68,"$5,201",12 February 2026
2002,TOYOTA,Camry,Ateva ACV36R,Sedan,Automatic,Petrol,169350,5.0,6T153BK360X001967,2DY9VA,18-03-2026,4,2.4,Silver,Grey,Yes,Yes,No,Partial,Yes,VIC,https://www.grays.com/lot/0001-21062714/motor-vehicles-motor-cycles/2002-toyota-camry-ateva-acv36r-automatic-sedan,"Medium Dent on Around vehicle
Medium Scuff on Around vehicle
Medium Scratch on Around vehicle",46,"$3,900",12 February 2026
2016,RENAULT,Kangoo,,Van,Automatic,Petrol,186718,2.0,VF1FW1UBAG0734303,No plates,Unregistered,4,1.6,White,Black,Yes,No,Yes,Partial,Yes,VIC,https://www.grays.com/lot/0001-21062713/motor-vehicles-motor-cycles/2016-renault-kangoo-automatic-van,"Seat Torn Drivers
Door Handle Not Working or Broken.
Medium Scratch on Around vehicle
Engine idling rough
Dents or marks on body consistent with age and kilometres.",40,,12 February 2026
2004,HYUNDAI,Getz,GL TB,Hatchback,Automatic,Petrol,188462,5.0,KMHBT51AR5U291164,TAX475,19-03-2026,4,1.5,Light Blue,Grey,Yes,Yes,Yes,Partial,Yes,VIC,https://www.grays.com/lot/0001-21062745/motor-vehicles-motor-cycles/2004-hyundai-getz-gl-tb-automatic-hatchback,"Dents or marks on body consistent with age and kilometres.
Paint cracked Around vehicle
Corrosion visible Around vehicle
Front Seat Stains driver side
Medium Dent on various panels
Paint peeling on various panels",18,,15 February 2026
2007,ALFA,Romeo,Spider 2.2 JTS 177,Convertible,Manual,Petrol,106207,2.0,ZAR93900005015785,2BK7LH,14-03-2026,4,2.2,Black,Black Leather,Yes,No,Yes,Partial,Yes,VIC,https://www.grays.com/lot/0001-21062744/motor-vehicles-motor-cycles/2007-alfa-romeo-spider-2-2-jts-177-manual-convertible,"Dents or marks on body consistent with age and kilometres.
Medium Dent on fender
Medium Scratch on various panels.
Convertible Roof requires attention.",65,,15 February 2026
2016,TOYOTA,Camry,Altise ASV50R,Sedan,Automatic,Petrol,185199,5.0,6T1BF3FK90X099720,1VG5XO,21-02-2026,4,2.5,White,Black,Yes,Yes,No,No,Yes,VIC,https://www.grays.com/lot/0001-21062743/motor-vehicles-motor-cycles/2016-toyota-camry-altise-asv50r-automatic-sedan,"Dents or marks on body consistent with age and kilometres.
Rear bumper Cracked bumper.
Medium Scratch on various panels
Sticker peeling inside door handle
Medium Scuff on front bumper",124,"$9,350",15 February 2026
2011,VOLKSWAGEN,Touareg,V6 FSI 7P,Wagon,Automatic,Petrol,194526,5.0,WVGZZZ7PZCD023775,No plates,Unregistered,6,3.6,Black,Black Leather,Yes,Yes,Yes,Partial,Yes,VIC,https://www.grays.com/lot/0001-21062739/motor-vehicles-motor-cycles/2011-volkswagen-touareg-v6-fsi-7p-automatic-8-speed-wagon,"Medium Scratch on Around vehicle
Paint fading Bonnet
Front Seat worn Driver seat",72,"$4,909",15 February 2026
2015,TOYOTA,Rav,4 FWD GX ZSA42R,Wagon,CVT,Petrol,141220,5.0,JTMZDREV90J053469,No plates,Unregistered,4,2.0,White,Black,Yes,Yes,Yes,Partial,Yes,VIC,https://www.grays.com/lot/0001-21062747/motor-vehicles-motor-cycles/2015-toyota-rav-4-fwd-gx-zsa42r-cvt-wagon,"Dents or marks on body consistent with age and kilometres.
Medium Scratch on Around vehicle",141,"$14,800",16 February 2026
2013,MERCEDES-BENZ,E350,,Sedan,Automatic,Petrol,120381,5.0,WDD2120592A885225,DIU965,04-03-2026,6,3.5,White,Black Leather,Yes,No,No,Partial,Yes,VIC,https://www.grays.com/lot/0001-21062741/motor-vehicles-motor-cycles/2013-mercedes-benz-e350-automatic-sedan,"Medium Scratch on Around vehicle
Dents or marks on body consistent with age and kilometres.",198,"$15,900",16 February 2026
2008,VOLKSWAGEN,Golf,GTI A5,Hatchback,Automatic,Petrol,273944,5.0,WVWZZZ1KZ8U028581,2BQ8BP,29-05-2026,4,2.0,Black,Black Leather,Yes,Yes,No,Partial,Yes,VIC,https://www.grays.com/lot/0001-21062693/motor-vehicles-motor-cycles/2008-volkswagen-golf-gti-a5-automatic-hatchback,"Dents or marks on body consistent with age and kilometres.
Paint fading, peeling Various areas
Body/panel damage Bonnet
Front seats worn
Hood Lining Sagging
Engine noise observed.Engine idling rough.
Engine light ON
Interior: Centre console damaged.
Interior: Centre console damaged.",13,"$1,109",12 February 2026
2013,AUDI,Q3,2.0 TFSI Quattro 8U,Wagon,Automatic,Petrol,167519,5.0,WAUZZZ8U5ER051616,1BA1EG,20-02-2026,4,2.0,Grey,Black Leather,Yes,Yes,Yes,Yes,Yes,VIC,https://www.grays.com/lot/0001-21062681/motor-vehicles-motor-cycles/2013-audi-q3-2-0-tfsi-quattro-8u-automatic-wagon,"Medium Scratch on Around vehicle
Windscreen Chipped or Cracked.
Dents or marks on body consistent with age and kilometres.",87,"$6,900",12 February 2026
2021,TOYOTA,Landcruiser,Prado GX GDJ150R,Wagon,Automatic,Diesel,65664,5.0,JTEBR3FJ50K210884,2DQ1NI,17-03-2026,4,2.8,White,Black,Yes,No,Yes,Yes,Yes,VIC,https://www.grays.com/lot/0001-21062673/motor-vehicles-motor-cycles/2021-toyota-landcruiser-prado-gx-gdj150r-turbo-diesel-automatic-wagon,Dents or marks on body consistent with age and kilometres.,187,"$40,100",12 February 2026
2011,AUDI,A7,Sportback 3.0 TDI Quattro 4G,Hatchback,Automatic,Diesel,133234,4.0,WAUZZZ4G4CN044886,BZT579,23-03-2026,6,3.0,Bronze,Black Leather,Yes,Yes,Yes,Yes,Yes,VIC,https://www.grays.com/lot/0001-21062480/motor-vehicles-motor-cycles/2011-audi-a7-sportback-3-0-tdi-quattro-4g-turbo-diesel-automatic-hatchback,"Front Cracked bumper.
Dents or marks on body consistent with age and kilometres.",86,"$10,800",12 February 2026
2008,PEUGEOT,308,XSE HDi TOURING,Wagon,Automatic,Diesel,283491,5.0,VF34HRHRJ55359725,WSD619,22-03-2026,4,2.0,Black,Black Leather,Yes,No,No,No,Yes,VIC,https://www.grays.com/lot/0001-21062689/motor-vehicles-motor-cycles/2008-peugeot-308-xse-hdi-touring-turbo-diesel-automatic-wagon,"Medium Scratch on Around vehicle
Medium Dent on Around vehicle
Hood Lining Sagging
Engine noise observed.
Front Seat worn Around vehicle
Dents or marks on body consistent with age and kilometres.",2,$109,15 February 2026
2004,BMW,330i,M-Sport E46,Sedan,Automatic,Petrol,280152,5.0,WBAET56030NH47628,No plates,Unregistered,6,3.0,Black,Cream Leather,Yes,Yes,Yes,Yes,Yes,VIC,https://www.grays.com/lot/0001-21062624/motor-vehicles-motor-cycles/2004-bmw-330i-m-sport-e46-automatic-sedan,"Dents or marks on body consistent with age and kilometres.
Door card Damaged.
Paint fading Around vehicle
Other Warning light ON",27,"$1,809",15 February 2026
2014,MINI,Cooper,COUNTRYMAN SD ALL4 R60,Wagon,Automatic,Diesel,131304,5.0,WMWZD72050WN32016,DPI933,10-03-2026,4,2.0,White,Black Leather,Yes,Yes,Yes,Partial,Yes,VIC,https://www.grays.com/lot/0001-21062581/motor-vehicles-motor-cycles/2014-mini-cooper-countryman-sd-all4-r60-turbo-diesel-automatic-wagon,"Medium Scuff on Around vehicle.
Scratch Rear Bumper.",59,"$12,900",15 February 2026
2007,TOYOTA,Yaris,YRS NCP93R,Sedan,Automatic,Petrol,181229,5.0,JTDBT923X01165964,1YU1TD,12-01-2026,4,1.5,Grey,Black,Yes,No,No,No,Yes,VIC,https://www.grays.com/lot/0001-21062467/motor-vehicles-motor-cycles/2007-toyota-yaris-yrs-ncp93r-automatic-sedan,"Front Cracked bumper.
Medium Scratch on Around vehicle
Paint fading Around vehicle
Medium Dent on door panel
Medium Scuff on front bumper",46,"$3,309",15 February 2026
2012,HYUNDAI,I30,Elite GD,Hatchback,Automatic,Petrol,140062,5.0,KMHD351EMDU048114,ZOV928,14-05-2026,4,1.8,Black,Black,Yes,Yes,Yes,Partial,Yes,VIC,https://www.grays.com/lot/0001-21062697/motor-vehicles-motor-cycles/2012-hyundai-i30-elite-gd-automatic-hatchback,"Dents or marks on body consistent with age and kilometres.
Medium Scratch Rear Bumper.
Paint Fade Various Panels",65,"$5,600",16 February 2026
2019,BMW,5,Series 530d G30,Sedan,Automatic,Diesel,92705,5.0,WBAJC92080B467214,No plates,Unregistered,6,3.0,White,Black Leather,Yes,No,Yes,No,Yes,QLD,https://www.grays.com/lot/0001-50517796/motor-vehicles-motor-cycles/2019-bmw-5-series-530d-g30-turbo-diesel-automatic-8-speed-sedan,"Engine light ON
Windscreen Chipped or Cracked.
Dents or marks on body consistent with age and kilometres.
Door card Worn.",91,,15 February 2026
2017,RENAULT,Megane,INTENS,Sedan,Automatic,Petrol,115727,5.0,VF1RFB006H0756007,No plates,Unregistered,4,1.2,White,Black Leather,Yes,No,Yes,Partial,Yes,QLD,https://www.grays.com/lot/0001-50517795/motor-vehicles-motor-cycles/2017-renault-megane-intens-automatic-sedan,"Door card Damaged.
Dents or marks on body consistent with age and kilometres.",94,,15 February 2026
2016,FORD,Focus,Trend LZ,Hatchback,Automatic,Petrol,230787,5.0,MPB3XXMXC3GE51084,No plates,Unregistered,4,1.5,Grey,Grey,Yes,Yes,Yes,Yes,Yes,QLD,https://www.grays.com/lot/0001-50517794/motor-vehicles-motor-cycles/2016-ford-focus-trend-lz-automatic-hatchback,"Dents or marks on body consistent with age and kilometres.
Front Seat worn Both
Medium Scuff on rear bumper",36,,15 February 2026
2008,HOLDEN,Ute,SV6 VE,Ute,Automatic,Petrol,273527,2.0,6G1EK42719L152782,No plates,Unregistered,6,3.6,Blue,Black,Yes,Yes,Yes,Partial,Yes,NSW,https://www.grays.com/lot/0001-10352611/motor-vehicles-motor-cycles/2008-holden-ute-sv6-ve-automatic-ute,"Large Dent on Tailgate, rear quarter panels
Damaged Headlights
Door card Worn.
Engine light ON
Steering requires attention.
Glovebox Would not Open/Close
Front Seat Marks both",54,"$3,210",15 February 2026
2018,TOYOTA,Hiace,SLWB KDH221R,Van,Automatic,Diesel,64827,2.0,JTFPT22P500021641,CX48YH,Unregistered,4,3.0,Blue,Black,Yes,Yes,Yes,Partial,Yes,NSW,https://www.grays.com/lot/0001-10352608/motor-vehicles-motor-cycles/2018-toyota-hiace-slwb-kdh221r-turbo-diesel-automatic-van,Large Dent on Driver side rear quarter panel,170,,15 February 2026
2016,BMW,1,Series M140i F20,Hatchback,Automatic,Petrol,199298,5.0,WBA1S920105G99920,FRI11M,Unregistered,6,3.0,White,Black,Yes,Yes,Yes,Yes,Yes,NSW,https://www.grays.com/lot/0001-10352607/motor-vehicles-motor-cycles/2016-bmw-1-series-m140i-f20-automatic-8-speed-hatchback,"Windscreen Chipped or Cracked.
Medium Dent on Roof, bonnet
Medium Scuff on lower door panel",71,,15 February 2026
2016,KIA,Sorento,SLi UM,Wagon,Automatic,Diesel,194734,7.0,KNAPH81BSG5263067,No plates,Unregistered,4,2.2,White,Black,Yes,Yes,Yes,No,Yes,NSW,https://www.grays.com/lot/0001-10352606/motor-vehicles-motor-cycles/2016-kia-sorento-sli-um-turbo-diesel-automatic-7-seats-wagon,"Large Scratch on Driver side frint guard and door
Medium Dent on Roof
Medium Scratch on Front bumper bar
Seat Torn Drivers seat",97,,15 February 2026
2013,FORD,Mondeo,LX FWD,Sedan,Automatic,Diesel,158201,5.0,WF0EXXGBBEDP25183,No plates,Unregistered,4 cyl,2.0,Silver,Grey,Yes,No,Yes,Yes,Yes,QLD,https://www.grays.com/lot/0001-50517797/motor-vehicles-motor-cycles/2013-ford-mondeo-lx-fwd-automatic-6-speed-sedan,"Comments: ABS Brakes, Multi Function Steering Wheel,
Exterior: Some scratched/paint chips, wheel covers faded",27,,16 February 2026
2012,KIA,Rio,S UB,Hatchback,Manual,Petrol,162795,5.0,KNADN512LC6778359,No plates,Unregistered,4,1.4,Red,Black,Yes,No,Yes,Partial,Yes,QLD,https://www.grays.com/lot/0001-50517793/motor-vehicles-motor-cycles/2012-kia-rio-s-ub-manual-hatchback,"Airbag light ON
Paint fading Various panels
Dents or marks on body consistent with age and kilometres.
Body/panel damage RHF had RHR door
Medium Scratch on Rear bumper
Medium Scuff on Front bumper",20,,16 February 2026
2015,MINI,Cooper,F55,Wagon,Automatic,Petrol,119380,5.0,WMWXS520902C88091,FBA09G,Unregistered,3,1.5,Red,Black,Yes,Yes,Yes,Partial,Yes,NSW,https://www.grays.com/lot/0001-10352625/motor-vehicles-motor-cycles/2015-mini-cooper-f55-automatic-wagon,"Medium Dent on Roof
Large Scratch on Passenger side rear door and quarter panel
Engine lacks power
Other Warning light ON",73,"$6,210",16 February 2026
2002,HOLDEN,Calais,VX,Sedan,Automatic,Petrol,59217,5.0,6H8VXX69R2L823621,No plates,Unregistered,6,3.8,Silver,Grey,Yes,Yes,Yes,Yes,Yes,NSW,https://www.grays.com/lot/0001-10352603/motor-vehicles-motor-cycles/2002-holden-calais-vx-automatic-sedan,"Large Dent on Passenger side rear door and quarter panel, driver side front guard
Large Scratch on Bumper bars
Corrosion visible Bonnet
Hood Lining Sagging
Paint peeling various areas",57,"$5,700",15 February 2026
2011,MITSUBISHI,Lancer,SX CJ,Sedan,CVT,Petrol,207885,5.0,JMFSTCY4ABU006185,BZZ43R,Unregistered,4,2.0,White,Grey,Yes,No,Yes,Partial,Yes,NSW,https://www.grays.com/lot/0001-10352602/motor-vehicles-motor-cycles/2011-mitsubishi-lancer-sx-cj-cvt-sedan,"Rear Cracked bumper.
Paint peeling Numerous panels including roof, driver side doors, rear spoiler
Corrosion visible Small spots on numerous panels
Large Scratch on Front bumper bar, passenger side front",47,"$3,109",15 February 2026
2018,TOYOTA,Hiace,KDH223R,Bus,Automatic,Diesel,61077,12.0,JTFST22PX00038333,No plates,Unregistered,4,3.0,White,Grey,Yes,No,Yes,Partial,Yes,NSW,https://www.grays.com/lot/0001-10352599/motor-vehicles-motor-cycles/2018-toyota-hiace-kdh223r-turbo-diesel-automatic-12-seats-bus,"Large Dent on Tailgate, sills, sliding door
Corrosion visible Roof, bonnet, passenger side front door, tailgate, sills
Damaged Centre brake light
Other Warning light ON
Driveline requires attention, recommend inspection by qualified third party",123,,15 February 2026
2011,MITSUBISHI,Challenger,PB,Wagon,Automatic,Diesel,282816,5.0,MMAGYKH40CF000584,909NH2,Unregistered,4,2.5,Grey,Black,Yes,Yes,Yes,Partial,Yes,NSW,https://www.grays.com/lot/0001-10352598/motor-vehicles-motor-cycles/2011-mitsubishi-challenger-pb-turbo-diesel-automatic-wagon,"Paint fading Numerous locations
Corrosion visible Underbody components
Windscreen Chipped or Cracked.
Other Warning light ON",35,,15 February 2026
2019,HONDA,Civic,VTi-L 10TH GEN,Sedan,CVT,Petrol,97571,5.0,MRHFC1660KT070381,FTW63A,Unregistered,4,1.5,Grey,Black,Yes,No,No,No,Yes,NSW,https://www.grays.com/lot/0001-10352596/motor-vehicles-motor-cycles/2019-honda-civic-vti-l-10th-gen-cvt-sedan,"Rear Cracked bumper.
Large Dent on Passenger side cant rail, bootlid
Door Mirror Broken Passenger side
Engine light ON
Traction control light ON
Other Warning light ON
Large Scratch on Passenger side lower sill skirt",156,"$13,300",15 February 2026
2016,FORD,Ranger,XL 4X4 PX II Dual,Dual Cab,Automatic,Diesel,452855,5.0,MNAUMFF50GW607925,1YM7UG,Unregistered,5,3.2,White,Black,Yes,No,No,Partial,Yes,NSW,https://www.grays.com/lot/0001-10352605/motor-vehicles-motor-cycles/2016-ford-ranger-xl-4x4-px-ii-turbo-diesel-automatic-dual-cab,"Large Dent on Roof and bonnet
Seat Torn Drivers seat
Other Warning light ON
Medium Scratch on LHR quarter
Paint peeling on tray",30,,16 February 2026
2008,TOYOTA,Crown,Import,Sedan,Automatic,Petrol,133405,5.0,6ZZ8GRS2040004708,No plates,Unregistered,6,3.5,White,Black,Yes,Yes,Yes,Partial,Yes,NSW,https://www.grays.com/lot/0001-10352594/motor-vehicles-motor-cycles/2008-toyota-crown-import-automatic-sedan,"Medium Scratch on Front bumper bar, passenger side sill skirt
Steering requires attention.
Engine light ON
Traction control light ON",60,,16 February 2026
2015,FORD,Ecosport,Trend BK,Wagon,Automatic,Petrol,111402,5.0,MAJBXXMRKBFE32385,DN77VP,Unregistered,4,1.5,Black,Grey,Yes,No,No,No,Yes,NSW,https://www.grays.com/lot/0001-10352593/motor-vehicles-motor-cycles/2015-ford-ecosport-trend-bk-automatic-wagon,"Transmission Requires attention Strongly recommend inspection by qualified third party
Engine light ON
Other Warning light ON
Traction control light ON
Radio Not Working
Hail damage visible.
Large Scratch on Drivers door
Medium Dent on Drivers qyarter
Rear bar Cracked bumper.
Medium Dent on Passenger cant rail
Large Scratch on Front bar",7,,16 February 2026
2014,BMW,X5,sDrive 25d F15,Wagon,Automatic,Diesel,201870,5.0,WBAKS020700C06416,BM05WX,Unregistered,4,2.0,Silver,Black,Yes,Yes,Yes,Partial,Yes,NSW,https://www.grays.com/lot/0001-10352583/motor-vehicles-motor-cycles/2014-bmw-x5-sdrive-25d-f15-turbo-diesel-automatic-8-speed-wagon,"Large Scratch on Bumper bars
Seat Torn Drivers seat
Engine lacks power
Other Warning light ON",6,,12 February 2026
2016,HYUNDAI,Accent,Active RB,Hatchback,CVT,Petrol,171178,5.0,KMHCT51BTGU295903,No plates,Unregistered,4,1.4,White,Black,Yes,No,Yes,Partial,Yes,NSW,https://www.grays.com/lot/0001-10352581/motor-vehicles-motor-cycles/2016-hyundai-accent-active-rb-cvt-hatchback,"Front Cracked bumper.
Transmission Requires attention Strongly recommend inspection by qualified third party
Engine light ON",62,,12 February 2026
2009,NISSAN,Navara,ST-X 4X4 KING CAB D40,Ute,Manual,Diesel,221757,4.0,MNTNCUD40A0002402,BB90SJ,Unregistered,4,2.5,Grey,Grey,Yes,Yes,Yes,Partial,Yes,NSW,https://www.grays.com/lot/0001-10352580/motor-vehicles-motor-cycles/2009-nissan-navara-st-x-4x4-king-cab-d40-turbo-diesel-manual-ute,"Paint peeling Roof, bonnet, front guards
Large Scratch on Front bumper bar, driver side front guard and door",62,,12 February 2026
2009,BMW,X6,xDrive 50i E71 LCI,Coupe,Automatic,Petrol,136328,4.0,WBAFG82050LL79073,FHV96A,Unregistered,8,4.4,Black,Cream,Yes,No,No,No,Yes,NSW,https://www.grays.com/lot/0001-10352592/motor-vehicles-motor-cycles/2009-bmw-x6-xdrive-50i-e71-lci-automatic-8-speed-coupe,"Front Cracked bumper.
Paint cracked Rear bumper bar
Engine idling rough
Engine Smoke visible
Engine lacks power
Engine light ON
Paint peeling on door window trims
Door card Worn.
Medium Scratch on Front side guards, rear panel, front bumper",50,,15 February 2026
2010,RENAULT,Kangoo,,Van,Automatic,Petrol,225160,2.0,VF1FW0DBAA0659771,No plates,Unregistered,4,1.6,White,Grey,Yes,No,Yes,Partial,No,NSW,https://www.grays.com/lot/0001-10352591/motor-vehicles-motor-cycles/2010-renault-kangoo-automatic-van,"Engine idling rough
Engine light ON
Front Seat worn Drivers side
Paint fading Various panels
Door Mirror Broken Passenger side
Windscreen Chipped or Cracked.
Large Dent on Passengers sliding door, both quarter panels and barn doors
Corrosion visible Bonnet
Engine Smoke visible
Other Warning light ON
Flat Battery. Jump start or towing required
Engine Oil Leak",7,$409,15 February 2026
2013,CHRYSLER,300,Limited LX,Sedan,Automatic,Petrol,188030,5.0,2C3CCATG0DH686534,FMA04D,Unregistered,6,3.6,Grey,Black,Yes,No,Yes,No,Yes,NSW,https://www.grays.com/lot/0001-10352590/motor-vehicles-motor-cycles/2013-chrysler-300-limited-lx-automatic-8-speed-sedan,"Rear Cracked bumper.
Medium Scratch on Front bumper bar
Damaged Driver side tail light
Flat Battery. Jump start or towing required
Other Warning light ON
Hail damage visible.",10,,15 February 2026
2008,SUBARU,Liberty,2.5i Heritage B4,Sedan,Manual,Petrol,346284,5.0,JF1BL9KJ38G039686,No plates,Unregistered,4,2.5,Black,Black,Yes,No,Yes,Partial,Yes,NSW,https://www.grays.com/lot/0001-10352589/motor-vehicles-motor-cycles/2008-subaru-liberty-2-5i-heritage-b4-manual-sedan,"Dash Torn or Cracked
Front Seat worn Drivers seat worn and tears
Back Seat worn.
Hail damage visible.
Large Dent on Drivers quarter
Large Scratch on Front bar
Paint fading On roof bonnet and quarter panels
Rear bar damaged Cracked bumper.
Clutch Requires attention
Suspension requires attention
Large Scratch on rear bumper.
Noise observed from front of vehicle.
Seals needs replacing.",3,,15 February 2026
2005,TOYOTA,Hilux,SR (4x4) KUN26R,Ute,Manual,Diesel,307569,4.0,MR0HZ22G203500093,No plates,Unregistered,4,3.0,Black,Grey,Yes,No,No,No,Yes,NSW,https://www.grays.com/lot/0001-10352582/motor-vehicles-motor-cycles/2005-toyota-hilux-sr-4x4-kun26r-turbo-diesel-manual-ute,"Windscreen Chipped or Cracked.
Large Dent on Bull bar, passenger side front guard
Paint fading Roof
Seat Torn Drivers seat
Clutch Requires attention",57,,15 February 2026
2010,SUZUKI,Kizashi,FR,Sedan,CVT,Petrol,171422,5.0,JSAFRE91S00120233,No plates,Unregistered,4,2.4,Black,Black,Yes,Yes,Yes,Partial,Yes,NSW,https://www.grays.com/lot/0001-10352579/motor-vehicles-motor-cycles/2010-suzuki-kizashi-fr-cvt-sedan,"Front Cracked bumper.
Paint cracked Rear bumper bar",21,,15 February 2026
2013,MITSUBISHI,Lancer,EVOLUTION X MR CJ,Sedan,Automatic,Petrol,126580,5.0,JMFSMCZ4AEU000212,No plates,Unregistered,4,2.0,Grey,Black,Yes,No,Yes,Partial,Yes,NSW,https://www.grays.com/lot/0001-10352578/motor-vehicles-motor-cycles/2013-mitsubishi-lancer-evolution-x-mr-cj-automatic-sedan,"Medium Dent on Bonnet
Paint cracked Front bumper bar
Windscreen Chipped or Cracked.",118,,15 February 2026
2013,FORD,Mondeo,LX MC,Hatchback,Automatic,Diesel,127698,5.0,WF0EXXGBBEDK83477,1BJ3JS,14-12-2025,4,2.0,White,Black,Yes,Yes,Yes,Partial,Yes,VIC,https://www.grays.com/lot/0001-21062678/motor-vehicles-motor-cycles/2013-ford-mondeo-lx-mc-turbo-diesel-automatic-hatchback,Dents or marks on body consistent with age and kilometres.,57,"$4,450",10 February 2026
2024,MAZDA,Cx-80,D50e Azami KL i-ACTIV AWD,SUV,Automatic,Diesel,1048,7.0,JM0KL0HC401101538,FTQ01J,Unregistered,6,3.3,White,Black Leather,Yes,Yes,Yes,,,"Wollongong, New South Wales, 2500",https://www.grays.com/lot/0001-10352497/motor-vehicles-motor-cycles/2024-mazda-cx-80-d50e-azami-kl-auto-i-activ-awd,"Air Conditioning
Alloy Wheels
Auto Control
Bluetooth Capability
Central Locking
Climate Control
Driver Airbag
Electric Windows
Heated Front Seats
Hill Holder System
Leather Trim
MP3 Capability
Park Distance Control Front
Park Distance Control Rear
Power Steering
Reversing Camera
Third Row Seat
Location: Wollongong, New South Wales, 2500",285,,11 February 2026
2025,MAZDA,Cx-80,G40e Touring KL i-ACTIV AWD,SUV,Automatic,Petrol,1545,7.0,JM0KL0HB001103584,FTQ01E,Unregistered,6,3.3,White,Black Leather,Yes,Yes,Yes,,,"Wollongong, New South Wales, 2500",https://www.grays.com/lot/0001-10352496/motor-vehicles-motor-cycles/2025-mazda-cx-80-g40e-touring-kl-auto-i-activ-awd,"Air Conditioning
Alloy Wheels
Auto Control
Bluetooth Capability
Central Locking
Climate Control
Driver Airbag
Electric Windows
Heated Front Seats
Hill Holder System
Leather Trim
MP3 Capability
Park Distance Control Front
Park Distance Control Rear
Power Steering
Reversing Camera
Third Row Seat
Location: Wollongong, New South Wales, 2500",254,,11 February 2026
2013,VOLVO,Xc60,T6 R DESIGN,Wagon,Automatic,Petrol,79090,5.0,YV1DZ90H6E2572527,AFE674,11-02-2026,6,3.0,Black,Black Leather,Yes,Yes,Yes,Yes,Yes,VIC,https://www.grays.com/lot/0001-21062727/motor-vehicles-motor-cycles/2013-volvo-xc60-t6-r-design-automatic-wagon,"Medium Scuffs, scratches Around vehicle
Windscreen Chipped.",209,"$15,101",11 February 2026
2011,TOYOTA,Kluger,4X2 GRANDE GSU40R,Wagon,Automatic,Petrol,178664,7.0,JTEDS42A802110366,YHZ222,21-04-2026,6,3.5,White,Black Leather,Yes,Yes,Yes,Partial,Yes,VIC,https://www.grays.com/lot/0001-21062726/motor-vehicles-motor-cycles/2011-toyota-kluger-4x2-grande-gsu40r-automatic-7-seats-wagon,Dents or marks on body consistent with age and kilometres.,179,"$13,063",11 February 2026
2014,TOYOTA,Hiace,LWB KDH201R,Van,Automatic,Diesel,291394,2.0,JTFHT02P300160272,1RL3XI,13-03-2026,4,3.0,White,Grey,Yes,Yes,Yes,Partial,Yes,VIC,https://www.grays.com/lot/0001-21062719/motor-vehicles-motor-cycles/2014-toyota-hiace-lwb-kdh201r-turbo-diesel-automatic-van,"Medium Scratch on Around vehicle
Dents or marks on body consistent with age and kilometres.
Corrosion visible Around vehicle
Front Seat Stains All
Paint peeling Around vehicle
Medium Dent on boot panel",155,"$12,311",11 February 2026
2014,MERCEDES,Benz,C 200 C200 W205,Sedan,Automatic,Petrol,106402,5.0,WDD2050422F044174,No plates,Unregistered,4,2.0,White,Black Leather,Yes,No,Yes,Yes,Yes,QLD,https://www.grays.com/lot/0001-50517789/motor-vehicles-motor-cycles/2014-mercedes-benz-c-200-c200-w205-automatic-sedan,"Dents or marks on body consistent with age and kilometres.
Front Seat worn Both
Windscreen Chipped or Cracked.",90,"$14,000",11 February 2026
2011,HOLDEN,Barina,TK,Hatchback,Manual,Petrol,217363,5.0,KL3SF486JBB289510,No plates,Unregistered,4,1.6,White,Black,Yes,Yes,Yes,Partial,Yes,QLD,https://www.grays.com/lot/0001-50517781/motor-vehicles-motor-cycles/2011-holden-barina-tk-manual-hatchback,"Large Dent on LHR door
Dents or marks on body consistent with age and kilometres.
Paint fading on spoiler",13,"$1,000",11 February 2026
2015,HYUNDAI,Tucson,Active X TL,Wagon,Automatic,Petrol,229086,5.0,KMHJ3814MGU045607,1FF8SF,02-05-2026,4,2.0,Silver,Black Leather,Yes,No,Yes,Yes,Yes,VIC,https://www.grays.com/lot/0001-21062680/motor-vehicles-motor-cycles/2015-hyundai-tucson-active-x-tl-automatic-wagon,"Dents or marks on body consistent with age and kilometres.
Corrosion visible Bonnet
Medium Scratch on Around vehicle",96,"$7,200",11 February 2026
2015,NISSAN,Pathfinder,ST R52,Wagon,CVT,Petrol,215896,7.0,5N1AR2MN9FC647401,No plates,Unregistered,6,3.5,Maroon,Grey,Yes,No,Yes,Partial,Yes,NSW,https://www.grays.com/lot/0001-10352545/motor-vehicles-motor-cycles/2015-nissan-pathfinder-st-r52-cvt-7-seats-wagon,"Engine noise observed.
Front Seat worn Drivers seat
Damaged Passenger head light broken
Paint fading Roof and guards
Medium Dent on Passenger rear door
Large Scratch on Rear bar
Front bar damaged Cracked bumper.
Large Dent on Bonnet",35,,15 February 2026
2016,HYUNDAI,Iload,TQ,Van,Automatic,Diesel,425219,2.0,KMFWBX7KMHU860203,1JY9NH,26-04-2026,4,2.5,White,Grey,Yes,No,Yes,Partial,Yes,VIC,https://www.grays.com/lot/0001-21062676/motor-vehicles-motor-cycles/2016-hyundai-iload-tq-turbo-diesel-automatic-van,"Rear bumper Cracked bumper.
Dents or marks on body consistent with age and kilometres.
Medium Scuff on Around vehicle",43,"$3,309",10 February 2026
1998,TOYOTA,Celica,SX ST204,Hatchback,Automatic,Petrol,207029,4.0,JT764STL400054607,XAM159,24-04-2026,4,2.2,White,Black,Yes,No,Yes,No,Yes,VIC,https://www.grays.com/lot/0001-21062675/motor-vehicles-motor-cycles/1998-toyota-celica-sx-st204-automatic-hatchback,"Seat Torn Drivers
Door card Damaged.
Large Scratch on Around vehicle",28,"$2,800",10 February 2026
2015,VOLKSWAGEN,Golf,90TSI A7,Hatchback,Automatic,Petrol,199478,5.0,WVWZZZAUZFW219019,1TF8EZ,04-12-2026,4,1.4,Silver,Grey,Yes,Yes,Yes,Yes,Yes,VIC,https://www.grays.com/lot/0001-21062674/motor-vehicles-motor-cycles/2015-volkswagen-golf-90tsi-a7-automatic-hatchback,"Medium Scuff on Around vehicle
Rear bumper Cracked bumper.
Dents or marks on body consistent with age and kilometres.",90,"$5,880",10 February 2026
2017,HOLDEN,Trax,LTZ TJ,Wagon,Automatic,Petrol,129585,5.0,KL3BA7689JB554727,1TJ2NZ,11-04-2026,4,1.4,Grey,Black Leather,Yes,Yes,Yes,Partial,Yes,VIC,https://www.grays.com/lot/0001-21062671/motor-vehicles-motor-cycles/2017-holden-trax-ltz-tj-automatic-wagon,"Medium Scratch on Around vehicle
Large Scuff on Front bumper
Hail damage visible.",68,"$5,409",10 February 2026
2012,FORD,Mondeo,LX MC,Hatchback,Automatic,Diesel,300494,5.0,WF0EXXGBBECA77812,ZCR287,22-03-2026,4,2.0,Blue,Multi,Yes,No,Yes,Partial,Yes,VIC,https://www.grays.com/lot/0001-21062670/motor-vehicles-motor-cycles/2012-ford-mondeo-lx-mc-turbo-diesel-automatic-hatchback,"Front Seat Stains Both
Back Seat Stains.
Paint fading Around vehicle
Medium Scratch on Around vehicle
Dents or marks on body consistent with age and kilometres.",26,"$1,509",10 February 2026
2012,HOLDEN,Barina,TM,Sedan,Automatic,Petrol,157554,5.0,KL3TA69E9CB155857,No plates,Unregistered,4,1.6,Black,Black,Yes,No,No,No,Yes,VIC,https://www.grays.com/lot/0001-21062669/motor-vehicles-motor-cycles/2012-holden-barina-tm-automatic-sedan,"Front Seat Stains Both
Back Seat Stains.
Paint peeling Around vehicle
Medium Dent on Around vehicle
Medium Scuff on Around vehicle
Engine light ON",19,"$1,900",10 February 2026
2014,VOLKSWAGEN,Caddy,TDI250 MAXI BLUEMOT.,Van,Automatic,Diesel,192135,2.0,WV1ZZZ2KZFX018517,2DW8CE,15-03-2026,4,1.6,White,Grey,Yes,Yes,Yes,Partial,Yes,VIC,https://www.grays.com/lot/0001-21062665/motor-vehicles-motor-cycles/2014-volkswagen-caddy-tdi250-maxi-bluemot-turbo-diesel-automatic-van,"Dents or marks on body consistent with age and kilometres.
Medium Scuffs Around vehicle",39,"$4,088",10 February 2026
2018,HOLDEN,Equinox,LS+ 2WD EQ,Wagon,Automatic,Petrol,84648,5.0,3G0AX7EV7JS612524,No plates,Unregistered,4,1.5,Black,Black,Yes,Yes,Yes,Partial,Yes,VIC,https://www.grays.com/lot/0001-21062664/motor-vehicles-motor-cycles/2018-holden-equinox-ls-2wd-eq-automatic-wagon,"Engine light ON
Medium Scuff on Around vehicle
Dents or marks on body consistent with age and kilometres.",62,"$4,609",10 February 2026
2016,FORD,Mondeo,Ambiente MD,Wagon,Automatic,Diesel,188504,5.0,WF0FXXWPCFGK42053,FS510,Unregistered,4,2.0,White,Black,Yes,No,Yes,Yes,Yes,VIC,https://www.grays.com/lot/0001-21062663/motor-vehicles-motor-cycles/2016-ford-mondeo-ambiente-md-turbo-diesel-automatic-wagon,"Seat Torn Drivers
Dents or marks on body consistent with age and kilometres.
Medium Scratch on Around vehicle",62,"$4,180",10 February 2026
2010,SUBARU,Forester,X S3,Wagon,Automatic,Petrol,237138,5.0,JF2SH9KL5AG055106,YVX881,17-02-2026,4,2.5,Blue,Black,Yes,No,Yes,Partial,Yes,VIC,https://www.grays.com/lot/0001-21062661/motor-vehicles-motor-cycles/2010-subaru-forester-x-s3-automatic-wagon,"Dents or marks on body consistent with age and kilometres.
Medium Dent on fender
Medium Scratch on various panels",32,"$3,012",10 February 2026
2017,NISSAN,Pathfinder,ST-L R52,Wagon,CVT,Petrol,151712,7.0,5N1DR2MM7HC661563,1KK8JL,26-06-2026,6,3.5,Black,Black Leather,Yes,Yes,Yes,Partial,Yes,VIC,https://www.grays.com/lot/0001-21062660/motor-vehicles-motor-cycles/2017-nissan-pathfinder-st-l-r52-cvt-7-seats-wagon,Dents or marks on body consistent with age and kilometres.,119,"$12,100",10 February 2026
2014,MAZDA,Cx-5,Akera KE,Wagon,Automatic,Diesel,182085,5.0,JM0KE102100266705,1CX6SA,10-10-2026,4,2.2,White,Black Leather,Yes,Yes,Yes,Partial,Yes,VIC,https://www.grays.com/lot/0001-21062659/motor-vehicles-motor-cycles/2014-mazda-cx-5-akera-ke-turbo-diesel-automatic-wagon,Dents or marks on body consistent with age and kilometres.,81,"$9,750",10 February 2026
2015,TOYOTA,Landcruiser,Prado GXL KDJ150R T D,Wagon,Automatic,Diesel,278906,7.0,JTEBH3FJ70K159200,1EJ3HJ,16-04-2026,4,3.0,Blue,Grey,Yes,Yes,Yes,Partial,Yes,VIC,https://www.grays.com/lot/0001-21062657/motor-vehicles-motor-cycles/2015-toyota-landcruiser-prado-gxl-kdj150r-t-d-automatic-7-seats-wagon,Dents or marks on body consistent with age and kilometres.,203,"$16,700",10 February 2026
2013,MITSUBISHI,Asx,2WD XB,Wagon,CVT,Petrol,203896,5.0,JMFXTGA2WEZ001982,2EE6RH,15-04-2026,4,2.0,White,Black,Yes,Yes,Yes,Partial,Yes,VIC,https://www.grays.com/lot/0001-21062656/motor-vehicles-motor-cycles/2013-mitsubishi-asx-2wd-xb-cvt-wagon,Dents or marks on body consistent with age and kilometres.,33,"$5,100",10 February 2026
1993,TOYOTA,Camry,VIENTA V6 ULTIMA VZV10,Sedan,Automatic,Petrol,305885,5.0,6T153VK1009213563,1EE1ME,23-04-2026,6,3.0,White,Grey,Yes,Yes,Yes,Partial,Yes,VIC,https://www.grays.com/lot/0001-21062655/motor-vehicles-motor-cycles/1993-toyota-camry-vienta-v6-ultima-vzv10-automatic-sedan,"Carpet worn in places.
Dash Torn or Cracked
Dents or marks on body consistent with age and kilometres.
Medium Scratch on Around vehicle
Damaged Rear central",4,$309,10 February 2026
2009,SUBARU,Forester,XT Premium S3,Wagon,Automatic,Petrol,200995,5.0,JF2SH9KT5AG036327,1UQ6UV,17-02-2026,4,2.5,White,Black Leather,Yes,No,Yes,Yes,Yes,VIC,https://www.grays.com/lot/0001-21062651/motor-vehicles-motor-cycles/2009-subaru-forester-xt-premium-s3-automatic-wagon,"Dents or marks on body consistent with age and kilometres.
Medium Scuff on Around vehicle",43,"$5,250",10 February 2026
2017,MITSUBISHI,Triton,4X2 GLX MQ,Cab Chassis,Manual,Diesel,153042,2.0,MMAYJKK10HH025794,1MH5HV,16-02-2026,4,2.4,White,Grey,Yes,No,Yes,Partial,Yes,VIC,https://www.grays.com/lot/0001-21062650/motor-vehicles-motor-cycles/2017-mitsubishi-triton-4x2-glx-mq-turbo-diesel-manual-cab-chassis,"Seat Torn Driver seat
Large Scratch on Around vehicle
Corrosion visible Around vehicle
Dents or marks on body consistent with age and kilometres.Cruise control requires attention",75,"$7,500",10 February 2026
2011,SUZUKI,Swift,GL FZ,Hatchback,Automatic,Petrol,181008,5.0,JSAFZC82S00106754,YNX717,02-03-2026,4,1.4,Black,Multi,Yes,No,No,No,Yes,VIC,https://www.grays.com/lot/0001-21062649/motor-vehicles-motor-cycles/2011-suzuki-swift-gl-fz-automatic-hatchback,"Dents or marks on body consistent with age and kilometres.
Medium Scratch on Around vehicle",67,"$5,269",10 February 2026
2015,HYUNDAI,I30,Active GD,Hatchback,Automatic,Diesel,192452,5.0,KMHD251UVGU302232,1TJ2GF,11-03-2026,4,1.6,White,Grey,Yes,No,Yes,Partial,Yes,VIC,https://www.grays.com/lot/0001-21062648/motor-vehicles-motor-cycles/2015-hyundai-i30-active-gd-turbo-diesel-automatic-hatchback,"Engine noise observed.
Dents or marks on body consistent with age and kilometres.",38,"$3,510",10 February 2026
2011,PORSCHE,Panamera,970,Sedan,Automatic,Diesel,104836,4.0,WP0ZZZ97ZCL021177,No plates,Unregistered,6,3.0,Black,Black Leather,Yes,Yes,Yes,Partial,Yes,VIC,https://www.grays.com/lot/0001-21062643/motor-vehicles-motor-cycles/2011-porsche-panamera-diesel-970-turbo-diesel-automatic-8-speed-sedan,"Medium Scratch on Around vehicle
Medium Dent on Roof",250,"$31,600",10 February 2026
2014,VOLKSWAGEN,Touareg,V6 TDI 7P,Wagon,Automatic,Diesel,273983,5.0,WVGZZZ7PZED041566,S749BFK,Unregistered,6,3.0,Black,Black Leather,Yes,Yes,Yes,No,Yes,VIC,https://www.grays.com/lot/0001-21062642/motor-vehicles-motor-cycles/2014-volkswagen-touareg-v6-tdi-7p-turbo-diesel-automatic-8-speed-wagon,"Dents or marks on body consistent with age and kilometres.
Body/panel damage Front bumper",40,"$3,835",10 February 2026
2012,VOLVO,Xc60,T5 TEKNIK,Wagon,Automatic,Petrol,152100,5.0,YV1DZ47HBD2406897,ZLB109,05-05-2026,4,2.0,Black,Black Leather,Yes,Yes,Yes,Yes,Yes,VIC,https://www.grays.com/lot/0001-21062635/motor-vehicles-motor-cycles/2012-volvo-xc60-t5-teknik-automatic-wagon,"Large Dent on Rear passenger side
Medium Scratch on Around exterior
Dents or marks on body consistent with age and kilometres.",85,"$5,709",10 February 2026
2016,HYUNDAI,Iload,TQ II,Van,Manual,Diesel,201988,3.0,KMFWBX7KLHU888034,1JE3VC,21-02-2026,4,2.5,White,Grey,Yes,Yes,Yes,Partial,Yes,VIC,https://www.grays.com/lot/0001-21062632/motor-vehicles-motor-cycles/2016-hyundai-iload-tq-ii-turbo-diesel-manual-van,"Medium Scuff on Around vehicle
Dents or marks on body consistent with age and kilometres.",104,"$6,800",10 February 2026
1993,HONDA,Civic,GLI 5TH GEN,Sedan,Automatic,Petrol,366496,5.0,JHMEG86400S200964,FIZ703,22-10-2026,4,1.5,Red,Grey,Yes,No,Yes,Partial,Yes,VIC,https://www.grays.com/lot/0001-21062631/motor-vehicles-motor-cycles/1993-honda-civic-gli-5th-gen-automatic-sedan,"Medium Scratch on Around vehicle
Paint cracked Around vehicle
Paint fading Around vehicle
Engine light ON",6,$309,10 February 2026
2018,HYUNDAI,Accent,Sport RB,Hatchback,Automatic,Petrol,107268,5.0,KMHCT51EMJU383376,BFH384,25-01-2026,4,1.6,White,Black,Yes,Yes,Yes,Partial,Yes,VIC,https://www.grays.com/lot/0001-21062571/motor-vehicles-motor-cycles/2018-hyundai-accent-sport-rb-automatic-hatchback,"Medium Dents, Scratches Around vehicle
Windscreen Chipped.
Corrosion visible Driver door sil
Interior: Steering wheel worn, Driver door sil requires attention
Interior: Steering wheel worn, Driver door sil requires attention",106,"$8,600",10 February 2026
2007,BMW,530i,E60,Sedan,Automatic,Petrol,208312,5.0,WBANU92010CU35729,WCF562,03-12-2025,6,3.0,Grey,Black Leather,Yes,Yes,Yes,Yes,Yes,VIC,https://www.grays.com/lot/0001-21062541/motor-vehicles-motor-cycles/2007-bmw-530i-e60-automatic-sedan,"Engine noise observed.
Dents or marks on body consistent with age and kilometres.
Paint cracked Rear bumper
Medium Scuff on Around vehicle",47,"$3,109",10 February 2026
2006,PEUGEOT,307,XSE,Hatchback,Automatic,Petrol,89484,5.0,VF33CRFJF84639817,UBH237,26-03-2026,4,2.0,White,Black,Yes,No,No,Yes,Yes,VIC,https://www.grays.com/lot/0001-21062540/motor-vehicles-motor-cycles/2006-peugeot-307-xse-automatic-hatchback,Dents or marks on body consistent with age and kilometres.,23,"$2,252",10 February 2026
2015,MERCEDES,Benz,B-CLASS B200 CDI W246,Hatchback,Automatic,Diesel,203887,5.0,WDD2462082J385506,BFB280,24-06-2026,4,2.2,White,Black Leather,Yes,Yes,Yes,Yes,Yes,VIC,https://www.grays.com/lot/0001-21062539/motor-vehicles-motor-cycles/2015-mercedes-benz-b-class-b200-cdi-w246-turbo-diesel-automatic-hatchback,Medium Scuff on Around vehicle,66,"$6,409",10 February 2026
2005,HYUNDAI,Santa,Fe V6,Wagon,Automatic,Petrol,165634,5.0,KMHSB81DR5U014513,No plates,Unregistered,6,2.7,White,Grey,Yes,No,Yes,Partial,Yes,VIC,https://www.grays.com/lot/0001-21062538/motor-vehicles-motor-cycles/2005-hyundai-santa-fe-v6-automatic-wagon,"Medium Scuff on Around vehicle
Paint peeling Around vehicle
Dents or marks on body consistent with age and kilometres.",18,"$1,709",10 February 2026
2003,LEXUS,Rx,RX330 SPORTS MCU38R,Wagon,Automatic,Petrol,224492,5.0,JTJHA31U300038600,SLC260,26-03-2026,6,3.3,Silver,Grey,Yes,Yes,Yes,Partial,Yes,VIC,https://www.grays.com/lot/0001-21062537/motor-vehicles-motor-cycles/2003-lexus-rx-rx330-sports-mcu38r-automatic-wagon,"Seat Torn Drivers
Door card Worn.
Dash Torn or Cracked
Medium Scuff on Around vehicle
Door Mirror Broken Passenger
Dents or marks on body consistent with age and kilometres.
Medium Scratch on various panels",22,"$2,150",10 February 2026
2015,HYUNDAI,I30,SR PREMIUM GD II,Hatchback,Automatic,Petrol,192166,5.0,KMHD351HMGU287539,CMW424,30-10-2026,4,2.0,Silver,Black Leather,Yes,Yes,Yes,Partial,Yes,VIC,https://www.grays.com/lot/0001-21062569/motor-vehicles-motor-cycles/2015-hyundai-i30-sr-premium-gd-ii-automatic-hatchback,"Dents or marks on body consistent with age and kilometres.
Medium Scratch, Corrosion visible on Rear driver side",127,"$8,200",09 February 2026
2013,NISSAN,Pathfinder,ST (4x4) R52,Wagon,CVT,Petrol,332393,7.0,5N1AR2MM0EC654663,1IST090,15-02-2026,6,3.5,White,Charcoal,Yes,No,Yes,Partial,Yes,WA,https://www.grays.com/lot/0001-9066867/motor-vehicles-motor-cycles/2013-nissan-pathfinder-st-4x4-r52-cvt-7-seats-wagon,"Windscreen Chipped or Cracked.
Engine light ON
Large Scratch on Boot, rust showing through
Damaged Side indicator drivers side
Large Scuff on Drivers side
Other Warning light ON",14,$709,09 February 2026
2011,NISSAN,X-trail,ST-L T31,Wagon,CVT,Petrol,343825,5.0,JN1TANT31A0106111,Unlicensed,Unregistered,4,2.5,White,Black Leather,Yes,No,No,No,Yes,WA,https://www.grays.com/lot/0001-9066832/motor-vehicles-motor-cycles/2011-nissan-x-trail-st-l-t31-cvt-wagon,"Dents or marks on body consistent with age and kilometres.
Seat Torn Driver
Door card Worn.
Carpet worn in places.
Other Warning light ON",10,$709,09 February 2026
2012,HOLDEN,Ute,(Commodore) Omega VE II,Ute,Automatic,Lpg,195680,2.0,6G1EK4E40CL664946,Unlicensed,Unregistered,6,3.6,White,Black,Yes,No,No,No,Yes,WA,https://www.grays.com/lot/0001-9066831/motor-vehicles-motor-cycles/2012-holden-ute-commodore-omega-ve-ii-automatic-ute,"Dents or marks on body consistent with age and kilometres.
Medium Scratch on Front Bumper, Damaged
Brakes require attention, Recommend towing on collection
Hood Lining Sagging
Paint fading on various panels
Medium Scuff on various panels
Front Seat worn trim cracked",24,"$2,605",09 February 2026
2014,HOLDEN,Commodore,SV6 VF,Sedan,Automatic,Petrol,246681,5.0,6G1FB5E36EL005922,Unlicensed,Unregistered,6,3.6,Dark Blue,Black Leather,Yes,No,No,No,Yes,WA,https://www.grays.com/lot/0001-9066830/motor-vehicles-motor-cycles/2014-holden-commodore-sv6-vf-automatic-sedan,"Dents or marks on body consistent with age and kilometres.
Front bumper Cracked bumper.
Front Cracked bumper.
Medium Scratch on various panels",67,"$7,300",09 February 2026
2005,MAZDA,3,SP23 BK,Sedan,Manual,Petrol,218544,5.0,JM0BK103100179369,Unlicensed,Unregistered,4,2.3,Red,Black,Yes,No,No,No,Yes,WA,https://www.grays.com/lot/0001-9066828/motor-vehicles-motor-cycles/2005-mazda-3-sp23-bk-manual-sedan,"Dents or marks on body consistent with age and kilometres.
Engine light ON
Other Warning light ON
Engine noise observed.
Paint peeling Various Panels
Rear Front Bumper Cracked bumper.
Front Seat Marks Both
Back Seat Marks.
Windscreen Chipped or Cracked.",13,$809,09 February 2026
2012,HONDA,Jazz,GLi GE,Hatchback,Automatic,Petrol,156233,5.0,MRHGE6850CP052339,ZGP917,17-03-2026,4,1.3,Blue,Multi,Yes,Yes,Yes,Partial,Yes,VIC,https://www.grays.com/lot/0001-21062492/motor-vehicles-motor-cycles/2012-honda-jazz-gli-ge-automatic-hatchback,"Medium Scratch on Around vehicle
Medium Dent on Around vehicle
Paint fading Around vehicle",91,"$5,709",10 February 2026
2010,TOYOTA,Corolla,Ascent ZRE152R,Hatchback,Manual,Petrol,270921,5.0,JTNKU58E601125049,1SQ9AT,22-01-2026,4,1.8,White,Black,Yes,No,Yes,Partial,Yes,VIC,https://www.grays.com/lot/0001-21062455/motor-vehicles-motor-cycles/2010-toyota-corolla-ascent-zre152r-manual-hatchback,"Dents or marks on body consistent with age and kilometres.
Seat Torn Passenger seat
Corrosion visible Around vehicle
Large Scuff on Around vehicle",19,"$2,900",10 February 2026
2004,TOYOTA,Echo,NCP12R,Sedan,Automatic,Petrol,173835,5.0,JTDBT133300351254,SYJ994,16-07-2026,4,1.5,Silver,Grey,Yes,No,Yes,Partial,Yes,VIC,https://www.grays.com/lot/0001-21062454/motor-vehicles-motor-cycles/2004-toyota-echo-ncp12r-automatic-sedan,"Medium Scuff on Front bumper
Dents or marks on body consistent with age and kilometres.
Medium Scratch on Around exterior
Paint cracked Rear bumper
Paint fading Around exterior",20,"$2,200",10 February 2026
2004,TOYOTA,Camry,Altise ACV36R,Sedan,Automatic,Petrol,356797,5.0,6T153BK360X051431,SWL982,01-10-2026,4,2.4,Grey,Grey,Yes,Yes,Yes,Partial,Yes,VIC,https://www.grays.com/lot/0001-21062453/motor-vehicles-motor-cycles/2004-toyota-camry-altise-acv36r-automatic-sedan,"Dents or marks on body consistent with age and kilometres.
Body/panel damage Front bumper
Paint fading Boot
Paint fading Door frams",20,"$1,709",10 February 2026
2015,FIAT,Freemont,CROSSROAD,People Mover,Automatic,Petrol,92074,7.0,3C4PFAGG2FT725925,Unlicensed,Unregistered,6,3.6,White,Black Leather,Yes,No,No,No,Yes,WA,https://www.grays.com/lot/0001-9066826/motor-vehicles-motor-cycles/2015-fiat-freemont-crossroad-automatic-7-seats-people-mover,"Large Dent on Front bumper
Other Warning light ON
Dents or marks on body consistent with age and kilometres.
rear Cracked bumper.
Paint cracked Front bumper",44,"$3,900",09 February 2026
2004,TOYOTA,Corolla,Ascent ZZE122R,Hatchback,Automatic,Petrol,327724,5.0,AHT54ZEC206517797,Unlicensed,Unregistered,4,1.8,White,Charcoal,Yes,No,No,No,Yes,WA,https://www.grays.com/lot/0001-9066822/motor-vehicles-motor-cycles/2004-toyota-corolla-ascent-zze122r-automatic-hatchback,"Dents or marks on body consistent with age and kilometres.
Engine noise observed.
Medium Scratch on Various panels
Medium Dent on Various panels",13,"$1,000",09 February 2026
2006,SUBARU,Impreza,2.0i G2,Sedan,Automatic,Petrol,260681,5.0,JF1GD9KR56G056048,UNLICENSED,Unregistered,4,2.0,Silver,Black Leather,Yes,No,No,No,Yes,WA,https://www.grays.com/lot/0001-9066821/motor-vehicles-motor-cycles/2006-subaru-impreza-2-0i-g2-automatic-sedan,"Paint fading Various panels
Medium Scratch on Various panels
Front Seat worn both
Dents or marks on body consistent with age and kilometres.",12,"$1,000",09 February 2026
2011,MITSUBISHI,Triton,4X4 GLX MN Dual,Dual Cab,Manual,Diesel,143041,5.0,MMAJNKB40CD007016,Unlicensed,Unregistered,4,2.5,Silver,Grey,Yes,No,No,No,Yes,WA,https://www.grays.com/lot/0001-9066820/motor-vehicles-motor-cycles/2011-mitsubishi-triton-4x4-glx-mn-turbo-diesel-manual-dual-cab,"Front Seat Stains Both
Large Scuff on Various panels
Paint fading Various panels",33,"$2,409",09 February 2026
2009,MERCEDES,Benz,CLC200 200K CL203,Coupe,Automatic,Petrol,168502,5.0,WDB2037412E077979,Unlicensed,Unregistered,4,1.8,Silver,Multi,Yes,No,No,No,Yes,WA,https://www.grays.com/lot/0001-9066819/motor-vehicles-motor-cycles/2009-mercedes-benz-clc200-200k-cl203-automatic-coupe,"Dents or marks on body consistent with age and kilometres.
Medium Scratch on Bonnet
Paint peeling Boot, Passenger Door
Large Scuff on Driver Side Door",25,"$2,400",09 February 2026
2008,NISSAN,Navara,4X4 ST-R D22 Dual,Dual Cab,Manual,Diesel,276469,5.0,JN1CPUD22A0024249,Unlicensed,Unregistered,4,2.5,White,Grey,Yes,No,No,No,Yes,WA,https://www.grays.com/lot/0001-9066817/motor-vehicles-motor-cycles/2008-nissan-navara-4x4-st-r-d22-turbo-diesel-manual-dual-cab,"Dents or marks on body consistent with age and kilometres.
Door card Worn.
Windscreen Chipped or Cracked.",31,"$2,110",09 February 2026
2008,FORD,Ranger,XL 4x2 Single PJ,Cab Chassis,Manual,Diesel,394103,3.0,MNALSAE108W732247,Unlicensed,Unregistered,4,2.5,White,Grey,Yes,No,No,No,Yes,WA,https://www.grays.com/lot/0001-9066816/motor-vehicles-motor-cycles/2008-ford-ranger-xl-4x2-single-pj-turbo-diesel-manual-cab-chassis,"Front Bumper Cracked bumper.
Dents or marks on body consistent with age and kilometres.
Corrosion visible Underbody
Seat Torn Driver
Door Mirror Broken Driver
Front Seat Stains All
Medium Scuff on various panels
Paint peeling on various panels",17,"$1,210",09 February 2026
2007,HONDA,Jazz,GLi GD,Hatchback,CVT,Petrol,274826,5.0,MRHGD18507P041323,Unlicensed,Unregistered,4,1.3,Purple,Grey,Yes,No,No,No,Yes,WA,https://www.grays.com/lot/0001-9066815/motor-vehicles-motor-cycles/2007-honda-jazz-gli-gd-cvt-hatchback,"Paint fading on Around vehicle
Medium Scratch on various panels
Dents or marks on body consistent with age and kilometres.",7,$500,09 February 2026
2008,MAZDA,3,Neo Sport BK,Sedan,Manual,Petrol,211221,5.0,JM0BK10F200451540,Unlicensed,Unregistered,4,2.0,Dark Grey,Grey,Yes,No,No,No,Yes,WA,https://www.grays.com/lot/0001-9066812/motor-vehicles-motor-cycles/2008-mazda-3-neo-sport-bk-manual-sedan,"Flat Battery. Jump start or towing required
Seat Torn Driver
Damaged Both taillights
Paint cracked Various panels
Medium Scratch on various panels
Paint fading on various panels",8,$410,09 February 2026
2012,TOYOTA,Landcruiser,Prado GXL KDJ150R,Wagon,Automatic,Diesel,364841,7.0,JTEBH3FJ10K072148,Unlicensed,Unregistered,4,3.0,White,Grey,Yes,No,No,No,Yes,WA,https://www.grays.com/lot/0001-9066807/motor-vehicles-motor-cycles/2012-toyota-landcruiser-prado-gxl-kdj150r-turbo-diesel-auto-7-seats-wagon,"Front Seat worn Driver
Dents or marks on body consistent with age and kilometres.
Damaged Driver taillight
Gear Knob Broken",81,"$13,200",09 February 2026
2008,TOYOTA,Landcruiser,Workmate VDJ79R,Cab Chassis,Manual,Diesel,309763,3.0,JTELV71J400006507,1HLR636,Unregistered,8,4.5,White,Grey,Yes,No,No,No,Yes,WA,https://www.grays.com/lot/0001-9066771/motor-vehicles-motor-cycles/2008-toyota-landcruiser-workmate-vdj79r-turbo-diesel-manual-cab-chassis,"Dents or marks on body consistent with age and kilometres.
Windscreen Chipped or Cracked.
Other Warning light ON
Seat Torn driver side",221,"$21,600",05 February 2026
2012,HYUNDAI,Iload,TQ,Van,Automatic,Diesel,298652,3.0,KMFWBX7KMCU471705,1HUD800,05-05-2026,4,2.5,Orange,Charcoal,Yes,Yes,No,No,Yes,WA,https://www.grays.com/lot/0001-9066770/motor-vehicles-motor-cycles/2012-hyundai-iload-tq-turbo-diesel-automatic-van,"Seat Torn Driver
Engine idling rough
Engine light ON
Dents or marks on body consistent with age and kilometres.
Large Scratch on front panel",32,"$2,309",05 February 2026
2006,JEEP,Cherokee,Limited KJ,Wagon,Automatic,Petrol,216791,5.0,1J8GM58K86W277709,1CJS144,21-04-2026,6,3.7,Silver,Grey,Yes,Yes,Yes,Partial,Yes,WA,https://www.grays.com/lot/0001-9066768/motor-vehicles-motor-cycles/2006-jeep-cherokee-limited-kj-automatic-wagon,"Front Seat worn driver
Dents or marks on body consistent with age and kilometres.",24,"$1,509",05 February 2026
2006,CITROEN,C5,,Sedan,Automatic,Diesel,323685,5.0,VF7RCRHRJ76783971,UNLICENSED,Unregistered,4,2.0,Black,Charcoal,Yes,No,Yes,Partial,Yes,WA,https://www.grays.com/lot/0001-9066767/motor-vehicles-motor-cycles/2006-citroen-c5-turbo-diesel-automatic-sedan,"Dents or marks on body consistent with age and kilometres.
Paint fading on various panels",15,$909,05 February 2026
2005,FORD,Focus,CL LS,Hatchback,Manual,Petrol,277073,5.0,AFADXXMJDD5C00780,Unlicensed,Unregistered,4,2.0,Grey,Charcoal,Yes,Yes,Yes,Partial,Yes,WA,https://www.grays.com/lot/0001-9066766/motor-vehicles-motor-cycles/2005-ford-focus-cl-ls-manual-hatchback,"Dents or marks on body consistent with age and kilometres.
Paint fading Various panels
Medium Scuff on Various panels
Damaged Rear left tail light
Engine light ON
Engine noise observed.
Medium Scratch on Various panels",2,$109,05 February 2026
2011,MAZDA,Bt-50,4X2 XTR Dual,Dual Cab,Automatic,Diesel,211318,5.0,MM0UP0YF100105143,1DVU823,31-03-2026,5,3.2,White,Grey,Yes,Yes,Yes,Partial,Yes,WA,https://www.grays.com/lot/0001-9066764/motor-vehicles-motor-cycles/2011-mazda-bt-50-4x2-xtr-turbo-diesel-automatic-dual-cab,"Front Seat worn driver
Damaged driver side taillight (missing lens)
Medium Scuff on various panels",126,"$8,700",05 February 2026
2007,BMW,3,Series Touring 320i E91,Wagon,Automatic,Petrol,145208,5.0,WBAVW72000A135853,1CVU407,25-03-2026,4,2.0,Silver,Black Leather,Yes,Yes,Yes,Partial,Yes,WA,https://www.grays.com/lot/0001-9066763/motor-vehicles-motor-cycles/2007-bmw-3-series-touring-320i-e91-automatic-wagon,"Engine Smoke visible
Hood Lining Sagging
Dents or marks on body consistent with age and kilometres.
Medium Scuff on Front &amp; Rear Bumper
Medium Dent on Driver Front Quarter
Front Seat worn driver
Dents or marks on body consistent with age and kilometres.
Paint fading on various panels",25,"$1,600",05 February 2026
2013,NISSAN,Pathfinder,ST R52,Wagon,CVT,Petrol,189591,7.0,5N1AR2MN2EC627134,1IMT616,27-04-2026,6,3.5,Bronze,Charcoal,Yes,Yes,Yes,Partial,Yes,WA,https://www.grays.com/lot/0001-9066762/motor-vehicles-motor-cycles/2013-nissan-pathfinder-st-r52-cvt-7-seats-wagon,"Dents or marks on body consistent with age and kilometres.
Engine light ON
Medium Scratch on Various panels
Seat Torn drivers",27,"$1,709",05 February 2026
2007,NISSAN,Tiida,ST C11,Hatchback,Manual,Petrol,185910,5.0,MNTFBAC11A0002441,1IVA128,15-03-2026,4,1.8,Silver,Charcoal,Yes,Yes,Yes,Partial,Yes,WA,https://www.grays.com/lot/0001-9066761/motor-vehicles-motor-cycles/2007-nissan-tiida-st-c11-manual-hatchback,"Dents or marks on body consistent with age and kilometres.
Medium Dent on Various panels",26,"$2,409",05 February 2026
2013,FORD,Ranger,XL 4X4 PX Dual,Dual Cab,Manual,Diesel,245712,5.0,MNAUMFF50DW163949,Unlicensed,Unregistered,5,3.2,White,Charcoal,Yes,No,No,No,Yes,WA,https://www.grays.com/lot/0001-9066760/motor-vehicles-motor-cycles/2013-ford-ranger-xl-4x4-px-turbo-diesel-manual-dual-cab,"Dents or marks on body consistent with age and kilometres.
Corrosion visible Roof
Medium Dent on Rear left door
Large Scratch on Passenger front door",101,"$7,700",05 February 2026
2007,AUDI,Q7,4.2 FSI quattro,Wagon,Automatic,Petrol,132753,7.0,WAUZZZ4L07D088568,1IQH742,09-02-2026,8,4.2,Grey,Black Leather,Yes,Yes,Yes,Partial,Yes,WA,https://www.grays.com/lot/0001-9066752/motor-vehicles-motor-cycles/2007-audi-q7-4-2-fsi-quattro-automatic-7-seats-wagon,"Dents or marks on body consistent with age and kilometres.
Traction control light ON",52,"$7,100",04 February 2026
2006,FORD,Courier,GL 4X2 PH,Cab Chassis,Manual,Diesel,142139,2.0,MNABSAD406W505199,1CHY309,10-07-2026,4,2.5,Grey,Grey,Yes,Yes,Yes,Partial,Yes,WA,https://www.grays.com/lot/0001-9066751/motor-vehicles-motor-cycles/2006-ford-courier-gl-4x2-ph-turbo-diesel-manual-cab-chassis,"Carpet worn in places.
Seat Torn passenger
Front Seat worn both
Paint fading various panels
Dents or marks on body consistent with age and kilometres.
Damaged front light
Medium Scratch on various panels",18,"$1,100",04 February 2026
2000,TOYOTA,Avalon,Conquest MCX10R,Sedan,Automatic,Petrol,343441,5.0,6T153XH1006009036,1IUZ506,20-03-2026,6,3.0,Green,Grey,Yes,Yes,No,Partial,Yes,WA,https://www.grays.com/lot/0001-9066747/motor-vehicles-motor-cycles/2000-toyota-avalon-conquest-mcx10r-automatic-sedan,Paint fading Various panels,14,"$1,010",04 February 2026
2022,HYUNDAI,Kona,Electric Highlander OS Direct Drive,Wagon,Automatic,Electric,78642,5.0,KMHK381HUNU159628,Unlicensed,Unregistered,0,0.0,White,Black Leather,Yes,Yes,Yes,Yes,Yes,WA,https://www.grays.com/lot/0001-9066746/motor-vehicles-motor-cycles/2022-hyundai-kona-electric-highlander-os-direct-drive-wagon,"Dents or marks on body consistent with age and kilometres.
Medium Scuff on Passenger door
Windscreen Chipped or Cracked.",251,"$21,600",04 February 2026
2014,VOLKSWAGEN,Amarok,TDi420 Highline 2H Dual,Cab Chassis,Automatic,Diesel,206637,5.0,WV1ZZZ2HZEA035252,1ENU435,23-03-2026,4,2.0,Silver,Charcoal,Yes,Yes,Yes,Partial,Yes,WA,https://www.grays.com/lot/0001-9066745/motor-vehicles-motor-cycles/2014-volkswagen-amarok-tdi420-highline-2h-turbo-diesel-automatic-dual-cab,"Dents or marks on body consistent with age and kilometres.
Medium Scratch on various panels",156,"$11,600",04 February 2026
2001,MERCEDES,Benz,A160 Classic W168,Hatchback,Manual,Petrol,191014,5.0,WDB1681332J715929,1IWD339,26-03-2026,4,1.6,Silver,Charcoal,Yes,No,Yes,Partial,Yes,WA,https://www.grays.com/lot/0001-9066742/motor-vehicles-motor-cycles/2001-mercedes-benz-a160-classic-w168-manual-hatchback,"Dents or marks on body consistent with age and kilometres.
Paint fading Spoiler
Paint cracked rear bumper
Medium Scuff on various panels",12,"$1,000",04 February 2026
2014,HOLDEN,Captiva,5 LTZ AWD CG II,Wagon,Automatic,Diesel,163436,5.0,KL3DD2669EB015438,1ELN156,03-09-2026,4,2.2,Maroon,Black Leather,Yes,No,Yes,Yes,Yes,WA,https://www.grays.com/lot/0001-9066741/motor-vehicles-motor-cycles/2014-holden-captiva-5-ltz-awd-cg-ii-turbo-diesel-automatic-wagon,"Dents or marks on body consistent with age and kilometres.
Medium Dent on Various panels
Medium Scratch on Various panels
Medium Scuff on Drivers door
Paint fading on various panels
Seat Torn driver side",21,"$1,800",04 February 2026
2007,HYUNDAI,Accent,S MC,Sedan,Manual,Petrol,299006,5.0,KMHCN41CR8U183129,1CQG134,10-04-2026,4,1.6,White,Grey,Yes,No,Yes,No,Yes,WA,https://www.grays.com/lot/0001-9066740/motor-vehicles-motor-cycles/2007-hyundai-accent-s-mc-manual-sedan,"Dents or marks on body consistent with age and kilometres.
Medium Dent on Various panels
Front bumper Cracked bumper.
Large Dent on Rear right door
Engine light ON
Paint peeling on various panels
Corrosion visible on Rear guard
Large Scratch on various panels
Paint cracked rear bumper",5,$350,04 February 2026
2016,HYUNDAI,Tucson,HIGHLANDER AWD TL,Wagon,Automatic,Petrol,211726,5.0,TMAJ3812WGJ141080,1GCX559,18-03-2026,4,1.6,Maroon,Black Leather,Yes,Yes,Yes,Partial,Yes,WA,https://www.grays.com/lot/0001-9066759/motor-vehicles-motor-cycles/2016-hyundai-tucson-highlander-awd-tl-automatic-wagon,"Dents or marks on body consistent with age and kilometres.
Medium Scuff on Various panels
Windscreen Chipped or Cracked.",147,"$11,700",05 February 2026
2008,TOYOTA,Landcruiser,Workmate VDJ79R,Cab Chassis,Manual,Diesel,320638,3.0,JTELV71J100010935,MY12063,22-05-2026,8,4.5,White,Grey,Yes,No,No,No,Yes,WA,https://www.grays.com/lot/0001-9066757/motor-vehicles-motor-cycles/2008-toyota-landcruiser-workmate-vdj79r-turbo-diesel-manual-cab-chassis,"Dents or marks on body consistent with age and kilometres.
Medium Dent on left side behind door
Medium Scratch on various panels",437,"$26,600",05 February 2026
2016,HOLDEN,Captiva,7 LT AWD CG II,Wagon,Automatic,Petrol,227973,7.0,KL3CD2659GB526472,1ITQ002,30-03-2026,6,3.0,Dark Grey,Black Leather,Yes,Yes,No,No,Yes,WA,https://www.grays.com/lot/0001-9066739/motor-vehicles-motor-cycles/2016-holden-captiva-7-lt-awd-cg-ii-automatic-7-seats-wagon,"Dents or marks on body consistent with age and kilometres.
Front Seat worn driver side
Paint fading on various panels
Medium Scratch on on various panels",37,"$2,609",04 February 2026
2016,MAZDA,Cx-5,Maxx Sport KE,Wagon,Automatic,Diesel,203535,5.0,JM0KE102200366794,1GBM132,06-04-2026,4,2.2,Silver,Charcoal,Yes,No,Yes,Partial,Yes,WA,https://www.grays.com/lot/0001-9066738/motor-vehicles-motor-cycles/2016-mazda-cx-5-maxx-sport-ke-turbo-diesel-automatic-wagon,"Dents or marks on body consistent with age and kilometres.
Medium Scratch on various panels
Medium Dent on various panels
Paint fading on various panels",111,"$7,500",04 February 2026
2004,HYUNDAI,Terracan,V6,Wagon,Automatic,Petrol,226296,7.0,KMHNM81CR5U161818,1IVU011,05-04-2026,6,3.5,Silver,Grey,Yes,No,No,No,Yes,WA,https://www.grays.com/lot/0001-9066737/motor-vehicles-motor-cycles/2004-hyundai-terracan-v6-automatic-7-seats-wagon,"Dents or marks on body consistent with age and kilometres.
Engine idling rough
Paint fading Various panels
Front Seat Stains Both front seats
Medium Dent on Various panels
Medium Scratch on Various panels
Damaged Both front lights",10,$709,04 February 2026
2013,NISSAN,Pathfinder,ST R52,Wagon,CVT,Petrol,212080,7.0,5N1AR2MM7EC613334,1EZJ441,16-03-2026,6,3.5,Silver,Charcoal,Yes,No,Yes,No,Yes,WA,https://www.grays.com/lot/0001-9066736/motor-vehicles-motor-cycles/2013-nissan-pathfinder-st-r52-cvt-7-seats-wagon,"Dents or marks on body consistent with age and kilometres.
Front Seat worn Drivers seat
Medium Scuff on front bumper",35,"$3,600",04 February 2026
2015,RENAULT,Trafic,SWB L1H1 DCI 140,Van,Manual,Diesel,379317,3.0,VF11FL112F0724693,1GAN836,26-02-2026,4,1.6,White,Charcoal,Yes,Yes,Yes,Partial,Yes,WA,https://www.grays.com/lot/0001-9066733/motor-vehicles-motor-cycles/2015-renault-trafic-swb-l1h1-dci-140-turbo-diesel-manual-van,"Traction control light ON
Windscreen Chipped or Cracked.
Seat Torn Driver
Dents or marks on body consistent with age and kilometres.
rear Cracked bumper.",43,"$3,009",04 February 2026
2014,MITSUBISHI,Mirage,ES LA,Hatchback,CVT,Petrol,250721,5.0,MMAXTA03AFH002143,1ETD709,14-04-2026,3,1.2,Pink,Grey,Yes,No,Yes,Partial,Yes,WA,https://www.grays.com/lot/0001-9066732/motor-vehicles-motor-cycles/2014-mitsubishi-mirage-es-la-cvt-hatchback,"Front Seat worn Driver
Medium Dent on Boot",38,"$3,000",04 February 2026
2014,PEUGEOT,208,GTi,Hatchback,Manual,Petrol,90942,5.0,VF3CA5FU8EW049628,1IUY580,Unregistered,4,1.6,Black,Black Leather,Yes,No,Yes,Yes,Yes,WA,https://www.grays.com/lot/0001-9066731/motor-vehicles-motor-cycles/2014-peugeot-208-gti-manual-hatchback,"Front Seat worn Drivers
Paint peeling Various panels
Dents or marks on body consistent with age and kilometres.",97,"$5,009",04 February 2026
2012,FORD,Ranger,XL 4X4 PX,Crew Cab Chassis,Automatic,Diesel,254057,5.0,MNAUMEF50CW154181,1HNU324,20-05-2026,5,3.2,White,Grey,Yes,No,Yes,No,Yes,WA,https://www.grays.com/lot/0001-9066727/motor-vehicles-motor-cycles/2012-ford-ranger-xl-4x4-px-turbo-diesel-automatic-crew-cab-chassis,"Engine Smoke visible
Windscreen Chipped or Cracked.
Door card Worn.
Corrosion visible boot and panels behind rear screen.",96,"$7,602",04 February 2026
2014,JEEP,Cherokee,SPORT 4X2 KL 9,Wagon,Automatic,Petrol,152363,5.0,1C4PJLEB5EW254198,1ERQ158,23-03-2026,4,2.4,Gold,Black,Yes,Yes,Yes,Yes,Yes,WA,https://www.grays.com/lot/0001-9066725/motor-vehicles-motor-cycles/2014-jeep-cherokee-sport-4x2-kl-9-auto-wagon,Dents or marks on body consistent with age and kilometres.,67,"$5,000",04 February 2026
2006,BMW,550i,E60,Sedan,Automatic,Petrol,235289,5.0,WBANB52000CR76057,1IRX339,09/07/2026,8,4.8,Black,Beige Leather,Yes,Yes,Yes,Partial,Yes,WA,https://www.grays.com/lot/0001-9066724/motor-vehicles-motor-cycles/2006-bmw-550i-e60-automatic-sedan,"Windscreen Chipped or Cracked.
Dents or marks on body consistent with age and kilometres.
Front Seat worn drivers
Door card Worn.",37,"$3,000",04 February 2026
2011,NISSAN,X-trail,ST-L 2WD T31,Wagon,CVT,Petrol,226434,5.0,JN1TBAT31A0002348,1EIZ026,29-04-2026,4,2.0,White,Black Leather,Yes,Yes,Yes,Partial,Yes,WA,https://www.grays.com/lot/0001-9066720/motor-vehicles-motor-cycles/2011-nissan-x-trail-st-l-2wd-t31-cvt-wagon,"Dents or marks on body consistent with age and kilometres.
Comment: Engine lacks power, foot to the floor goes no where.Interior: Steering wheel worn.
Comment: Engine lacks power, foot to the floor goes no where.
Interior: Steering wheel worn.",16,"$1,409",05 February 2026
2012,TOYOTA,Camry,Altise ASV50R,Sedan,Automatic,Petrol,203582,5.0,6T1BF3FK10X022226,No plates,Unregistered,4,2.5,Silver,Multi,Yes,Yes,Yes,Yes,Yes,SA,https://www.grays.com/lot/0001-60050078/motor-vehicles-motor-cycles/2012-toyota-camry-altise-asv50r-automatic-sedan,Please refer to the photos or arrange inspection to view the condition of this vehicle.,70,"$6,419",08 February 2026
2013,MITSUBISHI,Lancer,ES CJ,Sedan,CVT,Petrol,195639,5.0,JMFSTCY4AEU003844,No plates,Unregistered,4,2.0,White,Multi,Yes,No,No,No,Yes,SA,https://www.grays.com/lot/0001-60050085/motor-vehicles-motor-cycles/2013-mitsubishi-lancer-es-cj-cvt-sedan,Please refer to the photos or arrange inspection to view the condition of this vehicle.,65,"$5,000",09 February 2026
2013,SUBARU,Xv,2.0i G4X,Hatchback,CVT,Petrol,167913,5.0,JF1GP7KC5EG042976,No plates,Unregistered,4,2.0,Red,Multi,Yes,Yes,Yes,No,Yes,SA,https://www.grays.com/lot/0001-60050079/motor-vehicles-motor-cycles/2013-subaru-xv-2-0i-g4x-cvt-hatchback,Please refer to the photos or arrange inspection to view the condition of this vehicle.,116,"$10,800",09 February 2026
2013,HYUNDAI,Elantra,Active MD,Sedan,Automatic,Petrol,116641,5.0,KMHDG41EMDU764177,No plates,Unregistered,4,1.8,White,Multi,Yes,No,Yes,Yes,Yes,SA,https://www.grays.com/lot/0001-60050072/motor-vehicles-motor-cycles/2013-hyundai-elantra-active-md-automatic-sedan,Engine noise observed.,35,"$3,409",09 February 2026
2021,TOYOTA,Camry,Ascent AXVA70R,Sedan,Automatic,Petrol,80590,5.0,JTNB13HK403157683,No plates,Unregistered,4,2.5,White,Black,Yes,Yes,Yes,Partial,Yes,QLD,https://www.grays.com/lot/0001-50714468/motor-vehicles-motor-cycles/2021-toyota-camry-ascent-axva70r-automatic-8-speed-sedan,Dents or marks on body consistent with age and kilometres.,88,"$21,300",09 February 2026
2005,BMW,318i,E46,Sedan,Automatic,Petrol,325584,5.0,WBAET76050NJ76975,WJS042,09-04-2026,4,2.0,Black,Black Leather,Yes,Yes,Yes,Partial,Yes,VIC,https://www.grays.com/lot/0001-21062633/motor-vehicles-motor-cycles/2005-bmw-318i-e46-automatic-sedan,Dents or marks on body consistent with age and kilometres.,13,"$1,009",09 February 2026
2016,VOLKSWAGEN,Touareg,V6 TDI 7P,Wagon,Automatic,Diesel,196342,5.0,WVGZZZ7PZGD036985,No plates,Unregistered,6,3.0,Black,Black Leather,Yes,Yes,Yes,Yes,Yes,VIC,https://www.grays.com/lot/0001-21062626/motor-vehicles-motor-cycles/2016-volkswagen-touareg-v6-tdi-7p-turbo-diesel-automatic-8-speed-wagon,"Medium Scuff on Some Places
Windscreen Chipped or Cracked.
Engine Smoke visible
Engine light ON
Dents or marks on body consistent with age and kilometres.",59,"$5,300",09 February 2026
2013,SUBARU,Forester,2.5i-S S4,Wagon,CVT,Petrol,211662,5.0,JF2SJ9KC5DG011976,ZTE389,19-07-2026,4,2.5,White,Black Leather,Yes,No,Yes,Partial,Yes,VIC,https://www.grays.com/lot/0001-21062620/motor-vehicles-motor-cycles/2013-subaru-forester-2-5i-s-s4-cvt-wagon,"Medium Scratch on Around vehicle
Dents or marks on body consistent with age and kilometres.
Rear bumper Cracked bumper.
Large Scuff on Passenger side car
Corrosion visible Around vehicle
Front bumper Cracked bumper.
Medium Dent on door panel",43,"$3,309",09 February 2026
2016,FORD,Kuga,TREND AWD TF II,Wagon,Automatic,Petrol,116055,5.0,WF0AXXWPMAGB31523,1IL6LI,02-11-2026,4,2.0,Black,Black,Yes,Yes,Yes,Partial,Yes,VIC,https://www.grays.com/lot/0001-21062603/motor-vehicles-motor-cycles/2016-ford-kuga-trend-awd-tf-ii-automatic-wagon,"Other Warning light ON
Dents or marks on body consistent with age and kilometres.",101,"$7,917",09 February 2026
2011,MAZDA,6,Touring GH,Wagon,Automatic,Petrol,115026,5.0,JM0GH105200222422,YWU056,06-02-2026,4,2.5,Grey,Black Leather,Yes,Yes,Yes,Partial,Yes,VIC,https://www.grays.com/lot/0001-21062602/motor-vehicles-motor-cycles/2011-mazda-6-touring-gh-automatic-wagon,"Windscreen Chipped or Cracked.
Medium Scratch on Around vehicle
Large Scratch on Passenger side back door",103,"$7,011",09 February 2026
2011,VOLKSWAGEN,Passat,V6 FSI Highline 3C,Sedan,Automatic,Petrol,198858,5.0,WVWZZZ3CZCP047335,2BA4YY,19-03-2026,6,3.6,Black,Beige Leather,Yes,Yes,No,No,Yes,VIC,https://www.grays.com/lot/0001-21062601/motor-vehicles-motor-cycles/2011-volkswagen-passat-v6-fsi-highline-3c-automatic-sedan,"Dents or marks on body consistent with age and kilometres.
Other Warning light ON",35,"$3,009",09 February 2026
2010,AUDI,A3,1.8 TFSI AMB 8P,Hatchback,Automatic,Petrol,97402,5.0,WAUZZZ8P1BA018875,DVN062,29-10-2026,4,1.8,Black,Black Leather,Yes,Yes,No,No,Yes,VIC,https://www.grays.com/lot/0001-21062599/motor-vehicles-motor-cycles/2010-audi-a3-1-8-tfsi-amb-8p-automatic-hatchback,"Door Mirror Broken Passenger side
Medium Scratch on Around vehicle",55,"$4,700",09 February 2026
2008,HYUNDAI,Getz,S TB,Hatchback,Automatic,Petrol,118120,5.0,KMHBT51DR8U796183,WOL733,07-05-2026,4,1.4,Blue,Multi,Yes,Yes,Yes,Partial,Yes,VIC,https://www.grays.com/lot/0001-21062580/motor-vehicles-motor-cycles/2008-hyundai-getz-s-tb-automatic-hatchback,"Medium Scuff on Around vehicle
Dents or marks on body consistent with age and kilometres.",50,"$3,900",09 February 2026
2015,MAZDA,Cx-5,Akera KE,Wagon,Automatic,Diesel,139872,5.0,JM0KE102200356556,1GR2AG,08-08-2026,4,2.2,Red,Black Leather,Yes,Yes,Yes,Partial,Yes,VIC,https://www.grays.com/lot/0001-21062577/motor-vehicles-motor-cycles/2015-mazda-cx-5-akera-ke-turbo-diesel-automatic-wagon,"Dents or marks on body consistent with age and kilometres.
Windscreen Chipped or Cracked.",77,"$10,600",09 February 2026
2009,FORD,Falcon,G6E FG,Sedan,Automatic,Lpg,216703,5.0,6FPAAAJGSW9A59696,No plates,Unregistered,6,4.0,Grey,Black Leather,Yes,Yes,Yes,Partial,Yes,VIC,https://www.grays.com/lot/0001-21062478/motor-vehicles-motor-cycles/2009-ford-falcon-g6e-fg-automatic-sedan,"Medium Scratch on Around vehicle
Corrosion visible Roof
Door Handle Not Working or Broken.
Hood Lining Sagging
Front Seat worn Drivers
Door Mirror Broken Passenger
Door card Damaged.
Medium Scratch on various panels",24,"$2,200",09 February 2026
2010,AUDI,Q7,3.0 TDI quattro,Wagon,Automatic,Diesel,293146,7.0,WAUZZZ4L9BD020178,1FX4DH,15-04-2026,6,3.0,Black,Black Leather,Yes,Yes,Yes,Partial,Yes,VIC,https://www.grays.com/lot/0001-21062625/motor-vehicles-motor-cycles/2010-audi-q7-3-0-tdi-quattro-turbo-diesel-automatic-8-speed-7-seats-wagon,"Medium Scratch on Around vehicle
Medium Scratch on Around vehicle",54,"$3,155",09 February 2026
2009,HOLDEN,Barina,TK,Hatchback,Manual,Petrol,132396,5.0,KL3SF4861AB021147,1IM4FK,20-03-2026,4,1.6,Blue,Black,Yes,Yes,Yes,Partial,Yes,VIC,https://www.grays.com/lot/0001-21062618/motor-vehicles-motor-cycles/2009-holden-barina-tk-manual-hatchback,"Paint fading Around vehicle
Dents or marks on body consistent with age and kilometres.
Medium Scratch on various panels",13,"$1,209",09 February 2026
2010,HONDA,Jazz,VTi GE,Hatchback,Automatic,Petrol,218672,5.0,MRHGE8850BP041066,1HK6RN,Unregistered,4,1.5,Black,Black,Yes,No,No,Partial,Yes,VIC,https://www.grays.com/lot/0001-21062617/motor-vehicles-motor-cycles/2010-honda-jazz-vti-ge-automatic-hatchback,"Front and Back seat stains.
Medium Scratches Around vehicle
Large Scuffs Around vehicle
Dents or marks on body consistent with age and kilometres.",22,"$2,109",09 February 2026
2012,HOLDEN,Commodore,SV6 Z-SERIES VE II,Sedan,Automatic,Petrol,227654,5.0,6G1EK5E32CL711701,1QZ1BJ,23-03-2026,6,3.6,Black,Black Leather,Yes,No,Yes,Partial,Yes,VIC,https://www.grays.com/lot/0001-21062616/motor-vehicles-motor-cycles/2012-holden-commodore-sv6-z-series-ve-ii-automatic-sedan,Dents or marks on body consistent with age and kilometres.,102,"$6,100",09 February 2026
2004,HOLDEN,Commodore,S VY,Sedan,Manual,Petrol,223005,5.0,6G1YK54A34L255674,CEB512,11-04-2026,6,3.8,Red,Black,Yes,No,No,No,Yes,VIC,https://www.grays.com/lot/0001-21062615/motor-vehicles-motor-cycles/2004-holden-commodore-s-vy-manual-sedan,"Dents or marks on body consistent with age and kilometres.
Paint fading and peeling Around vehicle
Door card Damaged.
Hood Lining Sagging
Medium Scratch on various panels",6,"$2,000",09 February 2026
2000,JEEP,Grand,Cherokee Limited WJ,Wagon,Automatic,Petrol,306557,5.0,1J4G858N61Y502898,XJW758,21-10-2026,8,4.7,Black,Beige Leather,Yes,No,No,No,Yes,VIC,https://www.grays.com/lot/0001-21062614/motor-vehicles-motor-cycles/2000-jeep-grand-cherokee-limited-wj-automatic-wagon,Dents or marks on body consistent with age and kilometres.,26,"$2,009",09 February 2026
2007,FORD,Falcon,XT BF II,Sedan,Automatic,Petrol,344657,5.0,6FPAAAJGSW7U38124,2BL4AM,17-01-2026,6,4.0,Silver,Grey,Yes,No,Yes,Partial,Yes,VIC,https://www.grays.com/lot/0001-21062611/motor-vehicles-motor-cycles/2007-ford-falcon-xt-bf-ii-automatic-sedan,"Hood Lining Sagging
Paint fading Around vehicle
Dents or marks on body consistent with age and kilometres.
Medium Scuff on Around vehicle
Medium Dent on Rear bumper
Damaged Right rear taillight
Damaged headlight",4,$309,09 February 2026
2015,SUBARU,Outback,2.5i B6A,Wagon,CVT,Petrol,292156,5.0,JF2BS9KC2FG004867,1XS7AE,18-01-2026,4,2.5,Silver,Black,Yes,No,No,No,Yes,VIC,https://www.grays.com/lot/0001-21062610/motor-vehicles-motor-cycles/2015-subaru-outback-2-5i-b6a-cvt-wagon,"Engine noise observed.
Large Scuff on Around vehicle
Dents or marks on body consistent with age and kilometres.",18,"$2,050",09 February 2026
2010,FORD,Mondeo,Zetec MC,Wagon,Automatic,Petrol,211815,5.0,WF0GXXGBBGAA23289,2CE8XP,03-01-2026,4,2.3,Blue,Black,Yes,No,Yes,No,Yes,VIC,https://www.grays.com/lot/0001-21062607/motor-vehicles-motor-cycles/2010-ford-mondeo-zetec-mc-automatic-wagon,"Door handle Worn..
Body/panel damage Rhf
Medium Scuff Various Panels.",9,$809,09 February 2026
2008,TOYOTA,Yaris,YRX NCP93R,Sedan,Automatic,Petrol,308477,5.0,JTDBT923901258278,1XO5DB,11-04-2026,4,1.5,Red,Grey,Yes,No,Yes,Partial,Yes,VIC,https://www.grays.com/lot/0001-21062606/motor-vehicles-motor-cycles/2008-toyota-yaris-yrx-ncp93r-automatic-sedan,"Stains on front seats.
Passeneger Door Mirror Cap Broken
Corrosion visible Rhr roof
Medium Scratches, Paint peeling on various panels",44,"$2,600",09 February 2026
2004,NISSAN,Cube,(Import),Wagon,Automatic,Petrol,185087,7.0,6U9000BGZ11627508,No plates,Unregistered,4,1.4,Green,Grey,Yes,No,Yes,No,Yes,QLD,https://www.grays.com/lot/0001-50714016/motor-vehicles-motor-cycles/2004-nissan-cube-import-automatic-7-seats-wagon,"Flat Battery. Jump start or towing required
Engine light ON
Dents or marks on body consistent with age and kilometres.
Medium Scratch on Rear bumper
Medium Scratch on LHR guard
Other Warning light ON
Engine Oil Leak",11,$909,08 February 2026
2011,FORD,Falcon,XT FG,Sedan,Automatic,Petrol,292260,5.0,6FPAAAJGSWBM56466,BWL871,15-04-2026,6,4.0,Grey,Black Leather,Yes,Yes,Yes,Partial,Yes,VIC,https://www.grays.com/lot/0001-21062592/motor-vehicles-motor-cycles/2011-ford-falcon-xt-fg-automatic-sedan,"Dents or marks on body consistent with age and kilometres.
Paint cracked rear bumper",45,"$3,300",08 February 2026
2011,TOYOTA,Landcruiser,Prado GXL GRJ150R,Wagon,Automatic,Petrol,238329,7.0,JTEBU3FJ80K030331,No Plates,Unregistered,6,4.0,White,Grey,Yes,No,No,No,Yes,VIC,https://www.grays.com/lot/0001-21062576/motor-vehicles-motor-cycles/2011-toyota-landcruiser-prado-gxl-grj150r-automatic-7-seats-wagon,"Dents or marks on body consistent with age and kilometres.
Large Scuffs Around vehicle",160,"$15,600",08 February 2026
2015,KIA,Sportage,SLi SL II,Wagon,Automatic,Diesel,429579,5.0,U5YPC813SFL650694,1EP9LE,16-06-2026,4,2.0,White,Black Leather,Yes,Yes,Yes,Partial,Yes,VIC,https://www.grays.com/lot/0001-21062573/motor-vehicles-motor-cycles/2015-kia-sportage-sli-sl-ii-turbo-diesel-automatic-wagon,"Windscreen Chipped or Cracked.
Dents or marks on body consistent with age and kilometres.
Front Seat worn driver side
Medium Scratch on various panels",24,"$3,300",08 February 2026
2004,MAZDA,6,Classic GG,Hatchback,Automatic,Petrol,224388,5.0,JM0GG103100164892,1JL5CJ,16-02-2026,4,2.3,Purple,Grey,Yes,Yes,Yes,Partial,Yes,VIC,https://www.grays.com/lot/0001-21062567/motor-vehicles-motor-cycles/2004-mazda-6-classic-gg-automatic-hatchback,"Paint fading Around vehicle
Medium Scratch on Around vehicle",39,"$2,600",08 February 2026
2011,MERCEDES,Benz,GL350 CDI X164,Wagon,Automatic,Diesel,258290,7.0,WDC1648222A685841,ZOD441,15-09-2026,6,3.0,White,Black Leather,Yes,Yes,Yes,Yes,Yes,VIC,https://www.grays.com/lot/0001-21062564/motor-vehicles-motor-cycles/2011-mercedes-benz-gl350-cdi-x164-turbo-diesel-automatic-7-seats-wagon,"Medium Dent Around exterior
Dents or marks on body consistent with age and kilometres.
Medium Scuff, Paint cracked on Rear bumper
Damaged rear light
Paint peeling various areas",105,"$7,600",08 February 2026
1998,FORD,Festiva,GLXi WF,Hatchback,Automatic,Petrol,246447,5.0,KNADB1225W6360547,DR8909,Unregistered,4,1.5,White,Multi,Yes,Yes,Yes,Yes,Yes,VIC,https://www.grays.com/lot/0001-21062605/motor-vehicles-motor-cycles/1998-ford-festiva-glxi-wf-automatic-hatchback,"Carpet worn in places.
Windscreen Chipped or Cracked.
Dents or marks on body consistent with age and kilometres.
Medium Scratch Around vehicle
Corrosion visible Left rear quarter
Interior: Steering wheel worn, Exterior: Exhaust leak present, Bonnet plastic protector damaged
Interior: Steering wheel worn, Exterior: Exhaust leak present, Bonnet plastic protector damaged",2,$109,09 February 2026
2015,NISSAN,Pathfinder,Ti R52,Wagon,CVT,Petrol,169242,7.0,5N1AR2MM2FC724102,BYF908,14-02-2026,6,3.5,Black,Black Leather,Yes,Yes,Yes,Partial,Yes,VIC,https://www.grays.com/lot/0001-21062600/motor-vehicles-motor-cycles/2015-nissan-pathfinder-ti-r52-cvt-7-seats-wagon,Dents or marks on body consistent with age and kilometres.,130,"$8,401",09 February 2026
2008,VOLVO,Xc90,D5,Wagon,Automatic,Diesel,400003,7.0,YV1CZ714681486351,WTG539,08-01-2026,5,2.4,Silver,Black Leather,Yes,Yes,No,Partial,Yes,VIC,https://www.grays.com/lot/0001-21062552/motor-vehicles-motor-cycles/2008-volvo-xc90-d5-turbo-diesel-automatic-7-seats-wagon,"Front Seats worn
Medium Scratches Around vehicle
Large Dents, Paint peeling Around vehicle
Dents or marks on body consistent with age and kilometres.
Paint cracked rear bumper",7,$309,09 February 2026
2008,PEUGEOT,308,XS,Hatchback,Automatic,Petrol,133587,5.0,VF34C5FWF55351395,2DK7KR,04-03-2026,4,1.6,White,Black,Yes,No,No,No,Yes,VIC,https://www.grays.com/lot/0001-21062548/motor-vehicles-motor-cycles/2008-peugeot-308-xs-automatic-hatchback,"Dents or marks on body consistent with age and kilometres.
Engine Smoke visible",11,$850,09 February 2026
2009,MITSUBISHI,Lancer,,Sedan,Automatic,Petrol,126979,5.0,JMFSMCY4AAU000414,2BF2GA,28-02-2026,4,2.0,Blue,Black,Yes,No,Yes,Partial,Yes,VIC,https://www.grays.com/lot/0001-21062562/motor-vehicles-motor-cycles/2009-mitsubishi-lancer-automatic-sedan,Medium Scratches Various areas,116,"$10,000",08 February 2026
2014,MAZDA,Cx-5,Maxx Sport KE,Wagon,Automatic,Diesel,139163,5.0,JM0KE102100268457,1DG8FN,06-10-2026,4,2.2,Blue,Black,Yes,Yes,Yes,No,Yes,VIC,https://www.grays.com/lot/0001-21062560/motor-vehicles-motor-cycles/2014-mazda-cx-5-maxx-sport-ke-turbo-diesel-automatic-wagon,"Engine light ON
Medium Scuff on Around vehicle
Engine Smoke visible
Dents or marks on body consistent with age and kilometres.",44,"$4,800",08 February 2026
2010,MITSUBISHI,Outlander,LS ZH,Wagon,CVT,Petrol,177883,5.0,JMFXTCW5WAZ007130,1IJ2NE,Unregistered,4,2.4,Black,Grey,Yes,No,Yes,Partial,Yes,VIC,https://www.grays.com/lot/0001-21062557/motor-vehicles-motor-cycles/2010-mitsubishi-outlander-ls-zh-cvt-wagon,"Medium Scratch on Some places
Medium Dent on Some places",62,"$4,110",08 February 2026
2013,VOLVO,S60,T4 Teknik,Sedan,Automatic,Petrol,142700,5.0,YV1FS48HBE2298643,2DY5IE,17-02-2026,4,1.6,Grey,Black Leather,Yes,Yes,Yes,Partial,Yes,VIC,https://www.grays.com/lot/0001-21062551/motor-vehicles-motor-cycles/2013-volvo-s60-t4-teknik-automatic-sedan,"Reverse Camera Not Working
Medium Scratch on Around vehicle
Large Scuff on Around vehicle
Dents or marks on body consistent with age and kilometres.",63,"$4,600",08 February 2026
2020,TOYOTA,Rav,4 FWD GX HYBRID AXAH52R,Wagon,CVT,Hybrid,77175,5.0,JTMZ23FV10D509819,2EF2LC,28-04-2026,4,2.5,White,Black Leather,Yes,Yes,Yes,Yes,Yes,VIC,https://www.grays.com/lot/0001-21062536/motor-vehicles-motor-cycles/2020-toyota-rav-4-fwd-gx-hybrid-axah52r-cvt-wagon,"Medium Scuff on Around vehicle
Medium Scratch on Around vehicle
Dents or marks on body consistent with age and kilometres.",210,"$27,150",08 February 2026
2009,SUBARU,Liberty,2.5i SPORTS PREMIUM B5,Sedan,CVT,Petrol,245060,5.0,JF1BM9K92AG002144,No plates,Unregistered,4,2.5,Black,Black,Yes,No,No,No,Yes,VIC,https://www.grays.com/lot/0001-21062528/motor-vehicles-motor-cycles/2009-subaru-liberty-2-5i-sports-premium-b5-cvt-sedan,"Seat Torn Drivers seat
Large Scratch on Around vehicle
Front Cracked bumper.
Front Seat Marks and back",17,"$1,109",08 February 2026
2007,TOYOTA,Crown,Athlete GRS184,Sedan,Automatic,Petrol,158160,5.0,6U90GRS1840018533,No plates,Unregistered,6,3.5,White,Black,Yes,No,No,No,Yes,VIC,https://www.grays.com/lot/0001-21062524/motor-vehicles-motor-cycles/2007-toyota-crown-athlete-grs184-automatic-sedan,"Flat Battery. Jump start or towing required
Dents or marks on body consistent with age and kilometres.
Engine noise observed.
Large Dent on Front bumper
Medium Scuff on various panels
Front bumper Cracked bumper.",56,"$3,809",08 February 2026
2011,KIA,Cerato,KOUP Si TD,Coupe,Automatic,Petrol,183903,5.0,KNAFU612MC5546052,1ZQ5QF,Unregistered,4,2.0,Black,Black,Yes,No,Yes,Yes,Yes,VIC,https://www.grays.com/lot/0001-21061832/motor-vehicles-motor-cycles/2011-kia-cerato-koup-si-td-automatic-coupe,"Large Scratch on Around vehicle
Paint peeling Around vehicle
Paint cracked rear bumper.
Paint faded on the bonnet.",36,"$2,409",08 February 2026
2008,BMW,3,Series 323i E92,Coupe,Automatic,Petrol,324070,4.0,WBAWB12090JY93784,DJ38AJ,Unregistered,6,2.5,Grey,Black,Yes,No,Yes,Partial,Yes,NSW,https://www.grays.com/lot/0001-10352489/motor-vehicles-motor-cycles/2008-bmw-3-series-323i-e92-automatic-coupe,"Hail damage visible.
Front Cracked bumper.
Damaged Driver side tail light
Large Dent on Rear quarter panels, drivers door
Large Scratch on Drivers door and rear quarter panel
Engine noise observed.
Driveline requires attention, recommend inspection by qualified third party
Other Warning light ON
Controls inoperable iDrive system faulty
Controls Broken Buttons under audio unit not secure.
Engine replaced",25,"$2,209",08 February 2026
2013,FORD,Focus,Sport LW II,Hatchback,Automatic,Diesel,128772,5.0,MPB1XXMXB1DG49164,No Plates,Unregistered,4,2.0,Silver,Black,Yes,Yes,Yes,Partial,Yes,NSW,https://www.grays.com/lot/0001-10352477/motor-vehicles-motor-cycles/2013-ford-focus-sport-lw-ii-turbo-diesel-automatic-hatchback,"Paint peeling Mirrors, tailgate
Transmission Requires attention Strongly recommend inspection by qualified third party
Medium Scuff on front bumper",30,"$1,810",08 February 2026
2013,JEEP,Grand,Cherokee Limited WK,Wagon,Automatic,Diesel,233380,5.0,1C4RJFFM0EC166557,FMI61E,Unregistered,6,3.0,Grey,Black,Yes,No,Yes,Partial,Yes,NSW,https://www.grays.com/lot/0001-10352475/motor-vehicles-motor-cycles/2013-jeep-grand-cherokee-limited-wk-turbo-diesel-automatic-8-speed-wagon,"Paint fading Bonnet
Large Dent on Passenger side rear quarter panel
Windscreen Chipped or Cracked.
Seat Torn Drivers seat
Damaged Driver side rear foglight",51,"$3,900",08 February 2026
2020,GREAT,Wall,Steed 4X2 Dual,Dual Cab,Manual,Petrol,69333,5.0,LGWCB3187LB630482,YKN04B,Unregistered,4,2.4,White,Grey,Yes,No,Yes,No,Yes,NSW,https://www.grays.com/lot/0001-10352473/motor-vehicles-motor-cycles/2020-great-wall-steed-4x2-manual-dual-cab,"Medium Dent on Roof
Other Warning light ON
Dents or marks on body consistent with age and kilometres.",70,"$5,801",08 February 2026
2006,RENAULT,Megane,Expression Phase II,Hatchback,Automatic,Petrol,131530,5.0,VF1BM1N0E60638956,BC71HI,10-02-2026,4,2.0,Silver,Grey,Yes,Yes,Yes,Partial,Yes,NSW,https://www.grays.com/lot/0001-10352467/motor-vehicles-motor-cycles/2006-renault-megane-expression-phase-ii-automatic-hatchback,"Medium Dent on Roof, bonnet
Large Scratch on Rear bumper bar
Hood Lining Sagging
Hail damage visible.",12,"$1,109",08 February 2026
2007,VOLKSWAGEN,Golf,2.0 TDI Comfortline A5,Hatchback,Automatic,Diesel,184251,5.0,WVWZZZ1KZ8U011148,BSF24E,24-01-2026,4,2.0,Blue,Grey,Yes,Yes,Yes,Partial,Yes,NSW,https://www.grays.com/lot/0001-10352446/motor-vehicles-motor-cycles/2007-volkswagen-golf-2-0-tdi-comfortline-a5-turbo-diesel-auto-hatchback,"Hail damage visible.
Large Dent on Roof, tailgate
Paint peeling Fuel lid
Other Warning light ON",32,"$2,309",08 February 2026
2010,AUDI,Q5,2.0 TFSI Quattro 8R,Wagon,Automatic,Petrol,209302,5.0,WAUZZZ8R5BA026267,BTD26H,Unregistered,4,2.0,Black,Tan,Yes,Yes,Yes,Partial,Yes,NSW,https://www.grays.com/lot/0001-10352445/motor-vehicles-motor-cycles/2010-audi-q5-2-0-tfsi-quattro-8r-automatic-wagon,"Engine noise observed.
Hood Lining Sagging
Medium Scratch on Medium scratches on rear bar
Medium Scratch on Drivers mirrot
Paint fading On bonnet
Driveline requires attention, recommend inspection by qualified third party",16,"$1,510",08 February 2026
2002,FORD,Falcon,XL BA,Cab Chassis,Automatic,Petrol,349359,2.0,6FPAAAJGCM2A23549,DXT48X,Unregistered,6,4.0,White,Grey,Yes,No,Yes,Partial,Yes,NSW,https://www.grays.com/lot/0001-10352427/motor-vehicles-motor-cycles/2002-ford-falcon-xl-ba-automatic-cab-chassis,"Large Dent on Bonnet, passenger side front guard
Windscreen Chipped or Cracked.
Medium Dent on Passenger side rear quarter area
Damaged Passenger side front bull bar light, passenger side rear reversing light
Engine Smoke visible
Transmission Requires attention Strongly recommend inspection by qualified third party
Driveline requires attention, recommend inspection by qualified third party
Door card Worn.
Front Seat worn drivers",10,$909,08 February 2026
2012,FORD,Focus,Ambiente LW II,Hatchback,Manual,Petrol,116769,5.0,MPB1XXMXB1CD02875,1VY4RU,Unregistered,4,1.6,Red,Grey,Yes,No,Yes,No,Yes,VIC,https://www.grays.com/lot/0001-21062598/motor-vehicles-motor-cycles/2012-ford-focus-ambiente-lw-ii-manual-hatchback,"Dents or marks on body consistent with age and kilometres.
Carpet worn in places.
Medium Scratch on Around vehicle
Paint fading Passenger mirror
Rear Cracked bumper.",13,$971,08 February 2026
2014,HOLDEN,Captiva,7 LS 2WD CG II,Wagon,Automatic,Petrol,157685,7.0,KL3CA26U9EB017930,1CH6LU,15-01-2026,4,2.4,Grey,Grey,Yes,Yes,Yes,Yes,Yes,VIC,https://www.grays.com/lot/0001-21062597/motor-vehicles-motor-cycles/2014-holden-captiva-7-ls-2wd-cg-ii-automatic-7-seats-wagon,"Dents or marks on body consistent with age and kilometres.
Large Dent on Right rear quarter
Oil change warning light on",27,"$2,100",08 February 2026
2008,NISSAN,X-trail,TI T31,Wagon,CVT,Petrol,306215,5.0,JN1TANT31A0008261,1HT4CV,15-04-2026,4,2.5,Grey,Black Leather,Yes,No,Yes,No,Yes,VIC,https://www.grays.com/lot/0001-21062594/motor-vehicles-motor-cycles/2008-nissan-x-trail-ti-t31-cvt-wagon,"Medium Scratch on Around vehicle
Traction control light ON
Other Warning light ON
Medium Dent on Around vehicle
Dents or marks on body consistent with age and kilometres.",3,$209,08 February 2026
2013,MITSUBISHI,Triton,4X4 GLX MN Dual,Dual Cab,Manual,Diesel,192710,5.0,MMAJNKB40ED010594,EQT96C,Unregistered,4,2.5,White,Grey,Yes,Yes,Yes,Partial,Yes,VIC,https://www.grays.com/lot/0001-21062593/motor-vehicles-motor-cycles/2013-mitsubishi-triton-4x4-glx-mn-turbo-diesel-manual-dual-cab,"Medium Scratch on Around vehicle
Windscreen Chipped or Cracked.
Medium Dent on rear bumper
Dents or marks on body consistent with age and kilometres.",113,"$9,200",08 February 2026
2010,TOYOTA,Hilux,SR5 (4x4) KUN26R Dual,Dual Cab,Automatic,Diesel,284888,5.0,MR0FZ29G501586072,AXE004,21-07-2026,4,3.0,Blue,Grey,Yes,Yes,Yes,Partial,Yes,VIC,https://www.grays.com/lot/0001-21062591/motor-vehicles-motor-cycles/2010-toyota-hilux-sr5-4x4-kun26r-turbo-diesel-automatic-dual-cab,"Medium Scratch on Around vehicle
Medium Dent on Around vehicle
Paint peeling Around vehicle
Windscreen Chipped or Cracked.
Transmission Requires attention Strongly recommend inspection by qualified third party",98,"$10,200",08 February 2026
2007,TOYOTA,Corolla,Ascent ZRE152R,Sedan,Automatic,Petrol,258066,5.0,JTNBU52E60J002151,2EB4XF,24-03-2026,4,1.8,Black,Black,Yes,Yes,Yes,No,Yes,VIC,https://www.grays.com/lot/0001-21062590/motor-vehicles-motor-cycles/2007-toyota-corolla-ascent-zre152r-automatic-sedan,"Dents or marks on body consistent with age and kilometres.
Body/panel damage Front and rear bar
Paint fading Around vehicle
Engine light ON
Back Seat Stains.
Seat Torn driver side
Door Mirror Broken driver side
Paint fading on various panels
Medium Scratch on various panels
Medium Dent on various panels
Carpet worn in places.",35,"$2,210",08 February 2026
2006,MITSUBISHI,380,DB,Sedan,Automatic,Petrol,184223,5.0,6MMDB4D416T018984,XDJ834,04-01-2026,6,3.8,White,Black,Yes,No,Yes,Partial,Yes,VIC,https://www.grays.com/lot/0001-21062589/motor-vehicles-motor-cycles/2006-mitsubishi-380-db-automatic-sedan,"Paint cracked Front bumper
Rear bumper Cracked bumper.
Medium Scuff on Rear passenger side
Medium Dent on Around exterior
Dents or marks on body consistent with age and kilometres.
Front Seat worn drivers",15,$609,08 February 2026
2005,HONDA,Accord,VTi 30th Anniversary 7th Gen,Sedan,Automatic,Petrol,279663,5.0,MRHCM56405P060521,WLY233,22-03-2026,4,2.4,Grey,Maroon,Yes,No,No,No,Yes,VIC,https://www.grays.com/lot/0001-21062588/motor-vehicles-motor-cycles/2005-honda-accord-vti-30th-anniversary-7th-gen-automatic-sedan,"Engine light ON
Medium Scratch on Around vehicle
Large Scuff on Around vehicle
Paint fading Around vehicle
Front Seat worn drivers
rear Cracked bumper.",9,$709,08 February 2026
2011,BMW,X5,xDrive 40d SPORT E70 LCI,Wagon,Automatic,Diesel,276108,5.0,WBAZW62070L480278,ACB602,Unregistered,6,3.0,White,Black Leather,Yes,Yes,Yes,Partial,Yes,VIC,https://www.grays.com/lot/0001-21062583/motor-vehicles-motor-cycles/2011-bmw-x5-xdrive-40d-sport-e70-lci-turbo-diesel-automatic-8-speed-wagon,"Seat Torn Driver seat
Windscreen Chipped or Cracked.
Medium Scratch on Around vehicle",57,"$4,117",08 February 2026
2010,MAZDA,3,SP25 BL,Sedan,Automatic,Petrol,188853,5.0,JM0BL10L100175967,XXM293,27-08-2026,4,2.5,Black,Black Leather,Yes,No,Yes,Partial,Yes,VIC,https://www.grays.com/lot/0001-21062579/motor-vehicles-motor-cycles/2010-mazda-3-sp25-bl-automatic-sedan,"Medium Scratch on Around vehicle
Front bumper Cracked bumper.
Dents or marks on body consistent with age and kilometres.
Damaged rear light",50,"$5,500",08 February 2026
2010,HOLDEN,Commodore,Omega Omega VE,Sedan,Automatic,Petrol,316159,5.0,6G1EK5EF1AL440511,2DO1JP,17-01-2026,6,3.0,Blue,Black,Yes,No,Yes,Partial,Yes,VIC,https://www.grays.com/lot/0001-21062578/motor-vehicles-motor-cycles/2010-holden-commodore-omega-omega-ve-automatic-sedan,Medium Scratch on Around vehicle,12,$809,08 February 2026
2007,MERCEDES,Benz,A200 Elegance W169,Hatchback,CVT,Petrol,193618,5.0,WDD1690332J483592,URC099,01-02-2026,4,2.0,Silver,Black Leather,Yes,No,Yes,No,Yes,VIC,https://www.grays.com/lot/0001-21062575/motor-vehicles-motor-cycles/2007-mercedes-benz-a200-elegance-w169-cvt-hatchback,"Seat Torn Driver seat
Medium Scuff on Around vehicle
Dents or marks on body consistent with age and kilometres.",29,"$2,309",08 February 2026
2008,TOYOTA,Hiace,LWB KDH201R,Van,Automatic,Diesel,605347,3.0,JTFHT02P900018718,WNY003,14-07-2026,4,3.0,Yellow,Grey,Yes,Yes,Yes,Partial,Yes,VIC,https://www.grays.com/lot/0001-21062568/motor-vehicles-motor-cycles/2008-toyota-hiace-lwb-kdh201r-turbo-diesel-automatic-van,"Medium Dents, Scuffs, Scratches, Paint Fade and Damages Around vehicle
Drivers Door Mirror Broken
Marks in boot
Windscreen Chipped.
Paint cracked on panel",41,"$3,809",08 February 2026
2007,HOLDEN,Commodore,SVZ VZ,Wagon,Automatic,Petrol,222144,5.0,6G1ZK82B76L962216,No Plates,Unregistered,6,3.6,Red,Black Leather,Yes,Yes,Yes,Partial,Yes,VIC,https://www.grays.com/lot/0001-21062566/motor-vehicles-motor-cycles/2007-holden-commodore-svz-vz-automatic-wagon,"Seat Torn Driver seat
Door Mirror Broken Passenger side
Paint peeling Around vehicle
Large Scuff on Around vehicle
Large Scratch on Around vehicle
Corrosion visible Around vehicle
Dents or marks on body consistent with age and kilometres.",7,$609,08 February 2026
2005,FORD,Territory,TX SX,Wagon,Automatic,Petrol,264417,5.0,6FPAAAJGAT5P52321,TJO675,28-04-2026,6,4.0,White,Grey,Yes,No,Yes,No,Yes,VIC,https://www.grays.com/lot/0001-21062565/motor-vehicles-motor-cycles/2005-ford-territory-tx-sx-automatic-wagon,"Medium Scratch on Around vehicle
Corrosion visible Around vehicle
Windscreen Chipped or Cracked.
Hood Lining Sagging
Dents or marks on body consistent with age and kilometres.
Paint fading roof",26,"$1,909",08 February 2026
2006,TOYOTA,Corolla,Conquest ZZE122R,Hatchback,Automatic,Petrol,102752,5.0,JTDKR22E500259490,UFR641,14-07-2026,4,1.8,Red,Black,Yes,Yes,Yes,Yes,Yes,VIC,https://www.grays.com/lot/0001-21062563/motor-vehicles-motor-cycles/2006-toyota-corolla-conquest-zze122r-automatic-hatchback,"Medium Scratch on Some places
Medium Dent on Some places
Paint peeling Around the vehicle",70,"$5,209",08 February 2026
2003,TOYOTA,Corolla,Ascent ZZE122R,Sedan,Automatic,Petrol,300326,5.0,JTDBR23E100135960,1UY3QW,17-03-2026,4,1.8,Blue,Tan,Yes,Yes,Yes,Partial,Yes,VIC,https://www.grays.com/lot/0001-21062558/motor-vehicles-motor-cycles/2003-toyota-corolla-ascent-zze122r-automatic-sedan,"Paint peeling Around vehicle
Corrosion visible Around vehicle
Medium Scuff on Around vehicle",10,$909,08 February 2026
2013,FORD,Kuga,AWD TREND TF,Wagon,Automatic,Diesel,245250,5.0,WF0AXXWPMADA03039,1AP5XJ,12-12-2026,4,2.0,Dark Blue,Black,Yes,Yes,Yes,Partial,Yes,VIC,https://www.grays.com/lot/0001-21062556/motor-vehicles-motor-cycles/2013-ford-kuga-awd-trend-tf-turbo-diesel-automatic-wagon,"Medium Scratch on Around vehicle
Engine light ON
Dents or marks on body consistent with age and kilometres.",23,"$1,709",08 February 2026
2012,JEEP,Grand,Cherokee Laredo WK,Wagon,Automatic,Petrol,183561,5.0,1C4RJFEG5DC622515,ZPP835,15-01-2026,6,3.6,Silver,Black,Yes,Yes,No,No,Yes,VIC,https://www.grays.com/lot/0001-21062555/motor-vehicles-motor-cycles/2012-jeep-grand-cherokee-laredo-wk-automatic-wagon,"Medium Scratch on Around vehicle
Seat Torn Driver seat",33,"$3,009",08 February 2026
2010,SUBARU,Impreza,XV G3,Hatchback,Manual,Petrol,182814,5.0,JF1GH7KF3BG047195,XUA778,21-07-2026,4,2.0,Grey,Multi,Yes,No,Yes,Partial,Yes,VIC,https://www.grays.com/lot/0001-21062554/motor-vehicles-motor-cycles/2010-subaru-impreza-xv-g3-manual-hatchback,"Medium Scratch on Around vehicle
Large Scuff on Around vehicle
Rear bumper Cracked bumper.",29,"$1,950",08 February 2026
2015,HYUNDAI,Imax,TQ,People Mover,Automatic,Diesel,254241,8.0,KMHWH81KMFU750994,1KE7XV,30-07-2026,4,2.5,Grey,Grey,Yes,No,Yes,Partial,Yes,VIC,https://www.grays.com/lot/0001-21062553/motor-vehicles-motor-cycles/2015-hyundai-imax-tq-turbo-diesel-automatic-8-seats-people-mover,"Medium Scratch on Around vehicle
Seat Torn Driver seat
Dents or marks on body consistent with age and kilometres.
front Cracked bumper.
Carpet worn in places.",88,"$6,300",08 February 2026
2016,MITSUBISHI,Outlander,LS AWD SAFETY PACK ZK,Wagon,Automatic,Diesel,230733,7.0,JMFXLGF6WHJ000470,No plates,Unregistered,4,2.3,Grey,Black,Yes,Yes,Yes,Yes,Yes,VIC,https://www.grays.com/lot/0001-21062549/motor-vehicles-motor-cycles/2016-mitsubishi-outlander-ls-awd-safety-pack-zk-turbo-diesel-automatic,"Carpet worn in places.
Carpet worn in places.
Dents or marks on body consistent with age and kilometres.
Dents or marks on body consistent with age and kilometres.
Medium Scratch on Around vehicle
Medium Scratch on Around vehicle",57,"$5,400",08 February 2026
2010,FORD,Ranger,XL 4X2 PK Dual,Dual Cab,Manual,Diesel,380635,5.0,MNALSFE90AW852261,1NV7RG,Unregistered,4,3.0,White,Black,Yes,Yes,No,No,Yes,VIC,https://www.grays.com/lot/0001-21062534/motor-vehicles-motor-cycles/2010-ford-ranger-xl-4x2-pk-turbo-diesel-manual-dual-cab,"Engine light ON
Engine idling rough
Large Scuff on Around vehicle
Seat Torn Driver seat
Corrosion visible Around vehicle
Windscreen Chipped or Cracked.
Medium Scratch on Around vehicle
Dents or marks on body consistent with age and kilometres.",11,$609,08 February 2026
1999,MITSUBISHI,Express,WA,Van,Automatic,Petrol,115432,2.0,JMFJEPB4VXA000447,No plates,Unregistered,4,2.4,White,Grey,Yes,No,No,No,No,VIC,https://www.grays.com/lot/0001-21062533/motor-vehicles-motor-cycles/1999-mitsubishi-express-wa-automatic-van,"Door card Damaged.
Front Seat Stains Both
Carpet worn in places.
Marks in boot
Corrosion visible Around vehicle
Medium Dent on Around vehicle
Door Handle Not Working or Broken.",5,$409,08 February 2026
2009,TOYOTA,Crown,Automatic,Sedan,CVT,Hybrid,149897,5.0,6ZZ9GWS2040010935,No plates,Unregistered,6,3.5,Silver,Beige,Yes,No,Yes,Partial,Yes,VIC,https://www.grays.com/lot/0001-21062532/motor-vehicles-motor-cycles/2009-toyota-crown-cvt-automatic-sedan,"Dents or marks on body consistent with age and kilometres.
Paint peeling Around vehicle",29,,08 February 2026
2005,HOLDEN,Adventra,SX6 VZ,Wagon,Automatic,Petrol,222865,5.0,6G1ZM84745L476187,TRZ009,Unregistered,6,3.6,Silver,Black,Yes,No,Yes,No,Yes,VIC,https://www.grays.com/lot/0001-21062530/motor-vehicles-motor-cycles/2005-holden-adventra-sx6-vz-automatic-wagon,"Medium Scratch on Around vehicle
Seat Torn Driver seat
Flat Battery. Jump start or towing required
Engine Oil Leak
Engine fluid Leak
Paint peeling Around vehicle
Engine light ON",2,$109,08 February 2026
2012,HOLDEN,Berlina,VE,Sedan,Automatic,Petrol,204994,5.0,6G1EL5E57CL628599,YVK727,Unregistered,6,3.0,Gold,Black,Yes,No,Yes,Partial,Yes,VIC,https://www.grays.com/lot/0001-21062529/motor-vehicles-motor-cycles/2012-holden-berlina-ve-automatic-sedan,"Large Dent on Around vehicle
Front Seat worn Drivers
Controls Broken Drivers seat adjuster
Hood Lining Sagging
Door Mirror Broken Passenger",14,$809,08 February 2026
2006,TOYOTA,Camry,Altise ACV40R,Sedan,Automatic,Petrol,201181,5.0,6T153BK400X016747,YBI037,Unregistered,4,2.4,Red,Grey,Yes,No,No,No,Yes,VIC,https://www.grays.com/lot/0001-21062526/motor-vehicles-motor-cycles/2006-toyota-camry-altise-acv40r-automatic-sedan,"Medium Scratch on Around vehicle
Paint fading Around vehicle
Damaged Passenger side tail light
Paint cracked rear bumper
Dents or marks on body consistent with age and kilometres.
Dash Torn or Cracked",29,"$2,819",08 February 2026
2015,HYUNDAI,Sonata,Active LF,Sedan,Automatic,Petrol,119577,5.0,KMHE241FMFA134961,No plates,Unregistered,4,2.4,White,Black,Yes,Yes,No,No,Yes,VIC,https://www.grays.com/lot/0001-21062522/motor-vehicles-motor-cycles/2015-hyundai-sonata-active-lf-automatic-sedan,"Engine noise observed.
Dents or marks on body consistent with age and kilometres.
Front Seat Stains Drivers seat
Dents or marks on body consistent with age and kilometres.",59,"$4,100",08 February 2026
2013,FORD,Mondeo,LX TDCi MC,Wagon,Automatic,Diesel,220631,5.0,WF0GXXGBBGDP23655,No plates,Unregistered,4,2.0,Silver,Black,Yes,No,No,No,Yes,VIC,https://www.grays.com/lot/0001-21062521/motor-vehicles-motor-cycles/2013-ford-mondeo-lx-tdci-mc-turbo-diesel-automatic-wagon,"Engine light ON. Tilt tray required for pickup.
Medium Scratch on various panels
Paint peeling on various panels
Medium Scuff on various panels
Dents or marks on body consistent with age and kilometres.",3,$209,08 February 2026
2010,JEEP,Wrangler,Unlimited Sport JK,Wagon,Automatic,Diesel,183240,5.0,1J4BE3H50AL232801,2DY5NV,04-03-2026,4,2.8,Silver,Grey,Yes,No,Yes,Yes,Yes,VIC,https://www.grays.com/lot/0001-21062519/motor-vehicles-motor-cycles/2010-jeep-wrangler-unlimited-sport-jk-turbo-diesel-automatic-wagon,Dents or marks on body consistent with age and kilometres.,132,"$10,500",08 February 2026
2014,RENAULT,Captur,Dynamique,Wagon,Automatic,Petrol,125495,5.0,VF12R401EE0710357,AGP763,09-03-2026,4,1.2,Black,Grey,Yes,Yes,No,No,Yes,VIC,https://www.grays.com/lot/0001-21062486/motor-vehicles-motor-cycles/2014-renault-captur-dynamique-automatic-wagon,"Transmission Requires attention Strongly recommend inspection by qualified third party
Medium Scratch on Around vehicle",14,"$1,009",08 February 2026
2002,PORSCHE,Boxster,986,Convertible,Automatic,Petrol,107780,2.0,WP0ZZZ98Z2U604089,No plates,Unregistered,6,2.7,Silver,Black Leather,Yes,No,Yes,Partial,Yes,QLD,https://www.grays.com/lot/0001-50714366/motor-vehicles-motor-cycles/2002-porsche-boxster-986-automatic-convertible,"Engine Smoke visible
Dents or marks on body consistent with age and kilometres.",117,"$11,800",04 February 2026
2016,AUDI,Q7,3.0 TDI Quattro,Wagon,Automatic,Diesel,133778,7.0,WAUZZZ4M4GD054139,No plates,Unregistered,6,3.0,Grey,Black Leather,Yes,Yes,Yes,Partial,Yes,QLD,https://www.grays.com/lot/0001-50714424/motor-vehicles-motor-cycles/2016-audi-q7-3-0-tdi-quattro-4m-turbo-diesel-automatic,"Front Cracked bumper.
Medium Scuff on RHR guard
Dents or marks on body consistent with age and kilometres.",139,"$14,400",05 February 2026
2017,HOLDEN,Astra,R BK,Hatchback,Automatic,Petrol,175110,5.0,W0LBF6EC0HG128964,1RM9LR,06-03-2026,4,1.4,White,Black,Yes,No,Yes,Partial,Yes,VIC,https://www.grays.com/lot/0001-21062517/motor-vehicles-motor-cycles/2017-holden-astra-r-bk-automatic-hatchback,"Medium Scratches, Paint Fade Around vehicle
Scuffs Around vehicle
Dents or marks on body consistent with age and kilometres.
Interior: Steering wheel worn
Interior: Steering wheel worn",52,"$3,900",05 February 2026
2015,MAZDA,Cx-5,Maxx Sport KE,Wagon,Automatic,Diesel,233955,5.0,JM0KE102200338641,No plates,Unregistered,4,2.2,Silver,Black,Yes,Yes,Yes,Partial,Yes,VIC,https://www.grays.com/lot/0001-21062516/motor-vehicles-motor-cycles/2015-mazda-cx-5-maxx-sport-ke-turbo-diesel-automatic-wagon,"Dents or marks on body consistent with age and kilometres.
Service Warning light ON
Medium Dent on LHF guard",83,"$6,500",05 February 2026
2014,NISSAN,Pulsar,ST C12,Hatchback,CVT,Petrol,81453,5.0,MNTFAAC12A0007162,1DW7FG,02-03-2026,4,1.8,Black,Black,Yes,Yes,Yes,Yes,Yes,VIC,https://www.grays.com/lot/0001-21062514/motor-vehicles-motor-cycles/2014-nissan-pulsar-st-c12-cvt-hatchback,"Large Scuff on Around vehicle
Medium Scratch on Around vehicle",81,"$5,600",05 February 2026
2013,VOLKSWAGEN,Golf,90TSI A7,Hatchback,Automatic,Petrol,190757,5.0,WVWZZZAUZDP077347,2BN4QM,14-12-2025,4,1.4,Grey,Black,Yes,No,Yes,Partial,Yes,VIC,https://www.grays.com/lot/0001-21062412/motor-vehicles-motor-cycles/2013-volkswagen-golf-90tsi-a7-automatic-hatchback,"Medium Dent on Around vehicle
Medium Scratch on Around vehicle
front Cracked bumper.",45,"$4,400",07 February 2026
2013,FORD,Kuga,AWD Titanium TF,Wagon,Automatic,Diesel,147629,5.0,WF0AXXWPMADK67791,No plates,Unregistered,4,2.0,Blue,Black Leather,Yes,Yes,Yes,Partial,Yes,VIC,https://www.grays.com/lot/0001-21062483/motor-vehicles-motor-cycles/2013-ford-kuga-awd-titanium-tf-turbo-diesel-automatic-wagon,"Medium Scratch on Around exterior
Paint fading Around exterior
Medium Scuff on Rear bumper
Engine light ON
Dents or marks on body consistent with age and kilometres.",6,$509,08 February 2026
2010,HYUNDAI,Getz,S TB,Hatchback,Manual,Petrol,186811,5.0,KMHBT31DLAU216540,1YE3XG,05-07-2026,4,1.4,White,Grey,Yes,No,Yes,Partial,Yes,VIC,https://www.grays.com/lot/0001-21061894/motor-vehicles-motor-cycles/2010-hyundai-getz-s-tb-manual-hatchback,"Medium Scratch on Around vehicle.
Stone chips.
Small dent on bonnet.",14,"$1,009",08 February 2026
2010,AUDI,A4,1.8 TFSI B8,Sedan,CVT,Petrol,129608,5.0,WAUZZZ8K3AA176637,2DI5RD,30-07-2026,4,1.8,White,Black Leather,Yes,Yes,Yes,Partial,Yes,VIC,https://www.grays.com/lot/0001-21061711/motor-vehicles-motor-cycles/2010-audi-a4-1-8-tfsi-b8-cvt-sedan,"Dents or marks on body consistent with age and kilometres.
Medium Scuff on Around vehicle
Other Warning light ON",1,"$5,000",08 February 2026
2013,TOYOTA,Camry,Atara S ASV50R,Sedan,Automatic,Petrol,342861,5.0,6T1BF3FK70X044781,ATU496,21-06-2026,4,2.5,Grey,Black,Yes,No,No,No,Yes,VIC,https://www.grays.com/lot/0001-21062596/motor-vehicles-motor-cycles/2013-toyota-camry-atara-s-asv50r-automatic-sedan,"Medium Scratch on Around vehicle
Medium Dent on Around vehicle
Damaged Driver side tail light",78,"$5,212",08 February 2026
2015,HYUNDAI,Ix35,SE FWD LM,Wagon,Automatic,Petrol,91780,5.0,TMAJU81FMFJ762027,1FL2DV,18-03-2026,4,2.0,Silver,Black Leather,Yes,Yes,Yes,Partial,Yes,VIC,https://www.grays.com/lot/0001-21062511/motor-vehicles-motor-cycles/2015-hyundai-ix35-se-fwd-lm-automatic-wagon,"Medium Scratch on Around vehicle
Dents or marks on body consistent with age and kilometres.",101,"$8,700",05 February 2026
2010,HOLDEN,Commodore,SV6 VE,Wagon,Automatic,Petrol,239437,5.0,6G1EK8EV6AL435619,CML293,13-04-2026,6,3.6,Black,Black,Yes,Yes,Yes,Partial,Yes,VIC,https://www.grays.com/lot/0001-21062509/motor-vehicles-motor-cycles/2010-holden-commodore-sv6-ve-automatic-wagon,Medium Scratch on Around vehicle,44,"$3,709",05 February 2026
2011,BMW,X1,sDrive 20d E84,Wagon,Automatic,Diesel,119340,5.0,WBAVN32030VR30898,YNF085,31-08-2026,4,2.0,Black,Black,Yes,Yes,No,No,Yes,VIC,https://www.grays.com/lot/0001-21062507/motor-vehicles-motor-cycles/2011-bmw-x1-sdrive-20d-e84-turbo-diesel-automatic-wagon,"Front Seat Stains Both
Back Seat Stains.
Dents or marks on body consistent with age and kilometres.
Medium Scratch on Around vehicle",75,"$5,409",05 February 2026
2014,MAZDA,Cx-5,Maxx Sport KE,Wagon,Automatic,Diesel,146744,5.0,JM0KE102100254060,2CY7SG,23-04-2026,4,2.2,Black,Black,Yes,Yes,Yes,No,Yes,VIC,https://www.grays.com/lot/0001-21062506/motor-vehicles-motor-cycles/2014-mazda-cx-5-maxx-sport-ke-turbo-diesel-automatic-wagon,"Medium Scratch on Around vehicle
Medium Dent on Around vehicle
Dents or marks on body consistent with age and kilometres.",69,"$6,500",05 February 2026
2016,ISUZU,D-max,4X2 SX,Cab Chassis,Manual,Diesel,305811,2.0,MPATFR85JFT007774,1HH3RL,07-03-2026,4,3.0,White,Black,Yes,Yes,Yes,Partial,Yes,VIC,https://www.grays.com/lot/0001-21062504/motor-vehicles-motor-cycles/2016-isuzu-d-max-4x2-sx-turbo-diesel-manual-cab-chassis,"Medium Dent on Around vehicle
Corrosion visible Around vehicle
Dents or marks on body consistent with age and kilometres.
Medium Scuff on various panels",83,"$5,809",05 February 2026
2010,FORD,Falcon,G6 FG,Sedan,Automatic,Lpg,259206,5.0,6FPAAAJGSWAL89523,XVI185,13-07-2026,6,4.0,Red,Black Leather,Yes,Yes,Yes,Partial,Yes,VIC,https://www.grays.com/lot/0001-21062502/motor-vehicles-motor-cycles/2010-ford-falcon-g6-fg-automatic-sedan,"Dents or marks on body consistent with age and kilometres.
Medium Dent on Passenger door
Paint fading Roof
Medium Scratch Around vehicle
Exterior Light fault Warning light ON",41,"$3,009",05 February 2026
2015,MAZDA,Cx-5,Grand Touring KE,Wagon,Automatic,Diesel,126710,5.0,JM0KE102200333155,1ZU8LF,14-06-2026,4,2.2,Red,Black Leather,Yes,Yes,Yes,Yes,Yes,VIC,https://www.grays.com/lot/0001-21062501/motor-vehicles-motor-cycles/2015-mazda-cx-5-grand-touring-ke-turbo-diesel-automatic-wagon,Medium Scratces Around vehicle,109,"$10,200",05 February 2026
2011,FORD,Fiesta,LX WT,Hatchback,Automatic,Petrol,145472,5.0,MNBJXXARJJBY53576,YMO575,21-04-2026,4,1.6,Orange,Black,Yes,No,Yes,Partial,Yes,VIC,https://www.grays.com/lot/0001-21062498/motor-vehicles-motor-cycles/2011-ford-fiesta-lx-wt-automatic-hatchback,"Large Scratch on Around vehicle
Large Dent on Around vehicle
Engine light ON
Paint peeling on Around vehicle
Damaged Rear fog light
Dents or marks on body consistent with age and kilometres.",22,"$2,109",05 February 2026
2015,BMW,X1,sDrive18d F48,Wagon,Automatic,Diesel,164682,5.0,WBAHT72020P911127,1FC5NK,06-01-2026,4,2.0,Blue,Black Leather,Yes,No,Yes,Partial,Yes,VIC,https://www.grays.com/lot/0001-21062496/motor-vehicles-motor-cycles/2015-bmw-x1-sdrive18d-f48-turbo-diesel-automatic-8-speed-wagon,"Engine light ON
Medium Scratch Around vehicle",76,"$8,208",05 February 2026
2008,NISSAN,Navara,ST-X 4x2 D40 Dual,Dual Cab,Automatic,Petrol,344034,5.0,VSKCLAD40A0322336,No plates,Unregistered,6,4.0,Dark Blue,Grey,Yes,No,Yes,Partial,Yes,VIC,https://www.grays.com/lot/0001-21062494/motor-vehicles-motor-cycles/2008-nissan-navara-st-x-4x2-d40-automatic-dual-cab,"Carpet worn in places.
Front Seat worn Drivers and hole
Back Seat Stains.
Dents or marks on body consistent with age and kilometres.
Paint peeling Around vehicle
Medium Scratch on Around vehicle",24,"$1,809",05 February 2026
2003,TOYOTA,Landcruiser,Prado Grande GRJ120R,Wagon,Automatic,Petrol,307706,8.0,JTEBU25J700003967,BBW852,20-08-2026,6,4.0,Silver,Black Leather,Yes,No,Yes,Yes,Yes,VIC,https://www.grays.com/lot/0001-21062491/motor-vehicles-motor-cycles/2003-toyota-landcruiser-prado-grande-grj120r-automatic-8-seats-wagon,"Dents or marks on body consistent with age and kilometres.
Medium Scratch on Around vehicle",61,"$5,700",05 February 2026
2016,PEUGEOT,308,Active,Hatchback,Automatic,Petrol,136597,5.0,VF3LPHNYWGS268262,1QN4LD,25-02-2026,3,1.2,Silver,Black,Yes,Yes,Yes,Yes,Yes,VIC,https://www.grays.com/lot/0001-21062490/motor-vehicles-motor-cycles/2016-peugeot-308-active-automatic-hatchback,Large Scuff on Front bumper,87,"$5,509",05 February 2026
2003,TOYOTA,Corolla,Sportivo ZZE123R,Hatchback,Manual,Petrol,271477,5.0,AHT54ZEC307002450,SQB210,23-01-2026,4,1.8,Black,Black Leather,Yes,No,Yes,Partial,Yes,VIC,https://www.grays.com/lot/0001-21062487/motor-vehicles-motor-cycles/2003-toyota-corolla-sportivo-zze123r-manual-hatchback,"Dents or marks on body consistent with age and kilometres.
Large Scuff on Around vehicle
Medium Dent on Rear bumper
Paint fading on various panels
Paint cracked rear bumper",34,"$3,400",05 February 2026
2007,VOLKSWAGEN,Golf,2.0 FSI Comfortline A5,Hatchback,Manual,Petrol,190652,5.0,WVWZZZ1KZ7U035476,No plates,Unregistered,4,2.0,Black,Black,Yes,Yes,Yes,Partial,Yes,NSW,https://www.grays.com/lot/0001-10352437/motor-vehicles-motor-cycles/2007-volkswagen-golf-2-0-fsi-comfortline-a5-manual-hatchback,"Windscreen Chipped or Cracked.
Medium Dent on Driver side rear door and quarter panel
Engine idling rough
Medium Dent on Driver side cant rail
Damaged Passenger side tail light and door mirror signal light",3,$209,05 February 2026
2016,FORD,Falcon,XR6 FG X,Sedan,Automatic,Petrol,296442,5.0,6FPAAAJGSWGR97502,No plates,Unregistered,6,4.0,Red,Black,Yes,Yes,Yes,Partial,Yes,VIC,https://www.grays.com/lot/0001-21062515/motor-vehicles-motor-cycles/2016-ford-falcon-xr6-fg-x-automatic-sedan,"Windscreen Chipped or Cracked.
Dents or marks on body consistent with age and kilometres.
Front Seat worn damaged trim driver side",63,"$6,600",05 February 2026
2012,HYUNDAI,I30,Elite GD,Hatchback,Automatic,Petrol,160737,5.0,KMHD351EMDU008856,No Plates,Unregistered,4,1.8,Blue,Black,Yes,Yes,No,No,Yes,VIC,https://www.grays.com/lot/0001-21062513/motor-vehicles-motor-cycles/2012-hyundai-i30-elite-gd-automatic-hatchback,"Rear bumper Cracked.
Medium Dents,Scuffs, Paint Fade Around vehicle
Engine light ON
Damaged LHF fog light",37,"$3,100",05 February 2026
2010,FORD,Escape,ZD,Wagon,Automatic,Petrol,245998,5.0,LFACTFLNXA2002990,XZM832,26-10-2026,4,2.3,Silver,Grey,Yes,Yes,Yes,Partial,Yes,VIC,https://www.grays.com/lot/0001-21062510/motor-vehicles-motor-cycles/2010-ford-escape-zd-automatic-wagon,"Medium Scratch on Around vehicle
Engine light ON
Seat Torn Driver seat
Dents or marks on body consistent with age and kilometres.",17,"$1,410",05 February 2026
2011,NISSAN,X-trail,ST 2WD T31,Wagon,Manual,Petrol,212562,5.0,JN1TBAT31A0003907,YTV827,06-03-2026,4,2.0,White,Black,Yes,No,Yes,Partial,Yes,VIC,https://www.grays.com/lot/0001-21062508/motor-vehicles-motor-cycles/2011-nissan-x-trail-st-2wd-t31-manual-wagon,"Front and Back seat stains.
Large Scuffs Around vehicle
Medium Scratches Around vehicle
Windscreen Chipped or Cracked.",13,"$1,009",05 February 2026
2017,MERCEDES,Benz,C 300 C300 S205 9,Wagon,Automatic,Petrol,134954,5.0,WDD2052482F605032,2DG9QO,14-05-2026,4,2.0,White,Black Leather,Yes,Yes,Yes,Partial,Yes,VIC,https://www.grays.com/lot/0001-21062505/motor-vehicles-motor-cycles/2017-mercedes-benz-c-300-c300-s205-9-auto-wagon,Dents or marks on body consistent with age and kilometres.,121,"$17,011",05 February 2026
2003,LAND,Rover,Discovery,Wagon,Automatic,Diesel,447443,5.0,SALLTGM833A814062,1HA3PV,01-04-2026,5,2.5,Gold,Black Leather,Yes,Yes,Yes,No,Yes,VIC,https://www.grays.com/lot/0001-21062503/motor-vehicles-motor-cycles/2003-land-rover-discovery-turbo-diesel-automatic-wagon,"Paint fading Bonnet
Engine Smoke visible
Dents or marks on body consistent with age and kilometres.
Front Seat worn both
Seat Torn driver side
Paint fading on various panels
Medium Dent on various panels",11,$609,05 February 2026
2008,SUZUKI,Grand,Vitara 2.4 JT,Wagon,Automatic,Petrol,232215,5.0,JSAJTDA4V00104182,1IVN615,08-03-2026,4,2.4,Champagne,Charcoal,Yes,Yes,Yes,Partial,Yes,WA,https://www.grays.com/lot/0001-9066711/motor-vehicles-motor-cycles/2008-suzuki-grand-vitara-2-4-jt-automatic-wagon,"Windscreen Chipped or Cracked.
Medium Dent on LH quarter panel
Dents or marks on body consistent with age and kilometres.
Front Seat worn drivers",38,"$3,820",03 February 2026
2014,JEEP,Grand,Cherokee OVERLAND WK,Wagon,Automatic,Diesel,351011,5.0,1C4RJFGM4EC556379,1EOH529,08-03-2026,6,3.0,White,Black Leather,Yes,No,No,No,Yes,WA,https://www.grays.com/lot/0001-9066705/motor-vehicles-motor-cycles/2014-jeep-grand-cherokee-overland-wk-turbo-diesel-automatic-8-speed-wagon,"Dents or marks on body consistent with age and kilometres.
Front Bumper Disjointed Cracked bumper.
Seat Torn Driver
Front Seat worn Driver, Passenger
Traction control light ON
Engine light ON
Other Warning light ON
Medium Dent on various panels
Dash Torn or Cracked",35,"$2,809",03 February 2026
2012,SUBARU,Forester,XS S3,Wagon,Automatic,Petrol,260730,5.0,JF2SHMKS5CG086134,1IWR107,31-07-2026,4,2.5,White,Charcoal,Yes,Yes,Yes,Partial,Yes,WA,https://www.grays.com/lot/0001-9066704/motor-vehicles-motor-cycles/2012-subaru-forester-xs-s3-automatic-wagon,"Dents or marks on body consistent with age and kilometres.
Medium Dent on Various panels
Medium Scuff on Various panels",58,"$4,700",03 February 2026
2003,MERCEDES,Benz,Sprinter,Van,Automatic,Diesel,280719,2.0,WDF9036622A907446,1BKL522,Unregistered,4,2.2,White,Grey,Yes,No,No,No,Yes,WA,https://www.grays.com/lot/0001-9066685/motor-vehicles-motor-cycles/2003-mercedes-benz-sprinter-turbo-diesel-automatic-van,"Seat Torn Driver
Paint fading Various panels
Large Dent on Various panels
Damaged Driver taillight
Seat Torn Driver
Paint fading Various panels
Large Dent on Various panels
Damaged Driver taillight",46,"$4,300",03 February 2026
2009,AUDI,Q5,2.0 TFSI Quattro 8R,Wagon,Automatic,Petrol,162361,5.0,WAUZZZ8R1AA053643,1DFJ231,19-06-2026,4,2.0,Red,Cream Leather,Yes,Yes,Yes,Partial,Yes,WA,https://www.grays.com/lot/0001-9066677/motor-vehicles-motor-cycles/2009-audi-q5-2-0-tfsi-quattro-8r-automatic-wagon,"Large Scratch on Bonnet
Medium Scuff on Driver door
Front Seat worn driver",85,"$5,900",03 February 2026
2014,BMW,X1,S,Wagon,Automatic,Diesel,137465,5.0,WBAVN72090VX37971,ACL096,29-08-2026,4,2.0,White,Black Leather,Yes,Yes,Yes,Partial,Yes,VIC,https://www.grays.com/lot/0001-21062430/motor-vehicles-motor-cycles/2014-bmw-x1-automatic-s-wagon,"Dents or marks on body consistent with age and kilometres.
Medium Dent on Around exterior
Medium Scuff on Rear passenger side",76,"$7,400",04 February 2026
2016,FORD,Mondeo,Ambiente MD,Wagon,Automatic,Diesel,205500,5.0,WF0FXXWPCFGD76284,1IE6UK,01-03-2026,4,2.0,White,Black,Yes,No,No,Partial,Yes,VIC,https://www.grays.com/lot/0001-21062500/motor-vehicles-motor-cycles/2016-ford-mondeo-ambiente-md-turbo-diesel-automatic-wagon,"Medium Scratch on Around vehicle
Medium Dent on Around vehicle
Dents or marks on body consistent with age and kilometres.",19,"$1,115",05 February 2026
2006,HONDA,Civic,VTi 8TH GEN,Sedan,Manual,Petrol,210181,5.0,MRHFD15506P020017,2BE8RO,02-01-2026,4,1.8,Blue,Grey,Yes,No,Yes,No,Yes,VIC,https://www.grays.com/lot/0001-21062495/motor-vehicles-motor-cycles/2006-honda-civic-vti-8th-gen-manual-sedan,"Dents or marks on body consistent with age and kilometres.
Paint fading Around vehicle
Paint peeling Around vehicle",25,"$2,000",05 February 2026
2013,HOLDEN,Commodore,SV6 VF,Sedan,Automatic,Petrol,309442,5.0,6G1FB5E36EL935528,EMA95Y,Unregistered,6,3.6,Green,Black Leather,Yes,Yes,Yes,Partial,Yes,VIC,https://www.grays.com/lot/0001-21062488/motor-vehicles-motor-cycles/2013-holden-commodore-sv6-vf-automatic-sedan,Windscreen Chipped or Cracked.,73,"$6,100",05 February 2026
2015,HYUNDAI,Veloster,SR TURBO FS,Coupe,Automatic,Petrol,243326,4.0,KMHTC61EVGU267261,No plates,Unregistered,4,1.6,Charcoal,Black Leather,Yes,Yes,Yes,Yes,Yes,VIC,https://www.grays.com/lot/0001-21062445/motor-vehicles-motor-cycles/2015-hyundai-veloster-sr-turbo-fs-automatic-coupe,"Glovebox Marks
Door card Worn.
Dents or marks on body consistent with age and kilometres.
Engine idling rough
Engine noise observed.
Other Warning light ON
Door Mirror Broken Driver door
Windscreen Chipped or Cracked.
Front Seat Marks Both
Body/panel damage Driver door and panel below
Rear Cracked bumper.
Paint peeling Front bumper
Medium Scratch on Front bumper
Engine noise observed.",28,"$2,709",05 February 2026
2016,HONDA,Jazz,VTi GK,Hatchback,CVT,Petrol,68816,5.0,MRHGK5850GP022512,1EZA490,20-03-2026,4,1.5,Blue,Charcoal,Yes,Yes,Yes,Partial,Yes,WA,https://www.grays.com/lot/0001-9066671/motor-vehicles-motor-cycles/2016-honda-jazz-vti-gk-cvt-hatchback,"Medium Scratch on Various panels
Damaged Passenger side taillight",99,"$10,530",03 February 2026
2010,TOYOTA,Rav,4 SX6 GSA33R,Wagon,Automatic,Petrol,254177,5.0,JTMBK31V405094157,1DIT563,30/04/2026,6,3.5,Dark Grey,Black,Yes,No,Yes,Partial,Yes,WA,https://www.grays.com/lot/0001-9066668/motor-vehicles-motor-cycles/2010-toyota-rav-4-sx6-gsa33r-automatic-wagon,"Dents or marks on body consistent with age and kilometres.
Medium Dent on Rear above License Plate
Suspension requires attention
Back Seat Stains.
Windscreen Chipped or Cracked.",75,"$6,000",03 February 2026
2003,FORD,Falcon,Futura BA,Sedan,Automatic,Petrol,288620,5.0,6FPAAAJGSW3E61145,No plates,Unregistered,6,4.0,White,Multi,Yes,Yes,Yes,Yes,Yes,SA,https://www.grays.com/lot/0001-60050069/motor-vehicles-motor-cycles/2003-ford-falcon-futura-ba-automatic-sedan,Engine noise observed.,5,$409,04 February 2026
2007,DODGE,Caliber,SX,Hatchback,CVT,Petrol,202298,5.0,1B3H328B57D343015,No plates,Unregistered,4,2.0,Silver,Multi,Yes,Yes,No,Yes,Yes,SA,https://www.grays.com/lot/0001-60050068/motor-vehicles-motor-cycles/2007-dodge-caliber-sx-cvt-hatchback,Please refer to the photos or arrange inspection to view the condition of this vehicle.,3,$209,04 February 2026
2016,AUDI,A4,1.4 TFSI SPORT B9,Sedan,Automatic,Petrol,210762,5.0,WAUZZZF40GA059367,No plates,Unregistered,4,1.4,Grey,Black Leather,Yes,Yes,Yes,Yes,Yes,SA,https://www.grays.com/lot/0001-60050067/motor-vehicles-motor-cycles/2016-audi-a4-1-4-tfsi-sport-b9-automatic-sedan,Please refer to the photos or arrange inspection to view the condition of this vehicle.,113,"$9,100",04 February 2026
2016,SUBARU,Outback,2.5i Premium B6A,Wagon,CVT,Petrol,132904,5.0,JF2BS9KC2GG046549,No plates,Unregistered,4,2.5,Black,Black Leather,Yes,Yes,Yes,Partial,Yes,QLD,https://www.grays.com/lot/0001-50714422/motor-vehicles-motor-cycles/2016-subaru-outback-2-5i-premium-b6a-cvt-wagon,"Windscreen Chipped or Cracked.
Dents or marks on body consistent with age and kilometres.",91,"$10,000",04 February 2026
2020,RENAULT,Master,L2H2 MWB,Van,Automatic,Diesel,113960,3.0,VF1MAFFVHL0816362,No plates,Unregistered,4,2.3,White,Black,Yes,No,Yes,Partial,Yes,QLD,https://www.grays.com/lot/0001-50714406/motor-vehicles-motor-cycles/2020-renault-master-l2h2-mwb-turbo-diesel-automatic-van,"Seat Torn Driver
Dents or marks on body consistent with age and kilometres.",169,"$20,400",04 February 2026
2022,LDV,Deliver,9 MWB MID ROOF,Van,Automatic,Diesel,112404,3.0,LSH14J7C5NA171522,No plates,Unregistered,4,2.0,White,Black,Yes,Yes,Yes,Partial,Yes,QLD,https://www.grays.com/lot/0001-50714405/motor-vehicles-motor-cycles/2022-ldv-deliver-9-mwb-mid-roof-turbo-diesel-automatic-van,"Damaged LHR tail light
Both Cracked bumper.
Large Dent on RH cant rail
Dents or marks on body consistent with age and kilometres.
Windscreen Chipped or Cracked.",141,"$17,500",04 February 2026
2016,FORD,Ecosport,Titanium Titanium BK,Wagon,Automatic,Petrol,100902,5.0,MAJBXXMRKBGG79881,No plates,Unregistered,4,1.5,Brown,Black Leather,Yes,Yes,Yes,Partial,Yes,QLD,https://www.grays.com/lot/0001-50714401/motor-vehicles-motor-cycles/2016-ford-ecosport-titanium-titanium-bk-automatic-wagon,"Paint peeling Side mirrors
Paint peeling Side mirrors
Dents or marks on body consistent with age and kilometres.
Dents or marks on body consistent with age and kilometres.",109,"$6,209",04 February 2026
2017,HYUNDAI,I30,Active PD,Hatchback,Automatic,Petrol,172326,5.0,KMHH351EMJU026285,No plates,Unregistered,4,2.0,White,Black,Yes,No,Yes,Partial,Yes,QLD,https://www.grays.com/lot/0001-50714383/motor-vehicles-motor-cycles/2017-hyundai-i30-active-pd-automatic-hatchback,"Dents or marks on body consistent with age and kilometres.
front Cracked bumper.
Engine requires attention",79,"$6,200",04 February 2026
2012,HYUNDAI,Ix35,ELITE AWD LM,Wagon,Automatic,Diesel,214967,5.0,KMHJU81VSCU525100,No plates,Unregistered,4,2.0,Silver,Black,Yes,No,No,No,Yes,QLD,https://www.grays.com/lot/0001-50714365/motor-vehicles-motor-cycles/2012-hyundai-ix35-elite-awd-lm-turbo-diesel-automatic-wagon,"Front Seat worn Both
Back Seat worn.
Dents or marks on body consistent with age and kilometres.
Medium Scratch on Lhf guard, front bumper, rhr door",32,"$4,900",04 February 2026
2015,VOLVO,Xc60,D4 KINETIC,Wagon,Automatic,Diesel,171619,5.0,YV1DZ73CDF2720824,No plates,Unregistered,4,2.0,Dark Blue,Black Leather,Yes,Yes,Yes,Yes,Yes,QLD,https://www.grays.com/lot/0001-50714361/motor-vehicles-motor-cycles/2015-volvo-xc60-d4-kinetic-turbo-diesel-automatic-8-speed-wagon,"Seat Torn Rhf, back,
Dents or marks on body consistent with age and kilometres.
Large Scuff on rhr door plus guard",84,"$6,100",04 February 2026
2007,SUBARU,Forester,2.5X,Wagon,Automatic,Petrol,235150,5.0,JF2SG9KR58G107786,No plates,Unregistered,4,2.5,Silver,Grey,Yes,No,Yes,Partial,Yes,QLD,https://www.grays.com/lot/0001-50714356/motor-vehicles-motor-cycles/2007-subaru-forester-2-5x-automatic-wagon,"Dents or marks on body consistent with age and kilometres.
Front Seat worn Both
Large Dent on Lhr guard",15,$909,04 February 2026
2016,HOLDEN,Barina,TM,Hatchback,Manual,Petrol,179347,5.0,KL3TF48E9GB611058,No plates,Unregistered,4,1.6,Blue,Black,Yes,Yes,Yes,Partial,Yes,QLD,https://www.grays.com/lot/0001-50714355/motor-vehicles-motor-cycles/2016-holden-barina-tm-manual-hatchback,"Hail damage visible.
Dents or marks on body consistent with age and kilometres.
Medium Scuff on RHR Guard",8,$800,04 February 2026
2008,AUDI,A6,3.0 TDI Quattro C6,Sedan,Automatic,Diesel,166820,5.0,WAUZZZ4F18N100751,No plates,Unregistered,6,3.0,Blue,Black Leather,Yes,Yes,Yes,Yes,Yes,QLD,https://www.grays.com/lot/0001-50517763/motor-vehicles-motor-cycles/2008-audi-a6-3-0-tdi-quattro-c6-turbo-diesel-automatic-sedan,"Dents or marks on body consistent with age and kilometres.
Medium Scratch on LHR guard",47,"$3,409",04 February 2026
2015,FIAT,Freemont,BASE,People Mover,Automatic,Petrol,191687,7.0,3C4PFADB4FT622966,No plates,Unregistered,4,2.4,White,Black,Yes,No,Yes,Partial,Yes,QLD,https://www.grays.com/lot/0001-50517761/motor-vehicles-motor-cycles/2015-fiat-freemont-base-automatic-7-seats-people-mover,"Dents or marks on body consistent with age and kilometres.
Medium Scuff on bumper",60,"$4,400",04 February 2026
2009,LAND,Rover,Freelander 2 Td4 SE,Wagon,Automatic,Diesel,354249,5.0,SALFA23B79H147245,No plates,Unregistered,4,2.2,Silver,Black Leather,Yes,Yes,Yes,Partial,Yes,QLD,https://www.grays.com/lot/0001-50517759/motor-vehicles-motor-cycles/2009-land-rover-freelander-2-td4-se-turbo-diesel-automatic-wagon,"Dents or marks on body consistent with age and kilometres.
Windscreen Chipped or Cracked.
Seat Torn Driver",13,"$1,109",04 February 2026
2009,HOLDEN,Cruze,CD JG,Sedan,Manual,Petrol,199891,5.0,KL3JF695JAK527986,No plates,Unregistered,4,1.8,Black,Black,Yes,No,No,No,Yes,QLD,https://www.grays.com/lot/0001-50517748/motor-vehicles-motor-cycles/2009-holden-cruze-cd-jg-manual-sedan,"Door card Damaged.
Dents or marks on body consistent with age and kilometres.
Paint fading Boot
Medium Scratch on various panels",17,"$1,309",04 February 2026
2010,FIAT,500,C,Convertible,Automatic,Petrol,83440,4.0,ZFA31200000634042,No plates,Unregistered,4,1.4,White,Black,Yes,No,Yes,No,Yes,QLD,https://www.grays.com/lot/0001-50517669/motor-vehicles-motor-cycles/2010-fiat-500-c-automatic-convertible,"Windscreen Chipped or Cracked.
Dents or marks on body consistent with age and kilometres.
Front Seat Stains Both
Back Seat Stains.
Seat Torn RHF",73,"$4,709",04 February 2026
2015,FIAT,500,X CROSS PLUS 9,Wagon,Automatic,Petrol,180576,5.0,ZFA3340000P396553,AHP059,24-03-2026,4,1.4,Black,Brown Leather,Yes,Yes,Yes,Yes,Yes,VIC,https://www.grays.com/lot/0001-21062457/motor-vehicles-motor-cycles/2015-fiat-500-x-cross-plus-9-auto-wagon,"Other Warning light ON
Windscreen Chipped or Cracked.
Dents or marks on body consistent with age and kilometres.",39,"$3,790",04 February 2026
2017,FORD,Escape,AMBIENTE AWD ZG,Wagon,Automatic,Petrol,132470,5.0,WF0AXXWPMAHU17016,1OM8BD,20-03-2026,4,1.5,White,Black,Yes,Yes,Yes,Partial,Yes,VIC,https://www.grays.com/lot/0001-21062452/motor-vehicles-motor-cycles/2017-ford-escape-ambiente-awd-zg-automatic-wagon,Dents or marks on body consistent with age and kilometres.,111,"$9,300",04 February 2026
2016,AUDI,Q5,3.0 TDI Quattro 8R,Wagon,Automatic,Diesel,211977,5.0,WAUZZZ8R3HA046476,AMS781,03-03-2026,6,3.0,Black,Black Leather,Yes,Yes,Yes,Partial,Yes,VIC,https://www.grays.com/lot/0001-21062449/motor-vehicles-motor-cycles/2016-audi-q5-3-0-tdi-quattro-8r-turbo-diesel-automatic-wagon,"Medium Scratch Around vehicle
Glow plug Warning light ON",56,"$4,909",04 February 2026
2017,AUDI,A4,2.0 TFSI QUATT SPORT B9,Sedan,Automatic,Petrol,161457,5.0,WAUZZZF44HN062122,CPD607,22-03-2026,4,2.0,Grey,Black,Yes,Yes,Yes,Partial,Yes,VIC,https://www.grays.com/lot/0001-21062434/motor-vehicles-motor-cycles/2017-audi-a4-2-0-tfsi-quatt-sport-b9-automatic-sedan,"Medium Scuffs Around vehicle
Back Seat worn.",203,"$16,000",04 February 2026
2012,TOYOTA,Yaris,YRS NCP131R,Hatchback,Automatic,Petrol,184571,5.0,JTDKT3D370D552903,No plates,Unregistered,4,1.5,Blue,Black,Yes,No,Yes,No,Yes,VIC,https://www.grays.com/lot/0001-21062432/motor-vehicles-motor-cycles/2012-toyota-yaris-yrs-ncp131r-automatic-hatchback,"Dents or marks on body consistent with age and kilometres.
Paint peeling Around vehicle
Body/panel damage Drivers door
Front Seat Stains driver side",79,"$5,900",04 February 2026
2017,LAND,Rover,DISCOVERY SPORT TD4 180 SE T D 9,Wagon,Automatic,Diesel,76303,7.0,SALCA2AN9HH703392,No Plates,Unregistered,4,2.0,Grey,Black Leather,Yes,Yes,Yes,Yes,Yes,VIC,https://www.grays.com/lot/0001-21062431/motor-vehicles-motor-cycles/2017-land-rover-discovery-sport-td4-180-se-t-d-9-auto-7-seats-wagon,"Low washer fluid Warning light ON
Medium Scratches Around vehicle
Large Scuffs Around vehicle",111,"$13,500",04 February 2026
2001,RENAULT,Megane,CABRIOLET Expression,Convertible,Manual,Petrol,53881,4.0,VF1EA110525772399,1IV5OP,28-05-2026,4,1.6,Black,Grey,Yes,Yes,No,No,Yes,VIC,https://www.grays.com/lot/0001-21062429/motor-vehicles-motor-cycles/2001-renault-megane-cabriolet-expression-manual-convertible,"Large Scuff on Around vehicle
Medium Dent on Around vehicle",22,"$2,169",04 February 2026
2016,BMW,X1,sDrive18d F48,Wagon,Automatic,Diesel,152258,5.0,WBAHT720105D98161,1VL3WC,06-08-2026,4,2.0,Grey,Black Leather,Yes,Yes,Yes,Partial,Yes,VIC,https://www.grays.com/lot/0001-21062418/motor-vehicles-motor-cycles/2016-bmw-x1-sdrive18d-f48-turbo-diesel-automatic-8-speed-wagon,"Hood Lining Sagging
Medium Scratch on Around vehicle
Large Scuff on Around vehicle
Other Warning light ON",63,"$8,301",04 February 2026
2013,BMW,5,Series 520d F10 LCI,Sedan,Automatic,Diesel,175912,5.0,WBA5C32050D629013,1AO5GJ,10-01-2026,4,2.0,Dark Blue,Black Leather,Yes,Yes,Yes,No,Yes,VIC,https://www.grays.com/lot/0001-21062360/motor-vehicles-motor-cycles/2013-bmw-5-series-520d-f10-lci-turbo-diesel-automatic-8-speed-sedan,"Dents or marks on body consistent with age and kilometres.
Medium Scratch, Paint peeling on various panels
Exterior: Windscreen chipped
Exterior: Windscreen chipped",61,"$7,800",04 February 2026
2010,TOYOTA,Hilux,SR (4x4) KUN26R Dual,Dual Cab,Manual,Diesel,267099,5.0,MR0FZ22G801040523,No Plates,Unregistered,4,3.0,White,Grey,Yes,No,Yes,Yes,Yes,VIC,https://www.grays.com/lot/0001-21062109/motor-vehicles-motor-cycles/2010-toyota-hilux-sr-4x4-kun26r-turbo-diesel-manual-dual-cab,"Medium Dent on All Over Body
Clutch Requires attention",106,"$8,500",04 February 2026
2016,PORSCHE,Cayenne,S E-HYBRID PLATINUM 92A,Wagon,Automatic,Hybrid,71147,5.0,WP1ZZZ92ZHLA69739,DVO38F,Unregistered,6,3.0,Black,Black,Yes,Yes,Yes,Yes,Yes,NSW,https://www.grays.com/lot/0001-10352461/motor-vehicles-motor-cycles/2016-porsche-cayenne-s-e-hybrid-platinum-92a-auto-8-speed-71-147kms,"Dents or marks on body consistent with age and kilometres.
Damaged Front passenger side headlight - Condensation
Front Seat worn Drivers seat - Wear on edge of seat",285,"$35,500",04 February 2026
2006,FORD,Focus,Ghia LS,Sedan,Automatic,Petrol,149684,5.0,AFACXXMJDC6B00169,BAO05Q,Unregistered,4,2.0,Black,Beige,Yes,Yes,No,Partial,Yes,NSW,https://www.grays.com/lot/0001-10352460/motor-vehicles-motor-cycles/2006-ford-focus-ghia-ls-automatic-sedan,"Paint fading All panels, with paint peel
Corrosion visible Bootlid
Seat Torn Drivers seat
Corrosion visible Boot floor
Carpet worn in places.
Medium Scratch on rear bumper",3,$109,04 February 2026
2015,VOLVO,V40,Cross Country D4 LUXURY - 8SpeedWagon,Wagon,Automatic,Diesel,171401,5.0,YV1MZA8HDF2073081,No plates,Unregistered,4,2.0,White,Black,Yes,Yes,Yes,Partial,Yes,NSW,https://www.grays.com/lot/0001-10352451/motor-vehicles-motor-cycles/2015-volvo-v40-cross-country-d4-luxury-turbo-diesel-automatic-8speedwagon,Please refer to the photos or arrange inspection to view the condition of this vehicle.,113,"$7,300",04 February 2026
2010,TOYOTA,Hi,ACE FWD,Van,Manual,Petrol,209200,,JTFHX02P400057804,No plates,Unregistered,,2.7,White,White,Yes,No,No,No,No,NSW,https://www.grays.com/lot/0001-10352436/motor-vehicles-motor-cycles/2010-toyota-hi-ace-fwd-manual-5-speed-van,Interior Damage,67,"$6,200",04 February 2026
2010,SUBARU,Impreza,R G3,Hatchback,Automatic,Petrol,258804,5.0,JF1GH7KS5AG044908,BPC77H,Unregistered,4,2.0,Green,Black,Yes,No,Yes,Partial,Yes,NSW,https://www.grays.com/lot/0001-10352382/motor-vehicles-motor-cycles/2010-subaru-impreza-r-g3-automatic-hatchback,Please refer to the photos or arrange inspection to view the condition of this vehicle.,37,"$2,109",04 February 2026
2013,RENAULT,Megane,COUPE-CAB Dynamique,Convertible,CVT,Petrol,190239,4.0,VF1EZ1P0TD0677527,1AN3KG,27-02-2026,4,2.0,White,Black,Yes,No,Yes,Yes,Yes,VIC,https://www.grays.com/lot/0001-21062476/motor-vehicles-motor-cycles/2013-renault-megane-coupe-cab-dynamique-cvt-convertible,"Dents or marks on body consistent with age and kilometres.
Medium Scratch on Around vehicle
Windscreen Chipped or Cracked.",32,"$2,009",04 February 2026
2010,RENAULT,Megane,Coupe-Cab Dynamique,Convertible,CVT,Petrol,83868,4.0,VF1EZ1P0TA0660763,YVJ203,16-09-2026,4,2.0,Grey,Black Leather,Yes,Yes,Yes,Yes,Yes,VIC,https://www.grays.com/lot/0001-21062470/motor-vehicles-motor-cycles/2010-renault-megane-coupe-cab-dynamique-cvt-convertible,"Medium Scuff on Around exterior
Medium Dent on Around exterior
Front Seat worn Driver seat damaged
Dents or marks on body consistent with age and kilometres.",30,"$2,950",04 February 2026
2016,VOLVO,V60,D4 LUXURY,Wagon,Automatic,Diesel,285881,5.0,YV1FWA8CDG1318853,AMP615,14-05-2026,4,2.0,Black,Black Leather,Yes,Yes,Yes,Yes,Yes,VIC,https://www.grays.com/lot/0001-21062468/motor-vehicles-motor-cycles/2016-volvo-v60-d4-luxury-turbo-diesel-automatic-8-speed-wagon,"Dents or marks on body consistent with age and kilometres.
Medium Scratch on various panels",46,"$4,800",04 February 2026
2016,NISSAN,Navara,4X2 ST NP300 Dual,Cab Chassis,Manual,Diesel,385681,5.0,MNTCB2D23A0003924,2EE5FK,12-05-2026,4,2.3,White,Black,Yes,No,Yes,Partial,Yes,VIC,https://www.grays.com/lot/0001-21062461/motor-vehicles-motor-cycles/2016-nissan-navara-4x2-st-np300-turbo-diesel-manual-dual-cab,"Medium Scratch Around vehicle
Corrosion visible Around tray
Dents or marks on body consistent with age and kilometres.
Fuel Leak, Engine not tested due to fuel leak. Tilt try required.
Back Seat Stains.",81,"$6,200",04 February 2026
2007,HOLDEN,Berlina,VE,Sedan,Automatic,Petrol,241802,5.0,6G1EL54B98L934346,ZXS119,02-08-2026,6,3.6,White,Grey,Yes,Yes,Yes,Partial,Yes,VIC,https://www.grays.com/lot/0001-21062459/motor-vehicles-motor-cycles/2007-holden-berlina-ve-automatic-sedan,"Medium Scuff on Around vehicle
ABS light ON
Dents or marks on body consistent with age and kilometres.
Seat Torn Driver seat",10,"$1,500",04 February 2026
2008,HOLDEN,Commodore,SS V VE,Sedan,Automatic,Petrol,258232,5.0,6G1EP55H68L136149,No plates,Unregistered,8,6.0,Green,Black Leather,Yes,Yes,Yes,Partial,Yes,VIC,https://www.grays.com/lot/0001-21062458/motor-vehicles-motor-cycles/2008-holden-commodore-ss-v-ve-automatic-sedan,"Dents or marks on body consistent with age and kilometres.
Windscreen Chipped or Cracked.
Paint peeling Around exterior
Dents or marks on body consistent with age and kilometres.
Seat Torn driver side
Hood Lining Sagging",97,"$7,800",04 February 2026
2015,HYUNDAI,I20,Active PB,Hatchback,Automatic,Petrol,191758,5.0,MALBB51CMGM707550,1JE6SN,15-04-2026,4,1.4,White,Black,Yes,Yes,Yes,Partial,Yes,VIC,https://www.grays.com/lot/0001-21062448/motor-vehicles-motor-cycles/2015-hyundai-i20-active-pb-automatic-hatchback,"Dents or marks on body consistent with age and kilometres.
Paint peeling Roof",49,"$3,309",04 February 2026
2014,RENAULT,Captur,Expression,Wagon,Manual,Petrol,156134,5.0,VF12R5A1HE0708853,1VB1UA,03-03-2026,3,0.9,Blue,Black,Yes,Yes,Yes,Partial,Yes,VIC,https://www.grays.com/lot/0001-21062447/motor-vehicles-motor-cycles/2014-renault-captur-expression-manual-wagon,Dents or marks on body consistent with age and kilometres.,19,"$1,909",04 February 2026
2014,KIA,Cerato,S PREMIUM YD,Hatchback,Automatic,Petrol,180023,5.0,KNAFK516MF5307450,1OU4XP,12-02-2026,4,1.8,White,Black,Yes,Yes,Yes,Partial,Yes,VIC,https://www.grays.com/lot/0001-21062444/motor-vehicles-motor-cycles/2014-kia-cerato-s-premium-yd-automatic-hatchback,"Paint fading Around vehicle
Medium Scuff on Around vehicle",62,"$5,200",04 February 2026
2011,HOLDEN,Captiva,7 SX 2WD CG II,Wagon,Automatic,Diesel,216533,7.0,KL3CA266JBB032145,1DO9NF,15-04-2026,4,2.2,Blue,Grey,Yes,No,Yes,No,Yes,VIC,https://www.grays.com/lot/0001-21062442/motor-vehicles-motor-cycles/2011-holden-captiva-7-sx-2wd-cg-ii-turbo-diesel-automatic-7-seats-wagon,"Engine noise observed.
Seat Torn Drivers
Dents or marks on body consistent with age and kilometres.
Medium Scratch on Around vehicle",28,"$1,409",04 February 2026
2007,VOLKSWAGEN,Passat,2.0 TDI 3C,Wagon,Automatic,Diesel,169123,5.0,WVWZZZ3CZ7E201639,UUD253,18-12-2025,4,2.0,Light Blue,Black Leather,Yes,Yes,Yes,Yes,Yes,VIC,https://www.grays.com/lot/0001-21062441/motor-vehicles-motor-cycles/2007-volkswagen-passat-2-0-tdi-3c-turbo-diesel-automatic-wagon,"Dents or marks on body consistent with age and kilometres.
Body/panel damage Left front passenger door
Medium Scratch on Around vehicle
Carpet worn in places.
Other Warning light ON
Door Mirror Broken Passenger Side
Medium Scratch on various panels",12,$709,04 February 2026
2005,NISSAN,X-trail,ST (4x4) T30,Wagon,Automatic,Petrol,206588,5.0,JN1TBNT30A0108495,YSP747,08-12-2026,4,2.5,Gold,Multi,Yes,No,No,No,Yes,VIC,https://www.grays.com/lot/0001-21062440/motor-vehicles-motor-cycles/2005-nissan-x-trail-st-4x4-t30-automatic-wagon,"Front Seat worn Small holes in drivers seat
Dents or marks on body consistent with age and kilometres.
Medium Scratch on Around vehicle",24,"$2,000",04 February 2026
2015,BMW,X5,xDrive 30d F15,Wagon,Automatic,Diesel,148061,5.0,WBAKS420200J51958,BEW110,06-06-2026,6,3.0,Black,Black Leather,Yes,Yes,Yes,Partial,Yes,VIC,https://www.grays.com/lot/0001-21062439/motor-vehicles-motor-cycles/2015-bmw-x5-xdrive-30d-f15-turbo-diesel-automatic-8-speed-wagon,"Dents or marks on body consistent with age and kilometres.
Other Warning light ON",228,"$17,400",04 February 2026
2002,TOYOTA,Rav,4 EDGE ACA21R,Wagon,Manual,Petrol,394501,5.0,JTEHH20V600219060,184WLI,Unregistered,4,2.0,Blue,Grey,Yes,No,Yes,Partial,Yes,VIC,https://www.grays.com/lot/0001-21062438/motor-vehicles-motor-cycles/2002-toyota-rav-4-edge-aca21r-manual-wagon,"Carpet worn in places.
Dents or marks on body consistent with age and kilometres.
Paint fading Around vehicle
Large Dent on Front bumper
Medium Scratch on Around vehicle",11,$709,04 February 2026
2009,BMW,1,Series 135i SPORT E82,Coupe,Manual,Petrol,253207,4.0,WBAUC72040VF19831,ZXA698,05-03-2026,6,3.0,Black,Black Leather,Yes,Yes,Yes,Partial,Yes,VIC,https://www.grays.com/lot/0001-21062437/motor-vehicles-motor-cycles/2009-bmw-1-series-135i-sport-e82-manual-coupe,"Medium Dent on Front passenger side
Dents or marks on body consistent with age and kilometres.
Paint fading Around exterior",79,"$7,600",04 February 2026
2002,TOYOTA,Rav,4 CRUISER ACA21R,Wagon,Manual,Petrol,296594,5.0,JTEHH20V700189373,1UK1UZ,23-04-2026,4,2.0,Silver,Grey,Yes,Yes,Yes,Yes,Yes,VIC,https://www.grays.com/lot/0001-21062435/motor-vehicles-motor-cycles/2002-toyota-rav-4-cruiser-aca21r-manual-wagon,"Windscreen Chipped or Cracked.
Dents or marks on body consistent with age and kilometres.
Medium Scratch on Around vehicle
Medium Dent on various panels",18,"$1,010",04 February 2026
2008,FORD,Falcon,XT FG,Sedan,Automatic,Petrol,263458,5.0,6FPAAAJGSW8K82735,ZVL443,28-03-2026,6,4.0,Blue,Black,No,No,Yes,Partial,Yes,VIC,https://www.grays.com/lot/0001-21062433/motor-vehicles-motor-cycles/2008-ford-falcon-xt-fg-automatic-sedan,"Dents or marks on body consistent with age and kilometres.
Front Seat worn Drivers seat
Hood Lining Sagging
Medium Scratch on Rear bar
Door card Damaged.
Seat Torn drivers
Paint fading roof",16,$750,04 February 2026
2016,VOLKSWAGEN,Golf,92TSI COMFORTLINE A7,Hatchback,Automatic,Petrol,200557,5.0,WVWZZZAUZHW048431,ALH618,20-03-2026,4,1.4,White,Grey,Yes,Yes,Yes,Yes,Yes,VIC,https://www.grays.com/lot/0001-21062427/motor-vehicles-motor-cycles/2016-volkswagen-golf-92tsi-comfortline-a7-automatic-hatchback,"Dents or marks on body consistent with age and kilometres.
Engine light ON
Sunroof Cracked",12,"$3,100",04 February 2026
2015,HOLDEN,Commodore,Sportwagon Evoke VF,Wagon,Automatic,Lpg,257822,5.0,6G1FA8E40FL117856,1NJ4VI,09-07-2026,6,3.6,Silver,Black,Yes,No,Yes,Partial,Yes,VIC,https://www.grays.com/lot/0001-21062426/motor-vehicles-motor-cycles/2015-holden-commodore-sportwagon-evoke-vf-automatic-wagon,Dents or marks on body consistent with age and kilometres.,48,"$5,544",04 February 2026
2017,VOLKSWAGEN,Amarok,TDI550 ULTIMATE 2H T D - Dual,Dual Cab,Automatic,Diesel,238733,5.0,WV1ZZZ2HZHH019431,1JD1MH,18-03-2026,6,3.0,Grey,Black Leather,Yes,Yes,Yes,Yes,Yes,VIC,https://www.grays.com/lot/0001-21062425/motor-vehicles-motor-cycles/2017-volkswagen-amarok-tdi550-ultimate-2h-t-d-auto-8-speed-dual-cab,"Medium Scuff on Around vehicle
Other Warning light ON",39,"$14,775",04 February 2026
2009,MINI,Cooper,D R56,Hatchback,Manual,Diesel,135089,4.0,WMWMG32090TZ53488,XMG799,24-02-2026,4,1.6,Silver,Black Leather,Yes,Yes,No,Partial,Yes,VIC,https://www.grays.com/lot/0001-21062424/motor-vehicles-motor-cycles/2009-mini-cooper-d-r56-turbo-diesel-manual-hatchback,"Medium Scratch on Around exterior
Engine idling rough
Engine noise observed.
Dents or marks on body consistent with age and kilometres.",58,"$4,009",04 February 2026
2012,MAZDA,Cx-5,Grand Touring KE,Wagon,Automatic,Diesel,305212,5.0,JM0KE102100102983,YYY633,21-03-2026,4,2.2,Black,Black Leather,Yes,Yes,Yes,Partial,Yes,VIC,https://www.grays.com/lot/0001-21062423/motor-vehicles-motor-cycles/2012-mazda-cx-5-grand-touring-ke-turbo-diesel-automatic-wagon,"Dents or marks on body consistent with age and kilometres.
Seat Torn driver side
Medium Scratch on various panels
Door Mirror Broken Passenger side",52,"$5,100",04 February 2026
2005,CITROEN,C4,2.0 EXCLUSIVE,Hatchback,Automatic,Petrol,278609,5.0,VF7LCRFJF74266351,1VA3IU,29-06-2026,4,2.0,Red,Black Leather,Yes,No,Yes,Partial,Yes,VIC,https://www.grays.com/lot/0001-21062422/motor-vehicles-motor-cycles/2005-citroen-c4-2-0-exclusive-automatic-hatchback,"Dents or marks on body consistent with age and kilometres.
Large Scuff on various panels",6,$509,04 February 2026
2014,VOLKSWAGEN,Polo,66TSI TRENDLINE 6R,Hatchback,Automatic,Petrol,140787,5.0,WVWZZZ6RZFU048778,1RD2VN,01-04-2026,4,1.2,Blue,Black,Yes,Yes,Yes,Yes,Yes,VIC,https://www.grays.com/lot/0001-21062421/motor-vehicles-motor-cycles/2014-volkswagen-polo-66tsi-trendline-6r-automatic-hatchback,"Engine light ON
Medium Scratch on Around vehicle
Paint peeling Mirrors
Windscreen Chipped or Cracked.
Dents or marks on body consistent with age and kilometres.",12,"$2,800",04 February 2026
2011,FORD,Ranger,XLT 4X4 PX Dual,Cab Chassis,Manual,Diesel,306105,5.0,MNAUMFF50BW105271,1GSI891,Unregistered,5,3.2,White,Grey,Yes,Yes,No,Partial,Yes,WA,https://www.grays.com/lot/0001-9066718/motor-vehicles-motor-cycles/2011-ford-ranger-xlt-4x4-px-turbo-diesel-manual-dual-cab,"Damaged Both taillights
Dents or marks on body consistent with age and kilometres.",97,"$6,000",03 February 2026
2011,JEEP,Grand,Cherokee Limited WK,Wagon,Automatic,Petrol,177055,5.0,1C4RJFFG0CC138121,1DTW373,21-06-2026,6,3.6,Grey,Black Leather,Yes,Yes,No,Partial,Yes,WA,https://www.grays.com/lot/0001-9066716/motor-vehicles-motor-cycles/2011-jeep-grand-cherokee-limited-wk-automatic-wagon,"Radio broken
Damaged LH taillight
Medium Dent on Rear left quarter panel
Seat Torn drivers
Dents or marks on body consistent with age and kilometres.",50,"$3,409",03 February 2026
2014,HYUNDAI,Santa,Fe Active DM,Wagon,Automatic,Diesel,235648,7.0,KMHST81XSEU338542,1EPM910,25-03-2026,4,2.2,White,Charcoal,Yes,Yes,Yes,Partial,Yes,WA,https://www.grays.com/lot/0001-9066710/motor-vehicles-motor-cycles/2014-hyundai-santa-fe-active-dm-turbo-diesel-automatic-7-seats-wagon,"Dents or marks on body consistent with age and kilometres.
Medium Dent on Rear left quater panel
Paint peeling Various panels
Other Warning light ON",35,"$3,600",03 February 2026
2012,HYUNDAI,I30,SX FD,Hatchback,Manual,Petrol,159655,5.0,KMHDB51ELCU390695,1DZJ158,09-05-2026,4,2.0,White,Grey,Yes,Yes,Yes,Partial,Yes,WA,https://www.grays.com/lot/0001-9066700/motor-vehicles-motor-cycles/2012-hyundai-i30-sx-fd-manual-hatchback,"Engine Oil Leak
Paint peeling Various panels
Large Dent on Boot
Paint cracked Rear bumper
Medium Scuff on Front bumper
Damaged LH Taillight
Medium Scratch on various panels",26,"$2,400",03 February 2026
2017,KIA,Sportage,Si QL,Wagon,Automatic,Petrol,96116,5.0,KNAPM81AMH7330993,1GQL627,29-04-2026,4,2.0,Red,Charcoal,Yes,Yes,Yes,Yes,Yes,WA,https://www.grays.com/lot/0001-9066698/motor-vehicles-motor-cycles/2017-kia-sportage-si-ql-automatic-wagon,"Medium Scuff on Boot
Medium Scratch on various panels
Dents or marks on body consistent with age and kilometres.",155,"$12,600",03 February 2026
2007,BMW,X5,3.0d E70,Wagon,Automatic,Diesel,221874,5.0,WBAFF42020LZ15232,1DMZ795,08-03-2026,6,3.0,Grey,Black Leather,Yes,Yes,Yes,Partial,Yes,WA,https://www.grays.com/lot/0001-9066697/motor-vehicles-motor-cycles/2007-bmw-x5-3-0d-e70-turbo-diesel-automatic-wagon,"Seat Torn Both front
Door card Damaged.
Damaged All taillights
Air Conditioner needs regassing
Other Warning light ON",36,"$2,500",03 February 2026
2014,MERCEDES,Benz,CLA 45 CLA45 AMG AWD C117 7,Coupe,Automatic,Petrol,133734,5.0,WDD1173522N107143,1ITJ812,Unregistered,4,2.0,Grey,Black Leather,Yes,No,Yes,Partial,Yes,WA,https://www.grays.com/lot/0001-9066695/motor-vehicles-motor-cycles/2014-mercedes-benz-cla-45-cla45-amg-awd-c117-7-auto-coupe,"Dents or marks on body consistent with age and kilometres.
Medium Dent on Front left guard
Transmission Requires attention Strongly recommend inspection by qualified third party
Paint fading various parts
Windscreen Chipped or Cracked.",170,"$16,500",03 February 2026
2003,SUBARU,Impreza,,Sedan,Automatic,Petrol,308210,5.0,JF1GD9KR53G029413,SYD661,Unregistered,4,2.0,Blue,Black,Yes,No,Yes,Partial,Yes,VIC,https://www.grays.com/lot/0001-21062420/motor-vehicles-motor-cycles/2003-subaru-impreza-automatic-sedan,"Dents or marks on body consistent with age and kilometres.
Body/panel damage Rear bumper
Paint fading Around vehicle
Paint peeling Around vehicle
Engine light ON
Medium Scratch on various panels",11,$809,04 February 2026
2006,HOLDEN,Barina,TK,Hatchback,Manual,Petrol,165571,5.0,KL3SF086E7B703099,UJK098,17-01-2026,4,1.6,Black,Black,Yes,No,No,No,Yes,VIC,https://www.grays.com/lot/0001-21062419/motor-vehicles-motor-cycles/2006-holden-barina-tk-manual-hatchback,"Carpet worn in places.
Dents or marks on body consistent with age and kilometres.
Medium Scratch on Around vehicle
Door card Worn.",7,$609,04 February 2026
2010,MAZDA,Cx-9,GRAND TOURING AWD,Wagon,Automatic,Petrol,160086,7.0,JM0TB10A4B0302017,2AV4BW,23-03-2026,6,3.7,Black,Black Leather,Yes,No,No,Partial,Yes,VIC,https://www.grays.com/lot/0001-21062417/motor-vehicles-motor-cycles/2010-mazda-cx-9-grand-touring-awd-automatic-7-seats-wagon,"Dents or marks on body consistent with age and kilometres.
Paint fading Bonnet
Paint peeling Driver door
Medium Scratch on Side of vehicle",55,"$3,700",04 February 2026
2007,HONDA,Civic,VTi-L 8TH GEN,Sedan,Manual,Petrol,224067,5.0,MRHFD15707P030897,1ELR458,27-02-2026,4,1.8,Red,Grey,Yes,Yes,No,No,Yes,WA,https://www.grays.com/lot/0001-9066686/motor-vehicles-motor-cycles/2007-honda-civic-vti-l-8th-gen-manual-sedan,"Paint peeling various panels
Medium Scuff on front bumper
Medium Scratch on rear bumper",7,"$1,300",02 February 2026
2005,BMW,325i,E90,Sedan,Automatic,Petrol,288612,5.0,WBAVB16060NB26640,1CCX559,14-03-2026,6,2.5,Light Blue,Black Leather,Yes,Yes,Yes,Partial,Yes,WA,https://www.grays.com/lot/0001-9066690/motor-vehicles-motor-cycles/2005-bmw-325i-e90-automatic-sedan,"Hood Lining Sagging
Medium Dent on rear bumper
Windscreen Chipped or Cracked.
Dents or marks on body consistent with age and kilometres.",37,"$3,100",03 February 2026
2003,VOLKSWAGEN,New,Beetle 2.0 Cabriolet A4,Convertible,Automatic,Petrol,219148,4.0,WVWZZZ1YZ3M326574,1ESD491,19-02-2026,4,2.0,Cream,Cream Leather,Yes,Yes,No,Partial,Yes,WA,https://www.grays.com/lot/0001-9066689/motor-vehicles-motor-cycles/2003-volkswagen-new-beetle-2-0-cabriolet-a4-automatic-convertible,"Front Seat worn Both
Paint fading Rear bumper and quarter panels
Flat Battery. Jump start or towing required
Airbag light ON
Door Mirror Broken Driver
Door card Damaged.
Other Warning light ON",19,"$1,809",03 February 2026
2010,DODGE,Journey,SXT,People Mover,Automatic,Petrol,159352,7.0,3D4P55FD6AT242029,Unlicensed,Unregistered,6,2.7,Black,Black Leather,Yes,No,No,Partial,Yes,WA,https://www.grays.com/lot/0001-9066687/motor-vehicles-motor-cycles/2010-dodge-journey-sxt-automatic-7-seats-people-mover,"Large Dent on Driver side doors
Medium Scuff on Various panels
Airbag light ON
Engine light ON
Other Warning light ON
Paint fading on various panels
Front Seat worn driver side
Medium Scratch on various panels
Dents or marks on body consistent with age and kilometres.",9,$409,03 February 2026
2020,LDV,T60,TRAILRIDER 2 Dual,Dual Cab,Manual,Diesel,116573,5.0,LSFAM11AXLA048098,1HEK457,01-03-2026,4,2.0,White,Black Leather,Yes,Yes,Yes,Yes,Yes,WA,https://www.grays.com/lot/0001-9066684/motor-vehicles-motor-cycles/2020-ldv-t60-trailrider-2-turbo-diesel-manual-dual-cab,"Dents or marks on body consistent with age and kilometres.
Corrosion visible Various Panels
Medium Dent on various panels",123,"$10,800",03 February 2026
2005,HOLDEN,Astra,CD AH,Hatchback,Manual,Petrol,182072,5.0,W0L0AHL4855170613,1CEK411,21-02-2026,4,1.8,Gold,Grey,Yes,No,Yes,Partial,Yes,WA,https://www.grays.com/lot/0001-9066683/motor-vehicles-motor-cycles/2005-holden-astra-cd-ah-manual-hatchback,"Dents or marks on body consistent with age and kilometres.
Paint peeling Various Panels
Front &amp;amp;amp; Rear Cracked bumper.
Hood Lining Sagging
Seat Torn Driver, Passenger
Front Seat worn Driver, Passenger
Back Seat Stains.
Flat Battery. Jump start or towing required
Windscreen Chipped or Cracked.
Medium Scratch on various panels",7,$609,03 February 2026
2017,LAND,Rover,DISCOVERY SPORT TD4 180 HSE LUXURY T D,Wagon,Automatic,Diesel,167334,5.0,SALCA2AN0HH699829,1HTL887,09-04-2026,4,2.0,Silver,Cream Leather,Yes,Yes,Yes,Partial,Yes,WA,https://www.grays.com/lot/0001-9066679/motor-vehicles-motor-cycles/2017-land-rover-discovery-sport-td4-180-hse-luxury-t-d-auto-wagon,"Dents or marks on body consistent with age and kilometres.
Front Seat worn Both front seats
Medium Scuff on Rear right door
Other Warning light ON",82,"$7,300",03 February 2026
2016,HOLDEN,Colorado,7 Trailblazer LTZ RG T D,Wagon,Automatic,Diesel,160689,7.0,MMU156MK0HH604259,"1FBT898, Plates not included in sale, plate change to standard WA state plate once sold.",Unregistered,4,2.8,White,Black Leather,Yes,No,Yes,No,Yes,WA,https://www.grays.com/lot/0001-9066678/motor-vehicles-motor-cycles/2016-holden-colorado-7-trailblazer-ltz-rg-t-d-auto-7-seats-wagon,Dents or marks on body consistent with age and kilometres.,111,"$12,200",03 February 2026
2009,FORD,Falcon,XR6 FG,Sedan,Automatic,Petrol,231104,5.0,6FPAAAJGSW9B48377,Unlicensed,Unregistered,6,4.0,Dark Grey,Charcoal,Yes,No,No,No,Yes,WA,https://www.grays.com/lot/0001-9066674/motor-vehicles-motor-cycles/2009-ford-falcon-xr6-fg-automatic-sedan,"Dents or marks on body consistent with age and kilometres.
Paint fading Various panels
Front Seat worn Drivers seat
Windscreen Chipped or Cracked.
Medium Scratch on various panels",52,"$3,109",03 February 2026
2011,TOYOTA,Hiace,LWB KDH201R,Van,Manual,Diesel,220974,8,JTFHT02P000073137,No plates,Unregistered,4,3,White,Multi,Yes,Yes,Yes,Yes,Yes,SA,https://www.grays.com/lot/0001-60050043/motor-vehicles-motor-cycles/2011-toyota-hiace-lwb-kdh201r-turbo-diesel-manual-8-seats-van,Please refer to the photos or arrange inspection to view the condition of this vehicle.,136,"$10,200",02 February 2026
2008,FORD,Focus,XR5 LV,Hatchback,Manual,Petrol,88489,5,WF0PXXGCDP8C60544,No plates,Unregistered,5,2.5,White,Multi,Yes,No,Yes,Yes,No,SA,https://www.grays.com/lot/0001-60050036/motor-vehicles-motor-cycles/2008-ford-focus-xr5-lv-manual-hatchback,Please refer to the photos or arrange inspection to view the condition of this vehicle.,22,"$1,600",02 February 2026
2022,MITSUBISHI,Outlander,ES 2WD ZM,Wagon,CVT,Petrol,109582,5,JMFXTGM4WNZ011587,No plates,Unregistered,4,2.5,White,Black,Yes,Yes,Yes,Partial,Yes,QLD,https://www.grays.com/lot/0001-50714389/motor-vehicles-motor-cycles/2022-mitsubishi-outlander-es-2wd-zm-cvt-wagon,"Dents or marks on body consistent with age and kilometres.
Medium Scuff on LHR guard
Medium Scuff on RHR guard",125,"$21,700",02 February 2026
2010,NISSAN,X-trail,TL T31,Wagon,Manual,Diesel,227062,5,JN1TCNT31A0051489,1DKI343,Unregistered,4,2,White,Black Leather,Yes,Yes,No,Partial,Yes,WA,https://www.grays.com/lot/0001-9066673/motor-vehicles-motor-cycles/2010-nissan-x-trail-tl-t31-turbo-diesel-manual-wagon,Paint cracked Rear bumper,59,"$5,000",03 February 2026
2015,PEUGEOT,2008,Active,Wagon,Automatic,Petrol,102088,5,VF3CU5FS9FY142194,1GDQ095,07-03-2026,4,1.6,White,Charcoal,Yes,No,Yes,Partial,Yes,WA,https://www.grays.com/lot/0001-9066672/motor-vehicles-motor-cycles/2015-peugeot-2008-active-automatic-wagon,"Large Scuff on Passenger rear door
Dents or marks on body consistent with age and kilometres.",84,"$4,900",03 February 2026
2005,SUZUKI,Grand,Vitara V6 JT,Wagon,Manual,Petrol,251850,5,JSAJTD94V00100422,1EMM004,Unregistered,6,2.7,White,Black,Yes,No,Yes,Partial,Yes,WA,https://www.grays.com/lot/0001-9066670/motor-vehicles-motor-cycles/2005-suzuki-grand-vitara-v6-jt-manual-wagon,"Dents or marks on body consistent with age and kilometres.
Front Seat worn Driver, Passenger
Engine Smoke visible
Rear Bumper Disjointed Cracked bumper.
Door card Worn.
Windscreen Chipped or Cracked.",8,"$1,400",03 February 2026
2009,AUDI,A5,3.0 TDI Quattro 8T,Coupe,Automatic,Diesel,208875,5,WAUZZZ8T59A053829,1HPL971,16-04-2026,6,3,Silver,Black Leather,Yes,Yes,Yes,Partial,Yes,WA,https://www.grays.com/lot/0001-9066669/motor-vehicles-motor-cycles/2009-audi-a5-3-0-tdi-quattro-8t-turbo-diesel-automatic-coupe,"Dents or marks on body consistent with age and kilometres.
Engine light ON
Other Warning light ON",30,"$2,540",03 February 2026
2019,TOYOTA,Prado,GXL GDJ150R,Wagon,Automatic,Diesel,138603,7,JTEBR3FJ50K145874,No plates,Unregistered,4,2.8,White,Black,Yes,No,No,Partial,Yes,QLD,https://www.grays.com/lot/0001-50714409/motor-vehicles-motor-cycles/2019-toyota-prado-gxl-gdj150r-turbo-diesel-automatic-7-seats-wagon,Dents or marks on body consistent with age and kilometres.,86,"$32,100",03 February 2026
2015,VOLKSWAGEN,Passat,ALLTRACK 140TDI B8,Wagon,Automatic,Diesel,163283,5,WVWZZZ3CZGE089613,No plates,Unregistered,4,2,Black,Black Leather,Yes,Yes,Yes,Partial,Yes,QLD,https://www.grays.com/lot/0001-50714379/motor-vehicles-motor-cycles/2015-volkswagen-passat-alltrack-140tdi-b8-turbo-diesel-automatic-wagon,"Dents or marks on body consistent with age and kilometres.
Paint peeling Front bumper
Transmission Requires attention Strongly recommend inspection by qualified third party",49,"$3,309",03 February 2026
2008,VOLKSWAGEN,Golf,GT SPORT TDI A5,Hatchback,Manual,Diesel,224018,5,WVWZZZ1KZ8U021022,No plates,Unregistered,4,2,Silver,Black,Yes,Yes,No,Partial,Yes,QLD,https://www.grays.com/lot/0001-50714377/motor-vehicles-motor-cycles/2008-volkswagen-golf-gt-sport-tdi-a5-turbo-diesel-manual-hatchback,"Dents or marks on body consistent with age and kilometres.
Other Warning light ON
Paint peeling Various panels
Large Dent on Tailgate",30,"$2,109",03 February 2026
