snapshot_ts,url,price_text,price_numeric,bids_numeric,time_remaining_text,time_remaining_hours,status,location,location_state,auction_site
2026-05-02T03:39:09.763344+00:00,https://www.grays.com/lot/0001-10353345/motor-vehicles-motor-cycles/2020-toyota-hilux-4x4-sr-gun126r-turbo-diesel-automatic-crew-cab-chassis,15100.0,15100.0,26,3d 6h 20m52s,78.348,Active,nsw,NSW,lot
2026-05-02T03:39:26.016581+00:00,https://www.grays.com/lot/0001-10353402/motor-vehicles-motor-cycles/2006-toyota-corolla-ascent-zze122r-manual-sedan,9.0,9.0,1,3d 6h 20m37s,78.344,Active,nsw,NSW,lot
2026-05-02T03:39:45.290045+00:00,https://www.grays.com/lot/0001-10353412/motor-vehicles-motor-cycles/2023-ford-puma-st-line-automatic-wagon,15101.0,15101.0,159,1d 6h 20m17s,30.338,Active,nsw,NSW,lot
2026-05-02T03:40:21.935534+00:00,https://www.grays.com/lot/0001-10353445/motor-vehicles-motor-cycles/2013-toyota-hilux-4x4-sr5-kun26r-turbo-diesel-manual-dual-cab,12200.0,12200.0,54,1d 6h 19m40s,30.328,Active,nsw,NSW,lot
2026-05-02T03:40:57.040724+00:00,https://www.grays.com/lot/0001-10353446/motor-vehicles-motor-cycles/2007-toyota-camry-ateva-acv40r-automatic-sedan,309.0,309.0,4,1d 6h 19m4s,30.318,Active,nsw,NSW,lot
2026-05-02T03:41:29.229049+00:00,https://www.grays.com/lot/0001-10353447/motor-vehicles-motor-cycles/2011-jeep-patriot-sport-mk-cvt-wagon,9.0,9.0,0,1d 6h 18m33s,30.309,Active,nsw,NSW,lot
2026-05-02T03:41:44.624046+00:00,https://www.grays.com/lot/0001-10353468/motor-vehicles-motor-cycles/2018-land-rover-discovery-sd4-se-series-5-turbo-diesel-automatic,10200.0,10200.0,10,1d 6h 18m17s,30.305,Active,nsw,NSW,lot
2026-05-02T03:42:00.312675+00:00,https://www.grays.com/lot/0001-10353469/motor-vehicles-motor-cycles/2002-mitsubishi-airtrek-turbo-cu2w-automatic-wagon-import,1309.0,1309.0,13,1d 6h 18m2s,30.301,Active,nsw,NSW,lot
2026-05-02T03:42:28.506335+00:00,https://www.grays.com/lot/0001-10353471/motor-vehicles-motor-cycles/2011-jeep-grand-cherokee-limited-wk-automatic-wagon,9.0,9.0,0,1d 6h 17m34s,30.293,Active,nsw,NSW,lot
2026-05-02T03:42:58.266617+00:00,https://www.grays.com/lot/0001-10353472/motor-vehicles-motor-cycles/2009-toyota-landcruiser-gxl-vdj200r-turbo-diesel-automatic-8-seats-wagon,15400.0,15400.0,103,1d 6h 17m5s,30.285,Active,nsw,NSW,lot
2026-05-02T03:43:30.569897+00:00,https://www.grays.com/lot/0001-10353473/motor-vehicles-motor-cycles/2009-bmw-320i-20i-touring-executive-e91-automatic-wagon,2200.0,2200.0,8,1d 6h 16m31s,30.275,Active,nsw,NSW,lot
2026-05-02T03:43:57.979509+00:00,https://www.grays.com/lot/0001-10353474/motor-vehicles-motor-cycles/2012-ford-focus-titanium-lw-ii-turbo-diesel-automatic-hatchback,1309.0,1309.0,12,1d 6h 16m4s,30.268,Active,nsw,NSW,lot
2026-05-02T03:44:16.803249+00:00,https://www.grays.com/lot/0001-10353475/motor-vehicles-motor-cycles/2012-ford-focus-ambiente-lw-automatic-hatchback,909.0,909.0,15,1d 6h 15m45s,30.262,Active,nsw,NSW,lot
2026-05-02T03:44:42.353062+00:00,https://www.grays.com/lot/0001-10353476/motor-vehicles-motor-cycles/2008-porsche-cayenne-automatic-wagon,1109.0,1109.0,12,1d 6h 15m21s,30.256,Active,nsw,NSW,lot
2026-05-02T03:45:28.363672+00:00,https://www.grays.com/lot/0001-10353477/motor-vehicles-motor-cycles/2008-mazda-6-luxury-sports-gh-automatic-hatchback,1200.0,1200.0,17,1d 6h 14m33s,30.242,Active,nsw,NSW,lot
2026-05-02T03:45:59.551923+00:00,https://www.grays.com/lot/0001-10353478/motor-vehicles-motor-cycles/2011-hyundai-accent-active-rb-manual-hatchback,709.0,709.0,16,1d 6h 14m3s,30.234,Active,nsw,NSW,lot
2026-05-02T03:46:30.508699+00:00,https://www.grays.com/lot/0001-10353480/motor-vehicles-motor-cycles/2012-toyota-hiace-lwb-kdh201r-turbo-diesel-automatic-van,5000.0,5000.0,12,4d 6h 13m31s,102.225,Active,nsw,NSW,lot
2026-05-02T03:46:57.191731+00:00,https://www.grays.com/lot/0001-10353481/motor-vehicles-motor-cycles/2011-jeep-compass-sport-cvt-wagon,109.0,109.0,2,1d 6h 13m6s,30.218,Active,nsw,NSW,lot
2026-05-02T03:47:23.383101+00:00,https://www.grays.com/lot/0001-10353482/motor-vehicles-motor-cycles/2012-ford-territory-tx-sz-automatic-7-seats-wagon,309.0,309.0,4,1d 6h 12m39s,30.211,Active,nsw,NSW,lot
2026-05-02T03:47:52.112636+00:00,https://www.grays.com/lot/0001-10353484/motor-vehicles-motor-cycles/2012-audi-a5-3-0-tdi-quattro-8t-turbo-diesel-automatic-sedan,2900.0,2900.0,9,2d 6h 12m10s,54.203,Active,nsw,NSW,lot
2026-05-02T03:48:08.606824+00:00,https://www.grays.com/lot/0001-10353485/motor-vehicles-motor-cycles/2016-land-rover-discovery-sport-sd4-hse-turbo-diesel-9-auto-wagon,209.0,209.0,3,2d 6h 11m54s,54.198,Active,nsw,NSW,lot
2026-05-02T03:48:42.167030+00:00,https://www.grays.com/lot/0001-10353486/motor-vehicles-motor-cycles/2015-audi-q5-2-0-tfsi-quattro-8r-automatic-8-speed-wagon,1209.0,1209.0,21,2d 6h 11m20s,54.189,Active,nsw,NSW,lot
2026-05-02T03:49:17.777446+00:00,https://www.grays.com/lot/0001-10353487/motor-vehicles-motor-cycles/2015-mercedes-benz-gla-class-gla200-cdi-x156-turbo-diesel-automatic-wagon,9.0,9.0,1,3d 6h 15m45s,78.263,Active,nsw,NSW,lot
2026-05-02T03:49:47.796345+00:00,https://www.grays.com/lot/0001-10353488/motor-vehicles-motor-cycles/2015-bmw-x3-xdrive-20d-f25-turbo-diesel-automatic-8-speed-wagon,2050.0,2050.0,33,3d 6h 15m14s,78.254,Active,nsw,NSW,lot
2026-05-02T03:51:06.976165+00:00,https://www.grays.com/lot/0001-10353489/motor-vehicles-motor-cycles/2011-holden-commodore-omega-ve-ii-automatic-sedan,409.0,409.0,5,2d 6h 8m54s,54.148,Active,nsw,NSW,lot
2026-05-02T03:51:36.050199+00:00,https://www.grays.com/lot/0001-10353490/motor-vehicles-motor-cycles/2013-nissan-dualis-st-2-j10-iii-cvt-7-seats-wagon,409.0,409.0,6,2d 6h 8m27s,54.141,Active,nsw,NSW,lot
2026-05-02T03:54:00.285981+00:00,https://www.grays.com/lot/0001-10353492/motor-vehicles-motor-cycles/2015-kia-carnival-platinum-yp-turbo-diesel-automatic-8-seats-people-mover,6000.0,6000.0,28,2d 6h 6m3s,54.101,Active,nsw,NSW,lot
2026-05-02T03:55:05.065530+00:00,https://www.grays.com/lot/0001-10353493/motor-vehicles-motor-cycles/2013-nissan-pathfinder-st-r52-cvt-7-seats-wagon,9.0,9.0,0,2d 6h 5m0s,54.083,Active,nsw,NSW,lot
2026-05-02T03:56:27.184424+00:00,https://www.grays.com/lot/0001-10353494/motor-vehicles-motor-cycles/2011-ford-falcon-fg-automatic-ute,1550.0,1550.0,16,2d 6h 3m35s,54.06,Active,nsw,NSW,lot
2026-05-02T03:57:24.324627+00:00,https://www.grays.com/lot/0001-10353495/motor-vehicles-motor-cycles/2018-toyota-landcruiser-workmate-vdj79r-turbo-diesel-manual,10100.0,10100.0,69,2d 6h 2m38s,54.044,Active,nsw,NSW,lot
2026-05-02T03:58:00.499386+00:00,https://www.grays.com/lot/0001-10353501/motor-vehicles-motor-cycles/2014-audi-s3-2-0-tfsi-quattro-8v-automatic-sedan,7400.0,7400.0,82,3d 6h 2m2s,78.034,Active,nsw,NSW,lot
2026-05-02T03:58:36.322984+00:00,https://www.grays.com/lot/0001-10353502/motor-vehicles-motor-cycles/2016-ford-focus-trend-lz-automatic-sedan,9.0,9.0,0,4d 6h 1m26s,102.024,Active,nsw,NSW,lot
2026-05-02T03:59:18.842761+00:00,https://www.grays.com/lot/0001-10353503/motor-vehicles-motor-cycles/2005-mercedes-benz-c180-k-classic-w203-automatic-sedan,2100.0,2100.0,32,3d 6h 0m44s,78.012,Active,nsw,NSW,lot
2026-05-02T04:00:12.006765+00:00,https://www.grays.com/lot/0001-10353504/motor-vehicles-motor-cycles/2014-hyundai-santa-fe-elite-dm-turbo-diesel-automatic-7-seats-wagon,309.0,309.0,4,3d 5h 59m54s,77.998,Active,nsw,NSW,lot
2026-05-02T04:01:09.136241+00:00,https://www.grays.com/lot/0001-10353505/motor-vehicles-motor-cycles/2019-volkswagen-tiguan-allspace-162tsi-highline-5n-automatic-7-seats-wagon,9500.0,9500.0,120,3d 5h 58m55s,77.982,Active,nsw,NSW,lot
2026-05-02T04:02:00.901716+00:00,https://www.grays.com/lot/0001-10353506/motor-vehicles-motor-cycles/2013-jeep-wrangler-unlimited-overland-jk-automatic-wagon,9100.0,9100.0,49,3d 5h 58m2s,77.967,Active,nsw,NSW,lot
2026-05-02T04:02:59.836364+00:00,https://www.grays.com/lot/0001-10353508/motor-vehicles-motor-cycles/2010-mercedes-benz-c200-cgi-w204-automatic-sedan,209.0,209.0,3,3d 5h 57m4s,77.951,Active,nsw,NSW,lot
2026-05-02T04:03:50.398435+00:00,https://www.grays.com/lot/0001-10353509/motor-vehicles-motor-cycles/2014-renault-captur-expression-manual-wagon,109.0,109.0,2,3d 5h 56m13s,77.937,Active,nsw,NSW,lot
2026-05-02T04:04:46.253050+00:00,https://www.grays.com/lot/0001-10353511/motor-vehicles-motor-cycles/2010-mercedes-benz-c200-cgi-w204-automatic-sedan,9.0,9.0,0,3d 5h 55m17s,77.921,Active,nsw,NSW,lot
2026-05-02T04:05:33.640705+00:00,https://www.grays.com/lot/0001-10353513/motor-vehicles-motor-cycles/2017-volkswagen-2kn-fwd-automatic-caddy-van,2309.0,2309.0,44,4d 5h 24m28s,101.408,Active,"5-11 bay street, botany,",BOTANY,lot
2026-05-02T04:06:00.266811+00:00,https://www.grays.com/lot/0001-10353514/motor-vehicles-motor-cycles/2010-toyota-hilux-150-manual-ute,2409.0,2409.0,72,4d 5h 24m3s,101.401,Active,"5-11 bay street, botany,",BOTANY,lot
2026-05-02T04:06:44.000290+00:00,https://www.grays.com/lot/0001-10353517/motor-vehicles-motor-cycles/2012-toyota-camry-hybrid-h-avv50r-cvt-sedan,2367.0,2367.0,17,4d 5h 53m17s,101.888,Active,nsw,NSW,lot
2026-05-02T04:07:14.015032+00:00,https://www.grays.com/lot/0001-10353521/motor-vehicles-motor-cycles/2013-subaru-xv-2-0i-g4x-cvt-hatchback,9.0,9.0,1,4d 5h 52m49s,101.88,Active,nsw,NSW,lot
2026-05-02T04:07:56.253863+00:00,https://www.grays.com/lot/0001-10353523/motor-vehicles-motor-cycles/2016-hyundai-accent-active-rb-cvt-hatchback,1100.0,1100.0,2,4d 5h 52m6s,101.868,Active,nsw,NSW,lot
2026-05-02T04:09:01.275526+00:00,https://www.grays.com/lot/0001-10353524/motor-vehicles-motor-cycles/2014-bmw-x5-xdrive-40d-f15-turbo-diesel-automatic-8-speed-wagon,409.0,409.0,5,4d 5h 51m20s,101.856,Active,nsw,NSW,lot
2026-05-02T04:09:46.929502+00:00,https://www.grays.com/lot/0001-10353525/motor-vehicles-motor-cycles/2018-mazda-cx-8-sport-fwd-kg-turbo-diesel-automatic-7-seats-wagon,9.0,9.0,1,4d 5h 50m16s,101.838,Active,nsw,NSW,lot
2026-05-02T04:10:47.390252+00:00,https://www.grays.com/lot/0001-10353526/motor-vehicles-motor-cycles/2015-renault-captur-expression-automatic-wagon,9.0,9.0,1,4d 5h 49m15s,101.821,Active,nsw,NSW,lot
2026-05-02T04:11:47.667512+00:00,https://www.grays.com/lot/0001-10353527/motor-vehicles-motor-cycles/2017-hyundai-santa-fe-elite-dm-ii-turbo-diesel-automatic-7-seats-wagon,9.0,9.0,1,4d 5h 48m13s,101.804,Active,nsw,NSW,lot
2026-05-02T04:12:45.047749+00:00,https://www.grays.com/lot/0001-10353528/motor-vehicles-motor-cycles/2017-mitsubishi-lancer-black-edition-cf-cvt-sedan,9.0,9.0,0,4d 5h 47m16s,101.788,Active,nsw,NSW,lot
2026-05-02T04:13:28.438413+00:00,https://www.grays.com/lot/0001-10353529/motor-vehicles-motor-cycles/2010-toyota-hilux-sr-4x4-kun26r-turbo-diesel-manual-crew-cab-chassis,109.0,109.0,2,4d 5h 46m35s,101.776,Active,nsw,NSW,lot
2026-05-02T04:14:27.746109+00:00,https://www.grays.com/lot/0001-10353530/motor-vehicles-motor-cycles/2021-jeep-grand-cherokee-blackhawk-4x4-wk-turbo-diesel-at-8-speed-wagon,509.0,509.0,6,4d 5h 45m35s,101.76,Active,nsw,NSW,lot
2026-05-02T04:15:21.328958+00:00,https://www.grays.com/lot/0001-10353531/motor-vehicles-motor-cycles/2023-toyota-camry-ascent-hybrid-axvh70r-cvt-sedan,10000.0,10000.0,15,4d 5h 44m42s,101.745,Active,nsw,NSW,lot
2026-05-02T04:16:05.119488+00:00,https://www.grays.com/lot/0001-10353532/motor-vehicles-motor-cycles/2016-mazda-2-neo-dl-series-manual-hatchback,9.0,9.0,0,4d 5h 43m56s,101.732,Active,nsw,NSW,lot
2026-05-02T04:17:02.268158+00:00,https://www.grays.com/lot/0001-10353533/motor-vehicles-motor-cycles/2008-bmw-x5-3-0sd-e70-turbo-diesel-automatic-7-seats-wagon,209.0,209.0,3,4d 5h 43m0s,101.717,Active,nsw,NSW,lot
2026-05-02T04:18:14.871019+00:00,https://www.grays.com/lot/0001-10353534/motor-vehicles-motor-cycles/2015-renault-captur-expression-automatic-wagon,209.0,209.0,3,4d 5h 41m48s,101.697,Active,nsw,NSW,lot
2026-05-02T04:19:02.732736+00:00,https://www.grays.com/lot/0001-10353535/motor-vehicles-motor-cycles/2011-holden-captiva-5-2wd-cg-ii-automatic-wagon,9.0,9.0,1,4d 5h 40m59s,101.683,Active,nsw,NSW,lot
2026-05-02T04:20:08.187727+00:00,https://www.grays.com/lot/0001-10353536/motor-vehicles-motor-cycles/2012-audi-a4-2-0-tfsi-quattro-b8-automatic-sedan,2400.0,2400.0,5,4d 5h 39m56s,101.666,Active,nsw,NSW,lot
2026-05-02T04:20:50.122968+00:00,https://www.grays.com/lot/0001-10353537/motor-vehicles-motor-cycles/2012-subaru-impreza-2-0i-l-g4-cvt-sedan,109.0,109.0,2,4d 5h 39m12s,101.653,Active,nsw,NSW,lot
2026-05-02T04:22:05.052218+00:00,https://www.grays.com/lot/0001-10353538/motor-vehicles-motor-cycles/2015-jeep-grand-cherokee-limited-wk-turbo-diesel-automatic-8-speed-wagon,9.0,9.0,0,4d 5h 37m57s,101.632,Active,nsw,NSW,lot
2026-05-02T04:22:48.808737+00:00,https://www.grays.com/lot/0001-10353539/motor-vehicles-motor-cycles/2016-hyundai-elantra-active-ad-automatic-sedan,1600.0,1600.0,12,4d 5h 37m14s,101.621,Active,nsw,NSW,lot
2026-05-02T04:24:18.668828+00:00,https://www.grays.com/lot/0001-10353540/motor-vehicles-motor-cycles/2023-toyota-camry-ascent-hybrid-axvh70r-cvt-sedan,5100.0,5100.0,17,4d 5h 35m45s,101.596,Active,nsw,NSW,lot
2026-05-02T04:25:03.674701+00:00,https://www.grays.com/lot/0001-10353542/motor-vehicles-motor-cycles/2016-hyundai-accent-active-rb-cvt-hatchback,1100.0,1100.0,2,4d 5h 34m59s,101.583,Active,nsw,NSW,lot
2026-05-02T04:25:56.955670+00:00,https://www.grays.com/lot/0001-10353543/motor-vehicles-motor-cycles/2012-mazda-3-neo-bl-automatic-sedan,209.0,209.0,5,4d 5h 34m6s,101.568,Active,nsw,NSW,lot
2026-05-02T04:26:54.015712+00:00,https://www.grays.com/lot/0001-10353544/motor-vehicles-motor-cycles/2014-holden-calais-v-vf-automatic-sedan,409.0,409.0,5,4d 5h 33m9s,101.552,Active,nsw,NSW,lot
2026-05-02T04:27:53.942499+00:00,https://www.grays.com/lot/0001-10353545/motor-vehicles-motor-cycles/2021-audi-q7-50-tdi-quattro-4m-turbo-diesel-at-8-speed-7-seats-wagon,1609.0,1609.0,23,4d 5h 32m9s,101.536,Active,nsw,NSW,lot
2026-05-02T04:28:27.684174+00:00,https://www.grays.com/lot/0001-10353546/motor-vehicles-motor-cycles/2015-holden-cruze-cd-sportwagon-jh-automatic-wagon,9.0,9.0,1,4d 5h 31m36s,101.527,Active,nsw,NSW,lot
2026-05-02T04:29:55.170645+00:00,https://www.grays.com/lot/0001-10353547/motor-vehicles-motor-cycles/2012-nissan-leaf-direct-drive-hatchback,709.0,709.0,17,4d 5h 30m6s,101.502,Active,nsw,NSW,lot
2026-05-02T04:30:55.903601+00:00,https://www.grays.com/lot/0001-10353548/motor-vehicles-motor-cycles/2013-kia-sorento-platinum-xm-turbo-diesel-automatic-7-seats-wagon,209.0,209.0,3,4d 5h 29m11s,101.486,Active,nsw,NSW,lot
2026-05-02T04:31:48.213196+00:00,https://www.grays.com/lot/0001-10353550/motor-vehicles-motor-cycles/2015-mazda-cx-5-akera-ke-turbo-diesel-automatic-wagon,409.0,409.0,5,4d 5h 28m15s,101.471,Active,nsw,NSW,lot
2026-05-02T04:32:37.114904+00:00,https://www.grays.com/lot/0001-10353551/motor-vehicles-motor-cycles/2010-subaru-impreza-wrx-g3-manual-sedan,9.0,9.0,1,4d 5h 27m25s,101.457,Active,nsw,NSW,lot
2026-05-02T04:33:13.207633+00:00,https://www.grays.com/lot/0001-10353552/motor-vehicles-motor-cycles/2017-hyundai-i30-active-pd-automatic-hatchback,4000.0,4000.0,5,4d 5h 26m49s,101.447,Active,nsw,NSW,lot
2026-05-02T04:34:01.032144+00:00,https://www.grays.com/lot/0001-10353553/motor-vehicles-motor-cycles/2009-subaru-impreza-wrx-awd-g3-manual-sedan,9.0,9.0,1,4d 5h 26m4s,101.434,Active,nsw,NSW,lot
2026-05-02T04:34:39.358618+00:00,https://www.grays.com/lot/0001-10913048/motor-vehicles-motor-cycles/2018-volvo-xc60-t5-momentum-automatic-8-speed-wagon,909.0,909.0,18,4d 5h 25m23s,101.423,Active,nsw,NSW,lot
2026-05-02T04:34:55.410810+00:00,https://www.grays.com/lot/0001-20080000/motor-vehicles-motor-cycles/2012-jaguar-xf-3-0d-luxury-turbo-diesel-automatic-8-speed-sedan,3509.0,3509.0,41,2d 5h 25m7s,53.419,Active,vic,VIC,lot
2026-05-02T04:35:29.094378+00:00,https://www.grays.com/lot/0001-21065539/motor-vehicles-motor-cycles/2012-land-rover-range-rover-sport-3-0-tdv6-turbo-diesel-automatic-wagon,309.0,309.0,5,2d 5h 24m34s,53.409,Active,vic,VIC,lot
2026-05-02T04:36:23.576826+00:00,https://www.grays.com/lot/0001-21065545/motor-vehicles-motor-cycles/2013-volkswagen-jetta-103tdi-comfortline-1b-turbo-diesel-automatic-sedan,309.0,309.0,4,1d 5h 23m39s,29.394,Active,vic,VIC,lot
2026-05-02T04:36:38.782743+00:00,https://www.grays.com/lot/0001-21065849/motor-vehicles-motor-cycles/2018-ford-ecosport-ambiente-bl-automatic-wagon,4109.0,4109.0,51,1d 5h 23m24s,29.39,Active,vic,VIC,lot
2026-05-02T04:37:50.398632+00:00,https://www.grays.com/lot/0001-21065862/motor-vehicles-motor-cycles/1999-daewoo-matiz-manual-hatchback,309.0,309.0,4,1d 5h 22m12s,29.37,Active,vic,VIC,lot
2026-05-02T04:38:26.975730+00:00,https://www.grays.com/lot/0001-21065983/motor-vehicles-motor-cycles/2008-subaru-liberty-gt-spec-b-b4-automatic-wagon,1109.0,1109.0,20,3d 5h 21m34s,77.359,Active,vic,VIC,lot
2026-05-02T04:39:39.865415+00:00,https://www.grays.com/lot/0001-21066013/motor-vehicles-motor-cycles/2010-toyota-landcruiser-prado-gxl-kdj150r-turbo-diesel-auto-7-seats-wagon,6300.0,6300.0,79,1d 5h 20m22s,29.339,Active,vic,VIC,lot
2026-05-02T04:40:39.167585+00:00,https://www.grays.com/lot/0001-21066014/motor-vehicles-motor-cycles/2011-bmw-x3-xdrive-20d-f25-turbo-diesel-automatic-8-speed-wagon,3100.0,3100.0,32,1d 5h 19m23s,29.323,Active,vic,VIC,lot
2026-05-02T04:41:15.786156+00:00,https://www.grays.com/lot/0001-21066015/motor-vehicles-motor-cycles/2008-holden-commodore-ss-v-series-ve-automatic-wagon,7700.0,7700.0,93,1d 5h 19m0s,29.317,Active,vic,VIC,lot
2026-05-02T04:42:06.002906+00:00,https://www.grays.com/lot/0001-21066029/motor-vehicles-motor-cycles/2017-holden-trax-ltz-tj-automatic-wagon,4009.0,4009.0,25,1d 5h 22m56s,29.382,Active,vic,VIC,lot
2026-05-02T04:43:08.130314+00:00,https://www.grays.com/lot/0001-21066030/motor-vehicles-motor-cycles/2010-jeep-wrangler-sport-jk-manual-wagon,2900.0,2900.0,35,1d 5h 16m54s,29.282,Active,vic,VIC,lot
2026-05-02T04:43:30.572052+00:00,https://www.grays.com/lot/0001-21066033/motor-vehicles-motor-cycles/2013-mazda-cx-9-grand-touring-awd-automatic-7-seats-wagon,2100.0,2100.0,24,1d 5h 21m31s,29.359,Active,vic,VIC,lot
2026-05-02T04:43:57.660035+00:00,https://www.grays.com/lot/0001-21066034/motor-vehicles-motor-cycles/2016-mercedes-benz-e-class-e200-w213-automatic-sedan,20000.0,20000.0,113,1d 5h 16m7s,29.269,Active,vic,VIC,lot
2026-05-02T04:45:09.902036+00:00,https://www.grays.com/lot/0001-21066036/motor-vehicles-motor-cycles/2014-ford-fiesta-ambiente-wz-automatic-hatchback,1909.0,1909.0,23,1d 5h 14m51s,29.248,Active,vic,VIC,lot
2026-05-02T04:45:27.484256+00:00,https://www.grays.com/lot/0001-21066039/motor-vehicles-motor-cycles/2008-toyota-yaris-yr-ncp90r-automatic-hatchback,9.0,9.0,1,4d 5h 14m34s,101.243,Active,vic,VIC,lot
2026-05-02T04:46:24.754398+00:00,https://www.grays.com/lot/0001-21066040/motor-vehicles-motor-cycles/2018-mazda-cx-5-touring-kf-automatic-wagon,12000.0,12000.0,82,3d 5h 13m38s,77.227,Active,vic,VIC,lot
2026-05-02T04:47:20.536491+00:00,https://www.grays.com/lot/0001-21066041/motor-vehicles-motor-cycles/2019-ldv-t60-pro-turbo-diesel-automatic-dual-cab,6100.0,6100.0,68,1d 5h 12m44s,29.212,Active,vic,VIC,lot
2026-05-02T04:47:39.580434+00:00,https://www.grays.com/lot/0001-21066042/motor-vehicles-motor-cycles/2015-mazda-cx-5-akera-ke-turbo-diesel-automatic-wagon,1099.0,1099.0,5,3d 5h 12m23s,77.206,Active,vic,VIC,lot
2026-05-02T04:48:16.966164+00:00,https://www.grays.com/lot/0001-21066043/motor-vehicles-motor-cycles/2014-volkswagen-golf-90tsi-a7-automatic-hatchback,2300.0,2300.0,29,1d 5h 11m46s,29.196,Active,vic,VIC,lot
2026-05-02T04:48:52.401494+00:00,https://www.grays.com/lot/0001-21066044/motor-vehicles-motor-cycles/2012-bmw-328i-328i-f30-automatic-8-speed-sedan,3309.0,3309.0,55,1d 5h 11m10s,29.186,Active,vic,VIC,lot
2026-05-02T04:49:29.187966+00:00,https://www.grays.com/lot/0001-21066050/motor-vehicles-motor-cycles/2014-bmw-x3-xdrive-20d-f25-turbo-diesel-automatic-8-speed-wagon,5400.0,5400.0,37,2d 5h 10m33s,53.176,Active,vic,VIC,lot
2026-05-02T04:49:42.846985+00:00,https://www.grays.com/lot/0001-21066051/motor-vehicles-motor-cycles/2011-bmw-x1-sdrive-18i-e84-automatic-wagon,909.0,909.0,19,2d 5h 10m20s,53.172,Active,vic,VIC,lot
2026-05-02T04:50:42.868218+00:00,https://www.grays.com/lot/0001-21066052/motor-vehicles-motor-cycles/2013-mercedes-benz-gl-class-gl350-bluetec-x166-t-d-auto-7-seats-wagon,10000.0,10000.0,51,2d 5h 9m20s,53.156,Active,vic,VIC,lot
2026-05-02T04:51:14.392580+00:00,https://www.grays.com/lot/0001-21066053/motor-vehicles-motor-cycles/2013-jeep-grand-cherokee-srt-8-wk-automatic-8-speed-wagon,13100.0,13100.0,14,2d 5h 8m48s,53.147,Active,vic,VIC,lot
2026-05-02T04:51:33.135831+00:00,https://www.grays.com/lot/0001-21066054/motor-vehicles-motor-cycles/2009-hyundai-i30-sr-fd-manual-hatchback,509.0,509.0,10,2d 5h 8m29s,53.141,Active,vic,VIC,lot
2026-05-02T04:52:36.887288+00:00,https://www.grays.com/lot/0001-21066055/motor-vehicles-motor-cycles/2013-mercedes-benz-m-class-ml250-bluetec-w166-turbo-diesel-automatic-wagon,5200.0,5200.0,15,2d 5h 7m25s,53.124,Active,vic,VIC,lot
2026-05-02T04:52:57.594183+00:00,https://www.grays.com/lot/0001-21066056/motor-vehicles-motor-cycles/2017-nissan-pathfinder-st-r52-cvt-7-seats-wagon,4500.0,4500.0,71,2d 5h 7m4s,53.118,Active,vic,VIC,lot
2026-05-02T04:53:21.599809+00:00,https://www.grays.com/lot/0001-21066057/motor-vehicles-motor-cycles/2023-mazda-cx-8-sport-petrol-fwd-kg-automatic-7-seats-wagon,25009.0,25009.0,0,2d 5h 6m41s,53.111,Active,vic,VIC,lot
2026-05-02T04:53:38.971753+00:00,https://www.grays.com/lot/0001-21066058/motor-vehicles-motor-cycles/2015-toyota-rav-4-awd-gxl-asa44r-automatic-wagon,4500.0,4500.0,39,2d 5h 6m24s,53.107,Active,vic,VIC,lot
2026-05-02T04:53:58.456884+00:00,https://www.grays.com/lot/0001-21066059/motor-vehicles-motor-cycles/2008-audi-a4-3-2-fsi-quattro-b8-automatic-sedan,2800.0,2800.0,29,2d 5h 6m4s,53.101,Active,vic,VIC,lot
2026-05-02T04:54:56.885731+00:00,https://www.grays.com/lot/0001-21066061/motor-vehicles-motor-cycles/2021-toyota-kluger-4x4-gx-hybrid-axuh78r-cvt-7-seats-wagon,28300.0,28300.0,151,2d 5h 5m5s,53.085,Active,vic,VIC,lot
2026-05-02T04:55:13.933607+00:00,https://www.grays.com/lot/0001-21066062/motor-vehicles-motor-cycles/2021-jeep-cherokee-limited-4x4-kl-automatic-wagon,2109.0,2109.0,30,2d 5h 4m50s,53.081,Active,vic,VIC,lot
2026-05-02T04:55:36.664583+00:00,https://www.grays.com/lot/0001-21066063/motor-vehicles-motor-cycles/2019-kia-sportage-s-2wd-ql-automatic-wagon,5900.0,5900.0,74,2d 5h 4m25s,53.074,Active,vic,VIC,lot
2026-05-02T04:55:59.950262+00:00,https://www.grays.com/lot/0001-21066065/motor-vehicles-motor-cycles/2021-subaru-forester-2-5i-s-s5-cvt-wagon,15100.0,15100.0,37,3d 5h 4m4s,77.068,Active,vic,VIC,lot
2026-05-02T04:56:33.933949+00:00,https://www.grays.com/lot/0001-21066067/motor-vehicles-motor-cycles/2001-toyota-corolla-conquest-ae112r-automatic-hatchback,9.0,9.0,1,3d 5h 3m28s,77.058,Active,vic,VIC,lot
2026-05-02T04:57:20.341411+00:00,https://www.grays.com/lot/0001-21066071/motor-vehicles-motor-cycles/2018-volkswagen-tiguan-r-line-allspace-162tsi-highline-at-7-seats-wagon,3709.0,3709.0,71,4d 5h 2m43s,101.045,Active,vic,VIC,lot
2026-05-02T04:57:47.340450+00:00,https://www.grays.com/lot/0001-21066073/motor-vehicles-motor-cycles/2008-land-rover-range-rover-sport-tdv6-turbo-diesel-automatic-wagon,9.0,9.0,1,4d 5h 2m16s,101.038,Active,vic,VIC,lot
2026-05-02T04:58:09.552410+00:00,https://www.grays.com/lot/0001-21066074/motor-vehicles-motor-cycles/2015-hyundai-tucson-active-x-tl-automatic-wagon,9.0,9.0,1,4d 5h 1m53s,101.031,Active,vic,VIC,lot
2026-05-02T04:58:24.735190+00:00,https://www.grays.com/lot/0001-21066075/motor-vehicles-motor-cycles/2013-mercedes-benz-ml250-bluetec-w166-turbo-diesel-automatic-wagon,9.0,9.0,1,4d 5h 1m37s,101.027,Active,vic,VIC,lot
2026-05-02T04:58:55.547689+00:00,https://www.grays.com/lot/0001-21066076/motor-vehicles-motor-cycles/2014-mazda-6-atenza-gj-turbo-diesel-automatic-wagon,309.0,309.0,7,4d 5h 1m7s,101.019,Active,vic,VIC,lot
2026-05-02T04:59:16.178728+00:00,https://www.grays.com/lot/0001-21066077/motor-vehicles-motor-cycles/2012-land-rover-range-rover-sport-3-0-sdv6-luxury-turbo-diesel-auto-wagon,1109.0,1109.0,16,2d 5h 10m47s,53.18,Active,vic,VIC,lot
2026-05-02T04:59:39.894466+00:00,https://www.grays.com/lot/0001-21066079/motor-vehicles-motor-cycles/2014-ford-kuga-awd-titanium-tf-turbo-diesel-automatic-wagon,9.0,9.0,1,4d 5h 0m23s,101.006,Active,vic,VIC,lot
2026-05-02T04:59:58.805463+00:00,https://www.grays.com/lot/0001-21066080/motor-vehicles-motor-cycles/2011-bmw-520d-520d-f10-turbo-diesel-automatic-8-speed-sedan,3005.0,3005.0,42,4d 5h 0m4s,101.001,Active,vic,VIC,lot
2026-05-02T05:00:52.639368+00:00,https://www.grays.com/lot/0001-21066081/motor-vehicles-motor-cycles/2013-kia-rondo-platinum-rp-automatic-7-seats-people-mover,9.0,9.0,2,4d 4h 59m11s,100.986,Active,vic,VIC,lot
2026-05-02T05:01:10.044412+00:00,https://www.grays.com/lot/0001-21066082/motor-vehicles-motor-cycles/2014-bmw-x3-xdrive-20d-f25-turbo-diesel-automatic-8-speed-wagon,109.0,109.0,2,4d 4h 58m53s,100.981,Active,vic,VIC,lot
2026-05-02T05:01:57.415682+00:00,https://www.grays.com/lot/0001-21066083/motor-vehicles-motor-cycles/2016-mercedes-benz-c-class-c250-w205-automatic-sedan,8400.0,8400.0,54,4d 4h 58m4s,100.968,Active,vic,VIC,lot
2026-05-02T05:02:13.835463+00:00,https://www.grays.com/lot/0001-21066084/motor-vehicles-motor-cycles/2017-audi-q7-3-0-tdi-quattro-4m-turbo-diesel-auto-8-speed-7-seats-wagon,5000.0,5000.0,74,4d 4h 57m49s,100.964,Active,vic,VIC,lot
2026-05-02T05:03:04.767323+00:00,https://www.grays.com/lot/0001-21066085/motor-vehicles-motor-cycles/2018-ford-everest-trend-4wd-ua-turbo-diesel-automatic-7-seats-wagon,209.0,209.0,3,4d 4h 56m57s,100.949,Active,vic,VIC,lot
2026-05-02T05:03:18.811201+00:00,https://www.grays.com/lot/0001-21066086/motor-vehicles-motor-cycles/2012-kia-rio-sli-ub-automatic-hatchback,9.0,9.0,0,4d 4h 56m42s,100.945,Active,vic,VIC,lot
2026-05-02T05:03:33.500641+00:00,https://www.grays.com/lot/0001-21066087/motor-vehicles-motor-cycles/2017-hyundai-tucson-active-fwd-tl-automatic-wagon,609.0,609.0,9,4d 4h 56m28s,100.941,Active,vic,VIC,lot
2026-05-02T05:04:25.888475+00:00,https://www.grays.com/lot/0001-21066088/motor-vehicles-motor-cycles/2014-nissan-pathfinder-st-r52-cvt-7-seats-wagon,9.0,9.0,0,4d 4h 55m36s,100.927,Active,vic,VIC,lot
2026-05-02T05:04:50.075285+00:00,https://www.grays.com/lot/0001-21066089/motor-vehicles-motor-cycles/2015-kia-cerato-s-yd-automatic-sedan,109.0,109.0,2,4d 4h 55m15s,100.921,Active,vic,VIC,lot
2026-05-02T05:05:35.438066+00:00,https://www.grays.com/lot/0001-21066090/motor-vehicles-motor-cycles/2010-audi-q5-3-0-tdi-quattro-8r-turbo-diesel-automatic-wagon,9.0,9.0,0,4d 4h 54m26s,100.907,Active,vic,VIC,lot
2026-05-02T05:05:53.940831+00:00,https://www.grays.com/lot/0001-23500008/motor-vehicles-motor-cycles/2016-toyota-camry-altise-hybrid-hv-avv50r-cvt-sedan,10300.0,10300.0,106,2d 4h 54m10s,52.903,Active,melbourne,MELBOURNE,lot
2026-05-02T05:06:13.420506+00:00,https://www.grays.com/lot/0001-23500009/motor-vehicles-motor-cycles/2011-audi-a3-attraction-diesel,1100.0,1100.0,8,1d 4h 53m49s,28.897,Active,melbourne,MELBOURNE,lot
2026-05-02T05:06:35.073333+00:00,https://www.grays.com/lot/0001-23500015/motor-vehicles-motor-cycles/2012-ford-territory-ts-petrol,409.0,409.0,9,4d 4h 53m27s,100.891,Active,melbourne,MELBOURNE,lot
2026-05-02T05:06:53.516937+00:00,https://www.grays.com/lot/0001-23500018/motor-vehicles-motor-cycles/2016-mercedes-benz-c-class-c63-amg-s-petrol,35100.0,35100.0,149,3d 4h 53m8s,76.886,Active,melbourne,MELBOURNE,lot
2026-05-02T05:07:13.466053+00:00,https://www.grays.com/lot/0001-50517965/motor-vehicles-motor-cycles/2010-suzuki-sx4-awd-s-gy-cvt-hatchback,9.0,9.0,1,4d 4h 52m50s,100.881,Active,qld,QLD,lot
2026-05-02T05:07:42.746710+00:00,https://www.grays.com/lot/0001-50517966/motor-vehicles-motor-cycles/2007-nissan-tiida-st-l-c11-manual-hatchback,209.0,209.0,3,3d 4h 52m20s,76.872,Active,qld,QLD,lot
2026-05-02T05:08:07.038880+00:00,https://www.grays.com/lot/0001-50517967/motor-vehicles-motor-cycles/2017-holden-astra-r-bk-automatic-hatchback,1109.0,1109.0,20,4d 4h 51m56s,100.866,Active,qld,QLD,lot
2026-05-02T05:08:37.139088+00:00,https://www.grays.com/lot/0001-50517968/motor-vehicles-motor-cycles/2006-mercedes-benz-b200-turbo-w245-cvt-hatchback,9.0,9.0,0,2d 4h 51m26s,52.857,Active,qld,QLD,lot
2026-05-02T05:09:00.869766+00:00,https://www.grays.com/lot/0001-50517970/motor-vehicles-motor-cycles/2014-hyundai-i20-active-pb-automatic-hatchback,9.0,9.0,1,4d 4h 51m1s,100.85,Active,qld,QLD,lot
2026-05-02T05:09:47.233674+00:00,https://www.grays.com/lot/0001-50517972/motor-vehicles-motor-cycles/2013-audi-a5-2-0-tfsi-quattro-8t-automatic-hatchback,9.0,9.0,0,4d 4h 50m17s,100.838,Active,qld,QLD,lot
2026-05-02T05:10:41.105808+00:00,https://www.grays.com/lot/0001-50517973/motor-vehicles-motor-cycles/2010-subaru-liberty-2-5i-b5-cvt-sedan,9.0,9.0,1,4d 4h 49m24s,100.823,Active,qld,QLD,lot
2026-05-02T05:11:42.821872+00:00,https://www.grays.com/lot/0001-50517974/motor-vehicles-motor-cycles/2010-volkswagen-golf-r-a6-automatic-hatchback,609.0,609.0,7,4d 4h 48m19s,100.805,Active,qld,QLD,lot
2026-05-02T05:12:35.954014+00:00,https://www.grays.com/lot/0001-50517975/motor-vehicles-motor-cycles/2016-hyundai-i30-active-x-gd-ii-turbo-diesel-automatic-hatchback,9.0,9.0,1,4d 4h 47m26s,100.791,Active,qld,QLD,lot
2026-05-02T05:13:22.286643+00:00,https://www.grays.com/lot/0001-50517976/motor-vehicles-motor-cycles/2016-hyundai-accent-active-rb-cvt-hatchback,209.0,209.0,3,4d 4h 46m41s,100.778,Active,qld,QLD,lot
2026-05-02T05:14:35.937558+00:00,https://www.grays.com/lot/0001-50517977/motor-vehicles-motor-cycles/2018-mercedes-benz-c-class-c300-w205-9-auto-sedan,1109.0,1109.0,13,4d 4h 45m26s,100.757,Active,qld,QLD,lot
2026-05-02T05:14:57.653257+00:00,https://www.grays.com/lot/0001-50517978/motor-vehicles-motor-cycles/2014-volkswagen-golf-103tsi-highline-a7-automatic-hatchback,9.0,9.0,0,4d 4h 45m4s,100.751,Active,qld,QLD,lot
2026-05-02T05:16:19.206723+00:00,https://www.grays.com/lot/0001-50517979/motor-vehicles-motor-cycles/2010-suzuki-swift-ez-automatic-hatchback,609.0,609.0,10,4d 4h 43m45s,100.729,Active,qld,QLD,lot
2026-05-02T05:16:45.417246+00:00,https://www.grays.com/lot/0001-50517980/motor-vehicles-motor-cycles/2012-chrysler-300-c-luxury-lx-automatic-8-speed-sedan,9.0,9.0,2,4d 4h 43m17s,100.721,Active,qld,QLD,lot
2026-05-02T05:17:24.290023+00:00,https://www.grays.com/lot/0001-5062753/motor-vehicles-motor-cycles/2020-mitsubishi-triton-4x4-glx-adas-double-mr-t-d-auto-crew-cab-chassis,10200.0,10200.0,76,4d 4h 12m41s,100.211,Active,nsw,NSW,lot
2026-05-02T05:18:01.035590+00:00,https://www.grays.com/lot/0001-50715478/motor-vehicles-motor-cycles/2015-mazda-cx-5-maxx-sport-ke-turbo-diesel-automatic-wagon,9.0,9.0,1,4d 4h 42m2s,100.701,Active,qld,QLD,lot
2026-05-02T05:18:28.932744+00:00,https://www.grays.com/lot/0001-50715547/motor-vehicles-motor-cycles/2012-audi-q7-3-0-tdi-quattro-turbo-diesel-automatic-8-speed-7-seats-wagon,2400.0,2400.0,36,1d 4h 41m33s,28.692,Active,qld,QLD,lot
2026-05-02T05:19:02.959662+00:00,https://www.grays.com/lot/0001-50715549/motor-vehicles-motor-cycles/2011-volkswagen-tiguan-125-tsi-5n-automatic-wagon,1009.0,1009.0,12,1d 4h 41m0s,28.683,Active,qld,QLD,lot
2026-05-02T05:19:31.409112+00:00,https://www.grays.com/lot/0001-50715567/motor-vehicles-motor-cycles/2012-nissan-navara-4x4-st-d40-turbo-diesel-automatic-dual-cab,2209.0,2209.0,45,4d 4h 40m31s,100.675,Active,qld,QLD,lot
2026-05-02T05:20:05.923673+00:00,https://www.grays.com/lot/0001-50715568/motor-vehicles-motor-cycles/2016-ford-everest-trend-ua-turbo-diesel-automatic-7-seats-wagon,1709.0,1709.0,18,2d 4h 39m57s,52.666,Active,qld,QLD,lot
2026-05-02T05:20:39.291068+00:00,https://www.grays.com/lot/0001-50715570/motor-vehicles-motor-cycles/2011-subaru-liberty-exiga-2-5i-premium-b5-cvt-wagon,2209.0,2209.0,19,1d 4h 39m24s,28.657,Active,qld,QLD,lot
2026-05-02T05:21:10.032753+00:00,https://www.grays.com/lot/0001-50715571/motor-vehicles-motor-cycles/2014-jeep-cherokee-limited-4x4-kl-automatic-wagon,9.0,9.0,0,4d 4h 38m53s,100.648,Active,qld,QLD,lot
2026-05-02T05:21:54.202001+00:00,https://www.grays.com/lot/0001-50715572/motor-vehicles-motor-cycles/2017-volkswagen-amarok-tdi420-core-2h-td-auto-8-speed-dual-cab,9.0,9.0,0,4d 4h 38m9s,100.636,Active,qld,QLD,lot
2026-05-02T05:23:05.687660+00:00,https://www.grays.com/lot/0001-50715573/motor-vehicles-motor-cycles/2012-subaru-xv-2-0i-l-g4x-cvt-hatchback,349.0,349.0,4,4d 4h 36m57s,100.616,Active,qld,QLD,lot
2026-05-02T05:23:47.453662+00:00,https://www.grays.com/lot/0001-50715574/motor-vehicles-motor-cycles/2021-toyota-hiace-gl-gdh320r-turbo-diesel-automatic-11-seats-bus,50400.0,50400.0,180,1d 4h 36m15s,28.604,Active,qld,QLD,lot
2026-05-02T05:24:59.357870+00:00,https://www.grays.com/lot/0001-50715575/motor-vehicles-motor-cycles/2017-mitsubishi-triton-4x4-gls-mq-turbo-diesel-automatic-dual-cab,2100.0,2100.0,28,2d 4h 35m1s,52.584,Active,qld,QLD,lot
2026-05-02T05:25:35.428131+00:00,https://www.grays.com/lot/0001-50715576/motor-vehicles-motor-cycles/2017-volkswagen-amarok-tdi550-v6-highline-2h-my18-automatic-dual-cab-ute,1601.0,1601.0,13,3d 4h 34m26s,76.574,Active,qld,QLD,lot
2026-05-02T05:26:10.366785+00:00,https://www.grays.com/lot/0001-50715577/motor-vehicles-motor-cycles/2021-mitsubishi-express-glx-swb-sn-turbo-diesel-manual-van,1500.0,1500.0,25,3d 4h 33m52s,76.564,Active,qld,QLD,lot
2026-05-02T05:26:46.370198+00:00,https://www.grays.com/lot/0001-50715578/motor-vehicles-motor-cycles/2014-toyota-kluger-4x4-gxl-gsu55r-auto-7-seats-wagon-rwc-issued-27-04-26,8000.0,8000.0,52,1d 4h 33m16s,28.554,Active,qld,QLD,lot
2026-05-02T05:27:24.035342+00:00,https://www.grays.com/lot/0001-50715579/motor-vehicles-motor-cycles/2019-mitsubishi-asx-ls-2wd-xc-cvt-wagon,1509.0,1509.0,21,2d 4h 32m39s,52.544,Active,qld,QLD,lot
2026-05-02T05:28:20.369426+00:00,https://www.grays.com/lot/0001-50715581/motor-vehicles-motor-cycles/2010-toyota-hilux-sr-4x4-kun26r-turbo-diesel-manual-crew-cab-chassis,709.0,709.0,8,2d 4h 31m43s,52.529,Active,qld,QLD,lot
2026-05-02T05:28:51.693852+00:00,https://www.grays.com/lot/0001-50715582/motor-vehicles-motor-cycles/2017-mazda-3-sp25-gt-bn-automatic-sedan,6050.0,6050.0,65,1d 4h 31m12s,28.52,Active,qld,QLD,lot
2026-05-02T05:30:06.153025+00:00,https://www.grays.com/lot/0001-50715584/motor-vehicles-motor-cycles/2013-nissan-pathfinder-st-r52-cvt-7-seats-wagon,9.0,9.0,0,4d 4h 29m56s,100.499,Active,qld,QLD,lot
2026-05-02T05:30:41.966042+00:00,https://www.grays.com/lot/0001-50715585/motor-vehicles-motor-cycles/2011-nissan-navara-4x4-st-x550-d40-turbo-diesel-automatic-dual-cab,9.0,9.0,0,4d 4h 29m20s,100.489,Active,qld,QLD,lot
2026-05-02T05:31:15.898701+00:00,https://www.grays.com/lot/0001-50715587/motor-vehicles-motor-cycles/2011-nissan-dualis-ti-j10-manual-wagon,409.0,409.0,5,1d 4h 28m47s,28.48,Active,qld,QLD,lot
2026-05-02T05:32:03.324109+00:00,https://www.grays.com/lot/0001-50715588/motor-vehicles-motor-cycles/2016-audi-q7-3-0-tdi-quattro-4m-turbo-diesel-automatic-8-speed,11000.0,11000.0,114,1d 4h 27m59s,28.466,Active,qld,QLD,lot
2026-05-02T05:32:35.463024+00:00,https://www.grays.com/lot/0001-50715589/motor-vehicles-motor-cycles/2015-mazda-cx-5-maxx-sport-ke-turbo-diesel-automatic-wagon,9.0,9.0,0,3d 4h 27m25s,76.457,Active,qld,QLD,lot
2026-05-02T05:33:13.389528+00:00,https://www.grays.com/lot/0001-50715590/motor-vehicles-motor-cycles/2010-land-rover-freelander-2-xs-si6-automatic-wagon,9.0,9.0,0,2d 4h 26m50s,52.447,Active,qld,QLD,lot
2026-05-02T05:34:25.134698+00:00,https://www.grays.com/lot/0001-50715591/motor-vehicles-motor-cycles/2011-volkswagen-golf-90tsi-trendline-a6-automatic-hatchback,509.0,509.0,8,1d 4h 25m37s,28.427,Active,qld,QLD,lot
2026-05-02T05:34:48.704370+00:00,https://www.grays.com/lot/0001-50715592/motor-vehicles-motor-cycles/2003-holden-ute-vy-automatic-ute,1900.0,1900.0,25,1d 4h 25m14s,28.421,Active,qld,QLD,lot
2026-05-02T05:35:23.130864+00:00,https://www.grays.com/lot/0001-50715593/motor-vehicles-motor-cycles/2015-jeep-grand-cherokee-limited-wk-turbo-diesel-automatic-8-speed-wagon,2009.0,2009.0,33,1d 4h 24m39s,28.411,Active,qld,QLD,lot
2026-05-02T05:35:58.007764+00:00,https://www.grays.com/lot/0001-50715594/motor-vehicles-motor-cycles/2021-great-wall-cannon-l-4x4-turbo-diesel-automatic-8-speed-dual-cab,3500.0,3500.0,25,2d 4h 24m3s,52.401,Active,qld,QLD,lot
2026-05-02T05:37:11.206310+00:00,https://www.grays.com/lot/0001-50715595/motor-vehicles-motor-cycles/2012-holden-colorado-4x4-lx-rg-turbo-diesel-manual-dual-cab,2000.0,2000.0,7,2d 4h 22m52s,52.381,Active,qld,QLD,lot
2026-05-02T05:37:33.169429+00:00,https://www.grays.com/lot/0001-50715596/motor-vehicles-motor-cycles/2008-suzuki-swift-ez-automatic-hatchback,109.0,109.0,2,4d 4h 22m31s,100.375,Active,qld,QLD,lot
2026-05-02T05:39:07.114113+00:00,https://www.grays.com/lot/0001-50715597/motor-vehicles-motor-cycles/2009-lexus-rx-rx350-sports-luxury-ggl15r-automatic-wagon,9.0,9.0,1,2d 4h 20m54s,52.348,Active,qld,QLD,lot
2026-05-02T05:40:18.572691+00:00,https://www.grays.com/lot/0001-50715598/motor-vehicles-motor-cycles/2012-honda-cr-v-4wd-vti-s-rm-automatic-wagon,509.0,509.0,6,2d 4h 19m43s,52.329,Active,qld,QLD,lot
2026-05-02T05:41:29.746737+00:00,https://www.grays.com/lot/0001-50715602/motor-vehicles-motor-cycles/2010-nissan-navara-st-x-4x4-double-cab-d40-turbo-diesel-manual-dual-cab,9.0,9.0,0,4d 4h 18m32s,100.309,Active,qld,QLD,lot
2026-05-02T05:42:35.409926+00:00,https://www.grays.com/lot/0001-50715604/motor-vehicles-motor-cycles/2015-jeep-grand-cherokee-laredo-wk-automatic-8-speed-wagon,9.0,9.0,0,4d 4h 17m29s,100.291,Active,qld,QLD,lot
2026-05-02T05:43:00.361155+00:00,https://www.grays.com/lot/0001-50715605/motor-vehicles-motor-cycles/2013-holden-colorado-4x4-lx-rg-turbo-diesel-manual-dual-cab,9.0,9.0,1,4d 4h 17m4s,100.284,Active,qld,QLD,lot
2026-05-02T05:43:50.264004+00:00,https://www.grays.com/lot/0001-50715606/motor-vehicles-motor-cycles/2006-toyota-rav-4-cv-aca33r-automatic-wagon,9.0,9.0,0,3d 4h 16m14s,76.271,Active,qld,QLD,lot
2026-05-02T05:44:33.423742+00:00,https://www.grays.com/lot/0001-50715607/motor-vehicles-motor-cycles/2022-mazda-cx-9-touring-awd-tc-automatic-7-seats-wagon,19000.0,19000.0,99,2d 4h 15m28s,52.258,Active,qld,QLD,lot
2026-05-02T05:45:59.680616+00:00,https://www.grays.com/lot/0001-50715608/motor-vehicles-motor-cycles/2022-mazda-cx-9-touring-awd-tc-automatic-7-seats-wagon,21000.0,21000.0,53,2d 4h 14m4s,52.234,Active,qld,QLD,lot
2026-05-02T05:47:19.742953+00:00,https://www.grays.com/lot/0001-50715609/motor-vehicles-motor-cycles/2022-kia-sportage-s-awd-nq5-turbo-diesel-automatic-8-speed-wagon,19000.0,19000.0,42,2d 4h 12m42s,52.212,Active,qld,QLD,lot
2026-05-02T05:47:59.035874+00:00,https://www.grays.com/lot/0001-50715613/motor-vehicles-motor-cycles/2017-mitsubishi-triton-4x4-glx-l-e-mq-turbo-diesel-manual-dual-cab,109.0,109.0,3,4d 4h 12m4s,100.201,Active,qld,QLD,lot
2026-05-02T05:48:49.927749+00:00,https://www.grays.com/lot/0001-50715614/motor-vehicles-motor-cycles/2009-kia-rio-lx-jb-manual-hatchback,9.0,9.0,0,4d 4h 11m15s,100.188,Active,qld,QLD,lot
2026-05-02T05:49:50.430567+00:00,https://www.grays.com/lot/0001-50715615/motor-vehicles-motor-cycles/2012-holden-colorado-4x4-ltz-rg-turbo-diesel-manual-dual-cab,9.0,9.0,0,4d 4h 10m12s,100.17,Active,qld,QLD,lot
2026-05-02T05:51:06.176554+00:00,https://www.grays.com/lot/0001-50715616/motor-vehicles-motor-cycles/2013-holden-colorado-4x4-ltz-rg-turbo-diesel-manual-dual-cab,9.0,9.0,0,4d 4h 8m55s,100.149,Active,qld,QLD,lot
2026-05-02T05:51:58.361282+00:00,https://www.grays.com/lot/0001-50715619/motor-vehicles-motor-cycles/2020-isuzu-mu-x-4x4-ls-t-turbo-diesel-automatic-7-seats-wagon,9.0,9.0,1,4d 4h 8m6s,100.135,Active,qld,QLD,lot
2026-05-02T05:52:38.566476+00:00,https://www.grays.com/lot/0001-50715620/motor-vehicles-motor-cycles/2015-jeep-cherokee-limited-4x4-kl-automatic-wagon,9.0,9.0,1,4d 4h 7m24s,100.123,Active,qld,QLD,lot
2026-05-02T05:53:34.968886+00:00,https://www.grays.com/lot/0001-50715621/motor-vehicles-motor-cycles/2014-subaru-forester-2-0xt-premium-s4-cvt-wagon,9.0,9.0,1,4d 4h 6m27s,100.107,Active,qld,QLD,lot
2026-05-02T05:54:24.089263+00:00,https://www.grays.com/lot/0001-50715622/motor-vehicles-motor-cycles/2016-jeep-grand-cherokee-laredo-wk-automatic-8-speed-wagon,9.0,9.0,2,4d 4h 5m39s,100.094,Active,qld,QLD,lot
2026-05-02T05:54:49.051285+00:00,https://www.grays.com/lot/0001-50715623/motor-vehicles-motor-cycles/2016-kia-sorento-platinum-um-turbo-diesel-automatic-7-seats-wagon,9.0,9.0,1,4d 4h 5m13s,100.087,Active,qld,QLD,lot
2026-05-02T05:55:30.361683+00:00,https://www.grays.com/lot/0001-50715624/motor-vehicles-motor-cycles/2017-land-rover-discovery-sport-td4-150-se-tdl-9-auto-7-seats-wagon,109.0,109.0,2,4d 4h 4m32s,100.076,Active,qld,QLD,lot
2026-05-02T05:55:39.538748+00:00,https://www.grays.com/lot/0001-50715625/motor-vehicles-motor-cycles/2019-nissan-navara-rwd-manual-ute,9.0,9.0,0,3d 4h 4m23s,76.073,Active,qld,QLD,lot
2026-05-02T05:55:55.565130+00:00,https://www.grays.com/lot/0001-50715628/motor-vehicles-motor-cycles/2011-hyundai-ix35-active-fwd-lm-automatic-wagon,709.0,709.0,8,3d 4h 4m7s,76.069,Active,qld,QLD,lot
2026-05-02T05:56:22.088621+00:00,https://www.grays.com/lot/0001-50715631/motor-vehicles-motor-cycles/2018-volkswagen-amarok-tdi550-sportline-2h-td-auto-8-speed-dual-cab,9.0,9.0,1,4d 4h 3m40s,100.061,Active,qld,QLD,lot
2026-05-02T05:56:42.369323+00:00,https://www.grays.com/lot/0001-50715633/motor-vehicles-motor-cycles/2011-subaru-forester-xs-s3-automatic-wagon,9.0,9.0,0,4d 4h 3m20s,100.056,Active,qld,QLD,lot
2026-05-02T05:57:09.477373+00:00,https://www.grays.com/lot/0001-50715638/motor-vehicles-motor-cycles/2011-nissan-navara-st-4x4-d40-turbo-diesel-automatic-dual-cab,4401.0,4401.0,5,4d 4h 2m54s,100.048,Active,qld,QLD,lot
2026-05-02T05:57:37.661863+00:00,https://www.grays.com/lot/0001-50715639/motor-vehicles-motor-cycles/2012-audi-q3-2-0-tfsi-quattro-8u-automatic-wagon,9.0,9.0,0,4d 4h 2m24s,100.04,Active,qld,QLD,lot
2026-05-02T05:58:36.081393+00:00,https://www.grays.com/lot/0001-50715640/motor-vehicles-motor-cycles/2014-jeep-grand-cherokee-laredo-wk-automatic-8-speed-wagon,9.0,9.0,0,4d 4h 1m26s,100.024,Active,qld,QLD,lot
2026-05-02T05:58:59.228350+00:00,https://www.grays.com/lot/0001-50715641/motor-vehicles-motor-cycles/2018-toyota-hilux-4x4-sr5-gun126r-turbo-diesel-automatic-dual-cab,609.0,609.0,7,4d 4h 1m3s,100.017,Active,qld,QLD,lot
2026-05-02T05:59:29.113658+00:00,https://www.grays.com/lot/0001-50715642/motor-vehicles-motor-cycles/2017-land-rover-discovery-sport-td4-150-se-turbo-diesel-auto-7-seats-wagon,109.0,109.0,2,4d 4h 0m33s,100.009,Active,qld,QLD,lot
2026-05-02T05:59:56.005040+00:00,https://www.grays.com/lot/0001-50715645/motor-vehicles-motor-cycles/2010-mazda-6-diesel-gh-turbo-diesel-manual-wagon,109.0,109.0,2,3d 4h 0m6s,76.002,Active,qld,QLD,lot
2026-05-02T06:00:46.592965+00:00,https://www.grays.com/lot/0001-50715646/motor-vehicles-motor-cycles/2014-holden-trax-ls-tj-automatic-wagon,9.0,9.0,0,4d 3h 59m16s,99.988,Active,qld,QLD,lot
2026-05-02T06:01:47.959106+00:00,https://www.grays.com/lot/0001-50715648/motor-vehicles-motor-cycles/2017-mitsubishi-pajero-sport-exceed-qe-td-auto-8-speed-7-seats-wagon,109.0,109.0,2,4d 3h 58m14s,99.971,Active,qld,QLD,lot
2026-05-02T06:02:08.104933+00:00,https://www.grays.com/lot/0001-50715650/motor-vehicles-motor-cycles/2011-mercedes-benz-e250-cdi-blueeff-avantgarde-a207-auto-convertible,9.0,9.0,1,4d 3h 57m54s,99.965,Active,qld,QLD,lot
2026-05-02T06:02:29.827415+00:00,https://www.grays.com/lot/0001-50715651/motor-vehicles-motor-cycles/2018-ford-transit-custom-340l-lwb-vn-turbo-diesel-automatic-van,409.0,409.0,5,4d 3h 57m33s,99.959,Active,qld,QLD,lot
2026-05-02T06:02:54.933952+00:00,https://www.grays.com/lot/0001-50715652/motor-vehicles-motor-cycles/2009-audi-q5-2-0-tfsi-quattro-8r-automatic-wagon,9.0,9.0,0,4d 3h 57m8s,99.952,Active,qld,QLD,lot
2026-05-02T06:04:07.480011+00:00,https://www.grays.com/lot/0001-50715653/motor-vehicles-motor-cycles/2017-audi-q7-3-0-tdi-quattro-4m-turbo-diesel-auto-8-speed-7-seats-wagon,7009.0,7009.0,136,4d 3h 55m55s,99.932,Active,qld,QLD,lot
2026-05-02T06:04:32.277273+00:00,https://www.grays.com/lot/0001-50715654/motor-vehicles-motor-cycles/2009-holden-ute-omega-omega-ve-automatic-ute,209.0,209.0,3,4d 3h 55m29s,99.925,Active,qld,QLD,lot
2026-05-02T06:05:24.221450+00:00,https://www.grays.com/lot/0001-50715655/motor-vehicles-motor-cycles/2018-hyundai-tucson-highlander-awd-tl-automatic-wagon,9.0,9.0,1,4d 3h 54m38s,99.911,Active,qld,QLD,lot
2026-05-02T06:05:37.695538+00:00,https://www.grays.com/lot/0001-50715657/motor-vehicles-motor-cycles/2016-volkswagen-golf-92tsi-a7-automatic-hatchback,1500.0,1500.0,11,4d 3h 54m25s,99.907,Active,qld,QLD,lot
2026-05-02T06:06:28.160513+00:00,https://www.grays.com/lot/0001-50715658/motor-vehicles-motor-cycles/2014-ford-ranger-xls-4x4-px-turbo-diesel-manual-dual-cab,9.0,9.0,1,4d 3h 53m35s,99.893,Active,qld,QLD,lot
2026-05-02T06:07:41.172397+00:00,https://www.grays.com/lot/0001-50715659/motor-vehicles-motor-cycles/2006-volkswagen-caddy-life-1-9-tdi-turbo-diesel-auto-7-seats-people-mover,209.0,209.0,4,4d 3h 52m21s,99.872,Active,qld,QLD,lot
2026-05-02T06:09:04.290317+00:00,https://www.grays.com/lot/0001-50715662/motor-vehicles-motor-cycles/2018-mitsubishi-triton-4x4-glx-mq-turbo-diesel-automatic-dual-cab,209.0,209.0,4,4d 3h 50m57s,99.849,Active,qld,QLD,lot
2026-05-02T06:09:38.130142+00:00,https://www.grays.com/lot/0001-50715663/motor-vehicles-motor-cycles/2009-volkswagen-touareg-3-0-v6-tdi-7l-turbo-diesel-automatic-wagon,9.0,9.0,0,4d 3h 50m24s,99.84,Active,qld,QLD,lot
2026-05-02T06:11:06.718752+00:00,https://www.grays.com/lot/0001-50715664/motor-vehicles-motor-cycles/2015-subaru-forester-2-5i-l-s4-cvt-wagon,9.0,9.0,0,4d 3h 48m56s,99.816,Active,qld,QLD,lot
2026-05-02T06:11:46.829307+00:00,https://www.grays.com/lot/0001-50715665/motor-vehicles-motor-cycles/2018-holden-equinox-ls-2wd-eq-automatic-wagon,9.0,9.0,1,4d 3h 48m17s,99.805,Active,qld,QLD,lot
2026-05-02T06:12:40.385903+00:00,https://www.grays.com/lot/0001-60050680/motor-vehicles-motor-cycles/2015-nissan-pulsar-st-l-b17-cvt-sedan,4350.0,4350.0,66,1d 3h 47m22s,27.789,Active,sa,SA,lot
2026-05-02T06:13:06.696458+00:00,https://www.grays.com/lot/0001-60050681/motor-vehicles-motor-cycles/2019-nissan-leaf-ze1-e-automatic-hatchback,10209.0,10209.0,72,2d 3h 46m56s,51.782,Active,sa,SA,lot
2026-05-02T06:13:48.930455+00:00,https://www.grays.com/lot/0001-60050682/motor-vehicles-motor-cycles/2021-mazda-cx-8-touring-diesel-awd-kg-turbo-diesel-automatic-7-seats-wagon,209.0,209.0,3,4d 3h 46m14s,99.771,Active,sa,SA,lot
2026-05-02T06:14:45.603702+00:00,https://www.grays.com/lot/0001-60050684/motor-vehicles-motor-cycles/2010-land-rover-range-rover-sport-3-6-tdv8-luxury-turbo-diesel,2200.0,2200.0,33,2d 3h 45m18s,51.755,Active,sa,SA,lot
2026-05-02T06:15:57.943938+00:00,https://www.grays.com/lot/0001-60050685/motor-vehicles-motor-cycles/2015-toyota-landcruiser-workmate-vdj78r-turbo-diesel-manual-10-seats-wagon,7359.0,7359.0,44,4d 0h 14m3s,96.234,Active,sa,SA,lot
2026-05-02T06:16:18.727139+00:00,https://www.grays.com/lot/0001-60050686/motor-vehicles-motor-cycles/2017-holden-trax-ltz-tj-automatic-wagon,1969.0,1969.0,30,2d 3h 43m43s,51.729,Active,sa,SA,lot
2026-05-02T06:16:47.782502+00:00,https://www.grays.com/lot/0001-60050687/motor-vehicles-motor-cycles/2011-ford-ranger-xlt-3-2-4x4-px-turbo-diesel-automatic-dual-cab,509.0,509.0,10,3d 3h 43m16s,75.721,Active,sa,SA,lot
2026-05-02T06:17:11.450265+00:00,https://www.grays.com/lot/0001-60050688/motor-vehicles-motor-cycles/2011-toyota-hilux-4x2-sr-kun16r-turbo-diesel-manual-cab-chassis,7000.0,7000.0,54,3d 3h 42m50s,75.714,Active,sa,SA,lot
2026-05-02T06:17:36.170413+00:00,https://www.grays.com/lot/0001-60050689/motor-vehicles-motor-cycles/2017-toyota-hilux-4x2-workmate-tgn121r-automatic-dual-cab,17000.0,17000.0,35,2d 3h 42m27s,51.708,Active,sa,SA,lot
2026-05-02T06:18:05.882994+00:00,https://www.grays.com/lot/0001-60050690/motor-vehicles-motor-cycles/2010-holden-commodore-omega-ve-automatic-sedan,109.0,109.0,2,2d 3h 41m57s,51.699,Active,sa,SA,lot
2026-05-02T06:18:25.274311+00:00,https://www.grays.com/lot/0001-60050691/motor-vehicles-motor-cycles/2001-lexus-sc-sc430-automatic-coupe,7100.0,7100.0,82,2d 3h 41m37s,51.694,Active,sa,SA,lot
2026-05-02T06:18:55.353936+00:00,https://www.grays.com/lot/0001-60050692/motor-vehicles-motor-cycles/2007-land-rover-range-rover-sport-tdv8-turbo-diesel-automatic-wagon,2050.0,2050.0,16,2d 3h 41m8s,51.686,Active,sa,SA,lot
2026-05-02T06:19:16.201065+00:00,https://www.grays.com/lot/0001-60050693/motor-vehicles-motor-cycles/2011-bmw-3-series-320i-exec-e90-automatic-sedan,109.0,109.0,2,4d 3h 40m46s,99.679,Active,sa,SA,lot
2026-05-02T06:19:47.864865+00:00,https://www.grays.com/lot/0001-60050694/motor-vehicles-motor-cycles/2012-subaru-impreza-2-0i-l-g4-cvt-sedan,1709.0,1709.0,26,2d 3h 40m14s,51.671,Active,sa,SA,lot
2026-05-02T06:20:07.363108+00:00,https://www.grays.com/lot/0001-60050695/motor-vehicles-motor-cycles/2014-hyundai-i40-active-vf-automatic-sedan,1950.0,1950.0,15,2d 3h 39m55s,51.665,Active,sa,SA,lot
2026-05-02T06:20:39.328885+00:00,https://www.grays.com/lot/0001-60050696/motor-vehicles-motor-cycles/2017-mazda-cx-9-azami-fwd-tc-automatic-7-seats-wagon,4700.0,4700.0,13,4d 3h 39m23s,99.656,Active,sa,SA,lot
2026-05-02T06:21:12.418559+00:00,https://www.grays.com/lot/0001-60050698/motor-vehicles-motor-cycles/2019-isuzu-d-max-4x4-sx-turbo-diesel-manual-cab-chassis,5100.0,5100.0,16,2d 3h 38m50s,51.647,Active,sa,SA,lot
2026-05-02T06:21:27.770483+00:00,https://www.grays.com/lot/0001-60050699/motor-vehicles-motor-cycles/2013-renault-koleos-dynamique-cvt-wagon,9.0,9.0,1,2d 3h 38m35s,51.643,Active,sa,SA,lot
2026-05-02T06:21:52.366081+00:00,https://www.grays.com/lot/0001-60050700/motor-vehicles-motor-cycles/2014-toyota-landcruiser-prado-gxl-4x4-kdj150r-turbo-diesel,17800.0,17800.0,105,2d 3h 38m10s,51.636,Active,sa,SA,lot
2026-05-02T06:22:11.183367+00:00,https://www.grays.com/lot/0001-60050701/motor-vehicles-motor-cycles/2009-hyundai-imax-tq-turbo-diesel-automatic-8-seats-people-mover,209.0,209.0,3,2d 3h 37m50s,51.631,Active,sa,SA,lot
2026-05-02T06:22:34.611178+00:00,https://www.grays.com/lot/0001-60050702/motor-vehicles-motor-cycles/2011-hyundai-iload-tq-turbo-diesel-manual-van,109.0,109.0,2,2d 3h 37m28s,51.624,Active,sa,SA,lot
2026-05-02T06:23:06.015008+00:00,https://www.grays.com/lot/0001-60050703/motor-vehicles-motor-cycles/2009-subaru-liberty-exiga-2-5i-premium-b5-cvt-wagon,309.0,309.0,4,2d 3h 36m56s,51.616,Active,sa,SA,lot
2026-05-02T06:23:30.492332+00:00,https://www.grays.com/lot/0001-60050706/motor-vehicles-motor-cycles/2015-mitsubishi-triton-4x4-glx-mn-turbo-diesel-manual-dual-cab,309.0,309.0,5,4d 0h 6m31s,96.109,Active,sa,SA,lot
2026-05-02T06:23:44.699186+00:00,https://www.grays.com/lot/0001-60050707/motor-vehicles-motor-cycles/2009-holden-captiva-sx-4wd-automatic-suv,9.0,9.0,1,4d 0h 6m17s,96.105,Active,nt,NT,lot
2026-05-02T06:24:01.373971+00:00,https://www.grays.com/lot/0001-60050708/motor-vehicles-motor-cycles/1999-mercedes-benz-clk430-automatic-coupe,309.0,309.0,3,4d 0h 6m1s,96.1,Active,nt,NT,lot
2026-05-02T06:24:33.455241+00:00,https://www.grays.com/lot/0001-60050709/motor-vehicles-motor-cycles/2001-mercedes-benz-e200k-classic-w210-automatic-sedan,1000.0,1000.0,18,3d 3h 35m28s,75.591,Active,sa,SA,lot
2026-05-02T06:25:04.385308+00:00,https://www.grays.com/lot/0001-60050711/motor-vehicles-motor-cycles/2011-bmw-x1-xdrive-20d-e84-turbo-diesel-automatic-wagon,909.0,909.0,19,3d 3h 34m58s,75.583,Active,sa,SA,lot
2026-05-02T06:25:30.964047+00:00,https://www.grays.com/lot/0001-60050712/motor-vehicles-motor-cycles/2016-subaru-outback-2-5i-b6a-cvt-wagon,5600.0,5600.0,4,3d 3h 34m31s,75.575,Active,sa,SA,lot
2026-05-02T06:26:02.745801+00:00,https://www.grays.com/lot/0001-60050713/motor-vehicles-motor-cycles/2012-nissan-navara-4x4-st-x550-d40-turbo-diesel-automatic-dual-cab,8500.0,8500.0,60,3d 3h 33m59s,75.566,Active,sa,SA,lot
2026-05-02T06:26:19.088596+00:00,https://www.grays.com/lot/0001-60050714/motor-vehicles-motor-cycles/2017-land-rover-discovery-sport-td4-180-hse-turbo-diesel-9-auto-wagon,10199.0,10199.0,20,3d 3h 33m43s,75.562,Active,sa,SA,lot
2026-05-02T06:27:01.168619+00:00,https://www.grays.com/lot/0001-60050715/motor-vehicles-motor-cycles/2015-subaru-outback-3-6r-premium-b6a-cvt-wagon,6600.0,6600.0,4,3d 3h 33m0s,75.55,Active,sa,SA,lot
2026-05-02T06:27:34.863414+00:00,https://www.grays.com/lot/0001-60050716/motor-vehicles-motor-cycles/2014-mazda-cx-5-maxx-sport-ke-turbo-diesel-automatic-wagon,1350.0,1350.0,13,4d 3h 32m27s,99.541,Active,sa,SA,lot
2026-05-02T06:28:19.531008+00:00,https://www.grays.com/lot/0001-60050718/motor-vehicles-motor-cycles/2007-toyota-hilux-4x2-sr-ggn15r-automatic-cab-chassis,109.0,109.0,2,4d 3h 31m43s,99.529,Active,sa,SA,lot
2026-05-02T08:30:12.311744+00:00,https://www.grays.com/lot/0003-23500011/motor-vehicles-motor-cycles/2016-mazda-cx-9-azami-petrol,7600.0,7600.0,56,3d 1h 29m48s,73.497,Active,melbourne,MELBOURNE,lot
2026-05-02T08:30:33.927815+00:00,https://www.grays.com/lot/0003-23500012/motor-vehicles-motor-cycles/2000-volvo-s40-se-petrol,409.0,409.0,10,2d 1h 29m28s,49.491,Active,melbourne,MELBOURNE,lot
2026-05-02T08:30:48.934102+00:00,https://www.grays.com/lot/0003-23500015/motor-vehicles-motor-cycles/2010-hyundai-imax-shuttle-petrol,109.0,109.0,2,4d 1h 29m13s,97.487,Active,melbourne,MELBOURNE,lot
2026-05-02T08:31:13.328996+00:00,https://www.grays.com/lot/0003-5062753/motor-vehicles-motor-cycles/2021-mitsubishi-triton-4x4-glx-adas-double-mr-td-at-crew-cab-chassis,6600.0,6600.0,54,4d 0h 58m47s,96.98,Active,nsw,NSW,lot
2026-05-02T08:31:41.824058+00:00,https://www.grays.com/lot/0004-23500008/motor-vehicles-motor-cycles/2017-land-rover-discovery-sport-td4-se-auto-wagon,5100.0,5100.0,58,2d 1h 28m19s,49.472,Active,melbourne,MELBOURNE,lot
2026-05-02T08:31:56.059906+00:00,https://www.grays.com/lot/0004-23500011/motor-vehicles-motor-cycles/2014-mini-cooper-s-petrol,7100.0,7100.0,36,3d 1h 28m5s,73.468,Active,melbourne,MELBOURNE,lot
2026-05-02T08:32:08.983632+00:00,https://www.grays.com/lot/0004-23500012/motor-vehicles-motor-cycles/2012-mazda-cx-5-maxx-sport-auto-awd-diesel-suv,209.0,209.0,4,2d 1h 27m52s,49.464,Active,melbourne,MELBOURNE,lot
2026-05-02T08:32:24.085483+00:00,https://www.grays.com/lot/0004-23500015/motor-vehicles-motor-cycles/2006-toyota-camry-altise-petrol,209.0,209.0,3,4d 1h 27m37s,97.46,Active,melbourne,MELBOURNE,lot
2026-05-02T08:32:34.464711+00:00,https://www.grays.com/lot/0005-23500009/motor-vehicles-motor-cycles/2006-volkswagen-golf-comfortline-petrol,1010.0,1010.0,9,1d 1h 27m26s,25.457,Active,melbourne,MELBOURNE,lot
2026-05-02T08:32:57.007818+00:00,https://www.grays.com/lot/0005-23500011/motor-vehicles-motor-cycles/2017-mini-cooper-petrol,2000.0,2000.0,11,3d 1h 27m4s,73.451,Active,melbourne,MELBOURNE,lot
2026-05-02T08:33:17.861712+00:00,https://www.grays.com/lot/0005-23500015/motor-vehicles-motor-cycles/2017-volkswagen-tiguan-comfortline-petrol,209.0,209.0,3,4d 1h 26m43s,97.445,Active,melbourne,MELBOURNE,lot
2026-05-02T08:33:47.440126+00:00,https://www.grays.com/lot/0006-23500008/motor-vehicles-motor-cycles/2007-volkswagen-golf-trendline-diesel,209.0,209.0,3,2d 1h 26m14s,49.437,Active,melbourne,MELBOURNE,lot
2026-05-02T08:42:06.722529+00:00,https://www.grays.com/lot/0001-21066037/motor-vehicles-motor-cycles/2011-mitsubishi-triton-4x4-glx-mn-automatic-dual-cab-wovr-inspected,909.0,909.0,12,1d 1h 17m55s,25.299,Active,vic,VIC,lot
2026-05-02T08:42:46.790739+00:00,https://www.grays.com/lot/0001-21066038/motor-vehicles-motor-cycles/2017-mercedes-benz-cla250-sport-4matic-c117-coupe-wovr-inspected,12500.0,12500.0,58,1d 1h 17m15s,25.288,Active,vic,VIC,lot
2026-05-02T08:43:26.126863+00:00,https://www.grays.com/lot/0001-21066045/motor-vehicles-motor-cycles/2009-mercedes-benz-c-class-c200-k-classic-wovr-inspected,2100.0,2100.0,21,1d 1h 16m35s,25.276,Active,vic,VIC,lot
2026-05-02T08:43:43.041037+00:00,https://www.grays.com/lot/0001-21066046/motor-vehicles-motor-cycles/2015-hyundai-i40-active-vf-turbo-diesel-automatic-wovr-inspected,9.0,9.0,0,3d 1h 16m18s,73.272,Active,vic,VIC,lot
2026-05-02T08:43:52.910564+00:00,https://www.grays.com/lot/0001-50715660/motor-vehicles-motor-cycles/2010-land-rover-freelander-automatic-wagon-wovr-inspected,9.0,9.0,0,4d 1h 16m9s,97.269,Active,qld,QLD,lot
2026-05-02T08:44:06.100451+00:00,https://www.grays.com/lot/0001-9068417/motor-vehicles-motor-cycles/2017-ford-ranger-xl-4x4-px-ii-t-d-auto-cab-chassis-wovr-repairable,309.0,309.0,4,3d 2h 45m55s,74.765,Active,wa,WA,lot
2026-05-02T08:44:23.282333+00:00,https://www.grays.com/lot/0001-9068452/motor-vehicles-motor-cycles/2014-bmw-3-series-320d-f30-turbo-diesel-automatic-wovr-inspected,800.0,800.0,11,3d 3h 15m38s,75.261,Active,wa,WA,lot
2026-05-02T08:44:41.529056+00:00,https://www.grays.com/lot/0001-9068454/motor-vehicles-motor-cycles/2006-nissan-navara-st-x-4x4-double-cab-d40-t-d-auto-wovr-inspected,609.0,609.0,13,3d 3h 15m20s,75.256,Active,wa,WA,lot
2026-05-02T08:45:13.065952+00:00,https://www.grays.com/lot/0001-9068456/motor-vehicles-motor-cycles/2008-holden-colorado-4x2-lx-3-6-v6-rc-manual-dual-cab-wovr-repairable,409.0,409.0,8,3d 3h 14m47s,75.246,Active,wa,WA,lot
2026-05-02T08:45:31.108962+00:00,https://www.grays.com/lot/0001-9068475/motor-vehicles-motor-cycles/2008-ford-falcon-xr6-fg-automatic-sedan-wovr-inspected,509.0,509.0,3,3d 3h 14m30s,75.242,Active,wa,WA,lot
2026-05-02T08:45:58.910395+00:00,https://www.grays.com/lot/0001-9068477/motor-vehicles-motor-cycles/2006-subaru-impreza-2-0i-awd-g2-automatic-hatchback-wovr-inspected,312.0,312.0,5,3d 3h 14m2s,75.234,Active,wa,WA,lot
2026-05-02T08:46:27.838303+00:00,https://www.grays.com/lot/0001-9068484/motor-vehicles-motor-cycles/2008-subaru-forester-xs-s3-automatic-wagon-wovr-inspected,9.0,9.0,0,4d 2h 43m34s,98.726,Active,wa,WA,lot
2026-05-02T08:46:44.066690+00:00,https://www.grays.com/lot/0017-23500015/motor-vehicles-motor-cycles/2014-holden-cruze-sri-v-petrol-wovr-inspected,9.0,9.0,0,4d 1h 13m17s,97.221,Active,melbourne,MELBOURNE,lot
2026-05-03T21:04:50.003747+00:00,https://www.grays.com/lot/0001-10353484/motor-vehicles-motor-cycles/2012-audi-a5-3-0-tdi-quattro-8t-turbo-diesel-automatic-sedan,3600.0,3600.0,16,12h 55m13s,12.92,Active,nsw,NSW,lot
2026-05-03T21:05:09.237982+00:00,https://www.grays.com/lot/0001-10353485/motor-vehicles-motor-cycles/2016-land-rover-discovery-sport-sd4-hse-turbo-diesel-9-auto-wagon,650.0,650.0,8,12h 54m53s,12.915,Active,nsw,NSW,lot
2026-05-03T21:05:32.005364+00:00,https://www.grays.com/lot/0001-10353486/motor-vehicles-motor-cycles/2015-audi-q5-2-0-tfsi-quattro-8r-automatic-8-speed-wagon,2009.0,2009.0,31,12h 54m30s,12.908,Active,nsw,NSW,lot
2026-05-03T21:06:27.813038+00:00,https://www.grays.com/lot/0001-10353489/motor-vehicles-motor-cycles/2011-holden-commodore-omega-ve-ii-automatic-sedan,409.0,409.0,5,12h 53m35s,12.893,Active,nsw,NSW,lot
2026-05-03T21:06:53.947458+00:00,https://www.grays.com/lot/0001-10353490/motor-vehicles-motor-cycles/2013-nissan-dualis-st-2-j10-iii-cvt-7-seats-wagon,609.0,609.0,8,12h 53m9s,12.886,Active,nsw,NSW,lot
2026-05-03T21:07:19.846651+00:00,https://www.grays.com/lot/0001-10353492/motor-vehicles-motor-cycles/2015-kia-carnival-platinum-yp-turbo-diesel-automatic-8-seats-people-mover,6500.0,6500.0,30,12h 52m43s,12.879,Active,nsw,NSW,lot
2026-05-03T21:07:45.949810+00:00,https://www.grays.com/lot/0001-10353493/motor-vehicles-motor-cycles/2013-nissan-pathfinder-st-r52-cvt-7-seats-wagon,309.0,309.0,4,12h 52m17s,12.871,Active,nsw,NSW,lot
2026-05-03T21:08:10.695613+00:00,https://www.grays.com/lot/0001-10353494/motor-vehicles-motor-cycles/2011-ford-falcon-fg-automatic-ute,1550.0,1550.0,16,12h 51m52s,12.864,Active,nsw,NSW,lot
2026-05-03T21:08:37.973140+00:00,https://www.grays.com/lot/0001-10353495/motor-vehicles-motor-cycles/2018-toyota-landcruiser-workmate-vdj79r-turbo-diesel-manual,15400.0,15400.0,101,12h 51m24s,12.857,Active,nsw,NSW,lot
2026-05-03T21:11:53.581594+00:00,https://www.grays.com/lot/0001-10353511/motor-vehicles-motor-cycles/2010-mercedes-benz-c200-cgi-w204-automatic-sedan,9.0,9.0,1,1d 12h 48m9s,36.802,Active,nsw,NSW,lot
2026-05-04T18:06:38.155661+00:00,https://www.grays.com/lot/0001-10353535/motor-vehicles-motor-cycles/2011-holden-captiva-5-2wd-cg-ii-automatic-wagon,9.0,9.0,1,,,Sold,nsw,NSW,lot
2026-05-04T18:07:54.519333+00:00,https://www.grays.com/lot/0001-10353540/motor-vehicles-motor-cycles/2023-toyota-camry-ascent-hybrid-axvh70r-cvt-sedan,15399.0,15399.0,69,,,Sold,nsw,NSW,lot
2026-05-04T18:17:30.300969+00:00,https://www.grays.com/lot/0001-50517973/motor-vehicles-motor-cycles/2010-subaru-liberty-2-5i-b5-cvt-sedan,9.0,9.0,1,,,Sold,qld,QLD,lot
2026-05-04T18:19:39.003602+00:00,https://www.grays.com/lot/0001-50715567/motor-vehicles-motor-cycles/2012-nissan-navara-4x4-st-d40-turbo-diesel-automatic-dual-cab,2309.0,2309.0,47,,,Sold,qld,QLD,lot
2026-05-04T18:28:30.437236+00:00,https://www.grays.com/lot/0001-50715652/motor-vehicles-motor-cycles/2009-audi-q5-2-0-tfsi-quattro-8r-automatic-wagon,109.0,109.0,2,,,Sold,qld,QLD,lot
2026-05-04T18:35:59.652920+00:00,https://www.grays.com/lot/0001-60050712/motor-vehicles-motor-cycles/2016-subaru-outback-2-5i-b6a-cvt-wagon,9100.0,9100.0,25,,,Sold,sa,SA,lot
2026-05-04T18:37:49.048172+00:00,https://www.grays.com/lot/0001-60050725/motor-vehicles-motor-cycles/2017-toyota-hilux-4x2-workmate-tgn121r-manual-cab-chassis,12100.0,12100.0,29,,,Sold,sa,SA,lot
2026-05-04T18:43:19.618649+00:00,https://www.grays.com/lot/0001-9068436/motor-vehicles-motor-cycles/2010-mazda-2-neo-de-automatic-hatchback,909.0,909.0,11,,,Sold,wa,WA,lot
2026-05-04T18:43:40.743536+00:00,https://www.grays.com/lot/0001-9068437/motor-vehicles-motor-cycles/2014-ford-ranger-xlt-4x4-px-turbo-diesel-automatic-dual-cab,5600.0,5600.0,80,,,Sold,wa,WA,lot
2026-05-04T18:51:57.259680+00:00,https://www.grays.com/lot/0001-9068496/motor-vehicles-motor-cycles/2013-kia-grand-carnival-s-vq-automatic-8-seats-people-mover,1200.0,1200.0,16,,,Sold,wa,WA,lot
2026-05-04T19:03:59.072382+00:00,https://www.grays.com/lot/0001-21066046/motor-vehicles-motor-cycles/2015-hyundai-i40-active-vf-turbo-diesel-automatic-wovr-inspected,309.0,309.0,6,,,Sold,vic,VIC,lot
2026-05-04T19:05:03.192253+00:00,https://www.grays.com/lot/0001-9068456/motor-vehicles-motor-cycles/2008-holden-colorado-4x2-lx-3-6-v6-rc-manual-dual-cab-wovr-repairable,409.0,409.0,8,,,Sold,wa,WA,lot
2026-05-04T19:05:41.350744+00:00,https://www.grays.com/lot/0001-9068484/motor-vehicles-motor-cycles/2008-subaru-forester-xs-s3-automatic-wagon-wovr-inspected,209.0,209.0,5,,,Sold,wa,WA,lot
2026-05-03T21:03:40.115729+00:00,https://www.grays.com/lot/0001-10353345/motor-vehicles-motor-cycles/2020-toyota-hilux-4x4-sr-gun126r-turbo-diesel-automatic-crew-cab-chassis,25400.0,25400.0,38,1d 12h 56m22s,36.939,Active,nsw,NSW,lot
2026-05-03T21:04:00.936904+00:00,https://www.grays.com/lot/0001-10353402/motor-vehicles-motor-cycles/2006-toyota-corolla-ascent-zze122r-manual-sedan,409.0,409.0,9,1d 12h 56m1s,36.934,Active,nsw,NSW,lot
2026-05-03T21:04:30.666125+00:00,https://www.grays.com/lot/0001-10353480/motor-vehicles-motor-cycles/2012-toyota-hiace-lwb-kdh201r-turbo-diesel-automatic-van,5200.0,5200.0,15,2d 12h 55m32s,60.926,Active,nsw,NSW,lot
2026-05-03T21:05:49.017672+00:00,https://www.grays.com/lot/0001-10353487/motor-vehicles-motor-cycles/2015-mercedes-benz-gla-class-gla200-cdi-x156-turbo-diesel-automatic-wagon,309.0,309.0,4,1d 12h 59m13s,36.987,Active,nsw,NSW,lot
2026-05-03T21:06:05.779930+00:00,https://www.grays.com/lot/0001-10353488/motor-vehicles-motor-cycles/2015-bmw-x3-xdrive-20d-f25-turbo-diesel-automatic-8-speed-wagon,3150.0,3150.0,55,1d 12h 58m56s,36.982,Active,nsw,NSW,lot
2026-05-03T21:09:00.835552+00:00,https://www.grays.com/lot/0001-10353501/motor-vehicles-motor-cycles/2014-audi-s3-2-0-tfsi-quattro-8v-automatic-sedan,9600.0,9600.0,123,1d 12h 51m1s,36.85,Active,nsw,NSW,lot
2026-05-03T21:09:22.296515+00:00,https://www.grays.com/lot/0001-10353502/motor-vehicles-motor-cycles/2016-ford-focus-trend-lz-automatic-sedan,9.0,9.0,1,2d 12h 50m40s,60.844,Active,nsw,NSW,lot
2026-05-03T21:09:46.633704+00:00,https://www.grays.com/lot/0001-10353503/motor-vehicles-motor-cycles/2005-mercedes-benz-c180-k-classic-w203-automatic-sedan,3000.0,3000.0,50,1d 12h 50m15s,36.838,Active,nsw,NSW,lot
2026-05-03T21:10:10.074291+00:00,https://www.grays.com/lot/0001-10353504/motor-vehicles-motor-cycles/2014-hyundai-santa-fe-elite-dm-turbo-diesel-automatic-7-seats-wagon,2209.0,2209.0,42,1d 12h 49m52s,36.831,Active,nsw,NSW,lot
2026-05-03T21:10:31.600687+00:00,https://www.grays.com/lot/0001-10353505/motor-vehicles-motor-cycles/2019-volkswagen-tiguan-allspace-162tsi-highline-5n-automatic-7-seats-wagon,10400.0,10400.0,133,1d 12h 49m30s,36.825,Active,nsw,NSW,lot
2026-05-03T21:10:50.749164+00:00,https://www.grays.com/lot/0001-10353506/motor-vehicles-motor-cycles/2013-jeep-wrangler-unlimited-overland-jk-automatic-wagon,9300.0,9300.0,53,1d 12h 49m12s,36.82,Active,nsw,NSW,lot
2026-05-03T21:11:14.687196+00:00,https://www.grays.com/lot/0001-10353508/motor-vehicles-motor-cycles/2010-mercedes-benz-c200-cgi-w204-automatic-sedan,609.0,609.0,9,1d 12h 48m48s,36.813,Active,nsw,NSW,lot
2026-05-03T21:11:40.357215+00:00,https://www.grays.com/lot/0001-10353509/motor-vehicles-motor-cycles/2014-renault-captur-expression-manual-wagon,1100.0,1100.0,10,1d 12h 48m22s,36.806,Active,nsw,NSW,lot
2026-05-03T21:12:13.779898+00:00,https://www.grays.com/lot/0001-10353513/motor-vehicles-motor-cycles/2017-volkswagen-2kn-fwd-automatic-caddy-van,3109.0,3109.0,55,2d 12h 17m49s,60.297,Active,"5-11 bay street, botany,",BOTANY,lot
2026-05-03T21:12:30.282621+00:00,https://www.grays.com/lot/0001-10353514/motor-vehicles-motor-cycles/2010-toyota-hilux-150-manual-ute,4059.0,4059.0,137,2d 12h 17m32s,60.292,Active,"5-11 bay street, botany,",BOTANY,lot
2026-05-03T21:12:59.546540+00:00,https://www.grays.com/lot/0001-10353517/motor-vehicles-motor-cycles/2012-toyota-camry-hybrid-h-avv50r-cvt-sedan,5300.0,5300.0,30,2d 12h 47m3s,60.784,Active,nsw,NSW,lot
2026-05-03T21:13:21.882796+00:00,https://www.grays.com/lot/0001-10353521/motor-vehicles-motor-cycles/2013-subaru-xv-2-0i-g4x-cvt-hatchback,109.0,109.0,2,2d 12h 46m40s,60.778,Active,nsw,NSW,lot
2026-05-04T18:03:35.481385+00:00,https://www.grays.com/lot/0001-10353523/motor-vehicles-motor-cycles/2016-hyundai-accent-active-rb-cvt-hatchback,4900.0,4900.0,74,1d 15h 56m26s,39.941,Active,nsw,NSW,lot
2026-05-04T18:03:53.068845+00:00,https://www.grays.com/lot/0001-10353524/motor-vehicles-motor-cycles/2014-bmw-x5-xdrive-40d-f15-turbo-diesel-automatic-8-speed-wagon,2209.0,2209.0,23,1d 15h 56m9s,39.936,Active,nsw,NSW,lot
2026-05-04T18:04:08.918795+00:00,https://www.grays.com/lot/0001-10353525/motor-vehicles-motor-cycles/2018-mazda-cx-8-sport-fwd-kg-turbo-diesel-automatic-7-seats-wagon,9.0,9.0,1,1d 15h 55m54s,39.932,Active,nsw,NSW,lot
2026-05-04T18:04:20.856491+00:00,https://www.grays.com/lot/0001-10353526/motor-vehicles-motor-cycles/2015-renault-captur-expression-automatic-wagon,309.0,309.0,4,1d 15h 55m41s,39.928,Active,nsw,NSW,lot
2026-05-04T18:04:39.323443+00:00,https://www.grays.com/lot/0001-10353527/motor-vehicles-motor-cycles/2017-hyundai-santa-fe-elite-dm-ii-turbo-diesel-automatic-7-seats-wagon,609.0,609.0,7,1d 15h 55m22s,39.923,Active,nsw,NSW,lot
2026-05-04T18:04:53.510302+00:00,https://www.grays.com/lot/0001-10353528/motor-vehicles-motor-cycles/2017-mitsubishi-lancer-black-edition-cf-cvt-sedan,509.0,509.0,8,1d 15h 55m8s,39.919,Active,nsw,NSW,lot
2026-05-04T18:05:08.119282+00:00,https://www.grays.com/lot/0001-10353529/motor-vehicles-motor-cycles/2010-toyota-hilux-sr-4x4-kun26r-turbo-diesel-manual-crew-cab-chassis,4100.0,4100.0,16,1d 15h 54m53s,39.915,Active,nsw,NSW,lot
2026-05-04T18:05:22.335577+00:00,https://www.grays.com/lot/0001-10353530/motor-vehicles-motor-cycles/2021-jeep-grand-cherokee-blackhawk-4x4-wk-turbo-diesel-at-8-speed-wagon,5800.0,5800.0,42,1d 15h 54m39s,39.911,Active,nsw,NSW,lot
2026-05-04T18:05:35.546321+00:00,https://www.grays.com/lot/0001-10353531/motor-vehicles-motor-cycles/2023-toyota-camry-ascent-hybrid-axvh70r-cvt-sedan,13000.0,13000.0,41,1d 15h 54m26s,39.907,Active,nsw,NSW,lot
2026-05-04T18:05:51.369754+00:00,https://www.grays.com/lot/0001-10353532/motor-vehicles-motor-cycles/2016-mazda-2-neo-dl-series-manual-hatchback,809.0,809.0,11,1d 15h 54m13s,39.904,Active,nsw,NSW,lot
2026-05-04T18:06:07.890725+00:00,https://www.grays.com/lot/0001-10353533/motor-vehicles-motor-cycles/2008-bmw-x5-3-0sd-e70-turbo-diesel-automatic-7-seats-wagon,1309.0,1309.0,24,1d 15h 53m55s,39.899,Active,nsw,NSW,lot
2026-05-04T18:06:19.876449+00:00,https://www.grays.com/lot/0001-10353534/motor-vehicles-motor-cycles/2015-renault-captur-expression-automatic-wagon,1209.0,1209.0,13,1d 15h 53m41s,39.895,Active,nsw,NSW,lot
2026-05-04T18:06:55.481691+00:00,https://www.grays.com/lot/0001-10353536/motor-vehicles-motor-cycles/2012-audi-a4-2-0-tfsi-quattro-b8-automatic-sedan,4100.0,4100.0,23,1d 15h 53m6s,39.885,Active,nsw,NSW,lot
2026-05-04T18:07:11.049396+00:00,https://www.grays.com/lot/0001-10353537/motor-vehicles-motor-cycles/2012-subaru-impreza-2-0i-l-g4-cvt-sedan,800.0,800.0,5,1d 15h 52m50s,39.881,Active,nsw,NSW,lot
2026-05-04T18:07:24.811730+00:00,https://www.grays.com/lot/0001-10353538/motor-vehicles-motor-cycles/2015-jeep-grand-cherokee-limited-wk-turbo-diesel-automatic-8-speed-wagon,409.0,409.0,5,1d 15h 52m37s,39.877,Active,nsw,NSW,lot
2026-05-04T18:07:38.433312+00:00,https://www.grays.com/lot/0001-10353539/motor-vehicles-motor-cycles/2016-hyundai-elantra-active-ad-automatic-sedan,6900.0,6900.0,91,1d 15h 52m22s,39.873,Active,nsw,NSW,lot
2026-05-04T18:08:08.695470+00:00,https://www.grays.com/lot/0001-10353542/motor-vehicles-motor-cycles/2016-hyundai-accent-active-rb-cvt-hatchback,1400.0,1400.0,5,1d 15h 51m53s,39.865,Active,nsw,NSW,lot
2026-05-04T18:08:25.547234+00:00,https://www.grays.com/lot/0001-10353543/motor-vehicles-motor-cycles/2012-mazda-3-neo-bl-automatic-sedan,809.0,809.0,11,1d 15h 51m35s,39.86,Active,nsw,NSW,lot
2026-05-04T18:08:51.995222+00:00,https://www.grays.com/lot/0001-10353544/motor-vehicles-motor-cycles/2014-holden-calais-v-vf-automatic-sedan,2009.0,2009.0,25,1d 15h 51m9s,39.852,Active,nsw,NSW,lot
2026-05-04T18:09:06.070233+00:00,https://www.grays.com/lot/0001-10353546/motor-vehicles-motor-cycles/2015-holden-cruze-cd-sportwagon-jh-automatic-wagon,109.0,109.0,2,1d 15h 50m56s,39.849,Active,nsw,NSW,lot
2026-05-04T18:09:21.081539+00:00,https://www.grays.com/lot/0001-10353547/motor-vehicles-motor-cycles/2012-nissan-leaf-direct-drive-hatchback,1409.0,1409.0,26,1d 15h 50m41s,39.845,Active,nsw,NSW,lot
2026-05-04T18:09:42.472979+00:00,https://www.grays.com/lot/0001-10353548/motor-vehicles-motor-cycles/2013-kia-sorento-platinum-xm-turbo-diesel-automatic-7-seats-wagon,2009.0,2009.0,29,1d 15h 50m19s,39.839,Active,nsw,NSW,lot
2026-05-04T18:09:57.989474+00:00,https://www.grays.com/lot/0001-10353550/motor-vehicles-motor-cycles/2015-mazda-cx-5-akera-ke-turbo-diesel-automatic-wagon,1009.0,1009.0,11,1d 15h 50m3s,39.834,Active,nsw,NSW,lot
2026-05-04T18:10:11.911816+00:00,https://www.grays.com/lot/0001-10353551/motor-vehicles-motor-cycles/2010-subaru-impreza-wrx-g3-manual-sedan,209.0,209.0,3,1d 15h 49m52s,39.831,Active,nsw,NSW,lot
2026-05-04T18:10:25.068019+00:00,https://www.grays.com/lot/0001-10353552/motor-vehicles-motor-cycles/2017-hyundai-i30-active-pd-automatic-hatchback,4500.0,4500.0,10,1d 15h 49m35s,39.826,Active,nsw,NSW,lot
2026-05-04T18:10:39.542042+00:00,https://www.grays.com/lot/0001-10353553/motor-vehicles-motor-cycles/2009-subaru-impreza-wrx-awd-g3-manual-sedan,409.0,409.0,5,1d 15h 49m21s,39.823,Active,nsw,NSW,lot
2026-05-04T18:10:50.696124+00:00,https://www.grays.com/lot/0001-10913048/motor-vehicles-motor-cycles/2018-volvo-xc60-t5-momentum-automatic-8-speed-wagon,5011.0,5011.0,82,1d 15h 49m10s,39.819,Active,nsw,NSW,lot
2026-05-04T18:11:00.616180+00:00,https://www.grays.com/lot/0001-21065983/motor-vehicles-motor-cycles/2008-subaru-liberty-gt-spec-b-b4-automatic-wagon,1509.0,1509.0,24,15h 49m1s,15.817,Active,vic,VIC,lot
2026-05-04T18:11:09.874041+00:00,https://www.grays.com/lot/0001-21066039/motor-vehicles-motor-cycles/2008-toyota-yaris-yr-ncp90r-automatic-hatchback,1209.0,1209.0,21,1d 15h 48m51s,39.814,Active,vic,VIC,lot
2026-05-04T18:11:19.459559+00:00,https://www.grays.com/lot/0001-21066040/motor-vehicles-motor-cycles/2018-mazda-cx-5-touring-kf-automatic-wagon,13300.0,13300.0,102,15h 48m42s,15.812,Active,vic,VIC,lot
2026-05-04T18:11:32.388597+00:00,https://www.grays.com/lot/0001-21066042/motor-vehicles-motor-cycles/2015-mazda-cx-5-akera-ke-turbo-diesel-automatic-wagon,5100.0,5100.0,44,15h 48m29s,15.808,Active,vic,VIC,lot
2026-05-04T18:11:43.493761+00:00,https://www.grays.com/lot/0001-21066065/motor-vehicles-motor-cycles/2021-subaru-forester-2-5i-s-s5-cvt-wagon,16100.0,16100.0,42,15h 48m18s,15.805,Active,vic,VIC,lot
2026-05-04T18:11:54.863416+00:00,https://www.grays.com/lot/0001-21066067/motor-vehicles-motor-cycles/2001-toyota-corolla-conquest-ae112r-automatic-hatchback,809.0,809.0,16,15h 48m7s,15.802,Active,vic,VIC,lot
2026-05-04T18:12:15.775814+00:00,https://www.grays.com/lot/0001-21066071/motor-vehicles-motor-cycles/2018-volkswagen-tiguan-r-line-allspace-162tsi-highline-at-7-seats-wagon,5409.0,5409.0,97,1d 15h 47m45s,39.796,Active,vic,VIC,lot
2026-05-04T18:12:27.559170+00:00,https://www.grays.com/lot/0001-21066073/motor-vehicles-motor-cycles/2008-land-rover-range-rover-sport-tdv6-turbo-diesel-automatic-wagon,1210.0,1210.0,11,1d 15h 47m35s,39.793,Active,vic,VIC,lot
2026-05-04T18:12:39.462417+00:00,https://www.grays.com/lot/0001-21066074/motor-vehicles-motor-cycles/2015-hyundai-tucson-active-x-tl-automatic-wagon,1400.0,1400.0,9,1d 15h 47m23s,39.79,Active,vic,VIC,lot
2026-05-04T18:12:50.055096+00:00,https://www.grays.com/lot/0001-21066075/motor-vehicles-motor-cycles/2013-mercedes-benz-ml250-bluetec-w166-turbo-diesel-automatic-wagon,909.0,909.0,10,1d 15h 47m12s,39.787,Active,vic,VIC,lot
2026-05-04T18:13:00.473320+00:00,https://www.grays.com/lot/0001-21066076/motor-vehicles-motor-cycles/2014-mazda-6-atenza-gj-turbo-diesel-automatic-wagon,409.0,409.0,9,1d 15h 47m1s,39.784,Active,vic,VIC,lot
2026-05-04T18:13:19.233810+00:00,https://www.grays.com/lot/0001-21066079/motor-vehicles-motor-cycles/2014-ford-kuga-awd-titanium-tf-turbo-diesel-automatic-wagon,909.0,909.0,10,1d 15h 46m43s,39.779,Active,vic,VIC,lot
2026-05-04T18:13:28.813484+00:00,https://www.grays.com/lot/0001-21066080/motor-vehicles-motor-cycles/2011-bmw-520d-520d-f10-turbo-diesel-automatic-8-speed-sedan,5100.0,5100.0,73,1d 15h 46m35s,39.776,Active,vic,VIC,lot
2026-05-04T18:13:42.348757+00:00,https://www.grays.com/lot/0001-21066082/motor-vehicles-motor-cycles/2014-bmw-x3-xdrive-20d-f25-turbo-diesel-automatic-8-speed-wagon,3100.0,3100.0,39,1d 15h 46m21s,39.773,Active,vic,VIC,lot
2026-05-04T18:13:52.398075+00:00,https://www.grays.com/lot/0001-21066083/motor-vehicles-motor-cycles/2016-mercedes-benz-c-class-c250-w205-automatic-sedan,10600.0,10600.0,70,1d 15h 46m10s,39.769,Active,vic,VIC,lot
2026-05-04T18:14:03.476476+00:00,https://www.grays.com/lot/0001-21066084/motor-vehicles-motor-cycles/2017-audi-q7-3-0-tdi-quattro-4m-turbo-diesel-auto-8-speed-7-seats-wagon,10100.0,10100.0,105,1d 15h 45m58s,39.766,Active,vic,VIC,lot
2026-05-04T18:14:14.292526+00:00,https://www.grays.com/lot/0001-21066085/motor-vehicles-motor-cycles/2018-ford-everest-trend-4wd-ua-turbo-diesel-automatic-7-seats-wagon,6400.0,6400.0,56,1d 15h 45m48s,39.763,Active,vic,VIC,lot
2026-05-04T18:14:24.986862+00:00,https://www.grays.com/lot/0001-21066087/motor-vehicles-motor-cycles/2017-hyundai-tucson-active-fwd-tl-automatic-wagon,8409.0,8409.0,157,1d 15h 45m36s,39.76,Active,vic,VIC,lot
2026-05-04T18:14:36.747658+00:00,https://www.grays.com/lot/0001-21066088/motor-vehicles-motor-cycles/2014-nissan-pathfinder-st-r52-cvt-7-seats-wagon,609.0,609.0,13,1d 15h 45m25s,39.757,Active,vic,VIC,lot
2026-05-04T18:14:45.853519+00:00,https://www.grays.com/lot/0001-21066089/motor-vehicles-motor-cycles/2015-kia-cerato-s-yd-automatic-sedan,1600.0,1600.0,14,1d 15h 45m15s,39.754,Active,vic,VIC,lot
2026-05-04T18:14:55.564171+00:00,https://www.grays.com/lot/0001-21066090/motor-vehicles-motor-cycles/2010-audi-q5-3-0-tdi-quattro-8r-turbo-diesel-automatic-wagon,209.0,209.0,3,1d 15h 45m6s,39.752,Active,vic,VIC,lot
2026-05-04T18:15:06.932200+00:00,https://www.grays.com/lot/0001-23500015/motor-vehicles-motor-cycles/2012-ford-territory-ts-petrol,1209.0,1209.0,25,1d 15h 44m55s,39.749,Active,melbourne,MELBOURNE,lot
2026-05-04T18:15:17.772980+00:00,https://www.grays.com/lot/0001-23500018/motor-vehicles-motor-cycles/2016-mercedes-benz-c-class-c63-amg-s-petrol,48200.0,48200.0,203,15h 44m47s,15.746,Active,melbourne,MELBOURNE,lot
2026-05-04T18:15:31.241173+00:00,https://www.grays.com/lot/0001-50517965/motor-vehicles-motor-cycles/2010-suzuki-sx4-awd-s-gy-cvt-hatchback,709.0,709.0,8,1d 15h 44m31s,39.742,Active,qld,QLD,lot
2026-05-04T18:16:25.361104+00:00,https://www.grays.com/lot/0001-50517966/motor-vehicles-motor-cycles/2007-nissan-tiida-st-l-c11-manual-hatchback,209.0,209.0,4,15h 43m39s,15.728,Active,qld,QLD,lot
2026-05-04T18:16:51.205990+00:00,https://www.grays.com/lot/0001-50517967/motor-vehicles-motor-cycles/2017-holden-astra-r-bk-automatic-hatchback,1900.0,1900.0,30,1d 15h 43m20s,39.722,Active,qld,QLD,lot
2026-05-04T18:17:04.038166+00:00,https://www.grays.com/lot/0001-50517970/motor-vehicles-motor-cycles/2014-hyundai-i20-active-pb-automatic-hatchback,109.0,109.0,2,1d 15h 42m58s,39.716,Active,qld,QLD,lot
2026-05-04T18:17:18.434044+00:00,https://www.grays.com/lot/0001-50517972/motor-vehicles-motor-cycles/2013-audi-a5-2-0-tfsi-quattro-8t-automatic-hatchback,1600.0,1600.0,12,1d 15h 42m42s,39.712,Active,qld,QLD,lot
2026-05-04T18:17:52.014014+00:00,https://www.grays.com/lot/0001-50517974/motor-vehicles-motor-cycles/2010-volkswagen-golf-r-a6-automatic-hatchback,5600.0,5600.0,38,1d 15h 42m9s,39.703,Active,qld,QLD,lot
2026-05-04T18:18:04.611689+00:00,https://www.grays.com/lot/0001-50517975/motor-vehicles-motor-cycles/2016-hyundai-i30-active-x-gd-ii-turbo-diesel-automatic-hatchback,109.0,109.0,3,1d 15h 41m57s,39.699,Active,qld,QLD,lot
2026-05-04T18:18:16.157784+00:00,https://www.grays.com/lot/0001-50517976/motor-vehicles-motor-cycles/2016-hyundai-accent-active-rb-cvt-hatchback,909.0,909.0,10,1d 15h 41m46s,39.696,Active,qld,QLD,lot
2026-05-04T18:18:26.261349+00:00,https://www.grays.com/lot/0001-50517977/motor-vehicles-motor-cycles/2018-mercedes-benz-c-class-c300-w205-9-auto-sedan,10800.0,10800.0,54,1d 15h 41m35s,39.693,Active,qld,QLD,lot
2026-05-04T18:18:39.849942+00:00,https://www.grays.com/lot/0001-50517978/motor-vehicles-motor-cycles/2014-volkswagen-golf-103tsi-highline-a7-automatic-hatchback,109.0,109.0,2,1d 15h 41m22s,39.689,Active,qld,QLD,lot
2026-05-04T18:18:51.477897+00:00,https://www.grays.com/lot/0001-50517979/motor-vehicles-motor-cycles/2010-suzuki-swift-ez-automatic-hatchback,1409.0,1409.0,19,1d 15h 41m11s,39.686,Active,qld,QLD,lot
2026-05-04T18:19:00.846039+00:00,https://www.grays.com/lot/0001-50517980/motor-vehicles-motor-cycles/2012-chrysler-300-c-luxury-lx-automatic-8-speed-sedan,709.0,709.0,10,1d 15h 41m1s,39.684,Active,qld,QLD,lot
2026-05-04T18:19:11.998734+00:00,https://www.grays.com/lot/0001-5062753/motor-vehicles-motor-cycles/2020-mitsubishi-triton-4x4-glx-adas-double-mr-t-d-auto-crew-cab-chassis,15100.0,15100.0,136,1d 15h 10m50s,39.181,Active,nsw,NSW,lot
2026-05-04T18:19:28.766035+00:00,https://www.grays.com/lot/0001-50715478/motor-vehicles-motor-cycles/2015-mazda-cx-5-maxx-sport-ke-turbo-diesel-automatic-wagon,809.0,809.0,9,1d 15h 40m32s,39.676,Active,qld,QLD,lot
2026-05-04T18:19:49.366335+00:00,https://www.grays.com/lot/0001-50715571/motor-vehicles-motor-cycles/2014-jeep-cherokee-limited-4x4-kl-automatic-wagon,109.0,109.0,2,1d 15h 40m12s,39.67,Active,qld,QLD,lot
2026-05-04T18:20:01.586504+00:00,https://www.grays.com/lot/0001-50715572/motor-vehicles-motor-cycles/2017-volkswagen-amarok-tdi420-core-2h-td-auto-8-speed-dual-cab,209.0,209.0,3,1d 15h 40m0s,39.667,Active,qld,QLD,lot
2026-05-04T18:20:11.843098+00:00,https://www.grays.com/lot/0001-50715573/motor-vehicles-motor-cycles/2012-subaru-xv-2-0i-l-g4x-cvt-hatchback,849.0,849.0,12,1d 15h 39m49s,39.664,Active,qld,QLD,lot
2026-05-04T18:20:24.101949+00:00,https://www.grays.com/lot/0001-50715576/motor-vehicles-motor-cycles/2017-volkswagen-amarok-tdi550-v6-highline-2h-my18-automatic-dual-cab-ute,4000.0,4000.0,40,15h 39m38s,15.661,Active,qld,QLD,lot
2026-05-04T18:20:39.311729+00:00,https://www.grays.com/lot/0001-50715577/motor-vehicles-motor-cycles/2021-mitsubishi-express-glx-swb-sn-turbo-diesel-manual-van,1900.0,1900.0,33,15h 39m21s,15.656,Active,qld,QLD,lot
2026-05-04T18:21:01.775380+00:00,https://www.grays.com/lot/0001-50715584/motor-vehicles-motor-cycles/2013-nissan-pathfinder-st-r52-cvt-7-seats-wagon,9.0,9.0,1,1d 15h 39m0s,39.65,Active,qld,QLD,lot
2026-05-04T18:21:12.864383+00:00,https://www.grays.com/lot/0001-50715585/motor-vehicles-motor-cycles/2011-nissan-navara-4x4-st-x550-d40-turbo-diesel-automatic-dual-cab,9.0,9.0,0,1d 15h 38m48s,39.647,Active,qld,QLD,lot
2026-05-04T18:21:22.471929+00:00,https://www.grays.com/lot/0001-50715589/motor-vehicles-motor-cycles/2015-mazda-cx-5-maxx-sport-ke-turbo-diesel-automatic-wagon,9.0,9.0,0,15h 38m38s,15.644,Active,qld,QLD,lot
2026-05-04T18:21:32.768848+00:00,https://www.grays.com/lot/0001-50715596/motor-vehicles-motor-cycles/2008-suzuki-swift-ez-automatic-hatchback,609.0,609.0,7,1d 15h 38m27s,39.641,Active,qld,QLD,lot
2026-05-04T18:21:43.981550+00:00,https://www.grays.com/lot/0001-50715602/motor-vehicles-motor-cycles/2010-nissan-navara-st-x-4x4-double-cab-d40-turbo-diesel-manual-dual-cab,9.0,9.0,0,1d 15h 38m16s,39.638,Active,qld,QLD,lot
2026-05-04T18:21:52.892387+00:00,https://www.grays.com/lot/0001-50715604/motor-vehicles-motor-cycles/2015-jeep-grand-cherokee-laredo-wk-automatic-8-speed-wagon,9.0,9.0,1,1d 15h 38m8s,39.636,Active,qld,QLD,lot
2026-05-04T18:22:04.187777+00:00,https://www.grays.com/lot/0001-50715605/motor-vehicles-motor-cycles/2013-holden-colorado-4x4-lx-rg-turbo-diesel-manual-dual-cab,209.0,209.0,3,1d 15h 37m57s,39.633,Active,qld,QLD,lot
2026-05-04T18:22:17.465721+00:00,https://www.grays.com/lot/0001-50715606/motor-vehicles-motor-cycles/2006-toyota-rav-4-cv-aca33r-automatic-wagon,409.0,409.0,5,15h 37m45s,15.629,Active,qld,QLD,lot
2026-05-04T18:22:31.777663+00:00,https://www.grays.com/lot/0001-50715613/motor-vehicles-motor-cycles/2017-mitsubishi-triton-4x4-glx-l-e-mq-turbo-diesel-manual-dual-cab,609.0,609.0,9,1d 15h 37m33s,39.626,Active,qld,QLD,lot
2026-05-04T18:22:43.969375+00:00,https://www.grays.com/lot/0001-50715614/motor-vehicles-motor-cycles/2009-kia-rio-lx-jb-manual-hatchback,9.0,9.0,0,1d 15h 37m19s,39.622,Active,qld,QLD,lot
2026-05-04T18:22:56.649768+00:00,https://www.grays.com/lot/0001-50715615/motor-vehicles-motor-cycles/2012-holden-colorado-4x4-ltz-rg-turbo-diesel-manual-dual-cab,5010.0,5010.0,24,1d 15h 37m4s,39.618,Active,qld,QLD,lot
2026-05-04T18:23:25.753213+00:00,https://www.grays.com/lot/0001-50715616/motor-vehicles-motor-cycles/2013-holden-colorado-4x4-ltz-rg-turbo-diesel-manual-dual-cab,650.0,650.0,9,1d 15h 36m36s,39.61,Active,qld,QLD,lot
2026-05-04T18:23:37.074297+00:00,https://www.grays.com/lot/0001-50715619/motor-vehicles-motor-cycles/2020-isuzu-mu-x-4x4-ls-t-turbo-diesel-automatic-7-seats-wagon,709.0,709.0,9,1d 15h 36m24s,39.607,Active,qld,QLD,lot
2026-05-04T18:23:50.029207+00:00,https://www.grays.com/lot/0001-50715620/motor-vehicles-motor-cycles/2015-jeep-cherokee-limited-4x4-kl-automatic-wagon,309.0,309.0,4,1d 15h 36m11s,39.603,Active,qld,QLD,lot
2026-05-04T18:24:05.526298+00:00,https://www.grays.com/lot/0001-50715621/motor-vehicles-motor-cycles/2014-subaru-forester-2-0xt-premium-s4-cvt-wagon,9.0,9.0,1,1d 15h 35m58s,39.599,Active,qld,QLD,lot
2026-05-04T18:24:22.232718+00:00,https://www.grays.com/lot/0001-50715622/motor-vehicles-motor-cycles/2016-jeep-grand-cherokee-laredo-wk-automatic-8-speed-wagon,1200.0,1200.0,12,1d 15h 35m38s,39.594,Active,qld,QLD,lot
2026-05-04T18:24:33.687769+00:00,https://www.grays.com/lot/0001-50715623/motor-vehicles-motor-cycles/2016-kia-sorento-platinum-um-turbo-diesel-automatic-7-seats-wagon,309.0,309.0,4,1d 15h 35m28s,39.591,Active,qld,QLD,lot
2026-05-04T18:24:46.358861+00:00,https://www.grays.com/lot/0001-50715624/motor-vehicles-motor-cycles/2017-land-rover-discovery-sport-td4-150-se-tdl-9-auto-7-seats-wagon,2309.0,2309.0,20,1d 15h 35m16s,39.588,Active,qld,QLD,lot
2026-05-04T18:24:54.740806+00:00,https://www.grays.com/lot/0001-50715625/motor-vehicles-motor-cycles/2019-nissan-navara-rwd-manual-ute,309.0,309.0,4,15h 35m6s,15.585,Active,qld,QLD,lot
2026-05-04T18:25:04.480620+00:00,https://www.grays.com/lot/0001-50715628/motor-vehicles-motor-cycles/2011-hyundai-ix35-active-fwd-lm-automatic-wagon,1209.0,1209.0,17,15h 34m57s,15.582,Active,qld,QLD,lot
2026-05-04T18:25:18.386603+00:00,https://www.grays.com/lot/0001-50715631/motor-vehicles-motor-cycles/2018-volkswagen-amarok-tdi550-sportline-2h-td-auto-8-speed-dual-cab,3100.0,3100.0,28,1d 15h 34m45s,39.579,Active,qld,QLD,lot
2026-05-04T18:25:29.046909+00:00,https://www.grays.com/lot/0001-50715633/motor-vehicles-motor-cycles/2011-subaru-forester-xs-s3-automatic-wagon,9.0,9.0,1,1d 15h 34m34s,39.576,Active,qld,QLD,lot
2026-05-04T18:25:39.039998+00:00,https://www.grays.com/lot/0001-50715638/motor-vehicles-motor-cycles/2011-nissan-navara-st-4x4-d40-turbo-diesel-automatic-dual-cab,4401.0,4401.0,5,1d 15h 34m23s,39.573,Active,qld,QLD,lot
2026-05-04T18:25:48.538796+00:00,https://www.grays.com/lot/0001-50715639/motor-vehicles-motor-cycles/2012-audi-q3-2-0-tfsi-quattro-8u-automatic-wagon,309.0,309.0,6,1d 15h 34m13s,39.57,Active,qld,QLD,lot
2026-05-04T18:26:00.321585+00:00,https://www.grays.com/lot/0001-50715640/motor-vehicles-motor-cycles/2014-jeep-grand-cherokee-laredo-wk-automatic-8-speed-wagon,9.0,9.0,0,1d 15h 34m1s,39.567,Active,qld,QLD,lot
2026-05-04T18:26:10.563311+00:00,https://www.grays.com/lot/0001-50715641/motor-vehicles-motor-cycles/2018-toyota-hilux-4x4-sr5-gun126r-turbo-diesel-automatic-dual-cab,21000.0,21000.0,97,1d 15h 33m51s,39.564,Active,qld,QLD,lot
2026-05-04T18:26:23.353092+00:00,https://www.grays.com/lot/0001-50715642/motor-vehicles-motor-cycles/2017-land-rover-discovery-sport-td4-150-se-turbo-diesel-auto-7-seats-wagon,1318.0,1318.0,18,1d 15h 33m40s,39.561,Active,qld,QLD,lot
2026-05-04T18:26:38.766212+00:00,https://www.grays.com/lot/0001-50715645/motor-vehicles-motor-cycles/2010-mazda-6-diesel-gh-turbo-diesel-manual-wagon,109.0,109.0,3,15h 33m23s,15.556,Active,qld,QLD,lot
2026-05-04T18:27:03.317881+00:00,https://www.grays.com/lot/0001-50715646/motor-vehicles-motor-cycles/2014-holden-trax-ls-tj-automatic-wagon,9.0,9.0,0,1d 15h 33m0s,39.55,Active,qld,QLD,lot
2026-05-04T18:27:34.015615+00:00,https://www.grays.com/lot/0001-50715648/motor-vehicles-motor-cycles/2017-mitsubishi-pajero-sport-exceed-qe-td-auto-8-speed-7-seats-wagon,4100.0,4100.0,41,1d 15h 32m28s,39.541,Active,qld,QLD,lot
2026-05-04T18:27:46.624971+00:00,https://www.grays.com/lot/0001-50715650/motor-vehicles-motor-cycles/2011-mercedes-benz-e250-cdi-blueeff-avantgarde-a207-auto-convertible,2600.0,2600.0,3,1d 15h 32m17s,39.538,Active,qld,QLD,lot
2026-05-04T18:28:16.780133+00:00,https://www.grays.com/lot/0001-50715651/motor-vehicles-motor-cycles/2018-ford-transit-custom-340l-lwb-vn-turbo-diesel-automatic-van,6100.0,6100.0,71,1d 15h 32m8s,39.536,Active,qld,QLD,lot
2026-05-04T18:28:47.439927+00:00,https://www.grays.com/lot/0001-50715653/motor-vehicles-motor-cycles/2017-audi-q7-3-0-tdi-quattro-4m-turbo-diesel-auto-8-speed-7-seats-wagon,9409.0,9409.0,178,1d 15h 31m15s,39.521,Active,qld,QLD,lot
2026-05-04T18:29:10.072981+00:00,https://www.grays.com/lot/0001-50715654/motor-vehicles-motor-cycles/2009-holden-ute-omega-omega-ve-automatic-ute,509.0,509.0,7,1d 15h 31m2s,39.517,Active,qld,QLD,lot
2026-05-04T18:29:36.480114+00:00,https://www.grays.com/lot/0001-50715655/motor-vehicles-motor-cycles/2018-hyundai-tucson-highlander-awd-tl-automatic-wagon,409.0,409.0,5,1d 15h 30m25s,39.507,Active,qld,QLD,lot
2026-05-04T18:29:49.984376+00:00,https://www.grays.com/lot/0001-50715657/motor-vehicles-motor-cycles/2016-volkswagen-golf-92tsi-a7-automatic-hatchback,3100.0,3100.0,36,1d 15h 30m12s,39.503,Active,qld,QLD,lot
2026-05-04T18:30:03.009335+00:00,https://www.grays.com/lot/0001-50715658/motor-vehicles-motor-cycles/2014-ford-ranger-xls-4x4-px-turbo-diesel-manual-dual-cab,1209.0,1209.0,21,1d 15h 29m59s,39.5,Active,qld,QLD,lot
2026-05-04T18:30:17.518534+00:00,https://www.grays.com/lot/0001-50715659/motor-vehicles-motor-cycles/2006-volkswagen-caddy-life-1-9-tdi-turbo-diesel-auto-7-seats-people-mover,2400.0,2400.0,45,1d 15h 29m44s,39.496,Active,qld,QLD,lot
2026-05-04T18:31:13.164056+00:00,https://www.grays.com/lot/0001-50715662/motor-vehicles-motor-cycles/2018-mitsubishi-triton-4x4-glx-mq-turbo-diesel-automatic-dual-cab,1309.0,1309.0,15,1d 15h 28m53s,39.481,Active,qld,QLD,lot
2026-05-04T18:32:16.010213+00:00,https://www.grays.com/lot/0001-50715663/motor-vehicles-motor-cycles/2009-volkswagen-touareg-3-0-v6-tdi-7l-turbo-diesel-automatic-wagon,9.0,9.0,0,1d 15h 27m49s,39.464,Active,qld,QLD,lot
2026-05-04T18:32:38.706303+00:00,https://www.grays.com/lot/0001-50715664/motor-vehicles-motor-cycles/2015-subaru-forester-2-5i-l-s4-cvt-wagon,9.0,9.0,0,1d 15h 27m29s,39.458,Active,qld,QLD,lot
2026-05-04T18:32:57.769257+00:00,https://www.grays.com/lot/0001-50715665/motor-vehicles-motor-cycles/2018-holden-equinox-ls-2wd-eq-automatic-wagon,700.0,700.0,11,1d 15h 27m4s,39.451,Active,qld,QLD,lot
2026-05-04T18:33:16.544295+00:00,https://www.grays.com/lot/0001-60050682/motor-vehicles-motor-cycles/2021-mazda-cx-8-touring-diesel-awd-kg-turbo-diesel-automatic-7-seats-wagon,6100.0,6100.0,31,1d 15h 26m51s,39.447,Active,sa,SA,lot
2026-05-04T18:33:29.660049+00:00,https://www.grays.com/lot/0001-60050685/motor-vehicles-motor-cycles/2015-toyota-landcruiser-workmate-vdj78r-turbo-diesel-manual-10-seats-wagon,15609.0,15609.0,93,1d 11h 56m32s,35.942,Active,sa,SA,lot
2026-05-04T18:33:48.545412+00:00,https://www.grays.com/lot/0001-60050687/motor-vehicles-motor-cycles/2011-ford-ranger-xlt-3-2-4x4-px-turbo-diesel-automatic-dual-cab,5200.0,5200.0,16,15h 26m16s,15.438,Active,sa,SA,lot
2026-05-04T18:34:00.433391+00:00,https://www.grays.com/lot/0001-60050688/motor-vehicles-motor-cycles/2011-toyota-hilux-4x2-sr-kun16r-turbo-diesel-manual-cab-chassis,7200.0,7200.0,56,15h 26m2s,15.434,Active,sa,SA,lot
2026-05-04T18:34:53.969752+00:00,https://www.grays.com/lot/0001-60050693/motor-vehicles-motor-cycles/2011-bmw-3-series-320i-exec-e90-automatic-sedan,1700.0,1700.0,19,1d 15h 25m28s,39.424,Active,sa,SA,lot
2026-05-04T18:35:06.662627+00:00,https://www.grays.com/lot/0001-60050696/motor-vehicles-motor-cycles/2017-mazda-cx-9-azami-fwd-tc-automatic-7-seats-wagon,6309.0,6309.0,41,1d 15h 24m55s,39.415,Active,sa,SA,lot
2026-05-04T18:35:16.571894+00:00,https://www.grays.com/lot/0001-60050706/motor-vehicles-motor-cycles/2015-mitsubishi-triton-4x4-glx-mn-turbo-diesel-manual-dual-cab,609.0,609.0,11,1d 11h 54m44s,35.912,Active,sa,SA,lot
2026-05-04T18:35:24.549184+00:00,https://www.grays.com/lot/0001-60050707/motor-vehicles-motor-cycles/2009-holden-captiva-sx-4wd-automatic-suv,9.0,9.0,1,1d 11h 54m38s,35.911,Active,nt,NT,lot
2026-05-04T18:35:33.963228+00:00,https://www.grays.com/lot/0001-60050708/motor-vehicles-motor-cycles/1999-mercedes-benz-clk430-automatic-coupe,2300.0,2300.0,10,1d 11h 54m28s,35.908,Active,nt,NT,lot
2026-05-04T18:35:42.572643+00:00,https://www.grays.com/lot/0001-60050709/motor-vehicles-motor-cycles/2001-mercedes-benz-e200k-classic-w210-automatic-sedan,1700.0,1700.0,24,15h 24m18s,15.405,Active,sa,SA,lot
2026-05-04T18:35:50.935653+00:00,https://www.grays.com/lot/0001-60050711/motor-vehicles-motor-cycles/2011-bmw-x1-xdrive-20d-e84-turbo-diesel-automatic-wagon,6000.0,6000.0,41,15h 24m11s,15.403,Active,sa,SA,lot
2026-05-04T18:36:13.671461+00:00,https://www.grays.com/lot/0001-60050713/motor-vehicles-motor-cycles/2012-nissan-navara-4x4-st-x550-d40-turbo-diesel-automatic-dual-cab,8500.0,8500.0,60,15h 23m48s,15.397,Active,sa,SA,lot
2026-05-04T18:36:22.612345+00:00,https://www.grays.com/lot/0001-60050714/motor-vehicles-motor-cycles/2017-land-rover-discovery-sport-td4-180-hse-turbo-diesel-9-auto-wagon,10299.0,10299.0,21,15h 23m41s,15.395,Active,sa,SA,lot
2026-05-04T18:36:31.738970+00:00,https://www.grays.com/lot/0001-60050715/motor-vehicles-motor-cycles/2015-subaru-outback-3-6r-premium-b6a-cvt-wagon,6600.0,6600.0,4,15h 23m31s,15.392,Active,sa,SA,lot
2026-05-04T18:36:40.701803+00:00,https://www.grays.com/lot/0001-60050716/motor-vehicles-motor-cycles/2014-mazda-cx-5-maxx-sport-ke-turbo-diesel-automatic-wagon,3700.0,3700.0,31,1d 15h 23m20s,39.389,Active,sa,SA,lot
2026-05-04T18:36:49.819392+00:00,https://www.grays.com/lot/0001-60050718/motor-vehicles-motor-cycles/2007-toyota-hilux-4x2-sr-ggn15r-automatic-cab-chassis,1200.0,1200.0,12,1d 15h 23m14s,39.387,Active,sa,SA,lot
2026-05-04T18:36:59.237386+00:00,https://www.grays.com/lot/0001-60050719/motor-vehicles-motor-cycles/2010-subaru-liberty-2-5i-premium-b5-cvt-sedan,409.0,409.0,8,1d 15h 23m2s,39.384,Active,sa,SA,lot
2026-05-04T18:37:12.494648+00:00,https://www.grays.com/lot/0001-60050720/motor-vehicles-motor-cycles/2011-toyota-corolla-ascent-zre152r-automatic-hatchback,4009.0,4009.0,77,1d 15h 22m49s,39.38,Active,sa,SA,lot
2026-05-04T18:37:21.818997+00:00,https://www.grays.com/lot/0001-60050721/motor-vehicles-motor-cycles/2015-jeep-wrangler-unlimited-sport-jk-manual-wagon,15100.0,15100.0,68,1d 15h 22m40s,39.378,Active,sa,SA,lot
2026-05-04T18:37:30.679100+00:00,https://www.grays.com/lot/0001-60050723/motor-vehicles-motor-cycles/1989-subaru-leone-royal-automatic-sedan,109.0,109.0,2,1d 15h 22m33s,39.376,Active,sa,SA,lot
2026-05-04T18:37:39.728696+00:00,https://www.grays.com/lot/0001-60050724/motor-vehicles-motor-cycles/2008-suzuki-grand-vitara-4x4-jt-manual-wagon,1309.0,1309.0,19,1d 15h 22m29s,39.375,Active,sa,SA,lot
2026-05-04T18:37:59.227181+00:00,https://www.grays.com/lot/0001-60050726/motor-vehicles-motor-cycles/2014-jeep-grand-cherokee-limited-4x4-wk-automatic-8-speed-wagon,3100.0,3100.0,35,1d 15h 22m4s,39.368,Active,sa,SA,lot
2026-05-04T18:38:14.077901+00:00,https://www.grays.com/lot/0001-9068361/motor-vehicles-motor-cycles/2010-audi-s4-3-0-tfsi-quattro-b8-automatic-sedan,9110.0,9110.0,67,16h 26m46s,16.446,Active,wa,WA,lot
2026-05-04T18:38:24.217384+00:00,https://www.grays.com/lot/0001-9068396/motor-vehicles-motor-cycles/2015-mercedes-benz-c-class-c63-amg-s-w205-automatic-sedan,46200.0,46200.0,283,16h 51m36s,16.86,Active,wa,WA,lot
2026-05-04T18:38:35.258146+00:00,https://www.grays.com/lot/0001-9068397/motor-vehicles-motor-cycles/2016-holden-cruze-cd-jh-manual-sedan,1300.0,1300.0,17,16h 51m25s,16.857,Active,wa,WA,lot
2026-05-04T18:38:46.279031+00:00,https://www.grays.com/lot/0001-9068398/motor-vehicles-motor-cycles/2016-renault-trafic-swb-l1h1-dci-90-turbo-diesel-manual-van,3500.0,3500.0,43,16h 51m15s,16.854,Active,wa,WA,lot
2026-05-04T18:38:58.276576+00:00,https://www.grays.com/lot/0001-9068402/motor-vehicles-motor-cycles/2001-hyundai-accent-ls-manual-hatchback,509.0,509.0,12,16h 51m3s,16.851,Active,wa,WA,lot
2026-05-04T18:39:14.830247+00:00,https://www.grays.com/lot/0001-9068406/motor-vehicles-motor-cycles/2004-toyota-landcruiser-prado-grande-grj120r-automatic-wagon,2800.0,2800.0,32,16h 50m46s,16.846,Active,wa,WA,lot
2026-05-04T18:39:25.605396+00:00,https://www.grays.com/lot/0001-9068408/motor-vehicles-motor-cycles/2015-jeep-cherokee-trailhawk-4x4-kl-9-auto-wagon,709.0,709.0,13,16h 50m36s,16.843,Active,wa,WA,lot
2026-05-04T18:39:49.716404+00:00,https://www.grays.com/lot/0001-9068409/motor-vehicles-motor-cycles/2016-nissan-navara-4x4-rx-np300-turbo-diesel-manual-cab-chassis,7200.0,7200.0,39,16h 50m14s,16.837,Active,wa,WA,lot
2026-05-04T18:40:00.358762+00:00,https://www.grays.com/lot/0001-9068410/motor-vehicles-motor-cycles/2004-holden-rodeo-lx-td-crew-cab-ra-turbo-diesel-manual-dual-cab,2555.0,2555.0,5,16h 50m0s,16.833,Active,wa,WA,lot
2026-05-04T18:40:10.350602+00:00,https://www.grays.com/lot/0001-9068413/motor-vehicles-motor-cycles/2004-volkswagen-golf-2-0-fsi-comfortline-a5-automatic-hatchback,609.0,609.0,12,16h 49m51s,16.831,Active,wa,WA,lot
2026-05-04T18:40:21.456974+00:00,https://www.grays.com/lot/0001-9068414/motor-vehicles-motor-cycles/2014-audi-q5-3-0-tdi-quattro-8r-turbo-diesel-automatic-wagon,2209.0,2209.0,38,16h 49m40s,16.828,Active,wa,WA,lot
2026-05-04T18:40:32.692929+00:00,https://www.grays.com/lot/0001-9068415/motor-vehicles-motor-cycles/2014-hyundai-ix35-active-fwd-lm-automatic-wagon,409.0,409.0,8,16h 49m30s,16.825,Active,wa,WA,lot
2026-05-04T18:40:43.516227+00:00,https://www.grays.com/lot/0001-9068416/motor-vehicles-motor-cycles/2006-nissan-murano-ti-z50-cvt-wagon,1109.0,1109.0,24,16h 49m19s,16.822,Active,wa,WA,lot
2026-05-04T18:40:59.409106+00:00,https://www.grays.com/lot/0001-9068418/motor-vehicles-motor-cycles/2010-ford-focus-xr5-lv-manual-hatchback,5500.0,5500.0,54,16h 49m2s,16.817,Active,wa,WA,lot
2026-05-04T18:41:09.236624+00:00,https://www.grays.com/lot/0001-9068419/motor-vehicles-motor-cycles/2006-mazda-cx-7-luxury-automatic-wagon,409.0,409.0,7,16h 48m52s,16.814,Active,wa,WA,lot
2026-05-04T18:41:19.134639+00:00,https://www.grays.com/lot/0001-9068420/motor-vehicles-motor-cycles/2010-ford-territory-tx-sy-ii-automatic-wagon,109.0,109.0,2,16h 48m42s,16.812,Active,wa,WA,lot
2026-05-04T18:41:33.434007+00:00,https://www.grays.com/lot/0001-9068421/motor-vehicles-motor-cycles/2007-audi-a5-3-2-fsi-8t-cvt-coupe,1009.0,1009.0,14,16h 48m27s,16.808,Active,wa,WA,lot
2026-05-04T18:41:46.161609+00:00,https://www.grays.com/lot/0001-9068422/motor-vehicles-motor-cycles/2016-ford-ranger-automatic-dual-cab-ute,2309.0,2309.0,33,16h 48m21s,16.806,Active,wa,WA,lot
2026-05-04T18:41:57.184910+00:00,https://www.grays.com/lot/0001-9068423/motor-vehicles-motor-cycles/2007-holden-calais-v-series-ve-automatic-sedan,809.0,809.0,9,16h 48m6s,16.802,Active,wa,WA,lot
2026-05-04T18:42:13.475379+00:00,https://www.grays.com/lot/0001-9068424/motor-vehicles-motor-cycles/2007-lexus-rx-rx350-sports-luxury-gsu35r-automatic-wagon,809.0,809.0,13,16h 47m48s,16.797,Active,wa,WA,lot
2026-05-04T18:42:25.459591+00:00,https://www.grays.com/lot/0001-9068425/motor-vehicles-motor-cycles/2011-volkswagen-golf-118tsi-a6-automatic-convertible,1209.0,1209.0,18,16h 47m36s,16.793,Active,wa,WA,lot
2026-05-04T18:42:47.197628+00:00,https://www.grays.com/lot/0001-9068427/motor-vehicles-motor-cycles/2014-mercedes-benz-cla-45-cla45-amg-awd-c117-automatic-coupe,22100.0,22100.0,43,16h 47m15s,16.788,Active,wa,WA,lot
2026-05-04T18:42:58.482557+00:00,https://www.grays.com/lot/0001-9068430/motor-vehicles-motor-cycles/2011-volvo-xc90-d5-executive-turbo-diesel-automatic-wagon,1700.0,1700.0,20,16h 47m3s,16.784,Active,wa,WA,lot
2026-05-04T18:43:08.233280+00:00,https://www.grays.com/lot/0001-9068431/motor-vehicles-motor-cycles/2016-mazda-bt-50-4x4-xtr-turbo-diesel-automatic-dual-cab,5600.0,5600.0,50,16h 46m53s,16.781,Active,wa,WA,lot
2026-05-04T18:43:54.781404+00:00,https://www.grays.com/lot/0001-9068438/motor-vehicles-motor-cycles/2016-ford-ranger-xl-4x4-px-ii-turbo-diesel-automatic-dual-cab,3700.0,3700.0,22,16h 46m7s,16.769,Active,wa,WA,lot
2026-05-04T18:44:04.936364+00:00,https://www.grays.com/lot/0001-9068439/motor-vehicles-motor-cycles/2009-ford-mondeo-zetec-ma-automatic-hatchback,509.0,509.0,6,16h 45m58s,16.766,Active,wa,WA,lot
2026-05-04T18:44:16.470479+00:00,https://www.grays.com/lot/0001-9068440/motor-vehicles-motor-cycles/2010-nissan-x-trail-st-t31-cvt-wagon,509.0,509.0,6,16h 45m50s,16.764,Active,wa,WA,lot
2026-05-04T18:44:28.543865+00:00,https://www.grays.com/lot/0001-9068442/motor-vehicles-motor-cycles/2015-toyota-hilux-sr-4x4-kun26r-turbo-diesel-automatic-crew-cab-chassis,7500.0,7500.0,82,16h 45m32s,16.759,Active,wa,WA,lot
2026-05-04T18:44:37.215833+00:00,https://www.grays.com/lot/0001-9068443/motor-vehicles-motor-cycles/2015-bmw-1-series-118i-f20-automatic-8-speed-hatchback,3309.0,3309.0,42,16h 45m24s,16.757,Active,wa,WA,lot
2026-05-04T18:44:47.908421+00:00,https://www.grays.com/lot/0001-9068444/motor-vehicles-motor-cycles/2008-mazda-cx-9-luxury-automatic-7-seats-wagon,1009.0,1009.0,21,16h 45m14s,16.754,Active,wa,WA,lot
2026-05-04T18:45:00.284036+00:00,https://www.grays.com/lot/0001-9068445/motor-vehicles-motor-cycles/2012-great-wall-x200-4x4-turbo-diesel-automatic-wagon,409.0,409.0,6,16h 45m1s,16.75,Active,wa,WA,lot
2026-05-04T18:45:21.301036+00:00,https://www.grays.com/lot/0001-9068446/motor-vehicles-motor-cycles/2015-bmw-x4-xdrive-20i-f26-automatic-8-speed-coupe,9100.0,9100.0,96,16h 44m40s,16.744,Active,wa,WA,lot
2026-05-04T18:45:30.228077+00:00,https://www.grays.com/lot/0001-9068447/motor-vehicles-motor-cycles/2017-ford-fiesta-ambiente-wz-manual-hatchback,509.0,509.0,8,16h 44m31s,16.742,Active,wa,WA,lot
2026-05-04T18:45:40.687971+00:00,https://www.grays.com/lot/0001-9068448/motor-vehicles-motor-cycles/2015-hyundai-iload-tq-turbo-diesel-automatic-van,709.0,709.0,10,16h 44m21s,16.739,Active,wa,WA,lot
2026-05-04T18:46:12.721675+00:00,https://www.grays.com/lot/0001-9068450/motor-vehicles-motor-cycles/2011-jeep-grand-cherokee-laredo-wk-automatic-wagon,800.0,800.0,10,17h 13m49s,17.23,Active,wa,WA,lot
2026-05-04T18:46:26.996777+00:00,https://www.grays.com/lot/0001-9068451/motor-vehicles-motor-cycles/2011-ford-falcon-xt-fg-automatic-sedan,300.0,300.0,4,17h 13m36s,17.227,Active,wa,WA,lot
2026-05-04T18:46:38.906744+00:00,https://www.grays.com/lot/0001-9068455/motor-vehicles-motor-cycles/2001-holden-rodeo-lx-v6-r9-manual-dual-cab,209.0,209.0,3,17h 13m22s,17.223,Active,wa,WA,lot
2026-05-04T18:46:49.169085+00:00,https://www.grays.com/lot/0001-9068457/motor-vehicles-motor-cycles/2009-mercedes-benz-e-class-e-350-elegance-c207-automatic-coupe,1400.0,1400.0,19,17h 13m12s,17.22,Active,wa,WA,lot
2026-05-04T18:47:11.941059+00:00,https://www.grays.com/lot/0001-9068459/motor-vehicles-motor-cycles/2011-nissan-navara-st-4x4-d40-turbo-diesel-automatic-dual-cab,709.0,709.0,13,17h 12m49s,17.214,Active,wa,WA,lot
2026-05-04T18:47:23.904430+00:00,https://www.grays.com/lot/0001-9068462/motor-vehicles-motor-cycles/2009-holden-commodore-omega-ve-automatic-sedan,509.0,509.0,8,17h 12m37s,17.21,Active,wa,WA,lot
2026-05-04T18:47:40.051655+00:00,https://www.grays.com/lot/0001-9068463/motor-vehicles-motor-cycles/2008-holden-commodore-omega-ve-automatic-wagon,400.0,400.0,7,17h 12m21s,17.206,Active,wa,WA,lot
2026-05-04T18:47:52.298371+00:00,https://www.grays.com/lot/0001-9068464/motor-vehicles-motor-cycles/2007-ford-fairlane-ghia-bf-automatic-sedan,312.0,312.0,5,17h 12m14s,17.204,Active,wa,WA,lot
2026-05-04T18:48:14.808839+00:00,https://www.grays.com/lot/0001-9068466/motor-vehicles-motor-cycles/2011-holden-captiva-7-lx-awd-cg-ii-turbo-diesel-automatic-7-seats-wagon,510.0,510.0,3,17h 11m48s,17.197,Active,wa,WA,lot
2026-05-04T18:48:27.621462+00:00,https://www.grays.com/lot/0001-9068467/motor-vehicles-motor-cycles/2004-ford-falcon-xt-ba-automatic-sedan,609.0,609.0,12,17h 11m35s,17.193,Active,wa,WA,lot
2026-05-04T18:48:38.256810+00:00,https://www.grays.com/lot/0001-9068468/motor-vehicles-motor-cycles/2014-ford-focus-trend-lw-ii-automatic-hatchback,712.0,712.0,11,17h 11m23s,17.19,Active,wa,WA,lot
2026-05-04T18:48:50.312640+00:00,https://www.grays.com/lot/0001-9068469/motor-vehicles-motor-cycles/2004-holden-ute-vz-automatic-ute,310.0,310.0,7,17h 11m11s,17.186,Active,wa,WA,lot
2026-05-04T18:49:00.944146+00:00,https://www.grays.com/lot/0001-9068470/motor-vehicles-motor-cycles/2007-holden-rodeo-lx-4x2-3-6-v6-ra-automatic-dual-cab,509.0,509.0,8,17h 11m1s,17.184,Active,wa,WA,lot
2026-05-04T18:49:11.075620+00:00,https://www.grays.com/lot/0001-9068472/motor-vehicles-motor-cycles/2005-nissan-navara-st-r-4x4-double-cab-d22-turbo-diesel-manual-dual-cab,612.0,612.0,5,17h 10m50s,17.181,Active,wa,WA,lot
2026-05-04T18:49:23.271970+00:00,https://www.grays.com/lot/0001-9068473/motor-vehicles-motor-cycles/2012-mercedes-benz-c-class-c200-cdi-w204-turbo-diesel-automatic-sedan,1400.0,1400.0,19,17h 10m38s,17.177,Active,wa,WA,lot
2026-05-04T18:49:33.921990+00:00,https://www.grays.com/lot/0001-9068474/motor-vehicles-motor-cycles/2004-mazda-tribute-classic-3-0-automatic-wagon,500.0,500.0,5,17h 10m27s,17.174,Active,wa,WA,lot
2026-05-04T18:49:45.620396+00:00,https://www.grays.com/lot/0001-9068479/motor-vehicles-motor-cycles/2010-kia-rio-si-jb-manual-hatchback,800.0,800.0,13,17h 10m18s,17.172,Active,wa,WA,lot
2026-05-04T18:49:56.950116+00:00,https://www.grays.com/lot/0001-9068481/motor-vehicles-motor-cycles/2006-ford-territory-ghia-sy-automatic-7-seats-wagon,312.0,312.0,3,17h 10m8s,17.169,Active,wa,WA,lot
2026-05-04T18:50:11.331042+00:00,https://www.grays.com/lot/0001-9068482/motor-vehicles-motor-cycles/2008-toyota-hiace-lwb-trh201r-automatic-van,1609.0,1609.0,24,17h 9m50s,17.164,Active,wa,WA,lot
2026-05-04T18:50:36.693588+00:00,https://www.grays.com/lot/0001-9068483/motor-vehicles-motor-cycles/2009-nissan-navara-st-x-4x4-double-cab-d40-turbo-diesel-automatic-dual-cab,4309.0,4309.0,75,1d 16h 39m25s,40.657,Active,wa,WA,lot
2026-05-04T18:50:48.268454+00:00,https://www.grays.com/lot/0001-9068485/motor-vehicles-motor-cycles/2015-foton-tunland-single-cab-4x4-turbo-diesel-manual-cab-chassis,909.0,909.0,12,1d 16h 39m14s,40.654,Active,wa,WA,lot
2026-05-04T18:51:01.762765+00:00,https://www.grays.com/lot/0001-9068486/motor-vehicles-motor-cycles/2011-hyundai-santa-fe-highlander-cm-turbo-diesel-automatic-7-seats-wagon,409.0,409.0,5,1d 16h 39m2s,40.651,Active,wa,WA,lot
2026-05-04T18:51:11.015642+00:00,https://www.grays.com/lot/0001-9068489/motor-vehicles-motor-cycles/2019-hyundai-kona-highlander-automatic-wagon,10200.0,10200.0,63,15h 8m51s,15.147,Active,wa,WA,lot
2026-05-04T18:51:23.027183+00:00,https://www.grays.com/lot/0001-9068493/motor-vehicles-motor-cycles/2006-nissan-murano-ti-z50-cvt-wagon,1009.0,1009.0,18,1d 16h 38m40s,40.644,Active,wa,WA,lot
2026-05-04T18:51:35.887839+00:00,https://www.grays.com/lot/0001-9068494/motor-vehicles-motor-cycles/2006-honda-cr-v-rd-automatic-wagon,1009.0,1009.0,13,1d 16h 38m26s,40.641,Active,wa,WA,lot
2026-05-04T18:51:46.778415+00:00,https://www.grays.com/lot/0001-9068495/motor-vehicles-motor-cycles/2012-nissan-x-trail-ts-t31-turbo-diesel-automatic-wagon,450.0,450.0,7,1d 16h 38m14s,40.637,Active,wa,WA,lot
2026-05-04T18:52:12.549458+00:00,https://www.grays.com/lot/0001-9068498/motor-vehicles-motor-cycles/2011-subaru-tribeca-3-6r-premium-b9-automatic-7-seats-wagon,1300.0,1300.0,11,1d 16h 37m51s,40.631,Active,wa,WA,lot
2026-05-04T18:52:22.578584+00:00,https://www.grays.com/lot/0001-9068500/motor-vehicles-motor-cycles/2012-great-wall-x200-4x4-turbo-diesel-manual-wagon,409.0,409.0,5,1d 16h 37m40s,40.628,Active,wa,WA,lot
2026-05-04T18:52:33.183096+00:00,https://www.grays.com/lot/0001-9068501/motor-vehicles-motor-cycles/2016-jaguar-f-pace-20d-prestige-turbo-diesel-automatic-8-speed-wagon,6200.0,6200.0,61,1d 16h 37m30s,40.625,Active,wa,WA,lot
2026-05-04T18:52:47.451859+00:00,https://www.grays.com/lot/0001-9068502/motor-vehicles-motor-cycles/2019-holden-trailblazer-lt-rg-turbo-diesel-automatic-7-seats-wagon,4900.0,4900.0,47,1d 16h 37m14s,40.621,Active,wa,WA,lot
2026-05-04T18:52:56.950132+00:00,https://www.grays.com/lot/0001-9068504/motor-vehicles-motor-cycles/2014-hyundai-i30-trophy-gd-automatic-hatchback,6400.0,6400.0,49,1d 15h 7m8s,39.119,Active,wa,WA,lot
2026-05-04T18:53:13.397101+00:00,https://www.grays.com/lot/0001-9068506/motor-vehicles-motor-cycles/2019-ldv-t60-luxe-turbo-diesel-automatic-dual-cab,9400.0,9400.0,74,1d 16h 36m49s,40.614,Active,wa,WA,lot
2026-05-04T18:53:23.379789+00:00,https://www.grays.com/lot/0001-9068507/motor-vehicles-motor-cycles/2008-toyota-hilux-sr-4x4-kun26r-turbo-diesel-manual-crew-cab-chassis,3209.0,3209.0,51,1d 16h 36m38s,40.611,Active,wa,WA,lot
2026-05-04T18:53:48.025938+00:00,https://www.grays.com/lot/0002-5062753/motor-vehicles-motor-cycles/2021-mitsubishi-triton-4x4-glx-mr-turbo-diesel-automatic-crew-cab-chassis,5300.0,5300.0,44,1d 14h 36m14s,38.604,Active,nsw,NSW,lot
2026-05-04T18:53:58.642351+00:00,https://www.grays.com/lot/0002-60050705/motor-vehicles-motor-cycles/2001-holden-statesman-wh-automatic-sedan,459.0,459.0,29,1d 11h 36m3s,35.601,Active,sa,SA,lot
2026-05-04T18:54:09.034706+00:00,https://www.grays.com/lot/0003-23500011/motor-vehicles-motor-cycles/2016-mazda-cx-9-azami-petrol,8000.0,8000.0,60,15h 5m52s,15.098,Active,melbourne,MELBOURNE,lot
2026-05-04T18:54:17.814025+00:00,https://www.grays.com/lot/0003-23500015/motor-vehicles-motor-cycles/2010-hyundai-imax-shuttle-petrol,109.0,109.0,2,1d 15h 5m45s,39.096,Active,melbourne,MELBOURNE,lot
2026-05-04T18:54:29.436943+00:00,https://www.grays.com/lot/0003-5062753/motor-vehicles-motor-cycles/2021-mitsubishi-triton-4x4-glx-adas-double-mr-td-at-crew-cab-chassis,11400.0,11400.0,143,1d 14h 35m31s,38.592,Active,nsw,NSW,lot
2026-05-04T18:54:39.808114+00:00,https://www.grays.com/lot/0004-23500011/motor-vehicles-motor-cycles/2014-mini-cooper-s-petrol,8100.0,8100.0,38,15h 5m22s,15.089,Active,melbourne,MELBOURNE,lot
2026-05-04T18:54:49.262013+00:00,https://www.grays.com/lot/0004-23500015/motor-vehicles-motor-cycles/2006-toyota-camry-altise-petrol,409.0,409.0,5,1d 15h 5m15s,39.088,Active,melbourne,MELBOURNE,lot
2026-05-04T18:54:58.433610+00:00,https://www.grays.com/lot/0005-23500011/motor-vehicles-motor-cycles/2017-mini-cooper-petrol,2100.0,2100.0,12,15h 5m10s,15.086,Active,melbourne,MELBOURNE,lot
2026-05-04T18:55:09.395175+00:00,https://www.grays.com/lot/0005-23500015/motor-vehicles-motor-cycles/2017-volkswagen-tiguan-comfortline-petrol,2609.0,2609.0,35,1d 15h 4m52s,39.081,Active,melbourne,MELBOURNE,lot
2026-05-04T18:55:21.425565+00:00,https://www.grays.com/lot/0006-23500011/motor-vehicles-motor-cycles/2008-jaguar-xf-luxury-diesel,1750.0,1750.0,13,15h 4m43s,15.079,Active,melbourne,MELBOURNE,lot
2026-05-04T18:55:31.851396+00:00,https://www.grays.com/lot/0006-23500015/motor-vehicles-motor-cycles/2012-mercedes-benz-m-class-ml350-bluetec-diesel,2100.0,2100.0,27,1d 15h 4m30s,39.075,Active,melbourne,MELBOURNE,lot
2026-05-04T18:55:42.429544+00:00,https://www.grays.com/lot/0007-23500011/motor-vehicles-motor-cycles/2004-holden-rodeo-lt-auto-rwd-petrol-ute,709.0,709.0,12,15h 4m22s,15.073,Active,melbourne,MELBOURNE,lot
2026-05-04T18:55:51.909096+00:00,https://www.grays.com/lot/0008-23500011/motor-vehicles-motor-cycles/2013-volkswagen-golf-90tsi-comfortline-mk-vii-auto-hatchback,2777.0,2777.0,38,15h 4m10s,15.069,Active,melbourne,MELBOURNE,lot
2026-05-04T18:56:00.126069+00:00,https://www.grays.com/lot/0008-23500015/motor-vehicles-motor-cycles/2006-volvo-s40-petrol,9.0,9.0,0,1d 15h 4m1s,39.067,Active,melbourne,MELBOURNE,lot
2026-05-04T18:56:09.171305+00:00,https://www.grays.com/lot/0009-23500015/motor-vehicles-motor-cycles/2012-hyundai-i40-active-petrol,609.0,609.0,11,1d 15h 3m52s,39.064,Active,melbourne,MELBOURNE,lot
2026-05-04T18:56:20.340482+00:00,https://www.grays.com/lot/0011-23500011/motor-vehicles-motor-cycles/2011-mercedes-benz-r-class-r350l-diesel,2988.0,2988.0,33,15h 3m42s,15.062,Active,melbourne,MELBOURNE,lot
2026-05-04T18:56:30.812974+00:00,https://www.grays.com/lot/0011-23500015/motor-vehicles-motor-cycles/2014-mazda-cx-5-akera-diesel,709.0,709.0,8,1d 15h 3m31s,39.059,Active,melbourne,MELBOURNE,lot
2026-05-04T18:56:40.282084+00:00,https://www.grays.com/lot/0012-23500015/motor-vehicles-motor-cycles/2017-mazda-cx-5-akera-diesel,4500.0,4500.0,39,1d 15h 3m21s,39.056,Active,melbourne,MELBOURNE,lot
2026-05-04T18:56:48.600074+00:00,https://www.grays.com/lot/0013-23500011/motor-vehicles-motor-cycles/2011-lexus-is-350-f-sport-petrol,8300.0,8300.0,134,15h 3m14s,15.054,Active,melbourne,MELBOURNE,lot
2026-05-04T18:56:57.418394+00:00,https://www.grays.com/lot/0014-23500011/motor-vehicles-motor-cycles/2005-subaru-impreza-petrol-import,6200.0,6200.0,65,15h 3m4s,15.051,Active,melbourne,MELBOURNE,lot
2026-05-04T18:57:44.362695+00:00,https://www.grays.com/lot/0014-23500015/motor-vehicles-motor-cycles/2011-toyota-kluger-grande-petrol,1409.0,1409.0,20,1d 15h 2m17s,39.038,Active,melbourne,MELBOURNE,lot
2026-05-04T18:57:54.758307+00:00,https://www.grays.com/lot/0015-23500015/motor-vehicles-motor-cycles/2010-bmw-3-series-320d-executive-diesel,209.0,209.0,3,1d 15h 2m7s,39.035,Active,melbourne,MELBOURNE,lot
2026-05-04T18:58:04.211484+00:00,https://www.grays.com/lot/0016-23500015/motor-vehicles-motor-cycles/2015-land-rover-range-rover-sport-hse-dynamic-diesel,18300.0,18300.0,81,1d 15h 1m57s,39.032,Active,melbourne,MELBOURNE,lot
2026-05-04T18:58:15.425759+00:00,https://www.grays.com/lot/0018-23500011/motor-vehicles-motor-cycles/2016-nissan-qashqai-ti-petrol,5300.0,5300.0,69,15h 1m47s,15.03,Active,melbourne,MELBOURNE,lot
2026-05-04T18:58:24.424013+00:00,https://www.grays.com/lot/0018-23500015/motor-vehicles-motor-cycles/2015-hyundai-ix35-se-petrol,4000.0,4000.0,12,1d 15h 1m38s,39.027,Active,melbourne,MELBOURNE,lot
2026-05-04T18:58:33.290563+00:00,https://www.grays.com/lot/0019-23500011/motor-vehicles-motor-cycles/2013-ford-kuga-trend-diesel,9.0,9.0,1,15h 1m28s,15.024,Active,melbourne,MELBOURNE,lot
2026-05-04T18:58:42.365815+00:00,https://www.grays.com/lot/0019-23500015/motor-vehicles-motor-cycles/2012-honda-civic-vti-l-petrol,1809.0,1809.0,27,1d 15h 1m22s,39.023,Active,melbourne,MELBOURNE,lot
2026-05-04T18:58:51.136462+00:00,https://www.grays.com/lot/0020-23500015/motor-vehicles-motor-cycles/2009-toyota-rav4-cv-petrol,309.0,309.0,4,1d 15h 1m10s,39.019,Active,melbourne,MELBOURNE,lot
2026-05-04T18:58:59.469401+00:00,https://www.grays.com/lot/0021-23500011/motor-vehicles-motor-cycles/2010-hyundai-i30-slx-petrol,1009.0,1009.0,11,15h 1m5s,15.018,Active,melbourne,MELBOURNE,lot
2026-05-04T18:59:08.120161+00:00,https://www.grays.com/lot/0021-23500015/motor-vehicles-motor-cycles/2015-mazda-cx-3-akari-diesel,909.0,909.0,12,1d 15h 0m55s,39.015,Active,melbourne,MELBOURNE,lot
2026-05-04T18:59:17.171455+00:00,https://www.grays.com/lot/0022-23500015/motor-vehicles-motor-cycles/2015-bmw-3-series-316i-petrol,6300.0,6300.0,17,1d 15h 0m45s,39.013,Active,melbourne,MELBOURNE,lot
2026-05-04T18:59:27.405032+00:00,https://www.grays.com/lot/0024-23500015/motor-vehicles-motor-cycles/2012-bmw-3-series-320d-lifestyle-diesel,309.0,309.0,4,1d 15h 0m35s,39.01,Active,melbourne,MELBOURNE,lot
2026-05-04T18:59:36.656429+00:00,https://www.grays.com/lot/0025-23500015/motor-vehicles-motor-cycles/2012-suzuki-swift-sport-petrol,2100.0,2100.0,15,1d 15h 0m25s,39.007,Active,melbourne,MELBOURNE,lot
2026-05-04T18:59:45.469631+00:00,https://www.grays.com/lot/0026-23500015/motor-vehicles-motor-cycles/2007-bmw-3-series-325i-petrol,809.0,809.0,14,1d 15h 0m18s,39.005,Active,melbourne,MELBOURNE,lot
2026-05-04T18:59:55.287004+00:00,https://www.grays.com/lot/0027-23500015/motor-vehicles-motor-cycles/2015-peugeot-308-allure-premium-petrol,709.0,709.0,8,1d 15h 0m7s,39.002,Active,melbourne,MELBOURNE,lot
2026-05-04T19:00:05.672941+00:00,https://www.grays.com/lot/0028-23500015/motor-vehicles-motor-cycles/2007-volvo-s40-d5-diesel,9.0,9.0,1,1d 14h 59m56s,38.999,Active,melbourne,MELBOURNE,lot
2026-05-04T19:00:14.743393+00:00,https://www.grays.com/lot/0029-23500015/motor-vehicles-motor-cycles/2017-holden-astra-r-petrol,800.0,800.0,7,1d 14h 59m47s,38.996,Active,melbourne,MELBOURNE,lot
2026-05-04T19:00:23.572260+00:00,https://www.grays.com/lot/0030-23500015/motor-vehicles-motor-cycles/2012-bmw-x5-xdrive30d-diesel,1944.0,1944.0,22,1d 14h 59m38s,38.994,Active,melbourne,MELBOURNE,lot
2026-05-04T19:00:32.323646+00:00,https://www.grays.com/lot/0031-23500015/motor-vehicles-motor-cycles/2017-mercedes-benz-c-class-c200-petrol,14400.0,14400.0,94,1d 14h 59m29s,38.991,Active,melbourne,MELBOURNE,lot
2026-05-04T19:00:41.009959+00:00,https://www.grays.com/lot/0032-23500015/motor-vehicles-motor-cycles/2015-bmw-x3-xdrive30d-diesel,8100.0,8100.0,47,1d 14h 59m23s,38.99,Active,melbourne,MELBOURNE,lot
2026-05-04T19:00:50.336075+00:00,https://www.grays.com/lot/0034-23500015/motor-vehicles-motor-cycles/2012-audi-a4-petrol,709.0,709.0,10,1d 14h 59m12s,38.987,Active,melbourne,MELBOURNE,lot
2026-05-04T19:00:59.465855+00:00,https://www.grays.com/lot/0036-23500015/motor-vehicles-motor-cycles/2017-mercedes-benz-cla-class-cla250-sport-petrol,5700.0,5700.0,63,1d 14h 59m2s,38.984,Active,melbourne,MELBOURNE,lot
2026-05-04T19:01:09.113847+00:00,https://www.grays.com/lot/0037-23500015/motor-vehicles-motor-cycles/2015-citroen-c4-picasso-exclusive-petrol,209.0,209.0,5,1d 14h 58m55s,38.982,Active,melbourne,MELBOURNE,lot
2026-05-04T19:01:20.381073+00:00,https://www.grays.com/lot/0038-23500015/motor-vehicles-motor-cycles/2014-hyundai-elantra-active-petrol,309.0,309.0,5,1d 14h 58m41s,38.978,Active,melbourne,MELBOURNE,lot
2026-05-04T19:01:28.546085+00:00,https://www.grays.com/lot/0041-23500015/motor-vehicles-motor-cycles/2011-ford-territory-ts-limited-edition-petrol,1009.0,1009.0,17,1d 14h 58m33s,38.976,Active,melbourne,MELBOURNE,lot
2026-05-04T19:01:39.217204+00:00,https://www.grays.com/lot/0043-23500015/motor-vehicles-motor-cycles/2016-holden-colorado-7-ltz-diesel,1109.0,1109.0,20,1d 14h 58m29s,38.975,Active,melbourne,MELBOURNE,lot
2026-05-04T19:01:51.083634+00:00,https://www.grays.com/lot/0044-23500015/motor-vehicles-motor-cycles/2013-volvo-xc60-t6-auto-awd-petrol,109.0,109.0,2,1d 14h 58m11s,38.97,Active,melbourne,MELBOURNE,lot
2026-05-04T19:01:58.756034+00:00,https://www.grays.com/lot/0045-23500015/motor-vehicles-motor-cycles/2010-mercedes-benz-b-class-b180-diesel,999.0,999.0,11,1d 14h 58m2s,38.967,Active,melbourne,MELBOURNE,lot
2026-05-04T19:02:07.400816+00:00,https://www.grays.com/lot/0046-23500015/motor-vehicles-motor-cycles/2011-mercedes-benz-b-class-b200-petrol,409.0,409.0,10,1d 14h 57m55s,38.965,Active,melbourne,MELBOURNE,lot
2026-05-04T19:02:19.589994+00:00,https://www.grays.com/lot/0047-23500015/motor-vehicles-motor-cycles/2004-toyota-rav4-cruiser-petrol,1009.0,1009.0,16,1d 14h 57m48s,38.963,Active,melbourne,MELBOURNE,lot
2026-05-04T19:02:28.949241+00:00,https://www.grays.com/lot/0048-23500015/motor-vehicles-motor-cycles/2013-infiniti-fx37-s-premium-petrol,4050.0,4050.0,46,1d 14h 57m34s,38.959,Active,melbourne,MELBOURNE,lot
2026-05-04T19:02:37.818307+00:00,https://www.grays.com/lot/0049-23500015/motor-vehicles-motor-cycles/2013-jeep-wrangler-sport-jk-auto-4x4,2209.0,2209.0,23,1d 14h 57m24s,38.957,Active,melbourne,MELBOURNE,lot
2026-05-04T19:02:46.500056+00:00,https://www.grays.com/lot/0050-23500015/motor-vehicles-motor-cycles/2013-subaru-forester-2-5l-awd-suv,3100.0,3100.0,21,1d 14h 57m16s,38.954,Active,melbourne,MELBOURNE,lot
2026-05-04T19:02:59.123986+00:00,https://www.grays.com/lot/0051-23500015/motor-vehicles-motor-cycles/2010-ford-territory-ts-auto-suv,609.0,609.0,10,1d 14h 57m2s,38.951,Active,melbourne,MELBOURNE,lot
2026-05-04T19:03:09.601999+00:00,https://www.grays.com/lot/0052-23500015/motor-vehicles-motor-cycles/2017-ford-escape-titanium-zg-auto-awd-suv,6900.0,6900.0,91,1d 14h 56m59s,38.95,Active,melbourne,MELBOURNE,lot
2026-05-04T19:03:19.768327+00:00,https://www.grays.com/lot/0053-23500015/motor-vehicles-motor-cycles/2005-mercedes-benz-m-class-ml350-auto-awd-suv,509.0,509.0,6,1d 14h 56m42s,38.945,Active,melbourne,MELBOURNE,lot
2026-05-04T19:03:29.082083+00:00,https://www.grays.com/lot/0055-23500015/motor-vehicles-motor-cycles/2019-toyota-camry-ascent-hybrid-petrol-sedan,13000.0,13000.0,123,1d 14h 56m32s,38.942,Active,melbourne,MELBOURNE,lot
2026-05-04T19:03:37.154471+00:00,https://www.grays.com/lot/0056-23500015/motor-vehicles-motor-cycles/2007-honda-jazz-gli-auto-hatchback,2309.0,2309.0,40,1d 14h 56m27s,38.941,Active,melbourne,MELBOURNE,lot
2026-05-04T19:03:49.041192+00:00,https://www.grays.com/lot/0001-10353519/motor-vehicles-motor-cycles/2017-mercedes-benz-a-class-a180-w176-automatic-hatchback-wovr-inspected,2409.0,2409.0,38,1d 14h 26m20s,38.439,Active,nsw,NSW,lot
2026-05-04T19:04:11.434125+00:00,https://www.grays.com/lot/0001-50715660/motor-vehicles-motor-cycles/2010-land-rover-freelander-automatic-wagon-wovr-inspected,9.0,9.0,0,1d 14h 55m50s,38.931,Active,qld,QLD,lot
2026-05-04T19:04:24.861318+00:00,https://www.grays.com/lot/0001-9068417/motor-vehicles-motor-cycles/2017-ford-ranger-xl-4x4-px-ii-t-d-auto-cab-chassis-wovr-repairable,1609.0,1609.0,27,16h 25m37s,16.427,Active,wa,WA,lot
2026-05-04T19:04:36.844953+00:00,https://www.grays.com/lot/0001-9068452/motor-vehicles-motor-cycles/2014-bmw-3-series-320d-f30-turbo-diesel-automatic-wovr-inspected,1800.0,1800.0,23,16h 55m24s,16.923,Active,wa,WA,lot
2026-05-04T19:04:48.996289+00:00,https://www.grays.com/lot/0001-9068454/motor-vehicles-motor-cycles/2006-nissan-navara-st-x-4x4-double-cab-d40-t-d-auto-wovr-inspected,709.0,709.0,14,16h 55m12s,16.92,Active,wa,WA,lot
2026-05-04T19:05:15.675064+00:00,https://www.grays.com/lot/0001-9068475/motor-vehicles-motor-cycles/2008-ford-falcon-xr6-fg-automatic-sedan-wovr-inspected,709.0,709.0,5,16h 54m46s,16.913,Active,wa,WA,lot
2026-05-04T19:05:30.849520+00:00,https://www.grays.com/lot/0001-9068477/motor-vehicles-motor-cycles/2006-subaru-impreza-2-0i-awd-g2-automatic-hatchback-wovr-inspected,312.0,312.0,5,16h 54m32s,16.909,Active,wa,WA,lot
2026-05-04T19:05:51.610467+00:00,https://www.grays.com/lot/0017-23500015/motor-vehicles-motor-cycles/2014-holden-cruze-sri-v-petrol-wovr-inspected,9.0,9.0,1,1d 14h 54m12s,38.903,Active,melbourne,MELBOURNE,lot
2026-05-04T21:00:32.717990+00:00,https://www.grays.com/lot/0001-10353552/motor-vehicles-motor-cycles/2017-hyundai-i30-active-pd-automatic-hatchback,4500.0,4500.0,10,1d 12h 59m30s,36.992,Active,nsw,NSW,lot
2026-05-04T21:00:41.279271+00:00,https://www.grays.com/lot/0001-21066039/motor-vehicles-motor-cycles/2008-toyota-yaris-yr-ncp90r-automatic-hatchback,1309.0,1309.0,22,1d 12h 59m20s,36.989,Active,vic,VIC,lot
2026-05-04T21:01:05.195936+00:00,https://www.grays.com/lot/0001-50715478/motor-vehicles-motor-cycles/2015-mazda-cx-5-maxx-sport-ke-turbo-diesel-automatic-wagon,809.0,809.0,9,1d 12h 58m56s,36.982,Active,qld,QLD,lot
2026-05-04T21:01:26.428118+00:00,https://www.grays.com/lot/0001-50715589/motor-vehicles-motor-cycles/2015-mazda-cx-5-maxx-sport-ke-turbo-diesel-automatic-wagon,9.0,9.0,0,12h 58m36s,12.977,Active,qld,QLD,lot
2026-05-04T21:01:37.839706+00:00,https://www.grays.com/lot/0018-23500015/motor-vehicles-motor-cycles/2015-hyundai-ix35-se-petrol,4000.0,4000.0,12,1d 12h 58m24s,36.973,Active,melbourne,MELBOURNE,lot
2026-05-04T22:00:26.395171+00:00,https://www.grays.com/lot/0001-10353552/motor-vehicles-motor-cycles/2017-hyundai-i30-active-pd-automatic-hatchback,4500.0,4500.0,10,1d 11h 59m36s,35.993,Active,nsw,NSW,lot
2026-05-04T22:00:34.821040+00:00,https://www.grays.com/lot/0001-21066039/motor-vehicles-motor-cycles/2008-toyota-yaris-yr-ncp90r-automatic-hatchback,1309.0,1309.0,22,1d 11h 59m28s,35.991,Active,vic,VIC,lot
2026-05-04T22:00:42.771792+00:00,https://www.grays.com/lot/0001-50715478/motor-vehicles-motor-cycles/2015-mazda-cx-5-maxx-sport-ke-turbo-diesel-automatic-wagon,809.0,809.0,9,1d 11h 59m19s,35.989,Active,qld,QLD,lot
2026-05-04T22:00:50.406743+00:00,https://www.grays.com/lot/0001-50715589/motor-vehicles-motor-cycles/2015-mazda-cx-5-maxx-sport-ke-turbo-diesel-automatic-wagon,9.0,9.0,0,11h 59m12s,11.987,Active,qld,QLD,lot
2026-05-04T22:00:58.003404+00:00,https://www.grays.com/lot/0018-23500015/motor-vehicles-motor-cycles/2015-hyundai-ix35-se-petrol,4000.0,4000.0,12,1d 11h 59m3s,35.984,Active,melbourne,MELBOURNE,lot
2026-05-04T23:44:48.625443+00:00,https://www.grays.com/lot/0001-10353345/motor-vehicles-motor-cycles/2020-toyota-hilux-4x4-sr-gun126r-turbo-diesel-automatic-crew-cab-chassis,25400.0,25400.0,38,10h 15m20s,10.256,Active,nsw,NSW,lot
2026-05-04T23:45:13.480787+00:00,https://www.grays.com/lot/0001-10353402/motor-vehicles-motor-cycles/2006-toyota-corolla-ascent-zze122r-manual-sedan,409.0,409.0,9,10h 14m52s,10.248,Active,nsw,NSW,lot
2026-05-04T23:45:27.467408+00:00,https://www.grays.com/lot/0001-10353480/motor-vehicles-motor-cycles/2012-toyota-hiace-lwb-kdh201r-turbo-diesel-automatic-van,5300.0,5300.0,16,1d 10h 14m35s,34.243,Active,nsw,NSW,lot
2026-05-04T23:45:40.338962+00:00,https://www.grays.com/lot/0001-10353487/motor-vehicles-motor-cycles/2015-mercedes-benz-gla-class-gla200-cdi-x156-turbo-diesel-automatic-wagon,609.0,609.0,7,10h 19m22s,10.323,Active,nsw,NSW,lot
2026-05-04T23:45:53.898961+00:00,https://www.grays.com/lot/0001-10353488/motor-vehicles-motor-cycles/2015-bmw-x3-xdrive-20d-f25-turbo-diesel-automatic-8-speed-wagon,3650.0,3650.0,65,10h 19m8s,10.319,Active,nsw,NSW,lot
2026-05-04T23:46:10.339679+00:00,https://www.grays.com/lot/0001-10353501/motor-vehicles-motor-cycles/2014-audi-s3-2-0-tfsi-quattro-8v-automatic-sedan,9800.0,9800.0,125,10h 13m53s,10.231,Active,nsw,NSW,lot
2026-05-04T23:46:22.316776+00:00,https://www.grays.com/lot/0001-10353502/motor-vehicles-motor-cycles/2016-ford-focus-trend-lz-automatic-sedan,109.0,109.0,2,1d 10h 13m40s,34.228,Active,nsw,NSW,lot
2026-05-04T23:46:43.414234+00:00,https://www.grays.com/lot/0001-10353503/motor-vehicles-motor-cycles/2005-mercedes-benz-c180-k-classic-w203-automatic-sedan,3300.0,3300.0,55,10h 13m20s,10.222,Active,nsw,NSW,lot
2026-05-04T23:47:00.648157+00:00,https://www.grays.com/lot/0001-10353504/motor-vehicles-motor-cycles/2014-hyundai-santa-fe-elite-dm-turbo-diesel-automatic-7-seats-wagon,3409.0,3409.0,60,10h 13m2s,10.217,Active,nsw,NSW,lot
2026-05-04T23:47:22.079756+00:00,https://www.grays.com/lot/0001-10353505/motor-vehicles-motor-cycles/2019-volkswagen-tiguan-allspace-162tsi-highline-5n-automatic-7-seats-wagon,11200.0,11200.0,142,10h 12m40s,10.211,Active,nsw,NSW,lot
2026-05-04T23:47:47.385825+00:00,https://www.grays.com/lot/0001-10353506/motor-vehicles-motor-cycles/2013-jeep-wrangler-unlimited-overland-jk-automatic-wagon,9300.0,9300.0,53,10h 12m15s,10.204,Active,nsw,NSW,lot
2026-05-04T23:48:10.813237+00:00,https://www.grays.com/lot/0001-10353508/motor-vehicles-motor-cycles/2010-mercedes-benz-c200-cgi-w204-automatic-sedan,609.0,609.0,9,10h 11m52s,10.198,Active,nsw,NSW,lot
2026-05-04T23:48:25.319405+00:00,https://www.grays.com/lot/0001-10353509/motor-vehicles-motor-cycles/2014-renault-captur-expression-manual-wagon,1100.0,1100.0,10,10h 11m38s,10.194,Active,nsw,NSW,lot
2026-05-04T23:48:38.872361+00:00,https://www.grays.com/lot/0001-10353513/motor-vehicles-motor-cycles/2017-volkswagen-2kn-fwd-automatic-caddy-van,3809.0,3809.0,66,1d 9h 41m24s,33.69,Active,"5-11 bay street, botany,",BOTANY,lot
2026-05-04T23:48:49.392005+00:00,https://www.grays.com/lot/0001-10353514/motor-vehicles-motor-cycles/2010-toyota-hilux-150-manual-ute,4059.0,4059.0,137,1d 9h 41m14s,33.687,Active,"5-11 bay street, botany,",BOTANY,lot
2026-05-04T23:49:08.762782+00:00,https://www.grays.com/lot/0001-10353517/motor-vehicles-motor-cycles/2012-toyota-camry-hybrid-h-avv50r-cvt-sedan,7600.0,7600.0,38,1d 10h 10m53s,34.181,Active,nsw,NSW,lot
2026-05-04T23:49:20.026825+00:00,https://www.grays.com/lot/0001-10353521/motor-vehicles-motor-cycles/2013-subaru-xv-2-0i-g4x-cvt-hatchback,209.0,209.0,3,1d 10h 10m42s,34.178,Active,nsw,NSW,lot
2026-05-04T23:49:30.249889+00:00,https://www.grays.com/lot/0001-10353523/motor-vehicles-motor-cycles/2016-hyundai-accent-active-rb-cvt-hatchback,4900.0,4900.0,74,1d 10h 10m33s,34.176,Active,nsw,NSW,lot
2026-05-04T23:49:42.680439+00:00,https://www.grays.com/lot/0001-10353524/motor-vehicles-motor-cycles/2014-bmw-x5-xdrive-40d-f15-turbo-diesel-automatic-8-speed-wagon,2209.0,2209.0,23,1d 10h 10m20s,34.172,Active,nsw,NSW,lot
2026-05-04T23:49:54.197248+00:00,https://www.grays.com/lot/0001-10353525/motor-vehicles-motor-cycles/2018-mazda-cx-8-sport-fwd-kg-turbo-diesel-automatic-7-seats-wagon,9.0,9.0,1,1d 10h 10m8s,34.169,Active,nsw,NSW,lot
2026-05-04T23:50:04.904180+00:00,https://www.grays.com/lot/0001-10353526/motor-vehicles-motor-cycles/2015-renault-captur-expression-automatic-wagon,309.0,309.0,4,1d 10h 9m57s,34.166,Active,nsw,NSW,lot
2026-05-04T23:50:16.259596+00:00,https://www.grays.com/lot/0001-10353527/motor-vehicles-motor-cycles/2017-hyundai-santa-fe-elite-dm-ii-turbo-diesel-automatic-7-seats-wagon,609.0,609.0,7,1d 10h 9m46s,34.163,Active,nsw,NSW,lot
2026-05-04T23:50:27.053690+00:00,https://www.grays.com/lot/0001-10353528/motor-vehicles-motor-cycles/2017-mitsubishi-lancer-black-edition-cf-cvt-sedan,509.0,509.0,8,1d 10h 9m35s,34.16,Active,nsw,NSW,lot
2026-05-04T23:50:37.760363+00:00,https://www.grays.com/lot/0001-10353529/motor-vehicles-motor-cycles/2010-toyota-hilux-sr-4x4-kun26r-turbo-diesel-manual-crew-cab-chassis,6000.0,6000.0,22,1d 10h 9m24s,34.157,Active,nsw,NSW,lot
2026-05-04T23:50:56.638834+00:00,https://www.grays.com/lot/0001-10353530/motor-vehicles-motor-cycles/2021-jeep-grand-cherokee-blackhawk-4x4-wk-turbo-diesel-at-8-speed-wagon,6000.0,6000.0,45,1d 10h 9m6s,34.152,Active,nsw,NSW,lot
2026-05-04T23:51:07.426251+00:00,https://www.grays.com/lot/0001-10353531/motor-vehicles-motor-cycles/2023-toyota-camry-ascent-hybrid-axvh70r-cvt-sedan,13100.0,13100.0,42,1d 10h 8m55s,34.149,Active,nsw,NSW,lot
2026-05-04T23:51:17.538952+00:00,https://www.grays.com/lot/0001-10353532/motor-vehicles-motor-cycles/2016-mazda-2-neo-dl-series-manual-hatchback,809.0,809.0,11,1d 10h 8m45s,34.146,Active,nsw,NSW,lot
2026-05-04T23:51:29.141821+00:00,https://www.grays.com/lot/0001-10353533/motor-vehicles-motor-cycles/2008-bmw-x5-3-0sd-e70-turbo-diesel-automatic-7-seats-wagon,1309.0,1309.0,24,1d 10h 8m33s,34.142,Active,nsw,NSW,lot
2026-05-04T23:51:39.463229+00:00,https://www.grays.com/lot/0001-10353534/motor-vehicles-motor-cycles/2015-renault-captur-expression-automatic-wagon,1209.0,1209.0,13,1d 10h 8m24s,34.14,Active,nsw,NSW,lot
2026-05-04T23:51:50.638479+00:00,https://www.grays.com/lot/0001-10353536/motor-vehicles-motor-cycles/2012-audi-a4-2-0-tfsi-quattro-b8-automatic-sedan,4100.0,4100.0,23,1d 10h 8m13s,34.137,Active,nsw,NSW,lot
2026-05-04T23:52:01.430130+00:00,https://www.grays.com/lot/0001-10353537/motor-vehicles-motor-cycles/2012-subaru-impreza-2-0i-l-g4-cvt-sedan,800.0,800.0,5,1d 10h 8m1s,34.134,Active,nsw,NSW,lot
2026-05-04T23:52:18.127795+00:00,https://www.grays.com/lot/0001-10353538/motor-vehicles-motor-cycles/2015-jeep-grand-cherokee-limited-wk-turbo-diesel-automatic-8-speed-wagon,609.0,609.0,7,1d 10h 7m44s,34.129,Active,nsw,NSW,lot
2026-05-04T23:52:28.465441+00:00,https://www.grays.com/lot/0001-10353539/motor-vehicles-motor-cycles/2016-hyundai-elantra-active-ad-automatic-sedan,7000.0,7000.0,92,1d 10h 7m34s,34.126,Active,nsw,NSW,lot
2026-05-04T23:52:39.755586+00:00,https://www.grays.com/lot/0001-10353542/motor-vehicles-motor-cycles/2016-hyundai-accent-active-rb-cvt-hatchback,1400.0,1400.0,6,1d 10h 7m23s,34.123,Active,nsw,NSW,lot
2026-05-04T23:52:52.191069+00:00,https://www.grays.com/lot/0001-10353543/motor-vehicles-motor-cycles/2012-mazda-3-neo-bl-automatic-sedan,909.0,909.0,12,1d 10h 7m11s,34.12,Active,nsw,NSW,lot
2026-05-04T23:53:03.853013+00:00,https://www.grays.com/lot/0001-10353544/motor-vehicles-motor-cycles/2014-holden-calais-v-vf-automatic-sedan,2009.0,2009.0,25,1d 10h 6m59s,34.116,Active,nsw,NSW,lot
2026-05-04T23:53:24.231615+00:00,https://www.grays.com/lot/0001-10353546/motor-vehicles-motor-cycles/2015-holden-cruze-cd-sportwagon-jh-automatic-wagon,109.0,109.0,2,1d 10h 6m39s,34.111,Active,nsw,NSW,lot
2026-05-04T23:53:35.640531+00:00,https://www.grays.com/lot/0001-10353547/motor-vehicles-motor-cycles/2012-nissan-leaf-direct-drive-hatchback,1609.0,1609.0,28,1d 10h 6m27s,34.108,Active,nsw,NSW,lot
2026-05-04T23:53:46.538338+00:00,https://www.grays.com/lot/0001-10353548/motor-vehicles-motor-cycles/2013-kia-sorento-platinum-xm-turbo-diesel-automatic-7-seats-wagon,2009.0,2009.0,29,1d 10h 6m17s,34.105,Active,nsw,NSW,lot
2026-05-04T23:54:03.875679+00:00,https://www.grays.com/lot/0001-10353550/motor-vehicles-motor-cycles/2015-mazda-cx-5-akera-ke-turbo-diesel-automatic-wagon,1009.0,1009.0,11,1d 10h 5m59s,34.1,Active,nsw,NSW,lot
2026-05-04T23:54:13.854032+00:00,https://www.grays.com/lot/0001-10353551/motor-vehicles-motor-cycles/2010-subaru-impreza-wrx-g3-manual-sedan,209.0,209.0,3,1d 10h 5m49s,34.097,Active,nsw,NSW,lot
2026-05-04T23:54:24.388511+00:00,https://www.grays.com/lot/0001-10353552/motor-vehicles-motor-cycles/2017-hyundai-i30-active-pd-automatic-hatchback,4500.0,4500.0,10,1d 10h 5m38s,34.094,Active,nsw,NSW,lot
2026-05-04T23:54:38.191239+00:00,https://www.grays.com/lot/0001-10353553/motor-vehicles-motor-cycles/2009-subaru-impreza-wrx-awd-g3-manual-sedan,409.0,409.0,5,1d 10h 5m24s,34.09,Active,nsw,NSW,lot
2026-05-04T23:54:49.868706+00:00,https://www.grays.com/lot/0001-10913048/motor-vehicles-motor-cycles/2018-volvo-xc60-t5-momentum-automatic-8-speed-wagon,5011.0,5011.0,82,1d 10h 5m15s,34.088,Active,nsw,NSW,lot
2026-05-04T23:54:59.924527+00:00,https://www.grays.com/lot/0001-21065983/motor-vehicles-motor-cycles/2008-subaru-liberty-gt-spec-b-b4-automatic-wagon,1509.0,1509.0,24,10h 5m2s,10.084,Active,vic,VIC,lot
2026-05-04T23:55:09.810116+00:00,https://www.grays.com/lot/0001-21066039/motor-vehicles-motor-cycles/2008-toyota-yaris-yr-ncp90r-automatic-hatchback,1309.0,1309.0,22,1d 10h 4m53s,34.081,Active,vic,VIC,lot
2026-05-04T23:55:19.269449+00:00,https://www.grays.com/lot/0001-21066040/motor-vehicles-motor-cycles/2018-mazda-cx-5-touring-kf-automatic-wagon,13300.0,13300.0,102,10h 4m43s,10.079,Active,vic,VIC,lot
2026-05-04T23:55:30.060198+00:00,https://www.grays.com/lot/0001-21066042/motor-vehicles-motor-cycles/2015-mazda-cx-5-akera-ke-turbo-diesel-automatic-wagon,5200.0,5200.0,45,10h 4m34s,10.076,Active,vic,VIC,lot
2026-05-04T23:55:40.633743+00:00,https://www.grays.com/lot/0001-21066065/motor-vehicles-motor-cycles/2021-subaru-forester-2-5i-s-s5-cvt-wagon,16100.0,16100.0,42,10h 4m22s,10.073,Active,vic,VIC,lot
2026-05-04T23:55:51.145208+00:00,https://www.grays.com/lot/0001-21066067/motor-vehicles-motor-cycles/2001-toyota-corolla-conquest-ae112r-automatic-hatchback,809.0,809.0,16,10h 4m11s,10.07,Active,vic,VIC,lot
2026-05-04T23:56:02.366647+00:00,https://www.grays.com/lot/0001-21066071/motor-vehicles-motor-cycles/2018-volkswagen-tiguan-r-line-allspace-162tsi-highline-at-7-seats-wagon,5409.0,5409.0,97,1d 10h 4m0s,34.067,Active,vic,VIC,lot
2026-05-04T23:56:12.907035+00:00,https://www.grays.com/lot/0001-21066073/motor-vehicles-motor-cycles/2008-land-rover-range-rover-sport-tdv6-turbo-diesel-automatic-wagon,1210.0,1210.0,11,1d 10h 3m51s,34.064,Active,vic,VIC,lot
2026-05-04T23:56:23.195903+00:00,https://www.grays.com/lot/0001-21066074/motor-vehicles-motor-cycles/2015-hyundai-tucson-active-x-tl-automatic-wagon,1400.0,1400.0,9,1d 10h 3m39s,34.061,Active,vic,VIC,lot
2026-05-04T23:56:33.613126+00:00,https://www.grays.com/lot/0001-21066075/motor-vehicles-motor-cycles/2013-mercedes-benz-ml250-bluetec-w166-turbo-diesel-automatic-wagon,909.0,909.0,10,1d 10h 3m29s,34.058,Active,vic,VIC,lot
2026-05-04T23:56:45.309296+00:00,https://www.grays.com/lot/0001-21066076/motor-vehicles-motor-cycles/2014-mazda-6-atenza-gj-turbo-diesel-automatic-wagon,1000.0,1000.0,17,1d 10h 3m18s,34.055,Active,vic,VIC,lot
2026-05-04T23:56:57.162212+00:00,https://www.grays.com/lot/0001-21066079/motor-vehicles-motor-cycles/2014-ford-kuga-awd-titanium-tf-turbo-diesel-automatic-wagon,909.0,909.0,10,1d 10h 3m5s,34.051,Active,vic,VIC,lot
2026-05-04T23:57:06.863066+00:00,https://www.grays.com/lot/0001-21066080/motor-vehicles-motor-cycles/2011-bmw-520d-520d-f10-turbo-diesel-automatic-8-speed-sedan,5100.0,5100.0,73,1d 10h 2m55s,34.049,Active,vic,VIC,lot
2026-05-04T23:57:16.756605+00:00,https://www.grays.com/lot/0001-21066082/motor-vehicles-motor-cycles/2014-bmw-x3-xdrive-20d-f25-turbo-diesel-automatic-8-speed-wagon,3200.0,3200.0,40,1d 10h 2m47s,34.046,Active,vic,VIC,lot
2026-05-04T23:57:26.281501+00:00,https://www.grays.com/lot/0001-21066083/motor-vehicles-motor-cycles/2016-mercedes-benz-c-class-c250-w205-automatic-sedan,10600.0,10600.0,70,1d 10h 2m36s,34.043,Active,vic,VIC,lot
2026-05-04T23:57:36.851959+00:00,https://www.grays.com/lot/0001-21066084/motor-vehicles-motor-cycles/2017-audi-q7-3-0-tdi-quattro-4m-turbo-diesel-auto-8-speed-7-seats-wagon,10100.0,10100.0,105,1d 10h 2m26s,34.041,Active,vic,VIC,lot
2026-05-04T23:57:47.711689+00:00,https://www.grays.com/lot/0001-21066085/motor-vehicles-motor-cycles/2018-ford-everest-trend-4wd-ua-turbo-diesel-automatic-7-seats-wagon,8100.0,8100.0,59,1d 10h 2m16s,34.038,Active,vic,VIC,lot
2026-05-04T23:57:57.416919+00:00,https://www.grays.com/lot/0001-21066087/motor-vehicles-motor-cycles/2017-hyundai-tucson-active-fwd-tl-automatic-wagon,8609.0,8609.0,159,1d 10h 2m5s,34.035,Active,vic,VIC,lot
2026-05-04T23:58:07.342790+00:00,https://www.grays.com/lot/0001-21066088/motor-vehicles-motor-cycles/2014-nissan-pathfinder-st-r52-cvt-7-seats-wagon,609.0,609.0,13,1d 10h 1m55s,34.032,Active,vic,VIC,lot
2026-05-04T23:58:16.819149+00:00,https://www.grays.com/lot/0001-21066089/motor-vehicles-motor-cycles/2015-kia-cerato-s-yd-automatic-sedan,1600.0,1600.0,14,1d 10h 1m46s,34.029,Active,vic,VIC,lot
2026-05-04T23:58:27.335906+00:00,https://www.grays.com/lot/0001-21066090/motor-vehicles-motor-cycles/2010-audi-q5-3-0-tdi-quattro-8r-turbo-diesel-automatic-wagon,209.0,209.0,3,1d 10h 1m35s,34.026,Active,vic,VIC,lot
2026-05-04T23:58:37.546724+00:00,https://www.grays.com/lot/0001-21066106/motor-vehicles-motor-cycles/2010-bmw-x5-xdrive-40d-sport-e70-lci-turbo-diesel-automatic-8-speed-wagon,2100.0,2100.0,21,2d 10h 1m25s,58.024,Active,vic,VIC,lot
2026-05-04T23:58:47.869653+00:00,https://www.grays.com/lot/0001-21066107/motor-vehicles-motor-cycles/2011-ford-territory-tx-sz-turbo-diesel-automatic-wagon,9.0,9.0,1,2d 10h 1m15s,58.021,Active,vic,VIC,lot
2026-05-04T23:58:58.163102+00:00,https://www.grays.com/lot/0001-21066110/motor-vehicles-motor-cycles/2016-mitsubishi-triton-4x2-glx-mq-turbo-diesel-manual-cab-chassis,6590.0,6590.0,0,2d 10h 1m4s,58.018,Active,vic,VIC,lot
2026-05-04T23:59:07.706465+00:00,https://www.grays.com/lot/0001-23500015/motor-vehicles-motor-cycles/2012-ford-territory-ts-petrol,1209.0,1209.0,25,1d 10h 0m55s,34.015,Active,melbourne,MELBOURNE,lot
2026-05-04T23:59:17.057520+00:00,https://www.grays.com/lot/0001-23500018/motor-vehicles-motor-cycles/2016-mercedes-benz-c-class-c63-amg-s-petrol,48200.0,48200.0,203,10h 0m46s,10.013,Active,melbourne,MELBOURNE,lot
2026-05-04T23:59:25.638767+00:00,https://www.grays.com/lot/0001-23500020/motor-vehicles-motor-cycles/2013-jeep-grand-cherokee-limited-4x4-suv,709.0,709.0,15,2d 10h 0m38s,58.011,Active,melbourne,MELBOURNE,lot
2026-05-04T23:59:36.224505+00:00,https://www.grays.com/lot/0001-50517965/motor-vehicles-motor-cycles/2010-suzuki-sx4-awd-s-gy-cvt-hatchback,709.0,709.0,8,1d 10h 0m26s,34.007,Active,qld,QLD,lot
2026-05-04T23:59:47.112966+00:00,https://www.grays.com/lot/0001-50517966/motor-vehicles-motor-cycles/2007-nissan-tiida-st-l-c11-manual-hatchback,409.0,409.0,7,10h 0m17s,10.005,Active,qld,QLD,lot
2026-05-04T23:59:57.476118+00:00,https://www.grays.com/lot/0001-50517967/motor-vehicles-motor-cycles/2017-holden-astra-r-bk-automatic-hatchback,2000.0,2000.0,31,1d 10h 0m5s,34.001,Active,qld,QLD,lot
2026-05-05T00:00:10.707486+00:00,https://www.grays.com/lot/0001-50517970/motor-vehicles-motor-cycles/2014-hyundai-i20-active-pb-automatic-hatchback,809.0,809.0,9,1d 9h 59m53s,33.998,Active,qld,QLD,lot
2026-05-05T00:00:23.056097+00:00,https://www.grays.com/lot/0001-50517972/motor-vehicles-motor-cycles/2013-audi-a5-2-0-tfsi-quattro-8t-automatic-hatchback,1600.0,1600.0,12,1d 9h 59m40s,33.994,Active,qld,QLD,lot
2026-05-05T00:00:33.971487+00:00,https://www.grays.com/lot/0001-50517974/motor-vehicles-motor-cycles/2010-volkswagen-golf-r-a6-automatic-hatchback,5600.0,5600.0,38,1d 9h 59m29s,33.991,Active,qld,QLD,lot
2026-05-05T00:00:44.492415+00:00,https://www.grays.com/lot/0001-50517975/motor-vehicles-motor-cycles/2016-hyundai-i30-active-x-gd-ii-turbo-diesel-automatic-hatchback,109.0,109.0,3,1d 9h 59m18s,33.988,Active,qld,QLD,lot
2026-05-05T00:00:55.845350+00:00,https://www.grays.com/lot/0001-50517976/motor-vehicles-motor-cycles/2016-hyundai-accent-active-rb-cvt-hatchback,909.0,909.0,10,1d 9h 59m7s,33.985,Active,qld,QLD,lot
2026-05-05T00:01:06.874166+00:00,https://www.grays.com/lot/0001-50517977/motor-vehicles-motor-cycles/2018-mercedes-benz-c-class-c300-w205-9-auto-sedan,11000.0,11000.0,56,1d 9h 58m56s,33.982,Active,qld,QLD,lot
2026-05-05T00:01:16.793703+00:00,https://www.grays.com/lot/0001-50517978/motor-vehicles-motor-cycles/2014-volkswagen-golf-103tsi-highline-a7-automatic-hatchback,109.0,109.0,2,1d 9h 58m45s,33.979,Active,qld,QLD,lot
2026-05-05T00:01:27.764235+00:00,https://www.grays.com/lot/0001-50517979/motor-vehicles-motor-cycles/2010-suzuki-swift-ez-automatic-hatchback,3000.0,3000.0,29,1d 9h 58m36s,33.977,Active,qld,QLD,lot
2026-05-05T00:01:38.721197+00:00,https://www.grays.com/lot/0001-50517980/motor-vehicles-motor-cycles/2012-chrysler-300-c-luxury-lx-automatic-8-speed-sedan,809.0,809.0,11,1d 9h 58m24s,33.973,Active,qld,QLD,lot
2026-05-05T00:01:50.061931+00:00,https://www.grays.com/lot/0001-5062753/motor-vehicles-motor-cycles/2020-mitsubishi-triton-4x4-glx-adas-double-mr-t-d-auto-crew-cab-chassis,15100.0,15100.0,136,1d 9h 28m13s,33.47,Active,nsw,NSW,lot
2026-05-05T00:02:00.270945+00:00,https://www.grays.com/lot/0001-50715478/motor-vehicles-motor-cycles/2015-mazda-cx-5-maxx-sport-ke-turbo-diesel-automatic-wagon,909.0,909.0,10,1d 9h 58m3s,33.968,Active,qld,QLD,lot
2026-05-05T00:02:13.036917+00:00,https://www.grays.com/lot/0001-50715571/motor-vehicles-motor-cycles/2014-jeep-cherokee-limited-4x4-kl-automatic-wagon,109.0,109.0,2,1d 9h 57m50s,33.964,Active,qld,QLD,lot
2026-05-05T00:02:27.927496+00:00,https://www.grays.com/lot/0001-50715572/motor-vehicles-motor-cycles/2017-volkswagen-amarok-tdi420-core-2h-td-auto-8-speed-dual-cab,209.0,209.0,3,1d 9h 57m38s,33.961,Active,qld,QLD,lot
2026-05-05T00:02:44.447752+00:00,https://www.grays.com/lot/0001-50715573/motor-vehicles-motor-cycles/2012-subaru-xv-2-0i-l-g4x-cvt-hatchback,849.0,849.0,12,1d 9h 57m20s,33.956,Active,qld,QLD,lot
2026-05-05T00:02:56.586033+00:00,https://www.grays.com/lot/0001-50715576/motor-vehicles-motor-cycles/2017-volkswagen-amarok-tdi550-v6-highline-2h-my18-automatic-dual-cab-ute,4000.0,4000.0,40,9h 57m6s,9.952,Active,qld,QLD,lot
2026-05-05T00:03:07.759310+00:00,https://www.grays.com/lot/0001-50715577/motor-vehicles-motor-cycles/2021-mitsubishi-express-glx-swb-sn-turbo-diesel-manual-van,4000.0,4000.0,35,9h 56m55s,9.949,Active,qld,QLD,lot
2026-05-05T00:03:17.596340+00:00,https://www.grays.com/lot/0001-50715584/motor-vehicles-motor-cycles/2013-nissan-pathfinder-st-r52-cvt-7-seats-wagon,9.0,9.0,1,1d 9h 56m45s,33.946,Active,qld,QLD,lot
2026-05-05T00:03:28.723220+00:00,https://www.grays.com/lot/0001-50715585/motor-vehicles-motor-cycles/2011-nissan-navara-4x4-st-x550-d40-turbo-diesel-automatic-dual-cab,9.0,9.0,0,1d 9h 56m35s,33.943,Active,qld,QLD,lot
2026-05-05T00:03:39.080112+00:00,https://www.grays.com/lot/0001-50715589/motor-vehicles-motor-cycles/2015-mazda-cx-5-maxx-sport-ke-turbo-diesel-automatic-wagon,9.0,9.0,0,9h 56m24s,9.94,Active,qld,QLD,lot
2026-05-05T00:03:48.761555+00:00,https://www.grays.com/lot/0001-50715596/motor-vehicles-motor-cycles/2008-suzuki-swift-ez-automatic-hatchback,809.0,809.0,9,1d 9h 56m14s,33.937,Active,qld,QLD,lot
2026-05-05T00:03:59.323301+00:00,https://www.grays.com/lot/0001-50715602/motor-vehicles-motor-cycles/2010-nissan-navara-st-x-4x4-double-cab-d40-turbo-diesel-manual-dual-cab,9.0,9.0,0,1d 9h 56m4s,33.934,Active,qld,QLD,lot
2026-05-05T00:04:09.581760+00:00,https://www.grays.com/lot/0001-50715604/motor-vehicles-motor-cycles/2015-jeep-grand-cherokee-laredo-wk-automatic-8-speed-wagon,9.0,9.0,1,1d 9h 55m53s,33.931,Active,qld,QLD,lot
2026-05-05T00:04:21.885886+00:00,https://www.grays.com/lot/0001-50715605/motor-vehicles-motor-cycles/2013-holden-colorado-4x4-lx-rg-turbo-diesel-manual-dual-cab,209.0,209.0,3,1d 9h 55m43s,33.929,Active,qld,QLD,lot
2026-05-05T00:04:31.909799+00:00,https://www.grays.com/lot/0001-50715606/motor-vehicles-motor-cycles/2006-toyota-rav-4-cv-aca33r-automatic-wagon,409.0,409.0,5,9h 55m30s,9.925,Active,qld,QLD,lot
2026-05-05T00:04:42.485435+00:00,https://www.grays.com/lot/0001-50715613/motor-vehicles-motor-cycles/2017-mitsubishi-triton-4x4-glx-l-e-mq-turbo-diesel-manual-dual-cab,709.0,709.0,10,1d 9h 55m22s,33.923,Active,qld,QLD,lot
2026-05-05T00:04:53.321032+00:00,https://www.grays.com/lot/0001-50715614/motor-vehicles-motor-cycles/2009-kia-rio-lx-jb-manual-hatchback,9.0,9.0,0,1d 9h 55m10s,33.919,Active,qld,QLD,lot
2026-05-05T00:05:04.762493+00:00,https://www.grays.com/lot/0001-50715615/motor-vehicles-motor-cycles/2012-holden-colorado-4x4-ltz-rg-turbo-diesel-manual-dual-cab,5010.0,5010.0,24,1d 9h 54m58s,33.916,Active,qld,QLD,lot
2026-05-05T00:05:16.128991+00:00,https://www.grays.com/lot/0001-50715616/motor-vehicles-motor-cycles/2013-holden-colorado-4x4-ltz-rg-turbo-diesel-manual-dual-cab,750.0,750.0,10,1d 9h 54m47s,33.913,Active,qld,QLD,lot
2026-05-05T00:05:27.041495+00:00,https://www.grays.com/lot/0001-50715619/motor-vehicles-motor-cycles/2020-isuzu-mu-x-4x4-ls-t-turbo-diesel-automatic-7-seats-wagon,809.0,809.0,10,1d 9h 54m37s,33.91,Active,qld,QLD,lot
2026-05-05T00:05:37.700301+00:00,https://www.grays.com/lot/0001-50715620/motor-vehicles-motor-cycles/2015-jeep-cherokee-limited-4x4-kl-automatic-wagon,309.0,309.0,4,1d 9h 54m27s,33.907,Active,qld,QLD,lot
2026-05-05T00:05:48.585366+00:00,https://www.grays.com/lot/0001-50715621/motor-vehicles-motor-cycles/2014-subaru-forester-2-0xt-premium-s4-cvt-wagon,109.0,109.0,2,1d 9h 54m14s,33.904,Active,qld,QLD,lot
2026-05-05T00:06:01.009233+00:00,https://www.grays.com/lot/0001-50715622/motor-vehicles-motor-cycles/2016-jeep-grand-cherokee-laredo-wk-automatic-8-speed-wagon,3000.0,3000.0,29,1d 9h 54m2s,33.901,Active,qld,QLD,lot
2026-05-05T00:06:12.183702+00:00,https://www.grays.com/lot/0001-50715623/motor-vehicles-motor-cycles/2016-kia-sorento-platinum-um-turbo-diesel-automatic-7-seats-wagon,3009.0,3009.0,7,1d 9h 53m50s,33.897,Active,qld,QLD,lot
2026-05-05T00:06:22.616615+00:00,https://www.grays.com/lot/0001-50715624/motor-vehicles-motor-cycles/2017-land-rover-discovery-sport-td4-150-se-tdl-9-auto-7-seats-wagon,2409.0,2409.0,21,1d 9h 53m40s,33.894,Active,qld,QLD,lot
2026-05-05T00:06:31.309210+00:00,https://www.grays.com/lot/0001-50715625/motor-vehicles-motor-cycles/2019-nissan-navara-rwd-manual-ute,509.0,509.0,6,9h 53m31s,9.892,Active,qld,QLD,lot
2026-05-05T00:06:41.265838+00:00,https://www.grays.com/lot/0001-50715628/motor-vehicles-motor-cycles/2011-hyundai-ix35-active-fwd-lm-automatic-wagon,1309.0,1309.0,19,9h 53m21s,9.889,Active,qld,QLD,lot
2026-05-05T00:06:51.628040+00:00,https://www.grays.com/lot/0001-50715631/motor-vehicles-motor-cycles/2018-volkswagen-amarok-tdi550-sportline-2h-td-auto-8-speed-dual-cab,3200.0,3200.0,29,1d 9h 53m11s,33.886,Active,qld,QLD,lot
2026-05-05T00:07:02.566731+00:00,https://www.grays.com/lot/0001-50715633/motor-vehicles-motor-cycles/2011-subaru-forester-xs-s3-automatic-wagon,9.0,9.0,1,1d 9h 53m0s,33.883,Active,qld,QLD,lot
2026-05-05T00:07:12.537306+00:00,https://www.grays.com/lot/0001-50715638/motor-vehicles-motor-cycles/2011-nissan-navara-st-4x4-d40-turbo-diesel-automatic-dual-cab,4401.0,4401.0,5,1d 9h 52m50s,33.881,Active,qld,QLD,lot
2026-05-05T00:07:24.628449+00:00,https://www.grays.com/lot/0001-50715639/motor-vehicles-motor-cycles/2012-audi-q3-2-0-tfsi-quattro-8u-automatic-wagon,2700.0,2700.0,15,1d 9h 52m40s,33.878,Active,qld,QLD,lot
2026-05-05T00:07:35.135255+00:00,https://www.grays.com/lot/0001-50715640/motor-vehicles-motor-cycles/2014-jeep-grand-cherokee-laredo-wk-automatic-8-speed-wagon,9.0,9.0,0,1d 9h 52m28s,33.874,Active,qld,QLD,lot
2026-05-05T00:07:44.994471+00:00,https://www.grays.com/lot/0001-50715641/motor-vehicles-motor-cycles/2018-toyota-hilux-4x4-sr5-gun126r-turbo-diesel-automatic-dual-cab,21000.0,21000.0,97,1d 9h 52m18s,33.872,Active,qld,QLD,lot
2026-05-05T00:07:55.201982+00:00,https://www.grays.com/lot/0001-50715642/motor-vehicles-motor-cycles/2017-land-rover-discovery-sport-td4-150-se-turbo-diesel-auto-7-seats-wagon,1318.0,1318.0,18,1d 9h 52m8s,33.869,Active,qld,QLD,lot
2026-05-05T00:08:04.309443+00:00,https://www.grays.com/lot/0001-50715645/motor-vehicles-motor-cycles/2010-mazda-6-diesel-gh-turbo-diesel-manual-wagon,109.0,109.0,3,9h 51m58s,9.866,Active,qld,QLD,lot
2026-05-05T00:08:14.713743+00:00,https://www.grays.com/lot/0001-50715646/motor-vehicles-motor-cycles/2014-holden-trax-ls-tj-automatic-wagon,9.0,9.0,0,1d 9h 51m48s,33.863,Active,qld,QLD,lot
2026-05-05T13:01:03.132533+00:00,https://www.grays.com/lot/0018-23500015/motor-vehicles-motor-cycles/2015-hyundai-ix35-se-petrol,4100.0,4100.0,13,20h 58m59s,20.983,Active,melbourne,MELBOURNE,lot
2026-05-05T15:00:53.515995+00:00,https://www.grays.com/lot/0001-50715589/motor-vehicles-motor-cycles/2015-mazda-cx-5-maxx-sport-ke-turbo-diesel-automatic-wagon,,,16,,,Referred,qld,QLD,lot
2026-05-05T15:00:28.285320+00:00,https://www.grays.com/lot/0001-10353552/motor-vehicles-motor-cycles/2017-hyundai-i30-active-pd-automatic-hatchback,4600.0,4600.0,11,18h 59m33s,18.992,Active,nsw,NSW,lot
2026-05-05T15:00:37.166941+00:00,https://www.grays.com/lot/0001-21066039/motor-vehicles-motor-cycles/2008-toyota-yaris-yr-ncp90r-automatic-hatchback,1409.0,1409.0,23,18h 59m25s,18.99,Active,vic,VIC,lot
2026-05-05T15:00:45.597485+00:00,https://www.grays.com/lot/0001-50715478/motor-vehicles-motor-cycles/2015-mazda-cx-5-maxx-sport-ke-turbo-diesel-automatic-wagon,4109.0,4109.0,73,18h 59m16s,18.988,Active,qld,QLD,lot
2026-05-05T15:01:00.872238+00:00,https://www.grays.com/lot/0018-23500015/motor-vehicles-motor-cycles/2015-hyundai-ix35-se-petrol,4100.0,4100.0,13,18h 59m1s,18.984,Active,melbourne,MELBOURNE,lot
2026-05-05T16:00:43.438872+00:00,https://www.grays.com/lot/0001-10353552/motor-vehicles-motor-cycles/2017-hyundai-i30-active-pd-automatic-hatchback,4600.0,4600.0,11,17h 59m18s,17.988,Active,nsw,NSW,lot
2026-05-05T16:00:53.508404+00:00,https://www.grays.com/lot/0001-21066039/motor-vehicles-motor-cycles/2008-toyota-yaris-yr-ncp90r-automatic-hatchback,1409.0,1409.0,23,17h 59m9s,17.986,Active,vic,VIC,lot
2026-05-05T19:00:23.947379+00:00,https://www.grays.com/lot/0001-50715478/motor-vehicles-motor-cycles/2015-mazda-cx-5-maxx-sport-ke-turbo-diesel-automatic-wagon,4109.0,4109.0,73,14h 59m38s,14.994,Active,qld,QLD,lot
2026-05-05T19:00:31.121375+00:00,https://www.grays.com/lot/0018-23500015/motor-vehicles-motor-cycles/2015-hyundai-ix35-se-petrol,4100.0,4100.0,13,14h 59m31s,14.992,Active,melbourne,MELBOURNE,lot
2026-05-05T20:01:39.178509+00:00,https://www.grays.com/lot/0001-10353552/motor-vehicles-motor-cycles/2017-hyundai-i30-active-pd-automatic-hatchback,4600.0,4600.0,11,13h 58m24s,13.973,Active,nsw,NSW,lot
2026-05-05T20:01:54.352507+00:00,https://www.grays.com/lot/0001-21066039/motor-vehicles-motor-cycles/2008-toyota-yaris-yr-ncp90r-automatic-hatchback,1409.0,1409.0,23,13h 58m8s,13.969,Active,vic,VIC,lot
2026-05-05T20:02:10.903734+00:00,https://www.grays.com/lot/0001-50715478/motor-vehicles-motor-cycles/2015-mazda-cx-5-maxx-sport-ke-turbo-diesel-automatic-wagon,4109.0,4109.0,73,13h 57m52s,13.964,Active,qld,QLD,lot
2026-05-05T20:02:22.257634+00:00,https://www.grays.com/lot/0018-23500015/motor-vehicles-motor-cycles/2015-hyundai-ix35-se-petrol,4100.0,4100.0,13,13h 57m39s,13.961,Active,melbourne,MELBOURNE,lot
2026-05-05T21:00:25.659422+00:00,https://www.grays.com/lot/0001-10353552/motor-vehicles-motor-cycles/2017-hyundai-i30-active-pd-automatic-hatchback,4600.0,4600.0,11,12h 59m38s,12.994,Active,nsw,NSW,lot
2026-05-05T21:00:33.753128+00:00,https://www.grays.com/lot/0001-21066039/motor-vehicles-motor-cycles/2008-toyota-yaris-yr-ncp90r-automatic-hatchback,1409.0,1409.0,23,12h 59m29s,12.991,Active,vic,VIC,lot
2026-05-05T21:00:49.601370+00:00,https://www.grays.com/lot/0001-50715478/motor-vehicles-motor-cycles/2015-mazda-cx-5-maxx-sport-ke-turbo-diesel-automatic-wagon,4109.0,4109.0,73,12h 59m14s,12.987,Active,qld,QLD,lot
2026-05-05T21:00:57.604130+00:00,https://www.grays.com/lot/0018-23500015/motor-vehicles-motor-cycles/2015-hyundai-ix35-se-petrol,4100.0,4100.0,13,12h 59m4s,12.984,Active,melbourne,MELBOURNE,lot
2026-05-05T22:01:05.373679+00:00,https://www.grays.com/lot/0001-10353552/motor-vehicles-motor-cycles/2017-hyundai-i30-active-pd-automatic-hatchback,4600.0,4600.0,11,11h 58m57s,11.982,Active,nsw,NSW,lot
2026-05-05T22:01:16.961658+00:00,https://www.grays.com/lot/0001-21066039/motor-vehicles-motor-cycles/2008-toyota-yaris-yr-ncp90r-automatic-hatchback,1409.0,1409.0,23,11h 58m47s,11.98,Active,vic,VIC,lot
2026-05-05T22:01:26.062457+00:00,https://www.grays.com/lot/0001-50715478/motor-vehicles-motor-cycles/2015-mazda-cx-5-maxx-sport-ke-turbo-diesel-automatic-wagon,4109.0,4109.0,73,11h 58m38s,11.977,Active,qld,QLD,lot
2026-05-05T22:01:34.416005+00:00,https://www.grays.com/lot/0018-23500015/motor-vehicles-motor-cycles/2015-hyundai-ix35-se-petrol,4100.0,4100.0,13,11h 58m31s,11.975,Active,melbourne,MELBOURNE,lot
2026-05-05T23:01:00.429067+00:00,https://www.grays.com/lot/0001-10353552/motor-vehicles-motor-cycles/2017-hyundai-i30-active-pd-automatic-hatchback,4600.0,4600.0,11,10h 59m1s,10.984,Active,nsw,NSW,lot
2026-05-05T23:01:12.186610+00:00,https://www.grays.com/lot/0001-21066039/motor-vehicles-motor-cycles/2008-toyota-yaris-yr-ncp90r-automatic-hatchback,1409.0,1409.0,23,10h 58m51s,10.981,Active,vic,VIC,lot
2026-05-05T23:01:42.499001+00:00,https://www.grays.com/lot/0001-50715478/motor-vehicles-motor-cycles/2015-mazda-cx-5-maxx-sport-ke-turbo-diesel-automatic-wagon,4109.0,4109.0,73,10h 58m19s,10.972,Active,qld,QLD,lot
2026-05-05T23:01:50.769640+00:00,https://www.grays.com/lot/0018-23500015/motor-vehicles-motor-cycles/2015-hyundai-ix35-se-petrol,4100.0,4100.0,13,10h 58m12s,10.97,Active,melbourne,MELBOURNE,lot
2026-05-06T00:02:56.093272+00:00,https://www.grays.com/lot/0001-10353480/motor-vehicles-motor-cycles/2012-toyota-hiace-lwb-kdh201r-turbo-diesel-automatic-van,5600.0,5600.0,19,9h 57m12s,9.953,Active,nsw,NSW,lot
2026-05-06T00:03:08.705893+00:00,https://www.grays.com/lot/0001-10353502/motor-vehicles-motor-cycles/2016-ford-focus-trend-lz-automatic-sedan,109.0,109.0,2,9h 56m53s,9.948,Active,nsw,NSW,lot
2026-05-06T00:03:22.374614+00:00,https://www.grays.com/lot/0001-10353513/motor-vehicles-motor-cycles/2017-volkswagen-2kn-fwd-automatic-caddy-van,4409.0,4409.0,72,9h 26m39s,9.444,Active,"5-11 bay street, botany,",BOTANY,lot
2026-05-06T00:03:34.182239+00:00,https://www.grays.com/lot/0001-10353514/motor-vehicles-motor-cycles/2010-toyota-hilux-150-manual-ute,4359.0,4359.0,148,9h 26m33s,9.443,Active,"5-11 bay street, botany,",BOTANY,lot
2026-05-06T00:03:45.946432+00:00,https://www.grays.com/lot/0001-10353517/motor-vehicles-motor-cycles/2012-toyota-camry-hybrid-h-avv50r-cvt-sedan,7600.0,7600.0,38,9h 56m16s,9.938,Active,nsw,NSW,lot
2026-05-06T00:04:08.983371+00:00,https://www.grays.com/lot/0001-10353521/motor-vehicles-motor-cycles/2013-subaru-xv-2-0i-g4x-cvt-hatchback,709.0,709.0,8,9h 55m55s,9.932,Active,nsw,NSW,lot
2026-05-06T00:04:26.406391+00:00,https://www.grays.com/lot/0001-10353523/motor-vehicles-motor-cycles/2016-hyundai-accent-active-rb-cvt-hatchback,5000.0,5000.0,75,9h 55m36s,9.927,Active,nsw,NSW,lot
2026-05-06T00:43:51.726452+00:00,https://www.grays.com/lot/0001-10353526/motor-vehicles-motor-cycles/2015-renault-captur-expression-automatic-wagon,409.0,409.0,5,9h 16m11s,9.27,Active,nsw,NSW,lot
2026-05-06T00:44:14.604369+00:00,https://www.grays.com/lot/0001-10353527/motor-vehicles-motor-cycles/2017-hyundai-santa-fe-elite-dm-ii-turbo-diesel-automatic-7-seats-wagon,3209.0,3209.0,45,9h 15m47s,9.263,Active,nsw,NSW,lot
2026-05-06T00:44:40.291798+00:00,https://www.grays.com/lot/0001-10353528/motor-vehicles-motor-cycles/2017-mitsubishi-lancer-black-edition-cf-cvt-sedan,909.0,909.0,15,9h 15m21s,9.256,Active,nsw,NSW,lot
2026-05-06T00:44:56.826308+00:00,https://www.grays.com/lot/0001-10353529/motor-vehicles-motor-cycles/2010-toyota-hilux-sr-4x4-kun26r-turbo-diesel-manual-crew-cab-chassis,6100.0,6100.0,23,9h 15m5s,9.251,Active,nsw,NSW,lot
2026-05-06T00:45:09.501439+00:00,https://www.grays.com/lot/0001-10353530/motor-vehicles-motor-cycles/2021-jeep-grand-cherokee-blackhawk-4x4-wk-turbo-diesel-at-8-speed-wagon,10600.0,10600.0,132,9h 14m51s,9.247,Active,nsw,NSW,lot
2026-05-06T00:45:41.752120+00:00,https://www.grays.com/lot/0001-10353531/motor-vehicles-motor-cycles/2023-toyota-camry-ascent-hybrid-axvh70r-cvt-sedan,13900.0,13900.0,50,9h 14m20s,9.239,Active,nsw,NSW,lot
2026-05-06T00:46:08.357502+00:00,https://www.grays.com/lot/0001-10353532/motor-vehicles-motor-cycles/2016-mazda-2-neo-dl-series-manual-hatchback,1409.0,1409.0,22,9h 13m53s,9.231,Active,nsw,NSW,lot
2026-05-06T00:46:29.918611+00:00,https://www.grays.com/lot/0001-10353533/motor-vehicles-motor-cycles/2008-bmw-x5-3-0sd-e70-turbo-diesel-automatic-7-seats-wagon,2409.0,2409.0,26,9h 13m31s,9.225,Active,nsw,NSW,lot
2026-05-06T00:46:42.882343+00:00,https://www.grays.com/lot/0001-10353534/motor-vehicles-motor-cycles/2015-renault-captur-expression-automatic-wagon,1809.0,1809.0,19,9h 13m19s,9.222,Active,nsw,NSW,lot
2026-05-06T00:47:02.972180+00:00,https://www.grays.com/lot/0001-10353536/motor-vehicles-motor-cycles/2012-audi-a4-2-0-tfsi-quattro-b8-automatic-sedan,4300.0,4300.0,27,9h 13m0s,9.217,Active,nsw,NSW,lot
2026-05-06T00:47:27.013591+00:00,https://www.grays.com/lot/0001-10353537/motor-vehicles-motor-cycles/2012-subaru-impreza-2-0i-l-g4-cvt-sedan,3100.0,3100.0,26,9h 12m35s,9.21,Active,nsw,NSW,lot
2026-05-06T00:47:46.770318+00:00,https://www.grays.com/lot/0001-10353538/motor-vehicles-motor-cycles/2015-jeep-grand-cherokee-limited-wk-turbo-diesel-automatic-8-speed-wagon,3000.0,3000.0,17,9h 12m16s,9.204,Active,nsw,NSW,lot
2026-05-06T00:48:15.421554+00:00,https://www.grays.com/lot/0001-10353539/motor-vehicles-motor-cycles/2016-hyundai-elantra-active-ad-automatic-sedan,8100.0,8100.0,103,9h 11m47s,9.196,Active,nsw,NSW,lot
2026-05-06T00:48:27.205537+00:00,https://www.grays.com/lot/0001-10353542/motor-vehicles-motor-cycles/2016-hyundai-accent-active-rb-cvt-hatchback,2100.0,2100.0,14,9h 11m41s,9.195,Active,nsw,NSW,lot
2026-05-06T00:48:50.621880+00:00,https://www.grays.com/lot/0001-10353543/motor-vehicles-motor-cycles/2012-mazda-3-neo-bl-automatic-sedan,1409.0,1409.0,17,9h 11m31s,9.192,Active,nsw,NSW,lot
2026-05-06T00:49:14.635460+00:00,https://www.grays.com/lot/0001-10353544/motor-vehicles-motor-cycles/2014-holden-calais-v-vf-automatic-sedan,4009.0,4009.0,45,9h 10m48s,9.18,Active,nsw,NSW,lot
2026-05-06T00:49:35.861189+00:00,https://www.grays.com/lot/0001-10353546/motor-vehicles-motor-cycles/2015-holden-cruze-cd-sportwagon-jh-automatic-wagon,509.0,509.0,8,9h 10m26s,9.174,Active,nsw,NSW,lot
2026-05-06T00:49:50.719877+00:00,https://www.grays.com/lot/0001-10353547/motor-vehicles-motor-cycles/2012-nissan-leaf-direct-drive-hatchback,3009.0,3009.0,46,9h 10m11s,9.17,Active,nsw,NSW,lot
2026-05-06T00:50:12.318408+00:00,https://www.grays.com/lot/0001-10353548/motor-vehicles-motor-cycles/2013-kia-sorento-platinum-xm-turbo-diesel-automatic-7-seats-wagon,3009.0,3009.0,39,9h 9m49s,9.164,Active,nsw,NSW,lot
2026-05-06T00:50:37.282698+00:00,https://www.grays.com/lot/0001-10353550/motor-vehicles-motor-cycles/2015-mazda-cx-5-akera-ke-turbo-diesel-automatic-wagon,4200.0,4200.0,45,9h 9m24s,9.157,Active,nsw,NSW,lot
2026-05-06T00:50:49.522300+00:00,https://www.grays.com/lot/0001-10353551/motor-vehicles-motor-cycles/2010-subaru-impreza-wrx-g3-manual-sedan,609.0,609.0,7,9h 9m12s,9.153,Active,nsw,NSW,lot
2026-05-06T00:51:10.629527+00:00,https://www.grays.com/lot/0001-10353552/motor-vehicles-motor-cycles/2017-hyundai-i30-active-pd-automatic-hatchback,4600.0,4600.0,11,9h 8m51s,9.147,Active,nsw,NSW,lot
2026-05-06T00:51:22.790860+00:00,https://www.grays.com/lot/0001-10353553/motor-vehicles-motor-cycles/2009-subaru-impreza-wrx-awd-g3-manual-sedan,909.0,909.0,14,9h 8m39s,9.144,Active,nsw,NSW,lot
2026-05-06T00:51:44.897718+00:00,https://www.grays.com/lot/0001-10353554/motor-vehicles-motor-cycles/2014-mercedes-benz-c-250-c250-bluetec-w205-turbo-diesel-automatic-sedan,109.0,109.0,3,4d 9h 8m17s,105.138,Active,nsw,NSW,lot
2026-05-06T00:52:30.133093+00:00,https://www.grays.com/lot/0001-10353556/motor-vehicles-motor-cycles/2011-ford-territory-titanium-sz-turbo-diesel-automatic-7-seats-wagon,109.0,109.0,2,4d 9h 7m46s,105.129,Active,nsw,NSW,lot
2026-05-06T00:52:57.285936+00:00,https://www.grays.com/lot/0001-10353557/motor-vehicles-motor-cycles/2005-lexus-is-250-is250-prestige-automatic-sedan,109.0,109.0,3,4d 9h 7m8s,105.119,Active,nsw,NSW,lot
2026-05-06T00:53:24.151386+00:00,https://www.grays.com/lot/0001-10353558/motor-vehicles-motor-cycles/2014-peugeot-308-allure-automatic-hatchback,9.0,9.0,0,4d 9h 6m40s,105.111,Active,nsw,NSW,lot
2026-05-06T00:54:03.931058+00:00,https://www.grays.com/lot/0001-10353562/motor-vehicles-motor-cycles/2013-ford-ranger-automatic-pickup,9.0,9.0,0,4d 9h 6m1s,105.1,Active,nsw,NSW,lot
2026-05-06T00:54:24.410134+00:00,https://www.grays.com/lot/0001-10353563/motor-vehicles-motor-cycles/2018-mitsubishi-pajero-gls-nx-turbo-diesel-automatic-7-seats-wagon,4040.0,4040.0,78,4d 9h 5m38s,105.094,Active,nsw,NSW,lot
2026-05-06T00:54:35.872587+00:00,https://www.grays.com/lot/0001-10353564/motor-vehicles-motor-cycles/2011-hyundai-ix35-highlander-lm-automatic-wagon,9.0,9.0,1,4d 9h 5m27s,105.091,Active,nsw,NSW,lot
2026-05-06T00:55:01.301805+00:00,https://www.grays.com/lot/0001-10353569/motor-vehicles-motor-cycles/2008-holden-ute-ss-v-series-ve-automatic-pick-up,4600.0,4600.0,14,4d 9h 5m1s,105.084,Active,nsw,NSW,lot
2026-05-06T00:55:24.579682+00:00,https://www.grays.com/lot/0001-10353570/motor-vehicles-motor-cycles/2015-porsche-cayenne-diesel-92a-turbo-diesel-automatic-8-speed-wagon,6300.0,6300.0,77,4d 9h 4m38s,105.077,Active,nsw,NSW,lot
2026-05-06T00:55:37.176179+00:00,https://www.grays.com/lot/0001-10353571/motor-vehicles-motor-cycles/2008-holden-ute-omega-ve-automatic-ute,9.0,9.0,1,4d 9h 4m25s,105.074,Active,nsw,NSW,lot
2026-05-06T00:56:05.604314+00:00,https://www.grays.com/lot/0001-10353572/motor-vehicles-motor-cycles/2004-toyota-corolla-conquest-zze122r-automatic-wagon,9.0,9.0,0,4d 9h 3m55s,105.065,Active,nsw,NSW,lot
2026-05-06T00:56:17.062218+00:00,https://www.grays.com/lot/0001-10353573/motor-vehicles-motor-cycles/2021-ford-ranger-4x4-xlt-px-iii-turbo-diesel-automatic-pick-up,5200.0,5200.0,5,4d 9h 3m45s,105.062,Active,nsw,NSW,lot
2026-05-06T00:56:38.438394+00:00,https://www.grays.com/lot/0001-10353575/motor-vehicles-motor-cycles/2020-jeep-compass-limited-bg-automatic-wagon,409.0,409.0,5,4d 9h 3m23s,105.056,Active,nsw,NSW,lot
2026-05-06T00:57:16.462288+00:00,https://www.grays.com/lot/0001-10353576/motor-vehicles-motor-cycles/2009-subaru-impreza-wrx-g3-manual-sedan,9.0,9.0,1,4d 9h 2m47s,105.046,Active,nsw,NSW,lot
2026-05-06T00:57:39.682636+00:00,https://www.grays.com/lot/0001-10353578/motor-vehicles-motor-cycles/2011-bmw-x6-xdrive-30d-e71-turbo-diesel-automatic-8-speed-wagon,209.0,209.0,3,4d 9h 2m23s,105.04,Active,nsw,NSW,lot
2026-05-06T00:57:53.149474+00:00,https://www.grays.com/lot/0001-10353580/motor-vehicles-motor-cycles/2011-mazda-cx-9-luxury-awd-tb-5-automatic-7-seats-wagon,109.0,109.0,2,4d 9h 2m10s,105.036,Active,nsw,NSW,lot
2026-05-06T00:58:28.114090+00:00,https://www.grays.com/lot/0001-10353581/motor-vehicles-motor-cycles/2022-hyundai-i30-automatic-hatchback,2700.0,2700.0,26,4d 9h 1m35s,105.026,Active,nsw,NSW,lot
2026-05-06T00:59:12.221012+00:00,https://www.grays.com/lot/0001-10913047/motor-vehicles-motor-cycles/2017-mazda-cx-5-maxx-kf-automatic-wagon,600.0,600.0,6,4d 9h 0m49s,105.014,Active,nsw,NSW,lot
2026-05-06T00:59:21.806579+00:00,https://www.grays.com/lot/0001-10913048/motor-vehicles-motor-cycles/2018-volvo-xc60-t5-momentum-automatic-8-speed-wagon,8100.0,8100.0,102,9h 0m40s,9.011,Active,nsw,NSW,lot
2026-05-06T00:59:30.987481+00:00,https://www.grays.com/lot/0001-21066039/motor-vehicles-motor-cycles/2008-toyota-yaris-yr-ncp90r-automatic-hatchback,1409.0,1409.0,23,9h 0m33s,9.009,Active,vic,VIC,lot
2026-05-06T00:59:44.170557+00:00,https://www.grays.com/lot/0001-21066068/motor-vehicles-motor-cycles/2012-jeep-patriot-sport-mk-cvt-wagon,9.0,9.0,0,4d 9h 0m17s,105.005,Active,vic,VIC,lot
2026-05-06T01:00:12.391058+00:00,https://www.grays.com/lot/0001-21066071/motor-vehicles-motor-cycles/2018-volkswagen-tiguan-r-line-allspace-162tsi-highline-at-7-seats-wagon,6009.0,6009.0,103,8h 59m52s,8.998,Active,vic,VIC,lot
2026-05-06T01:00:38.456339+00:00,https://www.grays.com/lot/0001-50715478/motor-vehicles-motor-cycles/2015-mazda-cx-5-maxx-sport-ke-turbo-diesel-automatic-wagon,4109.0,4109.0,73,8h 59m24s,8.99,Active,qld,QLD,lot
2026-05-06T01:00:47.278835+00:00,https://www.grays.com/lot/0018-23500015/motor-vehicles-motor-cycles/2015-hyundai-ix35-se-petrol,4100.0,4100.0,13,8h 59m14s,8.987,Active,melbourne,MELBOURNE,lot
2026-05-06T01:01:14.107044+00:00,https://www.grays.com/lot/0001-21066074/motor-vehicles-motor-cycles/2015-hyundai-tucson-active-x-tl-automatic-wagon,5200.0,5200.0,77,,,Referred,vic,VIC,lot
2026-05-06T01:01:32.491525+00:00,https://www.grays.com/lot/0001-21066075/motor-vehicles-motor-cycles/2013-mercedes-benz-ml250-bluetec-w166-turbo-diesel-automatic-wagon,2400.0,2400.0,29,,,Referred,vic,VIC,lot
2026-05-06T01:08:53.189709+00:00,https://www.grays.com/lot/0001-50517975/motor-vehicles-motor-cycles/2016-hyundai-i30-active-x-gd-ii-turbo-diesel-automatic-hatchback,409.0,409.0,9,,,Referred,qld,QLD,lot
2026-05-06T01:11:55.874347+00:00,https://www.grays.com/lot/0001-50715584/motor-vehicles-motor-cycles/2013-nissan-pathfinder-st-r52-cvt-7-seats-wagon,209.0,209.0,3,,,Referred,qld,QLD,lot
2026-05-06T01:25:12.241384+00:00,https://www.grays.com/lot/0001-60050693/motor-vehicles-motor-cycles/2011-bmw-3-series-320i-exec-e90-automatic-sedan,2100.0,2100.0,25,,,Referred,sa,SA,lot
2026-05-06T01:43:42.019738+00:00,https://www.grays.com/lot/0038-23500015/motor-vehicles-motor-cycles/2014-hyundai-elantra-active-petrol,1209.0,1209.0,21,8h 16m22s,8.273,Active,melbourne,MELBOURNE,lot
2026-05-06T01:43:56.800886+00:00,https://www.grays.com/lot/0041-23500015/motor-vehicles-motor-cycles/2011-ford-territory-ts-limited-edition-petrol,1009.0,1009.0,17,8h 16m5s,8.268,Active,melbourne,MELBOURNE,lot
2026-05-06T01:44:07.624860+00:00,https://www.grays.com/lot/0043-23500015/motor-vehicles-motor-cycles/2016-holden-colorado-7-ltz-diesel,1209.0,1209.0,21,8h 15m54s,8.265,Active,melbourne,MELBOURNE,lot
2026-05-06T01:44:18.207617+00:00,https://www.grays.com/lot/0044-23500015/motor-vehicles-motor-cycles/2013-volvo-xc60-t6-auto-awd-petrol,609.0,609.0,7,8h 15m44s,8.262,Active,melbourne,MELBOURNE,lot
2026-05-06T01:44:28.499709+00:00,https://www.grays.com/lot/0045-23500015/motor-vehicles-motor-cycles/2010-mercedes-benz-b-class-b180-diesel,1199.0,1199.0,13,8h 15m39s,8.261,Active,melbourne,MELBOURNE,lot
2026-05-06T01:44:46.364192+00:00,https://www.grays.com/lot/0046-23500015/motor-vehicles-motor-cycles/2011-mercedes-benz-b-class-b200-petrol,509.0,509.0,11,8h 15m29s,8.258,Active,melbourne,MELBOURNE,lot
2026-05-06T01:45:05.544364+00:00,https://www.grays.com/lot/0048-23500015/motor-vehicles-motor-cycles/2013-infiniti-fx37-s-premium-petrol,4250.0,4250.0,49,8h 15m0s,8.25,Active,melbourne,MELBOURNE,lot
2026-05-06T01:45:14.612797+00:00,https://www.grays.com/lot/0049-23500015/motor-vehicles-motor-cycles/2013-jeep-wrangler-sport-jk-auto-4x4,5409.0,5409.0,73,8h 14m49s,8.247,Active,melbourne,MELBOURNE,lot
2026-05-06T01:45:29.442036+00:00,https://www.grays.com/lot/0050-23500015/motor-vehicles-motor-cycles/2013-subaru-forester-2-5l-awd-suv,3100.0,3100.0,21,8h 14m39s,8.244,Active,melbourne,MELBOURNE,lot
2026-05-06T01:45:39.711455+00:00,https://www.grays.com/lot/0051-23500015/motor-vehicles-motor-cycles/2010-ford-territory-ts-auto-suv,709.0,709.0,11,8h 14m23s,8.24,Active,melbourne,MELBOURNE,lot
2026-05-06T01:45:51.989522+00:00,https://www.grays.com/lot/0052-23500015/motor-vehicles-motor-cycles/2017-ford-escape-titanium-zg-auto-awd-suv,10100.0,10100.0,113,8h 14m11s,8.236,Active,melbourne,MELBOURNE,lot
2026-05-06T01:46:03.456933+00:00,https://www.grays.com/lot/0053-23500015/motor-vehicles-motor-cycles/2005-mercedes-benz-m-class-ml350-auto-awd-suv,609.0,609.0,8,8h 13m58s,8.233,Active,melbourne,MELBOURNE,lot
2026-05-06T01:46:17.699738+00:00,https://www.grays.com/lot/0054-23500015/motor-vehicles-motor-cycles/2016-mitsubishi-pajero-sport-gls-auto-suv,4500.0,4500.0,24,8h 13m45s,8.229,Active,melbourne,MELBOURNE,lot
2026-05-06T01:46:38.843315+00:00,https://www.grays.com/lot/0056-23500015/motor-vehicles-motor-cycles/2007-honda-jazz-gli-auto-hatchback,2409.0,2409.0,41,8h 13m22s,8.223,Active,melbourne,MELBOURNE,lot
2026-05-06T01:47:04.544393+00:00,https://www.grays.com/lot/0001-10353519/motor-vehicles-motor-cycles/2017-mercedes-benz-a-class-a180-w176-automatic-hatchback-wovr-inspected,3009.0,3009.0,44,7h 43m1s,7.717,Active,nsw,NSW,lot
2026-05-06T01:47:22.585139+00:00,https://www.grays.com/lot/0001-10353519/motor-vehicles-motor-cycles/2017-mercedes-benz-a-class-a180-w176-automatic-hatchback-wovr-inspected,3009.0,3009.0,44,,,Referred,nsw,NSW,lot
2026-05-06T01:47:33.358100+00:00,https://www.grays.com/lot/0001-10353555/motor-vehicles-motor-cycles/2020-toyota-corolla-ascent-sport-hybrid-wovr-inspected,209.0,209.0,3,4d 8h 12m28s,104.208,Active,nsw,NSW,lot
2026-05-06T01:47:50.215489+00:00,https://www.grays.com/lot/0001-21066066/motor-vehicles-motor-cycles/2005-mercedes-benz-slk-class-slk55-amg-r171-wovr-inspected,1750.0,1750.0,30,4d 8h 12m15s,104.204,Active,vic,VIC,lot
2026-05-06T01:48:07.682281+00:00,https://www.grays.com/lot/0001-50715660/motor-vehicles-motor-cycles/2010-land-rover-freelander-automatic-wagon-wovr-inspected,109.0,109.0,2,8h 11m54s,8.198,Active,qld,QLD,lot
2026-05-06T01:48:18.080331+00:00,https://www.grays.com/lot/0002-23500020/motor-vehicles-motor-cycles/2009-holden-calais-v-ve-6ltr-auto-wagon-wovr-repairable,1600.0,1600.0,27,1d 8h 11m46s,32.196,Active,melbourne,MELBOURNE,lot
2026-05-06T01:48:34.622454+00:00,https://www.grays.com/lot/0017-23500015/motor-vehicles-motor-cycles/2014-holden-cruze-sri-v-petrol-wovr-inspected,309.0,309.0,7,8h 11m26s,8.191,Active,melbourne,MELBOURNE,lot
2026-05-06T01:01:04.797204+00:00,https://www.grays.com/lot/0001-21066073/motor-vehicles-motor-cycles/2008-land-rover-range-rover-sport-tdv6-turbo-diesel-automatic-wagon,1710.0,1710.0,16,8h 58m57s,8.982,Active,vic,VIC,lot
2026-05-06T01:01:54.004322+00:00,https://www.grays.com/lot/0001-21066076/motor-vehicles-motor-cycles/2014-mazda-6-atenza-gj-turbo-diesel-automatic-wagon,1200.0,1200.0,20,8h 58m7s,8.969,Active,vic,VIC,lot
2026-05-06T01:02:24.374433+00:00,https://www.grays.com/lot/0001-21066079/motor-vehicles-motor-cycles/2014-ford-kuga-awd-titanium-tf-turbo-diesel-automatic-wagon,1309.0,1309.0,14,8h 57m38s,8.961,Active,vic,VIC,lot
2026-05-06T01:02:38.528338+00:00,https://www.grays.com/lot/0001-21066080/motor-vehicles-motor-cycles/2011-bmw-520d-520d-f10-turbo-diesel-automatic-8-speed-sedan,5500.0,5500.0,81,8h 57m24s,8.957,Active,vic,VIC,lot
2026-05-06T01:02:48.199315+00:00,https://www.grays.com/lot/0001-21066082/motor-vehicles-motor-cycles/2014-bmw-x3-xdrive-20d-f25-turbo-diesel-automatic-8-speed-wagon,3900.0,3900.0,50,1d 8h 57m14s,32.954,Active,vic,VIC,lot
2026-05-06T01:02:57.330796+00:00,https://www.grays.com/lot/0001-21066083/motor-vehicles-motor-cycles/2016-mercedes-benz-c-class-c250-w205-automatic-sedan,11300.0,11300.0,80,8h 57m6s,8.952,Active,vic,VIC,lot
2026-05-06T01:03:07.283889+00:00,https://www.grays.com/lot/0001-21066084/motor-vehicles-motor-cycles/2017-audi-q7-3-0-tdi-quattro-4m-turbo-diesel-auto-8-speed-7-seats-wagon,10100.0,10100.0,105,8h 56m58s,8.949,Active,vic,VIC,lot
2026-05-06T01:03:26.709535+00:00,https://www.grays.com/lot/0001-21066085/motor-vehicles-motor-cycles/2018-ford-everest-trend-4wd-ua-turbo-diesel-automatic-7-seats-wagon,10200.0,10200.0,64,8h 56m36s,8.943,Active,vic,VIC,lot
2026-05-06T01:03:34.828381+00:00,https://www.grays.com/lot/0001-21066087/motor-vehicles-motor-cycles/2017-hyundai-tucson-active-fwd-tl-automatic-wagon,9009.0,9009.0,164,8h 56m27s,8.941,Active,vic,VIC,lot
2026-05-06T01:03:44.888856+00:00,https://www.grays.com/lot/0001-21066088/motor-vehicles-motor-cycles/2014-nissan-pathfinder-st-r52-cvt-7-seats-wagon,709.0,709.0,14,8h 56m16s,8.938,Active,vic,VIC,lot
2026-05-06T01:03:54.333814+00:00,https://www.grays.com/lot/0001-21066089/motor-vehicles-motor-cycles/2015-kia-cerato-s-yd-automatic-sedan,2800.0,2800.0,30,8h 56m13s,8.937,Active,vic,VIC,lot
2026-05-06T01:04:11.834350+00:00,https://www.grays.com/lot/0001-21066090/motor-vehicles-motor-cycles/2010-audi-q5-3-0-tdi-quattro-8r-turbo-diesel-automatic-wagon,309.0,309.0,5,8h 56m2s,8.934,Active,vic,VIC,lot
2026-05-06T01:04:21.674694+00:00,https://www.grays.com/lot/0001-21066095/motor-vehicles-motor-cycles/2004-toyota-landcruiser-prado-gx-grj120r-automatic-8-seats-wagon,109.0,109.0,2,4d 8h 55m40s,104.928,Active,vic,VIC,lot
2026-05-06T01:04:31.466310+00:00,https://www.grays.com/lot/0001-21066096/motor-vehicles-motor-cycles/2012-volkswagen-cc-125tdi-3cc-turbo-diesel-automatic-coupe,109.0,109.0,2,4d 8h 55m32s,104.926,Active,vic,VIC,lot
2026-05-06T01:04:40.009062+00:00,https://www.grays.com/lot/0001-21066097/motor-vehicles-motor-cycles/2014-peugeot-308-allure-automatic-hatchback,9.0,9.0,0,4d 8h 55m21s,104.922,Active,vic,VIC,lot
2026-05-06T01:04:48.772677+00:00,https://www.grays.com/lot/0001-21066100/motor-vehicles-motor-cycles/2005-volvo-xc70-se-automatic-wagon,9.0,9.0,1,4d 8h 55m14s,104.921,Active,vic,VIC,lot
2026-05-06T01:04:58.789239+00:00,https://www.grays.com/lot/0001-21066101/motor-vehicles-motor-cycles/2011-mercedes-benz-c250-be-avantgarde-w204-automatic-sedan,309.0,309.0,6,4d 8h 55m3s,104.918,Active,vic,VIC,lot
2026-05-06T01:05:14.005652+00:00,https://www.grays.com/lot/0001-21066102/motor-vehicles-motor-cycles/2014-jeep-compass-limited-cvt-wagon,109.0,109.0,3,4d 8h 54m47s,104.913,Active,vic,VIC,lot
2026-05-06T01:05:24.691911+00:00,https://www.grays.com/lot/0001-21066103/motor-vehicles-motor-cycles/2007-lexus-rx-350-rx350-sports-gsu35r-automatic-wagon,109.0,109.0,3,4d 8h 54m37s,104.91,Active,vic,VIC,lot
2026-05-06T01:05:34.937777+00:00,https://www.grays.com/lot/0001-21066104/motor-vehicles-motor-cycles/2015-bmw-x5-xdrive-30d-f15-turbo-diesel-automatic-8-speed-wagon,809.0,809.0,9,4d 8h 54m27s,104.907,Active,vic,VIC,lot
2026-05-06T01:05:45.386400+00:00,https://www.grays.com/lot/0001-21066105/motor-vehicles-motor-cycles/2013-land-rover-range-rover-evoque-td4-pure-turbo-diesel-automatic-wagon,209.0,209.0,3,4d 8h 54m16s,104.904,Active,vic,VIC,lot
2026-05-06T01:06:03.412091+00:00,https://www.grays.com/lot/0001-21066106/motor-vehicles-motor-cycles/2010-bmw-x5-xdrive-40d-sport-e70-lci-turbo-diesel-automatic-8-speed-wagon,2200.0,2200.0,23,1d 8h 53m58s,32.899,Active,vic,VIC,lot
2026-05-06T01:06:23.768193+00:00,https://www.grays.com/lot/0001-21066107/motor-vehicles-motor-cycles/2011-ford-territory-tx-sz-turbo-diesel-automatic-wagon,309.0,309.0,4,1d 8h 53m44s,32.896,Active,vic,VIC,lot
2026-05-06T01:06:40.849136+00:00,https://www.grays.com/lot/0001-21066110/motor-vehicles-motor-cycles/2016-mitsubishi-triton-4x2-glx-mq-turbo-diesel-manual-cab-chassis,6590.0,6590.0,0,1d 8h 53m23s,32.89,Active,vic,VIC,lot
2026-05-06T01:06:50.628753+00:00,https://www.grays.com/lot/0001-23500015/motor-vehicles-motor-cycles/2012-ford-territory-ts-petrol,1409.0,1409.0,28,8h 53m18s,8.888,Active,melbourne,MELBOURNE,lot
2026-05-06T01:07:01.903822+00:00,https://www.grays.com/lot/0001-23500016/motor-vehicles-motor-cycles/2013-mazda-cx-5-maxx-petrol,9.0,9.0,1,4d 8h 53m3s,104.884,Active,melbourne,MELBOURNE,lot
2026-05-06T01:07:12.047500+00:00,https://www.grays.com/lot/0001-23500019/motor-vehicles-motor-cycles/2010-subaru-forester-premium-diesel,1.0,1.0,1,4d 8h 52m49s,104.88,Active,melbourne,MELBOURNE,lot
2026-05-06T01:07:21.696975+00:00,https://www.grays.com/lot/0001-23500020/motor-vehicles-motor-cycles/2013-jeep-grand-cherokee-limited-4x4-suv,709.0,709.0,15,1d 8h 52m40s,32.878,Active,melbourne,MELBOURNE,lot
2026-05-06T01:07:31.329624+00:00,https://www.grays.com/lot/0001-50517965/motor-vehicles-motor-cycles/2010-suzuki-sx4-awd-s-gy-cvt-hatchback,1109.0,1109.0,12,8h 52m31s,8.875,Active,qld,QLD,lot
2026-05-06T01:07:51.661163+00:00,https://www.grays.com/lot/0001-50517967/motor-vehicles-motor-cycles/2017-holden-astra-r-bk-automatic-hatchback,2700.0,2700.0,45,8h 52m17s,8.871,Active,qld,QLD,lot
2026-05-06T01:08:00.747960+00:00,https://www.grays.com/lot/0001-50517970/motor-vehicles-motor-cycles/2014-hyundai-i20-active-pb-automatic-hatchback,809.0,809.0,9,8h 52m2s,8.867,Active,qld,QLD,lot
2026-05-06T01:08:09.461940+00:00,https://www.grays.com/lot/0001-50517972/motor-vehicles-motor-cycles/2013-audi-a5-2-0-tfsi-quattro-8t-automatic-hatchback,2109.0,2109.0,17,8h 51m52s,8.864,Active,qld,QLD,lot
2026-05-06T01:08:33.530663+00:00,https://www.grays.com/lot/0001-50517974/motor-vehicles-motor-cycles/2010-volkswagen-golf-r-a6-automatic-hatchback,7100.0,7100.0,61,8h 51m28s,8.858,Active,qld,QLD,lot
2026-05-06T01:09:04.277201+00:00,https://www.grays.com/lot/0001-50517976/motor-vehicles-motor-cycles/2016-hyundai-accent-active-rb-cvt-hatchback,1009.0,1009.0,11,8h 51m0s,8.85,Active,qld,QLD,lot
2026-05-06T01:09:13.610528+00:00,https://www.grays.com/lot/0001-50517977/motor-vehicles-motor-cycles/2018-mercedes-benz-c-class-c300-w205-9-auto-sedan,11700.0,11700.0,63,8h 50m49s,8.847,Active,qld,QLD,lot
2026-05-06T01:09:35.191779+00:00,https://www.grays.com/lot/0001-50517978/motor-vehicles-motor-cycles/2014-volkswagen-golf-103tsi-highline-a7-automatic-hatchback,309.0,309.0,4,8h 50m27s,8.841,Active,qld,QLD,lot
2026-05-06T01:09:58.183585+00:00,https://www.grays.com/lot/0001-50517979/motor-vehicles-motor-cycles/2010-suzuki-swift-ez-automatic-hatchback,3700.0,3700.0,39,8h 50m4s,8.834,Active,qld,QLD,lot
2026-05-06T01:10:06.858374+00:00,https://www.grays.com/lot/0001-50517980/motor-vehicles-motor-cycles/2012-chrysler-300-c-luxury-lx-automatic-8-speed-sedan,1009.0,1009.0,13,8h 49m55s,8.832,Active,qld,QLD,lot
2026-05-06T01:10:19.406184+00:00,https://www.grays.com/lot/0001-50517981/motor-vehicles-motor-cycles/2016-mazda-bt-50-4x2-xt-turbo-diesel-manual-cab-chassis,9.0,9.0,0,4d 8h 49m42s,104.828,Active,qld,QLD,lot
2026-05-06T01:10:29.012018+00:00,https://www.grays.com/lot/0001-50517982/motor-vehicles-motor-cycles/2013-bmw-428i-428i-f33-automatic-8-speed-convertible,109.0,109.0,2,1d 8h 49m34s,32.826,Active,qld,QLD,lot
2026-05-06T01:10:47.934297+00:00,https://www.grays.com/lot/0001-5062753/motor-vehicles-motor-cycles/2020-mitsubishi-triton-4x4-glx-adas-double-mr-t-d-auto-crew-cab-chassis,15200.0,15200.0,137,8h 19m14s,8.321,Active,nsw,NSW,lot
2026-05-06T01:10:58.058288+00:00,https://www.grays.com/lot/0001-50715478/motor-vehicles-motor-cycles/2015-mazda-cx-5-maxx-sport-ke-turbo-diesel-automatic-wagon,4109.0,4109.0,73,8h 49m3s,8.817,Active,qld,QLD,lot
2026-05-06T01:11:09.728416+00:00,https://www.grays.com/lot/0001-50715571/motor-vehicles-motor-cycles/2014-jeep-cherokee-limited-4x4-kl-automatic-wagon,309.0,309.0,4,8h 48m52s,8.814,Active,qld,QLD,lot
2026-05-06T01:11:21.458441+00:00,https://www.grays.com/lot/0001-50715572/motor-vehicles-motor-cycles/2017-volkswagen-amarok-tdi420-core-2h-td-auto-8-speed-dual-cab,2200.0,2200.0,22,8h 48m41s,8.811,Active,qld,QLD,lot
2026-05-06T01:11:45.927302+00:00,https://www.grays.com/lot/0001-50715573/motor-vehicles-motor-cycles/2012-subaru-xv-2-0i-l-g4x-cvt-hatchback,1049.0,1049.0,14,8h 48m16s,8.804,Active,qld,QLD,lot
2026-05-06T01:12:22.124215+00:00,https://www.grays.com/lot/0001-50715585/motor-vehicles-motor-cycles/2011-nissan-navara-4x4-st-x550-d40-turbo-diesel-automatic-dual-cab,209.0,209.0,3,8h 47m39s,8.794,Active,qld,QLD,lot
2026-05-06T01:12:30.750822+00:00,https://www.grays.com/lot/0001-50715596/motor-vehicles-motor-cycles/2008-suzuki-swift-ez-automatic-hatchback,1109.0,1109.0,14,8h 47m33s,8.793,Active,qld,QLD,lot
2026-05-06T01:12:50.884452+00:00,https://www.grays.com/lot/0001-50715602/motor-vehicles-motor-cycles/2010-nissan-navara-st-x-4x4-double-cab-d40-turbo-diesel-manual-dual-cab,9.0,9.0,0,8h 47m24s,8.79,Active,qld,QLD,lot
2026-05-06T01:12:59.562297+00:00,https://www.grays.com/lot/0001-50715604/motor-vehicles-motor-cycles/2015-jeep-grand-cherokee-laredo-wk-automatic-8-speed-wagon,109.0,109.0,2,8h 47m2s,8.784,Active,qld,QLD,lot
2026-05-06T01:13:20.495342+00:00,https://www.grays.com/lot/0001-50715605/motor-vehicles-motor-cycles/2013-holden-colorado-4x4-lx-rg-turbo-diesel-manual-dual-cab,1109.0,1109.0,14,8h 46m42s,8.778,Active,qld,QLD,lot
2026-05-06T01:13:39.474633+00:00,https://www.grays.com/lot/0001-50715612/motor-vehicles-motor-cycles/2011-mitsubishi-express-mwb-sj-manual-van,9.0,9.0,1,5d 8h 16m22s,128.273,Active,qld,QLD,lot
2026-05-06T01:13:48.281259+00:00,https://www.grays.com/lot/0001-50715613/motor-vehicles-motor-cycles/2017-mitsubishi-triton-4x4-glx-l-e-mq-turbo-diesel-manual-dual-cab,4109.0,4109.0,44,8h 46m14s,8.771,Active,qld,QLD,lot
2026-05-06T01:14:18.079724+00:00,https://www.grays.com/lot/0001-50715614/motor-vehicles-motor-cycles/2009-kia-rio-lx-jb-manual-hatchback,9.0,9.0,0,8h 45m44s,8.762,Active,qld,QLD,lot
2026-05-06T01:15:18.962801+00:00,https://www.grays.com/lot/0001-50715615/motor-vehicles-motor-cycles/2012-holden-colorado-4x4-ltz-rg-turbo-diesel-manual-dual-cab,5010.0,5010.0,24,8h 44m43s,8.745,Active,qld,QLD,lot
2026-05-06T01:15:41.660625+00:00,https://www.grays.com/lot/0001-50715616/motor-vehicles-motor-cycles/2013-holden-colorado-4x4-ltz-rg-turbo-diesel-manual-dual-cab,4500.0,4500.0,58,8h 44m20s,8.739,Active,qld,QLD,lot
2026-05-06T01:16:16.248122+00:00,https://www.grays.com/lot/0001-50715619/motor-vehicles-motor-cycles/2020-isuzu-mu-x-4x4-ls-t-turbo-diesel-automatic-7-seats-wagon,5600.0,5600.0,59,8h 43m46s,8.729,Active,qld,QLD,lot
2026-05-06T01:16:25.774982+00:00,https://www.grays.com/lot/0001-50715620/motor-vehicles-motor-cycles/2015-jeep-cherokee-limited-4x4-kl-automatic-wagon,409.0,409.0,5,8h 43m37s,8.727,Active,qld,QLD,lot
2026-05-06T01:16:35.673081+00:00,https://www.grays.com/lot/0001-50715621/motor-vehicles-motor-cycles/2014-subaru-forester-2-0xt-premium-s4-cvt-wagon,2209.0,2209.0,41,8h 43m25s,8.724,Active,qld,QLD,lot
2026-05-06T01:16:47.079048+00:00,https://www.grays.com/lot/0001-50715622/motor-vehicles-motor-cycles/2016-jeep-grand-cherokee-laredo-wk-automatic-8-speed-wagon,3700.0,3700.0,40,8h 43m15s,8.721,Active,qld,QLD,lot
2026-05-06T01:17:06.968917+00:00,https://www.grays.com/lot/0001-50715623/motor-vehicles-motor-cycles/2016-kia-sorento-platinum-um-turbo-diesel-automatic-7-seats-wagon,4500.0,4500.0,11,8h 42m55s,8.715,Active,qld,QLD,lot
2026-05-06T01:17:28.662581+00:00,https://www.grays.com/lot/0001-50715624/motor-vehicles-motor-cycles/2017-land-rover-discovery-sport-td4-150-se-tdl-9-auto-7-seats-wagon,9100.0,9100.0,81,8h 42m34s,8.709,Active,qld,QLD,lot
2026-05-06T01:18:08.391975+00:00,https://www.grays.com/lot/0001-50715631/motor-vehicles-motor-cycles/2018-volkswagen-amarok-tdi550-sportline-2h-td-auto-8-speed-dual-cab,4100.0,4100.0,34,8h 41m53s,8.698,Active,qld,QLD,lot
2026-05-06T01:18:17.564508+00:00,https://www.grays.com/lot/0001-50715633/motor-vehicles-motor-cycles/2011-subaru-forester-xs-s3-automatic-wagon,800.0,800.0,5,8h 41m45s,8.696,Active,qld,QLD,lot
2026-05-06T01:18:27.887253+00:00,https://www.grays.com/lot/0001-50715638/motor-vehicles-motor-cycles/2011-nissan-navara-st-4x4-d40-turbo-diesel-automatic-dual-cab,4401.0,4401.0,5,8h 41m35s,8.693,Active,qld,QLD,lot
2026-05-06T01:18:47.847436+00:00,https://www.grays.com/lot/0001-50715639/motor-vehicles-motor-cycles/2012-audi-q3-2-0-tfsi-quattro-8u-automatic-wagon,4500.0,4500.0,25,8h 41m15s,8.688,Active,qld,QLD,lot
2026-05-06T01:18:57.001426+00:00,https://www.grays.com/lot/0001-50715640/motor-vehicles-motor-cycles/2014-jeep-grand-cherokee-laredo-wk-automatic-8-speed-wagon,9.0,9.0,0,8h 41m5s,8.685,Active,qld,QLD,lot
2026-05-06T01:19:06.022425+00:00,https://www.grays.com/lot/0001-50715641/motor-vehicles-motor-cycles/2018-toyota-hilux-4x4-sr5-gun126r-turbo-diesel-automatic-dual-cab,22200.0,22200.0,118,8h 40m56s,8.682,Active,qld,QLD,lot
2026-05-06T01:19:27.390960+00:00,https://www.grays.com/lot/0001-50715642/motor-vehicles-motor-cycles/2017-land-rover-discovery-sport-td4-150-se-turbo-diesel-auto-7-seats-wagon,2519.0,2519.0,28,8h 40m49s,8.68,Active,qld,QLD,lot
2026-05-06T01:19:37.545951+00:00,https://www.grays.com/lot/0001-50715646/motor-vehicles-motor-cycles/2014-holden-trax-ls-tj-automatic-wagon,109.0,109.0,3,8h 40m25s,8.674,Active,qld,QLD,lot
2026-05-06T01:19:50.968664+00:00,https://www.grays.com/lot/0001-50715648/motor-vehicles-motor-cycles/2017-mitsubishi-pajero-sport-exceed-qe-td-auto-8-speed-7-seats-wagon,5500.0,5500.0,48,8h 40m13s,8.67,Active,qld,QLD,lot
2026-05-06T01:20:28.109060+00:00,https://www.grays.com/lot/0001-50715650/motor-vehicles-motor-cycles/2011-mercedes-benz-e250-cdi-blueeff-avantgarde-a207-auto-convertible,2600.0,2600.0,3,8h 39m34s,8.659,Active,qld,QLD,lot
2026-05-06T01:20:36.534708+00:00,https://www.grays.com/lot/0001-50715651/motor-vehicles-motor-cycles/2018-ford-transit-custom-340l-lwb-vn-turbo-diesel-automatic-van,11100.0,11100.0,86,8h 39m26s,8.657,Active,qld,QLD,lot
2026-05-06T01:20:46.009038+00:00,https://www.grays.com/lot/0001-50715653/motor-vehicles-motor-cycles/2017-audi-q7-3-0-tdi-quattro-4m-turbo-diesel-auto-8-speed-7-seats-wagon,10109.0,10109.0,185,8h 39m16s,8.654,Active,qld,QLD,lot
2026-05-06T01:21:07.843788+00:00,https://www.grays.com/lot/0001-50715654/motor-vehicles-motor-cycles/2009-holden-ute-omega-omega-ve-automatic-ute,809.0,809.0,10,8h 39m3s,8.651,Active,qld,QLD,lot
2026-05-06T01:21:16.697078+00:00,https://www.grays.com/lot/0001-50715655/motor-vehicles-motor-cycles/2018-hyundai-tucson-highlander-awd-tl-automatic-wagon,1109.0,1109.0,14,8h 38m47s,8.646,Active,qld,QLD,lot
2026-05-06T01:21:26.169840+00:00,https://www.grays.com/lot/0001-50715657/motor-vehicles-motor-cycles/2016-volkswagen-golf-92tsi-a7-automatic-hatchback,3400.0,3400.0,39,8h 38m36s,8.643,Active,qld,QLD,lot
2026-05-06T01:21:39.858725+00:00,https://www.grays.com/lot/0001-50715658/motor-vehicles-motor-cycles/2014-ford-ranger-xls-4x4-px-turbo-diesel-manual-dual-cab,1809.0,1809.0,29,8h 38m21s,8.639,Active,qld,QLD,lot
2026-05-06T01:21:50.061042+00:00,https://www.grays.com/lot/0001-50715659/motor-vehicles-motor-cycles/2006-volkswagen-caddy-life-1-9-tdi-turbo-diesel-auto-7-seats-people-mover,2400.0,2400.0,48,8h 38m12s,8.637,Active,qld,QLD,lot
2026-05-06T01:22:11.899410+00:00,https://www.grays.com/lot/0001-50715662/motor-vehicles-motor-cycles/2018-mitsubishi-triton-4x4-glx-mq-turbo-diesel-automatic-dual-cab,6150.0,6150.0,56,8h 37m51s,8.631,Active,qld,QLD,lot
2026-05-06T01:22:33.791537+00:00,https://www.grays.com/lot/0001-50715663/motor-vehicles-motor-cycles/2009-volkswagen-touareg-3-0-v6-tdi-7l-turbo-diesel-automatic-wagon,9.0,9.0,1,8h 37m43s,8.629,Active,qld,QLD,lot
2026-05-06T01:22:54.222683+00:00,https://www.grays.com/lot/0001-50715664/motor-vehicles-motor-cycles/2015-subaru-forester-2-5i-l-s4-cvt-wagon,109.0,109.0,3,8h 37m15s,8.621,Active,qld,QLD,lot
2026-05-06T01:23:12.485685+00:00,https://www.grays.com/lot/0001-50715665/motor-vehicles-motor-cycles/2018-holden-equinox-ls-2wd-eq-automatic-wagon,1600.0,1600.0,27,8h 36m50s,8.614,Active,qld,QLD,lot
2026-05-06T01:23:20.691350+00:00,https://www.grays.com/lot/0001-50715667/motor-vehicles-motor-cycles/2017-mercedes-benz-gla-class-gla250-4matic-x156-automatic-wagon,109.0,109.0,2,4d 8h 36m42s,104.612,Active,qld,QLD,lot
2026-05-06T01:23:35.687904+00:00,https://www.grays.com/lot/0001-50715672/motor-vehicles-motor-cycles/2019-nissan-xtrail-st-fwd-automatic-wagon,209.0,209.0,3,4d 8h 36m26s,104.607,Active,qld,QLD,lot
2026-05-06T01:23:55.760824+00:00,https://www.grays.com/lot/0001-50715673/motor-vehicles-motor-cycles/2018-holden-astra-ls-bl-automatic-sedan,9.0,9.0,1,4d 8h 36m6s,104.602,Active,qld,QLD,lot
2026-05-06T01:24:14.326586+00:00,https://www.grays.com/lot/0001-50715675/motor-vehicles-motor-cycles/2016-subaru-wrx-premium-v1-cvt-sedan,2509.0,2509.0,27,4d 8h 35m47s,104.596,Active,qld,QLD,lot
2026-05-06T01:24:32.840496+00:00,https://www.grays.com/lot/0001-50715683/motor-vehicles-motor-cycles/2018-mercedes-benz-cla-class-cla200-shooting-brak-s117-automatic-wagon,109.0,109.0,0,6d 7h 35m28s,151.591,Active,qld,QLD,lot
2026-05-06T01:24:42.217977+00:00,https://www.grays.com/lot/0001-60050682/motor-vehicles-motor-cycles/2021-mazda-cx-8-touring-diesel-awd-kg-turbo-diesel-automatic-7-seats-wagon,6600.0,6600.0,36,8h 35m21s,8.589,Active,sa,SA,lot
2026-05-06T01:24:50.627903+00:00,https://www.grays.com/lot/0001-60050685/motor-vehicles-motor-cycles/2015-toyota-landcruiser-workmate-vdj78r-turbo-diesel-manual-10-seats-wagon,17750.0,17750.0,101,5h 5m10s,5.086,Active,sa,SA,lot
2026-05-06T01:25:22.526963+00:00,https://www.grays.com/lot/0001-60050696/motor-vehicles-motor-cycles/2017-mazda-cx-9-azami-fwd-tc-automatic-7-seats-wagon,7009.0,7009.0,50,8h 34m39s,8.578,Active,sa,SA,lot
2026-05-06T01:25:33.942852+00:00,https://www.grays.com/lot/0001-60050706/motor-vehicles-motor-cycles/2015-mitsubishi-triton-4x4-glx-mn-turbo-diesel-manual-dual-cab,809.0,809.0,18,5h 4m29s,5.075,Active,sa,SA,lot
2026-05-06T01:25:42.508832+00:00,https://www.grays.com/lot/0001-60050707/motor-vehicles-motor-cycles/2009-holden-captiva-sx-4wd-automatic-suv,9.0,9.0,1,5h 4m18s,5.072,Active,nt,NT,lot
2026-05-06T01:25:52.352255+00:00,https://www.grays.com/lot/0001-60050708/motor-vehicles-motor-cycles/1999-mercedes-benz-clk430-automatic-coupe,2400.0,2400.0,11,5h 4m10s,5.069,Active,nt,NT,lot
2026-05-06T01:26:00.990239+00:00,https://www.grays.com/lot/0001-60050716/motor-vehicles-motor-cycles/2014-mazda-cx-5-maxx-sport-ke-turbo-diesel-automatic-wagon,6100.0,6100.0,43,8h 34m7s,8.569,Active,sa,SA,lot
2026-05-06T01:26:14.295884+00:00,https://www.grays.com/lot/0001-60050718/motor-vehicles-motor-cycles/2007-toyota-hilux-4x2-sr-ggn15r-automatic-cab-chassis,2800.0,2800.0,25,8h 33m54s,8.565,Active,sa,SA,lot
2026-05-06T01:26:26.240347+00:00,https://www.grays.com/lot/0001-60050719/motor-vehicles-motor-cycles/2010-subaru-liberty-2-5i-premium-b5-cvt-sedan,409.0,409.0,8,8h 33m42s,8.562,Active,sa,SA,lot
2026-05-06T01:26:35.190262+00:00,https://www.grays.com/lot/0001-60050720/motor-vehicles-motor-cycles/2011-toyota-corolla-ascent-zre152r-automatic-hatchback,4009.0,4009.0,77,8h 33m27s,8.558,Active,sa,SA,lot
2026-05-06T01:26:44.536481+00:00,https://www.grays.com/lot/0001-60050721/motor-vehicles-motor-cycles/2015-jeep-wrangler-unlimited-sport-jk-manual-wagon,15500.0,15500.0,72,8h 33m18s,8.555,Active,sa,SA,lot
2026-05-06T01:26:53.310754+00:00,https://www.grays.com/lot/0001-60050723/motor-vehicles-motor-cycles/1989-subaru-leone-royal-automatic-sedan,409.0,409.0,6,8h 33m9s,8.553,Active,sa,SA,lot
2026-05-06T01:27:02.768716+00:00,https://www.grays.com/lot/0001-60050724/motor-vehicles-motor-cycles/2008-suzuki-grand-vitara-4x4-jt-manual-wagon,2000.0,2000.0,25,8h 33m0s,8.55,Active,sa,SA,lot
2026-05-06T01:27:15.106346+00:00,https://www.grays.com/lot/0001-60050726/motor-vehicles-motor-cycles/2014-jeep-grand-cherokee-limited-4x4-wk-automatic-8-speed-wagon,3800.0,3800.0,42,8h 32m48s,8.547,Active,sa,SA,lot
2026-05-06T01:27:29.192246+00:00,https://www.grays.com/lot/0001-9068483/motor-vehicles-motor-cycles/2009-nissan-navara-st-x-4x4-double-cab-d40-turbo-diesel-automatic-dual-cab,7800.0,7800.0,105,10h 2m32s,10.042,Active,wa,WA,lot
2026-05-06T01:27:40.839241+00:00,https://www.grays.com/lot/0001-9068485/motor-vehicles-motor-cycles/2015-foton-tunland-single-cab-4x4-turbo-diesel-manual-cab-chassis,1701.0,1701.0,22,10h 2m21s,10.039,Active,wa,WA,lot
2026-05-06T01:27:58.015633+00:00,https://www.grays.com/lot/0001-9068486/motor-vehicles-motor-cycles/2011-hyundai-santa-fe-highlander-cm-turbo-diesel-automatic-7-seats-wagon,1509.0,1509.0,26,10h 2m4s,10.034,Active,wa,WA,lot
2026-05-06T01:28:12.413814+00:00,https://www.grays.com/lot/0001-9068493/motor-vehicles-motor-cycles/2006-nissan-murano-ti-z50-cvt-wagon,1209.0,1209.0,20,10h 1m50s,10.031,Active,wa,WA,lot
2026-05-06T01:28:30.693922+00:00,https://www.grays.com/lot/0001-9068494/motor-vehicles-motor-cycles/2006-honda-cr-v-rd-automatic-wagon,1109.0,1109.0,14,10h 1m32s,10.026,Active,wa,WA,lot
2026-05-06T01:28:45.247372+00:00,https://www.grays.com/lot/0001-9068495/motor-vehicles-motor-cycles/2012-nissan-x-trail-ts-t31-turbo-diesel-automatic-wagon,850.0,850.0,15,10h 1m22s,10.023,Active,wa,WA,lot
2026-05-06T01:29:03.186644+00:00,https://www.grays.com/lot/0001-9068498/motor-vehicles-motor-cycles/2011-subaru-tribeca-3-6r-premium-b9-automatic-7-seats-wagon,1500.0,1500.0,14,10h 0m58s,10.016,Active,wa,WA,lot
2026-05-06T01:29:18.360573+00:00,https://www.grays.com/lot/0001-9068500/motor-vehicles-motor-cycles/2012-great-wall-x200-4x4-turbo-diesel-manual-wagon,609.0,609.0,7,10h 0m43s,10.012,Active,wa,WA,lot
2026-05-06T01:29:29.432202+00:00,https://www.grays.com/lot/0001-9068501/motor-vehicles-motor-cycles/2016-jaguar-f-pace-20d-prestige-turbo-diesel-automatic-8-speed-wagon,6400.0,6400.0,65,10h 0m36s,10.01,Active,wa,WA,lot
2026-05-06T01:29:44.040371+00:00,https://www.grays.com/lot/0001-9068502/motor-vehicles-motor-cycles/2019-holden-trailblazer-lt-rg-turbo-diesel-automatic-7-seats-wagon,7001.0,7001.0,61,10h 0m18s,10.005,Active,wa,WA,lot
2026-05-06T01:30:00.737481+00:00,https://www.grays.com/lot/0001-9068504/motor-vehicles-motor-cycles/2014-hyundai-i30-trophy-gd-automatic-hatchback,6800.0,6800.0,53,8h 30m13s,8.504,Active,wa,WA,lot
2026-05-06T01:30:15.834366+00:00,https://www.grays.com/lot/0001-9068506/motor-vehicles-motor-cycles/2019-ldv-t60-luxe-turbo-diesel-automatic-dual-cab,9600.0,9600.0,78,9h 59m46s,9.996,Active,wa,WA,lot
2026-05-06T01:30:35.967434+00:00,https://www.grays.com/lot/0001-9068507/motor-vehicles-motor-cycles/2008-toyota-hilux-sr-4x4-kun26r-turbo-diesel-manual-crew-cab-chassis,3809.0,3809.0,57,9h 59m26s,9.991,Active,wa,WA,lot
2026-05-06T01:31:12.223398+00:00,https://www.grays.com/lot/0001-9068513/motor-vehicles-motor-cycles/2008-nissan-elgrand-highway-star-e51-automatic-people-mover,2200.0,2200.0,26,1d 9h 58m50s,33.981,Active,wa,WA,lot
2026-05-06T01:31:30.035898+00:00,https://www.grays.com/lot/0001-9068517/motor-vehicles-motor-cycles/2007-holden-astra-cd-ah-automatic-hatchback,9.0,9.0,0,1d 9h 58m32s,33.976,Active,wa,WA,lot
2026-05-06T01:31:41.057343+00:00,https://www.grays.com/lot/0002-23500016/motor-vehicles-motor-cycles/2007-honda-civic-vti-petrol,9.0,9.0,1,4d 8h 28m21s,104.472,Active,melbourne,MELBOURNE,lot
2026-05-06T01:31:49.550430+00:00,https://www.grays.com/lot/0002-23500019/motor-vehicles-motor-cycles/2014-mazda-cx-5-grand-touring-diesel,101.0,101.0,4,4d 8h 28m13s,104.47,Active,melbourne,MELBOURNE,lot
2026-05-06T01:32:01.734008+00:00,https://www.grays.com/lot/0002-5062753/motor-vehicles-motor-cycles/2021-mitsubishi-triton-4x4-glx-mr-turbo-diesel-automatic-crew-cab-chassis,5900.0,5900.0,52,7h 58m1s,7.967,Active,nsw,NSW,lot
2026-05-06T01:32:12.038746+00:00,https://www.grays.com/lot/0002-60050705/motor-vehicles-motor-cycles/2001-holden-statesman-wh-automatic-sedan,484.0,484.0,31,4h 57m57s,4.966,Active,sa,SA,lot
2026-05-06T01:32:27.247397+00:00,https://www.grays.com/lot/0003-23500016/motor-vehicles-motor-cycles/2010-honda-odyssey-petrol,9.0,9.0,2,4d 8h 27m34s,104.459,Active,melbourne,MELBOURNE,lot
2026-05-06T01:32:35.595498+00:00,https://www.grays.com/lot/0003-23500019/motor-vehicles-motor-cycles/2014-renault-clio-expression-petrol,7500.0,7500.0,0,4d 8h 27m28s,104.458,Active,melbourne,MELBOURNE,lot
2026-05-06T01:32:43.928067+00:00,https://www.grays.com/lot/0003-23500020/motor-vehicles-motor-cycles/2010-audi-a4-2-0-tfsi-quattro-manual-awd-sedan,909.0,909.0,13,1d 8h 27m21s,32.456,Active,melbourne,MELBOURNE,lot
2026-05-06T01:32:57.989966+00:00,https://www.grays.com/lot/0003-5062753/motor-vehicles-motor-cycles/2021-mitsubishi-triton-4x4-glx-adas-double-mr-td-at-crew-cab-chassis,13300.0,13300.0,177,7h 57m7s,7.952,Active,nsw,NSW,lot
2026-05-06T01:33:06.974956+00:00,https://www.grays.com/lot/0004-23500015/motor-vehicles-motor-cycles/2006-toyota-camry-altise-petrol,609.0,609.0,7,8h 26m54s,8.448,Active,melbourne,MELBOURNE,lot
2026-05-06T01:33:14.771448+00:00,https://www.grays.com/lot/0004-23500016/motor-vehicles-motor-cycles/2015-ford-kuga-trend-diesel,9.0,9.0,1,4d 8h 26m46s,104.446,Active,melbourne,MELBOURNE,lot
2026-05-06T01:33:23.686838+00:00,https://www.grays.com/lot/0004-23500019/motor-vehicles-motor-cycles/2010-ford-falcon-g6et-fg-rwd-petrol,10100.0,10100.0,126,4d 8h 26m37s,104.444,Active,melbourne,MELBOURNE,lot
2026-05-06T01:33:32.670919+00:00,https://www.grays.com/lot/0004-23500020/motor-vehicles-motor-cycles/2013-mercedes-benz-c-class-c200-blueefficiency-sedan,1009.0,1009.0,11,1d 8h 26m30s,32.442,Active,melbourne,MELBOURNE,lot
2026-05-06T01:33:43.568067+00:00,https://www.grays.com/lot/0005-23500015/motor-vehicles-motor-cycles/2017-volkswagen-tiguan-comfortline-petrol,6200.0,6200.0,77,8h 26m19s,8.439,Active,melbourne,MELBOURNE,lot
2026-05-06T01:33:52.231659+00:00,https://www.grays.com/lot/0005-23500016/motor-vehicles-motor-cycles/2016-mazda-3-neo-petrol,1700.0,1700.0,14,4d 8h 26m11s,104.436,Active,melbourne,MELBOURNE,lot
2026-05-06T01:34:04.973318+00:00,https://www.grays.com/lot/0005-23500019/motor-vehicles-motor-cycles/2014-holden-calais-vf-v8-petrol,1301.0,1301.0,16,4d 8h 25m56s,104.432,Active,melbourne,MELBOURNE,lot
2026-05-06T01:34:17.366431+00:00,https://www.grays.com/lot/0006-23500015/motor-vehicles-motor-cycles/2012-mercedes-benz-m-class-ml350-bluetec-diesel,3300.0,3300.0,42,8h 25m44s,8.429,Active,melbourne,MELBOURNE,lot
2026-05-06T01:34:26.175446+00:00,https://www.grays.com/lot/0006-23500019/motor-vehicles-motor-cycles/2016-mercedes-benz-glc-class-glc43-amg-petrol,501.0,501.0,6,4d 8h 25m37s,104.427,Active,melbourne,MELBOURNE,lot
2026-05-06T01:34:36.535588+00:00,https://www.grays.com/lot/0006-23500020/motor-vehicles-motor-cycles/2007-land-rover-range-rover-sport-tdv6-wagon,309.0,309.0,4,1d 8h 25m27s,32.424,Active,melbourne,MELBOURNE,lot
2026-05-06T01:34:46.039171+00:00,https://www.grays.com/lot/0007-23500019/motor-vehicles-motor-cycles/2021-suzuki-jimny-glx-petrol,5400.0,5400.0,24,4d 8h 25m16s,104.421,Active,melbourne,MELBOURNE,lot
2026-05-06T01:34:54.363300+00:00,https://www.grays.com/lot/0008-23500015/motor-vehicles-motor-cycles/2006-volvo-s40-petrol,209.0,209.0,4,8h 25m8s,8.419,Active,melbourne,MELBOURNE,lot
2026-05-06T01:35:10.217507+00:00,https://www.grays.com/lot/0009-23500015/motor-vehicles-motor-cycles/2012-hyundai-i40-active-petrol,2609.0,2609.0,48,8h 24m51s,8.414,Active,melbourne,MELBOURNE,lot
2026-05-06T01:35:18.916569+00:00,https://www.grays.com/lot/0009-23500016/motor-vehicles-motor-cycles/2010-mercedes-benz-e-class-e250-blueefficiency-elegance-diesel,209.0,209.0,3,4d 8h 24m43s,104.412,Active,melbourne,MELBOURNE,lot
2026-05-06T01:35:28.536883+00:00,https://www.grays.com/lot/0009-23500019/motor-vehicles-motor-cycles/2001-honda-civic-vi-petrol,1.0,1.0,2,4d 8h 24m33s,104.409,Active,melbourne,MELBOURNE,lot
2026-05-06T01:35:39.549684+00:00,https://www.grays.com/lot/0009-23500020/motor-vehicles-motor-cycles/2015-jeep-grand-cherokee-limited-awd-suv,509.0,509.0,6,1d 8h 24m25s,32.407,Active,melbourne,MELBOURNE,lot
2026-05-06T01:35:48.416635+00:00,https://www.grays.com/lot/0010-23500016/motor-vehicles-motor-cycles/2015-nissan-qashqai-ti-fwd-suv,509.0,509.0,6,4d 8h 24m16s,104.404,Active,melbourne,MELBOURNE,lot
2026-05-06T01:35:56.912879+00:00,https://www.grays.com/lot/0010-23500019/motor-vehicles-motor-cycles/2006-bmw-7-series-740li-petrol,1001.0,1001.0,22,4d 8h 24m5s,104.401,Active,melbourne,MELBOURNE,lot
2026-05-06T01:36:05.237166+00:00,https://www.grays.com/lot/0010-23500020/motor-vehicles-motor-cycles/2014-hyundai-i30-active-auto-hatch,709.0,709.0,8,1d 8h 23m57s,32.399,Active,melbourne,MELBOURNE,lot
2026-05-06T01:36:19.178269+00:00,https://www.grays.com/lot/0011-23500015/motor-vehicles-motor-cycles/2014-mazda-cx-5-akera-diesel,1909.0,1909.0,26,8h 23m42s,8.395,Active,melbourne,MELBOURNE,lot
2026-05-06T01:36:30.147510+00:00,https://www.grays.com/lot/0011-23500016/motor-vehicles-motor-cycles/2007-toyota-kluger-kx-r-gsu40r-auto-suv,9.0,9.0,1,4d 8h 23m31s,104.392,Active,melbourne,MELBOURNE,lot
2026-05-06T01:36:42.126506+00:00,https://www.grays.com/lot/0011-23500019/motor-vehicles-motor-cycles/2010-mercedes-benz-m-class-ml300-diesel,1.0,1.0,2,4d 8h 23m20s,104.389,Active,melbourne,MELBOURNE,lot
2026-05-06T01:36:50.359116+00:00,https://www.grays.com/lot/0011-23500020/motor-vehicles-motor-cycles/2012-subaru-outback-2-5i-awd-wagon,800.0,800.0,5,1d 8h 23m15s,32.388,Active,melbourne,MELBOURNE,lot
2026-05-06T01:36:59.529272+00:00,https://www.grays.com/lot/0012-23500015/motor-vehicles-motor-cycles/2017-mazda-cx-5-akera-diesel,6605.0,6605.0,71,8h 23m3s,8.384,Active,melbourne,MELBOURNE,lot
2026-05-06T01:37:09.796975+00:00,https://www.grays.com/lot/0012-23500016/motor-vehicles-motor-cycles/2017-kia-cerato-s-auto-fwd-hatchback,9.0,9.0,1,4d 8h 22m53s,104.381,Active,melbourne,MELBOURNE,lot
2026-05-06T01:37:17.488675+00:00,https://www.grays.com/lot/0012-23500020/motor-vehicles-motor-cycles/2010-hyundai-getz-s-auto-hatchback,1109.0,1109.0,10,1d 8h 22m43s,32.379,Active,melbourne,MELBOURNE,lot
2026-05-06T01:37:27.428688+00:00,https://www.grays.com/lot/0013-23500019/motor-vehicles-motor-cycles/2009-subaru-liberty-petrol,101.0,101.0,2,4d 8h 22m38s,104.377,Active,melbourne,MELBOURNE,lot
2026-05-06T01:37:38.689922+00:00,https://www.grays.com/lot/0014-23500015/motor-vehicles-motor-cycles/2011-toyota-kluger-grande-petrol,2209.0,2209.0,36,8h 22m23s,8.373,Active,melbourne,MELBOURNE,lot
2026-05-06T01:37:47.706280+00:00,https://www.grays.com/lot/0014-23500019/motor-vehicles-motor-cycles/2009-jeep-wrangler-sport-petrol,1.0,1.0,0,4d 8h 22m15s,104.371,Active,melbourne,MELBOURNE,lot
2026-05-06T01:37:56.371801+00:00,https://www.grays.com/lot/0014-23500020/motor-vehicles-motor-cycles/2012-jaguar-xf-luxury-auto-sedan,1850.0,1850.0,21,1d 8h 22m7s,32.369,Active,melbourne,MELBOURNE,lot
2026-05-06T01:38:04.462479+00:00,https://www.grays.com/lot/0015-23500015/motor-vehicles-motor-cycles/2010-bmw-3-series-320d-executive-diesel,509.0,509.0,6,8h 21m58s,8.366,Active,melbourne,MELBOURNE,lot
2026-05-06T01:38:14.057046+00:00,https://www.grays.com/lot/0015-23500019/motor-vehicles-motor-cycles/2014-mercedes-benz-a-class-a200-petrol,2109.0,2109.0,14,4d 8h 21m48s,104.363,Active,melbourne,MELBOURNE,lot
2026-05-06T01:38:22.541583+00:00,https://www.grays.com/lot/0015-23500020/motor-vehicles-motor-cycles/2006-nissan-x-trail-ti-luxury-manual-suv,9.0,9.0,1,1d 8h 21m39s,32.361,Active,melbourne,MELBOURNE,lot
2026-05-06T01:38:32.422182+00:00,https://www.grays.com/lot/0016-23500015/motor-vehicles-motor-cycles/2015-land-rover-range-rover-sport-hse-dynamic-diesel,18700.0,18700.0,85,8h 21m29s,8.358,Active,melbourne,MELBOURNE,lot
2026-05-06T01:38:53.716406+00:00,https://www.grays.com/lot/0016-23500019/motor-vehicles-motor-cycles/2007-hyundai-tiburon-petrol,1.0,1.0,1,4d 8h 21m8s,104.352,Active,melbourne,MELBOURNE,lot
2026-05-06T01:39:04.286602+00:00,https://www.grays.com/lot/0017-23500019/motor-vehicles-motor-cycles/2014-jeep-cherokee-trailhawk-petrol,101.0,101.0,2,4d 8h 20m58s,104.349,Active,melbourne,MELBOURNE,lot
2026-05-06T01:39:12.615488+00:00,https://www.grays.com/lot/0018-23500015/motor-vehicles-motor-cycles/2015-hyundai-ix35-se-petrol,4100.0,4100.0,13,8h 20m51s,8.348,Active,melbourne,MELBOURNE,lot
2026-05-06T01:39:24.276992+00:00,https://www.grays.com/lot/0018-23500019/motor-vehicles-motor-cycles/2015-hyundai-i30-sr-petrol,601.0,601.0,9,4d 8h 20m44s,104.346,Active,melbourne,MELBOURNE,lot
2026-05-06T01:39:33.343664+00:00,https://www.grays.com/lot/0019-23500015/motor-vehicles-motor-cycles/2012-honda-civic-vti-l-petrol,2109.0,2109.0,30,8h 20m29s,8.341,Active,melbourne,MELBOURNE,lot
2026-05-06T01:39:41.950451+00:00,https://www.grays.com/lot/0019-23500019/motor-vehicles-motor-cycles/2006-honda-accord-euro-luxury-petrol,101.0,101.0,2,4d 8h 20m19s,104.339,Active,melbourne,MELBOURNE,lot
2026-05-06T01:39:50.084907+00:00,https://www.grays.com/lot/0020-23500015/motor-vehicles-motor-cycles/2009-toyota-rav4-cv-petrol,1209.0,1209.0,19,8h 20m13s,8.337,Active,melbourne,MELBOURNE,lot
2026-05-06T01:39:58.141562+00:00,https://www.grays.com/lot/0021-23500015/motor-vehicles-motor-cycles/2015-mazda-cx-3-akari-diesel,5644.0,5644.0,68,8h 20m6s,8.335,Active,melbourne,MELBOURNE,lot
2026-05-06T01:40:09.627593+00:00,https://www.grays.com/lot/0022-23500015/motor-vehicles-motor-cycles/2015-bmw-3-series-316i-petrol,6700.0,6700.0,21,8h 19m55s,8.332,Active,melbourne,MELBOURNE,lot
2026-05-06T01:40:18.391544+00:00,https://www.grays.com/lot/0022-23500020/motor-vehicles-motor-cycles/2011-volkswagen-golf-comfortline-auto-hatchback,809.0,809.0,15,1d 8h 19m44s,32.329,Active,melbourne,MELBOURNE,lot
2026-05-06T01:40:30.518776+00:00,https://www.grays.com/lot/0024-23500015/motor-vehicles-motor-cycles/2012-bmw-3-series-320d-lifestyle-diesel,609.0,609.0,7,8h 19m32s,8.326,Active,melbourne,MELBOURNE,lot
2026-05-06T01:40:40.777681+00:00,https://www.grays.com/lot/0024-23500020/motor-vehicles-motor-cycles/2014-mercedes-benz-c-class-c250-sedan,5525.0,5525.0,60,1d 8h 19m22s,32.323,Active,melbourne,MELBOURNE,lot
2026-05-06T01:40:50.649117+00:00,https://www.grays.com/lot/0025-23500015/motor-vehicles-motor-cycles/2012-suzuki-swift-sport-petrol,2500.0,2500.0,19,8h 19m11s,8.32,Active,melbourne,MELBOURNE,lot
2026-05-06T01:40:59.410677+00:00,https://www.grays.com/lot/0025-23500020/motor-vehicles-motor-cycles/2013-volkswagen-golf-90tsi-auto-hatchback,1809.0,1809.0,31,1d 8h 19m5s,32.318,Active,melbourne,MELBOURNE,lot
2026-05-06T01:41:09.165429+00:00,https://www.grays.com/lot/0026-23500015/motor-vehicles-motor-cycles/2007-bmw-3-series-325i-petrol,1309.0,1309.0,25,8h 18m53s,8.315,Active,melbourne,MELBOURNE,lot
2026-05-06T01:41:19.068043+00:00,https://www.grays.com/lot/0026-23500020/motor-vehicles-motor-cycles/2002-hsv-clubsport-vx-sedan,5200.0,5200.0,63,1d 8h 18m46s,32.313,Active,melbourne,MELBOURNE,lot
2026-05-06T01:41:27.711412+00:00,https://www.grays.com/lot/0027-23500015/motor-vehicles-motor-cycles/2015-peugeot-308-allure-premium-petrol,2309.0,2309.0,38,8h 18m34s,8.309,Active,melbourne,MELBOURNE,lot
2026-05-06T01:41:35.759301+00:00,https://www.grays.com/lot/0028-23500015/motor-vehicles-motor-cycles/2007-volvo-s40-d5-diesel,209.0,209.0,3,8h 18m27s,8.308,Active,melbourne,MELBOURNE,lot
2026-05-06T01:41:43.194362+00:00,https://www.grays.com/lot/0028-23500020/motor-vehicles-motor-cycles/2008-toyota-rav4-cruiser-awd-suv,609.0,609.0,7,1d 8h 18m18s,32.305,Active,melbourne,MELBOURNE,lot
2026-05-06T01:41:52.517941+00:00,https://www.grays.com/lot/0029-23500015/motor-vehicles-motor-cycles/2017-holden-astra-r-petrol,800.0,800.0,7,8h 18m9s,8.303,Active,melbourne,MELBOURNE,lot
2026-05-06T01:42:01.038260+00:00,https://www.grays.com/lot/0029-23500020/motor-vehicles-motor-cycles/2014-toyota-yaris-yr-petrol,1209.0,1209.0,11,1d 8h 18m1s,32.3,Active,melbourne,MELBOURNE,lot
2026-05-06T01:42:10.420816+00:00,https://www.grays.com/lot/0030-23500015/motor-vehicles-motor-cycles/2012-bmw-x5-xdrive30d-diesel,2344.0,2344.0,27,8h 17m53s,8.298,Active,melbourne,MELBOURNE,lot
2026-05-06T01:42:20.368240+00:00,https://www.grays.com/lot/0030-23500020/motor-vehicles-motor-cycles/2017-volvo-xc60-d5-r-design-diesel,1209.0,1209.0,16,1d 8h 17m45s,32.296,Active,melbourne,MELBOURNE,lot
2026-05-06T01:42:29.185890+00:00,https://www.grays.com/lot/0031-23500015/motor-vehicles-motor-cycles/2017-mercedes-benz-c-class-c200-petrol,19000.0,19000.0,116,8h 17m32s,8.292,Active,melbourne,MELBOURNE,lot
2026-05-06T01:42:37.494356+00:00,https://www.grays.com/lot/0032-23500015/motor-vehicles-motor-cycles/2015-bmw-x3-xdrive30d-diesel,8200.0,8200.0,48,8h 17m25s,8.29,Active,melbourne,MELBOURNE,lot
2026-05-06T01:42:47.539193+00:00,https://www.grays.com/lot/0033-23500020/motor-vehicles-motor-cycles/2015-fiat-500-sport-petrol,3200.0,3200.0,38,1d 8h 17m16s,32.288,Active,melbourne,MELBOURNE,lot
2026-05-06T01:42:56.669205+00:00,https://www.grays.com/lot/0034-23500015/motor-vehicles-motor-cycles/2012-audi-a4-petrol,1309.0,1309.0,16,8h 17m6s,8.285,Active,melbourne,MELBOURNE,lot
2026-05-06T01:43:08.022103+00:00,https://www.grays.com/lot/0034-23500020/motor-vehicles-motor-cycles/2017-audi-q3-tfsi-sport-quattro-auto-suv,4000.0,4000.0,25,1d 8h 16m54s,32.282,Active,melbourne,MELBOURNE,lot
2026-05-06T01:43:17.762035+00:00,https://www.grays.com/lot/0036-23500015/motor-vehicles-motor-cycles/2017-mercedes-benz-cla-class-cla250-sport-petrol,6500.0,6500.0,71,8h 16m43s,8.279,Active,melbourne,MELBOURNE,lot
2026-05-06T01:43:29.735687+00:00,https://www.grays.com/lot/0037-23500015/motor-vehicles-motor-cycles/2015-citroen-c4-picasso-exclusive-petrol,1809.0,1809.0,29,8h 16m34s,8.276,Active,melbourne,MELBOURNE,lot
2026-05-06T01:43:55.575274+00:00,https://www.grays.com/lot/0038-23500015/motor-vehicles-motor-cycles/2014-hyundai-elantra-active-petrol,1209.0,1209.0,21,8h 16m6s,8.268,Active,melbourne,MELBOURNE,lot
2026-05-06T01:44:08.659287+00:00,https://www.grays.com/lot/0041-23500015/motor-vehicles-motor-cycles/2011-ford-territory-ts-limited-edition-petrol,1009.0,1009.0,17,8h 15m54s,8.265,Active,melbourne,MELBOURNE,lot
2026-05-06T01:44:29.578303+00:00,https://www.grays.com/lot/0043-23500015/motor-vehicles-motor-cycles/2016-holden-colorado-7-ltz-diesel,1209.0,1209.0,21,8h 15m32s,8.259,Active,melbourne,MELBOURNE,lot
2026-05-06T01:44:43.161333+00:00,https://www.grays.com/lot/0044-23500015/motor-vehicles-motor-cycles/2013-volvo-xc60-t6-auto-awd-petrol,609.0,609.0,7,8h 15m19s,8.255,Active,melbourne,MELBOURNE,lot
2026-05-06T01:44:52.821437+00:00,https://www.grays.com/lot/0045-23500015/motor-vehicles-motor-cycles/2010-mercedes-benz-b-class-b180-diesel,1199.0,1199.0,13,8h 15m8s,8.252,Active,melbourne,MELBOURNE,lot
2026-05-06T01:45:01.600054+00:00,https://www.grays.com/lot/0046-23500015/motor-vehicles-motor-cycles/2011-mercedes-benz-b-class-b200-petrol,509.0,509.0,11,8h 15m1s,8.25,Active,melbourne,MELBOURNE,lot
2026-05-06T01:45:16.365059+00:00,https://www.grays.com/lot/0047-23500015/motor-vehicles-motor-cycles/2004-toyota-rav4-cruiser-petrol,1209.0,1209.0,18,8h 14m45s,8.246,Active,melbourne,MELBOURNE,lot
2026-05-06T01:45:26.712986+00:00,https://www.grays.com/lot/0048-23500015/motor-vehicles-motor-cycles/2013-infiniti-fx37-s-premium-petrol,4250.0,4250.0,49,8h 14m35s,8.243,Active,melbourne,MELBOURNE,lot
2026-05-06T01:45:41.052087+00:00,https://www.grays.com/lot/0049-23500015/motor-vehicles-motor-cycles/2013-jeep-wrangler-sport-jk-auto-4x4,5409.0,5409.0,73,8h 14m22s,8.239,Active,melbourne,MELBOURNE,lot
2026-05-06T01:45:50.263355+00:00,https://www.grays.com/lot/0050-23500015/motor-vehicles-motor-cycles/2013-subaru-forester-2-5l-awd-suv,3100.0,3100.0,21,8h 14m12s,8.237,Active,melbourne,MELBOURNE,lot
2026-05-06T01:46:04.916195+00:00,https://www.grays.com/lot/0051-23500015/motor-vehicles-motor-cycles/2010-ford-territory-ts-auto-suv,709.0,709.0,11,8h 13m58s,8.233,Active,melbourne,MELBOURNE,lot
2026-05-06T01:46:15.192053+00:00,https://www.grays.com/lot/0052-23500015/motor-vehicles-motor-cycles/2017-ford-escape-titanium-zg-auto-awd-suv,10100.0,10100.0,113,8h 13m46s,8.229,Active,melbourne,MELBOURNE,lot
2026-05-06T01:46:29.675337+00:00,https://www.grays.com/lot/0053-23500015/motor-vehicles-motor-cycles/2005-mercedes-benz-m-class-ml350-auto-awd-suv,609.0,609.0,8,8h 13m31s,8.225,Active,melbourne,MELBOURNE,lot
2026-05-06T01:46:39.481033+00:00,https://www.grays.com/lot/0054-23500015/motor-vehicles-motor-cycles/2016-mitsubishi-pajero-sport-gls-auto-suv,4500.0,4500.0,24,8h 13m23s,8.223,Active,melbourne,MELBOURNE,lot
2026-05-06T01:46:53.599153+00:00,https://www.grays.com/lot/0055-23500015/motor-vehicles-motor-cycles/2019-toyota-camry-ascent-hybrid-petrol-sedan,14300.0,14300.0,136,8h 13m8s,8.219,Active,melbourne,MELBOURNE,lot
2026-05-06T01:47:03.583336+00:00,https://www.grays.com/lot/0056-23500015/motor-vehicles-motor-cycles/2007-honda-jazz-gli-auto-hatchback,2409.0,2409.0,41,8h 12m58s,8.216,Active,melbourne,MELBOURNE,lot
2026-05-06T01:47:35.339099+00:00,https://www.grays.com/lot/0001-10353555/motor-vehicles-motor-cycles/2020-toyota-corolla-ascent-sport-hybrid-wovr-inspected,209.0,209.0,3,4d 8h 12m26s,104.207,Active,nsw,NSW,lot
2026-05-06T01:48:16.470556+00:00,https://www.grays.com/lot/0001-21066066/motor-vehicles-motor-cycles/2005-mercedes-benz-slk-class-slk55-amg-r171-wovr-inspected,1750.0,1750.0,30,4d 8h 11m46s,104.196,Active,vic,VIC,lot
2026-05-06T01:48:23.721945+00:00,https://www.grays.com/lot/0001-50715660/motor-vehicles-motor-cycles/2010-land-rover-freelander-automatic-wagon-wovr-inspected,109.0,109.0,2,8h 11m38s,8.194,Active,qld,QLD,lot
2026-05-06T01:48:33.389042+00:00,https://www.grays.com/lot/0002-23500020/motor-vehicles-motor-cycles/2009-holden-calais-v-ve-6ltr-auto-wagon-wovr-repairable,1600.0,1600.0,27,1d 8h 11m29s,32.191,Active,melbourne,MELBOURNE,lot
2026-05-06T01:48:42.584130+00:00,https://www.grays.com/lot/0017-23500015/motor-vehicles-motor-cycles/2014-holden-cruze-sri-v-petrol-wovr-inspected,309.0,309.0,7,8h 11m20s,8.189,Active,melbourne,MELBOURNE,lot
2026-05-06T02:00:55.830291+00:00,https://www.grays.com/lot/0001-10353552/motor-vehicles-motor-cycles/2017-hyundai-i30-active-pd-automatic-hatchback,4600.0,4600.0,11,7h 59m7s,7.985,Active,nsw,NSW,lot
2026-05-06T02:01:07.749627+00:00,https://www.grays.com/lot/0001-21066039/motor-vehicles-motor-cycles/2008-toyota-yaris-yr-ncp90r-automatic-hatchback,1409.0,1409.0,23,7h 58m55s,7.982,Active,vic,VIC,lot
2026-05-06T02:01:19.446297+00:00,https://www.grays.com/lot/0001-50715478/motor-vehicles-motor-cycles/2015-mazda-cx-5-maxx-sport-ke-turbo-diesel-automatic-wagon,4109.0,4109.0,73,7h 58m43s,7.979,Active,qld,QLD,lot
2026-05-06T02:01:28.632442+00:00,https://www.grays.com/lot/0010-23500020/motor-vehicles-motor-cycles/2014-hyundai-i30-active-auto-hatch,709.0,709.0,8,1d 7h 58m32s,31.976,Active,melbourne,MELBOURNE,lot
2026-05-06T02:01:42.544343+00:00,https://www.grays.com/lot/0018-23500015/motor-vehicles-motor-cycles/2015-hyundai-ix35-se-petrol,4100.0,4100.0,13,7h 58m21s,7.973,Active,melbourne,MELBOURNE,lot
2026-05-06T03:00:30.476602+00:00,https://www.grays.com/lot/0001-10353552/motor-vehicles-motor-cycles/2017-hyundai-i30-active-pd-automatic-hatchback,4600.0,4600.0,11,6h 59m39s,6.994,Active,nsw,NSW,lot
2026-05-06T03:00:41.474674+00:00,https://www.grays.com/lot/0001-21066039/motor-vehicles-motor-cycles/2008-toyota-yaris-yr-ncp90r-automatic-hatchback,1409.0,1409.0,23,6h 59m20s,6.989,Active,vic,VIC,lot
2026-05-06T03:00:50.681632+00:00,https://www.grays.com/lot/0001-50715478/motor-vehicles-motor-cycles/2015-mazda-cx-5-maxx-sport-ke-turbo-diesel-automatic-wagon,4109.0,4109.0,73,6h 59m13s,6.987,Active,qld,QLD,lot
2026-05-06T03:00:58.900313+00:00,https://www.grays.com/lot/0010-23500020/motor-vehicles-motor-cycles/2014-hyundai-i30-active-auto-hatch,709.0,709.0,8,1d 6h 59m3s,30.984,Active,melbourne,MELBOURNE,lot
2026-05-06T03:01:07.478598+00:00,https://www.grays.com/lot/0018-23500015/motor-vehicles-motor-cycles/2015-hyundai-ix35-se-petrol,4100.0,4100.0,13,6h 58m54s,6.982,Active,melbourne,MELBOURNE,lot
2026-05-06T04:00:41.120936+00:00,https://www.grays.com/lot/0001-10353552/motor-vehicles-motor-cycles/2017-hyundai-i30-active-pd-automatic-hatchback,4600.0,4600.0,11,5h 59m21s,5.989,Active,nsw,NSW,lot
2026-05-06T04:00:50.958494+00:00,https://www.grays.com/lot/0001-21066039/motor-vehicles-motor-cycles/2008-toyota-yaris-yr-ncp90r-automatic-hatchback,1409.0,1409.0,23,5h 59m11s,5.986,Active,vic,VIC,lot
2026-05-06T04:01:12.337748+00:00,https://www.grays.com/lot/0001-50715478/motor-vehicles-motor-cycles/2015-mazda-cx-5-maxx-sport-ke-turbo-diesel-automatic-wagon,4109.0,4109.0,73,5h 58m50s,5.981,Active,qld,QLD,lot
2026-05-06T04:01:20.407325+00:00,https://www.grays.com/lot/0010-23500020/motor-vehicles-motor-cycles/2014-hyundai-i30-active-auto-hatch,709.0,709.0,8,1d 5h 58m42s,29.978,Active,melbourne,MELBOURNE,lot
2026-05-06T04:01:29.585971+00:00,https://www.grays.com/lot/0018-23500015/motor-vehicles-motor-cycles/2015-hyundai-ix35-se-petrol,4100.0,4100.0,13,5h 58m34s,5.976,Active,melbourne,MELBOURNE,lot
2026-05-06T05:00:30.602854+00:00,https://www.grays.com/lot/0001-10353552/motor-vehicles-motor-cycles/2017-hyundai-i30-active-pd-automatic-hatchback,4600.0,4600.0,11,4h 59m33s,4.992,Active,nsw,NSW,lot
2026-05-06T05:00:40.219115+00:00,https://www.grays.com/lot/0001-21066039/motor-vehicles-motor-cycles/2008-toyota-yaris-yr-ncp90r-automatic-hatchback,1409.0,1409.0,23,4h 59m22s,4.989,Active,vic,VIC,lot
2026-05-06T05:01:07.976974+00:00,https://www.grays.com/lot/0001-50715478/motor-vehicles-motor-cycles/2015-mazda-cx-5-maxx-sport-ke-turbo-diesel-automatic-wagon,4109.0,4109.0,73,4h 58m55s,4.982,Active,qld,QLD,lot
2026-05-06T05:01:16.067720+00:00,https://www.grays.com/lot/0010-23500020/motor-vehicles-motor-cycles/2014-hyundai-i30-active-auto-hatch,709.0,709.0,8,1d 4h 58m47s,28.98,Active,melbourne,MELBOURNE,lot
2026-05-06T05:01:23.715249+00:00,https://www.grays.com/lot/0018-23500015/motor-vehicles-motor-cycles/2015-hyundai-ix35-se-petrol,4100.0,4100.0,13,4h 58m39s,4.978,Active,melbourne,MELBOURNE,lot
2026-05-06T06:00:38.862223+00:00,https://www.grays.com/lot/0001-10353552/motor-vehicles-motor-cycles/2017-hyundai-i30-active-pd-automatic-hatchback,4600.0,4600.0,11,3h 59m23s,3.99,Active,nsw,NSW,lot
2026-05-06T06:00:52.648637+00:00,https://www.grays.com/lot/0001-21066039/motor-vehicles-motor-cycles/2008-toyota-yaris-yr-ncp90r-automatic-hatchback,1409.0,1409.0,23,3h 59m9s,3.986,Active,vic,VIC,lot
2026-05-06T06:01:12.943863+00:00,https://www.grays.com/lot/0001-50715478/motor-vehicles-motor-cycles/2015-mazda-cx-5-maxx-sport-ke-turbo-diesel-automatic-wagon,4109.0,4109.0,73,3h 58m50s,3.981,Active,qld,QLD,lot
2026-05-06T06:01:26.483584+00:00,https://www.grays.com/lot/0010-23500020/motor-vehicles-motor-cycles/2014-hyundai-i30-active-auto-hatch,709.0,709.0,8,1d 3h 58m36s,27.977,Active,melbourne,MELBOURNE,lot
2026-05-06T06:01:37.192633+00:00,https://www.grays.com/lot/0018-23500015/motor-vehicles-motor-cycles/2015-hyundai-ix35-se-petrol,4100.0,4100.0,13,3h 58m25s,3.974,Active,melbourne,MELBOURNE,lot
2026-05-06T07:00:42.922697+00:00,https://www.grays.com/lot/0001-10353552/motor-vehicles-motor-cycles/2017-hyundai-i30-active-pd-automatic-hatchback,4600.0,4600.0,11,2h 59m19s,2.989,Active,nsw,NSW,lot
2026-05-06T07:00:52.047412+00:00,https://www.grays.com/lot/0001-21066039/motor-vehicles-motor-cycles/2008-toyota-yaris-yr-ncp90r-automatic-hatchback,1409.0,1409.0,23,2h 59m10s,2.986,Active,vic,VIC,lot
2026-05-06T07:01:15.542315+00:00,https://www.grays.com/lot/0001-50715478/motor-vehicles-motor-cycles/2015-mazda-cx-5-maxx-sport-ke-turbo-diesel-automatic-wagon,4609.0,4609.0,80,2h 58m59s,2.983,Active,qld,QLD,lot
2026-05-06T07:01:24.870797+00:00,https://www.grays.com/lot/0010-23500020/motor-vehicles-motor-cycles/2014-hyundai-i30-active-auto-hatch,809.0,809.0,9,1d 2h 58m37s,26.977,Active,melbourne,MELBOURNE,lot
2026-05-06T07:01:33.792956+00:00,https://www.grays.com/lot/0018-23500015/motor-vehicles-motor-cycles/2015-hyundai-ix35-se-petrol,4100.0,4100.0,13,2h 58m27s,2.974,Active,melbourne,MELBOURNE,lot
2026-05-06T10:10:54.742661+00:00,https://www.grays.com/lot/0001-21066039/motor-vehicles-motor-cycles/2008-toyota-yaris-yr-ncp90r-automatic-hatchback,1509.0,1509.0,24,,,Referred,vic,VIC,lot
2026-05-06T10:11:15.064738+00:00,https://www.grays.com/lot/0001-50715478/motor-vehicles-motor-cycles/2015-mazda-cx-5-maxx-sport-ke-turbo-diesel-automatic-wagon,,,109,,,Referred,qld,QLD,lot
2026-05-06T10:11:31.352458+00:00,https://www.grays.com/lot/0018-23500015/motor-vehicles-motor-cycles/2015-hyundai-ix35-se-petrol,4100.0,4100.0,13,,,Referred,melbourne,MELBOURNE,lot
2026-05-06T10:10:45.677747+00:00,https://www.grays.com/lot/0001-10353552/motor-vehicles-motor-cycles/2017-hyundai-i30-active-pd-automatic-hatchback,5000.0,5000.0,15,2m47s,0.046,Active,nsw,NSW,lot
2026-05-06T10:11:23.561625+00:00,https://www.grays.com/lot/0010-23500020/motor-vehicles-motor-cycles/2014-hyundai-i30-active-auto-hatch,1109.0,1109.0,12,23h 48m38s,23.811,Active,melbourne,MELBOURNE,lot
2026-05-06T11:00:39.694222+00:00,https://www.grays.com/lot/0001-10353552/motor-vehicles-motor-cycles/2017-hyundai-i30-active-pd-automatic-hatchback,,,15,,,Referred,nsw,NSW,lot
2026-05-06T11:00:48.941049+00:00,https://www.grays.com/lot/0010-23500020/motor-vehicles-motor-cycles/2014-hyundai-i30-active-auto-hatch,1809.0,1809.0,19,22h 59m12s,22.987,Active,melbourne,MELBOURNE,lot
2026-05-06T12:00:27.155619+00:00,https://www.grays.com/lot/0010-23500020/motor-vehicles-motor-cycles/2014-hyundai-i30-active-auto-hatch,1909.0,1909.0,22,21h 59m34s,21.993,Active,melbourne,MELBOURNE,lot
2026-05-06T18:40:42.619277+00:00,https://www.grays.com/lot/0010-23500020/motor-vehicles-motor-cycles/2014-hyundai-i30-active-auto-hatch,3709.0,3709.0,56,15h 19m24s,15.323,Active,melbourne,MELBOURNE,lot
2026-05-06T19:00:37.337487+00:00,https://www.grays.com/lot/0010-23500020/motor-vehicles-motor-cycles/2014-hyundai-i30-active-auto-hatch,3709.0,3709.0,56,14h 59m24s,14.99,Active,melbourne,MELBOURNE,lot
2026-05-06T20:02:09.497329+00:00,https://www.grays.com/lot/0010-23500020/motor-vehicles-motor-cycles/2014-hyundai-i30-active-auto-hatch,3809.0,3809.0,57,13h 57m55s,13.965,Active,melbourne,MELBOURNE,lot
2026-05-06T21:01:10.750203+00:00,https://www.grays.com/lot/0010-23500020/motor-vehicles-motor-cycles/2014-hyundai-i30-active-auto-hatch,3809.0,3809.0,57,12h 58m50s,12.981,Active,melbourne,MELBOURNE,lot
2026-05-07T05:13:19.559373+00:00,https://www.grays.com/lot/0001-10353554/motor-vehicles-motor-cycles/2014-mercedes-benz-c-250-c250-bluetec-w205-turbo-diesel-automatic-sedan,1600.0,1600.0,21,,,Referred,nsw,NSW,lot
2026-05-07T05:13:43.563191+00:00,https://www.grays.com/lot/0001-10353556/motor-vehicles-motor-cycles/2011-ford-territory-titanium-sz-turbo-diesel-automatic-7-seats-wagon,109.0,109.0,2,3d 4h 46m18s,76.772,Active,nsw,NSW,lot
2026-05-07T05:14:18.997109+00:00,https://www.grays.com/lot/0001-10353557/motor-vehicles-motor-cycles/2005-lexus-is-250-is250-prestige-automatic-sedan,609.0,609.0,12,3d 4h 45m42s,76.762,Active,nsw,NSW,lot
2026-05-07T05:15:19.450948+00:00,https://www.grays.com/lot/0001-10353558/motor-vehicles-motor-cycles/2014-peugeot-308-allure-automatic-hatchback,109.0,109.0,2,3d 4h 44m42s,76.745,Active,nsw,NSW,lot
2026-05-07T05:16:15.669269+00:00,https://www.grays.com/lot/0001-10353562/motor-vehicles-motor-cycles/2013-ford-ranger-automatic-xlt-4x4-pickup,109.0,109.0,2,3d 4h 43m45s,76.729,Active,nsw,NSW,lot
2026-05-07T05:18:16.902891+00:00,https://www.grays.com/lot/0001-10353563/motor-vehicles-motor-cycles/2018-mitsubishi-pajero-gls-nx-turbo-diesel-automatic-7-seats-wagon,4340.0,4340.0,84,3d 4h 41m44s,76.696,Active,nsw,NSW,lot
2026-05-07T05:19:33.790729+00:00,https://www.grays.com/lot/0001-10353564/motor-vehicles-motor-cycles/2011-hyundai-ix35-highlander-lm-automatic-wagon,509.0,509.0,6,3d 4h 40m29s,76.675,Active,nsw,NSW,lot
2026-05-07T05:20:20.133582+00:00,https://www.grays.com/lot/0001-10353566/motor-vehicles-motor-cycles/2016-audi-rs3-automatic-hatchback,18200.0,18200.0,20,3d 4h 39m40s,76.661,Active,nsw,NSW,lot
2026-05-07T05:21:03.665384+00:00,https://www.grays.com/lot/0001-10353567/motor-vehicles-motor-cycles/2002-mitsubishi-airtrek-turbo-cu2w-automatic-wagon-import,109.0,109.0,2,3d 4h 38m57s,76.649,Active,nsw,NSW,lot
2026-05-07T05:22:06.274178+00:00,https://www.grays.com/lot/0001-10353568/motor-vehicles-motor-cycles/2015-volkswagen-jetta-103tdi-highline-1b-turbo-diesel-automatic-sedan,9.0,9.0,1,3d 4h 37m55s,76.632,Active,nsw,NSW,lot
2026-05-07T05:22:36.998202+00:00,https://www.grays.com/lot/0001-10353569/motor-vehicles-motor-cycles/2008-holden-ute-ss-v-series-ve-automatic-pick-up,6200.0,6200.0,35,3d 4h 37m23s,76.623,Active,nsw,NSW,lot
2026-05-07T05:23:25.512464+00:00,https://www.grays.com/lot/0001-10353570/motor-vehicles-motor-cycles/2015-porsche-cayenne-diesel-92a-turbo-diesel-automatic-8-speed-wagon,15200.0,15200.0,141,3d 4h 36m35s,76.61,Active,nsw,NSW,lot
2026-05-07T05:24:27.656352+00:00,https://www.grays.com/lot/0001-10353571/motor-vehicles-motor-cycles/2008-holden-ute-omega-ve-automatic-ute,3500.0,3500.0,51,3d 4h 35m35s,76.593,Active,nsw,NSW,lot
2026-05-07T05:25:06.104165+00:00,https://www.grays.com/lot/0001-10353572/motor-vehicles-motor-cycles/2004-toyota-corolla-conquest-zze122r-automatic-wagon,120.0,120.0,3,3d 4h 34m54s,76.582,Active,nsw,NSW,lot
2026-05-07T05:25:41.184926+00:00,https://www.grays.com/lot/0001-10353573/motor-vehicles-motor-cycles/2021-ford-ranger-4x4-xlt-px-iii-turbo-diesel-automatic-pick-up,10801.0,10801.0,70,3d 4h 34m19s,76.572,Active,nsw,NSW,lot
2026-05-07T05:26:24.056996+00:00,https://www.grays.com/lot/0001-10353575/motor-vehicles-motor-cycles/2020-jeep-compass-limited-bg-automatic-wagon,2209.0,2209.0,32,3d 4h 33m36s,76.56,Active,nsw,NSW,lot
2026-05-07T05:26:54.147912+00:00,https://www.grays.com/lot/0001-10353576/motor-vehicles-motor-cycles/2009-subaru-impreza-wrx-g3-manual-sedan,2900.0,2900.0,28,3d 4h 33m7s,76.552,Active,nsw,NSW,lot
2026-05-07T05:27:44.453233+00:00,https://www.grays.com/lot/0001-10353578/motor-vehicles-motor-cycles/2011-bmw-x6-xdrive-30d-e71-turbo-diesel-automatic-8-speed-wagon,1009.0,1009.0,16,3d 4h 32m17s,76.538,Active,nsw,NSW,lot
2026-05-07T05:28:34.829593+00:00,https://www.grays.com/lot/0001-10353580/motor-vehicles-motor-cycles/2011-mazda-cx-9-luxury-awd-tb-5-automatic-7-seats-wagon,209.0,209.0,3,3d 4h 31m26s,76.524,Active,nsw,NSW,lot
2026-05-07T05:29:13.173446+00:00,https://www.grays.com/lot/0001-10353581/motor-vehicles-motor-cycles/2022-hyundai-i30-automatic-hatchback,5800.0,5800.0,66,3d 4h 30m48s,76.513,Active,nsw,NSW,lot
2026-05-07T05:29:52.138569+00:00,https://www.grays.com/lot/0001-10353584/motor-vehicles-motor-cycles/2010-mercedes-benz-c250-be-avantgarde-w204-automatic-sedan,109.0,109.0,2,4d 4h 30m10s,100.503,Active,nsw,NSW,lot
2026-05-07T05:30:38.333412+00:00,https://www.grays.com/lot/0001-10353585/motor-vehicles-motor-cycles/2014-ford-ranger-xl-4x2-hi-rider-px-turbo-diesel-automatic-crew-cab-chassis,9.0,9.0,0,4d 4h 29m23s,100.49,Active,nsw,NSW,lot
2026-05-07T05:31:12.416620+00:00,https://www.grays.com/lot/0001-10353591/motor-vehicles-motor-cycles/2016-land-rover-discovery-sport-sd4-hse-turbo-diesel-9-auto-wagon,9.0,9.0,1,4d 4h 28m49s,100.48,Active,nsw,NSW,lot
2026-05-07T05:34:32.258704+00:00,https://www.grays.com/lot/0001-10353593/motor-vehicles-motor-cycles/2008-honda-cr-v-re-automatic-wagon,109.0,109.0,2,4d 5h 25m29s,101.425,Active,nsw,NSW,lot
2026-05-07T05:37:26.730728+00:00,https://www.grays.com/lot/0001-10353598/motor-vehicles-motor-cycles/2008-mazda-6-luxury-sports-gh-automatic-hatchback,9.0,9.0,0,4d 4h 22m34s,100.376,Active,nsw,NSW,lot
2026-05-07T05:44:12.405118+00:00,https://www.grays.com/lot/0001-10913051/motor-vehicles-motor-cycles/2010-nissan-dualis-st-2wd-j10-cvt-wagon,9.0,9.0,0,4d 4h 15m48s,100.263,Active,nsw,NSW,lot
2026-05-07T08:00:59.854417+00:00,https://www.grays.com/lot/0010-23500020/motor-vehicles-motor-cycles/2014-hyundai-i30-active-auto-hatch,4109.0,4109.0,60,1h 59m1s,1.984,Active,melbourne,MELBOURNE,lot
2026-05-07T09:00:39.995621+00:00,https://www.grays.com/lot/0010-23500020/motor-vehicles-motor-cycles/2014-hyundai-i30-active-auto-hatch,4409.0,4409.0,63,59m22s,0.989,Active,melbourne,MELBOURNE,lot
2026-05-07T10:01:07.293836+00:00,https://www.grays.com/lot/0010-23500020/motor-vehicles-motor-cycles/2014-hyundai-i30-active-auto-hatch,5709.0,5709.0,81,9m5s,0.151,Active,melbourne,MELBOURNE,lot
2026-05-07T11:00:25.796783+00:00,https://www.grays.com/lot/0010-23500020/motor-vehicles-motor-cycles/2014-hyundai-i30-active-auto-hatch,6709.0,6709.0,94,,,Referred,melbourne,MELBOURNE,lot
2026-05-08T18:15:38.605449+00:00,https://www.grays.com/lot/0001-10353500/motor-vehicles-motor-cycles/2013-holden-colorado-4x2-lt-rg-turbo-diesel-automatic-dual-cab,9.0,9.0,0,3d 15h 44m21s,87.739,Active,nsw,NSW,lot
2026-05-08T18:16:01.543071+00:00,https://www.grays.com/lot/0001-10353554/motor-vehicles-motor-cycles/2014-mercedes-benz-c-250-c250-bluetec-w205-turbo-diesel-automatic-sedan,5400.0,5400.0,49,1d 15h 43m58s,39.733,Active,nsw,NSW,lot
2026-05-08T18:16:23.900744+00:00,https://www.grays.com/lot/0001-10353556/motor-vehicles-motor-cycles/2011-ford-territory-titanium-sz-turbo-diesel-automatic-7-seats-wagon,709.0,709.0,9,1d 15h 43m39s,39.727,Active,nsw,NSW,lot
2026-05-08T18:16:44.816611+00:00,https://www.grays.com/lot/0001-10353557/motor-vehicles-motor-cycles/2005-lexus-is-250-is250-prestige-automatic-sedan,709.0,709.0,13,1d 15h 43m16s,39.721,Active,nsw,NSW,lot
2026-05-08T18:17:01.178475+00:00,https://www.grays.com/lot/0001-10353558/motor-vehicles-motor-cycles/2014-peugeot-308-allure-automatic-hatchback,1009.0,1009.0,11,1d 15h 43m0s,39.717,Active,nsw,NSW,lot
2026-05-08T18:17:20.183679+00:00,https://www.grays.com/lot/0001-10353562/motor-vehicles-motor-cycles/2013-ford-ranger-automatic-xlt-4x4-pickup,4400.0,4400.0,31,1d 15h 42m42s,39.712,Active,nsw,NSW,lot
2026-05-08T18:17:36.081286+00:00,https://www.grays.com/lot/0001-10353563/motor-vehicles-motor-cycles/2018-mitsubishi-pajero-gls-nx-turbo-diesel-automatic-7-seats-wagon,14149.0,14149.0,163,1d 15h 42m25s,39.707,Active,nsw,NSW,lot
2026-05-08T18:17:53.224283+00:00,https://www.grays.com/lot/0001-10353564/motor-vehicles-motor-cycles/2011-hyundai-ix35-highlander-lm-automatic-wagon,2309.0,2309.0,29,1d 15h 42m8s,39.702,Active,nsw,NSW,lot
2026-05-08T18:18:12.801657+00:00,https://www.grays.com/lot/0001-10353565/motor-vehicles-motor-cycles/2008-mitsubishi-pajero-vrx-ns-turbo-diesel-automatic-wagon,9.0,9.0,0,3d 15h 41m49s,87.697,Active,nsw,NSW,lot
2026-05-08T18:18:26.918347+00:00,https://www.grays.com/lot/0001-10353566/motor-vehicles-motor-cycles/2016-audi-rs3-automatic-hatchback,28600.0,28600.0,112,1d 15h 41m34s,39.693,Active,nsw,NSW,lot
2026-05-08T18:18:42.915594+00:00,https://www.grays.com/lot/0001-10353567/motor-vehicles-motor-cycles/2002-mitsubishi-airtrek-turbo-cu2w-automatic-wagon-import,3500.0,3500.0,68,1d 15h 41m18s,39.688,Active,nsw,NSW,lot
2026-05-08T18:19:02.003200+00:00,https://www.grays.com/lot/0001-10353568/motor-vehicles-motor-cycles/2015-volkswagen-jetta-103tdi-highline-1b-turbo-diesel-automatic-sedan,609.0,609.0,11,1d 15h 40m58s,39.683,Active,nsw,NSW,lot
2026-05-08T18:19:14.987155+00:00,https://www.grays.com/lot/0001-10353569/motor-vehicles-motor-cycles/2008-holden-ute-ss-v-series-ve-automatic-pick-up,9200.0,9200.0,57,1d 15h 40m46s,39.679,Active,nsw,NSW,lot
2026-05-08T18:19:32.415571+00:00,https://www.grays.com/lot/0001-10353570/motor-vehicles-motor-cycles/2015-porsche-cayenne-diesel-92a-turbo-diesel-automatic-8-speed-wagon,18400.0,18400.0,185,1d 15h 40m27s,39.674,Active,nsw,NSW,lot
2026-05-08T18:19:56.250575+00:00,https://www.grays.com/lot/0001-10353571/motor-vehicles-motor-cycles/2008-holden-ute-omega-ve-automatic-ute,3600.0,3600.0,53,1d 15h 40m4s,39.668,Active,nsw,NSW,lot
2026-05-08T18:20:21.117083+00:00,https://www.grays.com/lot/0001-10353572/motor-vehicles-motor-cycles/2004-toyota-corolla-conquest-zze122r-automatic-wagon,1020.0,1020.0,15,1d 15h 39m40s,39.661,Active,nsw,NSW,lot
2026-05-08T18:20:37.760992+00:00,https://www.grays.com/lot/0001-10353573/motor-vehicles-motor-cycles/2021-ford-ranger-4x4-xlt-px-iii-turbo-diesel-automatic-pick-up,20100.0,20100.0,74,1d 15h 39m22s,39.656,Active,nsw,NSW,lot
2026-05-08T18:20:53.131751+00:00,https://www.grays.com/lot/0001-10353575/motor-vehicles-motor-cycles/2020-jeep-compass-limited-bg-automatic-wagon,4609.0,4609.0,65,1d 15h 39m7s,39.652,Active,nsw,NSW,lot
2026-05-08T18:21:11.551704+00:00,https://www.grays.com/lot/0001-10353576/motor-vehicles-motor-cycles/2009-subaru-impreza-wrx-g3-manual-sedan,3300.0,3300.0,34,1d 15h 38m48s,39.647,Active,nsw,NSW,lot
2026-05-08T18:21:35.264027+00:00,https://www.grays.com/lot/0001-10353578/motor-vehicles-motor-cycles/2011-bmw-x6-xdrive-30d-e71-turbo-diesel-automatic-8-speed-wagon,4200.0,4200.0,49,1d 15h 38m25s,39.64,Active,nsw,NSW,lot
2026-05-08T18:22:00.919050+00:00,https://www.grays.com/lot/0001-10353580/motor-vehicles-motor-cycles/2011-mazda-cx-9-luxury-awd-tb-5-automatic-7-seats-wagon,1209.0,1209.0,15,1d 15h 38m0s,39.633,Active,nsw,NSW,lot
2026-05-08T18:22:18.409085+00:00,https://www.grays.com/lot/0001-10353581/motor-vehicles-motor-cycles/2022-hyundai-i30-automatic-hatchback,8200.0,8200.0,93,1d 15h 37m42s,39.628,Active,nsw,NSW,lot
2026-05-08T18:22:42.506865+00:00,https://www.grays.com/lot/0001-10353584/motor-vehicles-motor-cycles/2010-mercedes-benz-c250-be-avantgarde-w204-automatic-sedan,309.0,309.0,4,2d 15h 37m17s,63.621,Active,nsw,NSW,lot
2026-05-08T18:23:00.921803+00:00,https://www.grays.com/lot/0001-10353585/motor-vehicles-motor-cycles/2014-ford-ranger-xl-4x2-hi-rider-px-turbo-diesel-automatic-crew-cab-chassis,109.0,109.0,3,2d 15h 37m0s,63.617,Active,nsw,NSW,lot
2026-05-08T18:23:24.179414+00:00,https://www.grays.com/lot/0001-10353586/motor-vehicles-motor-cycles/2003-lexus-rx-rx330-sports-mcu38r-automatic-wagon,9.0,9.0,0,4d 15h 41m35s,111.693,Active,nsw,NSW,lot
2026-05-08T18:23:42.191550+00:00,https://www.grays.com/lot/0001-10353588/motor-vehicles-motor-cycles/2014-porsche-cayenne-diesel-92a-turbo-diesel-automatic-8-speed-wagon,6300.0,6300.0,28,2d 15h 36m17s,63.605,Active,nsw,NSW,lot
2026-05-08T18:24:02.124315+00:00,https://www.grays.com/lot/0001-10353590/motor-vehicles-motor-cycles/2000-toyota-landcruiser-prado-gxl-4x4-vzj95r-automatic-8-seats-wagon,400.0,400.0,6,2d 15h 35m58s,63.599,Active,nsw,NSW,lot
2026-05-08T18:24:15.208034+00:00,https://www.grays.com/lot/0001-10353591/motor-vehicles-motor-cycles/2016-land-rover-discovery-sport-sd4-hse-turbo-diesel-9-auto-wagon,9.0,9.0,2,2d 15h 35m45s,63.596,Active,nsw,NSW,lot
2026-05-08T18:24:40.032855+00:00,https://www.grays.com/lot/0001-10353592/motor-vehicles-motor-cycles/2013-nissan-pathfinder-ti-r52-cvt-7-seats-wagon,259.0,259.0,6,4d 15h 5m20s,111.089,Active,nsw,NSW,lot
2026-05-08T18:25:03.324457+00:00,https://www.grays.com/lot/0001-10353593/motor-vehicles-motor-cycles/2008-honda-cr-v-re-automatic-wagon,209.0,209.0,3,2d 16h 34m56s,64.582,Active,nsw,NSW,lot
2026-05-08T18:25:28.145355+00:00,https://www.grays.com/lot/0001-10353598/motor-vehicles-motor-cycles/2008-mazda-6-luxury-sports-gh-automatic-hatchback,9.0,9.0,1,2d 15h 34m32s,63.576,Active,nsw,NSW,lot
2026-05-08T18:25:50.866288+00:00,https://www.grays.com/lot/0001-10353599/motor-vehicles-motor-cycles/2011-ford-falcon-fg-automatic-ute,809.0,809.0,17,2d 15h 34m9s,63.569,Active,nsw,NSW,lot
2026-05-08T18:26:15.212031+00:00,https://www.grays.com/lot/0001-10353601/motor-vehicles-motor-cycles/2009-jeep-patriot-sport-mk-cvt-wagon,9.0,9.0,0,4d 15h 33m45s,111.562,Active,nsw,NSW,lot
2026-05-08T18:26:30.382703+00:00,https://www.grays.com/lot/0001-10353602/motor-vehicles-motor-cycles/2014-porsche-macan-s-diesel-95b-turbo-diesel-automatic-wagon,2709.0,2709.0,52,4d 15h 33m30s,111.558,Active,nsw,NSW,lot
2026-05-08T18:26:48.891803+00:00,https://www.grays.com/lot/0001-10353604/motor-vehicles-motor-cycles/2013-jeep-compass-sport-cvt-wagon,9.0,9.0,0,4d 15h 33m12s,111.553,Active,nsw,NSW,lot
2026-05-08T18:27:06.504801+00:00,https://www.grays.com/lot/0001-10353608/motor-vehicles-motor-cycles/2012-audi-q3-2-0-tsfi-quattro-125kw-8u-automatic-wagon,309.0,309.0,4,3d 15h 37m54s,87.632,Active,nsw,NSW,lot
2026-05-08T18:27:26.589713+00:00,https://www.grays.com/lot/0001-10353611/motor-vehicles-motor-cycles/2018-ford-ranger-4x4-xl-px-ii-turbo-diesel-automatic-cab-chassis,509.0,509.0,6,4d 15h 2m34s,111.043,Active,nsw,NSW,lot
2026-05-08T18:27:50.388358+00:00,https://www.grays.com/lot/0001-10353613/motor-vehicles-motor-cycles/2014-holden-commodore-sv6-storm-special-ed-vf-automatic-wagon,609.0,609.0,8,4d 15h 32m10s,111.536,Active,nsw,NSW,lot
2026-05-08T18:28:07.568929+00:00,https://www.grays.com/lot/0001-10353614/motor-vehicles-motor-cycles/2014-ford-kuga-awd-ambiente-tf-automatic-wagon,9.0,9.0,0,4d 15h 31m52s,111.531,Active,nsw,NSW,lot
2026-05-08T18:28:25.299461+00:00,https://www.grays.com/lot/0001-10353615/motor-vehicles-motor-cycles/2018-bmw-x6-xdrive-30d-f16-turbo-diesel-automatic-8-speed-wagon,6600.0,6600.0,61,4d 15h 31m34s,111.526,Active,nsw,NSW,lot
2026-05-08T18:28:44.186048+00:00,https://www.grays.com/lot/0001-10353625/motor-vehicles-motor-cycles/2017-land-rover-discovery-2-0-sd4-hse-series-5-t-diesel-auto-7-seats-wagon,9.0,9.0,0,4d 15h 31m17s,111.521,Active,nsw,NSW,lot
2026-05-08T18:29:03.681482+00:00,https://www.grays.com/lot/0001-10353632/motor-vehicles-motor-cycles/1997-toyota-landcruiser-prado-vx-vzj95r-automatic-8-seats-wagon,9.0,9.0,0,4d 15h 30m56s,111.516,Active,nsw,NSW,lot
2026-05-08T18:29:21.869336+00:00,https://www.grays.com/lot/0001-10353635/motor-vehicles-motor-cycles/2010-toyota-hilux-sr-4x4-kun26r-turbo-diesel-manual-crew-cab-chassis,9.0,9.0,0,4d 15h 30m39s,111.511,Active,nsw,NSW,lot
2026-05-08T18:29:38.559075+00:00,https://www.grays.com/lot/0001-10353636/motor-vehicles-motor-cycles/2017-land-rover-range-rover-evoque-td4-150-se-lv-turbo-diesel-9-auto-wagon,209.0,209.0,3,3d 15h 30m22s,87.506,Active,nsw,NSW,lot
2026-05-08T18:29:57.280389+00:00,https://www.grays.com/lot/0001-10353637/motor-vehicles-motor-cycles/2018-honda-cr-v-2wd-vti-s-rw-cvt-wagon,109.0,109.0,2,4d 15h 30m3s,111.501,Active,nsw,NSW,lot
2026-05-08T18:30:20.183371+00:00,https://www.grays.com/lot/0001-10353638/motor-vehicles-motor-cycles/2011-holden-commodore-omega-ve-ii-automatic-sedan,9.0,9.0,0,4d 15h 29m41s,111.495,Active,nsw,NSW,lot
2026-05-08T18:30:44.537548+00:00,https://www.grays.com/lot/0001-10353639/motor-vehicles-motor-cycles/2017-mitsubishi-lancer-black-edition-cf-cvt-sedan,109.0,109.0,2,4d 15h 29m15s,111.487,Active,nsw,NSW,lot
2026-05-08T18:31:02.768759+00:00,https://www.grays.com/lot/0001-10353642/motor-vehicles-motor-cycles/2019-mazda-bt-50-4x4-xt-turbo-diesel-automatic-pick-up,109.0,109.0,2,3d 15h 28m58s,87.483,Active,nsw,NSW,lot
2026-05-08T18:31:28.361982+00:00,https://www.grays.com/lot/0001-10353643/motor-vehicles-motor-cycles/2012-mazda-3-neo-bl-automatic-sedan,109.0,109.0,3,4d 15h 28m31s,111.475,Active,nsw,NSW,lot
2026-05-08T18:31:50.407884+00:00,https://www.grays.com/lot/0001-10353644/motor-vehicles-motor-cycles/2016-mazda-2-neo-dl-series-manual-hatchback,209.0,209.0,3,4d 15h 28m10s,111.469,Active,nsw,NSW,lot
2026-05-08T18:32:09.792748+00:00,https://www.grays.com/lot/0001-10353646/motor-vehicles-motor-cycles/2010-hyundai-ix35-active-fwd-lm-automatic-wagon,9.0,9.0,0,4d 15h 27m50s,111.464,Active,nsw,NSW,lot
2026-05-08T18:32:32.121772+00:00,https://www.grays.com/lot/0001-10353647/motor-vehicles-motor-cycles/2004-holden-ute-ss-vy-automatic-pick-up,2300.0,2300.0,7,4d 15h 27m29s,111.458,Active,nsw,NSW,lot
2026-05-08T18:32:53.974469+00:00,https://www.grays.com/lot/0001-10353648/motor-vehicles-motor-cycles/2017-ford-ranger-4x4-xl-px-ii-turbo-diesel-manual-cab-chassis,109.0,109.0,2,4d 15h 27m6s,111.452,Active,nsw,NSW,lot
2026-05-08T18:33:20.582831+00:00,https://www.grays.com/lot/0001-10353650/motor-vehicles-motor-cycles/2014-mitsubishi-outlander-phev-5-seat-4wd-zj-direct-drive-wagon,9.0,9.0,0,4d 15h 26m42s,111.445,Active,nsw,NSW,lot
2026-05-08T18:33:36.997258+00:00,https://www.grays.com/lot/0001-10353651/motor-vehicles-motor-cycles/2016-jaguar-xe-20d-prestige-turbo-diesel-automatic-8-speed-sedan,209.0,209.0,3,4d 15h 26m24s,111.44,Active,nsw,NSW,lot
2026-05-08T18:34:04.500121+00:00,https://www.grays.com/lot/0001-10353655/motor-vehicles-motor-cycles/2018-mazda-cx-8-sport-fwd-kg-turbo-diesel-automatic-7-seats-wagon,9.0,9.0,0,4d 15h 25m56s,111.432,Active,nsw,NSW,lot
2026-05-08T18:34:22.241847+00:00,https://www.grays.com/lot/0001-10353656/motor-vehicles-motor-cycles/2014-renault-captur-expression-manual-wagon,9.0,9.0,1,4d 15h 25m38s,111.427,Active,nsw,NSW,lot
2026-05-08T18:34:38.705039+00:00,https://www.grays.com/lot/0001-10353657/motor-vehicles-motor-cycles/2015-renault-captur-expression-automatic-wagon,9.0,9.0,1,4d 15h 25m22s,111.423,Active,nsw,NSW,lot
2026-05-08T18:34:54.578799+00:00,https://www.grays.com/lot/0001-10913047/motor-vehicles-motor-cycles/2017-mazda-cx-5-maxx-kf-automatic-wagon,5500.0,5500.0,72,1d 15h 25m6s,39.418,Active,nsw,NSW,lot
2026-05-08T18:35:08.298255+00:00,https://www.grays.com/lot/0001-10913051/motor-vehicles-motor-cycles/2010-nissan-dualis-st-2wd-j10-cvt-wagon,9.0,9.0,0,2d 15h 24m52s,63.414,Active,nsw,NSW,lot
2026-05-08T18:35:20.637395+00:00,https://www.grays.com/lot/0001-10913053/motor-vehicles-motor-cycles/2016-honda-hrv-automatic-hatch,2800.0,2800.0,30,2d 15h 24m40s,63.411,Active,nsw,NSW,lot
2026-05-08T18:35:33.908349+00:00,https://www.grays.com/lot/0001-10913054/motor-vehicles-motor-cycles/2013-mazda-cx-5-maxx-awd-ke-automatic-wagon,1800.0,1800.0,27,2d 15h 24m25s,63.407,Active,nsw,NSW,lot
2026-05-08T18:35:50.194681+00:00,https://www.grays.com/lot/0001-10913056/motor-vehicles-motor-cycles/2018-volvo-xc60-t6-r-design-automatic-8-speed-wagon,2500.0,2500.0,17,4d 15h 24m10s,111.403,Active,nsw,NSW,lot
2026-05-08T18:36:03.497411+00:00,https://www.grays.com/lot/0001-21066068/motor-vehicles-motor-cycles/2012-jeep-patriot-sport-mk-cvt-wagon,9.0,9.0,1,1d 15h 23m57s,39.399,Active,vic,VIC,lot
2026-05-08T18:36:21.580200+00:00,https://www.grays.com/lot/0001-21066078/motor-vehicles-motor-cycles/2009-mercedes-benz-c200-k-classic-w204-automatic-sedan,109.0,109.0,2,3d 15h 28m39s,87.478,Active,vic,VIC,lot
2026-05-08T18:36:48.118784+00:00,https://www.grays.com/lot/0001-21066095/motor-vehicles-motor-cycles/2004-toyota-landcruiser-prado-gx-grj120r-automatic-8-seats-wagon,2000.0,2000.0,15,1d 15h 23m13s,39.387,Active,vic,VIC,lot
2026-05-08T18:37:04.437704+00:00,https://www.grays.com/lot/0001-21066096/motor-vehicles-motor-cycles/2012-volkswagen-cc-125tdi-3cc-turbo-diesel-automatic-coupe,1109.0,1109.0,18,1d 15h 22m55s,39.382,Active,vic,VIC,lot
2026-05-08T18:37:20.800947+00:00,https://www.grays.com/lot/0001-21066097/motor-vehicles-motor-cycles/2014-peugeot-308-allure-automatic-hatchback,1209.0,1209.0,20,1d 15h 22m39s,39.377,Active,vic,VIC,lot
2026-05-08T18:37:35.000905+00:00,https://www.grays.com/lot/0001-21066098/motor-vehicles-motor-cycles/2016-renault-kangoo-automatic-van,109.0,109.0,2,3d 15h 22m25s,87.374,Active,vic,VIC,lot
2026-05-08T18:38:01.195590+00:00,https://www.grays.com/lot/0001-21066100/motor-vehicles-motor-cycles/2005-volvo-xc70-se-automatic-wagon,309.0,309.0,6,1d 15h 21m59s,39.366,Active,vic,VIC,lot
2026-05-08T18:38:16.006003+00:00,https://www.grays.com/lot/0001-21066101/motor-vehicles-motor-cycles/2011-mercedes-benz-c250-be-avantgarde-w204-automatic-sedan,2600.0,2600.0,35,1d 15h 21m44s,39.362,Active,vic,VIC,lot
2026-05-08T18:38:44.031666+00:00,https://www.grays.com/lot/0001-21066102/motor-vehicles-motor-cycles/2014-jeep-compass-limited-cvt-wagon,1100.0,1100.0,13,1d 15h 21m16s,39.354,Active,vic,VIC,lot
2026-05-08T18:39:05.757202+00:00,https://www.grays.com/lot/0001-21066103/motor-vehicles-motor-cycles/2007-lexus-rx-350-rx350-sports-gsu35r-automatic-wagon,309.0,309.0,7,1d 15h 20m55s,39.349,Active,vic,VIC,lot
2026-05-08T18:39:26.631537+00:00,https://www.grays.com/lot/0001-21066104/motor-vehicles-motor-cycles/2015-bmw-x5-xdrive-30d-f15-turbo-diesel-automatic-8-speed-wagon,9100.0,9100.0,86,1d 15h 20m34s,39.343,Active,vic,VIC,lot
2026-05-08T18:40:10.546684+00:00,https://www.grays.com/lot/0001-21066105/motor-vehicles-motor-cycles/2013-land-rover-range-rover-evoque-td4-pure-turbo-diesel-automatic-wagon,7702.0,7702.0,88,1d 15h 19m50s,39.331,Active,vic,VIC,lot
2026-05-08T18:40:35.623872+00:00,https://www.grays.com/lot/0001-21066113/motor-vehicles-motor-cycles/2012-holden-caprice-wm-ii-automatic-sedan,1000.0,1000.0,13,2d 15h 19m25s,63.324,Active,vic,VIC,lot
2026-05-08T18:40:57.902510+00:00,https://www.grays.com/lot/0001-21066114/motor-vehicles-motor-cycles/2008-volkswagen-polo-pacific-9n-automatic-hatchback,9.0,9.0,0,2d 15h 19m3s,63.318,Active,vic,VIC,lot
2026-05-08T18:41:10.109227+00:00,https://www.grays.com/lot/0001-21066115/motor-vehicles-motor-cycles/2015-mitsubishi-triton-4x4-glx-mn-turbo-diesel-manual-dual-cab,1799.0,1799.0,13,2d 15h 18m49s,63.314,Active,vic,VIC,lot
2026-05-08T18:41:43.210980+00:00,https://www.grays.com/lot/0001-21066116/motor-vehicles-motor-cycles/2017-peugeot-3008-active-automatic-hatchback,409.0,409.0,5,2d 15h 18m17s,63.305,Active,vic,VIC,lot
2026-05-08T18:42:19.026328+00:00,https://www.grays.com/lot/0001-21066117/motor-vehicles-motor-cycles/2012-jaguar-xf-3-0d-luxury-turbo-diesel-automatic-8-speed-sedan,909.0,909.0,15,2d 15h 17m41s,63.295,Active,vic,VIC,lot
2026-05-08T18:43:03.212780+00:00,https://www.grays.com/lot/0001-21066118/motor-vehicles-motor-cycles/2014-bmw-x3-xdrive-20d-f25-turbo-diesel-automatic-8-speed-wagon,909.0,909.0,15,2d 15h 16m58s,63.283,Active,vic,VIC,lot
2026-05-08T18:43:41.136146+00:00,https://www.grays.com/lot/0001-21066120/motor-vehicles-motor-cycles/2013-audi-q3-2-0-tfsi-quattro-8u-automatic-wagon,4200.0,4200.0,61,2d 15h 16m19s,63.272,Active,vic,VIC,lot
2026-05-08T18:43:58.266169+00:00,https://www.grays.com/lot/0001-21066121/motor-vehicles-motor-cycles/2008-bmw-120i-e88-automatic-convertible,409.0,409.0,5,2d 15h 16m2s,63.267,Active,vic,VIC,lot
2026-05-08T18:44:34.615310+00:00,https://www.grays.com/lot/0001-21066122/motor-vehicles-motor-cycles/2016-ford-ranger-xlt-4x4-px-ii-turbo-diesel-automatic-dual-cab,13100.0,13100.0,33,3d 15h 15m26s,87.257,Active,vic,VIC,lot
2026-05-08T18:44:46.385249+00:00,https://www.grays.com/lot/0001-21066123/motor-vehicles-motor-cycles/1994-nissan-pulsar-lx-limited-n14-manual-hatchback,9.0,9.0,0,2d 15h 15m14s,63.254,Active,vic,VIC,lot
2026-05-08T18:44:57.597244+00:00,https://www.grays.com/lot/0001-21066125/motor-vehicles-motor-cycles/2007-mercedes-benz-b200-turbo-w245-cvt-hatchback,609.0,609.0,12,2d 15h 15m3s,63.251,Active,vic,VIC,lot
2026-05-08T18:45:12.793355+00:00,https://www.grays.com/lot/0001-21066126/motor-vehicles-motor-cycles/2020-mitsubishi-triton-util-awd-automatic-ute,359.0,359.0,2,4d 15h 14m49s,111.247,Active,vic,VIC,lot
2026-05-08T18:45:29.938983+00:00,https://www.grays.com/lot/0001-21066131/motor-vehicles-motor-cycles/2020-isuzu-mu-x-4x4-ls-u-turbo-diesel-automatic-7-seats-wagon,609.0,609.0,3,4d 15h 14m31s,111.242,Active,vic,VIC,lot
2026-05-08T18:45:45.046524+00:00,https://www.grays.com/lot/0001-21066132/motor-vehicles-motor-cycles/2020-isuzu-mu-x-4x4-ls-u-turbo-diesel-automatic-7-seats-wagon,359.0,359.0,2,4d 15h 14m15s,111.237,Active,vic,VIC,lot
2026-05-08T18:46:07.743639+00:00,https://www.grays.com/lot/0001-21066133/motor-vehicles-motor-cycles/2015-isuzu-mu-x-4x4-ls-u-turbo-diesel-automatic-7-seats-wagon,359.0,359.0,2,4d 15h 13m52s,111.231,Active,vic,VIC,lot
2026-05-08T18:46:28.850252+00:00,https://www.grays.com/lot/0001-21066134/motor-vehicles-motor-cycles/2020-isuzu-d-max-4x4-ls-m-turbo-diesel-manual-dual-cab,109.0,109.0,1,4d 15h 13m32s,111.226,Active,vic,VIC,lot
2026-05-08T18:46:46.252206+00:00,https://www.grays.com/lot/0001-21066136/motor-vehicles-motor-cycles/2007-toyota-hilux-sr-4x4-turbo-diesel-manual-dual-cab,109.0,109.0,1,4d 15h 13m14s,111.221,Active,vic,VIC,lot
2026-05-08T18:47:03.567510+00:00,https://www.grays.com/lot/0001-21066137/motor-vehicles-motor-cycles/2010-toyota-hilux-sr-4x4-kun26r-turbo-diesel-manual-crew-cab-chassis,109.0,109.0,0,4d 15h 12m57s,111.216,Active,vic,VIC,lot
2026-05-08T18:47:24.366022+00:00,https://www.grays.com/lot/0001-21066138/motor-vehicles-motor-cycles/2007-toyota-hilux-sr-4x4-kun26r-turbo-diesel-manual-dual-cab,109.0,109.0,0,4d 15h 12m36s,111.21,Active,vic,VIC,lot
2026-05-08T18:47:39.045171+00:00,https://www.grays.com/lot/0001-21066139/motor-vehicles-motor-cycles/2006-toyota-landcruiser-prado-grande-grj120r-automatic-8-seats-wagon,10230.0,10230.0,92,3d 15h 12m21s,87.206,Active,vic,VIC,lot
2026-05-08T18:48:07.441960+00:00,https://www.grays.com/lot/0001-21066140/motor-vehicles-motor-cycles/2015-jeep-grand-cherokee-laredo-4x4-wk-turbo-diesel-automatic,9.0,9.0,1,3d 15h 11m52s,87.198,Active,vic,VIC,lot
2026-05-08T18:48:29.863674+00:00,https://www.grays.com/lot/0001-21066144/motor-vehicles-motor-cycles/2021-jeep-cherokee-limited-4x4-kl-automatic-wagon,509.0,509.0,6,2d 15h 11m29s,63.191,Active,vic,VIC,lot
2026-05-08T18:48:59.343131+00:00,https://www.grays.com/lot/0001-21066145/motor-vehicles-motor-cycles/2021-kia-cerato-s-bd-automatic-sedan,9600.0,9600.0,57,2d 15h 11m0s,63.183,Active,vic,VIC,lot
2026-05-08T18:49:26.496188+00:00,https://www.grays.com/lot/0001-21066148/motor-vehicles-motor-cycles/2014-volkswagen-golf-90tsi-a7-automatic-hatchback,9.0,9.0,1,3d 15h 10m33s,87.176,Active,vic,VIC,lot
2026-05-08T18:49:41.511591+00:00,https://www.grays.com/lot/0001-21066150/motor-vehicles-motor-cycles/2013-kia-rondo-platinum-rp-automatic-7-seats-people-mover,9.0,9.0,0,3d 15h 10m18s,87.172,Active,vic,VIC,lot
2026-05-08T18:50:09.571002+00:00,https://www.grays.com/lot/0001-21066153/motor-vehicles-motor-cycles/2015-ford-kuga-ambiente-fwd-tf-ii-automatic-wagon,9.0,9.0,1,4d 15h 9m51s,111.164,Active,vic,VIC,lot
2026-05-08T18:50:51.050779+00:00,https://www.grays.com/lot/0001-21066154/motor-vehicles-motor-cycles/2014-toyota-corolla-automatic-sedan,309.0,309.0,5,4d 15h 9m9s,111.153,Active,vic,VIC,lot
2026-05-08T18:51:33.122028+00:00,https://www.grays.com/lot/0001-21066155/motor-vehicles-motor-cycles/2016-hyundai-sonata-active-lf-automatic-sedan,255.0,255.0,3,4d 15h 8m26s,111.141,Active,vic,VIC,lot
2026-05-08T18:52:01.756858+00:00,https://www.grays.com/lot/0001-23500016/motor-vehicles-motor-cycles/2013-mazda-cx-5-maxx-petrol,1409.0,1409.0,15,1d 15h 7m59s,39.133,Active,melbourne,MELBOURNE,lot
2026-05-08T18:52:34.044546+00:00,https://www.grays.com/lot/0001-23500019/motor-vehicles-motor-cycles/2010-subaru-forester-premium-diesel,601.0,601.0,10,1d 15h 7m25s,39.124,Active,melbourne,MELBOURNE,lot
2026-05-08T18:52:54.722337+00:00,https://www.grays.com/lot/0001-23500023/motor-vehicles-motor-cycles/2013-audi-q5-petrol,400.0,400.0,3,2d 15h 7m4s,63.118,Active,melbourne,MELBOURNE,lot
2026-05-08T18:53:19.580188+00:00,https://www.grays.com/lot/0001-23500027/motor-vehicles-motor-cycles/2010-mercedes-benz-c-class-c220-diesel,409.0,409.0,5,3d 15h 6m41s,87.111,Active,melbourne,MELBOURNE,lot
2026-05-08T18:53:40.385493+00:00,https://www.grays.com/lot/0001-23500028/motor-vehicles-motor-cycles/2013-mazda-cx-5-akera-diesel,9.0,9.0,1,4d 15h 6m19s,111.105,Active,melbourne,MELBOURNE,lot
2026-05-08T18:54:09.811790+00:00,https://www.grays.com/lot/0001-23500029/motor-vehicles-motor-cycles/2018-honda-cr-v-vti-lx-petrol,409.0,409.0,8,4d 15h 5m49s,111.097,Active,melbourne,MELBOURNE,lot
2026-05-08T18:54:29.404179+00:00,https://www.grays.com/lot/0001-50517981/motor-vehicles-motor-cycles/2016-mazda-bt-50-4x2-xt-turbo-diesel-manual-cab-chassis,609.0,609.0,9,1d 15h 5m33s,39.093,Active,qld,QLD,lot
2026-05-08T18:54:53.529286+00:00,https://www.grays.com/lot/0001-50517984/motor-vehicles-motor-cycles/2012-honda-civic-vti-s-9th-gen-manual-hatchback,9.0,9.0,0,4d 15h 5m14s,111.087,Active,qld,QLD,lot
2026-05-08T18:55:28.621960+00:00,https://www.grays.com/lot/0001-50517985/motor-vehicles-motor-cycles/2012-hyundai-i20-active-pb-manual-hatch,9.0,9.0,1,4d 15h 4m34s,111.076,Active,qld,QLD,lot
2026-05-08T18:56:11.458382+00:00,https://www.grays.com/lot/0001-50517987/motor-vehicles-motor-cycles/2009-kia-rio-lx-jb-manual-hatchback,9.0,9.0,0,4d 15h 3m52s,111.064,Active,qld,QLD,lot
2026-05-08T18:57:05.365191+00:00,https://www.grays.com/lot/0001-50517988/motor-vehicles-motor-cycles/2013-audi-a5-2-0-tfsi-quattro-8t-automatic-hatchback,9.0,9.0,1,4d 15h 2m55s,111.049,Active,qld,QLD,lot
2026-05-08T18:57:56.428706+00:00,https://www.grays.com/lot/0001-50517989/motor-vehicles-motor-cycles/2014-hyundai-i20-active-pb-automatic-hatchback,9.0,9.0,0,4d 15h 2m4s,111.034,Active,qld,QLD,lot
2026-05-08T18:59:13.075184+00:00,https://www.grays.com/lot/0001-50517990/motor-vehicles-motor-cycles/2012-subaru-xv-2-0i-l-g4x-cvt-hatchback,9.0,9.0,0,4d 15h 0m47s,111.013,Active,qld,QLD,lot
2026-05-08T18:59:26.967056+00:00,https://www.grays.com/lot/0001-50517991/motor-vehicles-motor-cycles/2016-hyundai-i30-active-x-gd-ii-turbo-diesel-automatic-hatchback,9.0,9.0,1,4d 15h 0m33s,111.009,Active,qld,QLD,lot
2026-05-08T18:59:49.482462+00:00,https://www.grays.com/lot/0001-50517992/motor-vehicles-motor-cycles/2018-mercedes-benz-c-class-c300-w205-9-auto-sedan,3100.0,3100.0,31,4d 15h 0m13s,111.004,Active,qld,QLD,lot
2026-05-08T19:00:39.737361+00:00,https://www.grays.com/lot/0001-50517993/motor-vehicles-motor-cycles/2014-volkswagen-golf-103tsi-highline-a7-automatic-hatchback,9.0,9.0,1,4d 14h 59m42s,110.995,Active,qld,QLD,lot
2026-05-08T19:01:16.556071+00:00,https://www.grays.com/lot/0001-50517994/motor-vehicles-motor-cycles/2013-mercedes-benz-c250-c-250-cdi-blueefficiency-elegancew204-td-auto-sedan,109.0,109.0,2,4d 14h 58m43s,110.979,Active,qld,QLD,lot
2026-05-08T19:01:48.211899+00:00,https://www.grays.com/lot/0001-50517996/motor-vehicles-motor-cycles/2015-mercedes-benz-cla-class-cla-200-c117-automatic-coupe,109.0,109.0,2,4d 14h 58m13s,110.97,Active,qld,QLD,lot
2026-05-08T19:02:02.546471+00:00,https://www.grays.com/lot/0001-50715612/motor-vehicles-motor-cycles/2011-mitsubishi-express-mwb-sj-manual-van,709.0,709.0,9,2d 14h 27m59s,62.466,Active,qld,QLD,lot
2026-05-08T19:02:27.199067+00:00,https://www.grays.com/lot/0001-50715647/motor-vehicles-motor-cycles/2018-peugeot-expert-lwb-2-0l-180-hdi-turbo-diesel-automatic-van,9.0,9.0,0,4d 14h 57m35s,110.96,Active,qld,QLD,lot
2026-05-08T19:02:54.125667+00:00,https://www.grays.com/lot/0001-50715666/motor-vehicles-motor-cycles/2015-mitsubishi-triton-4x4-glx-mn-turbo-diesel-automatic-dual-cab,309.0,309.0,5,3d 14h 57m6s,86.952,Active,qld,QLD,lot
2026-05-08T19:03:15.852793+00:00,https://www.grays.com/lot/0001-50715667/motor-vehicles-motor-cycles/2017-mercedes-benz-gla-class-gla250-4matic-x156-automatic-wagon,9809.0,9809.0,138,1d 14h 56m44s,38.946,Active,qld,QLD,lot
2026-05-08T19:03:27.872305+00:00,https://www.grays.com/lot/0001-50715672/motor-vehicles-motor-cycles/2019-nissan-xtrail-st-fwd-automatic-wagon,3700.0,3700.0,54,1d 14h 56m33s,38.942,Active,qld,QLD,lot
2026-05-08T19:03:39.499771+00:00,https://www.grays.com/lot/0001-50715673/motor-vehicles-motor-cycles/2018-holden-astra-ls-bl-automatic-sedan,709.0,709.0,12,1d 14h 56m21s,38.939,Active,qld,QLD,lot
2026-05-08T19:04:03.326102+00:00,https://www.grays.com/lot/0001-50715675/motor-vehicles-motor-cycles/2016-subaru-wrx-premium-v1-cvt-sedan,10200.0,10200.0,166,1d 14h 55m57s,38.932,Active,qld,QLD,lot
2026-05-08T19:04:20.435686+00:00,https://www.grays.com/lot/0001-50715676/motor-vehicles-motor-cycles/2006-mercedes-benz-b200-turbo-w245-cvt-hatchback,9.0,9.0,0,3d 14h 55m40s,86.928,Active,qld,QLD,lot
2026-05-08T19:04:49.417890+00:00,https://www.grays.com/lot/0001-50715677/motor-vehicles-motor-cycles/2017-mitsubishi-triton-4x4-gls-mq-turbo-diesel-automatic-dual-cab,109.0,109.0,2,3d 14h 55m11s,86.92,Active,qld,QLD,lot
2026-05-08T19:05:14.664960+00:00,https://www.grays.com/lot/0001-50715679/motor-vehicles-motor-cycles/2012-honda-cr-v-4wd-vti-s-rm-automatic-wagon,9.0,9.0,3,3d 14h 54m45s,86.913,Active,qld,QLD,lot
2026-05-08T19:05:47.243539+00:00,https://www.grays.com/lot/0001-50715680/motor-vehicles-motor-cycles/2012-holden-colorado-4x4-lx-rg-turbo-diesel-manual-dual-cab,309.0,309.0,4,3d 14h 54m14s,86.904,Active,qld,QLD,lot
2026-05-08T19:06:14.887902+00:00,https://www.grays.com/lot/0001-50715681/motor-vehicles-motor-cycles/2016-ford-everest-trend-ua-turbo-diesel-automatic-7-seats-wagon,9.0,9.0,1,3d 14h 53m45s,86.896,Active,qld,QLD,lot
2026-05-08T19:06:29.747866+00:00,https://www.grays.com/lot/0001-50715682/motor-vehicles-motor-cycles/2021-great-wall-cannon-l-4x4-turbo-diesel-automatic-8-speed-dual-cab,1500.0,1500.0,15,3d 14h 53m31s,86.892,Active,qld,QLD,lot
2026-05-08T19:06:53.960415+00:00,https://www.grays.com/lot/0001-50715683/motor-vehicles-motor-cycles/2018-mercedes-benz-cla-class-cla200-shooting-brake-s117-automatic-wagon,8309.0,8309.0,105,3d 13h 53m7s,85.885,Active,qld,QLD,lot
2026-05-08T19:07:31.652213+00:00,https://www.grays.com/lot/0001-50715687/motor-vehicles-motor-cycles/2013-volkswagen-amarok-tdi400-2h-turbo-diesel-manual-dual-cab,4009.0,4009.0,77,2d 14h 57m29s,62.958,Active,qld,QLD,lot
2026-05-08T19:07:43.127191+00:00,https://www.grays.com/lot/0001-50715688/motor-vehicles-motor-cycles/2017-mazda-cx-5-maxx-sport-kf-turbo-diesel-automatic-wagon,209.0,209.0,3,4d 14h 52m16s,110.871,Active,qld,QLD,lot
2026-05-08T19:08:09.167323+00:00,https://www.grays.com/lot/0001-50715690/motor-vehicles-motor-cycles/2021-mitsubishi-express-glx-swb-sn-turbo-diesel-manual-van,509.0,509.0,6,3d 14h 51m51s,86.864,Active,qld,QLD,lot
2026-05-08T19:08:58.706041+00:00,https://www.grays.com/lot/0001-50715691/motor-vehicles-motor-cycles/2012-nissan-murano-ti-z51-cvt-wagon,9.0,9.0,0,4d 14h 51m1s,110.85,Active,qld,QLD,lot
2026-05-08T19:09:27.735804+00:00,https://www.grays.com/lot/0001-50715693/motor-vehicles-motor-cycles/2016-volkswagen-golf-92tsi-a7-automatic-hatchback,609.0,609.0,9,2d 14h 50m35s,62.843,Active,qld,QLD,lot
2026-05-08T19:11:03.798357+00:00,https://www.grays.com/lot/0001-50715695/motor-vehicles-motor-cycles/2016-audi-q7-3-0-tdi-quattro-4m-turbo-diesel-auto-8-speed-7-seats-wagon,3309.0,3309.0,37,2d 14h 48m56s,62.816,Active,qld,QLD,lot
2026-05-08T19:12:02.806041+00:00,https://www.grays.com/lot/0001-50715696/motor-vehicles-motor-cycles/2010-volkswagen-golf-118tsi-comfortline-a6-manual-hatchback,109.0,109.0,2,2d 14h 47m57s,62.799,Active,qld,QLD,lot
2026-05-08T19:12:14.606586+00:00,https://www.grays.com/lot/0001-50715698/motor-vehicles-motor-cycles/2017-land-rover-discovery-sport-td4-150-se-tdl-9-auto-7-seats-wagon,209.0,209.0,4,4d 14h 47m46s,110.796,Active,qld,QLD,lot
2026-05-08T19:12:44.106920+00:00,https://www.grays.com/lot/0001-50715699/motor-vehicles-motor-cycles/2020-isuzu-mu-x-4x4-ls-t-turbo-diesel-automatic-7-seats-wagon,9.0,9.0,0,4d 14h 47m16s,110.788,Active,qld,QLD,lot
2026-05-08T19:12:56.538322+00:00,https://www.grays.com/lot/0001-50715700/motor-vehicles-motor-cycles/2016-mazda-cx-5-maxx-sport-awd-ke-turbo-diesel-automatic-wagon,109.0,109.0,2,4d 14h 47m3s,110.784,Active,qld,QLD,lot
2026-05-08T19:13:26.835913+00:00,https://www.grays.com/lot/0001-50715701/motor-vehicles-motor-cycles/2009-mitsubishi-pajero-exceed-nt-turbo-diesel-automatic-7-seats-wagon,9.0,9.0,0,4d 14h 46m34s,110.776,Active,qld,QLD,lot
2026-05-08T19:13:38.917982+00:00,https://www.grays.com/lot/0001-50715703/motor-vehicles-motor-cycles/2012-audi-q3-2-0-tfsi-quattro-8u-automatic-wagon,9.0,9.0,1,4d 14h 46m21s,110.772,Active,qld,QLD,lot
2026-05-08T19:13:54.824928+00:00,https://www.grays.com/lot/0001-50715704/motor-vehicles-motor-cycles/2012-holden-colorado-4x4-ltz-rg-turbo-diesel-manual-dual-cab,9.0,9.0,0,4d 14h 46m6s,110.768,Active,qld,QLD,lot
2026-05-08T19:14:46.028607+00:00,https://www.grays.com/lot/0001-50715705/motor-vehicles-motor-cycles/2014-subaru-forester-2-0xt-premium-s4-cvt-wagon,9.0,9.0,1,4d 14h 45m13s,110.754,Active,qld,QLD,lot
2026-05-08T19:16:15.923284+00:00,https://www.grays.com/lot/0001-50715706/motor-vehicles-motor-cycles/2015-subaru-forester-2-5i-l-s4-cvt-wagon,9.0,9.0,0,4d 14h 43m44s,110.729,Active,qld,QLD,lot
2026-05-08T19:16:36.028196+00:00,https://www.grays.com/lot/0001-50715707/motor-vehicles-motor-cycles/2016-jeep-grand-cherokee-laredo-wk-automatic-8-speed-wagon,9.0,9.0,1,4d 14h 43m25s,110.724,Active,qld,QLD,lot
2026-05-08T19:17:14.882208+00:00,https://www.grays.com/lot/0001-50715708/motor-vehicles-motor-cycles/2016-kia-sorento-platinum-um-turbo-diesel-automatic-7-seats-wagon,209.0,209.0,3,4d 14h 42m46s,110.713,Active,qld,QLD,lot
2026-05-08T19:17:28.658392+00:00,https://www.grays.com/lot/0001-50715709/motor-vehicles-motor-cycles/2002-nissan-patrol-st-gu-turbo-diesel-manual-7-seats-wagon,509.0,509.0,6,3d 14h 42m31s,86.709,Active,qld,QLD,lot
2026-05-08T19:18:43.415300+00:00,https://www.grays.com/lot/0001-50715714/motor-vehicles-motor-cycles/2022-kia-sportage-s-awd-nq5-turbo-diesel-automatic-8-speed-wagon,19100.0,19100.0,52,2d 14h 41m17s,62.688,Active,qld,QLD,lot
2026-05-08T19:19:20.805750+00:00,https://www.grays.com/lot/0001-50715715/motor-vehicles-motor-cycles/2022-mazda-cx-9-touring-awd-tc-automatic-7-seats-wagon,18000.0,18000.0,23,2d 14h 40m39s,62.677,Active,qld,QLD,lot
2026-05-08T19:19:32.800906+00:00,https://www.grays.com/lot/0001-50715716/motor-vehicles-motor-cycles/2022-mazda-cx-9-touring-awd-tc-automatic-7-seats-wagon,21000.0,21000.0,63,2d 14h 40m28s,62.674,Active,qld,QLD,lot
2026-05-08T19:19:48.409893+00:00,https://www.grays.com/lot/0001-50715718/motor-vehicles-motor-cycles/2012-nissan-navara-4x4-st-d40-turbo-diesel-automatic-dual-cab,9.0,9.0,0,4d 14h 40m14s,110.671,Active,qld,QLD,lot
2026-05-08T19:20:13.789370+00:00,https://www.grays.com/lot/0001-50715719/motor-vehicles-motor-cycles/2011-nissan-navara-st-4x4-d40-turbo-diesel-automatic-dual-cab,109.0,109.0,2,4d 14h 39m46s,110.663,Active,qld,QLD,lot
2026-05-08T19:20:24.727219+00:00,https://www.grays.com/lot/0001-50715720/motor-vehicles-motor-cycles/2013-holden-colorado-4x4-lx-rg-turbo-diesel-manual-dual-cab,9.0,9.0,1,4d 14h 39m36s,110.66,Active,qld,QLD,lot
2026-05-08T19:20:35.423890+00:00,https://www.grays.com/lot/0001-50715721/motor-vehicles-motor-cycles/2015-jeep-cherokee-limited-4x4-kl-automatic-wagon,9.0,9.0,1,4d 14h 39m25s,110.657,Active,qld,QLD,lot
2026-05-08T19:20:46.388497+00:00,https://www.grays.com/lot/0001-50715722/motor-vehicles-motor-cycles/2015-jeep-grand-cherokee-laredo-wk-automatic-8-speed-wagon,9.0,9.0,0,4d 14h 39m14s,110.654,Active,qld,QLD,lot
2026-05-08T19:21:03.044825+00:00,https://www.grays.com/lot/0001-50715723/motor-vehicles-motor-cycles/2017-land-rover-discovery-sport-td4-150-se-turbo-diesel-auto-7-seats-wagon,309.0,309.0,4,4d 14h 38m57s,110.649,Active,qld,QLD,lot
2026-05-08T19:21:24.692322+00:00,https://www.grays.com/lot/0001-50715724/motor-vehicles-motor-cycles/2018-hyundai-tucson-highlander-awd-tl-automatic-wagon,209.0,209.0,3,4d 14h 38m35s,110.643,Active,qld,QLD,lot
2026-05-08T19:21:36.349460+00:00,https://www.grays.com/lot/0001-50715725/motor-vehicles-motor-cycles/2018-volkswagen-amarok-tdi550-sportline-2h-td-auto-8-speed-dual-cab,9.0,9.0,0,4d 14h 38m25s,110.64,Active,qld,QLD,lot
2026-05-08T19:21:49.066564+00:00,https://www.grays.com/lot/0001-50715727/motor-vehicles-motor-cycles/2014-holden-trax-ls-tj-automatic-wagon,9.0,9.0,0,4d 14h 38m10s,110.636,Active,qld,QLD,lot
2026-05-08T19:22:01.660555+00:00,https://www.grays.com/lot/0001-50715728/motor-vehicles-motor-cycles/2018-holden-equinox-ls-2wd-eq-automatic-wagon,9.0,9.0,1,4d 14h 37m58s,110.633,Active,qld,QLD,lot
2026-05-08T19:22:14.854492+00:00,https://www.grays.com/lot/0001-50715729/motor-vehicles-motor-cycles/2010-nissan-navara-st-x-4x4-double-cab-d40-turbo-diesel-manual-dual-cab,9.0,9.0,0,4d 14h 37m46s,110.629,Active,qld,QLD,lot
2026-05-08T19:22:27.170940+00:00,https://www.grays.com/lot/0001-50715730/motor-vehicles-motor-cycles/2015-mazda-cx-5-maxx-sport-ke-turbo-diesel-automatic-wagon,109.0,109.0,2,4d 14h 37m32s,110.626,Active,qld,QLD,lot
2026-05-08T19:22:54.345258+00:00,https://www.grays.com/lot/0001-50715732/motor-vehicles-motor-cycles/2009-volkswagen-touareg-3-0-v6-tdi-7l-turbo-diesel-automatic-wagon,9.0,9.0,0,4d 14h 37m7s,110.619,Active,qld,QLD,lot
2026-05-08T19:23:06.529627+00:00,https://www.grays.com/lot/0001-50715736/motor-vehicles-motor-cycles/2010-porsche-cayenne-diesel-92a-turbo-diesel-automatic-8-speed-wagon,209.0,209.0,3,4d 14h 36m55s,110.615,Active,qld,QLD,lot
2026-05-08T19:23:45.011094+00:00,https://www.grays.com/lot/0001-50715737/motor-vehicles-motor-cycles/2018-toyota-hilux-4x4-sr-gun126r-turbo-diesel-manual-cab-chassis,4100.0,4100.0,23,4d 14h 36m17s,110.605,Active,qld,QLD,lot
2026-05-08T19:24:03.504818+00:00,https://www.grays.com/lot/0001-50715738/motor-vehicles-motor-cycles/2016-mitsubishi-triton-4x4-glx-l-e-mq-turbo-diesel-automatic-dual-cab,500.0,500.0,2,3d 14h 5m58s,86.099,Active,qld,QLD,lot
2026-05-08T19:24:17.383126+00:00,https://www.grays.com/lot/0001-50715739/motor-vehicles-motor-cycles/2010-jeep-cherokee-limited-kk-automatic-wagon,9.0,9.0,1,4d 14h 35m44s,110.596,Active,qld,QLD,lot
2026-05-08T19:24:48.301542+00:00,https://www.grays.com/lot/0001-50715740/motor-vehicles-motor-cycles/2009-mitsubishi-pajero-gl-nt-turbo-diesel-manual-wagon,9.0,9.0,0,4d 14h 35m12s,110.587,Active,qld,QLD,lot
2026-05-08T19:25:34.838500+00:00,https://www.grays.com/lot/0001-50715741/motor-vehicles-motor-cycles/2012-land-rover-discovery-4-3-0-sdv6-hse-series-4-td-auto-7-seats-wagon,209.0,209.0,3,4d 14h 34m28s,110.574,Active,qld,QLD,lot
2026-05-08T19:25:51.574439+00:00,https://www.grays.com/lot/0001-50715742/motor-vehicles-motor-cycles/2018-jaguar-e-pace-d240-awd-se-x540-turbo-diesel-automatic-wagon,509.0,509.0,6,4d 14h 34m9s,110.569,Active,qld,QLD,lot
2026-05-08T19:26:32.969697+00:00,https://www.grays.com/lot/0001-50715743/motor-vehicles-motor-cycles/2015-nissan-juke-st-fwd-f15-ii-manual-hatch,9.0,9.0,1,4d 14h 33m27s,110.557,Active,qld,QLD,lot
2026-05-08T19:26:45.900275+00:00,https://www.grays.com/lot/0001-50715744/motor-vehicles-motor-cycles/2017-land-rover-range-rover-evoque-td4-180-se-turbo-diesel-9-auto-wagon,109.0,109.0,2,4d 14h 33m15s,110.554,Active,qld,QLD,lot
2026-05-08T19:27:01.770244+00:00,https://www.grays.com/lot/0001-50715753/motor-vehicles-motor-cycles/2002-nissan-navara-4x4-dx-d22-turbo-diesel-manual-dual-cab-ute,9.0,9.0,0,4d 14h 33m0s,110.55,Active,qld,QLD,lot
2026-05-08T19:27:14.309900+00:00,https://www.grays.com/lot/0001-50715754/motor-vehicles-motor-cycles/2016-land-rover-range-rover-evoque-td4-150-se-lv-turbo-diesel-auto-wagon,9.0,9.0,1,4d 14h 32m47s,110.546,Active,qld,QLD,lot
2026-05-08T19:27:40.656521+00:00,https://www.grays.com/lot/0001-50715756/motor-vehicles-motor-cycles/2014-jeep-cherokee-limited-4x4-kl-automatic-wagon,9.0,9.0,1,4d 14h 32m18s,110.538,Active,qld,QLD,lot
2026-05-08T19:28:01.590904+00:00,https://www.grays.com/lot/0001-60050665/motor-vehicles-motor-cycles/2013-fiat-500-lounge-automatic-hatchback,809.0,809.0,16,2d 14h 31m58s,62.533,Active,sa,SA,lot
2026-05-08T19:28:12.327621+00:00,https://www.grays.com/lot/0001-60050728/motor-vehicles-motor-cycles/2011-mitsubishi-triton-4x4-glx-r-mn-turbo-diesel-automatic-pick-up,2509.0,2509.0,46,2d 14h 31m48s,62.53,Active,sa,SA,lot
2026-05-08T19:28:36.013125+00:00,https://www.grays.com/lot/0001-60050730/motor-vehicles-motor-cycles/2017-toyota-camry-altise-asv50r-automatic-sedan,109.0,109.0,2,4d 14h 31m23s,110.523,Active,sa,SA,lot
2026-05-08T19:28:49.435733+00:00,https://www.grays.com/lot/0001-60050731/motor-vehicles-motor-cycles/2010-toyota-rav-4-cv-2wd-aca38r-manual-wagon,9.0,9.0,0,4d 14h 31m10s,110.519,Active,sa,SA,lot
2026-05-08T19:29:00.612350+00:00,https://www.grays.com/lot/0001-60050732/motor-vehicles-motor-cycles/2019-isuzu-d-max-4x4-sx-turbo-diesel-manual-cab-chassis,7400.0,7400.0,64,2d 14h 31m0s,62.517,Active,sa,SA,lot
2026-05-08T19:29:11.469241+00:00,https://www.grays.com/lot/0001-60050734/motor-vehicles-motor-cycles/2013-subaru-forester-2-5i-s4-cvt-wagon,2009.0,2009.0,36,1d 14h 30m48s,38.513,Active,sa,SA,lot
2026-05-08T19:29:21.608961+00:00,https://www.grays.com/lot/0001-60050735/motor-vehicles-motor-cycles/2013-renault-koleos-dynamique-cvt-wagon,109.0,109.0,2,2d 14h 30m38s,62.511,Active,sa,SA,lot
2026-05-08T19:29:31.731207+00:00,https://www.grays.com/lot/0001-60050737/motor-vehicles-motor-cycles/2007-mitsubishi-outlander-ls-5-seat-zg-cvt-wagon,509.0,509.0,6,2d 14h 35m29s,62.591,Active,sa,SA,lot
2026-05-08T19:29:48.666235+00:00,https://www.grays.com/lot/0001-60050739/motor-vehicles-motor-cycles/2007-toyota-landcruiser-prado-grande-diesel-kdj120r-t-d-auto-wagon,13300.0,13300.0,0,4d 14h 30m12s,110.503,Active,sa,SA,lot
2026-05-08T19:29:59.345081+00:00,https://www.grays.com/lot/0001-60050740/motor-vehicles-motor-cycles/2011-mercedes-benz-m-class-ml-300-cdi-blue-efficiency-w164-turbo-diesel,1109.0,1109.0,19,2d 14h 30m1s,62.5,Active,sa,SA,lot
2026-05-08T19:30:11.089259+00:00,https://www.grays.com/lot/0001-60050742/motor-vehicles-motor-cycles/2016-nissan-pulsar-st-b17-cvt-sedan,1500.0,1500.0,26,2d 14h 29m50s,62.497,Active,sa,SA,lot
2026-05-08T19:30:21.245936+00:00,https://www.grays.com/lot/0001-60050744/motor-vehicles-motor-cycles/2016-subaru-outback-2-5i-b6a-cvt-wagon,6300.0,6300.0,95,2d 14h 29m40s,62.494,Active,sa,SA,lot
2026-05-08T19:30:31.265768+00:00,https://www.grays.com/lot/0001-60050745/motor-vehicles-motor-cycles/2017-land-rover-discovery-sport-td4-180-hse-turbo-diesel-9-auto-wagon,3699.0,3699.0,61,2d 14h 29m29s,62.491,Active,sa,SA,lot
2026-05-08T19:30:41.807214+00:00,https://www.grays.com/lot/0001-60050746/motor-vehicles-motor-cycles/2015-subaru-outback-3-6r-premium-b6a-cvt-wagon,6200.0,6200.0,39,2d 14h 29m18s,62.488,Active,sa,SA,lot
2026-05-08T19:30:51.956190+00:00,https://www.grays.com/lot/0001-60050747/motor-vehicles-motor-cycles/2011-bmw-x1-xdrive-20d-e84-turbo-diesel-automatic-wagon,2509.0,2509.0,48,2d 14h 29m8s,62.486,Active,sa,SA,lot
2026-05-08T19:31:02.214066+00:00,https://www.grays.com/lot/0001-60050748/motor-vehicles-motor-cycles/2010-holden-commodore-omega-ve-automatic-sedan,409.0,409.0,7,2d 14h 28m58s,62.483,Active,sa,SA,lot
2026-05-08T19:31:13.353205+00:00,https://www.grays.com/lot/0001-60050749/motor-vehicles-motor-cycles/2010-land-rover-range-rover-sport-3-6-tdv8-luxury-turbo-diesel,3700.0,3700.0,48,2d 14h 28m48s,62.48,Active,sa,SA,lot
2026-05-08T19:31:24.019114+00:00,https://www.grays.com/lot/0001-60050750/motor-vehicles-motor-cycles/2012-nissan-navara-4x4-st-x550-d40-turbo-diesel-automatic-dual-cab,4000.0,4000.0,33,2d 14h 28m36s,62.477,Active,sa,SA,lot
2026-05-08T19:31:34.387519+00:00,https://www.grays.com/lot/0001-60050751/motor-vehicles-motor-cycles/2020-mazda-cx-5-akera-kf-automatic-wagon,10200.0,10200.0,63,3d 14h 28m27s,86.474,Active,sa,SA,lot
2026-05-08T19:31:51.901011+00:00,https://www.grays.com/lot/0001-60050753/motor-vehicles-motor-cycles/2014-toyota-landcruiser-prado-gxl-4x4-kdj150r-turbo-diesel,5100.0,5100.0,8,3d 14h 28m8s,86.469,Active,sa,SA,lot
2026-05-08T19:32:01.811747+00:00,https://www.grays.com/lot/0001-60050754/motor-vehicles-motor-cycles/2017-toyota-hilux-4x2-workmate-tgn121r-manual-cab-chassis,6600.0,6600.0,40,3d 14h 27m59s,86.466,Active,sa,SA,lot
2026-05-08T19:32:12.895742+00:00,https://www.grays.com/lot/0001-60050755/motor-vehicles-motor-cycles/1989-subaru-leone-royal-automatic-sedan,9.0,9.0,1,3d 14h 27m47s,86.463,Active,sa,SA,lot
2026-05-08T19:32:23.544601+00:00,https://www.grays.com/lot/0001-60050756/motor-vehicles-motor-cycles/2011-toyota-corolla-ascent-zre152r-automatic-hatchback,9.0,9.0,1,4d 14h 27m37s,110.46,Active,sa,SA,lot
2026-05-08T19:32:33.804958+00:00,https://www.grays.com/lot/0001-60050757/motor-vehicles-motor-cycles/2010-subaru-liberty-2-5i-premium-b5-cvt-sedan,9.0,9.0,0,4d 14h 27m26s,110.457,Active,sa,SA,lot
2026-05-08T19:32:44.701749+00:00,https://www.grays.com/lot/0001-60050758/motor-vehicles-motor-cycles/2017-toyota-hilux-4x2-workmate-tgn121r-manual-cab-chassis,12901.0,12901.0,57,3d 14h 27m16s,86.454,Active,sa,SA,lot
2026-05-08T19:32:54.407591+00:00,https://www.grays.com/lot/0001-60050759/motor-vehicles-motor-cycles/2012-audi-a4-1-8-tfsi-b8-cvt-sedan,9.0,9.0,0,3d 14h 27m6s,86.452,Active,sa,SA,lot
2026-05-08T19:33:05.879605+00:00,https://www.grays.com/lot/0001-60050760/motor-vehicles-motor-cycles/2021-mazda-cx-8-touring-diesel-awd-kg-turbo-diesel-automatic-7-seats-wagon,109.0,109.0,2,4d 14h 26m54s,110.448,Active,sa,SA,lot
2026-05-08T19:33:16.125272+00:00,https://www.grays.com/lot/0001-60050762/motor-vehicles-motor-cycles/2016-mercedes-benz-gls-class-gls350d-x166-turbo-diesel-9-auto-7-seats-wagon,5600.0,5600.0,14,4d 14h 26m44s,110.446,Active,sa,SA,lot
2026-05-08T19:33:27.077513+00:00,https://www.grays.com/lot/0001-60050763/motor-vehicles-motor-cycles/2004-mercedes-benz-c-class-c-320-avantgarde-w203-automatic-sedan,9.0,9.0,1,4d 14h 26m34s,110.443,Active,sa,SA,lot
2026-05-08T19:33:47.118427+00:00,https://www.grays.com/lot/0001-60050764/motor-vehicles-motor-cycles/2014-subaru-wrx-premium-v1-cvt-sedan,10200.0,10200.0,11,4d 14h 26m13s,110.437,Active,sa,SA,lot
2026-05-08T19:34:01.582457+00:00,https://www.grays.com/lot/0001-60050766/motor-vehicles-motor-cycles/2016-toyota-rav-4-fwd-gx-zsa42r-cvt-wagon,9.0,9.0,1,4d 14h 25m58s,110.433,Active,sa,SA,lot
2026-05-08T19:34:19.301033+00:00,https://www.grays.com/lot/0001-9068512/motor-vehicles-motor-cycles/2004-hsv-maloo-r8-vy-series-ii-manual-ute,16600.0,16600.0,127,3d 15h 55m41s,87.928,Active,wa,WA,lot
2026-05-08T19:34:30.772196+00:00,https://www.grays.com/lot/0001-9068514/motor-vehicles-motor-cycles/2015-holden-cruze-automatic-sedan,500.0,500.0,5,3d 15h 55m29s,87.925,Active,wa,WA,lot
2026-05-08T19:34:43.048459+00:00,https://www.grays.com/lot/0001-9068516/motor-vehicles-motor-cycles/2010-bmw-528i-automatic-sedan,900.0,900.0,14,3d 15h 55m18s,87.922,Active,wa,WA,lot
2026-05-08T19:34:56.739788+00:00,https://www.grays.com/lot/0001-9068523/motor-vehicles-motor-cycles/2008-audi-q7-3-0-tdi-quattro-turbo-diesel-automatic-7-seats-wagon,1109.0,1109.0,15,3d 15h 55m3s,87.918,Active,wa,WA,lot
2026-05-08T19:35:22.985811+00:00,https://www.grays.com/lot/0001-9068524/motor-vehicles-motor-cycles/2012-ford-ranger-wildtrak-4x4-px-turbo-diesel-manual-dual-cab,5600.0,5600.0,57,3d 15h 54m37s,87.91,Active,wa,WA,lot
2026-05-08T19:35:34.407484+00:00,https://www.grays.com/lot/0001-9068525/motor-vehicles-motor-cycles/2009-subaru-impreza-wrx-g3-manual-sedan,5800.0,5800.0,67,3d 15h 54m26s,87.907,Active,wa,WA,lot
2026-05-08T19:35:53.502531+00:00,https://www.grays.com/lot/0001-9068526/motor-vehicles-motor-cycles/2018-land-rover-discovery-sport-td4-hse-110kw-l550-t-d-auto-wagon,4009.0,4009.0,74,3d 15h 54m7s,87.902,Active,wa,WA,lot
2026-05-08T19:36:09.540112+00:00,https://www.grays.com/lot/0001-9068529/motor-vehicles-motor-cycles/2011-holden-cruze-cdx-jh-automatic-sedan,200.0,200.0,2,3d 15h 53m51s,87.898,Active,wa,WA,lot
2026-05-08T19:36:20.966023+00:00,https://www.grays.com/lot/0001-9068530/motor-vehicles-motor-cycles/2003-nissan-x-trail-ti-t30-automatic-wagon,9.0,9.0,1,3d 15h 53m40s,87.894,Active,wa,WA,lot
2026-05-08T19:36:43.972858+00:00,https://www.grays.com/lot/0001-9068531/motor-vehicles-motor-cycles/2008-mercedes-benz-m-class-ml320cdi-w164-turbo-diesel-automatic-wagon,1400.0,1400.0,21,3d 15h 53m16s,87.888,Active,wa,WA,lot
2026-05-08T19:36:55.629038+00:00,https://www.grays.com/lot/0001-9068532/motor-vehicles-motor-cycles/2013-nissan-altima-ti-s-l33-cvt-sedan,601.0,601.0,9,3d 15h 53m4s,87.884,Active,wa,WA,lot
2026-05-08T19:37:23.186118+00:00,https://www.grays.com/lot/0001-9068537/motor-vehicles-motor-cycles/2015-mitsubishi-triton-4x4-glx-mn-turbo-diesel-manual-pick-up,2109.0,2109.0,26,3d 15h 52m37s,87.877,Active,wa,WA,lot
2026-05-08T19:37:42.270406+00:00,https://www.grays.com/lot/0001-9068538/motor-vehicles-motor-cycles/2012-mazda-cx-5-grand-touring-awd-ke-turbo-diesel-automatic-wagon,1209.0,1209.0,21,3d 15h 52m18s,87.872,Active,wa,WA,lot
2026-05-08T19:38:56.122370+00:00,https://www.grays.com/lot/0001-9068539/motor-vehicles-motor-cycles/2006-nissan-navara-4x4-st-x-d40-turbo-diesel-manual-pick-up,1600.0,1600.0,16,3d 14h 21m5s,86.351,Active,wa,WA,lot
2026-05-08T19:39:18.341153+00:00,https://www.grays.com/lot/0001-9068541/motor-vehicles-motor-cycles/2011-volkswagen-caddy-tsi160-2kn-manual-van,900.0,900.0,14,3d 15h 50m41s,87.845,Active,wa,WA,lot
2026-05-08T19:40:41.008224+00:00,https://www.grays.com/lot/0001-9068542/motor-vehicles-motor-cycles/2007-peugeot-307-xse-hdi-turbo-diesel-manual-hatch,500.0,500.0,7,3d 15h 49m19s,87.822,Active,wa,WA,lot
2026-05-08T19:41:08.792029+00:00,https://www.grays.com/lot/0001-9068543/motor-vehicles-motor-cycles/2015-mitsubishi-mirage-ls-la-cvt-hatch,1109.0,1109.0,18,3d 15h 48m51s,87.814,Active,wa,WA,lot
2026-05-08T19:41:49.702950+00:00,https://www.grays.com/lot/0001-9068544/motor-vehicles-motor-cycles/2012-toyota-landcruiser-gx-vdj200r-turbo-diesel-automatic-wagon,10500.0,10500.0,144,3d 15h 48m10s,87.803,Active,wa,WA,lot
2026-05-08T19:43:43.952998+00:00,https://www.grays.com/lot/0001-9068545/motor-vehicles-motor-cycles/2015-nissan-navara-4x4-rx-np300-turbo-diesel-automatic-pick-up,3800.0,3800.0,48,3d 15h 46m16s,87.771,Active,wa,WA,lot
2026-05-08T19:44:28.581657+00:00,https://www.grays.com/lot/0001-9068547/motor-vehicles-motor-cycles/2011-volkswagen-golf-77tsi-a6-automatic-hatch,1101.0,1101.0,18,3d 15h 45m35s,87.76,Active,wa,WA,lot
2026-05-08T19:44:41.275803+00:00,https://www.grays.com/lot/0001-9068549/motor-vehicles-motor-cycles/2018-volkswagen-arteon-206tsi-r-line-automatic-sedan,10600.0,10600.0,110,3d 15h 45m19s,87.755,Active,wa,WA,lot
2026-05-08T19:44:59.530921+00:00,https://www.grays.com/lot/0001-9068550/motor-vehicles-motor-cycles/2012-holden-colorado-4x4-ls-rg-turbo-diesel-automatic-pick-up,2109.0,2109.0,39,3d 15h 45m0s,87.75,Active,wa,WA,lot
2026-05-08T19:53:55.735995+00:00,https://www.grays.com/lot/0001-9068554/motor-vehicles-motor-cycles/2009-renault-megane-dynamique-phase-ii-automatic-convertible,9.0,9.0,0,3d 15h 36m4s,87.601,Active,wa,WA,lot
2026-05-08T19:54:27.166397+00:00,https://www.grays.com/lot/0001-9068555/motor-vehicles-motor-cycles/2012-mazda-cx-9-luxury-fwd-automatic-7-seats-wagon,1212.0,1212.0,20,3d 15h 35m33s,87.593,Active,wa,WA,lot
2026-05-08T19:55:02.075383+00:00,https://www.grays.com/lot/0001-9068556/motor-vehicles-motor-cycles/2010-jeep-wrangler-unlimited-sport-jk-manual-wagon,809.0,809.0,9,3d 15h 34m57s,87.582,Active,wa,WA,lot
2026-05-08T19:55:44.006437+00:00,https://www.grays.com/lot/0001-9068558/motor-vehicles-motor-cycles/2011-mitsubishi-outlander-ls-5-seat-2wd-zh-cvt-wagon,309.0,309.0,4,3d 15h 34m16s,87.571,Active,wa,WA,lot
2026-05-08T19:56:13.324283+00:00,https://www.grays.com/lot/0001-9068561/motor-vehicles-motor-cycles/2016-renault-trafic-swb-l1h1-dci-90-turbo-diesel-manual-van,209.0,209.0,3,4d 15h 33m47s,111.563,Active,wa,WA,lot
2026-05-08T19:56:49.632392+00:00,https://www.grays.com/lot/0001-9068562/motor-vehicles-motor-cycles/2002-toyota-landcruiser-6-seat-troopcarrier-hzj78r-manual-wagon,1100.0,1100.0,13,4d 15h 33m9s,111.552,Active,wa,WA,lot
2026-05-08T19:57:29.443175+00:00,https://www.grays.com/lot/0001-9068565/motor-vehicles-motor-cycles/2010-toyota-hilux-4x2-workmate-tgn16r-manual-cab-chassis,3202.0,3202.0,45,4d 15h 32m30s,111.542,Active,wa,WA,lot
2026-05-08T19:57:50.386599+00:00,https://www.grays.com/lot/0001-9068567/motor-vehicles-motor-cycles/2007-mazda-3-automatic-sedan,709.0,709.0,11,3d 14h 2m10s,86.036,Active,wa,WA,lot
2026-05-08T19:58:17.188364+00:00,https://www.grays.com/lot/0001-9068568/motor-vehicles-motor-cycles/2009-jeep-wrangler-unlimited-sport-jk-turbo-diesel-automatic-wagon,909.0,909.0,17,4d 15h 31m42s,111.528,Active,wa,WA,lot
2026-05-08T19:58:30.883613+00:00,https://www.grays.com/lot/0001-9068572/motor-vehicles-motor-cycles/2016-jaguar-f-pace-20d-prestige-turbo-diesel-automatic-8-speed-wagon,209.0,209.0,4,4d 15h 31m29s,111.525,Active,wa,WA,lot
2026-05-08T19:58:53.952179+00:00,https://www.grays.com/lot/0001-9068573/motor-vehicles-motor-cycles/2019-holden-trailblazer-lt-rg-turbo-diesel-automatic-7-seats-wagon,409.0,409.0,5,4d 15h 31m6s,111.518,Active,wa,WA,lot
2026-05-08T19:59:09.038730+00:00,https://www.grays.com/lot/0001-9068574/motor-vehicles-motor-cycles/2013-nissan-patrol-st-gu-turbo-diesel-manual-7-seats-wagon,2509.0,2509.0,38,4d 15h 30m50s,111.514,Active,wa,WA,lot
2026-05-08T19:59:30.996411+00:00,https://www.grays.com/lot/0001-9068576/motor-vehicles-motor-cycles/2010-ford-mondeo-lx-mb-automatic-wagon,100.0,100.0,1,4d 15h 30m28s,111.508,Active,wa,WA,lot
2026-05-08T19:59:56.517643+00:00,https://www.grays.com/lot/0001-9068577/motor-vehicles-motor-cycles/2010-volkswagen-polo-66tdi-comfortline-6r-turbo-diesel-manual-hatch,209.0,209.0,3,4d 15h 30m3s,111.501,Active,wa,WA,lot
2026-05-08T20:00:12.218353+00:00,https://www.grays.com/lot/0001-9068578/motor-vehicles-motor-cycles/2005-mercedes-benz-m-class-ml-320-cdi-w164-turbo-diesel-automatic-wagon,300.0,300.0,4,4d 15h 29m49s,111.497,Active,wa,WA,lot
2026-05-08T20:00:36.749279+00:00,https://www.grays.com/lot/0001-9068579/motor-vehicles-motor-cycles/2011-toyota-landcruiser-workmate-vdj79r-turbo-diesel-manual-cab-chassis,4009.0,4009.0,8,4d 15h 29m22s,111.489,Active,wa,WA,lot
2026-05-08T20:01:05.849721+00:00,https://www.grays.com/lot/0001-9068581/motor-vehicles-motor-cycles/2008-toyota-hilux-sr-4x4-kun26r-turbo-diesel-manual-crew-cab-chassis,609.0,609.0,4,4d 15h 28m54s,111.482,Active,wa,WA,lot
2026-05-08T20:01:26.320355+00:00,https://www.grays.com/lot/0001-9068583/motor-vehicles-motor-cycles/2014-mercedes-benz-c-class-c-250-w205-automatic-sedan,7600.0,7600.0,85,4d 15h 28m32s,111.476,Active,wa,WA,lot
2026-05-08T20:01:49.668930+00:00,https://www.grays.com/lot/0001-9068584/motor-vehicles-motor-cycles/2011-toyota-hilux-4x4-sr-kun26r-turbo-diesel-automatic-cab-chassis,2034.0,2034.0,30,4d 15h 28m10s,111.469,Active,wa,WA,lot
2026-05-08T20:02:13.397726+00:00,https://www.grays.com/lot/0001-9068585/motor-vehicles-motor-cycles/2007-subaru-liberty-2-5i-heritage-b4-automatic-sedan,9.0,9.0,0,4d 15h 27m47s,111.463,Active,wa,WA,lot
2026-05-08T20:02:40.243874+00:00,https://www.grays.com/lot/0001-9068586/motor-vehicles-motor-cycles/2013-volkswagen-passat-118-tsi-3c-automatic-sedan,209.0,209.0,4,4d 15h 27m21s,111.456,Active,wa,WA,lot
2026-05-08T20:03:07.388982+00:00,https://www.grays.com/lot/0001-9068587/motor-vehicles-motor-cycles/2012-subaru-xv-2-0i-l-g4x-cvt-hatch,9.0,9.0,1,4d 15h 26m52s,111.448,Active,wa,WA,lot
2026-05-08T20:03:49.060207+00:00,https://www.grays.com/lot/0001-9068588/motor-vehicles-motor-cycles/2003-hyundai-elantra-gl-xd-automatic-sedan,9.0,9.0,0,4d 15h 26m10s,111.436,Active,wa,WA,lot
2026-05-08T20:03:59.193910+00:00,https://www.grays.com/lot/0001-9068589/motor-vehicles-motor-cycles/2014-ford-mondeo-lx-mc-turbo-diesel-automatic-wagon,100.0,100.0,1,4d 15h 26m1s,111.434,Active,wa,WA,lot
2026-05-08T20:04:09.568164+00:00,https://www.grays.com/lot/0002-23500016/motor-vehicles-motor-cycles/2007-honda-civic-vti-petrol-rwc-issued-21-04-2026,2600.0,2600.0,49,1d 13h 55m51s,37.931,Active,melbourne,MELBOURNE,lot
2026-05-08T20:04:17.470263+00:00,https://www.grays.com/lot/0002-23500019/motor-vehicles-motor-cycles/2014-mazda-cx-5-grand-touring-diesel,1201.0,1201.0,16,1d 13h 55m42s,37.928,Active,melbourne,MELBOURNE,lot
2026-05-08T20:04:27.339176+00:00,https://www.grays.com/lot/0002-23500021/motor-vehicles-motor-cycles/1992-holden-commodore-ss-vp-petrol,10600.0,10600.0,117,3d 13h 55m32s,85.926,Active,melbourne,MELBOURNE,lot
2026-05-08T20:04:35.486784+00:00,https://www.grays.com/lot/0002-23500023/motor-vehicles-motor-cycles/2018-audi-sq5-1st-edition-petrol,25300.0,25300.0,139,2d 13h 55m25s,61.924,Active,melbourne,MELBOURNE,lot
2026-05-08T20:04:44.557188+00:00,https://www.grays.com/lot/0002-23500025/motor-vehicles-motor-cycles/2015-jeep-grand-cherokee-overland-diesel,8000.0,8000.0,0,3d 13h 55m15s,85.921,Active,melbourne,MELBOURNE,lot
2026-05-08T20:04:53.855555+00:00,https://www.grays.com/lot/0002-23500026/motor-vehicles-motor-cycles/2024-mg-zs-excite-petrol-auto,5300.0,5300.0,8,3d 13h 55m6s,85.918,Active,melbourne,MELBOURNE,lot
2026-05-08T20:05:08.718561+00:00,https://www.grays.com/lot/0002-23500027/motor-vehicles-motor-cycles/2012-holden-captiva-diesel,9.0,9.0,0,3d 13h 54m51s,85.914,Active,melbourne,MELBOURNE,lot
2026-05-08T20:05:17.241641+00:00,https://www.grays.com/lot/0002-23500028/motor-vehicles-motor-cycles/2008-volkswagen-golf-r32-petrol,9000.0,9000.0,10,4d 13h 54m42s,109.912,Active,melbourne,MELBOURNE,lot
2026-05-08T20:05:34.637033+00:00,https://www.grays.com/lot/0002-23500029/motor-vehicles-motor-cycles/2011-volvo-v60-t5-ocean-race-auto-fwd-wagon,1809.0,1809.0,16,4d 13h 54m27s,109.907,Active,melbourne,MELBOURNE,lot
2026-05-08T20:06:08.054064+00:00,https://www.grays.com/lot/0002-23500030/motor-vehicles-motor-cycles/2018-toyota-corolla-ascent-petrol-auto-ex-lease,1600.0,1600.0,9,2d 13h 53m51s,61.898,Active,melbourne,MELBOURNE,lot
2026-05-08T20:06:19.253210+00:00,https://www.grays.com/lot/0003-23500016/motor-vehicles-motor-cycles/2010-honda-odyssey-petrol,309.0,309.0,6,1d 13h 53m41s,37.895,Active,melbourne,MELBOURNE,lot
2026-05-08T20:06:27.688752+00:00,https://www.grays.com/lot/0003-23500019/motor-vehicles-motor-cycles/2014-renault-clio-expression-petrol,7500.0,7500.0,0,1d 13h 53m33s,37.892,Active,melbourne,MELBOURNE,lot
2026-05-08T20:06:36.325136+00:00,https://www.grays.com/lot/0003-23500025/motor-vehicles-motor-cycles/2009-mazda-3-neo-petrol,309.0,309.0,5,3d 13h 53m23s,85.89,Active,melbourne,MELBOURNE,lot
2026-05-08T20:06:46.024074+00:00,https://www.grays.com/lot/0003-23500026/motor-vehicles-motor-cycles/2014-ford-territory-ts-petrol-auto-7-seats,2409.0,2409.0,43,3d 13h 53m13s,85.887,Active,melbourne,MELBOURNE,lot
2026-05-08T20:06:54.212638+00:00,https://www.grays.com/lot/0003-23500027/motor-vehicles-motor-cycles/2005-mitsubishi-380-petrol,9.0,9.0,2,3d 13h 53m5s,85.885,Active,melbourne,MELBOURNE,lot
2026-05-08T20:07:02.492272+00:00,https://www.grays.com/lot/0003-23500028/motor-vehicles-motor-cycles/2015-hyundai-elantra-se-petrol,9.0,9.0,1,4d 13h 52m58s,109.883,Active,melbourne,MELBOURNE,lot
2026-05-08T20:07:31.301485+00:00,https://www.grays.com/lot/0003-23500029/motor-vehicles-motor-cycles/2017-nissan-x-trail-st-l-t32-awd-suv,209.0,209.0,3,4d 13h 52m29s,109.875,Active,melbourne,MELBOURNE,lot
2026-05-08T20:07:41.056501+00:00,https://www.grays.com/lot/0003-23500030/motor-vehicles-motor-cycles/2018-toyota-corolla-ascent-petrol-auto-ex-lease,2100.0,2100.0,30,2d 13h 52m19s,61.872,Active,melbourne,MELBOURNE,lot
2026-05-08T20:07:50.812260+00:00,https://www.grays.com/lot/0004-23500016/motor-vehicles-motor-cycles/2015-ford-kuga-trend-diesel,109.0,109.0,2,1d 13h 52m9s,37.869,Active,melbourne,MELBOURNE,lot
2026-05-08T20:08:01.104510+00:00,https://www.grays.com/lot/0004-23500019/motor-vehicles-motor-cycles/2010-ford-falcon-g6et-fg-rwd-petrol,17000.0,17000.0,152,1d 13h 51m59s,37.866,Active,melbourne,MELBOURNE,lot
2026-05-08T20:08:12.906822+00:00,https://www.grays.com/lot/0004-23500022/motor-vehicles-motor-cycles/2003-ford-falcon-xr6-turbo-petrol,5000.0,5000.0,39,3d 13h 51m48s,85.863,Active,melbourne,MELBOURNE,lot
2026-05-08T20:08:23.272275+00:00,https://www.grays.com/lot/0004-23500023/motor-vehicles-motor-cycles/2005-volkswagen-golf-comfortline-diesel,501.0,501.0,8,2d 13h 51m37s,61.86,Active,melbourne,MELBOURNE,lot
2026-05-08T20:08:33.820245+00:00,https://www.grays.com/lot/0004-23500025/motor-vehicles-motor-cycles/2010-mercedes-benz-e-class-e250-blueefficiency-elegance-petrol,2609.0,2609.0,25,3d 13h 51m26s,85.857,Active,melbourne,MELBOURNE,lot
2026-05-08T20:08:44.057026+00:00,https://www.grays.com/lot/0004-23500026/motor-vehicles-motor-cycles/2016-mercedes-benz-cla-class-cla250-sport-petrol-4-matic-dct-amg-pack,6009.0,6009.0,109,3d 13h 51m16s,85.854,Active,melbourne,MELBOURNE,lot
2026-05-08T20:08:54.876267+00:00,https://www.grays.com/lot/0004-23500027/motor-vehicles-motor-cycles/2010-ford-mondeo-lx-petrol,9.0,9.0,1,3d 13h 51m5s,85.851,Active,melbourne,MELBOURNE,lot
2026-05-08T20:09:04.712175+00:00,https://www.grays.com/lot/0004-23500028/motor-vehicles-motor-cycles/2010-bmw-x5-xdrive30d-diesel,9.0,9.0,0,4d 13h 50m55s,109.849,Active,melbourne,MELBOURNE,lot
2026-05-08T20:09:14.049214+00:00,https://www.grays.com/lot/0004-23500029/motor-vehicles-motor-cycles/2013-subaru-xv-s-petrol,9.0,9.0,0,4d 13h 50m45s,109.846,Active,melbourne,MELBOURNE,lot
2026-05-08T20:09:22.567607+00:00,https://www.grays.com/lot/0004-23500030/motor-vehicles-motor-cycles/2021-mazda-cx-3-akari-hatch-petrol-auto-ex-lease,11234.0,11234.0,35,2d 13h 50m37s,61.844,Active,melbourne,MELBOURNE,lot
2026-05-08T20:09:31.936899+00:00,https://www.grays.com/lot/0005-23500016/motor-vehicles-motor-cycles/2016-mazda-3-neo-petrol,6199.0,6199.0,65,1d 13h 50m28s,37.841,Active,melbourne,MELBOURNE,lot
2026-05-08T20:09:43.045569+00:00,https://www.grays.com/lot/0005-23500019/motor-vehicles-motor-cycles/2014-holden-calais-vf-v8-petrol,4601.0,4601.0,58,1d 13h 50m16s,37.838,Active,melbourne,MELBOURNE,lot
2026-05-08T20:09:50.192917+00:00,https://www.grays.com/lot/0005-23500023/motor-vehicles-motor-cycles/2005-subaru-impreza-petrol,301.0,301.0,4,2d 13h 50m9s,61.836,Active,melbourne,MELBOURNE,lot
2026-05-08T20:09:58.845564+00:00,https://www.grays.com/lot/0005-23500025/motor-vehicles-motor-cycles/2013-holden-captiva-cx-diesel,9.0,9.0,0,3d 13h 50m0s,85.833,Active,melbourne,MELBOURNE,lot
2026-05-08T20:10:06.994054+00:00,https://www.grays.com/lot/0005-23500026/motor-vehicles-motor-cycles/2014-land-rover-range-rover-sport-se-diesel-auto,2809.0,2809.0,41,3d 13h 49m53s,85.831,Active,melbourne,MELBOURNE,lot
2026-05-08T20:10:15.618796+00:00,https://www.grays.com/lot/0005-23500027/motor-vehicles-motor-cycles/1995-mercedes-benz-e-class-e220-convertible,4700.0,4700.0,89,3d 13h 49m43s,85.829,Active,melbourne,MELBOURNE,lot
2026-05-08T20:10:24.356999+00:00,https://www.grays.com/lot/0005-23500029/motor-vehicles-motor-cycles/2016-kia-sorento-gt-line-auto-awd-suv,9.0,9.0,0,4d 13h 49m35s,109.826,Active,melbourne,MELBOURNE,lot
2026-05-08T20:10:31.865894+00:00,https://www.grays.com/lot/0006-23500019/motor-vehicles-motor-cycles/2016-mercedes-benz-glc-class-glc43-amg-petrol,11835.0,11835.0,37,1d 13h 49m28s,37.824,Active,melbourne,MELBOURNE,lot
2026-05-08T20:10:39.534962+00:00,https://www.grays.com/lot/0006-23500023/motor-vehicles-motor-cycles/1999-toyota-corolla-conquest-petrol,201.0,201.0,3,2d 13h 49m19s,61.822,Active,melbourne,MELBOURNE,lot
2026-05-08T20:10:52.154645+00:00,https://www.grays.com/lot/0006-23500025/motor-vehicles-motor-cycles/2005-bmw-3-series-325ci-petrol,1209.0,1209.0,21,3d 13h 49m8s,85.819,Active,melbourne,MELBOURNE,lot
2026-05-08T20:11:00.494168+00:00,https://www.grays.com/lot/0006-23500026/motor-vehicles-motor-cycles/2017-ford-mustang-gt-petrol-auto,25100.0,25100.0,161,3d 13h 49m0s,85.817,Active,melbourne,MELBOURNE,lot
2026-05-08T20:11:08.972832+00:00,https://www.grays.com/lot/0006-23500029/motor-vehicles-motor-cycles/2012-hyundai-veloster-auto-fwd-coupe,9.0,9.0,1,4d 13h 48m52s,109.814,Active,melbourne,MELBOURNE,lot
2026-05-08T20:11:17.347291+00:00,https://www.grays.com/lot/0006-23500030/motor-vehicles-motor-cycles/2018-toyota-corolla-ascent-petrol-auto-ex-lease,2100.0,2100.0,26,2d 13h 48m43s,61.812,Active,melbourne,MELBOURNE,lot
2026-05-08T20:11:26.137349+00:00,https://www.grays.com/lot/0007-23500019/motor-vehicles-motor-cycles/2021-suzuki-jimny-glx-petrol,13200.0,13200.0,103,1d 13h 48m33s,37.809,Active,melbourne,MELBOURNE,lot
2026-05-08T20:11:35.393538+00:00,https://www.grays.com/lot/0007-23500023/motor-vehicles-motor-cycles/2019-mg-zs-excite-plus-petrol,901.0,901.0,10,2d 13h 48m24s,61.807,Active,melbourne,MELBOURNE,lot
2026-05-08T20:11:44.840396+00:00,https://www.grays.com/lot/0007-23500027/motor-vehicles-motor-cycles/2010-hyundai-i30-sx-auto-fwd-wagon,9.0,9.0,1,3d 13h 48m16s,85.804,Active,melbourne,MELBOURNE,lot
2026-05-08T20:11:54.344892+00:00,https://www.grays.com/lot/0007-23500028/motor-vehicles-motor-cycles/2014-audi-a5-diesel,809.0,809.0,16,4d 13h 48m5s,109.801,Active,melbourne,MELBOURNE,lot
2026-05-08T20:12:03.163433+00:00,https://www.grays.com/lot/0008-23500025/motor-vehicles-motor-cycles/2012-ford-focus-trend-petrol,9.0,9.0,0,3d 13h 47m57s,85.799,Active,melbourne,MELBOURNE,lot
2026-05-08T20:12:11.952831+00:00,https://www.grays.com/lot/0008-23500027/motor-vehicles-motor-cycles/2013-ford-g-series-g6e-fg-mkii-auto-sedan,309.0,309.0,4,3d 13h 47m49s,85.797,Active,melbourne,MELBOURNE,lot
2026-05-08T20:12:19.857891+00:00,https://www.grays.com/lot/0008-23500028/motor-vehicles-motor-cycles/2014-renault-clio-gt-petrol,109.0,109.0,2,4d 13h 47m39s,109.794,Active,melbourne,MELBOURNE,lot
2026-05-08T20:12:27.187417+00:00,https://www.grays.com/lot/0009-23500016/motor-vehicles-motor-cycles/2010-mercedes-benz-e-class-e250-blueefficiency-elegance-diesel,2909.0,2909.0,36,1d 13h 47m32s,37.792,Active,melbourne,MELBOURNE,lot
2026-05-08T20:12:35.153857+00:00,https://www.grays.com/lot/0009-23500019/motor-vehicles-motor-cycles/2001-honda-civic-vi-petrol,501.0,501.0,8,1d 13h 47m25s,37.79,Active,melbourne,MELBOURNE,lot
2026-05-08T20:12:43.815140+00:00,https://www.grays.com/lot/0009-23500025/motor-vehicles-motor-cycles/2005-lexus-rx-330-sports-petrol,5500.0,5500.0,0,3d 13h 47m16s,85.788,Active,melbourne,MELBOURNE,lot
2026-05-08T20:12:52.493860+00:00,https://www.grays.com/lot/0009-23500027/motor-vehicles-motor-cycles/2008-mitsubishi-lancer-es-cj-fwd-sedan,9.0,9.0,1,3d 13h 47m6s,85.785,Active,melbourne,MELBOURNE,lot
2026-05-08T20:13:00.502669+00:00,https://www.grays.com/lot/0009-23500028/motor-vehicles-motor-cycles/2012-bmw-x3-xdrive20i-petrol,9.0,9.0,1,4d 13h 47m0s,109.783,Active,melbourne,MELBOURNE,lot
2026-05-08T20:13:09.242832+00:00,https://www.grays.com/lot/0009-23500029/motor-vehicles-motor-cycles/2010-land-rover-freelander-2-manual-awd-suv,9.0,9.0,1,4d 13h 46m50s,109.781,Active,melbourne,MELBOURNE,lot
2026-05-08T20:13:17.091754+00:00,https://www.grays.com/lot/0010-23500016/motor-vehicles-motor-cycles/2015-nissan-qashqai-ti-fwd-suv,3809.0,3809.0,39,1d 13h 46m43s,37.779,Active,melbourne,MELBOURNE,lot
2026-05-08T20:13:25.206104+00:00,https://www.grays.com/lot/0010-23500019/motor-vehicles-motor-cycles/2006-bmw-7-series-740li-petrol,1801.0,1801.0,31,1d 13h 46m35s,37.776,Active,melbourne,MELBOURNE,lot
2026-05-08T20:13:33.636878+00:00,https://www.grays.com/lot/0010-23500023/motor-vehicles-motor-cycles/2012-skoda-yeti-103tdi-auto-suv,209.0,209.0,3,2d 13h 46m26s,61.774,Active,melbourne,MELBOURNE,lot
2026-05-08T20:13:41.886198+00:00,https://www.grays.com/lot/0010-23500025/motor-vehicles-motor-cycles/2012-mazda-cx-5-grand-touring-diesel,6000.0,6000.0,0,3d 13h 46m18s,85.772,Active,melbourne,MELBOURNE,lot
2026-05-08T20:13:50.932173+00:00,https://www.grays.com/lot/0010-23500027/motor-vehicles-motor-cycles/2013-mitsubishi-outlander-es-fwd-suv,209.0,209.0,3,3d 13h 46m8s,85.769,Active,melbourne,MELBOURNE,lot
2026-05-08T20:13:58.149784+00:00,https://www.grays.com/lot/0010-23500028/motor-vehicles-motor-cycles/2008-toyota-camry-altise-petrol,9.0,9.0,1,4d 13h 46m1s,109.767,Active,melbourne,MELBOURNE,lot
2026-05-08T20:14:05.809426+00:00,https://www.grays.com/lot/0010-23500029/motor-vehicles-motor-cycles/2016-audi-q5-diesel,1109.0,1109.0,23,4d 13h 45m54s,109.765,Active,melbourne,MELBOURNE,lot
2026-05-08T20:14:14.429177+00:00,https://www.grays.com/lot/0011-23500016/motor-vehicles-motor-cycles/2007-toyota-kluger-kx-r-gsu40r-auto-suv,2000.0,2000.0,29,1d 13h 45m45s,37.763,Active,melbourne,MELBOURNE,lot
2026-05-08T20:14:23.121287+00:00,https://www.grays.com/lot/0011-23500019/motor-vehicles-motor-cycles/2010-mercedes-benz-m-class-ml300-diesel,401.0,401.0,7,1d 13h 45m36s,37.76,Active,melbourne,MELBOURNE,lot
2026-05-08T20:14:32.573222+00:00,https://www.grays.com/lot/0011-23500025/motor-vehicles-motor-cycles/2020-kia-picanto-gt-line-petrol-kia-unlimited-km-warranty-until-12-2027,3099.0,3099.0,53,3d 13h 45m27s,85.757,Active,melbourne,MELBOURNE,lot
2026-05-08T20:14:41.361421+00:00,https://www.grays.com/lot/0011-23500026/motor-vehicles-motor-cycles/2003-toyota-echo-petrol-auto,900.0,900.0,11,3d 13h 45m19s,85.755,Active,melbourne,MELBOURNE,lot
2026-05-08T20:14:49.608213+00:00,https://www.grays.com/lot/0011-23500027/motor-vehicles-motor-cycles/2010-nissan-micra-k12-auto-hatchback,9.0,9.0,0,3d 13h 45m11s,85.753,Active,melbourne,MELBOURNE,lot
2026-05-08T20:14:58.317267+00:00,https://www.grays.com/lot/0011-23500028/motor-vehicles-motor-cycles/2018-volvo-xc60-d4-momentum-diesel,7499.0,7499.0,16,4d 13h 45m2s,109.751,Active,melbourne,MELBOURNE,lot
2026-05-08T20:15:06.580839+00:00,https://www.grays.com/lot/0011-23500029/motor-vehicles-motor-cycles/2007-mercedes-benz-c-class-c280-avantgarde-petrol,100.0,100.0,1,4d 13h 44m53s,109.748,Active,melbourne,MELBOURNE,lot
2026-05-08T20:15:14.983594+00:00,https://www.grays.com/lot/0012-23500016/motor-vehicles-motor-cycles/2017-kia-cerato-s-auto-fwd-hatchback,3409.0,3409.0,35,1d 13h 44m44s,37.746,Active,melbourne,MELBOURNE,lot
2026-05-08T20:15:22.750946+00:00,https://www.grays.com/lot/0012-23500023/motor-vehicles-motor-cycles/2018-bmw-4-series-420i-luxury-line-petrol,7499.0,7499.0,106,2d 13h 44m38s,61.744,Active,melbourne,MELBOURNE,lot
2026-05-08T20:15:31.120280+00:00,https://www.grays.com/lot/0012-23500026/motor-vehicles-motor-cycles/2014-land-rover-range-rover-sport-5-0l-v8-supercharged-autobiography-dynamic-petrol-sports-auto,18200.0,18200.0,92,3d 13h 44m28s,85.741,Active,melbourne,MELBOURNE,lot
2026-05-08T20:15:38.848459+00:00,https://www.grays.com/lot/0012-23500027/motor-vehicles-motor-cycles/2017-land-rover-discovery-sport-hse-diesel,5009.0,5009.0,90,3d 13h 44m21s,85.739,Active,melbourne,MELBOURNE,lot
2026-05-08T20:15:47.009999+00:00,https://www.grays.com/lot/0012-23500028/motor-vehicles-motor-cycles/2016-nissan-qashqai-ti-petrol,309.0,309.0,5,4d 13h 44m12s,109.737,Active,melbourne,MELBOURNE,lot
2026-05-08T20:15:55.481109+00:00,https://www.grays.com/lot/0013-23500019/motor-vehicles-motor-cycles/2009-subaru-liberty-petrol,1201.0,1201.0,21,1d 13h 44m5s,37.735,Active,melbourne,MELBOURNE,lot
2026-05-08T20:16:03.595686+00:00,https://www.grays.com/lot/0013-23500023/motor-vehicles-motor-cycles/2016-peugeot-308-access-petrol,101.0,101.0,2,2d 13h 43m57s,61.733,Active,melbourne,MELBOURNE,lot
2026-05-08T20:16:11.804372+00:00,https://www.grays.com/lot/0013-23500027/motor-vehicles-motor-cycles/2018-peugeot-3008-allure-auto-suv,509.0,509.0,5,3d 13h 43m48s,85.73,Active,melbourne,MELBOURNE,lot
2026-05-08T20:16:19.934903+00:00,https://www.grays.com/lot/0013-23500029/motor-vehicles-motor-cycles/2012-mitsubishi-asx-aspire-petrol,209.0,209.0,3,4d 13h 43m39s,109.728,Active,melbourne,MELBOURNE,lot
2026-05-08T20:16:28.550273+00:00,https://www.grays.com/lot/0014-23500023/motor-vehicles-motor-cycles/2017-honda-cr-v-vti-petrol,5000.0,5000.0,61,2d 13h 43m31s,61.725,Active,melbourne,MELBOURNE,lot
2026-05-08T20:16:38.332112+00:00,https://www.grays.com/lot/0014-23500027/motor-vehicles-motor-cycles/2013-holden-captiva-lt-cg-manual-fwd-suv,9.0,9.0,0,3d 13h 43m22s,85.723,Active,melbourne,MELBOURNE,lot
2026-05-08T20:16:46.428650+00:00,https://www.grays.com/lot/0014-23500028/motor-vehicles-motor-cycles/2013-volkswagen-golf-highline-petrol,9.0,9.0,1,4d 13h 43m13s,109.72,Active,melbourne,MELBOURNE,lot
2026-05-08T20:16:54.391388+00:00,https://www.grays.com/lot/0014-23500029/motor-vehicles-motor-cycles/2012-ford-fiesta-cl-petrol,9.0,9.0,1,4d 13h 43m5s,109.718,Active,melbourne,MELBOURNE,lot
2026-05-08T20:17:02.501716+00:00,https://www.grays.com/lot/0015-23500019/motor-vehicles-motor-cycles/2014-mercedes-benz-a-class-a200-petrol,6200.0,6200.0,73,1d 13h 42m57s,37.716,Active,melbourne,MELBOURNE,lot
2026-05-08T20:17:10.920828+00:00,https://www.grays.com/lot/0015-23500023/motor-vehicles-motor-cycles/2005-honda-cr-v-sport-petrol,201.0,201.0,3,2d 13h 42m49s,61.714,Active,melbourne,MELBOURNE,lot
2026-05-08T20:17:19.762865+00:00,https://www.grays.com/lot/0015-23500026/motor-vehicles-motor-cycles/2018-audi-a3-petrol-auto,900.0,900.0,13,3d 13h 42m39s,85.711,Active,melbourne,MELBOURNE,lot
2026-05-08T20:17:27.715109+00:00,https://www.grays.com/lot/0015-23500027/motor-vehicles-motor-cycles/2017-mercedes-benz-a-class-a200-d-auto-fwd-hatchback,5100.0,5100.0,80,3d 13h 42m32s,85.709,Active,melbourne,MELBOURNE,lot
2026-05-08T20:17:36.181869+00:00,https://www.grays.com/lot/0015-23500028/motor-vehicles-motor-cycles/2011-mercedes-benz-b-class-b180-diesel,9.0,9.0,0,4d 13h 42m24s,109.707,Active,melbourne,MELBOURNE,lot
2026-05-08T20:17:46.860674+00:00,https://www.grays.com/lot/0015-23500029/motor-vehicles-motor-cycles/2011-mercedes-benz-c-class-c250-blueefficiency-coupe,209.0,209.0,3,4d 13h 42m13s,109.704,Active,melbourne,MELBOURNE,lot
2026-05-08T20:17:56.768131+00:00,https://www.grays.com/lot/0016-23500019/motor-vehicles-motor-cycles/2007-hyundai-tiburon-petrol,301.0,301.0,4,1d 13h 42m4s,37.701,Active,melbourne,MELBOURNE,lot
2026-05-08T20:18:04.317328+00:00,https://www.grays.com/lot/0016-23500026/motor-vehicles-motor-cycles/2019-land-rover-discovery-hse-series-5-diesel-my20-dynamic-pack-7-seats,8800.0,8800.0,56,3d 13h 41m55s,85.699,Active,melbourne,MELBOURNE,lot
2026-05-08T20:18:12.835610+00:00,https://www.grays.com/lot/0016-23500027/motor-vehicles-motor-cycles/2009-toyota-rav4-cv-petrol,409.0,409.0,5,3d 13h 41m48s,85.697,Active,melbourne,MELBOURNE,lot
2026-05-08T20:18:20.116569+00:00,https://www.grays.com/lot/0016-23500028/motor-vehicles-motor-cycles/2011-lexus-is-350-f-sport-petrol,509.0,509.0,11,4d 13h 41m39s,109.694,Active,melbourne,MELBOURNE,lot
2026-05-08T20:18:31.815936+00:00,https://www.grays.com/lot/0016-23500029/motor-vehicles-motor-cycles/2014-subaru-forester-2-0d-s-awd-manual-suv,109.0,109.0,2,4d 13h 41m28s,109.691,Active,melbourne,MELBOURNE,lot
2026-05-08T20:18:44.777750+00:00,https://www.grays.com/lot/0017-23500019/motor-vehicles-motor-cycles/2014-jeep-cherokee-trailhawk-petrol,1301.0,1301.0,21,1d 13h 41m15s,37.688,Active,melbourne,MELBOURNE,lot
2026-05-08T20:18:53.334882+00:00,https://www.grays.com/lot/0017-23500023/motor-vehicles-motor-cycles/2013-honda-cr-v-vti-petrol,1001.0,1001.0,13,2d 13h 41m7s,61.685,Active,melbourne,MELBOURNE,lot
2026-05-08T20:19:06.536244+00:00,https://www.grays.com/lot/0017-23500026/motor-vehicles-motor-cycles/2007-honda-jazz-vti-petrol-auto,409.0,409.0,5,3d 13h 40m54s,85.682,Active,melbourne,MELBOURNE,lot
2026-05-08T20:19:17.657223+00:00,https://www.grays.com/lot/0017-23500027/motor-vehicles-motor-cycles/2007-mercedes-benz-a-class-a200-elegance-petrol,9.0,9.0,1,3d 13h 40m42s,85.678,Active,melbourne,MELBOURNE,lot
2026-05-08T20:19:31.401180+00:00,https://www.grays.com/lot/0017-23500028/motor-vehicles-motor-cycles/2009-jeep-wrangler-sport-petrol,9.0,9.0,1,4d 13h 40m29s,109.675,Active,melbourne,MELBOURNE,lot
2026-05-08T20:19:38.897824+00:00,https://www.grays.com/lot/0017-23500029/motor-vehicles-motor-cycles/2007-nissan-pathfinder-st-l-auto-awd-suv,9.0,9.0,0,4d 13h 40m21s,109.672,Active,melbourne,MELBOURNE,lot
2026-05-08T20:19:57.915161+00:00,https://www.grays.com/lot/0018-23500019/motor-vehicles-motor-cycles/2015-hyundai-i30-sr-petrol,3000.0,3000.0,32,1d 13h 40m2s,37.667,Active,melbourne,MELBOURNE,lot
2026-05-08T20:20:25.532401+00:00,https://www.grays.com/lot/0018-23500023/motor-vehicles-motor-cycles/2010-volkswagen-jetta-highline-petrol,101.0,101.0,2,2d 13h 39m34s,61.659,Active,melbourne,MELBOURNE,lot
2026-05-08T20:20:35.663884+00:00,https://www.grays.com/lot/0018-23500027/motor-vehicles-motor-cycles/2010-subaru-outback-premium-petrol,9.0,9.0,1,3d 13h 39m24s,85.657,Active,melbourne,MELBOURNE,lot
2026-05-08T20:20:44.934374+00:00,https://www.grays.com/lot/0018-23500029/motor-vehicles-motor-cycles/2010-volkswagen-polo-trendline-auto-fwd-hatchback,9.0,9.0,1,4d 13h 39m14s,109.654,Active,melbourne,MELBOURNE,lot
2026-05-08T20:20:53.755886+00:00,https://www.grays.com/lot/0019-23500019/motor-vehicles-motor-cycles/2006-honda-accord-euro-luxury-petrol,3700.0,3700.0,67,1d 13h 39m5s,37.651,Active,melbourne,MELBOURNE,lot
2026-05-08T20:21:03.969891+00:00,https://www.grays.com/lot/0019-23500026/motor-vehicles-motor-cycles/2016-mercedes-benz-gla-class-gla250-petrol-auto-amg-pack,3909.0,3909.0,46,3d 13h 38m56s,85.649,Active,melbourne,MELBOURNE,lot
2026-05-08T20:21:15.065901+00:00,https://www.grays.com/lot/0019-23500027/motor-vehicles-motor-cycles/2014-mazda-cx-5-akera-petrol,809.0,809.0,9,3d 13h 38m45s,85.646,Active,melbourne,MELBOURNE,lot
2026-05-08T20:21:25.662962+00:00,https://www.grays.com/lot/0020-23500023/motor-vehicles-motor-cycles/2005-toyota-corolla-ascent-petrol,1301.0,1301.0,19,2d 13h 38m34s,61.643,Active,melbourne,MELBOURNE,lot
2026-05-08T20:21:36.396711+00:00,https://www.grays.com/lot/0020-23500026/motor-vehicles-motor-cycles/2010-bmw-1-series-125i-petrol-auto-m-sport,3009.0,3009.0,52,3d 13h 38m24s,85.64,Active,melbourne,MELBOURNE,lot
2026-05-08T20:21:46.956459+00:00,https://www.grays.com/lot/0020-23500029/motor-vehicles-motor-cycles/2008-mercedes-benz-clk-class-clk280-elegance-petrol-auto,309.0,309.0,4,4d 13h 38m13s,109.637,Active,melbourne,MELBOURNE,lot
2026-05-08T20:21:56.070557+00:00,https://www.grays.com/lot/0021-23500026/motor-vehicles-motor-cycles/2008-toyota-yaris-yrs-petrol-auto,2009.0,2009.0,29,3d 13h 38m3s,85.634,Active,melbourne,MELBOURNE,lot
2026-05-08T20:22:14.525987+00:00,https://www.grays.com/lot/0021-23500027/motor-vehicles-motor-cycles/2011-volvo-s60-t5-r-design-petrol,609.0,609.0,12,3d 13h 37m46s,85.629,Active,melbourne,MELBOURNE,lot
2026-05-08T20:22:29.015927+00:00,https://www.grays.com/lot/0022-23500023/motor-vehicles-motor-cycles/2004-toyota-echo-petrol,701.0,701.0,14,2d 13h 37m31s,61.625,Active,melbourne,MELBOURNE,lot
2026-05-08T20:22:44.839175+00:00,https://www.grays.com/lot/0022-23500026/motor-vehicles-motor-cycles/2008-holden-astra-cdx-petrol-manual,509.0,509.0,10,3d 13h 37m15s,85.621,Active,melbourne,MELBOURNE,lot
2026-05-08T20:23:00.287793+00:00,https://www.grays.com/lot/0022-23500027/motor-vehicles-motor-cycles/2009-mitsubishi-outlander-ls-petrol,9.0,9.0,1,3d 13h 37m0s,85.617,Active,melbourne,MELBOURNE,lot
2026-05-08T20:23:12.651886+00:00,https://www.grays.com/lot/0022-23500029/motor-vehicles-motor-cycles/2015-mitsubishi-lancer-gsr-petrol,109.0,109.0,2,4d 13h 36m48s,109.613,Active,melbourne,MELBOURNE,lot
2026-05-08T20:23:22.686591+00:00,https://www.grays.com/lot/0023-23500023/motor-vehicles-motor-cycles/2014-bmw-x5-xdrive25d-7-seater-diesel,9100.0,9100.0,160,2d 13h 36m36s,61.61,Active,melbourne,MELBOURNE,lot
2026-05-08T20:23:42.519065+00:00,https://www.grays.com/lot/0023-23500026/motor-vehicles-motor-cycles/2016-subaru-levorg-gt-s-petrol-cvt-auto,4799.0,4799.0,66,3d 13h 36m18s,85.605,Active,melbourne,MELBOURNE,lot
2026-05-08T20:23:52.882201+00:00,https://www.grays.com/lot/0023-23500027/motor-vehicles-motor-cycles/2008-subaru-impreza-wrx-petrol,1109.0,1109.0,16,3d 13h 36m7s,85.602,Active,melbourne,MELBOURNE,lot
2026-05-08T20:24:02.022171+00:00,https://www.grays.com/lot/0023-23500029/motor-vehicles-motor-cycles/2018-nissan-x-trail-st-petrol-ex-gov,3999.0,3999.0,5,4d 13h 35m57s,109.599,Active,melbourne,MELBOURNE,lot
2026-05-08T20:24:14.148295+00:00,https://www.grays.com/lot/0024-23500023/motor-vehicles-motor-cycles/2018-mg-gs-essence-x-petrol,701.0,701.0,12,2d 13h 35m46s,61.596,Active,melbourne,MELBOURNE,lot
2026-05-08T20:24:31.375197+00:00,https://www.grays.com/lot/0024-23500026/motor-vehicles-motor-cycles/2014-peugeot-308-style-petrol-auto,609.0,609.0,7,3d 13h 35m29s,85.591,Active,melbourne,MELBOURNE,lot
2026-05-08T20:24:48.834944+00:00,https://www.grays.com/lot/0024-23500027/motor-vehicles-motor-cycles/2011-toyota-yaris-yr-petrol,2109.0,2109.0,32,3d 13h 35m12s,85.587,Active,melbourne,MELBOURNE,lot
2026-05-08T20:25:03.758164+00:00,https://www.grays.com/lot/0024-23500029/motor-vehicles-motor-cycles/2014-kia-grand-carnival-s-petrol,9.0,9.0,0,4d 13h 34m56s,109.582,Active,melbourne,MELBOURNE,lot
2026-05-08T20:25:20.653882+00:00,https://www.grays.com/lot/0025-23500023/motor-vehicles-motor-cycles/2006-honda-accord-euro-luxury-sedan,2100.0,2100.0,28,2d 13h 34m39s,61.578,Active,melbourne,MELBOURNE,lot
2026-05-08T20:25:33.616859+00:00,https://www.grays.com/lot/0025-23500027/motor-vehicles-motor-cycles/2017-mazda-cx-9-azami-petrol,4300.0,4300.0,44,3d 13h 34m26s,85.574,Active,melbourne,MELBOURNE,lot
2026-05-08T20:25:49.895314+00:00,https://www.grays.com/lot/0025-23500029/motor-vehicles-motor-cycles/2016-volkswagen-golf-gti-petrol,1150.0,1150.0,13,4d 13h 34m11s,109.57,Active,melbourne,MELBOURNE,lot
2026-05-08T20:26:07.204260+00:00,https://www.grays.com/lot/0026-23500023/motor-vehicles-motor-cycles/2009-nissan-murano-st-z51-awd-suv,2000.0,2000.0,21,2d 13h 33m53s,61.565,Active,melbourne,MELBOURNE,lot
2026-05-08T20:26:25.770677+00:00,https://www.grays.com/lot/0027-23500023/motor-vehicles-motor-cycles/2008-honda-accord-v6-l-auto-fwd-sedan,902.0,902.0,16,2d 13h 33m34s,61.559,Active,melbourne,MELBOURNE,lot
2026-05-08T20:26:46.620638+00:00,https://www.grays.com/lot/0027-23500027/motor-vehicles-motor-cycles/2016-renault-megane-gt-line-diesel,109.0,109.0,3,3d 13h 33m14s,85.554,Active,melbourne,MELBOURNE,lot
2026-05-08T20:27:02.040729+00:00,https://www.grays.com/lot/0027-23500029/motor-vehicles-motor-cycles/2012-holden-barina-petrol,9.0,9.0,1,4d 13h 32m58s,109.549,Active,melbourne,MELBOURNE,lot
2026-05-08T20:27:14.598348+00:00,https://www.grays.com/lot/0028-23500023/motor-vehicles-motor-cycles/2013-subaru-xv-auto-wagon,901.0,901.0,17,2d 13h 32m46s,61.546,Active,melbourne,MELBOURNE,lot
2026-05-08T20:27:25.874288+00:00,https://www.grays.com/lot/0028-23500029/motor-vehicles-motor-cycles/2004-toyota-landcruiser-prado-vx-petrol,9.0,9.0,0,4d 13h 32m35s,109.543,Active,melbourne,MELBOURNE,lot
2026-05-08T20:27:38.822671+00:00,https://www.grays.com/lot/0029-23500023/motor-vehicles-motor-cycles/2015-holden-captiva-ltz-auto-awd-suv,201.0,201.0,3,2d 13h 32m21s,61.539,Active,melbourne,MELBOURNE,lot
2026-05-08T20:27:50.994095+00:00,https://www.grays.com/lot/0029-23500029/motor-vehicles-motor-cycles/2013-holden-trax-ls-petrol,9.0,9.0,1,4d 13h 32m9s,109.536,Active,melbourne,MELBOURNE,lot
2026-05-08T20:28:05.821272+00:00,https://www.grays.com/lot/0030-23500023/motor-vehicles-motor-cycles/2015-holden-cruze-cd-auto-sedan,301.0,301.0,4,2d 13h 31m54s,61.532,Active,melbourne,MELBOURNE,lot
2026-05-08T20:28:21.559016+00:00,https://www.grays.com/lot/0030-23500027/motor-vehicles-motor-cycles/2011-honda-cr-v-petrol-auto,309.0,309.0,5,3d 13h 31m38s,85.527,Active,melbourne,MELBOURNE,lot
2026-05-08T20:28:37.295228+00:00,https://www.grays.com/lot/0031-23500023/motor-vehicles-motor-cycles/2010-volkswagen-tiguan-125tsi-auto-awd-suv,1.0,1.0,1,2d 13h 31m23s,61.523,Active,melbourne,MELBOURNE,lot
2026-05-08T20:28:51.827643+00:00,https://www.grays.com/lot/0031-23500027/motor-vehicles-motor-cycles/2015-nissan-x-trail-st-l-petrol,2422.0,2422.0,11,3d 13h 31m9s,85.519,Active,melbourne,MELBOURNE,lot
2026-05-08T20:29:00.223890+00:00,https://www.grays.com/lot/0031-23500029/motor-vehicles-motor-cycles/2007-suzuki-swift-petrol,9.0,9.0,1,4d 13h 31m0s,109.517,Active,melbourne,MELBOURNE,lot
2026-05-08T20:29:14.034489+00:00,https://www.grays.com/lot/0032-23500023/motor-vehicles-motor-cycles/2011-bmw-5-series-520d-diesel,2801.0,2801.0,42,2d 13h 30m45s,61.513,Active,melbourne,MELBOURNE,lot
2026-05-08T20:29:23.878900+00:00,https://www.grays.com/lot/0033-23500023/motor-vehicles-motor-cycles/2015-hyundai-tucson-highlander-diesel,901.0,901.0,14,2d 13h 30m36s,61.51,Active,melbourne,MELBOURNE,lot
2026-05-08T20:29:39.737467+00:00,https://www.grays.com/lot/0033-23500029/motor-vehicles-motor-cycles/2013-ford-kuga-titanium-petrol,9.0,9.0,0,4d 13h 30m20s,109.506,Active,melbourne,MELBOURNE,lot
2026-05-08T20:29:52.354456+00:00,https://www.grays.com/lot/0034-23500023/motor-vehicles-motor-cycles/2012-toyota-hiace-commuter-bus-petrol,6400.0,6400.0,117,2d 13h 30m7s,61.502,Active,melbourne,MELBOURNE,lot
2026-05-08T20:30:05.452040+00:00,https://www.grays.com/lot/0034-23500027/motor-vehicles-motor-cycles/2014-ford-territory-titanium-diesel,2322.0,2322.0,7,3d 13h 29m55s,85.499,Active,melbourne,MELBOURNE,lot
2026-05-08T20:30:17.671794+00:00,https://www.grays.com/lot/0034-23500029/motor-vehicles-motor-cycles/2012-jeep-compass-limited-petrol,9.0,9.0,0,4d 13h 29m42s,109.495,Active,melbourne,MELBOURNE,lot
2026-05-08T20:30:29.926545+00:00,https://www.grays.com/lot/0035-23500023/motor-vehicles-motor-cycles/2015-ford-territory-tx-diesel,2201.0,2201.0,23,2d 13h 29m30s,61.492,Active,melbourne,MELBOURNE,lot
2026-05-08T20:30:41.512359+00:00,https://www.grays.com/lot/0035-23500027/motor-vehicles-motor-cycles/2018-toyota-corolla-ascent-sport-hybrid-petrol-ex-gov,14300.0,14300.0,174,3d 13h 29m18s,85.488,Active,melbourne,MELBOURNE,lot
2026-05-08T20:30:56.412863+00:00,https://www.grays.com/lot/0035-23500029/motor-vehicles-motor-cycles/2012-ford-territory-tx-diesel,100.0,100.0,1,4d 13h 29m4s,109.484,Active,melbourne,MELBOURNE,lot
2026-05-08T20:31:10.215538+00:00,https://www.grays.com/lot/0036-23500027/motor-vehicles-motor-cycles/2019-subaru-forester-l-petrol,5100.0,5100.0,12,3d 13h 28m50s,85.481,Active,melbourne,MELBOURNE,lot
2026-05-08T20:31:18.559255+00:00,https://www.grays.com/lot/0036-23500029/motor-vehicles-motor-cycles/2012-volkswagen-a6-golf-118tsi-comfortline-auto-hatchback,9.0,9.0,0,4d 13h 28m41s,109.478,Active,melbourne,MELBOURNE,lot
2026-05-08T20:31:30.273795+00:00,https://www.grays.com/lot/0037-23500023/motor-vehicles-motor-cycles/2010-subaru-impreza-r-petrol,1.0,1.0,1,2d 13h 28m30s,61.475,Active,melbourne,MELBOURNE,lot
2026-05-08T20:31:38.186438+00:00,https://www.grays.com/lot/0037-23500027/motor-vehicles-motor-cycles/2015-audi-q7-diesel,4693.0,4693.0,47,3d 13h 28m22s,85.473,Active,melbourne,MELBOURNE,lot
2026-05-08T20:31:46.621844+00:00,https://www.grays.com/lot/0037-23500029/motor-vehicles-motor-cycles/2012-volkswagen-golf-118tsi-comfortline-auto-wagon,9.0,9.0,0,4d 13h 28m14s,109.471,Active,melbourne,MELBOURNE,lot
2026-05-08T20:31:55.141181+00:00,https://www.grays.com/lot/0038-23500023/motor-vehicles-motor-cycles/2014-toyota-camry-h-hybrid-petrol,3100.0,3100.0,33,2d 13h 28m4s,61.468,Active,melbourne,MELBOURNE,lot
2026-05-08T20:32:04.199218+00:00,https://www.grays.com/lot/0038-23500027/motor-vehicles-motor-cycles/2016-bmw-3-series-330i-luxury-line-petrol,4300.0,4300.0,33,3d 13h 27m55s,85.465,Active,melbourne,MELBOURNE,lot
2026-05-08T20:32:14.346299+00:00,https://www.grays.com/lot/0038-23500029/motor-vehicles-motor-cycles/2010-holden-cruze-cdx-auto-sedan,9.0,9.0,0,4d 13h 27m45s,109.463,Active,melbourne,MELBOURNE,lot
2026-05-08T20:32:23.894933+00:00,https://www.grays.com/lot/0039-23500023/motor-vehicles-motor-cycles/2016-nissan-pathfinder-st-petrol,201.0,201.0,3,2d 13h 27m36s,61.46,Active,melbourne,MELBOURNE,lot
2026-05-08T20:32:36.726209+00:00,https://www.grays.com/lot/0039-23500027/motor-vehicles-motor-cycles/2013-ford-falcon-xr6-lpg,3200.0,3200.0,23,3d 13h 27m22s,85.456,Active,melbourne,MELBOURNE,lot
2026-05-08T20:32:47.168104+00:00,https://www.grays.com/lot/0039-23500029/motor-vehicles-motor-cycles/2014-volvo-xc60-d4-luxury-auto-suv,350.0,350.0,5,4d 13h 27m13s,109.454,Active,melbourne,MELBOURNE,lot
2026-05-08T20:32:56.527121+00:00,https://www.grays.com/lot/0040-23500023/motor-vehicles-motor-cycles/2006-toyota-landcruiser-prado-gxl-petrol-and-gas,701.0,701.0,8,2d 13h 27m4s,61.451,Active,melbourne,MELBOURNE,lot
2026-05-08T20:33:09.330689+00:00,https://www.grays.com/lot/0040-23500027/motor-vehicles-motor-cycles/2015-holden-commodore-evoke-lpg,1909.0,1909.0,32,3d 13h 26m52s,85.448,Active,melbourne,MELBOURNE,lot
2026-05-08T20:33:19.606378+00:00,https://www.grays.com/lot/0040-23500029/motor-vehicles-motor-cycles/2009-bmw-1-series-120i-e87-auto-hatchback,109.0,109.0,2,4d 13h 26m40s,109.444,Active,melbourne,MELBOURNE,lot
2026-05-08T20:33:28.471342+00:00,https://www.grays.com/lot/0041-23500023/motor-vehicles-motor-cycles/2018-mercedes-benz-gla-class-gla180-petrol,10300.0,10300.0,89,2d 13h 26m31s,61.442,Active,melbourne,MELBOURNE,lot
2026-05-08T20:33:38.601027+00:00,https://www.grays.com/lot/0041-23500027/motor-vehicles-motor-cycles/2015-volkswagen-tiguan-petrol,109.0,109.0,2,3d 13h 26m22s,85.439,Active,melbourne,MELBOURNE,lot
2026-05-08T20:33:48.804844+00:00,https://www.grays.com/lot/0041-23500029/motor-vehicles-motor-cycles/2008-mazda-cx-9-luxury-auto-awd-suv,9.0,9.0,0,4d 13h 26m11s,109.436,Active,melbourne,MELBOURNE,lot
2026-05-08T20:33:58.254101+00:00,https://www.grays.com/lot/0042-23500027/motor-vehicles-motor-cycles/2016-mercedes-benz-gl-class-gl350-bluetec-limited-edition-diesel,4600.0,4600.0,66,3d 13h 26m2s,85.434,Active,melbourne,MELBOURNE,lot
2026-05-08T20:34:06.831989+00:00,https://www.grays.com/lot/0042-23500029/motor-vehicles-motor-cycles/2022-toyota-kluger-gxl-gsu75r-4x4-auto-wagon,11300.0,11300.0,155,4d 13h 25m53s,109.431,Active,melbourne,MELBOURNE,lot
2026-05-08T20:34:16.265855+00:00,https://www.grays.com/lot/0043-23500027/motor-vehicles-motor-cycles/2010-mazda-3-sp25-petrol,209.0,209.0,3,3d 13h 25m43s,85.429,Active,melbourne,MELBOURNE,lot
2026-05-08T20:34:25.807747+00:00,https://www.grays.com/lot/0044-23500027/motor-vehicles-motor-cycles/2011-audi-a3-attraction-diesel,109.0,109.0,2,3d 13h 25m34s,85.426,Active,melbourne,MELBOURNE,lot
2026-05-08T20:34:36.144585+00:00,https://www.grays.com/lot/0044-23500029/motor-vehicles-motor-cycles/2014-nissan-micra-st-k13-auto-hatchback,100.0,100.0,1,4d 13h 25m23s,109.423,Active,melbourne,MELBOURNE,lot
2026-05-08T20:34:46.579336+00:00,https://www.grays.com/lot/0045-23500029/motor-vehicles-motor-cycles/2011-holden-cruze-sri-v-auto-sedan,9.0,9.0,0,4d 13h 25m13s,109.42,Active,melbourne,MELBOURNE,lot
2026-05-08T20:34:58.377064+00:00,https://www.grays.com/lot/0046-23500029/motor-vehicles-motor-cycles/2011-toyota-aurion-sportivo-sx6-gsv40r-auto-sedan,9.0,9.0,0,4d 13h 25m1s,109.417,Active,melbourne,MELBOURNE,lot
2026-05-08T20:35:07.658449+00:00,https://www.grays.com/lot/0047-23500029/motor-vehicles-motor-cycles/2015-jeep-grand-cherokee-overland-auto-awd-suv,9.0,9.0,0,4d 13h 24m52s,109.414,Active,melbourne,MELBOURNE,lot
2026-05-08T20:35:16.434182+00:00,https://www.grays.com/lot/0048-23500029/motor-vehicles-motor-cycles/2010-mitsubishi-lancer-es-cj-fwd-sedan,9.0,9.0,1,4d 13h 24m42s,109.412,Active,melbourne,MELBOURNE,lot
2026-05-08T20:35:25.183017+00:00,https://www.grays.com/lot/0050-23500029/motor-vehicles-motor-cycles/2014-volkswagen-jetta-103tdi-highline-auto-fwd-sedan,9.0,9.0,0,4d 13h 24m34s,109.409,Active,melbourne,MELBOURNE,lot
2026-05-08T20:35:34.537515+00:00,https://www.grays.com/lot/0051-23500029/motor-vehicles-motor-cycles/2017-land-rover-discovery-sport-hse-auto-awd-suv,9.0,9.0,1,4d 13h 24m26s,109.407,Active,melbourne,MELBOURNE,lot
2026-05-08T20:35:43.578852+00:00,https://www.grays.com/lot/0052-23500029/motor-vehicles-motor-cycles/2013-jeep-compass-sport-auto-suv,9.0,9.0,0,4d 13h 24m16s,109.404,Active,melbourne,MELBOURNE,lot
2026-05-08T20:35:53.569370+00:00,https://www.grays.com/lot/0053-23500029/motor-vehicles-motor-cycles/2008-mercedes-benz-e-class-e280-sports-edition-diesel,409.0,409.0,5,4d 13h 24m7s,109.402,Active,melbourne,MELBOURNE,lot
2026-05-08T20:36:09.591000+00:00,https://www.grays.com/lot/0054-23500029/motor-vehicles-motor-cycles/2001-jaguar-s-type-petrol,109.0,109.0,2,4d 13h 23m50s,109.397,Active,melbourne,MELBOURNE,lot
2026-05-08T20:36:22.181625+00:00,https://www.grays.com/lot/0055-23500029/motor-vehicles-motor-cycles/2008-mercedes-benz-m-class-ml320-diesel,109.0,109.0,2,4d 13h 23m38s,109.394,Active,melbourne,MELBOURNE,lot
2026-05-08T20:36:31.639625+00:00,https://www.grays.com/lot/0056-23500029/motor-vehicles-motor-cycles/2015-jeep-cherokee-limited-diesel,9.0,9.0,0,4d 13h 23m28s,109.391,Active,melbourne,MELBOURNE,lot
2026-05-08T20:36:40.925133+00:00,https://www.grays.com/lot/0057-23500029/motor-vehicles-motor-cycles/2009-bmw-3-series-335i-petrol-dct-sports-auto,8100.0,8100.0,63,4d 13h 23m18s,109.388,Active,melbourne,MELBOURNE,lot
2026-05-08T20:36:50.287142+00:00,https://www.grays.com/lot/0058-23500029/motor-vehicles-motor-cycles/2013-volkswagen-tiguan-pacific-auto-awd-suv,9.0,9.0,0,4d 13h 23m10s,109.386,Active,melbourne,MELBOURNE,lot
2026-05-08T20:36:59.845365+00:00,https://www.grays.com/lot/0059-23500029/motor-vehicles-motor-cycles/2015-mazda-cx-5-grand-touring-auto-awd-suv,209.0,209.0,3,4d 13h 23m0s,109.383,Active,melbourne,MELBOURNE,lot
2026-05-08T20:37:11.349831+00:00,https://www.grays.com/lot/0060-23500029/motor-vehicles-motor-cycles/2016-renault-captur-expression-auto-fwd-suv,109.0,109.0,3,4d 13h 22m48s,109.38,Active,melbourne,MELBOURNE,lot
2026-05-08T20:37:20.605857+00:00,https://www.grays.com/lot/0061-23500029/motor-vehicles-motor-cycles/2015-hyundai-i20-active-auto-hatchback,9.0,9.0,0,4d 13h 22m39s,109.377,Active,melbourne,MELBOURNE,lot
2026-05-08T20:37:30.473350+00:00,https://www.grays.com/lot/0062-23500029/motor-vehicles-motor-cycles/2013-mazda-cx-9-grand-touring-auto-awd-suv,9.0,9.0,0,4d 13h 22m28s,109.374,Active,melbourne,MELBOURNE,lot
2026-05-08T20:37:39.933162+00:00,https://www.grays.com/lot/0063-23500029/motor-vehicles-motor-cycles/2016-volkswagen-touareg-180tdi-auto-awd-suv,209.0,209.0,5,4d 13h 22m20s,109.372,Active,melbourne,MELBOURNE,lot
2026-05-08T20:37:50.852838+00:00,https://www.grays.com/lot/0064-23500029/motor-vehicles-motor-cycles/2005-toyota-corolla-ascent-zze122r-auto-hatchback,9.0,9.0,0,4d 13h 22m9s,109.369,Active,melbourne,MELBOURNE,lot
2026-05-08T20:38:01.468861+00:00,https://www.grays.com/lot/0065-23500029/motor-vehicles-motor-cycles/2007-mitsubishi-380-sx-auto-fwd-sedan,9.0,9.0,2,4d 13h 21m58s,109.366,Active,melbourne,MELBOURNE,lot
2026-05-08T20:38:09.373501+00:00,https://www.grays.com/lot/0066-23500029/motor-vehicles-motor-cycles/2011-volkswagen-polo-comfortline-auto-fwd-hatchback,409.0,409.0,3,4d 13h 21m50s,109.364,Active,melbourne,MELBOURNE,lot
2026-05-08T20:38:16.501375+00:00,https://www.grays.com/lot/0067-23500029/motor-vehicles-motor-cycles/2017-volkswagen-tiguan-comfortline-132tsi-auto-awd-suv,109.0,109.0,2,4d 13h 21m43s,109.362,Active,melbourne,MELBOURNE,lot
2026-05-08T20:38:24.078885+00:00,https://www.grays.com/lot/0068-23500029/motor-vehicles-motor-cycles/2018-peugeot-3008-gt-line-auto-fwd-suv,209.0,209.0,3,4d 13h 21m36s,109.36,Active,melbourne,MELBOURNE,lot
2026-05-08T20:38:35.205205+00:00,https://www.grays.com/lot/0069-23500029/motor-vehicles-motor-cycles/2014-mazda-6-atenza-auto-fwd-wagon,9.0,9.0,0,4d 13h 21m26s,109.357,Active,melbourne,MELBOURNE,lot
2026-05-08T20:38:45.236554+00:00,https://www.grays.com/lot/0071-23500029/motor-vehicles-motor-cycles/2015-nissan-pathfinder-st-l-mild-hybrid-petrol,9.0,9.0,0,4d 13h 21m15s,109.354,Active,melbourne,MELBOURNE,lot
2026-05-08T20:38:56.650400+00:00,https://www.grays.com/lot/0073-23500029/motor-vehicles-motor-cycles/2011-audi-a4-petrol,109.0,109.0,2,4d 13h 21m4s,109.351,Active,melbourne,MELBOURNE,lot
2026-05-08T20:39:04.880220+00:00,https://www.grays.com/lot/0074-23500029/motor-vehicles-motor-cycles/2016-nissan-x-trail-st-petrol-ex-gov,309.0,309.0,6,4d 13h 20m55s,109.349,Active,melbourne,MELBOURNE,lot
2026-05-08T20:39:13.997293+00:00,https://www.grays.com/lot/0075-23500029/motor-vehicles-motor-cycles/2002-mercedes-benz-c-class-c32-amg-petrol,2009.0,2009.0,40,4d 13h 20m45s,109.346,Active,melbourne,MELBOURNE,lot
2026-05-08T20:39:22.340929+00:00,https://www.grays.com/lot/0076-23500029/motor-vehicles-motor-cycles/2012-nissan-tiida-ti-petrol,9.0,9.0,0,4d 13h 20m38s,109.344,Active,melbourne,MELBOURNE,lot
2026-05-08T20:39:30.458249+00:00,https://www.grays.com/lot/0077-23500029/motor-vehicles-motor-cycles/2013-peugeot-4008-active-petrol,9.0,9.0,1,4d 13h 20m30s,109.342,Active,melbourne,MELBOURNE,lot
2026-05-08T20:39:38.432508+00:00,https://www.grays.com/lot/0078-23500029/motor-vehicles-motor-cycles/2016-peugeot-3008-active-petrol,9.0,9.0,1,4d 13h 20m21s,109.339,Active,melbourne,MELBOURNE,lot
2026-05-08T20:39:46.992355+00:00,https://www.grays.com/lot/0079-23500029/motor-vehicles-motor-cycles/2012-volkswagen-passat-diesel,109.0,109.0,2,4d 13h 20m13s,109.337,Active,melbourne,MELBOURNE,lot
2026-05-08T20:39:57.963039+00:00,https://www.grays.com/lot/0080-23500029/motor-vehicles-motor-cycles/2015-bmw-x4-xdrive35d-m-sport-diesel,309.0,309.0,4,4d 13h 20m2s,109.334,Active,melbourne,MELBOURNE,lot
2026-05-08T20:40:09.000562+00:00,https://www.grays.com/lot/0081-23500029/motor-vehicles-motor-cycles/2017-mazda-cx-5-gt-auto-awd-suv,209.0,209.0,4,4d 13h 19m51s,109.331,Active,melbourne,MELBOURNE,lot
2026-05-08T20:40:19.839827+00:00,https://www.grays.com/lot/0082-23500029/motor-vehicles-motor-cycles/2013-jeep-wrangler-sport-4x4-suv,499.0,499.0,7,4d 13h 19m40s,109.328,Active,melbourne,MELBOURNE,lot
2026-05-08T20:40:30.480934+00:00,https://www.grays.com/lot/0083-23500029/motor-vehicles-motor-cycles/2017-land-rover-discovery-sport-td4-se-auto-awd-suv,9.0,9.0,0,4d 13h 19m29s,109.325,Active,melbourne,MELBOURNE,lot
2026-05-08T20:40:40.269135+00:00,https://www.grays.com/lot/0084-23500029/motor-vehicles-motor-cycles/2013-volkswagen-golf-highline-auto-fwd-hatchback,9.0,9.0,0,4d 13h 19m19s,109.322,Active,melbourne,MELBOURNE,lot
2026-05-08T20:40:49.735182+00:00,https://www.grays.com/lot/0085-23500029/motor-vehicles-motor-cycles/2015-nissan-x-trail-ti-awd-wagon,109.0,109.0,2,4d 13h 19m11s,109.32,Active,melbourne,MELBOURNE,lot
2026-05-08T20:40:59.847043+00:00,https://www.grays.com/lot/0086-23500029/motor-vehicles-motor-cycles/2008-mazda-2-genki-auto-hatchback,9.0,9.0,1,4d 13h 19m0s,109.317,Active,melbourne,MELBOURNE,lot
2026-05-08T20:41:10.297225+00:00,https://www.grays.com/lot/0087-23500029/motor-vehicles-motor-cycles/2019-nissan-pathfinder-st-r52-rwd-suv,9.0,9.0,1,4d 13h 18m50s,109.314,Active,melbourne,MELBOURNE,lot
2026-05-08T20:41:19.402832+00:00,https://www.grays.com/lot/0088-23500029/motor-vehicles-motor-cycles/2013-audi-q3-tfsi-quattro-auto-awd-suv,9.0,9.0,1,4d 13h 18m41s,109.311,Active,melbourne,MELBOURNE,lot
2026-05-08T20:41:30.509815+00:00,https://www.grays.com/lot/0090-23500029/motor-vehicles-motor-cycles/2016-peugeot-508-active-auto-fwd-wagon,109.0,109.0,2,4d 13h 18m29s,109.308,Active,melbourne,MELBOURNE,lot
2026-05-08T20:41:40.827644+00:00,https://www.grays.com/lot/0093-23500029/motor-vehicles-motor-cycles/2013-nissan-dualis-st-turbo-diesel,9.0,9.0,0,4d 13h 18m19s,109.305,Active,melbourne,MELBOURNE,lot
2026-05-08T20:41:51.397768+00:00,https://www.grays.com/lot/0094-23500029/motor-vehicles-motor-cycles/2011-nissan-dualis-st-petrol,9.0,9.0,0,4d 13h 18m9s,109.302,Active,melbourne,MELBOURNE,lot
2026-05-08T20:41:59.905395+00:00,https://www.grays.com/lot/0095-23500029/motor-vehicles-motor-cycles/2021-ford-everest-sport-auto-4x4-suv,8844.0,8844.0,152,4d 13h 18m0s,109.3,Active,melbourne,MELBOURNE,lot
2026-05-08T20:42:09.597483+00:00,https://www.grays.com/lot/0096-23500029/motor-vehicles-motor-cycles/2021-subaru-outback-awd-petrol-auto-ex-lease,3700.0,3700.0,19,4d 13h 17m50s,109.297,Active,melbourne,MELBOURNE,lot
2026-05-08T20:42:18.584075+00:00,https://www.grays.com/lot/0097-23500029/motor-vehicles-motor-cycles/2015-holden-trax-active-auto-fwd-suv,9.0,9.0,1,4d 13h 17m41s,109.295,Active,melbourne,MELBOURNE,lot
2026-05-08T20:42:32.575695+00:00,https://www.grays.com/lot/0001-10353555/motor-vehicles-motor-cycles/2020-toyota-corolla-ascent-sport-hybrid-wovr-inspected,11500.0,11500.0,185,1d 13h 17m27s,37.291,Active,nsw,NSW,lot
2026-05-08T20:42:42.033941+00:00,https://www.grays.com/lot/0001-21066064/motor-vehicles-motor-cycles/2017-land-rover-range-rover-3-0-tdv6-se-automatic-wagon-wovr-inspected,15200.0,15200.0,67,2d 13h 17m19s,61.289,Active,vic,VIC,lot
2026-05-08T20:43:02.883901+00:00,https://www.grays.com/lot/0001-21066066/motor-vehicles-motor-cycles/2005-mercedes-benz-slk-class-slk55-amg-r171-wovr-inspected,14000.0,14000.0,144,1d 13h 16m56s,37.282,Active,vic,VIC,lot
2026-05-08T20:43:23.480579+00:00,https://www.grays.com/lot/0001-50517986/motor-vehicles-motor-cycles/2016-kia-picanto-si-ta-automatic-hatch-wovr-inspected,1450.0,1450.0,17,4d 13h 16m36s,109.277,Active,qld,QLD,lot
2026-05-08T20:43:44.562635+00:00,https://www.grays.com/lot/0001-50517995/motor-vehicles-motor-cycles/2018-mercedes-benz-a-class-a-200-w177-automatic-hatch-wovr-inspected,509.0,509.0,6,4d 13h 16m16s,109.271,Active,qld,QLD,lot
2026-05-08T20:44:10.095099+00:00,https://www.grays.com/lot/0001-50715702/motor-vehicles-motor-cycles/2018-volkswagen-amarok-tdi580-ultimate-2h-tdi-auto-wovr-inspected,2200.0,2200.0,6,4d 13h 15m49s,109.264,Active,qld,QLD,lot
2026-05-08T20:44:17.960055+00:00,https://www.grays.com/lot/0001-50715733/motor-vehicles-motor-cycles/2010-land-rover-freelander-automatic-wagon-wovr-inspected,900.0,900.0,0,3d 13h 15m42s,85.262,Active,qld,QLD,lot
2026-05-08T20:44:28.794125+00:00,https://www.grays.com/lot/0001-9068548/motor-vehicles-motor-cycles/2013-ford-territory-automatic-7-seats-wagon-wovr-repairable,109.0,109.0,2,3d 14h 45m31s,86.759,Active,wa,WA,lot
2026-05-08T20:44:39.477217+00:00,https://www.grays.com/lot/0003-23500023/motor-vehicles-motor-cycles/2007-toyota-corolla-ascent-petrol-wovr-repairable,1001.0,1001.0,17,2d 13h 15m20s,61.256,Active,melbourne,MELBOURNE,lot
2026-05-08T22:00:49.464233+00:00,https://www.grays.com/lot/0001-50715700/motor-vehicles-motor-cycles/2016-mazda-cx-5-maxx-sport-awd-ke-turbo-diesel-automatic-wagon,109.0,109.0,2,4d 11h 59m10s,107.986,Active,qld,QLD,lot
2026-05-08T22:01:02.145010+00:00,https://www.grays.com/lot/0001-50715730/motor-vehicles-motor-cycles/2015-mazda-cx-5-maxx-sport-ke-turbo-diesel-automatic-wagon,109.0,109.0,2,4d 11h 58m57s,107.983,Active,qld,QLD,lot
2026-05-08T22:01:13.435310+00:00,https://www.grays.com/lot/0003-23500030/motor-vehicles-motor-cycles/2018-toyota-corolla-ascent-petrol-auto-ex-lease,2100.0,2100.0,30,2d 11h 58m46s,59.979,Active,melbourne,MELBOURNE,lot
2026-05-08T22:01:24.921834+00:00,https://www.grays.com/lot/0006-23500030/motor-vehicles-motor-cycles/2018-toyota-corolla-ascent-petrol-auto-ex-lease,2100.0,2100.0,26,2d 11h 58m35s,59.976,Active,melbourne,MELBOURNE,lot
2026-05-08T22:01:38.909943+00:00,https://www.grays.com/lot/0024-23500027/motor-vehicles-motor-cycles/2011-toyota-yaris-yr-petrol,2109.0,2109.0,32,3d 11h 58m20s,83.972,Active,melbourne,MELBOURNE,lot
2026-05-08T23:02:19.248069+00:00,https://www.grays.com/lot/0001-10353500/motor-vehicles-motor-cycles/2013-holden-colorado-4x2-lt-rg-turbo-diesel-automatic-dual-cab,9.0,9.0,1,3d 10h 57m41s,82.961,Active,nsw,NSW,lot
2026-05-08T23:02:40.424882+00:00,https://www.grays.com/lot/0001-10353554/motor-vehicles-motor-cycles/2014-mercedes-benz-c-250-c250-bluetec-w205-turbo-diesel-automatic-sedan,5900.0,5900.0,57,1d 10h 57m20s,34.956,Active,nsw,NSW,lot
2026-05-08T23:03:05.219106+00:00,https://www.grays.com/lot/0001-10353556/motor-vehicles-motor-cycles/2011-ford-territory-titanium-sz-turbo-diesel-automatic-7-seats-wagon,709.0,709.0,9,1d 10h 56m55s,34.949,Active,nsw,NSW,lot
2026-05-08T23:03:24.251182+00:00,https://www.grays.com/lot/0001-10353557/motor-vehicles-motor-cycles/2005-lexus-is-250-is250-prestige-automatic-sedan,709.0,709.0,13,1d 10h 56m36s,34.943,Active,nsw,NSW,lot
2026-05-08T23:03:44.687123+00:00,https://www.grays.com/lot/0001-10353558/motor-vehicles-motor-cycles/2014-peugeot-308-allure-automatic-hatchback,1109.0,1109.0,12,1d 10h 56m15s,34.938,Active,nsw,NSW,lot
2026-05-08T23:04:06.647319+00:00,https://www.grays.com/lot/0001-10353562/motor-vehicles-motor-cycles/2013-ford-ranger-automatic-xlt-4x4-pickup,4400.0,4400.0,31,1d 10h 55m53s,34.931,Active,nsw,NSW,lot
2026-05-08T23:04:22.971816+00:00,https://www.grays.com/lot/0001-10353563/motor-vehicles-motor-cycles/2018-mitsubishi-pajero-gls-nx-turbo-diesel-automatic-7-seats-wagon,14149.0,14149.0,163,1d 10h 55m37s,34.927,Active,nsw,NSW,lot
2026-05-08T23:04:43.965793+00:00,https://www.grays.com/lot/0001-10353564/motor-vehicles-motor-cycles/2011-hyundai-ix35-highlander-lm-automatic-wagon,2309.0,2309.0,29,1d 10h 55m15s,34.921,Active,nsw,NSW,lot
2026-05-08T23:05:01.290006+00:00,https://www.grays.com/lot/0001-10353565/motor-vehicles-motor-cycles/2008-mitsubishi-pajero-vrx-ns-turbo-diesel-automatic-wagon,9.0,9.0,1,3d 10h 54m58s,82.916,Active,nsw,NSW,lot
2026-05-08T23:05:14.048133+00:00,https://www.grays.com/lot/0001-10353566/motor-vehicles-motor-cycles/2016-audi-rs3-automatic-hatchback,28600.0,28600.0,112,1d 10h 54m46s,34.913,Active,nsw,NSW,lot
2026-05-08T23:05:29.863510+00:00,https://www.grays.com/lot/0001-10353567/motor-vehicles-motor-cycles/2002-mitsubishi-airtrek-turbo-cu2w-automatic-wagon-import,3500.0,3500.0,68,1d 10h 54m30s,34.908,Active,nsw,NSW,lot
2026-05-08T23:05:47.064326+00:00,https://www.grays.com/lot/0001-10353568/motor-vehicles-motor-cycles/2015-volkswagen-jetta-103tdi-highline-1b-turbo-diesel-automatic-sedan,609.0,609.0,11,1d 10h 54m12s,34.903,Active,nsw,NSW,lot
2026-05-08T23:05:58.466359+00:00,https://www.grays.com/lot/0001-10353569/motor-vehicles-motor-cycles/2008-holden-ute-ss-v-series-ve-automatic-pick-up,9200.0,9200.0,57,1d 10h 54m0s,34.9,Active,nsw,NSW,lot
2026-05-08T23:06:13.363800+00:00,https://www.grays.com/lot/0001-10353570/motor-vehicles-motor-cycles/2015-porsche-cayenne-diesel-92a-turbo-diesel-automatic-8-speed-wagon,18400.0,18400.0,185,1d 10h 53m47s,34.896,Active,nsw,NSW,lot
2026-05-08T23:06:30.492528+00:00,https://www.grays.com/lot/0001-10353571/motor-vehicles-motor-cycles/2008-holden-ute-omega-ve-automatic-ute,3600.0,3600.0,53,1d 10h 53m30s,34.892,Active,nsw,NSW,lot
2026-05-08T23:06:48.672086+00:00,https://www.grays.com/lot/0001-10353572/motor-vehicles-motor-cycles/2004-toyota-corolla-conquest-zze122r-automatic-wagon,1120.0,1120.0,16,1d 10h 53m12s,34.887,Active,nsw,NSW,lot
2026-05-08T23:07:09.596875+00:00,https://www.grays.com/lot/0001-10353573/motor-vehicles-motor-cycles/2021-ford-ranger-4x4-xlt-px-iii-turbo-diesel-automatic-pick-up,20100.0,20100.0,74,1d 10h 52m50s,34.881,Active,nsw,NSW,lot
2026-05-08T23:07:29.546739+00:00,https://www.grays.com/lot/0001-10353575/motor-vehicles-motor-cycles/2020-jeep-compass-limited-bg-automatic-wagon,4709.0,4709.0,66,1d 10h 52m31s,34.875,Active,nsw,NSW,lot
2026-05-08T23:07:46.841467+00:00,https://www.grays.com/lot/0001-10353576/motor-vehicles-motor-cycles/2009-subaru-impreza-wrx-g3-manual-sedan,3300.0,3300.0,34,1d 10h 52m14s,34.871,Active,nsw,NSW,lot
2026-05-08T23:08:08.696095+00:00,https://www.grays.com/lot/0001-10353578/motor-vehicles-motor-cycles/2011-bmw-x6-xdrive-30d-e71-turbo-diesel-automatic-8-speed-wagon,4200.0,4200.0,49,1d 10h 51m51s,34.864,Active,nsw,NSW,lot
2026-05-08T23:08:27.410413+00:00,https://www.grays.com/lot/0001-10353580/motor-vehicles-motor-cycles/2011-mazda-cx-9-luxury-awd-tb-5-automatic-7-seats-wagon,1209.0,1209.0,15,1d 10h 51m33s,34.859,Active,nsw,NSW,lot
2026-05-08T23:08:49.162427+00:00,https://www.grays.com/lot/0001-10353581/motor-vehicles-motor-cycles/2022-hyundai-i30-automatic-hatchback,8200.0,8200.0,93,1d 10h 51m11s,34.853,Active,nsw,NSW,lot
2026-05-08T23:09:11.323188+00:00,https://www.grays.com/lot/0001-10353584/motor-vehicles-motor-cycles/2010-mercedes-benz-c250-be-avantgarde-w204-automatic-sedan,309.0,309.0,4,2d 10h 50m48s,58.847,Active,nsw,NSW,lot
2026-05-08T23:09:33.581954+00:00,https://www.grays.com/lot/0001-10353585/motor-vehicles-motor-cycles/2014-ford-ranger-xl-4x2-hi-rider-px-turbo-diesel-automatic-crew-cab-chassis,109.0,109.0,3,2d 10h 50m26s,58.841,Active,nsw,NSW,lot
2026-05-08T23:09:55.196254+00:00,https://www.grays.com/lot/0001-10353586/motor-vehicles-motor-cycles/2003-lexus-rx-rx330-sports-mcu38r-automatic-wagon,9.0,9.0,0,4d 10h 55m4s,106.918,Active,nsw,NSW,lot
2026-05-08T23:10:11.580423+00:00,https://www.grays.com/lot/0001-10353588/motor-vehicles-motor-cycles/2014-porsche-cayenne-diesel-92a-turbo-diesel-automatic-8-speed-wagon,6300.0,6300.0,28,2d 10h 49m48s,58.83,Active,nsw,NSW,lot
2026-05-08T23:10:33.594505+00:00,https://www.grays.com/lot/0001-10353590/motor-vehicles-motor-cycles/2000-toyota-landcruiser-prado-gxl-4x4-vzj95r-automatic-8-seats-wagon,400.0,400.0,6,2d 10h 49m27s,58.824,Active,nsw,NSW,lot
2026-05-08T23:10:45.288121+00:00,https://www.grays.com/lot/0001-10353591/motor-vehicles-motor-cycles/2016-land-rover-discovery-sport-sd4-hse-turbo-diesel-9-auto-wagon,9.0,9.0,2,2d 10h 49m15s,58.821,Active,nsw,NSW,lot
2026-05-08T23:11:03.237908+00:00,https://www.grays.com/lot/0001-10353592/motor-vehicles-motor-cycles/2013-nissan-pathfinder-ti-r52-cvt-7-seats-wagon,259.0,259.0,6,4d 10h 18m57s,106.316,Active,nsw,NSW,lot
2026-05-08T23:11:19.243618+00:00,https://www.grays.com/lot/0001-10353593/motor-vehicles-motor-cycles/2008-honda-cr-v-re-automatic-wagon,209.0,209.0,3,2d 11h 48m41s,59.811,Active,nsw,NSW,lot
2026-05-08T23:11:42.195638+00:00,https://www.grays.com/lot/0001-10353598/motor-vehicles-motor-cycles/2008-mazda-6-luxury-sports-gh-automatic-hatchback,9.0,9.0,1,2d 10h 48m18s,58.805,Active,nsw,NSW,lot
2026-05-08T23:12:02.902541+00:00,https://www.grays.com/lot/0001-10353599/motor-vehicles-motor-cycles/2011-ford-falcon-fg-automatic-ute,809.0,809.0,17,2d 10h 47m56s,58.799,Active,nsw,NSW,lot
2026-05-08T23:12:25.162866+00:00,https://www.grays.com/lot/0001-10353601/motor-vehicles-motor-cycles/2009-jeep-patriot-sport-mk-cvt-wagon,9.0,9.0,0,4d 10h 47m34s,106.793,Active,nsw,NSW,lot
2026-05-08T23:12:39.009897+00:00,https://www.grays.com/lot/0001-10353602/motor-vehicles-motor-cycles/2014-porsche-macan-s-diesel-95b-turbo-diesel-automatic-wagon,4809.0,4809.0,94,4d 10h 47m20s,106.789,Active,nsw,NSW,lot
2026-05-08T23:12:55.707701+00:00,https://www.grays.com/lot/0001-10353604/motor-vehicles-motor-cycles/2013-jeep-compass-sport-cvt-wagon,9.0,9.0,0,4d 10h 47m3s,106.784,Active,nsw,NSW,lot
2026-05-08T23:13:11.156720+00:00,https://www.grays.com/lot/0001-10353608/motor-vehicles-motor-cycles/2012-audi-q3-2-0-tsfi-quattro-125kw-8u-automatic-wagon,309.0,309.0,4,3d 10h 51m49s,82.864,Active,nsw,NSW,lot
2026-05-08T23:13:28.644408+00:00,https://www.grays.com/lot/0001-10353611/motor-vehicles-motor-cycles/2018-ford-ranger-4x4-xl-px-ii-turbo-diesel-automatic-cab-chassis,609.0,609.0,7,4d 10h 16m30s,106.275,Active,nsw,NSW,lot
2026-05-08T23:13:47.131674+00:00,https://www.grays.com/lot/0001-10353613/motor-vehicles-motor-cycles/2014-holden-commodore-sv6-storm-special-ed-vf-automatic-wagon,709.0,709.0,10,4d 10h 46m14s,106.771,Active,nsw,NSW,lot
2026-05-08T23:14:02.134052+00:00,https://www.grays.com/lot/0001-10353614/motor-vehicles-motor-cycles/2014-ford-kuga-awd-ambiente-tf-automatic-wagon,9.0,9.0,0,4d 10h 45m57s,106.766,Active,nsw,NSW,lot
2026-05-08T23:14:17.640662+00:00,https://www.grays.com/lot/0001-10353615/motor-vehicles-motor-cycles/2018-bmw-x6-xdrive-30d-f16-turbo-diesel-automatic-8-speed-wagon,6600.0,6600.0,61,4d 10h 45m41s,106.761,Active,nsw,NSW,lot
2026-05-08T23:14:34.618154+00:00,https://www.grays.com/lot/0001-10353625/motor-vehicles-motor-cycles/2017-land-rover-discovery-2-0-sd4-hse-series-5-t-diesel-auto-7-seats-wagon,9.0,9.0,1,4d 10h 45m26s,106.757,Active,nsw,NSW,lot
2026-05-08T23:14:52.669750+00:00,https://www.grays.com/lot/0001-10353632/motor-vehicles-motor-cycles/1997-toyota-landcruiser-prado-vx-vzj95r-automatic-8-seats-wagon,9.0,9.0,0,4d 10h 45m8s,106.752,Active,nsw,NSW,lot
2026-05-08T23:15:09.397829+00:00,https://www.grays.com/lot/0001-10353635/motor-vehicles-motor-cycles/2010-toyota-hilux-sr-4x4-kun26r-turbo-diesel-manual-crew-cab-chassis,9.0,9.0,0,4d 10h 44m51s,106.748,Active,nsw,NSW,lot
2026-05-08T23:15:24.976065+00:00,https://www.grays.com/lot/0001-10353636/motor-vehicles-motor-cycles/2017-land-rover-range-rover-evoque-td4-150-se-lv-turbo-diesel-9-auto-wagon,209.0,209.0,3,3d 10h 44m35s,82.743,Active,nsw,NSW,lot
2026-05-08T23:15:41.432912+00:00,https://www.grays.com/lot/0001-10353637/motor-vehicles-motor-cycles/2018-honda-cr-v-2wd-vti-s-rw-cvt-wagon,109.0,109.0,2,4d 10h 44m17s,106.738,Active,nsw,NSW,lot
2026-05-08T23:16:02.486821+00:00,https://www.grays.com/lot/0001-10353638/motor-vehicles-motor-cycles/2011-holden-commodore-omega-ve-ii-automatic-sedan,9.0,9.0,0,4d 10h 43m58s,106.733,Active,nsw,NSW,lot
2026-05-08T23:16:24.550697+00:00,https://www.grays.com/lot/0001-10353639/motor-vehicles-motor-cycles/2017-mitsubishi-lancer-black-edition-cf-cvt-sedan,109.0,109.0,2,4d 10h 43m36s,106.727,Active,nsw,NSW,lot
2026-05-08T23:16:40.549542+00:00,https://www.grays.com/lot/0001-10353642/motor-vehicles-motor-cycles/2019-mazda-bt-50-4x4-xt-turbo-diesel-automatic-pick-up,109.0,109.0,2,3d 10h 43m20s,82.722,Active,nsw,NSW,lot
2026-05-08T23:17:03.912472+00:00,https://www.grays.com/lot/0001-10353643/motor-vehicles-motor-cycles/2012-mazda-3-neo-bl-automatic-sedan,109.0,109.0,3,4d 10h 42m56s,106.716,Active,nsw,NSW,lot
2026-05-08T23:17:18.774043+00:00,https://www.grays.com/lot/0001-10353644/motor-vehicles-motor-cycles/2016-mazda-2-neo-dl-series-manual-hatchback,209.0,209.0,3,4d 10h 42m40s,106.711,Active,nsw,NSW,lot
2026-05-08T23:17:35.093436+00:00,https://www.grays.com/lot/0001-10353646/motor-vehicles-motor-cycles/2010-hyundai-ix35-active-fwd-lm-automatic-wagon,9.0,9.0,0,4d 10h 42m25s,106.707,Active,nsw,NSW,lot
2026-05-08T23:17:54.746195+00:00,https://www.grays.com/lot/0001-10353647/motor-vehicles-motor-cycles/2004-holden-ute-ss-vy-automatic-pick-up,7700.0,7700.0,87,4d 10h 42m5s,106.701,Active,nsw,NSW,lot
2026-05-08T23:18:12.023907+00:00,https://www.grays.com/lot/0001-10353648/motor-vehicles-motor-cycles/2017-ford-ranger-4x4-xl-px-ii-turbo-diesel-manual-cab-chassis,1000.0,1000.0,4,4d 10h 41m49s,106.697,Active,nsw,NSW,lot
2026-05-08T23:18:30.074079+00:00,https://www.grays.com/lot/0001-10353650/motor-vehicles-motor-cycles/2014-mitsubishi-outlander-phev-5-seat-4wd-zj-direct-drive-wagon,9.0,9.0,0,4d 10h 41m29s,106.691,Active,nsw,NSW,lot
2026-05-08T23:18:45.335151+00:00,https://www.grays.com/lot/0001-10353651/motor-vehicles-motor-cycles/2016-jaguar-xe-20d-prestige-turbo-diesel-automatic-8-speed-sedan,409.0,409.0,5,4d 10h 41m14s,106.687,Active,nsw,NSW,lot
2026-05-08T23:19:08.672912+00:00,https://www.grays.com/lot/0001-10353655/motor-vehicles-motor-cycles/2018-mazda-cx-8-sport-fwd-kg-turbo-diesel-automatic-7-seats-wagon,9.0,9.0,0,4d 10h 40m51s,106.681,Active,nsw,NSW,lot
2026-05-08T23:19:22.890983+00:00,https://www.grays.com/lot/0001-10353656/motor-vehicles-motor-cycles/2014-renault-captur-expression-manual-wagon,9.0,9.0,1,4d 10h 40m38s,106.677,Active,nsw,NSW,lot
2026-05-08T23:19:43.409815+00:00,https://www.grays.com/lot/0001-10353657/motor-vehicles-motor-cycles/2015-renault-captur-expression-automatic-wagon,9.0,9.0,1,4d 10h 40m16s,106.671,Active,nsw,NSW,lot
2026-05-08T23:19:56.150608+00:00,https://www.grays.com/lot/0001-10913047/motor-vehicles-motor-cycles/2017-mazda-cx-5-maxx-kf-automatic-wagon,5600.0,5600.0,73,1d 10h 40m4s,34.668,Active,nsw,NSW,lot
2026-05-08T23:20:07.374509+00:00,https://www.grays.com/lot/0001-10913051/motor-vehicles-motor-cycles/2010-nissan-dualis-st-2wd-j10-cvt-wagon,9.0,9.0,0,2d 10h 39m53s,58.665,Active,nsw,NSW,lot
2026-05-08T23:20:16.994480+00:00,https://www.grays.com/lot/0001-10913053/motor-vehicles-motor-cycles/2016-honda-hrv-automatic-hatch,2800.0,2800.0,30,2d 10h 39m43s,58.662,Active,nsw,NSW,lot
2026-05-08T23:20:27.819351+00:00,https://www.grays.com/lot/0001-10913054/motor-vehicles-motor-cycles/2013-mazda-cx-5-maxx-awd-ke-automatic-wagon,1900.0,1900.0,29,2d 10h 39m31s,58.659,Active,nsw,NSW,lot
2026-05-08T23:20:40.372592+00:00,https://www.grays.com/lot/0001-10913056/motor-vehicles-motor-cycles/2018-volvo-xc60-t6-r-design-automatic-8-speed-wagon,2500.0,2500.0,17,4d 10h 39m19s,106.655,Active,nsw,NSW,lot
2026-05-08T23:20:49.190313+00:00,https://www.grays.com/lot/0001-21066068/motor-vehicles-motor-cycles/2012-jeep-patriot-sport-mk-cvt-wagon,9.0,9.0,1,1d 10h 39m10s,34.653,Active,vic,VIC,lot
2026-05-08T23:21:04.695530+00:00,https://www.grays.com/lot/0001-21066078/motor-vehicles-motor-cycles/2009-mercedes-benz-c200-k-classic-w204-automatic-sedan,109.0,109.0,2,3d 10h 43m54s,82.732,Active,vic,VIC,lot
2026-05-08T23:21:21.240862+00:00,https://www.grays.com/lot/0001-21066095/motor-vehicles-motor-cycles/2004-toyota-landcruiser-prado-gx-grj120r-automatic-8-seats-wagon,2000.0,2000.0,15,1d 10h 38m39s,34.644,Active,vic,VIC,lot
2026-05-08T23:21:37.285309+00:00,https://www.grays.com/lot/0001-21066096/motor-vehicles-motor-cycles/2012-volkswagen-cc-125tdi-3cc-turbo-diesel-automatic-coupe,1209.0,1209.0,19,1d 10h 38m22s,34.639,Active,vic,VIC,lot
2026-05-08T23:21:46.466515+00:00,https://www.grays.com/lot/0001-21066097/motor-vehicles-motor-cycles/2014-peugeot-308-allure-automatic-hatchback,1209.0,1209.0,20,1d 10h 38m14s,34.637,Active,vic,VIC,lot
2026-05-08T23:21:55.246425+00:00,https://www.grays.com/lot/0001-21066098/motor-vehicles-motor-cycles/2016-renault-kangoo-automatic-van,209.0,209.0,3,3d 10h 38m5s,82.635,Active,vic,VIC,lot
2026-05-08T23:22:12.415017+00:00,https://www.grays.com/lot/0001-21066100/motor-vehicles-motor-cycles/2005-volvo-xc70-se-automatic-wagon,309.0,309.0,6,1d 10h 37m47s,34.63,Active,vic,VIC,lot
2026-05-08T23:22:22.163212+00:00,https://www.grays.com/lot/0001-21066101/motor-vehicles-motor-cycles/2011-mercedes-benz-c250-be-avantgarde-w204-automatic-sedan,2600.0,2600.0,35,1d 10h 37m38s,34.627,Active,vic,VIC,lot
2026-05-08T23:22:38.984405+00:00,https://www.grays.com/lot/0001-21066102/motor-vehicles-motor-cycles/2014-jeep-compass-limited-cvt-wagon,1300.0,1300.0,15,1d 10h 37m21s,34.623,Active,vic,VIC,lot
2026-05-08T23:22:59.649766+00:00,https://www.grays.com/lot/0001-21066103/motor-vehicles-motor-cycles/2007-lexus-rx-350-rx350-sports-gsu35r-automatic-wagon,609.0,609.0,13,1d 10h 37m0s,34.617,Active,vic,VIC,lot
2026-05-08T23:23:19.424129+00:00,https://www.grays.com/lot/0001-21066104/motor-vehicles-motor-cycles/2015-bmw-x5-xdrive-30d-f15-turbo-diesel-automatic-8-speed-wagon,9100.0,9100.0,86,1d 10h 36m41s,34.611,Active,vic,VIC,lot
2026-05-08T23:23:41.000903+00:00,https://www.grays.com/lot/0001-21066105/motor-vehicles-motor-cycles/2013-land-rover-range-rover-evoque-td4-pure-turbo-diesel-automatic-wagon,7702.0,7702.0,88,1d 10h 36m19s,34.605,Active,vic,VIC,lot
2026-05-08T23:23:56.754923+00:00,https://www.grays.com/lot/0001-21066113/motor-vehicles-motor-cycles/2012-holden-caprice-wm-ii-automatic-sedan,1400.0,1400.0,17,2d 10h 36m2s,58.601,Active,vic,VIC,lot
2026-05-08T23:24:12.581857+00:00,https://www.grays.com/lot/0001-21066114/motor-vehicles-motor-cycles/2008-volkswagen-polo-pacific-9n-automatic-hatchback,9.0,9.0,0,2d 10h 35m48s,58.597,Active,vic,VIC,lot
2026-05-08T23:24:27.883343+00:00,https://www.grays.com/lot/0001-21066115/motor-vehicles-motor-cycles/2015-mitsubishi-triton-4x4-glx-mn-turbo-diesel-manual-dual-cab,1999.0,1999.0,15,2d 10h 35m32s,58.592,Active,vic,VIC,lot
2026-05-08T23:24:43.542820+00:00,https://www.grays.com/lot/0001-21066116/motor-vehicles-motor-cycles/2017-peugeot-3008-active-automatic-hatchback,409.0,409.0,5,2d 10h 35m16s,58.588,Active,vic,VIC,lot
2026-05-08T23:24:52.866236+00:00,https://www.grays.com/lot/0001-21066117/motor-vehicles-motor-cycles/2012-jaguar-xf-3-0d-luxury-turbo-diesel-automatic-8-speed-sedan,1609.0,1609.0,29,2d 10h 35m8s,58.586,Active,vic,VIC,lot
2026-05-08T23:25:11.336718+00:00,https://www.grays.com/lot/0001-21066118/motor-vehicles-motor-cycles/2014-bmw-x3-xdrive-20d-f25-turbo-diesel-automatic-8-speed-wagon,909.0,909.0,15,2d 10h 34m48s,58.58,Active,vic,VIC,lot
2026-05-08T23:25:30.824763+00:00,https://www.grays.com/lot/0001-21066120/motor-vehicles-motor-cycles/2013-audi-q3-2-0-tfsi-quattro-8u-automatic-wagon,4200.0,4200.0,61,2d 10h 34m29s,58.575,Active,vic,VIC,lot
2026-05-08T23:25:39.583601+00:00,https://www.grays.com/lot/0001-21066121/motor-vehicles-motor-cycles/2008-bmw-120i-e88-automatic-convertible,509.0,509.0,6,2d 10h 34m19s,58.572,Active,vic,VIC,lot
2026-05-08T23:25:57.315557+00:00,https://www.grays.com/lot/0001-21066122/motor-vehicles-motor-cycles/2016-ford-ranger-xlt-4x4-px-ii-turbo-diesel-automatic-dual-cab,13100.0,13100.0,34,3d 10h 34m3s,82.567,Active,vic,VIC,lot
2026-05-08T23:26:07.040687+00:00,https://www.grays.com/lot/0001-21066123/motor-vehicles-motor-cycles/1994-nissan-pulsar-lx-limited-n14-manual-hatchback,9.0,9.0,0,2d 10h 33m53s,58.565,Active,vic,VIC,lot
2026-05-08T23:26:16.460805+00:00,https://www.grays.com/lot/0001-21066125/motor-vehicles-motor-cycles/2007-mercedes-benz-b200-turbo-w245-cvt-hatchback,609.0,609.0,12,2d 10h 33m42s,58.562,Active,vic,VIC,lot
2026-05-08T23:26:27.852266+00:00,https://www.grays.com/lot/0001-21066126/motor-vehicles-motor-cycles/2020-mitsubishi-triton-util-awd-automatic-ute,359.0,359.0,2,4d 10h 33m32s,106.559,Active,vic,VIC,lot
2026-05-08T23:26:40.153631+00:00,https://www.grays.com/lot/0001-21066131/motor-vehicles-motor-cycles/2020-isuzu-mu-x-4x4-ls-u-turbo-diesel-automatic-7-seats-wagon,609.0,609.0,3,4d 10h 33m19s,106.555,Active,vic,VIC,lot
2026-05-08T23:26:52.409172+00:00,https://www.grays.com/lot/0001-21066132/motor-vehicles-motor-cycles/2020-isuzu-mu-x-4x4-ls-u-turbo-diesel-automatic-7-seats-wagon,609.0,609.0,3,4d 10h 33m8s,106.552,Active,vic,VIC,lot
2026-05-08T23:27:06.683791+00:00,https://www.grays.com/lot/0001-21066133/motor-vehicles-motor-cycles/2015-isuzu-mu-x-4x4-ls-u-turbo-diesel-automatic-7-seats-wagon,359.0,359.0,2,4d 10h 32m54s,106.548,Active,vic,VIC,lot
2026-05-08T23:27:19.212400+00:00,https://www.grays.com/lot/0001-21066134/motor-vehicles-motor-cycles/2020-isuzu-d-max-4x4-ls-m-turbo-diesel-manual-dual-cab,109.0,109.0,1,4d 10h 32m41s,106.545,Active,vic,VIC,lot
2026-05-08T23:27:30.421385+00:00,https://www.grays.com/lot/0001-21066136/motor-vehicles-motor-cycles/2007-toyota-hilux-sr-4x4-turbo-diesel-manual-dual-cab,109.0,109.0,1,4d 10h 32m29s,106.541,Active,vic,VIC,lot
2026-05-08T23:27:43.110961+00:00,https://www.grays.com/lot/0001-21066137/motor-vehicles-motor-cycles/2010-toyota-hilux-sr-4x4-kun26r-turbo-diesel-manual-crew-cab-chassis,109.0,109.0,0,4d 10h 32m17s,106.538,Active,vic,VIC,lot
2026-05-08T23:27:55.160529+00:00,https://www.grays.com/lot/0001-21066138/motor-vehicles-motor-cycles/2007-toyota-hilux-sr-4x4-kun26r-turbo-diesel-manual-dual-cab,109.0,109.0,0,4d 10h 32m4s,106.534,Active,vic,VIC,lot
2026-05-08T23:28:06.507926+00:00,https://www.grays.com/lot/0001-21066139/motor-vehicles-motor-cycles/2006-toyota-landcruiser-prado-grande-grj120r-automatic-8-seats-wagon,10230.0,10230.0,92,3d 10h 31m53s,82.531,Active,vic,VIC,lot
2026-05-08T23:28:22.700784+00:00,https://www.grays.com/lot/0001-21066140/motor-vehicles-motor-cycles/2015-jeep-grand-cherokee-laredo-4x4-wk-turbo-diesel-automatic,9.0,9.0,1,3d 10h 31m38s,82.527,Active,vic,VIC,lot
2026-05-08T23:28:43.488121+00:00,https://www.grays.com/lot/0001-21066144/motor-vehicles-motor-cycles/2021-jeep-cherokee-limited-4x4-kl-automatic-wagon,509.0,509.0,6,2d 10h 31m17s,58.521,Active,vic,VIC,lot
2026-05-08T23:29:00.886605+00:00,https://www.grays.com/lot/0001-21066145/motor-vehicles-motor-cycles/2021-kia-cerato-s-bd-automatic-sedan,9600.0,9600.0,57,2d 10h 30m59s,58.516,Active,vic,VIC,lot
2026-05-08T23:29:17.701035+00:00,https://www.grays.com/lot/0001-21066148/motor-vehicles-motor-cycles/2014-volkswagen-golf-90tsi-a7-automatic-hatchback,9.0,9.0,1,3d 10h 30m41s,82.511,Active,vic,VIC,lot
2026-05-08T23:29:37.207772+00:00,https://www.grays.com/lot/0001-21066150/motor-vehicles-motor-cycles/2013-kia-rondo-platinum-rp-automatic-7-seats-people-mover,9.0,9.0,0,3d 10h 30m23s,82.506,Active,vic,VIC,lot
2026-05-08T23:29:54.929581+00:00,https://www.grays.com/lot/0001-21066153/motor-vehicles-motor-cycles/2015-ford-kuga-ambiente-fwd-tf-ii-automatic-wagon,9.0,9.0,1,4d 10h 30m4s,106.501,Active,vic,VIC,lot
2026-05-08T23:30:10.627989+00:00,https://www.grays.com/lot/0001-21066154/motor-vehicles-motor-cycles/2014-toyota-corolla-automatic-sedan,309.0,309.0,5,4d 10h 29m48s,106.497,Active,vic,VIC,lot
2026-05-08T23:30:29.805855+00:00,https://www.grays.com/lot/0001-21066155/motor-vehicles-motor-cycles/2016-hyundai-sonata-active-lf-automatic-sedan,255.0,255.0,3,4d 10h 29m31s,106.492,Active,vic,VIC,lot
2026-05-08T23:30:40.345172+00:00,https://www.grays.com/lot/0001-23500016/motor-vehicles-motor-cycles/2013-mazda-cx-5-maxx-petrol,1509.0,1509.0,16,1d 10h 29m20s,34.489,Active,melbourne,MELBOURNE,lot
2026-05-08T23:30:50.629949+00:00,https://www.grays.com/lot/0001-23500019/motor-vehicles-motor-cycles/2010-subaru-forester-premium-diesel,701.0,701.0,11,1d 10h 29m9s,34.486,Active,melbourne,MELBOURNE,lot
2026-05-08T23:31:00.281628+00:00,https://www.grays.com/lot/0001-23500023/motor-vehicles-motor-cycles/2013-audi-q5-petrol,400.0,400.0,3,2d 10h 29m0s,58.483,Active,melbourne,MELBOURNE,lot
2026-05-08T23:31:12.956888+00:00,https://www.grays.com/lot/0001-23500027/motor-vehicles-motor-cycles/2010-mercedes-benz-c-class-c220-diesel,409.0,409.0,5,3d 10h 28m47s,82.48,Active,melbourne,MELBOURNE,lot
2026-05-08T23:31:23.716522+00:00,https://www.grays.com/lot/0001-23500028/motor-vehicles-motor-cycles/2013-mazda-cx-5-akera-diesel,9.0,9.0,1,4d 10h 28m35s,106.476,Active,melbourne,MELBOURNE,lot
2026-05-08T23:31:35.618978+00:00,https://www.grays.com/lot/0001-23500029/motor-vehicles-motor-cycles/2018-honda-cr-v-vti-lx-petrol,1809.0,1809.0,36,4d 10h 28m25s,106.474,Active,melbourne,MELBOURNE,lot
2026-05-08T23:31:44.399398+00:00,https://www.grays.com/lot/0001-50517981/motor-vehicles-motor-cycles/2016-mazda-bt-50-4x2-xt-turbo-diesel-manual-cab-chassis,609.0,609.0,9,1d 10h 28m16s,34.471,Active,qld,QLD,lot
2026-05-08T23:32:04.841875+00:00,https://www.grays.com/lot/0001-50517984/motor-vehicles-motor-cycles/2012-honda-civic-vti-s-9th-gen-manual-hatchback,9.0,9.0,0,4d 10h 27m55s,106.465,Active,qld,QLD,lot
2026-05-08T23:32:26.812752+00:00,https://www.grays.com/lot/0001-50517985/motor-vehicles-motor-cycles/2012-hyundai-i20-active-pb-manual-hatch,9.0,9.0,1,4d 10h 27m33s,106.459,Active,qld,QLD,lot
2026-05-08T23:32:47.807368+00:00,https://www.grays.com/lot/0001-50517987/motor-vehicles-motor-cycles/2009-kia-rio-lx-jb-manual-hatchback,9.0,9.0,0,4d 10h 27m13s,106.454,Active,qld,QLD,lot
2026-05-08T23:33:07.650714+00:00,https://www.grays.com/lot/0001-50517988/motor-vehicles-motor-cycles/2013-audi-a5-2-0-tfsi-quattro-8t-automatic-hatchback,9.0,9.0,1,4d 10h 26m52s,106.448,Active,qld,QLD,lot
2026-05-08T23:33:27.189551+00:00,https://www.grays.com/lot/0001-50517989/motor-vehicles-motor-cycles/2014-hyundai-i20-active-pb-automatic-hatchback,9.0,9.0,0,4d 10h 26m33s,106.443,Active,qld,QLD,lot
2026-05-08T23:33:48.035073+00:00,https://www.grays.com/lot/0001-50517990/motor-vehicles-motor-cycles/2012-subaru-xv-2-0i-l-g4x-cvt-hatchback,9.0,9.0,0,4d 10h 26m11s,106.436,Active,qld,QLD,lot
2026-05-08T23:34:08.014725+00:00,https://www.grays.com/lot/0001-50517991/motor-vehicles-motor-cycles/2016-hyundai-i30-active-x-gd-ii-turbo-diesel-automatic-hatchback,9.0,9.0,1,4d 10h 25m52s,106.431,Active,qld,QLD,lot
2026-05-08T23:34:27.758564+00:00,https://www.grays.com/lot/0001-50517992/motor-vehicles-motor-cycles/2018-mercedes-benz-c-class-c300-w205-9-auto-sedan,3200.0,3200.0,33,4d 10h 25m31s,106.425,Active,qld,QLD,lot
2026-05-08T23:34:36.990191+00:00,https://www.grays.com/lot/0001-50517993/motor-vehicles-motor-cycles/2014-volkswagen-golf-103tsi-highline-a7-automatic-hatchback,9.0,9.0,1,4d 10h 25m24s,106.423,Active,qld,QLD,lot
2026-05-08T23:34:57.575432+00:00,https://www.grays.com/lot/0001-50517994/motor-vehicles-motor-cycles/2013-mercedes-benz-c250-c-250-cdi-blueefficiency-elegancew204-td-auto-sedan,109.0,109.0,2,4d 10h 25m1s,106.417,Active,qld,QLD,lot
2026-05-08T23:35:17.095559+00:00,https://www.grays.com/lot/0001-50517996/motor-vehicles-motor-cycles/2015-mercedes-benz-cla-class-cla-200-c117-automatic-coupe,109.0,109.0,2,4d 10h 24m43s,106.412,Active,qld,QLD,lot
2026-05-08T23:35:36.603918+00:00,https://www.grays.com/lot/0001-50715612/motor-vehicles-motor-cycles/2011-mitsubishi-express-mwb-sj-manual-van,709.0,709.0,9,2d 9h 54m22s,57.906,Active,qld,QLD,lot
2026-05-08T23:35:54.897241+00:00,https://www.grays.com/lot/0001-50715647/motor-vehicles-motor-cycles/2018-peugeot-expert-lwb-2-0l-180-hdi-turbo-diesel-automatic-van,9.0,9.0,0,4d 10h 24m5s,106.401,Active,qld,QLD,lot
2026-05-08T23:36:14.519547+00:00,https://www.grays.com/lot/0001-50715666/motor-vehicles-motor-cycles/2015-mitsubishi-triton-4x4-glx-mn-turbo-diesel-automatic-dual-cab,309.0,309.0,5,3d 10h 23m45s,82.396,Active,qld,QLD,lot
2026-05-08T23:36:24.534667+00:00,https://www.grays.com/lot/0001-50715667/motor-vehicles-motor-cycles/2017-mercedes-benz-gla-class-gla250-4matic-x156-automatic-wagon,9809.0,9809.0,138,1d 10h 23m36s,34.393,Active,qld,QLD,lot
2026-05-08T23:36:35.042909+00:00,https://www.grays.com/lot/0001-50715672/motor-vehicles-motor-cycles/2019-nissan-xtrail-st-fwd-automatic-wagon,5000.0,5000.0,55,1d 10h 23m25s,34.39,Active,qld,QLD,lot
2026-05-08T23:36:55.535202+00:00,https://www.grays.com/lot/0001-50715673/motor-vehicles-motor-cycles/2018-holden-astra-ls-bl-automatic-sedan,709.0,709.0,12,1d 10h 23m3s,34.384,Active,qld,QLD,lot
2026-05-08T23:37:13.728038+00:00,https://www.grays.com/lot/0001-50715675/motor-vehicles-motor-cycles/2016-subaru-wrx-premium-v1-cvt-sedan,10200.0,10200.0,166,1d 10h 22m47s,34.38,Active,qld,QLD,lot
2026-05-08T23:37:32.869429+00:00,https://www.grays.com/lot/0001-50715676/motor-vehicles-motor-cycles/2006-mercedes-benz-b200-turbo-w245-cvt-hatchback,9.0,9.0,0,3d 10h 22m28s,82.374,Active,qld,QLD,lot
2026-05-08T23:37:52.514997+00:00,https://www.grays.com/lot/0001-50715677/motor-vehicles-motor-cycles/2017-mitsubishi-triton-4x4-gls-mq-turbo-diesel-automatic-dual-cab,109.0,109.0,2,3d 10h 22m7s,82.369,Active,qld,QLD,lot
2026-05-08T23:38:14.053195+00:00,https://www.grays.com/lot/0001-50715679/motor-vehicles-motor-cycles/2012-honda-cr-v-4wd-vti-s-rm-automatic-wagon,9.0,9.0,3,3d 10h 21m46s,82.363,Active,qld,QLD,lot
2026-05-08T23:38:35.472223+00:00,https://www.grays.com/lot/0001-50715680/motor-vehicles-motor-cycles/2012-holden-colorado-4x4-lx-rg-turbo-diesel-manual-dual-cab,309.0,309.0,4,3d 10h 21m23s,82.356,Active,qld,QLD,lot
2026-05-08T23:38:57.028526+00:00,https://www.grays.com/lot/0001-50715681/motor-vehicles-motor-cycles/2016-ford-everest-trend-ua-turbo-diesel-automatic-7-seats-wagon,9.0,9.0,1,3d 10h 21m3s,82.351,Active,qld,QLD,lot
2026-05-08T23:39:18.758469+00:00,https://www.grays.com/lot/0001-50715682/motor-vehicles-motor-cycles/2021-great-wall-cannon-l-4x4-turbo-diesel-automatic-8-speed-dual-cab,1500.0,1500.0,15,3d 10h 20m40s,82.344,Active,qld,QLD,lot
2026-05-08T23:39:38.339241+00:00,https://www.grays.com/lot/0001-50715683/motor-vehicles-motor-cycles/2018-mercedes-benz-cla-class-cla200-shooting-brake-s117-automatic-wagon,8309.0,8309.0,105,3d 9h 20m22s,81.339,Active,qld,QLD,lot
2026-05-08T23:39:58.985842+00:00,https://www.grays.com/lot/0001-50715687/motor-vehicles-motor-cycles/2013-volkswagen-amarok-tdi400-2h-turbo-diesel-manual-dual-cab,4009.0,4009.0,77,2d 10h 25m1s,58.417,Active,qld,QLD,lot
2026-05-08T23:40:07.969701+00:00,https://www.grays.com/lot/0001-50715688/motor-vehicles-motor-cycles/2017-mazda-cx-5-maxx-sport-kf-turbo-diesel-automatic-wagon,209.0,209.0,3,4d 10h 19m51s,106.331,Active,qld,QLD,lot
2026-05-08T23:40:25.406349+00:00,https://www.grays.com/lot/0001-50715690/motor-vehicles-motor-cycles/2021-mitsubishi-express-glx-swb-sn-turbo-diesel-manual-van,509.0,509.0,6,3d 10h 19m34s,82.326,Active,qld,QLD,lot
2026-05-08T23:40:47.450290+00:00,https://www.grays.com/lot/0001-50715691/motor-vehicles-motor-cycles/2012-nissan-murano-ti-z51-cvt-wagon,9.0,9.0,0,4d 10h 19m13s,106.32,Active,qld,QLD,lot
2026-05-08T23:41:07.766021+00:00,https://www.grays.com/lot/0001-50715693/motor-vehicles-motor-cycles/2016-volkswagen-golf-92tsi-a7-automatic-hatchback,709.0,709.0,10,2d 10h 18m52s,58.314,Active,qld,QLD,lot
2026-05-08T23:41:28.448890+00:00,https://www.grays.com/lot/0001-50715695/motor-vehicles-motor-cycles/2016-audi-q7-3-0-tdi-quattro-4m-turbo-diesel-auto-8-speed-7-seats-wagon,5200.0,5200.0,45,2d 10h 18m32s,58.309,Active,qld,QLD,lot
2026-05-08T23:41:47.658290+00:00,https://www.grays.com/lot/0001-50715696/motor-vehicles-motor-cycles/2010-volkswagen-golf-118tsi-comfortline-a6-manual-hatchback,109.0,109.0,2,2d 10h 18m12s,58.303,Active,qld,QLD,lot
2026-05-08T23:42:07.866667+00:00,https://www.grays.com/lot/0001-50715698/motor-vehicles-motor-cycles/2017-land-rover-discovery-sport-td4-150-se-tdl-9-auto-7-seats-wagon,209.0,209.0,4,4d 10h 17m53s,106.298,Active,qld,QLD,lot
2026-05-08T23:42:28.944289+00:00,https://www.grays.com/lot/0001-50715699/motor-vehicles-motor-cycles/2020-isuzu-mu-x-4x4-ls-t-turbo-diesel-automatic-7-seats-wagon,9.0,9.0,0,4d 10h 17m31s,106.292,Active,qld,QLD,lot
2026-05-08T23:42:49.992528+00:00,https://www.grays.com/lot/0001-50715700/motor-vehicles-motor-cycles/2016-mazda-cx-5-maxx-sport-awd-ke-turbo-diesel-automatic-wagon,109.0,109.0,2,4d 10h 17m10s,106.286,Active,qld,QLD,lot
2026-05-08T23:43:12.514923+00:00,https://www.grays.com/lot/0001-50715701/motor-vehicles-motor-cycles/2009-mitsubishi-pajero-exceed-nt-turbo-diesel-automatic-7-seats-wagon,9.0,9.0,0,4d 10h 16m46s,106.279,Active,qld,QLD,lot
2026-05-08T23:43:32.096086+00:00,https://www.grays.com/lot/0001-50715703/motor-vehicles-motor-cycles/2012-audi-q3-2-0-tfsi-quattro-8u-automatic-wagon,9.0,9.0,1,4d 10h 16m28s,106.274,Active,qld,QLD,lot
2026-05-08T23:43:54.946799+00:00,https://www.grays.com/lot/0001-50715704/motor-vehicles-motor-cycles/2012-holden-colorado-4x4-ltz-rg-turbo-diesel-manual-dual-cab,9.0,9.0,0,4d 10h 16m5s,106.268,Active,qld,QLD,lot
2026-05-08T23:44:16.332950+00:00,https://www.grays.com/lot/0001-50715705/motor-vehicles-motor-cycles/2014-subaru-forester-2-0xt-premium-s4-cvt-wagon,9.0,9.0,1,4d 10h 15m43s,106.262,Active,qld,QLD,lot
2026-05-08T23:44:37.221117+00:00,https://www.grays.com/lot/0001-50715706/motor-vehicles-motor-cycles/2015-subaru-forester-2-5i-l-s4-cvt-wagon,9.0,9.0,0,4d 10h 15m23s,106.256,Active,qld,QLD,lot
2026-05-08T23:44:57.955595+00:00,https://www.grays.com/lot/0001-50715707/motor-vehicles-motor-cycles/2016-jeep-grand-cherokee-laredo-wk-automatic-8-speed-wagon,9.0,9.0,1,4d 10h 15m1s,106.25,Active,qld,QLD,lot
2026-05-08T23:45:18.577003+00:00,https://www.grays.com/lot/0001-50715708/motor-vehicles-motor-cycles/2016-kia-sorento-platinum-um-turbo-diesel-automatic-7-seats-wagon,209.0,209.0,3,4d 10h 14m41s,106.245,Active,qld,QLD,lot
2026-05-08T23:45:29.447093+00:00,https://www.grays.com/lot/0001-50715709/motor-vehicles-motor-cycles/2002-nissan-patrol-st-gu-turbo-diesel-manual-7-seats-wagon,509.0,509.0,6,3d 10h 14m31s,82.242,Active,qld,QLD,lot
2026-05-08T23:45:48.708903+00:00,https://www.grays.com/lot/0001-50715714/motor-vehicles-motor-cycles/2022-kia-sportage-s-awd-nq5-turbo-diesel-automatic-8-speed-wagon,19100.0,19100.0,52,2d 10h 14m11s,58.236,Active,qld,QLD,lot
2026-05-08T23:46:08.197249+00:00,https://www.grays.com/lot/0001-50715715/motor-vehicles-motor-cycles/2022-mazda-cx-9-touring-awd-tc-automatic-7-seats-wagon,18000.0,18000.0,23,2d 10h 13m52s,58.231,Active,qld,QLD,lot
2026-05-08T23:46:26.146260+00:00,https://www.grays.com/lot/0001-50715716/motor-vehicles-motor-cycles/2022-mazda-cx-9-touring-awd-tc-automatic-7-seats-wagon,21000.0,21000.0,63,2d 10h 13m33s,58.226,Active,qld,QLD,lot
2026-05-08T23:46:46.314777+00:00,https://www.grays.com/lot/0001-50715718/motor-vehicles-motor-cycles/2012-nissan-navara-4x4-st-d40-turbo-diesel-automatic-dual-cab,9.0,9.0,1,4d 10h 13m14s,106.221,Active,qld,QLD,lot
2026-05-08T23:47:05.664393+00:00,https://www.grays.com/lot/0001-50715719/motor-vehicles-motor-cycles/2011-nissan-navara-st-4x4-d40-turbo-diesel-automatic-dual-cab,109.0,109.0,2,4d 10h 12m54s,106.215,Active,qld,QLD,lot
2026-05-08T23:47:26.135731+00:00,https://www.grays.com/lot/0001-50715720/motor-vehicles-motor-cycles/2013-holden-colorado-4x4-lx-rg-turbo-diesel-manual-dual-cab,9.0,9.0,1,4d 10h 12m35s,106.21,Active,qld,QLD,lot
2026-05-08T23:47:46.634432+00:00,https://www.grays.com/lot/0001-50715721/motor-vehicles-motor-cycles/2015-jeep-cherokee-limited-4x4-kl-automatic-wagon,9.0,9.0,1,4d 10h 12m13s,106.204,Active,qld,QLD,lot
2026-05-08T23:48:05.961747+00:00,https://www.grays.com/lot/0001-50715722/motor-vehicles-motor-cycles/2015-jeep-grand-cherokee-laredo-wk-automatic-8-speed-wagon,9.0,9.0,0,4d 10h 11m54s,106.198,Active,qld,QLD,lot
2026-05-08T23:48:26.154625+00:00,https://www.grays.com/lot/0001-50715723/motor-vehicles-motor-cycles/2017-land-rover-discovery-sport-td4-150-se-turbo-diesel-auto-7-seats-wagon,309.0,309.0,4,4d 10h 11m33s,106.193,Active,qld,QLD,lot
2026-05-08T23:48:45.350689+00:00,https://www.grays.com/lot/0001-50715724/motor-vehicles-motor-cycles/2018-hyundai-tucson-highlander-awd-tl-automatic-wagon,209.0,209.0,3,4d 10h 11m14s,106.187,Active,qld,QLD,lot
2026-05-08T23:49:06.798847+00:00,https://www.grays.com/lot/0001-50715725/motor-vehicles-motor-cycles/2018-volkswagen-amarok-tdi550-sportline-2h-td-auto-8-speed-dual-cab,9.0,9.0,0,4d 10h 10m53s,106.181,Active,qld,QLD,lot
2026-05-08T23:49:26.834617+00:00,https://www.grays.com/lot/0001-50715727/motor-vehicles-motor-cycles/2014-holden-trax-ls-tj-automatic-wagon,9.0,9.0,0,4d 10h 10m33s,106.176,Active,qld,QLD,lot
2026-05-08T23:49:45.629455+00:00,https://www.grays.com/lot/0001-50715728/motor-vehicles-motor-cycles/2018-holden-equinox-ls-2wd-eq-automatic-wagon,9.0,9.0,1,4d 10h 10m15s,106.171,Active,qld,QLD,lot
2026-05-08T23:50:07.207245+00:00,https://www.grays.com/lot/0001-50715729/motor-vehicles-motor-cycles/2010-nissan-navara-st-x-4x4-double-cab-d40-turbo-diesel-manual-dual-cab,9.0,9.0,0,4d 10h 9m53s,106.165,Active,qld,QLD,lot
2026-05-08T23:50:27.556497+00:00,https://www.grays.com/lot/0001-50715730/motor-vehicles-motor-cycles/2015-mazda-cx-5-maxx-sport-ke-turbo-diesel-automatic-wagon,109.0,109.0,2,4d 10h 9m32s,106.159,Active,qld,QLD,lot
2026-05-08T23:50:54.761392+00:00,https://www.grays.com/lot/0001-50715732/motor-vehicles-motor-cycles/2009-volkswagen-touareg-3-0-v6-tdi-7l-turbo-diesel-automatic-wagon,9.0,9.0,0,4d 10h 9m5s,106.151,Active,qld,QLD,lot
2026-05-08T23:51:25.723137+00:00,https://www.grays.com/lot/0001-50715736/motor-vehicles-motor-cycles/2010-porsche-cayenne-diesel-92a-turbo-diesel-automatic-8-speed-wagon,309.0,309.0,4,4d 10h 8m35s,106.143,Active,qld,QLD,lot
2026-05-08T23:51:57.246404+00:00,https://www.grays.com/lot/0001-50715737/motor-vehicles-motor-cycles/2018-toyota-hilux-4x4-sr-gun126r-turbo-diesel-manual-cab-chassis,4100.0,4100.0,23,4d 10h 8m3s,106.134,Active,qld,QLD,lot
2026-05-08T23:52:08.494662+00:00,https://www.grays.com/lot/0001-50715738/motor-vehicles-motor-cycles/2016-mitsubishi-triton-4x4-glx-l-e-mq-turbo-diesel-automatic-dual-cab,500.0,500.0,2,3d 9h 37m52s,81.631,Active,qld,QLD,lot
2026-05-08T23:52:40.085229+00:00,https://www.grays.com/lot/0001-50715739/motor-vehicles-motor-cycles/2010-jeep-cherokee-limited-kk-automatic-wagon,9.0,9.0,1,4d 10h 7m20s,106.122,Active,qld,QLD,lot
2026-05-08T23:53:10.652459+00:00,https://www.grays.com/lot/0001-50715740/motor-vehicles-motor-cycles/2009-mitsubishi-pajero-gl-nt-turbo-diesel-manual-wagon,9.0,9.0,0,4d 10h 6m49s,106.114,Active,qld,QLD,lot
2026-05-08T23:53:32.343317+00:00,https://www.grays.com/lot/0001-50715741/motor-vehicles-motor-cycles/2012-land-rover-discovery-4-3-0-sdv6-hse-series-4-td-auto-7-seats-wagon,209.0,209.0,3,4d 10h 6m27s,106.107,Active,qld,QLD,lot
2026-05-08T23:53:55.133232+00:00,https://www.grays.com/lot/0001-50715742/motor-vehicles-motor-cycles/2018-jaguar-e-pace-d240-awd-se-x540-turbo-diesel-automatic-wagon,509.0,509.0,6,4d 10h 6m6s,106.102,Active,qld,QLD,lot
2026-05-08T23:54:21.067453+00:00,https://www.grays.com/lot/0001-50715743/motor-vehicles-motor-cycles/2015-nissan-juke-st-fwd-f15-ii-manual-hatch,9.0,9.0,1,4d 10h 5m40s,106.094,Active,qld,QLD,lot
2026-05-08T23:54:41.323495+00:00,https://www.grays.com/lot/0001-50715744/motor-vehicles-motor-cycles/2017-land-rover-range-rover-evoque-td4-180-se-turbo-diesel-9-auto-wagon,109.0,109.0,2,4d 10h 5m17s,106.088,Active,qld,QLD,lot
2026-05-08T23:55:00.294458+00:00,https://www.grays.com/lot/0001-50715753/motor-vehicles-motor-cycles/2002-nissan-navara-4x4-dx-d22-turbo-diesel-manual-dual-cab-ute,9.0,9.0,0,4d 10h 5m0s,106.083,Active,qld,QLD,lot
2026-05-08T23:55:18.823184+00:00,https://www.grays.com/lot/0001-50715754/motor-vehicles-motor-cycles/2016-land-rover-range-rover-evoque-td4-150-se-lv-turbo-diesel-auto-wagon,9.0,9.0,1,4d 10h 4m41s,106.078,Active,qld,QLD,lot
2026-05-08T23:55:36.003643+00:00,https://www.grays.com/lot/0001-50715756/motor-vehicles-motor-cycles/2014-jeep-cherokee-limited-4x4-kl-automatic-wagon,9.0,9.0,1,4d 10h 4m25s,106.074,Active,qld,QLD,lot
2026-05-08T23:55:48.978276+00:00,https://www.grays.com/lot/0001-60050665/motor-vehicles-motor-cycles/2013-fiat-500-lounge-automatic-hatchback,909.0,909.0,17,2d 10h 4m11s,58.07,Active,sa,SA,lot
2026-05-08T23:56:03.256155+00:00,https://www.grays.com/lot/0001-60050728/motor-vehicles-motor-cycles/2011-mitsubishi-triton-4x4-glx-r-mn-turbo-diesel-automatic-pick-up,2509.0,2509.0,46,2d 10h 3m57s,58.066,Active,sa,SA,lot
2026-05-08T23:56:16.257980+00:00,https://www.grays.com/lot/0001-60050730/motor-vehicles-motor-cycles/2017-toyota-camry-altise-asv50r-automatic-sedan,1009.0,1009.0,18,4d 10h 3m44s,106.062,Active,sa,SA,lot
2026-05-08T23:56:28.877759+00:00,https://www.grays.com/lot/0001-60050731/motor-vehicles-motor-cycles/2010-toyota-rav-4-cv-2wd-aca38r-manual-wagon,9.0,9.0,0,4d 10h 3m30s,106.058,Active,sa,SA,lot
2026-05-08T23:56:44.100528+00:00,https://www.grays.com/lot/0001-60050732/motor-vehicles-motor-cycles/2019-isuzu-d-max-4x4-sx-turbo-diesel-manual-cab-chassis,7400.0,7400.0,64,2d 10h 3m17s,58.055,Active,sa,SA,lot
2026-05-08T23:56:56.165086+00:00,https://www.grays.com/lot/0001-60050734/motor-vehicles-motor-cycles/2013-subaru-forester-2-5i-s4-cvt-wagon,2009.0,2009.0,36,1d 10h 3m3s,34.051,Active,sa,SA,lot
2026-05-08T23:57:08.049861+00:00,https://www.grays.com/lot/0001-60050735/motor-vehicles-motor-cycles/2013-renault-koleos-dynamique-cvt-wagon,109.0,109.0,2,2d 10h 2m51s,58.047,Active,sa,SA,lot
2026-05-08T23:57:24.042916+00:00,https://www.grays.com/lot/0001-60050737/motor-vehicles-motor-cycles/2007-mitsubishi-outlander-ls-5-seat-zg-cvt-wagon,509.0,509.0,6,2d 10h 7m35s,58.126,Active,sa,SA,lot
2026-05-08T23:57:36.149195+00:00,https://www.grays.com/lot/0001-60050739/motor-vehicles-motor-cycles/2007-toyota-landcruiser-prado-grande-diesel-kdj120r-t-d-auto-wagon,13300.0,13300.0,0,4d 10h 2m23s,106.04,Active,sa,SA,lot
2026-05-08T23:57:49.443170+00:00,https://www.grays.com/lot/0001-60050740/motor-vehicles-motor-cycles/2011-mercedes-benz-m-class-ml-300-cdi-blue-efficiency-w164-turbo-diesel,1109.0,1109.0,19,2d 10h 2m10s,58.036,Active,sa,SA,lot
2026-05-08T23:58:01.943267+00:00,https://www.grays.com/lot/0001-60050742/motor-vehicles-motor-cycles/2016-nissan-pulsar-st-b17-cvt-sedan,1500.0,1500.0,26,2d 10h 1m58s,58.033,Active,sa,SA,lot
2026-05-08T23:58:14.755200+00:00,https://www.grays.com/lot/0001-60050744/motor-vehicles-motor-cycles/2016-subaru-outback-2-5i-b6a-cvt-wagon,6300.0,6300.0,95,2d 10h 1m44s,58.029,Active,sa,SA,lot
2026-05-08T23:58:25.956214+00:00,https://www.grays.com/lot/0001-60050745/motor-vehicles-motor-cycles/2017-land-rover-discovery-sport-td4-180-hse-turbo-diesel-9-auto-wagon,10100.0,10100.0,119,2d 10h 1m35s,58.026,Active,sa,SA,lot
2026-05-08T23:58:39.142162+00:00,https://www.grays.com/lot/0001-60050746/motor-vehicles-motor-cycles/2015-subaru-outback-3-6r-premium-b6a-cvt-wagon,6200.0,6200.0,39,2d 10h 1m20s,58.022,Active,sa,SA,lot
2026-05-08T23:58:52.048987+00:00,https://www.grays.com/lot/0001-60050747/motor-vehicles-motor-cycles/2011-bmw-x1-xdrive-20d-e84-turbo-diesel-automatic-wagon,2509.0,2509.0,48,2d 10h 1m7s,58.019,Active,sa,SA,lot
2026-05-08T23:59:05.374798+00:00,https://www.grays.com/lot/0001-60050748/motor-vehicles-motor-cycles/2010-holden-commodore-omega-ve-automatic-sedan,409.0,409.0,7,2d 10h 0m54s,58.015,Active,sa,SA,lot
2026-05-08T23:59:18.705616+00:00,https://www.grays.com/lot/0001-60050749/motor-vehicles-motor-cycles/2010-land-rover-range-rover-sport-3-6-tdv8-luxury-turbo-diesel,4300.0,4300.0,59,2d 10h 0m41s,58.011,Active,sa,SA,lot
2026-05-08T23:59:31.897561+00:00,https://www.grays.com/lot/0001-60050750/motor-vehicles-motor-cycles/2012-nissan-navara-4x4-st-x550-d40-turbo-diesel-automatic-dual-cab,4200.0,4200.0,35,2d 10h 0m29s,58.008,Active,sa,SA,lot
2026-05-08T23:59:42.081075+00:00,https://www.grays.com/lot/0001-60050751/motor-vehicles-motor-cycles/2020-mazda-cx-5-akera-kf-automatic-wagon,10200.0,10200.0,63,3d 10h 0m17s,82.005,Active,sa,SA,lot
2026-05-08T23:59:56.149592+00:00,https://www.grays.com/lot/0001-60050753/motor-vehicles-motor-cycles/2014-toyota-landcruiser-prado-gxl-4x4-kdj150r-turbo-diesel,6100.0,6100.0,11,3d 10h 0m3s,82.001,Active,sa,SA,lot
2026-05-09T00:00:05.165350+00:00,https://www.grays.com/lot/0001-60050754/motor-vehicles-motor-cycles/2017-toyota-hilux-4x2-workmate-tgn121r-manual-cab-chassis,6600.0,6600.0,40,3d 9h 59m54s,81.998,Active,sa,SA,lot
2026-05-09T00:00:18.172139+00:00,https://www.grays.com/lot/0001-60050755/motor-vehicles-motor-cycles/1989-subaru-leone-royal-automatic-sedan,9.0,9.0,1,3d 9h 59m42s,81.995,Active,sa,SA,lot
2026-05-09T00:00:31.149253+00:00,https://www.grays.com/lot/0001-60050756/motor-vehicles-motor-cycles/2011-toyota-corolla-ascent-zre152r-automatic-hatchback,109.0,109.0,2,4d 9h 59m29s,105.991,Active,sa,SA,lot
2026-05-09T00:00:43.739510+00:00,https://www.grays.com/lot/0001-60050757/motor-vehicles-motor-cycles/2010-subaru-liberty-2-5i-premium-b5-cvt-sedan,9.0,9.0,0,4d 9h 59m15s,105.987,Active,sa,SA,lot
2026-05-09T00:00:56.779322+00:00,https://www.grays.com/lot/0001-60050758/motor-vehicles-motor-cycles/2017-toyota-hilux-4x2-workmate-tgn121r-manual-cab-chassis,12901.0,12901.0,57,3d 9h 59m4s,81.984,Active,sa,SA,lot
2026-05-09T00:01:10.346784+00:00,https://www.grays.com/lot/0001-60050759/motor-vehicles-motor-cycles/2012-audi-a4-1-8-tfsi-b8-cvt-sedan,9.0,9.0,0,3d 9h 58m50s,81.981,Active,sa,SA,lot
2026-05-09T00:01:22.957218+00:00,https://www.grays.com/lot/0001-60050760/motor-vehicles-motor-cycles/2021-mazda-cx-8-touring-diesel-awd-kg-turbo-diesel-automatic-7-seats-wagon,109.0,109.0,2,4d 9h 58m37s,105.977,Active,sa,SA,lot
2026-05-09T00:01:37.460226+00:00,https://www.grays.com/lot/0001-60050762/motor-vehicles-motor-cycles/2016-mercedes-benz-gls-class-gls350d-x166-turbo-diesel-9-auto-7-seats-wagon,7500.0,7500.0,31,4d 9h 58m22s,105.973,Active,sa,SA,lot
2026-05-09T00:01:51.959043+00:00,https://www.grays.com/lot/0001-60050763/motor-vehicles-motor-cycles/2004-mercedes-benz-c-class-c-320-avantgarde-w203-automatic-sedan,9.0,9.0,1,4d 9h 58m8s,105.969,Active,sa,SA,lot
2026-05-09T00:02:05.871598+00:00,https://www.grays.com/lot/0001-60050764/motor-vehicles-motor-cycles/2014-subaru-wrx-premium-v1-cvt-sedan,10200.0,10200.0,11,4d 9h 57m54s,105.965,Active,sa,SA,lot
2026-05-09T00:02:20.548053+00:00,https://www.grays.com/lot/0001-60050766/motor-vehicles-motor-cycles/2016-toyota-rav-4-fwd-gx-zsa42r-cvt-wagon,109.0,109.0,2,4d 9h 57m40s,105.961,Active,sa,SA,lot
2026-05-09T00:02:36.530841+00:00,https://www.grays.com/lot/0001-9068512/motor-vehicles-motor-cycles/2004-hsv-maloo-r8-vy-series-ii-manual-ute,16600.0,16600.0,127,3d 11h 27m24s,83.457,Active,wa,WA,lot
2026-05-09T00:02:51.841704+00:00,https://www.grays.com/lot/0001-9068514/motor-vehicles-motor-cycles/2015-holden-cruze-automatic-sedan,500.0,500.0,5,3d 11h 27m8s,83.452,Active,wa,WA,lot
2026-05-09T00:03:06.979402+00:00,https://www.grays.com/lot/0001-9068516/motor-vehicles-motor-cycles/2010-bmw-528i-automatic-sedan,900.0,900.0,14,3d 11h 26m54s,83.448,Active,wa,WA,lot
2026-05-09T00:03:22.808062+00:00,https://www.grays.com/lot/0001-9068523/motor-vehicles-motor-cycles/2008-audi-q7-3-0-tdi-quattro-turbo-diesel-automatic-7-seats-wagon,1509.0,1509.0,23,3d 11h 26m37s,83.444,Active,wa,WA,lot
2026-05-09T00:03:39.232817+00:00,https://www.grays.com/lot/0001-9068524/motor-vehicles-motor-cycles/2012-ford-ranger-wildtrak-4x4-px-turbo-diesel-manual-dual-cab,5600.0,5600.0,57,3d 11h 26m20s,83.439,Active,wa,WA,lot
2026-05-09T00:03:53.662351+00:00,https://www.grays.com/lot/0001-9068525/motor-vehicles-motor-cycles/2009-subaru-impreza-wrx-g3-manual-sedan,5800.0,5800.0,67,3d 11h 26m5s,83.435,Active,wa,WA,lot
2026-05-09T00:04:07.890780+00:00,https://www.grays.com/lot/0001-9068526/motor-vehicles-motor-cycles/2018-land-rover-discovery-sport-td4-hse-110kw-l550-t-d-auto-wagon,4209.0,4209.0,76,3d 11h 25m53s,83.431,Active,wa,WA,lot
2026-05-09T00:04:23.782858+00:00,https://www.grays.com/lot/0001-9068529/motor-vehicles-motor-cycles/2011-holden-cruze-cdx-jh-automatic-sedan,200.0,200.0,2,3d 11h 25m36s,83.427,Active,wa,WA,lot
2026-05-09T00:04:39.063687+00:00,https://www.grays.com/lot/0001-9068530/motor-vehicles-motor-cycles/2003-nissan-x-trail-ti-t30-automatic-wagon,9.0,9.0,1,3d 11h 25m22s,83.423,Active,wa,WA,lot
2026-05-09T00:04:53.941729+00:00,https://www.grays.com/lot/0001-9068531/motor-vehicles-motor-cycles/2008-mercedes-benz-m-class-ml320cdi-w164-turbo-diesel-automatic-wagon,1500.0,1500.0,22,3d 11h 25m5s,83.418,Active,wa,WA,lot
2026-05-09T00:05:09.707575+00:00,https://www.grays.com/lot/0001-9068532/motor-vehicles-motor-cycles/2013-nissan-altima-ti-s-l33-cvt-sedan,601.0,601.0,9,3d 11h 24m49s,83.414,Active,wa,WA,lot
2026-05-09T00:05:24.592537+00:00,https://www.grays.com/lot/0001-9068537/motor-vehicles-motor-cycles/2015-mitsubishi-triton-4x4-glx-mn-turbo-diesel-manual-pick-up,2409.0,2409.0,30,3d 11h 24m36s,83.41,Active,wa,WA,lot
2026-05-09T00:05:39.477217+00:00,https://www.grays.com/lot/0001-9068538/motor-vehicles-motor-cycles/2012-mazda-cx-5-grand-touring-awd-ke-turbo-diesel-automatic-wagon,1309.0,1309.0,22,3d 11h 24m21s,83.406,Active,wa,WA,lot
2026-05-09T00:05:55.161747+00:00,https://www.grays.com/lot/0001-9068539/motor-vehicles-motor-cycles/2006-nissan-navara-4x4-st-x-d40-turbo-diesel-manual-pick-up,1600.0,1600.0,16,3d 9h 54m5s,81.901,Active,wa,WA,lot
2026-05-09T00:06:10.462692+00:00,https://www.grays.com/lot/0001-9068541/motor-vehicles-motor-cycles/2011-volkswagen-caddy-tsi160-2kn-manual-van,900.0,900.0,14,3d 11h 23m49s,83.397,Active,wa,WA,lot
2026-05-09T00:06:24.639240+00:00,https://www.grays.com/lot/0001-9068542/motor-vehicles-motor-cycles/2007-peugeot-307-xse-hdi-turbo-diesel-manual-hatch,500.0,500.0,7,3d 11h 23m36s,83.393,Active,wa,WA,lot
2026-05-09T00:06:39.141627+00:00,https://www.grays.com/lot/0001-9068543/motor-vehicles-motor-cycles/2015-mitsubishi-mirage-ls-la-cvt-hatch,1109.0,1109.0,18,3d 11h 23m21s,83.389,Active,wa,WA,lot
2026-05-09T00:06:53.237104+00:00,https://www.grays.com/lot/0001-9068544/motor-vehicles-motor-cycles/2012-toyota-landcruiser-gx-vdj200r-turbo-diesel-automatic-wagon,10700.0,10700.0,147,3d 11h 23m6s,83.385,Active,wa,WA,lot
2026-05-09T00:07:08.904136+00:00,https://www.grays.com/lot/0001-9068545/motor-vehicles-motor-cycles/2015-nissan-navara-4x4-rx-np300-turbo-diesel-automatic-pick-up,3900.0,3900.0,49,3d 11h 22m50s,83.381,Active,wa,WA,lot
2026-05-09T00:07:23.770548+00:00,https://www.grays.com/lot/0001-9068547/motor-vehicles-motor-cycles/2011-volkswagen-golf-77tsi-a6-automatic-hatch,1101.0,1101.0,18,3d 11h 22m36s,83.377,Active,wa,WA,lot
2026-05-09T00:07:36.449948+00:00,https://www.grays.com/lot/0001-9068549/motor-vehicles-motor-cycles/2018-volkswagen-arteon-206tsi-r-line-automatic-sedan,10800.0,10800.0,114,3d 11h 22m22s,83.373,Active,wa,WA,lot
2026-05-09T00:07:51.475995+00:00,https://www.grays.com/lot/0001-9068550/motor-vehicles-motor-cycles/2012-holden-colorado-4x4-ls-rg-turbo-diesel-automatic-pick-up,2109.0,2109.0,39,3d 11h 22m9s,83.369,Active,wa,WA,lot
2026-05-09T00:08:05.259113+00:00,https://www.grays.com/lot/0001-9068551/motor-vehicles-motor-cycles/2014-kia-cerato-s-yd-automatic-sedan,401.0,401.0,4,3d 11h 21m55s,83.365,Active,wa,WA,lot
2026-05-09T00:08:20.309337+00:00,https://www.grays.com/lot/0001-9068552/motor-vehicles-motor-cycles/2014-volkswagen-amarok-tdi420-highline-2h-t-d-auto-8-speed-dual-cab,2100.0,2100.0,11,3d 11h 21m40s,83.361,Active,wa,WA,lot
2026-05-09T00:08:34.995971+00:00,https://www.grays.com/lot/0001-9068553/motor-vehicles-motor-cycles/2013-volkswagen-golf-103-tsi-highline-a7-automatic-hatch,5300.0,5300.0,71,3d 11h 21m25s,83.357,Active,wa,WA,lot
2026-05-09T00:08:51.660688+00:00,https://www.grays.com/lot/0001-9068554/motor-vehicles-motor-cycles/2009-renault-megane-dynamique-phase-ii-automatic-convertible,9.0,9.0,0,3d 11h 21m9s,83.352,Active,wa,WA,lot
2026-05-09T00:09:06.675537+00:00,https://www.grays.com/lot/0001-9068555/motor-vehicles-motor-cycles/2012-mazda-cx-9-luxury-fwd-automatic-7-seats-wagon,1212.0,1212.0,20,3d 11h 20m54s,83.348,Active,wa,WA,lot
2026-05-09T00:09:22.031425+00:00,https://www.grays.com/lot/0001-9068556/motor-vehicles-motor-cycles/2010-jeep-wrangler-unlimited-sport-jk-manual-wagon,1655.0,1655.0,13,3d 11h 20m38s,83.344,Active,wa,WA,lot
2026-05-09T00:09:36.906262+00:00,https://www.grays.com/lot/0001-9068558/motor-vehicles-motor-cycles/2011-mitsubishi-outlander-ls-5-seat-2wd-zh-cvt-wagon,309.0,309.0,4,3d 11h 20m22s,83.339,Active,wa,WA,lot
2026-05-09T00:09:51.405733+00:00,https://www.grays.com/lot/0001-9068561/motor-vehicles-motor-cycles/2016-renault-trafic-swb-l1h1-dci-90-turbo-diesel-manual-van,209.0,209.0,3,4d 11h 20m8s,107.336,Active,wa,WA,lot
2026-05-09T00:10:06.743496+00:00,https://www.grays.com/lot/0001-9068562/motor-vehicles-motor-cycles/2002-toyota-landcruiser-6-seat-troopcarrier-hzj78r-manual-wagon,1100.0,1100.0,13,4d 11h 19m53s,107.331,Active,wa,WA,lot
2026-05-09T00:10:22.030032+00:00,https://www.grays.com/lot/0001-9068565/motor-vehicles-motor-cycles/2010-toyota-hilux-4x2-workmate-tgn16r-manual-cab-chassis,5102.0,5102.0,82,4d 11h 19m39s,107.328,Active,wa,WA,lot
2026-05-09T00:10:37.641094+00:00,https://www.grays.com/lot/0001-9068567/motor-vehicles-motor-cycles/2007-mazda-3-automatic-sedan,709.0,709.0,11,3d 9h 49m21s,81.822,Active,wa,WA,lot
2026-05-09T00:10:53.581789+00:00,https://www.grays.com/lot/0001-9068568/motor-vehicles-motor-cycles/2009-jeep-wrangler-unlimited-sport-jk-turbo-diesel-automatic-wagon,2100.0,2100.0,23,4d 11h 19m7s,107.319,Active,wa,WA,lot
2026-05-09T00:11:08.333541+00:00,https://www.grays.com/lot/0001-9068572/motor-vehicles-motor-cycles/2016-jaguar-f-pace-20d-prestige-turbo-diesel-automatic-8-speed-wagon,209.0,209.0,4,4d 11h 18m52s,107.314,Active,wa,WA,lot
2026-05-09T00:11:23.170778+00:00,https://www.grays.com/lot/0001-9068573/motor-vehicles-motor-cycles/2019-holden-trailblazer-lt-rg-turbo-diesel-automatic-7-seats-wagon,409.0,409.0,5,4d 11h 18m37s,107.31,Active,wa,WA,lot
2026-05-09T00:11:38.449048+00:00,https://www.grays.com/lot/0001-9068574/motor-vehicles-motor-cycles/2013-nissan-patrol-st-gu-turbo-diesel-manual-7-seats-wagon,3300.0,3300.0,48,4d 11h 18m22s,107.306,Active,wa,WA,lot
2026-05-09T00:11:53.553037+00:00,https://www.grays.com/lot/0001-9068576/motor-vehicles-motor-cycles/2010-ford-mondeo-lx-mb-automatic-wagon,100.0,100.0,1,4d 11h 18m6s,107.302,Active,wa,WA,lot
2026-05-09T00:12:08.317040+00:00,https://www.grays.com/lot/0001-9068577/motor-vehicles-motor-cycles/2010-volkswagen-polo-66tdi-comfortline-6r-turbo-diesel-manual-hatch,209.0,209.0,3,4d 11h 17m52s,107.298,Active,wa,WA,lot
2026-05-09T00:12:23.460565+00:00,https://www.grays.com/lot/0001-9068578/motor-vehicles-motor-cycles/2005-mercedes-benz-m-class-ml-320-cdi-w164-turbo-diesel-automatic-wagon,300.0,300.0,4,4d 11h 17m37s,107.294,Active,wa,WA,lot
2026-05-09T00:12:39.833772+00:00,https://www.grays.com/lot/0001-9068579/motor-vehicles-motor-cycles/2011-toyota-landcruiser-workmate-vdj79r-turbo-diesel-manual-cab-chassis,4009.0,4009.0,8,4d 11h 17m20s,107.289,Active,wa,WA,lot
2026-05-09T00:12:55.215664+00:00,https://www.grays.com/lot/0001-9068581/motor-vehicles-motor-cycles/2008-toyota-hilux-sr-4x4-kun26r-turbo-diesel-manual-crew-cab-chassis,1100.0,1100.0,6,4d 11h 17m4s,107.284,Active,wa,WA,lot
2026-05-09T00:13:09.245831+00:00,https://www.grays.com/lot/0001-9068583/motor-vehicles-motor-cycles/2014-mercedes-benz-c-class-c-250-w205-automatic-sedan,7700.0,7700.0,86,4d 11h 16m50s,107.281,Active,wa,WA,lot
2026-05-09T00:13:24.929995+00:00,https://www.grays.com/lot/0001-9068584/motor-vehicles-motor-cycles/2011-toyota-hilux-4x4-sr-kun26r-turbo-diesel-automatic-cab-chassis,2334.0,2334.0,33,4d 11h 16m34s,107.276,Active,wa,WA,lot
2026-05-09T00:13:39.855764+00:00,https://www.grays.com/lot/0001-9068585/motor-vehicles-motor-cycles/2007-subaru-liberty-2-5i-heritage-b4-automatic-sedan,9.0,9.0,0,4d 11h 16m21s,107.272,Active,wa,WA,lot
2026-05-09T00:13:55.392293+00:00,https://www.grays.com/lot/0001-9068586/motor-vehicles-motor-cycles/2013-volkswagen-passat-118-tsi-3c-automatic-sedan,309.0,309.0,5,4d 11h 16m5s,107.268,Active,wa,WA,lot
2026-05-09T00:14:10.819192+00:00,https://www.grays.com/lot/0001-9068587/motor-vehicles-motor-cycles/2012-subaru-xv-2-0i-l-g4x-cvt-hatch,209.0,209.0,3,4d 11h 15m49s,107.264,Active,wa,WA,lot
2026-05-09T00:14:25.682442+00:00,https://www.grays.com/lot/0001-9068588/motor-vehicles-motor-cycles/2003-hyundai-elantra-gl-xd-automatic-sedan,9.0,9.0,0,4d 11h 15m35s,107.26,Active,wa,WA,lot
2026-05-09T00:14:40.686588+00:00,https://www.grays.com/lot/0001-9068589/motor-vehicles-motor-cycles/2014-ford-mondeo-lx-mc-turbo-diesel-automatic-wagon,100.0,100.0,1,4d 11h 15m20s,107.256,Active,wa,WA,lot
2026-05-09T00:14:51.907284+00:00,https://www.grays.com/lot/0002-23500016/motor-vehicles-motor-cycles/2007-honda-civic-vti-petrol-rwc-issued-21-04-2026,2600.0,2600.0,49,1d 9h 45m9s,33.752,Active,melbourne,MELBOURNE,lot
2026-05-09T00:15:00.811102+00:00,https://www.grays.com/lot/0002-23500019/motor-vehicles-motor-cycles/2014-mazda-cx-5-grand-touring-diesel,1301.0,1301.0,17,1d 9h 44m59s,33.75,Active,melbourne,MELBOURNE,lot
2026-05-09T00:15:49.087243+00:00,https://www.grays.com/lot/0002-23500021/motor-vehicles-motor-cycles/1992-holden-commodore-ss-vp-petrol,10600.0,10600.0,117,3d 9h 44m15s,81.737,Active,melbourne,MELBOURNE,lot
2026-05-09T00:16:03.715753+00:00,https://www.grays.com/lot/0002-23500023/motor-vehicles-motor-cycles/2018-audi-sq5-1st-edition-petrol,25300.0,25300.0,139,2d 9h 43m56s,57.732,Active,melbourne,MELBOURNE,lot
2026-05-09T00:16:14.421822+00:00,https://www.grays.com/lot/0002-23500025/motor-vehicles-motor-cycles/2015-jeep-grand-cherokee-overland-diesel,8000.0,8000.0,0,3d 9h 43m45s,81.729,Active,melbourne,MELBOURNE,lot
2026-05-09T00:16:23.868417+00:00,https://www.grays.com/lot/0002-23500026/motor-vehicles-motor-cycles/2024-mg-zs-excite-petrol-auto,5300.0,5300.0,8,3d 9h 43m35s,81.726,Active,melbourne,MELBOURNE,lot
2026-05-09T01:00:56.311430+00:00,https://www.grays.com/lot/0003-23500030/motor-vehicles-motor-cycles/2018-toyota-corolla-ascent-petrol-auto-ex-lease,6100.0,6100.0,109,2d 8h 59m3s,56.984,Active,melbourne,MELBOURNE,lot
2026-05-09T01:01:09.697099+00:00,https://www.grays.com/lot/0006-23500030/motor-vehicles-motor-cycles/2018-toyota-corolla-ascent-petrol-auto-ex-lease,2700.0,2700.0,34,2d 8h 58m51s,56.981,Active,melbourne,MELBOURNE,lot
2026-05-09T01:01:23.497695+00:00,https://www.grays.com/lot/0024-23500027/motor-vehicles-motor-cycles/2011-toyota-yaris-yr-petrol,2309.0,2309.0,34,3d 8h 58m36s,80.977,Active,melbourne,MELBOURNE,lot
2026-05-09T02:00:32.282849+00:00,https://www.grays.com/lot/0001-50715700/motor-vehicles-motor-cycles/2016-mazda-cx-5-maxx-sport-awd-ke-turbo-diesel-automatic-wagon,109.0,109.0,2,4d 7h 59m27s,103.991,Active,qld,QLD,lot
2026-05-09T02:01:12.598725+00:00,https://www.grays.com/lot/0001-50715730/motor-vehicles-motor-cycles/2015-mazda-cx-5-maxx-sport-ke-turbo-diesel-automatic-wagon,109.0,109.0,2,4d 7h 58m48s,103.98,Active,qld,QLD,lot
2026-05-09T02:01:23.602866+00:00,https://www.grays.com/lot/0003-23500030/motor-vehicles-motor-cycles/2018-toyota-corolla-ascent-petrol-auto-ex-lease,6100.0,6100.0,109,2d 7h 58m36s,55.977,Active,melbourne,MELBOURNE,lot
2026-05-09T02:01:35.574853+00:00,https://www.grays.com/lot/0006-23500030/motor-vehicles-motor-cycles/2018-toyota-corolla-ascent-petrol-auto-ex-lease,2700.0,2700.0,34,2d 7h 58m24s,55.973,Active,melbourne,MELBOURNE,lot
2026-05-09T02:01:48.205779+00:00,https://www.grays.com/lot/0024-23500027/motor-vehicles-motor-cycles/2011-toyota-yaris-yr-petrol,2309.0,2309.0,34,3d 7h 58m12s,79.97,Active,melbourne,MELBOURNE,lot
2026-05-09T03:00:55.788427+00:00,https://www.grays.com/lot/0001-50715700/motor-vehicles-motor-cycles/2016-mazda-cx-5-maxx-sport-awd-ke-turbo-diesel-automatic-wagon,109.0,109.0,2,4d 6h 59m4s,102.984,Active,qld,QLD,lot
2026-05-09T03:01:09.981477+00:00,https://www.grays.com/lot/0001-50715730/motor-vehicles-motor-cycles/2015-mazda-cx-5-maxx-sport-ke-turbo-diesel-automatic-wagon,109.0,109.0,2,4d 6h 58m49s,102.98,Active,qld,QLD,lot
2026-05-09T03:01:20.854227+00:00,https://www.grays.com/lot/0003-23500030/motor-vehicles-motor-cycles/2018-toyota-corolla-ascent-petrol-auto-ex-lease,6100.0,6100.0,109,2d 6h 58m38s,54.977,Active,melbourne,MELBOURNE,lot
2026-05-09T03:01:32.865294+00:00,https://www.grays.com/lot/0006-23500030/motor-vehicles-motor-cycles/2018-toyota-corolla-ascent-petrol-auto-ex-lease,2800.0,2800.0,35,2d 6h 58m26s,54.974,Active,melbourne,MELBOURNE,lot
2026-05-09T03:01:45.228316+00:00,https://www.grays.com/lot/0024-23500027/motor-vehicles-motor-cycles/2011-toyota-yaris-yr-petrol,2309.0,2309.0,34,3d 6h 58m15s,78.971,Active,melbourne,MELBOURNE,lot
2026-05-09T04:00:52.803803+00:00,https://www.grays.com/lot/0001-50715700/motor-vehicles-motor-cycles/2016-mazda-cx-5-maxx-sport-awd-ke-turbo-diesel-automatic-wagon,109.0,109.0,2,4d 5h 59m8s,101.986,Active,qld,QLD,lot
2026-05-09T04:01:31.591080+00:00,https://www.grays.com/lot/0001-50715730/motor-vehicles-motor-cycles/2015-mazda-cx-5-maxx-sport-ke-turbo-diesel-automatic-wagon,109.0,109.0,2,4d 5h 58m28s,101.974,Active,qld,QLD,lot
2026-05-09T04:01:52.521435+00:00,https://www.grays.com/lot/0003-23500030/motor-vehicles-motor-cycles/2018-toyota-corolla-ascent-petrol-auto-ex-lease,6100.0,6100.0,109,2d 5h 58m7s,53.969,Active,melbourne,MELBOURNE,lot
2026-05-09T04:02:15.432564+00:00,https://www.grays.com/lot/0006-23500030/motor-vehicles-motor-cycles/2018-toyota-corolla-ascent-petrol-auto-ex-lease,2800.0,2800.0,35,2d 5h 57m45s,53.963,Active,melbourne,MELBOURNE,lot
2026-05-09T04:02:45.161573+00:00,https://www.grays.com/lot/0024-23500027/motor-vehicles-motor-cycles/2011-toyota-yaris-yr-petrol,2309.0,2309.0,34,3d 5h 57m15s,77.954,Active,melbourne,MELBOURNE,lot
2026-05-09T05:00:27.597495+00:00,https://www.grays.com/lot/0001-50715700/motor-vehicles-motor-cycles/2016-mazda-cx-5-maxx-sport-awd-ke-turbo-diesel-automatic-wagon,109.0,109.0,2,4d 4h 59m33s,100.993,Active,qld,QLD,lot
2026-05-09T05:00:55.137805+00:00,https://www.grays.com/lot/0001-50715730/motor-vehicles-motor-cycles/2015-mazda-cx-5-maxx-sport-ke-turbo-diesel-automatic-wagon,109.0,109.0,2,4d 4h 59m5s,100.985,Active,qld,QLD,lot
2026-05-09T05:01:06.217450+00:00,https://www.grays.com/lot/0003-23500030/motor-vehicles-motor-cycles/2018-toyota-corolla-ascent-petrol-auto-ex-lease,6100.0,6100.0,109,2d 4h 58m53s,52.981,Active,melbourne,MELBOURNE,lot
2026-05-09T05:01:18.589002+00:00,https://www.grays.com/lot/0006-23500030/motor-vehicles-motor-cycles/2018-toyota-corolla-ascent-petrol-auto-ex-lease,2900.0,2900.0,37,2d 4h 58m42s,52.978,Active,melbourne,MELBOURNE,lot
2026-05-09T05:01:33.914439+00:00,https://www.grays.com/lot/0024-23500027/motor-vehicles-motor-cycles/2011-toyota-yaris-yr-petrol,2309.0,2309.0,34,3d 4h 58m26s,76.974,Active,melbourne,MELBOURNE,lot
2026-05-09T06:01:00.729199+00:00,https://www.grays.com/lot/0001-50715700/motor-vehicles-motor-cycles/2016-mazda-cx-5-maxx-sport-awd-ke-turbo-diesel-automatic-wagon,109.0,109.0,2,4d 3h 58m59s,99.983,Active,qld,QLD,lot
2026-05-09T06:01:17.724564+00:00,https://www.grays.com/lot/0001-50715730/motor-vehicles-motor-cycles/2015-mazda-cx-5-maxx-sport-ke-turbo-diesel-automatic-wagon,109.0,109.0,2,4d 3h 58m44s,99.979,Active,qld,QLD,lot
2026-05-09T06:01:35.777180+00:00,https://www.grays.com/lot/0003-23500030/motor-vehicles-motor-cycles/2018-toyota-corolla-ascent-petrol-auto-ex-lease,6100.0,6100.0,109,2d 3h 58m25s,51.974,Active,melbourne,MELBOURNE,lot
2026-05-09T06:01:49.719721+00:00,https://www.grays.com/lot/0006-23500030/motor-vehicles-motor-cycles/2018-toyota-corolla-ascent-petrol-auto-ex-lease,2900.0,2900.0,37,2d 3h 58m10s,51.969,Active,melbourne,MELBOURNE,lot
2026-05-09T06:02:04.101080+00:00,https://www.grays.com/lot/0024-23500027/motor-vehicles-motor-cycles/2011-toyota-yaris-yr-petrol,2309.0,2309.0,34,3d 3h 57m56s,75.966,Active,melbourne,MELBOURNE,lot
2026-05-09T07:00:28.034458+00:00,https://www.grays.com/lot/0001-50715700/motor-vehicles-motor-cycles/2016-mazda-cx-5-maxx-sport-awd-ke-turbo-diesel-automatic-wagon,109.0,109.0,2,4d 2h 59m32s,98.992,Active,qld,QLD,lot
2026-05-09T07:00:56.127433+00:00,https://www.grays.com/lot/0001-50715730/motor-vehicles-motor-cycles/2015-mazda-cx-5-maxx-sport-ke-turbo-diesel-automatic-wagon,109.0,109.0,2,4d 2h 59m4s,98.984,Active,qld,QLD,lot
2026-05-09T07:01:07.509597+00:00,https://www.grays.com/lot/0003-23500030/motor-vehicles-motor-cycles/2018-toyota-corolla-ascent-petrol-auto-ex-lease,6300.0,6300.0,111,2d 2h 58m52s,50.981,Active,melbourne,MELBOURNE,lot
2026-05-09T07:01:19.276604+00:00,https://www.grays.com/lot/0006-23500030/motor-vehicles-motor-cycles/2018-toyota-corolla-ascent-petrol-auto-ex-lease,2900.0,2900.0,37,2d 2h 58m41s,50.978,Active,melbourne,MELBOURNE,lot
2026-05-09T07:01:31.883185+00:00,https://www.grays.com/lot/0024-23500027/motor-vehicles-motor-cycles/2011-toyota-yaris-yr-petrol,2309.0,2309.0,34,3d 2h 58m28s,74.974,Active,melbourne,MELBOURNE,lot
2026-05-09T08:01:10.909969+00:00,https://www.grays.com/lot/0003-23500030/motor-vehicles-motor-cycles/2018-toyota-corolla-ascent-petrol-auto-ex-lease,6300.0,6300.0,111,2d 1h 58m49s,49.98,Active,melbourne,MELBOURNE,lot
2026-05-09T08:01:22.824279+00:00,https://www.grays.com/lot/0006-23500030/motor-vehicles-motor-cycles/2018-toyota-corolla-ascent-petrol-auto-ex-lease,3000.0,3000.0,39,2d 1h 58m37s,49.977,Active,melbourne,MELBOURNE,lot
2026-05-09T08:01:35.606278+00:00,https://www.grays.com/lot/0024-23500027/motor-vehicles-motor-cycles/2011-toyota-yaris-yr-petrol,2309.0,2309.0,34,3d 1h 58m25s,73.974,Active,melbourne,MELBOURNE,lot
2026-05-09T08:00:29.902759+00:00,https://www.grays.com/lot/0001-50715700/motor-vehicles-motor-cycles/2016-mazda-cx-5-maxx-sport-awd-ke-turbo-diesel-automatic-wagon,109.0,109.0,2,4d 1h 59m31s,97.992,Active,qld,QLD,lot
2026-05-09T12:27:15.047437+00:00,https://www.grays.com/lot/0003-23500030/motor-vehicles-motor-cycles/2018-toyota-corolla-ascent-petrol-auto-ex-lease,6800.0,6800.0,116,1d 21h 33m5s,45.551,Active,melbourne,MELBOURNE,lot
2026-05-09T12:28:28.808573+00:00,https://www.grays.com/lot/0006-23500030/motor-vehicles-motor-cycles/2018-toyota-corolla-ascent-petrol-auto-ex-lease,3400.0,3400.0,43,1d 21h 31m59s,45.533,Active,melbourne,MELBOURNE,lot
2026-05-09T12:29:10.462204+00:00,https://www.grays.com/lot/0024-23500027/motor-vehicles-motor-cycles/2011-toyota-yaris-yr-petrol,2309.0,2309.0,34,2d 21h 31m3s,69.517,Active,melbourne,MELBOURNE,lot
2026-05-09T08:00:58.699256+00:00,https://www.grays.com/lot/0001-50715730/motor-vehicles-motor-cycles/2015-mazda-cx-5-maxx-sport-ke-turbo-diesel-automatic-wagon,109.0,109.0,2,4d 1h 59m1s,97.984,Active,qld,QLD,lot
2026-05-09T13:10:05.447236+00:00,https://www.grays.com/lot/0003-23500030/motor-vehicles-motor-cycles/2018-toyota-corolla-ascent-petrol-auto-ex-lease,6800.0,6800.0,116,1d 20h 50m0s,44.833,Active,melbourne,MELBOURNE,lot
2026-05-09T13:12:17.825618+00:00,https://www.grays.com/lot/0006-23500030/motor-vehicles-motor-cycles/2018-toyota-corolla-ascent-petrol-auto-ex-lease,3400.0,3400.0,43,1d 20h 47m54s,44.798,Active,melbourne,MELBOURNE,lot
2026-05-09T13:15:08.039658+00:00,https://www.grays.com/lot/0024-23500027/motor-vehicles-motor-cycles/2011-toyota-yaris-yr-petrol,2309.0,2309.0,34,2d 20h 45m11s,68.753,Active,melbourne,MELBOURNE,lot
2026-05-09T14:11:04.065017+00:00,https://www.grays.com/lot/0003-23500030/motor-vehicles-motor-cycles/2018-toyota-corolla-ascent-petrol-auto-ex-lease,6800.0,6800.0,116,1d 19h 49m22s,43.823,Active,melbourne,MELBOURNE,lot
2026-05-09T14:12:09.901361+00:00,https://www.grays.com/lot/0006-23500030/motor-vehicles-motor-cycles/2018-toyota-corolla-ascent-petrol-auto-ex-lease,3500.0,3500.0,44,1d 19h 47m56s,43.799,Active,melbourne,MELBOURNE,lot
2026-05-09T14:13:23.110464+00:00,https://www.grays.com/lot/0024-23500027/motor-vehicles-motor-cycles/2011-toyota-yaris-yr-petrol,2309.0,2309.0,34,2d 19h 46m51s,67.781,Active,melbourne,MELBOURNE,lot
2026-05-09T14:09:39.375527+00:00,https://www.grays.com/lot/0001-50715730/motor-vehicles-motor-cycles/2015-mazda-cx-5-maxx-sport-ke-turbo-diesel-automatic-wagon,209.0,209.0,4,3d 19h 50m38s,91.844,Active,qld,QLD,lot
2026-05-09T15:15:47.338917+00:00,https://www.grays.com/lot/0003-23500030/motor-vehicles-motor-cycles/2018-toyota-corolla-ascent-petrol-auto-ex-lease,6800.0,6800.0,116,1d 18h 44m35s,42.743,Active,melbourne,MELBOURNE,lot
2026-05-09T15:16:44.702748+00:00,https://www.grays.com/lot/0006-23500030/motor-vehicles-motor-cycles/2018-toyota-corolla-ascent-petrol-auto-ex-lease,3500.0,3500.0,44,1d 18h 43m38s,42.727,Active,melbourne,MELBOURNE,lot
2026-05-09T15:19:43.242255+00:00,https://www.grays.com/lot/0024-23500027/motor-vehicles-motor-cycles/2011-toyota-yaris-yr-petrol,2309.0,2309.0,34,2d 18h 40m39s,66.678,Active,melbourne,MELBOURNE,lot
2026-05-09T16:09:40.986453+00:00,https://www.grays.com/lot/0003-23500030/motor-vehicles-motor-cycles/2018-toyota-corolla-ascent-petrol-auto-ex-lease,6800.0,6800.0,116,1d 17h 50m40s,41.844,Active,melbourne,MELBOURNE,lot
2026-05-09T16:11:36.404425+00:00,https://www.grays.com/lot/0006-23500030/motor-vehicles-motor-cycles/2018-toyota-corolla-ascent-petrol-auto-ex-lease,3500.0,3500.0,44,1d 17h 48m32s,41.809,Active,melbourne,MELBOURNE,lot
2026-05-09T16:12:34.821957+00:00,https://www.grays.com/lot/0024-23500027/motor-vehicles-motor-cycles/2011-toyota-yaris-yr-petrol,2309.0,2309.0,34,2d 17h 47m32s,65.792,Active,melbourne,MELBOURNE,lot
2026-05-09T16:08:27.906509+00:00,https://www.grays.com/lot/0001-50715730/motor-vehicles-motor-cycles/2015-mazda-cx-5-maxx-sport-ke-turbo-diesel-automatic-wagon,209.0,209.0,4,3d 17h 51m53s,89.865,Active,qld,QLD,lot
2026-05-09T17:19:59.264141+00:00,https://www.grays.com/lot/0003-23500030/motor-vehicles-motor-cycles/2018-toyota-corolla-ascent-petrol-auto-ex-lease,6800.0,6800.0,116,1d 16h 40m23s,40.673,Active,melbourne,MELBOURNE,lot
2026-05-09T17:21:26.133353+00:00,https://www.grays.com/lot/0006-23500030/motor-vehicles-motor-cycles/2018-toyota-corolla-ascent-petrol-auto-ex-lease,3500.0,3500.0,44,1d 16h 39m5s,40.651,Active,melbourne,MELBOURNE,lot
2026-05-09T17:23:34.905579+00:00,https://www.grays.com/lot/0024-23500027/motor-vehicles-motor-cycles/2011-toyota-yaris-yr-petrol,2309.0,2309.0,34,2d 16h 36m34s,64.609,Active,melbourne,MELBOURNE,lot
2026-05-09T18:31:44.698783+00:00,https://www.grays.com/lot/0003-23500030/motor-vehicles-motor-cycles/2018-toyota-corolla-ascent-petrol-auto-ex-lease,6800.0,6800.0,116,1d 15h 28m41s,39.478,Active,melbourne,MELBOURNE,lot
2026-05-09T18:34:11.887480+00:00,https://www.grays.com/lot/0006-23500030/motor-vehicles-motor-cycles/2018-toyota-corolla-ascent-petrol-auto-ex-lease,3500.0,3500.0,44,1d 15h 26m5s,39.435,Active,melbourne,MELBOURNE,lot
2026-05-09T18:36:18.156252+00:00,https://www.grays.com/lot/0024-23500027/motor-vehicles-motor-cycles/2011-toyota-yaris-yr-petrol,2309.0,2309.0,34,2d 15h 23m49s,63.397,Active,melbourne,MELBOURNE,lot
2026-05-09T18:29:07.008831+00:00,https://www.grays.com/lot/0001-50715730/motor-vehicles-motor-cycles/2015-mazda-cx-5-maxx-sport-ke-turbo-diesel-automatic-wagon,209.0,209.0,4,3d 15h 31m27s,87.524,Active,qld,QLD,lot
2026-05-09T19:13:43.267791+00:00,https://www.grays.com/lot/0003-23500030/motor-vehicles-motor-cycles/2018-toyota-corolla-ascent-petrol-auto-ex-lease,6800.0,6800.0,116,1d 14h 46m19s,38.772,Active,melbourne,MELBOURNE,lot
2026-05-09T19:14:27.955513+00:00,https://www.grays.com/lot/0006-23500030/motor-vehicles-motor-cycles/2018-toyota-corolla-ascent-petrol-auto-ex-lease,3500.0,3500.0,44,1d 14h 45m42s,38.762,Active,melbourne,MELBOURNE,lot
2026-05-09T19:16:28.054859+00:00,https://www.grays.com/lot/0024-23500027/motor-vehicles-motor-cycles/2011-toyota-yaris-yr-petrol,2309.0,2309.0,34,2d 14h 43m40s,62.728,Active,melbourne,MELBOURNE,lot
2026-05-09T20:12:11.218620+00:00,https://www.grays.com/lot/0003-23500030/motor-vehicles-motor-cycles/2018-toyota-corolla-ascent-petrol-auto-ex-lease,6800.0,6800.0,116,1d 13h 48m18s,37.805,Active,melbourne,MELBOURNE,lot
2026-05-09T20:13:13.838867+00:00,https://www.grays.com/lot/0006-23500030/motor-vehicles-motor-cycles/2018-toyota-corolla-ascent-petrol-auto-ex-lease,3500.0,3500.0,44,1d 13h 47m4s,37.784,Active,melbourne,MELBOURNE,lot
2026-05-09T20:14:15.156731+00:00,https://www.grays.com/lot/0024-23500027/motor-vehicles-motor-cycles/2011-toyota-yaris-yr-petrol,2309.0,2309.0,34,2d 13h 46m11s,61.77,Active,melbourne,MELBOURNE,lot
2026-05-09T13:05:51.175677+00:00,https://www.grays.com/lot/0001-50715700/motor-vehicles-motor-cycles/2016-mazda-cx-5-maxx-sport-awd-ke-turbo-diesel-automatic-wagon,109.0,109.0,2,3d 20h 54m35s,92.91,Active,qld,QLD,lot
2026-05-09T20:09:44.891721+00:00,https://www.grays.com/lot/0001-50715730/motor-vehicles-motor-cycles/2015-mazda-cx-5-maxx-sport-ke-turbo-diesel-automatic-wagon,209.0,209.0,4,3d 13h 50m44s,85.846,Active,qld,QLD,lot
2026-05-09T21:10:58.702079+00:00,https://www.grays.com/lot/0003-23500030/motor-vehicles-motor-cycles/2018-toyota-corolla-ascent-petrol-auto-ex-lease,6800.0,6800.0,116,1d 12h 49m33s,36.826,Active,melbourne,MELBOURNE,lot
2026-05-09T21:13:05.409705+00:00,https://www.grays.com/lot/0006-23500030/motor-vehicles-motor-cycles/2018-toyota-corolla-ascent-petrol-auto-ex-lease,3500.0,3500.0,44,1d 12h 47m25s,36.79,Active,melbourne,MELBOURNE,lot
2026-05-09T21:14:04.915616+00:00,https://www.grays.com/lot/0024-23500027/motor-vehicles-motor-cycles/2011-toyota-yaris-yr-petrol,2309.0,2309.0,34,2d 12h 46m19s,60.772,Active,melbourne,MELBOURNE,lot
2026-05-09T23:29:24.262410+00:00,https://www.grays.com/lot/0001-10353556/motor-vehicles-motor-cycles/2011-ford-territory-titanium-sz-turbo-diesel-automatic-7-seats-wagon,2000.0,2000.0,10,10h 30m48s,10.513,Active,nsw,NSW,lot
2026-05-09T23:40:29.151181+00:00,https://www.grays.com/lot/0001-10353562/motor-vehicles-motor-cycles/2013-ford-ranger-automatic-xlt-4x4-pickup,4400.0,4400.0,31,10h 20m8s,10.336,Active,nsw,NSW,lot
2026-05-09T23:56:49.034378+00:00,https://www.grays.com/lot/0001-10353567/motor-vehicles-motor-cycles/2002-mitsubishi-airtrek-turbo-cu2w-automatic-wagon-import,3600.0,3600.0,69,10h 3m30s,10.058,Active,nsw,NSW,lot
2026-05-09T23:58:41.048721+00:00,https://www.grays.com/lot/0001-10353568/motor-vehicles-motor-cycles/2015-volkswagen-jetta-103tdi-highline-1b-turbo-diesel-automatic-sedan,809.0,809.0,13,10h 1m33s,10.026,Active,nsw,NSW,lot
2026-05-09T23:59:42.392114+00:00,https://www.grays.com/lot/0001-10353569/motor-vehicles-motor-cycles/2008-holden-ute-ss-v-series-ve-automatic-pick-up,9700.0,9700.0,62,10h 0m27s,10.008,Active,nsw,NSW,lot
2026-05-10T00:02:53.109263+00:00,https://www.grays.com/lot/0001-10353570/motor-vehicles-motor-cycles/2015-porsche-cayenne-diesel-92a-turbo-diesel-automatic-8-speed-wagon,19100.0,19100.0,197,9h 57m23s,9.956,Active,nsw,NSW,lot
2026-05-10T00:09:05.671641+00:00,https://www.grays.com/lot/0001-10353572/motor-vehicles-motor-cycles/2004-toyota-corolla-conquest-zze122r-automatic-wagon,1420.0,1420.0,19,9h 51m2s,9.851,Active,nsw,NSW,lot
2026-05-10T00:16:55.405159+00:00,https://www.grays.com/lot/0001-10353575/motor-vehicles-motor-cycles/2020-jeep-compass-limited-bg-automatic-wagon,5309.0,5309.0,74,9h 43m22s,9.723,Active,nsw,NSW,lot
2026-05-10T00:35:39.786880+00:00,https://www.grays.com/lot/0001-10353584/motor-vehicles-motor-cycles/2010-mercedes-benz-c250-be-avantgarde-w204-automatic-sedan,309.0,309.0,4,1d 9h 24m41s,33.411,Active,nsw,NSW,lot
2026-05-10T00:38:46.244834+00:00,https://www.grays.com/lot/0001-10353585/motor-vehicles-motor-cycles/2014-ford-ranger-xl-4x2-hi-rider-px-turbo-diesel-automatic-crew-cab-chassis,609.0,609.0,13,1d 9h 21m45s,33.363,Active,nsw,NSW,lot
2026-05-10T00:41:18.932203+00:00,https://www.grays.com/lot/0001-10353586/motor-vehicles-motor-cycles/2003-lexus-rx-rx330-sports-mcu38r-automatic-wagon,9.0,9.0,1,3d 9h 23m55s,81.399,Active,nsw,NSW,lot
2026-05-10T00:44:21.144607+00:00,https://www.grays.com/lot/0001-10353588/motor-vehicles-motor-cycles/2014-porsche-cayenne-diesel-92a-turbo-diesel-automatic-8-speed-wagon,6800.0,6800.0,37,1d 9h 16m8s,33.269,Active,nsw,NSW,lot
2026-05-10T00:45:31.127164+00:00,https://www.grays.com/lot/0001-10353590/motor-vehicles-motor-cycles/2000-toyota-landcruiser-prado-gxl-4x4-vzj95r-automatic-8-seats-wagon,400.0,400.0,6,1d 9h 14m45s,33.246,Active,nsw,NSW,lot
2026-05-10T00:46:57.616253+00:00,https://www.grays.com/lot/0001-10353591/motor-vehicles-motor-cycles/2016-land-rover-discovery-sport-sd4-hse-turbo-diesel-9-auto-wagon,509.0,509.0,10,1d 9h 13m25s,33.224,Active,nsw,NSW,lot
2026-05-10T00:49:28.575205+00:00,https://www.grays.com/lot/0001-10353592/motor-vehicles-motor-cycles/2013-nissan-pathfinder-ti-r52-cvt-7-seats-wagon,309.0,309.0,7,3d 8h 40m53s,80.681,Active,nsw,NSW,lot
2026-05-10T01:06:49.596090+00:00,https://www.grays.com/lot/0001-10353602/motor-vehicles-motor-cycles/2014-porsche-macan-s-diesel-95b-turbo-diesel-automatic-wagon,5709.0,5709.0,109,3d 8h 53m22s,80.889,Active,nsw,NSW,lot
2026-05-10T02:06:39.875012+00:00,https://www.grays.com/lot/0001-10353642/motor-vehicles-motor-cycles/2019-mazda-bt-50-4x4-xt-turbo-diesel-automatic-pick-up,2500.0,2500.0,26,2d 7h 53m30s,55.892,Active,nsw,NSW,lot
2026-05-10T02:09:14.518142+00:00,https://www.grays.com/lot/0001-10353643/motor-vehicles-motor-cycles/2012-mazda-3-neo-bl-automatic-sedan,2100.0,2100.0,14,3d 7h 50m51s,79.847,Active,nsw,NSW,lot
2026-05-10T02:11:23.349140+00:00,https://www.grays.com/lot/0001-10353644/motor-vehicles-motor-cycles/2016-mazda-2-neo-dl-series-manual-hatchback,809.0,809.0,6,3d 7h 48m58s,79.816,Active,nsw,NSW,lot
2026-05-10T02:12:29.364098+00:00,https://www.grays.com/lot/0001-10353646/motor-vehicles-motor-cycles/2010-hyundai-ix35-active-fwd-lm-automatic-wagon,9.0,9.0,0,3d 7h 47m40s,79.794,Active,nsw,NSW,lot
2026-05-10T02:14:49.941759+00:00,https://www.grays.com/lot/0001-10353647/motor-vehicles-motor-cycles/2004-holden-ute-ss-vy-automatic-pick-up,8400.0,8400.0,94,3d 7h 45m21s,79.756,Active,nsw,NSW,lot
2026-05-10T02:15:49.658125+00:00,https://www.grays.com/lot/0001-10353648/motor-vehicles-motor-cycles/2017-ford-ranger-4x4-xl-px-ii-turbo-diesel-manual-cab-chassis,2600.0,2600.0,12,3d 7h 44m47s,79.746,Active,nsw,NSW,lot
2026-05-10T02:17:25.216440+00:00,https://www.grays.com/lot/0001-10353650/motor-vehicles-motor-cycles/2014-mitsubishi-outlander-phev-5-seat-4wd-zj-direct-drive-wagon,309.0,309.0,6,3d 7h 42m58s,79.716,Active,nsw,NSW,lot
2026-05-10T02:20:12.878491+00:00,https://www.grays.com/lot/0001-10353651/motor-vehicles-motor-cycles/2016-jaguar-xe-20d-prestige-turbo-diesel-automatic-8-speed-sedan,2909.0,2909.0,48,3d 7h 40m55s,79.682,Active,nsw,NSW,lot
2026-05-10T02:23:46.579781+00:00,https://www.grays.com/lot/0001-10353655/motor-vehicles-motor-cycles/2018-mazda-cx-8-sport-fwd-kg-turbo-diesel-automatic-7-seats-wagon,9.0,9.0,1,3d 7h 36m32s,79.609,Active,nsw,NSW,lot
2026-05-10T02:26:00.466405+00:00,https://www.grays.com/lot/0001-10353656/motor-vehicles-motor-cycles/2014-renault-captur-expression-manual-wagon,9.0,9.0,1,3d 7h 34m6s,79.568,Active,nsw,NSW,lot
2026-05-10T02:27:22.049871+00:00,https://www.grays.com/lot/0001-10353657/motor-vehicles-motor-cycles/2015-renault-captur-expression-automatic-wagon,9.0,9.0,1,3d 7h 33m3s,79.551,Active,nsw,NSW,lot
2026-05-10T02:49:52.158099+00:00,https://www.grays.com/lot/0001-21066068/motor-vehicles-motor-cycles/2012-jeep-patriot-sport-mk-cvt-wagon,209.0,209.0,3,7h 10m13s,7.17,Active,vic,VIC,lot
2026-05-10T03:03:54.004515+00:00,https://www.grays.com/lot/0001-21066097/motor-vehicles-motor-cycles/2014-peugeot-308-allure-automatic-hatchback,1309.0,1309.0,21,6h 56m19s,6.939,Active,vic,VIC,lot
2026-05-10T03:04:41.733454+00:00,https://www.grays.com/lot/0001-21066098/motor-vehicles-motor-cycles/2016-renault-kangoo-automatic-van,2100.0,2100.0,23,2d 6h 55m31s,54.925,Active,vic,VIC,lot
2026-05-10T03:05:35.168316+00:00,https://www.grays.com/lot/0001-21066100/motor-vehicles-motor-cycles/2005-volvo-xc70-se-automatic-wagon,309.0,309.0,6,6h 54m34s,6.909,Active,vic,VIC,lot
2026-05-10T03:06:26.764123+00:00,https://www.grays.com/lot/0001-21066101/motor-vehicles-motor-cycles/2011-mercedes-benz-c250-be-avantgarde-w204-automatic-sedan,3200.0,3200.0,43,6h 53m39s,6.894,Active,vic,VIC,lot
2026-05-10T03:07:08.999410+00:00,https://www.grays.com/lot/0001-21066102/motor-vehicles-motor-cycles/2014-jeep-compass-limited-cvt-wagon,1900.0,1900.0,21,6h 53m1s,6.884,Active,vic,VIC,lot
2026-05-10T03:09:12.126114+00:00,https://www.grays.com/lot/0001-21066103/motor-vehicles-motor-cycles/2007-lexus-rx-350-rx350-sports-gsu35r-automatic-wagon,1009.0,1009.0,20,6h 50m56s,6.849,Active,vic,VIC,lot
2026-05-10T03:10:11.127689+00:00,https://www.grays.com/lot/0001-21066104/motor-vehicles-motor-cycles/2015-bmw-x5-xdrive-30d-f15-turbo-diesel-automatic-8-speed-wagon,9800.0,9800.0,98,6h 49m53s,6.831,Active,vic,VIC,lot
2026-05-10T03:11:13.858198+00:00,https://www.grays.com/lot/0001-21066105/motor-vehicles-motor-cycles/2013-land-rover-range-rover-evoque-td4-pure-turbo-diesel-automatic-wagon,7702.0,7702.0,88,6h 48m55s,6.815,Active,vic,VIC,lot
2026-05-10T03:12:10.868351+00:00,https://www.grays.com/lot/0001-21066113/motor-vehicles-motor-cycles/2012-holden-caprice-wm-ii-automatic-sedan,2600.0,2600.0,35,1d 6h 47m53s,30.798,Active,vic,VIC,lot
2026-05-10T03:13:10.552706+00:00,https://www.grays.com/lot/0001-21066114/motor-vehicles-motor-cycles/2008-volkswagen-polo-pacific-9n-automatic-hatchback,9.0,9.0,1,1d 6h 47m27s,30.791,Active,vic,VIC,lot
2026-05-10T03:14:29.925407+00:00,https://www.grays.com/lot/0001-21066115/motor-vehicles-motor-cycles/2015-mitsubishi-triton-4x4-glx-mn-turbo-diesel-manual-dual-cab,2299.0,2299.0,20,1d 6h 46m4s,30.768,Active,vic,VIC,lot
2026-05-10T03:15:19.475031+00:00,https://www.grays.com/lot/0001-21066116/motor-vehicles-motor-cycles/2017-peugeot-3008-active-automatic-hatchback,709.0,709.0,8,1d 6h 44m59s,30.75,Active,vic,VIC,lot
2026-05-10T03:16:05.223209+00:00,https://www.grays.com/lot/0001-21066117/motor-vehicles-motor-cycles/2012-jaguar-xf-3-0d-luxury-turbo-diesel-automatic-8-speed-sedan,1609.0,1609.0,29,1d 6h 44m5s,30.735,Active,vic,VIC,lot
2026-05-10T03:16:51.919395+00:00,https://www.grays.com/lot/0001-21066118/motor-vehicles-motor-cycles/2014-bmw-x3-xdrive-20d-f25-turbo-diesel-automatic-8-speed-wagon,5409.0,5409.0,105,1d 6h 43m14s,30.721,Active,vic,VIC,lot
2026-05-10T03:19:26.389757+00:00,https://www.grays.com/lot/0001-21066120/motor-vehicles-motor-cycles/2013-audi-q3-2-0-tfsi-quattro-8u-automatic-wagon,8000.0,8000.0,81,1d 6h 40m49s,30.68,Active,vic,VIC,lot
2026-05-10T03:20:06.372022+00:00,https://www.grays.com/lot/0001-21066121/motor-vehicles-motor-cycles/2008-bmw-120i-e88-automatic-convertible,609.0,609.0,7,1d 6h 40m3s,30.668,Active,vic,VIC,lot
2026-05-10T03:21:13.458947+00:00,https://www.grays.com/lot/0001-21066122/motor-vehicles-motor-cycles/2016-ford-ranger-xlt-4x4-px-ii-turbo-diesel-automatic-dual-cab,13200.0,13200.0,36,2d 6h 39m3s,54.651,Active,vic,VIC,lot
2026-05-10T03:23:23.718733+00:00,https://www.grays.com/lot/0001-21066123/motor-vehicles-motor-cycles/1994-nissan-pulsar-lx-limited-n14-manual-hatchback,9.0,9.0,0,1d 6h 36m43s,30.612,Active,vic,VIC,lot
2026-05-10T03:24:17.642453+00:00,https://www.grays.com/lot/0001-21066125/motor-vehicles-motor-cycles/2007-mercedes-benz-b200-turbo-w245-cvt-hatchback,609.0,609.0,12,1d 6h 35m51s,30.598,Active,vic,VIC,lot
2026-05-10T03:24:50.890953+00:00,https://www.grays.com/lot/0001-21066126/motor-vehicles-motor-cycles/2020-mitsubishi-triton-util-awd-automatic-ute,4815.0,4815.0,10,3d 6h 35m12s,78.587,Active,vic,VIC,lot
2026-05-10T03:25:37.886268+00:00,https://www.grays.com/lot/0001-21066131/motor-vehicles-motor-cycles/2020-isuzu-mu-x-4x4-ls-u-turbo-diesel-automatic-7-seats-wagon,1109.0,1109.0,5,3d 6h 34m32s,78.576,Active,vic,VIC,lot
2026-05-10T03:26:22.577504+00:00,https://www.grays.com/lot/0001-21066132/motor-vehicles-motor-cycles/2020-isuzu-mu-x-4x4-ls-u-turbo-diesel-automatic-7-seats-wagon,3109.0,3109.0,21,3d 6h 33m44s,78.562,Active,vic,VIC,lot
2026-05-10T03:27:24.048976+00:00,https://www.grays.com/lot/0001-21066133/motor-vehicles-motor-cycles/2015-isuzu-mu-x-4x4-ls-u-turbo-diesel-automatic-7-seats-wagon,359.0,359.0,2,3d 6h 32m44s,78.546,Active,vic,VIC,lot
2026-05-10T03:28:41.090120+00:00,https://www.grays.com/lot/0001-21066134/motor-vehicles-motor-cycles/2020-isuzu-d-max-4x4-ls-m-turbo-diesel-manual-dual-cab,1500.0,1500.0,7,3d 6h 31m50s,78.531,Active,vic,VIC,lot
2026-05-10T03:30:34.509203+00:00,https://www.grays.com/lot/0001-21066136/motor-vehicles-motor-cycles/2007-toyota-hilux-sr-4x4-turbo-diesel-manual-dual-cab,309.0,309.0,3,3d 6h 29m29s,78.491,Active,vic,VIC,lot
2026-05-10T03:31:31.150706+00:00,https://www.grays.com/lot/0001-21066137/motor-vehicles-motor-cycles/2010-toyota-hilux-sr-4x4-kun26r-turbo-diesel-manual-crew-cab-chassis,109.0,109.0,0,3d 6h 28m43s,78.479,Active,vic,VIC,lot
2026-05-10T03:32:26.604305+00:00,https://www.grays.com/lot/0001-21066138/motor-vehicles-motor-cycles/2007-toyota-hilux-sr-4x4-kun26r-turbo-diesel-manual-dual-cab,109.0,109.0,2,3d 6h 27m38s,78.461,Active,vic,VIC,lot
2026-05-10T03:33:31.384262+00:00,https://www.grays.com/lot/0001-21066139/motor-vehicles-motor-cycles/2006-toyota-landcruiser-prado-grande-grj120r-automatic-8-seats-wagon,10430.0,10430.0,96,2d 6h 26m39s,54.444,Active,vic,VIC,lot
2026-05-10T03:35:10.484511+00:00,https://www.grays.com/lot/0001-21066140/motor-vehicles-motor-cycles/2015-jeep-grand-cherokee-laredo-4x4-wk-turbo-diesel-automatic,1209.0,1209.0,18,2d 6h 25m1s,54.417,Active,vic,VIC,lot
2026-05-10T03:36:13.986433+00:00,https://www.grays.com/lot/0001-21066144/motor-vehicles-motor-cycles/2021-jeep-cherokee-limited-4x4-kl-automatic-wagon,8000.0,8000.0,30,1d 6h 24m5s,30.401,Active,vic,VIC,lot
2026-05-10T03:37:06.524711+00:00,https://www.grays.com/lot/0001-21066145/motor-vehicles-motor-cycles/2021-kia-cerato-s-bd-automatic-sedan,15100.0,15100.0,167,1d 6h 23m3s,30.384,Active,vic,VIC,lot
2026-05-10T03:39:04.875377+00:00,https://www.grays.com/lot/0001-21066148/motor-vehicles-motor-cycles/2014-volkswagen-golf-90tsi-a7-automatic-hatchback,3900.0,3900.0,5,2d 6h 21m3s,54.351,Active,vic,VIC,lot
2026-05-10T03:43:00.623850+00:00,https://www.grays.com/lot/0001-21066150/motor-vehicles-motor-cycles/2013-kia-rondo-platinum-rp-automatic-7-seats-people-mover,109.0,109.0,2,2d 6h 17m8s,54.286,Active,vic,VIC,lot
2026-05-10T03:45:37.496290+00:00,https://www.grays.com/lot/0001-21066153/motor-vehicles-motor-cycles/2015-ford-kuga-ambiente-fwd-tf-ii-automatic-wagon,409.0,409.0,6,3d 6h 14m48s,78.247,Active,vic,VIC,lot
2026-05-10T03:46:27.438594+00:00,https://www.grays.com/lot/0001-21066154/motor-vehicles-motor-cycles/2014-toyota-corolla-automatic-sedan,709.0,709.0,11,3d 6h 13m46s,78.229,Active,vic,VIC,lot
2026-05-10T03:49:09.485573+00:00,https://www.grays.com/lot/0001-21066155/motor-vehicles-motor-cycles/2016-hyundai-sonata-active-lf-automatic-sedan,355.0,355.0,5,3d 6h 10m57s,78.183,Active,vic,VIC,lot
2026-05-10T03:54:13.122117+00:00,https://www.grays.com/lot/0001-23500016/motor-vehicles-motor-cycles/2013-mazda-cx-5-maxx-petrol,2809.0,2809.0,29,6h 7m28s,6.124,Active,melbourne,MELBOURNE,lot
2026-05-10T03:56:25.404913+00:00,https://www.grays.com/lot/0001-23500019/motor-vehicles-motor-cycles/2010-subaru-forester-premium-diesel,801.0,801.0,12,6h 3m52s,6.064,Active,melbourne,MELBOURNE,lot
2026-05-10T03:57:36.531873+00:00,https://www.grays.com/lot/0001-23500023/motor-vehicles-motor-cycles/2013-audi-q5-petrol,800.0,800.0,11,1d 6h 2m32s,30.042,Active,melbourne,MELBOURNE,lot
2026-05-10T03:58:40.781073+00:00,https://www.grays.com/lot/0001-23500027/motor-vehicles-motor-cycles/2010-mercedes-benz-c-class-c220-diesel,509.0,509.0,6,2d 6h 1m29s,54.025,Active,melbourne,MELBOURNE,lot
2026-05-10T03:59:27.104459+00:00,https://www.grays.com/lot/0001-23500028/motor-vehicles-motor-cycles/2013-mazda-cx-5-akera-diesel,9.0,9.0,1,3d 6h 0m42s,78.012,Active,melbourne,MELBOURNE,lot
2026-05-10T04:00:38.342464+00:00,https://www.grays.com/lot/0001-23500029/motor-vehicles-motor-cycles/2018-honda-cr-v-vti-lx-petrol,3609.0,3609.0,70,3d 5h 59m37s,77.994,Active,melbourne,MELBOURNE,lot
2026-05-10T04:03:08.748702+00:00,https://www.grays.com/lot/0001-50517981/motor-vehicles-motor-cycles/2016-mazda-bt-50-4x2-xt-turbo-diesel-manual-cab-chassis,1009.0,1009.0,13,5h 57m11s,5.953,Active,qld,QLD,lot
2026-05-10T04:20:16.313576+00:00,https://www.grays.com/lot/0001-50517989/motor-vehicles-motor-cycles/2014-hyundai-i20-active-pb-automatic-hatchback,9.0,9.0,1,3d 5h 40m2s,77.667,Active,qld,QLD,lot
2026-05-10T04:43:03.477955+00:00,https://www.grays.com/lot/0001-50517994/motor-vehicles-motor-cycles/2013-mercedes-benz-c250-c-250-cdi-blueefficiency-elegancew204-td-auto-sedan,409.0,409.0,5,3d 5h 17m27s,77.291,Active,qld,QLD,lot
2026-05-10T04:46:07.855263+00:00,https://www.grays.com/lot/0001-50517996/motor-vehicles-motor-cycles/2015-mercedes-benz-cla-class-cla-200-c117-automatic-coupe,1509.0,1509.0,9,3d 5h 14m34s,77.243,Active,qld,QLD,lot
2026-05-10T04:58:44.062229+00:00,https://www.grays.com/lot/0001-50715666/motor-vehicles-motor-cycles/2015-mitsubishi-triton-4x4-glx-mn-turbo-diesel-automatic-dual-cab,1109.0,1109.0,15,2d 5h 1m28s,53.024,Active,qld,QLD,lot
2026-05-10T05:58:28.933059+00:00,https://www.grays.com/lot/0001-50715688/motor-vehicles-motor-cycles/2017-mazda-cx-5-maxx-sport-kf-turbo-diesel-automatic-wagon,209.0,209.0,3,3d 4h 2m30s,76.042,Active,qld,QLD,lot
2026-05-10T06:05:52.790058+00:00,https://www.grays.com/lot/0001-50715691/motor-vehicles-motor-cycles/2012-nissan-murano-ti-z51-cvt-wagon,9.0,9.0,0,3d 3h 54m13s,75.904,Active,qld,QLD,lot
2026-05-10T06:16:07.414832+00:00,https://www.grays.com/lot/0001-50715696/motor-vehicles-motor-cycles/2010-volkswagen-golf-118tsi-comfortline-a6-manual-hatchback,309.0,309.0,4,1d 3h 44m16s,27.738,Active,qld,QLD,lot
2026-05-10T06:19:02.875519+00:00,https://www.grays.com/lot/0001-50715698/motor-vehicles-motor-cycles/2017-land-rover-discovery-sport-td4-150-se-tdl-9-auto-7-seats-wagon,1109.0,1109.0,20,3d 3h 41m21s,75.689,Active,qld,QLD,lot
2026-05-10T06:21:15.127590+00:00,https://www.grays.com/lot/0001-50715699/motor-vehicles-motor-cycles/2020-isuzu-mu-x-4x4-ls-t-turbo-diesel-automatic-7-seats-wagon,1101.0,1101.0,5,3d 3h 38m55s,75.649,Active,qld,QLD,lot
2026-05-10T06:42:54.632818+00:00,https://www.grays.com/lot/0001-50715706/motor-vehicles-motor-cycles/2015-subaru-forester-2-5i-l-s4-cvt-wagon,9.0,9.0,1,3d 3h 17m39s,75.294,Active,qld,QLD,lot
2026-05-10T06:55:06.824227+00:00,https://www.grays.com/lot/0001-50715715/motor-vehicles-motor-cycles/2022-mazda-cx-9-touring-awd-tc-automatic-7-seats-wagon,19000.0,19000.0,25,1d 3h 4m59s,27.083,Active,qld,QLD,lot
2026-05-10T07:29:12.163723+00:00,https://www.grays.com/lot/0001-50715725/motor-vehicles-motor-cycles/2018-volkswagen-amarok-tdi550-sportline-2h-td-auto-8-speed-dual-cab,1001.0,1001.0,7,3d 2h 31m24s,74.523,Active,qld,QLD,lot
2026-05-10T07:39:57.660244+00:00,https://www.grays.com/lot/0001-50715729/motor-vehicles-motor-cycles/2010-nissan-navara-st-x-4x4-double-cab-d40-turbo-diesel-manual-dual-cab,9.0,9.0,0,3d 2h 20m18s,74.338,Active,qld,QLD,lot
2026-05-10T07:57:54.212589+00:00,https://www.grays.com/lot/0001-50715738/motor-vehicles-motor-cycles/2016-mitsubishi-triton-4x4-glx-l-e-mq-turbo-diesel-automatic-dual-cab,700.0,700.0,4,2d 1h 32m42s,49.545,Active,qld,QLD,lot
2026-05-10T08:12:37.141369+00:00,https://www.grays.com/lot/0001-50715742/motor-vehicles-motor-cycles/2018-jaguar-e-pace-d240-awd-se-x540-turbo-diesel-automatic-wagon,1109.0,1109.0,13,3d 1h 47m44s,73.796,Active,qld,QLD,lot
2026-05-10T08:31:31.745749+00:00,https://www.grays.com/lot/0001-50715756/motor-vehicles-motor-cycles/2014-jeep-cherokee-limited-4x4-kl-automatic-wagon,109.0,109.0,2,3d 1h 28m47s,73.48,Active,qld,QLD,lot
2026-05-10T08:35:26.308953+00:00,https://www.grays.com/lot/0001-60050665/motor-vehicles-motor-cycles/2013-fiat-500-lounge-automatic-hatchback,1909.0,1909.0,29,1d 1h 24m47s,25.413,Active,sa,SA,lot
2026-05-09T22:12:56.455069+00:00,https://www.grays.com/lot/0003-23500030/motor-vehicles-motor-cycles/2018-toyota-corolla-ascent-petrol-auto-ex-lease,6900.0,6900.0,117,1d 11h 47m12s,35.787,Active,melbourne,MELBOURNE,lot
2026-05-09T22:14:58.410139+00:00,https://www.grays.com/lot/0006-23500030/motor-vehicles-motor-cycles/2018-toyota-corolla-ascent-petrol-auto-ex-lease,3600.0,3600.0,45,1d 11h 45m22s,35.756,Active,melbourne,MELBOURNE,lot
2026-05-09T22:16:58.311493+00:00,https://www.grays.com/lot/0024-23500027/motor-vehicles-motor-cycles/2011-toyota-yaris-yr-petrol,2309.0,2309.0,34,2d 11h 43m23s,59.723,Active,melbourne,MELBOURNE,lot
2026-05-10T09:26:59.447025+00:00,https://www.grays.com/lot/0001-60050745/motor-vehicles-motor-cycles/2017-land-rover-discovery-sport-td4-180-hse-turbo-diesel-9-auto-wagon,10100.0,10100.0,119,1d 0h 33m6s,24.552,Active,sa,SA,lot
2026-05-10T09:27:51.858832+00:00,https://www.grays.com/lot/0001-60050746/motor-vehicles-motor-cycles/2015-subaru-outback-3-6r-premium-b6a-cvt-wagon,6300.0,6300.0,41,1d 0h 32m11s,24.536,Active,sa,SA,lot
2026-05-10T09:28:17.201177+00:00,https://www.grays.com/lot/0001-60050747/motor-vehicles-motor-cycles/2011-bmw-x1-xdrive-20d-e84-turbo-diesel-automatic-wagon,2609.0,2609.0,50,1d 0h 31m46s,24.529,Active,sa,SA,lot
2026-05-10T09:29:12.264321+00:00,https://www.grays.com/lot/0001-60050748/motor-vehicles-motor-cycles/2010-holden-commodore-omega-ve-automatic-sedan,709.0,709.0,11,1d 0h 30m50s,24.514,Active,sa,SA,lot
2026-05-10T09:29:45.926870+00:00,https://www.grays.com/lot/0001-60050749/motor-vehicles-motor-cycles/2010-land-rover-range-rover-sport-3-6-tdv8-luxury-turbo-diesel,4400.0,4400.0,60,1d 0h 30m15s,24.504,Active,sa,SA,lot
2026-05-10T09:30:14.723852+00:00,https://www.grays.com/lot/0001-60050750/motor-vehicles-motor-cycles/2012-nissan-navara-4x4-st-x550-d40-turbo-diesel-automatic-dual-cab,7550.0,7550.0,57,1d 0h 29m49s,24.497,Active,sa,SA,lot
2026-05-10T09:31:29.006103+00:00,https://www.grays.com/lot/0001-60050751/motor-vehicles-motor-cycles/2020-mazda-cx-5-akera-kf-automatic-wagon,12450.0,12450.0,85,2d 0h 28m33s,48.476,Active,sa,SA,lot
2026-05-10T09:32:11.639465+00:00,https://www.grays.com/lot/0001-60050753/motor-vehicles-motor-cycles/2014-toyota-landcruiser-prado-gxl-4x4-kdj150r-turbo-diesel,21200.0,21200.0,74,2d 0h 27m51s,48.464,Active,sa,SA,lot
2026-05-10T09:33:45.461375+00:00,https://www.grays.com/lot/0001-60050754/motor-vehicles-motor-cycles/2017-toyota-hilux-4x2-workmate-tgn121r-manual-cab-chassis,6600.0,6600.0,41,2d 0h 26m16s,48.438,Active,sa,SA,lot
2026-05-10T09:34:15.603921+00:00,https://www.grays.com/lot/0001-60050755/motor-vehicles-motor-cycles/1989-subaru-leone-royal-automatic-sedan,9.0,9.0,1,2d 0h 25m47s,48.43,Active,sa,SA,lot
2026-05-10T09:34:43.417647+00:00,https://www.grays.com/lot/0001-60050756/motor-vehicles-motor-cycles/2011-toyota-corolla-ascent-zre152r-automatic-hatchback,209.0,209.0,3,3d 0h 25m18s,72.422,Active,sa,SA,lot
2026-05-10T09:40:09.782735+00:00,https://www.grays.com/lot/0001-60050758/motor-vehicles-motor-cycles/2017-toyota-hilux-4x2-workmate-tgn121r-manual-cab-chassis,14750.0,14750.0,63,2d 0h 19m55s,48.332,Active,sa,SA,lot
2026-05-10T09:41:01.609882+00:00,https://www.grays.com/lot/0001-60050759/motor-vehicles-motor-cycles/2012-audi-a4-1-8-tfsi-b8-cvt-sedan,109.0,109.0,2,2d 0h 19m10s,48.319,Active,sa,SA,lot
2026-05-10T09:41:51.872686+00:00,https://www.grays.com/lot/0001-60050760/motor-vehicles-motor-cycles/2021-mazda-cx-8-touring-diesel-awd-kg-turbo-diesel-automatic-7-seats-wagon,309.0,309.0,4,3d 0h 18m17s,72.305,Active,sa,SA,lot
2026-05-10T09:42:52.719191+00:00,https://www.grays.com/lot/0001-60050762/motor-vehicles-motor-cycles/2016-mercedes-benz-gls-class-gls350d-x166-turbo-diesel-9-auto-7-seats-wagon,10100.0,10100.0,69,3d 0h 17m19s,72.289,Active,sa,SA,lot
2026-05-10T09:44:41.327051+00:00,https://www.grays.com/lot/0001-60050763/motor-vehicles-motor-cycles/2004-mercedes-benz-c-class-c-320-avantgarde-w203-automatic-sedan,109.0,109.0,3,3d 0h 15m32s,72.259,Active,sa,SA,lot
2026-05-10T09:45:32.029985+00:00,https://www.grays.com/lot/0001-60050764/motor-vehicles-motor-cycles/2014-subaru-wrx-premium-v1-cvt-sedan,11700.0,11700.0,39,3d 0h 14m40s,72.244,Active,sa,SA,lot
2026-05-10T09:46:27.479998+00:00,https://www.grays.com/lot/0001-60050766/motor-vehicles-motor-cycles/2016-toyota-rav-4-fwd-gx-zsa42r-cvt-wagon,1000.0,1000.0,15,3d 0h 13m42s,72.228,Active,sa,SA,lot
2026-05-10T09:48:23.536622+00:00,https://www.grays.com/lot/0001-9068512/motor-vehicles-motor-cycles/2004-hsv-maloo-r8-vy-series-ii-manual-ute,20100.0,20100.0,158,2d 1h 41m42s,49.695,Active,wa,WA,lot
2026-05-10T09:49:24.123192+00:00,https://www.grays.com/lot/0001-9068514/motor-vehicles-motor-cycles/2015-holden-cruze-automatic-sedan,600.0,600.0,6,2d 1h 40m51s,49.681,Active,wa,WA,lot
2026-05-10T09:50:31.891847+00:00,https://www.grays.com/lot/0001-9068516/motor-vehicles-motor-cycles/2010-bmw-528i-automatic-sedan,2000.0,2000.0,26,2d 1h 39m41s,49.661,Active,wa,WA,lot
2026-05-10T09:52:46.966272+00:00,https://www.grays.com/lot/0001-9068523/motor-vehicles-motor-cycles/2008-audi-q7-3-0-tdi-quattro-turbo-diesel-automatic-7-seats-wagon,1909.0,1909.0,27,2d 1h 37m31s,49.625,Active,wa,WA,lot
2026-05-10T09:55:29.316960+00:00,https://www.grays.com/lot/0001-9068524/motor-vehicles-motor-cycles/2012-ford-ranger-wildtrak-4x4-px-turbo-diesel-manual-dual-cab,5900.0,5900.0,60,2d 1h 34m40s,49.578,Active,wa,WA,lot
2026-05-10T10:02:54.214227+00:00,https://www.grays.com/lot/0001-9068526/motor-vehicles-motor-cycles/2018-land-rover-discovery-sport-td4-hse-110kw-l550-t-d-auto-wagon,8400.0,8400.0,104,2d 1h 27m11s,49.453,Active,wa,WA,lot
2026-05-10T10:10:08.942998+00:00,https://www.grays.com/lot/0001-9068530/motor-vehicles-motor-cycles/2003-nissan-x-trail-ti-t30-automatic-wagon,309.0,309.0,7,2d 1h 20m0s,49.333,Active,wa,WA,lot
2026-05-10T10:11:19.002022+00:00,https://www.grays.com/lot/0003-23500030/motor-vehicles-motor-cycles/2018-toyota-corolla-ascent-petrol-auto-ex-lease,7500.0,7500.0,123,23h 48m53s,23.815,Active,melbourne,MELBOURNE,lot
2026-05-10T10:12:42.519433+00:00,https://www.grays.com/lot/0006-23500030/motor-vehicles-motor-cycles/2018-toyota-corolla-ascent-petrol-auto-ex-lease,5600.0,5600.0,64,23h 47m31s,23.792,Active,melbourne,MELBOURNE,lot
2026-05-10T10:14:28.096134+00:00,https://www.grays.com/lot/0024-23500027/motor-vehicles-motor-cycles/2011-toyota-yaris-yr-petrol,2709.0,2709.0,38,1d 23h 45m37s,47.76,Active,melbourne,MELBOURNE,lot
2026-05-10T10:16:07.459203+00:00,https://www.grays.com/lot/0001-9068532/motor-vehicles-motor-cycles/2013-nissan-altima-ti-s-l33-cvt-sedan,1401.0,1401.0,17,2d 1h 14m4s,49.234,Active,wa,WA,lot
2026-05-10T10:18:20.808766+00:00,https://www.grays.com/lot/0001-9068537/motor-vehicles-motor-cycles/2015-mitsubishi-triton-4x4-glx-mn-turbo-diesel-manual-pick-up,3209.0,3209.0,38,2d 1h 11m56s,49.199,Active,wa,WA,lot
2026-05-10T11:03:05.469913+00:00,https://www.grays.com/lot/0001-9068552/motor-vehicles-motor-cycles/2014-volkswagen-amarok-tdi420-highline-2h-t-d-auto-8-speed-dual-cab,3600.0,3600.0,38,2d 0h 27m12s,48.453,Active,wa,WA,lot
2026-05-09T22:06:47.053390+00:00,https://www.grays.com/lot/0001-50715700/motor-vehicles-motor-cycles/2016-mazda-cx-5-maxx-sport-awd-ke-turbo-diesel-automatic-wagon,109.0,109.0,2,3d 11h 53m29s,83.891,Active,qld,QLD,lot
2026-05-09T22:09:36.826684+00:00,https://www.grays.com/lot/0001-50715730/motor-vehicles-motor-cycles/2015-mazda-cx-5-maxx-sport-ke-turbo-diesel-automatic-wagon,1500.0,1500.0,22,3d 11h 50m55s,83.849,Active,qld,QLD,lot
2026-05-10T11:14:26.496010+00:00,https://www.grays.com/lot/0003-23500030/motor-vehicles-motor-cycles/2018-toyota-corolla-ascent-petrol-auto-ex-lease,7500.0,7500.0,123,22h 45m37s,22.76,Active,melbourne,MELBOURNE,lot
2026-05-10T11:18:03.085713+00:00,https://www.grays.com/lot/0006-23500030/motor-vehicles-motor-cycles/2018-toyota-corolla-ascent-petrol-auto-ex-lease,5800.0,5800.0,66,22h 43m1s,22.717,Active,melbourne,MELBOURNE,lot
2026-05-10T11:20:18.796318+00:00,https://www.grays.com/lot/0024-23500027/motor-vehicles-motor-cycles/2011-toyota-yaris-yr-petrol,2809.0,2809.0,39,1d 22h 40m0s,46.667,Active,melbourne,MELBOURNE,lot
2026-05-10T11:25:36.575997+00:00,https://www.grays.com/lot/0001-9068561/motor-vehicles-motor-cycles/2016-renault-trafic-swb-l1h1-dci-90-turbo-diesel-manual-van,309.0,309.0,4,3d 0h 4m31s,72.075,Active,wa,WA,lot
2026-05-10T11:27:12.012773+00:00,https://www.grays.com/lot/0001-9068562/motor-vehicles-motor-cycles/2002-toyota-landcruiser-6-seat-troopcarrier-hzj78r-manual-wagon,2509.0,2509.0,22,3d 0h 3m13s,72.054,Active,wa,WA,lot
2026-05-10T11:30:44.401966+00:00,https://www.grays.com/lot/0001-9068565/motor-vehicles-motor-cycles/2010-toyota-hilux-4x2-workmate-tgn16r-manual-cab-chassis,5102.0,5102.0,82,2d 23h 59m36s,71.993,Active,wa,WA,lot
2026-05-10T11:37:00.878925+00:00,https://www.grays.com/lot/0001-9068568/motor-vehicles-motor-cycles/2009-jeep-wrangler-unlimited-sport-jk-turbo-diesel-automatic-wagon,2600.0,2600.0,32,2d 23h 53m17s,71.888,Active,wa,WA,lot
2026-05-10T12:30:54.000317+00:00,https://www.grays.com/lot/0001-9068579/motor-vehicles-motor-cycles/2011-toyota-landcruiser-workmate-vdj79r-turbo-diesel-manual-cab-chassis,6500.0,6500.0,34,2d 22h 59m35s,70.993,Active,wa,WA,lot
2026-05-10T12:32:46.725265+00:00,https://www.grays.com/lot/0001-9068581/motor-vehicles-motor-cycles/2008-toyota-hilux-sr-4x4-kun26r-turbo-diesel-manual-crew-cab-chassis,3900.0,3900.0,62,2d 22h 57m19s,70.955,Active,wa,WA,lot
2026-05-10T12:34:59.696252+00:00,https://www.grays.com/lot/0001-9068583/motor-vehicles-motor-cycles/2014-mercedes-benz-c-class-c-250-w205-automatic-sedan,10400.0,10400.0,136,2d 22h 55m14s,70.921,Active,wa,WA,lot
2026-05-10T12:35:57.944983+00:00,https://www.grays.com/lot/0001-9068584/motor-vehicles-motor-cycles/2011-toyota-hilux-4x4-sr-kun26r-turbo-diesel-automatic-cab-chassis,4050.0,4050.0,53,2d 22h 54m8s,70.902,Active,wa,WA,lot
2026-05-10T12:31:09.074436+00:00,https://www.grays.com/lot/0001-50715700/motor-vehicles-motor-cycles/2016-mazda-cx-5-maxx-sport-awd-ke-turbo-diesel-automatic-wagon,309.0,309.0,4,2d 21h 28m59s,69.483,Active,qld,QLD,lot
2026-05-10T12:33:11.558890+00:00,https://www.grays.com/lot/0001-50715730/motor-vehicles-motor-cycles/2015-mazda-cx-5-maxx-sport-ke-turbo-diesel-automatic-wagon,1700.0,1700.0,26,2d 21h 27m7s,69.452,Active,qld,QLD,lot
2026-05-10T12:34:24.119921+00:00,https://www.grays.com/lot/0003-23500030/motor-vehicles-motor-cycles/2018-toyota-corolla-ascent-petrol-auto-ex-lease,7500.0,7500.0,123,21h 26m8s,21.436,Active,melbourne,MELBOURNE,lot
2026-05-10T12:35:19.578186+00:00,https://www.grays.com/lot/0006-23500030/motor-vehicles-motor-cycles/2018-toyota-corolla-ascent-petrol-auto-ex-lease,5800.0,5800.0,66,21h 24m52s,21.414,Active,melbourne,MELBOURNE,lot
2026-05-10T12:36:14.680707+00:00,https://www.grays.com/lot/0024-23500027/motor-vehicles-motor-cycles/2011-toyota-yaris-yr-petrol,3009.0,3009.0,41,1d 21h 24m3s,45.401,Active,melbourne,MELBOURNE,lot
2026-05-10T12:38:09.244875+00:00,https://www.grays.com/lot/0001-9068585/motor-vehicles-motor-cycles/2007-subaru-liberty-2-5i-heritage-b4-automatic-sedan,309.0,309.0,7,2d 22h 52m2s,70.867,Active,wa,WA,lot
2026-05-10T13:09:58.652138+00:00,https://www.grays.com/lot/0002-23500016/motor-vehicles-motor-cycles/2007-honda-civic-vti-petrol-rwc-issued-21-04-2026,4200.0,4200.0,65,,,Referred,melbourne,MELBOURNE,lot
2026-05-10T13:11:00.449355+00:00,https://www.grays.com/lot/0002-23500019/motor-vehicles-motor-cycles/2014-mazda-cx-5-grand-touring-diesel,6301.0,6301.0,81,,,Referred,melbourne,MELBOURNE,lot
2026-05-10T13:13:12.643672+00:00,https://www.grays.com/lot/0002-23500021/motor-vehicles-motor-cycles/1992-holden-commodore-ss-vp-petrol,11000.0,11000.0,122,1d 20h 46m53s,44.781,Active,melbourne,MELBOURNE,lot
2026-05-10T13:14:40.637903+00:00,https://www.grays.com/lot/0002-23500023/motor-vehicles-motor-cycles/2018-audi-sq5-1st-edition-petrol,27950.0,27950.0,151,20h 46m18s,20.772,Active,melbourne,MELBOURNE,lot
2026-05-10T13:16:47.069725+00:00,https://www.grays.com/lot/0002-23500025/motor-vehicles-motor-cycles/2015-jeep-grand-cherokee-overland-diesel,8000.0,8000.0,0,1d 20h 43m17s,44.721,Active,melbourne,MELBOURNE,lot
2026-05-10T13:18:09.722479+00:00,https://www.grays.com/lot/0002-23500026/motor-vehicles-motor-cycles/2024-mg-zs-excite-petrol-auto,6500.0,6500.0,20,1d 20h 41m55s,44.699,Active,melbourne,MELBOURNE,lot
2026-05-10T13:14:15.407443+00:00,https://www.grays.com/lot/0001-50715700/motor-vehicles-motor-cycles/2016-mazda-cx-5-maxx-sport-awd-ke-turbo-diesel-automatic-wagon,309.0,309.0,4,2d 20h 45m51s,68.764,Active,qld,QLD,lot
2026-05-10T13:15:39.136458+00:00,https://www.grays.com/lot/0001-50715730/motor-vehicles-motor-cycles/2015-mazda-cx-5-maxx-sport-ke-turbo-diesel-automatic-wagon,1700.0,1700.0,26,2d 20h 44m28s,68.741,Active,qld,QLD,lot
2026-05-10T13:17:46.583340+00:00,https://www.grays.com/lot/0003-23500030/motor-vehicles-motor-cycles/2018-toyota-corolla-ascent-petrol-auto-ex-lease,7600.0,7600.0,124,20h 42m41s,20.711,Active,melbourne,MELBOURNE,lot
2026-05-10T13:18:47.704514+00:00,https://www.grays.com/lot/0006-23500030/motor-vehicles-motor-cycles/2018-toyota-corolla-ascent-petrol-auto-ex-lease,5900.0,5900.0,67,20h 41m21s,20.689,Active,melbourne,MELBOURNE,lot
2026-05-10T13:20:03.829166+00:00,https://www.grays.com/lot/0024-23500027/motor-vehicles-motor-cycles/2011-toyota-yaris-yr-petrol,3009.0,3009.0,41,1d 20h 40m28s,44.674,Active,melbourne,MELBOURNE,lot
2026-05-10T13:21:26.870583+00:00,https://www.grays.com/lot/0002-23500027/motor-vehicles-motor-cycles/2012-holden-captiva-diesel,109.0,109.0,2,1d 20h 38m56s,44.649,Active,melbourne,MELBOURNE,lot
2026-05-10T13:22:50.785141+00:00,https://www.grays.com/lot/0002-23500028/motor-vehicles-motor-cycles/2008-volkswagen-golf-r32-petrol,9000.0,9000.0,10,2d 20h 37m30s,68.625,Active,melbourne,MELBOURNE,lot
2026-05-10T13:24:53.163652+00:00,https://www.grays.com/lot/0002-23500029/motor-vehicles-motor-cycles/2011-volvo-v60-t5-ocean-race-auto-fwd-wagon,2309.0,2309.0,21,2d 20h 35m21s,68.589,Active,melbourne,MELBOURNE,lot
2026-05-10T13:28:14.581495+00:00,https://www.grays.com/lot/0002-23500030/motor-vehicles-motor-cycles/2018-toyota-corolla-ascent-petrol-auto-ex-lease,4500.0,4500.0,38,20h 32m0s,20.533,Active,melbourne,MELBOURNE,lot
2026-05-10T13:30:16.300628+00:00,https://www.grays.com/lot/0003-23500016/motor-vehicles-motor-cycles/2010-honda-odyssey-petrol,2409.0,2409.0,29,,,Referred,melbourne,MELBOURNE,lot
2026-05-10T13:31:35.500200+00:00,https://www.grays.com/lot/0003-23500019/motor-vehicles-motor-cycles/2014-renault-clio-expression-petrol,,,0,,,Referred,melbourne,MELBOURNE,lot
2026-05-10T13:33:51.091888+00:00,https://www.grays.com/lot/0003-23500025/motor-vehicles-motor-cycles/2009-mazda-3-neo-petrol,309.0,309.0,5,1d 20h 26m13s,44.437,Active,melbourne,MELBOURNE,lot
2026-05-10T13:35:10.072493+00:00,https://www.grays.com/lot/0003-23500026/motor-vehicles-motor-cycles/2014-ford-territory-ts-petrol-auto-7-seats,2709.0,2709.0,49,1d 20h 24m58s,44.416,Active,melbourne,MELBOURNE,lot
2026-05-10T13:37:39.629622+00:00,https://www.grays.com/lot/0003-23500027/motor-vehicles-motor-cycles/2005-mitsubishi-380-petrol,9.0,9.0,3,1d 20h 22m24s,44.373,Active,melbourne,MELBOURNE,lot
2026-05-10T13:39:10.046202+00:00,https://www.grays.com/lot/0003-23500028/motor-vehicles-motor-cycles/2015-hyundai-elantra-se-petrol,9.0,9.0,1,2d 20h 21m6s,68.352,Active,melbourne,MELBOURNE,lot
2026-05-10T13:42:48.720842+00:00,https://www.grays.com/lot/0003-23500029/motor-vehicles-motor-cycles/2017-nissan-x-trail-st-l-t32-awd-suv,1300.0,1300.0,12,2d 20h 17m43s,68.295,Active,melbourne,MELBOURNE,lot
2026-05-10T13:45:08.752156+00:00,https://www.grays.com/lot/0003-23500030/motor-vehicles-motor-cycles/2018-toyota-corolla-ascent-petrol-auto-ex-lease,7600.0,7600.0,124,20h 15m14s,20.254,Active,melbourne,MELBOURNE,lot
2026-05-10T13:46:04.331950+00:00,https://www.grays.com/lot/0004-23500016/motor-vehicles-motor-cycles/2015-ford-kuga-trend-diesel,909.0,909.0,10,,,Referred,melbourne,MELBOURNE,lot
2026-05-10T13:48:13.122214+00:00,https://www.grays.com/lot/0004-23500019/motor-vehicles-motor-cycles/2010-ford-falcon-g6et-fg-rwd-petrol,18700.0,18700.0,178,,,Referred,melbourne,MELBOURNE,lot
2026-05-10T13:51:24.509581+00:00,https://www.grays.com/lot/0004-23500022/motor-vehicles-motor-cycles/2003-ford-falcon-xr6-turbo-petrol,5000.0,5000.0,39,1d 20h 9m34s,44.159,Active,melbourne,MELBOURNE,lot
2026-05-10T13:58:33.889886+00:00,https://www.grays.com/lot/0004-23500023/motor-vehicles-motor-cycles/2005-volkswagen-golf-comfortline-diesel,1001.0,1001.0,13,20h 1m33s,20.026,Active,melbourne,MELBOURNE,lot
2026-05-10T15:08:00.720868+00:00,https://www.grays.com/lot/0004-23500029/motor-vehicles-motor-cycles/2013-subaru-xv-s-petrol,109.0,109.0,2,2d 18h 52m20s,66.872,Active,melbourne,MELBOURNE,lot
2026-05-10T15:09:37.625828+00:00,https://www.grays.com/lot/0004-23500030/motor-vehicles-motor-cycles/2021-mazda-cx-3-akari-hatch-petrol-auto-ex-lease,12234.0,12234.0,54,18h 50m54s,18.848,Active,melbourne,MELBOURNE,lot
2026-05-10T15:10:42.241056+00:00,https://www.grays.com/lot/0005-23500016/motor-vehicles-motor-cycles/2016-mazda-3-neo-petrol,9000.0,9000.0,104,,,Referred,melbourne,MELBOURNE,lot
2026-05-10T15:11:31.049200+00:00,https://www.grays.com/lot/0005-23500019/motor-vehicles-motor-cycles/2014-holden-calais-vf-v8-petrol,6401.0,6401.0,87,,,Referred,melbourne,MELBOURNE,lot
2026-05-10T15:12:23.803731+00:00,https://www.grays.com/lot/0005-23500023/motor-vehicles-motor-cycles/2005-subaru-impreza-petrol,501.0,501.0,8,18h 47m41s,18.795,Active,melbourne,MELBOURNE,lot
2026-05-10T15:14:02.274112+00:00,https://www.grays.com/lot/0005-23500025/motor-vehicles-motor-cycles/2013-holden-captiva-cx-diesel,9.0,9.0,1,1d 18h 46m3s,42.767,Active,melbourne,MELBOURNE,lot
2026-05-10T15:15:16.743270+00:00,https://www.grays.com/lot/0005-23500026/motor-vehicles-motor-cycles/2014-land-rover-range-rover-sport-se-diesel-auto,10200.0,10200.0,135,1d 18h 45m3s,42.751,Active,melbourne,MELBOURNE,lot
2026-05-10T15:16:08.955768+00:00,https://www.grays.com/lot/0005-23500027/motor-vehicles-motor-cycles/1995-mercedes-benz-e-class-e220-convertible,5100.0,5100.0,97,1d 18h 43m54s,42.732,Active,melbourne,MELBOURNE,lot
2026-05-10T15:15:27.563756+00:00,https://www.grays.com/lot/0001-50715730/motor-vehicles-motor-cycles/2015-mazda-cx-5-maxx-sport-ke-turbo-diesel-automatic-wagon,1700.0,1700.0,26,2d 18h 44m44s,66.746,Active,qld,QLD,lot
2026-05-10T15:16:22.511525+00:00,https://www.grays.com/lot/0006-23500030/motor-vehicles-motor-cycles/2018-toyota-corolla-ascent-petrol-auto-ex-lease,6100.0,6100.0,69,18h 43m53s,18.731,Active,melbourne,MELBOURNE,lot
2026-05-10T15:17:27.371088+00:00,https://www.grays.com/lot/0024-23500027/motor-vehicles-motor-cycles/2011-toyota-yaris-yr-petrol,3009.0,3009.0,41,1d 18h 42m45s,42.713,Active,melbourne,MELBOURNE,lot
2026-05-10T16:48:35.666896+00:00,https://www.grays.com/lot/0003-23500030/motor-vehicles-motor-cycles/2018-toyota-corolla-ascent-petrol-auto-ex-lease,7600.0,7600.0,124,17h 12m22s,17.206,Active,melbourne,MELBOURNE,lot
2026-05-10T15:14:28.474846+00:00,https://www.grays.com/lot/0001-50715700/motor-vehicles-motor-cycles/2016-mazda-cx-5-maxx-sport-awd-ke-turbo-diesel-automatic-wagon,309.0,309.0,4,2d 18h 45m47s,66.763,Active,qld,QLD,lot
2026-05-10T16:45:41.857046+00:00,https://www.grays.com/lot/0001-50715730/motor-vehicles-motor-cycles/2015-mazda-cx-5-maxx-sport-ke-turbo-diesel-automatic-wagon,1700.0,1700.0,26,2d 17h 14m29s,65.241,Active,qld,QLD,lot
2026-05-11T11:04:08.682199+00:00,https://www.grays.com/lot/0006-23500030/motor-vehicles-motor-cycles/2018-toyota-corolla-ascent-petrol-auto-ex-lease,10900.0,10900.0,142,5m24s,0.09,Active,melbourne,MELBOURNE,lot
2026-05-11T11:04:26.742739+00:00,https://www.grays.com/lot/0024-23500027/motor-vehicles-motor-cycles/2011-toyota-yaris-yr-petrol,3309.0,3309.0,44,22h 55m34s,22.926,Active,melbourne,MELBOURNE,lot
2026-05-11T12:01:13.146680+00:00,https://www.grays.com/lot/0001-50715700/motor-vehicles-motor-cycles/2016-mazda-cx-5-maxx-sport-awd-ke-turbo-diesel-automatic-wagon,309.0,309.0,4,1d 21h 58m49s,45.98,Active,qld,QLD,lot
2026-05-11T12:02:08.130078+00:00,https://www.grays.com/lot/0001-50715730/motor-vehicles-motor-cycles/2015-mazda-cx-5-maxx-sport-ke-turbo-diesel-automatic-wagon,2200.0,2200.0,34,1d 21h 57m57s,45.966,Active,qld,QLD,lot
2026-05-11T12:02:36.525408+00:00,https://www.grays.com/lot/0006-23500030/motor-vehicles-motor-cycles/2018-toyota-corolla-ascent-petrol-auto-ex-lease,12600.0,12600.0,162,1m47s,0.03,Active,melbourne,MELBOURNE,lot
2026-05-11T12:02:58.854352+00:00,https://www.grays.com/lot/0024-23500027/motor-vehicles-motor-cycles/2011-toyota-yaris-yr-petrol,3309.0,3309.0,44,21h 57m4s,21.951,Active,melbourne,MELBOURNE,lot
2026-05-11T13:02:03.147059+00:00,https://www.grays.com/lot/0006-23500030/motor-vehicles-motor-cycles/2018-toyota-corolla-ascent-petrol-auto-ex-lease,13000.0,13000.0,169,,,Referred,melbourne,MELBOURNE,lot
2026-05-11T13:01:10.415980+00:00,https://www.grays.com/lot/0001-50715700/motor-vehicles-motor-cycles/2016-mazda-cx-5-maxx-sport-awd-ke-turbo-diesel-automatic-wagon,409.0,409.0,5,1d 20h 58m52s,44.981,Active,qld,QLD,lot
2026-05-11T13:01:47.390833+00:00,https://www.grays.com/lot/0001-50715730/motor-vehicles-motor-cycles/2015-mazda-cx-5-maxx-sport-ke-turbo-diesel-automatic-wagon,2200.0,2200.0,34,1d 20h 58m15s,44.971,Active,qld,QLD,lot
2026-05-11T13:02:18.888849+00:00,https://www.grays.com/lot/0024-23500027/motor-vehicles-motor-cycles/2011-toyota-yaris-yr-petrol,3509.0,3509.0,46,20h 57m44s,20.962,Active,melbourne,MELBOURNE,lot
2026-05-11T14:01:10.575422+00:00,https://www.grays.com/lot/0001-50715700/motor-vehicles-motor-cycles/2016-mazda-cx-5-maxx-sport-awd-ke-turbo-diesel-automatic-wagon,409.0,409.0,5,1d 19h 58m52s,43.981,Active,qld,QLD,lot
2026-05-11T14:01:43.257257+00:00,https://www.grays.com/lot/0001-50715730/motor-vehicles-motor-cycles/2015-mazda-cx-5-maxx-sport-ke-turbo-diesel-automatic-wagon,4500.0,4500.0,44,1d 19h 58m19s,43.972,Active,qld,QLD,lot
2026-05-11T14:01:58.823729+00:00,https://www.grays.com/lot/0024-23500027/motor-vehicles-motor-cycles/2011-toyota-yaris-yr-petrol,3509.0,3509.0,46,19h 58m4s,19.968,Active,melbourne,MELBOURNE,lot
2026-05-11T15:01:05.635692+00:00,https://www.grays.com/lot/0001-50715700/motor-vehicles-motor-cycles/2016-mazda-cx-5-maxx-sport-awd-ke-turbo-diesel-automatic-wagon,509.0,509.0,6,1d 18h 58m56s,42.982,Active,qld,QLD,lot
2026-05-11T15:01:51.366213+00:00,https://www.grays.com/lot/0001-50715730/motor-vehicles-motor-cycles/2015-mazda-cx-5-maxx-sport-ke-turbo-diesel-automatic-wagon,4500.0,4500.0,44,1d 18h 58m13s,42.97,Active,qld,QLD,lot
2026-05-11T15:02:15.816830+00:00,https://www.grays.com/lot/0024-23500027/motor-vehicles-motor-cycles/2011-toyota-yaris-yr-petrol,3509.0,3509.0,46,18h 57m48s,18.963,Active,melbourne,MELBOURNE,lot
2026-05-11T16:01:00.461596+00:00,https://www.grays.com/lot/0001-50715700/motor-vehicles-motor-cycles/2016-mazda-cx-5-maxx-sport-awd-ke-turbo-diesel-automatic-wagon,509.0,509.0,6,1d 17h 59m2s,41.984,Active,qld,QLD,lot
2026-05-11T16:01:48.387782+00:00,https://www.grays.com/lot/0001-50715730/motor-vehicles-motor-cycles/2015-mazda-cx-5-maxx-sport-ke-turbo-diesel-automatic-wagon,4500.0,4500.0,44,1d 17h 58m16s,41.971,Active,qld,QLD,lot
2026-05-11T16:02:10.260503+00:00,https://www.grays.com/lot/0024-23500027/motor-vehicles-motor-cycles/2011-toyota-yaris-yr-petrol,3509.0,3509.0,46,17h 57m52s,17.964,Active,melbourne,MELBOURNE,lot
2026-05-11T17:01:26.692020+00:00,https://www.grays.com/lot/0001-50715700/motor-vehicles-motor-cycles/2016-mazda-cx-5-maxx-sport-awd-ke-turbo-diesel-automatic-wagon,509.0,509.0,6,1d 16h 58m37s,40.977,Active,qld,QLD,lot
2026-05-11T17:02:25.846081+00:00,https://www.grays.com/lot/0001-50715730/motor-vehicles-motor-cycles/2015-mazda-cx-5-maxx-sport-ke-turbo-diesel-automatic-wagon,4500.0,4500.0,44,1d 16h 57m41s,40.961,Active,qld,QLD,lot
2026-05-11T17:02:48.237119+00:00,https://www.grays.com/lot/0024-23500027/motor-vehicles-motor-cycles/2011-toyota-yaris-yr-petrol,3509.0,3509.0,46,16h 57m15s,16.954,Active,melbourne,MELBOURNE,lot
2026-05-11T18:02:36.027122+00:00,https://www.grays.com/lot/0001-50715730/motor-vehicles-motor-cycles/2015-mazda-cx-5-maxx-sport-ke-turbo-diesel-automatic-wagon,4500.0,4500.0,44,1d 15h 57m27s,39.958,Active,qld,QLD,lot
2026-05-11T18:02:54.327929+00:00,https://www.grays.com/lot/0024-23500027/motor-vehicles-motor-cycles/2011-toyota-yaris-yr-petrol,3509.0,3509.0,46,15h 57m10s,15.953,Active,melbourne,MELBOURNE,lot
2026-05-11T19:18:39.229213+00:00,https://www.grays.com/lot/0001-50715730/motor-vehicles-motor-cycles/2015-mazda-cx-5-maxx-sport-ke-turbo-diesel-automatic-wagon,4500.0,4500.0,44,1d 14h 41m29s,38.691,Active,qld,QLD,lot
2026-05-11T19:19:58.900255+00:00,https://www.grays.com/lot/0024-23500027/motor-vehicles-motor-cycles/2011-toyota-yaris-yr-petrol,3509.0,3509.0,46,14h 40m44s,14.679,Active,melbourne,MELBOURNE,lot
2026-05-11T18:02:02.117995+00:00,https://www.grays.com/lot/0001-50715700/motor-vehicles-motor-cycles/2016-mazda-cx-5-maxx-sport-awd-ke-turbo-diesel-automatic-wagon,509.0,509.0,6,1d 15h 58m0s,39.967,Active,qld,QLD,lot
2026-05-11T20:16:50.684663+00:00,https://www.grays.com/lot/0024-23500027/motor-vehicles-motor-cycles/2011-toyota-yaris-yr-petrol,3509.0,3509.0,46,13h 43m24s,13.723,Active,melbourne,MELBOURNE,lot
2026-05-11T20:14:24.552230+00:00,https://www.grays.com/lot/0001-50715730/motor-vehicles-motor-cycles/2015-mazda-cx-5-maxx-sport-ke-turbo-diesel-automatic-wagon,4500.0,4500.0,44,1d 13h 45m46s,37.763,Active,qld,QLD,lot
2026-05-11T21:11:53.196719+00:00,https://www.grays.com/lot/0024-23500027/motor-vehicles-motor-cycles/2011-toyota-yaris-yr-petrol,3509.0,3509.0,46,12h 48m27s,12.808,Active,melbourne,MELBOURNE,lot
2026-05-11T21:04:54.674756+00:00,https://www.grays.com/lot/0001-50715700/motor-vehicles-motor-cycles/2016-mazda-cx-5-maxx-sport-awd-ke-turbo-diesel-automatic-wagon,509.0,509.0,6,1d 12h 55m9s,36.919,Active,qld,QLD,lot
2026-05-11T22:09:19.088569+00:00,https://www.grays.com/lot/0001-50715730/motor-vehicles-motor-cycles/2015-mazda-cx-5-maxx-sport-ke-turbo-diesel-automatic-wagon,4500.0,4500.0,44,1d 11h 50m58s,35.849,Active,qld,QLD,lot
2026-05-11T22:10:32.661292+00:00,https://www.grays.com/lot/0024-23500027/motor-vehicles-motor-cycles/2011-toyota-yaris-yr-petrol,3509.0,3509.0,46,11h 49m34s,11.826,Active,melbourne,MELBOURNE,lot
