snapshot_ts,url,price_text,price_numeric,bids_numeric,time_remaining_text,time_remaining_hours,status,location,location_state,auction_site
2026-03-01T18:15:36.613990,https://www.grays.com/lot/0001-21063276/motor-vehicles-motor-cycles/2012-ford-territory-ts-sz-turbo-diesel-automatic-7-seats-wagon,5009.0,5009.0,57,,,Sold,vic,VIC,lot
2026-03-01T18:15:47.055177,https://www.grays.com/lot/0001-21063390/motor-vehicles-motor-cycles/2018-ldv-t60-luxe-turbo-diesel-automatic-dual-cab,6200.0,6200.0,73,,,Sold,vic,VIC,lot
2026-03-01T18:15:58.841492,https://www.grays.com/lot/0001-21063391/motor-vehicles-motor-cycles/2008-mitsubishi-lancer-vrx-cj-manual-sedan,1909.0,1909.0,20,,,Sold,vic,VIC,lot
2026-03-02T06:33:33.684776,https://www.grays.com/lot/0001-10054552/motor-vehicles-motor-cycles/1989-holden-commodore-automatic-sedan,509.0,509.0,7,1d 2h 31m30s,26.525,Active,nsw,NSW,lot
2026-03-02T06:34:04.185605,https://www.grays.com/lot/0001-10352630/motor-vehicles-motor-cycles/2012-mazda-bt-50-4x4-gt-turbo-diesel-automatic-dual-cab,,,54,,,Referred,nsw,NSW,lot
2026-03-02T06:34:42.025363,https://www.grays.com/lot/0001-10352641/motor-vehicles-motor-cycles/2018-toyota-camry-ascent-asv70r-automatic-sedan,,,60,,,Referred,nsw,NSW,lot
2026-03-02T06:35:22.417788,https://www.grays.com/lot/0001-10352695/motor-vehicles-motor-cycles/2012-volvo-xc60-d5-r-design-turbo-diesel-automatic-wagon,,,19,,,Referred,nsw,NSW,lot
2026-03-02T06:36:00.465454,https://www.grays.com/lot/0001-10352698/motor-vehicles-motor-cycles/2016-hyundai-accent-active-rb-cvt-hatchback,3300.0,3300.0,45,,,Sold,nsw,NSW,lot
2026-03-02T06:36:32.050023,https://www.grays.com/lot/0001-10352699/motor-vehicles-motor-cycles/2014-bmw-x5-sdrive-25d-f15-turbo-diesel-automatic-8-speed-wagon,,,8,,,Referred,nsw,NSW,lot
2026-03-02T06:37:13.900122,https://www.grays.com/lot/0001-10352701/motor-vehicles-motor-cycles/2005-mini-cooper-cabrio-s-manual-convertible,1509.0,1509.0,20,,,Sold,nsw,NSW,lot
2026-03-02T06:38:15.668327,https://www.grays.com/lot/0001-10352702/motor-vehicles-motor-cycles/2018-mazda-bt-50-4x2-xt-turbo-diesel-automatic-cab-chassis,,,60,,,Referred,nsw,NSW,lot
2026-03-02T06:39:13.365694,https://www.grays.com/lot/0001-10352703/motor-vehicles-motor-cycles/2012-volkswagen-golf-118tsi-comfortline-a6-automatic-hatchback,1109.0,1109.0,18,,,Sold,nsw,NSW,lot
2026-03-02T06:39:57.496980,https://www.grays.com/lot/0001-10352704/motor-vehicles-motor-cycles/2002-toyota-hiace-sbv-lwb-rch22r-manual-van,1509.0,1509.0,23,,,Sold,nsw,NSW,lot
2026-03-02T06:40:57.626489,https://www.grays.com/lot/0001-10352706/motor-vehicles-motor-cycles/2016-nissan-patrol-3-0l-st-gu-turbo-diesel-automatic-7-seats-wagon,,,33,,,Referred,nsw,NSW,lot
2026-03-02T06:42:08.554695,https://www.grays.com/lot/0001-10352707/motor-vehicles-motor-cycles/1995-holden-commodore-executive-vr-automatic-sedan,1209.0,1209.0,16,,,Sold,nsw,NSW,lot
2026-03-02T06:42:54.554706,https://www.grays.com/lot/0001-10352708/motor-vehicles-motor-cycles/2008-bmw-3-series-323i-e92-automatic-coupe,810.0,810.0,11,,,Sold,nsw,NSW,lot
2026-03-02T06:43:32.650256,https://www.grays.com/lot/0001-10352709/motor-vehicles-motor-cycles/2005-land-rover-range-rover-sport-automatic-wagon-pinkslip-issued-11-2-26,5109.0,5109.0,68,,,Sold,nsw,NSW,lot
2026-03-02T06:44:09.440064,https://www.grays.com/lot/0001-10352712/motor-vehicles-motor-cycles/2018-toyota-hiace-kdh223r-turbo-diesel-automatic-12-seats-bus,,,206,,,Referred,nsw,NSW,lot
2026-03-02T06:44:37.102620,https://www.grays.com/lot/0001-10352713/motor-vehicles-motor-cycles/2012-toyota-landcruiser-prado-gx-kdj150r-turbo-diesel-manual-wagon,8200.0,8200.0,91,,,Sold,nsw,NSW,lot
2026-03-02T06:45:11.391550,https://www.grays.com/lot/0001-10352714/motor-vehicles-motor-cycles/2016-ford-falcon-fg-x-automatic-cab-chassis,6009.0,6009.0,102,,,Sold,nsw,NSW,lot
2026-03-02T06:45:48.795698,https://www.grays.com/lot/0001-10352716/motor-vehicles-motor-cycles/2015-nissan-juke-ti-s-f15-ii-manual-wagon,3509.0,3509.0,52,,,Sold,nsw,NSW,lot
2026-03-02T06:46:32.032304,https://www.grays.com/lot/0001-10352717/motor-vehicles-motor-cycles/2008-subaru-liberty-2-5i-heritage-b4-manual-sedan,209.0,209.0,3,,,Sold,nsw,NSW,lot
2026-03-02T06:46:57.255531,https://www.grays.com/lot/0001-10352718/motor-vehicles-motor-cycles/2015-jaguar-xe-25t-portfolio-automatic-8-speed-sedan,,,113,,,Referred,nsw,NSW,lot
2026-03-02T06:47:18.652839,https://www.grays.com/lot/0001-10352719/motor-vehicles-motor-cycles/2014-toyota-hilux-4x2-workmate-tgn16r-automatic-cab-chassis,12100.0,12100.0,131,,,Sold,nsw,NSW,lot
2026-03-02T06:48:04.238771,https://www.grays.com/lot/0001-10352721/motor-vehicles-motor-cycles/2016-renault-koleos-zen-4x2-xzg-cvt-wagon,,,54,,,Referred,nsw,NSW,lot
2026-03-02T06:48:37.662628,https://www.grays.com/lot/0001-10352722/motor-vehicles-motor-cycles/2009-mercedes-benz-clc-200-200k-cl203-automatic-coupe,809.0,809.0,9,,,Sold,nsw,NSW,lot
2026-03-02T06:49:12.420186,https://www.grays.com/lot/0001-10352723/motor-vehicles-motor-cycles/2012-mitsubishi-mirage-ls-la-manual-hatchback,809.0,809.0,13,,,Sold,nsw,NSW,lot
2026-03-02T06:49:36.930376,https://www.grays.com/lot/0001-10352724/motor-vehicles-motor-cycles/2010-mercedes-benz-c200-cgi-w204-automatic-sedan,2100.0,2100.0,17,,,Sold,nsw,NSW,lot
2026-03-02T06:50:10.195666,https://www.grays.com/lot/0001-10352725/motor-vehicles-motor-cycles/2015-jeep-grand-cherokee-overland-wk-turbo-diesel-automatic-8-speed-wagon,,,56,,,Referred,nsw,NSW,lot
2026-03-02T06:50:52.646257,https://www.grays.com/lot/0001-10352726/motor-vehicles-motor-cycles/2018-hsv-colorado-sportscat-rg-turbo-diesel-automatic-dual-cab,,,67,,,Referred,nsw,NSW,lot
2026-03-02T06:51:38.218170,https://www.grays.com/lot/0001-10352727/motor-vehicles-motor-cycles/2010-audi-q5-2-0-tfsi-quattro-8r-automatic-wagon,1009.0,1009.0,16,,,Sold,nsw,NSW,lot
2026-03-02T06:52:07.423276,https://www.grays.com/lot/0001-10352728/motor-vehicles-motor-cycles/2011-bmw-x5-xdrive-30d-e70-lci-turbo-diesel-automatic-8-speed-wagon,909.0,909.0,10,,,Sold,nsw,NSW,lot
2026-03-02T06:52:37.341521,https://www.grays.com/lot/0001-10352729/motor-vehicles-motor-cycles/2011-ford-territory-titanium-sz-turbo-diesel-automatic-7-seats-wagon,,,53,,,Referred,nsw,NSW,lot
2026-03-02T06:53:14.540123,https://www.grays.com/lot/0001-10352730/motor-vehicles-motor-cycles/2016-hyundai-iload-tq-manual-van,4909.0,4909.0,57,,,Sold,nsw,NSW,lot
2026-03-02T06:53:52.943881,https://www.grays.com/lot/0001-10352731/motor-vehicles-motor-cycles/2011-ford-falcon-xr6-fg-automatic-sedan,4400.0,4400.0,27,,,Sold,nsw,NSW,lot
2026-03-02T06:54:28.107725,https://www.grays.com/lot/0001-10352732/motor-vehicles-motor-cycles/2015-jaguar-xe-v6-s-automatic-8-speed-sedan,,,25,,,Referred,nsw,NSW,lot
2026-03-02T06:55:15.131469,https://www.grays.com/lot/0001-10352733/motor-vehicles-motor-cycles/2016-mazda-cx-3-s-touring-dk-automatic-wagon,,,40,,,Referred,nsw,NSW,lot
2026-03-02T06:56:53.412328,https://www.grays.com/lot/0001-10352734/motor-vehicles-motor-cycles/2011-volkswagen-golf-gti-manual-hatchback,2600.0,2600.0,8,,,Sold,nsw,NSW,lot
2026-03-02T06:58:56.191321,https://www.grays.com/lot/0001-10352735/motor-vehicles-motor-cycles/2004-mitsubishi-pajero-exceed-np-turbo-diesel-automatic-7-seats-wagon,1009.0,1009.0,22,,,Sold,nsw,NSW,lot
2026-03-02T07:00:05.807953,https://www.grays.com/lot/0001-10352736/motor-vehicles-motor-cycles/2021-isuzu-mu-x-4x2-ls-u-turbo-diesel-automatic-7-seats-wagon,,,275,,,Referred,nsw,NSW,lot
2026-03-02T07:01:17.324140,https://www.grays.com/lot/0001-10352737/motor-vehicles-motor-cycles/2021-toyota-kluger-4x4-gx-hybrid-axuh78r-cvt-7-seats-wagon,,,205,,,Referred,nsw,NSW,lot
2026-03-02T07:02:48.949868,https://www.grays.com/lot/0001-10352735/motor-vehicles-motor-cycles/2004-mitsubishi-pajero-exceed-np-turbo-diesel-automatic-7-seats-wagon,1009.0,1009.0,22,,,Sold,nsw,NSW,lot
2026-03-02T07:03:01.462705,https://www.grays.com/lot/0001-10352739/motor-vehicles-motor-cycles/2013-nissan-pathfinder-st-r52-cvt-7-seats-wagon,,,9,,,Referred,nsw,NSW,lot
2026-03-02T07:03:53.210919,https://www.grays.com/lot/0001-10352736/motor-vehicles-motor-cycles/2021-isuzu-mu-x-4x2-ls-u-turbo-diesel-automatic-7-seats-wagon,,,275,,,Referred,nsw,NSW,lot
2026-03-02T07:04:30.216822,https://www.grays.com/lot/0001-10352741/motor-vehicles-motor-cycles/2009-mazda-3-sp25-bl-automatic-hatchback,3900.0,3900.0,41,,,Sold,nsw,NSW,lot
2026-03-02T07:06:19.906155,https://www.grays.com/lot/0001-10352737/motor-vehicles-motor-cycles/2021-toyota-kluger-4x4-gx-hybrid-axuh78r-cvt-7-seats-wagon,,,205,,,Referred,nsw,NSW,lot
2026-03-02T07:06:20.025544,https://www.grays.com/lot/0001-10352742/motor-vehicles-motor-cycles/2012-kia-grand-carnival-s-vq-automatic-8-seats-people-mover,2609.0,2609.0,40,,,Sold,nsw,NSW,lot
2026-03-02T07:08:50.767815,https://www.grays.com/lot/0001-10352739/motor-vehicles-motor-cycles/2013-nissan-pathfinder-st-r52-cvt-7-seats-wagon,,,9,,,Referred,nsw,NSW,lot
2026-03-02T07:11:32.442300,https://www.grays.com/lot/0001-10352741/motor-vehicles-motor-cycles/2009-mazda-3-sp25-bl-automatic-hatchback,3900.0,3900.0,41,,,Sold,nsw,NSW,lot
2026-03-02T07:11:41.364081,https://www.grays.com/lot/0001-10352744/motor-vehicles-motor-cycles/2016-lexus-rx-350-rx350-f-sport-ggl25r-automatic-8-speed-wagon,12000.0,12000.0,75,,,Sold,nsw,NSW,lot
2026-03-02T07:12:30.756004,https://www.grays.com/lot/0001-10352742/motor-vehicles-motor-cycles/2012-kia-grand-carnival-s-vq-automatic-8-seats-people-mover,2609.0,2609.0,40,,,Sold,nsw,NSW,lot
2026-03-02T07:13:58.903623,https://www.grays.com/lot/0001-10352746/motor-vehicles-motor-cycles/2013-jeep-grand-cherokee-limited-wk-turbo-diesel-automatic-8-speed-wagon,5200.0,5200.0,71,,,Sold,nsw,NSW,lot
2026-03-02T07:13:59.471568,https://www.grays.com/lot/0001-10352743/motor-vehicles-motor-cycles/2007-holden-calais-v-ve-automatic-sedan,,,64,,,Referred,nsw,NSW,lot
2026-03-02T07:15:46.878843,https://www.grays.com/lot/0001-10352744/motor-vehicles-motor-cycles/2016-lexus-rx-350-rx350-f-sport-ggl25r-automatic-8-speed-wagon,12000.0,12000.0,75,,,Sold,nsw,NSW,lot
2026-03-02T07:16:13.952453,https://www.grays.com/lot/0001-10352747/motor-vehicles-motor-cycles/2012-nissan-navara-4x4-st-d40-turbo-diesel-manual-dual-cab,,,85,,,Referred,nsw,NSW,lot
2026-03-02T07:18:15.660383,https://www.grays.com/lot/0001-10352749/motor-vehicles-motor-cycles/2007-mitsubishi-pajero-vr-x-lwb-4x4-ns-automatic-7-seats-wagon,,,71,,,Referred,nsw,NSW,lot
2026-03-02T07:21:38.155209,https://www.grays.com/lot/0001-10352747/motor-vehicles-motor-cycles/2012-nissan-navara-4x4-st-d40-turbo-diesel-manual-dual-cab,,,85,,,Referred,nsw,NSW,lot
2026-03-02T07:22:27.354239,https://www.grays.com/lot/0001-10352749/motor-vehicles-motor-cycles/2007-mitsubishi-pajero-vr-x-lwb-4x4-ns-automatic-7-seats-wagon,,,71,,,Referred,nsw,NSW,lot
2026-03-02T07:23:10.230274,https://www.grays.com/lot/0001-10352750/motor-vehicles-motor-cycles/2015-ford-ecosport-trend-bk-automatic-wagon,109.0,109.0,2,,,Sold,nsw,NSW,lot
2026-03-02T07:24:06.113089,https://www.grays.com/lot/0001-10352751/motor-vehicles-motor-cycles/2015-holden-cruze-cd-jh-automatic-hatchback-pinkslip-issued-20-1-26,2009.0,2009.0,30,,,Sold,nsw,NSW,lot
2026-03-02T07:24:45.208463,https://www.grays.com/lot/0001-10352752/motor-vehicles-motor-cycles/2015-volvo-v40-cross-country-d4-luxury-turbo-diesel-automatic-8speedwagon,6609.0,6609.0,81,,,Sold,nsw,NSW,lot
2026-03-02T07:25:42.807986,https://www.grays.com/lot/0001-10352754/motor-vehicles-motor-cycles/2011-volkswagen-golf-gti-a6-automatic-hatchback,,,62,,,Referred,nsw,NSW,lot
2026-03-02T07:38:46.106167,https://www.grays.com/lot/0001-10352755/motor-vehicles-motor-cycles/2012-hyundai-veloster-sr-turbo-fs-automatic-coupe,2709.0,2709.0,39,,,Sold,nsw,NSW,lot
2026-03-02T07:40:41.255333,https://www.grays.com/lot/0001-10352760/motor-vehicles-motor-cycles/2007-volkswagen-golf-gti-a5-automatic-hatchback,1209.0,1209.0,13,,,Sold,nsw,NSW,lot
2026-03-02T07:41:52.236644,https://www.grays.com/lot/0001-10352761/motor-vehicles-motor-cycles/2017-mitsubishi-outlander-ls-2wd-safety-pack-zk-cvt-7-seats-wagon,9500.0,9500.0,98,,,Sold,nsw,NSW,lot
2026-03-02T07:42:47.202408,https://www.grays.com/lot/0001-10352762/motor-vehicles-motor-cycles/2008-volkswagen-golf-gti-a5-automatic-hatchback,5209.0,5209.0,75,,,Sold,nsw,NSW,lot
2026-03-02T07:43:59.681043,https://www.grays.com/lot/0001-10352764/motor-vehicles-motor-cycles/2007-toyota-corolla-ascent-zre152r-automatic-sedan,3900.0,3900.0,30,,,Sold,nsw,NSW,lot
2026-03-02T07:45:02.625532,https://www.grays.com/lot/0001-10352765/motor-vehicles-motor-cycles/2010-mitsubishi-pajero-glx-nt-turbo-diesel-automatic-7-seats-wagon,5110.0,5110.0,75,,,Sold,nsw,NSW,lot
2026-03-02T07:45:54.106547,https://www.grays.com/lot/0001-10352766/motor-vehicles-motor-cycles/2014-porsche-macan-s-diesel-95b-turbo-diesel-automatic-wagon,17089.0,17089.0,175,,,Sold,nsw,NSW,lot
2026-03-02T07:47:59.462973,https://www.grays.com/lot/0001-10352767/motor-vehicles-motor-cycles/2015-holden-trax-ls-tj-automatic-wagon,,,7,,,Referred,nsw,NSW,lot
2026-03-02T07:48:53.280570,https://www.grays.com/lot/0001-10352768/motor-vehicles-motor-cycles/2019-audi-q5-sport-2-0-tdi-quatt-turbo-diesel-automatic-wagon,16899.0,16899.0,185,,,Sold,nsw,NSW,lot
2026-03-02T07:49:48.520753,https://www.grays.com/lot/0001-10352769/motor-vehicles-motor-cycles/2016-toyota-rav-4-fwd-gx-zsa42r-cvt-wagon,3809.0,3809.0,53,1h 10m12s,1.17,Active,nsw,NSW,lot
2026-03-02T08:59:07.793100,https://www.grays.com/lot/0001-10054552/motor-vehicles-motor-cycles/1989-holden-commodore-automatic-sedan,509.0,509.0,7,1d 0h 5m52s,24.098,Active,nsw,NSW,lot
2026-03-02T09:00:49.852798,https://www.grays.com/lot/0001-10352630/motor-vehicles-motor-cycles/2012-mazda-bt-50-4x4-gt-turbo-diesel-automatic-dual-cab,,,54,,,Referred,nsw,NSW,lot
2026-03-02T09:01:33.900400,https://www.grays.com/lot/0001-10352641/motor-vehicles-motor-cycles/2018-toyota-camry-ascent-asv70r-automatic-sedan,,,60,,,Referred,nsw,NSW,lot
2026-03-02T09:02:12.657163,https://www.grays.com/lot/0001-10352695/motor-vehicles-motor-cycles/2012-volvo-xc60-d5-r-design-turbo-diesel-automatic-wagon,,,19,,,Referred,nsw,NSW,lot
2026-03-02T09:03:07.233422,https://www.grays.com/lot/0001-10352698/motor-vehicles-motor-cycles/2016-hyundai-accent-active-rb-cvt-hatchback,3300.0,3300.0,45,,,Sold,nsw,NSW,lot
2026-03-02T09:03:59.408898,https://www.grays.com/lot/0001-10352699/motor-vehicles-motor-cycles/2014-bmw-x5-sdrive-25d-f15-turbo-diesel-automatic-8-speed-wagon,,,8,,,Referred,nsw,NSW,lot
2026-03-02T09:05:18.067265,https://www.grays.com/lot/0001-10352701/motor-vehicles-motor-cycles/2005-mini-cooper-cabrio-s-manual-convertible,1509.0,1509.0,20,,,Sold,nsw,NSW,lot
2026-03-02T09:06:55.208246,https://www.grays.com/lot/0001-10352702/motor-vehicles-motor-cycles/2018-mazda-bt-50-4x2-xt-turbo-diesel-automatic-cab-chassis,,,60,,,Referred,nsw,NSW,lot
2026-03-02T09:08:24.798978,https://www.grays.com/lot/0001-10352703/motor-vehicles-motor-cycles/2012-volkswagen-golf-118tsi-comfortline-a6-automatic-hatchback,1109.0,1109.0,18,,,Sold,nsw,NSW,lot
2026-03-02T09:09:15.145934,https://www.grays.com/lot/0001-10352704/motor-vehicles-motor-cycles/2002-toyota-hiace-sbv-lwb-rch22r-manual-van,1509.0,1509.0,23,,,Sold,nsw,NSW,lot
2026-03-02T09:10:06.965314,https://www.grays.com/lot/0001-10352706/motor-vehicles-motor-cycles/2016-nissan-patrol-3-0l-st-gu-turbo-diesel-automatic-7-seats-wagon,,,33,,,Referred,nsw,NSW,lot
2026-03-02T09:11:03.369315,https://www.grays.com/lot/0001-10352707/motor-vehicles-motor-cycles/1995-holden-commodore-executive-vr-automatic-sedan,1209.0,1209.0,16,,,Sold,nsw,NSW,lot
2026-03-02T09:11:58.471057,https://www.grays.com/lot/0001-10352708/motor-vehicles-motor-cycles/2008-bmw-3-series-323i-e92-automatic-coupe,810.0,810.0,11,,,Sold,nsw,NSW,lot
2026-03-02T09:12:56.407068,https://www.grays.com/lot/0001-10352709/motor-vehicles-motor-cycles/2005-land-rover-range-rover-sport-automatic-wagon-pinkslip-issued-11-2-26,5109.0,5109.0,68,,,Sold,nsw,NSW,lot
2026-03-02T09:14:10.611027,https://www.grays.com/lot/0001-10352712/motor-vehicles-motor-cycles/2018-toyota-hiace-kdh223r-turbo-diesel-automatic-12-seats-bus,,,206,,,Referred,nsw,NSW,lot
2026-03-02T09:14:56.049284,https://www.grays.com/lot/0001-10352713/motor-vehicles-motor-cycles/2012-toyota-landcruiser-prado-gx-kdj150r-turbo-diesel-manual-wagon,8200.0,8200.0,91,,,Sold,nsw,NSW,lot
2026-03-02T09:15:14.099727,https://www.grays.com/lot/0001-10352714/motor-vehicles-motor-cycles/2016-ford-falcon-fg-x-automatic-cab-chassis,6009.0,6009.0,102,,,Sold,nsw,NSW,lot
2026-03-02T09:15:32.366137,https://www.grays.com/lot/0001-10352716/motor-vehicles-motor-cycles/2015-nissan-juke-ti-s-f15-ii-manual-wagon,3509.0,3509.0,52,,,Sold,nsw,NSW,lot
2026-03-02T09:15:51.205420,https://www.grays.com/lot/0001-10352717/motor-vehicles-motor-cycles/2008-subaru-liberty-2-5i-heritage-b4-manual-sedan,209.0,209.0,3,,,Sold,nsw,NSW,lot
2026-03-02T09:16:09.393140,https://www.grays.com/lot/0001-10352718/motor-vehicles-motor-cycles/2015-jaguar-xe-25t-portfolio-automatic-8-speed-sedan,,,113,,,Referred,nsw,NSW,lot
2026-03-02T09:16:22.791670,https://www.grays.com/lot/0001-10352719/motor-vehicles-motor-cycles/2014-toyota-hilux-4x2-workmate-tgn16r-automatic-cab-chassis,12100.0,12100.0,131,,,Sold,nsw,NSW,lot
2026-03-02T09:16:48.556173,https://www.grays.com/lot/0001-10352721/motor-vehicles-motor-cycles/2016-renault-koleos-zen-4x2-xzg-cvt-wagon,,,54,,,Referred,nsw,NSW,lot
2026-03-02T09:17:07.173524,https://www.grays.com/lot/0001-10352722/motor-vehicles-motor-cycles/2009-mercedes-benz-clc-200-200k-cl203-automatic-coupe,809.0,809.0,9,,,Sold,nsw,NSW,lot
2026-03-02T09:17:32.840188,https://www.grays.com/lot/0001-10352723/motor-vehicles-motor-cycles/2012-mitsubishi-mirage-ls-la-manual-hatchback,809.0,809.0,13,,,Sold,nsw,NSW,lot
2026-03-02T09:17:51.789086,https://www.grays.com/lot/0001-10352724/motor-vehicles-motor-cycles/2010-mercedes-benz-c200-cgi-w204-automatic-sedan,2100.0,2100.0,17,,,Sold,nsw,NSW,lot
2026-03-02T09:18:11.088067,https://www.grays.com/lot/0001-10352725/motor-vehicles-motor-cycles/2015-jeep-grand-cherokee-overland-wk-turbo-diesel-automatic-8-speed-wagon,,,56,,,Referred,nsw,NSW,lot
2026-03-02T09:18:30.115156,https://www.grays.com/lot/0001-10352726/motor-vehicles-motor-cycles/2018-hsv-colorado-sportscat-rg-turbo-diesel-automatic-dual-cab,,,67,,,Referred,nsw,NSW,lot
2026-03-02T09:18:49.646822,https://www.grays.com/lot/0001-10352727/motor-vehicles-motor-cycles/2010-audi-q5-2-0-tfsi-quattro-8r-automatic-wagon,1009.0,1009.0,16,,,Sold,nsw,NSW,lot
2026-03-02T09:19:07.955807,https://www.grays.com/lot/0001-10352728/motor-vehicles-motor-cycles/2011-bmw-x5-xdrive-30d-e70-lci-turbo-diesel-automatic-8-speed-wagon,909.0,909.0,10,,,Sold,nsw,NSW,lot
2026-03-02T09:19:35.469907,https://www.grays.com/lot/0001-10352729/motor-vehicles-motor-cycles/2011-ford-territory-titanium-sz-turbo-diesel-automatic-7-seats-wagon,,,53,,,Referred,nsw,NSW,lot
2026-03-02T09:19:54.569931,https://www.grays.com/lot/0001-10352730/motor-vehicles-motor-cycles/2016-hyundai-iload-tq-manual-van,4909.0,4909.0,57,,,Sold,nsw,NSW,lot
2026-03-02T09:20:14.292256,https://www.grays.com/lot/0001-10352731/motor-vehicles-motor-cycles/2011-ford-falcon-xr6-fg-automatic-sedan,4400.0,4400.0,27,,,Sold,nsw,NSW,lot
2026-03-02T09:20:31.619084,https://www.grays.com/lot/0001-10352732/motor-vehicles-motor-cycles/2015-jaguar-xe-v6-s-automatic-8-speed-sedan,,,25,,,Referred,nsw,NSW,lot
2026-03-02T09:20:51.239959,https://www.grays.com/lot/0001-10352733/motor-vehicles-motor-cycles/2016-mazda-cx-3-s-touring-dk-automatic-wagon,,,40,,,Referred,nsw,NSW,lot
2026-03-02T09:21:11.520426,https://www.grays.com/lot/0001-10352734/motor-vehicles-motor-cycles/2011-volkswagen-golf-gti-manual-hatchback,2600.0,2600.0,8,,,Sold,nsw,NSW,lot
2026-03-02T09:21:28.961983,https://www.grays.com/lot/0001-10352746/motor-vehicles-motor-cycles/2013-jeep-grand-cherokee-limited-wk-turbo-diesel-automatic-8-speed-wagon,5200.0,5200.0,71,,,Sold,nsw,NSW,lot
2026-03-02T09:21:49.019637,https://www.grays.com/lot/0001-10352769/motor-vehicles-motor-cycles/2016-toyota-rav-4-fwd-gx-zsa42r-cvt-wagon,6600.0,6600.0,86,6m52s,0.114,Active,nsw,NSW,lot
2026-03-02T09:22:06.903213,https://www.grays.com/lot/0001-10352770/motor-vehicles-motor-cycles/2018-ldv-g10-automatic-van,,,11,,,Referred,nsw,NSW,lot
2026-03-02T09:22:27.530738,https://www.grays.com/lot/0001-10352771/motor-vehicles-motor-cycles/2007-honda-odyssey-luxury-automatic-7-seats-people-mover,2609.0,2609.0,35,,,Sold,nsw,NSW,lot
2026-03-02T09:22:46.646878,https://www.grays.com/lot/0001-10352774/motor-vehicles-motor-cycles/2002-holden-ute-ss-vu-automatic-ute,,,141,,,Referred,nsw,NSW,lot
2026-03-02T09:23:08.167603,https://www.grays.com/lot/0001-10352775/motor-vehicles-motor-cycles/2003-hyundai-elantra-gls-xd-automatic-sedan,709.0,709.0,9,,,Sold,nsw,NSW,lot
2026-03-02T09:23:25.360372,https://www.grays.com/lot/0001-10352776/motor-vehicles-motor-cycles/2011-ford-focus-zetec-lv-manual-hatchback,,,3,,,Referred,nsw,NSW,lot
2026-03-02T09:23:52.356900,https://www.grays.com/lot/0001-10352777/motor-vehicles-motor-cycles/2018-mazda-cx-8-sport-fwd-kg-turbo-diesel-automatic-7-seats-wagon,,,83,,,Referred,nsw,NSW,lot
2026-03-02T09:24:09.380522,https://www.grays.com/lot/0001-10352779/motor-vehicles-motor-cycles/2006-bmw-x5-4-4i-e53-automatic-wagon,,,31,,,Referred,nsw,NSW,lot
2026-03-02T09:24:26.750096,https://www.grays.com/lot/0001-10352780/motor-vehicles-motor-cycles/2014-jeep-grand-cherokee-overland-wk-turbo-diesel-automatic-8-speed-wagon,,,15,,,Referred,nsw,NSW,lot
2026-03-02T09:24:51.403040,https://www.grays.com/lot/0001-10352781/motor-vehicles-motor-cycles/2011-mercedes-benz-gl-class-gl350-cdi-x164-turbo-diesel-auto-7-seats-wagon,,,23,,,Referred,nsw,NSW,lot
2026-03-02T09:25:12.817966,https://www.grays.com/lot/0001-10352782/motor-vehicles-motor-cycles/2010-bmw-3-series-323i-e90-automatic-sedan,,,4,,,Referred,nsw,NSW,lot
2026-03-02T09:25:29.090579,https://www.grays.com/lot/0001-10352783/motor-vehicles-motor-cycles/2013-mercedes-benz-c-class-c-250-be-elegance-w204-automatic-sedan,,,26,,,Referred,nsw,NSW,lot
2026-03-02T09:25:53.219784,https://www.grays.com/lot/0001-10352784/motor-vehicles-motor-cycles/2010-volvo-xc70-d5-turbo-diesel-automatic-wagon,,,13,,,Referred,nsw,NSW,lot
2026-03-02T09:26:13.995120,https://www.grays.com/lot/0001-10352785/motor-vehicles-motor-cycles/2014-mercedes-benz-cla-class-cla250-sport-awd-c117-automatic-coupe,,,127,,,Referred,nsw,NSW,lot
2026-03-02T09:26:32.769877,https://www.grays.com/lot/0001-10352787/motor-vehicles-motor-cycles/2009-nissan-elgrand-automatic-8-seats-people-mover,1409.0,1409.0,21,,,Sold,nsw,NSW,lot
2026-03-02T09:26:59.498040,https://www.grays.com/lot/0001-10352788/motor-vehicles-motor-cycles/2006-toyota-rav-4-cruiser-l-aca33r-automatic-wagon,3009.0,3009.0,33,,,Sold,nsw,NSW,lot
2026-03-02T09:27:17.761020,https://www.grays.com/lot/0001-10352789/motor-vehicles-motor-cycles/2016-ford-ranger-xl-4x4-px-ii-turbo-diesel-automatic-dual-cab,4900.0,4900.0,54,9m8s,0.152,Active,nsw,NSW,lot
2026-03-02T09:27:36.251437,https://www.grays.com/lot/0001-10352791/motor-vehicles-motor-cycles/2016-skoda-octavia-rs-162tsi-ne-automatic-sedan,5800.0,5800.0,86,,,Sold,nsw,NSW,lot
2026-03-02T09:27:53.948256,https://www.grays.com/lot/0001-10352792/motor-vehicles-motor-cycles/2015-subaru-forester-2-5i-s-s4-cvt-wagon,,,42,,,Referred,nsw,NSW,lot
2026-03-02T09:28:12.621980,https://www.grays.com/lot/0001-10352796/motor-vehicles-motor-cycles/2011-bmw-x3-xdrive-20d-f25-turbo-diesel-automatic-8-speed-wagon,1009.0,1009.0,17,23h 46m48s,23.78,Active,nsw,NSW,lot
2026-03-02T09:28:31.050405,https://www.grays.com/lot/0001-10352797/motor-vehicles-motor-cycles/2010-holden-ute-sv6-ve-manual-ute,,,22,,,Referred,nsw,NSW,lot
2026-03-02T09:28:49.743158,https://www.grays.com/lot/0001-10352798/motor-vehicles-motor-cycles/2008-peugeot-308-xte-automatic-hatchback,209.0,209.0,3,23h 46m10s,23.769,Active,nsw,NSW,lot
2026-03-02T09:29:06.693125,https://www.grays.com/lot/0001-10352799/motor-vehicles-motor-cycles/2017-jaguar-f-pace-20d-prestige-2wd-turbo-diesel-automatic-8-speed-wagon,,,77,,,Referred,nsw,NSW,lot
2026-03-02T09:29:25.511743,https://www.grays.com/lot/0001-10352802/motor-vehicles-motor-cycles/2014-hyundai-i30-trophy-gd-automatic-hatchback,1009.0,1009.0,14,23h 45m35s,23.76,Active,nsw,NSW,lot
2026-03-02T09:29:41.788508,https://www.grays.com/lot/0001-10352803/motor-vehicles-motor-cycles/2018-mitsubishi-triton-4x4-glx-mq-turbo-diesel-automatic-dual-cab,,,112,,,Referred,nsw,NSW,lot
2026-03-02T09:29:59.049636,https://www.grays.com/lot/0001-10352804/motor-vehicles-motor-cycles/2015-jeep-grand-cherokee-laredo-4x4-wk-t-diesel-automatic-8-speed-wagon,,,67,,,Referred,nsw,NSW,lot
2026-03-02T09:30:16.785460,https://www.grays.com/lot/0001-10352805/motor-vehicles-motor-cycles/2006-toyota-corolla-conquest-zze122r-manual-sedan,309.0,309.0,4,23h 44m43s,23.745,Active,nsw,NSW,lot
2026-03-02T09:30:35.040194,https://www.grays.com/lot/0001-10352806/motor-vehicles-motor-cycles/2017-toyota-c-hr-fwd-ngx10r-cvt-wagon,2509.0,2509.0,43,23h 44m25s,23.74,Active,nsw,NSW,lot
2026-03-02T09:30:53.586636,https://www.grays.com/lot/0001-10352808/motor-vehicles-motor-cycles/2014-subaru-outback-2-5i-b5a-cvt-wagon,1609.0,1609.0,24,23h 44m7s,23.735,Active,nsw,NSW,lot
2026-03-02T09:31:11.646422,https://www.grays.com/lot/0001-10352809/motor-vehicles-motor-cycles/2009-holden-commodore-ss-v-series-ve-automatic-sedan,7100.0,7100.0,96,23h 43m48s,23.73,Active,nsw,NSW,lot
2026-03-02T09:31:29.124620,https://www.grays.com/lot/0001-10352810/motor-vehicles-motor-cycles/2005-toyota-camry-altise-acv36r-automatic-sedan,2000.0,2000.0,19,23h 43m31s,23.725,Active,nsw,NSW,lot
2026-03-02T09:31:47.553029,https://www.grays.com/lot/0001-10352811/motor-vehicles-motor-cycles/2011-ford-fiesta-zetec-wt-automatic-hatchback,110.0,110.0,3,23h 43m12s,23.72,Active,nsw,NSW,lot
2026-03-02T09:32:03.379017,https://www.grays.com/lot/0001-10352813/motor-vehicles-motor-cycles/2022-mg-zst-core-cvt-wagon,3400.0,3400.0,43,23h 42m57s,23.716,Active,nsw,NSW,lot
2026-03-02T09:32:20.126065,https://www.grays.com/lot/0001-10352816/motor-vehicles-motor-cycles/2010-ford-falcon-fg-automatic-cab-chassis,2009.0,2009.0,25,,,Sold,nsw,NSW,lot
2026-03-02T09:32:37.419439,https://www.grays.com/lot/0001-10352817/motor-vehicles-motor-cycles/2017-mitsubishi-outlander-ls-awd-safety-pack-zk-automatic-7-seats-wagon,2709.0,2709.0,31,7m31s,0.125,Active,nsw,NSW,lot
2026-03-02T09:32:56.186615,https://www.grays.com/lot/0001-10352818/motor-vehicles-motor-cycles/2011-toyota-hilux-4x4-sr-kun26r-turbo-diesel-manual-crew-cab-chassis,2109.0,2109.0,34,23h 27m3s,23.451,Active,nsw,NSW,lot
2026-03-02T09:33:13.716503,https://www.grays.com/lot/0001-10352819/motor-vehicles-motor-cycles/2016-renault-master-mwb-mid-roof-turbo-diesel-manual-van,609.0,609.0,6,23h 26m45s,23.446,Active,nsw,NSW,lot
2026-03-02T09:33:29.830167,https://www.grays.com/lot/0001-10352820/motor-vehicles-motor-cycles/2017-land-rover-discovery-2-0-sd4-se-series-5-turbo-diesel-automatic,,,70,,,Referred,nsw,NSW,lot
2026-03-02T09:33:48.518119,https://www.grays.com/lot/0001-10352822/motor-vehicles-motor-cycles/2007-volkswagen-golf-2-0-tdi-comfortline-a5-turbo-diesel-auto-hatchback,309.0,309.0,4,23h 41m12s,23.687,Active,nsw,NSW,lot
2026-03-02T09:34:07.900759,https://www.grays.com/lot/0001-10352823/motor-vehicles-motor-cycles/2011-mercedes-benz-cl-class-cl500-c216-automatic-coupe,,,212,,,Referred,nsw,NSW,lot
2026-03-02T09:34:25.677732,https://www.grays.com/lot/0001-10352824/motor-vehicles-motor-cycles/2014-holden-cruze-cd-jh-automatic-sedan,209.0,209.0,3,23h 40m35s,23.676,Active,nsw,NSW,lot
2026-03-02T09:34:43.545984,https://www.grays.com/lot/0001-10352826/motor-vehicles-motor-cycles/2008-bmw-3-series-touring-335i-e91-automatic-wagon,3000.0,3000.0,40,23h 40m17s,23.671,Active,nsw,NSW,lot
2026-03-02T09:35:01.970486,https://www.grays.com/lot/0001-10352827/motor-vehicles-motor-cycles/2013-jeep-grand-cherokee-laredo-4x4-wk-automatic-8-speed-wagon,,,33,,,Referred,nsw,NSW,lot
2026-03-02T09:35:17.871972,https://www.grays.com/lot/0001-10352828/motor-vehicles-motor-cycles/2013-bmw-x1-sdrive-20i-e84-lci-automatic-8-speed-wagon,1311.0,1311.0,14,23h 39m43s,23.662,Active,nsw,NSW,lot
2026-03-02T09:35:38.291241,https://www.grays.com/lot/0001-10352829/motor-vehicles-motor-cycles/2016-renault-koleos-zen-4x2-xzg-cvt-wagon,509.0,509.0,8,23h 39m22s,23.656,Active,nsw,NSW,lot
2026-03-02T09:35:56.509651,https://www.grays.com/lot/0001-10352830/motor-vehicles-motor-cycles/2018-mazda-bt-50-4x2-xt-turbo-diesel-automatic-cab-chassis,509.0,509.0,10,23h 39m2s,23.651,Active,nsw,NSW,lot
2026-03-02T09:36:18.238486,https://www.grays.com/lot/0001-10352831/motor-vehicles-motor-cycles/2010-bmw-3-series-323i-e90-automatic-sedan,209.0,209.0,4,23h 38m41s,23.645,Active,nsw,NSW,lot
2026-03-02T09:36:38.579961,https://www.grays.com/lot/0001-10352832/motor-vehicles-motor-cycles/2019-ford-transit-custom-340l-lwb-vn-turbo-diesel-automatic-van,20000.0,20000.0,6,21h 53m20s,21.889,Active,nsw,NSW,lot
2026-03-02T09:36:51.847418,https://www.grays.com/lot/0001-10352833/motor-vehicles-motor-cycles/2019-ldv-g10-automatic-7-seats-people-mover-undiagnosed-engine-issue,3000.0,3000.0,1,1d 23h 23m8s,47.386,Active,nsw,NSW,lot
2026-03-02T09:37:15.422565,https://www.grays.com/lot/0001-10352835/motor-vehicles-motor-cycles/2012-kia-sorento-si-xm-turbo-diesel-automatic-7-seats-wagon,2600.0,2600.0,36,23h 22m45s,23.379,Active,nsw,NSW,lot
2026-03-02T09:37:34.032598,https://www.grays.com/lot/0001-10352836/motor-vehicles-motor-cycles/2016-mazda-2-neo-dj-manual-hatchback,309.0,309.0,4,23h 22m25s,23.374,Active,nsw,NSW,lot
2026-03-02T09:37:53.598244,https://www.grays.com/lot/0001-10352837/motor-vehicles-motor-cycles/2018-volkswagen-amarok-tdi550-highline-2h-t-diesel-auto-8-speed-dual-cab,4300.0,4300.0,78,23h 22m6s,23.368,Active,nsw,NSW,lot
2026-03-02T09:38:18.579864,https://www.grays.com/lot/0001-10352838/motor-vehicles-motor-cycles/2006-holden-adventra-sx6-vz-automatic-wagon,600.0,600.0,6,23h 21m41s,23.361,Active,nsw,NSW,lot
2026-03-02T09:38:36.543718,https://www.grays.com/lot/0001-10352839/motor-vehicles-motor-cycles/2009-holden-caprice-wm-automatic-sedan,4900.0,4900.0,17,23h 21m24s,23.357,Active,nsw,NSW,lot
2026-03-02T09:38:53.360280,https://www.grays.com/lot/0001-10352840/motor-vehicles-motor-cycles/2021-kia-sportage-s-awd-nq5-turbo-diesel-automatic-8-speed-wagon,,,244,,,Referred,nsw,NSW,lot
2026-03-02T09:39:09.301723,https://www.grays.com/lot/0001-10352841/motor-vehicles-motor-cycles/2021-mazda-cx-5-gt-kf-automatic-wagon,18000.0,18000.0,150,7m25s,0.124,Active,nsw,NSW,lot
2026-03-02T09:39:26.485527,https://www.grays.com/lot/0001-10352842/motor-vehicles-motor-cycles/2005-mercedes-benz-slk280-r171-automatic-convertible,3210.0,3210.0,43,23h 35m32s,23.592,Active,nsw,NSW,lot
2026-03-02T09:39:47.077770,https://www.grays.com/lot/0001-10352843/motor-vehicles-motor-cycles/2016-volkswagen-polo-gti-6r-manual-hatchback,3100.0,3100.0,39,23h 35m13s,23.587,Active,nsw,NSW,lot
2026-03-02T09:40:14.121690,https://www.grays.com/lot/0001-10352844/motor-vehicles-motor-cycles/2007-lexus-is-is250-prestige-automatic-sedan,309.0,309.0,4,23h 34m45s,23.579,Active,nsw,NSW,lot
2026-03-02T09:40:31.090991,https://www.grays.com/lot/0001-10352845/motor-vehicles-motor-cycles/2012-mazda-bt-50-4x2-xt-turbo-diesel-manual-cab-chassis,609.0,609.0,9,23h 34m28s,23.574,Active,nsw,NSW,lot
2026-03-02T09:40:50.773062,https://www.grays.com/lot/0001-10352846/motor-vehicles-motor-cycles/2005-subaru-forester-2-5x-automatic-wagon,109.0,109.0,2,23h 34m9s,23.569,Active,nsw,NSW,lot
2026-03-02T09:41:16.028100,https://www.grays.com/lot/0001-10352847/motor-vehicles-motor-cycles/2006-lexus-rx-rx350-sports-gsu35r-automatic-wagon,209.0,209.0,3,23h 33m44s,23.562,Active,nsw,NSW,lot
2026-03-02T09:41:41.308605,https://www.grays.com/lot/0001-10352848/motor-vehicles-motor-cycles/2018-hsv-colorado-sportscat-rg-turbo-diesel-automatic-dual-cab,28900.0,28900.0,23,23h 33m19s,23.555,Active,nsw,NSW,lot
2026-03-02T09:42:02.569716,https://www.grays.com/lot/0001-10352849/motor-vehicles-motor-cycles/2014-mercedes-benz-cla-class-cla250-sport-awd-c117-automatic-coupe,5200.0,5200.0,89,23h 32m56s,23.549,Active,nsw,NSW,lot
2026-03-02T09:42:20.571677,https://www.grays.com/lot/0001-10352850/motor-vehicles-motor-cycles/2012-jeep-compass-sport-cvt-wagon,309.0,309.0,4,23h 17m40s,23.294,Active,nsw,NSW,lot
2026-03-02T09:42:45.983345,https://www.grays.com/lot/0001-10352853/motor-vehicles-motor-cycles/2016-mercedes-benz-gle-class-amg-gle-63s-4matic-c292-automatic-coupe,35300.0,35300.0,164,23h 32m14s,23.537,Active,nsw,NSW,lot
2026-03-02T09:43:02.977530,https://www.grays.com/lot/0001-10352854/motor-vehicles-motor-cycles/2015-hyundai-i30-active-tourer-gd-automatic-wagon,3200.0,3200.0,37,23h 31m57s,23.532,Active,nsw,NSW,lot
2026-03-02T09:43:24.236110,https://www.grays.com/lot/0001-10352855/motor-vehicles-motor-cycles/2011-toyota-hilux-4x4-sr5-kun26r-turbo-diesel-manual-dual-cab,16700.0,16700.0,182,23h 31m35s,23.526,Active,nsw,NSW,lot
2026-03-02T09:43:44.469526,https://www.grays.com/lot/0001-10352856/motor-vehicles-motor-cycles/2016-mazda-cx-3-s-touring-dk-automatic-wagon,309.0,309.0,4,23h 31m14s,23.521,Active,nsw,NSW,lot
2026-03-02T09:44:03.923331,https://www.grays.com/lot/0001-10352857/motor-vehicles-motor-cycles/2012-toyota-hiace-lwb-kdh201r-turbo-diesel-automatic-van,3500.0,3500.0,38,23h 30m56s,23.516,Active,nsw,NSW,lot
2026-03-02T09:44:31.200052,https://www.grays.com/lot/0001-10352863/motor-vehicles-motor-cycles/2006-subaru-liberty-3-0-r-b-b4-manual-sedan,309.0,309.0,5,23h 30m29s,23.508,Active,nsw,NSW,lot
2026-03-02T09:44:49.206692,https://www.grays.com/lot/0001-10352864/motor-vehicles-motor-cycles/2012-mini-cooper-r56-lci-automatic-hatchback,2000.0,2000.0,4,23h 30m10s,23.503,Active,nsw,NSW,lot
2026-03-02T09:45:02.781090,https://www.grays.com/lot/0001-10500710/motor-vehicles-motor-cycles/2013-audi-a3-automatic-hatchback,,,36,,,Referred,nsw,NSW,lot
2026-03-02T09:45:09.105717,https://www.grays.com/lot/0001-10500714/motor-vehicles-motor-cycles/2013-audi-a3-automatic-hatchback,1811.0,1811.0,20,,,Sold,nsw,NSW,lot
2026-03-02T09:45:25.160988,https://www.grays.com/lot/0001-10601299/motor-vehicles-motor-cycles/2020-land-rover-defender-110-p400-s-automatic-8-speed-wagon,,,55,,,Referred,nsw,NSW,lot
2026-03-02T09:45:31.974356,https://www.grays.com/lot/0001-10601302/motor-vehicles-motor-cycles/2020-land-rover-defender-110-p400-s-automatic-8-speed-wagon,41000.0,41000.0,15,23h 19m27s,23.324,Active,nsw,NSW,lot
2026-03-02T09:45:52.103639,https://www.grays.com/lot/0001-20027290/motor-vehicles-motor-cycles/2021-toyota-landcruiser-sahara-fja300r-turbo-diesel-10-auto-7-seats-wagon,,,304,,,Referred,vic,VIC,lot
2026-03-02T09:46:01.905250,https://www.grays.com/lot/0001-21061290/motor-vehicles-motor-cycles/2008-toyota-hiace-trh223r-manual-14-seats-bus,,,86,,,Referred,vic,VIC,lot
2026-03-02T09:46:19.627789,https://www.grays.com/lot/0001-21062464/motor-vehicles-motor-cycles/2014-mercedes-benz-c200-c200-w205-automatic-sedan,,,134,,,Referred,vic,VIC,lot
2026-03-02T09:46:36.836445,https://www.grays.com/lot/0001-21062742/motor-vehicles-motor-cycles/2010-mazda-bt-50-dx-b2500-turbo-diesel-manual-cab-chassis,,,59,,,Referred,vic,VIC,lot
2026-03-02T09:46:53.941716,https://www.grays.com/lot/0001-21062755/motor-vehicles-motor-cycles/2005-audi-a6-3-2-fsi-quattro-c6-automatic-wagon,,,21,,,Referred,vic,VIC,lot
2026-03-02T09:47:10.065860,https://www.grays.com/lot/0001-21062756/motor-vehicles-motor-cycles/2015-renault-megane-gt-line-automatic-hatchback,,,31,,,Referred,vic,VIC,lot
2026-03-02T09:47:26.369723,https://www.grays.com/lot/0001-21063004/motor-vehicles-motor-cycles/2008-mazda-cx-7-luxury-automatic-wagon,1700.0,1700.0,30,,,Sold,vic,VIC,lot
2026-03-02T09:47:44.112165,https://www.grays.com/lot/0001-21063010/motor-vehicles-motor-cycles/2012-land-rover-range-rover-sport-3-0-tdv6-turbo-diesel-automatic-wagon,10900.0,10900.0,100,,,Sold,vic,VIC,lot
2026-03-02T09:48:02.939818,https://www.grays.com/lot/0001-21063011/motor-vehicles-motor-cycles/2016-toyota-camry-altise-hybrid-avv50r-cvt-sedan,14500.0,14500.0,140,,,Sold,vic,VIC,lot
2026-03-02T09:48:14.174492,https://www.grays.com/lot/0001-21063012/motor-vehicles-motor-cycles/2012-mazda-bt-50-4x2-xt-turbo-diesel-tipper-tray-cab-chassis,,,51,,,Referred,vic,VIC,lot
2026-03-02T09:48:31.967389,https://www.grays.com/lot/0001-21063043/motor-vehicles-motor-cycles/2012-suzuki-swift-sport-fz-cvt-hatchback,5300.0,5300.0,71,,,Sold,vic,VIC,lot
2026-03-02T09:48:47.670090,https://www.grays.com/lot/0001-21063045/motor-vehicles-motor-cycles/2007-bmw-1-series-116i-e87-manual-hatchback,2800.0,2800.0,21,,,Sold,vic,VIC,lot
2026-03-02T09:49:05.966534,https://www.grays.com/lot/0001-21063046/motor-vehicles-motor-cycles/2014-bmw-m5-f10-automatic-sedan,24000.0,24000.0,312,,,Sold,vic,VIC,lot
2026-03-02T09:49:27.082145,https://www.grays.com/lot/0001-21063047/motor-vehicles-motor-cycles/2014-volvo-s60-t5-r-design-automatic-8-speed-sedan,9300.0,9300.0,126,,,Sold,vic,VIC,lot
2026-03-02T09:49:43.873036,https://www.grays.com/lot/0001-21063048/motor-vehicles-motor-cycles/2016-nissan-pulsar-st-c12-cvt-hatchback,4809.0,4809.0,76,,,Sold,vic,VIC,lot
2026-03-02T09:50:03.818968,https://www.grays.com/lot/0001-21063078/motor-vehicles-motor-cycles/2007-suzuki-swift-ez-automatic-hatchback,2900.0,2900.0,32,,,Sold,vic,VIC,lot
2026-03-02T09:50:25.856355,https://www.grays.com/lot/0001-21063094/motor-vehicles-motor-cycles/2006-toyota-rav-4-cruiser-aca33r-automatic-wagon,4305.0,4305.0,67,,,Sold,vic,VIC,lot
2026-03-02T09:50:44.525493,https://www.grays.com/lot/0001-21063102/motor-vehicles-motor-cycles/2010-subaru-forester-x-s3-manual-wagon,,,10,,,Referred,vic,VIC,lot
2026-03-02T09:51:02.718069,https://www.grays.com/lot/0001-21063103/motor-vehicles-motor-cycles/2005-nissan-skyline-350gt-v35-automatic-sedan,,,55,,,Referred,vic,VIC,lot
2026-03-02T09:51:25.050179,https://www.grays.com/lot/0001-21063104/motor-vehicles-motor-cycles/2011-audi-a6-3-0-tdi-quattro-c7-turbo-diesel-automatic-sedan,8100.0,8100.0,105,,,Sold,vic,VIC,lot
2026-03-02T09:51:46.777548,https://www.grays.com/lot/0001-21063105/motor-vehicles-motor-cycles/2008-mercedes-benz-ml320cdi-w164-turbo-diesel-automatic-wagon,2509.0,2509.0,37,,,Sold,vic,VIC,lot
2026-03-02T09:52:07.773298,https://www.grays.com/lot/0001-21063107/motor-vehicles-motor-cycles/2005-toyota-landcruiser-prado-gxl-grj120r-automatic-8-seats-wagon,,,91,,,Referred,vic,VIC,lot
2026-03-02T09:52:25.523707,https://www.grays.com/lot/0001-21063108/motor-vehicles-motor-cycles/2014-peugeot-308-allure-automatic-hatchback,,,22,,,Referred,vic,VIC,lot
2026-03-02T09:52:37.954537,https://www.grays.com/lot/0001-21063110/motor-vehicles-motor-cycles/2011-kia-cerato-koup-si-td-automatic-coupe,2100.0,2100.0,13,,,Sold,vic,VIC,lot
2026-03-02T09:52:54.858444,https://www.grays.com/lot/0001-21063112/motor-vehicles-motor-cycles/2008-volkswagen-golf-2-0-tdi-pacific-a5-turbo-diesel-automatic-hatchback,609.0,609.0,7,,,Sold,vic,VIC,lot
2026-03-02T09:53:14.420658,https://www.grays.com/lot/0001-21063113/motor-vehicles-motor-cycles/2015-jeep-cherokee-limited-4x4-kl-9-auto-wagon,,,57,,,Referred,vic,VIC,lot
2026-03-02T09:53:25.779149,https://www.grays.com/lot/0001-21063114/motor-vehicles-motor-cycles/2013-renault-megane-coupe-cab-dynamique-cvt-convertible,1409.0,1409.0,21,,,Sold,vic,VIC,lot
2026-03-02T09:53:36.720849,https://www.grays.com/lot/0001-21063115/motor-vehicles-motor-cycles/2011-bmw-x5-xdrive-40d-sport-e70-lci-turbo-diesel-automatic-8-speed-wagon,4209.0,4209.0,56,,,Sold,vic,VIC,lot
2026-03-02T09:53:55.603888,https://www.grays.com/lot/0001-21063116/motor-vehicles-motor-cycles/2009-toyota-rav-4-cruiser-aca33r-automatic-wagon,3509.0,3509.0,43,,,Sold,vic,VIC,lot
2026-03-02T09:54:13.609719,https://www.grays.com/lot/0001-21063117/motor-vehicles-motor-cycles/2013-holden-ute-sv6-vf-automatic-ute,,,82,,,Referred,vic,VIC,lot
2026-03-02T09:54:23.808825,https://www.grays.com/lot/0001-21063118/motor-vehicles-motor-cycles/2014-jeep-cherokee-limited-4x4-kl-turbo-diesel-automatic-wagon,,,66,,,Referred,vic,VIC,lot
2026-03-02T09:54:44.614438,https://www.grays.com/lot/0001-21063119/motor-vehicles-motor-cycles/2015-volkswagen-touareg-150tdi-7p-turbo-diesel-automatic-8-speed-wagon,6250.0,6250.0,72,,,Sold,vic,VIC,lot
2026-03-02T09:55:04.933678,https://www.grays.com/lot/0001-21063120/motor-vehicles-motor-cycles/2010-honda-odyssey-luxury-automatic-7-seats-people-mover,2709.0,2709.0,33,,,Sold,vic,VIC,lot
2026-03-02T09:55:23.029319,https://www.grays.com/lot/0001-21063121/motor-vehicles-motor-cycles/2019-nissan-navara-4x2-rx-series-3-turbo-diesel-automatic-dual-cab,11701.0,11701.0,106,,,Sold,vic,VIC,lot
2026-03-02T09:55:39.395907,https://www.grays.com/lot/0001-21063122/motor-vehicles-motor-cycles/2010-nissan-elgrand-automatic-7-seats-wagon,7900.0,7900.0,101,,,Sold,vic,VIC,lot
2026-03-02T09:56:00.339544,https://www.grays.com/lot/0001-21063123/motor-vehicles-motor-cycles/2018-isuzu-d-max-4x2-sx-hi-ride-t-d-auto-ute-ex-gov,12600.0,12600.0,78,,,Sold,vic,VIC,lot
2026-03-02T09:56:20.407962,https://www.grays.com/lot/0001-21063124/motor-vehicles-motor-cycles/2019-mitsubishi-triton-4x4-glx-adas-mr-t-d-auto-dual-cab-ex-gov,25300.0,25300.0,235,,,Sold,vic,VIC,lot
2026-03-02T09:56:37.662290,https://www.grays.com/lot/0001-21063125/motor-vehicles-motor-cycles/2008-volkswagen-caravelle-128kw-lwb-t5-turbo-diesel-automatic,,,23,,,Referred,vic,VIC,lot
2026-03-02T09:56:57.091405,https://www.grays.com/lot/0001-21063126/motor-vehicles-motor-cycles/2010-toyota-corolla-ascent-zre152r-manual-hatchback,2300.0,2300.0,28,,,Sold,vic,VIC,lot
2026-03-02T09:57:13.973762,https://www.grays.com/lot/0001-21063127/motor-vehicles-motor-cycles/2004-toyota-echo-ncp12r-automatic-sedan,2109.0,2109.0,30,,,Sold,vic,VIC,lot
2026-03-02T09:57:24.218761,https://www.grays.com/lot/0001-21063128/motor-vehicles-motor-cycles/2007-bmw-530i-e60-automatic-sedan,2155.0,2155.0,9,,,Sold,vic,VIC,lot
2026-03-02T09:57:44.901833,https://www.grays.com/lot/0001-21063129/motor-vehicles-motor-cycles/2011-toyota-corolla-ascent-zre152r-automatic-hatchback,2900.0,2900.0,28,,,Sold,vic,VIC,lot
2026-03-02T09:58:03.448843,https://www.grays.com/lot/0001-21063130/motor-vehicles-motor-cycles/2004-toyota-camry-altise-acv36r-automatic-sedan,1109.0,1109.0,14,,,Sold,vic,VIC,lot
2026-03-02T09:58:23.649254,https://www.grays.com/lot/0001-21063133/motor-vehicles-motor-cycles/2007-honda-jazz-gli-gd-cvt-hatchback,2609.0,2609.0,36,,,Sold,vic,VIC,lot
2026-03-02T09:58:46.803535,https://www.grays.com/lot/0001-21063134/motor-vehicles-motor-cycles/2009-audi-a4-1-8-tfsi-b8-cvt-sedan-rwc-issued-12-02-2026,5009.0,5009.0,64,,,Sold,vic,VIC,lot
2026-03-02T09:59:05.267492,https://www.grays.com/lot/0001-21063135/motor-vehicles-motor-cycles/2012-toyota-rav-4-cv-2wd-aca38r-automatic-wagon,6409.0,6409.0,97,,,Sold,vic,VIC,lot
2026-03-02T09:59:25.164015,https://www.grays.com/lot/0001-21063136/motor-vehicles-motor-cycles/1998-hyundai-sonata-gle-ef-automatic-sedan,9.0,9.0,1,,,Sold,vic,VIC,lot
2026-03-02T09:59:46.430757,https://www.grays.com/lot/0001-21063137/motor-vehicles-motor-cycles/2016-porsche-cayenne-diesel-92a-turbo-diesel-automatic-8-speed-wagon,21000.0,21000.0,151,,,Sold,vic,VIC,lot
2026-03-02T10:00:03.706415,https://www.grays.com/lot/0001-21063138/motor-vehicles-motor-cycles/2004-ford-falcon-xt-ba-automatic-sedan,1209.0,1209.0,16,,,Sold,vic,VIC,lot
2026-03-02T10:00:23.545010,https://www.grays.com/lot/0001-21063139/motor-vehicles-motor-cycles/2012-bmw-5-series-535d-f10-turbo-diesel-automatic-8-speed-sedan,4900.0,4900.0,51,,,Sold,vic,VIC,lot
2026-03-02T10:00:45.458004,https://www.grays.com/lot/0001-21063140/motor-vehicles-motor-cycles/2012-subaru-impreza-2-0i-g4-cvt-sedan,2009.0,2009.0,23,,,Sold,vic,VIC,lot
2026-03-02T10:01:01.844736,https://www.grays.com/lot/0001-21063142/motor-vehicles-motor-cycles/2013-mitsubishi-asx-2wd-xb-cvt-wagon,6300.0,6300.0,57,,,Sold,vic,VIC,lot
2026-03-02T10:01:23.903853,https://www.grays.com/lot/0001-21063143/motor-vehicles-motor-cycles/2015-ford-falcon-fg-x-automatic-ute,10369.0,10369.0,110,,,Sold,vic,VIC,lot
2026-03-02T10:01:59.602362,https://www.grays.com/lot/0001-21063146/motor-vehicles-motor-cycles/2012-land-rover-range-rover-sport-3-0-sdv6-luxury-t-d-automatic-wagon,7600.0,7600.0,103,,,Sold,vic,VIC,lot
2026-03-02T10:02:02.345773,https://www.grays.com/lot/0001-21063146/motor-vehicles-motor-cycles/2012-land-rover-range-rover-sport-3-0-sdv6-luxury-t-d-automatic-wagon,7600.0,7600.0,103,,,Sold,vic,VIC,lot
2026-03-02T10:02:29.798064,https://www.grays.com/lot/0001-21063148/motor-vehicles-motor-cycles/2021-mazda-3-g20-touring-bp-automatic-sedan,14700.0,14700.0,205,,,Sold,vic,VIC,lot
2026-03-02T10:02:30.035521,https://www.grays.com/lot/0001-21063148/motor-vehicles-motor-cycles/2021-mazda-3-g20-touring-bp-automatic-sedan,14700.0,14700.0,205,,,Sold,vic,VIC,lot
2026-03-02T10:03:11.228229,https://www.grays.com/lot/0001-21063149/motor-vehicles-motor-cycles/2010-toyota-yaris-yr-ncp90r-automatic-hatchback,4260.0,4260.0,50,,,Sold,vic,VIC,lot
2026-03-02T10:03:11.318388,https://www.grays.com/lot/0001-21063149/motor-vehicles-motor-cycles/2010-toyota-yaris-yr-ncp90r-automatic-hatchback,4260.0,4260.0,50,,,Sold,vic,VIC,lot
2026-03-02T10:03:45.332547,https://www.grays.com/lot/0001-21063150/motor-vehicles-motor-cycles/2011-audi-a5-2-0-tfsi-quattro-8t-automatic-convertible,3600.0,3600.0,52,,,Sold,vic,VIC,lot
2026-03-02T10:03:45.578154,https://www.grays.com/lot/0001-21063150/motor-vehicles-motor-cycles/2011-audi-a5-2-0-tfsi-quattro-8t-automatic-convertible,3600.0,3600.0,52,,,Sold,vic,VIC,lot
2026-03-02T10:04:16.448177,https://www.grays.com/lot/0001-21063151/motor-vehicles-motor-cycles/2008-ford-transit-swb-rwd-low-roof-vm-turbo-diesel-manual-van,3011.0,3011.0,40,,,Sold,vic,VIC,lot
2026-03-02T10:04:16.953764,https://www.grays.com/lot/0001-21063151/motor-vehicles-motor-cycles/2008-ford-transit-swb-rwd-low-roof-vm-turbo-diesel-manual-van,3011.0,3011.0,40,,,Sold,vic,VIC,lot
2026-03-02T10:04:51.088972,https://www.grays.com/lot/0001-21063152/motor-vehicles-motor-cycles/2006-ford-fairmont-ghia-bf-automatic-sedan,1809.0,1809.0,24,,,Sold,vic,VIC,lot
2026-03-02T10:04:51.233287,https://www.grays.com/lot/0001-21063152/motor-vehicles-motor-cycles/2006-ford-fairmont-ghia-bf-automatic-sedan,1809.0,1809.0,24,,,Sold,vic,VIC,lot
2026-03-02T10:05:28.079476,https://www.grays.com/lot/0001-21063153/motor-vehicles-motor-cycles/2011-ford-territory-tx-sz-automatic-wagon,4400.0,4400.0,64,,,Sold,vic,VIC,lot
2026-03-02T10:05:28.186954,https://www.grays.com/lot/0001-21063153/motor-vehicles-motor-cycles/2011-ford-territory-tx-sz-automatic-wagon,4400.0,4400.0,64,,,Sold,vic,VIC,lot
2026-03-02T10:05:42.047822,https://www.grays.com/lot/0001-21063154/motor-vehicles-motor-cycles/2003-mercedes-benz-c200-k-classic-w203-automatic-sedan,1209.0,1209.0,16,,,Sold,vic,VIC,lot
2026-03-02T10:06:06.126735,https://www.grays.com/lot/0001-21063154/motor-vehicles-motor-cycles/2003-mercedes-benz-c200-k-classic-w203-automatic-sedan,1209.0,1209.0,16,,,Sold,vic,VIC,lot
2026-03-02T10:06:11.498040,https://www.grays.com/lot/0001-21063155/motor-vehicles-motor-cycles/2008-mercedes-benz-e280-elegance-w211-automatic-sedan,3973.0,3973.0,44,,,Sold,vic,VIC,lot
2026-03-02T10:06:46.395902,https://www.grays.com/lot/0001-21063155/motor-vehicles-motor-cycles/2008-mercedes-benz-e280-elegance-w211-automatic-sedan,3973.0,3973.0,44,,,Sold,vic,VIC,lot
2026-03-02T10:06:47.032790,https://www.grays.com/lot/0001-21063156/motor-vehicles-motor-cycles/2015-ford-ranger-xl-4x2-hi-rider-px-turbo-diesel-automatic-dual-cab,6309.0,6309.0,83,,,Sold,vic,VIC,lot
2026-03-02T10:07:21.353229,https://www.grays.com/lot/0001-21063158/motor-vehicles-motor-cycles/2000-honda-cr-v-rd-automatic-wagon,1909.0,1909.0,25,,,Sold,vic,VIC,lot
2026-03-02T10:07:23.517347,https://www.grays.com/lot/0001-21063156/motor-vehicles-motor-cycles/2015-ford-ranger-xl-4x2-hi-rider-px-turbo-diesel-automatic-dual-cab,6309.0,6309.0,83,,,Sold,vic,VIC,lot
2026-03-02T10:07:55.287168,https://www.grays.com/lot/0001-21063161/motor-vehicles-motor-cycles/2008-mercedes-benz-c63-amg-w204-automatic-sedan,,,44,,,Referred,vic,VIC,lot
2026-03-02T10:07:56.437705,https://www.grays.com/lot/0001-21063158/motor-vehicles-motor-cycles/2000-honda-cr-v-rd-automatic-wagon,1909.0,1909.0,25,,,Sold,vic,VIC,lot
2026-03-02T10:08:14.298112,https://www.grays.com/lot/0001-21063163/motor-vehicles-motor-cycles/2005-bmw-325i-e90-automatic-sedan,1000.0,1000.0,10,,,Sold,vic,VIC,lot
2026-03-02T10:08:30.165686,https://www.grays.com/lot/0001-21063161/motor-vehicles-motor-cycles/2008-mercedes-benz-c63-amg-w204-automatic-sedan,,,44,,,Referred,vic,VIC,lot
2026-03-02T10:08:43.649588,https://www.grays.com/lot/0001-21063163/motor-vehicles-motor-cycles/2005-bmw-325i-e90-automatic-sedan,1000.0,1000.0,10,,,Sold,vic,VIC,lot
2026-03-02T10:08:44.519949,https://www.grays.com/lot/0001-21063165/motor-vehicles-motor-cycles/2000-nissan-patrol-st-3-0-gu-ii-turbo-diesel-manual-7-seats-wagon,,,44,,,Referred,vic,VIC,lot
2026-03-02T10:09:21.950023,https://www.grays.com/lot/0001-21063167/motor-vehicles-motor-cycles/2013-toyota-kluger-4x2-kx-r-gsu40r-automatic-7-seats-wagon,7609.0,7609.0,43,,,Sold,vic,VIC,lot
2026-03-02T10:09:22.374324,https://www.grays.com/lot/0001-21063165/motor-vehicles-motor-cycles/2000-nissan-patrol-st-3-0-gu-ii-turbo-diesel-manual-7-seats-wagon,,,44,,,Referred,vic,VIC,lot
2026-03-02T10:10:01.723162,https://www.grays.com/lot/0001-21063167/motor-vehicles-motor-cycles/2013-toyota-kluger-4x2-kx-r-gsu40r-automatic-7-seats-wagon,7609.0,7609.0,43,,,Sold,vic,VIC,lot
2026-03-02T10:10:01.826626,https://www.grays.com/lot/0001-21063168/motor-vehicles-motor-cycles/2013-nissan-pathfinder-st-r52-cvt-7-seats-wagon,3250.0,3250.0,52,,,Sold,vic,VIC,lot
2026-03-02T10:10:41.213583,https://www.grays.com/lot/0001-21063168/motor-vehicles-motor-cycles/2013-nissan-pathfinder-st-r52-cvt-7-seats-wagon,3250.0,3250.0,52,,,Sold,vic,VIC,lot
2026-03-02T10:10:43.704340,https://www.grays.com/lot/0001-21063169/motor-vehicles-motor-cycles/2007-mercedes-benz-a200-elegance-w169-cvt-hatchback,1609.0,1609.0,26,,,Sold,vic,VIC,lot
2026-03-02T10:11:22.348607,https://www.grays.com/lot/0001-21063171/motor-vehicles-motor-cycles/2007-holden-commodore-omega-ve-automatic-sedan,1909.0,1909.0,28,,,Sold,vic,VIC,lot
2026-03-02T10:11:22.845590,https://www.grays.com/lot/0001-21063169/motor-vehicles-motor-cycles/2007-mercedes-benz-a200-elegance-w169-cvt-hatchback,1609.0,1609.0,26,,,Sold,vic,VIC,lot
2026-03-02T10:11:54.659168,https://www.grays.com/lot/0001-21063172/motor-vehicles-motor-cycles/2015-fiat-freemont-base-automatic-7-seats-people-mover,1709.0,1709.0,22,,,Sold,vic,VIC,lot
2026-03-02T10:11:59.021523,https://www.grays.com/lot/0001-21063171/motor-vehicles-motor-cycles/2007-holden-commodore-omega-ve-automatic-sedan,1909.0,1909.0,28,,,Sold,vic,VIC,lot
2026-03-02T10:12:24.622594,https://www.grays.com/lot/0001-21063173/motor-vehicles-motor-cycles/2014-land-rover-freelander-2-si4-se-automatic-wagon,5100.0,5100.0,62,,,Sold,vic,VIC,lot
2026-03-02T10:12:25.336933,https://www.grays.com/lot/0001-21063172/motor-vehicles-motor-cycles/2015-fiat-freemont-base-automatic-7-seats-people-mover,1709.0,1709.0,22,,,Sold,vic,VIC,lot
2026-03-02T10:12:55.571546,https://www.grays.com/lot/0001-21063175/motor-vehicles-motor-cycles/2007-toyota-corolla-ascent-zre152r-manual-hatchback,1909.0,1909.0,20,,,Sold,vic,VIC,lot
2026-03-02T10:12:55.748949,https://www.grays.com/lot/0001-21063173/motor-vehicles-motor-cycles/2014-land-rover-freelander-2-si4-se-automatic-wagon,5100.0,5100.0,62,,,Sold,vic,VIC,lot
2026-03-02T10:13:27.492055,https://www.grays.com/lot/0001-21063175/motor-vehicles-motor-cycles/2007-toyota-corolla-ascent-zre152r-manual-hatchback,1909.0,1909.0,20,,,Sold,vic,VIC,lot
2026-03-02T10:13:32.585644,https://www.grays.com/lot/0001-21063176/motor-vehicles-motor-cycles/2009-volvo-c70-le-automatic-coupe,2009.0,2009.0,26,,,Sold,vic,VIC,lot
2026-03-02T10:14:02.053778,https://www.grays.com/lot/0001-21063179/motor-vehicles-motor-cycles/2008-mitsubishi-outlander-ls-zg-manual-wagon,1509.0,1509.0,20,,,Sold,vic,VIC,lot
2026-03-02T10:14:05.493599,https://www.grays.com/lot/0001-21063176/motor-vehicles-motor-cycles/2009-volvo-c70-le-automatic-coupe,2009.0,2009.0,26,,,Sold,vic,VIC,lot
2026-03-02T10:14:29.730699,https://www.grays.com/lot/0001-21063181/motor-vehicles-motor-cycles/2003-holden-commodore-ss-vy-manual-sedan,7650.0,7650.0,82,,,Sold,vic,VIC,lot
2026-03-02T10:14:31.697749,https://www.grays.com/lot/0001-21063179/motor-vehicles-motor-cycles/2008-mitsubishi-outlander-ls-zg-manual-wagon,1509.0,1509.0,20,,,Sold,vic,VIC,lot
2026-03-02T10:14:59.783765,https://www.grays.com/lot/0001-21063181/motor-vehicles-motor-cycles/2003-holden-commodore-ss-vy-manual-sedan,7650.0,7650.0,82,,,Sold,vic,VIC,lot
2026-03-02T10:15:03.417291,https://www.grays.com/lot/0001-21063182/motor-vehicles-motor-cycles/2009-mitsubishi-lancer-es-cj-cvt-sedan,3100.0,3100.0,35,,,Sold,vic,VIC,lot
2026-03-02T10:15:37.692977,https://www.grays.com/lot/0001-21063182/motor-vehicles-motor-cycles/2009-mitsubishi-lancer-es-cj-cvt-sedan,3100.0,3100.0,35,,,Sold,vic,VIC,lot
2026-03-02T10:15:37.934887,https://www.grays.com/lot/0001-21063183/motor-vehicles-motor-cycles/2014-nissan-x-trail-st-awd-t32-cvt-wagon,4600.0,4600.0,74,,,Sold,vic,VIC,lot
2026-03-02T10:16:14.702648,https://www.grays.com/lot/0001-21063184/motor-vehicles-motor-cycles/2019-mitsubishi-triton-4x4-glx-adas-mr-t-d-auto-dual-cab-ex-gov,22433.0,22433.0,165,,,Sold,vic,VIC,lot
2026-03-02T10:16:14.926137,https://www.grays.com/lot/0001-21063183/motor-vehicles-motor-cycles/2014-nissan-x-trail-st-awd-t32-cvt-wagon,4600.0,4600.0,74,,,Sold,vic,VIC,lot
2026-03-02T10:16:48.204754,https://www.grays.com/lot/0001-21063185/motor-vehicles-motor-cycles/2005-toyota-corolla-sportivo-zze123r-manual-hatchback,4100.0,4100.0,13,,,Sold,vic,VIC,lot
2026-03-02T10:16:50.479570,https://www.grays.com/lot/0001-21063184/motor-vehicles-motor-cycles/2019-mitsubishi-triton-4x4-glx-adas-mr-t-d-auto-dual-cab-ex-gov,22433.0,22433.0,165,,,Sold,vic,VIC,lot
2026-03-02T10:17:19.924347,https://www.grays.com/lot/0001-21063186/motor-vehicles-motor-cycles/2013-subaru-outback-2-0d-b5a-turbo-diesel-cvt-wagon,4209.0,4209.0,69,,,Sold,vic,VIC,lot
2026-03-02T10:17:20.636600,https://www.grays.com/lot/0001-21063185/motor-vehicles-motor-cycles/2005-toyota-corolla-sportivo-zze123r-manual-hatchback,4100.0,4100.0,13,,,Sold,vic,VIC,lot
2026-03-02T10:17:50.389041,https://www.grays.com/lot/0001-21063186/motor-vehicles-motor-cycles/2013-subaru-outback-2-0d-b5a-turbo-diesel-cvt-wagon,4209.0,4209.0,69,,,Sold,vic,VIC,lot
2026-03-02T10:17:54.822176,https://www.grays.com/lot/0001-21063187/motor-vehicles-motor-cycles/2012-holden-commodore-sportwagon-z-series-ve-ii-automatic-wagon,2409.0,2409.0,51,,,Sold,vic,VIC,lot
2026-03-02T10:18:12.116180,https://www.grays.com/lot/0001-21063188/motor-vehicles-motor-cycles/2007-toyota-hilux-sr-4x4-kun26r-turbo-diesel-manual-dual-cab,,,63,,,Referred,vic,VIC,lot
2026-03-02T10:18:26.402124,https://www.grays.com/lot/0001-21063187/motor-vehicles-motor-cycles/2012-holden-commodore-sportwagon-z-series-ve-ii-automatic-wagon,2409.0,2409.0,51,,,Sold,vic,VIC,lot
2026-03-02T10:18:26.620580,https://www.grays.com/lot/0001-21063189/motor-vehicles-motor-cycles/2018-toyota-hilux-4x2-workmate-tgn121r-automatic-dual-cab,,,233,,,Referred,vic,VIC,lot
2026-03-02T10:18:48.618909,https://www.grays.com/lot/0001-21063188/motor-vehicles-motor-cycles/2007-toyota-hilux-sr-4x4-kun26r-turbo-diesel-manual-dual-cab,,,63,,,Referred,vic,VIC,lot
2026-03-02T10:18:51.106311,https://www.grays.com/lot/0001-21063191/motor-vehicles-motor-cycles/2006-toyota-yaris-yr-ncp90r-manual-hatchback,1399.0,1399.0,13,,,Sold,vic,VIC,lot
2026-03-02T10:19:07.488783,https://www.grays.com/lot/0001-21063189/motor-vehicles-motor-cycles/2018-toyota-hilux-4x2-workmate-tgn121r-automatic-dual-cab,,,233,,,Referred,vic,VIC,lot
2026-03-02T10:19:21.931675,https://www.grays.com/lot/0001-21063192/motor-vehicles-motor-cycles/2013-jeep-patriot-sport-mk-automatic-wagon,2800.0,2800.0,39,,,Sold,vic,VIC,lot
2026-03-02T10:19:26.456448,https://www.grays.com/lot/0001-21063191/motor-vehicles-motor-cycles/2006-toyota-yaris-yr-ncp90r-manual-hatchback,1399.0,1399.0,13,,,Sold,vic,VIC,lot
2026-03-02T10:20:01.497740,https://www.grays.com/lot/0001-21063192/motor-vehicles-motor-cycles/2013-jeep-patriot-sport-mk-automatic-wagon,2800.0,2800.0,39,,,Sold,vic,VIC,lot
2026-03-02T10:20:01.962861,https://www.grays.com/lot/0001-21063193/motor-vehicles-motor-cycles/2013-volkswagen-touareg-v6-tdi-7p-turbo-diesel-automatic-8-speed-wagon,5300.0,5300.0,37,,,Sold,vic,VIC,lot
2026-03-02T10:20:42.999555,https://www.grays.com/lot/0001-21063196/motor-vehicles-motor-cycles/2015-holden-ute-sv6-storm-spec-ed-vf-manual-ute,16350.0,16350.0,183,,,Sold,vic,VIC,lot
2026-03-02T10:20:43.449826,https://www.grays.com/lot/0001-21063193/motor-vehicles-motor-cycles/2013-volkswagen-touareg-v6-tdi-7p-turbo-diesel-automatic-8-speed-wagon,5300.0,5300.0,37,,,Sold,vic,VIC,lot
2026-03-02T10:21:23.946780,https://www.grays.com/lot/0001-21063199/motor-vehicles-motor-cycles/2021-haval-h9-ultra-4wd-automatic-8-speed-7-seats-wagon,8500.0,8500.0,121,,,Sold,vic,VIC,lot
2026-03-02T10:21:23.984567,https://www.grays.com/lot/0001-21063196/motor-vehicles-motor-cycles/2015-holden-ute-sv6-storm-spec-ed-vf-manual-ute,16350.0,16350.0,183,,,Sold,vic,VIC,lot
2026-03-02T10:22:00.411612,https://www.grays.com/lot/0001-21063200/motor-vehicles-motor-cycles/2018-jaguar-e-pace-132kw-s-turbo-diesel-9-auto-wagon,11700.0,11700.0,103,,,Sold,vic,VIC,lot
2026-03-02T10:22:01.363281,https://www.grays.com/lot/0001-21063199/motor-vehicles-motor-cycles/2021-haval-h9-ultra-4wd-automatic-8-speed-7-seats-wagon,8500.0,8500.0,121,,,Sold,vic,VIC,lot
2026-03-02T10:22:29.354875,https://www.grays.com/lot/0001-21063201/motor-vehicles-motor-cycles/2022-mg-hs-vibe-automatic-wagon,13009.0,13009.0,19,,,Sold,vic,VIC,lot
2026-03-02T10:22:32.777271,https://www.grays.com/lot/0001-21063200/motor-vehicles-motor-cycles/2018-jaguar-e-pace-132kw-s-turbo-diesel-9-auto-wagon,11700.0,11700.0,103,,,Sold,vic,VIC,lot
2026-03-02T10:22:55.928937,https://www.grays.com/lot/0001-21063202/motor-vehicles-motor-cycles/2013-hyundai-i30-active-gd-automatic-hatchback,6159.0,6159.0,79,,,Sold,vic,VIC,lot
2026-03-02T10:22:57.383449,https://www.grays.com/lot/0001-21063201/motor-vehicles-motor-cycles/2022-mg-hs-vibe-automatic-wagon,13009.0,13009.0,19,,,Sold,vic,VIC,lot
2026-03-02T10:23:24.189293,https://www.grays.com/lot/0001-21063202/motor-vehicles-motor-cycles/2013-hyundai-i30-active-gd-automatic-hatchback,6159.0,6159.0,79,,,Sold,vic,VIC,lot
2026-03-02T10:23:26.915083,https://www.grays.com/lot/0001-21063203/motor-vehicles-motor-cycles/2016-mazda-bt-50-4x2-xtr-turbo-diesel-automatic-dual-cab,14150.0,14150.0,200,,,Sold,vic,VIC,lot
2026-03-02T10:23:58.680989,https://www.grays.com/lot/0001-21063203/motor-vehicles-motor-cycles/2016-mazda-bt-50-4x2-xtr-turbo-diesel-automatic-dual-cab,14150.0,14150.0,200,,,Sold,vic,VIC,lot
2026-03-02T10:24:01.313936,https://www.grays.com/lot/0001-21063204/motor-vehicles-motor-cycles/2000-mercedes-benz-clk-320-avantgarde-c208-automatic-coupe,509.0,509.0,6,,,Sold,vic,VIC,lot
2026-03-02T10:24:36.891516,https://www.grays.com/lot/0001-21063205/motor-vehicles-motor-cycles/2016-land-rover-range-rover-sport-4-4-sdv8-hse-td-at-8-speed-wagon,40000.0,40000.0,232,,,Sold,vic,VIC,lot
2026-03-02T10:24:36.915452,https://www.grays.com/lot/0001-21063204/motor-vehicles-motor-cycles/2000-mercedes-benz-clk-320-avantgarde-c208-automatic-coupe,509.0,509.0,6,,,Sold,vic,VIC,lot
2026-03-02T10:25:06.525509,https://www.grays.com/lot/0001-21063206/motor-vehicles-motor-cycles/2012-subaru-forester-x-s3-automatic-wagon,6000.0,6000.0,86,,,Sold,vic,VIC,lot
2026-03-02T10:25:09.761213,https://www.grays.com/lot/0001-21063205/motor-vehicles-motor-cycles/2016-land-rover-range-rover-sport-4-4-sdv8-hse-td-at-8-speed-wagon,40000.0,40000.0,232,,,Sold,vic,VIC,lot
2026-03-02T10:25:35.189301,https://www.grays.com/lot/0001-21063206/motor-vehicles-motor-cycles/2012-subaru-forester-x-s3-automatic-wagon,6000.0,6000.0,86,,,Sold,vic,VIC,lot
2026-03-02T10:25:36.882574,https://www.grays.com/lot/0001-21063208/motor-vehicles-motor-cycles/2015-volkswagen-golf-90tsi-a7-automatic-hatchback,5159.0,5159.0,74,,,Sold,vic,VIC,lot
2026-03-02T10:26:07.721642,https://www.grays.com/lot/0001-21063208/motor-vehicles-motor-cycles/2015-volkswagen-golf-90tsi-a7-automatic-hatchback,5159.0,5159.0,74,,,Sold,vic,VIC,lot
2026-03-02T10:26:08.462275,https://www.grays.com/lot/0001-21063209/motor-vehicles-motor-cycles/2022-mazda-cx-5-touring-kf-automatic-wagon,27305.0,27305.0,170,,,Sold,vic,VIC,lot
2026-03-02T10:26:38.517046,https://www.grays.com/lot/0001-21063210/motor-vehicles-motor-cycles/2022-kia-sportage-s-2wd-nq5-automatic-wagon,,,270,,,Referred,vic,VIC,lot
2026-03-02T10:26:39.050214,https://www.grays.com/lot/0001-21063209/motor-vehicles-motor-cycles/2022-mazda-cx-5-touring-kf-automatic-wagon,27305.0,27305.0,170,,,Sold,vic,VIC,lot
2026-03-02T10:27:10.192628,https://www.grays.com/lot/0001-21063210/motor-vehicles-motor-cycles/2022-kia-sportage-s-2wd-nq5-automatic-wagon,,,270,,,Referred,vic,VIC,lot
2026-03-02T10:27:11.520370,https://www.grays.com/lot/0001-21063211/motor-vehicles-motor-cycles/2021-mitsubishi-outlander-es-2wd-zm-cvt-wagon,,,174,,,Referred,vic,VIC,lot
2026-03-02T10:27:46.134513,https://www.grays.com/lot/0001-21063211/motor-vehicles-motor-cycles/2021-mitsubishi-outlander-es-2wd-zm-cvt-wagon,,,174,,,Referred,vic,VIC,lot
2026-03-02T10:27:46.783026,https://www.grays.com/lot/0001-21063212/motor-vehicles-motor-cycles/2021-mitsubishi-outlander-es-awd-zl-cvt-7-seats-wagon,,,100,,,Referred,vic,VIC,lot
2026-03-02T10:28:03.289106,https://www.grays.com/lot/0001-21063213/motor-vehicles-motor-cycles/2022-mazda-cx-5-touring-kf-automatic-wagon,,,277,,,Referred,vic,VIC,lot
2026-03-02T10:28:37.205304,https://www.grays.com/lot/0001-21063212/motor-vehicles-motor-cycles/2021-mitsubishi-outlander-es-awd-zl-cvt-7-seats-wagon,,,100,,,Referred,vic,VIC,lot
2026-03-02T10:28:45.125225,https://www.grays.com/lot/0001-21063214/motor-vehicles-motor-cycles/2020-subaru-outback-2-5i-premium-b6a-cvt-wagon,,,219,,,Referred,vic,VIC,lot
2026-03-02T10:29:13.870731,https://www.grays.com/lot/0001-21063213/motor-vehicles-motor-cycles/2022-mazda-cx-5-touring-kf-automatic-wagon,,,277,,,Referred,vic,VIC,lot
2026-03-02T10:29:17.589507,https://www.grays.com/lot/0001-21063215/motor-vehicles-motor-cycles/2021-subaru-outback-sport-b7-cvt-wagon,,,167,,,Referred,vic,VIC,lot
2026-03-02T10:29:55.934610,https://www.grays.com/lot/0001-21063216/motor-vehicles-motor-cycles/2017-kia-cerato-sport-yd-automatic-sedan,,,71,,,Referred,vic,VIC,lot
2026-03-02T10:30:01.432381,https://www.grays.com/lot/0001-21063214/motor-vehicles-motor-cycles/2020-subaru-outback-2-5i-premium-b6a-cvt-wagon,,,219,,,Referred,vic,VIC,lot
2026-03-02T10:30:45.594986,https://www.grays.com/lot/0001-21063217/motor-vehicles-motor-cycles/2015-bmw-x3-xdrive-20i-f25-automatic-8-speed-wagon,8225.0,8225.0,130,,,Sold,vic,VIC,lot
2026-03-02T10:30:52.112320,https://www.grays.com/lot/0001-21063215/motor-vehicles-motor-cycles/2021-subaru-outback-sport-b7-cvt-wagon,,,167,,,Referred,vic,VIC,lot
2026-03-02T10:31:27.019247,https://www.grays.com/lot/0001-21063216/motor-vehicles-motor-cycles/2017-kia-cerato-sport-yd-automatic-sedan,,,71,,,Referred,vic,VIC,lot
2026-03-02T10:31:31.453470,https://www.grays.com/lot/0001-21063218/motor-vehicles-motor-cycles/2015-subaru-forester-2-0d-s-s4-turbo-diesel-cvt-wagon,5800.0,5800.0,94,,,Sold,vic,VIC,lot
2026-03-02T10:32:11.674025,https://www.grays.com/lot/0001-21063219/motor-vehicles-motor-cycles/2011-kia-sorento-platinum-xm-turbo-diesel-automatic-7-seats-wagon,4000.0,4000.0,58,,,Sold,vic,VIC,lot
2026-03-02T10:32:12.431812,https://www.grays.com/lot/0001-21063217/motor-vehicles-motor-cycles/2015-bmw-x3-xdrive-20i-f25-automatic-8-speed-wagon,8225.0,8225.0,130,,,Sold,vic,VIC,lot
2026-03-02T10:32:49.552597,https://www.grays.com/lot/0001-21063220/motor-vehicles-motor-cycles/2007-subaru-liberty-2-5i-heritage-b4-automatic-sedan,1809.0,1809.0,20,,,Sold,vic,VIC,lot
2026-03-02T10:32:57.385694,https://www.grays.com/lot/0001-21063218/motor-vehicles-motor-cycles/2015-subaru-forester-2-0d-s-s4-turbo-diesel-cvt-wagon,5800.0,5800.0,94,,,Sold,vic,VIC,lot
2026-03-02T10:33:24.598488,https://www.grays.com/lot/0001-21063221/motor-vehicles-motor-cycles/2009-ford-ranger-xl-4x2-pk-turbo-diesel-automatic-dual-cab,2500.0,2500.0,26,,,Sold,vic,VIC,lot
2026-03-02T10:33:26.606515,https://www.grays.com/lot/0001-21063219/motor-vehicles-motor-cycles/2011-kia-sorento-platinum-xm-turbo-diesel-automatic-7-seats-wagon,4000.0,4000.0,58,,,Sold,vic,VIC,lot
2026-03-02T10:34:04.774772,https://www.grays.com/lot/0001-21063220/motor-vehicles-motor-cycles/2007-subaru-liberty-2-5i-heritage-b4-automatic-sedan,1809.0,1809.0,20,,,Sold,vic,VIC,lot
2026-03-02T10:34:07.081550,https://www.grays.com/lot/0001-21063225/motor-vehicles-motor-cycles/2006-volvo-xc90-d5-turbo-diesel-automatic-7-seats-wagon,400.0,400.0,1,,,Sold,vic,VIC,lot
2026-03-02T10:34:45.524307,https://www.grays.com/lot/0001-21063221/motor-vehicles-motor-cycles/2009-ford-ranger-xl-4x2-pk-turbo-diesel-automatic-dual-cab,2500.0,2500.0,26,,,Sold,vic,VIC,lot
2026-03-02T10:34:47.926673,https://www.grays.com/lot/0001-21063226/motor-vehicles-motor-cycles/2005-bmw-530d-e60-turbo-diesel-automatic-sedan,5100.0,5100.0,60,,,Sold,vic,VIC,lot
2026-03-02T10:35:24.636931,https://www.grays.com/lot/0001-21063227/motor-vehicles-motor-cycles/2012-jeep-compass-sport-manual-wagon,1200.0,1200.0,15,,,Sold,vic,VIC,lot
2026-03-02T10:35:25.846628,https://www.grays.com/lot/0001-21063225/motor-vehicles-motor-cycles/2006-volvo-xc90-d5-turbo-diesel-automatic-7-seats-wagon,400.0,400.0,1,,,Sold,vic,VIC,lot
2026-03-02T10:36:07.496984,https://www.grays.com/lot/0001-21063229/motor-vehicles-motor-cycles/2019-holden-trax-ltz-tj-automatic-wagon,2009.0,2009.0,30,,,Sold,vic,VIC,lot
2026-03-02T10:36:08.383051,https://www.grays.com/lot/0001-21063226/motor-vehicles-motor-cycles/2005-bmw-530d-e60-turbo-diesel-automatic-sedan,5100.0,5100.0,60,,,Sold,vic,VIC,lot
2026-03-02T10:36:50.712185,https://www.grays.com/lot/0001-21063227/motor-vehicles-motor-cycles/2012-jeep-compass-sport-manual-wagon,1200.0,1200.0,15,,,Sold,vic,VIC,lot
2026-03-02T10:36:55.441504,https://www.grays.com/lot/0001-21063230/motor-vehicles-motor-cycles/2013-hyundai-veloster-sr-turbo-fs-automatic-coupe,3109.0,3109.0,40,,,Sold,vic,VIC,lot
2026-03-02T10:37:39.107509,https://www.grays.com/lot/0001-21063229/motor-vehicles-motor-cycles/2019-holden-trax-ltz-tj-automatic-wagon,2009.0,2009.0,30,,,Sold,vic,VIC,lot
2026-03-02T10:37:41.095437,https://www.grays.com/lot/0001-21063231/motor-vehicles-motor-cycles/2014-nissan-pathfinder-st-l-r52-cvt-7-seats-wagon,809.0,809.0,9,,,Sold,vic,VIC,lot
2026-03-02T10:38:28.219413,https://www.grays.com/lot/0001-21063232/motor-vehicles-motor-cycles/2013-land-rover-range-rover-sport-3-0-sdv6-lux-black-t-d-auto-wagon,9050.0,9050.0,103,,,Sold,vic,VIC,lot
2026-03-02T10:38:29.237226,https://www.grays.com/lot/0001-21063230/motor-vehicles-motor-cycles/2013-hyundai-veloster-sr-turbo-fs-automatic-coupe,3109.0,3109.0,40,,,Sold,vic,VIC,lot
2026-03-02T10:39:14.667235,https://www.grays.com/lot/0001-21063231/motor-vehicles-motor-cycles/2014-nissan-pathfinder-st-l-r52-cvt-7-seats-wagon,809.0,809.0,9,,,Sold,vic,VIC,lot
2026-03-02T10:39:16.961596,https://www.grays.com/lot/0001-21063234/motor-vehicles-motor-cycles/2016-hyundai-tucson-active-x-tl-automatic-wagon,13700.0,13700.0,175,,,Sold,vic,VIC,lot
2026-03-02T10:39:32.941302,https://www.grays.com/lot/0001-21063237/motor-vehicles-motor-cycles/2016-renault-kangoo-automatic-van,,,42,,,Referred,vic,VIC,lot
2026-03-02T10:40:05.009933,https://www.grays.com/lot/0001-21063232/motor-vehicles-motor-cycles/2013-land-rover-range-rover-sport-3-0-sdv6-lux-black-t-d-auto-wagon,9050.0,9050.0,103,,,Sold,vic,VIC,lot
2026-03-02T10:40:10.523021,https://www.grays.com/lot/0001-21063238/motor-vehicles-motor-cycles/2003-subaru-liberty-gx-b3-automatic-sedan,1409.0,1409.0,15,,,Sold,vic,VIC,lot
2026-03-02T10:40:50.700382,https://www.grays.com/lot/0001-21063239/motor-vehicles-motor-cycles/2009-ford-territory-ts-sy-ii-automatic-wagon,1300.0,1300.0,15,,,Sold,vic,VIC,lot
2026-03-02T10:40:52.461948,https://www.grays.com/lot/0001-21063234/motor-vehicles-motor-cycles/2016-hyundai-tucson-active-x-tl-automatic-wagon,13700.0,13700.0,175,,,Sold,vic,VIC,lot
2026-03-02T10:41:10.224474,https://www.grays.com/lot/0001-21063237/motor-vehicles-motor-cycles/2016-renault-kangoo-automatic-van,,,42,,,Referred,vic,VIC,lot
2026-03-02T10:41:18.493348,https://www.grays.com/lot/0001-21063240/motor-vehicles-motor-cycles/2006-toyota-camry-altise-acv36r-automatic-sedan,1209.0,1209.0,23,,,Sold,vic,VIC,lot
2026-03-02T10:41:50.559011,https://www.grays.com/lot/0001-21063238/motor-vehicles-motor-cycles/2003-subaru-liberty-gx-b3-automatic-sedan,1409.0,1409.0,15,,,Sold,vic,VIC,lot
2026-03-02T10:41:51.266955,https://www.grays.com/lot/0001-21063241/motor-vehicles-motor-cycles/2007-bmw-530i-e60-automatic-sedan,2009.0,2009.0,38,,,Sold,vic,VIC,lot
2026-03-02T10:42:32.964657,https://www.grays.com/lot/0001-21063239/motor-vehicles-motor-cycles/2009-ford-territory-ts-sy-ii-automatic-wagon,1300.0,1300.0,15,,,Sold,vic,VIC,lot
2026-03-02T10:42:37.507471,https://www.grays.com/lot/0001-21063242/motor-vehicles-motor-cycles/2013-alfa-romeo-giulietta-manual-hatchback,2900.0,2900.0,28,,,Sold,vic,VIC,lot
2026-03-02T10:43:10.335054,https://www.grays.com/lot/0001-21063240/motor-vehicles-motor-cycles/2006-toyota-camry-altise-acv36r-automatic-sedan,1209.0,1209.0,23,,,Sold,vic,VIC,lot
2026-03-02T10:43:14.326485,https://www.grays.com/lot/0001-21063243/motor-vehicles-motor-cycles/2008-mazda-6-luxury-sports-gh-automatic-hatchback,4109.0,4109.0,56,,,Sold,vic,VIC,lot
2026-03-02T10:43:49.482633,https://www.grays.com/lot/0001-21063241/motor-vehicles-motor-cycles/2007-bmw-530i-e60-automatic-sedan,2009.0,2009.0,38,,,Sold,vic,VIC,lot
2026-03-02T10:43:53.912245,https://www.grays.com/lot/0001-21063244/motor-vehicles-motor-cycles/2014-mazda-6-gt-gj-turbo-diesel-automatic-wagon,8017.0,8017.0,116,,,Sold,vic,VIC,lot
2026-03-02T10:44:43.981332,https://www.grays.com/lot/0001-21063242/motor-vehicles-motor-cycles/2013-alfa-romeo-giulietta-manual-hatchback,2900.0,2900.0,28,,,Sold,vic,VIC,lot
2026-03-02T10:44:45.594237,https://www.grays.com/lot/0001-21063245/motor-vehicles-motor-cycles/2008-audi-a6-2-0-tfsi-c6-cvt-sedan,1009.0,1009.0,14,,,Sold,vic,VIC,lot
2026-03-02T10:45:27.457587,https://www.grays.com/lot/0001-21063243/motor-vehicles-motor-cycles/2008-mazda-6-luxury-sports-gh-automatic-hatchback,4109.0,4109.0,56,,,Sold,vic,VIC,lot
2026-03-02T10:45:30.332051,https://www.grays.com/lot/0001-21063247/motor-vehicles-motor-cycles/2009-toyota-landcruiser-prado-gx-kdj120r-turbo-diesel-auto-8-seats-wagon,11409.0,11409.0,154,,,Sold,vic,VIC,lot
2026-03-02T10:46:13.777477,https://www.grays.com/lot/0001-21063248/motor-vehicles-motor-cycles/2009-subaru-forester-x-s3-manual-wagon,2909.0,2909.0,52,,,Sold,vic,VIC,lot
2026-03-02T10:46:15.120169,https://www.grays.com/lot/0001-21063244/motor-vehicles-motor-cycles/2014-mazda-6-gt-gj-turbo-diesel-automatic-wagon,8017.0,8017.0,116,,,Sold,vic,VIC,lot
2026-03-02T10:47:00.920720,https://www.grays.com/lot/0001-21063250/motor-vehicles-motor-cycles/2011-audi-a4-2-0-tfsi-b8-cvt-sedan,3209.0,3209.0,41,,,Sold,vic,VIC,lot
2026-03-02T10:47:06.894168,https://www.grays.com/lot/0001-21063245/motor-vehicles-motor-cycles/2008-audi-a6-2-0-tfsi-c6-cvt-sedan,1009.0,1009.0,14,,,Sold,vic,VIC,lot
2026-03-02T10:47:53.944417,https://www.grays.com/lot/0001-21063247/motor-vehicles-motor-cycles/2009-toyota-landcruiser-prado-gx-kdj120r-turbo-diesel-auto-8-seats-wagon,11409.0,11409.0,154,,,Sold,vic,VIC,lot
2026-03-02T10:47:54.524549,https://www.grays.com/lot/0001-21063251/motor-vehicles-motor-cycles/2016-volkswagen-golf-92tsi-comfortline-a7-automatic-hatchback,3900.0,3900.0,42,,,Sold,vic,VIC,lot
2026-03-02T10:48:43.484653,https://www.grays.com/lot/0001-21063248/motor-vehicles-motor-cycles/2009-subaru-forester-x-s3-manual-wagon,2909.0,2909.0,52,,,Sold,vic,VIC,lot
2026-03-02T10:48:46.136965,https://www.grays.com/lot/0001-21063254/motor-vehicles-motor-cycles/2018-toyota-c-hr-fwd-koba-ngx10r-cvt-wagon,17600.0,17600.0,186,,,Sold,vic,VIC,lot
2026-03-02T10:49:25.515792,https://www.grays.com/lot/0001-21063250/motor-vehicles-motor-cycles/2011-audi-a4-2-0-tfsi-b8-cvt-sedan,3209.0,3209.0,41,,,Sold,vic,VIC,lot
2026-03-02T10:49:27.103836,https://www.grays.com/lot/0001-21063255/motor-vehicles-motor-cycles/2011-holden-cruze-sri-v-jh-automatic-sedan,3400.0,3400.0,48,,,Sold,vic,VIC,lot
2026-03-02T10:50:14.963554,https://www.grays.com/lot/0001-21063251/motor-vehicles-motor-cycles/2016-volkswagen-golf-92tsi-comfortline-a7-automatic-hatchback,3900.0,3900.0,42,,,Sold,vic,VIC,lot
2026-03-02T10:50:15.258255,https://www.grays.com/lot/0001-21063256/motor-vehicles-motor-cycles/2010-ford-ranger-xl-4x2-pk-turbo-diesel-automatic-dual-cab,4509.0,4509.0,66,,,Sold,vic,VIC,lot
2026-03-02T10:51:06.243834,https://www.grays.com/lot/0001-21063257/motor-vehicles-motor-cycles/2012-kia-sorento-platinum-xm-turbo-diesel-automatic-7-seats-wagon,4600.0,4600.0,54,,,Sold,vic,VIC,lot
2026-03-02T10:51:08.353664,https://www.grays.com/lot/0001-21063254/motor-vehicles-motor-cycles/2018-toyota-c-hr-fwd-koba-ngx10r-cvt-wagon,17600.0,17600.0,186,,,Sold,vic,VIC,lot
2026-03-02T10:51:58.741667,https://www.grays.com/lot/0001-21063255/motor-vehicles-motor-cycles/2011-holden-cruze-sri-v-jh-automatic-sedan,3400.0,3400.0,48,,,Sold,vic,VIC,lot
2026-03-02T10:52:00.178728,https://www.grays.com/lot/0001-21063258/motor-vehicles-motor-cycles/2011-nissan-dualis-st-j10-cvt-wagon,2120.0,2120.0,28,,,Sold,vic,VIC,lot
2026-03-02T10:52:49.137744,https://www.grays.com/lot/0001-21063259/motor-vehicles-motor-cycles/2012-mercedes-benz-ml350-blueefficiency-w166-automatic-wagon,6400.0,6400.0,62,,,Sold,vic,VIC,lot
2026-03-02T10:52:51.336801,https://www.grays.com/lot/0001-21063256/motor-vehicles-motor-cycles/2010-ford-ranger-xl-4x2-pk-turbo-diesel-automatic-dual-cab,4509.0,4509.0,66,,,Sold,vic,VIC,lot
2026-03-02T10:53:14.923855,https://www.grays.com/lot/0001-21063261/motor-vehicles-motor-cycles/1992-nissan-patrol-ti-gq-automatic-7-seats-wagon,2300.0,2300.0,35,,,Sold,vic,VIC,lot
2026-03-02T10:53:44.967333,https://www.grays.com/lot/0001-21063257/motor-vehicles-motor-cycles/2012-kia-sorento-platinum-xm-turbo-diesel-automatic-7-seats-wagon,4600.0,4600.0,54,,,Sold,vic,VIC,lot
2026-03-02T10:53:46.650936,https://www.grays.com/lot/0001-21063262/motor-vehicles-motor-cycles/2006-toyota-crown-automatic-sedan,13300.0,13300.0,103,,,Sold,vic,VIC,lot
2026-03-02T10:54:29.043491,https://www.grays.com/lot/0001-21063263/motor-vehicles-motor-cycles/2023-mitsubishi-outlander-exceed-tourer-phev-zm-direct-drive-ex-gov,25801.0,25801.0,79,2d 22h 5m31s,70.092,Active,vic,VIC,lot
2026-03-02T10:54:31.608140,https://www.grays.com/lot/0001-21063258/motor-vehicles-motor-cycles/2011-nissan-dualis-st-j10-cvt-wagon,2120.0,2120.0,28,,,Sold,vic,VIC,lot
2026-03-02T10:55:12.655363,https://www.grays.com/lot/0001-21063264/motor-vehicles-motor-cycles/2014-volkswagen-polo-81tsi-comfortline-6r-automatic-hatchback,3204.0,3204.0,45,,,Sold,vic,VIC,lot
2026-03-02T10:55:12.735702,https://www.grays.com/lot/0001-21063259/motor-vehicles-motor-cycles/2012-mercedes-benz-ml350-blueefficiency-w166-automatic-wagon,6400.0,6400.0,62,,,Sold,vic,VIC,lot
2026-03-02T10:55:38.167812,https://www.grays.com/lot/0001-21063261/motor-vehicles-motor-cycles/1992-nissan-patrol-ti-gq-automatic-7-seats-wagon,2300.0,2300.0,35,,,Sold,vic,VIC,lot
2026-03-02T10:55:52.487261,https://www.grays.com/lot/0001-21063265/motor-vehicles-motor-cycles/2015-holden-colorado-4x2-lx-rg-turbo-diesel-automatic-cab-chassis-ex-gov,7400.0,7400.0,75,2d 22h 4m7s,70.069,Active,vic,VIC,lot
2026-03-02T10:56:17.327993,https://www.grays.com/lot/0001-21063262/motor-vehicles-motor-cycles/2006-toyota-crown-automatic-sedan,13300.0,13300.0,103,,,Sold,vic,VIC,lot
2026-03-02T10:56:21.331369,https://www.grays.com/lot/0001-21063266/motor-vehicles-motor-cycles/2022-subaru-forester-hybrid-l-s5-cvt-wagon-ex-gov,10200.0,10200.0,79,2d 22h 3m38s,70.061,Active,vic,VIC,lot
2026-03-02T10:56:37.556191,https://www.grays.com/lot/0001-21063267/motor-vehicles-motor-cycles/2022-toyota-corolla-ascent-sport-hybrid-zwe211r-cvt-hatchback-ex-gov,18000.0,18000.0,60,2d 22h 3m21s,70.056,Active,vic,VIC,lot
2026-03-02T10:57:06.356229,https://www.grays.com/lot/0001-21063263/motor-vehicles-motor-cycles/2023-mitsubishi-outlander-exceed-tourer-phev-zm-direct-drive-ex-gov,25801.0,25801.0,79,2d 22h 2m54s,70.048,Active,vic,VIC,lot
2026-03-02T10:57:14.002257,https://www.grays.com/lot/0001-21063268/motor-vehicles-motor-cycles/2017-toyota-prius-c-nhp10r-cvt-hatchback-ex-gov,7600.0,7600.0,51,2d 22h 2m46s,70.046,Active,vic,VIC,lot
2026-03-02T10:57:50.986304,https://www.grays.com/lot/0001-21063264/motor-vehicles-motor-cycles/2014-volkswagen-polo-81tsi-comfortline-6r-automatic-hatchback,3204.0,3204.0,45,,,Sold,vic,VIC,lot
2026-03-02T10:57:52.570854,https://www.grays.com/lot/0001-21063270/motor-vehicles-motor-cycles/2007-citroen-c4-1-6-manual-hatchback,2200.0,2200.0,25,,,Sold,vic,VIC,lot
2026-03-02T10:58:36.790980,https://www.grays.com/lot/0001-21063271/motor-vehicles-motor-cycles/2009-mazda-cx-7-luxury-automatic-wagon,4710.0,4710.0,67,,,Sold,vic,VIC,lot
2026-03-02T10:58:37.344107,https://www.grays.com/lot/0001-21063265/motor-vehicles-motor-cycles/2015-holden-colorado-4x2-lx-rg-turbo-diesel-automatic-cab-chassis-ex-gov,7400.0,7400.0,75,2d 22h 1m22s,70.023,Active,vic,VIC,lot
2026-03-02T10:59:26.438979,https://www.grays.com/lot/0001-21063266/motor-vehicles-motor-cycles/2022-subaru-forester-hybrid-l-s5-cvt-wagon-ex-gov,10200.0,10200.0,79,2d 22h 0m34s,70.009,Active,vic,VIC,lot
2026-03-02T10:59:29.440834,https://www.grays.com/lot/0001-21063273/motor-vehicles-motor-cycles/2015-nissan-pathfinder-st-l-r52-cvt-7-seats-wagon,8800.0,8800.0,102,,,Sold,vic,VIC,lot
2026-03-02T11:00:10.945925,https://www.grays.com/lot/0001-21063276/motor-vehicles-motor-cycles/2012-ford-territory-ts-sz-turbo-diesel-automatic-7-seats-wagon,5009.0,5009.0,57,,,Sold,vic,VIC,lot
2026-03-02T11:00:14.078805,https://www.grays.com/lot/0001-21063267/motor-vehicles-motor-cycles/2022-toyota-corolla-ascent-sport-hybrid-zwe211r-cvt-hatchback-ex-gov,18000.0,18000.0,60,2d 21h 59m46s,69.996,Active,vic,VIC,lot
2026-03-02T11:00:52.127748,https://www.grays.com/lot/0001-21063277/motor-vehicles-motor-cycles/2014-renault-koleos-bose-cvt-wagon,,,43,,,Referred,vic,VIC,lot
2026-03-02T11:00:53.581532,https://www.grays.com/lot/0001-21063268/motor-vehicles-motor-cycles/2017-toyota-prius-c-nhp10r-cvt-hatchback-ex-gov,7600.0,7600.0,51,2d 21h 59m6s,69.985,Active,vic,VIC,lot
2026-03-02T11:01:32.700292,https://www.grays.com/lot/0001-21063278/motor-vehicles-motor-cycles/2013-volkswagen-tiguan-132-tsi-pacific-5n-automatic-wagon,2101.0,2101.0,29,,,Sold,vic,VIC,lot
2026-03-02T11:01:33.787507,https://www.grays.com/lot/0001-21063270/motor-vehicles-motor-cycles/2007-citroen-c4-1-6-manual-hatchback,2200.0,2200.0,25,,,Sold,vic,VIC,lot
2026-03-02T11:02:15.738229,https://www.grays.com/lot/0001-21063279/motor-vehicles-motor-cycles/2014-volkswagen-transporter-tdi340-swb-t5-turbo-diesel-automatic-van,,,38,,,Referred,vic,VIC,lot
2026-03-02T11:02:16.083690,https://www.grays.com/lot/0001-21063271/motor-vehicles-motor-cycles/2009-mazda-cx-7-luxury-automatic-wagon,4710.0,4710.0,67,,,Sold,vic,VIC,lot
2026-03-02T11:03:17.905590,https://www.grays.com/lot/0001-21063273/motor-vehicles-motor-cycles/2015-nissan-pathfinder-st-l-r52-cvt-7-seats-wagon,8800.0,8800.0,102,,,Sold,vic,VIC,lot
2026-03-02T11:03:18.606210,https://www.grays.com/lot/0001-21063280/motor-vehicles-motor-cycles/2011-ford-focus-titanium-lw-turbo-diesel-automatic-sedan,2300.0,2300.0,36,,,Sold,vic,VIC,lot
2026-03-02T11:04:02.374047,https://www.grays.com/lot/0001-21063281/motor-vehicles-motor-cycles/2011-holden-commodore-omega-ve-automatic-sedan,,,27,,,Referred,vic,VIC,lot
2026-03-02T11:04:03.364137,https://www.grays.com/lot/0001-21063276/motor-vehicles-motor-cycles/2012-ford-territory-ts-sz-turbo-diesel-automatic-7-seats-wagon,5009.0,5009.0,57,,,Sold,vic,VIC,lot
2026-03-02T11:04:48.485674,https://www.grays.com/lot/0001-21063277/motor-vehicles-motor-cycles/2014-renault-koleos-bose-cvt-wagon,,,43,,,Referred,vic,VIC,lot
2026-03-02T11:04:50.368078,https://www.grays.com/lot/0001-21063283/motor-vehicles-motor-cycles/2019-ford-ranger-xlt-4x4-px-iii-turbo-diesel-10-auto-dual-cab,,,95,,,Referred,vic,VIC,lot
2026-03-02T11:05:29.459005,https://www.grays.com/lot/0001-21063285/motor-vehicles-motor-cycles/2013-mercedes-benz-e350-automatic-sedan,,,161,,,Referred,vic,VIC,lot
2026-03-02T11:06:13.254425,https://www.grays.com/lot/0001-21063279/motor-vehicles-motor-cycles/2014-volkswagen-transporter-tdi340-swb-t5-turbo-diesel-automatic-van,,,38,,,Referred,vic,VIC,lot
2026-03-02T11:06:18.473811,https://www.grays.com/lot/0001-21063286/motor-vehicles-motor-cycles/1988-bmw-7-series-e32-automatic-sedan,2500.0,2500.0,36,,,Sold,vic,VIC,lot
2026-03-02T11:06:57.698921,https://www.grays.com/lot/0001-21063288/motor-vehicles-motor-cycles/2014-mercedes-benz-a45-a45-amg-w176-automatic-hatchback,13500.0,13500.0,140,,,Sold,vic,VIC,lot
2026-03-02T11:07:07.852129,https://www.grays.com/lot/0001-21063280/motor-vehicles-motor-cycles/2011-ford-focus-titanium-lw-turbo-diesel-automatic-sedan,2300.0,2300.0,36,,,Sold,vic,VIC,lot
2026-03-02T11:07:41.629852,https://www.grays.com/lot/0001-21063281/motor-vehicles-motor-cycles/2011-holden-commodore-omega-ve-automatic-sedan,,,27,,,Referred,vic,VIC,lot
2026-03-02T11:07:44.325350,https://www.grays.com/lot/0001-21063289/motor-vehicles-motor-cycles/2020-mitsubishi-triton-4x4-glx-mr-turbo-diesel-automatic-cab-chassis,,,110,,,Referred,vic,VIC,lot
2026-03-02T11:08:30.391895,https://www.grays.com/lot/0001-21063283/motor-vehicles-motor-cycles/2019-ford-ranger-xlt-4x4-px-iii-turbo-diesel-10-auto-dual-cab,,,95,,,Referred,vic,VIC,lot
2026-03-02T11:08:34.317306,https://www.grays.com/lot/0001-21063290/motor-vehicles-motor-cycles/2013-audi-a4-2-0-tfsi-quattro-b8-automatic-sedan,5700.0,5700.0,62,,,Sold,vic,VIC,lot
2026-03-02T11:09:08.313428,https://www.grays.com/lot/0001-21063291/motor-vehicles-motor-cycles/2015-toyota-rav-4-fwd-gx-zsa42r-cvt-wagon,15500.0,15500.0,193,,,Sold,vic,VIC,lot
2026-03-02T11:09:08.608835,https://www.grays.com/lot/0001-21063285/motor-vehicles-motor-cycles/2013-mercedes-benz-e350-automatic-sedan,,,161,,,Referred,vic,VIC,lot
2026-03-02T11:09:52.674529,https://www.grays.com/lot/0001-21063292/motor-vehicles-motor-cycles/2015-ford-territory-tx-sz-ii-turbo-diesel-automatic-wagon,2850.0,2850.0,38,,,Sold,vic,VIC,lot
2026-03-02T11:09:57.737575,https://www.grays.com/lot/0001-21063286/motor-vehicles-motor-cycles/1988-bmw-7-series-e32-automatic-sedan,2500.0,2500.0,36,,,Sold,vic,VIC,lot
2026-03-02T11:10:31.987346,https://www.grays.com/lot/0001-21063293/motor-vehicles-motor-cycles/2014-mercedes-s400-import-automatic-sedan,20700.0,20700.0,173,,,Sold,vic,VIC,lot
2026-03-02T11:10:32.395246,https://www.grays.com/lot/0001-21063288/motor-vehicles-motor-cycles/2014-mercedes-benz-a45-a45-amg-w176-automatic-hatchback,13500.0,13500.0,140,,,Sold,vic,VIC,lot
2026-03-02T11:11:16.353037,https://www.grays.com/lot/0001-21063294/motor-vehicles-motor-cycles/2004-ford-courier-gl-4x2-ph-manual-cab-chassis,2209.0,2209.0,29,,,Sold,vic,VIC,lot
2026-03-02T11:11:52.586807,https://www.grays.com/lot/0001-21063296/motor-vehicles-motor-cycles/2004-mini-cooper-automatic-hatchback,509.0,509.0,6,,,Sold,vic,VIC,lot
2026-03-02T11:12:01.396181,https://www.grays.com/lot/0001-21063290/motor-vehicles-motor-cycles/2013-audi-a4-2-0-tfsi-quattro-b8-automatic-sedan,5700.0,5700.0,62,,,Sold,vic,VIC,lot
2026-03-02T11:12:27.828063,https://www.grays.com/lot/0001-21063297/motor-vehicles-motor-cycles/2005-ford-falcon-xt-ba-ii-automatic-sedan,809.0,809.0,11,,,Sold,vic,VIC,lot
2026-03-02T11:12:29.890870,https://www.grays.com/lot/0001-21063291/motor-vehicles-motor-cycles/2015-toyota-rav-4-fwd-gx-zsa42r-cvt-wagon,15500.0,15500.0,193,,,Sold,vic,VIC,lot
2026-03-02T11:13:08.019265,https://www.grays.com/lot/0001-21063298/motor-vehicles-motor-cycles/2016-hyundai-accent-active-rb-manual-hatchback,3609.0,3609.0,46,,,Sold,vic,VIC,lot
2026-03-02T11:13:09.616548,https://www.grays.com/lot/0001-21063292/motor-vehicles-motor-cycles/2015-ford-territory-tx-sz-ii-turbo-diesel-automatic-wagon,2850.0,2850.0,38,,,Sold,vic,VIC,lot
2026-03-02T11:13:48.132258,https://www.grays.com/lot/0001-21063299/motor-vehicles-motor-cycles/2014-ford-fiesta-ambiente-wz-automatic-hatchback,809.0,809.0,12,,,Sold,vic,VIC,lot
2026-03-02T11:13:50.040693,https://www.grays.com/lot/0001-21063293/motor-vehicles-motor-cycles/2014-mercedes-s400-import-automatic-sedan,20700.0,20700.0,173,,,Sold,vic,VIC,lot
2026-03-02T11:14:36.427935,https://www.grays.com/lot/0001-21063300/motor-vehicles-motor-cycles/2017-suzuki-swift-gl-az-manual-hatchback,4501.0,4501.0,57,,,Sold,vic,VIC,lot
2026-03-02T11:14:38.931993,https://www.grays.com/lot/0001-21063294/motor-vehicles-motor-cycles/2004-ford-courier-gl-4x2-ph-manual-cab-chassis,2209.0,2209.0,29,,,Sold,vic,VIC,lot
2026-03-02T11:15:20.575269,https://www.grays.com/lot/0001-21063296/motor-vehicles-motor-cycles/2004-mini-cooper-automatic-hatchback,509.0,509.0,6,,,Sold,vic,VIC,lot
2026-03-02T11:15:23.153980,https://www.grays.com/lot/0001-21063302/motor-vehicles-motor-cycles/2007-toyota-landcruiser-prado-gxl-kdj120r-turbo-diesel-auto-8-seats-wagon,8100.0,8100.0,82,,,Sold,vic,VIC,lot
2026-03-02T11:16:07.718331,https://www.grays.com/lot/0001-21063303/motor-vehicles-motor-cycles/2005-subaru-outback-2-5i-safety-pack-b4a-automatic-wagon,2100.0,2100.0,23,,,Sold,vic,VIC,lot
2026-03-02T11:16:52.567926,https://www.grays.com/lot/0001-21063298/motor-vehicles-motor-cycles/2016-hyundai-accent-active-rb-manual-hatchback,3609.0,3609.0,46,,,Sold,vic,VIC,lot
2026-03-02T11:16:54.126406,https://www.grays.com/lot/0001-21063304/motor-vehicles-motor-cycles/2014-volkswagen-golf-90tsi-a7-automatic-hatchback,3209.0,3209.0,45,,,Sold,vic,VIC,lot
2026-03-02T11:17:32.856732,https://www.grays.com/lot/0001-21063299/motor-vehicles-motor-cycles/2014-ford-fiesta-ambiente-wz-automatic-hatchback,809.0,809.0,12,,,Sold,vic,VIC,lot
2026-03-02T11:17:35.557775,https://www.grays.com/lot/0001-21063307/motor-vehicles-motor-cycles/2011-toyota-yaris-yr-ncp90r-automatic-hatchback,6900.0,6900.0,77,,,Sold,vic,VIC,lot
2026-03-02T11:18:14.698240,https://www.grays.com/lot/0001-21063300/motor-vehicles-motor-cycles/2017-suzuki-swift-gl-az-manual-hatchback,4501.0,4501.0,57,,,Sold,vic,VIC,lot
2026-03-02T11:18:16.196152,https://www.grays.com/lot/0001-21063313/motor-vehicles-motor-cycles/2022-mitsubishi-pajero-sport-glx-4wd-qf-t-d-auto-8-speed-ex-gov,12000.0,12000.0,60,7d 21h 41m43s,189.695,Active,vic,VIC,lot
2026-03-02T11:19:00.446150,https://www.grays.com/lot/0001-21063302/motor-vehicles-motor-cycles/2007-toyota-landcruiser-prado-gxl-kdj120r-turbo-diesel-auto-8-seats-wagon,8100.0,8100.0,82,,,Sold,vic,VIC,lot
2026-03-02T11:19:01.829457,https://www.grays.com/lot/0001-21063314/motor-vehicles-motor-cycles/2021-subaru-forester-2-5i-l-s5-cvt-wagon-ex-gov,9100.0,9100.0,41,7d 21h 40m57s,189.683,Active,vic,VIC,lot
2026-03-02T11:19:43.620433,https://www.grays.com/lot/0001-21063315/motor-vehicles-motor-cycles/2011-bmw-x5-xdrive-30d-e70-lci-turbo-diesel-automatic-8-speed-wagon,1209.0,1209.0,12,,,Sold,vic,VIC,lot
2026-03-02T11:19:45.098463,https://www.grays.com/lot/0001-21063303/motor-vehicles-motor-cycles/2005-subaru-outback-2-5i-safety-pack-b4a-automatic-wagon,2100.0,2100.0,23,,,Sold,vic,VIC,lot
2026-03-02T11:20:33.032507,https://www.grays.com/lot/0001-21063316/motor-vehicles-motor-cycles/2017-subaru-impreza-2-0i-premium-g5-cvt-hatchback,,,119,,,Referred,vic,VIC,lot
2026-03-02T11:20:33.268094,https://www.grays.com/lot/0001-21063304/motor-vehicles-motor-cycles/2014-volkswagen-golf-90tsi-a7-automatic-hatchback,3209.0,3209.0,45,,,Sold,vic,VIC,lot
2026-03-02T11:21:29.472311,https://www.grays.com/lot/0001-21063324/motor-vehicles-motor-cycles/2017-subaru-xv-2-0i-s-g4x-cvt-hatchback,6500.0,6500.0,86,,,Sold,vic,VIC,lot
2026-03-02T11:22:10.670366,https://www.grays.com/lot/0001-21063325/motor-vehicles-motor-cycles/2012-opel-astra-select-pj-automatic-hatchback,4355.0,4355.0,71,,,Sold,vic,VIC,lot
2026-03-02T11:22:10.888140,https://www.grays.com/lot/0001-21063313/motor-vehicles-motor-cycles/2022-mitsubishi-pajero-sport-glx-4wd-qf-t-d-auto-8-speed-ex-gov,12000.0,12000.0,60,7d 21h 37m49s,189.63,Active,vic,VIC,lot
2026-03-02T11:22:53.995293,https://www.grays.com/lot/0001-21063314/motor-vehicles-motor-cycles/2021-subaru-forester-2-5i-l-s5-cvt-wagon-ex-gov,9100.0,9100.0,41,7d 21h 37m5s,189.618,Active,vic,VIC,lot
2026-03-02T11:22:57.933127,https://www.grays.com/lot/0001-21063328/motor-vehicles-motor-cycles/2007-mini-cooper-s-r56-automatic-hatchback,4700.0,4700.0,69,,,Sold,vic,VIC,lot
2026-03-02T11:23:34.431629,https://www.grays.com/lot/0001-21063315/motor-vehicles-motor-cycles/2011-bmw-x5-xdrive-30d-e70-lci-turbo-diesel-automatic-8-speed-wagon,1209.0,1209.0,12,,,Sold,vic,VIC,lot
2026-03-02T11:23:48.565620,https://www.grays.com/lot/0001-21063329/motor-vehicles-motor-cycles/2014-mazda-3-touring-bm-manual-sedan,2609.0,2609.0,37,,,Sold,vic,VIC,lot
2026-03-02T11:24:12.446784,https://www.grays.com/lot/0001-21063316/motor-vehicles-motor-cycles/2017-subaru-impreza-2-0i-premium-g5-cvt-hatchback,,,119,,,Referred,vic,VIC,lot
2026-03-02T11:24:42.703193,https://www.grays.com/lot/0001-21063330/motor-vehicles-motor-cycles/2010-volvo-xc60-d5-turbo-diesel-automatic-wagon,2309.0,2309.0,37,,,Sold,vic,VIC,lot
2026-03-02T11:25:02.050892,https://www.grays.com/lot/0001-21063324/motor-vehicles-motor-cycles/2017-subaru-xv-2-0i-s-g4x-cvt-hatchback,6500.0,6500.0,86,,,Sold,vic,VIC,lot
2026-03-02T11:25:23.699726,https://www.grays.com/lot/0001-21063332/motor-vehicles-motor-cycles/2020-hyundai-iload-tq-ii-turbo-diesel-automatic-van-ex-gov,5900.0,5900.0,37,7d 21h 34m36s,189.577,Active,vic,VIC,lot
2026-03-02T11:25:33.571051,https://www.grays.com/lot/0001-21063325/motor-vehicles-motor-cycles/2012-opel-astra-select-pj-automatic-hatchback,4355.0,4355.0,71,,,Sold,vic,VIC,lot
2026-03-02T11:25:52.070682,https://www.grays.com/lot/0001-21063328/motor-vehicles-motor-cycles/2007-mini-cooper-s-r56-automatic-hatchback,4700.0,4700.0,69,,,Sold,vic,VIC,lot
2026-03-02T11:26:20.405285,https://www.grays.com/lot/0001-21063333/motor-vehicles-motor-cycles/2020-ford-ranger-xl-4x4-px-iii-t-d-auto-cab-chassis-ex-gov,6200.0,6200.0,46,7d 21h 33m40s,189.561,Active,vic,VIC,lot
2026-03-02T11:27:03.712561,https://www.grays.com/lot/0001-21063335/motor-vehicles-motor-cycles/2001-honda-cr-v-sport-rd-manual-wagon,1809.0,1809.0,24,,,Sold,vic,VIC,lot
2026-03-02T11:27:27.583824,https://www.grays.com/lot/0001-21063330/motor-vehicles-motor-cycles/2010-volvo-xc60-d5-turbo-diesel-automatic-wagon,2309.0,2309.0,37,,,Sold,vic,VIC,lot
2026-03-02T11:27:31.463712,https://www.grays.com/lot/0001-21063337/motor-vehicles-motor-cycles/2008-ford-mondeo-tdci-ma-turbo-diesel-automatic-hatchback,709.0,709.0,8,,,Sold,vic,VIC,lot
2026-03-02T11:28:07.814416,https://www.grays.com/lot/0001-21063338/motor-vehicles-motor-cycles/2015-toyota-landcruiser-prado-gx-gdj150r-turbo-diesel-automatic-wagon,19800.0,19800.0,114,,,Sold,vic,VIC,lot
2026-03-02T11:28:11.520201,https://www.grays.com/lot/0001-21063332/motor-vehicles-motor-cycles/2020-hyundai-iload-tq-ii-turbo-diesel-automatic-van-ex-gov,5900.0,5900.0,37,7d 21h 31m48s,189.53,Active,vic,VIC,lot
2026-03-02T11:29:02.595041,https://www.grays.com/lot/0001-21063333/motor-vehicles-motor-cycles/2020-ford-ranger-xl-4x4-px-iii-t-d-auto-cab-chassis-ex-gov,6200.0,6200.0,46,7d 21h 30m58s,189.516,Active,vic,VIC,lot
2026-03-02T11:29:03.929075,https://www.grays.com/lot/0001-21063340/motor-vehicles-motor-cycles/2015-ford-territory-ts-sz-ii-turbo-diesel-automatic-7-seats-wagon,9100.0,9100.0,108,,,Sold,vic,VIC,lot
2026-03-02T11:29:50.448942,https://www.grays.com/lot/0001-21063335/motor-vehicles-motor-cycles/2001-honda-cr-v-sport-rd-manual-wagon,1809.0,1809.0,24,,,Sold,vic,VIC,lot
2026-03-02T11:29:50.708244,https://www.grays.com/lot/0001-21063341/motor-vehicles-motor-cycles/2014-mercedes-benz-m-class-ml63-amg-w166-automatic-wagon,25100.0,25100.0,211,,,Sold,vic,VIC,lot
2026-03-02T11:30:31.628986,https://www.grays.com/lot/0001-21063337/motor-vehicles-motor-cycles/2008-ford-mondeo-tdci-ma-turbo-diesel-automatic-hatchback,709.0,709.0,8,,,Sold,vic,VIC,lot
2026-03-02T11:30:32.265206,https://www.grays.com/lot/0001-21063342/motor-vehicles-motor-cycles/2013-mazda-cx-9-classic-fwd-automatic-7-seats-wagon,,,39,,,Referred,vic,VIC,lot
2026-03-02T11:30:52.723136,https://www.grays.com/lot/0001-21063343/motor-vehicles-motor-cycles/2012-audi-a4-2-0-tfsi-quattro-b8-manual-sedan,,,80,,,Referred,vic,VIC,lot
2026-03-02T11:31:14.486110,https://www.grays.com/lot/0001-21063338/motor-vehicles-motor-cycles/2015-toyota-landcruiser-prado-gx-gdj150r-turbo-diesel-automatic-wagon,19800.0,19800.0,114,,,Sold,vic,VIC,lot
2026-03-02T11:31:25.527394,https://www.grays.com/lot/0001-21063345/motor-vehicles-motor-cycles/2015-bmw-x5-sdrive-25d-f15-turbo-diesel-automatic-8-speed-wagon,,,117,,,Referred,vic,VIC,lot
2026-03-02T11:32:03.783231,https://www.grays.com/lot/0001-21063346/motor-vehicles-motor-cycles/2010-audi-a5-3-0-tdi-quattro-8t-turbo-diesel-automatic-hatchback,,,71,,,Referred,vic,VIC,lot
2026-03-02T11:32:25.253940,https://www.grays.com/lot/0001-21063347/motor-vehicles-motor-cycles/2017-toyota-camry-altise-hybrid-avv50r-cvt-sedan,,,145,,,Referred,vic,VIC,lot
2026-03-02T11:32:48.808733,https://www.grays.com/lot/0001-21063348/motor-vehicles-motor-cycles/2016-subaru-wrx-premium-v1-cvt-sedan,,,117,,,Referred,vic,VIC,lot
2026-03-02T11:33:10.188461,https://www.grays.com/lot/0001-21063350/motor-vehicles-motor-cycles/2023-volkswagen-tiguan-110tsi-life-5na-automatic-wagon,,,110,,,Referred,vic,VIC,lot
2026-03-02T11:33:31.719300,https://www.grays.com/lot/0001-21063351/motor-vehicles-motor-cycles/2023-honda-hr-v-vi-x-rv-cvt-wagon,,,61,,,Referred,vic,VIC,lot
2026-03-02T11:33:55.855810,https://www.grays.com/lot/0001-21063352/motor-vehicles-motor-cycles/2013-holden-colorado-4x2-ltz-rg-turbo-diesel-automatic-dual-cab,,,82,,,Referred,vic,VIC,lot
2026-03-02T11:34:24.277154,https://www.grays.com/lot/0001-21063353/motor-vehicles-motor-cycles/2006-toyota-landcruiser-prado-gxl-grj120r-automatic-8-seats-wagon,,,33,,,Referred,vic,VIC,lot
2026-03-02T11:34:57.429410,https://www.grays.com/lot/0001-21063354/motor-vehicles-motor-cycles/2007-volkswagen-golf-gt-sport-tdi-a5-turbo-diesel-automatic-hatchback,3500.0,3500.0,48,,,Sold,vic,VIC,lot
2026-03-02T11:35:28.241646,https://www.grays.com/lot/0001-21063355/motor-vehicles-motor-cycles/2006-subaru-impreza-2-0i-g2-manual-sedan,409.0,409.0,5,21h 24m31s,21.409,Active,vic,VIC,lot
2026-03-02T11:36:00.455530,https://www.grays.com/lot/0001-21063356/motor-vehicles-motor-cycles/2012-mitsubishi-lancer-lx-cj-cvt-sedan,2700.0,2700.0,29,21h 23m59s,21.4,Active,vic,VIC,lot
2026-03-02T11:36:27.819099,https://www.grays.com/lot/0001-21063358/motor-vehicles-motor-cycles/2010-kia-cerato-si-td-manual-hatchback,309.0,309.0,4,,,Sold,vic,VIC,lot
2026-03-02T11:36:59.568441,https://www.grays.com/lot/0001-21063359/motor-vehicles-motor-cycles/2019-mitsubishi-triton-4x4-glx-mr-t-d-auto-dual-cab-ex-gov,10100.0,10100.0,65,2d 21h 23m1s,69.384,Active,vic,VIC,lot
2026-03-02T11:37:26.285959,https://www.grays.com/lot/0001-21063360/motor-vehicles-motor-cycles/2021-ford-ranger-xl-4x4-px-iii-t-d-auto-dual-cab-ex-gov,17200.0,17200.0,319,2d 21h 22m34s,69.376,Active,vic,VIC,lot
2026-03-02T11:37:54.241221,https://www.grays.com/lot/0001-21063361/motor-vehicles-motor-cycles/2018-holden-commodore-liftback-lt-zb-turbo-diesel-auto-8-speed-hatchback,4550.0,4550.0,55,,,Sold,vic,VIC,lot
2026-03-02T11:38:19.015031,https://www.grays.com/lot/0001-21063362/motor-vehicles-motor-cycles/2006-subaru-impreza-2-0i-g2-automatic-hatchback,3009.0,3009.0,48,,,Sold,vic,VIC,lot
2026-03-02T11:38:41.537068,https://www.grays.com/lot/0001-21063363/motor-vehicles-motor-cycles/2014-nissan-pathfinder-st-l-hybrid-r52-cvt-7-seats-wagon,10650.0,10650.0,163,,,Sold,vic,VIC,lot
2026-03-02T11:39:11.076949,https://www.grays.com/lot/0001-21063365/motor-vehicles-motor-cycles/2015-ford-ranger-xl-4x2-hi-rider-px-turbo-diesel-automatic-crew-cab-chassis,5350.0,5350.0,63,,,Sold,vic,VIC,lot
2026-03-02T11:39:38.241218,https://www.grays.com/lot/0001-21063366/motor-vehicles-motor-cycles/2010-suzuki-swift-ez-automatic-hatchback,2609.0,2609.0,32,,,Sold,vic,VIC,lot
2026-03-02T11:40:09.025209,https://www.grays.com/lot/0001-21063367/motor-vehicles-motor-cycles/2010-volkswagen-golf-gti-a6-automatic-hatchback,3009.0,3009.0,42,,,Sold,vic,VIC,lot
2026-03-02T11:40:38.930367,https://www.grays.com/lot/0001-21063368/motor-vehicles-motor-cycles/2016-nissan-pathfinder-st-l-r52-cvt-7-seats-wagon,9300.0,9300.0,118,,,Sold,vic,VIC,lot
2026-03-02T11:41:09.304523,https://www.grays.com/lot/0001-21063369/motor-vehicles-motor-cycles/2007-volkswagen-passat-2-0-tfsi-3c-automatic-wagon,1803.0,1803.0,18,,,Sold,vic,VIC,lot
2026-03-02T11:41:40.496082,https://www.grays.com/lot/0001-21063371/motor-vehicles-motor-cycles/2016-mitsubishi-pajero-sport-gls-qe-t-diesel-auto-8-speed-7-seats-wagon,16400.0,16400.0,184,,,Sold,vic,VIC,lot
2026-03-02T11:42:11.914887,https://www.grays.com/lot/0001-21063372/motor-vehicles-motor-cycles/2010-mitsubishi-outlander-ls-2wd-zh-manual-wagon,1009.0,1009.0,16,,,Sold,vic,VIC,lot
2026-03-02T11:42:38.080261,https://www.grays.com/lot/0001-21063373/motor-vehicles-motor-cycles/2012-jeep-grand-cherokee-laredo-wk-turbo-diesel-automatic-wagon,2609.0,2609.0,33,,,Sold,vic,VIC,lot
2026-03-02T11:43:03.175450,https://www.grays.com/lot/0001-21063375/motor-vehicles-motor-cycles/2013-jeep-compass-limited-automatic-wagon,3109.0,3109.0,48,,,Sold,vic,VIC,lot
2026-03-02T11:43:33.450966,https://www.grays.com/lot/0001-21063376/motor-vehicles-motor-cycles/2015-volkswagen-golf-alltrack-132tsi-a7-automatic-wagon,4989.0,4989.0,56,,,Sold,vic,VIC,lot
2026-03-02T11:44:02.480808,https://www.grays.com/lot/0001-21063377/motor-vehicles-motor-cycles/2008-mazda-cx-9-luxury-automatic-7-seats-wagon,1409.0,1409.0,17,,,Sold,vic,VIC,lot
2026-03-02T11:44:28.233782,https://www.grays.com/lot/0001-21063378/motor-vehicles-motor-cycles/2012-holden-cruze-cdx-jh-automatic-sedan,819.0,819.0,9,,,Sold,vic,VIC,lot
2026-03-02T11:44:56.632025,https://www.grays.com/lot/0001-21063379/motor-vehicles-motor-cycles/2013-toyota-camry-atara-s-asv50r-automatic-sedan,8150.0,8150.0,86,,,Sold,vic,VIC,lot
2026-03-02T11:45:26.430833,https://www.grays.com/lot/0001-21063380/motor-vehicles-motor-cycles/2012-mercedes-benz-c-class-c200-cdi-s204-turbo-diesel-automatic-wagon,7600.0,7600.0,89,,,Sold,vic,VIC,lot
2026-03-02T11:45:55.888442,https://www.grays.com/lot/0001-21063381/motor-vehicles-motor-cycles/2013-ford-kuga-awd-trend-tf-turbo-diesel-automatic-wagon,2409.0,2409.0,24,,,Sold,vic,VIC,lot
2026-03-02T11:46:18.625667,https://www.grays.com/lot/0001-21063382/motor-vehicles-motor-cycles/2010-mazda-3-diesel-bl-turbo-diesel-manual-sedan,3100.0,3100.0,42,,,Sold,vic,VIC,lot
2026-03-02T11:46:50.187516,https://www.grays.com/lot/0001-21063383/motor-vehicles-motor-cycles/2009-kia-rio-lx-jb-automatic-hatchback,1809.0,1809.0,23,,,Sold,vic,VIC,lot
2026-03-02T11:47:20.093266,https://www.grays.com/lot/0001-21063384/motor-vehicles-motor-cycles/2015-mercedes-benz-e-class-e250-w212-automatic-sedan,12609.0,12609.0,136,,,Sold,vic,VIC,lot
2026-03-02T11:47:49.584160,https://www.grays.com/lot/0001-21063386/motor-vehicles-motor-cycles/2005-citroen-c4-2-0-exclusive-automatic-hatchback,1100.0,1100.0,8,,,Sold,vic,VIC,lot
2026-03-02T11:48:12.337236,https://www.grays.com/lot/0001-21063387/motor-vehicles-motor-cycles/2011-volkswagen-amarok-tdi340-2h-turbo-diesel-manual-dual-cab,2150.0,2150.0,25,,,Sold,vic,VIC,lot
2026-03-02T11:48:33.493857,https://www.grays.com/lot/0001-21063388/motor-vehicles-motor-cycles/2005-mercedes-benz-ml320cdi-w164-turbo-diesel-automatic-wagon,2409.0,2409.0,26,,,Sold,vic,VIC,lot
2026-03-02T11:48:55.677041,https://www.grays.com/lot/0001-21063390/motor-vehicles-motor-cycles/2018-ldv-t60-luxe-turbo-diesel-automatic-dual-cab,6200.0,6200.0,73,,,Sold,vic,VIC,lot
2026-03-02T11:49:21.484968,https://www.grays.com/lot/0001-21063391/motor-vehicles-motor-cycles/2008-mitsubishi-lancer-vrx-cj-manual-sedan,1909.0,1909.0,20,,,Sold,vic,VIC,lot
2026-03-02T11:49:50.096772,https://www.grays.com/lot/0001-21063393/motor-vehicles-motor-cycles/2015-nissan-qashqai-ts-j11-turbo-diesel-cvt-wagon,3100.0,3100.0,53,,,Sold,vic,VIC,lot
2026-03-02T11:50:13.597545,https://www.grays.com/lot/0001-21063394/motor-vehicles-motor-cycles/2014-bmw-3-series-m-sport-320i-f30-automatic-8-speed-sedan,4900.0,4900.0,89,21h 9m46s,21.163,Active,vic,VIC,lot
2026-03-02T11:50:30.908666,https://www.grays.com/lot/0001-21063395/motor-vehicles-motor-cycles/2013-ford-focus-trend-lw-ii-automatic-hatchback,,,9,,,Referred,vic,VIC,lot
2026-03-02T11:50:55.280211,https://www.grays.com/lot/0001-21063396/motor-vehicles-motor-cycles/2009-bmw-3-series-325i-e90-automatic-sedan,969.0,969.0,8,21h 9m4s,21.151,Active,vic,VIC,lot
2026-03-02T11:51:07.078001,https://www.grays.com/lot/0001-21063397/motor-vehicles-motor-cycles/2011-jeep-grand-cherokee-overland-wk-automatic-wagon,,,33,,,Referred,vic,VIC,lot
2026-03-02T11:51:34.480827,https://www.grays.com/lot/0001-21063400/motor-vehicles-motor-cycles/2009-volkswagen-tiguan-147-tsi-5n-automatic-wagon,1709.0,1709.0,27,,,Sold,vic,VIC,lot
2026-03-02T11:51:51.518955,https://www.grays.com/lot/0001-21063401/motor-vehicles-motor-cycles/2010-mini-cooper-r56-lci-automatic-hatchback-rwc-issued-30-01-26,4100.0,4100.0,63,,,Sold,vic,VIC,lot
2026-03-02T11:52:15.561005,https://www.grays.com/lot/0001-21063403/motor-vehicles-motor-cycles/2012-land-rover-range-rover-sport-3-0-sdv6-luxury-turbo-diesel-auto-wagon,6300.0,6300.0,66,,,Sold,vic,VIC,lot
2026-03-02T11:52:39.369059,https://www.grays.com/lot/0001-21063404/motor-vehicles-motor-cycles/2016-mercedes-benz-gle-500-e-gle500-e-4matic-w166-automatic-wagon,,,83,,,Referred,vic,VIC,lot
2026-03-02T11:53:06.783934,https://www.grays.com/lot/0001-21063406/motor-vehicles-motor-cycles/2014-volkswagen-transporter-tdi250-swb-t5-turbo-diesel-manual-van,2800.0,2800.0,47,,,Sold,vic,VIC,lot
2026-03-02T11:53:32.280258,https://www.grays.com/lot/0001-21063407/motor-vehicles-motor-cycles/2014-toyota-hiace-kdh223r-turbo-diesel-automatic-12-seats-bus,20100.0,20100.0,357,,,Sold,vic,VIC,lot
2026-03-02T11:54:00.774849,https://www.grays.com/lot/0001-21063409/motor-vehicles-motor-cycles/2008-holden-captiva-cx-awd-cg-turbo-diesel-automatic-7-seats-wagon,1409.0,1409.0,16,,,Sold,vic,VIC,lot
2026-03-02T11:54:20.890230,https://www.grays.com/lot/0001-21063410/motor-vehicles-motor-cycles/2010-subaru-impreza-r-g3-automatic-hatchback,3000.0,3000.0,37,,,Sold,vic,VIC,lot
2026-03-02T11:54:45.537295,https://www.grays.com/lot/0001-21063411/motor-vehicles-motor-cycles/2011-volkswagen-tiguan-103-tdi-5n-turbo-diesel-automatic-wagon,3699.0,3699.0,56,,,Sold,vic,VIC,lot
2026-03-02T11:55:07.117694,https://www.grays.com/lot/0001-21063412/motor-vehicles-motor-cycles/2011-subaru-impreza-r-g3-manual-hatchback,1309.0,1309.0,20,,,Sold,vic,VIC,lot
2026-03-02T11:55:39.816097,https://www.grays.com/lot/0001-21063413/motor-vehicles-motor-cycles/2010-kia-cerato-s-td-automatic-sedan,1009.0,1009.0,12,,,Sold,vic,VIC,lot
2026-03-02T11:56:09.416926,https://www.grays.com/lot/0001-21063414/motor-vehicles-motor-cycles/2002-holden-berlina-vx-automatic-sedan,2409.0,2409.0,41,,,Sold,vic,VIC,lot
2026-03-02T11:56:39.845186,https://www.grays.com/lot/0001-21063416/motor-vehicles-motor-cycles/2012-opel-corsa-colour-edition-sl-automatic-hatchback,3209.0,3209.0,38,,,Sold,vic,VIC,lot
2026-03-02T11:57:04.800850,https://www.grays.com/lot/0001-21063417/motor-vehicles-motor-cycles/2009-mazda-3-maxx-sport-bl-automatic-hatchback,5600.0,5600.0,48,,,Sold,vic,VIC,lot
2026-03-02T11:57:28.685099,https://www.grays.com/lot/0001-21063419/motor-vehicles-motor-cycles/2013-volkswagen-golf-gti-a7-manual-hatchback,5400.0,5400.0,52,,,Sold,vic,VIC,lot
2026-03-02T11:57:54.945306,https://www.grays.com/lot/0001-21063420/motor-vehicles-motor-cycles/2007-toyota-camry-altise-acv40r-automatic-sedan,4009.0,4009.0,61,,,Sold,vic,VIC,lot
2026-03-02T11:58:16.657264,https://www.grays.com/lot/0001-21063421/motor-vehicles-motor-cycles/2007-holden-berlina-ve-automatic-sedan,1609.0,1609.0,17,,,Sold,vic,VIC,lot
2026-03-02T11:58:40.908403,https://www.grays.com/lot/0001-21063422/motor-vehicles-motor-cycles/2008-honda-jazz-gli-ge-automatic-hatchback,3309.0,3309.0,40,,,Sold,vic,VIC,lot
2026-03-02T11:59:01.216480,https://www.grays.com/lot/0001-21063428/motor-vehicles-motor-cycles/2004-bmw-318i-e46-automatic-sedan,909.0,909.0,12,,,Sold,vic,VIC,lot
2026-03-02T11:59:24.385373,https://www.grays.com/lot/0001-21063429/motor-vehicles-motor-cycles/2014-renault-captur-dynamique-automatic-wagon,809.0,809.0,12,,,Sold,vic,VIC,lot
2026-03-02T11:59:48.403521,https://www.grays.com/lot/0001-21063430/motor-vehicles-motor-cycles/2011-volvo-xc60-t5-automatic-wagon,2209.0,2209.0,32,,,Sold,vic,VIC,lot
2026-03-02T12:00:12.695624,https://www.grays.com/lot/0001-21063432/motor-vehicles-motor-cycles/2007-ford-focus-coupe-cabriolet-lt-automatic-convertible,709.0,709.0,9,,,Sold,vic,VIC,lot
2026-03-02T12:00:40.617359,https://www.grays.com/lot/0001-21063433/motor-vehicles-motor-cycles/2017-hyundai-i30-active-pd-automatic-hatchback,12195.0,12195.0,75,,,Sold,vic,VIC,lot
2026-03-02T12:01:05.964698,https://www.grays.com/lot/0001-21063434/motor-vehicles-motor-cycles/2012-mitsubishi-outlander-ls-2wd-zj-cvt-wagon,5109.0,5109.0,74,,,Sold,vic,VIC,lot
2026-03-02T12:01:12.103316,https://www.grays.com/lot/0001-21063437/motor-vehicles-motor-cycles/2013-mercedes-benz-gl-class-gl350-bluetec-x166-t-d-auto-7-seats-wagon,,,0,,,Referred,vic,VIC,lot
2026-03-02T12:01:36.876223,https://www.grays.com/lot/0001-21063438/motor-vehicles-motor-cycles/2006-toyota-yaris-yr-ncp90r-automatic-hatchback,4009.0,4009.0,54,,,Sold,vic,VIC,lot
2026-03-02T12:02:05.765382,https://www.grays.com/lot/0001-21063439/motor-vehicles-motor-cycles/2016-porsche-cayenne-diesel-92a-turbo-diesel-automatic-8-speed-wagon,17500.0,17500.0,98,21h 12m53s,21.215,Active,vic,VIC,lot
2026-03-02T12:02:30.578326,https://www.grays.com/lot/0001-21063440/motor-vehicles-motor-cycles/2013-mercedes-benz-ml350-bluetec-w166-turbo-diesel-automatic-wagon,5220.0,5220.0,10,21h 12m30s,21.208,Active,vic,VIC,lot
2026-03-02T12:02:53.108608,https://www.grays.com/lot/0001-21063443/motor-vehicles-motor-cycles/2012-mazda-bt-50-4x2-xtr-turbo-diesel-automatic-dual-cab,509.0,509.0,6,1d 21h 2m7s,45.035,Active,vic,VIC,lot
2026-03-02T12:03:17.056125,https://www.grays.com/lot/0001-21063444/motor-vehicles-motor-cycles/2009-porsche-cayenne-diesel-turbo-diesel-automatic-wagon,5310.0,5310.0,46,,,Sold,vic,VIC,lot
2026-03-02T12:03:44.130752,https://www.grays.com/lot/0001-21063445/motor-vehicles-motor-cycles/2011-volkswagen-tiguan-125-tsi-5n-automatic-wagon,4289.0,4289.0,64,,,Sold,vic,VIC,lot
2026-03-02T12:04:10.281494,https://www.grays.com/lot/0001-21063446/motor-vehicles-motor-cycles/2012-toyota-rav-4-cv-2wd-aca38r-automatic-wagon,3600.0,3600.0,37,,,Sold,vic,VIC,lot
2026-03-02T12:04:34.904068,https://www.grays.com/lot/0001-21063447/motor-vehicles-motor-cycles/2012-honda-city-vti-gm-automatic-sedan,3600.0,3600.0,53,,,Sold,vic,VIC,lot
2026-03-02T12:04:56.740415,https://www.grays.com/lot/0001-21063448/motor-vehicles-motor-cycles/2012-ford-territory-tx-sz-automatic-7-seats-wagon,3300.0,3300.0,33,,,Sold,vic,VIC,lot
2026-03-02T12:05:24.973685,https://www.grays.com/lot/0001-21063449/motor-vehicles-motor-cycles/2013-holden-commodore-evoke-evoke-vf-automatic-wagon,4100.0,4100.0,63,,,Sold,vic,VIC,lot
2026-03-02T12:05:48.136325,https://www.grays.com/lot/0001-21063450/motor-vehicles-motor-cycles/2013-volvo-s60-t4-automatic-sedan,6700.0,6700.0,85,,,Sold,vic,VIC,lot
2026-03-02T12:06:10.205731,https://www.grays.com/lot/0001-21063451/motor-vehicles-motor-cycles/2008-mazda-6-luxury-gh-automatic-sedan,1950.0,1950.0,20,,,Sold,vic,VIC,lot
2026-03-02T12:06:33.085014,https://www.grays.com/lot/0001-21063452/motor-vehicles-motor-cycles/2009-subaru-impreza-wrx-g3-manual-sedan,5700.0,5700.0,36,,,Sold,vic,VIC,lot
2026-03-02T12:06:39.411001,https://www.grays.com/lot/0001-21063453/motor-vehicles-motor-cycles/2013-nissan-murano-st-z51-cvt-wagon,,,0,,,Referred,vic,VIC,lot
2026-03-02T12:07:05.482299,https://www.grays.com/lot/0001-21063454/motor-vehicles-motor-cycles/2015-toyota-camry-atara-s-hybrid-avv50r-cvt-sedan,8650.0,8650.0,82,,,Sold,vic,VIC,lot
2026-03-02T12:07:31.735748,https://www.grays.com/lot/0001-21063456/motor-vehicles-motor-cycles/2005-toyota-landcruiser-prado-gxl-kzj120r-turbo-diesel-auto-8-seats-wagon,4500.0,4500.0,49,,,Sold,vic,VIC,lot
2026-03-02T12:07:59.476875,https://www.grays.com/lot/0001-21063457/motor-vehicles-motor-cycles/2010-subaru-forester-x-s3-automatic-wagon,3109.0,3109.0,56,,,Sold,vic,VIC,lot
2026-03-02T12:08:21.647994,https://www.grays.com/lot/0001-21063458/motor-vehicles-motor-cycles/2015-mercedes-benz-a-class-a200-w176-automatic-hatchback,7300.0,7300.0,98,20h 51m38s,20.861,Active,vic,VIC,lot
2026-03-02T12:08:47.401311,https://www.grays.com/lot/0001-21063459/motor-vehicles-motor-cycles/2017-land-rover-range-rover-sport-3-0-tdv6-se-t-diesel-auto-8-speed-wagon,,,296,,,Referred,vic,VIC,lot
2026-03-02T12:09:13.392255,https://www.grays.com/lot/0001-21063460/motor-vehicles-motor-cycles/2016-land-rover-discovery-sport-td4-150-se-turbo-diesel-automatic-wagon,,,75,,,Referred,vic,VIC,lot
2026-03-02T12:09:44.006359,https://www.grays.com/lot/0001-21063461/motor-vehicles-motor-cycles/2012-kia-sorento-platinum-xm-turbo-diesel-automatic-7-seats-wagon,2609.0,2609.0,35,,,Sold,vic,VIC,lot
2026-03-02T12:10:10.549126,https://www.grays.com/lot/0001-21063462/motor-vehicles-motor-cycles/2013-nissan-micra-st-k13-automatic-hatchback,809.0,809.0,9,20h 49m49s,20.83,Active,vic,VIC,lot
2026-03-02T12:10:41.557095,https://www.grays.com/lot/0001-21063464/motor-vehicles-motor-cycles/2013-mitsubishi-pajero-vrx-nw-turbo-diesel-automatic-7-seats-wagon,10099.0,10099.0,100,,,Sold,vic,VIC,lot
2026-03-02T12:11:01.348189,https://www.grays.com/lot/0001-21063466/motor-vehicles-motor-cycles/2005-holden-berlina-vz-automatic-wagon,809.0,809.0,12,,,Sold,vic,VIC,lot
2026-03-02T12:11:24.115637,https://www.grays.com/lot/0001-21063467/motor-vehicles-motor-cycles/2014-peugeot-208-allure-automatic-hatchback,3800.0,3800.0,34,,,Sold,vic,VIC,lot
2026-03-02T12:11:48.816040,https://www.grays.com/lot/0001-21063468/motor-vehicles-motor-cycles/2007-volkswagen-golf-gti-a5-automatic-hatchback,3200.0,3200.0,22,,,Sold,vic,VIC,lot
2026-03-02T12:12:14.384070,https://www.grays.com/lot/0001-21063469/motor-vehicles-motor-cycles/2010-bmw-335i-335i-e90-automatic-sedan,12400.0,12400.0,93,,,Sold,vic,VIC,lot
2026-03-02T12:12:40.983896,https://www.grays.com/lot/0001-21063470/motor-vehicles-motor-cycles/2008-hyundai-tucson-city-elite-automatic-wagon,2309.0,2309.0,26,,,Sold,vic,VIC,lot
2026-03-02T12:13:08.542195,https://www.grays.com/lot/0001-21063471/motor-vehicles-motor-cycles/2013-holden-cruze-cdx-jh-automatic-sedan,1409.0,1409.0,15,,,Sold,vic,VIC,lot
2026-03-02T12:13:34.750532,https://www.grays.com/lot/0001-21063472/motor-vehicles-motor-cycles/2012-mazda-bt-50-4x4-gt-turbo-diesel-manual-dual-cab,6600.0,6600.0,78,,,Sold,vic,VIC,lot
2026-03-02T12:13:59.097738,https://www.grays.com/lot/0001-21063473/motor-vehicles-motor-cycles/2014-nissan-x-trail-st-fwd-t32-manual-wagon,1809.0,1809.0,28,,,Sold,vic,VIC,lot
2026-03-02T12:14:27.080572,https://www.grays.com/lot/0001-21063475/motor-vehicles-motor-cycles/2011-suzuki-swift-gl-fz-manual-hatchback,3201.0,3201.0,48,,,Sold,vic,VIC,lot
2026-03-02T12:14:56.366922,https://www.grays.com/lot/0001-21063476/motor-vehicles-motor-cycles/2015-volkswagen-golf-r-a7-manual-hatchback,12009.0,12009.0,24,,,Sold,vic,VIC,lot
2026-03-02T12:15:11.877403,https://www.grays.com/lot/0001-21063477/motor-vehicles-motor-cycles/2016-volkswagen-golf-92tsi-comfortline-a7-automatic-hatchback,7405.0,7405.0,59,,,Sold,vic,VIC,lot
2026-03-02T12:15:42.305327,https://www.grays.com/lot/0001-21063479/motor-vehicles-motor-cycles/2008-mitsubishi-triton-4x2-glx-ml-turbo-diesel-manual-cab-chassis,,,53,,,Referred,vic,VIC,lot
2026-03-02T12:15:59.561878,https://www.grays.com/lot/0001-21063481/motor-vehicles-motor-cycles/2018-toyota-kluger-4x4-gxl-gsu55r-automatic-8-speed-wagon,24400.0,24400.0,151,,,Sold,vic,VIC,lot
2026-03-02T12:16:05.937880,https://www.grays.com/lot/0001-21063482/motor-vehicles-motor-cycles/2021-toyota-landcruiser-prado-gx-gdj150r-turbo-diesel-automatic-wagon,,,0,,,Referred,vic,VIC,lot
2026-03-02T12:16:32.970671,https://www.grays.com/lot/0001-21063483/motor-vehicles-motor-cycles/2007-audi-tt-3-2-v6-quattro-8j-automatic-coupe,4100.0,4100.0,54,,,Sold,vic,VIC,lot
2026-03-02T12:16:59.459976,https://www.grays.com/lot/0001-21063485/motor-vehicles-motor-cycles/2014-ford-focus-trend-lw-ii-turbo-diesel-automatic-hatchback,309.0,309.0,5,20h 43m1s,20.717,Active,vic,VIC,lot
2026-03-02T12:17:24.683414,https://www.grays.com/lot/0001-21063486/motor-vehicles-motor-cycles/2018-peugeot-5008-gt-line-automatic-7-seats-wagon,16400.0,16400.0,144,,,Sold,vic,VIC,lot
2026-03-02T12:17:52.103904,https://www.grays.com/lot/0001-21063487/motor-vehicles-motor-cycles/2019-land-rover-discovery-sd4-se-series-5-t-d-auto-8-speed-7-seats-wagon,25500.0,25500.0,206,,,Sold,vic,VIC,lot
2026-03-02T12:18:16.018482,https://www.grays.com/lot/0001-21063488/motor-vehicles-motor-cycles/2015-holden-cruze-sri-jh-automatic-sedan,5000.0,5000.0,60,,,Sold,vic,VIC,lot
2026-03-02T12:18:42.023016,https://www.grays.com/lot/0001-21063489/motor-vehicles-motor-cycles/2014-jeep-cherokee-longitude-4x4-kl-9-auto-wagon,5300.0,5300.0,46,,,Sold,vic,VIC,lot
2026-03-02T12:19:09.329106,https://www.grays.com/lot/0001-21063490/motor-vehicles-motor-cycles/2008-mazda-cx-7-luxury-automatic-wagon,1709.0,1709.0,18,,,Sold,vic,VIC,lot
2026-03-02T12:19:35.943162,https://www.grays.com/lot/0001-21063491/motor-vehicles-motor-cycles/2012-land-rover-range-rover-evoque-sd4-prestige-turbo-diesel-manual-wagon,1100.0,1100.0,14,20h 40m23s,20.673,Active,vic,VIC,lot
2026-03-02T12:19:59.017728,https://www.grays.com/lot/0001-21063492/motor-vehicles-motor-cycles/2007-mazda-3-sp23-luxury-pack-bk-automatic-sedan,409.0,409.0,5,20h 40m0s,20.667,Active,vic,VIC,lot
2026-03-02T12:20:19.687882,https://www.grays.com/lot/0001-21063493/motor-vehicles-motor-cycles/2018-holden-equinox-ls-2wd-eq-turbo-diesel-automatic-wagon,1309.0,1309.0,9,20h 39m40s,20.661,Active,vic,VIC,lot
2026-03-02T12:20:44.604243,https://www.grays.com/lot/0001-21063494/motor-vehicles-motor-cycles/2011-volkswagen-tiguan-147-tsi-5n-automatic-wagon,109.0,109.0,2,20h 39m15s,20.654,Active,vic,VIC,lot
2026-03-02T12:21:06.702081,https://www.grays.com/lot/0001-21063495/motor-vehicles-motor-cycles/2013-mitsubishi-lancer-es-cj-cvt-sedan,809.0,809.0,9,20h 38m53s,20.648,Active,vic,VIC,lot
2026-03-02T12:21:37.264733,https://www.grays.com/lot/0001-21063496/motor-vehicles-motor-cycles/2010-land-rover-range-rover-sport-3-0-tdv6-luxury-automatic-wagon,2745.0,2745.0,43,20h 38m23s,20.64,Active,vic,VIC,lot
2026-03-02T12:22:03.717644,https://www.grays.com/lot/0001-21063497/motor-vehicles-motor-cycles/2022-nissan-x-trail-st-l-2wd-t33-cvt-wagon,13100.0,13100.0,93,20h 37m56s,20.632,Active,vic,VIC,lot
2026-03-02T12:22:09.749746,https://www.grays.com/lot/0001-21063498/motor-vehicles-motor-cycles/2006-mazda-tribute-3-0-v6-luxury-pack-automatic-wagon,,,0,,,Referred,vic,VIC,lot
2026-03-02T12:22:33.588043,https://www.grays.com/lot/0001-21063499/motor-vehicles-motor-cycles/2007-holden-captiva-lx-awd-cg-automatic-7-seats-wagon,9.0,9.0,0,20h 37m27s,20.624,Active,vic,VIC,lot
2026-03-02T12:22:56.738973,https://www.grays.com/lot/0001-21063500/motor-vehicles-motor-cycles/2000-holden-calais-vx-automatic-sedan,609.0,609.0,11,20h 37m3s,20.617,Active,vic,VIC,lot
2026-03-02T12:23:21.603353,https://www.grays.com/lot/0001-21063501/motor-vehicles-motor-cycles/2009-ford-mondeo-zetec-mb-turbo-diesel-automatic-hatchback,209.0,209.0,3,20h 36m39s,20.611,Active,vic,VIC,lot
2026-03-02T12:23:45.272844,https://www.grays.com/lot/0001-21063502/motor-vehicles-motor-cycles/2007-toyota-corolla-ascent-zre152r-automatic-sedan,209.0,209.0,3,20h 36m15s,20.604,Active,vic,VIC,lot
2026-03-02T12:24:10.810449,https://www.grays.com/lot/0001-21063503/motor-vehicles-motor-cycles/2013-bmw-520i-m-sports-f10-lci-automatic-8-speed-sedan,5599.0,5599.0,45,1d 20h 35m48s,44.597,Active,vic,VIC,lot
2026-03-02T12:24:41.915487,https://www.grays.com/lot/0001-21063504/motor-vehicles-motor-cycles/2020-ford-ranger-xlt-4x4-px-iii-turbo-diesel-automatic-dual-cab,13200.0,13200.0,152,20h 35m17s,20.588,Active,vic,VIC,lot
2026-03-02T12:25:07.317411,https://www.grays.com/lot/0001-21063505/motor-vehicles-motor-cycles/2010-mitsubishi-triton-4x2-gl-r-mn-turbo-diesel-manual-dual-cab,1710.0,1710.0,30,20h 34m52s,20.581,Active,vic,VIC,lot
2026-03-02T12:25:29.307360,https://www.grays.com/lot/0001-21063506/motor-vehicles-motor-cycles/2011-toyota-corolla-ascent-zre152r-automatic-hatchback,2033.0,2033.0,23,20h 34m29s,20.575,Active,vic,VIC,lot
2026-03-02T12:25:51.181312,https://www.grays.com/lot/0001-21063507/motor-vehicles-motor-cycles/2003-volkswagen-golf-2-0-generation-a4-manual-hatchback,309.0,309.0,4,20h 34m8s,20.569,Active,vic,VIC,lot
2026-03-02T12:26:12.948314,https://www.grays.com/lot/0001-21063508/motor-vehicles-motor-cycles/2006-subaru-impreza-2-0i-g2-automatic-sedan,109.0,109.0,2,20h 33m46s,20.563,Active,vic,VIC,lot
2026-03-02T12:26:43.604427,https://www.grays.com/lot/0001-21063509/motor-vehicles-motor-cycles/2012-holden-cruze-cd-jh-automatic-sedan,209.0,209.0,3,20h 33m16s,20.554,Active,vic,VIC,lot
2026-03-02T12:27:07.718446,https://www.grays.com/lot/0001-21063510/motor-vehicles-motor-cycles/2012-skoda-octavia-90tsi-1z-manual-sedan,9.0,9.0,0,20h 32m52s,20.548,Active,vic,VIC,lot
2026-03-02T12:27:35.853063,https://www.grays.com/lot/0001-21063511/motor-vehicles-motor-cycles/2010-bmw-3-series-320i-exec-e90-automatic-sedan,1309.0,1309.0,24,1d 20h 32m24s,44.54,Active,vic,VIC,lot
2026-03-02T12:28:00.186449,https://www.grays.com/lot/0001-21063512/motor-vehicles-motor-cycles/2013-hyundai-ix35-se-fwd-lm-automatic-wagon,4409.0,4409.0,81,20h 31m59s,20.533,Active,vic,VIC,lot
2026-03-02T12:28:28.819497,https://www.grays.com/lot/0001-21063513/motor-vehicles-motor-cycles/2012-toyota-yaris-yrx-ncp131r-automatic-hatchback,5600.0,5600.0,77,20h 36m31s,20.609,Active,vic,VIC,lot
2026-03-02T12:28:53.337362,https://www.grays.com/lot/0001-21063514/motor-vehicles-motor-cycles/2003-toyota-camry-altise-sport-mcv36r-automatic-sedan,609.0,609.0,7,20h 31m7s,20.519,Active,vic,VIC,lot
2026-03-02T12:29:23.860317,https://www.grays.com/lot/0001-21063516/motor-vehicles-motor-cycles/2010-mitsubishi-triton-4x2-gl-r-mn-turbo-diesel-automatic-dual-cab,109.0,109.0,3,20h 30m35s,20.51,Active,vic,VIC,lot
2026-03-02T12:29:48.516697,https://www.grays.com/lot/0001-21063518/motor-vehicles-motor-cycles/2005-holden-rodeo-lx-v6-crew-cab-ra-automatic-dual-cab,9.0,9.0,1,20h 30m12s,20.503,Active,vic,VIC,lot
2026-03-02T12:30:10.440578,https://www.grays.com/lot/0001-21063521/motor-vehicles-motor-cycles/2011-holden-cruze-cdx-jh-automatic-sedan,9.0,9.0,1,20h 29m50s,20.497,Active,vic,VIC,lot
2026-03-02T12:30:38.481807,https://www.grays.com/lot/0001-21063523/motor-vehicles-motor-cycles/2012-mercedes-benz-ml250-bluetec-w166-turbo-diesel-automatic-wagon,3809.0,3809.0,49,20h 29m21s,20.489,Active,vic,VIC,lot
2026-03-02T12:31:01.735055,https://www.grays.com/lot/0001-21063524/motor-vehicles-motor-cycles/2005-hyundai-getz-s-tb-manual-hatchback,909.0,909.0,10,,,Sold,vic,VIC,lot
2026-03-02T12:31:25.580193,https://www.grays.com/lot/0001-21063525/motor-vehicles-motor-cycles/2015-audi-q3-1-4-tfsi-cod-8u-automatic-wagon,7100.0,7100.0,45,,,Sold,vic,VIC,lot
2026-03-02T12:31:49.293378,https://www.grays.com/lot/0001-21063526/motor-vehicles-motor-cycles/2008-nissan-navara-st-x-4x2-d40-automatic-dual-cab,1009.0,1009.0,11,20h 28m11s,20.47,Active,vic,VIC,lot
2026-03-02T12:32:08.927799,https://www.grays.com/lot/0001-21063527/motor-vehicles-motor-cycles/2008-peugeot-308-xse-hdi-turbo-diesel-automatic-hatchback,709.0,709.0,8,20h 27m50s,20.464,Active,vic,VIC,lot
2026-03-02T12:32:35.147308,https://www.grays.com/lot/0001-21063528/motor-vehicles-motor-cycles/2008-volkswagen-tiguan-103-tdi-5n-turbo-diesel-manual-wagon,9.0,9.0,0,20h 27m24s,20.457,Active,vic,VIC,lot
2026-03-02T12:33:04.820743,https://www.grays.com/lot/0001-21063529/motor-vehicles-motor-cycles/2015-mitsubishi-triton-4x4-glx-mn-turbo-diesel-automatic-dual-cab,3009.0,3009.0,55,20h 26m55s,20.449,Active,vic,VIC,lot
2026-03-02T12:33:28.733324,https://www.grays.com/lot/0001-21063531/motor-vehicles-motor-cycles/2015-jeep-grand-cherokee-laredo-4x4-wk-turbo-diesel-auto-8-speed-wagon,7600.0,7600.0,29,20h 26m32s,20.442,Active,vic,VIC,lot
2026-03-02T12:33:51.797549,https://www.grays.com/lot/0001-21063532/motor-vehicles-motor-cycles/2014-mazda-3-maxx-bm-automatic-sedan,1009.0,1009.0,11,20h 26m7s,20.435,Active,vic,VIC,lot
2026-03-02T12:34:21.255961,https://www.grays.com/lot/0001-21063533/motor-vehicles-motor-cycles/2011-suzuki-swift-gl-fz-automatic-hatchback,909.0,909.0,19,20h 25m39s,20.428,Active,vic,VIC,lot
2026-03-02T12:34:47.648302,https://www.grays.com/lot/0001-21063534/motor-vehicles-motor-cycles/2006-audi-a6-2-0-tfsi-c6-cvt-sedan,609.0,609.0,13,20h 25m11s,20.42,Active,vic,VIC,lot
2026-03-02T12:35:13.529394,https://www.grays.com/lot/0001-21063536/motor-vehicles-motor-cycles/2013-hyundai-veloster-sr-turbo-fs-automatic-coupe,3500.0,3500.0,58,20h 24m47s,20.413,Active,vic,VIC,lot
2026-03-02T12:35:37.867505,https://www.grays.com/lot/0001-21063537/motor-vehicles-motor-cycles/2013-toyota-yaris-yr-ncp130r-automatic-hatchback,4700.0,4700.0,40,20h 24m22s,20.406,Active,vic,VIC,lot
2026-03-02T12:36:07.307265,https://www.grays.com/lot/0001-21063539/motor-vehicles-motor-cycles/2016-land-rover-discovery-sport-td4-180-hse-t-d-9-auto-7-seats-wagon,3109.0,3109.0,31,20h 23m52s,20.398,Active,vic,VIC,lot
2026-03-02T12:36:34.647427,https://www.grays.com/lot/0001-21063541/motor-vehicles-motor-cycles/2016-holden-trax-ls-tj-automatic-wagon,409.0,409.0,5,20h 23m24s,20.39,Active,vic,VIC,lot
2026-03-02T12:36:49.570936,https://www.grays.com/lot/0001-21063542/motor-vehicles-motor-cycles/2011-volkswagen-golf-bluemotion-a6-turbo-diesel-manual-hatchback,509.0,509.0,8,20h 23m11s,20.386,Active,vic,VIC,lot
2026-03-02T12:37:18.072026,https://www.grays.com/lot/0001-21063543/motor-vehicles-motor-cycles/2008-volvo-xc90-d5-turbo-diesel-automatic-7-seats-wagon,9.0,9.0,1,20h 22m42s,20.378,Active,vic,VIC,lot
2026-03-02T12:37:47.661351,https://www.grays.com/lot/0001-21063544/motor-vehicles-motor-cycles/2011-volvo-xc60-d5-r-design-turbo-diesel-automatic-wagon,2800.0,2800.0,41,20h 22m12s,20.37,Active,vic,VIC,lot
2026-03-02T12:38:11.499888,https://www.grays.com/lot/0001-21063545/motor-vehicles-motor-cycles/2021-mitsubishi-outlander-es-2wd-zm-cvt-wagon,,,140,,,Referred,vic,VIC,lot
2026-03-02T12:38:40.507383,https://www.grays.com/lot/0001-21063546/motor-vehicles-motor-cycles/2021-mitsubishi-outlander-es-awd-zl-cvt-7-seats-wagon,,,242,,,Referred,vic,VIC,lot
2026-03-02T12:39:00.548820,https://www.grays.com/lot/0001-21063547/motor-vehicles-motor-cycles/2022-mazda-cx-5-touring-kf-automatic-wagon,23600.0,23600.0,247,,,Sold,vic,VIC,lot
2026-03-02T12:39:29.097830,https://www.grays.com/lot/0001-21063548/motor-vehicles-motor-cycles/2020-subaru-outback-2-5i-premium-b6a-cvt-wagon,16000.0,16000.0,191,,,Sold,vic,VIC,lot
2026-03-02T12:39:54.230719,https://www.grays.com/lot/0001-21063549/motor-vehicles-motor-cycles/2020-mazda-cx-5-maxx-kf-automatic-wagon,16800.0,16800.0,158,,,Sold,vic,VIC,lot
2026-03-02T12:40:14.972794,https://www.grays.com/lot/0001-21063550/motor-vehicles-motor-cycles/2005-honda-jazz-gli-gd-cvt-hatchback,109.0,109.0,2,1d 20h 19m44s,44.329,Active,vic,VIC,lot
2026-03-02T12:40:39.310472,https://www.grays.com/lot/0001-21063551/motor-vehicles-motor-cycles/2005-volkswagen-golf-2-0-tdi-comfortline-a5-turbo-diesel-at-hatchback,9.0,9.0,1,20h 19m20s,20.322,Active,vic,VIC,lot
2026-03-02T12:41:01.776465,https://www.grays.com/lot/0001-21063552/motor-vehicles-motor-cycles/2009-volkswagen-tiguan-125-tsi-5n-manual-wagon,9.0,9.0,1,2d 20h 18m57s,68.316,Active,vic,VIC,lot
2026-03-02T12:41:26.362041,https://www.grays.com/lot/0001-21063553/motor-vehicles-motor-cycles/2015-ldv-v80-swb-low-roof-turbo-diesel-manual-van,1609.0,1609.0,30,20h 18m34s,20.309,Active,vic,VIC,lot
2026-03-02T12:41:46.705537,https://www.grays.com/lot/0001-21063554/motor-vehicles-motor-cycles/2001-bmw-320i-automatic-sedan,309.0,309.0,4,20h 18m12s,20.303,Active,vic,VIC,lot
2026-03-02T12:42:09.877967,https://www.grays.com/lot/0001-21063555/motor-vehicles-motor-cycles/2005-volkswagen-golf-2-0-fsi-comfortline-a5-automatic-hatchback,609.0,609.0,11,20h 17m50s,20.297,Active,vic,VIC,lot
2026-03-02T12:42:24.430527,https://www.grays.com/lot/0001-21063556/motor-vehicles-motor-cycles/2007-bmw-335i-e93-automatic-convertible,3200.0,3200.0,19,20h 17m35s,20.293,Active,vic,VIC,lot
2026-03-02T12:42:48.532917,https://www.grays.com/lot/0001-21063557/motor-vehicles-motor-cycles/2011-toyota-landcruiser-prado-gxl-grj150r-automatic-7-seats-wagon,8600.0,8600.0,100,20h 17m10s,20.286,Active,vic,VIC,lot
2026-03-02T12:43:11.219330,https://www.grays.com/lot/0001-21063558/motor-vehicles-motor-cycles/2013-hyundai-santa-fe-highlander-dm-turbo-diesel-automatic-7-seats-wagon,1050.0,1050.0,19,1d 20h 16m49s,44.28,Active,vic,VIC,lot
2026-03-02T12:43:42.179147,https://www.grays.com/lot/0001-21063560/motor-vehicles-motor-cycles/2014-subaru-liberty-2-5i-b5-cvt-wagon,409.0,409.0,5,20h 16m17s,20.271,Active,vic,VIC,lot
2026-03-02T12:44:07.433769,https://www.grays.com/lot/0001-21063561/motor-vehicles-motor-cycles/2007-mazda-cx-7-luxury-automatic-wagon,109.0,109.0,2,1d 20h 15m52s,44.264,Active,vic,VIC,lot
2026-03-02T12:44:33.818602,https://www.grays.com/lot/0001-21063563/motor-vehicles-motor-cycles/2011-land-rover-discovery-4-3-0-sdv6-hse-series-4-t-d-auto-7-seats-wagon,2350.0,2350.0,21,20h 15m25s,20.257,Active,vic,VIC,lot
2026-03-02T12:45:01.788561,https://www.grays.com/lot/0001-21063564/motor-vehicles-motor-cycles/2013-fiat-500-lounge-automatic-hatchback,709.0,709.0,10,1d 20h 14m58s,44.249,Active,vic,VIC,lot
2026-03-02T12:45:18.525319,https://www.grays.com/lot/0001-21063565/motor-vehicles-motor-cycles/2019-bmw-3-series-330i-g20-automatic-8-speed-sedan,18000.0,18000.0,83,20h 29m42s,20.495,Active,vic,VIC,lot
2026-03-02T12:45:45.316494,https://www.grays.com/lot/0001-21063566/motor-vehicles-motor-cycles/2011-volkswagen-passat-125tdi-highline-3c-turbo-diesel-automatic-wagon,9.0,9.0,1,1d 20h 14m15s,44.238,Active,vic,VIC,lot
2026-03-02T12:46:10.158947,https://www.grays.com/lot/0001-21063567/motor-vehicles-motor-cycles/2008-mercedes-benz-c63-amg-w204-automatic-sedan,11700.0,11700.0,48,20h 18m49s,20.314,Active,vic,VIC,lot
2026-03-02T12:46:37.020813,https://www.grays.com/lot/0001-21063568/motor-vehicles-motor-cycles/2008-land-rover-discovery-3-se-series-3-automatic-7-seats-wagon,309.0,309.0,4,20h 13m23s,20.223,Active,vic,VIC,lot
2026-03-02T12:46:51.894849,https://www.grays.com/lot/0001-21063570/motor-vehicles-motor-cycles/2019-toyota-camry-ascent-hybrid-axvh71r-cvt-sedan,16800.0,16800.0,197,20h 13m7s,20.219,Active,vic,VIC,lot
2026-03-02T12:47:16.286977,https://www.grays.com/lot/0001-21063571/motor-vehicles-motor-cycles/2010-holden-captiva-cx-awd-cg-turbo-diesel-automatic-7-seats-wagon,9.0,9.0,2,1d 20h 12m43s,44.212,Active,vic,VIC,lot
2026-03-02T12:47:41.640777,https://www.grays.com/lot/0001-21063572/motor-vehicles-motor-cycles/2014-jeep-grand-cherokee-limited-wk-turbo-diesel-automatic-8-speed-wagon,809.0,809.0,13,1d 20h 12m17s,44.205,Active,vic,VIC,lot
2026-03-02T12:48:11.891505,https://www.grays.com/lot/0001-21063573/motor-vehicles-motor-cycles/2010-volkswagen-golf-gti-a6-manual-hatchback,3400.0,3400.0,30,1d 20h 11m48s,44.197,Active,vic,VIC,lot
2026-03-02T12:48:37.967088,https://www.grays.com/lot/0001-21063574/motor-vehicles-motor-cycles/2017-holden-trax-lt-tj-automatic-wagon,709.0,709.0,8,1d 20h 11m21s,44.189,Active,vic,VIC,lot
2026-03-02T12:49:03.765661,https://www.grays.com/lot/0001-21063575/motor-vehicles-motor-cycles/2016-citroen-berlingo-l1-short-body-manual-van,2401.0,2401.0,20,1d 20h 10m56s,44.182,Active,vic,VIC,lot
2026-03-02T12:49:34.643114,https://www.grays.com/lot/0001-21063576/motor-vehicles-motor-cycles/2018-kia-sportage-si-4wd-ql-turbo-diesel-automatic-wagon,2309.0,2309.0,36,1d 20h 10m25s,44.174,Active,vic,VIC,lot
2026-03-02T12:50:00.681630,https://www.grays.com/lot/0001-21063578/motor-vehicles-motor-cycles/2015-ford-kuga-ambiente-fwd-tf-ii-automatic-wagon,1109.0,1109.0,12,20h 9m59s,20.166,Active,vic,VIC,lot
2026-03-02T12:50:23.481172,https://www.grays.com/lot/0001-21063582/motor-vehicles-motor-cycles/2015-citroen-grand-c4-picasso-exclusive-turbo-diesel-automatic-7-seat-wagon,309.0,309.0,4,1d 20h 9m37s,44.16,Active,vic,VIC,lot
2026-03-02T12:50:51.371427,https://www.grays.com/lot/0001-21063583/motor-vehicles-motor-cycles/2009-toyota-corolla-conquest-zre152r-manual-hatchback,309.0,309.0,4,20h 9m9s,20.152,Active,vic,VIC,lot
2026-03-02T12:51:15.192555,https://www.grays.com/lot/0001-21063584/motor-vehicles-motor-cycles/2013-ford-mondeo-lx-mc-turbo-diesel-automatic-hatchback,9.0,9.0,1,20h 8m43s,20.145,Active,vic,VIC,lot
2026-03-02T12:51:45.679993,https://www.grays.com/lot/0001-21063585/motor-vehicles-motor-cycles/2011-toyota-landcruiser-gxl-uzj200r-automatic-8-seats-wagon,16300.0,16300.0,55,1d 20h 8m14s,44.137,Active,vic,VIC,lot
2026-03-02T12:52:09.689035,https://www.grays.com/lot/0001-21063586/motor-vehicles-motor-cycles/2006-land-rover-range-rover-sport-tdv6-turbo-diesel-automatic-wagon,309.0,309.0,4,1d 20h 7m50s,44.131,Active,vic,VIC,lot
2026-03-02T12:52:36.150938,https://www.grays.com/lot/0001-21063588/motor-vehicles-motor-cycles/2016-mitsubishi-triton-4x4-exceed-mq-turbo-diesel-automatic-dual-cab,5400.0,5400.0,25,1d 20h 7m24s,44.123,Active,vic,VIC,lot
2026-03-02T12:53:01.304769,https://www.grays.com/lot/0001-21063589/motor-vehicles-motor-cycles/2015-jeep-cherokee-limited-4x4-kl-9-auto-wagon,209.0,209.0,3,20h 6m58s,20.116,Active,vic,VIC,lot
2026-03-02T12:53:12.695265,https://www.grays.com/lot/0001-21063590/motor-vehicles-motor-cycles/2009-bmw-118i-18i-e87-automatic-hatchback,9.0,9.0,1,20h 6m46s,20.113,Active,vic,VIC,lot
2026-03-02T12:53:40.637399,https://www.grays.com/lot/0001-21063591/motor-vehicles-motor-cycles/2017-toyota-camry-altise-asv50r-automatic-sedan,2700.0,2700.0,40,1d 20h 6m19s,44.105,Active,vic,VIC,lot
2026-03-02T12:54:06.016313,https://www.grays.com/lot/0001-21063603/motor-vehicles-motor-cycles/2009-mercedes-benz-clc-200k-cl203-automatic-coupe,209.0,209.0,5,1d 20h 5m54s,44.098,Active,vic,VIC,lot
2026-03-02T12:54:32.026760,https://www.grays.com/lot/0001-21063604/motor-vehicles-motor-cycles/2016-ford-ranger-xlt-4x4-px-ii-turbo-diesel-automatic-dual-cab,6101.0,6101.0,69,1d 20h 5m27s,44.091,Active,vic,VIC,lot
2026-03-02T12:54:56.700036,https://www.grays.com/lot/0001-21063605/motor-vehicles-motor-cycles/2011-bmw-1-series-120i-e82-lci-automatic-coupe,509.0,509.0,6,1d 20h 5m3s,44.084,Active,vic,VIC,lot
2026-03-02T12:55:20.680911,https://www.grays.com/lot/0001-21063606/motor-vehicles-motor-cycles/2008-peugeot-308-xse-turbo-touring-automatic-7-seats-wagon,109.0,109.0,2,1d 20h 4m39s,44.078,Active,vic,VIC,lot
2026-03-02T12:55:48.903211,https://www.grays.com/lot/0001-21063607/motor-vehicles-motor-cycles/2013-volkswagen-golf-90tsi-comfortline-a7-automatic-hatchback,909.0,909.0,10,1d 20h 4m11s,44.07,Active,vic,VIC,lot
2026-03-02T12:56:20.171942,https://www.grays.com/lot/0001-21063608/motor-vehicles-motor-cycles/2014-toyota-corolla-sx-zre172r-cvt-sedan,1709.0,1709.0,21,1d 20h 3m40s,44.061,Active,vic,VIC,lot
2026-03-02T12:56:45.770447,https://www.grays.com/lot/0001-21063609/motor-vehicles-motor-cycles/2011-holden-calais-ve-automatic-sedan,1900.0,1900.0,19,1d 20h 3m14s,44.054,Active,vic,VIC,lot
2026-03-02T12:57:15.102694,https://www.grays.com/lot/0001-21063612/motor-vehicles-motor-cycles/2016-holden-trax-ltz-tj-automatic-wagon,209.0,209.0,3,1d 20h 2m45s,44.046,Active,vic,VIC,lot
2026-03-02T12:57:44.108598,https://www.grays.com/lot/0001-21063613/motor-vehicles-motor-cycles/2016-land-rover-discovery-sport-td4-hse-turbo-diesel-9-auto-7-seats-wagon,2400.0,2400.0,21,1d 20h 2m15s,44.038,Active,vic,VIC,lot
2026-03-02T12:58:15.259781,https://www.grays.com/lot/0001-21063615/motor-vehicles-motor-cycles/2013-nissan-navara-4x4-st-d40-turbo-diesel-automatic-dual-cab,1209.0,1209.0,20,1d 20h 1m44s,44.029,Active,vic,VIC,lot
2026-03-02T12:58:41.320588,https://www.grays.com/lot/0001-21063616/motor-vehicles-motor-cycles/2016-toyota-hilux-4x2-sr-hi-rider-gun136r-turbo-diesel-automatic-dual-cab,5600.0,5600.0,59,2d 20h 1m18s,68.022,Active,vic,VIC,lot
2026-03-02T12:59:08.165226,https://www.grays.com/lot/0001-21063617/motor-vehicles-motor-cycles/2010-land-rover-discovery-3-0-sdv6-se-series-4-td-at-7-seats-wagon,809.0,809.0,14,1d 20h 0m51s,44.014,Active,vic,VIC,lot
2026-03-02T12:59:29.947748,https://www.grays.com/lot/0001-21063618/motor-vehicles-motor-cycles/2010-volkswagen-passat-cc-125tdi-3cc-turbo-diesel-automatic-coupe,700.0,700.0,6,1d 20h 0m29s,44.008,Active,vic,VIC,lot
2026-03-02T13:00:00.061250,https://www.grays.com/lot/0001-21063619/motor-vehicles-motor-cycles/2018-mazda-cx-5-touring-kf-turbo-diesel-automatic-wagon,6400.0,6400.0,74,1d 19h 59m59s,44.0,Active,vic,VIC,lot
2026-03-02T13:00:30.986301,https://www.grays.com/lot/0001-21063620/motor-vehicles-motor-cycles/2018-volvo-xc60-d5-r-design-turbo-diesel-automatic-8-speed-wagon,7200.0,7200.0,38,1d 19h 59m28s,43.991,Active,vic,VIC,lot
2026-03-02T13:01:00.093204,https://www.grays.com/lot/0001-21063621/motor-vehicles-motor-cycles/2012-holden-captiva-7-sx-2wd-cg-ii-automatic-7-seats-wagon,309.0,309.0,4,1d 19h 58m59s,43.983,Active,vic,VIC,lot
2026-03-02T13:01:26.536794,https://www.grays.com/lot/0001-21063622/motor-vehicles-motor-cycles/2020-hyundai-tucson-active-x-tl-automatic-wagon,5200.0,5200.0,51,1d 19h 58m33s,43.976,Active,vic,VIC,lot
2026-03-02T13:01:52.483848,https://www.grays.com/lot/0001-21063638/motor-vehicles-motor-cycles/2009-mazda-cx-9-luxury-automatic-7-seats-wagon,509.0,509.0,10,1d 19h 58m6s,43.968,Active,vic,VIC,lot
2026-03-02T13:02:24.084143,https://www.grays.com/lot/0001-21063640/motor-vehicles-motor-cycles/2014-hyundai-ix35-se-fwd-lm-automatic-wagon,1300.0,1300.0,4,1d 19h 57m35s,43.96,Active,vic,VIC,lot
2026-03-02T13:02:30.449028,https://www.grays.com/lot/0001-50082482/motor-vehicles-motor-cycles/2021-mitsubishi-pajero-sport-gls-qf-auto-4x4-my21,,,175,,,Referred,"springwood, queensland, 4127",4127,lot
2026-03-02T13:03:02.426022,https://www.grays.com/lot/0001-50517809/motor-vehicles-motor-cycles/2019-hyundai-kona-electric-highlander-os-direct-drive-wagon,,,130,,,Referred,qld,QLD,lot
2026-03-02T13:03:27.394788,https://www.grays.com/lot/0001-50517810/motor-vehicles-motor-cycles/2013-subaru-impreza-2-0i-g4-cvt-sedan,,,24,,,Referred,qld,QLD,lot
2026-03-02T13:03:41.076293,https://www.grays.com/lot/0001-50517812/motor-vehicles-motor-cycles/2013-ford-mondeo-lx-fwd-automatic-6-speed-sedan,2600.0,2600.0,35,,,Sold,qld,QLD,lot
2026-03-02T13:03:55.753358,https://www.grays.com/lot/0001-50517813/motor-vehicles-motor-cycles/2010-suzuki-kizashi-xl-fr-cvt-sedan,,,21,,,Referred,qld,QLD,lot
2026-03-02T13:04:20.188362,https://www.grays.com/lot/0001-50517814/motor-vehicles-motor-cycles/2017-nissan-leaf-import-automatic-sedan-hatch,6500.0,6500.0,42,,,Sold,qld,QLD,lot
2026-03-02T13:04:45.994292,https://www.grays.com/lot/0001-50517815/motor-vehicles-motor-cycles/2016-mercedes-benz-c-class-c250-w205-automatic-sedan,13400.0,13400.0,104,,,Sold,qld,QLD,lot
2026-03-02T13:05:16.899021,https://www.grays.com/lot/0001-50517816/motor-vehicles-motor-cycles/2016-audi-a4-2-0-tfsi-sport-b9-automatic-sedan,,,136,,,Referred,qld,QLD,lot
2026-03-02T13:05:43.091576,https://www.grays.com/lot/0001-50517817/motor-vehicles-motor-cycles/2016-jaguar-xf-25t-r-sport-automatic-8-speed-sedan,,,125,,,Referred,qld,QLD,lot
2026-03-02T13:06:11.873544,https://www.grays.com/lot/0001-50517819/motor-vehicles-motor-cycles/2016-holden-commodore-sv6-vf-automatic-sedan,,,91,,,Referred,qld,QLD,lot
2026-03-02T13:06:26.981149,https://www.grays.com/lot/0001-50517820/motor-vehicles-motor-cycles/2010-suzuki-kizashi-xl-fr-cvt-sedan,609.0,609.0,13,,,Sold,qld,QLD,lot
2026-03-02T13:06:57.347740,https://www.grays.com/lot/0001-50517821/motor-vehicles-motor-cycles/2014-ford-ranger-xl-4x2-hi-rider-px-turbo-diesel-manual-cab-chassis,1400.0,1400.0,15,20h 8m2s,20.134,Active,qld,QLD,lot
2026-03-02T13:07:24.405136,https://www.grays.com/lot/0001-50517823/motor-vehicles-motor-cycles/2015-nissan-pathfinder-st-r52-cvt-7-seats-wagon,,,20,,,Referred,qld,QLD,lot
2026-03-02T13:07:34.191976,https://www.grays.com/lot/0001-50517824/motor-vehicles-motor-cycles/2002-mitsubishi-triton-4x2-gl-mk-manual-cab-chassis,,,15,,,Referred,qld,QLD,lot
2026-03-02T13:07:55.800626,https://www.grays.com/lot/0001-50517825/motor-vehicles-motor-cycles/2017-ford-ranger-wildtrak-4x4-px-ii-turbo-diesel-automatic-dual-cab,,,110,,,Referred,qld,QLD,lot
2026-03-02T13:08:19.014239,https://www.grays.com/lot/0001-50517830/motor-vehicles-motor-cycles/2016-holden-commodore-sv6-vf-automatic-sedan,9300.0,9300.0,89,1d 20h 51m41s,44.861,Active,qld,QLD,lot
2026-03-02T13:08:41.500032,https://www.grays.com/lot/0001-50517831/motor-vehicles-motor-cycles/2016-audi-a4-2-0-tfsi-sport-b9-automatic-sedan,3100.0,3100.0,15,1d 20h 51m18s,44.855,Active,qld,QLD,lot
2026-03-02T13:08:51.039284,https://www.grays.com/lot/0001-50517832/motor-vehicles-motor-cycles/2015-mazda-bt-50-4x2-xt-turbo-diesel-automatic-cab-chassis,709.0,709.0,10,20h 6m9s,20.103,Active,qld,QLD,lot
2026-03-02T13:09:03.159664,https://www.grays.com/lot/0001-50517833/motor-vehicles-motor-cycles/2016-jaguar-xf-25t-r-sport-automatic-8-speed-sedan,3200.0,3200.0,27,1d 20h 50m56s,44.849,Active,qld,QLD,lot
2026-03-02T13:09:22.025824,https://www.grays.com/lot/0001-5062299/motor-vehicles-motor-cycles/2019-mercedes-benz-sprinter-314-cdi-lwb-h-roof-turbo-diesel-automatic-van,16600.0,16600.0,299,,,Sold,nsw,NSW,lot
2026-03-02T13:09:48.271757,https://www.grays.com/lot/0001-50714566/motor-vehicles-motor-cycles/1985-mercedes-190-e-automatic-sedan-import,1410.0,1410.0,20,,,Sold,qld,QLD,lot
2026-03-02T13:10:00.233484,https://www.grays.com/lot/0001-50714576/motor-vehicles-motor-cycles/2011-land-rover-range-rover-sport-3-0-tdv6-luxury-turbo-diesel-auto-wagon,,,79,,,Referred,qld,QLD,lot
2026-03-02T13:10:20.562478,https://www.grays.com/lot/0001-50714585/motor-vehicles-motor-cycles/2011-jeep-cherokee-limited-kk-automatic-wagon,,,63,,,Referred,qld,QLD,lot
2026-03-02T13:10:42.381807,https://www.grays.com/lot/0001-50714586/motor-vehicles-motor-cycles/2011-kia-sorento-platinum-xm-turbo-diesel-automatic-7-seats-wagon,1309.0,1309.0,14,,,Sold,qld,QLD,lot
2026-03-02T13:10:52.293483,https://www.grays.com/lot/0001-50714587/motor-vehicles-motor-cycles/2016-mazda-cx-5-grand-touring-ke-turbo-diesel-automatic-wagon,5450.0,5450.0,47,,,Sold,qld,QLD,lot
2026-03-02T13:11:01.660750,https://www.grays.com/lot/0001-50714588/motor-vehicles-motor-cycles/2013-toyota-hilux-4x2-workmate-tgn16r-automatic-cab-chassis,5409.0,5409.0,97,,,Sold,qld,QLD,lot
2026-03-02T13:11:26.981317,https://www.grays.com/lot/0001-50714589/motor-vehicles-motor-cycles/2016-bmw-x4-xdrive-20d-f26-turbo-diesel-automatic-8-speed-coupe,,,119,,,Referred,qld,QLD,lot
2026-03-02T13:11:49.008197,https://www.grays.com/lot/0001-50714590/motor-vehicles-motor-cycles/2015-renault-megane-gt-line-premium-turbo-diesel-automatic-wagon,3000.0,3000.0,19,,,Sold,qld,QLD,lot
2026-03-02T13:12:13.920534,https://www.grays.com/lot/0001-50714591/motor-vehicles-motor-cycles/2010-subaru-forester-x-s3-automatic-wagon,,,5,,,Referred,qld,QLD,lot
2026-03-02T13:12:36.666277,https://www.grays.com/lot/0001-50714592/motor-vehicles-motor-cycles/2015-mazda-cx-5-maxx-sport-ke-turbo-diesel-automatic-wagon,4500.0,4500.0,56,,,Sold,qld,QLD,lot
2026-03-02T13:12:59.581556,https://www.grays.com/lot/0001-50714596/motor-vehicles-motor-cycles/2005-toyota-hilux-sr5-4x4-kun26r-turbo-diesel-manual-dual-cab,,,113,,,Referred,qld,QLD,lot
2026-03-02T13:13:20.712628,https://www.grays.com/lot/0001-50714597/motor-vehicles-motor-cycles/2013-mercedes-benz-cla-45-cla45-amg-awd-c117-7-auto-coupe,22500.0,22500.0,225,,,Sold,qld,QLD,lot
2026-03-02T13:13:31.973037,https://www.grays.com/lot/0001-50714598/motor-vehicles-motor-cycles/2018-renault-megane-rs-280-fwd-automatic-6-speed-hatchback,13810.0,13810.0,106,,,Sold,qld,QLD,lot
2026-03-02T13:13:53.550734,https://www.grays.com/lot/0001-50714600/motor-vehicles-motor-cycles/2008-toyota-crown-automatic-sedan,10100.0,10100.0,107,,,Sold,qld,QLD,lot
2026-03-02T13:14:14.562226,https://www.grays.com/lot/0001-50714601/motor-vehicles-motor-cycles/2018-toyota-corolla-ascent-zre172r-cvt-sedan,,,130,,,Referred,qld,QLD,lot
2026-03-02T13:14:36.011317,https://www.grays.com/lot/0001-50714602/motor-vehicles-motor-cycles/2016-bmw-330i-m-sport-f30-lci-automatic-8-speed-sedan,15000.0,15000.0,97,19h 15m24s,19.257,Active,qld,QLD,lot
2026-03-02T13:14:55.938847,https://www.grays.com/lot/0001-50714603/motor-vehicles-motor-cycles/2015-jeep-grand-cherokee-laredo-4x4-wk-automatic-8-speed-wagon,5833.0,5833.0,74,,,Sold,qld,QLD,lot
2026-03-02T13:15:16.818932,https://www.grays.com/lot/0001-50714604/motor-vehicles-motor-cycles/2003-toyota-rav-4-cv-aca22r-automatic-wagon,3800.0,3800.0,39,,,Sold,qld,QLD,lot
2026-03-02T13:15:26.755332,https://www.grays.com/lot/0001-50714605/motor-vehicles-motor-cycles/2008-toyota-hilux-sr5-4x4-kun26r-turbo-diesel-automatic-dual-cab,5400.0,5400.0,86,,,Sold,qld,QLD,lot
2026-03-02T13:15:41.327041,https://www.grays.com/lot/0001-50714606/motor-vehicles-motor-cycles/2005-toyota-hilux-workmate-4x2-manual-cab-chassis,3800.0,3800.0,24,,,Sold,qld,QLD,lot
2026-03-02T13:15:50.720507,https://www.grays.com/lot/0001-50714607/motor-vehicles-motor-cycles/2010-toyota-hilux-4x2-workmate-tgn16r-manual-cab-chassis,,,39,,,Referred,qld,QLD,lot
2026-03-02T13:16:14.676998,https://www.grays.com/lot/0001-50714608/motor-vehicles-motor-cycles/2005-bmw-5-series-530i-e60-automatic-sedan,,,48,,,Referred,qld,QLD,lot
2026-03-02T13:16:35.468507,https://www.grays.com/lot/0001-50714609/motor-vehicles-motor-cycles/2015-citroen-berlingo-l2-long-body-b9c-turbo-diesel-automatic-van,4609.0,4609.0,74,,,Sold,qld,QLD,lot
2026-03-02T13:16:56.871517,https://www.grays.com/lot/0001-50714611/motor-vehicles-motor-cycles/2013-holden-cruze-sri-v-jh-manual-hatchback,,,10,,,Referred,qld,QLD,lot
2026-03-02T13:17:19.541962,https://www.grays.com/lot/0001-50714612/motor-vehicles-motor-cycles/2016-nissan-navara-4x2-st-x-np300-turbo-diesel-automatic-dual-cab,,,46,,,Referred,qld,QLD,lot
2026-03-02T13:17:41.477784,https://www.grays.com/lot/0001-50714613/motor-vehicles-motor-cycles/2011-audi-a1-1-4-tfsi-ambition-8x-automatic-hatchback,1000.0,1000.0,17,,,Sold,qld,QLD,lot
2026-03-02T13:18:03.016068,https://www.grays.com/lot/0001-50714614/motor-vehicles-motor-cycles/2010-hyundai-ix35-elite-awd-lm-turbo-diesel-automatic-wagon,1509.0,1509.0,20,,,Sold,qld,QLD,lot
2026-03-02T13:18:13.625203,https://www.grays.com/lot/0001-50714615/motor-vehicles-motor-cycles/2007-mercedes-benz-a170-classic-w169-cvt-hatchback,720.0,720.0,10,,,Sold,qld,QLD,lot
2026-03-02T13:18:37.623788,https://www.grays.com/lot/0001-50714616/motor-vehicles-motor-cycles/2019-holden-acadia-ltz-v-awd-9-auto-7-seats-wagon,11400.0,11400.0,73,,,Sold,qld,QLD,lot
2026-03-02T13:18:59.860425,https://www.grays.com/lot/0001-50714617/motor-vehicles-motor-cycles/2020-ford-ranger-raptor-4x4-px-iii-turbo-diesel-10-auto-dual-cab,,,73,,,Referred,qld,QLD,lot
2026-03-02T13:19:21.476935,https://www.grays.com/lot/0001-50714619/motor-vehicles-motor-cycles/2017-holden-astra-ls-sportwagon-bk-automatic-wagon,,,13,,,Referred,qld,QLD,lot
2026-03-02T13:19:43.558503,https://www.grays.com/lot/0001-50714620/motor-vehicles-motor-cycles/2018-holden-equinox-ls-2wd-eq-automatic-wagon,,,19,,,Referred,qld,QLD,lot
2026-03-02T13:19:53.738048,https://www.grays.com/lot/0001-50714621/motor-vehicles-motor-cycles/2019-toyota-camry-ascent-sport-hybrid-axvh71r-cvt-sedan,,,69,,,Referred,qld,QLD,lot
2026-03-02T13:20:14.452772,https://www.grays.com/lot/0001-50714623/motor-vehicles-motor-cycles/2013-subaru-xv-2-0i-g4x-cvt-hatchback,,,28,,,Referred,qld,QLD,lot
2026-03-02T13:20:36.501567,https://www.grays.com/lot/0001-50714626/motor-vehicles-motor-cycles/2012-kia-rio-s-ub-manual-hatchback,,,13,,,Referred,qld,QLD,lot
2026-03-02T13:20:59.449797,https://www.grays.com/lot/0001-50714627/motor-vehicles-motor-cycles/2012-nissan-navara-4x4-st-d40-turbo-diesel-automatic-dual-cab,,,59,,,Referred,qld,QLD,lot
2026-03-02T13:21:23.366853,https://www.grays.com/lot/0001-50714628/motor-vehicles-motor-cycles/2014-mercedes-benz-gla-class-gla250-4matic-x156-automatic-wagon,,,164,,,Referred,qld,QLD,lot
2026-03-02T13:21:48.515867,https://www.grays.com/lot/0001-50714629/motor-vehicles-motor-cycles/2016-ford-ranger-xl-4x4-px-ii-turbo-diesel-manual-dual-cab,,,38,,,Referred,qld,QLD,lot
2026-03-02T13:22:12.178358,https://www.grays.com/lot/0001-50714630/motor-vehicles-motor-cycles/2016-nissan-navara-4x4-rx-np300-turbo-diesel-automatic-dual-cab,11800.0,11800.0,120,,,Sold,qld,QLD,lot
2026-03-02T13:22:21.774488,https://www.grays.com/lot/0001-50714631/motor-vehicles-motor-cycles/2012-hyundai-ix35-elite-awd-lm-turbo-diesel-automatic-wagon,,,28,,,Referred,qld,QLD,lot
2026-03-02T13:22:43.878806,https://www.grays.com/lot/0001-50714633/motor-vehicles-motor-cycles/2016-mazda-cx-5-grand-touring-ke-turbo-diesel-automatic-wagon,,,60,,,Referred,qld,QLD,lot
2026-03-02T13:23:04.915172,https://www.grays.com/lot/0001-50714634/motor-vehicles-motor-cycles/2013-holden-captiva-7-lx-awd-cg-ii-turbo-diesel-automatic-7-seats-wagon,,,14,,,Referred,qld,QLD,lot
2026-03-02T13:23:26.368622,https://www.grays.com/lot/0001-50714635/motor-vehicles-motor-cycles/2017-subaru-xv-2-0i-s-g5x-cvt-hatchback,5100.0,5100.0,56,,,Sold,qld,QLD,lot
2026-03-02T13:23:48.734747,https://www.grays.com/lot/0001-50714636/motor-vehicles-motor-cycles/2018-ford-ranger-xlt-4x4-px-ii-turbo-diesel-manual-dual-cab,7500.0,7500.0,115,,,Sold,qld,QLD,lot
2026-03-02T13:24:10.855295,https://www.grays.com/lot/0001-50714637/motor-vehicles-motor-cycles/2020-hyundai-i30-active-pd-automatic-hatchback,,,86,,,Referred,qld,QLD,lot
2026-03-02T13:24:21.927881,https://www.grays.com/lot/0001-50714638/motor-vehicles-motor-cycles/2019-land-rover-range-rover-velar-d300-hse-l560-td-auto-8-speed-wagon,,,443,,,Referred,qld,QLD,lot
2026-03-02T13:24:46.064449,https://www.grays.com/lot/0001-50714639/motor-vehicles-motor-cycles/2018-holden-calais-v-tourer-zb-9-auto-wagon,,,55,,,Referred,qld,QLD,lot
2026-03-02T13:25:07.932284,https://www.grays.com/lot/0001-50714640/motor-vehicles-motor-cycles/2016-hyundai-tucson-active-fwd-tl-automatic-wagon,,,109,,,Referred,qld,QLD,lot
2026-03-02T13:25:20.705787,https://www.grays.com/lot/0001-50714642/motor-vehicles-motor-cycles/2005-mercedes-benz-a170-classic-w169-cvt-hatchback,,,3,,,Referred,qld,QLD,lot
2026-03-02T13:25:44.188685,https://www.grays.com/lot/0001-50714643/motor-vehicles-motor-cycles/2008-toyota-rav-4-cv-aca33r-manual-wagon,,,47,,,Referred,qld,QLD,lot
2026-03-02T13:26:07.447884,https://www.grays.com/lot/0001-50714644/motor-vehicles-motor-cycles/2011-mercedes-benz-slk-class-slk350-blue-efficiency-r172-auto-convertible,,,139,,,Referred,qld,QLD,lot
2026-03-02T13:26:30.084506,https://www.grays.com/lot/0001-50714645/motor-vehicles-motor-cycles/2009-volkswagen-tiguan-125-tsi-5n-automatic-wagon,,,43,,,Referred,qld,QLD,lot
2026-03-02T13:26:41.641630,https://www.grays.com/lot/0001-50714646/motor-vehicles-motor-cycles/2015-holden-barina-tm-automatic-hatchback,,,9,,,Referred,qld,QLD,lot
2026-03-02T13:27:03.838334,https://www.grays.com/lot/0001-50714647/motor-vehicles-motor-cycles/2015-mazda-cx-5-grand-touring-ke-turbo-diesel-automatic-wagon,,,26,,,Referred,qld,QLD,lot
2026-03-02T13:27:26.674454,https://www.grays.com/lot/0001-50714649/motor-vehicles-motor-cycles/2008-holden-rodeo-lt-4x2-3-6-v6-ra-automatic-dual-cab,,,14,,,Referred,qld,QLD,lot
2026-03-02T13:27:51.246899,https://www.grays.com/lot/0001-50714654/motor-vehicles-motor-cycles/2008-hyundai-santa-fe-elite-cm-turbo-diesel-automatic-7-seats-wagon,1030.0,1030.0,18,,,Sold,qld,QLD,lot
2026-03-02T13:28:14.498060,https://www.grays.com/lot/0001-50714655/motor-vehicles-motor-cycles/2015-land-rover-discovery-3-0-tdv6-series-4-auto-8-speed-7-seats-wagon,,,69,,,Referred,qld,QLD,lot
2026-03-02T13:28:36.247073,https://www.grays.com/lot/0001-50714656/motor-vehicles-motor-cycles/2023-hyundai-staria-turbo-diesel-automatic-8-speed-8-seats-people-mover,32700.0,32700.0,121,,,Sold,qld,QLD,lot
2026-03-02T13:28:59.011985,https://www.grays.com/lot/0001-50714657/motor-vehicles-motor-cycles/2018-volkswagen-tiguan-allspace-140tdi-highline-turbo-diesel-auto-7-sts-wgn,4600.0,4600.0,55,22d 19h 36m0s,547.6,Active,qld,QLD,lot
2026-03-02T13:29:19.999132,https://www.grays.com/lot/0001-50714658/motor-vehicles-motor-cycles/2005-mercedes-benz-ml350-w164-automatic-wagon,,,18,,,Referred,qld,QLD,lot
2026-03-02T13:29:28.388340,https://www.grays.com/lot/0001-50714659/motor-vehicles-motor-cycles/2002-mitsubishi-triton-4x2-gl-mk-manual-cab-chassis,,,11,,,Referred,qld,QLD,lot
2026-03-02T13:29:50.992868,https://www.grays.com/lot/0001-50714660/motor-vehicles-motor-cycles/2017-ford-ranger-wildtrak-4x4-px-ii-turbo-diesel-automatic-dual-cab,,,73,,,Referred,qld,QLD,lot
2026-03-02T13:30:14.320066,https://www.grays.com/lot/0001-50714663/motor-vehicles-motor-cycles/2014-volkswagen-tiguan-118-tsi-5n-automatic-wagon,,,11,,,Referred,qld,QLD,lot
2026-03-02T13:30:37.257838,https://www.grays.com/lot/0001-50714664/motor-vehicles-motor-cycles/1997-toyota-landcruiser-prado-gxl-v6-vzj95r-automatic-8-seats-wagon,,,23,,,Referred,qld,QLD,lot
2026-03-02T13:30:48.212603,https://www.grays.com/lot/0001-50714665/motor-vehicles-motor-cycles/2015-nissan-pathfinder-st-r52-cvt-7-seats-wagon,,,48,,,Referred,qld,QLD,lot
2026-03-02T13:31:12.069633,https://www.grays.com/lot/0001-50714667/motor-vehicles-motor-cycles/2015-mazda-cx-5-maxx-sport-ke-turbo-diesel-automatic-wagon,8400.0,8400.0,94,,,Sold,qld,QLD,lot
2026-03-02T13:31:35.800182,https://www.grays.com/lot/0001-50714668/motor-vehicles-motor-cycles/2016-nissan-x-trail-st-awd-t32-cvt-wagon,8400.0,8400.0,79,,,Sold,qld,QLD,lot
2026-03-02T13:31:55.165082,https://www.grays.com/lot/0001-50714669/motor-vehicles-motor-cycles/2005-holden-astra-ts-automatic-convertible,,,7,,,Referred,qld,QLD,lot
2026-03-02T13:32:15.242188,https://www.grays.com/lot/0001-50714675/motor-vehicles-motor-cycles/2014-jeep-cherokee-limited-4x4-kl-automatic-wagon,1950.0,1950.0,15,,,Sold,qld,QLD,lot
2026-03-02T13:32:36.437355,https://www.grays.com/lot/0001-50714676/motor-vehicles-motor-cycles/2014-bmw-x5-m50d-f15-turbo-diesel-automatic-8-speed-7-seats-wagon,14699.0,14699.0,135,,,Sold,qld,QLD,lot
2026-03-02T13:32:59.529788,https://www.grays.com/lot/0001-50714677/motor-vehicles-motor-cycles/2015-ford-kuga-trend-awd-tf-ii-automatic-wagon,,,22,,,Referred,qld,QLD,lot
2026-03-02T13:33:08.629205,https://www.grays.com/lot/0001-50714678/motor-vehicles-motor-cycles/2015-holden-trax-ls-tj-automatic-wagon,309.0,309.0,6,,,Sold,qld,QLD,lot
2026-03-02T13:33:16.928272,https://www.grays.com/lot/0001-50714680/motor-vehicles-motor-cycles/2015-bmw-x6-m-f86-automatic-8-speed-coupe,16200.0,16200.0,186,19h 26m43s,19.445,Active,qld,QLD,lot
2026-03-02T13:33:38.741337,https://www.grays.com/lot/0001-50714682/motor-vehicles-motor-cycles/2007-nissan-pathfinder-st-r51-automatic-7-seats-wagon,,,17,,,Referred,qld,QLD,lot
2026-03-02T13:34:00.355127,https://www.grays.com/lot/0001-50714683/motor-vehicles-motor-cycles/2014-subaru-forester-2-0xt-premium-s4-cvt-wagon,309.0,309.0,4,20h 26m0s,20.433,Active,qld,QLD,lot
2026-03-02T13:34:21.859199,https://www.grays.com/lot/0001-50714684/motor-vehicles-motor-cycles/2004-land-rover-discovery-turbo-diesel-automatic-wagon,3009.0,3009.0,50,20h 25m37s,20.427,Active,qld,QLD,lot
2026-03-02T13:34:44.181672,https://www.grays.com/lot/0001-50714685/motor-vehicles-motor-cycles/2010-nissan-navara-st-4x4-d40-turbo-diesel-manual-dual-cab,1909.0,1909.0,20,20h 25m15s,20.421,Active,qld,QLD,lot
2026-03-02T13:35:08.905481,https://www.grays.com/lot/0001-50714686/motor-vehicles-motor-cycles/2010-toyota-hiace-lwb-kdh201r-turbo-diesel-manual-van,6200.0,6200.0,26,2d 20h 24m51s,68.414,Active,qld,QLD,lot
2026-03-02T13:35:30.186576,https://www.grays.com/lot/0001-50714687/motor-vehicles-motor-cycles/2018-hyundai-tucson-highlander-awd-tl-automatic-wagon,,,54,,,Referred,qld,QLD,lot
2026-03-02T13:35:53.117984,https://www.grays.com/lot/0001-50714688/motor-vehicles-motor-cycles/2016-hyundai-tucson-active-x-tl-automatic-wagon,,,153,,,Referred,qld,QLD,lot
2026-03-02T13:36:14.249752,https://www.grays.com/lot/0001-50714690/motor-vehicles-motor-cycles/2005-holden-rodeo-dx-2-4-ra-manual-cab-chassis,1200.0,1200.0,15,,,Sold,qld,QLD,lot
2026-03-02T13:36:36.923254,https://www.grays.com/lot/0001-50714691/motor-vehicles-motor-cycles/2010-mitsubishi-outlander-ls-zh-manual-wagon,509.0,509.0,6,,,Sold,qld,QLD,lot
2026-03-02T13:37:01.145708,https://www.grays.com/lot/0001-50714692/motor-vehicles-motor-cycles/2015-toyota-hiace-lwb-kdh201r-turbo-diesel-manual-van,6300.0,6300.0,43,2d 20h 22m58s,68.383,Active,qld,QLD,lot
2026-03-02T13:37:24.754077,https://www.grays.com/lot/0001-50714693/motor-vehicles-motor-cycles/2013-suzuki-swift-sport-fz-cvt-hatchback,6065.0,6065.0,80,,,Sold,qld,QLD,lot
2026-03-02T13:37:49.767694,https://www.grays.com/lot/0001-50714694/motor-vehicles-motor-cycles/2007-mazda-cx-7-luxury-automatic-wagon,300.0,300.0,3,2d 20h 22m10s,68.369,Active,qld,QLD,lot
2026-03-02T13:38:11.487239,https://www.grays.com/lot/0001-50714695/motor-vehicles-motor-cycles/2007-holden-commodore-sv6-ve-manual-sedan,809.0,809.0,11,2d 20h 21m49s,68.364,Active,qld,QLD,lot
2026-03-02T13:38:21.934368,https://www.grays.com/lot/0001-50714696/motor-vehicles-motor-cycles/2017-land-rover-discovery-sport-td4-hse-132kw-tdl-auto-7-seats-wagon,509.0,509.0,8,2d 20h 21m37s,68.36,Active,qld,QLD,lot
2026-03-02T13:38:42.174293,https://www.grays.com/lot/0001-50714697/motor-vehicles-motor-cycles/2016-hyundai-sonata-active-lf-automatic-sedan,3400.0,3400.0,24,20h 26m17s,20.438,Active,qld,QLD,lot
2026-03-02T13:39:04.173833,https://www.grays.com/lot/0001-50714698/motor-vehicles-motor-cycles/2015-hyundai-imax-tq-turbo-diesel-automatic-8-seats-people-mover,10100.0,10100.0,6,,,Sold,qld,QLD,lot
2026-03-02T13:39:23.770647,https://www.grays.com/lot/0001-50714699/motor-vehicles-motor-cycles/2019-ldv-g10-turbo-diesel-automatic-van,,,56,,,Referred,qld,QLD,lot
2026-03-02T13:39:33.714361,https://www.grays.com/lot/0001-50714700/motor-vehicles-motor-cycles/2012-holden-barina-automatic-hatchback,609.0,609.0,7,,,Sold,qld,QLD,lot
2026-03-02T13:39:56.031091,https://www.grays.com/lot/0001-50714701/motor-vehicles-motor-cycles/2021-toyota-landcruiser-prado-kakadu-gdj150r-td-auto-7-seats-wagon,42000.0,42000.0,122,2d 20h 20m4s,68.334,Active,qld,QLD,lot
2026-03-02T13:40:06.602898,https://www.grays.com/lot/0001-50714702/motor-vehicles-motor-cycles/2024-toyota-hilux-4x4-sr-gun126r-turbo-diesel-automatic-cab-chassis,30100.0,30100.0,85,18h 49m52s,18.831,Active,qld,QLD,lot
2026-03-02T13:40:19.617098,https://www.grays.com/lot/0001-50714704/motor-vehicles-motor-cycles/2018-nissan-navarra-st-rwd-automatic-dual-cab-ute,,,14,,,Referred,qld,QLD,lot
2026-03-02T13:40:28.806679,https://www.grays.com/lot/0001-50714705/motor-vehicles-motor-cycles/2017-land-rover-discovery-sd4-hse-series-5-td-auto-8-speed-7-seats-wagon,15104.0,15104.0,106,,,Sold,qld,QLD,lot
2026-03-02T13:40:51.379040,https://www.grays.com/lot/0001-50714706/motor-vehicles-motor-cycles/1997-toyota-landcruiser-prado-gxl-v6-vzj95r-automatic-8-seats-wagon,,,5,,,Referred,qld,QLD,lot
2026-03-02T13:41:14.731695,https://www.grays.com/lot/0001-50714707/motor-vehicles-motor-cycles/2013-nissan-pathfinder-st-r52-cvt-7-seats-wagon,109.0,109.0,2,2d 20h 18m44s,68.312,Active,qld,QLD,lot
2026-03-02T13:41:37.394870,https://www.grays.com/lot/0001-50714708/motor-vehicles-motor-cycles/2014-volkswagen-tiguan-118-tsi-5n-automatic-wagon,,,30,,,Referred,qld,QLD,lot
2026-03-02T13:41:58.676198,https://www.grays.com/lot/0001-50714709/motor-vehicles-motor-cycles/2022-kia-carnival-s-ka4-turbo-diesel-auto-8-speed-8-seats-people-mover,,,164,,,Referred,qld,QLD,lot
2026-03-02T13:42:20.043968,https://www.grays.com/lot/0001-50714710/motor-vehicles-motor-cycles/2018-kia-cerato-s-bd-automatic-sedan,,,34,,,Referred,qld,QLD,lot
2026-03-02T13:42:41.704464,https://www.grays.com/lot/0001-50714713/motor-vehicles-motor-cycles/2007-mercedes-benz-gl-class-gl320cdi-x164-turbo-diesel-auto-7-seats-wagon,2009.0,2009.0,39,19h 17m18s,19.288,Active,qld,QLD,lot
2026-03-02T13:43:06.564392,https://www.grays.com/lot/0001-50714714/motor-vehicles-motor-cycles/2015-kia-cerato-s-yd-automatic-hatchback,,,43,,,Referred,qld,QLD,lot
2026-03-02T13:43:30.859014,https://www.grays.com/lot/0001-50714721/motor-vehicles-motor-cycles/2014-jeep-grand-cherokee-blackhawk-le-4x4-wk-automatic-8-speed-wagon,309.0,309.0,7,2d 20h 16m28s,68.274,Active,qld,QLD,lot
2026-03-02T13:43:56.608867,https://www.grays.com/lot/0001-50714724/motor-vehicles-motor-cycles/2008-ford-focus-xr5-lv-manual-hatchback,1109.0,1109.0,21,2d 20h 16m2s,68.267,Active,qld,QLD,lot
2026-03-02T13:44:22.541830,https://www.grays.com/lot/0001-50714725/motor-vehicles-motor-cycles/2012-subaru-outback-2-0d-premium-b5a-turbo-diesel-manual-wagon,3750.0,3750.0,57,,,Sold,qld,QLD,lot
2026-03-02T13:44:43.138376,https://www.grays.com/lot/0001-50714727/motor-vehicles-motor-cycles/2005-holden-astra-ts-automatic-convertible,9.0,9.0,1,1d 20h 15m17s,44.255,Active,qld,QLD,lot
2026-03-02T13:44:55.543502,https://www.grays.com/lot/0001-50714728/motor-vehicles-motor-cycles/2013-holden-captiva-7-lx-awd-cg-ii-turbo-diesel-automatic-7-seats-wagon,9.0,9.0,1,1d 20h 15m3s,44.251,Active,qld,QLD,lot
2026-03-02T13:45:20.914859,https://www.grays.com/lot/0001-50714729/motor-vehicles-motor-cycles/2014-mercedes-benz-gla-class-gla250-4matic-x156-automatic-wagon,6200.0,6200.0,45,1d 20h 14m39s,44.244,Active,qld,QLD,lot
2026-03-02T13:45:43.701502,https://www.grays.com/lot/0001-50714730/motor-vehicles-motor-cycles/2005-mercedes-benz-ml350-w164-automatic-wagon,9.0,9.0,1,1d 20h 14m16s,44.238,Active,qld,QLD,lot
2026-03-02T13:46:05.917161,https://www.grays.com/lot/0001-50714731/motor-vehicles-motor-cycles/2016-mazda-cx-5-grand-touring-ke-turbo-diesel-automatic-wagon,675.0,675.0,6,1d 20h 13m54s,44.232,Active,qld,QLD,lot
2026-03-02T13:46:28.824140,https://www.grays.com/lot/0001-50714732/motor-vehicles-motor-cycles/2020-hyundai-i30-active-pd-automatic-hatchback,6050.0,6050.0,64,1d 20h 13m30s,44.225,Active,qld,QLD,lot
2026-03-02T13:46:38.888502,https://www.grays.com/lot/0001-50714733/motor-vehicles-motor-cycles/2012-hyundai-ix35-elite-awd-lm-turbo-diesel-automatic-wagon,709.0,709.0,13,1d 20h 13m21s,44.223,Active,qld,QLD,lot
2026-03-02T13:47:02.552111,https://www.grays.com/lot/0001-50714734/motor-vehicles-motor-cycles/2015-ford-kuga-trend-awd-tf-ii-automatic-wagon,109.0,109.0,2,1d 20h 12m57s,44.216,Active,qld,QLD,lot
2026-03-02T13:47:28.977690,https://www.grays.com/lot/0001-50714735/motor-vehicles-motor-cycles/2014-volkswagen-transporter-tdi340-lwb-t5-turbo-diesel-automatic-van,1509.0,1509.0,30,1d 20h 12m31s,44.209,Active,qld,QLD,lot
2026-03-02T13:47:55.660858,https://www.grays.com/lot/0001-50714736/motor-vehicles-motor-cycles/2016-ford-ranger-xl-4x4-px-ii-turbo-diesel-manual-dual-cab,2409.0,2409.0,29,1d 20h 12m4s,44.201,Active,qld,QLD,lot
2026-03-02T13:48:06.790826,https://www.grays.com/lot/0001-50714737/motor-vehicles-motor-cycles/2019-land-rover-range-rover-velar-d300-hse-l560-td-auto,22422.0,22422.0,68,1d 20h 11m54s,44.198,Active,qld,QLD,lot
2026-03-02T13:48:37.706365,https://www.grays.com/lot/0001-50714738/motor-vehicles-motor-cycles/2018-holden-calais-v-tourer-zb-9-auto-wagon,7209.0,7209.0,26,1d 20h 11m22s,44.189,Active,qld,QLD,lot
2026-03-02T13:49:09.896034,https://www.grays.com/lot/0001-50714744/motor-vehicles-motor-cycles/2017-mazda-cx-5-akera-kf-turbo-diesel-automatic-wagon,209.0,209.0,4,2d 20h 10m50s,68.181,Active,qld,QLD,lot
2026-03-02T13:49:40.778300,https://www.grays.com/lot/0001-50714745/motor-vehicles-motor-cycles/2018-holden-equinox-ls-2wd-eq-automatic-wagon,,,49,,,Referred,qld,QLD,lot
2026-03-02T13:50:15.829755,https://www.grays.com/lot/0001-50714747/motor-vehicles-motor-cycles/2010-subaru-forester-x-s3-automatic-wagon,9.0,9.0,0,2d 20h 9m44s,68.162,Active,qld,QLD,lot
2026-03-02T13:50:45.029345,https://www.grays.com/lot/0001-50714749/motor-vehicles-motor-cycles/2008-holden-rodeo-lt-4x2-3-6-v6-ra-automatic-dual-cab,9.0,9.0,1,2d 20h 9m14s,68.154,Active,qld,QLD,lot
2026-03-02T13:51:16.341255,https://www.grays.com/lot/0001-50714750/motor-vehicles-motor-cycles/2011-mercedes-benz-slk-class-slk350-blue-efficiency-r172-auto-convertible,6409.0,6409.0,34,2d 20h 8m43s,68.145,Active,qld,QLD,lot
2026-03-02T13:51:48.116475,https://www.grays.com/lot/0001-50714752/motor-vehicles-motor-cycles/2013-holden-cruze-sri-v-jh-manual-hatchback,109.0,109.0,2,2d 20h 8m10s,68.136,Active,qld,QLD,lot
2026-03-02T13:52:17.597368,https://www.grays.com/lot/0001-50714753/motor-vehicles-motor-cycles/2015-mazda-cx-5-grand-touring-ke-turbo-diesel-automatic-wagon,109.0,109.0,3,2d 20h 7m42s,68.128,Active,qld,QLD,lot
2026-03-02T13:52:47.571587,https://www.grays.com/lot/0001-50714754/motor-vehicles-motor-cycles/2016-nissan-navara-4x2-st-x-np300-turbo-diesel-automatic-dual-cab,3350.0,3350.0,41,2d 20h 7m12s,68.12,Active,qld,QLD,lot
2026-03-02T13:53:23.779587,https://www.grays.com/lot/0001-50714756/motor-vehicles-motor-cycles/2016-bmw-x4-xdrive-20d-f26-turbo-diesel-automatic-8-speed-coupe,7501.0,7501.0,17,2d 20h 6m36s,68.11,Active,qld,QLD,lot
2026-03-02T13:53:53.040036,https://www.grays.com/lot/0001-50714760/motor-vehicles-motor-cycles/2007-mitsubishi-outlander-xls-zg-cvt-7-seats-wagon,9.0,9.0,1,1d 19h 6m7s,43.102,Active,qld,QLD,lot
2026-03-02T13:54:26.631436,https://www.grays.com/lot/0001-50714761/motor-vehicles-motor-cycles/2009-bmw-x3-2-0d-e83-turbo-diesel-automatic-wagon,1009.0,1009.0,12,19h 5m33s,19.092,Active,qld,QLD,lot
2026-03-02T13:54:41.184738,https://www.grays.com/lot/0001-50714762/motor-vehicles-motor-cycles/2015-holden-barina-tm-automatic-hatchback,109.0,109.0,2,1d 20h 5m19s,44.089,Active,qld,QLD,lot
2026-03-02T13:55:09.907041,https://www.grays.com/lot/0001-50714763/motor-vehicles-motor-cycles/2006-toyota-corolla-ascent-zze122r-automatic-hatchback,109.0,109.0,2,2d 20h 4m50s,68.081,Active,qld,QLD,lot
2026-03-02T13:55:38.957261,https://www.grays.com/lot/0001-50714764/motor-vehicles-motor-cycles/2020-ford-ranger-raptor-4x4-px-iii-turbo-diesel-10-auto-dual-cab,18100.0,18100.0,47,1d 20h 4m20s,44.072,Active,qld,QLD,lot
2026-03-02T13:56:07.118480,https://www.grays.com/lot/0001-50714765/motor-vehicles-motor-cycles/2013-audi-a3-1-4-tfsi-attraction-8v-automatic-hatchback,1600.0,1600.0,9,1d 20h 3m52s,44.064,Active,qld,QLD,lot
2026-03-02T13:56:37.746681,https://www.grays.com/lot/0001-50714773/motor-vehicles-motor-cycles/2007-volkswagen-touareg-3-0-v6-tdi-7l-turbo-diesel-automatic-wagon,500.0,500.0,6,1d 20h 3m22s,44.056,Active,qld,QLD,lot
2026-03-02T13:57:11.291161,https://www.grays.com/lot/0001-50714774/motor-vehicles-motor-cycles/2009-nissan-navara-st-x-4x4-double-cab-d40-turbo-diesel-automatic-dual-cab,4000.0,4000.0,62,1d 20h 2m49s,44.047,Active,qld,QLD,lot
2026-03-02T13:57:41.040181,https://www.grays.com/lot/0001-50714775/motor-vehicles-motor-cycles/2015-jeep-wrangler-unlimited-sport-jk-manual-wagon,3108.0,3108.0,40,1d 20h 2m18s,44.038,Active,qld,QLD,lot
2026-03-02T13:58:10.355361,https://www.grays.com/lot/0001-50714776/motor-vehicles-motor-cycles/2018-hyundai-tucson-highlander-awd-tl-automatic-wagon,1409.0,1409.0,28,20h 1m49s,20.03,Active,qld,QLD,lot
2026-03-02T13:58:41.163013,https://www.grays.com/lot/0001-50714777/motor-vehicles-motor-cycles/2017-nissan-x-trail-ts-4wd-t32-turbo-diesel-cvt-wagon,309.0,309.0,4,2d 20h 1m17s,68.021,Active,qld,QLD,lot
2026-03-02T13:59:10.429829,https://www.grays.com/lot/0001-50714778/motor-vehicles-motor-cycles/2017-mitsubishi-asx-ls-2wd-xc-cvt-wagon,3000.0,3000.0,34,1d 20h 0m49s,44.014,Active,qld,QLD,lot
2026-03-02T13:59:26.472587,https://www.grays.com/lot/0001-60050157/motor-vehicles-motor-cycles/2006-hyundai-tucson-elite-automatic-wagon,,,10,,,Referred,sa,SA,lot
2026-03-02T13:59:43.211304,https://www.grays.com/lot/0001-60050159/motor-vehicles-motor-cycles/2003-bmw-318i-e46-automatic-sedan,,,13,,,Referred,sa,SA,lot
2026-03-02T13:59:57.694352,https://www.grays.com/lot/0001-60050160/motor-vehicles-motor-cycles/2008-mazda-cx-7-luxury-automatic-wagon,3000.0,3000.0,33,,,Sold,sa,SA,lot
2026-03-02T14:00:08.974299,https://www.grays.com/lot/0001-60050161/motor-vehicles-motor-cycles/2010-bmw-3-series-convertible-335i-m-sport-e93-automatic-convertible,,,92,,,Referred,sa,SA,lot
2026-03-02T14:00:24.023135,https://www.grays.com/lot/0001-60050166/motor-vehicles-motor-cycles/2012-volkswagen-amarok-tdi420-trendline-2h-t-d-auto-dual-cab,5600.0,5600.0,2,,,Sold,sa,SA,lot
2026-03-02T14:00:39.215446,https://www.grays.com/lot/0001-60050167/motor-vehicles-motor-cycles/2011-jeep-grand-cherokee-limited-wk-turbo-diesel-automatic-wagon,,,57,,,Referred,sa,SA,lot
2026-03-02T14:00:56.362428,https://www.grays.com/lot/0001-60050168/motor-vehicles-motor-cycles/2016-mercedes-benz-e-class-e200-elegance-w212-automatic-sedan,,,129,,,Referred,sa,SA,lot
2026-03-02T14:01:16.665390,https://www.grays.com/lot/0001-60050169/motor-vehicles-motor-cycles/2015-ford-kuga-titanium-awd-tf-ii-turbo-diesel-automatic-wagon,,,12,,,Referred,sa,SA,lot
2026-03-02T14:01:40.736069,https://www.grays.com/lot/0001-60050170/motor-vehicles-motor-cycles/2011-volkswagen-amarok-tdi400-trendline-2h-turbo-diesel-manual-dual-cab,7000.0,7000.0,113,,,Sold,sa,SA,lot
2026-03-02T14:02:01.949232,https://www.grays.com/lot/0001-60050171/motor-vehicles-motor-cycles/2010-holden-colorado-4x4-lt-r-3-0-t-d-rc-turbo-diesel-manual-dual-cab,,,97,,,Referred,sa,SA,lot
2026-03-02T14:02:15.557056,https://www.grays.com/lot/0001-60050172/motor-vehicles-motor-cycles/2013-mercedes-benz-ml500-w166-automatic-wagon,,,0,,,Referred,sa,SA,lot
2026-03-02T14:02:35.200335,https://www.grays.com/lot/0001-60050173/motor-vehicles-motor-cycles/2010-lexus-is-is350-prestige-gse21r-automatic-sedan,,,156,,,Referred,sa,SA,lot
2026-03-02T14:02:50.469796,https://www.grays.com/lot/0001-60050174/motor-vehicles-motor-cycles/2015-toyota-hilux-4x4-sr5-gun126r-turbo-diesel-manual-dual-cab,,,242,,,Referred,sa,SA,lot
2026-03-02T14:03:09.304536,https://www.grays.com/lot/0001-60050175/motor-vehicles-motor-cycles/2014-mitsubishi-lancer-es-cj-cvt-sedan,,,76,,,Referred,sa,SA,lot
2026-03-02T14:03:29.477752,https://www.grays.com/lot/0001-60050176/motor-vehicles-motor-cycles/2017-holden-commodore-calais-v-calais-v-zb-9-auto-wagon,,,114,,,Referred,sa,SA,lot
2026-03-02T14:03:46.170963,https://www.grays.com/lot/0001-60050177/motor-vehicles-motor-cycles/2003-jeep-wrangler-sport-tj-manual-wagon,,,21,,,Referred,sa,SA,lot
2026-03-02T14:04:04.611270,https://www.grays.com/lot/0001-60050180/motor-vehicles-motor-cycles/2016-toyota-kluger-4x4-gx-gsu55r-automatic-7-seats-wagon,20400.0,20400.0,95,,,Sold,sa,SA,lot
2026-03-02T14:04:22.978797,https://www.grays.com/lot/0001-60050181/motor-vehicles-motor-cycles/2011-audi-q5-2-0-tdi-quattro-8r-turbo-diesel-automatic-wagon,,,34,,,Referred,sa,SA,lot
2026-03-02T14:04:42.778510,https://www.grays.com/lot/0001-60050182/motor-vehicles-motor-cycles/2008-hyundai-i30-sx-fd-turbo-diesel-automatic-hatchback,809.0,809.0,9,,,Sold,sa,SA,lot
2026-03-02T14:05:01.332967,https://www.grays.com/lot/0001-60050183/motor-vehicles-motor-cycles/2008-toyota-corolla-ascent-zre152r-automatic-hatchback,,,26,,,Referred,sa,SA,lot
2026-03-02T14:05:19.510965,https://www.grays.com/lot/0001-60050184/motor-vehicles-motor-cycles/2013-suzuki-sx4-crossover-2wd-nav-gy-cvt-hatchback,,,23,,,Referred,sa,SA,lot
2026-03-02T14:05:41.386961,https://www.grays.com/lot/0001-60050186/motor-vehicles-motor-cycles/2009-nissan-navara-st-x-4x4-king-cab-d40-turbo-diesel-manual-ute,,,16,,,Referred,sa,SA,lot
2026-03-02T14:05:59.260407,https://www.grays.com/lot/0001-60050187/motor-vehicles-motor-cycles/2012-mazda-3-neo-bl-manual-hatchback,2209.0,2209.0,38,,,Sold,sa,SA,lot
2026-03-02T14:06:19.853325,https://www.grays.com/lot/0001-60050188/motor-vehicles-motor-cycles/2016-hyundai-tucson-active-x-tl-manual-wagon,,,17,,,Referred,sa,SA,lot
2026-03-02T14:06:40.387569,https://www.grays.com/lot/0001-60050189/motor-vehicles-motor-cycles/2008-ford-territory-tx-sy-automatic-wagon,,,11,,,Referred,sa,SA,lot
2026-03-02T14:07:13.505904,https://www.grays.com/lot/0001-60050190/motor-vehicles-motor-cycles/2014-bmw-x5-xdrive-30d-f15-turbo-diesel-automatic-8-speed-wagon,10900.0,10900.0,43,,,Sold,sa,SA,lot
2026-03-02T14:07:45.633798,https://www.grays.com/lot/0001-60050191/motor-vehicles-motor-cycles/2011-holden-cruze-sri-v-jh-automatic-sedan,3200.0,3200.0,27,,,Sold,sa,SA,lot
2026-03-02T14:08:19.841662,https://www.grays.com/lot/0001-60050192/motor-vehicles-motor-cycles/2012-mazda-6-touring-gh-automatic-wagon,,,18,,,Referred,sa,SA,lot
2026-03-02T14:08:51.537684,https://www.grays.com/lot/0001-60050194/motor-vehicles-motor-cycles/2011-bmw-x5-xdrive-30d-e70-lci-t-d-auto-8-speed-7-seats-wagon,10300.0,10300.0,116,,,Sold,sa,SA,lot
2026-03-02T14:09:31.430693,https://www.grays.com/lot/0001-60050196/motor-vehicles-motor-cycles/2013-honda-cr-v-2wd-vti-rm-automatic-wagon,,,81,,,Referred,sa,SA,lot
2026-03-02T14:09:59.645190,https://www.grays.com/lot/0001-60050197/motor-vehicles-motor-cycles/2014-honda-cr-v-4wd-dti-l-rm-turbo-diesel-automatic-wagon,,,72,,,Referred,sa,SA,lot
2026-03-02T14:10:20.084767,https://www.grays.com/lot/0001-60050198/motor-vehicles-motor-cycles/2009-subaru-forester-x-s3-manual-wagon,3000.0,3000.0,23,,,Sold,sa,SA,lot
2026-03-02T14:10:39.877013,https://www.grays.com/lot/0001-60050199/motor-vehicles-motor-cycles/2013-jeep-grand-cherokee-limited-wk-turbo-diesel-automatic-8-speed-wagon,,,92,,,Referred,sa,SA,lot
2026-03-02T14:11:02.881831,https://www.grays.com/lot/0001-60050200/motor-vehicles-motor-cycles/2004-holden-statesman-wl-automatic-sedan,,,43,,,Referred,sa,SA,lot
2026-03-02T14:11:27.194637,https://www.grays.com/lot/0001-60050202/motor-vehicles-motor-cycles/2008-mitsubishi-lancer-es-cj-cvt-sedan,,,9,,,Referred,sa,SA,lot
2026-03-02T14:11:49.634457,https://www.grays.com/lot/0001-60050205/motor-vehicles-motor-cycles/2017-volkswagen-golf-alltrack-135tdi-premium-a7-turbo-diesel,,,24,,,Referred,sa,SA,lot
2026-03-02T14:12:09.301929,https://www.grays.com/lot/0001-60050207/motor-vehicles-motor-cycles/2005-toyota-yaris-yr-ncp90r-manual-hatchback,,,13,,,Referred,sa,SA,lot
2026-03-02T14:12:27.573318,https://www.grays.com/lot/0001-60050208/motor-vehicles-motor-cycles/2011-ford-ranger-xl-4x2-pk-turbo-diesel-automatic-dual-cab,,,15,,,Referred,sa,SA,lot
2026-03-02T14:12:48.387838,https://www.grays.com/lot/0001-60050209/motor-vehicles-motor-cycles/2017-jeep-grand-cherokee-laredo-4x4-wk-automatic-8-speed-wagon,,,83,,,Referred,sa,SA,lot
2026-03-02T14:13:09.098029,https://www.grays.com/lot/0001-60050210/motor-vehicles-motor-cycles/2013-mazda-cx-5-maxx-sport-ke-turbo-diesel-automatic-wagon,,,14,,,Referred,sa,SA,lot
2026-03-02T14:13:27.912013,https://www.grays.com/lot/0001-60050211/motor-vehicles-motor-cycles/2019-ldv-t60-trailrider-le-turbo-diesel-automatic-dual-cab,,,109,,,Referred,sa,SA,lot
2026-03-02T14:13:48.668311,https://www.grays.com/lot/0001-60050212/motor-vehicles-motor-cycles/2011-ford-territory-ts-sz-turbo-diesel-automatic-7-seats-wagon,,,40,,,Referred,sa,SA,lot
2026-03-02T14:14:08.067553,https://www.grays.com/lot/0001-60050213/motor-vehicles-motor-cycles/2016-mazda-cx-9-gt-fwd-tc-automatic-7-seats-wagon,,,90,,,Referred,sa,SA,lot
2026-03-02T14:14:24.642108,https://www.grays.com/lot/0001-60050214/motor-vehicles-motor-cycles/2015-ford-ranger-xl-4x2-hi-rider-px-turbo-diesel-manual-cab-chassis,,,33,,,Referred,sa,SA,lot
2026-03-02T14:14:43.240745,https://www.grays.com/lot/0001-60050215/motor-vehicles-motor-cycles/2019-subaru-outback-2-5i-premium-b6a-cvt-wagon,,,187,,,Referred,sa,SA,lot
2026-03-02T14:15:04.948158,https://www.grays.com/lot/0001-60050216/motor-vehicles-motor-cycles/2006-suzuki-swift-ez-automatic-hatchback,,,10,,,Referred,sa,SA,lot
2026-03-02T14:15:18.755058,https://www.grays.com/lot/0001-60050219/motor-vehicles-motor-cycles/2008-subaru-forester-x-s3-manual-wagon,500.0,500.0,7,,,Sold,sa,SA,lot
2026-03-02T14:15:41.663984,https://www.grays.com/lot/0001-60050220/motor-vehicles-motor-cycles/2010-kia-sorento-sli-xm-turbo-diesel-automatic-7-seats-wagon,1109.0,1109.0,6,2d 18h 44m18s,66.738,Active,sa,SA,lot
2026-03-02T14:16:03.864106,https://www.grays.com/lot/0001-60050221/motor-vehicles-motor-cycles/2017-mitsubishi-triton-4x4-glx-l-e-mq-turbo-diesel-manual-dual-cab,3000.0,3000.0,11,2d 18h 43m56s,66.732,Active,sa,SA,lot
2026-03-02T14:16:29.078723,https://www.grays.com/lot/0001-60050222/motor-vehicles-motor-cycles/2008-holden-colorado-4x4-lt-r-3-0-t-d-rc-automatic-dual-cab,,,88,,,Referred,sa,SA,lot
2026-03-02T14:16:50.885431,https://www.grays.com/lot/0001-60050223/motor-vehicles-motor-cycles/2016-suzuki-vitara-rt-s-ly-automatic-wagon,,,70,,,Referred,sa,SA,lot
2026-03-02T14:17:10.134076,https://www.grays.com/lot/0001-60050225/motor-vehicles-motor-cycles/2016-holden-spark-ls-mp-cvt-hatchback,3050.0,3050.0,44,,,Sold,sa,SA,lot
2026-03-02T14:17:27.202512,https://www.grays.com/lot/0001-60050226/motor-vehicles-motor-cycles/2001-nissan-skyline-v35-automatic-sedan,1609.0,1609.0,19,,,Sold,sa,SA,lot
2026-03-02T14:17:47.566499,https://www.grays.com/lot/0001-60050227/motor-vehicles-motor-cycles/2006-hyundai-tucson-elite-automatic-wagon,,,11,,,Referred,sa,SA,lot
2026-03-02T14:18:08.253282,https://www.grays.com/lot/0001-60050228/motor-vehicles-motor-cycles/2017-holden-calais-v-zb-wagon-9-auto,,,50,,,Referred,sa,SA,lot
2026-03-02T14:18:23.401604,https://www.grays.com/lot/0001-60050229/motor-vehicles-motor-cycles/2007-toyota-hilux-manual-ute,4100.0,4100.0,63,,,Sold,sa,SA,lot
2026-03-02T14:18:36.980130,https://www.grays.com/lot/0001-60050231/motor-vehicles-motor-cycles/2004-mazda-3-sp23-bk-manual-sedan,1300.0,1300.0,3,,,Sold,sa,SA,lot
2026-03-02T14:18:58.278274,https://www.grays.com/lot/0001-60050233/motor-vehicles-motor-cycles/2012-kia-optima-si-tf-automatic-sedan,,,24,,,Referred,sa,SA,lot
2026-03-02T14:19:17.942088,https://www.grays.com/lot/0001-60050234/motor-vehicles-motor-cycles/2015-ford-kuga-titanium-awd-tf-ii-turbo-diesel-automatic-wagon,,,18,,,Referred,sa,SA,lot
2026-03-02T14:19:40.813117,https://www.grays.com/lot/0001-60050235/motor-vehicles-motor-cycles/2003-bmw-318i-e46-automatic-sedan,,,24,,,Referred,sa,SA,lot
2026-03-02T14:20:06.892602,https://www.grays.com/lot/0001-60050236/motor-vehicles-motor-cycles/2012-subaru-xv-2-0i-g4x-cvt-hatchback,3800.0,3800.0,10,2d 18h 39m52s,66.664,Active,sa,SA,lot
2026-03-02T14:20:28.000497,https://www.grays.com/lot/0001-60050237/motor-vehicles-motor-cycles/2008-bmw-1-series-120i-e88-automatic-convertible,,,66,,,Referred,sa,SA,lot
2026-03-02T14:20:47.213647,https://www.grays.com/lot/0001-60050239/motor-vehicles-motor-cycles/2013-suzuki-grand-vitara-urban-rwd-navigator-jt-automatic,,,66,,,Referred,sa,SA,lot
2026-03-02T14:21:11.380473,https://www.grays.com/lot/0001-60050240/motor-vehicles-motor-cycles/2016-hyundai-tucson-active-x-tl-manual-wagon,3600.0,3600.0,41,,,Sold,sa,SA,lot
2026-03-02T14:21:32.910777,https://www.grays.com/lot/0001-60050241/motor-vehicles-motor-cycles/2013-citroen-ds5-dsport-automatic-wagon,2209.0,2209.0,31,,,Sold,sa,SA,lot
2026-03-02T14:21:52.506895,https://www.grays.com/lot/0001-60050243/motor-vehicles-motor-cycles/2012-mazda-6-touring-gh-automatic-wagon,809.0,809.0,12,2d 18h 38m7s,66.635,Active,sa,SA,lot
2026-03-02T14:22:17.341684,https://www.grays.com/lot/0001-60050244/motor-vehicles-motor-cycles/2008-mitsubishi-lancer-es-cj-cvt-sedan,809.0,809.0,15,2d 18h 37m43s,66.629,Active,sa,SA,lot
2026-03-02T14:22:37.218066,https://www.grays.com/lot/0001-60050245/motor-vehicles-motor-cycles/2005-toyota-yaris-yr-ncp90r-manual-hatchback,9.0,9.0,1,2d 18h 37m22s,66.623,Active,sa,SA,lot
2026-03-02T14:22:57.527925,https://www.grays.com/lot/0001-60050246/motor-vehicles-motor-cycles/2011-ford-ranger-xl-4x2-pk-turbo-diesel-automatic-dual-cab,4500.0,4500.0,0,2d 18h 37m1s,66.617,Active,sa,SA,lot
2026-03-02T14:23:22.057026,https://www.grays.com/lot/0001-60050247/motor-vehicles-motor-cycles/2011-nissan-dualis-2-ti-4x2-j10-ii-cvt-7-seats-wagon,109.0,109.0,2,2d 18h 36m38s,66.611,Active,sa,SA,lot
2026-03-02T14:23:41.665429,https://www.grays.com/lot/0001-60050248/motor-vehicles-motor-cycles/2017-mitsubishi-triton-4x4-glx-l-e-mq-turbo-diesel-automatic-dual-cab,5100.0,5100.0,38,2d 18h 36m18s,66.605,Active,sa,SA,lot
2026-03-02T14:24:04.973727,https://www.grays.com/lot/0001-60050249/motor-vehicles-motor-cycles/2010-holden-caprice-wm-ii-automatic-sedan,5209.0,5209.0,103,2d 18h 35m55s,66.599,Active,sa,SA,lot
2026-03-02T14:24:27.950316,https://www.grays.com/lot/0001-60050251/motor-vehicles-motor-cycles/2009-mini-cooper-cabrio-s-r57-automatic-convertible,3809.0,3809.0,71,18h 35m31s,18.592,Active,sa,SA,lot
2026-03-02T14:24:51.315309,https://www.grays.com/lot/0001-60050252/motor-vehicles-motor-cycles/2014-honda-cr-v-4wd-dti-l-rm-turbo-diesel-automatic-wagon,709.0,709.0,14,2d 18h 35m8s,66.586,Active,sa,SA,lot
2026-03-02T14:25:11.925833,https://www.grays.com/lot/0001-60050253/motor-vehicles-motor-cycles/2011-ford-territory-ts-sz-turbo-diesel-automatic-7-seats-wagon,2200.0,2200.0,22,2d 18h 34m47s,66.58,Active,sa,SA,lot
2026-03-02T14:25:32.184852,https://www.grays.com/lot/0001-60050254/motor-vehicles-motor-cycles/2013-mazda-cx-5-maxx-sport-ke-turbo-diesel-automatic-wagon,109.0,109.0,2,2d 18h 34m27s,66.574,Active,sa,SA,lot
2026-03-02T14:25:51.978997,https://www.grays.com/lot/0001-60050255/motor-vehicles-motor-cycles/2014-subaru-forester-2-5i-s4-cvt-wagon,9.0,9.0,1,2d 18h 34m7s,66.569,Active,sa,SA,lot
2026-03-02T14:26:14.770143,https://www.grays.com/lot/0001-60050258/motor-vehicles-motor-cycles/2016-ford-ranger-manual-ute,1409.0,1409.0,22,1d 19h 38m45s,43.646,Active,sa,SA,lot
2026-03-02T14:26:39.320059,https://www.grays.com/lot/0001-60050259/motor-vehicles-motor-cycles/2013-honda-cr-v-2wd-vti-rm-automatic-wagon,1400.0,1400.0,13,2d 18h 33m20s,66.556,Active,sa,SA,lot
2026-03-02T14:26:58.379359,https://www.grays.com/lot/0001-60050260/motor-vehicles-motor-cycles/2017-jeep-grand-cherokee-laredo-4x4-wk-automatic-8-speed-wagon,7300.0,7300.0,64,2d 18h 33m0s,66.55,Active,sa,SA,lot
2026-03-02T14:27:18.759963,https://www.grays.com/lot/0001-60050261/motor-vehicles-motor-cycles/2014-mitsubishi-lancer-es-cj-cvt-sedan,2209.0,2209.0,36,2d 18h 32m41s,66.545,Active,sa,SA,lot
2026-03-02T14:27:40.929738,https://www.grays.com/lot/0001-60050268/motor-vehicles-motor-cycles/2013-mazda-cx-9-grand-touring-awd-automatic-7-seats-wagon,2000.0,2000.0,18,2d 18h 32m18s,66.538,Active,sa,SA,lot
2026-03-02T14:28:01.786662,https://www.grays.com/lot/0001-60050269/motor-vehicles-motor-cycles/2000-subaru-forester-limited-automatic-wagon,600.0,600.0,7,2d 18h 31m58s,66.533,Active,sa,SA,lot
2026-03-02T14:28:23.091921,https://www.grays.com/lot/0001-60050270/motor-vehicles-motor-cycles/2013-holden-cruze-cd-jh-automatic-sedan,110.0,110.0,2,2d 18h 31m36s,66.527,Active,sa,SA,lot
2026-03-02T14:28:44.261794,https://www.grays.com/lot/0001-60050271/motor-vehicles-motor-cycles/2000-holden-commodore-executive-vt-automatic-sedan,500.0,500.0,5,2d 18h 31m15s,66.521,Active,sa,SA,lot
2026-03-02T14:29:07.439662,https://www.grays.com/lot/0001-60050272/motor-vehicles-motor-cycles/2011-volkswagen-multivan-edition-25-132kw-t5-t-d-autopeople-mover,6300.0,6300.0,28,2d 18h 30m51s,66.514,Active,sa,SA,lot
2026-03-02T14:29:32.532974,https://www.grays.com/lot/0001-60050273/motor-vehicles-motor-cycles/2010-ford-ranger-xlt-4x4-pk-turbo-diesel-automatic-dual-cab,2009.0,2009.0,41,2d 18h 30m27s,66.507,Active,sa,SA,lot
2026-03-02T14:30:03.691726,https://www.grays.com/lot/0001-9066939/motor-vehicles-motor-cycles/2013-ford-ranger-xl-4x4-px-turbo-diesel-automatic-dual-cab,16200.0,16200.0,221,,,Sold,wa,WA,lot
2026-03-02T14:30:31.469328,https://www.grays.com/lot/0001-9067041/motor-vehicles-motor-cycles/2010-ford-mondeo-titanium-mb-turbo-diesel-automatic-hatchback,2209.0,2209.0,31,,,Sold,wa,WA,lot
2026-03-02T14:31:00.141232,https://www.grays.com/lot/0001-9067056/motor-vehicles-motor-cycles/2017-holden-colorado-4x4-lx-rg-turbo-diesel-automatic-cab-chassis,4400.0,4400.0,77,1d 18h 29m0s,42.483,Active,wa,WA,lot
2026-03-02T14:31:23.740569,https://www.grays.com/lot/0001-9067057/motor-vehicles-motor-cycles/2016-holden-colorado-4x4-lx-rg-turbo-diesel-automatic-cab-chassis,6400.0,6400.0,102,,,Sold,wa,WA,lot
2026-03-02T14:31:48.258065,https://www.grays.com/lot/0001-9067059/motor-vehicles-motor-cycles/2010-ford-fiesta-lx-wt-automatic-hatchback,3400.0,3400.0,37,,,Sold,wa,WA,lot
2026-03-02T14:32:12.785885,https://www.grays.com/lot/0001-9067060/motor-vehicles-motor-cycles/2012-nissan-leaf-direct-drive-hatchback,809.0,809.0,10,,,Sold,wa,WA,lot
2026-03-02T14:32:36.620169,https://www.grays.com/lot/0001-9067072/motor-vehicles-motor-cycles/2011-land-rover-range-rover-evoque-si4-prestige-automatic-wagon,6300.0,6300.0,54,,,Sold,wa,WA,lot
2026-03-02T14:33:02.156574,https://www.grays.com/lot/0001-9067074/motor-vehicles-motor-cycles/2008-lexus-rx-rx350-sports-luxury-gsu35r-automatic-wagon,3309.0,3309.0,49,,,Sold,wa,WA,lot
2026-03-02T14:33:29.150065,https://www.grays.com/lot/0001-9067075/motor-vehicles-motor-cycles/2010-hyundai-ix35-highlander-awd-lm-turbo-diesel-automatic-wagon,5700.0,5700.0,65,,,Sold,wa,WA,lot
2026-03-02T14:33:56.512845,https://www.grays.com/lot/0001-9067079/motor-vehicles-motor-cycles/2012-volkswagen-passat-118tsi-3c-automatic-sedan,1909.0,1909.0,26,,,Sold,wa,WA,lot
2026-03-02T14:34:24.351119,https://www.grays.com/lot/0001-9067080/motor-vehicles-motor-cycles/2013-jeep-grand-cherokee-laredo-wk-automatic-8-speed-wagon,1709.0,1709.0,19,,,Sold,wa,WA,lot
2026-03-02T14:34:42.730948,https://www.grays.com/lot/0001-9067082/motor-vehicles-motor-cycles/2012-toyota-landcruiser-prado-gx-kdj150r-turbo-diesel-manual-wagon,11000.0,11000.0,124,,,Sold,wa,WA,lot
2026-03-02T14:35:13.525497,https://www.grays.com/lot/0001-9067083/motor-vehicles-motor-cycles/2009-jeep-wrangler-unlimited-sport-jk-turbo-diesel-automatic-wagon,8520.0,8520.0,104,,,Sold,wa,WA,lot
2026-03-02T14:35:34.628801,https://www.grays.com/lot/0001-9067084/motor-vehicles-motor-cycles/2016-ford-escape-titanium-awd-zg-automatic-wagon,3900.0,3900.0,37,,,Sold,wa,WA,lot
2026-03-02T14:36:07.095632,https://www.grays.com/lot/0001-9067085/motor-vehicles-motor-cycles/2009-ford-mondeo-lx-mb-automatic-hatchback,609.0,609.0,10,,,Sold,wa,WA,lot
2026-03-02T14:36:34.804054,https://www.grays.com/lot/0001-9067086/motor-vehicles-motor-cycles/2009-subaru-impreza-rs-g3-manual-hatchback,3009.0,3009.0,44,,,Sold,wa,WA,lot
2026-03-02T14:37:03.480686,https://www.grays.com/lot/0001-9067088/motor-vehicles-motor-cycles/2006-nissan-x-trail-st-t30-manual-wagon,812.0,812.0,12,,,Sold,wa,WA,lot
2026-03-02T14:37:29.337286,https://www.grays.com/lot/0001-9067091/motor-vehicles-motor-cycles/2013-volkswagen-amarok-tdi400-2h-turbo-diesel-manual-cab-chassis,5000.0,5000.0,71,,,Sold,wa,WA,lot
2026-03-02T14:37:51.292156,https://www.grays.com/lot/0001-9067092/motor-vehicles-motor-cycles/2014-ford-ranger-wildtrak-4x4-px-turbo-diesel-automatic-dual-cab,11100.0,11100.0,84,,,Sold,wa,WA,lot
2026-03-02T14:38:14.882542,https://www.grays.com/lot/0001-9067095/motor-vehicles-motor-cycles/2010-honda-accord-vti-8th-gen-automatic-sedan,1009.0,1009.0,15,,,Sold,wa,WA,lot
2026-03-02T14:38:43.137766,https://www.grays.com/lot/0001-9067097/motor-vehicles-motor-cycles/2010-mitsubishi-lancer-sx-cj-cvt-sedan,1500.0,1500.0,22,,,Sold,wa,WA,lot
2026-03-02T14:39:08.872238,https://www.grays.com/lot/0001-9067100/motor-vehicles-motor-cycles/2017-hyundai-accent-active-rb-manual-hatchback,3800.0,3800.0,53,,,Sold,wa,WA,lot
2026-03-02T14:39:39.843997,https://www.grays.com/lot/0001-9067102/motor-vehicles-motor-cycles/2002-ford-escape-xls-ba-automatic-wagon,512.0,512.0,11,,,Sold,wa,WA,lot
2026-03-02T14:40:05.161642,https://www.grays.com/lot/0001-9067104/motor-vehicles-motor-cycles/2003-volkswagen-new-beetle-2-0-cabriolet-a4-automatic-convertible,1409.0,1409.0,19,,,Sold,wa,WA,lot
2026-03-02T14:40:27.241963,https://www.grays.com/lot/0001-9067111/motor-vehicles-motor-cycles/2016-toyota-kluger-4x2-grande-gsu50r-automatic-7-seats-wagon,11600.0,11600.0,79,,,Sold,wa,WA,lot
2026-03-02T14:40:49.791117,https://www.grays.com/lot/0001-9067112/motor-vehicles-motor-cycles/2018-jaguar-e-pace-183kw-s-9-auto-wagon,12300.0,12300.0,197,,,Sold,wa,WA,lot
2026-03-02T14:41:18.917415,https://www.grays.com/lot/0001-9067113/motor-vehicles-motor-cycles/2012-volkswagen-polo-77tsi-comfortline-6r-automatic-hatchback,2309.0,2309.0,25,,,Sold,wa,WA,lot
2026-03-02T14:41:42.287889,https://www.grays.com/lot/0001-9067114/motor-vehicles-motor-cycles/2012-audi-q5-2-0-tdi-quattro-8r-turbo-diesel-automatic-wagon,4300.0,4300.0,56,,,Sold,wa,WA,lot
2026-03-02T14:42:03.602937,https://www.grays.com/lot/0001-9067115/motor-vehicles-motor-cycles/2017-volkswagen-tiguan-162tsi-highline-mk2-automatic-wagon,17100.0,17100.0,183,,,Sold,wa,WA,lot
2026-03-02T14:42:26.671843,https://www.grays.com/lot/0001-9067116/motor-vehicles-motor-cycles/2011-nissan-patrol-st-s-3-0-gu-ii-turbo-diesel-automatic-7-seats-wagon,,,128,,,Referred,wa,WA,lot
2026-03-02T14:42:53.193364,https://www.grays.com/lot/0001-9067117/motor-vehicles-motor-cycles/2013-subaru-forester-2-5i-l-s4-cvt-wagon,5209.0,5209.0,64,,,Sold,wa,WA,lot
2026-03-02T14:43:17.670088,https://www.grays.com/lot/0001-9067119/motor-vehicles-motor-cycles/2007-holden-epica-cdxi-ep-automatic-sedan,800.0,800.0,11,,,Sold,wa,WA,lot
2026-03-02T14:43:41.131988,https://www.grays.com/lot/0001-9067121/motor-vehicles-motor-cycles/2009-subaru-liberty-3-6r-premium-b5-automatic-sedan,7700.0,7700.0,95,,,Sold,wa,WA,lot
2026-03-02T14:44:03.394999,https://www.grays.com/lot/0001-9067122/motor-vehicles-motor-cycles/2014-ford-focus-trend-lw-ii-automatic-hatchback,1300.0,1300.0,13,,,Sold,wa,WA,lot
2026-03-02T14:44:27.195821,https://www.grays.com/lot/0001-9067126/motor-vehicles-motor-cycles/2007-volkswagen-passat-2-0-tfsi-3c-automatic-sedan,1409.0,1409.0,17,,,Sold,wa,WA,lot
2026-03-02T14:44:53.002041,https://www.grays.com/lot/0001-9067127/motor-vehicles-motor-cycles/2013-nissan-juke-ti-s-f15-cvt-wagon,609.0,609.0,8,,,Sold,wa,WA,lot
2026-03-02T14:45:15.067599,https://www.grays.com/lot/0001-9067128/motor-vehicles-motor-cycles/2012-jeep-compass-sport-manual-wagon,2700.0,2700.0,28,,,Sold,wa,WA,lot
2026-03-02T14:45:40.349418,https://www.grays.com/lot/0001-9067129/motor-vehicles-motor-cycles/2013-nissan-pathfinder-ti-r52-cvt-7-seats-wagon,3809.0,3809.0,48,,,Sold,wa,WA,lot
2026-03-02T14:46:05.655314,https://www.grays.com/lot/0001-9067130/motor-vehicles-motor-cycles/2013-jaguar-xj-3-0d-prem-lux-swb-turbo-diesel-automatic-8-speed-sedan,,,9,,,Referred,wa,WA,lot
2026-03-02T14:46:19.918167,https://www.grays.com/lot/0001-9067131/motor-vehicles-motor-cycles/2012-audi-a1-1-4-tfsi-attraction-8x-automatic-hatchback,4600.0,4600.0,52,,,Sold,wa,WA,lot
2026-03-02T14:46:47.520490,https://www.grays.com/lot/0001-9067134/motor-vehicles-motor-cycles/2005-hyundai-tucson-city-automatic-wagon,909.0,909.0,11,,,Sold,wa,WA,lot
2026-03-02T14:47:14.924250,https://www.grays.com/lot/0001-9067135/motor-vehicles-motor-cycles/2006-honda-legend-automatic-sedan,1400.0,1400.0,14,,,Sold,wa,WA,lot
2026-03-02T14:47:38.377867,https://www.grays.com/lot/0001-9067136/motor-vehicles-motor-cycles/2016-toyota-kluger-4x4-gx-gsu55r-automatic-7-seats-wagon,11200.0,11200.0,135,,,Sold,wa,WA,lot
2026-03-02T14:48:05.651704,https://www.grays.com/lot/0001-9067138/motor-vehicles-motor-cycles/2003-bmw-z4-2-5i-e85-automatic-convertible,7300.0,7300.0,102,,,Sold,wa,WA,lot
2026-03-02T14:48:32.621900,https://www.grays.com/lot/0001-9067139/motor-vehicles-motor-cycles/2015-bmw-x3-xdrive-20i-f25-automatic-8-speed-wagon,12811.0,12811.0,180,,,Sold,wa,WA,lot
2026-03-02T14:48:59.464009,https://www.grays.com/lot/0001-9067140/motor-vehicles-motor-cycles/2014-mitsubishi-lancer-es-cj-manual-sedan,7409.0,7409.0,94,,,Sold,wa,WA,lot
2026-03-02T14:49:19.893416,https://www.grays.com/lot/0001-9067141/motor-vehicles-motor-cycles/2014-volkswagen-touareg-150tdi-7p-turbo-diesel-automatic-8-speed-wagon,13300.0,13300.0,188,,,Sold,wa,WA,lot
2026-03-02T14:49:44.562837,https://www.grays.com/lot/0001-9067142/motor-vehicles-motor-cycles/2017-holden-astra-r-bk-automatic-hatchback,5810.0,5810.0,46,,,Sold,wa,WA,lot
2026-03-02T14:50:06.816171,https://www.grays.com/lot/0001-9067143/motor-vehicles-motor-cycles/2016-bmw-x1-xdrive25i-f48-automatic-8-speed-wagon,12800.0,12800.0,170,,,Sold,wa,WA,lot
2026-03-02T14:50:37.007066,https://www.grays.com/lot/0001-9067144/motor-vehicles-motor-cycles/2012-bmw-x5-xdrive-40d-sport-e70-lci-turbo-diesel-automatic-8-speed-wagon,10200.0,10200.0,113,,,Sold,wa,WA,lot
2026-03-02T14:51:11.170770,https://www.grays.com/lot/0001-9067145/motor-vehicles-motor-cycles/2002-mercedes-benz-ml270cdi-w163-turbo-diesel-automatic-7-seats-wagon,709.0,709.0,13,,,Sold,wa,WA,lot
2026-03-02T14:51:40.840767,https://www.grays.com/lot/0001-9067146/motor-vehicles-motor-cycles/2013-mazda-6-atenza-gj-turbo-diesel-automatic-wagon,5000.0,5000.0,53,,,Sold,wa,WA,lot
2026-03-02T14:52:10.273830,https://www.grays.com/lot/0001-9067148/motor-vehicles-motor-cycles/2014-ford-ranger-xl-4x2-hi-rider-px-turbo-diesel-automatic-dual-cab,3900.0,3900.0,30,,,Sold,wa,WA,lot
2026-03-02T14:52:37.071676,https://www.grays.com/lot/0001-9067149/motor-vehicles-motor-cycles/2013-jeep-grand-cherokee-overland-wk-turbo-diesel-automatic-8-speed-wagon,,,76,,,Referred,wa,WA,lot
2026-03-02T14:53:02.787847,https://www.grays.com/lot/0001-9067157/motor-vehicles-motor-cycles/2014-toyota-hilux-4x4-sr5-kun26r-turbo-diesel-manual-dual-cab,11600.0,11600.0,148,,,Sold,wa,WA,lot
2026-03-02T14:53:30.608920,https://www.grays.com/lot/0001-9067159/motor-vehicles-motor-cycles/2006-chrysler-pt-cruiser-special-edition-automatic-hatchback,,,21,,,Referred,wa,WA,lot
2026-03-02T14:53:54.303812,https://www.grays.com/lot/0001-9067161/motor-vehicles-motor-cycles/2010-suzuki-kizashi-xl-fr-cvt-sedan,1909.0,1909.0,30,,,Sold,wa,WA,lot
2026-03-02T14:54:24.791212,https://www.grays.com/lot/0001-9067163/motor-vehicles-motor-cycles/2018-mitsubishi-outlander-ls-awd-zl-cvt-7-seats-wagon,13250.0,13250.0,127,,,Sold,wa,WA,lot
2026-03-02T14:54:57.751768,https://www.grays.com/lot/0001-9067164/motor-vehicles-motor-cycles/2005-holden-cruze-yg-automatic-wagon,2009.0,2009.0,32,,,Sold,wa,WA,lot
2026-03-02T14:55:26.716726,https://www.grays.com/lot/0001-9067165/motor-vehicles-motor-cycles/2012-bmw-x3-xdrive-20d-f25-turbo-diesel-automatic-8-speed-wagon,8109.0,8109.0,128,,,Sold,wa,WA,lot
2026-03-02T14:55:51.554260,https://www.grays.com/lot/0001-9067166/motor-vehicles-motor-cycles/2012-ford-focus-ambiente-lw-ii-manual-hatchback,2509.0,2509.0,36,,,Sold,wa,WA,lot
2026-03-02T14:56:15.900317,https://www.grays.com/lot/0001-9067167/motor-vehicles-motor-cycles/2010-mazda-3-neo-bl-automatic-sedan,1709.0,1709.0,25,,,Sold,wa,WA,lot
2026-03-02T14:56:51.694640,https://www.grays.com/lot/0001-9067168/motor-vehicles-motor-cycles/2013-bmw-x3-xdrive-20d-f25-turbo-diesel-automatic-8-speed-wagon,8450.0,8450.0,125,,,Sold,wa,WA,lot
2026-03-02T14:57:21.234696,https://www.grays.com/lot/0001-9067169/motor-vehicles-motor-cycles/2008-mitsubishi-outlander-vrx-zg-automatic-7-seats-wagon,609.0,609.0,10,,,Sold,wa,WA,lot
2026-03-02T14:57:47.012910,https://www.grays.com/lot/0001-9067170/motor-vehicles-motor-cycles/2012-honda-accord-euro-luxury-8th-gen-automatic-sedan,8000.0,8000.0,81,,,Sold,wa,WA,lot
2026-03-02T14:58:13.314929,https://www.grays.com/lot/0001-9067171/motor-vehicles-motor-cycles/2014-bmw-x3-xdrive-20d-f25-turbo-diesel-automatic-8-speed-wagon,9050.0,9050.0,124,,,Sold,wa,WA,lot
2026-03-02T14:58:59.609964,https://www.grays.com/lot/0001-9067175/motor-vehicles-motor-cycles/2015-bmw-x3-xdrive-30d-f25-turbo-diesel-automatic-8-speed-wagon,8400.0,8400.0,120,,,Sold,wa,WA,lot
2026-03-02T15:00:30.301380,https://www.grays.com/lot/0001-9067176/motor-vehicles-motor-cycles/2006-hyundai-getz-sx-tb-automatic-hatchback,1809.0,1809.0,21,,,Sold,wa,WA,lot
2026-03-02T15:01:19.908754,https://www.grays.com/lot/0001-9067177/motor-vehicles-motor-cycles/2012-toyota-camry-hybrid-h-avv50r-cvt-sedan,3209.0,3209.0,36,,,Sold,wa,WA,lot
2026-03-02T15:02:09.162017,https://www.grays.com/lot/0001-9067179/motor-vehicles-motor-cycles/2011-ford-ranger-xl-4x4-pk-turbo-diesel-automatic-dual-cab,4109.0,4109.0,77,,,Sold,wa,WA,lot
2026-03-02T15:02:47.032579,https://www.grays.com/lot/0001-9067184/motor-vehicles-motor-cycles/2018-volvo-xc60-d4-momentum-turbo-diesel-automatic-8-speed-wagon,17102.0,17102.0,166,,,Sold,wa,WA,lot
2026-03-02T15:03:21.131952,https://www.grays.com/lot/0001-9067185/motor-vehicles-motor-cycles/2014-nissan-pulsar-st-c12-cvt-hatchback,1109.0,1109.0,18,,,Sold,wa,WA,lot
2026-03-02T15:03:49.983177,https://www.grays.com/lot/0001-9067187/motor-vehicles-motor-cycles/2013-ford-focus-trend-lw-ii-automatic-sedan,1209.0,1209.0,24,,,Sold,wa,WA,lot
2026-03-02T15:04:19.686177,https://www.grays.com/lot/0001-9067189/motor-vehicles-motor-cycles/1991-toyota-cressida-glx-mx83-automatic-sedan,,,96,,,Referred,wa,WA,lot
2026-03-02T15:04:44.829989,https://www.grays.com/lot/0001-9067190/motor-vehicles-motor-cycles/2019-subaru-forester-2-5i-l-s5-cvt-wagon,6700.0,6700.0,74,,,Sold,wa,WA,lot
2026-03-02T15:05:08.349235,https://www.grays.com/lot/0001-9067191/motor-vehicles-motor-cycles/2015-volkswagen-polo-81tsi-comfortline-6r-automatic-hatchback,5001.0,5001.0,40,,,Sold,wa,WA,lot
2026-03-02T15:05:34.865254,https://www.grays.com/lot/0001-9067192/motor-vehicles-motor-cycles/2009-mitsubishi-lancer-vr-sportback-cj-cvt-hatchback,1209.0,1209.0,14,,,Sold,wa,WA,lot
2026-03-02T15:06:04.223399,https://www.grays.com/lot/0001-9067193/motor-vehicles-motor-cycles/2010-holden-caprice-wm-ii-automatic-sedan,5409.0,5409.0,69,,,Sold,wa,WA,lot
2026-03-02T15:06:30.980359,https://www.grays.com/lot/0001-9067194/motor-vehicles-motor-cycles/2015-mercedes-benz-gl350-bluetec-x166-turbo-diesel-automatic-7-seats-wagon,6000.0,6000.0,31,1d 13h 53m29s,37.891,Active,wa,WA,lot
2026-03-02T15:06:54.074118,https://www.grays.com/lot/0001-9067196/motor-vehicles-motor-cycles/2007-kia-rio-ex-jb-automatic-sedan,1509.0,1509.0,21,,,Sold,wa,WA,lot
2026-03-02T15:07:22.284291,https://www.grays.com/lot/0001-9067197/motor-vehicles-motor-cycles/2004-mercedes-benz-e240-classic-w211-automatic-sedan,1400.0,1400.0,14,,,Sold,wa,WA,lot
2026-03-02T15:07:40.250093,https://www.grays.com/lot/0001-9067199/motor-vehicles-motor-cycles/2010-mazda-cx-9-luxury-automatic-7-seats-wagon,2300.0,2300.0,23,,,Sold,wa,WA,lot
2026-03-02T15:08:17.467379,https://www.grays.com/lot/0001-9067200/motor-vehicles-motor-cycles/2008-mazda-cx-9-luxury-automatic-7-seats-wagon,2550.0,2550.0,36,,,Sold,wa,WA,lot
2026-03-02T15:08:46.239170,https://www.grays.com/lot/0001-9067202/motor-vehicles-motor-cycles/2014-bmw-320d-320d-f30-turbo-diesel-automatic-8-speed-sedan,10000.0,10000.0,139,,,Sold,wa,WA,lot
2026-03-02T15:09:16.127060,https://www.grays.com/lot/0001-9067203/motor-vehicles-motor-cycles/2003-holden-commodore-25th-anniversary-vy-ii-automatic-sedan,1010.0,1010.0,14,,,Sold,wa,WA,lot
2026-03-02T15:09:42.678092,https://www.grays.com/lot/0001-9067204/motor-vehicles-motor-cycles/2009-volkswagen-passat-125tdi-3c-turbo-diesel-automatic-wagon,1109.0,1109.0,20,,,Sold,wa,WA,lot
2026-03-02T15:10:19.842664,https://www.grays.com/lot/0001-9067205/motor-vehicles-motor-cycles/2013-holden-barina-tm-manual-sedan,1309.0,1309.0,21,,,Sold,wa,WA,lot
2026-03-02T15:10:44.308770,https://www.grays.com/lot/0001-9067206/motor-vehicles-motor-cycles/2015-nissan-pulsar-st-c12-cvt-hatchback,4209.0,4209.0,53,,,Sold,wa,WA,lot
2026-03-02T15:11:05.012401,https://www.grays.com/lot/0001-9067208/motor-vehicles-motor-cycles/2006-mazda-6-luxury-sports-gg-automatic-hatchback,1109.0,1109.0,12,20h 18m54s,20.315,Active,wa,WA,lot
2026-03-02T15:11:27.564103,https://www.grays.com/lot/0001-9067209/motor-vehicles-motor-cycles/2014-volkswagen-golf-90tsi-a7-automatic-hatchback,1600.0,1600.0,22,20h 18m32s,20.309,Active,wa,WA,lot
2026-03-02T15:11:49.891103,https://www.grays.com/lot/0001-9067210/motor-vehicles-motor-cycles/2008-holden-commodore-lumina-ve-automatic-sedan,609.0,609.0,9,,,Sold,wa,WA,lot
2026-03-02T15:12:12.247059,https://www.grays.com/lot/0001-9067215/motor-vehicles-motor-cycles/2010-mitsubishi-lancer-es-sportback-cj-manual-hatchback,1409.0,1409.0,23,,,Sold,wa,WA,lot
2026-03-02T15:12:40.672303,https://www.grays.com/lot/0001-9067216/motor-vehicles-motor-cycles/2004-subaru-outback-3-0r-premium-pack-b4a-automatic-wagon,765.0,765.0,10,,,Sold,wa,WA,lot
2026-03-02T15:13:04.152377,https://www.grays.com/lot/0001-9067217/motor-vehicles-motor-cycles/2009-subaru-tribeca-3-6r-premium-b9-automatic-7-seats-wagon,600.0,600.0,8,,,Sold,wa,WA,lot
2026-03-02T15:13:29.295926,https://www.grays.com/lot/0001-9067218/motor-vehicles-motor-cycles/2004-holden-commodore-executive-vy-automatic-wagon,665.0,665.0,11,,,Sold,wa,WA,lot
2026-03-02T15:13:58.980604,https://www.grays.com/lot/0001-9067219/motor-vehicles-motor-cycles/2004-subaru-outback-2-5i-b4a-automatic-wagon,465.0,465.0,3,,,Sold,wa,WA,lot
2026-03-02T15:14:27.887034,https://www.grays.com/lot/0001-9067220/motor-vehicles-motor-cycles/2005-ford-territory-ghia-sx-automatic-wagon,709.0,709.0,11,,,Sold,wa,WA,lot
2026-03-02T15:14:50.802331,https://www.grays.com/lot/0001-9067221/motor-vehicles-motor-cycles/2007-holden-berlina-ve-automatic-sedan,575.0,575.0,10,,,Sold,wa,WA,lot
2026-03-02T15:15:13.853395,https://www.grays.com/lot/0001-9067224/motor-vehicles-motor-cycles/2017-holden-captiva-7-active-le-2wd-cg-ii-automatic-7-seats-wagon,4700.0,4700.0,65,,,Sold,wa,WA,lot
2026-03-02T15:15:35.391764,https://www.grays.com/lot/0001-9067226/motor-vehicles-motor-cycles/2001-mazda-626-classic-eclipse-gf-automatic-hatchback,500.0,500.0,7,,,Sold,wa,WA,lot
2026-03-02T15:15:55.511370,https://www.grays.com/lot/0001-9067227/motor-vehicles-motor-cycles/2003-mitsubishi-lancer-gli-1-8-ce-manual-coupe,409.0,409.0,7,,,Sold,wa,WA,lot
2026-03-02T15:16:16.824011,https://www.grays.com/lot/0001-9067229/motor-vehicles-motor-cycles/2007-toyota-camry-ateva-acv40r-automatic-sedan,1309.0,1309.0,20,,,Sold,wa,WA,lot
2026-03-02T15:16:41.180309,https://www.grays.com/lot/0001-9067232/motor-vehicles-motor-cycles/1999-toyota-camry-vienta-vxi-mcv20r-automatic-sedan,909.0,909.0,14,,,Sold,wa,WA,lot
2026-03-02T15:17:04.813605,https://www.grays.com/lot/0001-9067240/motor-vehicles-motor-cycles/2005-ford-focus-cl-ls-manual-hatchback,109.0,109.0,2,20h 12m54s,20.215,Active,wa,WA,lot
2026-03-02T15:17:20.012594,https://www.grays.com/lot/0001-9067241/motor-vehicles-motor-cycles/2009-audi-a5-3-0-tdi-quattro-8t-turbo-diesel-automatic-coupe,1809.0,1809.0,24,20h 12m40s,20.211,Active,wa,WA,lot
2026-03-02T15:17:43.372371,https://www.grays.com/lot/0001-9067242/motor-vehicles-motor-cycles/2008-toyota-landcruiser-sahara-vdj200r-turbo-diesel-automatic-8-seats-wagon,35000.0,35000.0,186,20h 12m16s,20.204,Active,wa,WA,lot
2026-03-02T15:18:10.019897,https://www.grays.com/lot/0001-9067243/motor-vehicles-motor-cycles/2009-ford-falcon-fg-automatic-ute,709.0,709.0,10,20h 11m49s,20.197,Active,wa,WA,lot
2026-03-02T15:18:34.614448,https://www.grays.com/lot/0001-9067244/motor-vehicles-motor-cycles/2009-bmw-3-series-323i-e90-automatic-sedan,2009.0,2009.0,28,20h 11m25s,20.19,Active,wa,WA,lot
2026-03-02T15:18:56.864247,https://www.grays.com/lot/0001-9067245/motor-vehicles-motor-cycles/2010-jeep-wrangler-unlimited-sport-jk-turbo-diesel-automatic-wagon,4600.0,4600.0,71,20h 11m3s,20.184,Active,wa,WA,lot
2026-03-02T15:19:17.341811,https://www.grays.com/lot/0001-9067247/motor-vehicles-motor-cycles/2017-land-rover-discovery-2-0-td4-hse-luxury-series-5-t-d-auto-wagon,16000.0,16000.0,185,20h 10m42s,20.178,Active,wa,WA,lot
2026-03-02T15:19:41.541542,https://www.grays.com/lot/0001-9067248/motor-vehicles-motor-cycles/1998-holden-rodeo-lx-v6-r9-manual-dual-cab,209.0,209.0,5,20h 10m17s,20.171,Active,wa,WA,lot
2026-03-02T15:20:05.385313,https://www.grays.com/lot/0001-9067252/motor-vehicles-motor-cycles/2014-subaru-forester-2-5i-s4-cvt-wagon,4600.0,4600.0,38,20h 9m55s,20.165,Active,wa,WA,lot
2026-03-02T15:20:28.575551,https://www.grays.com/lot/0001-9067253/motor-vehicles-motor-cycles/2017-isuzu-mu-x-4x4-ls-t-turbo-diesel-automatic-7-seats-wagon,10000.0,10000.0,70,2d 17h 39m30s,65.658,Active,wa,WA,lot
2026-03-02T15:20:51.400134,https://www.grays.com/lot/0001-9067255/motor-vehicles-motor-cycles/2014-toyota-landcruiser-gxl-vdj200r-turbo-diesel-automatic-8-seats-wagon,25300.0,25300.0,143,20h 9m9s,20.152,Active,wa,WA,lot
2026-03-02T15:21:14.070596,https://www.grays.com/lot/0001-9067256/motor-vehicles-motor-cycles/2013-land-rover-range-rover-evoque-td4-pure-turbo-diesel-automatic-wagon,4700.0,4700.0,39,20h 8m45s,20.146,Active,wa,WA,lot
2026-03-02T15:21:29.031647,https://www.grays.com/lot/0001-9067257/motor-vehicles-motor-cycles/2018-ldv-g10-executive-7-seat-automatic-7-seats-people-mover,5700.0,5700.0,54,20h 8m31s,20.142,Active,wa,WA,lot
2026-03-02T15:21:55.590989,https://www.grays.com/lot/0001-9067258/motor-vehicles-motor-cycles/2016-mitsubishi-triton-4x2-glx-mq-turbo-diesel-manual-cab-chassis,5100.0,5100.0,91,20h 8m4s,20.134,Active,wa,WA,lot
2026-03-02T15:22:18.621744,https://www.grays.com/lot/0001-9067262/motor-vehicles-motor-cycles/2011-nissan-patrol-st-s-3-0-gu-ii-turbo-diesel-automatic-7-seats-wagon,4209.0,4209.0,68,20h 7m41s,20.128,Active,wa,WA,lot
2026-03-02T15:22:43.544063,https://www.grays.com/lot/0001-9067266/motor-vehicles-motor-cycles/2008-nissan-patrol-dx-turbo-leaf-cab-gu-t-d-manual-cab-chassis,3610.0,3610.0,44,20h 7m16s,20.121,Active,wa,WA,lot
2026-03-02T15:23:04.638540,https://www.grays.com/lot/0001-9067268/motor-vehicles-motor-cycles/2010-ford-falcon-fg-automatic-ute,610.0,610.0,8,20h 6m55s,20.115,Active,wa,WA,lot
2026-03-02T15:23:25.734052,https://www.grays.com/lot/0001-9067270/motor-vehicles-motor-cycles/2010-hyundai-i30cw-sx-fd-manual-wagon,600.0,600.0,6,20h 6m34s,20.109,Active,wa,WA,lot
2026-03-02T15:23:46.903271,https://www.grays.com/lot/0001-9067271/motor-vehicles-motor-cycles/2002-toyota-camry-altise-acv36r-automatic-sedan,1550.0,1550.0,27,20h 6m13s,20.104,Active,wa,WA,lot
2026-03-02T15:24:09.946876,https://www.grays.com/lot/0001-9067272/motor-vehicles-motor-cycles/2007-bmw-325i-e90-automatic-sedan,1709.0,1709.0,19,20h 5m49s,20.097,Active,wa,WA,lot
2026-03-02T15:24:30.886347,https://www.grays.com/lot/0001-9067274/motor-vehicles-motor-cycles/2006-ford-territory-ghia-sy-automatic-7-seats-wagon,509.0,509.0,8,20h 5m29s,20.091,Active,wa,WA,lot
2026-03-02T15:24:53.004329,https://www.grays.com/lot/0001-9067275/motor-vehicles-motor-cycles/2006-suzuki-swift-ez-automatic-hatchback,2250.0,2250.0,29,20h 5m6s,20.085,Active,wa,WA,lot
2026-03-02T15:25:14.956606,https://www.grays.com/lot/0001-9067276/motor-vehicles-motor-cycles/2010-nissan-dualis-ti-j10-cvt-wagon,1310.0,1310.0,16,20h 4m45s,20.079,Active,wa,WA,lot
2026-03-02T15:25:35.206662,https://www.grays.com/lot/0001-9067277/motor-vehicles-motor-cycles/2007-peugeot-207-touring-xt-1-6-automatic-wagon,1150.0,1150.0,15,20h 4m24s,20.073,Active,wa,WA,lot
2026-03-02T15:25:55.537848,https://www.grays.com/lot/0001-9067278/motor-vehicles-motor-cycles/2008-nissan-dualis-ti-j10-cvt-wagon,609.0,609.0,12,20h 34m3s,20.567,Active,wa,WA,lot
2026-03-02T15:26:18.830142,https://www.grays.com/lot/0001-9067280/motor-vehicles-motor-cycles/2009-holden-commodore-sv6-ve-automatic-sedan,509.0,509.0,11,20h 33m41s,20.561,Active,wa,WA,lot
2026-03-02T15:26:39.279386,https://www.grays.com/lot/0001-9067281/motor-vehicles-motor-cycles/2013-holden-cruze-sri-jh-automatic-hatchback,815.0,815.0,13,20h 33m21s,20.556,Active,wa,WA,lot
2026-03-02T15:27:00.446056,https://www.grays.com/lot/0001-9067285/motor-vehicles-motor-cycles/2009-hyundai-tucson-city-manual-wagon,609.0,609.0,12,20h 32m58s,20.549,Active,wa,WA,lot
2026-03-02T15:27:21.957883,https://www.grays.com/lot/0001-9067287/motor-vehicles-motor-cycles/2009-toyota-yaris-yr-ncp90r-automatic-hatchback,2109.0,2109.0,31,20h 32m37s,20.544,Active,wa,WA,lot
2026-03-02T15:27:44.431537,https://www.grays.com/lot/0001-9067288/motor-vehicles-motor-cycles/2001-holden-jackaroo-se-u8-manual-7-seats-wagon,509.0,509.0,11,20h 32m15s,20.538,Active,wa,WA,lot
2026-03-02T15:28:04.483953,https://www.grays.com/lot/0001-9067290/motor-vehicles-motor-cycles/2018-kia-carnival-s-yp-automatic-8-speed-8-seats-people-mover,6200.0,6200.0,89,20h 31m55s,20.532,Active,wa,WA,lot
2026-03-02T15:28:27.061780,https://www.grays.com/lot/0001-9067292/motor-vehicles-motor-cycles/2010-holden-commodore-omega-ve-automatic-sedan,609.0,609.0,12,20h 31m32s,20.526,Active,wa,WA,lot
2026-03-02T15:28:50.976539,https://www.grays.com/lot/0001-9067293/motor-vehicles-motor-cycles/2005-toyota-landcruiser-prado-gx-kzj120r-turbo-diesel-manual-8-seats-wagon,1700.0,1700.0,23,20h 31m8s,20.519,Active,wa,WA,lot
2026-03-02T15:29:13.595954,https://www.grays.com/lot/0001-9067297/motor-vehicles-motor-cycles/2015-mitsubishi-asx-ls-2wd-xb-cvt-wagon,5600.0,5600.0,47,1d 20h 0m46s,44.013,Active,wa,WA,lot
2026-03-02T15:29:35.115409,https://www.grays.com/lot/0001-9067299/motor-vehicles-motor-cycles/2001-jaguar-s-type-v6-se-x200-automatic-sedan,409.0,409.0,5,1d 20h 0m25s,44.007,Active,wa,WA,lot
2026-03-02T15:29:56.134948,https://www.grays.com/lot/0001-9067300/motor-vehicles-motor-cycles/2018-holden-equinox-ls-2wd-eq-automatic-wagon,900.0,900.0,12,1d 20h 0m3s,44.001,Active,wa,WA,lot
2026-03-02T15:30:19.308191,https://www.grays.com/lot/0001-9067301/motor-vehicles-motor-cycles/2012-subaru-outback-2-0d-b5a-turbo-diesel-manual-wagon,1209.0,1209.0,19,17h 29m40s,17.494,Active,wa,WA,lot
2026-03-02T15:30:42.065516,https://www.grays.com/lot/0001-9067307/motor-vehicles-motor-cycles/2010-ford-falcon-xr6-fg-automatic-ute,4100.0,4100.0,59,1d 19h 59m17s,43.988,Active,wa,WA,lot
2026-03-02T15:31:07.390349,https://www.grays.com/lot/0001-9067308/motor-vehicles-motor-cycles/2008-mitsubishi-outlander-ls-zg-cvt-wagon,209.0,209.0,3,1d 19h 58m52s,43.981,Active,wa,WA,lot
2026-03-02T15:31:35.583145,https://www.grays.com/lot/0001-9067309/motor-vehicles-motor-cycles/2012-hyundai-ix35-active-fwd-lm-automatic-wagon,1809.0,1809.0,26,1d 19h 58m23s,43.973,Active,wa,WA,lot
2026-03-02T15:31:56.806377,https://www.grays.com/lot/0001-9067310/motor-vehicles-motor-cycles/2012-hyundai-ix35-highlander-awd-lm-turbo-diesel-automatic-wagon,1109.0,1109.0,17,1d 19h 58m2s,43.967,Active,wa,WA,lot
2026-03-02T15:32:20.154916,https://www.grays.com/lot/0001-9067311/motor-vehicles-motor-cycles/2014-ford-territory-tx-sz-turbo-diesel-automatic-wagon,809.0,809.0,13,1d 19h 57m39s,43.961,Active,wa,WA,lot
2026-03-02T15:32:41.952107,https://www.grays.com/lot/0001-9067312/motor-vehicles-motor-cycles/2006-bmw-3-series-325i-e92-automatic-coupe,2809.0,2809.0,37,1d 19h 57m18s,43.955,Active,wa,WA,lot
2026-03-02T15:33:03.765826,https://www.grays.com/lot/0001-9067313/motor-vehicles-motor-cycles/2015-renault-kangoo-maxi-turbo-diesel-manual-van,709.0,709.0,8,1d 19h 56m56s,43.949,Active,wa,WA,lot
2026-03-02T15:33:26.574079,https://www.grays.com/lot/0001-9067315/motor-vehicles-motor-cycles/2011-hyundai-i45-active-yf-automatic-sedan,609.0,609.0,7,1d 19h 56m34s,43.943,Active,wa,WA,lot
2026-03-02T15:33:47.287579,https://www.grays.com/lot/0001-9067316/motor-vehicles-motor-cycles/2013-suzuki-s-cross-gl-2wd-jy-cvt-hatchback,1750.0,1750.0,28,1d 19h 56m13s,43.937,Active,wa,WA,lot
2026-03-02T15:34:11.103508,https://www.grays.com/lot/0001-9067317/motor-vehicles-motor-cycles/2006-chrysler-pt-cruiser-special-edition-automatic-hatchback,1000.0,1000.0,9,1d 19h 55m49s,43.93,Active,wa,WA,lot
2026-03-02T15:34:32.273015,https://www.grays.com/lot/0001-9067318/motor-vehicles-motor-cycles/2014-nissan-qashqai-tl-j11-turbo-diesel-cvt-wagon,3109.0,3109.0,51,1d 19h 55m27s,43.924,Active,wa,WA,lot
2026-03-02T15:34:49.656116,https://www.grays.com/lot/0001-9067319/motor-vehicles-motor-cycles/2016-subaru-outback-2-5i-b6a-cvt-wagon,2709.0,2709.0,41,1d 19h 55m9s,43.919,Active,wa,WA,lot
2026-03-02T15:35:09.539702,https://www.grays.com/lot/0001-9067321/motor-vehicles-motor-cycles/2011-mazda-cx-9-luxury-fwd-automatic-7-seats-wagon,2200.0,2200.0,31,1d 19h 54m51s,43.914,Active,wa,WA,lot
2026-03-02T15:35:26.389522,https://www.grays.com/lot/0001-9067322/motor-vehicles-motor-cycles/2017-hyundai-tucson-active-x-tl-automatic-wagon,4900.0,4900.0,72,1d 19h 54m34s,43.909,Active,wa,WA,lot
2026-03-02T15:35:45.138518,https://www.grays.com/lot/0001-9067324/motor-vehicles-motor-cycles/2013-ford-focus-trend-lw-ii-automatic-hatchback,1509.0,1509.0,22,1d 19h 54m14s,43.904,Active,wa,WA,lot
2026-03-02T15:36:02.351184,https://www.grays.com/lot/0001-9067331/motor-vehicles-motor-cycles/2019-land-rover-discovery-sport-p250-se-l550-9-auto-7-seats-wagon,12100.0,12100.0,51,1d 19h 53m56s,43.899,Active,wa,WA,lot
2026-03-02T15:36:23.723884,https://www.grays.com/lot/0001-9067333/motor-vehicles-motor-cycles/2007-volvo-c70-le-automatic-coupe,209.0,209.0,3,1d 19h 53m35s,43.893,Active,wa,WA,lot
2026-03-02T15:36:47.540948,https://www.grays.com/lot/0009-7061340/motor-vehicles-motor-cycles/2013-mitsubishi-pajero-glxr-4wd-automatic-wagon,2909.0,2909.0,45,,,Sold,qld,QLD,lot
2026-03-02T15:37:12.459506,https://www.grays.com/lot/0010-7061340/motor-vehicles-motor-cycles/2013-mitsubishi-pajero-glxr-4wd-automatic-wagon,4809.0,4809.0,75,,,Sold,qld,QLD,lot
2026-03-02T15:37:34.388077,https://www.grays.com/lot/0013-7061340/motor-vehicles-motor-cycles/2009-ford-ranger-rwd-manual-ute,925.0,925.0,13,,,Sold,qld,QLD,lot
2026-03-02T16:00:53.417905,https://www.grays.com/lot/0001-21063126/motor-vehicles-motor-cycles/2010-toyota-corolla-ascent-zre152r-manual-hatchback,2300.0,2300.0,28,,,Sold,vic,VIC,lot
2026-03-02T16:01:20.435937,https://www.grays.com/lot/0001-21063127/motor-vehicles-motor-cycles/2004-toyota-echo-ncp12r-automatic-sedan,2109.0,2109.0,30,,,Sold,vic,VIC,lot
2026-03-02T16:01:34.143095,https://www.grays.com/lot/0001-21063128/motor-vehicles-motor-cycles/2007-bmw-530i-e60-automatic-sedan,2155.0,2155.0,9,,,Sold,vic,VIC,lot
2026-03-02T16:02:07.137019,https://www.grays.com/lot/0001-21063129/motor-vehicles-motor-cycles/2011-toyota-corolla-ascent-zre152r-automatic-hatchback,2900.0,2900.0,28,,,Sold,vic,VIC,lot
2026-03-02T16:02:33.815226,https://www.grays.com/lot/0001-21063130/motor-vehicles-motor-cycles/2004-toyota-camry-altise-acv36r-automatic-sedan,1109.0,1109.0,14,,,Sold,vic,VIC,lot
2026-03-02T16:03:05.905981,https://www.grays.com/lot/0001-21063133/motor-vehicles-motor-cycles/2007-honda-jazz-gli-gd-cvt-hatchback,2609.0,2609.0,36,,,Sold,vic,VIC,lot
2026-03-02T16:03:44.290295,https://www.grays.com/lot/0001-21063134/motor-vehicles-motor-cycles/2009-audi-a4-1-8-tfsi-b8-cvt-sedan-rwc-issued-12-02-2026,5009.0,5009.0,64,,,Sold,vic,VIC,lot
2026-03-02T16:04:14.060598,https://www.grays.com/lot/0001-21063135/motor-vehicles-motor-cycles/2012-toyota-rav-4-cv-2wd-aca38r-automatic-wagon,6409.0,6409.0,97,,,Sold,vic,VIC,lot
2026-03-02T16:04:43.873824,https://www.grays.com/lot/0001-21063136/motor-vehicles-motor-cycles/1998-hyundai-sonata-gle-ef-automatic-sedan,9.0,9.0,1,,,Sold,vic,VIC,lot
2026-03-02T16:05:36.892597,https://www.grays.com/lot/0001-21063137/motor-vehicles-motor-cycles/2016-porsche-cayenne-diesel-92a-turbo-diesel-automatic-8-speed-wagon,21000.0,21000.0,151,,,Sold,vic,VIC,lot
2026-03-02T16:05:41.100502,https://www.grays.com/lot/0001-21063136/motor-vehicles-motor-cycles/1998-hyundai-sonata-gle-ef-automatic-sedan,9.0,9.0,1,,,Sold,vic,VIC,lot
2026-03-02T16:06:24.933212,https://www.grays.com/lot/0001-21063138/motor-vehicles-motor-cycles/2004-ford-falcon-xt-ba-automatic-sedan,1209.0,1209.0,16,,,Sold,vic,VIC,lot
2026-03-02T16:06:29.866356,https://www.grays.com/lot/0001-21063137/motor-vehicles-motor-cycles/2016-porsche-cayenne-diesel-92a-turbo-diesel-automatic-8-speed-wagon,21000.0,21000.0,151,,,Sold,vic,VIC,lot
2026-03-02T16:07:10.202393,https://www.grays.com/lot/0001-21063138/motor-vehicles-motor-cycles/2004-ford-falcon-xt-ba-automatic-sedan,1209.0,1209.0,16,,,Sold,vic,VIC,lot
2026-03-02T16:07:14.163660,https://www.grays.com/lot/0001-21063139/motor-vehicles-motor-cycles/2012-bmw-5-series-535d-f10-turbo-diesel-automatic-8-speed-sedan,4900.0,4900.0,51,,,Sold,vic,VIC,lot
2026-03-02T16:08:06.607033,https://www.grays.com/lot/0001-21063139/motor-vehicles-motor-cycles/2012-bmw-5-series-535d-f10-turbo-diesel-automatic-8-speed-sedan,4900.0,4900.0,51,,,Sold,vic,VIC,lot
2026-03-02T16:08:10.753035,https://www.grays.com/lot/0001-21063140/motor-vehicles-motor-cycles/2012-subaru-impreza-2-0i-g4-cvt-sedan,2009.0,2009.0,23,,,Sold,vic,VIC,lot
2026-03-02T16:08:53.289355,https://www.grays.com/lot/0001-21063142/motor-vehicles-motor-cycles/2013-mitsubishi-asx-2wd-xb-cvt-wagon,6300.0,6300.0,57,,,Sold,vic,VIC,lot
2026-03-02T16:09:16.770273,https://www.grays.com/lot/0001-21063140/motor-vehicles-motor-cycles/2012-subaru-impreza-2-0i-g4-cvt-sedan,2009.0,2009.0,23,,,Sold,vic,VIC,lot
2026-03-02T16:09:45.223719,https://www.grays.com/lot/0001-21063143/motor-vehicles-motor-cycles/2015-ford-falcon-fg-x-automatic-ute,10369.0,10369.0,110,,,Sold,vic,VIC,lot
2026-03-02T16:09:48.326692,https://www.grays.com/lot/0001-21063142/motor-vehicles-motor-cycles/2013-mitsubishi-asx-2wd-xb-cvt-wagon,6300.0,6300.0,57,,,Sold,vic,VIC,lot
2026-03-02T16:10:43.405102,https://www.grays.com/lot/0001-21063263/motor-vehicles-motor-cycles/2023-mitsubishi-outlander-exceed-tourer-phev-zm-direct-drive-ex-gov,25801.0,25801.0,79,2d 16h 49m16s,64.821,Active,vic,VIC,lot
2026-03-02T16:10:48.292718,https://www.grays.com/lot/0001-21063143/motor-vehicles-motor-cycles/2015-ford-falcon-fg-x-automatic-ute,10369.0,10369.0,110,,,Sold,vic,VIC,lot
2026-03-02T16:11:41.696723,https://www.grays.com/lot/0001-21063265/motor-vehicles-motor-cycles/2015-holden-colorado-4x2-lx-rg-turbo-diesel-automatic-cab-chassis-ex-gov,7400.0,7400.0,75,2d 16h 48m17s,64.805,Active,vic,VIC,lot
2026-03-02T16:11:44.791199,https://www.grays.com/lot/0001-21063263/motor-vehicles-motor-cycles/2023-mitsubishi-outlander-exceed-tourer-phev-zm-direct-drive-ex-gov,25801.0,25801.0,79,2d 16h 48m15s,64.804,Active,vic,VIC,lot
2026-03-02T16:12:33.801046,https://www.grays.com/lot/0001-21063266/motor-vehicles-motor-cycles/2022-subaru-forester-hybrid-l-s5-cvt-wagon-ex-gov,10200.0,10200.0,79,2d 16h 47m26s,64.791,Active,vic,VIC,lot
2026-03-02T16:12:33.984398,https://www.grays.com/lot/0001-21063265/motor-vehicles-motor-cycles/2015-holden-colorado-4x2-lx-rg-turbo-diesel-automatic-cab-chassis-ex-gov,7400.0,7400.0,75,2d 16h 47m25s,64.79,Active,vic,VIC,lot
2026-03-02T16:13:30.438363,https://www.grays.com/lot/0001-21063266/motor-vehicles-motor-cycles/2022-subaru-forester-hybrid-l-s5-cvt-wagon-ex-gov,10200.0,10200.0,79,2d 16h 46m30s,64.775,Active,vic,VIC,lot
2026-03-02T16:13:32.948306,https://www.grays.com/lot/0001-21063267/motor-vehicles-motor-cycles/2022-toyota-corolla-ascent-sport-hybrid-zwe211r-cvt-hatchback-ex-gov,18000.0,18000.0,60,2d 16h 46m26s,64.774,Active,vic,VIC,lot
2026-03-02T16:14:25.954147,https://www.grays.com/lot/0001-21063267/motor-vehicles-motor-cycles/2022-toyota-corolla-ascent-sport-hybrid-zwe211r-cvt-hatchback-ex-gov,18000.0,18000.0,60,2d 16h 45m33s,64.759,Active,vic,VIC,lot
2026-03-02T16:14:26.152932,https://www.grays.com/lot/0001-21063268/motor-vehicles-motor-cycles/2017-toyota-prius-c-nhp10r-cvt-hatchback-ex-gov,7700.0,7700.0,52,2d 16h 45m33s,64.759,Active,vic,VIC,lot
2026-03-02T16:15:18.685992,https://www.grays.com/lot/0001-21063268/motor-vehicles-motor-cycles/2017-toyota-prius-c-nhp10r-cvt-hatchback-ex-gov,7700.0,7700.0,52,2d 16h 44m40s,64.744,Active,vic,VIC,lot
2026-03-02T16:15:18.725422,https://www.grays.com/lot/0001-21063313/motor-vehicles-motor-cycles/2022-mitsubishi-pajero-sport-glx-4wd-qf-t-d-auto-8-speed-ex-gov,14000.0,14000.0,68,7d 16h 44m40s,184.744,Active,vic,VIC,lot
2026-03-02T16:16:08.913629,https://www.grays.com/lot/0001-21063313/motor-vehicles-motor-cycles/2022-mitsubishi-pajero-sport-glx-4wd-qf-t-d-auto-8-speed-ex-gov,14000.0,14000.0,68,7d 16h 43m51s,184.731,Active,vic,VIC,lot
2026-03-02T16:16:09.417899,https://www.grays.com/lot/0001-21063314/motor-vehicles-motor-cycles/2021-subaru-forester-2-5i-l-s5-cvt-wagon-ex-gov,9100.0,9100.0,41,7d 16h 43m50s,184.731,Active,vic,VIC,lot
2026-03-02T16:17:10.619859,https://www.grays.com/lot/0001-21063314/motor-vehicles-motor-cycles/2021-subaru-forester-2-5i-l-s5-cvt-wagon-ex-gov,9100.0,9100.0,41,7d 16h 42m49s,184.714,Active,vic,VIC,lot
2026-03-02T16:17:13.395248,https://www.grays.com/lot/0001-21063332/motor-vehicles-motor-cycles/2020-hyundai-iload-tq-ii-turbo-diesel-automatic-van-ex-gov,10100.0,10100.0,51,7d 16h 42m46s,184.713,Active,vic,VIC,lot
2026-03-02T16:18:12.108059,https://www.grays.com/lot/0001-21063332/motor-vehicles-motor-cycles/2020-hyundai-iload-tq-ii-turbo-diesel-automatic-van-ex-gov,10100.0,10100.0,51,7d 16h 41m48s,184.697,Active,vic,VIC,lot
2026-03-02T16:18:12.576157,https://www.grays.com/lot/0001-21063333/motor-vehicles-motor-cycles/2020-ford-ranger-xl-4x4-px-iii-t-d-auto-cab-chassis-ex-gov,6200.0,6200.0,46,7d 16h 41m48s,184.697,Active,vic,VIC,lot
2026-03-02T16:19:14.842642,https://www.grays.com/lot/0001-21063333/motor-vehicles-motor-cycles/2020-ford-ranger-xl-4x4-px-iii-t-d-auto-cab-chassis-ex-gov,6200.0,6200.0,46,7d 16h 40m44s,184.679,Active,vic,VIC,lot
2026-03-02T16:19:23.152988,https://www.grays.com/lot/0001-21063355/motor-vehicles-motor-cycles/2006-subaru-impreza-2-0i-g2-manual-sedan,409.0,409.0,5,16h 40m36s,16.677,Active,vic,VIC,lot
2026-03-02T16:19:48.814938,https://www.grays.com/lot/0001-21063356/motor-vehicles-motor-cycles/2012-mitsubishi-lancer-lx-cj-cvt-sedan,2700.0,2700.0,29,16h 40m11s,16.67,Active,vic,VIC,lot
2026-03-02T16:20:17.270739,https://www.grays.com/lot/0001-21063355/motor-vehicles-motor-cycles/2006-subaru-impreza-2-0i-g2-manual-sedan,409.0,409.0,5,16h 39m42s,16.662,Active,vic,VIC,lot
2026-03-02T16:20:21.546225,https://www.grays.com/lot/0001-21063359/motor-vehicles-motor-cycles/2019-mitsubishi-triton-4x4-glx-mr-t-d-auto-dual-cab-ex-gov,12100.0,12100.0,104,2d 16h 39m38s,64.661,Active,vic,VIC,lot
2026-03-02T16:21:02.839379,https://www.grays.com/lot/0001-21063360/motor-vehicles-motor-cycles/2021-ford-ranger-xl-4x4-px-iii-t-d-auto-dual-cab-ex-gov,17200.0,17200.0,319,2d 16h 38m57s,64.649,Active,vic,VIC,lot
2026-03-02T16:21:03.207230,https://www.grays.com/lot/0001-21063356/motor-vehicles-motor-cycles/2012-mitsubishi-lancer-lx-cj-cvt-sedan,2700.0,2700.0,29,16h 38m56s,16.649,Active,vic,VIC,lot
2026-03-02T16:21:23.846407,https://www.grays.com/lot/0001-21063394/motor-vehicles-motor-cycles/2014-bmw-3-series-m-sport-320i-f30-automatic-8-speed-sedan,7200.0,7200.0,100,16h 38m35s,16.643,Active,vic,VIC,lot
2026-03-02T16:21:52.622399,https://www.grays.com/lot/0001-21063359/motor-vehicles-motor-cycles/2019-mitsubishi-triton-4x4-glx-mr-t-d-auto-dual-cab-ex-gov,12100.0,12100.0,104,2d 16h 38m8s,64.636,Active,vic,VIC,lot
2026-03-02T16:21:53.600559,https://www.grays.com/lot/0001-21063396/motor-vehicles-motor-cycles/2009-bmw-3-series-325i-e90-automatic-sedan,969.0,969.0,8,16h 38m6s,16.635,Active,vic,VIC,lot
2026-03-02T16:22:33.434120,https://www.grays.com/lot/0001-21063439/motor-vehicles-motor-cycles/2016-porsche-cayenne-diesel-92a-turbo-diesel-automatic-8-speed-wagon,17500.0,17500.0,98,16h 52m25s,16.874,Active,vic,VIC,lot
2026-03-02T16:22:35.685772,https://www.grays.com/lot/0001-21063360/motor-vehicles-motor-cycles/2021-ford-ranger-xl-4x4-px-iii-t-d-auto-dual-cab-ex-gov,17200.0,17200.0,319,2d 16h 37m24s,64.623,Active,vic,VIC,lot
2026-03-02T16:23:08.664917,https://www.grays.com/lot/0001-21063440/motor-vehicles-motor-cycles/2013-mercedes-benz-ml350-bluetec-w166-turbo-diesel-automatic-wagon,5220.0,5220.0,10,16h 51m50s,16.864,Active,vic,VIC,lot
2026-03-02T16:23:08.779219,https://www.grays.com/lot/0001-21063394/motor-vehicles-motor-cycles/2014-bmw-3-series-m-sport-320i-f30-automatic-8-speed-sedan,7200.0,7200.0,100,16h 36m50s,16.614,Active,vic,VIC,lot
2026-03-02T16:23:44.717313,https://www.grays.com/lot/0001-21063443/motor-vehicles-motor-cycles/2012-mazda-bt-50-4x2-xtr-turbo-diesel-automatic-dual-cab,509.0,509.0,6,1d 16h 41m15s,40.688,Active,vic,VIC,lot
2026-03-02T16:23:44.909495,https://www.grays.com/lot/0001-21063396/motor-vehicles-motor-cycles/2009-bmw-3-series-325i-e90-automatic-sedan,969.0,969.0,8,16h 36m14s,16.604,Active,vic,VIC,lot
2026-03-02T16:24:21.747458,https://www.grays.com/lot/0001-21063439/motor-vehicles-motor-cycles/2016-porsche-cayenne-diesel-92a-turbo-diesel-automatic-8-speed-wagon,17500.0,17500.0,98,16h 50m37s,16.844,Active,vic,VIC,lot
2026-03-02T16:24:22.177019,https://www.grays.com/lot/0001-21063458/motor-vehicles-motor-cycles/2015-mercedes-benz-a-class-a200-w176-automatic-hatchback,7600.0,7600.0,103,16h 35m38s,16.594,Active,vic,VIC,lot
2026-03-02T16:24:57.356753,https://www.grays.com/lot/0001-21063440/motor-vehicles-motor-cycles/2013-mercedes-benz-ml350-bluetec-w166-turbo-diesel-automatic-wagon,5220.0,5220.0,10,16h 50m2s,16.834,Active,vic,VIC,lot
2026-03-02T16:24:59.651577,https://www.grays.com/lot/0001-21063462/motor-vehicles-motor-cycles/2013-nissan-micra-st-k13-automatic-hatchback,1009.0,1009.0,11,16h 35m0s,16.583,Active,vic,VIC,lot
2026-03-02T16:25:29.146500,https://www.grays.com/lot/0001-21063443/motor-vehicles-motor-cycles/2012-mazda-bt-50-4x2-xtr-turbo-diesel-automatic-dual-cab,509.0,509.0,6,1d 16h 39m29s,40.658,Active,vic,VIC,lot
2026-03-02T16:25:32.928214,https://www.grays.com/lot/0001-21063485/motor-vehicles-motor-cycles/2014-ford-focus-trend-lw-ii-turbo-diesel-automatic-hatchback,309.0,309.0,5,16h 34m26s,16.574,Active,vic,VIC,lot
2026-03-02T16:26:06.451969,https://www.grays.com/lot/0001-21063458/motor-vehicles-motor-cycles/2015-mercedes-benz-a-class-a200-w176-automatic-hatchback,7600.0,7600.0,103,16h 33m53s,16.565,Active,vic,VIC,lot
2026-03-02T16:26:07.357635,https://www.grays.com/lot/0001-21063491/motor-vehicles-motor-cycles/2012-land-rover-range-rover-evoque-sd4-prestige-turbo-diesel-manual-wagon,1100.0,1100.0,14,16h 33m52s,16.564,Active,vic,VIC,lot
2026-03-02T16:26:43.516240,https://www.grays.com/lot/0001-21063492/motor-vehicles-motor-cycles/2007-mazda-3-sp23-luxury-pack-bk-automatic-sedan,509.0,509.0,6,16h 33m17s,16.555,Active,vic,VIC,lot
2026-03-02T16:26:44.964645,https://www.grays.com/lot/0001-21063462/motor-vehicles-motor-cycles/2013-nissan-micra-st-k13-automatic-hatchback,1009.0,1009.0,11,16h 33m16s,16.554,Active,vic,VIC,lot
2026-03-02T16:27:12.862518,https://www.grays.com/lot/0001-21063493/motor-vehicles-motor-cycles/2018-holden-equinox-ls-2wd-eq-turbo-diesel-automatic-wagon,1309.0,1309.0,9,16h 32m47s,16.546,Active,vic,VIC,lot
2026-03-02T16:27:17.782453,https://www.grays.com/lot/0001-21063485/motor-vehicles-motor-cycles/2014-ford-focus-trend-lw-ii-turbo-diesel-automatic-hatchback,309.0,309.0,5,16h 32m41s,16.545,Active,vic,VIC,lot
2026-03-02T16:27:44.040990,https://www.grays.com/lot/0001-21063494/motor-vehicles-motor-cycles/2011-volkswagen-tiguan-147-tsi-5n-automatic-wagon,109.0,109.0,2,16h 32m15s,16.538,Active,vic,VIC,lot
2026-03-02T16:27:47.067880,https://www.grays.com/lot/0001-21063491/motor-vehicles-motor-cycles/2012-land-rover-range-rover-evoque-sd4-prestige-turbo-diesel-manual-wagon,1100.0,1100.0,14,16h 32m12s,16.537,Active,vic,VIC,lot
2026-03-02T16:28:16.008568,https://www.grays.com/lot/0001-21063495/motor-vehicles-motor-cycles/2013-mitsubishi-lancer-es-cj-cvt-sedan,909.0,909.0,10,16h 31m43s,16.529,Active,vic,VIC,lot
2026-03-02T16:28:17.843306,https://www.grays.com/lot/0001-21063492/motor-vehicles-motor-cycles/2007-mazda-3-sp23-luxury-pack-bk-automatic-sedan,509.0,509.0,6,16h 31m42s,16.528,Active,vic,VIC,lot
2026-03-02T16:28:51.117963,https://www.grays.com/lot/0001-21063493/motor-vehicles-motor-cycles/2018-holden-equinox-ls-2wd-eq-turbo-diesel-automatic-wagon,1309.0,1309.0,9,16h 31m8s,16.519,Active,vic,VIC,lot
2026-03-02T16:28:57.431091,https://www.grays.com/lot/0001-21063496/motor-vehicles-motor-cycles/2010-land-rover-range-rover-sport-3-0-tdv6-luxury-automatic-wagon,5254.0,5254.0,83,16h 31m2s,16.517,Active,vic,VIC,lot
2026-03-02T16:29:23.024313,https://www.grays.com/lot/0001-21063494/motor-vehicles-motor-cycles/2011-volkswagen-tiguan-147-tsi-5n-automatic-wagon,109.0,109.0,2,16h 30m36s,16.51,Active,vic,VIC,lot
2026-03-02T16:29:25.065337,https://www.grays.com/lot/0001-21063497/motor-vehicles-motor-cycles/2022-nissan-x-trail-st-l-2wd-t33-cvt-wagon,13200.0,13200.0,94,16h 30m35s,16.51,Active,vic,VIC,lot
2026-03-02T16:29:54.186162,https://www.grays.com/lot/0001-21063495/motor-vehicles-motor-cycles/2013-mitsubishi-lancer-es-cj-cvt-sedan,909.0,909.0,10,16h 30m5s,16.501,Active,vic,VIC,lot
2026-03-02T16:29:56.120510,https://www.grays.com/lot/0001-21063499/motor-vehicles-motor-cycles/2007-holden-captiva-lx-awd-cg-automatic-7-seats-wagon,9.0,9.0,0,16h 30m3s,16.501,Active,vic,VIC,lot
2026-03-02T16:30:31.986387,https://www.grays.com/lot/0001-21063500/motor-vehicles-motor-cycles/2000-holden-calais-vx-automatic-sedan,609.0,609.0,11,16h 29m27s,16.491,Active,vic,VIC,lot
2026-03-02T16:30:35.829629,https://www.grays.com/lot/0001-21063496/motor-vehicles-motor-cycles/2010-land-rover-range-rover-sport-3-0-tdv6-luxury-automatic-wagon,5254.0,5254.0,83,16h 29m23s,16.49,Active,vic,VIC,lot
2026-03-02T16:31:06.372642,https://www.grays.com/lot/0001-21063497/motor-vehicles-motor-cycles/2022-nissan-x-trail-st-l-2wd-t33-cvt-wagon,13200.0,13200.0,94,16h 28m53s,16.481,Active,vic,VIC,lot
2026-03-02T16:31:06.395130,https://www.grays.com/lot/0001-21063501/motor-vehicles-motor-cycles/2009-ford-mondeo-zetec-mb-turbo-diesel-automatic-hatchback,309.0,309.0,4,16h 28m53s,16.481,Active,vic,VIC,lot
2026-03-02T16:31:45.269554,https://www.grays.com/lot/0001-21063499/motor-vehicles-motor-cycles/2007-holden-captiva-lx-awd-cg-automatic-7-seats-wagon,9.0,9.0,0,16h 28m15s,16.471,Active,vic,VIC,lot
2026-03-02T16:31:45.392624,https://www.grays.com/lot/0001-21063502/motor-vehicles-motor-cycles/2007-toyota-corolla-ascent-zre152r-automatic-sedan,209.0,209.0,3,16h 28m15s,16.471,Active,vic,VIC,lot
2026-03-02T16:32:08.218664,https://www.grays.com/lot/0001-21063503/motor-vehicles-motor-cycles/2013-bmw-520i-m-sports-f10-lci-automatic-8-speed-sedan,5799.0,5799.0,49,1d 16h 27m51s,40.464,Active,vic,VIC,lot
2026-03-02T16:32:30.176475,https://www.grays.com/lot/0001-21063500/motor-vehicles-motor-cycles/2000-holden-calais-vx-automatic-sedan,609.0,609.0,11,16h 27m29s,16.458,Active,vic,VIC,lot
2026-03-02T16:32:38.165481,https://www.grays.com/lot/0001-21063504/motor-vehicles-motor-cycles/2020-ford-ranger-xlt-4x4-px-iii-turbo-diesel-automatic-dual-cab,13200.0,13200.0,152,16h 27m21s,16.456,Active,vic,VIC,lot
2026-03-02T16:33:01.872271,https://www.grays.com/lot/0001-21063501/motor-vehicles-motor-cycles/2009-ford-mondeo-zetec-mb-turbo-diesel-automatic-hatchback,309.0,309.0,4,16h 26m58s,16.449,Active,vic,VIC,lot
2026-03-02T16:33:06.357765,https://www.grays.com/lot/0001-21063505/motor-vehicles-motor-cycles/2010-mitsubishi-triton-4x2-gl-r-mn-turbo-diesel-manual-dual-cab,1710.0,1710.0,30,16h 26m53s,16.448,Active,vic,VIC,lot
2026-03-02T16:33:37.502802,https://www.grays.com/lot/0001-21063506/motor-vehicles-motor-cycles/2011-toyota-corolla-ascent-zre152r-automatic-hatchback,2333.0,2333.0,26,16h 26m22s,16.439,Active,vic,VIC,lot
2026-03-02T16:33:38.047288,https://www.grays.com/lot/0001-21063502/motor-vehicles-motor-cycles/2007-toyota-corolla-ascent-zre152r-automatic-sedan,209.0,209.0,3,16h 26m21s,16.439,Active,vic,VIC,lot
2026-03-02T16:34:12.723751,https://www.grays.com/lot/0001-21063503/motor-vehicles-motor-cycles/2013-bmw-520i-m-sports-f10-lci-automatic-8-speed-sedan,5799.0,5799.0,49,1d 16h 25m47s,40.43,Active,vic,VIC,lot
2026-03-02T16:34:12.873632,https://www.grays.com/lot/0001-21063507/motor-vehicles-motor-cycles/2003-volkswagen-golf-2-0-generation-a4-manual-hatchback,309.0,309.0,4,16h 25m47s,16.43,Active,vic,VIC,lot
2026-03-02T16:34:45.976000,https://www.grays.com/lot/0001-21063508/motor-vehicles-motor-cycles/2006-subaru-impreza-2-0i-g2-automatic-sedan,109.0,109.0,2,16h 25m13s,16.42,Active,vic,VIC,lot
2026-03-02T16:34:48.205661,https://www.grays.com/lot/0001-21063504/motor-vehicles-motor-cycles/2020-ford-ranger-xlt-4x4-px-iii-turbo-diesel-automatic-dual-cab,13200.0,13200.0,152,16h 25m11s,16.42,Active,vic,VIC,lot
2026-03-02T16:35:23.789072,https://www.grays.com/lot/0001-21063505/motor-vehicles-motor-cycles/2010-mitsubishi-triton-4x2-gl-r-mn-turbo-diesel-manual-dual-cab,1710.0,1710.0,30,16h 24m36s,16.41,Active,vic,VIC,lot
2026-03-02T16:35:24.712758,https://www.grays.com/lot/0001-21063509/motor-vehicles-motor-cycles/2012-holden-cruze-cd-jh-automatic-sedan,309.0,309.0,4,16h 24m35s,16.41,Active,vic,VIC,lot
2026-03-02T16:35:56.504334,https://www.grays.com/lot/0001-21063506/motor-vehicles-motor-cycles/2011-toyota-corolla-ascent-zre152r-automatic-hatchback,2333.0,2333.0,26,16h 24m3s,16.401,Active,vic,VIC,lot
2026-03-02T16:35:56.899111,https://www.grays.com/lot/0001-21063510/motor-vehicles-motor-cycles/2012-skoda-octavia-90tsi-1z-manual-sedan,9.0,9.0,0,16h 24m2s,16.401,Active,vic,VIC,lot
2026-03-02T16:36:28.504640,https://www.grays.com/lot/0001-21063507/motor-vehicles-motor-cycles/2003-volkswagen-golf-2-0-generation-a4-manual-hatchback,309.0,309.0,4,16h 23m31s,16.392,Active,vic,VIC,lot
2026-03-02T16:36:31.383259,https://www.grays.com/lot/0001-21063511/motor-vehicles-motor-cycles/2010-bmw-3-series-320i-exec-e90-automatic-sedan,1409.0,1409.0,25,1d 16h 23m29s,40.391,Active,vic,VIC,lot
2026-03-02T16:37:00.153300,https://www.grays.com/lot/0001-21063508/motor-vehicles-motor-cycles/2006-subaru-impreza-2-0i-g2-automatic-sedan,109.0,109.0,2,16h 23m0s,16.383,Active,vic,VIC,lot
2026-03-02T16:37:02.414248,https://www.grays.com/lot/0001-21063512/motor-vehicles-motor-cycles/2013-hyundai-ix35-se-fwd-lm-automatic-wagon,4509.0,4509.0,82,16h 22m56s,16.382,Active,vic,VIC,lot
2026-03-02T16:37:40.886052,https://www.grays.com/lot/0001-21063509/motor-vehicles-motor-cycles/2012-holden-cruze-cd-jh-automatic-sedan,309.0,309.0,4,16h 22m18s,16.372,Active,vic,VIC,lot
2026-03-02T16:37:42.287551,https://www.grays.com/lot/0001-21063513/motor-vehicles-motor-cycles/2012-toyota-yaris-yrx-ncp131r-automatic-hatchback,5700.0,5700.0,78,16h 27m17s,16.455,Active,vic,VIC,lot
2026-03-02T16:38:15.241067,https://www.grays.com/lot/0001-21063510/motor-vehicles-motor-cycles/2012-skoda-octavia-90tsi-1z-manual-sedan,9.0,9.0,0,16h 21m44s,16.362,Active,vic,VIC,lot
2026-03-02T16:38:15.999685,https://www.grays.com/lot/0001-21063514/motor-vehicles-motor-cycles/2003-toyota-camry-altise-sport-mcv36r-automatic-sedan,609.0,609.0,7,16h 21m45s,16.363,Active,vic,VIC,lot
2026-03-02T16:38:55.754058,https://www.grays.com/lot/0001-21063511/motor-vehicles-motor-cycles/2010-bmw-3-series-320i-exec-e90-automatic-sedan,1409.0,1409.0,25,1d 16h 21m4s,40.351,Active,vic,VIC,lot
2026-03-02T16:38:56.190579,https://www.grays.com/lot/0001-21063516/motor-vehicles-motor-cycles/2010-mitsubishi-triton-4x2-gl-r-mn-turbo-diesel-automatic-dual-cab,109.0,109.0,3,16h 21m4s,16.351,Active,vic,VIC,lot
2026-03-02T16:39:32.583035,https://www.grays.com/lot/0001-21063518/motor-vehicles-motor-cycles/2005-holden-rodeo-lx-v6-crew-cab-ra-automatic-dual-cab,9.0,9.0,1,16h 20m27s,16.341,Active,vic,VIC,lot
2026-03-02T16:39:32.628813,https://www.grays.com/lot/0001-21063512/motor-vehicles-motor-cycles/2013-hyundai-ix35-se-fwd-lm-automatic-wagon,4509.0,4509.0,82,16h 20m26s,16.341,Active,vic,VIC,lot
2026-03-02T16:40:04.510364,https://www.grays.com/lot/0001-21063521/motor-vehicles-motor-cycles/2011-holden-cruze-cdx-jh-automatic-sedan,109.0,109.0,2,16h 19m55s,16.332,Active,vic,VIC,lot
2026-03-02T16:40:07.963821,https://www.grays.com/lot/0001-21063513/motor-vehicles-motor-cycles/2012-toyota-yaris-yrx-ncp131r-automatic-hatchback,5700.0,5700.0,78,16h 24m52s,16.414,Active,vic,VIC,lot
2026-03-02T16:40:41.453586,https://www.grays.com/lot/0001-21063523/motor-vehicles-motor-cycles/2012-mercedes-benz-ml250-bluetec-w166-turbo-diesel-automatic-wagon,3809.0,3809.0,49,16h 19m18s,16.322,Active,vic,VIC,lot
2026-03-02T16:40:41.458904,https://www.grays.com/lot/0001-21063514/motor-vehicles-motor-cycles/2003-toyota-camry-altise-sport-mcv36r-automatic-sedan,609.0,609.0,7,16h 19m18s,16.322,Active,vic,VIC,lot
2026-03-02T16:41:18.992984,https://www.grays.com/lot/0001-21063526/motor-vehicles-motor-cycles/2008-nissan-navara-st-x-4x2-d40-automatic-dual-cab,1109.0,1109.0,12,16h 18m40s,16.311,Active,vic,VIC,lot
2026-03-02T16:41:22.082709,https://www.grays.com/lot/0001-21063516/motor-vehicles-motor-cycles/2010-mitsubishi-triton-4x2-gl-r-mn-turbo-diesel-automatic-dual-cab,109.0,109.0,3,16h 18m38s,16.311,Active,vic,VIC,lot
2026-03-02T16:41:49.797717,https://www.grays.com/lot/0001-21063527/motor-vehicles-motor-cycles/2008-peugeot-308-xse-hdi-turbo-diesel-automatic-hatchback,709.0,709.0,8,16h 18m10s,16.303,Active,vic,VIC,lot
2026-03-02T16:41:54.441951,https://www.grays.com/lot/0001-21063518/motor-vehicles-motor-cycles/2005-holden-rodeo-lx-v6-crew-cab-ra-automatic-dual-cab,9.0,9.0,1,16h 18m5s,16.301,Active,vic,VIC,lot
2026-03-02T16:42:27.530242,https://www.grays.com/lot/0001-21063521/motor-vehicles-motor-cycles/2011-holden-cruze-cdx-jh-automatic-sedan,109.0,109.0,2,16h 17m32s,16.292,Active,vic,VIC,lot
2026-03-02T16:42:29.827878,https://www.grays.com/lot/0001-21063528/motor-vehicles-motor-cycles/2008-volkswagen-tiguan-103-tdi-5n-turbo-diesel-manual-wagon,9.0,9.0,0,16h 17m29s,16.291,Active,vic,VIC,lot
2026-03-02T16:43:08.208097,https://www.grays.com/lot/0001-21063523/motor-vehicles-motor-cycles/2012-mercedes-benz-ml250-bluetec-w166-turbo-diesel-automatic-wagon,3809.0,3809.0,49,16h 16m52s,16.281,Active,vic,VIC,lot
2026-03-02T16:43:10.124882,https://www.grays.com/lot/0001-21063529/motor-vehicles-motor-cycles/2015-mitsubishi-triton-4x4-glx-mn-turbo-diesel-automatic-dual-cab,3009.0,3009.0,55,16h 16m49s,16.28,Active,vic,VIC,lot
2026-03-02T16:43:42.903443,https://www.grays.com/lot/0001-21063526/motor-vehicles-motor-cycles/2008-nissan-navara-st-x-4x2-d40-automatic-dual-cab,1109.0,1109.0,12,16h 16m16s,16.271,Active,vic,VIC,lot
2026-03-02T16:43:45.120905,https://www.grays.com/lot/0001-21063531/motor-vehicles-motor-cycles/2015-jeep-grand-cherokee-laredo-4x4-wk-turbo-diesel-auto-8-speed-wagon,7600.0,7600.0,29,16h 16m15s,16.271,Active,vic,VIC,lot
2026-03-02T16:44:12.469000,https://www.grays.com/lot/0001-21063527/motor-vehicles-motor-cycles/2008-peugeot-308-xse-hdi-turbo-diesel-automatic-hatchback,709.0,709.0,8,16h 15m47s,16.263,Active,vic,VIC,lot
2026-03-02T16:44:13.820252,https://www.grays.com/lot/0001-21063532/motor-vehicles-motor-cycles/2014-mazda-3-maxx-bm-automatic-sedan,1009.0,1009.0,11,16h 15m46s,16.263,Active,vic,VIC,lot
2026-03-02T16:44:55.191825,https://www.grays.com/lot/0001-21063528/motor-vehicles-motor-cycles/2008-volkswagen-tiguan-103-tdi-5n-turbo-diesel-manual-wagon,9.0,9.0,0,16h 15m5s,16.251,Active,vic,VIC,lot
2026-03-02T16:44:55.811964,https://www.grays.com/lot/0001-21063533/motor-vehicles-motor-cycles/2011-suzuki-swift-gl-fz-automatic-hatchback,1609.0,1609.0,33,16h 15m3s,16.251,Active,vic,VIC,lot
2026-03-02T16:45:39.831753,https://www.grays.com/lot/0001-21063534/motor-vehicles-motor-cycles/2006-audi-a6-2-0-tfsi-c6-cvt-sedan,609.0,609.0,13,16h 14m20s,16.239,Active,vic,VIC,lot
2026-03-02T16:45:39.906411,https://www.grays.com/lot/0001-21063529/motor-vehicles-motor-cycles/2015-mitsubishi-triton-4x4-glx-mn-turbo-diesel-automatic-dual-cab,3009.0,3009.0,55,16h 14m19s,16.239,Active,vic,VIC,lot
2026-03-02T16:46:18.436990,https://www.grays.com/lot/0001-21063531/motor-vehicles-motor-cycles/2015-jeep-grand-cherokee-laredo-4x4-wk-turbo-diesel-auto-8-speed-wagon,7600.0,7600.0,29,16h 13m41s,16.228,Active,vic,VIC,lot
2026-03-02T16:46:20.146245,https://www.grays.com/lot/0001-21063536/motor-vehicles-motor-cycles/2013-hyundai-veloster-sr-turbo-fs-automatic-coupe,3600.0,3600.0,59,16h 13m39s,16.227,Active,vic,VIC,lot
2026-03-02T16:46:37.909087,https://www.grays.com/lot/0001-21063537/motor-vehicles-motor-cycles/2013-toyota-yaris-yr-ncp130r-automatic-hatchback,4700.0,4700.0,40,16h 13m21s,16.222,Active,vic,VIC,lot
2026-03-02T16:46:51.655672,https://www.grays.com/lot/0001-21063539/motor-vehicles-motor-cycles/2016-land-rover-discovery-sport-td4-180-hse-t-d-9-auto-7-seats-wagon,3109.0,3109.0,31,16h 13m8s,16.219,Active,vic,VIC,lot
2026-03-02T16:46:57.179005,https://www.grays.com/lot/0001-21063532/motor-vehicles-motor-cycles/2014-mazda-3-maxx-bm-automatic-sedan,1009.0,1009.0,11,16h 13m3s,16.217,Active,vic,VIC,lot
2026-03-02T16:47:35.594872,https://www.grays.com/lot/0001-21063541/motor-vehicles-motor-cycles/2016-holden-trax-ls-tj-automatic-wagon,509.0,509.0,7,16h 12m24s,16.207,Active,vic,VIC,lot
2026-03-02T16:47:36.519162,https://www.grays.com/lot/0001-21063533/motor-vehicles-motor-cycles/2011-suzuki-swift-gl-fz-automatic-hatchback,1609.0,1609.0,33,16h 12m23s,16.206,Active,vic,VIC,lot
2026-03-02T16:48:19.098363,https://www.grays.com/lot/0001-21063534/motor-vehicles-motor-cycles/2006-audi-a6-2-0-tfsi-c6-cvt-sedan,609.0,609.0,13,16h 11m41s,16.195,Active,vic,VIC,lot
2026-03-02T16:48:19.544723,https://www.grays.com/lot/0001-21063542/motor-vehicles-motor-cycles/2011-volkswagen-golf-bluemotion-a6-turbo-diesel-manual-hatchback,509.0,509.0,8,16h 11m40s,16.194,Active,vic,VIC,lot
2026-03-02T16:48:58.678150,https://www.grays.com/lot/0001-21063543/motor-vehicles-motor-cycles/2008-volvo-xc90-d5-turbo-diesel-automatic-7-seats-wagon,9.0,9.0,1,16h 11m0s,16.183,Active,vic,VIC,lot
2026-03-02T16:48:59.318994,https://www.grays.com/lot/0001-21063536/motor-vehicles-motor-cycles/2013-hyundai-veloster-sr-turbo-fs-automatic-coupe,3600.0,3600.0,59,16h 11m0s,16.183,Active,vic,VIC,lot
2026-03-02T16:49:39.811228,https://www.grays.com/lot/0001-21063544/motor-vehicles-motor-cycles/2011-volvo-xc60-d5-r-design-turbo-diesel-automatic-wagon,2800.0,2800.0,41,16h 10m19s,16.172,Active,vic,VIC,lot
2026-03-02T16:49:39.925774,https://www.grays.com/lot/0001-21063537/motor-vehicles-motor-cycles/2013-toyota-yaris-yr-ncp130r-automatic-hatchback,4700.0,4700.0,40,16h 10m20s,16.172,Active,vic,VIC,lot
2026-03-02T16:50:13.680070,https://www.grays.com/lot/0001-21063550/motor-vehicles-motor-cycles/2005-honda-jazz-gli-gd-cvt-hatchback,109.0,109.0,2,1d 16h 9m45s,40.163,Active,vic,VIC,lot
2026-03-02T16:50:17.309364,https://www.grays.com/lot/0001-21063539/motor-vehicles-motor-cycles/2016-land-rover-discovery-sport-td4-180-hse-t-d-9-auto-7-seats-wagon,3109.0,3109.0,31,16h 9m42s,16.162,Active,vic,VIC,lot
2026-03-02T16:50:50.176968,https://www.grays.com/lot/0001-21063551/motor-vehicles-motor-cycles/2005-volkswagen-golf-2-0-tdi-comfortline-a5-turbo-diesel-at-hatchback,109.0,109.0,2,16h 9m9s,16.152,Active,vic,VIC,lot
2026-03-02T16:50:52.580809,https://www.grays.com/lot/0001-21063541/motor-vehicles-motor-cycles/2016-holden-trax-ls-tj-automatic-wagon,509.0,509.0,7,16h 9m7s,16.152,Active,vic,VIC,lot
2026-03-02T16:51:26.618190,https://www.grays.com/lot/0001-21063552/motor-vehicles-motor-cycles/2009-volkswagen-tiguan-125-tsi-5n-manual-wagon,9.0,9.0,1,2d 16h 8m33s,64.143,Active,vic,VIC,lot
2026-03-02T16:51:30.715538,https://www.grays.com/lot/0001-21063542/motor-vehicles-motor-cycles/2011-volkswagen-golf-bluemotion-a6-turbo-diesel-manual-hatchback,509.0,509.0,8,16h 8m28s,16.141,Active,vic,VIC,lot
2026-03-02T16:52:02.819521,https://www.grays.com/lot/0001-21063553/motor-vehicles-motor-cycles/2015-ldv-v80-swb-low-roof-turbo-diesel-manual-van,1609.0,1609.0,30,16h 7m57s,16.133,Active,vic,VIC,lot
2026-03-02T16:52:05.808515,https://www.grays.com/lot/0001-21063543/motor-vehicles-motor-cycles/2008-volvo-xc90-d5-turbo-diesel-automatic-7-seats-wagon,9.0,9.0,1,16h 7m54s,16.132,Active,vic,VIC,lot
2026-03-02T16:52:37.044842,https://www.grays.com/lot/0001-21063554/motor-vehicles-motor-cycles/2001-bmw-320i-automatic-sedan,309.0,309.0,4,16h 7m22s,16.123,Active,vic,VIC,lot
2026-03-02T16:52:40.882580,https://www.grays.com/lot/0001-21063544/motor-vehicles-motor-cycles/2011-volvo-xc60-d5-r-design-turbo-diesel-automatic-wagon,2800.0,2800.0,41,16h 7m18s,16.122,Active,vic,VIC,lot
2026-03-02T16:53:11.137019,https://www.grays.com/lot/0001-21063555/motor-vehicles-motor-cycles/2005-volkswagen-golf-2-0-fsi-comfortline-a5-automatic-hatchback,609.0,609.0,11,16h 6m48s,16.113,Active,vic,VIC,lot
2026-03-02T16:53:11.462408,https://www.grays.com/lot/0001-21063550/motor-vehicles-motor-cycles/2005-honda-jazz-gli-gd-cvt-hatchback,109.0,109.0,2,1d 16h 6m48s,40.113,Active,vic,VIC,lot
2026-03-02T16:53:46.355153,https://www.grays.com/lot/0001-21063551/motor-vehicles-motor-cycles/2005-volkswagen-golf-2-0-tdi-comfortline-a5-turbo-diesel-at-hatchback,109.0,109.0,2,16h 6m13s,16.104,Active,vic,VIC,lot
2026-03-02T16:53:48.700141,https://www.grays.com/lot/0001-21063556/motor-vehicles-motor-cycles/2007-bmw-335i-e93-automatic-convertible,3800.0,3800.0,31,16h 6m11s,16.103,Active,vic,VIC,lot
2026-03-02T16:54:21.442733,https://www.grays.com/lot/0001-21063552/motor-vehicles-motor-cycles/2009-volkswagen-tiguan-125-tsi-5n-manual-wagon,9.0,9.0,1,2d 16h 5m38s,64.094,Active,vic,VIC,lot
2026-03-02T16:54:21.706206,https://www.grays.com/lot/0001-21063557/motor-vehicles-motor-cycles/2011-toyota-landcruiser-prado-gxl-grj150r-automatic-7-seats-wagon,8600.0,8600.0,100,16h 5m37s,16.094,Active,vic,VIC,lot
2026-03-02T16:54:55.919313,https://www.grays.com/lot/0001-21063558/motor-vehicles-motor-cycles/2013-hyundai-santa-fe-highlander-dm-turbo-diesel-automatic-7-seats-wagon,1550.0,1550.0,29,1d 16h 5m3s,40.084,Active,vic,VIC,lot
2026-03-02T16:54:56.530121,https://www.grays.com/lot/0001-21063553/motor-vehicles-motor-cycles/2015-ldv-v80-swb-low-roof-turbo-diesel-manual-van,1609.0,1609.0,30,16h 5m3s,16.084,Active,vic,VIC,lot
2026-03-02T16:55:28.421904,https://www.grays.com/lot/0001-21063554/motor-vehicles-motor-cycles/2001-bmw-320i-automatic-sedan,309.0,309.0,4,16h 4m31s,16.075,Active,vic,VIC,lot
2026-03-02T16:55:31.835645,https://www.grays.com/lot/0001-21063560/motor-vehicles-motor-cycles/2014-subaru-liberty-2-5i-b5-cvt-wagon,409.0,409.0,5,16h 4m27s,16.074,Active,vic,VIC,lot
2026-03-02T16:56:01.830875,https://www.grays.com/lot/0001-21063555/motor-vehicles-motor-cycles/2005-volkswagen-golf-2-0-fsi-comfortline-a5-automatic-hatchback,609.0,609.0,11,16h 3m57s,16.066,Active,vic,VIC,lot
2026-03-02T16:56:04.449956,https://www.grays.com/lot/0001-21063561/motor-vehicles-motor-cycles/2007-mazda-cx-7-luxury-automatic-wagon,109.0,109.0,2,1d 16h 3m56s,40.066,Active,vic,VIC,lot
2026-03-02T16:56:41.458816,https://www.grays.com/lot/0001-21063563/motor-vehicles-motor-cycles/2011-land-rover-discovery-4-3-0-sdv6-hse-series-4-t-d-auto-7-seats-wagon,2550.0,2550.0,24,16h 3m17s,16.055,Active,vic,VIC,lot
2026-03-02T16:56:42.959228,https://www.grays.com/lot/0001-21063556/motor-vehicles-motor-cycles/2007-bmw-335i-e93-automatic-convertible,3800.0,3800.0,31,16h 3m16s,16.054,Active,vic,VIC,lot
2026-03-02T16:57:01.841211,https://www.grays.com/lot/0001-21063564/motor-vehicles-motor-cycles/2013-fiat-500-lounge-automatic-hatchback,709.0,709.0,10,1d 16h 2m58s,40.049,Active,vic,VIC,lot
2026-03-02T16:57:20.191343,https://www.grays.com/lot/0001-21063565/motor-vehicles-motor-cycles/2019-bmw-3-series-330i-g20-automatic-8-speed-sedan,18100.0,18100.0,84,16h 17m39s,16.294,Active,vic,VIC,lot
2026-03-02T16:57:25.564709,https://www.grays.com/lot/0001-21063557/motor-vehicles-motor-cycles/2011-toyota-landcruiser-prado-gxl-grj150r-automatic-7-seats-wagon,8600.0,8600.0,100,16h 2m33s,16.043,Active,vic,VIC,lot
2026-03-02T16:57:57.165289,https://www.grays.com/lot/0001-21063558/motor-vehicles-motor-cycles/2013-hyundai-santa-fe-highlander-dm-turbo-diesel-automatic-7-seats-wagon,1550.0,1550.0,29,1d 16h 2m3s,40.034,Active,vic,VIC,lot
2026-03-02T16:57:57.757637,https://www.grays.com/lot/0001-21063566/motor-vehicles-motor-cycles/2011-volkswagen-passat-125tdi-highline-3c-turbo-diesel-automatic-wagon,9.0,9.0,1,1d 16h 2m2s,40.034,Active,vic,VIC,lot
2026-03-02T16:58:35.050650,https://www.grays.com/lot/0001-21063567/motor-vehicles-motor-cycles/2008-mercedes-benz-c63-amg-w204-automatic-sedan,11900.0,11900.0,52,16h 6m24s,16.107,Active,vic,VIC,lot
2026-03-02T16:58:38.341025,https://www.grays.com/lot/0001-21063560/motor-vehicles-motor-cycles/2014-subaru-liberty-2-5i-b5-cvt-wagon,409.0,409.0,5,16h 1m21s,16.022,Active,vic,VIC,lot
2026-03-02T16:59:11.852387,https://www.grays.com/lot/0001-21063568/motor-vehicles-motor-cycles/2008-land-rover-discovery-3-se-series-3-automatic-7-seats-wagon,309.0,309.0,4,16h 0m47s,16.013,Active,vic,VIC,lot
2026-03-02T16:59:13.809875,https://www.grays.com/lot/0001-21063561/motor-vehicles-motor-cycles/2007-mazda-cx-7-luxury-automatic-wagon,109.0,109.0,2,1d 16h 0m46s,40.013,Active,vic,VIC,lot
2026-03-02T16:59:51.680852,https://www.grays.com/lot/0001-21063563/motor-vehicles-motor-cycles/2011-land-rover-discovery-4-3-0-sdv6-hse-series-4-t-d-auto-7-seats-wagon,2550.0,2550.0,24,16h 0m8s,16.002,Active,vic,VIC,lot
2026-03-02T16:59:53.063775,https://www.grays.com/lot/0001-21063570/motor-vehicles-motor-cycles/2019-toyota-camry-ascent-hybrid-axvh71r-cvt-sedan,16800.0,16800.0,197,16h 0m6s,16.002,Active,vic,VIC,lot
2026-03-02T17:00:27.294498,https://www.grays.com/lot/0001-21063571/motor-vehicles-motor-cycles/2010-holden-captiva-cx-awd-cg-turbo-diesel-automatic-7-seats-wagon,9.0,9.0,2,1d 15h 59m32s,39.992,Active,vic,VIC,lot
2026-03-02T17:00:31.521729,https://www.grays.com/lot/0001-21063564/motor-vehicles-motor-cycles/2013-fiat-500-lounge-automatic-hatchback,709.0,709.0,10,1d 15h 59m28s,39.991,Active,vic,VIC,lot
2026-03-02T17:01:10.537494,https://www.grays.com/lot/0001-21063572/motor-vehicles-motor-cycles/2014-jeep-grand-cherokee-limited-wk-turbo-diesel-automatic-8-speed-wagon,909.0,909.0,14,1d 15h 58m49s,39.98,Active,vic,VIC,lot
2026-03-02T17:01:11.379983,https://www.grays.com/lot/0001-21063565/motor-vehicles-motor-cycles/2019-bmw-3-series-330i-g20-automatic-8-speed-sedan,18100.0,18100.0,84,16h 13m48s,16.23,Active,vic,VIC,lot
2026-03-02T17:01:48.537549,https://www.grays.com/lot/0001-21063566/motor-vehicles-motor-cycles/2011-volkswagen-passat-125tdi-highline-3c-turbo-diesel-automatic-wagon,9.0,9.0,1,1d 15h 58m12s,39.97,Active,vic,VIC,lot
2026-03-02T17:01:50.610225,https://www.grays.com/lot/0001-21063573/motor-vehicles-motor-cycles/2010-volkswagen-golf-gti-a6-manual-hatchback,3400.0,3400.0,30,1d 15h 58m9s,39.969,Active,vic,VIC,lot
2026-03-02T17:02:11.927563,https://www.grays.com/lot/0001-21063574/motor-vehicles-motor-cycles/2017-holden-trax-lt-tj-automatic-wagon,909.0,909.0,10,1d 15h 57m47s,39.963,Active,vic,VIC,lot
2026-03-02T17:02:31.454718,https://www.grays.com/lot/0001-21063567/motor-vehicles-motor-cycles/2008-mercedes-benz-c63-amg-w204-automatic-sedan,11900.0,11900.0,52,16h 2m29s,16.041,Active,vic,VIC,lot
2026-03-02T17:02:35.541181,https://www.grays.com/lot/0001-21063575/motor-vehicles-motor-cycles/2016-citroen-berlingo-l1-short-body-manual-van,2401.0,2401.0,20,1d 15h 57m24s,39.957,Active,vic,VIC,lot
2026-03-02T17:03:08.128404,https://www.grays.com/lot/0001-21063568/motor-vehicles-motor-cycles/2008-land-rover-discovery-3-se-series-3-automatic-7-seats-wagon,309.0,309.0,4,15h 56m52s,15.948,Active,vic,VIC,lot
2026-03-02T17:03:11.464958,https://www.grays.com/lot/0001-21063576/motor-vehicles-motor-cycles/2018-kia-sportage-si-4wd-ql-turbo-diesel-automatic-wagon,2409.0,2409.0,37,1d 15h 56m47s,39.946,Active,vic,VIC,lot
2026-03-02T17:03:47.662639,https://www.grays.com/lot/0001-21063578/motor-vehicles-motor-cycles/2015-ford-kuga-ambiente-fwd-tf-ii-automatic-wagon,1309.0,1309.0,14,15h 56m12s,15.937,Active,vic,VIC,lot
2026-03-02T17:03:47.965365,https://www.grays.com/lot/0001-21063570/motor-vehicles-motor-cycles/2019-toyota-camry-ascent-hybrid-axvh71r-cvt-sedan,16800.0,16800.0,197,15h 56m11s,15.936,Active,vic,VIC,lot
2026-03-02T17:04:22.270371,https://www.grays.com/lot/0001-21063571/motor-vehicles-motor-cycles/2010-holden-captiva-cx-awd-cg-turbo-diesel-automatic-7-seats-wagon,9.0,9.0,2,1d 15h 55m37s,39.927,Active,vic,VIC,lot
2026-03-02T17:04:24.081152,https://www.grays.com/lot/0001-21063582/motor-vehicles-motor-cycles/2015-citroen-grand-c4-picasso-exclusive-turbo-diesel-automatic-7-seat-wagon,309.0,309.0,4,1d 15h 55m35s,39.926,Active,vic,VIC,lot
2026-03-02T17:04:59.599051,https://www.grays.com/lot/0001-21063583/motor-vehicles-motor-cycles/2009-toyota-corolla-conquest-zre152r-manual-hatchback,309.0,309.0,4,15h 55m0s,15.917,Active,vic,VIC,lot
2026-03-02T17:05:01.970554,https://www.grays.com/lot/0001-21063572/motor-vehicles-motor-cycles/2014-jeep-grand-cherokee-limited-wk-turbo-diesel-automatic-8-speed-wagon,909.0,909.0,14,1d 15h 54m57s,39.916,Active,vic,VIC,lot
2026-03-02T17:05:34.525136,https://www.grays.com/lot/0001-21063584/motor-vehicles-motor-cycles/2013-ford-mondeo-lx-mc-turbo-diesel-automatic-hatchback,9.0,9.0,1,15h 54m24s,15.907,Active,vic,VIC,lot
2026-03-02T17:05:38.256082,https://www.grays.com/lot/0001-21063573/motor-vehicles-motor-cycles/2010-volkswagen-golf-gti-a6-manual-hatchback,3400.0,3400.0,30,1d 15h 54m21s,39.906,Active,vic,VIC,lot
2026-03-02T17:06:14.593211,https://www.grays.com/lot/0001-21063585/motor-vehicles-motor-cycles/2011-toyota-landcruiser-gxl-uzj200r-automatic-8-seats-wagon,16300.0,16300.0,55,1d 15h 53m46s,39.896,Active,vic,VIC,lot
2026-03-02T17:06:15.181338,https://www.grays.com/lot/0001-21063574/motor-vehicles-motor-cycles/2017-holden-trax-lt-tj-automatic-wagon,909.0,909.0,10,1d 15h 53m44s,39.896,Active,vic,VIC,lot
2026-03-02T17:06:47.663234,https://www.grays.com/lot/0001-21063575/motor-vehicles-motor-cycles/2016-citroen-berlingo-l1-short-body-manual-van,2401.0,2401.0,20,1d 15h 53m12s,39.887,Active,vic,VIC,lot
2026-03-02T17:06:48.067898,https://www.grays.com/lot/0001-21063586/motor-vehicles-motor-cycles/2006-land-rover-range-rover-sport-tdv6-turbo-diesel-automatic-wagon,309.0,309.0,4,1d 15h 53m12s,39.887,Active,vic,VIC,lot
2026-03-02T17:07:28.301069,https://www.grays.com/lot/0001-21063588/motor-vehicles-motor-cycles/2016-mitsubishi-triton-4x4-exceed-mq-turbo-diesel-automatic-dual-cab,5400.0,5400.0,25,1d 15h 52m31s,39.875,Active,vic,VIC,lot
2026-03-02T17:07:30.961902,https://www.grays.com/lot/0001-21063576/motor-vehicles-motor-cycles/2018-kia-sportage-si-4wd-ql-turbo-diesel-automatic-wagon,2409.0,2409.0,37,1d 15h 52m29s,39.875,Active,vic,VIC,lot
2026-03-02T17:08:07.688507,https://www.grays.com/lot/0001-21063589/motor-vehicles-motor-cycles/2015-jeep-cherokee-limited-4x4-kl-9-auto-wagon,909.0,909.0,16,15h 51m52s,15.864,Active,vic,VIC,lot
2026-03-02T17:08:07.825780,https://www.grays.com/lot/0001-21063578/motor-vehicles-motor-cycles/2015-ford-kuga-ambiente-fwd-tf-ii-automatic-wagon,1309.0,1309.0,14,15h 51m51s,15.864,Active,vic,VIC,lot
2026-03-02T17:08:26.418475,https://www.grays.com/lot/0001-21063590/motor-vehicles-motor-cycles/2009-bmw-118i-18i-e87-automatic-hatchback,9.0,9.0,1,15h 51m33s,15.859,Active,vic,VIC,lot
2026-03-02T17:08:43.835499,https://www.grays.com/lot/0001-21063582/motor-vehicles-motor-cycles/2015-citroen-grand-c4-picasso-exclusive-turbo-diesel-automatic-7-seat-wagon,309.0,309.0,4,1d 15h 51m16s,39.854,Active,vic,VIC,lot
2026-03-02T17:09:03.030390,https://www.grays.com/lot/0001-21063591/motor-vehicles-motor-cycles/2017-toyota-camry-altise-asv50r-automatic-sedan,2700.0,2700.0,40,1d 15h 50m56s,39.849,Active,vic,VIC,lot
2026-03-02T17:09:13.350075,https://www.grays.com/lot/0001-21063583/motor-vehicles-motor-cycles/2009-toyota-corolla-conquest-zre152r-manual-hatchback,309.0,309.0,4,15h 50m46s,15.846,Active,vic,VIC,lot
2026-03-02T17:09:35.597677,https://www.grays.com/lot/0001-21063603/motor-vehicles-motor-cycles/2009-mercedes-benz-clc-200k-cl203-automatic-coupe,209.0,209.0,5,1d 15h 50m25s,39.84,Active,vic,VIC,lot
2026-03-02T17:09:37.832458,https://www.grays.com/lot/0001-21063584/motor-vehicles-motor-cycles/2013-ford-mondeo-lx-mc-turbo-diesel-automatic-hatchback,9.0,9.0,1,15h 50m21s,15.839,Active,vic,VIC,lot
2026-03-02T17:10:15.147999,https://www.grays.com/lot/0001-21063585/motor-vehicles-motor-cycles/2011-toyota-landcruiser-gxl-uzj200r-automatic-8-seats-wagon,16300.0,16300.0,55,1d 15h 49m44s,39.829,Active,vic,VIC,lot
2026-03-02T17:10:16.629910,https://www.grays.com/lot/0001-21063604/motor-vehicles-motor-cycles/2016-ford-ranger-xlt-4x4-px-ii-turbo-diesel-automatic-dual-cab,6101.0,6101.0,69,1d 15h 49m43s,39.829,Active,vic,VIC,lot
2026-03-02T17:10:47.595367,https://www.grays.com/lot/0001-21063586/motor-vehicles-motor-cycles/2006-land-rover-range-rover-sport-tdv6-turbo-diesel-automatic-wagon,309.0,309.0,4,1d 15h 49m12s,39.82,Active,vic,VIC,lot
2026-03-02T17:10:47.897571,https://www.grays.com/lot/0001-21063605/motor-vehicles-motor-cycles/2011-bmw-1-series-120i-e82-lci-automatic-coupe,509.0,509.0,6,1d 15h 49m11s,39.82,Active,vic,VIC,lot
2026-03-02T17:11:24.723445,https://www.grays.com/lot/0001-21063606/motor-vehicles-motor-cycles/2008-peugeot-308-xse-turbo-touring-automatic-7-seats-wagon,109.0,109.0,2,1d 15h 48m35s,39.81,Active,vic,VIC,lot
2026-03-02T17:11:25.323601,https://www.grays.com/lot/0001-21063588/motor-vehicles-motor-cycles/2016-mitsubishi-triton-4x4-exceed-mq-turbo-diesel-automatic-dual-cab,5400.0,5400.0,25,1d 15h 48m34s,39.809,Active,vic,VIC,lot
2026-03-02T17:11:45.062380,https://www.grays.com/lot/0001-21063589/motor-vehicles-motor-cycles/2015-jeep-cherokee-limited-4x4-kl-9-auto-wagon,909.0,909.0,16,15h 48m15s,15.804,Active,vic,VIC,lot
2026-03-02T17:11:57.354805,https://www.grays.com/lot/0001-21063590/motor-vehicles-motor-cycles/2009-bmw-118i-18i-e87-automatic-hatchback,9.0,9.0,1,15h 48m1s,15.8,Active,vic,VIC,lot
2026-03-02T17:12:10.016748,https://www.grays.com/lot/0001-21063607/motor-vehicles-motor-cycles/2013-volkswagen-golf-90tsi-comfortline-a7-automatic-hatchback,909.0,909.0,10,1d 15h 47m49s,39.797,Active,vic,VIC,lot
2026-03-02T17:12:29.956631,https://www.grays.com/lot/0001-21063591/motor-vehicles-motor-cycles/2017-toyota-camry-altise-asv50r-automatic-sedan,2700.0,2700.0,40,1d 15h 47m30s,39.792,Active,vic,VIC,lot
2026-03-02T17:12:48.460333,https://www.grays.com/lot/0001-21063608/motor-vehicles-motor-cycles/2014-toyota-corolla-sx-zre172r-cvt-sedan,1909.0,1909.0,23,1d 15h 47m11s,39.786,Active,vic,VIC,lot
2026-03-02T17:12:53.220740,https://www.grays.com/lot/0001-21063603/motor-vehicles-motor-cycles/2009-mercedes-benz-clc-200k-cl203-automatic-coupe,209.0,209.0,5,1d 15h 47m6s,39.785,Active,vic,VIC,lot
2026-03-02T17:13:02.109026,https://www.grays.com/lot/0001-21063609/motor-vehicles-motor-cycles/2011-holden-calais-ve-automatic-sedan,1900.0,1900.0,19,1d 15h 46m58s,39.783,Active,vic,VIC,lot
2026-03-02T17:13:31.727254,https://www.grays.com/lot/0001-21063604/motor-vehicles-motor-cycles/2016-ford-ranger-xlt-4x4-px-ii-turbo-diesel-automatic-dual-cab,6101.0,6101.0,69,1d 15h 46m28s,39.774,Active,vic,VIC,lot
2026-03-02T17:13:34.358590,https://www.grays.com/lot/0001-21063612/motor-vehicles-motor-cycles/2016-holden-trax-ltz-tj-automatic-wagon,309.0,309.0,4,1d 15h 46m25s,39.774,Active,vic,VIC,lot
2026-03-02T17:14:05.469797,https://www.grays.com/lot/0001-21063605/motor-vehicles-motor-cycles/2011-bmw-1-series-120i-e82-lci-automatic-coupe,509.0,509.0,6,1d 15h 45m53s,39.765,Active,vic,VIC,lot
2026-03-02T17:14:08.662283,https://www.grays.com/lot/0001-21063613/motor-vehicles-motor-cycles/2016-land-rover-discovery-sport-td4-hse-turbo-diesel-9-auto-7-seats-wagon,3289.0,3289.0,32,1d 15h 45m51s,39.764,Active,vic,VIC,lot
2026-03-02T17:14:41.049813,https://www.grays.com/lot/0001-21063606/motor-vehicles-motor-cycles/2008-peugeot-308-xse-turbo-touring-automatic-7-seats-wagon,109.0,109.0,2,1d 15h 45m18s,39.755,Active,vic,VIC,lot
2026-03-02T17:14:44.404369,https://www.grays.com/lot/0001-21063615/motor-vehicles-motor-cycles/2013-nissan-navara-4x4-st-d40-turbo-diesel-automatic-dual-cab,1309.0,1309.0,21,1d 15h 45m15s,39.754,Active,vic,VIC,lot
2026-03-02T17:15:18.774725,https://www.grays.com/lot/0001-21063616/motor-vehicles-motor-cycles/2016-toyota-hilux-4x2-sr-hi-rider-gun136r-turbo-diesel-automatic-dual-cab,5700.0,5700.0,60,2d 15h 44m40s,63.744,Active,vic,VIC,lot
2026-03-02T17:15:21.121747,https://www.grays.com/lot/0001-21063607/motor-vehicles-motor-cycles/2013-volkswagen-golf-90tsi-comfortline-a7-automatic-hatchback,909.0,909.0,10,1d 15h 44m38s,39.744,Active,vic,VIC,lot
2026-03-02T17:15:42.811321,https://www.grays.com/lot/0001-21063608/motor-vehicles-motor-cycles/2014-toyota-corolla-sx-zre172r-cvt-sedan,1909.0,1909.0,23,1d 15h 44m17s,39.738,Active,vic,VIC,lot
2026-03-02T17:16:05.969252,https://www.grays.com/lot/0001-21063617/motor-vehicles-motor-cycles/2010-land-rover-discovery-3-0-sdv6-se-series-4-td-at-7-seats-wagon,809.0,809.0,14,1d 15h 43m53s,39.731,Active,vic,VIC,lot
2026-03-02T17:16:15.053259,https://www.grays.com/lot/0001-21063609/motor-vehicles-motor-cycles/2011-holden-calais-ve-automatic-sedan,1900.0,1900.0,19,1d 15h 43m44s,39.729,Active,vic,VIC,lot
2026-03-02T17:16:37.671939,https://www.grays.com/lot/0001-21063618/motor-vehicles-motor-cycles/2010-volkswagen-passat-cc-125tdi-3cc-turbo-diesel-automatic-coupe,700.0,700.0,6,1d 15h 43m22s,39.723,Active,vic,VIC,lot
2026-03-02T17:16:49.631827,https://www.grays.com/lot/0001-21063612/motor-vehicles-motor-cycles/2016-holden-trax-ltz-tj-automatic-wagon,309.0,309.0,4,1d 15h 43m10s,39.719,Active,vic,VIC,lot
2026-03-02T17:17:12.935436,https://www.grays.com/lot/0001-21063619/motor-vehicles-motor-cycles/2018-mazda-cx-5-touring-kf-turbo-diesel-automatic-wagon,6500.0,6500.0,75,1d 15h 42m47s,39.713,Active,vic,VIC,lot
2026-03-02T17:17:22.645590,https://www.grays.com/lot/0001-21063613/motor-vehicles-motor-cycles/2016-land-rover-discovery-sport-td4-hse-turbo-diesel-9-auto-7-seats-wagon,3289.0,3289.0,32,1d 15h 42m36s,39.71,Active,vic,VIC,lot
2026-03-02T17:17:56.004247,https://www.grays.com/lot/0001-21063620/motor-vehicles-motor-cycles/2018-volvo-xc60-d5-r-design-turbo-diesel-automatic-8-speed-wagon,7200.0,7200.0,38,1d 15h 42m4s,39.701,Active,vic,VIC,lot
2026-03-02T17:17:58.075455,https://www.grays.com/lot/0001-21063615/motor-vehicles-motor-cycles/2013-nissan-navara-4x4-st-d40-turbo-diesel-automatic-dual-cab,1309.0,1309.0,21,1d 15h 42m1s,39.7,Active,vic,VIC,lot
2026-03-02T17:18:34.726017,https://www.grays.com/lot/0001-21063616/motor-vehicles-motor-cycles/2016-toyota-hilux-4x2-sr-hi-rider-gun136r-turbo-diesel-automatic-dual-cab,5700.0,5700.0,60,2d 15h 41m25s,63.69,Active,vic,VIC,lot
2026-03-02T17:18:35.630206,https://www.grays.com/lot/0001-21063621/motor-vehicles-motor-cycles/2012-holden-captiva-7-sx-2wd-cg-ii-automatic-7-seats-wagon,309.0,309.0,4,1d 15h 41m23s,39.69,Active,vic,VIC,lot
2026-03-02T17:19:14.949666,https://www.grays.com/lot/0001-21063617/motor-vehicles-motor-cycles/2010-land-rover-discovery-3-0-sdv6-se-series-4-td-at-7-seats-wagon,809.0,809.0,14,1d 15h 40m44s,39.679,Active,vic,VIC,lot
2026-03-02T17:19:15.051263,https://www.grays.com/lot/0001-21063622/motor-vehicles-motor-cycles/2020-hyundai-tucson-active-x-tl-automatic-wagon,5400.0,5400.0,53,1d 15h 40m44s,39.679,Active,vic,VIC,lot
2026-03-02T17:19:49.967454,https://www.grays.com/lot/0001-21063618/motor-vehicles-motor-cycles/2010-volkswagen-passat-cc-125tdi-3cc-turbo-diesel-automatic-coupe,700.0,700.0,6,1d 15h 40m9s,39.669,Active,vic,VIC,lot
2026-03-02T17:19:50.726962,https://www.grays.com/lot/0001-21063638/motor-vehicles-motor-cycles/2009-mazda-cx-9-luxury-automatic-7-seats-wagon,609.0,609.0,11,1d 15h 40m9s,39.669,Active,vic,VIC,lot
2026-03-02T17:20:29.724476,https://www.grays.com/lot/0001-21063640/motor-vehicles-motor-cycles/2014-hyundai-ix35-se-fwd-lm-automatic-wagon,1300.0,1300.0,4,1d 15h 39m29s,39.658,Active,vic,VIC,lot
2026-03-02T17:20:29.934295,https://www.grays.com/lot/0001-21063619/motor-vehicles-motor-cycles/2018-mazda-cx-5-touring-kf-turbo-diesel-automatic-wagon,6500.0,6500.0,75,1d 15h 39m29s,39.658,Active,vic,VIC,lot
2026-03-02T17:20:53.068521,https://www.grays.com/lot/0001-21063620/motor-vehicles-motor-cycles/2018-volvo-xc60-d5-r-design-turbo-diesel-automatic-8-speed-wagon,7200.0,7200.0,38,1d 15h 39m6s,39.652,Active,vic,VIC,lot
2026-03-02T17:21:04.991049,https://www.grays.com/lot/0001-21063621/motor-vehicles-motor-cycles/2012-holden-captiva-7-sx-2wd-cg-ii-automatic-7-seats-wagon,309.0,309.0,4,1d 15h 38m54s,39.648,Active,vic,VIC,lot
2026-03-02T17:21:25.693402,https://www.grays.com/lot/0001-21063622/motor-vehicles-motor-cycles/2020-hyundai-tucson-active-x-tl-automatic-wagon,5400.0,5400.0,53,1d 15h 38m34s,39.643,Active,vic,VIC,lot
2026-03-02T17:21:45.835299,https://www.grays.com/lot/0001-21063638/motor-vehicles-motor-cycles/2009-mazda-cx-9-luxury-automatic-7-seats-wagon,609.0,609.0,11,1d 15h 38m13s,39.637,Active,vic,VIC,lot
2026-03-02T17:22:08.541462,https://www.grays.com/lot/0001-21063640/motor-vehicles-motor-cycles/2014-hyundai-ix35-se-fwd-lm-automatic-wagon,1300.0,1300.0,4,1d 15h 37m51s,39.631,Active,vic,VIC,lot
2026-03-02T19:00:39.940074,https://www.grays.com/lot/0001-10054552/motor-vehicles-motor-cycles/1989-holden-commodore-automatic-sedan,509.0,509.0,7,14h 4m19s,14.072,Active,nsw,NSW,lot
2026-03-02T19:00:58.366191,https://www.grays.com/lot/0001-10352796/motor-vehicles-motor-cycles/2011-bmw-x3-xdrive-20d-f25-turbo-diesel-automatic-8-speed-wagon,1109.0,1109.0,18,14h 14m1s,14.234,Active,nsw,NSW,lot
2026-03-02T19:01:26.048640,https://www.grays.com/lot/0001-10352798/motor-vehicles-motor-cycles/2008-peugeot-308-xte-automatic-hatchback,209.0,209.0,3,14h 13m34s,14.226,Active,nsw,NSW,lot
2026-03-02T19:01:43.007967,https://www.grays.com/lot/0001-10352802/motor-vehicles-motor-cycles/2014-hyundai-i30-trophy-gd-automatic-hatchback,3100.0,3100.0,35,14h 13m17s,14.221,Active,nsw,NSW,lot
2026-03-02T19:02:04.885826,https://www.grays.com/lot/0001-10352805/motor-vehicles-motor-cycles/2006-toyota-corolla-conquest-zze122r-manual-sedan,309.0,309.0,4,14h 12m55s,14.215,Active,nsw,NSW,lot
2026-03-02T19:02:23.911586,https://www.grays.com/lot/0001-10352806/motor-vehicles-motor-cycles/2017-toyota-c-hr-fwd-ngx10r-cvt-wagon,3009.0,3009.0,48,14h 12m36s,14.21,Active,nsw,NSW,lot
2026-03-02T19:02:42.339116,https://www.grays.com/lot/0001-10352808/motor-vehicles-motor-cycles/2014-subaru-outback-2-5i-b5a-cvt-wagon,1910.0,1910.0,26,14h 12m17s,14.205,Active,nsw,NSW,lot
2026-03-02T19:03:01.787780,https://www.grays.com/lot/0001-10352809/motor-vehicles-motor-cycles/2009-holden-commodore-ss-v-series-ve-automatic-sedan,7100.0,7100.0,96,14h 11m58s,14.199,Active,nsw,NSW,lot
2026-03-02T19:03:18.665769,https://www.grays.com/lot/0001-10352810/motor-vehicles-motor-cycles/2005-toyota-camry-altise-acv36r-automatic-sedan,2000.0,2000.0,19,14h 11m41s,14.195,Active,nsw,NSW,lot
2026-03-02T19:03:36.255468,https://www.grays.com/lot/0001-10352811/motor-vehicles-motor-cycles/2011-ford-fiesta-zetec-wt-automatic-hatchback,610.0,610.0,13,14h 11m23s,14.19,Active,nsw,NSW,lot
2026-03-02T19:03:52.667813,https://www.grays.com/lot/0001-10352813/motor-vehicles-motor-cycles/2022-mg-zst-core-cvt-wagon,3400.0,3400.0,43,14h 11m6s,14.185,Active,nsw,NSW,lot
2026-03-02T19:04:13.182018,https://www.grays.com/lot/0001-10352818/motor-vehicles-motor-cycles/2011-toyota-hilux-4x4-sr-kun26r-turbo-diesel-manual-crew-cab-chassis,3600.0,3600.0,41,13h 55m46s,13.929,Active,nsw,NSW,lot
2026-03-02T19:04:38.138413,https://www.grays.com/lot/0001-10352819/motor-vehicles-motor-cycles/2016-renault-master-mwb-mid-roof-turbo-diesel-manual-van,809.0,809.0,9,13h 55m21s,13.922,Active,nsw,NSW,lot
2026-03-02T19:04:56.495899,https://www.grays.com/lot/0001-10352822/motor-vehicles-motor-cycles/2007-volkswagen-golf-2-0-tdi-comfortline-a5-turbo-diesel-auto-hatchback,309.0,309.0,4,14h 10m2s,14.167,Active,nsw,NSW,lot
2026-03-02T19:05:14.339142,https://www.grays.com/lot/0001-10352824/motor-vehicles-motor-cycles/2014-holden-cruze-cd-jh-automatic-sedan,309.0,309.0,4,14h 9m46s,14.163,Active,nsw,NSW,lot
2026-03-02T19:05:33.129848,https://www.grays.com/lot/0001-10352826/motor-vehicles-motor-cycles/2008-bmw-3-series-touring-335i-e91-automatic-wagon,3000.0,3000.0,40,14h 9m26s,14.157,Active,nsw,NSW,lot
2026-03-02T19:05:49.186838,https://www.grays.com/lot/0001-10352828/motor-vehicles-motor-cycles/2013-bmw-x1-sdrive-20i-e84-lci-automatic-8-speed-wagon,1411.0,1411.0,16,14h 9m10s,14.153,Active,nsw,NSW,lot
2026-03-02T19:06:08.134495,https://www.grays.com/lot/0001-10352829/motor-vehicles-motor-cycles/2016-renault-koleos-zen-4x2-xzg-cvt-wagon,509.0,509.0,8,14h 8m51s,14.147,Active,nsw,NSW,lot
2026-03-02T19:06:25.181078,https://www.grays.com/lot/0001-10352830/motor-vehicles-motor-cycles/2018-mazda-bt-50-4x2-xt-turbo-diesel-automatic-cab-chassis,1509.0,1509.0,30,14h 8m34s,14.143,Active,nsw,NSW,lot
2026-03-02T19:06:46.978963,https://www.grays.com/lot/0001-10352831/motor-vehicles-motor-cycles/2010-bmw-3-series-323i-e90-automatic-sedan,600.0,600.0,10,14h 8m13s,14.137,Active,nsw,NSW,lot
2026-03-02T19:07:05.447370,https://www.grays.com/lot/0001-10352832/motor-vehicles-motor-cycles/2019-ford-transit-custom-340l-lwb-vn-turbo-diesel-automatic-van,20000.0,20000.0,6,12h 22m54s,12.382,Active,nsw,NSW,lot
2026-03-02T19:07:18.812789,https://www.grays.com/lot/0001-10352833/motor-vehicles-motor-cycles/2019-ldv-g10-automatic-7-seats-people-mover-undiagnosed-engine-issue,3000.0,3000.0,1,1d 13h 52m40s,37.878,Active,nsw,NSW,lot
2026-03-02T19:07:35.994657,https://www.grays.com/lot/0001-10352835/motor-vehicles-motor-cycles/2012-kia-sorento-si-xm-turbo-diesel-automatic-7-seats-wagon,2600.0,2600.0,36,13h 52m24s,13.873,Active,nsw,NSW,lot
2026-03-02T19:07:54.728893,https://www.grays.com/lot/0001-10352836/motor-vehicles-motor-cycles/2016-mazda-2-neo-dj-manual-hatchback,409.0,409.0,5,13h 52m5s,13.868,Active,nsw,NSW,lot
2026-03-02T19:08:12.829329,https://www.grays.com/lot/0001-10352837/motor-vehicles-motor-cycles/2018-volkswagen-amarok-tdi550-highline-2h-t-diesel-auto-8-speed-dual-cab,7900.0,7900.0,104,13h 51m47s,13.863,Active,nsw,NSW,lot
2026-03-02T19:08:34.648199,https://www.grays.com/lot/0001-10352838/motor-vehicles-motor-cycles/2006-holden-adventra-sx6-vz-automatic-wagon,600.0,600.0,6,13h 51m25s,13.857,Active,nsw,NSW,lot
2026-03-02T19:08:51.937645,https://www.grays.com/lot/0001-10352839/motor-vehicles-motor-cycles/2009-holden-caprice-wm-automatic-sedan,4900.0,4900.0,17,13h 51m7s,13.852,Active,nsw,NSW,lot
2026-03-02T19:09:08.525012,https://www.grays.com/lot/0001-10352842/motor-vehicles-motor-cycles/2005-mercedes-benz-slk280-r171-automatic-convertible,3210.0,3210.0,43,14h 5m51s,14.098,Active,nsw,NSW,lot
2026-03-02T19:09:26.027210,https://www.grays.com/lot/0001-10352843/motor-vehicles-motor-cycles/2016-volkswagen-polo-gti-6r-manual-hatchback,3500.0,3500.0,43,14h 5m34s,14.093,Active,nsw,NSW,lot
2026-03-02T19:09:52.117753,https://www.grays.com/lot/0001-10352844/motor-vehicles-motor-cycles/2007-lexus-is-is250-prestige-automatic-sedan,309.0,309.0,4,14h 5m7s,14.085,Active,nsw,NSW,lot
2026-03-02T19:10:08.869961,https://www.grays.com/lot/0001-10352845/motor-vehicles-motor-cycles/2012-mazda-bt-50-4x2-xt-turbo-diesel-manual-cab-chassis,609.0,609.0,9,14h 4m50s,14.081,Active,nsw,NSW,lot
2026-03-02T19:10:27.935755,https://www.grays.com/lot/0001-10352846/motor-vehicles-motor-cycles/2005-subaru-forester-2-5x-automatic-wagon,109.0,109.0,2,14h 4m32s,14.076,Active,nsw,NSW,lot
2026-03-02T19:10:48.806858,https://www.grays.com/lot/0001-10352847/motor-vehicles-motor-cycles/2006-lexus-rx-rx350-sports-gsu35r-automatic-wagon,309.0,309.0,4,14h 4m11s,14.07,Active,nsw,NSW,lot
2026-03-02T19:11:08.789327,https://www.grays.com/lot/0001-10352848/motor-vehicles-motor-cycles/2018-hsv-colorado-sportscat-rg-turbo-diesel-automatic-dual-cab,28900.0,28900.0,23,14h 3m51s,14.064,Active,nsw,NSW,lot
2026-03-02T19:11:29.962884,https://www.grays.com/lot/0001-10352849/motor-vehicles-motor-cycles/2014-mercedes-benz-cla-class-cla250-sport-awd-c117-automatic-coupe,6100.0,6100.0,106,14h 3m29s,14.058,Active,nsw,NSW,lot
2026-03-02T19:11:49.132879,https://www.grays.com/lot/0001-10352850/motor-vehicles-motor-cycles/2012-jeep-compass-sport-cvt-wagon,309.0,309.0,4,13h 48m10s,13.803,Active,nsw,NSW,lot
2026-03-02T19:12:15.899258,https://www.grays.com/lot/0001-10352853/motor-vehicles-motor-cycles/2016-mercedes-benz-gle-class-amg-gle-63s-4matic-c292-automatic-coupe,35300.0,35300.0,164,14h 2m44s,14.046,Active,nsw,NSW,lot
2026-03-02T19:12:32.617772,https://www.grays.com/lot/0001-10352854/motor-vehicles-motor-cycles/2015-hyundai-i30-active-tourer-gd-automatic-wagon,3600.0,3600.0,44,14h 2m27s,14.041,Active,nsw,NSW,lot
2026-03-02T19:12:52.843142,https://www.grays.com/lot/0001-10352855/motor-vehicles-motor-cycles/2011-toyota-hilux-4x4-sr5-kun26r-turbo-diesel-manual-dual-cab,16700.0,16700.0,182,14h 2m6s,14.035,Active,nsw,NSW,lot
2026-03-02T19:13:12.955708,https://www.grays.com/lot/0001-10352856/motor-vehicles-motor-cycles/2016-mazda-cx-3-s-touring-dk-automatic-wagon,309.0,309.0,4,14h 1m47s,14.03,Active,nsw,NSW,lot
2026-03-02T19:13:31.769631,https://www.grays.com/lot/0001-10352857/motor-vehicles-motor-cycles/2012-toyota-hiace-lwb-kdh201r-turbo-diesel-automatic-van,3500.0,3500.0,38,14h 1m28s,14.024,Active,nsw,NSW,lot
2026-03-02T19:13:53.489798,https://www.grays.com/lot/0001-10352863/motor-vehicles-motor-cycles/2006-subaru-liberty-3-0-r-b-b4-manual-sedan,409.0,409.0,6,14h 1m6s,14.018,Active,nsw,NSW,lot
2026-03-02T19:14:12.624094,https://www.grays.com/lot/0001-10352864/motor-vehicles-motor-cycles/2012-mini-cooper-r56-lci-automatic-hatchback,2000.0,2000.0,4,14h 0m46s,14.013,Active,nsw,NSW,lot
2026-03-02T19:14:31.113391,https://www.grays.com/lot/0001-10601302/motor-vehicles-motor-cycles/2020-land-rover-defender-110-p400-s-automatic-8-speed-wagon,41000.0,41000.0,15,13h 50m28s,13.841,Active,nsw,NSW,lot
2026-03-02T19:14:51.446232,https://www.grays.com/lot/0001-21063263/motor-vehicles-motor-cycles/2023-mitsubishi-outlander-exceed-tourer-phev-zm-direct-drive-ex-gov,25801.0,25801.0,79,2d 13h 45m7s,61.752,Active,vic,VIC,lot
2026-03-02T19:15:11.306998,https://www.grays.com/lot/0001-21063265/motor-vehicles-motor-cycles/2015-holden-colorado-4x2-lx-rg-turbo-diesel-automatic-cab-chassis-ex-gov,7400.0,7400.0,75,2d 13h 44m49s,61.747,Active,vic,VIC,lot
2026-03-02T19:15:30.006726,https://www.grays.com/lot/0001-21063266/motor-vehicles-motor-cycles/2022-subaru-forester-hybrid-l-s5-cvt-wagon-ex-gov,10200.0,10200.0,79,2d 13h 44m30s,61.742,Active,vic,VIC,lot
2026-03-02T19:15:49.633820,https://www.grays.com/lot/0001-21063267/motor-vehicles-motor-cycles/2022-toyota-corolla-ascent-sport-hybrid-zwe211r-cvt-hatchback-ex-gov,18000.0,18000.0,60,2d 13h 44m10s,61.736,Active,vic,VIC,lot
2026-03-02T19:16:09.804776,https://www.grays.com/lot/0001-21063268/motor-vehicles-motor-cycles/2017-toyota-prius-c-nhp10r-cvt-hatchback-ex-gov,7700.0,7700.0,52,2d 13h 43m49s,61.73,Active,vic,VIC,lot
2026-03-02T19:16:20.674878,https://www.grays.com/lot/0001-21063313/motor-vehicles-motor-cycles/2022-mitsubishi-pajero-sport-glx-4wd-qf-t-d-auto-8-speed-ex-gov,14000.0,14000.0,68,7d 13h 43m39s,181.727,Active,vic,VIC,lot
2026-03-02T19:16:39.509631,https://www.grays.com/lot/0001-21063314/motor-vehicles-motor-cycles/2021-subaru-forester-2-5i-l-s5-cvt-wagon-ex-gov,9100.0,9100.0,41,7d 13h 43m20s,181.722,Active,vic,VIC,lot
2026-03-02T19:17:00.783321,https://www.grays.com/lot/0001-21063332/motor-vehicles-motor-cycles/2020-hyundai-iload-tq-ii-turbo-diesel-automatic-van-ex-gov,10100.0,10100.0,51,7d 13h 42m59s,181.716,Active,vic,VIC,lot
2026-03-02T19:17:23.322123,https://www.grays.com/lot/0001-21063333/motor-vehicles-motor-cycles/2020-ford-ranger-xl-4x4-px-iii-t-d-auto-cab-chassis-ex-gov,6200.0,6200.0,46,7d 13h 42m36s,181.71,Active,vic,VIC,lot
2026-03-02T19:17:48.028811,https://www.grays.com/lot/0001-21063355/motor-vehicles-motor-cycles/2006-subaru-impreza-2-0i-g2-manual-sedan,409.0,409.0,5,13h 42m11s,13.703,Active,vic,VIC,lot
2026-03-02T19:18:12.515895,https://www.grays.com/lot/0001-21063356/motor-vehicles-motor-cycles/2012-mitsubishi-lancer-lx-cj-cvt-sedan,2700.0,2700.0,29,13h 41m47s,13.696,Active,vic,VIC,lot
2026-03-02T19:18:35.362077,https://www.grays.com/lot/0001-21063359/motor-vehicles-motor-cycles/2019-mitsubishi-triton-4x4-glx-mr-t-d-auto-dual-cab-ex-gov,12100.0,12100.0,104,2d 13h 41m24s,61.69,Active,vic,VIC,lot
2026-03-02T19:18:58.506136,https://www.grays.com/lot/0001-21063360/motor-vehicles-motor-cycles/2021-ford-ranger-xl-4x4-px-iii-t-d-auto-dual-cab-ex-gov,17200.0,17200.0,319,2d 13h 41m1s,61.684,Active,vic,VIC,lot
2026-03-02T19:19:17.579652,https://www.grays.com/lot/0001-21063394/motor-vehicles-motor-cycles/2014-bmw-3-series-m-sport-320i-f30-automatic-8-speed-sedan,7200.0,7200.0,100,13h 40m42s,13.678,Active,vic,VIC,lot
2026-03-02T19:19:39.392947,https://www.grays.com/lot/0001-21063396/motor-vehicles-motor-cycles/2009-bmw-3-series-325i-e90-automatic-sedan,969.0,969.0,8,13h 40m20s,13.672,Active,vic,VIC,lot
2026-03-02T19:20:01.891506,https://www.grays.com/lot/0001-21063439/motor-vehicles-motor-cycles/2016-porsche-cayenne-diesel-92a-turbo-diesel-automatic-8-speed-wagon,17500.0,17500.0,98,13h 54m58s,13.916,Active,vic,VIC,lot
2026-03-02T19:20:14.477500,https://www.grays.com/lot/0001-21063440/motor-vehicles-motor-cycles/2013-mercedes-benz-ml350-bluetec-w166-turbo-diesel-automatic-wagon,5220.0,5220.0,10,13h 54m45s,13.912,Active,vic,VIC,lot
2026-03-02T19:20:33.755415,https://www.grays.com/lot/0001-21063443/motor-vehicles-motor-cycles/2012-mazda-bt-50-4x2-xtr-turbo-diesel-automatic-dual-cab,509.0,509.0,6,1d 13h 44m25s,37.74,Active,vic,VIC,lot
2026-03-02T19:20:45.534931,https://www.grays.com/lot/0001-21063458/motor-vehicles-motor-cycles/2015-mercedes-benz-a-class-a200-w176-automatic-hatchback,8000.0,8000.0,107,13h 39m14s,13.654,Active,vic,VIC,lot
2026-03-02T19:21:09.147917,https://www.grays.com/lot/0001-21063462/motor-vehicles-motor-cycles/2013-nissan-micra-st-k13-automatic-hatchback,1109.0,1109.0,12,13h 38m51s,13.647,Active,vic,VIC,lot
2026-03-02T19:21:31.068333,https://www.grays.com/lot/0001-21063485/motor-vehicles-motor-cycles/2014-ford-focus-trend-lw-ii-turbo-diesel-automatic-hatchback,309.0,309.0,5,13h 38m29s,13.641,Active,vic,VIC,lot
2026-03-02T19:21:54.090713,https://www.grays.com/lot/0001-21063491/motor-vehicles-motor-cycles/2012-land-rover-range-rover-evoque-sd4-prestige-turbo-diesel-manual-wagon,1100.0,1100.0,14,13h 38m5s,13.635,Active,vic,VIC,lot
2026-03-02T19:22:15.740367,https://www.grays.com/lot/0001-21063492/motor-vehicles-motor-cycles/2007-mazda-3-sp23-luxury-pack-bk-automatic-sedan,509.0,509.0,6,13h 37m44s,13.629,Active,vic,VIC,lot
2026-03-02T19:22:33.356082,https://www.grays.com/lot/0001-21063493/motor-vehicles-motor-cycles/2018-holden-equinox-ls-2wd-eq-turbo-diesel-automatic-wagon,1309.0,1309.0,9,13h 37m26s,13.624,Active,vic,VIC,lot
2026-03-02T19:22:52.446080,https://www.grays.com/lot/0001-21063494/motor-vehicles-motor-cycles/2011-volkswagen-tiguan-147-tsi-5n-automatic-wagon,109.0,109.0,2,13h 37m7s,13.619,Active,vic,VIC,lot
2026-03-02T19:23:09.619724,https://www.grays.com/lot/0001-21063495/motor-vehicles-motor-cycles/2013-mitsubishi-lancer-es-cj-cvt-sedan,909.0,909.0,10,13h 36m50s,13.614,Active,vic,VIC,lot
2026-03-02T19:23:35.789767,https://www.grays.com/lot/0001-21063496/motor-vehicles-motor-cycles/2010-land-rover-range-rover-sport-3-0-tdv6-luxury-automatic-wagon,5254.0,5254.0,83,13h 36m23s,13.606,Active,vic,VIC,lot
2026-03-02T19:23:54.973479,https://www.grays.com/lot/0001-21063497/motor-vehicles-motor-cycles/2022-nissan-x-trail-st-l-2wd-t33-cvt-wagon,13200.0,13200.0,94,13h 36m4s,13.601,Active,vic,VIC,lot
2026-03-02T19:24:15.974383,https://www.grays.com/lot/0001-21063499/motor-vehicles-motor-cycles/2007-holden-captiva-lx-awd-cg-automatic-7-seats-wagon,9.0,9.0,0,13h 35m44s,13.596,Active,vic,VIC,lot
2026-03-02T19:24:37.031924,https://www.grays.com/lot/0001-21063500/motor-vehicles-motor-cycles/2000-holden-calais-vx-automatic-sedan,609.0,609.0,11,13h 35m22s,13.589,Active,vic,VIC,lot
2026-03-02T19:24:56.230520,https://www.grays.com/lot/0001-21063501/motor-vehicles-motor-cycles/2009-ford-mondeo-zetec-mb-turbo-diesel-automatic-hatchback,309.0,309.0,4,13h 35m3s,13.584,Active,vic,VIC,lot
2026-03-02T19:25:18.085089,https://www.grays.com/lot/0001-21063502/motor-vehicles-motor-cycles/2007-toyota-corolla-ascent-zre152r-automatic-sedan,209.0,209.0,3,13h 34m41s,13.578,Active,vic,VIC,lot
2026-03-02T19:25:38.869317,https://www.grays.com/lot/0001-21063503/motor-vehicles-motor-cycles/2013-bmw-520i-m-sports-f10-lci-automatic-8-speed-sedan,5799.0,5799.0,49,1d 13h 34m20s,37.572,Active,vic,VIC,lot
2026-03-02T19:26:02.440475,https://www.grays.com/lot/0001-21063504/motor-vehicles-motor-cycles/2020-ford-ranger-xlt-4x4-px-iii-turbo-diesel-automatic-dual-cab,13200.0,13200.0,152,13h 33m57s,13.566,Active,vic,VIC,lot
2026-03-02T19:26:24.330903,https://www.grays.com/lot/0001-21063505/motor-vehicles-motor-cycles/2010-mitsubishi-triton-4x2-gl-r-mn-turbo-diesel-manual-dual-cab,1710.0,1710.0,30,13h 33m36s,13.56,Active,vic,VIC,lot
2026-03-02T19:26:43.172718,https://www.grays.com/lot/0001-21063506/motor-vehicles-motor-cycles/2011-toyota-corolla-ascent-zre152r-automatic-hatchback,2433.0,2433.0,27,13h 33m16s,13.554,Active,vic,VIC,lot
2026-03-02T19:27:01.733248,https://www.grays.com/lot/0001-21063507/motor-vehicles-motor-cycles/2003-volkswagen-golf-2-0-generation-a4-manual-hatchback,309.0,309.0,4,13h 32m57s,13.549,Active,vic,VIC,lot
2026-03-02T19:27:21.048810,https://www.grays.com/lot/0001-21063508/motor-vehicles-motor-cycles/2006-subaru-impreza-2-0i-g2-automatic-sedan,109.0,109.0,2,13h 32m38s,13.544,Active,vic,VIC,lot
2026-03-02T19:27:43.610305,https://www.grays.com/lot/0001-21063509/motor-vehicles-motor-cycles/2012-holden-cruze-cd-jh-automatic-sedan,309.0,309.0,4,13h 32m16s,13.538,Active,vic,VIC,lot
2026-03-02T19:28:04.111381,https://www.grays.com/lot/0001-21063510/motor-vehicles-motor-cycles/2012-skoda-octavia-90tsi-1z-manual-sedan,9.0,9.0,0,13h 31m55s,13.532,Active,vic,VIC,lot
2026-03-02T19:28:26.821168,https://www.grays.com/lot/0001-21063511/motor-vehicles-motor-cycles/2010-bmw-3-series-320i-exec-e90-automatic-sedan,1409.0,1409.0,25,1d 13h 31m33s,37.526,Active,vic,VIC,lot
2026-03-02T19:28:48.796504,https://www.grays.com/lot/0001-21063512/motor-vehicles-motor-cycles/2013-hyundai-ix35-se-fwd-lm-automatic-wagon,4509.0,4509.0,82,13h 31m11s,13.52,Active,vic,VIC,lot
2026-03-02T19:29:01.281229,https://www.grays.com/lot/0001-21063513/motor-vehicles-motor-cycles/2012-toyota-yaris-yrx-ncp131r-automatic-hatchback,5800.0,5800.0,79,13h 35m58s,13.599,Active,vic,VIC,lot
2026-03-02T19:29:22.463805,https://www.grays.com/lot/0001-21063514/motor-vehicles-motor-cycles/2003-toyota-camry-altise-sport-mcv36r-automatic-sedan,609.0,609.0,7,13h 30m37s,13.51,Active,vic,VIC,lot
2026-03-02T19:29:45.941319,https://www.grays.com/lot/0001-21063516/motor-vehicles-motor-cycles/2010-mitsubishi-triton-4x2-gl-r-mn-turbo-diesel-automatic-dual-cab,109.0,109.0,3,13h 30m13s,13.504,Active,vic,VIC,lot
2026-03-02T19:29:56.945137,https://www.grays.com/lot/0001-21063518/motor-vehicles-motor-cycles/2005-holden-rodeo-lx-v6-crew-cab-ra-automatic-dual-cab,9.0,9.0,1,13h 30m2s,13.501,Active,vic,VIC,lot
2026-03-02T19:30:16.931920,https://www.grays.com/lot/0001-21063521/motor-vehicles-motor-cycles/2011-holden-cruze-cdx-jh-automatic-sedan,109.0,109.0,2,13h 29m43s,13.495,Active,vic,VIC,lot
2026-03-02T19:30:31.483212,https://www.grays.com/lot/0001-21063523/motor-vehicles-motor-cycles/2012-mercedes-benz-ml250-bluetec-w166-turbo-diesel-automatic-wagon,3809.0,3809.0,49,13h 29m27s,13.491,Active,vic,VIC,lot
2026-03-02T19:30:52.362288,https://www.grays.com/lot/0001-21063526/motor-vehicles-motor-cycles/2008-nissan-navara-st-x-4x2-d40-automatic-dual-cab,1109.0,1109.0,12,13h 29m8s,13.486,Active,vic,VIC,lot
2026-03-02T19:31:08.688489,https://www.grays.com/lot/0001-21063527/motor-vehicles-motor-cycles/2008-peugeot-308-xse-hdi-turbo-diesel-automatic-hatchback,709.0,709.0,8,13h 28m50s,13.481,Active,vic,VIC,lot
2026-03-02T19:31:21.919327,https://www.grays.com/lot/0001-21063528/motor-vehicles-motor-cycles/2008-volkswagen-tiguan-103-tdi-5n-turbo-diesel-manual-wagon,9.0,9.0,0,13h 28m37s,13.477,Active,vic,VIC,lot
2026-03-02T19:31:45.903317,https://www.grays.com/lot/0001-21063529/motor-vehicles-motor-cycles/2015-mitsubishi-triton-4x4-glx-mn-turbo-diesel-automatic-dual-cab,3009.0,3009.0,55,13h 28m13s,13.47,Active,vic,VIC,lot
2026-03-02T19:32:06.849914,https://www.grays.com/lot/0001-21063531/motor-vehicles-motor-cycles/2015-jeep-grand-cherokee-laredo-4x4-wk-turbo-diesel-auto-8-speed-wagon,7600.0,7600.0,29,13h 27m53s,13.465,Active,vic,VIC,lot
2026-03-02T19:32:25.357846,https://www.grays.com/lot/0001-21063532/motor-vehicles-motor-cycles/2014-mazda-3-maxx-bm-automatic-sedan,1209.0,1209.0,13,13h 27m34s,13.459,Active,vic,VIC,lot
2026-03-02T19:32:48.241143,https://www.grays.com/lot/0001-21063533/motor-vehicles-motor-cycles/2011-suzuki-swift-gl-fz-automatic-hatchback,1609.0,1609.0,33,13h 27m12s,13.453,Active,vic,VIC,lot
2026-03-02T19:33:11.185706,https://www.grays.com/lot/0001-21063534/motor-vehicles-motor-cycles/2006-audi-a6-2-0-tfsi-c6-cvt-sedan,609.0,609.0,13,13h 26m49s,13.447,Active,vic,VIC,lot
2026-03-02T19:33:22.495756,https://www.grays.com/lot/0001-21063536/motor-vehicles-motor-cycles/2013-hyundai-veloster-sr-turbo-fs-automatic-coupe,3600.0,3600.0,59,13h 26m37s,13.444,Active,vic,VIC,lot
2026-03-02T19:33:33.413888,https://www.grays.com/lot/0001-21063537/motor-vehicles-motor-cycles/2013-toyota-yaris-yr-ncp130r-automatic-hatchback,4700.0,4700.0,40,13h 26m26s,13.441,Active,vic,VIC,lot
2026-03-02T19:33:54.165871,https://www.grays.com/lot/0001-21063539/motor-vehicles-motor-cycles/2016-land-rover-discovery-sport-td4-180-hse-t-d-9-auto-7-seats-wagon,3109.0,3109.0,31,13h 26m6s,13.435,Active,vic,VIC,lot
2026-03-02T19:34:15.288548,https://www.grays.com/lot/0001-21063541/motor-vehicles-motor-cycles/2016-holden-trax-ls-tj-automatic-wagon,509.0,509.0,7,13h 25m43s,13.429,Active,vic,VIC,lot
2026-03-02T19:34:37.954292,https://www.grays.com/lot/0001-21063542/motor-vehicles-motor-cycles/2011-volkswagen-golf-bluemotion-a6-turbo-diesel-manual-hatchback,509.0,509.0,8,13h 25m22s,13.423,Active,vic,VIC,lot
2026-03-02T19:34:59.850931,https://www.grays.com/lot/0001-21063543/motor-vehicles-motor-cycles/2008-volvo-xc90-d5-turbo-diesel-automatic-7-seats-wagon,9.0,9.0,1,13h 25m0s,13.417,Active,vic,VIC,lot
2026-03-02T19:35:21.518970,https://www.grays.com/lot/0001-21063544/motor-vehicles-motor-cycles/2011-volvo-xc60-d5-r-design-turbo-diesel-automatic-wagon,2800.0,2800.0,41,13h 24m38s,13.411,Active,vic,VIC,lot
2026-03-02T19:35:32.872949,https://www.grays.com/lot/0001-21063550/motor-vehicles-motor-cycles/2005-honda-jazz-gli-gd-cvt-hatchback,109.0,109.0,2,1d 13h 24m26s,37.407,Active,vic,VIC,lot
2026-03-02T19:35:51.525156,https://www.grays.com/lot/0001-21063551/motor-vehicles-motor-cycles/2005-volkswagen-golf-2-0-tdi-comfortline-a5-turbo-diesel-at-hatchback,109.0,109.0,2,13h 24m8s,13.402,Active,vic,VIC,lot
2026-03-02T19:36:10.558297,https://www.grays.com/lot/0001-21063552/motor-vehicles-motor-cycles/2009-volkswagen-tiguan-125-tsi-5n-manual-wagon,9.0,9.0,1,2d 13h 23m49s,61.397,Active,vic,VIC,lot
2026-03-02T19:36:29.928136,https://www.grays.com/lot/0001-21063553/motor-vehicles-motor-cycles/2015-ldv-v80-swb-low-roof-turbo-diesel-manual-van,1609.0,1609.0,30,13h 23m29s,13.391,Active,vic,VIC,lot
2026-03-02T19:36:47.174004,https://www.grays.com/lot/0001-21063554/motor-vehicles-motor-cycles/2001-bmw-320i-automatic-sedan,309.0,309.0,4,13h 23m12s,13.387,Active,vic,VIC,lot
2026-03-02T19:37:05.192418,https://www.grays.com/lot/0001-21063555/motor-vehicles-motor-cycles/2005-volkswagen-golf-2-0-fsi-comfortline-a5-automatic-hatchback,609.0,609.0,11,13h 22m54s,13.382,Active,vic,VIC,lot
2026-03-02T19:37:16.973166,https://www.grays.com/lot/0001-21063556/motor-vehicles-motor-cycles/2007-bmw-335i-e93-automatic-convertible,3800.0,3800.0,31,13h 22m42s,13.378,Active,vic,VIC,lot
2026-03-02T19:37:35.003485,https://www.grays.com/lot/0001-21063557/motor-vehicles-motor-cycles/2011-toyota-landcruiser-prado-gxl-grj150r-automatic-7-seats-wagon,8600.0,8600.0,100,13h 22m24s,13.373,Active,vic,VIC,lot
2026-03-02T19:37:54.460929,https://www.grays.com/lot/0001-21063558/motor-vehicles-motor-cycles/2013-hyundai-santa-fe-highlander-dm-turbo-diesel-automatic-7-seats-wagon,1550.0,1550.0,29,1d 13h 22m5s,37.368,Active,vic,VIC,lot
2026-03-02T19:38:16.803467,https://www.grays.com/lot/0001-21063560/motor-vehicles-motor-cycles/2014-subaru-liberty-2-5i-b5-cvt-wagon,409.0,409.0,5,13h 21m43s,13.362,Active,vic,VIC,lot
2026-03-02T19:38:36.969496,https://www.grays.com/lot/0001-21063561/motor-vehicles-motor-cycles/2007-mazda-cx-7-luxury-automatic-wagon,109.0,109.0,2,1d 13h 21m23s,37.356,Active,vic,VIC,lot
2026-03-02T19:38:57.317904,https://www.grays.com/lot/0001-21063563/motor-vehicles-motor-cycles/2011-land-rover-discovery-4-3-0-sdv6-hse-series-4-t-d-auto-7-seats-wagon,2550.0,2550.0,24,13h 21m2s,13.351,Active,vic,VIC,lot
2026-03-02T19:39:09.948060,https://www.grays.com/lot/0001-21063564/motor-vehicles-motor-cycles/2013-fiat-500-lounge-automatic-hatchback,709.0,709.0,10,1d 13h 20m50s,37.347,Active,vic,VIC,lot
2026-03-02T19:39:32.625905,https://www.grays.com/lot/0001-21063565/motor-vehicles-motor-cycles/2019-bmw-3-series-330i-g20-automatic-8-speed-sedan,18100.0,18100.0,84,13h 35m27s,13.591,Active,vic,VIC,lot
2026-03-02T19:39:53.067607,https://www.grays.com/lot/0001-21063566/motor-vehicles-motor-cycles/2011-volkswagen-passat-125tdi-highline-3c-turbo-diesel-automatic-wagon,9.0,9.0,1,1d 13h 20m6s,37.335,Active,vic,VIC,lot
2026-03-02T19:40:14.942358,https://www.grays.com/lot/0001-21063567/motor-vehicles-motor-cycles/2008-mercedes-benz-c63-amg-w204-automatic-sedan,11900.0,11900.0,52,13h 24m45s,13.412,Active,vic,VIC,lot
2026-03-02T19:40:35.633669,https://www.grays.com/lot/0001-21063568/motor-vehicles-motor-cycles/2008-land-rover-discovery-3-se-series-3-automatic-7-seats-wagon,309.0,309.0,4,13h 19m24s,13.323,Active,vic,VIC,lot
2026-03-02T19:40:56.794531,https://www.grays.com/lot/0001-21063570/motor-vehicles-motor-cycles/2019-toyota-camry-ascent-hybrid-axvh71r-cvt-sedan,16900.0,16900.0,198,13h 19m2s,13.317,Active,vic,VIC,lot
2026-03-02T19:41:15.829515,https://www.grays.com/lot/0001-21063571/motor-vehicles-motor-cycles/2010-holden-captiva-cx-awd-cg-turbo-diesel-automatic-7-seats-wagon,9.0,9.0,2,1d 13h 18m44s,37.312,Active,vic,VIC,lot
2026-03-02T19:41:37.292364,https://www.grays.com/lot/0001-21063572/motor-vehicles-motor-cycles/2014-jeep-grand-cherokee-limited-wk-turbo-diesel-automatic-8-speed-wagon,909.0,909.0,14,1d 13h 18m22s,37.306,Active,vic,VIC,lot
2026-03-02T19:41:59.463050,https://www.grays.com/lot/0001-21063573/motor-vehicles-motor-cycles/2010-volkswagen-golf-gti-a6-manual-hatchback,3500.0,3500.0,31,1d 13h 18m0s,37.3,Active,vic,VIC,lot
2026-03-02T19:42:20.478668,https://www.grays.com/lot/0001-21063574/motor-vehicles-motor-cycles/2017-holden-trax-lt-tj-automatic-wagon,909.0,909.0,10,1d 13h 17m39s,37.294,Active,vic,VIC,lot
2026-03-02T19:42:39.479974,https://www.grays.com/lot/0001-21063575/motor-vehicles-motor-cycles/2016-citroen-berlingo-l1-short-body-manual-van,2401.0,2401.0,20,1d 13h 17m20s,37.289,Active,vic,VIC,lot
2026-03-02T19:42:51.755447,https://www.grays.com/lot/0001-21063576/motor-vehicles-motor-cycles/2018-kia-sportage-si-4wd-ql-turbo-diesel-automatic-wagon,2509.0,2509.0,38,1d 13h 17m8s,37.286,Active,vic,VIC,lot
2026-03-02T19:43:13.866408,https://www.grays.com/lot/0001-21063578/motor-vehicles-motor-cycles/2015-ford-kuga-ambiente-fwd-tf-ii-automatic-wagon,1409.0,1409.0,15,13h 16m45s,13.279,Active,vic,VIC,lot
2026-03-02T19:43:34.033709,https://www.grays.com/lot/0001-21063582/motor-vehicles-motor-cycles/2015-citroen-grand-c4-picasso-exclusive-turbo-diesel-automatic-7-seat-wagon,309.0,309.0,4,1d 13h 16m25s,37.274,Active,vic,VIC,lot
2026-03-02T19:43:56.044070,https://www.grays.com/lot/0001-21063583/motor-vehicles-motor-cycles/2009-toyota-corolla-conquest-zre152r-manual-hatchback,309.0,309.0,4,13h 16m4s,13.268,Active,vic,VIC,lot
2026-03-02T19:44:15.811689,https://www.grays.com/lot/0001-21063584/motor-vehicles-motor-cycles/2013-ford-mondeo-lx-mc-turbo-diesel-automatic-hatchback,9.0,9.0,1,13h 15m43s,13.262,Active,vic,VIC,lot
2026-03-02T19:44:39.122511,https://www.grays.com/lot/0001-21063585/motor-vehicles-motor-cycles/2011-toyota-landcruiser-gxl-uzj200r-automatic-8-seats-wagon,16300.0,16300.0,55,1d 13h 15m20s,37.256,Active,vic,VIC,lot
2026-03-02T19:44:57.166520,https://www.grays.com/lot/0001-21063586/motor-vehicles-motor-cycles/2006-land-rover-range-rover-sport-tdv6-turbo-diesel-automatic-wagon,409.0,409.0,5,1d 13h 15m3s,37.251,Active,vic,VIC,lot
2026-03-02T19:45:20.016939,https://www.grays.com/lot/0001-21063588/motor-vehicles-motor-cycles/2016-mitsubishi-triton-4x4-exceed-mq-turbo-diesel-automatic-dual-cab,5400.0,5400.0,25,1d 13h 14m39s,37.244,Active,vic,VIC,lot
2026-03-02T19:45:40.876053,https://www.grays.com/lot/0001-21063589/motor-vehicles-motor-cycles/2015-jeep-cherokee-limited-4x4-kl-9-auto-wagon,909.0,909.0,16,13h 14m19s,13.239,Active,vic,VIC,lot
2026-03-02T19:45:51.587072,https://www.grays.com/lot/0001-21063590/motor-vehicles-motor-cycles/2009-bmw-118i-18i-e87-automatic-hatchback,9.0,9.0,1,13h 14m7s,13.235,Active,vic,VIC,lot
2026-03-02T19:46:13.199294,https://www.grays.com/lot/0001-21063591/motor-vehicles-motor-cycles/2017-toyota-camry-altise-asv50r-automatic-sedan,2700.0,2700.0,40,1d 13h 13m47s,37.23,Active,vic,VIC,lot
2026-03-02T19:46:35.010848,https://www.grays.com/lot/0001-21063603/motor-vehicles-motor-cycles/2009-mercedes-benz-clc-200k-cl203-automatic-coupe,209.0,209.0,5,1d 13h 13m25s,37.224,Active,vic,VIC,lot
2026-03-02T19:46:56.635258,https://www.grays.com/lot/0001-21063604/motor-vehicles-motor-cycles/2016-ford-ranger-xlt-4x4-px-ii-turbo-diesel-automatic-dual-cab,6101.0,6101.0,69,1d 13h 13m3s,37.218,Active,vic,VIC,lot
2026-03-02T19:47:10.192695,https://www.grays.com/lot/0001-21063605/motor-vehicles-motor-cycles/2011-bmw-1-series-120i-e82-lci-automatic-coupe,509.0,509.0,6,1d 13h 12m49s,37.214,Active,vic,VIC,lot
2026-03-02T19:47:30.901504,https://www.grays.com/lot/0001-21063606/motor-vehicles-motor-cycles/2008-peugeot-308-xse-turbo-touring-automatic-7-seats-wagon,109.0,109.0,2,1d 13h 12m29s,37.208,Active,vic,VIC,lot
2026-03-02T19:47:43.664769,https://www.grays.com/lot/0001-21063607/motor-vehicles-motor-cycles/2013-volkswagen-golf-90tsi-comfortline-a7-automatic-hatchback,1109.0,1109.0,12,1d 13h 12m16s,37.204,Active,vic,VIC,lot
2026-03-02T19:48:08.359830,https://www.grays.com/lot/0001-21063608/motor-vehicles-motor-cycles/2014-toyota-corolla-sx-zre172r-cvt-sedan,1909.0,1909.0,23,1d 13h 11m51s,37.197,Active,vic,VIC,lot
2026-03-02T19:48:31.154020,https://www.grays.com/lot/0001-21063609/motor-vehicles-motor-cycles/2011-holden-calais-ve-automatic-sedan,1900.0,1900.0,19,1d 13h 11m29s,37.191,Active,vic,VIC,lot
2026-03-02T19:48:54.387975,https://www.grays.com/lot/0001-21063612/motor-vehicles-motor-cycles/2016-holden-trax-ltz-tj-automatic-wagon,309.0,309.0,4,1d 13h 11m5s,37.185,Active,vic,VIC,lot
2026-03-02T19:49:17.451029,https://www.grays.com/lot/0001-21063613/motor-vehicles-motor-cycles/2016-land-rover-discovery-sport-td4-hse-turbo-diesel-9-auto-7-seats-wagon,3289.0,3289.0,32,1d 13h 10m42s,37.178,Active,vic,VIC,lot
2026-03-02T19:49:43.261744,https://www.grays.com/lot/0001-21063615/motor-vehicles-motor-cycles/2013-nissan-navara-4x4-st-d40-turbo-diesel-automatic-dual-cab,1309.0,1309.0,21,1d 13h 10m16s,37.171,Active,vic,VIC,lot
2026-03-02T19:50:04.129452,https://www.grays.com/lot/0001-21063616/motor-vehicles-motor-cycles/2016-toyota-hilux-4x2-sr-hi-rider-gun136r-turbo-diesel-automatic-dual-cab,5800.0,5800.0,61,2d 13h 9m56s,61.166,Active,vic,VIC,lot
2026-03-02T19:50:26.229772,https://www.grays.com/lot/0001-21063617/motor-vehicles-motor-cycles/2010-land-rover-discovery-3-0-sdv6-se-series-4-td-at-7-seats-wagon,909.0,909.0,15,1d 13h 9m32s,37.159,Active,vic,VIC,lot
2026-03-02T19:50:45.144120,https://www.grays.com/lot/0001-21063618/motor-vehicles-motor-cycles/2010-volkswagen-passat-cc-125tdi-3cc-turbo-diesel-automatic-coupe,700.0,700.0,6,1d 13h 9m14s,37.154,Active,vic,VIC,lot
2026-03-02T19:51:07.132143,https://www.grays.com/lot/0001-21063619/motor-vehicles-motor-cycles/2018-mazda-cx-5-touring-kf-turbo-diesel-automatic-wagon,6500.0,6500.0,75,1d 13h 8m52s,37.148,Active,vic,VIC,lot
2026-03-02T19:51:30.739352,https://www.grays.com/lot/0001-21063620/motor-vehicles-motor-cycles/2018-volvo-xc60-d5-r-design-turbo-diesel-automatic-8-speed-wagon,7200.0,7200.0,38,1d 13h 8m29s,37.141,Active,vic,VIC,lot
2026-03-02T19:51:51.166970,https://www.grays.com/lot/0001-21063621/motor-vehicles-motor-cycles/2012-holden-captiva-7-sx-2wd-cg-ii-automatic-7-seats-wagon,309.0,309.0,4,1d 13h 8m8s,37.136,Active,vic,VIC,lot
2026-03-02T19:52:10.411474,https://www.grays.com/lot/0001-21063622/motor-vehicles-motor-cycles/2020-hyundai-tucson-active-x-tl-automatic-wagon,5400.0,5400.0,53,1d 13h 7m48s,37.13,Active,vic,VIC,lot
2026-03-02T19:52:29.967000,https://www.grays.com/lot/0001-21063638/motor-vehicles-motor-cycles/2009-mazda-cx-9-luxury-automatic-7-seats-wagon,609.0,609.0,11,1d 13h 7m30s,37.125,Active,vic,VIC,lot
2026-03-02T19:52:42.476989,https://www.grays.com/lot/0001-21063640/motor-vehicles-motor-cycles/2014-hyundai-ix35-se-fwd-lm-automatic-wagon,1300.0,1300.0,4,1d 13h 7m16s,37.121,Active,vic,VIC,lot
2026-03-02T19:53:05.574638,https://www.grays.com/lot/0001-50517821/motor-vehicles-motor-cycles/2014-ford-ranger-xl-4x2-hi-rider-px-turbo-diesel-manual-cab-chassis,1400.0,1400.0,15,13h 21m54s,13.365,Active,qld,QLD,lot
2026-03-02T19:53:27.755051,https://www.grays.com/lot/0001-50517830/motor-vehicles-motor-cycles/2016-holden-commodore-sv6-vf-automatic-sedan,9300.0,9300.0,89,1d 14h 6m31s,38.109,Active,qld,QLD,lot
2026-03-02T19:53:49.704351,https://www.grays.com/lot/0001-50517831/motor-vehicles-motor-cycles/2016-audi-a4-2-0-tfsi-sport-b9-automatic-sedan,3300.0,3300.0,19,1d 14h 6m10s,38.103,Active,qld,QLD,lot
2026-03-02T19:53:59.004393,https://www.grays.com/lot/0001-50517832/motor-vehicles-motor-cycles/2015-mazda-bt-50-4x2-xt-turbo-diesel-automatic-cab-chassis,709.0,709.0,10,13h 21m1s,13.35,Active,qld,QLD,lot
2026-03-02T19:54:21.729010,https://www.grays.com/lot/0001-50517833/motor-vehicles-motor-cycles/2016-jaguar-xf-25t-r-sport-automatic-8-speed-sedan,8000.0,8000.0,31,1d 14h 5m39s,38.094,Active,qld,QLD,lot
2026-03-02T19:54:44.488375,https://www.grays.com/lot/0001-50714602/motor-vehicles-motor-cycles/2016-bmw-330i-m-sport-f30-lci-automatic-8-speed-sedan,15300.0,15300.0,100,12h 35m15s,12.588,Active,qld,QLD,lot
2026-03-02T19:55:09.339566,https://www.grays.com/lot/0001-50714657/motor-vehicles-motor-cycles/2018-volkswagen-tiguan-allspace-140tdi-highline-turbo-diesel-auto-7-sts-wgn,4600.0,4600.0,55,22d 13h 9m50s,541.164,Active,qld,QLD,lot
2026-03-02T19:55:18.242092,https://www.grays.com/lot/0001-50714680/motor-vehicles-motor-cycles/2015-bmw-x6-m-f86-automatic-8-speed-coupe,16200.0,16200.0,186,13h 4m42s,13.078,Active,qld,QLD,lot
2026-03-02T19:55:40.974995,https://www.grays.com/lot/0001-50714683/motor-vehicles-motor-cycles/2014-subaru-forester-2-0xt-premium-s4-cvt-wagon,309.0,309.0,4,14h 4m18s,14.072,Active,qld,QLD,lot
2026-03-02T19:56:04.336165,https://www.grays.com/lot/0001-50714684/motor-vehicles-motor-cycles/2004-land-rover-discovery-turbo-diesel-automatic-wagon,3009.0,3009.0,50,14h 3m55s,14.065,Active,qld,QLD,lot
2026-03-02T19:56:27.239524,https://www.grays.com/lot/0001-50714685/motor-vehicles-motor-cycles/2010-nissan-navara-st-4x4-d40-turbo-diesel-manual-dual-cab,1909.0,1909.0,20,14h 3m33s,14.059,Active,qld,QLD,lot
2026-03-02T19:56:51.902090,https://www.grays.com/lot/0001-50714686/motor-vehicles-motor-cycles/2010-toyota-hiace-lwb-kdh201r-turbo-diesel-manual-van,6200.0,6200.0,26,2d 14h 3m8s,62.052,Active,qld,QLD,lot
2026-03-02T19:57:16.559228,https://www.grays.com/lot/0001-50714692/motor-vehicles-motor-cycles/2015-toyota-hiace-lwb-kdh201r-turbo-diesel-manual-van,6600.0,6600.0,49,2d 14h 2m43s,62.045,Active,qld,QLD,lot
2026-03-02T19:57:39.951331,https://www.grays.com/lot/0001-50714694/motor-vehicles-motor-cycles/2007-mazda-cx-7-luxury-automatic-wagon,300.0,300.0,3,2d 14h 2m19s,62.039,Active,qld,QLD,lot
2026-03-02T19:58:01.865972,https://www.grays.com/lot/0001-50714695/motor-vehicles-motor-cycles/2007-holden-commodore-sv6-ve-manual-sedan,909.0,909.0,12,2d 14h 1m58s,62.033,Active,qld,QLD,lot
2026-03-02T19:58:12.054250,https://www.grays.com/lot/0001-50714696/motor-vehicles-motor-cycles/2017-land-rover-discovery-sport-td4-hse-132kw-tdl-auto-7-seats-wagon,509.0,509.0,8,2d 14h 1m47s,62.03,Active,qld,QLD,lot
2026-03-02T19:58:33.252642,https://www.grays.com/lot/0001-50714697/motor-vehicles-motor-cycles/2016-hyundai-sonata-active-lf-automatic-sedan,3600.0,3600.0,27,14h 6m26s,14.107,Active,qld,QLD,lot
2026-03-02T19:58:56.074122,https://www.grays.com/lot/0001-50714701/motor-vehicles-motor-cycles/2021-toyota-landcruiser-prado-kakadu-gdj150r-td-auto-7-seats-wagon,42000.0,42000.0,122,2d 14h 1m4s,62.018,Active,qld,QLD,lot
2026-03-02T19:59:17.510849,https://www.grays.com/lot/0001-50714702/motor-vehicles-motor-cycles/2024-toyota-hilux-4x4-sr-gun126r-turbo-diesel-automatic-cab-chassis,30200.0,30200.0,86,12h 30m41s,12.511,Active,qld,QLD,lot
2026-03-02T19:59:39.665353,https://www.grays.com/lot/0001-50714707/motor-vehicles-motor-cycles/2013-nissan-pathfinder-st-r52-cvt-7-seats-wagon,109.0,109.0,2,2d 14h 0m19s,62.005,Active,qld,QLD,lot
2026-03-02T20:00:01.673278,https://www.grays.com/lot/0001-50714713/motor-vehicles-motor-cycles/2007-mercedes-benz-gl-class-gl320cdi-x164-turbo-diesel-auto-7-seats-wagon,2009.0,2009.0,39,12h 59m57s,12.999,Active,qld,QLD,lot
2026-03-02T20:00:24.959055,https://www.grays.com/lot/0001-50714721/motor-vehicles-motor-cycles/2014-jeep-grand-cherokee-blackhawk-le-4x4-wk-automatic-8-speed-wagon,309.0,309.0,7,2d 13h 59m34s,61.993,Active,qld,QLD,lot
2026-03-02T20:00:47.735288,https://www.grays.com/lot/0001-50714724/motor-vehicles-motor-cycles/2008-ford-focus-xr5-lv-manual-hatchback,1109.0,1109.0,21,2d 13h 59m12s,61.987,Active,qld,QLD,lot
2026-03-02T20:01:08.888796,https://www.grays.com/lot/0001-50714727/motor-vehicles-motor-cycles/2005-holden-astra-ts-automatic-convertible,9.0,9.0,1,1d 13h 58m50s,37.981,Active,qld,QLD,lot
2026-03-02T20:01:32.258477,https://www.grays.com/lot/0001-50714728/motor-vehicles-motor-cycles/2013-holden-captiva-7-lx-awd-cg-ii-turbo-diesel-automatic-7-seats-wagon,9.0,9.0,1,1d 13h 58m27s,37.974,Active,qld,QLD,lot
2026-03-02T20:01:57.742853,https://www.grays.com/lot/0001-50714729/motor-vehicles-motor-cycles/2014-mercedes-benz-gla-class-gla250-4matic-x156-automatic-wagon,7600.0,7600.0,52,1d 13h 58m2s,37.967,Active,qld,QLD,lot
2026-03-02T20:02:20.006514,https://www.grays.com/lot/0001-50714730/motor-vehicles-motor-cycles/2005-mercedes-benz-ml350-w164-automatic-wagon,9.0,9.0,1,1d 13h 57m39s,37.961,Active,qld,QLD,lot
2026-03-02T20:02:43.002926,https://www.grays.com/lot/0001-50714731/motor-vehicles-motor-cycles/2016-mazda-cx-5-grand-touring-ke-turbo-diesel-automatic-wagon,675.0,675.0,6,1d 13h 57m16s,37.954,Active,qld,QLD,lot
2026-03-02T20:02:54.645984,https://www.grays.com/lot/0001-50714732/motor-vehicles-motor-cycles/2020-hyundai-i30-active-pd-automatic-hatchback,6050.0,6050.0,64,1d 13h 57m5s,37.951,Active,qld,QLD,lot
2026-03-02T20:03:04.966742,https://www.grays.com/lot/0001-50714733/motor-vehicles-motor-cycles/2012-hyundai-ix35-elite-awd-lm-turbo-diesel-automatic-wagon,709.0,709.0,13,1d 13h 56m54s,37.948,Active,qld,QLD,lot
2026-03-02T20:03:28.427230,https://www.grays.com/lot/0001-50714734/motor-vehicles-motor-cycles/2015-ford-kuga-trend-awd-tf-ii-automatic-wagon,109.0,109.0,2,1d 13h 56m31s,37.942,Active,qld,QLD,lot
2026-03-02T20:03:54.611004,https://www.grays.com/lot/0001-50714735/motor-vehicles-motor-cycles/2014-volkswagen-transporter-tdi340-lwb-t5-turbo-diesel-automatic-van,1509.0,1509.0,30,1d 13h 56m5s,37.935,Active,qld,QLD,lot
2026-03-02T20:04:20.560258,https://www.grays.com/lot/0001-50714736/motor-vehicles-motor-cycles/2016-ford-ranger-xl-4x4-px-ii-turbo-diesel-manual-dual-cab,2409.0,2409.0,29,1d 13h 55m38s,37.927,Active,qld,QLD,lot
2026-03-02T20:04:31.127361,https://www.grays.com/lot/0001-50714737/motor-vehicles-motor-cycles/2019-land-rover-range-rover-velar-d300-hse-l560-td-auto,22422.0,22422.0,68,1d 13h 55m28s,37.924,Active,qld,QLD,lot
2026-03-02T20:04:54.494395,https://www.grays.com/lot/0001-50714738/motor-vehicles-motor-cycles/2018-holden-calais-v-tourer-zb-9-auto-wagon,7209.0,7209.0,26,1d 13h 55m5s,37.918,Active,qld,QLD,lot
2026-03-02T20:05:06.396363,https://www.grays.com/lot/0001-50714744/motor-vehicles-motor-cycles/2017-mazda-cx-5-akera-kf-turbo-diesel-automatic-wagon,409.0,409.0,7,2d 13h 54m53s,61.915,Active,qld,QLD,lot
2026-03-02T20:05:31.274308,https://www.grays.com/lot/0001-50714747/motor-vehicles-motor-cycles/2010-subaru-forester-x-s3-automatic-wagon,9.0,9.0,0,2d 13h 54m29s,61.908,Active,qld,QLD,lot
2026-03-02T20:05:54.569010,https://www.grays.com/lot/0001-50714749/motor-vehicles-motor-cycles/2008-holden-rodeo-lt-4x2-3-6-v6-ra-automatic-dual-cab,9.0,9.0,1,2d 13h 54m5s,61.901,Active,qld,QLD,lot
2026-03-02T20:06:17.349632,https://www.grays.com/lot/0001-50714750/motor-vehicles-motor-cycles/2011-mercedes-benz-slk-class-slk350-blue-efficiency-r172-auto-convertible,6409.0,6409.0,34,2d 13h 53m42s,61.895,Active,qld,QLD,lot
2026-03-02T20:06:39.465786,https://www.grays.com/lot/0001-50714752/motor-vehicles-motor-cycles/2013-holden-cruze-sri-v-jh-manual-hatchback,109.0,109.0,2,2d 13h 53m20s,61.889,Active,qld,QLD,lot
2026-03-02T20:07:01.063275,https://www.grays.com/lot/0001-50714753/motor-vehicles-motor-cycles/2015-mazda-cx-5-grand-touring-ke-turbo-diesel-automatic-wagon,109.0,109.0,3,2d 13h 52m58s,61.883,Active,qld,QLD,lot
2026-03-02T20:07:23.970661,https://www.grays.com/lot/0001-50714754/motor-vehicles-motor-cycles/2016-nissan-navara-4x2-st-x-np300-turbo-diesel-automatic-dual-cab,8000.0,8000.0,47,2d 13h 52m36s,61.877,Active,qld,QLD,lot
2026-03-02T20:07:49.264097,https://www.grays.com/lot/0001-50714756/motor-vehicles-motor-cycles/2016-bmw-x4-xdrive-20d-f26-turbo-diesel-automatic-8-speed-coupe,7501.0,7501.0,17,2d 13h 52m10s,61.869,Active,qld,QLD,lot
2026-03-02T20:08:13.239639,https://www.grays.com/lot/0001-50714760/motor-vehicles-motor-cycles/2007-mitsubishi-outlander-xls-zg-cvt-7-seats-wagon,9.0,9.0,1,1d 12h 51m46s,36.863,Active,qld,QLD,lot
2026-03-02T20:08:36.959106,https://www.grays.com/lot/0001-50714761/motor-vehicles-motor-cycles/2009-bmw-x3-2-0d-e83-turbo-diesel-automatic-wagon,1009.0,1009.0,12,12h 51m23s,12.856,Active,qld,QLD,lot
2026-03-02T20:08:47.792430,https://www.grays.com/lot/0001-50714762/motor-vehicles-motor-cycles/2015-holden-barina-tm-automatic-hatchback,109.0,109.0,2,1d 13h 51m11s,37.853,Active,qld,QLD,lot
2026-03-02T20:09:09.170003,https://www.grays.com/lot/0001-50714763/motor-vehicles-motor-cycles/2006-toyota-corolla-ascent-zze122r-automatic-hatchback,109.0,109.0,2,2d 13h 50m50s,61.847,Active,qld,QLD,lot
2026-03-02T20:09:31.952461,https://www.grays.com/lot/0001-50714764/motor-vehicles-motor-cycles/2020-ford-ranger-raptor-4x4-px-iii-turbo-diesel-10-auto-dual-cab,18100.0,18100.0,47,1d 13h 50m27s,37.841,Active,qld,QLD,lot
2026-03-02T20:09:53.115383,https://www.grays.com/lot/0001-50714765/motor-vehicles-motor-cycles/2013-audi-a3-1-4-tfsi-attraction-8v-automatic-hatchback,1600.0,1600.0,9,1d 13h 50m7s,37.835,Active,qld,QLD,lot
2026-03-02T20:10:17.250709,https://www.grays.com/lot/0001-50714773/motor-vehicles-motor-cycles/2007-volkswagen-touareg-3-0-v6-tdi-7l-turbo-diesel-automatic-wagon,500.0,500.0,6,1d 13h 49m42s,37.828,Active,qld,QLD,lot
2026-03-02T20:10:41.400762,https://www.grays.com/lot/0001-50714774/motor-vehicles-motor-cycles/2009-nissan-navara-st-x-4x4-double-cab-d40-turbo-diesel-automatic-dual-cab,4000.0,4000.0,62,1d 13h 49m18s,37.822,Active,qld,QLD,lot
2026-03-02T20:11:03.959677,https://www.grays.com/lot/0001-50714775/motor-vehicles-motor-cycles/2015-jeep-wrangler-unlimited-sport-jk-manual-wagon,3108.0,3108.0,40,1d 13h 48m56s,37.816,Active,qld,QLD,lot
2026-03-02T20:11:25.789092,https://www.grays.com/lot/0001-50714776/motor-vehicles-motor-cycles/2018-hyundai-tucson-highlander-awd-tl-automatic-wagon,1409.0,1409.0,28,13h 48m34s,13.809,Active,qld,QLD,lot
2026-03-02T20:11:49.239793,https://www.grays.com/lot/0001-50714777/motor-vehicles-motor-cycles/2017-nissan-x-trail-ts-4wd-t32-turbo-diesel-cvt-wagon,309.0,309.0,4,2d 13h 48m10s,61.803,Active,qld,QLD,lot
2026-03-02T20:12:11.901145,https://www.grays.com/lot/0001-50714778/motor-vehicles-motor-cycles/2017-mitsubishi-asx-ls-2wd-xc-cvt-wagon,3000.0,3000.0,34,1d 13h 47m47s,37.796,Active,qld,QLD,lot
2026-03-02T20:12:28.331170,https://www.grays.com/lot/0001-60050220/motor-vehicles-motor-cycles/2010-kia-sorento-sli-xm-turbo-diesel-automatic-7-seats-wagon,1109.0,1109.0,6,2d 12h 47m31s,60.792,Active,sa,SA,lot
2026-03-02T20:12:44.032742,https://www.grays.com/lot/0001-60050221/motor-vehicles-motor-cycles/2017-mitsubishi-triton-4x4-glx-l-e-mq-turbo-diesel-manual-dual-cab,3000.0,3000.0,11,2d 12h 47m15s,60.788,Active,sa,SA,lot
2026-03-02T20:13:06.719156,https://www.grays.com/lot/0001-60050236/motor-vehicles-motor-cycles/2012-subaru-xv-2-0i-g4x-cvt-hatchback,3800.0,3800.0,10,2d 12h 46m53s,60.781,Active,sa,SA,lot
2026-03-02T20:13:20.151267,https://www.grays.com/lot/0001-60050243/motor-vehicles-motor-cycles/2012-mazda-6-touring-gh-automatic-wagon,809.0,809.0,12,2d 12h 46m39s,60.777,Active,sa,SA,lot
2026-03-02T20:13:36.708615,https://www.grays.com/lot/0001-60050244/motor-vehicles-motor-cycles/2008-mitsubishi-lancer-es-cj-cvt-sedan,809.0,809.0,15,2d 12h 46m22s,60.773,Active,sa,SA,lot
2026-03-02T20:13:52.617534,https://www.grays.com/lot/0001-60050245/motor-vehicles-motor-cycles/2005-toyota-yaris-yr-ncp90r-manual-hatchback,9.0,9.0,1,2d 12h 46m7s,60.769,Active,sa,SA,lot
2026-03-02T20:14:07.180669,https://www.grays.com/lot/0001-60050246/motor-vehicles-motor-cycles/2011-ford-ranger-xl-4x2-pk-turbo-diesel-automatic-dual-cab,4500.0,4500.0,0,2d 12h 45m52s,60.764,Active,sa,SA,lot
2026-03-02T20:14:22.914178,https://www.grays.com/lot/0001-60050247/motor-vehicles-motor-cycles/2011-nissan-dualis-2-ti-4x2-j10-ii-cvt-7-seats-wagon,109.0,109.0,2,2d 12h 45m36s,60.76,Active,sa,SA,lot
2026-03-02T20:14:37.792435,https://www.grays.com/lot/0001-60050248/motor-vehicles-motor-cycles/2017-mitsubishi-triton-4x4-glx-l-e-mq-turbo-diesel-automatic-dual-cab,5100.0,5100.0,38,2d 12h 45m22s,60.756,Active,sa,SA,lot
2026-03-02T20:14:56.817447,https://www.grays.com/lot/0001-60050249/motor-vehicles-motor-cycles/2010-holden-caprice-wm-ii-automatic-sedan,5209.0,5209.0,103,2d 12h 45m3s,60.751,Active,sa,SA,lot
2026-03-02T20:15:13.102818,https://www.grays.com/lot/0001-60050251/motor-vehicles-motor-cycles/2009-mini-cooper-cabrio-s-r57-automatic-convertible,3809.0,3809.0,71,12h 44m46s,12.746,Active,sa,SA,lot
2026-03-02T20:15:30.834410,https://www.grays.com/lot/0001-60050252/motor-vehicles-motor-cycles/2014-honda-cr-v-4wd-dti-l-rm-turbo-diesel-automatic-wagon,709.0,709.0,14,2d 12h 44m28s,60.741,Active,sa,SA,lot
2026-03-02T20:15:46.833463,https://www.grays.com/lot/0001-60050253/motor-vehicles-motor-cycles/2011-ford-territory-ts-sz-turbo-diesel-automatic-7-seats-wagon,2200.0,2200.0,22,2d 12h 44m13s,60.737,Active,sa,SA,lot
2026-03-02T20:16:02.140220,https://www.grays.com/lot/0001-60050254/motor-vehicles-motor-cycles/2013-mazda-cx-5-maxx-sport-ke-turbo-diesel-automatic-wagon,109.0,109.0,2,2d 12h 43m57s,60.733,Active,sa,SA,lot
2026-03-02T20:16:16.613008,https://www.grays.com/lot/0001-60050255/motor-vehicles-motor-cycles/2014-subaru-forester-2-5i-s4-cvt-wagon,500.0,500.0,2,2d 12h 43m42s,60.728,Active,sa,SA,lot
2026-03-02T20:16:33.556433,https://www.grays.com/lot/0001-60050258/motor-vehicles-motor-cycles/2016-ford-ranger-manual-ute,1409.0,1409.0,22,1d 13h 48m26s,37.807,Active,sa,SA,lot
2026-03-02T20:16:50.356080,https://www.grays.com/lot/0001-60050259/motor-vehicles-motor-cycles/2013-honda-cr-v-2wd-vti-rm-automatic-wagon,1400.0,1400.0,13,2d 12h 43m9s,60.719,Active,sa,SA,lot
2026-03-02T20:17:03.794877,https://www.grays.com/lot/0001-60050260/motor-vehicles-motor-cycles/2017-jeep-grand-cherokee-laredo-4x4-wk-automatic-8-speed-wagon,7300.0,7300.0,64,2d 12h 42m55s,60.715,Active,sa,SA,lot
2026-03-02T20:17:18.847609,https://www.grays.com/lot/0001-60050261/motor-vehicles-motor-cycles/2014-mitsubishi-lancer-es-cj-cvt-sedan,2209.0,2209.0,36,2d 12h 42m41s,60.711,Active,sa,SA,lot
2026-03-02T20:17:34.006812,https://www.grays.com/lot/0001-60050268/motor-vehicles-motor-cycles/2013-mazda-cx-9-grand-touring-awd-automatic-7-seats-wagon,2000.0,2000.0,18,2d 12h 42m25s,60.707,Active,sa,SA,lot
2026-03-02T20:17:50.270425,https://www.grays.com/lot/0001-60050269/motor-vehicles-motor-cycles/2000-subaru-forester-limited-automatic-wagon,600.0,600.0,7,2d 12h 42m9s,60.703,Active,sa,SA,lot
2026-03-02T20:18:06.060694,https://www.grays.com/lot/0001-60050270/motor-vehicles-motor-cycles/2013-holden-cruze-cd-jh-automatic-sedan,110.0,110.0,2,2d 12h 41m54s,60.698,Active,sa,SA,lot
2026-03-02T20:18:20.558204,https://www.grays.com/lot/0001-60050271/motor-vehicles-motor-cycles/2000-holden-commodore-executive-vt-automatic-sedan,500.0,500.0,5,2d 12h 41m38s,60.694,Active,sa,SA,lot
2026-03-02T20:18:35.852695,https://www.grays.com/lot/0001-60050272/motor-vehicles-motor-cycles/2011-volkswagen-multivan-edition-25-132kw-t5-t-d-autopeople-mover,8500.0,8500.0,44,2d 12h 41m24s,60.69,Active,sa,SA,lot
2026-03-02T20:18:52.186297,https://www.grays.com/lot/0001-60050273/motor-vehicles-motor-cycles/2010-ford-ranger-xlt-4x4-pk-turbo-diesel-automatic-dual-cab,3000.0,3000.0,42,2d 12h 41m7s,60.685,Active,sa,SA,lot
2026-03-02T20:19:10.129121,https://www.grays.com/lot/0001-9067056/motor-vehicles-motor-cycles/2017-holden-colorado-4x4-lx-rg-turbo-diesel-automatic-cab-chassis,4400.0,4400.0,77,1d 12h 40m49s,36.68,Active,wa,WA,lot
2026-03-02T20:19:22.739899,https://www.grays.com/lot/0001-9067194/motor-vehicles-motor-cycles/2015-mercedes-benz-gl350-bluetec-x166-turbo-diesel-automatic-7-seats-wagon,6000.0,6000.0,31,1d 8h 40m36s,32.677,Active,wa,WA,lot
2026-03-02T20:19:40.165515,https://www.grays.com/lot/0001-9067208/motor-vehicles-motor-cycles/2006-mazda-6-luxury-sports-gg-automatic-hatchback,1109.0,1109.0,12,15h 10m19s,15.172,Active,wa,WA,lot
2026-03-02T20:19:57.236325,https://www.grays.com/lot/0001-9067209/motor-vehicles-motor-cycles/2014-volkswagen-golf-90tsi-a7-automatic-hatchback,1700.0,1700.0,23,15h 10m2s,15.167,Active,wa,WA,lot
2026-03-02T20:20:15.646310,https://www.grays.com/lot/0001-9067240/motor-vehicles-motor-cycles/2005-ford-focus-cl-ls-manual-hatchback,109.0,109.0,2,15h 9m44s,15.162,Active,wa,WA,lot
2026-03-02T20:20:28.881843,https://www.grays.com/lot/0001-9067241/motor-vehicles-motor-cycles/2009-audi-a5-3-0-tdi-quattro-8t-turbo-diesel-automatic-coupe,1809.0,1809.0,24,15h 9m30s,15.158,Active,wa,WA,lot
2026-03-02T20:20:46.673943,https://www.grays.com/lot/0001-9067242/motor-vehicles-motor-cycles/2008-toyota-landcruiser-sahara-vdj200r-turbo-diesel-automatic-8-seats-wagon,35000.0,35000.0,186,15h 9m13s,15.154,Active,wa,WA,lot
2026-03-02T20:21:04.264976,https://www.grays.com/lot/0001-9067243/motor-vehicles-motor-cycles/2009-ford-falcon-fg-automatic-ute,709.0,709.0,10,15h 8m55s,15.149,Active,wa,WA,lot
2026-03-02T20:21:22.145232,https://www.grays.com/lot/0001-9067244/motor-vehicles-motor-cycles/2009-bmw-3-series-323i-e90-automatic-sedan,2200.0,2200.0,30,15h 8m37s,15.144,Active,wa,WA,lot
2026-03-02T20:21:38.991671,https://www.grays.com/lot/0001-9067245/motor-vehicles-motor-cycles/2010-jeep-wrangler-unlimited-sport-jk-turbo-diesel-automatic-wagon,4600.0,4600.0,71,15h 8m20s,15.139,Active,wa,WA,lot
2026-03-02T20:21:55.314885,https://www.grays.com/lot/0001-9067247/motor-vehicles-motor-cycles/2017-land-rover-discovery-2-0-td4-hse-luxury-series-5-t-d-auto-wagon,16600.0,16600.0,197,15h 8m4s,15.134,Active,wa,WA,lot
2026-03-02T20:22:13.158155,https://www.grays.com/lot/0001-9067248/motor-vehicles-motor-cycles/1998-holden-rodeo-lx-v6-r9-manual-dual-cab,209.0,209.0,5,15h 7m46s,15.129,Active,wa,WA,lot
2026-03-02T20:22:30.254930,https://www.grays.com/lot/0001-9067252/motor-vehicles-motor-cycles/2014-subaru-forester-2-5i-s4-cvt-wagon,4600.0,4600.0,38,15h 7m28s,15.124,Active,wa,WA,lot
2026-03-02T20:22:47.904525,https://www.grays.com/lot/0001-9067253/motor-vehicles-motor-cycles/2017-isuzu-mu-x-4x4-ls-t-turbo-diesel-automatic-7-seats-wagon,10000.0,10000.0,70,2d 12h 37m11s,60.62,Active,wa,WA,lot
2026-03-02T20:23:06.586744,https://www.grays.com/lot/0001-9067255/motor-vehicles-motor-cycles/2014-toyota-landcruiser-gxl-vdj200r-turbo-diesel-automatic-8-seats-wagon,25300.0,25300.0,143,15h 6m53s,15.115,Active,wa,WA,lot
2026-03-02T20:23:23.772810,https://www.grays.com/lot/0001-9067256/motor-vehicles-motor-cycles/2013-land-rover-range-rover-evoque-td4-pure-turbo-diesel-automatic-wagon,4800.0,4800.0,40,15h 6m36s,15.11,Active,wa,WA,lot
2026-03-02T20:23:35.902410,https://www.grays.com/lot/0001-9067257/motor-vehicles-motor-cycles/2018-ldv-g10-executive-7-seat-automatic-7-seats-people-mover,5800.0,5800.0,55,15h 6m24s,15.107,Active,wa,WA,lot
2026-03-02T20:23:54.252775,https://www.grays.com/lot/0001-9067258/motor-vehicles-motor-cycles/2016-mitsubishi-triton-4x2-glx-mq-turbo-diesel-manual-cab-chassis,5100.0,5100.0,91,15h 6m5s,15.101,Active,wa,WA,lot
2026-03-02T20:24:11.797894,https://www.grays.com/lot/0001-9067262/motor-vehicles-motor-cycles/2011-nissan-patrol-st-s-3-0-gu-ii-turbo-diesel-automatic-7-seats-wagon,4209.0,4209.0,68,15h 5m47s,15.096,Active,wa,WA,lot
2026-03-02T20:24:30.706591,https://www.grays.com/lot/0001-9067266/motor-vehicles-motor-cycles/2008-nissan-patrol-dx-turbo-leaf-cab-gu-t-d-manual-cab-chassis,3710.0,3710.0,45,15h 5m29s,15.091,Active,wa,WA,lot
2026-03-02T20:24:47.837428,https://www.grays.com/lot/0001-9067268/motor-vehicles-motor-cycles/2010-ford-falcon-fg-automatic-ute,610.0,610.0,8,15h 5m11s,15.086,Active,wa,WA,lot
2026-03-02T20:25:05.872587,https://www.grays.com/lot/0001-9067270/motor-vehicles-motor-cycles/2010-hyundai-i30cw-sx-fd-manual-wagon,600.0,600.0,6,15h 4m54s,15.082,Active,wa,WA,lot
2026-03-02T20:25:21.759496,https://www.grays.com/lot/0001-9067271/motor-vehicles-motor-cycles/2002-toyota-camry-altise-acv36r-automatic-sedan,1550.0,1550.0,27,15h 4m38s,15.077,Active,wa,WA,lot
2026-03-02T20:25:38.133440,https://www.grays.com/lot/0001-9067272/motor-vehicles-motor-cycles/2007-bmw-325i-e90-automatic-sedan,1809.0,1809.0,20,15h 4m21s,15.072,Active,wa,WA,lot
2026-03-02T20:25:54.856964,https://www.grays.com/lot/0001-9067274/motor-vehicles-motor-cycles/2006-ford-territory-ghia-sy-automatic-7-seats-wagon,509.0,509.0,8,15h 4m4s,15.068,Active,wa,WA,lot
2026-03-02T20:26:12.510839,https://www.grays.com/lot/0001-9067275/motor-vehicles-motor-cycles/2006-suzuki-swift-ez-automatic-hatchback,2250.0,2250.0,29,15h 3m47s,15.063,Active,wa,WA,lot
2026-03-02T20:26:29.146709,https://www.grays.com/lot/0001-9067276/motor-vehicles-motor-cycles/2010-nissan-dualis-ti-j10-cvt-wagon,1310.0,1310.0,16,15h 3m31s,15.059,Active,wa,WA,lot
2026-03-02T20:26:45.214637,https://www.grays.com/lot/0001-9067277/motor-vehicles-motor-cycles/2007-peugeot-207-touring-xt-1-6-automatic-wagon,1150.0,1150.0,15,15h 3m14s,15.054,Active,wa,WA,lot
2026-03-02T20:27:03.288413,https://www.grays.com/lot/0001-9067278/motor-vehicles-motor-cycles/2008-nissan-dualis-ti-j10-cvt-wagon,609.0,609.0,12,15h 32m55s,15.549,Active,wa,WA,lot
2026-03-02T20:27:22.359111,https://www.grays.com/lot/0001-9067280/motor-vehicles-motor-cycles/2009-holden-commodore-sv6-ve-automatic-sedan,509.0,509.0,11,15h 32m37s,15.544,Active,wa,WA,lot
2026-03-02T20:27:38.651195,https://www.grays.com/lot/0001-9067281/motor-vehicles-motor-cycles/2013-holden-cruze-sri-jh-automatic-hatchback,815.0,815.0,13,15h 32m21s,15.539,Active,wa,WA,lot
2026-03-02T20:27:57.132409,https://www.grays.com/lot/0001-9067285/motor-vehicles-motor-cycles/2009-hyundai-tucson-city-manual-wagon,609.0,609.0,12,15h 32m2s,15.534,Active,wa,WA,lot
2026-03-02T20:28:14.330383,https://www.grays.com/lot/0001-9067287/motor-vehicles-motor-cycles/2009-toyota-yaris-yr-ncp90r-automatic-hatchback,2109.0,2109.0,31,15h 31m44s,15.529,Active,wa,WA,lot
2026-03-02T20:28:33.902254,https://www.grays.com/lot/0001-9067288/motor-vehicles-motor-cycles/2001-holden-jackaroo-se-u8-manual-7-seats-wagon,509.0,509.0,11,15h 31m25s,15.524,Active,wa,WA,lot
2026-03-02T20:28:50.985602,https://www.grays.com/lot/0001-9067290/motor-vehicles-motor-cycles/2018-kia-carnival-s-yp-automatic-8-speed-8-seats-people-mover,6200.0,6200.0,89,15h 31m9s,15.519,Active,wa,WA,lot
2026-03-02T20:29:09.053977,https://www.grays.com/lot/0001-9067292/motor-vehicles-motor-cycles/2010-holden-commodore-omega-ve-automatic-sedan,609.0,609.0,12,15h 30m51s,15.514,Active,wa,WA,lot
2026-03-02T20:29:24.853343,https://www.grays.com/lot/0001-9067293/motor-vehicles-motor-cycles/2005-toyota-landcruiser-prado-gx-kzj120r-turbo-diesel-manual-8-seats-wagon,1700.0,1700.0,23,15h 30m35s,15.51,Active,wa,WA,lot
2026-03-02T20:29:41.525931,https://www.grays.com/lot/0001-9067297/motor-vehicles-motor-cycles/2015-mitsubishi-asx-ls-2wd-xb-cvt-wagon,5600.0,5600.0,47,1d 15h 0m18s,39.005,Active,wa,WA,lot
2026-03-02T20:29:58.058052,https://www.grays.com/lot/0001-9067299/motor-vehicles-motor-cycles/2001-jaguar-s-type-v6-se-x200-automatic-sedan,409.0,409.0,5,1d 15h 0m1s,39.0,Active,wa,WA,lot
2026-03-02T20:30:14.345312,https://www.grays.com/lot/0001-9067300/motor-vehicles-motor-cycles/2018-holden-equinox-ls-2wd-eq-automatic-wagon,900.0,900.0,12,1d 14h 59m44s,38.996,Active,wa,WA,lot
2026-03-02T20:30:32.398088,https://www.grays.com/lot/0001-9067301/motor-vehicles-motor-cycles/2012-subaru-outback-2-0d-b5a-turbo-diesel-manual-wagon,1209.0,1209.0,19,12h 29m28s,12.491,Active,wa,WA,lot
2026-03-02T20:30:49.371165,https://www.grays.com/lot/0001-9067307/motor-vehicles-motor-cycles/2010-ford-falcon-xr6-fg-automatic-ute,6400.0,6400.0,97,1d 14h 59m10s,38.986,Active,wa,WA,lot
2026-03-02T20:31:07.053011,https://www.grays.com/lot/0001-9067308/motor-vehicles-motor-cycles/2008-mitsubishi-outlander-ls-zg-cvt-wagon,209.0,209.0,3,1d 14h 58m53s,38.981,Active,wa,WA,lot
2026-03-02T20:31:23.741533,https://www.grays.com/lot/0001-9067309/motor-vehicles-motor-cycles/2012-hyundai-ix35-active-fwd-lm-automatic-wagon,1809.0,1809.0,26,1d 14h 58m35s,38.976,Active,wa,WA,lot
2026-03-02T20:31:40.930089,https://www.grays.com/lot/0001-9067310/motor-vehicles-motor-cycles/2012-hyundai-ix35-highlander-awd-lm-turbo-diesel-automatic-wagon,1109.0,1109.0,17,1d 14h 58m18s,38.972,Active,wa,WA,lot
2026-03-02T20:31:59.269040,https://www.grays.com/lot/0001-9067311/motor-vehicles-motor-cycles/2014-ford-territory-tx-sz-turbo-diesel-automatic-wagon,809.0,809.0,13,1d 14h 58m1s,38.967,Active,wa,WA,lot
2026-03-02T20:32:14.183076,https://www.grays.com/lot/0001-9067312/motor-vehicles-motor-cycles/2006-bmw-3-series-325i-e92-automatic-coupe,2809.0,2809.0,37,1d 14h 57m45s,38.963,Active,wa,WA,lot
2026-03-02T20:32:29.785718,https://www.grays.com/lot/0001-9067313/motor-vehicles-motor-cycles/2015-renault-kangoo-maxi-turbo-diesel-manual-van,709.0,709.0,8,1d 14h 57m29s,38.958,Active,wa,WA,lot
2026-03-02T20:32:45.875022,https://www.grays.com/lot/0001-9067315/motor-vehicles-motor-cycles/2011-hyundai-i45-active-yf-automatic-sedan,609.0,609.0,7,1d 14h 57m13s,38.954,Active,wa,WA,lot
2026-03-02T20:33:01.835922,https://www.grays.com/lot/0001-9067316/motor-vehicles-motor-cycles/2013-suzuki-s-cross-gl-2wd-jy-cvt-hatchback,1750.0,1750.0,28,1d 14h 56m58s,38.949,Active,wa,WA,lot
2026-03-02T20:33:18.746893,https://www.grays.com/lot/0001-9067317/motor-vehicles-motor-cycles/2006-chrysler-pt-cruiser-special-edition-automatic-hatchback,1000.0,1000.0,9,1d 14h 56m41s,38.945,Active,wa,WA,lot
2026-03-02T20:33:35.947327,https://www.grays.com/lot/0001-9067318/motor-vehicles-motor-cycles/2014-nissan-qashqai-tl-j11-turbo-diesel-cvt-wagon,3109.0,3109.0,51,1d 14h 56m24s,38.94,Active,wa,WA,lot
2026-03-02T20:33:52.823813,https://www.grays.com/lot/0001-9067319/motor-vehicles-motor-cycles/2016-subaru-outback-2-5i-b6a-cvt-wagon,2709.0,2709.0,41,1d 14h 56m7s,38.935,Active,wa,WA,lot
2026-03-02T20:34:09.892470,https://www.grays.com/lot/0001-9067321/motor-vehicles-motor-cycles/2011-mazda-cx-9-luxury-fwd-automatic-7-seats-wagon,2200.0,2200.0,31,1d 14h 55m50s,38.931,Active,wa,WA,lot
2026-03-02T20:34:24.958067,https://www.grays.com/lot/0001-9067322/motor-vehicles-motor-cycles/2017-hyundai-tucson-active-x-tl-automatic-wagon,4900.0,4900.0,72,1d 14h 55m35s,38.926,Active,wa,WA,lot
2026-03-02T20:34:42.460754,https://www.grays.com/lot/0001-9067324/motor-vehicles-motor-cycles/2013-ford-focus-trend-lw-ii-automatic-hatchback,1509.0,1509.0,22,1d 14h 55m17s,38.921,Active,wa,WA,lot
2026-03-02T20:34:57.707359,https://www.grays.com/lot/0001-9067331/motor-vehicles-motor-cycles/2019-land-rover-discovery-sport-p250-se-l550-9-auto-7-seats-wagon,12100.0,12100.0,51,1d 14h 55m2s,38.917,Active,wa,WA,lot
2026-03-02T20:35:14.875112,https://www.grays.com/lot/0001-9067333/motor-vehicles-motor-cycles/2007-volvo-c70-le-automatic-coupe,209.0,209.0,3,1d 14h 54m45s,38.913,Active,wa,WA,lot
2026-03-02T20:35:33.784878,https://www.grays.com/lot/0001-10352874/motor-vehicles-motor-cycles/2012-subaru-impreza-2-0i-g4-manual-hatchback,129.0,129.0,2,2d 12h 24m26s,60.407,Active,nsw,NSW,lot
2026-03-02T20:35:50.312747,https://www.grays.com/lot/0001-10352876/motor-vehicles-motor-cycles/2014-ford-kuga-awd-ambiente-tf-automatic-wagon,9.0,9.0,1,2d 12h 24m9s,60.402,Active,nsw,NSW,lot
2026-03-02T20:36:10.824613,https://www.grays.com/lot/0001-21063463/motor-vehicles-motor-cycles/2013-holden-barina-cdx-tm-automatic-hatchback-wovr-repairable,209.0,209.0,3,12h 23m49s,12.397,Active,vic,VIC,lot
2026-03-02T20:36:28.452997,https://www.grays.com/lot/0001-21063515/motor-vehicles-motor-cycles/2015-volkswagen-polo-gti-6r-automatic-hatchback,2600.0,2600.0,22,2d 12h 23m31s,60.392,Active,vic,VIC,lot
2026-03-02T20:36:45.694697,https://www.grays.com/lot/0001-21063517/motor-vehicles-motor-cycles/2018-holden-equinox-lt-2wd-eq-automatic-wagon,209.0,209.0,3,2d 12h 23m13s,60.387,Active,vic,VIC,lot
2026-03-02T20:37:06.953378,https://www.grays.com/lot/0001-21063530/motor-vehicles-motor-cycles/2009-hyundai-iload-tq-turbo-diesel-manual-van-wovr-repairable,1809.0,1809.0,34,12h 22m52s,12.381,Active,vic,VIC,lot
2026-03-02T20:37:27.292133,https://www.grays.com/lot/0001-21063569/motor-vehicles-motor-cycles/2007-mazda-bt-50-sdx-b3000-turbo-diesel-automatic-dual-cab,9.0,9.0,0,2d 12h 22m32s,60.376,Active,vic,VIC,lot
2026-03-02T20:37:47.570511,https://www.grays.com/lot/0001-21063577/motor-vehicles-motor-cycles/2017-land-rover-discovery-sport-td4-180-hse-turbo-diesel-9-auto-wagon,209.0,209.0,3,2d 12h 22m11s,60.37,Active,vic,VIC,lot
2026-03-02T20:38:09.446345,https://www.grays.com/lot/0001-21063581/motor-vehicles-motor-cycles/2016-ford-ranger-xls-4x4-px-ii-automatic-dual-cab-wovr-repairable,9500.0,9500.0,82,12h 21m50s,12.364,Active,vic,VIC,lot
2026-03-02T20:38:28.581933,https://www.grays.com/lot/0001-21063593/motor-vehicles-motor-cycles/2014-kia-cerato-s-yd-automatic-sedan-wovr-inspected,1000.0,1000.0,11,12h 21m31s,12.359,Active,vic,VIC,lot
2026-03-02T20:38:47.075697,https://www.grays.com/lot/0001-21063611/motor-vehicles-motor-cycles/2011-volkswagen-tiguan-118-tsi-5n-manual-wagon,9.0,9.0,0,2d 12h 21m12s,60.353,Active,vic,VIC,lot
2026-03-02T20:38:58.106512,https://www.grays.com/lot/0001-21063614/motor-vehicles-motor-cycles/2018-mazda-3-maxx-sport-bn-automatic-sedan,409.0,409.0,6,2d 12h 21m1s,60.35,Active,vic,VIC,lot
2026-03-02T20:39:08.996289,https://www.grays.com/lot/0001-21063630/motor-vehicles-motor-cycles/2011-toyota-hiace-kdh223r-turbo-diesel-automatic-14-seats-bus,9.0,9.0,1,2d 12h 20m50s,60.347,Active,vic,VIC,lot
2026-03-02T20:39:20.885645,https://www.grays.com/lot/0001-21063631/motor-vehicles-motor-cycles/2015-bmw-x5-xdrive-30d-f15-turbo-diesel-automatic-wovr-repairable,309.0,309.0,4,2d 12h 20m39s,60.344,Active,vic,VIC,lot
2026-03-02T20:39:40.794601,https://www.grays.com/lot/0001-21063632/motor-vehicles-motor-cycles/2012-ford-territory-titanium-sz-turbo-diesel-automatic-7-seats-wagon,9.0,9.0,1,2d 12h 20m19s,60.339,Active,vic,VIC,lot
2026-03-02T20:39:59.135612,https://www.grays.com/lot/0001-21063633/motor-vehicles-motor-cycles/2015-ford-territory-titanium-sz-ii-turbo-diesel-automatic-7-seats-wagon,1109.0,1109.0,22,2d 12h 20m0s,60.333,Active,vic,VIC,lot
2026-03-02T20:40:09.896183,https://www.grays.com/lot/0001-21063634/motor-vehicles-motor-cycles/2008-toyota-hiace-trh223r-manual-14-seats-bus,109.0,109.0,2,2d 12h 19m50s,60.331,Active,vic,VIC,lot
2026-03-02T20:40:29.724833,https://www.grays.com/lot/0001-21063635/motor-vehicles-motor-cycles/2014-ford-transit-350l-lwb-mid-roof-vo-turbo-diesel-manual-van,109.0,109.0,2,2d 12h 19m30s,60.325,Active,vic,VIC,lot
2026-03-02T20:40:50.193857,https://www.grays.com/lot/0001-21063636/motor-vehicles-motor-cycles/2015-renault-koleos-bose-cvt-wagon,9.0,9.0,1,2d 12h 19m9s,60.319,Active,vic,VIC,lot
2026-03-02T20:41:06.434490,https://www.grays.com/lot/0001-21063644/motor-vehicles-motor-cycles/2022-mg-hs-vibe-automatic-wagon,11509.0,11509.0,0,2d 12h 18m52s,60.314,Active,vic,VIC,lot
2026-03-02T20:41:26.931122,https://www.grays.com/lot/0001-21063646/motor-vehicles-motor-cycles/2018-jaguar-e-pace-132kw-s-turbo-diesel-9-auto-wagon,409.0,409.0,5,2d 12h 18m33s,60.309,Active,vic,VIC,lot
2026-03-02T20:41:37.589183,https://www.grays.com/lot/0001-21063647/motor-vehicles-motor-cycles/2014-toyota-hiace-lwb-trh201r-automatic-van,7500.0,7500.0,20,2d 12h 18m21s,60.306,Active,vic,VIC,lot
2026-03-02T20:41:56.344518,https://www.grays.com/lot/0001-21063648/motor-vehicles-motor-cycles/2012-honda-jazz-hybrid-ge-cvt-hatchback,2809.0,2809.0,48,2d 12h 18m3s,60.301,Active,vic,VIC,lot
2026-03-02T20:42:16.251104,https://www.grays.com/lot/0001-21063649/motor-vehicles-motor-cycles/2000-ford-falcon-futura-auii-automatic-sedan,9.0,9.0,1,2d 12h 17m43s,60.295,Active,vic,VIC,lot
2026-03-02T20:42:39.901110,https://www.grays.com/lot/0001-21063650/motor-vehicles-motor-cycles/2013-nissan-pathfinder-st-r52-cvt-7-seats-wagon,9.0,9.0,0,2d 12h 17m19s,60.289,Active,vic,VIC,lot
2026-03-02T20:42:52.141825,https://www.grays.com/lot/0001-21063651/motor-vehicles-motor-cycles/2013-mitsubishi-lancer-es-cj-cvt-sedan,9.0,9.0,0,2d 12h 17m7s,60.285,Active,vic,VIC,lot
2026-03-02T20:43:08.390861,https://www.grays.com/lot/0001-21063652/motor-vehicles-motor-cycles/2006-toyota-yaris-yr-ncp90r-manual-hatchback,9.0,9.0,0,2d 12h 16m50s,60.281,Active,vic,VIC,lot
2026-03-02T20:43:30.930944,https://www.grays.com/lot/0001-21063653/motor-vehicles-motor-cycles/2006-ford-territory-tx-sy-automatic-wagon,9.0,9.0,0,2d 12h 16m29s,60.275,Active,vic,VIC,lot
2026-03-02T20:43:50.929937,https://www.grays.com/lot/0001-21063656/motor-vehicles-motor-cycles/2010-bmw-3-series-320d-lifestyle-e90-turbo-diesel-automatic-sedan,209.0,209.0,5,2d 12h 16m9s,60.269,Active,vic,VIC,lot
2026-03-02T20:44:08.131728,https://www.grays.com/lot/0001-21063658/motor-vehicles-motor-cycles/2013-nissan-navara-4x2-st-d40-turbo-diesel-manual-dual-cab,9.0,9.0,1,2d 12h 15m52s,60.264,Active,vic,VIC,lot
2026-03-02T20:44:29.238773,https://www.grays.com/lot/0001-21063659/motor-vehicles-motor-cycles/2014-ford-fiesta-ambiente-wz-automatic-hatchback,599.0,599.0,3,2d 12h 15m29s,60.258,Active,vic,VIC,lot
2026-03-02T20:44:48.455330,https://www.grays.com/lot/0001-21063661/motor-vehicles-motor-cycles/2009-ford-focus-lx-lv-automatic-hatchback,9.0,9.0,1,2d 12h 15m10s,60.253,Active,vic,VIC,lot
2026-03-02T20:44:59.878928,https://www.grays.com/lot/0001-50517822/motor-vehicles-motor-cycles/2024-volkswagen-transporter-swb-tdi340-t6-1-td-auto-van-wovr-inspected,42009.0,42009.0,0,2d 13h 14m59s,61.25,Active,qld,QLD,lot
2026-03-02T20:45:10.931792,https://www.grays.com/lot/0001-50714689/motor-vehicles-motor-cycles/2014-toyota-camry-hybrid-h-avv50r-cvt-sedan,1000.0,1000.0,2,2d 12h 14m49s,60.247,Active,qld,QLD,lot
2026-03-02T20:45:32.154388,https://www.grays.com/lot/0001-50714723/motor-vehicles-motor-cycles/2021-ldv-g10-turbo-diesel-automatic-8-speed-van,9.0,9.0,1,2d 12h 14m27s,60.241,Active,qld,QLD,lot
2026-03-02T20:45:53.503418,https://www.grays.com/lot/0001-50714758/motor-vehicles-motor-cycles/2014-audi-a3-cabriolet-1-8-tsi-ambition-8v-convertible-wovr-inspected,1409.0,1409.0,24,12h 14m5s,12.235,Active,qld,QLD,lot
2026-03-02T20:46:03.543390,https://www.grays.com/lot/0001-50714783/motor-vehicles-motor-cycles/2019-mazda-cx-5-maxx-sport-kf-turbo-diesel-automatic-wagon,309.0,309.0,4,2d 12h 23m56s,60.399,Active,qld,QLD,lot
2026-03-02T20:46:14.040483,https://www.grays.com/lot/0001-60050232/motor-vehicles-motor-cycles/2010-ford-falcon-xr6-fg-automatic-sedan,409.0,409.0,5,2d 12h 13m45s,60.229,Active,sa,SA,lot
2026-03-02T20:46:27.304700,https://www.grays.com/lot/0001-60050262/motor-vehicles-motor-cycles/2018-suzuki-vitara-rt-s-ly-automatic-wagon,800.0,800.0,7,2d 12h 13m31s,60.225,Active,sa,SA,lot
2026-03-02T20:46:42.711873,https://www.grays.com/lot/0001-60050264/motor-vehicles-motor-cycles/2004-toyota-hilux-dble-cab-4x2-automatic-dual-cab,609.0,609.0,9,2d 12h 13m17s,60.221,Active,sa,SA,lot
2026-03-02T20:46:53.520776,https://www.grays.com/lot/0001-60050266/motor-vehicles-motor-cycles/2013-mercedes-benz-ml500-w166-automatic-wagon,109.0,109.0,2,2d 12h 13m6s,60.218,Active,sa,SA,lot
2026-03-02T20:47:09.183092,https://www.grays.com/lot/0001-60050267/motor-vehicles-motor-cycles/2014-kia-cerato-si-yd-automatic-hatchback,1000.0,1000.0,13,2d 12h 12m51s,60.214,Active,sa,SA,lot
2026-03-02T20:47:25.850260,https://www.grays.com/lot/0001-9067246/motor-vehicles-motor-cycles/2010-ford-escape-zd-automatic-wagon-wovr-inspected,4600.0,4600.0,83,14h 42m33s,14.709,Active,wa,WA,lot
2026-03-02T20:47:43.014696,https://www.grays.com/lot/0001-9067251/motor-vehicles-motor-cycles/2011-toyota-alphard-import-auto-8-seats-people-mover-wovr-repairable,3209.0,3209.0,57,14h 42m16s,14.704,Active,wa,WA,lot
2026-03-02T20:48:00.331973,https://www.grays.com/lot/0001-9067261/motor-vehicles-motor-cycles/2008-toyota-corolla-ascent-zre152r-auto-hatchback-wovr-inspected,3309.0,3309.0,38,14h 41m59s,14.7,Active,wa,WA,lot
2026-03-02T20:48:16.896846,https://www.grays.com/lot/0001-9067265/motor-vehicles-motor-cycles/2015-bmw-x1-xdrive20d-f48-t-d-auto-wagon-wovr-inspected,7200.0,7200.0,73,14h 41m43s,14.695,Active,wa,WA,lot
2026-03-02T20:48:35.074841,https://www.grays.com/lot/0001-9067273/motor-vehicles-motor-cycles/2008-holden-commodore-ss-ve-automatic-sedan-wovr-repairable,3909.0,3909.0,64,14h 41m24s,14.69,Active,wa,WA,lot
2026-03-02T20:48:52.954912,https://www.grays.com/lot/0001-9067282/motor-vehicles-motor-cycles/2007-holden-commodore-omega-ve-automatic-sedan-wovr-inspected,650.0,650.0,10,15h 11m6s,15.185,Active,wa,WA,lot
2026-03-02T20:49:09.898691,https://www.grays.com/lot/0001-9067283/motor-vehicles-motor-cycles/2014-mitsubishi-asx-ls-2wd-xb-cvt-wagon-wovr-inspected,809.0,809.0,16,15h 10m50s,15.181,Active,wa,WA,lot
2026-03-02T20:49:28.494105,https://www.grays.com/lot/0001-9067291/motor-vehicles-motor-cycles/2004-mazda-3-sp23-bk-automatic-hatchback-wovr-inspected,409.0,409.0,9,15h 10m31s,15.175,Active,wa,WA,lot
2026-03-02T20:49:45.648588,https://www.grays.com/lot/0001-9067298/motor-vehicles-motor-cycles/2018-suzuki-swift-gl-navigator-az-cvt-hatchback-wovr-inspected,5400.0,5400.0,48,1d 14h 40m13s,38.67,Active,wa,WA,lot
2026-03-02T20:50:03.719571,https://www.grays.com/lot/0001-9067302/motor-vehicles-motor-cycles/2008-toyota-landcruiser-prado-std-kdj120r-wovr-repairable,2009.0,2009.0,27,12h 9m55s,12.165,Active,wa,WA,lot
2026-03-02T20:50:21.519645,https://www.grays.com/lot/0001-9067329/motor-vehicles-motor-cycles/2010-ford-focus-lx-lv-manual-sedan-wovr-inspected,109.0,109.0,2,1d 15h 9m38s,39.161,Active,wa,WA,lot
2026-03-02T21:15:42.058674,https://www.grays.com/lot/0001-21063355/motor-vehicles-motor-cycles/2006-subaru-impreza-2-0i-g2-manual-sedan,409.0,409.0,5,11h 44m18s,11.738,Active,vic,VIC,lot
2026-03-02T21:16:04.651519,https://www.grays.com/lot/0001-21063356/motor-vehicles-motor-cycles/2012-mitsubishi-lancer-lx-cj-cvt-sedan,2700.0,2700.0,29,11h 43m54s,11.732,Active,vic,VIC,lot
2026-03-02T21:16:21.979154,https://www.grays.com/lot/0001-21063394/motor-vehicles-motor-cycles/2014-bmw-3-series-m-sport-320i-f30-automatic-8-speed-sedan,8000.0,8000.0,101,11h 43m37s,11.727,Active,vic,VIC,lot
2026-03-02T21:16:40.628070,https://www.grays.com/lot/0001-21063396/motor-vehicles-motor-cycles/2009-bmw-3-series-325i-e90-automatic-sedan,969.0,969.0,8,11h 43m19s,11.722,Active,vic,VIC,lot
2026-03-02T21:17:01.310881,https://www.grays.com/lot/0001-21063439/motor-vehicles-motor-cycles/2016-porsche-cayenne-diesel-92a-turbo-diesel-automatic-8-speed-wagon,17500.0,17500.0,98,11h 57m58s,11.966,Active,vic,VIC,lot
2026-03-02T21:17:18.826377,https://www.grays.com/lot/0001-21063440/motor-vehicles-motor-cycles/2013-mercedes-benz-ml350-bluetec-w166-turbo-diesel-automatic-wagon,5320.0,5320.0,12,11h 57m40s,11.961,Active,vic,VIC,lot
2026-03-02T21:17:37.861709,https://www.grays.com/lot/0001-21063458/motor-vehicles-motor-cycles/2015-mercedes-benz-a-class-a200-w176-automatic-hatchback,8000.0,8000.0,107,11h 42m21s,11.706,Active,vic,VIC,lot
2026-03-02T21:17:59.438441,https://www.grays.com/lot/0001-21063462/motor-vehicles-motor-cycles/2013-nissan-micra-st-k13-automatic-hatchback,1109.0,1109.0,12,11h 42m0s,11.7,Active,vic,VIC,lot
2026-03-02T21:18:19.828199,https://www.grays.com/lot/0001-21063463/motor-vehicles-motor-cycles/2013-holden-barina-cdx-tm-automatic-hatchback-wovr-repairable,209.0,209.0,3,11h 41m39s,11.694,Active,vic,VIC,lot
2026-03-02T21:18:40.460013,https://www.grays.com/lot/0001-21063485/motor-vehicles-motor-cycles/2014-ford-focus-trend-lw-ii-turbo-diesel-automatic-hatchback,309.0,309.0,5,11h 41m19s,11.689,Active,vic,VIC,lot
2026-03-02T21:19:01.751777,https://www.grays.com/lot/0001-21063491/motor-vehicles-motor-cycles/2012-land-rover-range-rover-evoque-sd4-prestige-turbo-diesel-manual-wagon,1100.0,1100.0,14,11h 40m57s,11.682,Active,vic,VIC,lot
2026-03-02T21:19:20.566410,https://www.grays.com/lot/0001-21063492/motor-vehicles-motor-cycles/2007-mazda-3-sp23-luxury-pack-bk-automatic-sedan,509.0,509.0,6,11h 40m39s,11.678,Active,vic,VIC,lot
2026-03-02T21:19:36.809586,https://www.grays.com/lot/0001-21063493/motor-vehicles-motor-cycles/2018-holden-equinox-ls-2wd-eq-turbo-diesel-automatic-wagon,1309.0,1309.0,9,11h 40m22s,11.673,Active,vic,VIC,lot
2026-03-02T21:19:56.137612,https://www.grays.com/lot/0001-21063494/motor-vehicles-motor-cycles/2011-volkswagen-tiguan-147-tsi-5n-automatic-wagon,109.0,109.0,2,11h 40m3s,11.667,Active,vic,VIC,lot
2026-03-02T21:20:13.086050,https://www.grays.com/lot/0001-21063495/motor-vehicles-motor-cycles/2013-mitsubishi-lancer-es-cj-cvt-sedan,909.0,909.0,10,11h 39m46s,11.663,Active,vic,VIC,lot
2026-03-02T21:20:37.881427,https://www.grays.com/lot/0001-21063496/motor-vehicles-motor-cycles/2010-land-rover-range-rover-sport-3-0-tdv6-luxury-automatic-wagon,5254.0,5254.0,83,11h 39m22s,11.656,Active,vic,VIC,lot
2026-03-02T21:20:55.121404,https://www.grays.com/lot/0001-21063497/motor-vehicles-motor-cycles/2022-nissan-x-trail-st-l-2wd-t33-cvt-wagon,13200.0,13200.0,94,11h 39m4s,11.651,Active,vic,VIC,lot
2026-03-02T21:21:15.249619,https://www.grays.com/lot/0001-21063499/motor-vehicles-motor-cycles/2007-holden-captiva-lx-awd-cg-automatic-7-seats-wagon,9.0,9.0,0,11h 38m44s,11.646,Active,vic,VIC,lot
2026-03-02T21:21:34.152017,https://www.grays.com/lot/0001-21063500/motor-vehicles-motor-cycles/2000-holden-calais-vx-automatic-sedan,609.0,609.0,11,11h 38m25s,11.64,Active,vic,VIC,lot
2026-03-02T21:21:51.737223,https://www.grays.com/lot/0001-21063501/motor-vehicles-motor-cycles/2009-ford-mondeo-zetec-mb-turbo-diesel-automatic-hatchback,309.0,309.0,4,11h 38m7s,11.635,Active,vic,VIC,lot
2026-03-02T21:22:12.128440,https://www.grays.com/lot/0001-21063502/motor-vehicles-motor-cycles/2007-toyota-corolla-ascent-zre152r-automatic-sedan,209.0,209.0,3,11h 37m47s,11.63,Active,vic,VIC,lot
2026-03-02T21:22:34.265992,https://www.grays.com/lot/0001-21063504/motor-vehicles-motor-cycles/2020-ford-ranger-xlt-4x4-px-iii-turbo-diesel-automatic-dual-cab,13200.0,13200.0,152,11h 37m24s,11.623,Active,vic,VIC,lot
2026-03-02T21:22:55.827512,https://www.grays.com/lot/0001-21063505/motor-vehicles-motor-cycles/2010-mitsubishi-triton-4x2-gl-r-mn-turbo-diesel-manual-dual-cab,1710.0,1710.0,30,11h 37m3s,11.617,Active,vic,VIC,lot
2026-03-02T21:23:14.231023,https://www.grays.com/lot/0001-21063506/motor-vehicles-motor-cycles/2011-toyota-corolla-ascent-zre152r-automatic-hatchback,2433.0,2433.0,27,11h 36m45s,11.612,Active,vic,VIC,lot
2026-03-02T21:23:32.497430,https://www.grays.com/lot/0001-21063507/motor-vehicles-motor-cycles/2003-volkswagen-golf-2-0-generation-a4-manual-hatchback,309.0,309.0,4,11h 36m26s,11.607,Active,vic,VIC,lot
2026-03-02T21:23:49.773753,https://www.grays.com/lot/0001-21063508/motor-vehicles-motor-cycles/2006-subaru-impreza-2-0i-g2-automatic-sedan,109.0,109.0,2,11h 36m10s,11.603,Active,vic,VIC,lot
2026-03-02T21:24:11.043641,https://www.grays.com/lot/0001-21063509/motor-vehicles-motor-cycles/2012-holden-cruze-cd-jh-automatic-sedan,309.0,309.0,4,11h 35m48s,11.597,Active,vic,VIC,lot
2026-03-02T21:24:30.429419,https://www.grays.com/lot/0001-21063510/motor-vehicles-motor-cycles/2012-skoda-octavia-90tsi-1z-manual-sedan,9.0,9.0,0,11h 35m29s,11.591,Active,vic,VIC,lot
2026-03-02T21:24:52.014351,https://www.grays.com/lot/0001-21063512/motor-vehicles-motor-cycles/2013-hyundai-ix35-se-fwd-lm-automatic-wagon,4509.0,4509.0,82,11h 35m8s,11.586,Active,vic,VIC,lot
2026-03-02T21:25:15.419743,https://www.grays.com/lot/0001-21063513/motor-vehicles-motor-cycles/2012-toyota-yaris-yrx-ncp131r-automatic-hatchback,5800.0,5800.0,79,11h 39m44s,11.662,Active,vic,VIC,lot
2026-03-02T21:25:36.000122,https://www.grays.com/lot/0001-21063514/motor-vehicles-motor-cycles/2003-toyota-camry-altise-sport-mcv36r-automatic-sedan,809.0,809.0,9,11h 34m23s,11.573,Active,vic,VIC,lot
2026-03-02T21:25:58.525514,https://www.grays.com/lot/0001-21063516/motor-vehicles-motor-cycles/2010-mitsubishi-triton-4x2-gl-r-mn-turbo-diesel-automatic-dual-cab,109.0,109.0,3,11h 34m1s,11.567,Active,vic,VIC,lot
2026-03-02T21:26:19.160916,https://www.grays.com/lot/0001-21063518/motor-vehicles-motor-cycles/2005-holden-rodeo-lx-v6-crew-cab-ra-automatic-dual-cab,9.0,9.0,1,11h 33m41s,11.561,Active,vic,VIC,lot
2026-03-02T21:26:36.767413,https://www.grays.com/lot/0001-21063521/motor-vehicles-motor-cycles/2011-holden-cruze-cdx-jh-automatic-sedan,109.0,109.0,2,11h 33m22s,11.556,Active,vic,VIC,lot
2026-03-02T21:26:58.446705,https://www.grays.com/lot/0001-21063523/motor-vehicles-motor-cycles/2012-mercedes-benz-ml250-bluetec-w166-turbo-diesel-automatic-wagon,3809.0,3809.0,49,11h 33m1s,11.55,Active,vic,VIC,lot
2026-03-02T21:27:18.767562,https://www.grays.com/lot/0001-21063526/motor-vehicles-motor-cycles/2008-nissan-navara-st-x-4x2-d40-automatic-dual-cab,1209.0,1209.0,13,11h 32m41s,11.545,Active,vic,VIC,lot
2026-03-02T21:27:33.791019,https://www.grays.com/lot/0001-21063527/motor-vehicles-motor-cycles/2008-peugeot-308-xse-hdi-turbo-diesel-automatic-hatchback,709.0,709.0,8,11h 32m26s,11.541,Active,vic,VIC,lot
2026-03-02T21:27:54.646475,https://www.grays.com/lot/0001-21063528/motor-vehicles-motor-cycles/2008-volkswagen-tiguan-103-tdi-5n-turbo-diesel-manual-wagon,9.0,9.0,0,11h 32m5s,11.535,Active,vic,VIC,lot
2026-03-02T21:28:17.626621,https://www.grays.com/lot/0001-21063529/motor-vehicles-motor-cycles/2015-mitsubishi-triton-4x4-glx-mn-turbo-diesel-automatic-dual-cab,3009.0,3009.0,55,11h 31m41s,11.528,Active,vic,VIC,lot
2026-03-02T21:28:38.878561,https://www.grays.com/lot/0001-21063530/motor-vehicles-motor-cycles/2009-hyundai-iload-tq-turbo-diesel-manual-van-wovr-repairable,1809.0,1809.0,34,11h 31m20s,11.522,Active,vic,VIC,lot
2026-03-02T21:28:58.463025,https://www.grays.com/lot/0001-21063531/motor-vehicles-motor-cycles/2015-jeep-grand-cherokee-laredo-4x4-wk-turbo-diesel-auto-8-speed-wagon,7600.0,7600.0,29,11h 31m1s,11.517,Active,vic,VIC,lot
2026-03-02T21:29:17.549690,https://www.grays.com/lot/0001-21063532/motor-vehicles-motor-cycles/2014-mazda-3-maxx-bm-automatic-sedan,1209.0,1209.0,13,11h 30m41s,11.511,Active,vic,VIC,lot
2026-03-02T21:29:31.681613,https://www.grays.com/lot/0001-21063533/motor-vehicles-motor-cycles/2011-suzuki-swift-gl-fz-automatic-hatchback,1609.0,1609.0,33,11h 30m28s,11.508,Active,vic,VIC,lot
2026-03-02T21:30:07.838130,https://www.grays.com/lot/0001-21063534/motor-vehicles-motor-cycles/2006-audi-a6-2-0-tfsi-c6-cvt-sedan,609.0,609.0,13,11h 29m51s,11.497,Active,vic,VIC,lot
2026-03-02T21:30:28.293301,https://www.grays.com/lot/0001-21063536/motor-vehicles-motor-cycles/2013-hyundai-veloster-sr-turbo-fs-automatic-coupe,3600.0,3600.0,59,11h 29m31s,11.492,Active,vic,VIC,lot
2026-03-02T21:30:47.792236,https://www.grays.com/lot/0001-21063537/motor-vehicles-motor-cycles/2013-toyota-yaris-yr-ncp130r-automatic-hatchback,4700.0,4700.0,40,11h 29m11s,11.486,Active,vic,VIC,lot
2026-03-02T21:30:58.775800,https://www.grays.com/lot/0001-21063539/motor-vehicles-motor-cycles/2016-land-rover-discovery-sport-td4-180-hse-t-d-9-auto-7-seats-wagon,3500.0,3500.0,33,11h 29m1s,11.484,Active,vic,VIC,lot
2026-03-02T21:31:19.739434,https://www.grays.com/lot/0001-21063541/motor-vehicles-motor-cycles/2016-holden-trax-ls-tj-automatic-wagon,509.0,509.0,7,11h 28m39s,11.478,Active,vic,VIC,lot
2026-03-02T21:31:41.833991,https://www.grays.com/lot/0001-21063542/motor-vehicles-motor-cycles/2011-volkswagen-golf-bluemotion-a6-turbo-diesel-manual-hatchback,509.0,509.0,8,11h 28m17s,11.471,Active,vic,VIC,lot
2026-03-02T21:32:03.095043,https://www.grays.com/lot/0001-21063543/motor-vehicles-motor-cycles/2008-volvo-xc90-d5-turbo-diesel-automatic-7-seats-wagon,9.0,9.0,1,11h 27m56s,11.466,Active,vic,VIC,lot
2026-03-02T21:32:24.017014,https://www.grays.com/lot/0001-21063544/motor-vehicles-motor-cycles/2011-volvo-xc60-d5-r-design-turbo-diesel-automatic-wagon,2800.0,2800.0,41,11h 27m35s,11.46,Active,vic,VIC,lot
2026-03-02T21:32:41.862219,https://www.grays.com/lot/0001-21063551/motor-vehicles-motor-cycles/2005-volkswagen-golf-2-0-tdi-comfortline-a5-turbo-diesel-at-hatchback,109.0,109.0,2,11h 27m18s,11.455,Active,vic,VIC,lot
2026-03-02T21:33:00.656056,https://www.grays.com/lot/0001-21063553/motor-vehicles-motor-cycles/2015-ldv-v80-swb-low-roof-turbo-diesel-manual-van,1609.0,1609.0,30,11h 26m59s,11.45,Active,vic,VIC,lot
2026-03-02T21:33:17.296273,https://www.grays.com/lot/0001-21063554/motor-vehicles-motor-cycles/2001-bmw-320i-automatic-sedan,309.0,309.0,4,11h 26m42s,11.445,Active,vic,VIC,lot
2026-03-02T21:33:34.683670,https://www.grays.com/lot/0001-21063555/motor-vehicles-motor-cycles/2005-volkswagen-golf-2-0-fsi-comfortline-a5-automatic-hatchback,609.0,609.0,11,11h 26m24s,11.44,Active,vic,VIC,lot
2026-03-02T21:33:56.419990,https://www.grays.com/lot/0001-21063556/motor-vehicles-motor-cycles/2007-bmw-335i-e93-automatic-convertible,3800.0,3800.0,31,11h 26m3s,11.434,Active,vic,VIC,lot
2026-03-02T21:34:14.271877,https://www.grays.com/lot/0001-21063557/motor-vehicles-motor-cycles/2011-toyota-landcruiser-prado-gxl-grj150r-automatic-7-seats-wagon,8600.0,8600.0,100,11h 25m45s,11.429,Active,vic,VIC,lot
2026-03-02T21:34:36.192462,https://www.grays.com/lot/0001-21063560/motor-vehicles-motor-cycles/2014-subaru-liberty-2-5i-b5-cvt-wagon,409.0,409.0,5,11h 25m23s,11.423,Active,vic,VIC,lot
2026-03-02T21:34:57.656637,https://www.grays.com/lot/0001-21063563/motor-vehicles-motor-cycles/2011-land-rover-discovery-4-3-0-sdv6-hse-series-4-t-d-auto-7-seats-wagon,2550.0,2550.0,24,11h 25m2s,11.417,Active,vic,VIC,lot
2026-03-02T21:35:12.956197,https://www.grays.com/lot/0001-21063565/motor-vehicles-motor-cycles/2019-bmw-3-series-330i-g20-automatic-8-speed-sedan,18100.0,18100.0,84,11h 39m46s,11.663,Active,vic,VIC,lot
2026-03-02T21:35:34.183710,https://www.grays.com/lot/0001-21063567/motor-vehicles-motor-cycles/2008-mercedes-benz-c63-amg-w204-automatic-sedan,11900.0,11900.0,52,11h 29m25s,11.49,Active,vic,VIC,lot
2026-03-02T21:35:55.394213,https://www.grays.com/lot/0001-21063568/motor-vehicles-motor-cycles/2008-land-rover-discovery-3-se-series-3-automatic-7-seats-wagon,309.0,309.0,4,11h 24m3s,11.401,Active,vic,VIC,lot
2026-03-02T21:36:16.651034,https://www.grays.com/lot/0001-21063570/motor-vehicles-motor-cycles/2019-toyota-camry-ascent-hybrid-axvh71r-cvt-sedan,16900.0,16900.0,198,11h 23m42s,11.395,Active,vic,VIC,lot
2026-03-02T21:36:36.933860,https://www.grays.com/lot/0001-21063578/motor-vehicles-motor-cycles/2015-ford-kuga-ambiente-fwd-tf-ii-automatic-wagon,1409.0,1409.0,15,11h 23m22s,11.389,Active,vic,VIC,lot
2026-03-02T21:36:59.152611,https://www.grays.com/lot/0001-21063581/motor-vehicles-motor-cycles/2016-ford-ranger-xls-4x4-px-ii-automatic-dual-cab-wovr-repairable,9600.0,9600.0,83,11h 23m0s,11.383,Active,vic,VIC,lot
2026-03-02T21:37:19.132639,https://www.grays.com/lot/0001-21063583/motor-vehicles-motor-cycles/2009-toyota-corolla-conquest-zre152r-manual-hatchback,309.0,309.0,4,11h 22m40s,11.378,Active,vic,VIC,lot
2026-03-02T21:37:36.780468,https://www.grays.com/lot/0001-21063584/motor-vehicles-motor-cycles/2013-ford-mondeo-lx-mc-turbo-diesel-automatic-hatchback,9.0,9.0,1,11h 22m22s,11.373,Active,vic,VIC,lot
2026-03-02T21:37:56.415984,https://www.grays.com/lot/0001-21063589/motor-vehicles-motor-cycles/2015-jeep-cherokee-limited-4x4-kl-9-auto-wagon,909.0,909.0,16,11h 22m3s,11.367,Active,vic,VIC,lot
2026-03-02T21:38:06.773174,https://www.grays.com/lot/0001-21063590/motor-vehicles-motor-cycles/2009-bmw-118i-18i-e87-automatic-hatchback,109.0,109.0,2,11h 21m53s,11.365,Active,vic,VIC,lot
2026-03-02T21:38:24.583964,https://www.grays.com/lot/0001-21063593/motor-vehicles-motor-cycles/2014-kia-cerato-s-yd-automatic-sedan-wovr-inspected,1000.0,1000.0,11,11h 21m35s,11.36,Active,vic,VIC,lot
2026-03-02T22:15:39.675396,https://www.grays.com/lot/0001-21063355/motor-vehicles-motor-cycles/2006-subaru-impreza-2-0i-g2-manual-sedan,409.0,409.0,5,10h 44m19s,10.739,Active,vic,VIC,lot
2026-03-02T22:16:03.144870,https://www.grays.com/lot/0001-21063356/motor-vehicles-motor-cycles/2012-mitsubishi-lancer-lx-cj-cvt-sedan,2800.0,2800.0,30,10h 43m56s,10.732,Active,vic,VIC,lot
2026-03-02T22:16:20.387121,https://www.grays.com/lot/0001-21063394/motor-vehicles-motor-cycles/2014-bmw-3-series-m-sport-320i-f30-automatic-8-speed-sedan,8000.0,8000.0,101,10h 43m38s,10.727,Active,vic,VIC,lot
2026-03-02T22:16:40.327856,https://www.grays.com/lot/0001-21063396/motor-vehicles-motor-cycles/2009-bmw-3-series-325i-e90-automatic-sedan,969.0,969.0,8,10h 43m19s,10.722,Active,vic,VIC,lot
2026-03-02T22:17:00.728896,https://www.grays.com/lot/0001-21063439/motor-vehicles-motor-cycles/2016-porsche-cayenne-diesel-92a-turbo-diesel-automatic-8-speed-wagon,17500.0,17500.0,98,10h 57m58s,10.966,Active,vic,VIC,lot
2026-03-02T22:17:12.868617,https://www.grays.com/lot/0001-21063440/motor-vehicles-motor-cycles/2013-mercedes-benz-ml350-bluetec-w166-turbo-diesel-automatic-wagon,5320.0,5320.0,12,10h 57m47s,10.963,Active,vic,VIC,lot
2026-03-02T22:17:31.245274,https://www.grays.com/lot/0001-21063458/motor-vehicles-motor-cycles/2015-mercedes-benz-a-class-a200-w176-automatic-hatchback,8000.0,8000.0,107,10h 42m28s,10.708,Active,vic,VIC,lot
2026-03-02T22:17:52.828088,https://www.grays.com/lot/0001-21063462/motor-vehicles-motor-cycles/2013-nissan-micra-st-k13-automatic-hatchback,1109.0,1109.0,12,10h 42m6s,10.702,Active,vic,VIC,lot
2026-03-02T22:18:03.506503,https://www.grays.com/lot/0001-21063485/motor-vehicles-motor-cycles/2014-ford-focus-trend-lw-ii-turbo-diesel-automatic-hatchback,309.0,309.0,5,10h 41m56s,10.699,Active,vic,VIC,lot
2026-03-02T22:18:24.298063,https://www.grays.com/lot/0001-21063491/motor-vehicles-motor-cycles/2012-land-rover-range-rover-evoque-sd4-prestige-turbo-diesel-manual-wagon,1100.0,1100.0,14,10h 41m35s,10.693,Active,vic,VIC,lot
2026-03-02T22:18:43.568670,https://www.grays.com/lot/0001-21063492/motor-vehicles-motor-cycles/2007-mazda-3-sp23-luxury-pack-bk-automatic-sedan,509.0,509.0,6,10h 41m15s,10.688,Active,vic,VIC,lot
2026-03-02T22:18:59.791422,https://www.grays.com/lot/0001-21063493/motor-vehicles-motor-cycles/2018-holden-equinox-ls-2wd-eq-turbo-diesel-automatic-wagon,1309.0,1309.0,9,10h 40m59s,10.683,Active,vic,VIC,lot
2026-03-02T22:19:17.714766,https://www.grays.com/lot/0001-21063494/motor-vehicles-motor-cycles/2011-volkswagen-tiguan-147-tsi-5n-automatic-wagon,109.0,109.0,2,10h 40m42s,10.678,Active,vic,VIC,lot
2026-03-02T22:19:33.987307,https://www.grays.com/lot/0001-21063495/motor-vehicles-motor-cycles/2013-mitsubishi-lancer-es-cj-cvt-sedan,909.0,909.0,10,10h 40m25s,10.674,Active,vic,VIC,lot
2026-03-02T22:19:57.145718,https://www.grays.com/lot/0001-21063496/motor-vehicles-motor-cycles/2010-land-rover-range-rover-sport-3-0-tdv6-luxury-automatic-wagon,5254.0,5254.0,83,10h 40m2s,10.667,Active,vic,VIC,lot
2026-03-02T22:20:15.225650,https://www.grays.com/lot/0001-21063497/motor-vehicles-motor-cycles/2022-nissan-x-trail-st-l-2wd-t33-cvt-wagon,13300.0,13300.0,95,10h 39m43s,10.662,Active,vic,VIC,lot
2026-03-02T22:20:34.229855,https://www.grays.com/lot/0001-21063499/motor-vehicles-motor-cycles/2007-holden-captiva-lx-awd-cg-automatic-7-seats-wagon,9.0,9.0,0,10h 39m25s,10.657,Active,vic,VIC,lot
2026-03-02T22:20:52.715469,https://www.grays.com/lot/0001-21063500/motor-vehicles-motor-cycles/2000-holden-calais-vx-automatic-sedan,609.0,609.0,11,10h 39m6s,10.652,Active,vic,VIC,lot
2026-03-02T22:21:09.279270,https://www.grays.com/lot/0001-21063501/motor-vehicles-motor-cycles/2009-ford-mondeo-zetec-mb-turbo-diesel-automatic-hatchback,309.0,309.0,4,10h 38m50s,10.647,Active,vic,VIC,lot
2026-03-02T22:21:27.783261,https://www.grays.com/lot/0001-21063502/motor-vehicles-motor-cycles/2007-toyota-corolla-ascent-zre152r-automatic-sedan,209.0,209.0,3,10h 38m31s,10.642,Active,vic,VIC,lot
2026-03-02T22:21:48.926311,https://www.grays.com/lot/0001-21063504/motor-vehicles-motor-cycles/2020-ford-ranger-xlt-4x4-px-iii-turbo-diesel-automatic-dual-cab,13200.0,13200.0,152,10h 38m10s,10.636,Active,vic,VIC,lot
2026-03-02T22:22:08.565073,https://www.grays.com/lot/0001-21063505/motor-vehicles-motor-cycles/2010-mitsubishi-triton-4x2-gl-r-mn-turbo-diesel-manual-dual-cab,1710.0,1710.0,30,10h 37m51s,10.631,Active,vic,VIC,lot
2026-03-02T22:22:25.610369,https://www.grays.com/lot/0001-21063506/motor-vehicles-motor-cycles/2011-toyota-corolla-ascent-zre152r-automatic-hatchback,2633.0,2633.0,29,10h 37m34s,10.626,Active,vic,VIC,lot
2026-03-02T22:22:42.464659,https://www.grays.com/lot/0001-21063507/motor-vehicles-motor-cycles/2003-volkswagen-golf-2-0-generation-a4-manual-hatchback,309.0,309.0,4,10h 37m17s,10.621,Active,vic,VIC,lot
2026-03-02T22:22:59.766043,https://www.grays.com/lot/0001-21063508/motor-vehicles-motor-cycles/2006-subaru-impreza-2-0i-g2-automatic-sedan,109.0,109.0,2,10h 36m59s,10.616,Active,vic,VIC,lot
2026-03-02T22:23:21.317193,https://www.grays.com/lot/0001-21063509/motor-vehicles-motor-cycles/2012-holden-cruze-cd-jh-automatic-sedan,309.0,309.0,4,10h 36m38s,10.611,Active,vic,VIC,lot
2026-03-02T22:23:39.923541,https://www.grays.com/lot/0001-21063510/motor-vehicles-motor-cycles/2012-skoda-octavia-90tsi-1z-manual-sedan,9.0,9.0,0,10h 36m19s,10.605,Active,vic,VIC,lot
2026-03-02T22:24:00.871311,https://www.grays.com/lot/0001-21063512/motor-vehicles-motor-cycles/2013-hyundai-ix35-se-fwd-lm-automatic-wagon,4609.0,4609.0,83,10h 35m59s,10.6,Active,vic,VIC,lot
2026-03-02T22:24:12.573307,https://www.grays.com/lot/0001-21063513/motor-vehicles-motor-cycles/2012-toyota-yaris-yrx-ncp131r-automatic-hatchback,5800.0,5800.0,79,10h 40m47s,10.68,Active,vic,VIC,lot
2026-03-02T22:24:32.513057,https://www.grays.com/lot/0001-21063514/motor-vehicles-motor-cycles/2003-toyota-camry-altise-sport-mcv36r-automatic-sedan,809.0,809.0,9,10h 35m27s,10.591,Active,vic,VIC,lot
2026-03-02T22:24:54.081558,https://www.grays.com/lot/0001-21063516/motor-vehicles-motor-cycles/2010-mitsubishi-triton-4x2-gl-r-mn-turbo-diesel-automatic-dual-cab,109.0,109.0,3,10h 35m5s,10.585,Active,vic,VIC,lot
2026-03-02T22:25:04.514526,https://www.grays.com/lot/0001-21063518/motor-vehicles-motor-cycles/2005-holden-rodeo-lx-v6-crew-cab-ra-automatic-dual-cab,9.0,9.0,1,10h 34m54s,10.582,Active,vic,VIC,lot
2026-03-02T22:25:21.653019,https://www.grays.com/lot/0001-21063521/motor-vehicles-motor-cycles/2011-holden-cruze-cdx-jh-automatic-sedan,109.0,109.0,2,10h 34m38s,10.577,Active,vic,VIC,lot
2026-03-02T22:25:41.607409,https://www.grays.com/lot/0001-21063523/motor-vehicles-motor-cycles/2012-mercedes-benz-ml250-bluetec-w166-turbo-diesel-automatic-wagon,3809.0,3809.0,49,10h 34m18s,10.572,Active,vic,VIC,lot
2026-03-02T22:26:00.114277,https://www.grays.com/lot/0001-21063526/motor-vehicles-motor-cycles/2008-nissan-navara-st-x-4x2-d40-automatic-dual-cab,1309.0,1309.0,14,10h 33m59s,10.566,Active,vic,VIC,lot
2026-03-02T22:26:15.680576,https://www.grays.com/lot/0001-21063527/motor-vehicles-motor-cycles/2008-peugeot-308-xse-hdi-turbo-diesel-automatic-hatchback,709.0,709.0,8,10h 33m43s,10.562,Active,vic,VIC,lot
2026-03-02T22:26:35.867793,https://www.grays.com/lot/0001-21063528/motor-vehicles-motor-cycles/2008-volkswagen-tiguan-103-tdi-5n-turbo-diesel-manual-wagon,9.0,9.0,0,10h 33m23s,10.556,Active,vic,VIC,lot
2026-03-02T22:26:57.762403,https://www.grays.com/lot/0001-21063529/motor-vehicles-motor-cycles/2015-mitsubishi-triton-4x4-glx-mn-turbo-diesel-automatic-dual-cab,3009.0,3009.0,55,10h 33m2s,10.551,Active,vic,VIC,lot
2026-03-02T22:27:16.787858,https://www.grays.com/lot/0001-21063531/motor-vehicles-motor-cycles/2015-jeep-grand-cherokee-laredo-4x4-wk-turbo-diesel-auto-8-speed-wagon,7600.0,7600.0,29,10h 32m42s,10.545,Active,vic,VIC,lot
2026-03-02T22:27:34.389313,https://www.grays.com/lot/0001-21063532/motor-vehicles-motor-cycles/2014-mazda-3-maxx-bm-automatic-sedan,1209.0,1209.0,13,10h 32m25s,10.54,Active,vic,VIC,lot
2026-03-02T22:27:46.540902,https://www.grays.com/lot/0001-21063533/motor-vehicles-motor-cycles/2011-suzuki-swift-gl-fz-automatic-hatchback,1609.0,1609.0,33,10h 32m13s,10.537,Active,vic,VIC,lot
2026-03-02T22:28:07.288207,https://www.grays.com/lot/0001-21063534/motor-vehicles-motor-cycles/2006-audi-a6-2-0-tfsi-c6-cvt-sedan,609.0,609.0,13,10h 31m52s,10.531,Active,vic,VIC,lot
2026-03-02T22:28:28.181696,https://www.grays.com/lot/0001-21063536/motor-vehicles-motor-cycles/2013-hyundai-veloster-sr-turbo-fs-automatic-coupe,3700.0,3700.0,60,10h 31m31s,10.525,Active,vic,VIC,lot
2026-03-02T22:28:38.585150,https://www.grays.com/lot/0001-21063537/motor-vehicles-motor-cycles/2013-toyota-yaris-yr-ncp130r-automatic-hatchback,4800.0,4800.0,42,10h 31m20s,10.522,Active,vic,VIC,lot
2026-03-02T22:28:58.394572,https://www.grays.com/lot/0001-21063539/motor-vehicles-motor-cycles/2016-land-rover-discovery-sport-td4-180-hse-t-d-9-auto-7-seats-wagon,3600.0,3600.0,34,10h 31m1s,10.517,Active,vic,VIC,lot
2026-03-02T22:29:18.423972,https://www.grays.com/lot/0001-21063541/motor-vehicles-motor-cycles/2016-holden-trax-ls-tj-automatic-wagon,509.0,509.0,7,10h 30m41s,10.511,Active,vic,VIC,lot
2026-03-02T22:29:41.357597,https://www.grays.com/lot/0001-21063542/motor-vehicles-motor-cycles/2011-volkswagen-golf-bluemotion-a6-turbo-diesel-manual-hatchback,509.0,509.0,8,10h 30m18s,10.505,Active,vic,VIC,lot
2026-03-02T22:30:01.834756,https://www.grays.com/lot/0001-21063543/motor-vehicles-motor-cycles/2008-volvo-xc90-d5-turbo-diesel-automatic-7-seats-wagon,9.0,9.0,1,10h 29m58s,10.499,Active,vic,VIC,lot
2026-03-02T22:30:22.755767,https://www.grays.com/lot/0001-21063544/motor-vehicles-motor-cycles/2011-volvo-xc60-d5-r-design-turbo-diesel-automatic-wagon,2900.0,2900.0,42,10h 29m36s,10.493,Active,vic,VIC,lot
2026-03-02T22:30:40.564946,https://www.grays.com/lot/0001-21063551/motor-vehicles-motor-cycles/2005-volkswagen-golf-2-0-tdi-comfortline-a5-turbo-diesel-at-hatchback,109.0,109.0,2,10h 29m19s,10.489,Active,vic,VIC,lot
2026-03-02T22:30:58.578016,https://www.grays.com/lot/0001-21063553/motor-vehicles-motor-cycles/2015-ldv-v80-swb-low-roof-turbo-diesel-manual-van,1609.0,1609.0,30,10h 29m1s,10.484,Active,vic,VIC,lot
2026-03-02T22:31:14.814717,https://www.grays.com/lot/0001-21063554/motor-vehicles-motor-cycles/2001-bmw-320i-automatic-sedan,309.0,309.0,4,10h 28m44s,10.479,Active,vic,VIC,lot
2026-03-02T22:31:40.406900,https://www.grays.com/lot/0001-21063555/motor-vehicles-motor-cycles/2005-volkswagen-golf-2-0-fsi-comfortline-a5-automatic-hatchback,609.0,609.0,11,10h 28m19s,10.472,Active,vic,VIC,lot
2026-03-02T22:32:01.106844,https://www.grays.com/lot/0001-21063556/motor-vehicles-motor-cycles/2007-bmw-335i-e93-automatic-convertible,3800.0,3800.0,31,10h 27m58s,10.466,Active,vic,VIC,lot
2026-03-02T22:32:18.481612,https://www.grays.com/lot/0001-21063557/motor-vehicles-motor-cycles/2011-toyota-landcruiser-prado-gxl-grj150r-automatic-7-seats-wagon,8600.0,8600.0,100,10h 27m40s,10.461,Active,vic,VIC,lot
2026-03-02T22:32:39.378812,https://www.grays.com/lot/0001-21063560/motor-vehicles-motor-cycles/2014-subaru-liberty-2-5i-b5-cvt-wagon,409.0,409.0,5,10h 27m20s,10.456,Active,vic,VIC,lot
2026-03-02T22:32:59.421916,https://www.grays.com/lot/0001-21063563/motor-vehicles-motor-cycles/2011-land-rover-discovery-4-3-0-sdv6-hse-series-4-t-d-auto-7-seats-wagon,2650.0,2650.0,25,10h 27m0s,10.45,Active,vic,VIC,lot
2026-03-02T22:33:22.089637,https://www.grays.com/lot/0001-21063565/motor-vehicles-motor-cycles/2019-bmw-3-series-330i-g20-automatic-8-speed-sedan,18100.0,18100.0,84,10h 41m38s,10.694,Active,vic,VIC,lot
2026-03-02T22:33:42.104446,https://www.grays.com/lot/0001-21063567/motor-vehicles-motor-cycles/2008-mercedes-benz-c63-amg-w204-automatic-sedan,11900.0,11900.0,52,10h 31m17s,10.521,Active,vic,VIC,lot
2026-03-02T22:34:01.495860,https://www.grays.com/lot/0001-21063568/motor-vehicles-motor-cycles/2008-land-rover-discovery-3-se-series-3-automatic-7-seats-wagon,309.0,309.0,4,10h 25m57s,10.432,Active,vic,VIC,lot
2026-03-02T22:34:22.085333,https://www.grays.com/lot/0001-21063570/motor-vehicles-motor-cycles/2019-toyota-camry-ascent-hybrid-axvh71r-cvt-sedan,16900.0,16900.0,198,10h 25m37s,10.427,Active,vic,VIC,lot
2026-03-02T22:34:41.090917,https://www.grays.com/lot/0001-21063578/motor-vehicles-motor-cycles/2015-ford-kuga-ambiente-fwd-tf-ii-automatic-wagon,1409.0,1409.0,15,10h 25m18s,10.422,Active,vic,VIC,lot
2026-03-02T22:35:00.883785,https://www.grays.com/lot/0001-21063583/motor-vehicles-motor-cycles/2009-toyota-corolla-conquest-zre152r-manual-hatchback,309.0,309.0,4,10h 24m58s,10.416,Active,vic,VIC,lot
2026-03-02T22:35:19.220471,https://www.grays.com/lot/0001-21063584/motor-vehicles-motor-cycles/2013-ford-mondeo-lx-mc-turbo-diesel-automatic-hatchback,9.0,9.0,1,10h 24m40s,10.411,Active,vic,VIC,lot
2026-03-02T22:35:40.072673,https://www.grays.com/lot/0001-21063589/motor-vehicles-motor-cycles/2015-jeep-cherokee-limited-4x4-kl-9-auto-wagon,1209.0,1209.0,19,10h 24m19s,10.405,Active,vic,VIC,lot
2026-03-02T22:35:51.616398,https://www.grays.com/lot/0001-21063590/motor-vehicles-motor-cycles/2009-bmw-118i-18i-e87-automatic-hatchback,109.0,109.0,2,10h 24m7s,10.402,Active,vic,VIC,lot
2026-03-09T17:01:26.804345,https://www.grays.com/lot/0001-10352882/motor-vehicles-motor-cycles/2014-porsche-macan-s-diesel-95b-turbo-diesel-automatic-wagon,7000.0,7000.0,31,16h 13m34s,16.226,Active,nsw,NSW,lot
2026-03-09T17:25:06.220717,https://www.grays.com/lot/0001-10352898/motor-vehicles-motor-cycles/2015-subaru-forester-2-0d-l-s4-turbo-diesel-cvt-wagon,5500.0,5500.0,18,1d 15h 34m55s,39.582,Active,nsw,NSW,lot
2026-03-09T21:26:55.172070,https://www.grays.com/lot/0001-10352883/motor-vehicles-motor-cycles/2016-lexus-rx-350-rx350-f-sport-ggl25r-automatic-8-speed-wagon,10800.0,10800.0,139,11h 48m5s,11.801,Active,nsw,NSW,lot
2026-03-09T21:27:04.414596,https://www.grays.com/lot/0001-10352884/motor-vehicles-motor-cycles/2012-kia-grand-carnival-s-vq-automatic-8-seats-people-mover,4100.0,4100.0,42,11h 47m56s,11.799,Active,nsw,NSW,lot
2026-03-09T21:27:14.808999,https://www.grays.com/lot/0001-10352886/motor-vehicles-motor-cycles/2015-jaguar-xe-v6-s-automatic-8-speed-sedan,5100.0,5100.0,5,11h 47m46s,11.796,Active,nsw,NSW,lot
2026-03-09T21:27:27.490858,https://www.grays.com/lot/0001-10352887/motor-vehicles-motor-cycles/2011-audi-a5-3-0-tdi-quattro-8t-turbo-diesel-automatic-hatchback,3200.0,3200.0,11,11h 47m33s,11.793,Active,nsw,NSW,lot
2026-03-09T21:27:41.851429,https://www.grays.com/lot/0001-10352888/motor-vehicles-motor-cycles/2007-toyota-corolla-ascent-zre152r-automatic-sedan,2700.0,2700.0,32,11h 47m19s,11.789,Active,nsw,NSW,lot
2026-03-09T21:27:53.454251,https://www.grays.com/lot/0001-10352889/motor-vehicles-motor-cycles/2010-holden-ute-sv6-ve-manual-ute,3100.0,3100.0,9,11h 47m7s,11.785,Active,nsw,NSW,lot
2026-03-09T21:28:50.255316,https://www.grays.com/lot/0001-10352882/motor-vehicles-motor-cycles/2014-porsche-macan-s-diesel-95b-turbo-diesel-automatic-wagon,7100.0,7100.0,32,11h 46m10s,11.769,Active,nsw,NSW,lot
2026-03-09T21:29:02.992876,https://www.grays.com/lot/0001-10352883/motor-vehicles-motor-cycles/2016-lexus-rx-350-rx350-f-sport-ggl25r-automatic-8-speed-wagon,10800.0,10800.0,139,11h 45m57s,11.766,Active,nsw,NSW,lot
2026-03-09T21:29:16.190566,https://www.grays.com/lot/0001-10352884/motor-vehicles-motor-cycles/2012-kia-grand-carnival-s-vq-automatic-8-seats-people-mover,4100.0,4100.0,42,11h 45m44s,11.762,Active,nsw,NSW,lot
2026-03-09T21:29:27.250180,https://www.grays.com/lot/0001-10352886/motor-vehicles-motor-cycles/2015-jaguar-xe-v6-s-automatic-8-speed-sedan,5100.0,5100.0,5,11h 45m34s,11.759,Active,nsw,NSW,lot
2026-03-09T21:29:45.127685,https://www.grays.com/lot/0001-10352887/motor-vehicles-motor-cycles/2011-audi-a5-3-0-tdi-quattro-8t-turbo-diesel-automatic-hatchback,3200.0,3200.0,11,11h 45m15s,11.754,Active,nsw,NSW,lot
2026-03-09T21:30:02.807453,https://www.grays.com/lot/0001-10352888/motor-vehicles-motor-cycles/2007-toyota-corolla-ascent-zre152r-automatic-sedan,2700.0,2700.0,32,11h 44m57s,11.749,Active,nsw,NSW,lot
2026-03-09T21:30:13.330601,https://www.grays.com/lot/0001-10352889/motor-vehicles-motor-cycles/2010-holden-ute-sv6-ve-manual-ute,3100.0,3100.0,9,11h 44m48s,11.747,Active,nsw,NSW,lot
2026-03-09T21:30:24.177375,https://www.grays.com/lot/0001-10352890/motor-vehicles-motor-cycles/2013-jeep-grand-cherokee-laredo-4x4-wk-automatic-8-speed-wagon,1392.0,1392.0,22,8h 29m37s,8.494,Active,nsw,NSW,lot
2026-03-09T21:30:33.998337,https://www.grays.com/lot/0001-10352898/motor-vehicles-motor-cycles/2015-subaru-forester-2-0d-l-s4-turbo-diesel-cvt-wagon,5500.0,5500.0,18,1d 11h 29m26s,35.491,Active,nsw,NSW,lot
2026-03-09T21:30:43.622870,https://www.grays.com/lot/0001-10352907/motor-vehicles-motor-cycles/2013-jeep-grand-cherokee-limited-wk-turbo-diesel-automatic-8-speed-wagon,1509.0,1509.0,25,11h 44m16s,11.738,Active,nsw,NSW,lot
2026-03-09T21:30:56.044386,https://www.grays.com/lot/0001-10352908/motor-vehicles-motor-cycles/2012-nissan-navara-4x4-st-d40-turbo-diesel-manual-dual-cab,3459.0,3459.0,46,11h 44m5s,11.735,Active,nsw,NSW,lot
2026-03-09T21:31:06.648081,https://www.grays.com/lot/0001-10352912/motor-vehicles-motor-cycles/2021-mazda-cx-5-gt-kf-automatic-wagon,17001.0,17001.0,49,1d 11h 28m55s,35.482,Active,nsw,NSW,lot
2026-03-09T21:31:16.339577,https://www.grays.com/lot/0001-10352915/motor-vehicles-motor-cycles/2021-mitsubishi-outlander-es-2wd-zm-cvt-wagon,15800.0,15800.0,46,1d 11h 28m43s,35.479,Active,nsw,NSW,lot
2026-03-09T21:31:35.977739,https://www.grays.com/lot/0001-10352921/motor-vehicles-motor-cycles/2015-hyundai-i30-active-tourer-gd-automatic-wagon,709.0,709.0,8,11h 43m25s,11.724,Active,nsw,NSW,lot
2026-03-09T21:31:51.788340,https://www.grays.com/lot/0001-10352923/motor-vehicles-motor-cycles/2017-toyota-c-hr-fwd-ngx10r-cvt-wagon,5000.0,5000.0,27,11h 43m9s,11.719,Active,nsw,NSW,lot
2026-03-09T21:32:17.214168,https://www.grays.com/lot/0001-10352924/motor-vehicles-motor-cycles/2011-toyota-hilux-4x4-sr5-kun26r-turbo-diesel-manual-dual-cab,14100.0,14100.0,45,11h 42m44s,11.712,Active,nsw,NSW,lot
2026-03-09T21:32:34.970948,https://www.grays.com/lot/0001-10352925/motor-vehicles-motor-cycles/2016-land-rover-range-rover-sport-3-0-v6sc-hst-automatic-8-speed-wagon,20200.0,20200.0,110,11h 42m25s,11.707,Active,nsw,NSW,lot
2026-03-09T21:32:49.539279,https://www.grays.com/lot/0001-10352927/motor-vehicles-motor-cycles/2019-honda-civic-vti-l-10th-gen-cvt-sedan,7800.0,7800.0,81,1d 11h 27m11s,35.453,Active,nsw,NSW,lot
2026-03-09T21:56:48.690902,https://www.grays.com/lot/0001-10352882/motor-vehicles-motor-cycles/2014-porsche-macan-s-diesel-95b-turbo-diesel-automatic-wagon,7100.0,7100.0,32,11h 18m12s,11.303,Active,nsw,NSW,lot
2026-03-09T21:57:07.982548,https://www.grays.com/lot/0001-10352883/motor-vehicles-motor-cycles/2016-lexus-rx-350-rx350-f-sport-ggl25r-automatic-8-speed-wagon,10800.0,10800.0,139,11h 17m53s,11.298,Active,nsw,NSW,lot
2026-03-09T21:57:30.597547,https://www.grays.com/lot/0001-10352884/motor-vehicles-motor-cycles/2012-kia-grand-carnival-s-vq-automatic-8-seats-people-mover,4100.0,4100.0,42,11h 17m31s,11.292,Active,nsw,NSW,lot
2026-03-09T21:57:50.470561,https://www.grays.com/lot/0001-10352886/motor-vehicles-motor-cycles/2015-jaguar-xe-v6-s-automatic-8-speed-sedan,5100.0,5100.0,5,11h 17m10s,11.286,Active,nsw,NSW,lot
2026-03-09T21:58:17.961499,https://www.grays.com/lot/0001-10352887/motor-vehicles-motor-cycles/2011-audi-a5-3-0-tdi-quattro-8t-turbo-diesel-automatic-hatchback,3200.0,3200.0,11,11h 16m44s,11.279,Active,nsw,NSW,lot
2026-03-09T21:58:44.633939,https://www.grays.com/lot/0001-10352888/motor-vehicles-motor-cycles/2007-toyota-corolla-ascent-zre152r-automatic-sedan,2700.0,2700.0,32,11h 16m17s,11.271,Active,nsw,NSW,lot
2026-03-09T21:59:15.344290,https://www.grays.com/lot/0001-10352889/motor-vehicles-motor-cycles/2010-holden-ute-sv6-ve-manual-ute,3100.0,3100.0,9,11h 15m50s,11.264,Active,nsw,NSW,lot
2026-03-09T21:59:35.587144,https://www.grays.com/lot/0001-10352890/motor-vehicles-motor-cycles/2013-jeep-grand-cherokee-laredo-4x4-wk-automatic-8-speed-wagon,1392.0,1392.0,22,8h 0m26s,8.007,Active,nsw,NSW,lot
2026-03-09T21:59:58.199381,https://www.grays.com/lot/0001-10352898/motor-vehicles-motor-cycles/2015-subaru-forester-2-0d-l-s4-turbo-diesel-cvt-wagon,5500.0,5500.0,18,1d 11h 0m3s,35.001,Active,nsw,NSW,lot
2026-03-09T22:00:14.615596,https://www.grays.com/lot/0001-10352907/motor-vehicles-motor-cycles/2013-jeep-grand-cherokee-limited-wk-turbo-diesel-automatic-8-speed-wagon,1509.0,1509.0,25,11h 14m47s,11.246,Active,nsw,NSW,lot
2026-03-09T22:00:36.156247,https://www.grays.com/lot/0001-10352908/motor-vehicles-motor-cycles/2012-nissan-navara-4x4-st-d40-turbo-diesel-manual-dual-cab,3459.0,3459.0,46,11h 14m26s,11.241,Active,nsw,NSW,lot
2026-03-09T22:01:00.291869,https://www.grays.com/lot/0001-10352912/motor-vehicles-motor-cycles/2021-mazda-cx-5-gt-kf-automatic-wagon,17001.0,17001.0,49,1d 10h 59m2s,34.984,Active,nsw,NSW,lot
2026-03-09T22:01:20.556178,https://www.grays.com/lot/0001-10352915/motor-vehicles-motor-cycles/2021-mitsubishi-outlander-es-2wd-zm-cvt-wagon,15800.0,15800.0,46,1d 10h 58m41s,34.978,Active,nsw,NSW,lot
2026-03-09T22:01:45.038860,https://www.grays.com/lot/0001-10352921/motor-vehicles-motor-cycles/2015-hyundai-i30-active-tourer-gd-automatic-wagon,709.0,709.0,8,11h 13m17s,11.221,Active,nsw,NSW,lot
2026-03-09T22:02:03.619128,https://www.grays.com/lot/0001-10352923/motor-vehicles-motor-cycles/2017-toyota-c-hr-fwd-ngx10r-cvt-wagon,5000.0,5000.0,27,11h 12m58s,11.216,Active,nsw,NSW,lot
2026-03-09T22:02:27.491152,https://www.grays.com/lot/0001-10352924/motor-vehicles-motor-cycles/2011-toyota-hilux-4x4-sr5-kun26r-turbo-diesel-manual-dual-cab,14100.0,14100.0,45,11h 12m34s,11.209,Active,nsw,NSW,lot
2026-03-09T22:02:48.769214,https://www.grays.com/lot/0001-10352925/motor-vehicles-motor-cycles/2016-land-rover-range-rover-sport-3-0-v6sc-hst-automatic-8-speed-wagon,20200.0,20200.0,110,11h 12m13s,11.204,Active,nsw,NSW,lot
2026-03-09T22:03:10.909521,https://www.grays.com/lot/0001-10352927/motor-vehicles-motor-cycles/2019-honda-civic-vti-l-10th-gen-cvt-sedan,7800.0,7800.0,81,1d 10h 56m51s,34.947,Active,nsw,NSW,lot
2026-03-09T22:03:36.201052,https://www.grays.com/lot/0001-10352929/motor-vehicles-motor-cycles/2019-ford-transit-custom-340l-lwb-vn-turbo-diesel-automatic-van,3800.0,3800.0,51,1d 9h 26m25s,33.44,Active,nsw,NSW,lot
2026-03-09T22:04:01.501206,https://www.grays.com/lot/0001-10352932/motor-vehicles-motor-cycles/2009-nissan-elgrand-automatic-8-seats-people-mover,309.0,309.0,6,1d 11h 1m0s,35.017,Active,nsw,NSW,lot
2026-03-09T22:04:31.661147,https://www.grays.com/lot/0001-10352933/motor-vehicles-motor-cycles/2013-great-wall-x200-4x4-turbo-diesel-automatic-wagon,9.0,9.0,1,11h 10m29s,11.175,Active,nsw,NSW,lot
2026-03-09T22:05:00.914333,https://www.grays.com/lot/0001-10352934/motor-vehicles-motor-cycles/2019-mg-mg3-core-automatic-hatchback-79-611kms,3600.0,3600.0,21,11h 9m59s,11.166,Active,nsw,NSW,lot
2026-03-09T22:05:25.923669,https://www.grays.com/lot/0001-10352935/motor-vehicles-motor-cycles/2009-renault-koleos-privilege-cvt-wagon,209.0,209.0,5,11h 9m34s,11.159,Active,nsw,NSW,lot
2026-03-09T22:05:57.579312,https://www.grays.com/lot/0001-10352936/motor-vehicles-motor-cycles/2012-mazda-cx-5-maxx-sport-ke-turbo-diesel-automatic-wagon,609.0,609.0,11,11h 9m5s,11.151,Active,nsw,NSW,lot
2026-03-09T22:06:23.706382,https://www.grays.com/lot/0001-10352937/motor-vehicles-motor-cycles/2010-nissan-micra-ti-k13-manual-hatchback,209.0,209.0,3,11h 8m38s,11.144,Active,nsw,NSW,lot
2026-03-09T22:06:40.707055,https://www.grays.com/lot/0001-10352938/motor-vehicles-motor-cycles/2014-jeep-cherokee-limited-4x4-kl-9-auto-wagon,409.0,409.0,9,11h 8m20s,11.139,Active,nsw,NSW,lot
2026-03-09T22:07:09.566334,https://www.grays.com/lot/0001-10352939/motor-vehicles-motor-cycles/2008-toyota-kluger-4x2-kx-r-gsu40r-automatic-7-seats-wagon,2000.0,2000.0,21,11h 7m52s,11.131,Active,nsw,NSW,lot
2026-03-09T22:07:30.093780,https://www.grays.com/lot/0001-10352940/motor-vehicles-motor-cycles/2013-hyundai-veloster-sr-turbo-fs-manual-coupe,2009.0,2009.0,36,11h 7m30s,11.125,Active,nsw,NSW,lot
2026-03-09T22:07:52.665105,https://www.grays.com/lot/0001-10352941/motor-vehicles-motor-cycles/2010-jeep-patriot-sport-mk-manual-wagon,309.0,309.0,4,11h 7m8s,11.119,Active,nsw,NSW,lot
2026-03-09T22:08:15.670780,https://www.grays.com/lot/0001-10352942/motor-vehicles-motor-cycles/2009-toyota-rav-4-cv-aca33r-automatic-wagon,1209.0,1209.0,13,11h 6m46s,11.113,Active,nsw,NSW,lot
2026-03-09T22:22:21.733278,https://www.grays.com/lot/0001-10352882/motor-vehicles-motor-cycles/2014-porsche-macan-s-diesel-95b-turbo-diesel-automatic-wagon,7100.0,7100.0,32,10h 52m40s,10.878,Active,nsw,NSW,lot
2026-03-09T22:22:33.511475,https://www.grays.com/lot/0001-10352883/motor-vehicles-motor-cycles/2016-lexus-rx-350-rx350-f-sport-ggl25r-automatic-8-speed-wagon,10800.0,10800.0,139,10h 52m28s,10.874,Active,nsw,NSW,lot
2026-03-09T22:22:56.954027,https://www.grays.com/lot/0001-10352884/motor-vehicles-motor-cycles/2012-kia-grand-carnival-s-vq-automatic-8-seats-people-mover,4100.0,4100.0,42,10h 52m7s,10.869,Active,nsw,NSW,lot
2026-03-09T22:23:14.200603,https://www.grays.com/lot/0001-10352886/motor-vehicles-motor-cycles/2015-jaguar-xe-v6-s-automatic-8-speed-sedan,5100.0,5100.0,5,10h 51m47s,10.863,Active,nsw,NSW,lot
2026-03-09T22:23:35.672113,https://www.grays.com/lot/0001-10352887/motor-vehicles-motor-cycles/2011-audi-a5-3-0-tdi-quattro-8t-turbo-diesel-automatic-hatchback,3200.0,3200.0,11,10h 51m25s,10.857,Active,nsw,NSW,lot
2026-03-09T22:23:49.670069,https://www.grays.com/lot/0001-10352888/motor-vehicles-motor-cycles/2007-toyota-corolla-ascent-zre152r-automatic-sedan,2700.0,2700.0,32,10h 51m11s,10.853,Active,nsw,NSW,lot
2026-03-09T22:24:26.441318,https://www.grays.com/lot/0001-10352889/motor-vehicles-motor-cycles/2010-holden-ute-sv6-ve-manual-ute,3100.0,3100.0,9,10h 50m35s,10.843,Active,nsw,NSW,lot
2026-03-09T22:26:13.853239,https://www.grays.com/lot/0001-10352934/motor-vehicles-motor-cycles/2019-mg-mg3-core-automatic-hatchback-79-611kms,3600.0,3600.0,21,10h 48m48s,10.813,Active,nsw,NSW,lot
2026-03-09T22:26:40.372057,https://www.grays.com/lot/0001-10352935/motor-vehicles-motor-cycles/2009-renault-koleos-privilege-cvt-wagon,209.0,209.0,5,10h 48m21s,10.806,Active,nsw,NSW,lot
2026-03-09T22:26:58.539041,https://www.grays.com/lot/0001-10352936/motor-vehicles-motor-cycles/2012-mazda-cx-5-maxx-sport-ke-turbo-diesel-automatic-wagon,609.0,609.0,11,10h 48m3s,10.801,Active,nsw,NSW,lot
2026-03-09T22:27:11.648176,https://www.grays.com/lot/0001-10352937/motor-vehicles-motor-cycles/2010-nissan-micra-ti-k13-manual-hatchback,209.0,209.0,3,10h 47m49s,10.797,Active,nsw,NSW,lot
2026-03-09T22:27:20.760226,https://www.grays.com/lot/0001-10352938/motor-vehicles-motor-cycles/2014-jeep-cherokee-limited-4x4-kl-9-auto-wagon,600.0,600.0,11,10h 47m39s,10.794,Active,nsw,NSW,lot
2026-03-09T22:27:34.443591,https://www.grays.com/lot/0001-10352939/motor-vehicles-motor-cycles/2008-toyota-kluger-4x2-kx-r-gsu40r-automatic-7-seats-wagon,2000.0,2000.0,21,10h 47m27s,10.791,Active,nsw,NSW,lot
2026-03-09T22:27:53.062233,https://www.grays.com/lot/0001-10352940/motor-vehicles-motor-cycles/2013-hyundai-veloster-sr-turbo-fs-manual-coupe,2009.0,2009.0,36,10h 47m8s,10.786,Active,nsw,NSW,lot
2026-03-09T22:28:13.055903,https://www.grays.com/lot/0001-10352941/motor-vehicles-motor-cycles/2010-jeep-patriot-sport-mk-manual-wagon,309.0,309.0,4,10h 46m47s,10.78,Active,nsw,NSW,lot
2026-03-09T22:28:28.451740,https://www.grays.com/lot/0001-10352942/motor-vehicles-motor-cycles/2009-toyota-rav-4-cv-aca33r-automatic-wagon,1209.0,1209.0,13,10h 46m32s,10.776,Active,nsw,NSW,lot
2026-03-09T22:28:45.485676,https://www.grays.com/lot/0001-10352944/motor-vehicles-motor-cycles/2011-mercedes-benz-cl-class-cl500-c216-automatic-coupe,5450.0,5450.0,24,10h 46m15s,10.771,Active,nsw,NSW,lot
2026-03-09T22:28:58.860928,https://www.grays.com/lot/0001-10352947/motor-vehicles-motor-cycles/2016-mercedes-benz-gle-class-amg-gle-63s-4matic-c292-automatic-coupe,30700.0,30700.0,237,10h 46m2s,10.767,Active,nsw,NSW,lot
2026-03-09T22:29:19.260596,https://www.grays.com/lot/0001-10352948/motor-vehicles-motor-cycles/2018-mazda-bt-50-4x2-xt-turbo-diesel-automatic-cab-chassis,2309.0,2309.0,44,10h 45m42s,10.762,Active,nsw,NSW,lot
2026-03-09T22:29:37.654230,https://www.grays.com/lot/0001-10352949/motor-vehicles-motor-cycles/2007-lexus-is-is250-prestige-automatic-sedan,209.0,209.0,4,10h 45m23s,10.756,Active,nsw,NSW,lot
2026-03-09T22:29:59.296282,https://www.grays.com/lot/0001-10352950/motor-vehicles-motor-cycles/2014-mercedes-benz-cla-class-cla250-sport-awd-c117-automatic-coupe,8200.0,8200.0,54,10h 45m2s,10.751,Active,nsw,NSW,lot
2026-03-09T22:30:09.026089,https://www.grays.com/lot/0001-10352951/motor-vehicles-motor-cycles/2020-mitsubishi-triton-4x4-glx-adas-double-mr-t-d-auto-crew-cab-chassis,3609.0,3609.0,46,1d 9h 59m51s,33.998,Active,nsw,NSW,lot
2026-03-09T22:30:19.135583,https://www.grays.com/lot/0001-10913014/motor-vehicles-motor-cycles/2007-volkswagen-touareg-r50-5-0-v10-tdi-7l-turbo-diesel-automatic-wagon,2009.0,2009.0,38,10h 29m41s,10.495,Active,nsw,NSW,lot
2026-03-09T22:30:31.791006,https://www.grays.com/lot/0001-21063313/motor-vehicles-motor-cycles/2022-mitsubishi-pajero-sport-glx-4wd-qf-t-d-auto-8-speed-ex-gov,22100.0,22100.0,148,10h 29m30s,10.492,Active,vic,VIC,lot
2026-03-09T22:30:42.057772,https://www.grays.com/lot/0001-21063314/motor-vehicles-motor-cycles/2021-subaru-forester-2-5i-l-s5-cvt-wagon-ex-gov,15200.0,15200.0,149,10h 29m21s,10.489,Active,vic,VIC,lot
2026-03-09T23:38:58.713189,https://www.grays.com/lot/0001-10352890/motor-vehicles-motor-cycles/2013-jeep-grand-cherokee-laredo-4x4-wk-automatic-8-speed-wagon,1392.0,1392.0,22,6h 21m2s,6.351,Active,nsw,NSW,lot
2026-03-09T23:40:52.480551,https://www.grays.com/lot/0001-10352898/motor-vehicles-motor-cycles/2015-subaru-forester-2-0d-l-s4-turbo-diesel-cvt-wagon,5500.0,5500.0,18,1d 9h 19m8s,33.319,Active,nsw,NSW,lot
2026-03-09T23:41:47.487346,https://www.grays.com/lot/0001-10352907/motor-vehicles-motor-cycles/2013-jeep-grand-cherokee-limited-wk-turbo-diesel-automatic-8-speed-wagon,1509.0,1509.0,25,9h 33m14s,9.554,Active,nsw,NSW,lot
2026-03-09T23:42:17.903700,https://www.grays.com/lot/0001-10352908/motor-vehicles-motor-cycles/2012-nissan-navara-4x4-st-d40-turbo-diesel-manual-dual-cab,3459.0,3459.0,46,9h 32m44s,9.546,Active,nsw,NSW,lot
2026-03-09T23:42:40.690559,https://www.grays.com/lot/0001-10352912/motor-vehicles-motor-cycles/2021-mazda-cx-5-gt-kf-automatic-wagon,17001.0,17001.0,49,1d 9h 17m20s,33.289,Active,nsw,NSW,lot
2026-03-09T23:42:53.825934,https://www.grays.com/lot/0001-10352915/motor-vehicles-motor-cycles/2021-mitsubishi-outlander-es-2wd-zm-cvt-wagon,15800.0,15800.0,46,1d 9h 17m7s,33.285,Active,nsw,NSW,lot
2026-03-09T23:43:07.431514,https://www.grays.com/lot/0001-10352921/motor-vehicles-motor-cycles/2015-hyundai-i30-active-tourer-gd-automatic-wagon,809.0,809.0,9,9h 31m54s,9.532,Active,nsw,NSW,lot
2026-03-09T23:43:23.451698,https://www.grays.com/lot/0001-10352923/motor-vehicles-motor-cycles/2017-toyota-c-hr-fwd-ngx10r-cvt-wagon,5000.0,5000.0,27,9h 31m37s,9.527,Active,nsw,NSW,lot
2026-03-09T23:43:47.823480,https://www.grays.com/lot/0001-10352924/motor-vehicles-motor-cycles/2011-toyota-hilux-4x4-sr5-kun26r-turbo-diesel-manual-dual-cab,14100.0,14100.0,45,9h 31m13s,9.52,Active,nsw,NSW,lot
2026-03-09T23:43:59.002513,https://www.grays.com/lot/0001-10352925/motor-vehicles-motor-cycles/2016-land-rover-range-rover-sport-3-0-v6sc-hst-automatic-8-speed-wagon,20300.0,20300.0,112,9h 31m2s,9.517,Active,nsw,NSW,lot
2026-03-09T23:44:24.855689,https://www.grays.com/lot/0001-10352927/motor-vehicles-motor-cycles/2019-honda-civic-vti-l-10th-gen-cvt-sedan,7800.0,7800.0,81,1d 9h 15m35s,33.26,Active,nsw,NSW,lot
2026-03-09T23:44:43.374810,https://www.grays.com/lot/0001-10352929/motor-vehicles-motor-cycles/2019-ford-transit-custom-340l-lwb-vn-turbo-diesel-automatic-van,3800.0,3800.0,51,1d 7h 45m18s,31.755,Active,nsw,NSW,lot
2026-03-09T23:45:10.400439,https://www.grays.com/lot/0001-10352932/motor-vehicles-motor-cycles/2009-nissan-elgrand-automatic-8-seats-people-mover,309.0,309.0,6,1d 9h 19m51s,33.331,Active,nsw,NSW,lot
2026-03-09T23:45:43.355758,https://www.grays.com/lot/0001-10352933/motor-vehicles-motor-cycles/2013-great-wall-x200-4x4-turbo-diesel-automatic-wagon,9.0,9.0,1,9h 29m18s,9.488,Active,nsw,NSW,lot
2026-03-09T23:46:02.663833,https://www.grays.com/lot/0001-21063332/motor-vehicles-motor-cycles/2020-hyundai-iload-tq-ii-turbo-diesel-automatic-van-ex-gov,19201.0,19201.0,219,9h 14m0s,9.233,Active,vic,VIC,lot
2026-03-09T23:46:22.404564,https://www.grays.com/lot/0001-21063333/motor-vehicles-motor-cycles/2020-ford-ranger-xl-4x4-px-iii-t-d-auto-cab-chassis-ex-gov,10100.0,10100.0,68,9h 13m38s,9.227,Active,vic,VIC,lot
2026-03-09T23:46:50.322924,https://www.grays.com/lot/0001-21063423/motor-vehicles-motor-cycles/2005-bmw-5-series-530i-touring-e61-automatic-wagon,1500.0,1500.0,19,9h 18m11s,9.303,Active,vic,VIC,lot
2026-03-09T23:47:19.709218,https://www.grays.com/lot/0001-21063639/motor-vehicles-motor-cycles/2007-mitsubishi-lancer-es-cj-cvt-sedan,309.0,309.0,4,9h 12m41s,9.211,Active,vic,VIC,lot
2026-03-09T23:47:33.713817,https://www.grays.com/lot/0001-21063655/motor-vehicles-motor-cycles/2008-nissan-x-trail-tl-t31-turbo-diesel-automatic-wagon,709.0,709.0,16,9h 12m28s,9.208,Active,vic,VIC,lot
2026-03-09T23:47:48.389339,https://www.grays.com/lot/0001-21063657/motor-vehicles-motor-cycles/2012-ford-fiesta-zetec-wt-automatic-hatchback,1009.0,1009.0,20,9h 12m13s,9.204,Active,vic,VIC,lot
2026-03-09T23:48:09.188799,https://www.grays.com/lot/0001-21063675/motor-vehicles-motor-cycles/2013-mazda-cx-5-maxx-sport-ke-turbo-diesel-automatic-wagon,909.0,909.0,10,9h 11m52s,9.198,Active,vic,VIC,lot
2026-03-09T23:48:21.882298,https://www.grays.com/lot/0001-21063677/motor-vehicles-motor-cycles/2017-land-rover-range-rover-sport-3-0-tdv6-se-t-d-auto-8-speed-wagon,28700.0,28700.0,246,9h 11m41s,9.195,Active,vic,VIC,lot
2026-03-09T23:48:49.986901,https://www.grays.com/lot/0001-21063678/motor-vehicles-motor-cycles/2020-mazda-bt-50-4x2-xtr-turbo-diesel-automatic-dual-cab,7002.0,7002.0,105,9h 11m13s,9.187,Active,vic,VIC,lot
2026-03-09T23:49:04.043601,https://www.grays.com/lot/0001-21063679/motor-vehicles-motor-cycles/2004-nissan-x-trail-ti-luxury-t30-automatic-wagon,209.0,209.0,3,9h 10m57s,9.182,Active,vic,VIC,lot
2026-03-09T23:49:23.568931,https://www.grays.com/lot/0001-21063680/motor-vehicles-motor-cycles/2010-honda-jazz-vti-ge-automatic-hatchback,2800.0,2800.0,27,9h 10m40s,9.178,Active,vic,VIC,lot
2026-03-09T23:49:46.758323,https://www.grays.com/lot/0001-21063681/motor-vehicles-motor-cycles/2017-ford-ranger-xlt-4x2-hi-rider-px-ii-turbo-diesel-automatic-ute,10400.0,10400.0,147,9h 10m14s,9.171,Active,vic,VIC,lot
2026-03-09T23:49:58.739830,https://www.grays.com/lot/0001-21063692/motor-vehicles-motor-cycles/2014-holden-cruze-z-series-jh-automatic-sedan,309.0,309.0,6,9h 15m3s,9.251,Active,vic,VIC,lot
2026-03-09T23:50:13.646822,https://www.grays.com/lot/0001-21063693/motor-vehicles-motor-cycles/2010-volvo-xc90-3-2-r-design-automatic-7-seats-wagon,1409.0,1409.0,29,9h 9m48s,9.163,Active,vic,VIC,lot
2026-03-09T23:50:23.383887,https://www.grays.com/lot/0001-21063701/motor-vehicles-motor-cycles/2008-volkswagen-golf-gti-a5-automatic-hatchback,2000.0,2000.0,22,9h 9m38s,9.161,Active,vic,VIC,lot
2026-03-09T23:50:34.789637,https://www.grays.com/lot/0001-21063702/motor-vehicles-motor-cycles/1998-holden-combo-sb-manual-van,209.0,209.0,3,9h 9m26s,9.157,Active,vic,VIC,lot
2026-03-09T23:50:53.833212,https://www.grays.com/lot/0001-21063703/motor-vehicles-motor-cycles/2006-toyota-aurion-at-x-gsv40r-automatic-sedan,1509.0,1509.0,24,9h 9m8s,9.152,Active,vic,VIC,lot
2026-03-09T23:51:07.052679,https://www.grays.com/lot/0001-21063704/motor-vehicles-motor-cycles/2019-holden-trax-ltz-tj-automatic-wagon,909.0,909.0,12,9h 8m53s,9.148,Active,vic,VIC,lot
2026-03-09T23:51:17.574686,https://www.grays.com/lot/0001-21063705/motor-vehicles-motor-cycles/2009-ford-territory-ts-sy-ii-automatic-wagon,609.0,609.0,12,9h 8m43s,9.145,Active,vic,VIC,lot
2026-03-09T23:51:29.444508,https://www.grays.com/lot/0001-21063706/motor-vehicles-motor-cycles/2009-subaru-forester-x-s3-manual-wagon,500.0,500.0,5,9h 8m32s,9.142,Active,vic,VIC,lot
2026-03-09T23:51:40.103853,https://www.grays.com/lot/0001-21063707/motor-vehicles-motor-cycles/2011-audi-a4-2-0-tfsi-b8-cvt-sedan,1591.0,1591.0,5,9h 8m21s,9.139,Active,vic,VIC,lot
2026-03-09T23:51:53.652706,https://www.grays.com/lot/0001-21063708/motor-vehicles-motor-cycles/2010-holden-cruze-cd-jg-manual-sedan,709.0,709.0,14,9h 8m9s,9.136,Active,vic,VIC,lot
2026-03-09T23:52:16.083689,https://www.grays.com/lot/0001-21063709/motor-vehicles-motor-cycles/2011-bmw-x3-xdrive-28i-f25-automatic-8-speed-wagon,3100.0,3100.0,47,9h 7m45s,9.129,Active,vic,VIC,lot
2026-03-09T23:52:37.198676,https://www.grays.com/lot/0001-21063710/motor-vehicles-motor-cycles/2011-holden-cruze-sri-v-jh-automatic-sedan,509.0,509.0,8,9h 7m25s,9.124,Active,vic,VIC,lot
2026-03-09T23:52:51.627918,https://www.grays.com/lot/0001-21063711/motor-vehicles-motor-cycles/2015-nissan-elgrand-import-e51-automatic-8-seats-wagon,2809.0,2809.0,40,9h 7m14s,9.121,Active,vic,VIC,lot
2026-03-09T23:53:05.107868,https://www.grays.com/lot/0001-21063712/motor-vehicles-motor-cycles/2013-mazda-cx-5-maxx-sport-ke-automatic-wagon,1609.0,1609.0,19,9h 6m56s,9.116,Active,vic,VIC,lot
2026-03-10T00:29:26.371198,https://www.grays.com/lot/0001-10352882/motor-vehicles-motor-cycles/2014-porsche-macan-s-diesel-95b-turbo-diesel-automatic-wagon,7300.0,7300.0,34,8h 45m37s,8.76,Active,nsw,NSW,lot
2026-03-10T00:29:54.046419,https://www.grays.com/lot/0001-10352883/motor-vehicles-motor-cycles/2016-lexus-rx-350-rx350-f-sport-ggl25r-automatic-8-speed-wagon,10900.0,10900.0,140,8h 45m7s,8.752,Active,nsw,NSW,lot
2026-03-10T00:30:08.308554,https://www.grays.com/lot/0001-10352884/motor-vehicles-motor-cycles/2012-kia-grand-carnival-s-vq-automatic-8-seats-people-mover,4100.0,4100.0,42,8h 44m53s,8.748,Active,nsw,NSW,lot
2026-03-10T00:30:20.465071,https://www.grays.com/lot/0001-10352886/motor-vehicles-motor-cycles/2015-jaguar-xe-v6-s-automatic-8-speed-sedan,5100.0,5100.0,5,8h 44m41s,8.745,Active,nsw,NSW,lot
2026-03-10T00:30:31.371905,https://www.grays.com/lot/0001-10352887/motor-vehicles-motor-cycles/2011-audi-a5-3-0-tdi-quattro-8t-turbo-diesel-automatic-hatchback,3200.0,3200.0,11,8h 44m30s,8.742,Active,nsw,NSW,lot
2026-03-10T00:30:41.677285,https://www.grays.com/lot/0001-10352888/motor-vehicles-motor-cycles/2007-toyota-corolla-ascent-zre152r-automatic-sedan,2700.0,2700.0,32,8h 44m19s,8.739,Active,nsw,NSW,lot
2026-03-10T00:31:02.460094,https://www.grays.com/lot/0001-10352889/motor-vehicles-motor-cycles/2010-holden-ute-sv6-ve-manual-ute,3100.0,3100.0,9,8h 43m59s,8.733,Active,nsw,NSW,lot
2026-03-10T00:31:13.104893,https://www.grays.com/lot/0001-10352890/motor-vehicles-motor-cycles/2013-jeep-grand-cherokee-laredo-4x4-wk-automatic-8-speed-wagon,1392.0,1392.0,22,5h 28m49s,5.48,Active,nsw,NSW,lot
2026-03-10T00:31:24.778217,https://www.grays.com/lot/0001-10352898/motor-vehicles-motor-cycles/2015-subaru-forester-2-0d-l-s4-turbo-diesel-cvt-wagon,5500.0,5500.0,18,1d 8h 28m37s,32.477,Active,nsw,NSW,lot
2026-03-10T00:31:37.387886,https://www.grays.com/lot/0001-10352907/motor-vehicles-motor-cycles/2013-jeep-grand-cherokee-limited-wk-turbo-diesel-automatic-8-speed-wagon,1509.0,1509.0,25,8h 43m25s,8.724,Active,nsw,NSW,lot
2026-03-10T00:31:49.508651,https://www.grays.com/lot/0001-10352908/motor-vehicles-motor-cycles/2012-nissan-navara-4x4-st-d40-turbo-diesel-manual-dual-cab,3459.0,3459.0,46,8h 43m12s,8.72,Active,nsw,NSW,lot
2026-03-10T00:32:06.012179,https://www.grays.com/lot/0001-10352912/motor-vehicles-motor-cycles/2021-mazda-cx-5-gt-kf-automatic-wagon,17001.0,17001.0,49,1d 8h 27m56s,32.466,Active,nsw,NSW,lot
2026-03-10T00:32:36.011743,https://www.grays.com/lot/0001-10352915/motor-vehicles-motor-cycles/2021-mitsubishi-outlander-es-2wd-zm-cvt-wagon,15800.0,15800.0,46,1d 8h 27m26s,32.457,Active,nsw,NSW,lot
2026-03-10T00:32:52.751518,https://www.grays.com/lot/0001-10352921/motor-vehicles-motor-cycles/2015-hyundai-i30-active-tourer-gd-automatic-wagon,909.0,909.0,10,8h 42m9s,8.702,Active,nsw,NSW,lot
2026-03-10T00:33:07.558125,https://www.grays.com/lot/0001-10352923/motor-vehicles-motor-cycles/2017-toyota-c-hr-fwd-ngx10r-cvt-wagon,5000.0,5000.0,27,8h 41m55s,8.699,Active,nsw,NSW,lot
2026-03-10T00:33:20.481082,https://www.grays.com/lot/0001-10352924/motor-vehicles-motor-cycles/2011-toyota-hilux-4x4-sr5-kun26r-turbo-diesel-manual-dual-cab,14100.0,14100.0,45,8h 41m41s,8.695,Active,nsw,NSW,lot
2026-03-10T00:33:29.467315,https://www.grays.com/lot/0001-10352925/motor-vehicles-motor-cycles/2016-land-rover-range-rover-sport-3-0-v6sc-hst-automatic-8-speed-wagon,20300.0,20300.0,112,8h 41m32s,8.692,Active,nsw,NSW,lot
2026-03-10T00:33:46.223420,https://www.grays.com/lot/0001-10352927/motor-vehicles-motor-cycles/2019-honda-civic-vti-l-10th-gen-cvt-sedan,7800.0,7800.0,81,1d 8h 26m16s,32.438,Active,nsw,NSW,lot
2026-03-10T00:34:10.475531,https://www.grays.com/lot/0001-10352929/motor-vehicles-motor-cycles/2019-ford-transit-custom-340l-lwb-vn-turbo-diesel-automatic-van,3800.0,3800.0,51,1d 6h 55m52s,30.931,Active,nsw,NSW,lot
2026-03-10T00:34:31.231448,https://www.grays.com/lot/0001-10352932/motor-vehicles-motor-cycles/2009-nissan-elgrand-automatic-8-seats-people-mover,309.0,309.0,6,1d 8h 30m30s,32.508,Active,nsw,NSW,lot
2026-03-10T00:35:06.242541,https://www.grays.com/lot/0001-10352933/motor-vehicles-motor-cycles/2013-great-wall-x200-4x4-turbo-diesel-automatic-wagon,9.0,9.0,1,8h 39m56s,8.666,Active,nsw,NSW,lot
2026-03-10T00:35:24.936010,https://www.grays.com/lot/0001-10352934/motor-vehicles-motor-cycles/2019-mg-mg3-core-automatic-hatchback-79-611kms,3600.0,3600.0,21,8h 39m37s,8.66,Active,nsw,NSW,lot
2026-03-10T00:35:36.376269,https://www.grays.com/lot/0001-10352935/motor-vehicles-motor-cycles/2009-renault-koleos-privilege-cvt-wagon,209.0,209.0,5,8h 39m24s,8.657,Active,nsw,NSW,lot
2026-03-10T00:35:49.278517,https://www.grays.com/lot/0001-10352936/motor-vehicles-motor-cycles/2012-mazda-cx-5-maxx-sport-ke-turbo-diesel-automatic-wagon,609.0,609.0,11,8h 39m12s,8.653,Active,nsw,NSW,lot
2026-03-10T00:36:12.965095,https://www.grays.com/lot/0001-10352937/motor-vehicles-motor-cycles/2010-nissan-micra-ti-k13-manual-hatchback,209.0,209.0,3,8h 38m50s,8.647,Active,nsw,NSW,lot
2026-03-10T00:36:37.374016,https://www.grays.com/lot/0001-10352938/motor-vehicles-motor-cycles/2014-jeep-cherokee-limited-4x4-kl-9-auto-wagon,600.0,600.0,11,8h 38m24s,8.64,Active,nsw,NSW,lot
2026-03-10T00:37:05.139761,https://www.grays.com/lot/0001-10352939/motor-vehicles-motor-cycles/2008-toyota-kluger-4x2-kx-r-gsu40r-automatic-7-seats-wagon,2000.0,2000.0,21,8h 37m57s,8.633,Active,nsw,NSW,lot
2026-03-10T00:37:25.181490,https://www.grays.com/lot/0001-10352940/motor-vehicles-motor-cycles/2013-hyundai-veloster-sr-turbo-fs-manual-coupe,2009.0,2009.0,36,8h 37m37s,8.627,Active,nsw,NSW,lot
2026-03-10T00:37:38.915533,https://www.grays.com/lot/0001-10352941/motor-vehicles-motor-cycles/2010-jeep-patriot-sport-mk-manual-wagon,309.0,309.0,4,8h 37m24s,8.623,Active,nsw,NSW,lot
2026-03-10T00:37:51.490407,https://www.grays.com/lot/0001-10352942/motor-vehicles-motor-cycles/2009-toyota-rav-4-cv-aca33r-automatic-wagon,1209.0,1209.0,13,8h 37m9s,8.619,Active,nsw,NSW,lot
2026-03-10T00:38:04.749163,https://www.grays.com/lot/0001-10352944/motor-vehicles-motor-cycles/2011-mercedes-benz-cl-class-cl500-c216-automatic-coupe,5450.0,5450.0,24,8h 36m56s,8.616,Active,nsw,NSW,lot
2026-03-10T00:38:16.057990,https://www.grays.com/lot/0001-10352947/motor-vehicles-motor-cycles/2016-mercedes-benz-gle-class-amg-gle-63s-4matic-c292-automatic-coupe,30800.0,30800.0,239,8h 36m45s,8.612,Active,nsw,NSW,lot
2026-03-10T00:38:26.802480,https://www.grays.com/lot/0001-10352948/motor-vehicles-motor-cycles/2018-mazda-bt-50-4x2-xt-turbo-diesel-automatic-cab-chassis,6500.0,6500.0,46,8h 36m35s,8.61,Active,nsw,NSW,lot
2026-03-10T00:38:38.375369,https://www.grays.com/lot/0001-10352949/motor-vehicles-motor-cycles/2007-lexus-is-is250-prestige-automatic-sedan,209.0,209.0,4,8h 36m23s,8.606,Active,nsw,NSW,lot
2026-03-10T00:39:02.955563,https://www.grays.com/lot/0001-10352950/motor-vehicles-motor-cycles/2014-mercedes-benz-cla-class-cla250-sport-awd-c117-automatic-coupe,8200.0,8200.0,54,8h 35m59s,8.6,Active,nsw,NSW,lot
2026-03-10T00:39:29.315911,https://www.grays.com/lot/0001-10352951/motor-vehicles-motor-cycles/2020-mitsubishi-triton-4x4-glx-adas-double-mr-t-d-auto-crew-cab-chassis,3709.0,3709.0,48,1d 7h 50m33s,31.842,Active,nsw,NSW,lot
2026-03-10T00:40:14.579924,https://www.grays.com/lot/0001-10913014/motor-vehicles-motor-cycles/2007-volkswagen-touareg-r50-5-0-v10-tdi-7l-turbo-diesel-automatic-wagon,2009.0,2009.0,38,8h 19m48s,8.33,Active,nsw,NSW,lot
2026-03-10T00:40:28.606040,https://www.grays.com/lot/0001-21063313/motor-vehicles-motor-cycles/2022-mitsubishi-pajero-sport-glx-4wd-qf-t-d-auto-8-speed-ex-gov,22200.0,22200.0,149,8h 19m33s,8.326,Active,vic,VIC,lot
2026-03-10T00:40:43.058851,https://www.grays.com/lot/0001-21063314/motor-vehicles-motor-cycles/2021-subaru-forester-2-5i-l-s5-cvt-wagon-ex-gov,16000.0,16000.0,152,8h 19m19s,8.322,Active,vic,VIC,lot
2026-03-10T00:40:55.766287,https://www.grays.com/lot/0001-21063332/motor-vehicles-motor-cycles/2020-hyundai-iload-tq-ii-turbo-diesel-automatic-van-ex-gov,19601.0,19601.0,226,8h 19m6s,8.318,Active,vic,VIC,lot
2026-03-10T00:41:38.184538,https://www.grays.com/lot/0001-21063333/motor-vehicles-motor-cycles/2020-ford-ranger-xl-4x4-px-iii-t-d-auto-cab-chassis-ex-gov,14000.0,14000.0,74,8h 18m24s,8.307,Active,vic,VIC,lot
2026-03-10T00:41:52.862435,https://www.grays.com/lot/0001-21063423/motor-vehicles-motor-cycles/2005-bmw-5-series-530i-touring-e61-automatic-wagon,1500.0,1500.0,19,8h 23m9s,8.386,Active,vic,VIC,lot
2026-03-10T00:42:26.689360,https://www.grays.com/lot/0001-21063639/motor-vehicles-motor-cycles/2007-mitsubishi-lancer-es-cj-cvt-sedan,409.0,409.0,5,8h 17m36s,8.293,Active,vic,VIC,lot
2026-03-10T00:42:38.372112,https://www.grays.com/lot/0001-21063655/motor-vehicles-motor-cycles/2008-nissan-x-trail-tl-t31-turbo-diesel-automatic-wagon,709.0,709.0,16,8h 17m23s,8.29,Active,vic,VIC,lot
2026-03-10T00:42:49.408886,https://www.grays.com/lot/0001-21063657/motor-vehicles-motor-cycles/2012-ford-fiesta-zetec-wt-automatic-hatchback,1009.0,1009.0,20,8h 17m12s,8.287,Active,vic,VIC,lot
2026-03-10T00:43:07.428818,https://www.grays.com/lot/0001-21063675/motor-vehicles-motor-cycles/2013-mazda-cx-5-maxx-sport-ke-turbo-diesel-automatic-wagon,909.0,909.0,10,8h 16m54s,8.282,Active,vic,VIC,lot
2026-03-10T00:43:17.494416,https://www.grays.com/lot/0001-21063677/motor-vehicles-motor-cycles/2017-land-rover-range-rover-sport-3-0-tdv6-se-t-d-auto-8-speed-wagon,28700.0,28700.0,246,8h 16m43s,8.279,Active,vic,VIC,lot
2026-03-10T00:43:37.693646,https://www.grays.com/lot/0001-21063678/motor-vehicles-motor-cycles/2020-mazda-bt-50-4x2-xtr-turbo-diesel-automatic-dual-cab,7102.0,7102.0,106,8h 16m24s,8.273,Active,vic,VIC,lot
2026-03-10T00:43:58.160985,https://www.grays.com/lot/0001-21063679/motor-vehicles-motor-cycles/2004-nissan-x-trail-ti-luxury-t30-automatic-wagon,209.0,209.0,3,8h 16m4s,8.268,Active,vic,VIC,lot
2026-03-10T00:44:10.967650,https://www.grays.com/lot/0001-21063680/motor-vehicles-motor-cycles/2010-honda-jazz-vti-ge-automatic-hatchback,2800.0,2800.0,27,8h 15m50s,8.264,Active,vic,VIC,lot
2026-03-10T00:44:27.331707,https://www.grays.com/lot/0001-21063681/motor-vehicles-motor-cycles/2017-ford-ranger-xlt-4x2-hi-rider-px-ii-turbo-diesel-automatic-ute,10400.0,10400.0,147,8h 15m35s,8.26,Active,vic,VIC,lot
2026-03-10T00:44:43.292225,https://www.grays.com/lot/0001-21063692/motor-vehicles-motor-cycles/2014-holden-cruze-z-series-jh-automatic-sedan,309.0,309.0,6,8h 20m18s,8.338,Active,vic,VIC,lot
2026-03-10T00:45:00.636624,https://www.grays.com/lot/0001-21063693/motor-vehicles-motor-cycles/2010-volvo-xc90-3-2-r-design-automatic-7-seats-wagon,1409.0,1409.0,29,8h 15m2s,8.251,Active,vic,VIC,lot
2026-03-10T00:45:13.319539,https://www.grays.com/lot/0001-21063701/motor-vehicles-motor-cycles/2008-volkswagen-golf-gti-a5-automatic-hatchback,2000.0,2000.0,22,8h 14m49s,8.247,Active,vic,VIC,lot
2026-03-10T00:45:40.827851,https://www.grays.com/lot/0001-21063702/motor-vehicles-motor-cycles/1998-holden-combo-sb-manual-van,209.0,209.0,3,8h 14m21s,8.239,Active,vic,VIC,lot
2026-03-10T00:46:10.743127,https://www.grays.com/lot/0001-21063703/motor-vehicles-motor-cycles/2006-toyota-aurion-at-x-gsv40r-automatic-sedan,1509.0,1509.0,24,8h 13m51s,8.231,Active,vic,VIC,lot
2026-03-10T00:46:24.471066,https://www.grays.com/lot/0001-21063704/motor-vehicles-motor-cycles/2019-holden-trax-ltz-tj-automatic-wagon,909.0,909.0,12,8h 13m38s,8.227,Active,vic,VIC,lot
2026-03-10T00:46:40.993978,https://www.grays.com/lot/0001-21063705/motor-vehicles-motor-cycles/2009-ford-territory-ts-sy-ii-automatic-wagon,609.0,609.0,12,8h 13m21s,8.223,Active,vic,VIC,lot
2026-03-10T00:46:49.763850,https://www.grays.com/lot/0001-21063706/motor-vehicles-motor-cycles/2009-subaru-forester-x-s3-manual-wagon,600.0,600.0,6,8h 13m12s,8.22,Active,vic,VIC,lot
2026-03-10T00:47:07.391823,https://www.grays.com/lot/0001-21063707/motor-vehicles-motor-cycles/2011-audi-a4-2-0-tfsi-b8-cvt-sedan,1591.0,1591.0,5,8h 12m54s,8.215,Active,vic,VIC,lot
2026-03-10T00:47:15.822208,https://www.grays.com/lot/0001-21063708/motor-vehicles-motor-cycles/2010-holden-cruze-cd-jg-manual-sedan,709.0,709.0,14,8h 12m46s,8.213,Active,vic,VIC,lot
2026-03-10T00:47:24.534384,https://www.grays.com/lot/0001-21063709/motor-vehicles-motor-cycles/2011-bmw-x3-xdrive-28i-f25-automatic-8-speed-wagon,3100.0,3100.0,47,8h 12m36s,8.21,Active,vic,VIC,lot
2026-03-10T00:47:41.809957,https://www.grays.com/lot/0001-21063710/motor-vehicles-motor-cycles/2011-holden-cruze-sri-v-jh-automatic-sedan,509.0,509.0,8,8h 12m20s,8.206,Active,vic,VIC,lot
2026-03-10T00:47:51.435430,https://www.grays.com/lot/0001-21063711/motor-vehicles-motor-cycles/2015-nissan-elgrand-import-e51-automatic-8-seats-wagon,2809.0,2809.0,40,8h 12m10s,8.203,Active,vic,VIC,lot
2026-03-10T00:48:07.248458,https://www.grays.com/lot/0001-21063712/motor-vehicles-motor-cycles/2013-mazda-cx-5-maxx-sport-ke-automatic-wagon,1609.0,1609.0,19,8h 11m55s,8.199,Active,vic,VIC,lot
2026-03-10T00:48:18.323752,https://www.grays.com/lot/0001-21063713/motor-vehicles-motor-cycles/2018-land-rover-discovery-sport-sd4-se-177kw-l550-turbo-diesel-9-auto-wagon,6400.0,6400.0,118,8h 11m43s,8.195,Active,vic,VIC,lot
2026-03-10T00:48:39.637819,https://www.grays.com/lot/0001-21063714/motor-vehicles-motor-cycles/2007-honda-jazz-vti-gd-cvt-hatchback,2309.0,2309.0,31,8h 11m22s,8.189,Active,vic,VIC,lot
2026-03-10T00:48:53.087628,https://www.grays.com/lot/0001-21063715/motor-vehicles-motor-cycles/2012-mercedes-benz-b-class-b180-be-w246-automatic-hatchback,309.0,309.0,4,8h 11m8s,8.186,Active,vic,VIC,lot
2026-03-10T00:49:13.707950,https://www.grays.com/lot/0001-21063716/motor-vehicles-motor-cycles/2004-honda-accord-euro-luxury-7th-gen-manual-sedan,709.0,709.0,9,8h 10m48s,8.18,Active,vic,VIC,lot
2026-03-10T00:49:26.562968,https://www.grays.com/lot/0001-21063717/motor-vehicles-motor-cycles/2013-volkswagen-polo-77tsi-comfortline-6r-manual-hatchback,1109.0,1109.0,21,8h 10m35s,8.176,Active,vic,VIC,lot
2026-03-10T00:49:49.531303,https://www.grays.com/lot/0001-21063718/motor-vehicles-motor-cycles/2013-audi-q7-3-0-tdi-quattro-turbo-diesel-automatic-8-speed-7-seats-wagon,3200.0,3200.0,53,8h 10m12s,8.17,Active,vic,VIC,lot
2026-03-10T00:50:11.144941,https://www.grays.com/lot/0001-21063719/motor-vehicles-motor-cycles/2014-nissan-pulsar-st-b17-cvt-sedan,1200.0,1200.0,15,8h 9m51s,8.164,Active,vic,VIC,lot
2026-03-10T00:50:27.174680,https://www.grays.com/lot/0001-21063720/motor-vehicles-motor-cycles/2017-peugeot-3008-allure-automatic-hatchback,4450.0,4450.0,53,8h 24m35s,8.41,Active,vic,VIC,lot
2026-03-10T00:50:37.535811,https://www.grays.com/lot/0001-21063721/motor-vehicles-motor-cycles/2021-nissan-juke-st-l-f16-automatic-wagon,4909.0,4909.0,80,8h 24m26s,8.407,Active,vic,VIC,lot
2026-03-10T00:50:59.327487,https://www.grays.com/lot/0001-21063722/motor-vehicles-motor-cycles/2002-ford-falcon-xt-ba-automatic-wagon,9.0,9.0,1,8h 24m3s,8.401,Active,vic,VIC,lot
2026-03-10T00:51:09.916712,https://www.grays.com/lot/0001-21063724/motor-vehicles-motor-cycles/2008-subaru-forester-x-s3-automatic-wagon,609.0,609.0,9,8h 23m52s,8.398,Active,vic,VIC,lot
2026-03-10T00:51:20.629584,https://www.grays.com/lot/0001-21063725/motor-vehicles-motor-cycles/2007-peugeot-207-xt-1-6-automatic-hatchback,909.0,909.0,10,8h 23m42s,8.395,Active,vic,VIC,lot
2026-03-10T00:51:33.467263,https://www.grays.com/lot/0001-21063726/motor-vehicles-motor-cycles/2009-holden-captiva-cx-awd-cg-automatic-7-seats-wagon,9.0,9.0,0,8h 23m29s,8.391,Active,vic,VIC,lot
2026-03-10T01:47:22.230325,https://www.grays.com/lot/0001-21063729/motor-vehicles-motor-cycles/2010-mazda-cx-9-luxury-automatic-7-seats-wagon,2209.0,2209.0,19,7h 17m40s,7.294,Active,vic,VIC,lot
2026-03-10T01:47:41.373122,https://www.grays.com/lot/0001-21063741/motor-vehicles-motor-cycles/2012-ford-falcon-xr6-fg-ii-automatic-cab-chassis,4100.0,4100.0,41,7h 12m21s,7.206,Active,vic,VIC,lot
2026-03-10T01:47:58.374993,https://www.grays.com/lot/0001-21063746/motor-vehicles-motor-cycles/2003-mazda-rx8-automatic-coupe,5300.0,5300.0,18,7h 17m4s,7.284,Active,vic,VIC,lot
2026-03-10T01:48:16.586195,https://www.grays.com/lot/0001-21063747/motor-vehicles-motor-cycles/2010-volkswagen-eos-103-tdi-1f-turbo-diesel-automatic-convertible,409.0,409.0,6,7h 11m45s,7.196,Active,vic,VIC,lot
2026-03-10T01:48:26.912490,https://www.grays.com/lot/0001-21063748/motor-vehicles-motor-cycles/2013-alfa-romeo-giulietta-distinctive-manual-hatchback,909.0,909.0,17,7h 11m35s,7.193,Active,vic,VIC,lot
2026-03-10T01:48:48.179588,https://www.grays.com/lot/0001-21063750/motor-vehicles-motor-cycles/2013-mazda-cx-5-maxx-sport-ke-turbo-diesel-automatic-wagon,4101.0,4101.0,35,7h 11m14s,7.187,Active,vic,VIC,lot
2026-03-10T01:48:58.869277,https://www.grays.com/lot/0001-21063751/motor-vehicles-motor-cycles/2010-subaru-outback-2-5i-b5a-cvt-wagon,509.0,509.0,7,7h 11m4s,7.184,Active,vic,VIC,lot
2026-03-10T01:49:17.350921,https://www.grays.com/lot/0001-21063752/motor-vehicles-motor-cycles/2013-mercedes-benz-a-class-a200-cdi-be-w176-td-at-hatchback,3009.0,3009.0,36,7h 10m45s,7.179,Active,vic,VIC,lot
2026-03-10T01:49:27.453813,https://www.grays.com/lot/0001-21063753/motor-vehicles-motor-cycles/2013-nissan-dualis-ts-j10-iii-turbo-diesel-manual-wagon,1109.0,1109.0,12,7h 10m35s,7.176,Active,vic,VIC,lot
2026-03-10T01:49:36.891870,https://www.grays.com/lot/0001-21063754/motor-vehicles-motor-cycles/2016-nissan-pulsar-st-b17-cvt-sedan,209.0,209.0,3,7h 10m28s,7.174,Active,vic,VIC,lot
2026-03-10T01:50:02.299756,https://www.grays.com/lot/0001-21063760/motor-vehicles-motor-cycles/2014-volkswagen-amarok-tdi420-trendline-2h-td-at-8-speed-dual-cab,5600.0,5600.0,75,7h 10m0s,7.167,Active,vic,VIC,lot
2026-03-10T01:50:11.549393,https://www.grays.com/lot/0001-21063762/motor-vehicles-motor-cycles/2009-volkswagen-golf-118tsi-comfortline-a6-automatic-hatchback,209.0,209.0,3,7h 9m50s,7.164,Active,vic,VIC,lot
2026-03-10T01:50:20.867123,https://www.grays.com/lot/0001-21063763/motor-vehicles-motor-cycles/2006-ford-territory-ts-sy-automatic-wagon,109.0,109.0,2,7h 9m42s,7.162,Active,vic,VIC,lot
2026-03-10T01:50:38.423954,https://www.grays.com/lot/0001-21063765/motor-vehicles-motor-cycles/2011-mercedes-benz-b180-b180-w245-cvt-hatchback,709.0,709.0,9,7h 9m24s,7.157,Active,vic,VIC,lot
2026-03-10T01:50:56.732809,https://www.grays.com/lot/0001-21063767/motor-vehicles-motor-cycles/2012-skoda-octavia-103tdi-1z-turbo-diesel-automatic-wagon,9.0,9.0,1,7h 9m6s,7.152,Active,vic,VIC,lot
2026-03-10T01:51:08.453186,https://www.grays.com/lot/0001-21063768/motor-vehicles-motor-cycles/2015-renault-clio-expression-automatic-hatchback,1409.0,1409.0,17,7h 8m53s,7.148,Active,vic,VIC,lot
2026-03-10T01:51:39.024809,https://www.grays.com/lot/0001-21063769/motor-vehicles-motor-cycles/2016-hyundai-tucson-active-x-tl-automatic-wagon,8500.0,8500.0,82,7h 8m24s,7.14,Active,vic,VIC,lot
2026-03-10T01:51:57.404183,https://www.grays.com/lot/0001-21063776/motor-vehicles-motor-cycles/2007-mini-cooper-s-r56-automatic-hatchback,2409.0,2409.0,34,7h 8m6s,7.135,Active,vic,VIC,lot
2026-03-10T01:52:11.804887,https://www.grays.com/lot/0001-21063777/motor-vehicles-motor-cycles/2014-hyundai-i30-active-gd-automatic-hatchback,1809.0,1809.0,25,7h 7m50s,7.131,Active,vic,VIC,lot
2026-03-10T01:52:23.897203,https://www.grays.com/lot/0001-21063778/motor-vehicles-motor-cycles/2001-bmw-530i-executive-e39-automatic-sedan,3700.0,3700.0,41,7h 7m39s,7.127,Active,vic,VIC,lot
2026-03-10T01:52:49.250781,https://www.grays.com/lot/0001-21063779/motor-vehicles-motor-cycles/2003-mercedes-benz-e320-elegance-w211-automatic-sedan,209.0,209.0,3,7h 7m13s,7.12,Active,vic,VIC,lot
2026-03-10T01:53:13.535292,https://www.grays.com/lot/0001-21063780/motor-vehicles-motor-cycles/2014-holden-cruze-sri-z-series-jh-manual-hatchback,509.0,509.0,6,7h 6m49s,7.114,Active,vic,VIC,lot
2026-03-10T01:53:38.348848,https://www.grays.com/lot/0001-21063781/motor-vehicles-motor-cycles/2008-audi-a6-2-0-tfsi-c6-cvt-sedan,109.0,109.0,2,7h 6m24s,7.107,Active,vic,VIC,lot
2026-03-10T01:53:48.339120,https://www.grays.com/lot/0001-21063782/motor-vehicles-motor-cycles/2015-mercedes-benz-c-class-c200-bluetec-w205-turbo-diesel-automatic-sedan,12500.0,12500.0,146,7h 6m14s,7.104,Active,vic,VIC,lot
2026-03-10T01:54:10.077565,https://www.grays.com/lot/0001-21063783/motor-vehicles-motor-cycles/2016-holden-astra-r-bk-automatic-hatchback,3200.0,3200.0,34,7h 5m53s,7.098,Active,vic,VIC,lot
2026-03-10T01:54:21.376371,https://www.grays.com/lot/0001-21063784/motor-vehicles-motor-cycles/2018-toyota-kluger-4x2-gx-gsu50r-automatic-8-speed-7-seats-wagon,12809.0,12809.0,143,7h 5m41s,7.095,Active,vic,VIC,lot
2026-03-10T01:54:34.266900,https://www.grays.com/lot/0001-21063785/motor-vehicles-motor-cycles/2010-mitsubishi-outlander-ls-zh-cvt-wagon,709.0,709.0,8,7h 5m28s,7.091,Active,vic,VIC,lot
2026-03-10T01:54:45.533096,https://www.grays.com/lot/0001-21063786/motor-vehicles-motor-cycles/2011-mazda-6-touring-gh-automatic-hatchback,3309.0,3309.0,61,7h 5m18s,7.088,Active,vic,VIC,lot
2026-03-10T01:55:01.069262,https://www.grays.com/lot/0001-21063788/motor-vehicles-motor-cycles/2020-ldv-g10-turbo-diesel-automatic-van,4100.0,4100.0,49,7h 5m1s,7.084,Active,vic,VIC,lot
2026-03-10T01:55:21.766515,https://www.grays.com/lot/0001-21063789/motor-vehicles-motor-cycles/2010-audi-a4-2-0-tfsi-quattro-b8-automatic-sedan,2209.0,2209.0,33,7h 4m41s,7.078,Active,vic,VIC,lot
2026-03-10T01:55:31.812938,https://www.grays.com/lot/0001-21063790/motor-vehicles-motor-cycles/2010-holden-cruze-cdx-jg-automatic-sedan,409.0,409.0,5,7h 4m30s,7.075,Active,vic,VIC,lot
2026-03-10T01:55:57.290761,https://www.grays.com/lot/0001-21063791/motor-vehicles-motor-cycles/2009-mini-cooper-r56-automatic-hatchback,2009.0,2009.0,37,7h 4m4s,7.068,Active,vic,VIC,lot
2026-03-10T01:56:10.605693,https://www.grays.com/lot/0001-21063792/motor-vehicles-motor-cycles/2011-volvo-xc90-3-2-r-design-automatic-7-seats-wagon,1700.0,1700.0,17,7h 3m51s,7.064,Active,vic,VIC,lot
2026-03-10T01:56:23.236613,https://www.grays.com/lot/0001-21063793/motor-vehicles-motor-cycles/2012-audi-q3-2-0-tfsi-quattro-8u-automatic-wagon,4700.0,4700.0,53,7h 3m40s,7.061,Active,vic,VIC,lot
2026-03-10T01:56:42.938210,https://www.grays.com/lot/0001-21063794/motor-vehicles-motor-cycles/2012-kia-sportage-platinum-sl-turbo-diesel-automatic-wagon,5100.0,5100.0,73,7h 3m19s,7.055,Active,vic,VIC,lot
2026-03-10T01:56:56.952850,https://www.grays.com/lot/0001-21063797/motor-vehicles-motor-cycles/2012-opel-astra-select-pj-automatic-hatchback,609.0,609.0,9,2d 7h 3m6s,55.052,Active,vic,VIC,lot
2026-03-10T01:57:51.567842,https://www.grays.com/lot/0001-21063798/motor-vehicles-motor-cycles/2008-holden-caprice-wm-automatic-sedan,2975.0,2975.0,44,7h 2m12s,7.037,Active,vic,VIC,lot
2026-03-10T01:58:05.995417,https://www.grays.com/lot/0001-21063799/motor-vehicles-motor-cycles/2014-mercedes-benz-gl-class-gl350-bluetec-x166-t-d-auto-7-seats-wagon,9100.0,9100.0,123,7h 1m56s,7.032,Active,vic,VIC,lot
2026-03-10T01:58:17.552671,https://www.grays.com/lot/0001-21063800/motor-vehicles-motor-cycles/2020-renault-trafic-l2-lwb-premium-125kw-turbo-diesel-at-van-ex-gov,3109.0,3109.0,41,2d 7h 1m45s,55.029,Active,vic,VIC,lot
2026-03-10T01:58:28.636260,https://www.grays.com/lot/0001-21063801/motor-vehicles-motor-cycles/2017-holden-barina-ls-tm-automatic-hatchback-ex-gov,3199.0,3199.0,34,2d 7h 1m34s,55.026,Active,vic,VIC,lot
2026-03-10T01:58:40.678946,https://www.grays.com/lot/0001-21063802/motor-vehicles-motor-cycles/2015-toyota-camry-atara-s-asv50r-automatic-sedan-ex-gov,11000.0,11000.0,119,2d 7h 1m21s,55.023,Active,"maryborough 3465, australia",AUSTRALIA,lot
2026-03-10T01:58:51.862835,https://www.grays.com/lot/0001-21063803/motor-vehicles-motor-cycles/2019-volkswagen-golf-alltrack-132tsi-premium-a7-automatic-wagon-ex-gov,3400.0,3400.0,46,2d 7h 1m11s,55.02,Active,"maryborough 3465, australia",AUSTRALIA,lot
2026-03-10T01:59:08.218309,https://www.grays.com/lot/0001-21063804/motor-vehicles-motor-cycles/2019-subaru-outback-2-5i-premium-b6a-cvt-wagon-ex-gov,7600.0,7600.0,37,2d 7h 0m55s,55.015,Active,vic,VIC,lot
2026-03-10T01:59:18.210458,https://www.grays.com/lot/0001-21063807/motor-vehicles-motor-cycles/2013-mazda-3-neo-bm-automatic-sedan,5400.0,5400.0,36,7h 0m44s,7.012,Active,vic,VIC,lot
2026-03-10T01:59:39.498435,https://www.grays.com/lot/0001-21063808/motor-vehicles-motor-cycles/2005-subaru-outback-2-5i-safety-pack-b4a-automatic-wagon,9.0,9.0,1,7h 0m24s,7.007,Active,vic,VIC,lot
2026-03-10T02:00:13.751988,https://www.grays.com/lot/0001-21063809/motor-vehicles-motor-cycles/2009-toyota-landcruiser-prado-gxl-kdj120r-turbo-diesel-at-8-seats-wagon,13500.0,13500.0,162,6h 59m50s,6.997,Active,vic,VIC,lot
2026-03-10T02:00:28.674380,https://www.grays.com/lot/0001-21063810/motor-vehicles-motor-cycles/2009-subaru-tribeca-3-6r-b9-automatic-7-seats-wagon,209.0,209.0,3,6h 59m35s,6.993,Active,vic,VIC,lot
2026-03-10T02:01:03.291394,https://www.grays.com/lot/0001-21063811/motor-vehicles-motor-cycles/2014-renault-clio-rs-200-sport-automatic-hatchback,1109.0,1109.0,17,6h 58m59s,6.983,Active,vic,VIC,lot
2026-03-10T02:01:14.400506,https://www.grays.com/lot/0001-21063812/motor-vehicles-motor-cycles/2015-mitsubishi-triton-4x4-glx-mn-turbo-diesel-manual-dual-cab,2109.0,2109.0,38,6h 58m48s,6.98,Active,vic,VIC,lot
2026-03-10T02:01:29.085005,https://www.grays.com/lot/0001-21063816/motor-vehicles-motor-cycles/2019-toyota-rav-4-awd-cruiser-hybrid-axah54r-auto-wagon-ex-gov,23818.0,23818.0,137,2d 6h 58m34s,54.976,Active,vic,VIC,lot
2026-03-10T02:01:38.741302,https://www.grays.com/lot/0001-21063817/motor-vehicles-motor-cycles/2011-bmw-3-series-320i-exec-e90-automatic-sedan,3200.0,3200.0,5,6h 58m24s,6.973,Active,vic,VIC,lot
2026-03-10T02:01:48.166334,https://www.grays.com/lot/0001-21063818/motor-vehicles-motor-cycles/2011-toyota-corolla-ascent-zre152r-automatic-hatchback,909.0,909.0,11,6h 58m14s,6.971,Active,vic,VIC,lot
2026-03-10T02:01:57.971027,https://www.grays.com/lot/0001-21063819/motor-vehicles-motor-cycles/2009-kia-sportage-ex-km-automatic-wagon,309.0,309.0,4,6h 58m5s,6.968,Active,vic,VIC,lot
2026-03-10T02:02:07.761692,https://www.grays.com/lot/0001-21063820/motor-vehicles-motor-cycles/2011-bmw-x5-xdrive-30d-e70-lci-turbo-diesel-automatic-8-speed-wagon,3309.0,3309.0,60,6h 57m55s,6.965,Active,vic,VIC,lot
2026-03-10T02:02:19.100676,https://www.grays.com/lot/0001-21063821/motor-vehicles-motor-cycles/2011-ford-territory-tx-sz-turbo-diesel-automatic-wagon,409.0,409.0,5,6h 57m43s,6.962,Active,vic,VIC,lot
2026-03-10T02:02:39.264178,https://www.grays.com/lot/0001-21063822/motor-vehicles-motor-cycles/2013-ford-territory-ts-sz-turbo-diesel-automatic-7-seats-wagon,1209.0,1209.0,22,6h 57m23s,6.956,Active,vic,VIC,lot
2026-03-10T02:02:51.765579,https://www.grays.com/lot/0001-21063823/motor-vehicles-motor-cycles/2015-audi-q7-3-0-tdi-quattro-4m-td-at-8-speed-7-seats-wagon,10491.0,10491.0,130,6h 57m11s,6.953,Active,vic,VIC,lot
2026-03-10T02:03:13.964687,https://www.grays.com/lot/0001-21063824/motor-vehicles-motor-cycles/2017-nissan-navara-4x2-st-x-series-2-turbo-diesel-manual-dual-cab,7700.0,7700.0,28,6h 56m48s,6.947,Active,vic,VIC,lot
2026-03-10T02:03:26.337665,https://www.grays.com/lot/0001-21063825/motor-vehicles-motor-cycles/2015-nissan-pathfinder-st-r52-cvt-7-seats-wagon,1109.0,1109.0,12,6h 56m36s,6.943,Active,vic,VIC,lot
2026-03-10T02:03:39.953320,https://www.grays.com/lot/0001-21063827/motor-vehicles-motor-cycles/2019-toyota-camry-ascent-sport-asv70r-automatic-sedan,10000.0,10000.0,93,1d 6h 56m22s,30.939,Active,vic,VIC,lot
2026-03-10T02:04:02.054720,https://www.grays.com/lot/0001-21063830/motor-vehicles-motor-cycles/2022-hyundai-tucson-elite-awd-nx4-turbo-diesel-automatic-8-speed-wagon,21600.0,21600.0,227,1d 6h 56m0s,30.933,Active,vic,VIC,lot
2026-03-10T02:04:16.596656,https://www.grays.com/lot/0001-21063831/motor-vehicles-motor-cycles/2017-honda-hr-v-vti-l-cvt-wagon,10000.0,10000.0,15,6h 55m46s,6.929,Active,vic,VIC,lot
2026-03-10T02:04:40.374374,https://www.grays.com/lot/0001-21063832/motor-vehicles-motor-cycles/2016-bmw-x6-xdrive-40d-f16-turbo-diesel-automatic-8-speed-coupe,16100.0,16100.0,154,6h 55m22s,6.923,Active,vic,VIC,lot
2026-03-10T02:04:55.056955,https://www.grays.com/lot/0001-21063833/motor-vehicles-motor-cycles/2008-mercedes-benz-ml320cdi-w164-turbo-diesel-automatic-wagon,309.0,309.0,4,6h 55m7s,6.919,Active,vic,VIC,lot
2026-03-10T02:05:23.006069,https://www.grays.com/lot/0001-21063834/motor-vehicles-motor-cycles/2013-mitsubishi-mirage-ls-la-cvt-hatchback,809.0,809.0,10,6h 54m39s,6.911,Active,vic,VIC,lot
2026-03-10T02:05:54.921280,https://www.grays.com/lot/0001-21063836/motor-vehicles-motor-cycles/2001-holden-astra-cd-ts-automatic-sedan,209.0,209.0,8,6h 54m7s,6.902,Active,vic,VIC,lot
2026-03-10T02:06:08.297110,https://www.grays.com/lot/0001-21063837/motor-vehicles-motor-cycles/2003-toyota-hilux-dble-cab-sr5-4x4-turbo-diesel-manual-dual-cab,2009.0,2009.0,30,6h 53m55s,6.899,Active,vic,VIC,lot
2026-03-10T02:06:21.517595,https://www.grays.com/lot/0001-21063838/motor-vehicles-motor-cycles/2007-land-rover-discovery-3-hse-series-3-turbo-diesel-auto-7-seats-wagon,1009.0,1009.0,12,6h 53m41s,6.895,Active,vic,VIC,lot
2026-03-10T02:06:57.845072,https://www.grays.com/lot/0001-21063839/motor-vehicles-motor-cycles/2009-mitsubishi-outlander-ls-zg-cvt-7-seats-wagon,9.0,9.0,1,6h 53m5s,6.885,Active,vic,VIC,lot
2026-03-10T02:07:12.964225,https://www.grays.com/lot/0001-21063840/motor-vehicles-motor-cycles/2010-subaru-liberty-2-5-gt-premium-b5-automatic-wagon,209.0,209.0,3,6h 52m49s,6.88,Active,vic,VIC,lot
2026-03-10T02:07:25.730245,https://www.grays.com/lot/0001-21063841/motor-vehicles-motor-cycles/2011-holden-commodore-omega-omega-ve-automatic-wagon,1209.0,1209.0,25,6h 52m37s,6.877,Active,vic,VIC,lot
2026-03-10T02:07:56.183352,https://www.grays.com/lot/0001-21063842/motor-vehicles-motor-cycles/2015-land-rover-range-rover-sport-3-0-tdv6-se-t-d-automatic-8-speed-wagon,15900.0,15900.0,209,6h 52m6s,6.868,Active,vic,VIC,lot
2026-03-10T02:08:12.897127,https://www.grays.com/lot/0001-21063845/motor-vehicles-motor-cycles/2017-ford-escape-titanium-awd-zg-automatic-wagon,7100.0,7100.0,75,6h 51m50s,6.864,Active,vic,VIC,lot
2026-03-10T02:08:29.562084,https://www.grays.com/lot/0001-21063850/motor-vehicles-motor-cycles/2003-toyota-camry-altise-mcv36r-automatic-sedan,409.0,409.0,6,6h 51m33s,6.859,Active,vic,VIC,lot
2026-03-10T02:08:47.108705,https://www.grays.com/lot/0001-21063851/motor-vehicles-motor-cycles/2015-mercedes-benz-e-class-e250-w212-automatic-sedan,10400.0,10400.0,109,6h 51m16s,6.854,Active,vic,VIC,lot
2026-03-10T02:09:20.783221,https://www.grays.com/lot/0001-21063852/motor-vehicles-motor-cycles/2010-mitsubishi-lancer-es-cj-cvt-sedan,2009.0,2009.0,23,6h 50m44s,6.846,Active,vic,VIC,lot
2026-03-10T02:09:38.724386,https://www.grays.com/lot/0001-21063853/motor-vehicles-motor-cycles/2021-mazda-3-g20-touring-bp-automatic-sedan,10600.0,10600.0,175,6h 50m28s,6.841,Active,vic,VIC,lot
2026-03-10T02:10:07.286961,https://www.grays.com/lot/0001-21063854/motor-vehicles-motor-cycles/2011-ford-focus-trend-lw-automatic-hatchback,1309.0,1309.0,21,6h 49m56s,6.832,Active,vic,VIC,lot
2026-03-10T02:10:54.822277,https://www.grays.com/lot/0001-21063856/motor-vehicles-motor-cycles/2004-lexus-rx-330-rx330-sports-mcu38r-automatic-wagon,1009.0,1009.0,19,1d 6h 49m8s,30.819,Active,vic,VIC,lot
2026-03-10T02:11:11.162939,https://www.grays.com/lot/0001-21063857/motor-vehicles-motor-cycles/2008-lexus-gs-300-sports-luxury-grs190r-automatic-sedan,1710.0,1710.0,23,1d 6h 48m54s,30.815,Active,vic,VIC,lot
2026-03-10T02:11:26.354599,https://www.grays.com/lot/0001-21063858/motor-vehicles-motor-cycles/2013-volkswagen-golf-110tdi-highline-a7-turbo-diesel-automatic-hatchback,1209.0,1209.0,13,1d 6h 48m38s,30.811,Active,vic,VIC,lot
2026-03-10T02:11:49.293007,https://www.grays.com/lot/0001-21063862/motor-vehicles-motor-cycles/2011-volkswagen-tiguan-155-tsi-5n-automatic-wagon,9.0,9.0,0,1d 6h 48m13s,30.804,Active,vic,VIC,lot
2026-03-10T02:12:00.167190,https://www.grays.com/lot/0001-21063865/motor-vehicles-motor-cycles/2005-lexus-is-250-prestige-automatic-sedan,4900.0,4900.0,8,6h 48m4s,6.801,Active,vic,VIC,lot
2026-03-10T02:12:18.754557,https://www.grays.com/lot/0001-21063866/motor-vehicles-motor-cycles/2012-holden-cruze-cd-jh-automatic-hatchback,109.0,109.0,2,6h 47m46s,6.796,Active,vic,VIC,lot
2026-03-10T02:12:50.440421,https://www.grays.com/lot/0001-21063868/motor-vehicles-motor-cycles/2003-lexus-rx-330-sports-mcu38r-automatic-wagon,9.0,9.0,1,1d 6h 47m13s,30.787,Active,vic,VIC,lot
2026-03-10T02:13:24.148317,https://www.grays.com/lot/0001-21063871/motor-vehicles-motor-cycles/2009-mazda-3-sp25-bl-automatic-sedan,809.0,809.0,11,1d 6h 46m38s,30.777,Active,vic,VIC,lot
2026-03-10T02:13:44.428826,https://www.grays.com/lot/0001-21063872/motor-vehicles-motor-cycles/2012-holden-cruze-cdx-jh-automatic-sedan,9.0,9.0,1,1d 6h 46m18s,30.772,Active,vic,VIC,lot
2026-03-10T02:13:56.448518,https://www.grays.com/lot/0001-21063873/motor-vehicles-motor-cycles/2013-ford-fiesta-ambiente-wz-automatic-hatchback,109.0,109.0,2,1d 6h 46m6s,30.768,Active,vic,VIC,lot
2026-03-10T02:14:08.454857,https://www.grays.com/lot/0001-21063874/motor-vehicles-motor-cycles/2013-ford-focus-trend-lw-ii-automatic-hatchback,309.0,309.0,4,1d 6h 45m54s,30.765,Active,vic,VIC,lot
2026-03-10T02:14:34.798558,https://www.grays.com/lot/0001-21063875/motor-vehicles-motor-cycles/2014-hyundai-iload-crew-tq-turbo-diesel-automatic-van,1709.0,1709.0,32,1d 6h 45m28s,30.758,Active,vic,VIC,lot
2026-03-10T02:14:48.518732,https://www.grays.com/lot/0001-21063876/motor-vehicles-motor-cycles/2014-mazda-6-atenza-gj-automatic-sedan,3300.0,3300.0,57,1d 6h 45m14s,30.754,Active,vic,VIC,lot
2026-03-10T02:15:00.802311,https://www.grays.com/lot/0001-21063877/motor-vehicles-motor-cycles/2014-ford-territory-tx-sz-turbo-diesel-automatic-wagon,109.0,109.0,2,1d 6h 45m1s,30.75,Active,vic,VIC,lot
2026-03-10T02:15:41.645266,https://www.grays.com/lot/0001-21063880/motor-vehicles-motor-cycles/2014-holden-cruze-sri-z-series-jh-automatic-hatchback,9.0,9.0,1,1d 6h 44m20s,30.739,Active,vic,VIC,lot
2026-03-10T02:15:56.408889,https://www.grays.com/lot/0001-21063883/motor-vehicles-motor-cycles/2012-audi-a4-2-0-tfsi-quattro-b8-automatic-sedan,3200.0,3200.0,18,1d 6h 44m10s,30.736,Active,vic,VIC,lot
2026-03-10T02:16:17.890669,https://www.grays.com/lot/0001-21063884/motor-vehicles-motor-cycles/2018-toyota-landcruiser-prado-gx-gdj150r-auto-wagon-rwc-issued-18-2-26,20400.0,20400.0,115,1d 6h 43m45s,30.729,Active,vic,VIC,lot
2026-03-10T02:16:38.769336,https://www.grays.com/lot/0001-21063885/motor-vehicles-motor-cycles/2014-jeep-cherokee-limited-4x4-kl-turbo-diesel-automatic-wagon,2909.0,2909.0,42,1d 6h 43m24s,30.723,Active,vic,VIC,lot
2026-03-10T02:16:57.534800,https://www.grays.com/lot/0001-21063886/motor-vehicles-motor-cycles/2015-ford-kuga-ambiente-fwd-tf-ii-automatic-wagon,609.0,609.0,7,1d 6h 43m5s,30.718,Active,vic,VIC,lot
2026-03-10T02:17:10.135052,https://www.grays.com/lot/0001-21063887/motor-vehicles-motor-cycles/2015-holden-cruze-cd-jh-automatic-hatchback,9.0,9.0,0,1d 6h 42m52s,30.714,Active,vic,VIC,lot
2026-03-10T02:17:28.155633,https://www.grays.com/lot/0001-21063888/motor-vehicles-motor-cycles/2013-mitsubishi-challenger-pb-turbo-diesel-automatic-wagon,209.0,209.0,3,1d 6h 42m34s,30.709,Active,vic,VIC,lot
2026-03-10T02:18:02.071528,https://www.grays.com/lot/0001-21063892/motor-vehicles-motor-cycles/2011-holden-commodore-sv6-ve-automatic-sedan-rwc-issued-23-2-26,3009.0,3009.0,47,1d 6h 42m1s,30.7,Active,vic,VIC,lot
2026-03-10T02:18:14.309497,https://www.grays.com/lot/0001-21063893/motor-vehicles-motor-cycles/2018-toyota-hilux-4x2-workmate-tgn121r-automatic-dual-cab,509.0,509.0,8,1d 6h 41m49s,30.697,Active,vic,VIC,lot
2026-03-10T02:18:30.478139,https://www.grays.com/lot/0001-21063894/motor-vehicles-motor-cycles/2007-toyota-hilux-sr-4x4-kun26r-turbo-diesel-manual-dual-cab,409.0,409.0,4,1d 6h 41m32s,30.692,Active,vic,VIC,lot
2026-03-10T02:18:41.984227,https://www.grays.com/lot/0001-21063895/motor-vehicles-motor-cycles/2018-toyota-hilux-4x2-workmate-hi-ride-gun122r-turbo-diesel-automatic-dual,14000.0,14000.0,72,1d 6h 41m20s,30.689,Active,vic,VIC,lot
2026-03-10T02:18:53.614360,https://www.grays.com/lot/0001-21063896/motor-vehicles-motor-cycles/2018-toyota-hilux-4x2-workmate-tgn121r-automatic-dual-cab,6700.0,6700.0,109,1d 6h 41m9s,30.686,Active,vic,VIC,lot
2026-03-10T02:19:07.010292,https://www.grays.com/lot/0001-21063897/motor-vehicles-motor-cycles/2019-toyota-hilux-4x2-workmate-automatic-dual-cab,700.0,700.0,4,1d 6h 40m55s,30.682,Active,vic,VIC,lot
2026-03-10T02:19:19.544827,https://www.grays.com/lot/0001-21063898/motor-vehicles-motor-cycles/2018-toyota-hilux-4x2-workmate-tgn121r-automatic-dual-cab,509.0,509.0,6,1d 6h 40m43s,30.679,Active,vic,VIC,lot
2026-03-10T02:19:44.957739,https://www.grays.com/lot/0001-21063900/motor-vehicles-motor-cycles/2019-toyota-hilux-4x2-workmate-tgn121r-automatic-dual-cab,5100.0,5100.0,13,1d 6h 40m17s,30.671,Active,vic,VIC,lot
2026-03-10T02:19:55.896199,https://www.grays.com/lot/0001-21063901/motor-vehicles-motor-cycles/2018-toyota-hilux-4x2-workmate-tgn121r-automatic-dual-cab,2210.0,2210.0,20,1d 6h 40m6s,30.668,Active,vic,VIC,lot
2026-03-10T02:20:07.499415,https://www.grays.com/lot/0001-21063902/motor-vehicles-motor-cycles/2018-toyota-hilux-4x2-workmate-tgn121r-automatic-dual-cab,12250.0,12250.0,33,1d 6h 39m55s,30.665,Active,vic,VIC,lot
2026-03-10T02:20:19.952192,https://www.grays.com/lot/0001-21063903/motor-vehicles-motor-cycles/2018-toyota-hilux-4x2-workmate-tgn121r-automatic-dual-cab,1309.0,1309.0,13,1d 6h 39m43s,30.662,Active,vic,VIC,lot
2026-03-10T02:20:33.345510,https://www.grays.com/lot/0001-21063904/motor-vehicles-motor-cycles/2007-toyota-hilux-sr-4x4-turbo-diesel-manual-dual-cab,1209.0,1209.0,16,1d 6h 39m29s,30.658,Active,vic,VIC,lot
2026-03-10T02:20:46.573649,https://www.grays.com/lot/0001-21063905/motor-vehicles-motor-cycles/2019-toyota-hilux-4x2-workmate-automatic-dual-cab,4700.0,4700.0,16,1d 6h 39m16s,30.654,Active,vic,VIC,lot
2026-03-10T02:21:05.797606,https://www.grays.com/lot/0001-21063906/motor-vehicles-motor-cycles/2016-audi-q7-3-0-tdi-quattro-4m-t-diesel-automatic-8-speed-7-seats-wagon,4300.0,4300.0,29,6h 53m57s,6.899,Active,vic,VIC,lot
2026-03-10T02:21:41.170484,https://www.grays.com/lot/0001-21063908/motor-vehicles-motor-cycles/2011-ford-focus-ambiente-lw-automatic-hatchback,1209.0,1209.0,24,6h 53m21s,6.889,Active,vic,VIC,lot
2026-03-10T02:21:51.121929,https://www.grays.com/lot/0001-21063909/motor-vehicles-motor-cycles/2007-mazda-cx-7-classic-automatic-wagon,109.0,109.0,2,6h 53m11s,6.886,Active,vic,VIC,lot
2026-03-10T02:22:01.501646,https://www.grays.com/lot/0001-21063911/motor-vehicles-motor-cycles/2013-mercedes-benz-ml350-bluetec-w166-turbo-diesel-automatic-wagon,3800.0,3800.0,47,1d 6h 38m0s,30.633,Active,vic,VIC,lot
2026-03-10T02:22:26.601281,https://www.grays.com/lot/0001-21063912/motor-vehicles-motor-cycles/2014-hyundai-i20-active-pb-automatic-hatchback,2109.0,2109.0,30,1d 6h 37m37s,30.627,Active,vic,VIC,lot
2026-03-10T02:22:38.163958,https://www.grays.com/lot/0001-21063915/motor-vehicles-motor-cycles/2012-nissan-dualis-st-j10-manual-wagon,409.0,409.0,10,1d 6h 37m24s,30.623,Active,vic,VIC,lot
2026-03-10T02:23:01.912445,https://www.grays.com/lot/0001-21063917/motor-vehicles-motor-cycles/2013-jeep-grand-cherokee-laredo-wk-turbo-diesel-automatic-wagon,409.0,409.0,5,1d 6h 37m0s,30.617,Active,vic,VIC,lot
2026-03-10T02:23:24.069544,https://www.grays.com/lot/0001-21063918/motor-vehicles-motor-cycles/2014-jeep-grand-cherokee-overland-wk-turbo-diesel-automatic-8-speed-wagon,750.0,750.0,10,1d 6h 36m38s,30.611,Active,vic,VIC,lot
2026-03-10T02:24:00.930205,https://www.grays.com/lot/0001-21063920/motor-vehicles-motor-cycles/2012-holden-barina-spark-cd-mj-manual-hatchback,109.0,109.0,4,1d 6h 36m1s,30.6,Active,vic,VIC,lot
2026-03-10T02:24:11.434482,https://www.grays.com/lot/0001-21063921/motor-vehicles-motor-cycles/2010-mitsubishi-outlander-ls-zh-cvt-wagon,9.0,9.0,2,1d 6h 35m51s,30.598,Active,vic,VIC,lot
2026-03-10T02:24:33.409809,https://www.grays.com/lot/0001-21063924/motor-vehicles-motor-cycles/2016-audi-q7-3-0-tdi-quattro-4m-turbo-diesel-auto-8-speed-7-seats-wagon,10100.0,10100.0,46,6h 50m29s,6.841,Active,vic,VIC,lot
2026-03-10T02:24:43.926651,https://www.grays.com/lot/0001-21063931/motor-vehicles-motor-cycles/2002-toyota-camry-altise-acv36r-automatic-sedan,109.0,109.0,3,1d 6h 35m19s,30.589,Active,vic,VIC,lot
2026-03-10T02:25:07.322047,https://www.grays.com/lot/0001-21063932/motor-vehicles-motor-cycles/2017-land-rover-range-rover-evoque-td4-se-dynamic-132kw-t-d-9-auto-wagon,6301.0,6301.0,49,1d 6h 34m55s,30.582,Active,vic,VIC,lot
2026-03-10T02:25:18.606310,https://www.grays.com/lot/0001-21063933/motor-vehicles-motor-cycles/2004-toyota-avensis-glx-acm21r-automatic-7-seats-people-mover,210.0,210.0,3,1d 6h 34m44s,30.579,Active,vic,VIC,lot
2026-03-10T02:25:29.265838,https://www.grays.com/lot/0001-21063934/motor-vehicles-motor-cycles/2004-subaru-impreza-rv-g2-manual-hatchback,9.0,9.0,1,1d 6h 34m33s,30.576,Active,vic,VIC,lot
2026-03-10T02:25:56.218499,https://www.grays.com/lot/0001-21063936/motor-vehicles-motor-cycles/2014-subaru-impreza-2-0i-g4-cvt-sedan,909.0,909.0,10,1d 6h 34m5s,30.568,Active,vic,VIC,lot
2026-03-10T02:26:12.185304,https://www.grays.com/lot/0001-21063938/motor-vehicles-motor-cycles/2008-mazda-6-luxury-sports-gh-automatic-hatchback,2009.0,2009.0,33,1d 6h 33m50s,30.564,Active,vic,VIC,lot
2026-03-10T02:26:32.875000,https://www.grays.com/lot/0001-21063939/motor-vehicles-motor-cycles/2009-toyota-hiace-lwb-kdh201r-turbo-diesel-automatic-van,2509.0,2509.0,43,1d 6h 33m30s,30.558,Active,vic,VIC,lot
2026-03-10T02:26:44.925282,https://www.grays.com/lot/0001-21063940/motor-vehicles-motor-cycles/2011-renault-koleos-dynamique-cvt-wagon,9.0,9.0,1,1d 6h 33m18s,30.555,Active,vic,VIC,lot
2026-03-10T02:27:13.956444,https://www.grays.com/lot/0001-21063941/motor-vehicles-motor-cycles/2008-mitsubishi-outlander-ls-zg-cvt-wagon,109.0,109.0,2,1d 6h 32m48s,30.547,Active,vic,VIC,lot
2026-03-10T02:27:28.301091,https://www.grays.com/lot/0001-21063942/motor-vehicles-motor-cycles/2014-ford-territory-tx-sz-ii-turbo-diesel-automatic-wagon,309.0,309.0,4,1d 6h 32m35s,30.543,Active,vic,VIC,lot
2026-03-10T02:28:05.474841,https://www.grays.com/lot/0001-21063943/motor-vehicles-motor-cycles/2011-mazda-3-sp25-bl-automatic-sedan,409.0,409.0,5,1d 6h 31m57s,30.532,Active,vic,VIC,lot
2026-03-10T02:29:05.978868,https://www.grays.com/lot/0001-21063945/motor-vehicles-motor-cycles/2012-subaru-impreza-2-0i-s-g4-cvt-sedan,909.0,909.0,11,1d 6h 30m56s,30.516,Active,vic,VIC,lot
2026-03-10T02:29:31.338163,https://www.grays.com/lot/0001-21063946/motor-vehicles-motor-cycles/2012-ford-ranger-xl-4x2-px-manual-dual-cab,1009.0,1009.0,21,1d 6h 30m31s,30.509,Active,vic,VIC,lot
2026-03-10T02:29:42.520520,https://www.grays.com/lot/0001-21063947/motor-vehicles-motor-cycles/2005-toyota-hilux-automatic-ute,109.0,109.0,3,1d 6h 30m20s,30.506,Active,vic,VIC,lot
2026-03-10T02:29:59.717147,https://www.grays.com/lot/0001-21063948/motor-vehicles-motor-cycles/2012-hyundai-i20-active-pb-manual-hatchback,9.0,9.0,1,1d 6h 30m3s,30.501,Active,vic,VIC,lot
2026-03-10T02:30:24.625886,https://www.grays.com/lot/0001-21063949/motor-vehicles-motor-cycles/2010-mazda-3-neo-bl-automatic-sedan,3209.0,3209.0,52,1d 6h 29m37s,30.494,Active,vic,VIC,lot
2026-03-10T02:31:00.880438,https://www.grays.com/lot/0001-21063952/motor-vehicles-motor-cycles/2007-holden-berlina-vz-automatic-wagon,509.0,509.0,6,1d 6h 29m1s,30.484,Active,vic,VIC,lot
2026-03-10T02:31:15.313993,https://www.grays.com/lot/0001-21063953/motor-vehicles-motor-cycles/2005-ford-territory-ghia-sx-automatic-7-seats-wagon,309.0,309.0,6,1d 6h 28m47s,30.48,Active,vic,VIC,lot
2026-03-10T02:31:45.737310,https://www.grays.com/lot/0001-21063956/motor-vehicles-motor-cycles/2013-ford-mondeo-zetec-mc-automatic-hatchback,1519.0,1519.0,20,1d 6h 28m17s,30.471,Active,vic,VIC,lot
2026-03-10T02:32:27.793364,https://www.grays.com/lot/0001-21063959/motor-vehicles-motor-cycles/2014-skoda-octavia-elegance-103tsi-ne-automatic-sedan,609.0,609.0,9,1d 6h 27m37s,30.46,Active,vic,VIC,lot
2026-03-10T02:32:42.487088,https://www.grays.com/lot/0001-21063960/motor-vehicles-motor-cycles/2016-holden-captiva-7-ltz-awd-cg-ii-automatic-7-seats-wagon,1309.0,1309.0,19,1d 6h 27m20s,30.456,Active,vic,VIC,lot
2026-03-10T02:33:05.617214,https://www.grays.com/lot/0001-21063961/motor-vehicles-motor-cycles/2016-holden-captiva-7-ltz-awd-cg-ii-turbo-diesel-automatic-7-seats-wagon,3255.0,3255.0,56,1d 6h 26m57s,30.449,Active,vic,VIC,lot
2026-03-10T02:33:46.420040,https://www.grays.com/lot/0001-21063962/motor-vehicles-motor-cycles/2018-toyota-hilux-4x4-sr5-gun126r-turbo-diesel-automatic-dual-cab,26300.0,26300.0,65,1d 6h 26m16s,30.438,Active,vic,VIC,lot
2026-03-10T02:33:59.785030,https://www.grays.com/lot/0001-21063963/motor-vehicles-motor-cycles/2016-volkswagen-touareg-v6-tdi-7p-turbo-diesel-automatic-8-speed-wagon,1109.0,1109.0,16,1d 6h 26m3s,30.434,Active,vic,VIC,lot
2026-03-10T02:34:24.361775,https://www.grays.com/lot/0001-50517837/motor-vehicles-motor-cycles/2020-tesla-model-3-standard-range-plus-direct-transmission-sedan,16570.0,16570.0,194,1d 7h 25m39s,31.428,Active,qld,QLD,lot
2026-03-10T02:34:51.058032,https://www.grays.com/lot/0001-50517839/motor-vehicles-motor-cycles/2016-jaguar-xf-25t-r-sport-automatic-8-speed-sedan,5000.0,5000.0,77,1d 7h 25m11s,31.42,Active,qld,QLD,lot
2026-03-10T03:13:29.027430,https://www.grays.com/lot/0001-50714797/motor-vehicles-motor-cycles/2016-mazda-cx-5-maxx-sport-ke-turbo-diesel-automatic-wagon,2800.0,2800.0,32,1d 6h 46m33s,30.776,Active,qld,QLD,lot
2026-03-10T03:13:45.792850,https://www.grays.com/lot/0001-50714798/motor-vehicles-motor-cycles/2023-toyota-landcruiser-vx-fja300r-turbo-diesel-10-auto-7-seats-wagon,100000.0,100000.0,296,5h 16m17s,5.271,Active,qld,QLD,lot
2026-03-10T03:13:55.190362,https://www.grays.com/lot/0001-50714813/motor-vehicles-motor-cycles/2015-mazda-cx-5-maxx-sport-ke-turbo-diesel-automatic-wagon,2800.0,2800.0,29,1d 6h 46m7s,30.769,Active,qld,QLD,lot
2026-03-10T03:14:04.924441,https://www.grays.com/lot/0001-50714817/motor-vehicles-motor-cycles/2015-mitsubishi-triton-4x4-gls-mq-turbo-diesel-manual-dual-cab,9800.0,9800.0,146,5h 45m58s,5.766,Active,qld,QLD,lot
2026-03-10T03:14:13.965905,https://www.grays.com/lot/0001-50714821/motor-vehicles-motor-cycles/2012-land-rover-freelander-2-se-td4-turbo-diesel-automatic-wagon,1350.0,1350.0,11,6h 50m48s,6.847,Active,qld,QLD,lot
2026-03-10T03:14:22.667986,https://www.grays.com/lot/0001-50714824/motor-vehicles-motor-cycles/2009-bmw-7-50li-f02-automatic-sedan,2600.0,2600.0,19,5h 45m40s,5.761,Active,qld,QLD,lot
2026-03-10T03:14:30.096269,https://www.grays.com/lot/0001-50714825/motor-vehicles-motor-cycles/2016-land-rover-discovery-sport-4wd-automatic-suv,1859.0,1859.0,8,1d 5h 45m32s,29.759,Active,qld,QLD,lot
2026-03-10T03:14:38.978876,https://www.grays.com/lot/0001-50714827/motor-vehicles-motor-cycles/2013-mitsubishi-delica-d-5-automatic-4wd-people-mover-import,3800.0,3800.0,65,6h 45m24s,6.757,Active,qld,QLD,lot
2026-03-10T03:15:19.088273,https://www.grays.com/lot/0001-50714829/motor-vehicles-motor-cycles/2021-toyota-rav-4-fwd-gx-hybrid-axah52r-cvt-wagon,19100.0,19100.0,34,1d 5h 44m46s,29.746,Active,qld,QLD,lot
2026-03-10T03:15:59.683261,https://www.grays.com/lot/0001-50714830/motor-vehicles-motor-cycles/2022-subaru-forester-2-5i-premium-s5-cvt-wagon,27000.0,27000.0,98,1d 5h 44m4s,29.734,Active,qld,QLD,lot
2026-03-10T03:17:13.442842,https://www.grays.com/lot/0001-50714832/motor-vehicles-motor-cycles/2013-nissan-navara-4x4-st-x550-d40-turbo-diesel-automatic-dual-cab,1600.0,1600.0,21,6h 42m49s,6.714,Active,qld,QLD,lot
2026-03-10T03:17:40.253136,https://www.grays.com/lot/0001-50714834/motor-vehicles-motor-cycles/1997-land-rover-discovery-se-tdi-turbo-diesel-automatic-wagon,1600.0,1600.0,14,1d 6h 42m23s,30.706,Active,qld,QLD,lot
2026-03-10T03:18:03.110511,https://www.grays.com/lot/0001-50714835/motor-vehicles-motor-cycles/2006-mitsubishi-grandis-ba-automatic-7-seats-people-mover,9.0,9.0,1,1d 6h 42m2s,30.701,Active,qld,QLD,lot
2026-03-10T03:19:56.556320,https://www.grays.com/lot/0001-50714836/motor-vehicles-motor-cycles/2012-toyota-prius-v-zvw40r-cvt-7-seats-wagon,609.0,609.0,7,1d 6h 40m6s,30.668,Active,qld,QLD,lot
2026-03-10T03:20:41.306196,https://www.grays.com/lot/0001-50714837/motor-vehicles-motor-cycles/2016-land-rover-discovery-sport-td4-180-se-td-9-auto-7-seats-wagon,4100.0,4100.0,29,1d 6h 39m22s,30.656,Active,qld,QLD,lot
2026-03-10T03:21:06.368772,https://www.grays.com/lot/0001-50714838/motor-vehicles-motor-cycles/2005-holden-astra-ts-automatic-convertible,9.0,9.0,1,1d 6h 38m57s,30.649,Active,qld,QLD,lot
2026-03-10T03:21:34.981970,https://www.grays.com/lot/0001-50714839/motor-vehicles-motor-cycles/2015-jeep-wrangler-unlimited-sport-jk-manual-wagon,8050.0,8050.0,33,1d 6h 38m31s,30.642,Active,qld,QLD,lot
2026-03-10T03:21:48.629339,https://www.grays.com/lot/0001-50714840/motor-vehicles-motor-cycles/2009-nissan-navara-st-x-4x4-double-cab-d40-turbo-diesel-automatic-dual-cab,109.0,109.0,2,1d 6h 38m14s,30.637,Active,qld,QLD,lot
2026-03-10T03:22:07.228919,https://www.grays.com/lot/0001-50714841/motor-vehicles-motor-cycles/2007-volkswagen-touareg-3-0-v6-tdi-7l-turbo-diesel-automatic-wagon,9.0,9.0,1,1d 6h 37m55s,30.632,Active,qld,QLD,lot
2026-03-10T03:22:29.237426,https://www.grays.com/lot/0001-50714842/motor-vehicles-motor-cycles/2005-mercedes-benz-ml350-w164-automatic-wagon,9.0,9.0,1,1d 6h 37m33s,30.626,Active,qld,QLD,lot
2026-03-10T03:22:42.539502,https://www.grays.com/lot/0001-50714843/motor-vehicles-motor-cycles/2014-volkswagen-transporter-tdi340-lwb-t5-turbo-diesel-automatic-van,1400.0,1400.0,11,1d 6h 37m20s,30.622,Active,qld,QLD,lot
2026-03-10T03:22:55.212229,https://www.grays.com/lot/0001-50714844/motor-vehicles-motor-cycles/2011-jeep-grand-cherokee-laredo-4x4-wk-automatic-wagon,209.0,209.0,3,1d 6h 37m7s,30.619,Active,qld,QLD,lot
2026-03-10T03:23:24.632693,https://www.grays.com/lot/0001-50714845/motor-vehicles-motor-cycles/2018-toyota-landcruiser-workmate-vdj79r-turbo-diesel-manual-cab-chassis,20800.0,20800.0,234,1d 6h 36m38s,30.611,Active,qld,QLD,lot
2026-03-10T03:23:39.828085,https://www.grays.com/lot/0001-50714848/motor-vehicles-motor-cycles/2019-holden-acadia-ltz-v-awd-9-auto-7-seats-wagon,2900.0,2900.0,48,1d 6h 36m22s,30.606,Active,qld,QLD,lot
2026-03-10T03:23:49.220466,https://www.grays.com/lot/0001-50714849/motor-vehicles-motor-cycles/2001-toyota-hilux-extra-cab-4x4-manual-ute,2500.0,2500.0,18,5h 6m13s,5.104,Active,qld,QLD,lot
2026-03-10T03:23:59.520612,https://www.grays.com/lot/0001-50714850/motor-vehicles-motor-cycles/2014-nissan-x-trail-st-l-fwd-t32-cvt-7-seats-wagon,209.0,209.0,4,1d 5h 36m4s,29.601,Active,qld,QLD,lot
2026-03-10T03:24:31.610743,https://www.grays.com/lot/0001-50714853/motor-vehicles-motor-cycles/2011-suzuki-grand-vitara-2-4-jt-automatic-wagon,3700.0,3700.0,49,1d 6h 40m30s,30.675,Active,qld,QLD,lot
2026-03-10T03:24:42.735311,https://www.grays.com/lot/0001-50714854/motor-vehicles-motor-cycles/2000-mitsubishi-pajero-gls-nm-automatic-7-seats-wagon,9.0,9.0,1,1d 6h 40m19s,30.672,Active,qld,QLD,lot
2026-03-10T03:24:56.803944,https://www.grays.com/lot/0001-50714856/motor-vehicles-motor-cycles/2010-volkswagen-passat-118-tsi-3c-automatic-wagon,9.0,9.0,0,1d 5h 35m6s,29.585,Active,qld,QLD,lot
2026-03-10T03:25:06.015220,https://www.grays.com/lot/0001-50714857/motor-vehicles-motor-cycles/1998-toyota-vienta-grande-mcv20r-automatic-sedan,9.0,9.0,0,1d 5h 34m56s,29.582,Active,qld,QLD,lot
2026-03-10T03:25:16.221269,https://www.grays.com/lot/0001-50714859/motor-vehicles-motor-cycles/2013-hyundai-veloster-sr-turbo-fs-automatic-coupe,1309.0,1309.0,26,1d 5h 34m46s,29.579,Active,qld,QLD,lot
2026-03-10T03:25:26.563357,https://www.grays.com/lot/0001-50714860/motor-vehicles-motor-cycles/2012-hyundai-iload-tq-turbo-diesel-automatic-van,109.0,109.0,2,1d 5h 34m35s,29.576,Active,qld,QLD,lot
2026-03-10T03:25:36.013160,https://www.grays.com/lot/0001-50714861/motor-vehicles-motor-cycles/2005-audi-a6-2-4-c6-cvt-sedan,9.0,9.0,0,1d 5h 34m27s,29.574,Active,qld,QLD,lot
2026-03-10T03:25:45.661292,https://www.grays.com/lot/0001-50714862/motor-vehicles-motor-cycles/1999-alfa-romeo-156-v6-24v-automatic-sedan,109.0,109.0,3,1d 5h 34m17s,29.571,Active,qld,QLD,lot
2026-03-10T03:25:55.838762,https://www.grays.com/lot/0001-50714864/motor-vehicles-motor-cycles/2009-peugeot-308-xse-turbo-touring-automatic-wagon,9.0,9.0,0,1d 5h 34m7s,29.569,Active,qld,QLD,lot
2026-03-10T03:26:06.534588,https://www.grays.com/lot/0001-50714865/motor-vehicles-motor-cycles/2008-mazda-bt-50-dx-b3000-turbo-diesel-manual-dual-cab,9.0,9.0,1,1d 5h 33m55s,29.565,Active,qld,QLD,lot
2026-03-10T03:26:16.204729,https://www.grays.com/lot/0001-50714866/motor-vehicles-motor-cycles/2005-subaru-liberty-2-0i-b4-automatic-sedan,9.0,9.0,1,1d 5h 33m46s,29.563,Active,qld,QLD,lot
2026-03-10T03:26:28.419662,https://www.grays.com/lot/0001-50714867/motor-vehicles-motor-cycles/2007-ford-escape-xlt-zc-automatic-wagon,9.0,9.0,1,1d 5h 33m37s,29.56,Active,qld,QLD,lot
2026-03-10T03:26:38.653317,https://www.grays.com/lot/0001-50714877/motor-vehicles-motor-cycles/2010-hyundai-ix35-elite-awd-lm-turbo-diesel-automatic-wagon,109.0,109.0,2,1d 6h 33m24s,30.557,Active,qld,QLD,lot
2026-03-10T03:27:13.354331,https://www.grays.com/lot/0001-50714879/motor-vehicles-motor-cycles/2021-ldv-g10-turbo-diesel-automatic-8-speed-van,609.0,609.0,9,1d 6h 32m53s,30.548,Active,qld,QLD,lot
2026-03-10T03:27:55.583835,https://www.grays.com/lot/0001-50714880/motor-vehicles-motor-cycles/2012-bmw-x3-xdrive-20i-f25-automatic-8-speed-wagon,1509.0,1509.0,26,6h 37m13s,6.62,Active,qld,QLD,lot
2026-03-10T03:28:18.437707,https://www.grays.com/lot/0001-50714881/motor-vehicles-motor-cycles/2007-mazda-cx-7-luxury-automatic-wagon,9.0,9.0,1,1d 6h 31m44s,30.529,Active,qld,QLD,lot
2026-03-10T03:28:34.807382,https://www.grays.com/lot/0001-50714883/motor-vehicles-motor-cycles/2008-ford-focus-xr5-lv-manual-hatchback,209.0,209.0,3,1d 6h 31m30s,30.525,Active,qld,QLD,lot
2026-03-10T03:28:53.678719,https://www.grays.com/lot/0001-50714884/motor-vehicles-motor-cycles/2013-nissan-pathfinder-st-r52-cvt-7-seats-wagon,9.0,9.0,1,1d 6h 31m11s,30.52,Active,qld,QLD,lot
2026-03-10T03:29:19.437810,https://www.grays.com/lot/0001-50714885/motor-vehicles-motor-cycles/2010-subaru-forester-x-s3-automatic-wagon,9.0,9.0,1,1d 6h 30m46s,30.513,Active,qld,QLD,lot
2026-03-10T03:29:37.221232,https://www.grays.com/lot/0001-50714886/motor-vehicles-motor-cycles/2021-toyota-landcruiser-prado-kakadu-gdj150r-td-auto-7-seats-wagon,50500.0,50500.0,220,1d 6h 30m27s,30.508,Active,qld,QLD,lot
2026-03-10T03:30:07.184943,https://www.grays.com/lot/0001-50714887/motor-vehicles-motor-cycles/2015-toyota-hiace-lwb-kdh201r-turbo-diesel-manual-van,6200.0,6200.0,4,1d 6h 30m0s,30.5,Active,qld,QLD,lot
2026-03-10T03:30:25.234308,https://www.grays.com/lot/0001-50714888/motor-vehicles-motor-cycles/2014-jeep-grand-cherokee-blackhawk-le-4x4-wk-automatic-8-speed-wagon,1109.0,1109.0,22,1d 6h 29m39s,30.494,Active,qld,QLD,lot
2026-03-10T03:30:45.516676,https://www.grays.com/lot/0001-50714890/motor-vehicles-motor-cycles/2010-toyota-hiace-lwb-kdh201r-turbo-diesel-manual-van,2955.0,2955.0,45,1d 6h 29m17s,30.488,Active,qld,QLD,lot
2026-03-10T03:31:19.244754,https://www.grays.com/lot/0001-50714891/motor-vehicles-motor-cycles/2013-holden-cruze-sri-v-jh-manual-hatchback,9.0,9.0,1,1d 6h 28m44s,30.479,Active,qld,QLD,lot
2026-03-10T03:31:34.692594,https://www.grays.com/lot/0001-50714893/motor-vehicles-motor-cycles/2018-volkswagen-tiguan-allspace-140tdi-highline-turbo-diesel-auto-7-sts-wgn,9500.0,9500.0,178,1d 6h 33m28s,30.558,Active,qld,QLD,lot
2026-03-10T03:32:05.439652,https://www.grays.com/lot/0001-50714896/motor-vehicles-motor-cycles/2016-land-rover-range-rover-sport-3-0-tdv6-se-tdl-auto-8-speed-wagon,10500.0,10500.0,44,1d 6h 27m57s,30.466,Active,qld,QLD,lot
2026-03-10T03:32:52.404511,https://www.grays.com/lot/0001-50714897/motor-vehicles-motor-cycles/2011-land-rover-discovery-3-0-sdv6-hse-series-4-tdl-auto-7-seats-wagon,1109.0,1109.0,18,1d 6h 27m11s,30.453,Active,qld,QLD,lot
2026-03-10T03:33:28.665664,https://www.grays.com/lot/0001-50714900/motor-vehicles-motor-cycles/2010-ford-mondeo-lx-tdci-mb-turbo-diesel-automatic-hatchback,9.0,9.0,0,2d 6h 26m34s,54.443,Active,qld,QLD,lot
2026-03-10T03:35:20.137220,https://www.grays.com/lot/0001-50714901/motor-vehicles-motor-cycles/2011-nissan-navara-4x4-st-x550-d40-turbo-diesel-automatic-dual-cab,109.0,109.0,3,2d 6h 24m44s,54.412,Active,qld,QLD,lot
2026-03-10T03:35:36.909245,https://www.grays.com/lot/0001-50714902/motor-vehicles-motor-cycles/2015-mitsubishi-triton-4x4-gls-mq-turbo-diesel-automatic-dual-cab,9.0,9.0,1,2d 6h 24m26s,54.407,Active,qld,QLD,lot
2026-03-10T03:37:33.670116,https://www.grays.com/lot/0001-50714903/motor-vehicles-motor-cycles/2016-holden-trax-active-special-edtn-tj-automatic-wagon,109.0,109.0,2,2d 6h 22m29s,54.375,Active,qld,QLD,lot
2026-03-10T03:38:45.661499,https://www.grays.com/lot/0001-50714908/motor-vehicles-motor-cycles/2018-ford-ecosport-trend-bl-automatic-wagon,9.0,9.0,0,2d 6h 21m17s,54.355,Active,qld,QLD,lot
2026-03-10T03:39:49.067713,https://www.grays.com/lot/0001-50714910/motor-vehicles-motor-cycles/2018-ldv-g10-9-seat-automatic-9-seats-people-mover,1009.0,1009.0,9,1d 6h 20m13s,30.337,Active,qld,QLD,lot
2026-03-10T03:40:34.144763,https://www.grays.com/lot/0001-50714911/motor-vehicles-motor-cycles/2011-nissan-patrol-st-s-3-0-gu-ii-turbo-diesel-automatic-7-seats-wagon,209.0,209.0,4,1d 6h 19m29s,30.325,Active,qld,QLD,lot
2026-03-10T03:43:25.724940,https://www.grays.com/lot/0001-50714912/motor-vehicles-motor-cycles/2011-toyota-landcruiser-workmate-vdj79r-turbo-diesel-manual-cab-chassis,13000.0,13000.0,74,1d 6h 16m36s,30.277,Active,qld,QLD,lot
2026-03-10T03:47:15.803647,https://www.grays.com/lot/0001-50714914/motor-vehicles-motor-cycles/2017-ford-ranger-xl-4x4-px-ii-turbo-diesel-manual-cab-chassis,1009.0,1009.0,20,1d 6h 12m47s,30.213,Active,qld,QLD,lot
2026-03-10T03:54:54.741167,https://www.grays.com/lot/0001-60050281/motor-vehicles-motor-cycles/2005-kia-carnival-ls-automatic-8-seats-people-mover,109.0,109.0,2,1d 5h 5m8s,29.086,Active,sa,SA,lot
2026-03-10T03:55:19.265481,https://www.grays.com/lot/0001-60050286/motor-vehicles-motor-cycles/2017-hyundai-iload-tq-ii-turbo-diesel-automatic-van,3500.0,3500.0,36,1d 5h 4m45s,29.079,Active,sa,SA,lot
2026-03-10T03:55:38.853708,https://www.grays.com/lot/0001-60050293/motor-vehicles-motor-cycles/2012-mercedes-benz-c200-be-w204-automatic-sedan,7600.0,7600.0,116,5h 4m26s,5.074,Active,sa,SA,lot
2026-03-10T03:56:13.670398,https://www.grays.com/lot/0001-60050294/motor-vehicles-motor-cycles/2016-kia-optima-si-jf-automatic-sedan,3000.0,3000.0,32,5h 3m50s,5.064,Active,sa,SA,lot
2026-03-10T03:56:30.322772,https://www.grays.com/lot/0001-60050297/motor-vehicles-motor-cycles/2017-holden-calais-v-zb-wagon-9-auto,11200.0,11200.0,127,5h 3m33s,5.059,Active,sa,SA,lot
2026-03-10T03:56:49.284447,https://www.grays.com/lot/0001-60050298/motor-vehicles-motor-cycles/2008-holden-colorado-4x4-lt-r-3-0-t-d-rc-automatic-dual-cab,6733.0,6733.0,38,5h 3m14s,5.054,Active,sa,SA,lot
2026-03-10T03:57:06.372503,https://www.grays.com/lot/0001-60050304/motor-vehicles-motor-cycles/2018-hyundai-imax-active-tq-ii-turbo-diesel-automatic-8-seats-people-mover,1509.0,1509.0,19,1d 5h 2m57s,29.049,Active,sa,SA,lot
2026-03-10T03:57:25.321535,https://www.grays.com/lot/0001-60050305/motor-vehicles-motor-cycles/2009-isuzu-d-max-4x2-ls-turbo-diesel-automatic-dual-cab,1500.0,1500.0,15,1d 5h 2m38s,29.044,Active,sa,SA,lot
2026-03-10T03:57:57.763003,https://www.grays.com/lot/0001-60050307/motor-vehicles-motor-cycles/2012-toyota-fj-cruiser-4x4-gsj15r-automatic-wagon,10100.0,10100.0,130,1d 5h 2m5s,29.035,Active,sa,SA,lot
2026-03-10T03:58:17.439786,https://www.grays.com/lot/0001-60050308/motor-vehicles-motor-cycles/2007-holden-calais-v-ve-automatic-sedan,7000.0,7000.0,27,1d 5h 1m46s,29.029,Active,sa,SA,lot
2026-03-10T03:58:39.342446,https://www.grays.com/lot/0001-60050309/motor-vehicles-motor-cycles/2011-volkswagen-multivan-edition-25-132kw-t5-t-d-autopeople-mover,5000.0,5000.0,38,1d 5h 1m24s,29.023,Active,sa,SA,lot
2026-03-10T03:59:01.020361,https://www.grays.com/lot/0001-60050310/motor-vehicles-motor-cycles/2010-ford-ranger-xlt-4x4-pk-turbo-diesel-automatic-dual-cab,2500.0,2500.0,12,1d 5h 1m2s,29.017,Active,sa,SA,lot
2026-03-10T03:59:14.344972,https://www.grays.com/lot/0001-60050311/motor-vehicles-motor-cycles/2011-nissan-dualis-2-ti-4x2-j10-ii-cvt-7-seats-wagon,2600.0,2600.0,40,1d 5h 0m48s,29.013,Active,sa,SA,lot
2026-03-10T03:59:28.026125,https://www.grays.com/lot/0001-60050312/motor-vehicles-motor-cycles/2013-mazda-cx-9-grand-touring-awd-automatic-7-seats-wagon,6000.0,6000.0,14,1d 5h 0m35s,29.01,Active,sa,SA,lot
2026-03-10T03:59:38.634954,https://www.grays.com/lot/0001-60050313/motor-vehicles-motor-cycles/2014-subaru-forester-2-5i-s4-cvt-wagon,409.0,409.0,5,1d 5h 0m24s,29.007,Active,sa,SA,lot
2026-03-10T04:00:07.038742,https://www.grays.com/lot/0001-60050315/motor-vehicles-motor-cycles/2017-mitsubishi-triton-4x4-glx-l-e-mq-turbo-diesel-manual-dual-cab,12500.0,12500.0,1,1d 4h 59m56s,28.999,Active,sa,SA,lot
2026-03-10T04:00:16.549641,https://www.grays.com/lot/0001-60050317/motor-vehicles-motor-cycles/2012-subaru-xv-2-0i-g4x-cvt-hatchback,3800.0,3800.0,54,1d 4h 59m46s,28.996,Active,sa,SA,lot
2026-03-10T04:00:38.562965,https://www.grays.com/lot/0001-60050318/motor-vehicles-motor-cycles/2007-bmw-1-series-120i-e87-automatic-hatchback,1515.0,1515.0,24,1d 4h 59m25s,28.99,Active,sa,SA,lot
2026-03-10T04:00:51.357687,https://www.grays.com/lot/0001-9067334/motor-vehicles-motor-cycles/2005-honda-civic-gli-7th-gen-manual-sedan,2000.0,2000.0,39,7h 29m11s,7.486,Active,wa,WA,lot
2026-03-10T04:01:05.504453,https://www.grays.com/lot/0001-9067335/motor-vehicles-motor-cycles/2010-holden-ute-sv6-ve-manual-ute,809.0,809.0,17,7h 28m57s,7.482,Active,wa,WA,lot
2026-03-10T04:01:29.947485,https://www.grays.com/lot/0001-9067336/motor-vehicles-motor-cycles/2008-ford-territory-ts-sy-automatic-wagon,609.0,609.0,9,7h 28m33s,7.476,Active,wa,WA,lot
2026-03-10T04:01:56.006630,https://www.grays.com/lot/0001-9067343/motor-vehicles-motor-cycles/2008-lexus-rx-rx350-sports-luxury-gsu35r-automatic-wagon,1500.0,1500.0,19,7h 28m8s,7.469,Active,wa,WA,lot
2026-03-10T04:02:24.853063,https://www.grays.com/lot/0001-9067346/motor-vehicles-motor-cycles/2007-holden-epica-cdxi-ep-automatic-sedan,300.0,300.0,3,7h 27m38s,7.461,Active,wa,WA,lot
2026-03-10T04:02:39.849207,https://www.grays.com/lot/0001-9067349/motor-vehicles-motor-cycles/2006-subaru-outback-2-5i-b4a-manual-wagon,409.0,409.0,9,7h 27m24s,7.457,Active,wa,WA,lot
2026-03-10T04:02:59.254097,https://www.grays.com/lot/0001-9067350/motor-vehicles-motor-cycles/2015-toyota-hilux-4x4-sr-gun126r-turbo-diesel-automatic-crew-cab-chassis,9100.0,9100.0,66,7h 27m3s,7.451,Active,wa,WA,lot
2026-03-10T04:03:13.861877,https://www.grays.com/lot/0001-9067351/motor-vehicles-motor-cycles/2006-audi-q7-3-0-tdi-quattro-turbo-diesel-automatic-7-seats-wagon,1000.0,1000.0,17,7h 26m49s,7.447,Active,wa,WA,lot
2026-03-10T04:03:32.864534,https://www.grays.com/lot/0001-9067352/motor-vehicles-motor-cycles/2019-toyota-hilux-4x4-sr-gun126r-turbo-diesel-automatic-crew-cab-chassis,10800.0,10800.0,99,7h 26m31s,7.442,Active,wa,WA,lot
2026-03-10T04:03:47.113457,https://www.grays.com/lot/0001-9067353/motor-vehicles-motor-cycles/2012-nissan-navara-4x4-st-x550-d40-turbo-diesel-automatic-dual-cab,4900.0,4900.0,68,7h 26m17s,7.438,Active,wa,WA,lot
2026-03-10T04:04:04.808331,https://www.grays.com/lot/0001-9067359/motor-vehicles-motor-cycles/2014-mazda-cx-5-maxx-sport-ke-turbo-diesel-automatic-wagon,6600.0,6600.0,116,7h 25m58s,7.433,Active,wa,WA,lot
2026-03-10T04:04:36.230505,https://www.grays.com/lot/0001-9067363/motor-vehicles-motor-cycles/2009-mitsubishi-pajero-gls-nt-turbo-diesel-manual-7-seats-wagon,2409.0,2409.0,49,7h 25m27s,7.424,Active,wa,WA,lot
2026-03-10T04:04:47.838128,https://www.grays.com/lot/0001-9067364/motor-vehicles-motor-cycles/2008-toyota-hilux-4x2-sr-kun16r-turbo-diesel-manual-dual-cab,5400.0,5400.0,72,7h 25m15s,7.421,Active,wa,WA,lot
2026-03-10T04:05:10.800217,https://www.grays.com/lot/0001-9067365/motor-vehicles-motor-cycles/2015-citroen-grand-c4-picasso-exclusive-turbo-diesel-automatic-wagon,3200.0,3200.0,34,7h 24m52s,7.414,Active,wa,WA,lot
2026-03-10T04:05:31.385479,https://www.grays.com/lot/0001-9067366/motor-vehicles-motor-cycles/2015-holden-captiva-7-ltz-awd-cg-ii-automatic-7-seats-wagon,2500.0,2500.0,31,7h 24m32s,7.409,Active,wa,WA,lot
2026-03-10T04:06:09.011911,https://www.grays.com/lot/0001-9067367/motor-vehicles-motor-cycles/2010-audi-a5-3-0-tdi-quattro-8t-turbo-diesel-automatic-coupe,3150.0,3150.0,49,7h 23m54s,7.398,Active,wa,WA,lot
2026-03-10T04:06:26.331359,https://www.grays.com/lot/0001-9067368/motor-vehicles-motor-cycles/2014-ford-ranger-xl-4x2-hi-rider-px-turbo-diesel-automatic-cab-chassis,2451.0,2451.0,33,7h 23m37s,7.394,Active,wa,WA,lot
2026-03-10T04:06:45.008304,https://www.grays.com/lot/0001-9067369/motor-vehicles-motor-cycles/2005-mercedes-benz-c-class-c180-k-classic-w203-automatic-sedan,800.0,800.0,11,7h 53m18s,7.888,Active,wa,WA,lot
2026-03-10T04:07:16.165210,https://www.grays.com/lot/0001-9067372/motor-vehicles-motor-cycles/2007-holden-ute-omega-ve-automatic-ute,700.0,700.0,10,7h 52m47s,7.88,Active,wa,WA,lot
2026-03-10T04:07:30.633337,https://www.grays.com/lot/0001-9067373/motor-vehicles-motor-cycles/2007-land-rover-range-rover-sport-supercharged-automatic-wagon,5050.0,5050.0,52,7h 52m32s,7.876,Active,wa,WA,lot
2026-03-10T04:07:48.401602,https://www.grays.com/lot/0001-9067375/motor-vehicles-motor-cycles/2014-toyota-hilux-4x4-sr5-kun26r-turbo-diesel-manual-dual-cab,9100.0,9100.0,46,7h 52m15s,7.871,Active,wa,WA,lot
2026-03-10T04:08:00.755542,https://www.grays.com/lot/0001-9067377/motor-vehicles-motor-cycles/2008-holden-captiva-lx-awd-cg-automatic-7-seats-wagon,200.0,200.0,2,7h 52m2s,7.867,Active,wa,WA,lot
2026-03-10T04:08:18.659648,https://www.grays.com/lot/0001-9067382/motor-vehicles-motor-cycles/2008-holden-commodore-omega-ve-automatic-sedan,456.0,456.0,3,7h 51m44s,7.862,Active,wa,WA,lot
2026-03-10T04:08:32.792645,https://www.grays.com/lot/0001-9067383/motor-vehicles-motor-cycles/2008-hyundai-i30-sx-fd-automatic-hatchback,900.0,900.0,10,7h 51m29s,7.858,Active,wa,WA,lot
2026-03-10T04:08:46.581577,https://www.grays.com/lot/0001-9067384/motor-vehicles-motor-cycles/2011-bmw-x1-sdrive-18i-e84-automatic-wagon,2100.0,2100.0,30,7h 51m17s,7.855,Active,wa,WA,lot
2026-03-10T04:09:24.005316,https://www.grays.com/lot/0001-9067390/motor-vehicles-motor-cycles/2010-holden-caprice-wm-ii-automatic-sedan,2200.0,2200.0,36,7h 20m41s,7.345,Active,wa,WA,lot
2026-03-10T04:09:39.808199,https://www.grays.com/lot/0001-9067391/motor-vehicles-motor-cycles/2013-ford-kuga-awd-titanium-tf-turbo-diesel-automatic-wagon,1909.0,1909.0,32,1d 7h 20m25s,31.34,Active,wa,WA,lot
2026-03-10T04:10:06.636560,https://www.grays.com/lot/0001-9067393/motor-vehicles-motor-cycles/2010-hyundai-i30-sx-fd-automatic-hatchback,4809.0,4809.0,63,7h 19m57s,7.332,Active,wa,WA,lot
2026-03-10T04:10:21.155604,https://www.grays.com/lot/0001-9067395/motor-vehicles-motor-cycles/2015-holden-malibu-cdx-em-automatic-sedan,500.0,500.0,5,7h 19m41s,7.328,Active,wa,WA,lot
2026-03-10T04:10:35.557007,https://www.grays.com/lot/0001-9067396/motor-vehicles-motor-cycles/2003-nissan-patrol-st-3-0-gu-ii-turbo-diesel-automatic-7-seats-wagon,2609.0,2609.0,47,7h 19m27s,7.324,Active,wa,WA,lot
2026-03-10T04:10:54.158995,https://www.grays.com/lot/0001-9067397/motor-vehicles-motor-cycles/2016-kia-optima-si-jf-automatic-sedan,3100.0,3100.0,22,7h 19m9s,7.319,Active,wa,WA,lot
2026-03-10T04:11:06.649192,https://www.grays.com/lot/0001-9067398/motor-vehicles-motor-cycles/2015-ford-focus-trend-lw-ii-automatic-sedan,1509.0,1509.0,22,7h 18m57s,7.316,Active,wa,WA,lot
2026-03-10T04:11:49.879099,https://www.grays.com/lot/0001-9067402/motor-vehicles-motor-cycles/2011-nissan-patrol-st-s-3-0-gu-ii-turbo-diesel-automatic-7-seats-wagon,4465.0,4465.0,50,1d 7h 18m13s,31.304,Active,wa,WA,lot
2026-03-10T04:12:07.299583,https://www.grays.com/lot/0001-9067403/motor-vehicles-motor-cycles/2016-audi-q2-sport-2-0-tdi-quattro-ga-turbo-diesel-automatic-wagon,2400.0,2400.0,20,1d 7h 17m55s,31.299,Active,wa,WA,lot
2026-03-10T04:12:25.871240,https://www.grays.com/lot/0001-9067404/motor-vehicles-motor-cycles/2012-peugeot-208-allure-sport-manual-hatchback,1109.0,1109.0,15,4h 47m37s,4.794,Active,wa,WA,lot
2026-03-10T04:12:38.039235,https://www.grays.com/lot/0001-9067405/motor-vehicles-motor-cycles/2012-holden-ute-sv6-thunder-le-ve-ii-automatic-ute,4209.0,4209.0,74,1d 7h 17m25s,31.29,Active,wa,WA,lot
2026-03-10T04:12:49.643780,https://www.grays.com/lot/0001-9067409/motor-vehicles-motor-cycles/2006-mazda-3-maxx-sport-bk-manual-sedan,109.0,109.0,3,1d 7h 17m13s,31.287,Active,wa,WA,lot
2026-03-10T04:13:01.496663,https://www.grays.com/lot/0001-9067410/motor-vehicles-motor-cycles/2010-subaru-forester-2-0d-premium-s3-turbo-diesel-manual-wagon,309.0,309.0,5,1d 7h 17m1s,31.284,Active,wa,WA,lot
2026-03-10T04:13:12.960926,https://www.grays.com/lot/0001-9067411/motor-vehicles-motor-cycles/2015-mazda-cx-9-grand-touring-awd-automatic-7-seats-wagon,2500.0,2500.0,31,1d 7h 16m49s,31.28,Active,wa,WA,lot
2026-03-10T04:13:34.919387,https://www.grays.com/lot/0001-9067413/motor-vehicles-motor-cycles/2011-mazda-cx-9-luxury-fwd-automatic-7-seats-wagon,909.0,909.0,12,1d 7h 16m29s,31.275,Active,wa,WA,lot
2026-03-10T04:13:48.453004,https://www.grays.com/lot/0001-9067414/motor-vehicles-motor-cycles/2017-hyundai-tucson-active-x-tl-automatic-wagon,6200.0,6200.0,16,1d 7h 16m15s,31.271,Active,wa,WA,lot
2026-03-10T04:13:59.024917,https://www.grays.com/lot/0001-9067416/motor-vehicles-motor-cycles/2012-mini-cooper-paceman-s-r61-automatic-coupe,6300.0,6300.0,84,1d 7h 16m3s,31.267,Active,wa,WA,lot
2026-03-10T04:14:11.803693,https://www.grays.com/lot/0001-9067417/motor-vehicles-motor-cycles/2014-toyota-hilux-4x4-sr-kun26r-turbo-diesel-automatic-crew-cab-chassis,6700.0,6700.0,79,1d 7h 15m52s,31.264,Active,wa,WA,lot
2026-03-10T04:14:31.946281,https://www.grays.com/lot/0001-9067418/motor-vehicles-motor-cycles/1990-toyota-hiace-lwb-lh113r-automatic-van,2809.0,2809.0,46,1d 7h 15m31s,31.259,Active,wa,WA,lot
2026-03-10T04:14:45.123216,https://www.grays.com/lot/0001-9067419/motor-vehicles-motor-cycles/2014-kia-cerato-koup-turbo-yd-automatic-coupe,2109.0,2109.0,35,1d 7h 15m18s,31.255,Active,wa,WA,lot
2026-03-10T04:15:01.806501,https://www.grays.com/lot/0001-9067423/motor-vehicles-motor-cycles/2007-volkswagen-passat-2-0-tfsi-3c-automatic-sedan,309.0,309.0,5,1d 7h 15m1s,31.25,Active,wa,WA,lot
2026-03-10T04:15:39.914994,https://www.grays.com/lot/0001-9067426/motor-vehicles-motor-cycles/2011-hyundai-i45-premium-yf-automatic-sedan,2109.0,2109.0,28,1d 7h 14m23s,31.24,Active,wa,WA,lot
2026-03-10T04:16:06.998065,https://www.grays.com/lot/0001-9067428/motor-vehicles-motor-cycles/2015-nissan-navara-4x4-st-np300-turbo-diesel-automatic-dual-cab,4409.0,4409.0,83,1d 7h 13m57s,31.232,Active,wa,WA,lot
2026-03-10T04:16:23.372945,https://www.grays.com/lot/0001-9067429/motor-vehicles-motor-cycles/2014-bmw-320d-320d-f30-turbo-diesel-automatic-8-speed-sedan,9800.0,9800.0,42,1d 7h 13m39s,31.227,Active,wa,WA,lot
2026-03-10T04:16:45.669236,https://www.grays.com/lot/0001-9067432/motor-vehicles-motor-cycles/2011-mazda-cx-7-classic-sports-automatic-wagon,109.0,109.0,2,1d 7h 43m17s,31.721,Active,wa,WA,lot
2026-03-10T04:17:04.298920,https://www.grays.com/lot/0001-9067433/motor-vehicles-motor-cycles/2008-holden-commodore-lumina-ve-automatic-sedan,209.0,209.0,4,1d 7h 42m58s,31.716,Active,wa,WA,lot
2026-03-10T04:17:25.736078,https://www.grays.com/lot/0001-9067434/motor-vehicles-motor-cycles/2003-mitsubishi-lancer-gli-1-8-ce-manual-coupe,309.0,309.0,7,1d 7h 42m36s,31.71,Active,wa,WA,lot
2026-03-10T04:17:41.059251,https://www.grays.com/lot/0001-9067436/motor-vehicles-motor-cycles/2005-jeep-grand-cherokee-laredo-wh-turbo-diesel-automatic-wagon,809.0,809.0,8,1d 7h 42m21s,31.706,Active,wa,WA,lot
2026-03-10T04:18:16.032102,https://www.grays.com/lot/0001-9067439/motor-vehicles-motor-cycles/2009-holden-captiva-sx-awd-cg-automatic-7-seats-wagon,200.0,200.0,2,1d 7h 41m48s,31.697,Active,wa,WA,lot
2026-03-10T04:18:32.308216,https://www.grays.com/lot/0001-9067446/motor-vehicles-motor-cycles/2008-mitsubishi-lancer-es-cj-manual-sedan,609.0,609.0,11,1d 7h 41m30s,31.692,Active,wa,WA,lot
2026-03-10T04:18:50.985434,https://www.grays.com/lot/0001-9067448/motor-vehicles-motor-cycles/2000-nissan-patrol-st-3-0-gu-ii-turbo-diesel-manual-7-seats-wagon,809.0,809.0,13,1d 7h 41m12s,31.687,Active,wa,WA,lot
2026-03-10T04:19:04.971780,https://www.grays.com/lot/0001-9067452/motor-vehicles-motor-cycles/2006-ford-falcon-rtv-bf-automatic-ute,1609.0,1609.0,17,1d 7h 10m58s,31.183,Active,wa,WA,lot
2026-03-10T04:19:21.819624,https://www.grays.com/lot/0001-9067453/motor-vehicles-motor-cycles/2015-land-rover-discovery-sport-si4-se-automatic-wagon,2609.0,2609.0,27,1d 5h 10m41s,29.178,Active,wa,WA,lot
2026-03-10T04:19:38.273817,https://www.grays.com/lot/0001-9067454/motor-vehicles-motor-cycles/2019-kia-cerato-s-bd-automatic-sedan,5100.0,5100.0,34,1d 5h 10m25s,29.174,Active,wa,WA,lot
2026-03-10T04:19:50.242541,https://www.grays.com/lot/0001-9067455/motor-vehicles-motor-cycles/2013-volvo-xc90-3-2-r-design-automatic-7-seats-wagon,3150.0,3150.0,30,1d 7h 10m13s,31.17,Active,wa,WA,lot
2026-03-10T04:20:14.125233,https://www.grays.com/lot/0001-10352945/motor-vehicles-motor-cycles/2017-mercedes-benz-a-class-a180-w176-automatic-hatchback-wovr-inspected,4509.0,4509.0,69,1d 4h 9m48s,28.163,Active,nsw,NSW,lot
2026-03-10T04:20:25.097058,https://www.grays.com/lot/0001-21063846/motor-vehicles-motor-cycles/2022-mg-mg3-excite-automatic-hatchback-wovr-repairable,6000.0,6000.0,83,4h 39m39s,4.661,Active,vic,VIC,lot
2026-03-10T04:20:37.213360,https://www.grays.com/lot/0001-21063891/motor-vehicles-motor-cycles/2016-ford-ranger-xls-4x4-px-ii-automatic-dual-cab-wovr-repairable,9600.0,9600.0,63,1d 4h 39m26s,28.657,Active,vic,VIC,lot
2026-03-10T04:20:48.532518,https://www.grays.com/lot/0001-21063937/motor-vehicles-motor-cycles/2021-bmw-x3-xdrive30i-g01-lci-automatic-8-speed-wagon-wovr-repairable,12200.0,12200.0,77,1d 4h 39m14s,28.654,Active,vic,VIC,lot
2026-03-10T04:21:07.156503,https://www.grays.com/lot/0001-21063951/motor-vehicles-motor-cycles/2006-holden-rodeo-lx-td-crew-cab-ra-t-d-auto-dual-cab-wovr-repairable,109.0,109.0,2,1d 4h 38m55s,28.649,Active,vic,VIC,lot
2026-03-10T04:21:18.226977,https://www.grays.com/lot/0001-21063958/motor-vehicles-motor-cycles/2018-hyundai-i30-active-pd-automatic-hatchback-wovr-repairable,5600.0,5600.0,38,1d 4h 38m46s,28.646,Active,vic,VIC,lot
2026-03-10T04:21:28.420968,https://www.grays.com/lot/0001-50714791/motor-vehicles-motor-cycles/2017-audi-a5-2-0-tfsi-f5-automatic-coupe-wovr-inspected,8500.0,8500.0,110,4h 43m34s,4.726,Active,qld,QLD,lot
2026-03-10T04:22:01.669402,https://www.grays.com/lot/0001-50714878/motor-vehicles-motor-cycles/2024-volkswagen-transporter-swb-tdi340-t6-1-td-auto-van-wovr-inspected,14300.0,14300.0,96,1d 5h 38m5s,29.635,Active,qld,QLD,lot
2026-03-10T04:22:20.013218,https://www.grays.com/lot/0001-60050316/motor-vehicles-motor-cycles/2001-toyota-camry-csi-mcv20r-automatic-sedan-wovr-inspected,309.0,309.0,7,1d 4h 37m44s,28.629,Active,sa,SA,lot
2026-03-10T04:22:33.957570,https://www.grays.com/lot/0001-9067344/motor-vehicles-motor-cycles/1997-honda-accord-vti-6th-gen-automatic-sedan-wovr-inspected,509.0,509.0,8,7h 7m29s,7.125,Active,wa,WA,lot
2026-03-10T04:22:51.846685,https://www.grays.com/lot/0001-9067347/motor-vehicles-motor-cycles/2013-jeep-grand-cherokee-srt-8-wk-auto-wagon-wovr-repairable,10400.0,10400.0,86,7h 7m15s,7.121,Active,wa,WA,lot
2026-03-10T04:23:08.373195,https://www.grays.com/lot/0001-9067360/motor-vehicles-motor-cycles/2014-suzuki-jimny-sierra-jlx-automatic-wagon-wovr-inspected,9100.0,9100.0,118,7h 6m54s,7.115,Active,wa,WA,lot
2026-03-10T04:23:28.449867,https://www.grays.com/lot/0001-9067361/motor-vehicles-motor-cycles/2008-bmw-x6-xdrive-35i-e71-automatic-coupe-wovr-inspected,5100.0,5100.0,35,7h 6m35s,7.11,Active,wa,WA,lot
2026-03-10T04:24:02.086001,https://www.grays.com/lot/0001-9067388/motor-vehicles-motor-cycles/2006-ford-falcon-xr6t-bf-automatic-sedan-wovr-inspected,7500.0,7500.0,109,7h 6m3s,7.101,Active,wa,WA,lot
2026-03-10T04:24:33.810781,https://www.grays.com/lot/0001-9067427/motor-vehicles-motor-cycles/2015-mitsubishi-triton-gls-4x4-mq-t-d-manual-dual-cab-wovr-inspected,5700.0,5700.0,51,1d 7h 5m30s,31.092,Active,wa,WA,lot
2026-03-10T04:24:48.229324,https://www.grays.com/lot/0001-9067431/motor-vehicles-motor-cycles/2008-volkswagen-jetta-2-0-tdi-1km-turbo-diesel-auto-wovr-inspected,565.0,565.0,6,1d 7h 35m19s,31.589,Active,wa,WA,lot
2026-03-10T04:25:07.021327,https://www.grays.com/lot/0001-9067435/motor-vehicles-motor-cycles/2009-holden-barina-tk-automatic-sedan-wovr-repairable,509.0,509.0,11,1d 7h 34m56s,31.582,Active,wa,WA,lot
2026-03-10T04:25:21.278038,https://www.grays.com/lot/0001-9067451/motor-vehicles-motor-cycles/2004-hsv-clubsport-vy-automatic-sedan-wovr-statutory,15000.0,15000.0,118,1d 7h 34m42s,31.578,Active,wa,WA,lot
2026-03-12T14:30:35.709592,https://www.grays.com/lot/0001-10352882/motor-vehicles-motor-cycles/2014-porsche-macan-s-diesel-95b-turbo-diesel-automatic-wagon,,,140,,,Referred,nsw,NSW,lot
2026-03-12T14:30:48.894513,https://www.grays.com/lot/0001-10352883/motor-vehicles-motor-cycles/2016-lexus-rx-350-rx350-f-sport-ggl25r-automatic-8-speed-wagon,15900.0,15900.0,209,,,Sold,nsw,NSW,lot
2026-03-12T14:31:01.120191,https://www.grays.com/lot/0001-10352884/motor-vehicles-motor-cycles/2012-kia-grand-carnival-s-vq-automatic-8-seats-people-mover,4100.0,4100.0,42,,,Sold,nsw,NSW,lot
2026-03-12T14:31:19.868717,https://www.grays.com/lot/0001-10352886/motor-vehicles-motor-cycles/2015-jaguar-xe-v6-s-automatic-8-speed-sedan,,,75,,,Referred,nsw,NSW,lot
2026-03-12T14:31:28.771748,https://www.grays.com/lot/0001-10352887/motor-vehicles-motor-cycles/2011-audi-a5-3-0-tdi-quattro-8t-turbo-diesel-automatic-hatchback,,,11,,,Referred,nsw,NSW,lot
2026-03-12T14:31:38.053366,https://www.grays.com/lot/0001-10352888/motor-vehicles-motor-cycles/2007-toyota-corolla-ascent-zre152r-automatic-sedan,3800.0,3800.0,50,,,Sold,nsw,NSW,lot
2026-03-12T14:31:48.158855,https://www.grays.com/lot/0001-10352889/motor-vehicles-motor-cycles/2010-holden-ute-sv6-ve-manual-ute,,,9,,,Referred,nsw,NSW,lot
2026-03-12T14:31:58.291397,https://www.grays.com/lot/0001-10352890/motor-vehicles-motor-cycles/2013-jeep-grand-cherokee-laredo-4x4-wk-automatic-8-speed-wagon,,,36,,,Referred,nsw,NSW,lot
2026-03-12T14:32:07.964686,https://www.grays.com/lot/0001-10352898/motor-vehicles-motor-cycles/2015-subaru-forester-2-0d-l-s4-turbo-diesel-cvt-wagon,,,30,,,Referred,nsw,NSW,lot
2026-03-12T14:32:17.581352,https://www.grays.com/lot/0001-10352907/motor-vehicles-motor-cycles/2013-jeep-grand-cherokee-limited-wk-turbo-diesel-automatic-8-speed-wagon,5509.0,5509.0,102,,,Sold,nsw,NSW,lot
2026-03-12T14:32:32.586030,https://www.grays.com/lot/0001-10352908/motor-vehicles-motor-cycles/2012-nissan-navara-4x4-st-d40-turbo-diesel-manual-dual-cab,6259.0,6259.0,85,,,Sold,nsw,NSW,lot
2026-03-12T14:32:59.158563,https://www.grays.com/lot/0001-10352912/motor-vehicles-motor-cycles/2021-mazda-cx-5-gt-kf-automatic-wagon,,,66,,,Referred,nsw,NSW,lot
2026-03-12T14:33:19.773113,https://www.grays.com/lot/0001-10352915/motor-vehicles-motor-cycles/2021-mitsubishi-outlander-es-2wd-zm-cvt-wagon,,,127,,,Referred,nsw,NSW,lot
2026-03-12T14:33:30.411188,https://www.grays.com/lot/0001-10352921/motor-vehicles-motor-cycles/2015-hyundai-i30-active-tourer-gd-automatic-wagon,,,17,,,Referred,nsw,NSW,lot
2026-03-12T14:33:41.272288,https://www.grays.com/lot/0001-10352923/motor-vehicles-motor-cycles/2017-toyota-c-hr-fwd-ngx10r-cvt-wagon,,,79,,,Referred,nsw,NSW,lot
2026-03-12T14:33:54.259553,https://www.grays.com/lot/0001-10352924/motor-vehicles-motor-cycles/2011-toyota-hilux-4x4-sr5-kun26r-turbo-diesel-manual-dual-cab,,,85,,,Referred,nsw,NSW,lot
2026-03-12T14:33:58.347733,https://www.grays.com/lot/0001-10352915/motor-vehicles-motor-cycles/2021-mitsubishi-outlander-es-2wd-zm-cvt-wagon,,,127,,,Referred,nsw,NSW,lot
2026-03-12T14:34:09.260466,https://www.grays.com/lot/0001-10352921/motor-vehicles-motor-cycles/2015-hyundai-i30-active-tourer-gd-automatic-wagon,,,17,,,Referred,nsw,NSW,lot
2026-03-12T14:34:19.716826,https://www.grays.com/lot/0001-10352923/motor-vehicles-motor-cycles/2017-toyota-c-hr-fwd-ngx10r-cvt-wagon,,,79,,,Referred,nsw,NSW,lot
2026-03-12T14:34:30.139534,https://www.grays.com/lot/0001-10352924/motor-vehicles-motor-cycles/2011-toyota-hilux-4x4-sr5-kun26r-turbo-diesel-manual-dual-cab,,,85,,,Referred,nsw,NSW,lot
2026-03-12T14:34:41.477714,https://www.grays.com/lot/0001-10352925/motor-vehicles-motor-cycles/2016-land-rover-range-rover-sport-3-0-v6sc-hst-automatic-8-speed-wagon,36750.0,36750.0,303,,,Sold,nsw,NSW,lot
2026-03-12T14:34:53.970511,https://www.grays.com/lot/0001-10352927/motor-vehicles-motor-cycles/2019-honda-civic-vti-l-10th-gen-cvt-sedan,12400.0,12400.0,139,,,Sold,nsw,NSW,lot
2026-03-12T14:35:26.072133,https://www.grays.com/lot/0001-10352929/motor-vehicles-motor-cycles/2019-ford-transit-custom-340l-lwb-vn-turbo-diesel-automatic-van,,,88,,,Referred,nsw,NSW,lot
2026-03-12T14:35:43.496674,https://www.grays.com/lot/0001-10352932/motor-vehicles-motor-cycles/2009-nissan-elgrand-automatic-8-seats-people-mover,1109.0,1109.0,18,,,Sold,nsw,NSW,lot
2026-03-12T14:36:03.501883,https://www.grays.com/lot/0001-10352933/motor-vehicles-motor-cycles/2013-great-wall-x200-4x4-turbo-diesel-automatic-wagon,810.0,810.0,8,,,Sold,nsw,NSW,lot
2026-03-12T14:36:15.924261,https://www.grays.com/lot/0001-10352934/motor-vehicles-motor-cycles/2019-mg-mg3-core-automatic-hatchback-79-611kms,6000.0,6000.0,47,,,Sold,nsw,NSW,lot
2026-03-12T14:36:27.826419,https://www.grays.com/lot/0001-10352935/motor-vehicles-motor-cycles/2009-renault-koleos-privilege-cvt-wagon,2409.0,2409.0,28,,,Sold,nsw,NSW,lot
2026-03-12T14:36:42.609170,https://www.grays.com/lot/0001-10352936/motor-vehicles-motor-cycles/2012-mazda-cx-5-maxx-sport-ke-turbo-diesel-automatic-wagon,3509.0,3509.0,44,,,Sold,nsw,NSW,lot
2026-03-12T14:36:52.202278,https://www.grays.com/lot/0001-10352937/motor-vehicles-motor-cycles/2010-nissan-micra-ti-k13-manual-hatchback,,,0,,,Referred,nsw,NSW,lot
2026-03-12T14:37:04.492032,https://www.grays.com/lot/0001-10352938/motor-vehicles-motor-cycles/2014-jeep-cherokee-limited-4x4-kl-9-auto-wagon,2000.0,2000.0,39,,,Sold,nsw,NSW,lot
2026-03-12T14:37:16.499658,https://www.grays.com/lot/0001-10352939/motor-vehicles-motor-cycles/2008-toyota-kluger-4x2-kx-r-gsu40r-automatic-7-seats-wagon,3200.0,3200.0,37,,,Sold,nsw,NSW,lot
2026-03-12T14:37:26.400460,https://www.grays.com/lot/0001-10352940/motor-vehicles-motor-cycles/2013-hyundai-veloster-sr-turbo-fs-manual-coupe,4810.0,4810.0,64,,,Sold,nsw,NSW,lot
2026-03-12T14:37:33.412690,https://www.grays.com/lot/0001-10352941/motor-vehicles-motor-cycles/2010-jeep-patriot-sport-mk-manual-wagon,,,0,,,Referred,nsw,NSW,lot
2026-03-12T14:37:40.315554,https://www.grays.com/lot/0001-10352942/motor-vehicles-motor-cycles/2009-toyota-rav-4-cv-aca33r-automatic-wagon,,,0,,,Referred,nsw,NSW,lot
2026-03-12T14:37:51.714319,https://www.grays.com/lot/0001-10352944/motor-vehicles-motor-cycles/2011-mercedes-benz-cl-class-cl500-c216-automatic-coupe,,,107,,,Referred,nsw,NSW,lot
2026-03-12T14:38:02.569481,https://www.grays.com/lot/0001-10352947/motor-vehicles-motor-cycles/2016-mercedes-benz-gle-class-amg-gle-63s-4matic-c292-automatic-coupe,,,488,,,Referred,nsw,NSW,lot
2026-03-12T14:38:17.374003,https://www.grays.com/lot/0001-10352948/motor-vehicles-motor-cycles/2018-mazda-bt-50-4x2-xt-turbo-diesel-automatic-cab-chassis,,,47,,,Referred,nsw,NSW,lot
2026-03-12T14:38:27.479171,https://www.grays.com/lot/0001-10352948/motor-vehicles-motor-cycles/2018-mazda-bt-50-4x2-xt-turbo-diesel-automatic-cab-chassis,,,47,,,Referred,nsw,NSW,lot
2026-03-12T14:38:31.358509,https://www.grays.com/lot/0001-10352949/motor-vehicles-motor-cycles/2007-lexus-is-is250-prestige-automatic-sedan,,,15,,,Referred,nsw,NSW,lot
2026-03-12T14:38:44.461981,https://www.grays.com/lot/0001-10352949/motor-vehicles-motor-cycles/2007-lexus-is-is250-prestige-automatic-sedan,,,15,,,Referred,nsw,NSW,lot
2026-03-12T14:38:47.721603,https://www.grays.com/lot/0001-10352950/motor-vehicles-motor-cycles/2014-mercedes-benz-cla-class-cla250-sport-awd-c117-automatic-coupe,,,54,,,Referred,nsw,NSW,lot
2026-03-12T14:38:56.418378,https://www.grays.com/lot/0001-10352950/motor-vehicles-motor-cycles/2014-mercedes-benz-cla-class-cla250-sport-awd-c117-automatic-coupe,,,54,,,Referred,nsw,NSW,lot
2026-03-12T14:38:59.684582,https://www.grays.com/lot/0001-10352951/motor-vehicles-motor-cycles/2020-mitsubishi-triton-4x4-glx-adas-double-mr-t-d-auto-crew-cab-chassis,,,160,,,Referred,nsw,NSW,lot
2026-03-12T14:39:09.107452,https://www.grays.com/lot/0001-10352951/motor-vehicles-motor-cycles/2020-mitsubishi-triton-4x4-glx-adas-double-mr-t-d-auto-crew-cab-chassis,,,160,,,Referred,nsw,NSW,lot
2026-03-12T14:39:22.359025,https://www.grays.com/lot/0001-10913014/motor-vehicles-motor-cycles/2007-volkswagen-touareg-r50-5-0-v10-tdi-7l-turbo-diesel-automatic-wagon,,,52,,,Referred,nsw,NSW,lot
2026-03-12T14:39:32.594898,https://www.grays.com/lot/0001-10913014/motor-vehicles-motor-cycles/2007-volkswagen-touareg-r50-5-0-v10-tdi-7l-turbo-diesel-automatic-wagon,,,52,,,Referred,nsw,NSW,lot
2026-03-12T14:39:40.438781,https://www.grays.com/lot/0001-21063313/motor-vehicles-motor-cycles/2022-mitsubishi-pajero-sport-glx-4wd-qf-t-d-auto-8-speed-ex-gov,32500.0,32500.0,182,,,Sold,vic,VIC,lot
2026-03-12T14:39:49.313727,https://www.grays.com/lot/0001-21063313/motor-vehicles-motor-cycles/2022-mitsubishi-pajero-sport-glx-4wd-qf-t-d-auto-8-speed-ex-gov,32500.0,32500.0,182,,,Sold,vic,VIC,lot
2026-03-12T14:39:58.311649,https://www.grays.com/lot/0001-21063314/motor-vehicles-motor-cycles/2021-subaru-forester-2-5i-l-s5-cvt-wagon-ex-gov,22800.0,22800.0,210,,,Sold,vic,VIC,lot
2026-03-12T14:40:28.878302,https://www.grays.com/lot/0001-21063314/motor-vehicles-motor-cycles/2021-subaru-forester-2-5i-l-s5-cvt-wagon-ex-gov,22800.0,22800.0,210,,,Sold,vic,VIC,lot
2026-03-12T14:40:37.400285,https://www.grays.com/lot/0001-21063332/motor-vehicles-motor-cycles/2020-hyundai-iload-tq-ii-turbo-diesel-automatic-van-ex-gov,28701.0,28701.0,405,,,Sold,vic,VIC,lot
2026-03-12T14:40:47.372503,https://www.grays.com/lot/0001-21063332/motor-vehicles-motor-cycles/2020-hyundai-iload-tq-ii-turbo-diesel-automatic-van-ex-gov,28701.0,28701.0,405,,,Sold,vic,VIC,lot
2026-03-12T14:40:55.073346,https://www.grays.com/lot/0001-21063333/motor-vehicles-motor-cycles/2020-ford-ranger-xl-4x4-px-iii-t-d-auto-cab-chassis-ex-gov,17500.0,17500.0,99,,,Sold,vic,VIC,lot
2026-03-12T14:41:05.765095,https://www.grays.com/lot/0001-21063333/motor-vehicles-motor-cycles/2020-ford-ranger-xl-4x4-px-iii-t-d-auto-cab-chassis-ex-gov,17500.0,17500.0,99,,,Sold,vic,VIC,lot
2026-03-12T14:41:13.329129,https://www.grays.com/lot/0001-21063423/motor-vehicles-motor-cycles/2005-bmw-5-series-530i-touring-e61-automatic-wagon,,,22,,,Referred,vic,VIC,lot
2026-03-12T14:41:25.177587,https://www.grays.com/lot/0001-21063423/motor-vehicles-motor-cycles/2005-bmw-5-series-530i-touring-e61-automatic-wagon,,,22,,,Referred,vic,VIC,lot
2026-03-12T14:41:43.744696,https://www.grays.com/lot/0001-21063655/motor-vehicles-motor-cycles/2008-nissan-x-trail-tl-t31-turbo-diesel-automatic-wagon,,,0,,,Referred,vic,VIC,lot
2026-03-12T14:41:59.688333,https://www.grays.com/lot/0001-21063639/motor-vehicles-motor-cycles/2007-mitsubishi-lancer-es-cj-cvt-sedan,1309.0,1309.0,14,,,Sold,vic,VIC,lot
2026-03-12T14:42:34.661158,https://www.grays.com/lot/0001-21063655/motor-vehicles-motor-cycles/2008-nissan-x-trail-tl-t31-turbo-diesel-automatic-wagon,,,0,,,Referred,vic,VIC,lot
2026-03-12T14:42:39.753253,https://www.grays.com/lot/0001-21063657/motor-vehicles-motor-cycles/2012-ford-fiesta-zetec-wt-automatic-hatchback,1009.0,1009.0,20,,,Sold,vic,VIC,lot
2026-03-12T14:43:09.748998,https://www.grays.com/lot/0001-21063657/motor-vehicles-motor-cycles/2012-ford-fiesta-zetec-wt-automatic-hatchback,1009.0,1009.0,20,,,Sold,vic,VIC,lot
2026-03-12T14:43:29.858873,https://www.grays.com/lot/0001-21063675/motor-vehicles-motor-cycles/2013-mazda-cx-5-maxx-sport-ke-turbo-diesel-automatic-wagon,3109.0,3109.0,35,,,Sold,vic,VIC,lot
2026-03-12T14:44:13.408199,https://www.grays.com/lot/0001-21063675/motor-vehicles-motor-cycles/2013-mazda-cx-5-maxx-sport-ke-turbo-diesel-automatic-wagon,3109.0,3109.0,35,,,Sold,vic,VIC,lot
2026-03-12T14:44:24.303727,https://www.grays.com/lot/0001-21063677/motor-vehicles-motor-cycles/2017-land-rover-range-rover-sport-3-0-tdv6-se-t-d-auto-8-speed-wagon,33300.0,33300.0,328,,,Sold,vic,VIC,lot
2026-03-12T14:44:39.631557,https://www.grays.com/lot/0001-21063678/motor-vehicles-motor-cycles/2020-mazda-bt-50-4x2-xtr-turbo-diesel-automatic-dual-cab,14000.0,14000.0,208,,,Sold,vic,VIC,lot
2026-03-12T14:44:40.082850,https://www.grays.com/lot/0001-21063677/motor-vehicles-motor-cycles/2017-land-rover-range-rover-sport-3-0-tdv6-se-t-d-auto-8-speed-wagon,33300.0,33300.0,328,,,Sold,vic,VIC,lot
2026-03-12T14:45:05.543857,https://www.grays.com/lot/0001-21063679/motor-vehicles-motor-cycles/2004-nissan-x-trail-ti-luxury-t30-automatic-wagon,709.0,709.0,8,,,Sold,vic,VIC,lot
2026-03-12T14:45:05.878781,https://www.grays.com/lot/0001-21063678/motor-vehicles-motor-cycles/2020-mazda-bt-50-4x2-xtr-turbo-diesel-automatic-dual-cab,14000.0,14000.0,208,,,Sold,vic,VIC,lot
2026-03-12T14:45:35.701193,https://www.grays.com/lot/0001-21063679/motor-vehicles-motor-cycles/2004-nissan-x-trail-ti-luxury-t30-automatic-wagon,709.0,709.0,8,,,Sold,vic,VIC,lot
2026-03-12T14:46:01.281723,https://www.grays.com/lot/0001-21063680/motor-vehicles-motor-cycles/2010-honda-jazz-vti-ge-automatic-hatchback,3900.0,3900.0,39,,,Sold,vic,VIC,lot
2026-03-12T14:46:14.934247,https://www.grays.com/lot/0001-21063681/motor-vehicles-motor-cycles/2017-ford-ranger-xlt-4x2-hi-rider-px-ii-turbo-diesel-automatic-ute,13275.0,13275.0,184,,,Sold,vic,VIC,lot
2026-03-12T14:46:26.843719,https://www.grays.com/lot/0001-21063692/motor-vehicles-motor-cycles/2014-holden-cruze-z-series-jh-automatic-sedan,1809.0,1809.0,24,,,Sold,vic,VIC,lot
2026-03-12T14:46:36.258856,https://www.grays.com/lot/0001-21063693/motor-vehicles-motor-cycles/2010-volvo-xc90-3-2-r-design-automatic-7-seats-wagon,2400.0,2400.0,46,,,Sold,vic,VIC,lot
2026-03-12T14:46:45.763536,https://www.grays.com/lot/0001-21063701/motor-vehicles-motor-cycles/2008-volkswagen-golf-gti-a5-automatic-hatchback,2300.0,2300.0,25,,,Sold,vic,VIC,lot
2026-03-12T14:46:53.609772,https://www.grays.com/lot/0001-21063702/motor-vehicles-motor-cycles/1998-holden-combo-sb-manual-van,509.0,509.0,7,,,Sold,vic,VIC,lot
2026-03-12T14:47:04.960385,https://www.grays.com/lot/0001-21063703/motor-vehicles-motor-cycles/2006-toyota-aurion-at-x-gsv40r-automatic-sedan,3109.0,3109.0,41,,,Sold,vic,VIC,lot
2026-03-12T14:47:17.372738,https://www.grays.com/lot/0001-21063704/motor-vehicles-motor-cycles/2019-holden-trax-ltz-tj-automatic-wagon,3309.0,3309.0,47,,,Sold,vic,VIC,lot
2026-03-12T14:47:27.314933,https://www.grays.com/lot/0001-21063705/motor-vehicles-motor-cycles/2009-ford-territory-ts-sy-ii-automatic-wagon,809.0,809.0,14,,,Sold,vic,VIC,lot
2026-03-12T14:47:43.948389,https://www.grays.com/lot/0001-21063706/motor-vehicles-motor-cycles/2009-subaru-forester-x-s3-manual-wagon,2300.0,2300.0,24,,,Sold,vic,VIC,lot
2026-03-12T14:47:57.719898,https://www.grays.com/lot/0001-21063707/motor-vehicles-motor-cycles/2011-audi-a4-2-0-tfsi-b8-cvt-sedan,3491.0,3491.0,24,,,Sold,vic,VIC,lot
2026-03-12T14:48:09.782274,https://www.grays.com/lot/0001-21063708/motor-vehicles-motor-cycles/2010-holden-cruze-cd-jg-manual-sedan,809.0,809.0,15,,,Sold,vic,VIC,lot
2026-03-12T14:48:18.968033,https://www.grays.com/lot/0001-21063709/motor-vehicles-motor-cycles/2011-bmw-x3-xdrive-28i-f25-automatic-8-speed-wagon,5700.0,5700.0,81,,,Sold,vic,VIC,lot
2026-03-12T14:48:35.402014,https://www.grays.com/lot/0001-21063710/motor-vehicles-motor-cycles/2011-holden-cruze-sri-v-jh-automatic-sedan,2009.0,2009.0,32,,,Sold,vic,VIC,lot
2026-03-12T14:48:43.458098,https://www.grays.com/lot/0001-21063711/motor-vehicles-motor-cycles/2015-nissan-elgrand-import-e51-automatic-8-seats-wagon,4909.0,4909.0,61,,,Sold,vic,VIC,lot
2026-03-12T14:48:51.605214,https://www.grays.com/lot/0001-21063712/motor-vehicles-motor-cycles/2013-mazda-cx-5-maxx-sport-ke-automatic-wagon,3609.0,3609.0,41,,,Sold,vic,VIC,lot
2026-03-12T14:48:59.390988,https://www.grays.com/lot/0001-21063713/motor-vehicles-motor-cycles/2018-land-rover-discovery-sport-sd4-se-177kw-l550-turbo-diesel-9-auto-wagon,11200.0,11200.0,198,,,Sold,vic,VIC,lot
2026-03-12T14:49:08.093134,https://www.grays.com/lot/0001-21063714/motor-vehicles-motor-cycles/2007-honda-jazz-vti-gd-cvt-hatchback,3609.0,3609.0,46,,,Sold,vic,VIC,lot
2026-03-12T14:49:21.136159,https://www.grays.com/lot/0001-21063715/motor-vehicles-motor-cycles/2012-mercedes-benz-b-class-b180-be-w246-automatic-hatchback,1209.0,1209.0,17,,,Sold,vic,VIC,lot
2026-03-12T14:49:28.557059,https://www.grays.com/lot/0001-21063716/motor-vehicles-motor-cycles/2004-honda-accord-euro-luxury-7th-gen-manual-sedan,2609.0,2609.0,28,,,Sold,vic,VIC,lot
2026-03-12T14:49:36.649692,https://www.grays.com/lot/0001-21063717/motor-vehicles-motor-cycles/2013-volkswagen-polo-77tsi-comfortline-6r-manual-hatchback,2209.0,2209.0,36,,,Sold,vic,VIC,lot
2026-03-12T14:49:45.116601,https://www.grays.com/lot/0001-21063718/motor-vehicles-motor-cycles/2013-audi-q7-3-0-tdi-quattro-turbo-diesel-automatic-8-speed-7-seats-wagon,5400.0,5400.0,90,,,Sold,vic,VIC,lot
2026-03-12T14:49:52.595292,https://www.grays.com/lot/0001-21063719/motor-vehicles-motor-cycles/2014-nissan-pulsar-st-b17-cvt-sedan,2200.0,2200.0,28,,,Sold,vic,VIC,lot
2026-03-12T14:50:00.782761,https://www.grays.com/lot/0001-21063720/motor-vehicles-motor-cycles/2017-peugeot-3008-allure-automatic-hatchback,,,61,,,Referred,vic,VIC,lot
2026-03-12T14:50:08.429655,https://www.grays.com/lot/0001-21063721/motor-vehicles-motor-cycles/2021-nissan-juke-st-l-f16-automatic-wagon,,,184,,,Referred,vic,VIC,lot
2026-03-12T14:50:16.094116,https://www.grays.com/lot/0001-21063722/motor-vehicles-motor-cycles/2002-ford-falcon-xt-ba-automatic-wagon,,,2,,,Referred,vic,VIC,lot
2026-03-12T14:50:28.619581,https://www.grays.com/lot/0001-21063724/motor-vehicles-motor-cycles/2008-subaru-forester-x-s3-automatic-wagon,2109.0,2109.0,27,,,Sold,vic,VIC,lot
2026-03-12T14:50:40.251750,https://www.grays.com/lot/0001-21063725/motor-vehicles-motor-cycles/2007-peugeot-207-xt-1-6-automatic-hatchback,1309.0,1309.0,16,,,Sold,vic,VIC,lot
2026-03-12T14:50:48.384336,https://www.grays.com/lot/0001-21063726/motor-vehicles-motor-cycles/2009-holden-captiva-cx-awd-cg-automatic-7-seats-wagon,1009.0,1009.0,13,,,Sold,vic,VIC,lot
2026-03-12T14:50:56.168019,https://www.grays.com/lot/0001-21063729/motor-vehicles-motor-cycles/2010-mazda-cx-9-luxury-automatic-7-seats-wagon,3309.0,3309.0,38,,,Sold,vic,VIC,lot
2026-03-12T14:51:04.456626,https://www.grays.com/lot/0001-21063741/motor-vehicles-motor-cycles/2012-ford-falcon-xr6-fg-ii-automatic-cab-chassis,4200.0,4200.0,42,,,Sold,vic,VIC,lot
2026-03-12T14:51:11.769277,https://www.grays.com/lot/0001-21063746/motor-vehicles-motor-cycles/2003-mazda-rx8-automatic-coupe,,,20,,,Referred,vic,VIC,lot
2026-03-12T14:51:19.315189,https://www.grays.com/lot/0001-21063747/motor-vehicles-motor-cycles/2010-volkswagen-eos-103-tdi-1f-turbo-diesel-automatic-convertible,1009.0,1009.0,17,,,Sold,vic,VIC,lot
2026-03-12T14:51:27.017910,https://www.grays.com/lot/0001-21063748/motor-vehicles-motor-cycles/2013-alfa-romeo-giulietta-distinctive-manual-hatchback,1109.0,1109.0,21,,,Sold,vic,VIC,lot
2026-03-12T14:51:38.743524,https://www.grays.com/lot/0001-21063750/motor-vehicles-motor-cycles/2013-mazda-cx-5-maxx-sport-ke-turbo-diesel-automatic-wagon,5601.0,5601.0,50,,,Sold,vic,VIC,lot
2026-03-12T14:51:46.452983,https://www.grays.com/lot/0001-21063751/motor-vehicles-motor-cycles/2010-subaru-outback-2-5i-b5a-cvt-wagon,2009.0,2009.0,27,,,Sold,vic,VIC,lot
2026-03-12T14:51:54.036896,https://www.grays.com/lot/0001-21063752/motor-vehicles-motor-cycles/2013-mercedes-benz-a-class-a200-cdi-be-w176-td-at-hatchback,5309.0,5309.0,66,,,Sold,vic,VIC,lot
2026-03-12T14:52:05.950430,https://www.grays.com/lot/0001-21063753/motor-vehicles-motor-cycles/2013-nissan-dualis-ts-j10-iii-turbo-diesel-manual-wagon,2409.0,2409.0,29,,,Sold,vic,VIC,lot
2026-03-12T14:52:13.769761,https://www.grays.com/lot/0001-21063754/motor-vehicles-motor-cycles/2016-nissan-pulsar-st-b17-cvt-sedan,2509.0,2509.0,30,,,Sold,vic,VIC,lot
2026-03-12T14:52:27.185685,https://www.grays.com/lot/0001-21063760/motor-vehicles-motor-cycles/2014-volkswagen-amarok-tdi420-trendline-2h-td-at-8-speed-dual-cab,7000.0,7000.0,91,,,Sold,vic,VIC,lot
2026-03-12T14:52:35.057258,https://www.grays.com/lot/0001-21063762/motor-vehicles-motor-cycles/2009-volkswagen-golf-118tsi-comfortline-a6-automatic-hatchback,1909.0,1909.0,20,,,Sold,vic,VIC,lot
2026-03-12T14:52:45.701421,https://www.grays.com/lot/0001-21063763/motor-vehicles-motor-cycles/2006-ford-territory-ts-sy-automatic-wagon,609.0,609.0,8,,,Sold,vic,VIC,lot
2026-03-12T14:52:56.401788,https://www.grays.com/lot/0001-21063765/motor-vehicles-motor-cycles/2011-mercedes-benz-b180-b180-w245-cvt-hatchback,2309.0,2309.0,34,,,Sold,vic,VIC,lot
2026-03-12T14:53:08.235886,https://www.grays.com/lot/0001-21063767/motor-vehicles-motor-cycles/2012-skoda-octavia-103tdi-1z-turbo-diesel-automatic-wagon,509.0,509.0,6,,,Sold,vic,VIC,lot
2026-03-12T14:53:21.667226,https://www.grays.com/lot/0001-21063768/motor-vehicles-motor-cycles/2015-renault-clio-expression-automatic-hatchback,4809.0,4809.0,57,,,Sold,vic,VIC,lot
2026-03-12T14:53:35.273918,https://www.grays.com/lot/0001-21063769/motor-vehicles-motor-cycles/2016-hyundai-tucson-active-x-tl-automatic-wagon,11800.0,11800.0,114,,,Sold,vic,VIC,lot
2026-03-12T14:53:43.665666,https://www.grays.com/lot/0001-21063776/motor-vehicles-motor-cycles/2007-mini-cooper-s-r56-automatic-hatchback,3609.0,3609.0,46,,,Sold,vic,VIC,lot
2026-03-12T14:53:54.886749,https://www.grays.com/lot/0001-21063769/motor-vehicles-motor-cycles/2016-hyundai-tucson-active-x-tl-automatic-wagon,11800.0,11800.0,114,,,Sold,vic,VIC,lot
2026-03-12T14:54:06.901472,https://www.grays.com/lot/0001-21063777/motor-vehicles-motor-cycles/2014-hyundai-i30-active-gd-automatic-hatchback,2909.0,2909.0,37,,,Sold,vic,VIC,lot
2026-03-12T14:54:10.303962,https://www.grays.com/lot/0001-21063776/motor-vehicles-motor-cycles/2007-mini-cooper-s-r56-automatic-hatchback,3609.0,3609.0,46,,,Sold,vic,VIC,lot
2026-03-12T14:54:14.684277,https://www.grays.com/lot/0001-21063778/motor-vehicles-motor-cycles/2001-bmw-530i-executive-e39-automatic-sedan,7100.0,7100.0,96,,,Sold,vic,VIC,lot
2026-03-12T14:54:30.011814,https://www.grays.com/lot/0001-21063777/motor-vehicles-motor-cycles/2014-hyundai-i30-active-gd-automatic-hatchback,2909.0,2909.0,37,,,Sold,vic,VIC,lot
2026-03-12T14:54:32.571030,https://www.grays.com/lot/0001-21063779/motor-vehicles-motor-cycles/2003-mercedes-benz-e320-elegance-w211-automatic-sedan,509.0,509.0,8,,,Sold,vic,VIC,lot
2026-03-12T14:54:37.560929,https://www.grays.com/lot/0001-21063778/motor-vehicles-motor-cycles/2001-bmw-530i-executive-e39-automatic-sedan,7100.0,7100.0,96,,,Sold,vic,VIC,lot
2026-03-12T14:54:54.813731,https://www.grays.com/lot/0001-21063780/motor-vehicles-motor-cycles/2014-holden-cruze-sri-z-series-jh-manual-hatchback,1609.0,1609.0,21,,,Sold,vic,VIC,lot
2026-03-12T14:54:55.093934,https://www.grays.com/lot/0001-21063779/motor-vehicles-motor-cycles/2003-mercedes-benz-e320-elegance-w211-automatic-sedan,509.0,509.0,8,,,Sold,vic,VIC,lot
2026-03-12T14:55:03.747102,https://www.grays.com/lot/0001-21063780/motor-vehicles-motor-cycles/2014-holden-cruze-sri-z-series-jh-manual-hatchback,1609.0,1609.0,21,,,Sold,vic,VIC,lot
2026-03-12T14:55:05.480889,https://www.grays.com/lot/0001-21063781/motor-vehicles-motor-cycles/2008-audi-a6-2-0-tfsi-c6-cvt-sedan,409.0,409.0,8,,,Sold,vic,VIC,lot
2026-03-12T14:55:14.071529,https://www.grays.com/lot/0001-21063782/motor-vehicles-motor-cycles/2015-mercedes-benz-c-class-c200-bluetec-w205-turbo-diesel-automatic-sedan,13600.0,13600.0,160,,,Sold,vic,VIC,lot
2026-03-12T14:55:26.309713,https://www.grays.com/lot/0001-21063783/motor-vehicles-motor-cycles/2016-holden-astra-r-bk-automatic-hatchback,5700.0,5700.0,65,,,Sold,vic,VIC,lot
2026-03-12T14:55:36.847522,https://www.grays.com/lot/0001-21063781/motor-vehicles-motor-cycles/2008-audi-a6-2-0-tfsi-c6-cvt-sedan,409.0,409.0,8,,,Sold,vic,VIC,lot
2026-03-12T14:55:53.572160,https://www.grays.com/lot/0001-21063782/motor-vehicles-motor-cycles/2015-mercedes-benz-c-class-c200-bluetec-w205-turbo-diesel-automatic-sedan,13600.0,13600.0,160,,,Sold,vic,VIC,lot
2026-03-12T14:55:54.899495,https://www.grays.com/lot/0001-21063785/motor-vehicles-motor-cycles/2010-mitsubishi-outlander-ls-zh-cvt-wagon,3109.0,3109.0,32,,,Sold,vic,VIC,lot
2026-03-12T14:56:24.238808,https://www.grays.com/lot/0001-21063786/motor-vehicles-motor-cycles/2011-mazda-6-touring-gh-automatic-hatchback,4509.0,4509.0,73,,,Sold,vic,VIC,lot
2026-03-12T14:56:32.711543,https://www.grays.com/lot/0001-21063788/motor-vehicles-motor-cycles/2020-ldv-g10-turbo-diesel-automatic-van,9700.0,9700.0,119,,,Sold,vic,VIC,lot
2026-03-12T14:56:39.880375,https://www.grays.com/lot/0001-21063789/motor-vehicles-motor-cycles/2010-audi-a4-2-0-tfsi-quattro-b8-automatic-sedan,2809.0,2809.0,39,,,Sold,vic,VIC,lot
2026-03-12T14:56:47.754053,https://www.grays.com/lot/0001-21063783/motor-vehicles-motor-cycles/2016-holden-astra-r-bk-automatic-hatchback,5700.0,5700.0,65,,,Sold,vic,VIC,lot
2026-03-12T14:56:52.251232,https://www.grays.com/lot/0001-21063790/motor-vehicles-motor-cycles/2010-holden-cruze-cdx-jg-automatic-sedan,909.0,909.0,12,,,Sold,vic,VIC,lot
2026-03-12T14:57:03.224606,https://www.grays.com/lot/0001-21063784/motor-vehicles-motor-cycles/2018-toyota-kluger-4x2-gx-gsu50r-automatic-8-speed-7-seats-wagon,19400.0,19400.0,206,,,Sold,vic,VIC,lot
2026-03-12T14:57:07.091535,https://www.grays.com/lot/0001-21063791/motor-vehicles-motor-cycles/2009-mini-cooper-r56-automatic-hatchback,2509.0,2509.0,46,,,Sold,vic,VIC,lot
2026-03-12T14:57:11.341303,https://www.grays.com/lot/0001-21063785/motor-vehicles-motor-cycles/2010-mitsubishi-outlander-ls-zh-cvt-wagon,3109.0,3109.0,32,,,Sold,vic,VIC,lot
2026-03-12T14:57:28.943723,https://www.grays.com/lot/0001-21063786/motor-vehicles-motor-cycles/2011-mazda-6-touring-gh-automatic-hatchback,4509.0,4509.0,73,,,Sold,vic,VIC,lot
2026-03-12T14:57:42.140830,https://www.grays.com/lot/0001-21063788/motor-vehicles-motor-cycles/2020-ldv-g10-turbo-diesel-automatic-van,9700.0,9700.0,119,,,Sold,vic,VIC,lot
2026-03-12T14:57:49.302790,https://www.grays.com/lot/0001-21063789/motor-vehicles-motor-cycles/2010-audi-a4-2-0-tfsi-quattro-b8-automatic-sedan,2809.0,2809.0,39,,,Sold,vic,VIC,lot
2026-03-12T14:57:56.485490,https://www.grays.com/lot/0001-21063790/motor-vehicles-motor-cycles/2010-holden-cruze-cdx-jg-automatic-sedan,909.0,909.0,12,,,Sold,vic,VIC,lot
2026-03-12T14:58:03.645194,https://www.grays.com/lot/0001-21063791/motor-vehicles-motor-cycles/2009-mini-cooper-r56-automatic-hatchback,2509.0,2509.0,46,,,Sold,vic,VIC,lot
2026-03-12T14:58:11.299416,https://www.grays.com/lot/0001-21063792/motor-vehicles-motor-cycles/2011-volvo-xc90-3-2-r-design-automatic-7-seats-wagon,2700.0,2700.0,34,,,Sold,vic,VIC,lot
2026-03-12T14:58:18.612536,https://www.grays.com/lot/0001-21063793/motor-vehicles-motor-cycles/2012-audi-q3-2-0-tfsi-quattro-8u-automatic-wagon,6800.0,6800.0,85,,,Sold,vic,VIC,lot
2026-03-12T14:58:25.662543,https://www.grays.com/lot/0001-21063794/motor-vehicles-motor-cycles/2012-kia-sportage-platinum-sl-turbo-diesel-automatic-wagon,7002.0,7002.0,95,,,Sold,vic,VIC,lot
2026-03-12T14:58:33.121825,https://www.grays.com/lot/0001-21063797/motor-vehicles-motor-cycles/2012-opel-astra-select-pj-automatic-hatchback,2909.0,2909.0,43,,,Sold,vic,VIC,lot
2026-03-12T14:58:41.651436,https://www.grays.com/lot/0001-21063798/motor-vehicles-motor-cycles/2008-holden-caprice-wm-automatic-sedan,2975.0,2975.0,44,,,Sold,vic,VIC,lot
2026-03-12T14:58:50.428142,https://www.grays.com/lot/0001-21063799/motor-vehicles-motor-cycles/2014-mercedes-benz-gl-class-gl350-bluetec-x166-t-d-auto-7-seats-wagon,10100.0,10100.0,140,,,Sold,vic,VIC,lot
2026-03-12T14:59:00.599381,https://www.grays.com/lot/0001-21063800/motor-vehicles-motor-cycles/2020-renault-trafic-l2-lwb-premium-125kw-turbo-diesel-at-van-ex-gov,13200.0,13200.0,169,,,Sold,vic,VIC,lot
2026-03-12T14:59:02.708158,https://www.grays.com/lot/0001-21063799/motor-vehicles-motor-cycles/2014-mercedes-benz-gl-class-gl350-bluetec-x166-t-d-auto-7-seats-wagon,10100.0,10100.0,140,,,Sold,vic,VIC,lot
2026-03-12T14:59:08.071351,https://www.grays.com/lot/0001-21063801/motor-vehicles-motor-cycles/2017-holden-barina-ls-tm-automatic-hatchback-ex-gov,6700.0,6700.0,102,3d 18h 0m54s,90.015,Active,vic,VIC,lot
2026-03-12T14:59:10.870452,https://www.grays.com/lot/0001-21063800/motor-vehicles-motor-cycles/2020-renault-trafic-l2-lwb-premium-125kw-turbo-diesel-at-van-ex-gov,13200.0,13200.0,169,,,Sold,vic,VIC,lot
2026-03-12T14:59:15.665481,https://www.grays.com/lot/0001-21063802/motor-vehicles-motor-cycles/2015-toyota-camry-atara-s-asv50r-automatic-sedan-ex-gov,13000.0,13000.0,146,,,Sold,"maryborough 3465, australia",AUSTRALIA,lot
2026-03-12T14:59:18.647937,https://www.grays.com/lot/0001-21063801/motor-vehicles-motor-cycles/2017-holden-barina-ls-tm-automatic-hatchback-ex-gov,6700.0,6700.0,102,3d 18h 0m43s,90.012,Active,vic,VIC,lot
2026-03-12T14:59:23.750283,https://www.grays.com/lot/0001-21063803/motor-vehicles-motor-cycles/2019-volkswagen-golf-alltrack-132tsi-premium-a7-automatic-wagon-ex-gov,13001.0,13001.0,176,,,Sold,"maryborough 3465, australia",AUSTRALIA,lot
2026-03-12T14:59:28.291393,https://www.grays.com/lot/0001-21063802/motor-vehicles-motor-cycles/2015-toyota-camry-atara-s-asv50r-automatic-sedan-ex-gov,13000.0,13000.0,146,,,Sold,"maryborough 3465, australia",AUSTRALIA,lot
2026-03-12T14:59:33.497437,https://www.grays.com/lot/0001-21063804/motor-vehicles-motor-cycles/2019-subaru-outback-2-5i-premium-b6a-cvt-wagon-ex-gov,14600.0,14600.0,86,,,Sold,vic,VIC,lot
2026-03-12T14:59:36.702116,https://www.grays.com/lot/0001-21063803/motor-vehicles-motor-cycles/2019-volkswagen-golf-alltrack-132tsi-premium-a7-automatic-wagon-ex-gov,13001.0,13001.0,176,,,Sold,"maryborough 3465, australia",AUSTRALIA,lot
2026-03-12T14:59:47.724163,https://www.grays.com/lot/0001-21063804/motor-vehicles-motor-cycles/2019-subaru-outback-2-5i-premium-b6a-cvt-wagon-ex-gov,14600.0,14600.0,86,,,Sold,vic,VIC,lot
2026-03-12T14:59:49.057353,https://www.grays.com/lot/0001-21063808/motor-vehicles-motor-cycles/2005-subaru-outback-2-5i-safety-pack-b4a-automatic-wagon,,,0,,,Referred,vic,VIC,lot
2026-03-12T15:00:06.184200,https://www.grays.com/lot/0001-21063807/motor-vehicles-motor-cycles/2013-mazda-3-neo-bm-automatic-sedan,6100.0,6100.0,45,,,Sold,vic,VIC,lot
2026-03-12T15:00:09.318170,https://www.grays.com/lot/0001-21063809/motor-vehicles-motor-cycles/2009-toyota-landcruiser-prado-gxl-kdj120r-turbo-diesel-at-8-seats-wagon,17200.0,17200.0,217,,,Sold,vic,VIC,lot
2026-03-12T15:00:12.721326,https://www.grays.com/lot/0001-21063808/motor-vehicles-motor-cycles/2005-subaru-outback-2-5i-safety-pack-b4a-automatic-wagon,,,0,,,Referred,vic,VIC,lot
2026-03-12T15:00:23.690775,https://www.grays.com/lot/0001-21063810/motor-vehicles-motor-cycles/2009-subaru-tribeca-3-6r-b9-automatic-7-seats-wagon,3100.0,3100.0,32,,,Sold,vic,VIC,lot
2026-03-12T15:00:24.143084,https://www.grays.com/lot/0001-21063809/motor-vehicles-motor-cycles/2009-toyota-landcruiser-prado-gxl-kdj120r-turbo-diesel-at-8-seats-wagon,17200.0,17200.0,217,,,Sold,vic,VIC,lot
2026-03-12T15:00:32.652395,https://www.grays.com/lot/0001-21063811/motor-vehicles-motor-cycles/2014-renault-clio-rs-200-sport-automatic-hatchback,7300.0,7300.0,74,,,Sold,vic,VIC,lot
2026-03-12T15:00:41.274491,https://www.grays.com/lot/0001-21063810/motor-vehicles-motor-cycles/2009-subaru-tribeca-3-6r-b9-automatic-7-seats-wagon,3100.0,3100.0,32,,,Sold,vic,VIC,lot
2026-03-12T15:00:47.163895,https://www.grays.com/lot/0001-21063812/motor-vehicles-motor-cycles/2015-mitsubishi-triton-4x4-glx-mn-turbo-diesel-manual-dual-cab,4709.0,4709.0,71,,,Sold,vic,VIC,lot
2026-03-12T15:00:55.289394,https://www.grays.com/lot/0001-21063816/motor-vehicles-motor-cycles/2019-toyota-rav-4-awd-cruiser-hybrid-axah54r-auto-wagon-ex-gov,28601.0,28601.0,217,,,Sold,vic,VIC,lot
2026-03-12T16:34:13.463701,https://www.grays.com/lot/0001-10352925/motor-vehicles-motor-cycles/2016-land-rover-range-rover-sport-3-0-v6sc-hst-automatic-8-speed-wagon,36750.0,36750.0,303,,,Sold,nsw,NSW,lot
2026-03-12T16:34:23.472389,https://www.grays.com/lot/0001-10352927/motor-vehicles-motor-cycles/2019-honda-civic-vti-l-10th-gen-cvt-sedan,12400.0,12400.0,139,,,Sold,nsw,NSW,lot
2026-03-12T16:34:34.454187,https://www.grays.com/lot/0001-10352929/motor-vehicles-motor-cycles/2019-ford-transit-custom-340l-lwb-vn-turbo-diesel-automatic-van,,,88,,,Referred,nsw,NSW,lot
2026-03-12T16:34:46.107568,https://www.grays.com/lot/0001-10352932/motor-vehicles-motor-cycles/2009-nissan-elgrand-automatic-8-seats-people-mover,1109.0,1109.0,18,,,Sold,nsw,NSW,lot
2026-03-12T16:34:59.287752,https://www.grays.com/lot/0001-10352933/motor-vehicles-motor-cycles/2013-great-wall-x200-4x4-turbo-diesel-automatic-wagon,810.0,810.0,8,,,Sold,nsw,NSW,lot
2026-03-12T16:35:08.951033,https://www.grays.com/lot/0001-10352934/motor-vehicles-motor-cycles/2019-mg-mg3-core-automatic-hatchback-79-611kms,6000.0,6000.0,47,,,Sold,nsw,NSW,lot
2026-03-12T16:35:18.528814,https://www.grays.com/lot/0001-10352935/motor-vehicles-motor-cycles/2009-renault-koleos-privilege-cvt-wagon,2409.0,2409.0,28,,,Sold,nsw,NSW,lot
2026-03-12T16:35:28.488226,https://www.grays.com/lot/0001-10352936/motor-vehicles-motor-cycles/2012-mazda-cx-5-maxx-sport-ke-turbo-diesel-automatic-wagon,3509.0,3509.0,44,,,Sold,nsw,NSW,lot
2026-03-12T16:35:35.233017,https://www.grays.com/lot/0001-10352937/motor-vehicles-motor-cycles/2010-nissan-micra-ti-k13-manual-hatchback,,,0,,,Referred,nsw,NSW,lot
2026-03-12T16:35:47.544576,https://www.grays.com/lot/0001-10352938/motor-vehicles-motor-cycles/2014-jeep-cherokee-limited-4x4-kl-9-auto-wagon,2000.0,2000.0,39,,,Sold,nsw,NSW,lot
2026-03-12T17:04:37.794586,https://www.grays.com/lot/0001-10352939/motor-vehicles-motor-cycles/2008-toyota-kluger-4x2-kx-r-gsu40r-automatic-7-seats-wagon,3200.0,3200.0,37,,,Sold,nsw,NSW,lot
2026-03-12T17:04:47.984126,https://www.grays.com/lot/0001-10352940/motor-vehicles-motor-cycles/2013-hyundai-veloster-sr-turbo-fs-manual-coupe,4810.0,4810.0,64,,,Sold,nsw,NSW,lot
2026-03-12T17:04:54.407851,https://www.grays.com/lot/0001-10352941/motor-vehicles-motor-cycles/2010-jeep-patriot-sport-mk-manual-wagon,,,0,,,Referred,nsw,NSW,lot
2026-03-12T17:05:01.167861,https://www.grays.com/lot/0001-10352942/motor-vehicles-motor-cycles/2009-toyota-rav-4-cv-aca33r-automatic-wagon,,,0,,,Referred,nsw,NSW,lot
2026-03-12T17:05:11.811558,https://www.grays.com/lot/0001-10352944/motor-vehicles-motor-cycles/2011-mercedes-benz-cl-class-cl500-c216-automatic-coupe,,,107,,,Referred,nsw,NSW,lot
2026-03-12T17:05:24.677759,https://www.grays.com/lot/0001-10352947/motor-vehicles-motor-cycles/2016-mercedes-benz-gle-class-amg-gle-63s-4matic-c292-automatic-coupe,,,488,,,Referred,nsw,NSW,lot
2026-03-12T17:05:31.758615,https://www.grays.com/lot/0001-21063801/motor-vehicles-motor-cycles/2017-holden-barina-ls-tm-automatic-hatchback-ex-gov,6700.0,6700.0,102,3d 15h 54m30s,87.908,Active,vic,VIC,lot
2026-03-12T17:05:46.217840,https://www.grays.com/lot/0001-21063817/motor-vehicles-motor-cycles/2011-bmw-3-series-320i-exec-e90-automatic-sedan,3300.0,3300.0,7,,,Sold,vic,VIC,lot
2026-03-12T17:05:55.083193,https://www.grays.com/lot/0001-21063818/motor-vehicles-motor-cycles/2011-toyota-corolla-ascent-zre152r-automatic-hatchback,3109.0,3109.0,48,,,Sold,vic,VIC,lot
2026-03-12T17:06:11.449292,https://www.grays.com/lot/0001-21063819/motor-vehicles-motor-cycles/2009-kia-sportage-ex-km-automatic-wagon,2409.0,2409.0,25,,,Sold,vic,VIC,lot
2026-03-12T19:32:53.409536,https://www.grays.com/lot/0001-21063801/motor-vehicles-motor-cycles/2017-holden-barina-ls-tm-automatic-hatchback-ex-gov,6700.0,6700.0,102,3d 13h 27m9s,85.453,Active,vic,VIC,lot
2026-03-12T19:33:02.257095,https://www.grays.com/lot/0001-21063820/motor-vehicles-motor-cycles/2011-bmw-x5-xdrive-30d-e70-lci-turbo-diesel-automatic-8-speed-wagon,5409.0,5409.0,78,,,Sold,vic,VIC,lot
2026-03-12T19:33:11.012549,https://www.grays.com/lot/0001-21063821/motor-vehicles-motor-cycles/2011-ford-territory-tx-sz-turbo-diesel-automatic-wagon,2009.0,2009.0,21,,,Sold,vic,VIC,lot
2026-03-12T19:33:19.753742,https://www.grays.com/lot/0001-21063822/motor-vehicles-motor-cycles/2013-ford-territory-ts-sz-turbo-diesel-automatic-7-seats-wagon,3009.0,3009.0,51,,,Sold,vic,VIC,lot
2026-03-12T19:33:27.842195,https://www.grays.com/lot/0001-21063823/motor-vehicles-motor-cycles/2015-audi-q7-3-0-tdi-quattro-4m-td-at-8-speed-7-seats-wagon,14150.0,14150.0,188,,,Sold,vic,VIC,lot
2026-03-12T19:33:36.223696,https://www.grays.com/lot/0001-21063824/motor-vehicles-motor-cycles/2017-nissan-navara-4x2-st-x-series-2-turbo-diesel-manual-dual-cab,13700.0,13700.0,65,,,Sold,vic,VIC,lot
2026-03-12T19:33:45.594619,https://www.grays.com/lot/0001-21063825/motor-vehicles-motor-cycles/2015-nissan-pathfinder-st-r52-cvt-7-seats-wagon,3950.0,3950.0,43,,,Sold,vic,VIC,lot
2026-03-12T19:34:00.404559,https://www.grays.com/lot/0001-21063827/motor-vehicles-motor-cycles/2019-toyota-camry-ascent-sport-asv70r-automatic-sedan,15500.0,15500.0,170,,,Sold,vic,VIC,lot
2026-03-12T19:34:09.743597,https://www.grays.com/lot/0001-21063830/motor-vehicles-motor-cycles/2022-hyundai-tucson-elite-awd-nx4-turbo-diesel-automatic-8-speed-wagon,,,229,,,Referred,vic,VIC,lot
2026-03-12T19:34:23.963263,https://www.grays.com/lot/0001-21063831/motor-vehicles-motor-cycles/2017-honda-hr-v-vti-l-cvt-wagon,12600.0,12600.0,59,,,Sold,vic,VIC,lot
2026-03-12T19:40:23.005726,https://www.grays.com/lot/0001-10352945/motor-vehicles-motor-cycles/2017-mercedes-benz-a-class-a180-w176-automatic-hatchback-wovr-inspected,6509.0,6509.0,89,,,Sold,nsw,NSW,lot
2026-03-12T19:40:32.904991,https://www.grays.com/lot/0001-21063801/motor-vehicles-motor-cycles/2017-holden-barina-ls-tm-automatic-hatchback-ex-gov,6700.0,6700.0,102,3d 13h 19m29s,85.325,Active,vic,VIC,lot
2026-03-12T19:40:43.004042,https://www.grays.com/lot/0001-21063832/motor-vehicles-motor-cycles/2016-bmw-x6-xdrive-40d-f16-turbo-diesel-automatic-8-speed-coupe,,,162,,,Referred,vic,VIC,lot
2026-03-12T19:40:55.787435,https://www.grays.com/lot/0001-21063833/motor-vehicles-motor-cycles/2008-mercedes-benz-ml320cdi-w164-turbo-diesel-automatic-wagon,1500.0,1500.0,24,,,Sold,vic,VIC,lot
2026-03-12T19:41:07.370296,https://www.grays.com/lot/0001-21063834/motor-vehicles-motor-cycles/2013-mitsubishi-mirage-ls-la-cvt-hatchback,3709.0,3709.0,50,,,Sold,vic,VIC,lot
2026-03-12T19:41:18.502522,https://www.grays.com/lot/0001-21063836/motor-vehicles-motor-cycles/2001-holden-astra-cd-ts-automatic-sedan,509.0,509.0,14,,,Sold,vic,VIC,lot
2026-03-12T19:41:43.124732,https://www.grays.com/lot/0001-21063837/motor-vehicles-motor-cycles/2003-toyota-hilux-dble-cab-sr5-4x4-turbo-diesel-manual-dual-cab,4409.0,4409.0,57,,,Sold,vic,VIC,lot
2026-03-12T19:42:00.454146,https://www.grays.com/lot/0001-21063838/motor-vehicles-motor-cycles/2007-land-rover-discovery-3-hse-series-3-turbo-diesel-auto-7-seats-wagon,1709.0,1709.0,24,,,Sold,vic,VIC,lot
2026-03-12T19:42:19.071817,https://www.grays.com/lot/0001-21063839/motor-vehicles-motor-cycles/2009-mitsubishi-outlander-ls-zg-cvt-7-seats-wagon,1109.0,1109.0,12,,,Sold,vic,VIC,lot
2026-03-12T19:42:30.297308,https://www.grays.com/lot/0001-21063840/motor-vehicles-motor-cycles/2010-subaru-liberty-2-5-gt-premium-b5-automatic-wagon,1209.0,1209.0,16,,,Sold,vic,VIC,lot
2026-03-12T19:42:52.675641,https://www.grays.com/lot/0001-21063841/motor-vehicles-motor-cycles/2011-holden-commodore-omega-omega-ve-automatic-wagon,2109.0,2109.0,40,,,Sold,vic,VIC,lot
2026-03-12T19:43:03.542861,https://www.grays.com/lot/0001-21063842/motor-vehicles-motor-cycles/2015-land-rover-range-rover-sport-3-0-tdv6-se-t-d-automatic-8-speed-wagon,16000.0,16000.0,210,,,Sold,vic,VIC,lot
2026-03-12T19:43:12.922582,https://www.grays.com/lot/0001-21063845/motor-vehicles-motor-cycles/2017-ford-escape-titanium-awd-zg-automatic-wagon,12200.0,12200.0,120,,,Sold,vic,VIC,lot
2026-03-12T19:43:21.258851,https://www.grays.com/lot/0001-21063846/motor-vehicles-motor-cycles/2022-mg-mg3-excite-automatic-hatchback-wovr-repairable,6200.0,6200.0,87,,,Sold,vic,VIC,lot
2026-03-12T19:43:40.359266,https://www.grays.com/lot/0001-21063850/motor-vehicles-motor-cycles/2003-toyota-camry-altise-mcv36r-automatic-sedan,1609.0,1609.0,19,,,Sold,vic,VIC,lot
2026-03-12T19:43:52.173763,https://www.grays.com/lot/0001-21063851/motor-vehicles-motor-cycles/2015-mercedes-benz-e-class-e250-w212-automatic-sedan,11900.0,11900.0,124,,,Sold,vic,VIC,lot
2026-03-12T19:44:04.016046,https://www.grays.com/lot/0001-21063852/motor-vehicles-motor-cycles/2010-mitsubishi-lancer-es-cj-cvt-sedan,3400.0,3400.0,36,,,Sold,vic,VIC,lot
2026-03-12T19:44:13.285849,https://www.grays.com/lot/0001-21063853/motor-vehicles-motor-cycles/2021-mazda-3-g20-touring-bp-automatic-sedan,13100.0,13100.0,224,,,Sold,vic,VIC,lot
2026-03-12T19:44:23.080001,https://www.grays.com/lot/0001-21063854/motor-vehicles-motor-cycles/2011-ford-focus-trend-lw-automatic-hatchback,3309.0,3309.0,51,,,Sold,vic,VIC,lot
2026-03-12T19:44:41.734080,https://www.grays.com/lot/0001-21063855/motor-vehicles-motor-cycles/1997-porsche-boxster-986-automatic-convertible,12988.0,12988.0,140,,,Sold,vic,VIC,lot
2026-03-12T19:45:32.441889,https://www.grays.com/lot/0001-21063856/motor-vehicles-motor-cycles/2004-lexus-rx-330-rx330-sports-mcu38r-automatic-wagon,1509.0,1509.0,24,,,Sold,vic,VIC,lot
2026-03-12T19:45:49.980187,https://www.grays.com/lot/0001-21063857/motor-vehicles-motor-cycles/2008-lexus-gs-300-sports-luxury-grs190r-automatic-sedan,3410.0,3410.0,48,,,Sold,vic,VIC,lot
2026-03-12T19:46:24.942591,https://www.grays.com/lot/0001-21063858/motor-vehicles-motor-cycles/2013-volkswagen-golf-110tdi-highline-a7-turbo-diesel-automatic-hatchback,4009.0,4009.0,60,,,Sold,vic,VIC,lot
2026-03-12T19:46:35.416721,https://www.grays.com/lot/0001-21063862/motor-vehicles-motor-cycles/2011-volkswagen-tiguan-155-tsi-5n-automatic-wagon,,,0,,,Referred,vic,VIC,lot
2026-03-12T19:46:47.739939,https://www.grays.com/lot/0001-21063865/motor-vehicles-motor-cycles/2005-lexus-is-250-prestige-automatic-sedan,,,8,,,Referred,vic,VIC,lot
2026-03-12T19:47:06.570760,https://www.grays.com/lot/0001-21063866/motor-vehicles-motor-cycles/2012-holden-cruze-cd-jh-automatic-hatchback,1209.0,1209.0,15,,,Sold,vic,VIC,lot
2026-03-12T19:47:28.759296,https://www.grays.com/lot/0001-21063868/motor-vehicles-motor-cycles/2003-lexus-rx-330-sports-mcu38r-automatic-wagon,909.0,909.0,10,,,Sold,vic,VIC,lot
2026-03-12T19:47:52.857769,https://www.grays.com/lot/0001-21063869/motor-vehicles-motor-cycles/2005-volkswagen-golf-1-9-tdi-comfortline-a5-turbo-diesel-manual-hatchback,1209.0,1209.0,14,,,Sold,vic,VIC,lot
2026-03-12T19:48:07.368199,https://www.grays.com/lot/0001-21063871/motor-vehicles-motor-cycles/2009-mazda-3-sp25-bl-automatic-sedan,3409.0,3409.0,38,,,Sold,vic,VIC,lot
2026-03-12T19:48:18.414044,https://www.grays.com/lot/0001-21063872/motor-vehicles-motor-cycles/2012-holden-cruze-cdx-jh-automatic-sedan,2009.0,2009.0,28,,,Sold,vic,VIC,lot
2026-03-12T19:48:44.776153,https://www.grays.com/lot/0001-21063873/motor-vehicles-motor-cycles/2013-ford-fiesta-ambiente-wz-automatic-hatchback,2409.0,2409.0,27,,,Sold,vic,VIC,lot
2026-03-12T19:48:57.002254,https://www.grays.com/lot/0001-21063874/motor-vehicles-motor-cycles/2013-ford-focus-trend-lw-ii-automatic-hatchback,2209.0,2209.0,25,,,Sold,vic,VIC,lot
2026-03-12T19:49:10.815368,https://www.grays.com/lot/0001-21063875/motor-vehicles-motor-cycles/2014-hyundai-iload-crew-tq-turbo-diesel-automatic-van,5900.0,5900.0,87,,,Sold,vic,VIC,lot
2026-03-12T19:49:58.495130,https://www.grays.com/lot/0001-21063876/motor-vehicles-motor-cycles/2014-mazda-6-atenza-gj-automatic-sedan,5900.0,5900.0,82,,,Sold,vic,VIC,lot
2026-03-12T19:50:13.696899,https://www.grays.com/lot/0001-21063877/motor-vehicles-motor-cycles/2014-ford-territory-tx-sz-turbo-diesel-automatic-wagon,3100.0,3100.0,49,,,Sold,vic,VIC,lot
2026-03-12T19:50:27.983119,https://www.grays.com/lot/0001-21063879/motor-vehicles-motor-cycles/2011-mazda-3-neo-bl-automatic-hatchback,3109.0,3109.0,43,,,Sold,vic,VIC,lot
2026-03-12T19:50:38.956222,https://www.grays.com/lot/0001-21063880/motor-vehicles-motor-cycles/2014-holden-cruze-sri-z-series-jh-automatic-hatchback,2309.0,2309.0,38,,,Sold,vic,VIC,lot
2026-03-12T19:50:49.656808,https://www.grays.com/lot/0001-21063883/motor-vehicles-motor-cycles/2012-audi-a4-2-0-tfsi-quattro-b8-automatic-sedan,5200.0,5200.0,32,,,Sold,vic,VIC,lot
2026-03-12T19:51:01.204903,https://www.grays.com/lot/0001-21063884/motor-vehicles-motor-cycles/2018-toyota-landcruiser-prado-gx-gdj150r-auto-wagon-rwc-issued-18-2-26,,,142,,,Referred,vic,VIC,lot
2026-03-12T19:51:11.589737,https://www.grays.com/lot/0001-21063885/motor-vehicles-motor-cycles/2014-jeep-cherokee-limited-4x4-kl-turbo-diesel-automatic-wagon,6895.0,6895.0,86,,,Sold,vic,VIC,lot
2026-03-12T19:52:29.877633,https://www.grays.com/lot/0001-21063886/motor-vehicles-motor-cycles/2015-ford-kuga-ambiente-fwd-tf-ii-automatic-wagon,4700.0,4700.0,38,,,Sold,vic,VIC,lot
2026-03-12T19:52:39.436921,https://www.grays.com/lot/0001-21063887/motor-vehicles-motor-cycles/2015-holden-cruze-cd-jh-automatic-hatchback,1509.0,1509.0,16,,,Sold,vic,VIC,lot
2026-03-12T19:52:52.355862,https://www.grays.com/lot/0001-21063888/motor-vehicles-motor-cycles/2013-mitsubishi-challenger-pb-turbo-diesel-automatic-wagon,,,21,,,Referred,vic,VIC,lot
2026-03-12T19:53:01.342467,https://www.grays.com/lot/0001-21063890/motor-vehicles-motor-cycles/2010-kia-carnival-s-vq-automatic-8-seats-people-mover,,,12,,,Referred,vic,VIC,lot
2026-03-12T19:53:10.004048,https://www.grays.com/lot/0001-21063891/motor-vehicles-motor-cycles/2016-ford-ranger-xls-4x4-px-ii-automatic-dual-cab-wovr-repairable,11800.0,11800.0,93,,,Sold,vic,VIC,lot
2026-03-12T19:53:18.735513,https://www.grays.com/lot/0001-21063892/motor-vehicles-motor-cycles/2011-holden-commodore-sv6-ve-automatic-sedan-rwc-issued-23-2-26,,,106,,,Referred,vic,VIC,lot
2026-03-12T19:53:27.490746,https://www.grays.com/lot/0001-21063893/motor-vehicles-motor-cycles/2018-toyota-hilux-4x2-workmate-tgn121r-automatic-dual-cab,,,175,,,Referred,vic,VIC,lot
2026-03-12T19:53:36.881335,https://www.grays.com/lot/0001-21063894/motor-vehicles-motor-cycles/2007-toyota-hilux-sr-4x4-kun26r-turbo-diesel-manual-dual-cab,,,17,,,Referred,vic,VIC,lot
2026-03-12T19:53:45.542405,https://www.grays.com/lot/0001-21063895/motor-vehicles-motor-cycles/2018-toyota-hilux-4x2-workmate-hi-ride-gun122r-turbo-diesel-automatic-dual,19801.0,19801.0,148,,,Sold,vic,VIC,lot
2026-03-12T19:53:54.381277,https://www.grays.com/lot/0001-21063896/motor-vehicles-motor-cycles/2018-toyota-hilux-4x2-workmate-tgn121r-automatic-dual-cab,,,204,,,Referred,vic,VIC,lot
2026-03-12T19:54:03.141456,https://www.grays.com/lot/0001-21063897/motor-vehicles-motor-cycles/2019-toyota-hilux-4x2-workmate-automatic-dual-cab,,,192,,,Referred,vic,VIC,lot
2026-03-12T19:54:12.282463,https://www.grays.com/lot/0001-21063898/motor-vehicles-motor-cycles/2018-toyota-hilux-4x2-workmate-tgn121r-automatic-dual-cab,,,144,,,Referred,vic,VIC,lot
2026-03-12T19:54:22.001577,https://www.grays.com/lot/0001-21063899/motor-vehicles-motor-cycles/2010-toyota-hilux-sr-4x4-kun26r-turbo-diesel-manual-crew-cab-chassis,,,32,,,Referred,vic,VIC,lot
2026-03-12T19:54:31.609030,https://www.grays.com/lot/0001-21063900/motor-vehicles-motor-cycles/2019-toyota-hilux-4x2-workmate-tgn121r-automatic-dual-cab,,,184,,,Referred,vic,VIC,lot
2026-03-12T19:54:40.219649,https://www.grays.com/lot/0001-21063901/motor-vehicles-motor-cycles/2018-toyota-hilux-4x2-workmate-tgn121r-automatic-dual-cab,,,121,,,Referred,vic,VIC,lot
2026-03-12T19:54:48.475028,https://www.grays.com/lot/0001-21063902/motor-vehicles-motor-cycles/2018-toyota-hilux-4x2-workmate-tgn121r-automatic-dual-cab,,,33,,,Referred,vic,VIC,lot
2026-03-12T19:54:57.353984,https://www.grays.com/lot/0001-21063903/motor-vehicles-motor-cycles/2018-toyota-hilux-4x2-workmate-tgn121r-automatic-dual-cab,,,143,,,Referred,vic,VIC,lot
2026-03-12T19:55:05.790321,https://www.grays.com/lot/0001-21063904/motor-vehicles-motor-cycles/2007-toyota-hilux-sr-4x4-turbo-diesel-manual-dual-cab,,,76,,,Referred,vic,VIC,lot
2026-03-12T19:55:15.248469,https://www.grays.com/lot/0001-21063905/motor-vehicles-motor-cycles/2019-toyota-hilux-4x2-workmate-automatic-dual-cab,,,120,,,Referred,vic,VIC,lot
2026-03-12T19:55:22.960841,https://www.grays.com/lot/0001-21063906/motor-vehicles-motor-cycles/2016-audi-q7-3-0-tdi-quattro-4m-t-diesel-automatic-8-speed-7-seats-wagon,10700.0,10700.0,127,,,Sold,vic,VIC,lot
2026-03-12T19:56:05.765124,https://www.grays.com/lot/0001-21063907/motor-vehicles-motor-cycles/2017-audi-a5-2-0-tfsi-quattro-f5-automatic-hatchback,17300.0,17300.0,132,,,Sold,vic,VIC,lot
2026-03-12T19:56:13.570537,https://www.grays.com/lot/0001-21063908/motor-vehicles-motor-cycles/2011-ford-focus-ambiente-lw-automatic-hatchback,2909.0,2909.0,41,,,Sold,vic,VIC,lot
2026-03-12T19:56:21.432216,https://www.grays.com/lot/0001-21063909/motor-vehicles-motor-cycles/2007-mazda-cx-7-classic-automatic-wagon,1109.0,1109.0,12,,,Sold,vic,VIC,lot
2026-03-12T19:56:30.451206,https://www.grays.com/lot/0001-21063911/motor-vehicles-motor-cycles/2013-mercedes-benz-ml350-bluetec-w166-turbo-diesel-automatic-wagon,6700.0,6700.0,98,,,Sold,vic,VIC,lot
2026-03-12T19:56:47.670959,https://www.grays.com/lot/0001-21063912/motor-vehicles-motor-cycles/2014-hyundai-i20-active-pb-automatic-hatchback,6200.0,6200.0,75,,,Sold,vic,VIC,lot
2026-03-12T19:56:56.696877,https://www.grays.com/lot/0001-21063915/motor-vehicles-motor-cycles/2012-nissan-dualis-st-j10-manual-wagon,2009.0,2009.0,34,,,Sold,vic,VIC,lot
2026-03-12T19:57:16.876078,https://www.grays.com/lot/0001-21063917/motor-vehicles-motor-cycles/2013-jeep-grand-cherokee-laredo-wk-turbo-diesel-automatic-wagon,5009.0,5009.0,60,,,Sold,vic,VIC,lot
2026-03-12T19:57:40.240511,https://www.grays.com/lot/0001-21063918/motor-vehicles-motor-cycles/2014-jeep-grand-cherokee-overland-wk-turbo-diesel-automatic-8-speed-wagon,5650.0,5650.0,61,,,Sold,vic,VIC,lot
2026-03-12T19:57:57.278690,https://www.grays.com/lot/0001-21063919/motor-vehicles-motor-cycles/2022-haval-h6-premium-2wd-automatic-wagon,13900.0,13900.0,160,,,Sold,vic,VIC,lot
2026-03-12T19:58:17.179319,https://www.grays.com/lot/0001-21063920/motor-vehicles-motor-cycles/2012-holden-barina-spark-cd-mj-manual-hatchback,1409.0,1409.0,26,,,Sold,vic,VIC,lot
2026-03-12T19:58:26.462479,https://www.grays.com/lot/0001-21063921/motor-vehicles-motor-cycles/2010-mitsubishi-outlander-ls-zh-cvt-wagon,2700.0,2700.0,35,,,Sold,vic,VIC,lot
2026-03-12T19:58:35.534328,https://www.grays.com/lot/0001-21063924/motor-vehicles-motor-cycles/2016-audi-q7-3-0-tdi-quattro-4m-turbo-diesel-auto-8-speed-7-seats-wagon,13000.0,13000.0,61,,,Sold,vic,VIC,lot
2026-03-12T19:58:45.012759,https://www.grays.com/lot/0001-21063931/motor-vehicles-motor-cycles/2002-toyota-camry-altise-acv36r-automatic-sedan,2109.0,2109.0,29,,,Sold,vic,VIC,lot
2026-03-12T19:59:02.612578,https://www.grays.com/lot/0001-21063932/motor-vehicles-motor-cycles/2017-land-rover-range-rover-evoque-td4-se-dynamic-132kw-t-d-9-auto-wagon,13600.0,13600.0,142,,,Sold,vic,VIC,lot
2026-03-12T19:59:11.958270,https://www.grays.com/lot/0001-21063933/motor-vehicles-motor-cycles/2004-toyota-avensis-glx-acm21r-automatic-7-seats-people-mover,2300.0,2300.0,35,,,Sold,vic,VIC,lot
2026-03-12T19:59:22.988181,https://www.grays.com/lot/0001-21063934/motor-vehicles-motor-cycles/2004-subaru-impreza-rv-g2-manual-hatchback,709.0,709.0,9,,,Sold,vic,VIC,lot
2026-03-12T19:59:31.272612,https://www.grays.com/lot/0001-21063935/motor-vehicles-motor-cycles/2007-saab-9-3-linear-1-9tid-turbo-diesel-manual-convertible,809.0,809.0,14,,,Sold,vic,VIC,lot
2026-03-12T19:59:46.198394,https://www.grays.com/lot/0001-21063936/motor-vehicles-motor-cycles/2014-subaru-impreza-2-0i-g4-cvt-sedan,4750.0,4750.0,85,,,Sold,vic,VIC,lot
2026-03-12T19:59:55.218703,https://www.grays.com/lot/0001-21063937/motor-vehicles-motor-cycles/2021-bmw-x3-xdrive30i-g01-lci-automatic-8-speed-wagon-wovr-repairable,25300.0,25300.0,159,,,Sold,vic,VIC,lot
2026-03-12T20:00:09.125117,https://www.grays.com/lot/0001-21063938/motor-vehicles-motor-cycles/2008-mazda-6-luxury-sports-gh-automatic-hatchback,2709.0,2709.0,40,,,Sold,vic,VIC,lot
2026-03-12T20:00:41.395698,https://www.grays.com/lot/0001-21063939/motor-vehicles-motor-cycles/2009-toyota-hiace-lwb-kdh201r-turbo-diesel-automatic-van,5600.0,5600.0,67,,,Sold,vic,VIC,lot
2026-03-12T20:00:49.711200,https://www.grays.com/lot/0001-21063940/motor-vehicles-motor-cycles/2011-renault-koleos-dynamique-cvt-wagon,2109.0,2109.0,24,,,Sold,vic,VIC,lot
2026-03-12T20:00:58.332440,https://www.grays.com/lot/0001-21063941/motor-vehicles-motor-cycles/2008-mitsubishi-outlander-ls-zg-cvt-wagon,2000.0,2000.0,23,,,Sold,vic,VIC,lot
2026-03-12T20:01:06.264643,https://www.grays.com/lot/0001-21063942/motor-vehicles-motor-cycles/2014-ford-territory-tx-sz-ii-turbo-diesel-automatic-wagon,2200.0,2200.0,31,,,Sold,vic,VIC,lot
2026-03-12T20:01:13.877630,https://www.grays.com/lot/0001-21063943/motor-vehicles-motor-cycles/2011-mazda-3-sp25-bl-automatic-sedan,3609.0,3609.0,41,,,Sold,vic,VIC,lot
2026-03-12T20:01:22.454645,https://www.grays.com/lot/0001-21063944/motor-vehicles-motor-cycles/2014-ford-fiesta-ambiente-wz-manual-hatchback,3509.0,3509.0,45,,,Sold,vic,VIC,lot
2026-03-12T20:01:29.721238,https://www.grays.com/lot/0001-21063945/motor-vehicles-motor-cycles/2012-subaru-impreza-2-0i-s-g4-cvt-sedan,4900.0,4900.0,55,,,Sold,vic,VIC,lot
2026-03-12T20:01:37.550820,https://www.grays.com/lot/0001-21063946/motor-vehicles-motor-cycles/2012-ford-ranger-xl-4x2-px-manual-dual-cab,3309.0,3309.0,52,,,Sold,vic,VIC,lot
2026-03-12T20:01:44.856753,https://www.grays.com/lot/0001-21063947/motor-vehicles-motor-cycles/2005-toyota-hilux-automatic-ute,3809.0,3809.0,52,,,Sold,vic,VIC,lot
2026-03-12T20:01:51.911488,https://www.grays.com/lot/0001-21063948/motor-vehicles-motor-cycles/2012-hyundai-i20-active-pb-manual-hatchback,1609.0,1609.0,18,,,Sold,vic,VIC,lot
2026-03-12T20:01:59.086233,https://www.grays.com/lot/0001-21063949/motor-vehicles-motor-cycles/2010-mazda-3-neo-bl-automatic-sedan,6810.0,6810.0,92,,,Sold,vic,VIC,lot
2026-03-12T20:02:06.062490,https://www.grays.com/lot/0001-21063951/motor-vehicles-motor-cycles/2006-holden-rodeo-lx-td-crew-cab-ra-t-d-auto-dual-cab-wovr-repairable,2100.0,2100.0,31,,,Sold,vic,VIC,lot
2026-03-12T20:02:13.868694,https://www.grays.com/lot/0001-21063952/motor-vehicles-motor-cycles/2007-holden-berlina-vz-automatic-wagon,1109.0,1109.0,15,,,Sold,vic,VIC,lot
2026-03-12T20:02:21.347223,https://www.grays.com/lot/0001-21063953/motor-vehicles-motor-cycles/2005-ford-territory-ghia-sx-automatic-7-seats-wagon,950.0,950.0,12,,,Sold,vic,VIC,lot
2026-03-12T20:02:28.607793,https://www.grays.com/lot/0001-21063954/motor-vehicles-motor-cycles/2011-hyundai-ix35-elite-awd-lm-turbo-diesel-automatic-wagon,3109.0,3109.0,41,,,Sold,vic,VIC,lot
2026-03-12T20:02:36.494497,https://www.grays.com/lot/0001-21063956/motor-vehicles-motor-cycles/2013-ford-mondeo-zetec-mc-automatic-hatchback,4419.0,4419.0,52,,,Sold,vic,VIC,lot
2026-03-12T20:02:44.289827,https://www.grays.com/lot/0001-21063958/motor-vehicles-motor-cycles/2018-hyundai-i30-active-pd-automatic-hatchback-wovr-repairable,8600.0,8600.0,81,,,Sold,vic,VIC,lot
2026-03-12T20:02:51.924666,https://www.grays.com/lot/0001-21063959/motor-vehicles-motor-cycles/2014-skoda-octavia-elegance-103tsi-ne-automatic-sedan,4309.0,4309.0,60,,,Sold,vic,VIC,lot
2026-03-12T20:02:59.438444,https://www.grays.com/lot/0001-21063960/motor-vehicles-motor-cycles/2016-holden-captiva-7-ltz-awd-cg-ii-automatic-7-seats-wagon,4509.0,4509.0,52,,,Sold,vic,VIC,lot
2026-03-12T20:03:06.660062,https://www.grays.com/lot/0001-21063961/motor-vehicles-motor-cycles/2016-holden-captiva-7-ltz-awd-cg-ii-turbo-diesel-automatic-7-seats-wagon,4755.0,4755.0,84,,,Sold,vic,VIC,lot
2026-03-12T20:03:41.808216,https://www.grays.com/lot/0001-21063962/motor-vehicles-motor-cycles/2018-toyota-hilux-4x4-sr5-gun126r-turbo-diesel-automatic-dual-cab,30900.0,30900.0,111,,,Sold,vic,VIC,lot
2026-03-12T20:03:49.121986,https://www.grays.com/lot/0001-21063963/motor-vehicles-motor-cycles/2016-volkswagen-touareg-v6-tdi-7p-turbo-diesel-automatic-8-speed-wagon,,,0,,,Referred,vic,VIC,lot
2026-03-12T20:03:57.123125,https://www.grays.com/lot/0001-50517837/motor-vehicles-motor-cycles/2020-tesla-model-3-standard-range-plus-direct-transmission-sedan,,,312,,,Referred,qld,QLD,lot
2026-03-12T20:04:15.869580,https://www.grays.com/lot/0001-50517838/motor-vehicles-motor-cycles/2016-holden-commodore-sv6-vf-automatic-sedan,,,124,,,Referred,qld,QLD,lot
2026-03-12T20:04:32.758278,https://www.grays.com/lot/0001-50517839/motor-vehicles-motor-cycles/2016-jaguar-xf-25t-r-sport-automatic-8-speed-sedan,14550.0,14550.0,157,,,Sold,qld,QLD,lot
2026-03-12T20:04:39.372404,https://www.grays.com/lot/0001-50517842/motor-vehicles-motor-cycles/2016-holden-commodore-sv6-black-edition-vf-ii-automatic-sedan,,,0,,,Referred,qld,QLD,lot
2026-03-12T20:04:55.097069,https://www.grays.com/lot/0001-50714772/motor-vehicles-motor-cycles/2014-ford-ranger-xl-4x4-px-turbo-diesel-automatic-dual-cab,7500.0,7500.0,58,,,Sold,qld,QLD,lot
2026-03-12T20:05:13.540317,https://www.grays.com/lot/0001-50714781/motor-vehicles-motor-cycles/2016-kia-sportage-si-ql-automatic-wagon,,,114,,,Referred,qld,QLD,lot
2026-03-12T20:05:34.107373,https://www.grays.com/lot/0001-50714782/motor-vehicles-motor-cycles/2007-toyota-rav-4-cruiser-aca33r-manual-wagon,,,19,,,Referred,qld,QLD,lot
2026-03-12T20:05:44.292959,https://www.grays.com/lot/0001-50714787/motor-vehicles-motor-cycles/2005-volkswagen-golf-2-0-tdi-comfortline-a5-tdl-auto-hatchback,1809.0,1809.0,22,,,Sold,qld,QLD,lot
2026-03-12T20:06:19.395990,https://www.grays.com/lot/0001-50714788/motor-vehicles-motor-cycles/2014-hyundai-ix35-se-fwd-lm-automatic-wagon,6900.0,6900.0,93,,,Sold,qld,QLD,lot
2026-03-12T20:06:29.386365,https://www.grays.com/lot/0001-50714789/motor-vehicles-motor-cycles/2013-mazda-cx-5-grand-touring-ke-turbo-diesel-automatic-wagon,1709.0,1709.0,18,,,Sold,qld,QLD,lot
2026-03-12T20:06:40.040293,https://www.grays.com/lot/0001-50714790/motor-vehicles-motor-cycles/2007-citroen-berlingo-manual-van,,,12,,,Referred,qld,QLD,lot
2026-03-12T20:06:56.903605,https://www.grays.com/lot/0001-50714791/motor-vehicles-motor-cycles/2017-audi-a5-2-0-tfsi-f5-automatic-coupe-wovr-inspected,,,178,,,Referred,qld,QLD,lot
2026-03-12T20:07:05.734111,https://www.grays.com/lot/0001-50714797/motor-vehicles-motor-cycles/2016-mazda-cx-5-maxx-sport-ke-turbo-diesel-automatic-wagon,7600.0,7600.0,81,,,Sold,qld,QLD,lot
2026-03-12T20:07:25.740683,https://www.grays.com/lot/0001-50714798/motor-vehicles-motor-cycles/2023-toyota-landcruiser-vx-fja300r-turbo-diesel-10-auto-7-seats-wagon,,,313,,,Referred,qld,QLD,lot
2026-03-12T20:07:36.101135,https://www.grays.com/lot/0001-50714813/motor-vehicles-motor-cycles/2015-mazda-cx-5-maxx-sport-ke-turbo-diesel-automatic-wagon,8200.0,8200.0,105,,,Sold,qld,QLD,lot
2026-03-12T20:07:52.633078,https://www.grays.com/lot/0001-50714817/motor-vehicles-motor-cycles/2015-mitsubishi-triton-4x4-gls-mq-turbo-diesel-manual-dual-cab,10100.0,10100.0,151,,,Sold,qld,QLD,lot
2026-03-12T20:08:15.230891,https://www.grays.com/lot/0001-50714821/motor-vehicles-motor-cycles/2012-land-rover-freelander-2-se-td4-turbo-diesel-automatic-wagon,2150.0,2150.0,25,,,Sold,qld,QLD,lot
2026-03-12T20:08:27.301003,https://www.grays.com/lot/0001-50714824/motor-vehicles-motor-cycles/2009-bmw-7-50li-f02-automatic-sedan,,,45,,,Referred,qld,QLD,lot
2026-03-12T20:09:05.413861,https://www.grays.com/lot/0001-50714825/motor-vehicles-motor-cycles/2016-land-rover-discovery-sport-4wd-automatic-suv,,,58,,,Referred,qld,QLD,lot
2026-03-12T20:09:18.103119,https://www.grays.com/lot/0001-50714827/motor-vehicles-motor-cycles/2013-mitsubishi-delica-d-5-automatic-4wd-people-mover-import,11600.0,11600.0,186,,,Sold,qld,QLD,lot
2026-03-12T20:09:29.953975,https://www.grays.com/lot/0001-50714829/motor-vehicles-motor-cycles/2021-toyota-rav-4-fwd-gx-hybrid-axah52r-cvt-wagon,,,34,,,Referred,qld,QLD,lot
2026-03-12T20:09:41.064610,https://www.grays.com/lot/0001-50714830/motor-vehicles-motor-cycles/2022-subaru-forester-2-5i-premium-s5-cvt-wagon,,,118,,,Referred,qld,QLD,lot
2026-03-12T20:09:54.684166,https://www.grays.com/lot/0001-50714832/motor-vehicles-motor-cycles/2013-nissan-navara-4x4-st-x550-d40-turbo-diesel-automatic-dual-cab,,,38,,,Referred,qld,QLD,lot
2026-03-12T20:10:08.753930,https://www.grays.com/lot/0001-50714834/motor-vehicles-motor-cycles/1997-land-rover-discovery-se-tdi-turbo-diesel-automatic-wagon,1600.0,1600.0,15,,,Sold,qld,QLD,lot
2026-03-12T20:10:22.909594,https://www.grays.com/lot/0001-50714835/motor-vehicles-motor-cycles/2006-mitsubishi-grandis-ba-automatic-7-seats-people-mover,509.0,509.0,6,,,Sold,qld,QLD,lot
2026-03-12T20:10:32.524060,https://www.grays.com/lot/0001-50714836/motor-vehicles-motor-cycles/2012-toyota-prius-v-zvw40r-cvt-7-seats-wagon,6000.0,6000.0,45,,,Sold,qld,QLD,lot
2026-03-12T20:10:40.441512,https://www.grays.com/lot/0001-50714837/motor-vehicles-motor-cycles/2016-land-rover-discovery-sport-td4-180-se-td-9-auto-7-seats-wagon,9200.0,9200.0,66,,,Sold,qld,QLD,lot
2026-03-12T20:10:48.295573,https://www.grays.com/lot/0001-50714838/motor-vehicles-motor-cycles/2005-holden-astra-ts-automatic-convertible,,,7,,,Referred,qld,QLD,lot
2026-03-12T20:10:55.849294,https://www.grays.com/lot/0001-50714839/motor-vehicles-motor-cycles/2015-jeep-wrangler-unlimited-sport-jk-manual-wagon,,,45,,,Referred,qld,QLD,lot
2026-03-12T20:11:10.196041,https://www.grays.com/lot/0001-50714840/motor-vehicles-motor-cycles/2009-nissan-navara-st-x-4x4-double-cab-d40-turbo-diesel-automatic-dual-cab,,,41,,,Referred,qld,QLD,lot
2026-03-12T20:11:18.493007,https://www.grays.com/lot/0001-50714841/motor-vehicles-motor-cycles/2007-volkswagen-touareg-3-0-v6-tdi-7l-turbo-diesel-automatic-wagon,2000.0,2000.0,24,,,Sold,qld,QLD,lot
2026-03-12T20:11:26.774675,https://www.grays.com/lot/0001-50714842/motor-vehicles-motor-cycles/2005-mercedes-benz-ml350-w164-automatic-wagon,,,7,,,Referred,qld,QLD,lot
2026-03-12T20:11:43.459180,https://www.grays.com/lot/0001-50714843/motor-vehicles-motor-cycles/2014-volkswagen-transporter-tdi340-lwb-t5-turbo-diesel-automatic-van,,,22,,,Referred,qld,QLD,lot
2026-03-12T20:11:58.937289,https://www.grays.com/lot/0001-50714844/motor-vehicles-motor-cycles/2011-jeep-grand-cherokee-laredo-4x4-wk-automatic-wagon,,,14,,,Referred,qld,QLD,lot
2026-03-12T20:12:14.724613,https://www.grays.com/lot/0001-50714845/motor-vehicles-motor-cycles/2018-toyota-landcruiser-workmate-vdj79r-turbo-diesel-manual-cab-chassis,,,338,,,Referred,qld,QLD,lot
2026-03-12T20:12:49.792531,https://www.grays.com/lot/0001-50714848/motor-vehicles-motor-cycles/2019-holden-acadia-ltz-v-awd-9-auto-7-seats-wagon,,,108,,,Referred,qld,QLD,lot
2026-03-12T20:13:00.469758,https://www.grays.com/lot/0001-50714849/motor-vehicles-motor-cycles/2001-toyota-hilux-extra-cab-4x4-manual-ute,3100.0,3100.0,24,,,Sold,qld,QLD,lot
2026-03-12T20:13:17.537974,https://www.grays.com/lot/0001-50714850/motor-vehicles-motor-cycles/2014-nissan-x-trail-st-l-fwd-t32-cvt-7-seats-wagon,,,16,,,Referred,qld,QLD,lot
2026-03-12T20:13:54.652901,https://www.grays.com/lot/0001-50714853/motor-vehicles-motor-cycles/2011-suzuki-grand-vitara-2-4-jt-automatic-wagon,4500.0,4500.0,57,,,Sold,qld,QLD,lot
2026-03-12T20:14:04.370259,https://www.grays.com/lot/0001-50714854/motor-vehicles-motor-cycles/2000-mitsubishi-pajero-gls-nm-automatic-7-seats-wagon,609.0,609.0,7,,,Sold,qld,QLD,lot
2026-03-12T20:14:12.543005,https://www.grays.com/lot/0001-50714855/motor-vehicles-motor-cycles/2019-holden-acadia-ltz-2wd-automatic-7-seats-wagon-wovr-repairable,809.0,809.0,11,,,Sold,qld,QLD,lot
2026-03-12T20:14:20.155978,https://www.grays.com/lot/0001-50714856/motor-vehicles-motor-cycles/2010-volkswagen-passat-118-tsi-3c-automatic-wagon,409.0,409.0,8,,,Sold,qld,QLD,lot
2026-03-12T20:14:28.680895,https://www.grays.com/lot/0001-50714857/motor-vehicles-motor-cycles/1998-toyota-vienta-grande-mcv20r-automatic-sedan,209.0,209.0,3,,,Sold,qld,QLD,lot
2026-03-12T20:14:35.785483,https://www.grays.com/lot/0001-50714859/motor-vehicles-motor-cycles/2013-hyundai-veloster-sr-turbo-fs-automatic-coupe,1309.0,1309.0,26,,,Sold,qld,QLD,lot
2026-03-12T20:14:43.336693,https://www.grays.com/lot/0001-50714860/motor-vehicles-motor-cycles/2012-hyundai-iload-tq-turbo-diesel-automatic-van,1609.0,1609.0,17,,,Sold,qld,QLD,lot
2026-03-12T20:14:50.905994,https://www.grays.com/lot/0001-50714861/motor-vehicles-motor-cycles/2005-audi-a6-2-4-c6-cvt-sedan,109.0,109.0,2,,,Sold,qld,QLD,lot
2026-03-12T20:16:01.022027,https://www.grays.com/lot/0001-50714862/motor-vehicles-motor-cycles/1999-alfa-romeo-156-v6-24v-automatic-sedan,209.0,209.0,4,,,Sold,qld,QLD,lot
2026-03-12T20:16:11.247606,https://www.grays.com/lot/0001-50714864/motor-vehicles-motor-cycles/2009-peugeot-308-xse-turbo-touring-automatic-wagon,109.0,109.0,2,,,Sold,qld,QLD,lot
2026-03-12T20:16:22.544331,https://www.grays.com/lot/0001-50714865/motor-vehicles-motor-cycles/2008-mazda-bt-50-dx-b3000-turbo-diesel-manual-dual-cab,709.0,709.0,8,,,Sold,qld,QLD,lot
2026-03-12T20:16:32.584015,https://www.grays.com/lot/0001-50714866/motor-vehicles-motor-cycles/2005-subaru-liberty-2-0i-b4-automatic-sedan,209.0,209.0,3,,,Sold,qld,QLD,lot
2026-03-12T20:16:44.198815,https://www.grays.com/lot/0001-50714867/motor-vehicles-motor-cycles/2007-ford-escape-xlt-zc-automatic-wagon,709.0,709.0,9,,,Sold,qld,QLD,lot
2026-03-12T20:16:57.531725,https://www.grays.com/lot/0001-50714877/motor-vehicles-motor-cycles/2010-hyundai-ix35-elite-awd-lm-turbo-diesel-automatic-wagon,2009.0,2009.0,22,,,Sold,qld,QLD,lot
2026-03-12T20:17:16.283724,https://www.grays.com/lot/0001-50714878/motor-vehicles-motor-cycles/2024-volkswagen-transporter-swb-tdi340-t6-1-td-auto-van-wovr-inspected,,,170,,,Referred,qld,QLD,lot
2026-03-12T20:17:46.897147,https://www.grays.com/lot/0001-50714879/motor-vehicles-motor-cycles/2021-ldv-g10-turbo-diesel-automatic-8-speed-van,,,49,,,Referred,qld,QLD,lot
2026-03-12T20:18:16.323975,https://www.grays.com/lot/0001-50714880/motor-vehicles-motor-cycles/2012-bmw-x3-xdrive-20i-f25-automatic-8-speed-wagon,2600.0,2600.0,32,,,Sold,qld,QLD,lot
2026-03-12T20:18:52.546660,https://www.grays.com/lot/0001-50714881/motor-vehicles-motor-cycles/2007-mazda-cx-7-luxury-automatic-wagon,,,2,,,Referred,qld,QLD,lot
2026-03-12T20:19:04.844614,https://www.grays.com/lot/0001-50714883/motor-vehicles-motor-cycles/2008-ford-focus-xr5-lv-manual-hatchback,,,20,,,Referred,qld,QLD,lot
2026-03-12T20:19:21.637325,https://www.grays.com/lot/0001-50714884/motor-vehicles-motor-cycles/2013-nissan-pathfinder-st-r52-cvt-7-seats-wagon,,,6,,,Referred,qld,QLD,lot
2026-03-12T20:19:54.493340,https://www.grays.com/lot/0001-50714885/motor-vehicles-motor-cycles/2010-subaru-forester-x-s3-automatic-wagon,,,2,,,Referred,qld,QLD,lot
2026-03-12T20:20:03.728126,https://www.grays.com/lot/0001-50714886/motor-vehicles-motor-cycles/2021-toyota-landcruiser-prado-kakadu-gdj150r-td-auto-7-seats-wagon,,,333,,,Referred,qld,QLD,lot
2026-03-12T20:20:12.459779,https://www.grays.com/lot/0001-50714887/motor-vehicles-motor-cycles/2015-toyota-hiace-lwb-kdh201r-turbo-diesel-manual-van,,,60,,,Referred,qld,QLD,lot
2026-03-12T20:20:21.495475,https://www.grays.com/lot/0001-50714888/motor-vehicles-motor-cycles/2014-jeep-grand-cherokee-blackhawk-le-4x4-wk-automatic-8-speed-wagon,,,42,,,Referred,qld,QLD,lot
2026-03-12T20:20:39.175332,https://www.grays.com/lot/0001-50714890/motor-vehicles-motor-cycles/2010-toyota-hiace-lwb-kdh201r-turbo-diesel-manual-van,,,71,,,Referred,qld,QLD,lot
2026-03-12T20:20:51.058475,https://www.grays.com/lot/0001-50714891/motor-vehicles-motor-cycles/2013-holden-cruze-sri-v-jh-manual-hatchback,,,24,,,Referred,qld,QLD,lot
2026-03-12T20:21:00.928879,https://www.grays.com/lot/0001-50714893/motor-vehicles-motor-cycles/2018-volkswagen-tiguan-allspace-140tdi-highline-turbo-diesel-auto-7-sts-wgn,,,210,,,Referred,qld,QLD,lot
2026-03-12T20:21:13.297900,https://www.grays.com/lot/0001-50714896/motor-vehicles-motor-cycles/2016-land-rover-range-rover-sport-3-0-tdv6-se-tdl-auto-8-speed-wagon,,,78,,,Referred,qld,QLD,lot
2026-03-12T20:21:45.314584,https://www.grays.com/lot/0001-50714897/motor-vehicles-motor-cycles/2011-land-rover-discovery-3-0-sdv6-hse-series-4-tdl-auto-7-seats-wagon,5000.0,5000.0,83,,,Sold,qld,QLD,lot
2026-03-12T20:21:57.004398,https://www.grays.com/lot/0001-50714900/motor-vehicles-motor-cycles/2010-ford-mondeo-lx-tdci-mb-turbo-diesel-automatic-hatchback,609.0,609.0,8,,,Sold,qld,QLD,lot
2026-03-12T20:22:12.762531,https://www.grays.com/lot/0001-50714901/motor-vehicles-motor-cycles/2011-nissan-navara-4x4-st-x550-d40-turbo-diesel-automatic-dual-cab,4000.0,4000.0,39,,,Sold,qld,QLD,lot
2026-03-12T20:22:24.029903,https://www.grays.com/lot/0001-50714902/motor-vehicles-motor-cycles/2015-mitsubishi-triton-4x4-gls-mq-turbo-diesel-automatic-dual-cab,,,32,,,Referred,qld,QLD,lot
2026-03-12T20:22:43.995527,https://www.grays.com/lot/0001-50714903/motor-vehicles-motor-cycles/2016-holden-trax-active-special-edtn-tj-automatic-wagon,,,30,,,Referred,qld,QLD,lot
2026-03-12T20:23:15.040762,https://www.grays.com/lot/0001-50714908/motor-vehicles-motor-cycles/2018-ford-ecosport-trend-bl-automatic-wagon,,,9,,,Referred,qld,QLD,lot
2026-03-12T20:23:27.018791,https://www.grays.com/lot/0001-50714910/motor-vehicles-motor-cycles/2018-ldv-g10-9-seat-automatic-9-seats-people-mover,,,56,,,Referred,qld,QLD,lot
2026-03-12T20:23:37.758885,https://www.grays.com/lot/0001-50714911/motor-vehicles-motor-cycles/2011-nissan-patrol-st-s-3-0-gu-ii-turbo-diesel-automatic-7-seats-wagon,,,94,,,Referred,qld,QLD,lot
2026-03-12T20:23:48.434602,https://www.grays.com/lot/0001-50714912/motor-vehicles-motor-cycles/2011-toyota-landcruiser-workmate-vdj79r-turbo-diesel-manual-cab-chassis,,,296,,,Referred,qld,QLD,lot
2026-03-12T20:23:59.650723,https://www.grays.com/lot/0001-50714913/motor-vehicles-motor-cycles/2012-nissan-murano-ti-z51-cvt-wagon,,,53,,,Referred,qld,QLD,lot
2026-03-12T20:24:08.489288,https://www.grays.com/lot/0001-50714914/motor-vehicles-motor-cycles/2017-ford-ranger-xl-4x4-px-ii-turbo-diesel-manual-cab-chassis,9100.0,9100.0,131,,,Sold,qld,QLD,lot
2026-03-12T20:24:26.265111,https://www.grays.com/lot/0001-50714915/motor-vehicles-motor-cycles/2017-holden-trax-lt-tj-automatic-wagon,5000.0,5000.0,37,,,Sold,qld,QLD,lot
2026-03-12T20:25:13.659182,https://www.grays.com/lot/0001-60050280/motor-vehicles-motor-cycles/2005-holden-viva-jf-manual-hatchback,909.0,909.0,12,,,Sold,sa,SA,lot
2026-03-12T20:25:24.647456,https://www.grays.com/lot/0001-60050281/motor-vehicles-motor-cycles/2005-kia-carnival-ls-automatic-8-seats-people-mover,309.0,309.0,4,,,Sold,sa,SA,lot
2026-03-12T20:25:36.701481,https://www.grays.com/lot/0001-60050286/motor-vehicles-motor-cycles/2017-hyundai-iload-tq-ii-turbo-diesel-automatic-van,,,131,,,Referred,sa,SA,lot
2026-03-12T20:25:47.028755,https://www.grays.com/lot/0001-60050293/motor-vehicles-motor-cycles/2012-mercedes-benz-c200-be-w204-automatic-sedan,,,143,,,Referred,sa,SA,lot
2026-03-12T20:26:00.754697,https://www.grays.com/lot/0001-60050294/motor-vehicles-motor-cycles/2016-kia-optima-si-jf-automatic-sedan,,,92,,,Referred,sa,SA,lot
2026-03-12T20:26:17.397941,https://www.grays.com/lot/0001-60050297/motor-vehicles-motor-cycles/2017-holden-calais-v-zb-wagon-9-auto,,,133,,,Referred,sa,SA,lot
2026-03-12T20:26:33.451022,https://www.grays.com/lot/0001-60050298/motor-vehicles-motor-cycles/2008-holden-colorado-4x4-lt-r-3-0-t-d-rc-automatic-dual-cab,,,51,,,Referred,sa,SA,lot
2026-03-12T20:26:49.249609,https://www.grays.com/lot/0001-60050304/motor-vehicles-motor-cycles/2018-hyundai-imax-active-tq-ii-turbo-diesel-automatic-8-seats-people-mover,,,246,,,Referred,sa,SA,lot
2026-03-12T20:27:01.857738,https://www.grays.com/lot/0001-60050305/motor-vehicles-motor-cycles/2009-isuzu-d-max-4x2-ls-turbo-diesel-automatic-dual-cab,7700.0,7700.0,76,,,Sold,sa,SA,lot
2026-03-12T20:27:23.518142,https://www.grays.com/lot/0001-60050306/motor-vehicles-motor-cycles/2014-hyundai-genesis-sensory-pack-dh-automatic-8-speed-sedan,11300.0,11300.0,119,,,Sold,sa,SA,lot
2026-03-12T20:27:40.996950,https://www.grays.com/lot/0001-60050307/motor-vehicles-motor-cycles/2012-toyota-fj-cruiser-4x4-gsj15r-automatic-wagon,,,215,,,Referred,sa,SA,lot
2026-03-12T20:27:52.144343,https://www.grays.com/lot/0001-60050308/motor-vehicles-motor-cycles/2007-holden-calais-v-ve-automatic-sedan,,,61,,,Referred,sa,SA,lot
2026-03-12T20:28:02.999611,https://www.grays.com/lot/0001-60050309/motor-vehicles-motor-cycles/2011-volkswagen-multivan-edition-25-132kw-t5-t-d-autopeople-mover,,,46,,,Referred,sa,SA,lot
2026-03-12T20:28:14.113508,https://www.grays.com/lot/0001-60050310/motor-vehicles-motor-cycles/2010-ford-ranger-xlt-4x4-pk-turbo-diesel-automatic-dual-cab,,,12,,,Referred,sa,SA,lot
2026-03-12T20:28:25.356430,https://www.grays.com/lot/0001-60050311/motor-vehicles-motor-cycles/2011-nissan-dualis-2-ti-4x2-j10-ii-cvt-7-seats-wagon,,,55,,,Referred,sa,SA,lot
2026-03-12T20:28:35.830806,https://www.grays.com/lot/0001-60050312/motor-vehicles-motor-cycles/2013-mazda-cx-9-grand-touring-awd-automatic-7-seats-wagon,,,18,,,Referred,sa,SA,lot
2026-03-12T20:28:44.675890,https://www.grays.com/lot/0001-60050313/motor-vehicles-motor-cycles/2014-subaru-forester-2-5i-s4-cvt-wagon,,,72,,,Referred,sa,SA,lot
2026-03-12T20:28:55.321329,https://www.grays.com/lot/0001-60050314/motor-vehicles-motor-cycles/2012-mazda-6-touring-gh-automatic-wagon,,,69,,,Referred,sa,SA,lot
2026-03-12T20:29:08.401687,https://www.grays.com/lot/0001-60050315/motor-vehicles-motor-cycles/2017-mitsubishi-triton-4x4-glx-l-e-mq-turbo-diesel-manual-dual-cab,12500.0,12500.0,1,,,Sold,sa,SA,lot
2026-03-12T20:29:21.895501,https://www.grays.com/lot/0001-60050316/motor-vehicles-motor-cycles/2001-toyota-camry-csi-mcv20r-automatic-sedan-wovr-inspected,409.0,409.0,9,,,Sold,sa,SA,lot
2026-03-12T20:29:57.050194,https://www.grays.com/lot/0001-60050317/motor-vehicles-motor-cycles/2012-subaru-xv-2-0i-g4x-cvt-hatchback,,,93,,,Referred,sa,SA,lot
2026-03-12T20:30:06.335737,https://www.grays.com/lot/0001-60050318/motor-vehicles-motor-cycles/2007-bmw-1-series-120i-e87-automatic-hatchback,3150.0,3150.0,38,,,Sold,sa,SA,lot
2026-03-12T20:30:17.678879,https://www.grays.com/lot/0001-9067334/motor-vehicles-motor-cycles/2005-honda-civic-gli-7th-gen-manual-sedan,2500.0,2500.0,44,,,Sold,wa,WA,lot
2026-03-12T20:30:29.741096,https://www.grays.com/lot/0001-9067335/motor-vehicles-motor-cycles/2010-holden-ute-sv6-ve-manual-ute,1009.0,1009.0,19,,,Sold,wa,WA,lot
2026-03-12T20:30:39.864415,https://www.grays.com/lot/0001-9067336/motor-vehicles-motor-cycles/2008-ford-territory-ts-sy-automatic-wagon,909.0,909.0,14,,,Sold,wa,WA,lot
2026-03-12T20:30:52.178649,https://www.grays.com/lot/0001-9067343/motor-vehicles-motor-cycles/2008-lexus-rx-rx350-sports-luxury-gsu35r-automatic-wagon,3500.0,3500.0,40,,,Sold,wa,WA,lot
2026-03-12T20:31:03.539502,https://www.grays.com/lot/0001-9067344/motor-vehicles-motor-cycles/1997-honda-accord-vti-6th-gen-automatic-sedan-wovr-inspected,809.0,809.0,13,,,Sold,wa,WA,lot
2026-03-12T20:31:14.649193,https://www.grays.com/lot/0001-9067345/motor-vehicles-motor-cycles/2002-ford-escape-xls-ba-automatic-wagon,709.0,709.0,11,,,Sold,wa,WA,lot
2026-03-12T20:31:28.127953,https://www.grays.com/lot/0001-9067346/motor-vehicles-motor-cycles/2007-holden-epica-cdxi-ep-automatic-sedan,700.0,700.0,7,,,Sold,wa,WA,lot
2026-03-12T20:31:39.564983,https://www.grays.com/lot/0001-9067347/motor-vehicles-motor-cycles/2013-jeep-grand-cherokee-srt-8-wk-auto-wagon-wovr-repairable,,,92,,,Referred,wa,WA,lot
2026-03-12T20:31:51.991554,https://www.grays.com/lot/0001-9067349/motor-vehicles-motor-cycles/2006-subaru-outback-2-5i-b4a-manual-wagon,509.0,509.0,10,,,Sold,wa,WA,lot
2026-03-12T20:32:07.154804,https://www.grays.com/lot/0001-9067350/motor-vehicles-motor-cycles/2015-toyota-hilux-4x4-sr-gun126r-turbo-diesel-automatic-crew-cab-chassis,15500.0,15500.0,131,,,Sold,wa,WA,lot
2026-03-12T20:32:20.823917,https://www.grays.com/lot/0001-9067351/motor-vehicles-motor-cycles/2006-audi-q7-3-0-tdi-quattro-turbo-diesel-automatic-7-seats-wagon,2400.0,2400.0,38,,,Sold,wa,WA,lot
2026-03-12T20:32:34.244081,https://www.grays.com/lot/0001-9067352/motor-vehicles-motor-cycles/2019-toyota-hilux-4x4-sr-gun126r-turbo-diesel-automatic-crew-cab-chassis,18900.0,18900.0,183,,,Sold,wa,WA,lot
2026-03-12T20:32:43.505231,https://www.grays.com/lot/0001-9067353/motor-vehicles-motor-cycles/2012-nissan-navara-4x4-st-x550-d40-turbo-diesel-automatic-dual-cab,9200.0,9200.0,150,,,Sold,wa,WA,lot
2026-03-12T20:32:55.220999,https://www.grays.com/lot/0001-9067359/motor-vehicles-motor-cycles/2014-mazda-cx-5-maxx-sport-ke-turbo-diesel-automatic-wagon,7900.0,7900.0,131,,,Sold,wa,WA,lot
2026-03-12T20:33:03.565329,https://www.grays.com/lot/0001-9067360/motor-vehicles-motor-cycles/2014-suzuki-jimny-sierra-jlx-automatic-wagon-wovr-inspected,9100.0,9100.0,118,,,Sold,wa,WA,lot
2026-03-12T20:33:11.510545,https://www.grays.com/lot/0001-9067361/motor-vehicles-motor-cycles/2008-bmw-x6-xdrive-35i-e71-automatic-coupe-wovr-inspected,5100.0,5100.0,35,,,Sold,wa,WA,lot
2026-03-12T20:33:22.300387,https://www.grays.com/lot/0001-9067362/motor-vehicles-motor-cycles/2012-opel-astra-select-pj-automatic-hatchback,2300.0,2300.0,23,,,Sold,wa,WA,lot
2026-03-12T20:33:30.420589,https://www.grays.com/lot/0001-9067363/motor-vehicles-motor-cycles/2009-mitsubishi-pajero-gls-nt-turbo-diesel-manual-7-seats-wagon,2409.0,2409.0,50,,,Sold,wa,WA,lot
2026-03-12T20:34:05.638134,https://www.grays.com/lot/0001-9067364/motor-vehicles-motor-cycles/2008-toyota-hilux-4x2-sr-kun16r-turbo-diesel-manual-dual-cab,5800.0,5800.0,81,,,Sold,wa,WA,lot
2026-03-12T20:34:14.092411,https://www.grays.com/lot/0001-9067365/motor-vehicles-motor-cycles/2015-citroen-grand-c4-picasso-exclusive-turbo-diesel-automatic-wagon,5700.0,5700.0,82,,,Sold,wa,WA,lot
2026-03-12T20:34:25.190511,https://www.grays.com/lot/0001-9067366/motor-vehicles-motor-cycles/2015-holden-captiva-7-ltz-awd-cg-ii-automatic-7-seats-wagon,3100.0,3100.0,42,,,Sold,wa,WA,lot
2026-03-12T20:34:37.412671,https://www.grays.com/lot/0001-9067367/motor-vehicles-motor-cycles/2010-audi-a5-3-0-tdi-quattro-8t-turbo-diesel-automatic-coupe,4950.0,4950.0,80,,,Sold,wa,WA,lot
2026-03-12T20:34:48.546550,https://www.grays.com/lot/0001-9067368/motor-vehicles-motor-cycles/2014-ford-ranger-xl-4x2-hi-rider-px-turbo-diesel-automatic-cab-chassis,3351.0,3351.0,48,,,Sold,wa,WA,lot
2026-03-12T20:34:56.810514,https://www.grays.com/lot/0001-9067369/motor-vehicles-motor-cycles/2005-mercedes-benz-c-class-c180-k-classic-w203-automatic-sedan,800.0,800.0,11,,,Sold,wa,WA,lot
2026-03-12T20:35:06.053970,https://www.grays.com/lot/0001-9067371/motor-vehicles-motor-cycles/2012-hyundai-i20-active-pb-automatic-hatchback,1200.0,1200.0,13,,,Sold,wa,WA,lot
2026-03-12T20:35:16.054268,https://www.grays.com/lot/0001-9067372/motor-vehicles-motor-cycles/2007-holden-ute-omega-ve-automatic-ute,900.0,900.0,14,,,Sold,wa,WA,lot
2026-03-12T20:35:27.926342,https://www.grays.com/lot/0001-9067373/motor-vehicles-motor-cycles/2007-land-rover-range-rover-sport-supercharged-automatic-wagon,6450.0,6450.0,69,,,Sold,wa,WA,lot
2026-03-12T20:35:49.427905,https://www.grays.com/lot/0001-9067375/motor-vehicles-motor-cycles/2014-toyota-hilux-4x4-sr5-kun26r-turbo-diesel-manual-dual-cab,10300.0,10300.0,69,,,Sold,wa,WA,lot
2026-03-12T20:35:58.085023,https://www.grays.com/lot/0001-9067377/motor-vehicles-motor-cycles/2008-holden-captiva-lx-awd-cg-automatic-7-seats-wagon,500.0,500.0,8,,,Sold,wa,WA,lot
2026-03-12T20:36:08.291977,https://www.grays.com/lot/0001-9067382/motor-vehicles-motor-cycles/2008-holden-commodore-omega-ve-automatic-sedan,1056.0,1056.0,15,,,Sold,wa,WA,lot
2026-03-12T20:36:18.330797,https://www.grays.com/lot/0001-9067383/motor-vehicles-motor-cycles/2008-hyundai-i30-sx-fd-automatic-hatchback,2100.0,2100.0,26,,,Sold,wa,WA,lot
2026-03-12T20:36:29.808022,https://www.grays.com/lot/0001-9067384/motor-vehicles-motor-cycles/2011-bmw-x1-sdrive-18i-e84-automatic-wagon,2900.0,2900.0,38,,,Sold,wa,WA,lot
2026-03-12T20:36:57.752723,https://www.grays.com/lot/0001-9067388/motor-vehicles-motor-cycles/2006-ford-falcon-xr6t-bf-automatic-sedan-wovr-inspected,7500.0,7500.0,109,,,Sold,wa,WA,lot
2026-03-12T20:37:10.978139,https://www.grays.com/lot/0001-9067389/motor-vehicles-motor-cycles/2018-jaguar-e-pace-183kw-s-9-auto-wagon,13800.0,13800.0,167,,,Sold,wa,WA,lot
2026-03-12T20:37:22.451382,https://www.grays.com/lot/0001-9067390/motor-vehicles-motor-cycles/2010-holden-caprice-wm-ii-automatic-sedan,4700.0,4700.0,70,,,Sold,wa,WA,lot
2026-03-12T20:37:35.040645,https://www.grays.com/lot/0001-9067391/motor-vehicles-motor-cycles/2013-ford-kuga-awd-titanium-tf-turbo-diesel-automatic-wagon,4500.0,4500.0,76,,,Sold,wa,WA,lot
2026-03-12T20:37:54.672652,https://www.grays.com/lot/0001-9067393/motor-vehicles-motor-cycles/2010-hyundai-i30-sx-fd-automatic-hatchback,4809.0,4809.0,63,,,Sold,wa,WA,lot
2026-03-12T20:38:15.118389,https://www.grays.com/lot/0001-9067395/motor-vehicles-motor-cycles/2015-holden-malibu-cdx-em-automatic-sedan,800.0,800.0,8,,,Sold,wa,WA,lot
2026-03-12T20:39:12.345051,https://www.grays.com/lot/0001-9067396/motor-vehicles-motor-cycles/2003-nissan-patrol-st-3-0-gu-ii-turbo-diesel-automatic-7-seats-wagon,3609.0,3609.0,64,,,Sold,wa,WA,lot
2026-03-12T20:39:28.112361,https://www.grays.com/lot/0001-9067397/motor-vehicles-motor-cycles/2016-kia-optima-si-jf-automatic-sedan,6800.0,6800.0,63,,,Sold,wa,WA,lot
2026-03-12T20:39:47.660162,https://www.grays.com/lot/0001-9067398/motor-vehicles-motor-cycles/2015-ford-focus-trend-lw-ii-automatic-sedan,4209.0,4209.0,55,,,Sold,wa,WA,lot
2026-03-12T20:39:57.855295,https://www.grays.com/lot/0001-9067401/motor-vehicles-motor-cycles/2016-toyota-landcruiser-workmate-vdj79r-t-d-manual-crew-cab-chassis,34500.0,34500.0,144,,,Sold,wa,WA,lot
2026-03-12T20:40:11.342768,https://www.grays.com/lot/0001-9067402/motor-vehicles-motor-cycles/2011-nissan-patrol-st-s-3-0-gu-ii-turbo-diesel-automatic-7-seats-wagon,12100.0,12100.0,123,,,Sold,wa,WA,lot
2026-03-12T20:40:23.334588,https://www.grays.com/lot/0001-9067403/motor-vehicles-motor-cycles/2016-audi-q2-sport-2-0-tdi-quattro-ga-turbo-diesel-automatic-wagon,7450.0,7450.0,86,,,Sold,wa,WA,lot
2026-03-12T20:40:34.621439,https://www.grays.com/lot/0001-9067404/motor-vehicles-motor-cycles/2012-peugeot-208-allure-sport-manual-hatchback,1309.0,1309.0,18,,,Sold,wa,WA,lot
2026-03-12T20:40:45.983255,https://www.grays.com/lot/0001-9067405/motor-vehicles-motor-cycles/2012-holden-ute-sv6-thunder-le-ve-ii-automatic-ute,8709.0,8709.0,148,,,Sold,wa,WA,lot
2026-03-12T20:41:14.938962,https://www.grays.com/lot/0001-9067409/motor-vehicles-motor-cycles/2006-mazda-3-maxx-sport-bk-manual-sedan,2009.0,2009.0,41,,,Sold,wa,WA,lot
2026-03-12T20:41:33.108011,https://www.grays.com/lot/0001-9067410/motor-vehicles-motor-cycles/2010-subaru-forester-2-0d-premium-s3-turbo-diesel-manual-wagon,1625.0,1625.0,25,,,Sold,wa,WA,lot
2026-03-12T20:41:50.285420,https://www.grays.com/lot/0001-9067411/motor-vehicles-motor-cycles/2015-mazda-cx-9-grand-touring-awd-automatic-7-seats-wagon,3200.0,3200.0,45,,,Sold,wa,WA,lot
2026-03-12T20:42:04.144419,https://www.grays.com/lot/0001-9067412/motor-vehicles-motor-cycles/2006-chrysler-pt-cruiser-special-edition-automatic-hatchback,2509.0,2509.0,41,,,Sold,wa,WA,lot
2026-03-12T20:42:18.912323,https://www.grays.com/lot/0001-9067413/motor-vehicles-motor-cycles/2011-mazda-cx-9-luxury-fwd-automatic-7-seats-wagon,,,41,,,Referred,wa,WA,lot
2026-03-12T20:42:34.802600,https://www.grays.com/lot/0001-9067414/motor-vehicles-motor-cycles/2017-hyundai-tucson-active-x-tl-automatic-wagon,,,30,,,Referred,wa,WA,lot
2026-03-12T20:42:50.412455,https://www.grays.com/lot/0001-9067416/motor-vehicles-motor-cycles/2012-mini-cooper-paceman-s-r61-automatic-coupe,8700.0,8700.0,106,,,Sold,wa,WA,lot
2026-03-12T20:43:10.162601,https://www.grays.com/lot/0001-9067417/motor-vehicles-motor-cycles/2014-toyota-hilux-4x4-sr-kun26r-turbo-diesel-automatic-crew-cab-chassis,11100.0,11100.0,136,,,Sold,wa,WA,lot
2026-03-12T20:43:34.429417,https://www.grays.com/lot/0001-9067418/motor-vehicles-motor-cycles/1990-toyota-hiace-lwb-lh113r-automatic-van,4900.0,4900.0,74,,,Sold,wa,WA,lot
2026-03-12T20:43:55.885031,https://www.grays.com/lot/0001-9067419/motor-vehicles-motor-cycles/2014-kia-cerato-koup-turbo-yd-automatic-coupe,3609.0,3609.0,54,,,Sold,wa,WA,lot
2026-03-12T20:44:06.436186,https://www.grays.com/lot/0001-9067423/motor-vehicles-motor-cycles/2007-volkswagen-passat-2-0-tfsi-3c-automatic-sedan,500.0,500.0,7,,,Sold,wa,WA,lot
2026-03-12T20:44:19.695737,https://www.grays.com/lot/0001-9067424/motor-vehicles-motor-cycles/2008-holden-commodore-omega-ve-automatic-ute,3500.0,3500.0,37,,,Sold,wa,WA,lot
2026-03-12T20:45:00.664014,https://www.grays.com/lot/0001-9067425/motor-vehicles-motor-cycles/1998-toyota-landcruiser-prado-gxl-v6-vzj95r-auto-wagon-wovr-inspected,1109.0,1109.0,17,,,Sold,wa,WA,lot
2026-03-12T20:45:15.430749,https://www.grays.com/lot/0001-9067426/motor-vehicles-motor-cycles/2011-hyundai-i45-premium-yf-automatic-sedan,5309.0,5309.0,77,,,Sold,wa,WA,lot
2026-03-12T20:45:27.936678,https://www.grays.com/lot/0001-9067427/motor-vehicles-motor-cycles/2015-mitsubishi-triton-gls-4x4-mq-t-d-manual-dual-cab-wovr-inspected,,,118,,,Referred,wa,WA,lot
2026-03-12T20:45:42.267403,https://www.grays.com/lot/0001-9067428/motor-vehicles-motor-cycles/2015-nissan-navara-4x4-st-np300-turbo-diesel-automatic-dual-cab,,,113,,,Referred,wa,WA,lot
2026-03-12T20:45:53.247077,https://www.grays.com/lot/0001-9067429/motor-vehicles-motor-cycles/2014-bmw-320d-320d-f30-turbo-diesel-automatic-8-speed-sedan,10000.0,10000.0,45,,,Sold,wa,WA,lot
2026-03-12T20:46:05.206505,https://www.grays.com/lot/0001-9067431/motor-vehicles-motor-cycles/2008-volkswagen-jetta-2-0-tdi-1km-turbo-diesel-auto-wovr-inspected,565.0,565.0,6,,,Sold,wa,WA,lot
2026-03-12T20:46:33.244156,https://www.grays.com/lot/0001-9067432/motor-vehicles-motor-cycles/2011-mazda-cx-7-classic-sports-automatic-wagon,409.0,409.0,8,,,Sold,wa,WA,lot
2026-03-12T20:46:50.540291,https://www.grays.com/lot/0001-9067433/motor-vehicles-motor-cycles/2008-holden-commodore-lumina-ve-automatic-sedan,509.0,509.0,10,,,Sold,wa,WA,lot
2026-03-12T20:47:12.192213,https://www.grays.com/lot/0001-9067434/motor-vehicles-motor-cycles/2003-mitsubishi-lancer-gli-1-8-ce-manual-coupe,509.0,509.0,11,,,Sold,wa,WA,lot
2026-03-12T20:47:37.202131,https://www.grays.com/lot/0001-9067435/motor-vehicles-motor-cycles/2009-holden-barina-tk-automatic-sedan-wovr-repairable,509.0,509.0,11,,,Sold,wa,WA,lot
2026-03-12T20:47:55.990986,https://www.grays.com/lot/0001-9067436/motor-vehicles-motor-cycles/2005-jeep-grand-cherokee-laredo-wh-turbo-diesel-automatic-wagon,1200.0,1200.0,13,,,Sold,wa,WA,lot
2026-03-12T20:48:21.520042,https://www.grays.com/lot/0001-9067437/motor-vehicles-motor-cycles/2004-holden-commodore-executive-vy-automatic-wagon,709.0,709.0,13,,,Sold,wa,WA,lot
2026-03-12T20:48:38.274063,https://www.grays.com/lot/0001-9067439/motor-vehicles-motor-cycles/2009-holden-captiva-sx-awd-cg-automatic-7-seats-wagon,600.0,600.0,9,,,Sold,wa,WA,lot
2026-03-12T20:48:54.115313,https://www.grays.com/lot/0001-9067446/motor-vehicles-motor-cycles/2008-mitsubishi-lancer-es-cj-manual-sedan,909.0,909.0,14,,,Sold,wa,WA,lot
2026-03-12T20:49:08.976410,https://www.grays.com/lot/0001-9067448/motor-vehicles-motor-cycles/2000-nissan-patrol-st-3-0-gu-ii-turbo-diesel-manual-7-seats-wagon,1409.0,1409.0,22,,,Sold,wa,WA,lot
2026-03-12T20:49:31.765500,https://www.grays.com/lot/0001-9067451/motor-vehicles-motor-cycles/2004-hsv-clubsport-vy-automatic-sedan-wovr-statutory,15100.0,15100.0,119,,,Sold,wa,WA,lot
2026-03-12T20:49:59.006423,https://www.grays.com/lot/0001-9067452/motor-vehicles-motor-cycles/2006-ford-falcon-rtv-bf-automatic-ute,2909.0,2909.0,36,,,Sold,wa,WA,lot
2026-03-12T20:50:11.734089,https://www.grays.com/lot/0001-9067453/motor-vehicles-motor-cycles/2015-land-rover-discovery-sport-si4-se-automatic-wagon,12700.0,12700.0,149,,,Sold,wa,WA,lot
2026-03-12T20:50:23.546233,https://www.grays.com/lot/0001-9067454/motor-vehicles-motor-cycles/2019-kia-cerato-s-bd-automatic-sedan,7000.0,7000.0,53,,,Sold,wa,WA,lot
2026-03-12T20:50:38.247770,https://www.grays.com/lot/0001-9067455/motor-vehicles-motor-cycles/2013-volvo-xc90-3-2-r-design-automatic-7-seats-wagon,6700.0,6700.0,80,,,Sold,wa,WA,lot
2026-03-12T20:51:06.508611,https://www.grays.com/lot/0150-5062196/motor-vehicles-motor-cycles/2008-nissan-patrol-y61-commercial-4wd-manual-ute,2200.0,2200.0,27,,,Sold,nsw,NSW,lot
2026-03-12T22:01:06.439017+00:00,https://www.grays.com/lot/0001-21063801/motor-vehicles-motor-cycles/2017-holden-barina-ls-tm-automatic-hatchback-ex-gov,6700.0,6700.0,102,3d 10h 58m55s,82.982,Active,vic,VIC,lot
2026-03-12T22:57:06.198355+00:00,https://www.grays.com/lot/0001-10352897/motor-vehicles-motor-cycles/2006-mercedes-benz-e-class-e280-cdi-elegance-s211-automatic-7-seats-wagon,409.0,409.0,7,2d 10h 2m56s,58.049,Active,nsw,NSW,lot
2026-03-12T22:57:57.987246+00:00,https://www.grays.com/lot/0001-10352928/motor-vehicles-motor-cycles/2004-honda-integra-type-s-manual-hatchback,3660.0,3660.0,54,2d 10h 2m3s,58.034,Active,nsw,NSW,lot
2026-03-12T22:59:13.992564+00:00,https://www.grays.com/lot/0001-10352930/motor-vehicles-motor-cycles/2021-toyota-landcruiser-gxl-vdj79r-turbo-diesel-manual-crew-cab-chassis,42900.0,42900.0,41,5d 10h 0m48s,130.013,Active,nsw,NSW,lot
2026-03-12T22:59:40.960650+00:00,https://www.grays.com/lot/0001-10352931/motor-vehicles-motor-cycles/2012-kia-sportage-si-sl-automatic-wagon,9.0,9.0,2,2d 10h 0m21s,58.006,Active,nsw,NSW,lot
2026-03-12T23:02:05.068780+00:00,https://www.grays.com/lot/0001-10352958/motor-vehicles-motor-cycles/2018-honda-hr-v-vti-cvt-wagon,8100.0,8100.0,91,3d 10h 2m56s,82.049,Active,nsw,NSW,lot
2026-03-12T23:02:24.266816+00:00,https://www.grays.com/lot/0001-10352959/motor-vehicles-motor-cycles/2018-audi-a3-1-4-tfsi-cod-8v-automatic-hatchback-pinkslip-issued-5-3-26,6800.0,6800.0,58,2d 9h 57m37s,57.96,Active,nsw,NSW,lot
2026-03-12T23:02:50.689486+00:00,https://www.grays.com/lot/0001-10352960/motor-vehicles-motor-cycles/2016-toyota-rav-4-fwd-gx-zsa42r-cvt-wagon,6200.0,6200.0,43,2d 9h 57m12s,57.953,Active,nsw,NSW,lot
2026-03-12T23:03:14.491223+00:00,https://www.grays.com/lot/0001-10352961/motor-vehicles-motor-cycles/2012-kia-sportage-sli-sl-turbo-diesel-automatic-wagon,1900.0,1900.0,20,2d 9h 56m48s,57.947,Active,nsw,NSW,lot
2026-03-12T23:03:38.607400+00:00,https://www.grays.com/lot/0001-10352969/motor-vehicles-motor-cycles/2003-ford-falcon-futura-ba-automatic-sedan,9.0,9.0,1,4d 9h 56m24s,105.94,Active,nsw,NSW,lot
2026-03-12T23:04:21.770222+00:00,https://www.grays.com/lot/0001-10352970/motor-vehicles-motor-cycles/2019-volkswagen-amarok-tdi580-ultimate-2h-turbo-diesel-auto,409.0,409.0,5,4d 9h 55m40s,105.928,Active,nsw,NSW,lot
2026-03-12T23:04:54.353055+00:00,https://www.grays.com/lot/0001-10352971/motor-vehicles-motor-cycles/2015-subaru-forester-2-5i-s-s4-cvt-wagon,9.0,9.0,0,4d 10h 0m8s,106.002,Active,nsw,NSW,lot
2026-03-12T23:05:17.391171+00:00,https://www.grays.com/lot/0001-10352972/motor-vehicles-motor-cycles/2015-jeep-grand-cherokee-laredo-4x4-wk-t-diesel-automatic-8-speed-wagon,909.0,909.0,13,3d 9h 54m44s,81.912,Active,nsw,NSW,lot
2026-03-12T23:05:52.352354+00:00,https://www.grays.com/lot/0001-10352982/motor-vehicles-motor-cycles/2009-subaru-tribeca-3-6r-b9-automatic-7-seats-wagon,9.0,9.0,0,3d 9h 54m10s,81.903,Active,nsw,NSW,lot
2026-03-12T23:06:12.642234+00:00,https://www.grays.com/lot/0001-10352984/motor-vehicles-motor-cycles/2012-subaru-impreza-2-0i-g4-manual-hatchback,9.0,9.0,1,3d 9h 53m50s,81.897,Active,nsw,NSW,lot
2026-03-12T23:06:28.102967+00:00,https://www.grays.com/lot/0001-10352985/motor-vehicles-motor-cycles/2014-ford-kuga-awd-ambiente-tf-automatic-wagon,109.0,109.0,2,3d 9h 53m35s,81.893,Active,nsw,NSW,lot
2026-03-12T23:07:05.144602+00:00,https://www.grays.com/lot/0001-10352986/motor-vehicles-motor-cycles/2015-mazda-cx-5-maxx-sport-ke-turbo-diesel-automatic-wagon,3000.0,3000.0,2,3d 9h 52m57s,81.882,Active,nsw,NSW,lot
2026-03-12T23:07:34.609506+00:00,https://www.grays.com/lot/0001-10352987/motor-vehicles-motor-cycles/2005-toyota-hiace-lwb-trh201r-automatic-van,409.0,409.0,6,3d 9h 52m27s,81.874,Active,nsw,NSW,lot
2026-03-12T23:08:01.783252+00:00,https://www.grays.com/lot/0001-10352989/motor-vehicles-motor-cycles/2021-skoda-octavia-110tsi-style-nx-automatic-8-speed-wagon,3200.0,3200.0,30,3d 9h 52m1s,81.867,Active,nsw,NSW,lot
2026-03-12T23:08:29.966761+00:00,https://www.grays.com/lot/0001-10353001/motor-vehicles-motor-cycles/2021-mazda-cx-5-gt-kf-automatic-wagon,9.0,9.0,0,3d 9h 51m34s,81.859,Active,nsw,NSW,lot
2026-03-12T23:09:27.488971+00:00,https://www.grays.com/lot/0001-21063519/motor-vehicles-motor-cycles/2007-ford-territory-tx-sy-automatic-7-seats-wagon,609.0,609.0,12,2d 9h 50m35s,57.843,Active,vic,VIC,lot
2026-03-12T23:10:09.137728+00:00,https://www.grays.com/lot/0001-21063665/motor-vehicles-motor-cycles/2015-mazda-cx-5-akera-ke-turbo-diesel-automatic-wagon,3100.0,3100.0,45,2d 9h 49m53s,57.831,Active,vic,VIC,lot
2026-03-12T23:10:30.930952+00:00,https://www.grays.com/lot/0001-21063787/motor-vehicles-motor-cycles/2010-toyota-camry-altise-acv40r-automatic-sedan,1409.0,1409.0,26,2d 9h 49m32s,57.826,Active,vic,VIC,lot
2026-03-12T23:10:45.271198+00:00,https://www.grays.com/lot/0001-21063801/motor-vehicles-motor-cycles/2017-holden-barina-ls-tm-automatic-hatchback-ex-gov,6700.0,6700.0,102,3d 9h 49m18s,81.822,Active,vic,VIC,lot
2026-03-12T23:11:22.356113+00:00,https://www.grays.com/lot/0001-21063881/motor-vehicles-motor-cycles/2013-toyota-camry-atara-s-asv50r-automatic-sedan,1109.0,1109.0,12,2d 9h 53m41s,57.895,Active,vic,VIC,lot
2026-03-12T23:11:40.485681+00:00,https://www.grays.com/lot/0001-21063889/motor-vehicles-motor-cycles/2009-toyota-landcruiser-prado-kakudu-kdj150r-automatic-7-seats-wagon,8300.0,8300.0,114,2d 9h 48m22s,57.806,Active,vic,VIC,lot
2026-03-12T23:12:04.948427+00:00,https://www.grays.com/lot/0001-21063914/motor-vehicles-motor-cycles/2014-volkswagen-jetta-118tsi-1b-automatic-sedan,9.0,9.0,0,4d 9h 47m57s,105.799,Active,vic,VIC,lot
2026-03-12T23:12:31.175389+00:00,https://www.grays.com/lot/0001-21063922/motor-vehicles-motor-cycles/2014-mazda-3-sp25-gt-bm-automatic-hatchback,6900.0,6900.0,111,3d 9h 47m32s,81.792,Active,vic,VIC,lot
2026-03-12T23:12:53.550235+00:00,https://www.grays.com/lot/0001-21063923/motor-vehicles-motor-cycles/2001-ford-fairlane-ghia-au-ii-automatic-sedan,109.0,109.0,3,2d 9h 52m9s,57.869,Active,vic,VIC,lot
2026-03-12T23:13:14.794467+00:00,https://www.grays.com/lot/0001-21063927/motor-vehicles-motor-cycles/2015-volkswagen-polo-gti-6r-automatic-hatchback,3109.0,3109.0,41,2d 9h 46m48s,57.78,Active,vic,VIC,lot
2026-03-12T23:13:33.953865+00:00,https://www.grays.com/lot/0001-21063928/motor-vehicles-motor-cycles/2011-hyundai-ix35-elite-awd-lm-automatic-wagon,309.0,309.0,6,2d 9h 46m30s,57.775,Active,vic,VIC,lot
2026-03-12T23:13:54.311088+00:00,https://www.grays.com/lot/0001-21063929/motor-vehicles-motor-cycles/2011-kia-sorento-platinum-xm-turbo-diesel-automatic-7-seats-wagon,1209.0,1209.0,18,2d 9h 46m7s,57.769,Active,vic,VIC,lot
2026-03-12T23:14:40.347178+00:00,https://www.grays.com/lot/0001-21063930/motor-vehicles-motor-cycles/2015-ford-transit-custom-290s-swb-vn-turbo-diesel-manual-van,1609.0,1609.0,21,2d 9h 45m25s,57.757,Active,vic,VIC,lot
2026-03-12T23:15:05.400766+00:00,https://www.grays.com/lot/0001-21063955/motor-vehicles-motor-cycles/2013-ford-focus-sport-lw-ii-automatic-hatchback,9.0,9.0,0,3d 9h 44m57s,81.749,Active,vic,VIC,lot
2026-03-12T23:15:25.181910+00:00,https://www.grays.com/lot/0001-21063957/motor-vehicles-motor-cycles/2013-mitsubishi-triton-4x4-glx-r-mn-turbo-diesel-automatic-dual-cab,9.0,9.0,1,4d 9h 44m37s,105.744,Active,vic,VIC,lot
2026-03-12T23:15:41.272164+00:00,https://www.grays.com/lot/0001-21063968/motor-vehicles-motor-cycles/2013-ford-focus-trend-lw-ii-automatic-hatchback,650.0,650.0,10,2d 9h 44m22s,57.739,Active,vic,VIC,lot
2026-03-12T23:15:55.456580+00:00,https://www.grays.com/lot/0001-21063969/motor-vehicles-motor-cycles/2016-mazda-cx-9-azami-awd-tc-automatic-7-seats-wagon,11200.0,11200.0,129,2d 9h 44m7s,57.735,Active,vic,VIC,lot
2026-03-12T23:16:18.687695+00:00,https://www.grays.com/lot/0001-21063970/motor-vehicles-motor-cycles/2008-mercedes-benz-ml320cdi-w164-turbo-diesel-automatic-wagon,909.0,909.0,10,2d 9h 43m44s,57.729,Active,vic,VIC,lot
2026-03-12T23:16:33.507654+00:00,https://www.grays.com/lot/0001-21063973/motor-vehicles-motor-cycles/2014-hyundai-ix35-active-fwd-lm-automatic-wagon,609.0,609.0,7,2d 9h 43m28s,57.724,Active,vic,VIC,lot
2026-03-12T23:16:54.036921+00:00,https://www.grays.com/lot/0001-21063974/motor-vehicles-motor-cycles/2011-volkswagen-polo-66tdi-comfortline-6r-turbo-diesel-automatic-hatchback,1709.0,1709.0,32,2d 9h 43m7s,57.719,Active,vic,VIC,lot
2026-03-12T23:17:09.101724+00:00,https://www.grays.com/lot/0001-21063976/motor-vehicles-motor-cycles/2013-nissan-pathfinder-st-r52-cvt-7-seats,1050.0,1050.0,6,2d 9h 42m53s,57.715,Active,vic,VIC,lot
2026-03-12T23:17:17.927638+00:00,https://www.grays.com/lot/0001-21063980/motor-vehicles-motor-cycles/2014-volkswagen-golf-r-a7-automatic-hatchback,5100.0,5100.0,68,4d 9h 42m44s,105.712,Active,vic,VIC,lot
2026-03-12T23:17:35.347062+00:00,https://www.grays.com/lot/0001-21063982/motor-vehicles-motor-cycles/2010-hyundai-i30-sx-fd-automatic-hatchback,909.0,909.0,10,4d 9h 42m25s,105.707,Active,vic,VIC,lot
2026-03-12T23:17:53.879006+00:00,https://www.grays.com/lot/0001-21063984/motor-vehicles-motor-cycles/2010-hyundai-i45-active-yf-automatic-sedan,9.0,9.0,1,2d 9h 42m8s,57.702,Active,vic,VIC,lot
2026-03-12T23:18:04.059563+00:00,https://www.grays.com/lot/0001-21063985/motor-vehicles-motor-cycles/2012-mazda-bt-50-4x2-xt-turbo-diesel-tipper-tray-cab-chassis,209.0,209.0,3,3d 9h 41m58s,81.699,Active,vic,VIC,lot
2026-03-12T23:18:20.134645+00:00,https://www.grays.com/lot/0001-21063986/motor-vehicles-motor-cycles/2007-bmw-3-series-335i-e93-auto-rwc-issued-19-02-2026,1609.0,1609.0,27,2d 9h 41m42s,57.695,Active,vic,VIC,lot
2026-03-12T23:18:41.314944+00:00,https://www.grays.com/lot/0001-21063987/motor-vehicles-motor-cycles/2014-toyota-camry-hybrid-h-avv50r-cvt-sedan,3300.0,3300.0,8,2d 9h 41m24s,57.69,Active,vic,VIC,lot
2026-03-12T23:18:52.858731+00:00,https://www.grays.com/lot/0001-21063988/motor-vehicles-motor-cycles/2022-subaru-forester-hybrid-l-s5-cvt-wagon-ex-gov,15950.0,15950.0,119,2d 9h 41m9s,57.686,Active,vic,VIC,lot
2026-03-12T23:19:13.967606+00:00,https://www.grays.com/lot/0001-21063989/motor-vehicles-motor-cycles/2002-jeep-grand-cherokee-overland-wg-automatic-wagon,544.0,544.0,9,2d 9h 40m48s,57.68,Active,vic,VIC,lot
2026-03-12T23:19:33.851132+00:00,https://www.grays.com/lot/0001-21063990/motor-vehicles-motor-cycles/2006-mercedes-benz-s-class-s350-w221-automatic-sedan,2709.0,2709.0,45,2d 9h 40m32s,57.676,Active,vic,VIC,lot
2026-03-12T23:20:00.273977+00:00,https://www.grays.com/lot/0001-21063991/motor-vehicles-motor-cycles/2017-mazda-cx-3-s-touring-dk-automatic-wagon,5209.0,5209.0,81,2d 9h 40m9s,57.669,Active,vic,VIC,lot
2026-03-12T23:20:46.376562+00:00,https://www.grays.com/lot/0001-21063992/motor-vehicles-motor-cycles/2011-subaru-forester-x-s3-automatic-wagon,2125.0,2125.0,23,2d 9h 39m22s,57.656,Active,vic,VIC,lot
2026-03-12T23:21:00.203237+00:00,https://www.grays.com/lot/0001-21063993/motor-vehicles-motor-cycles/2016-volkswagen-golf-92tsi-a7-manual-hatchback,1109.0,1109.0,14,2d 9h 39m4s,57.651,Active,vic,VIC,lot
2026-03-12T23:21:15.025003+00:00,https://www.grays.com/lot/0001-21063994/motor-vehicles-motor-cycles/2015-hyundai-veloster-sr-turbo-fs-automatic-coupe,2409.0,2409.0,31,2d 9h 38m48s,57.647,Active,vic,VIC,lot
2026-03-12T23:22:17.181269+00:00,https://www.grays.com/lot/0001-21063995/motor-vehicles-motor-cycles/2015-volkswagen-golf-r-a7-manual-hatchback,4800.0,4800.0,68,2d 9h 37m47s,57.63,Active,vic,VIC,lot
2026-03-12T23:22:36.422853+00:00,https://www.grays.com/lot/0001-21063996/motor-vehicles-motor-cycles/2008-volkswagen-touareg-3-6-v6-fsi-7l-automatic-wagon,109.0,109.0,2,2d 9h 37m25s,57.624,Active,vic,VIC,lot
2026-03-12T23:22:49.565860+00:00,https://www.grays.com/lot/0001-21063997/motor-vehicles-motor-cycles/2012-toyota-kluger-4x2-kx-r-gsu40r-automatic-7-seats-wagon,5200.0,5200.0,71,2d 9h 37m14s,57.621,Active,vic,VIC,lot
2026-03-12T23:23:28.663992+00:00,https://www.grays.com/lot/0001-21063998/motor-vehicles-motor-cycles/2013-subaru-outback-2-5i-premium-b5a-cvt-wagon,4900.0,4900.0,43,2d 9h 36m37s,57.61,Active,vic,VIC,lot
2026-03-12T23:23:48.228093+00:00,https://www.grays.com/lot/0001-21063999/motor-vehicles-motor-cycles/2017-land-rover-range-rover-evoque-td4-se-dynamic-110kw-t-d-auto-wagon,4109.0,4109.0,59,2d 9h 36m15s,57.604,Active,vic,VIC,lot
2026-03-12T23:24:00.495693+00:00,https://www.grays.com/lot/0001-21064000/motor-vehicles-motor-cycles/2007-volkswagen-golf-gti-a5-automatic-hatchback,1309.0,1309.0,15,2d 9h 36m2s,57.601,Active,vic,VIC,lot
2026-03-12T23:24:10.622388+00:00,https://www.grays.com/lot/0001-21064001/motor-vehicles-motor-cycles/2014-ford-territory-ts-sz-turbo-diesel-automatic-7-seats-wagon,709.0,709.0,8,2d 9h 35m51s,57.598,Active,vic,VIC,lot
2026-03-12T23:24:20.490579+00:00,https://www.grays.com/lot/0001-21064002/motor-vehicles-motor-cycles/2015-audi-q3-1-4-tfsi-cod-8u-automatic-wagon,5409.0,5409.0,108,2d 9h 35m42s,57.595,Active,vic,VIC,lot
2026-03-12T23:24:42.573218+00:00,https://www.grays.com/lot/0001-21064003/motor-vehicles-motor-cycles/2014-mazda-6-atenza-gj-turbo-diesel-automatic-sedan,4809.0,4809.0,82,2d 9h 35m20s,57.589,Active,vic,VIC,lot
2026-03-12T23:25:12.540962+00:00,https://www.grays.com/lot/0001-21064005/motor-vehicles-motor-cycles/2007-kia-grand-carnival-vq-automatic-8-seats-people-mover,800.0,800.0,13,2d 9h 34m50s,57.581,Active,vic,VIC,lot
2026-03-12T23:25:25.778287+00:00,https://www.grays.com/lot/0001-21064006/motor-vehicles-motor-cycles/2010-toyota-landcruiser-prado-gxl-kdj150r-turbo-diesel-auto-7-seats-wagon,6100.0,6100.0,41,4d 9h 34m36s,105.577,Active,vic,VIC,lot
2026-03-12T23:25:55.754024+00:00,https://www.grays.com/lot/0001-21064008/motor-vehicles-motor-cycles/2015-nissan-qashqai-ts-j11-turbo-diesel-cvt-wagon,409.0,409.0,5,2d 9h 34m7s,57.569,Active,vic,VIC,lot
2026-03-12T23:26:07.517746+00:00,https://www.grays.com/lot/0001-21064009/motor-vehicles-motor-cycles/2010-audi-a7-3-0-tfsi-quattro-4g-automatic-hatchback,6000.0,6000.0,15,3d 9h 33m54s,81.565,Active,vic,VIC,lot
2026-03-12T23:26:20.444701+00:00,https://www.grays.com/lot/0001-21064010/motor-vehicles-motor-cycles/2014-toyota-corolla-ascent-zre182r-cvt-hatchback,2600.0,2600.0,17,2d 9h 33m42s,57.562,Active,vic,VIC,lot
2026-03-12T23:26:43.065376+00:00,https://www.grays.com/lot/0001-21064012/motor-vehicles-motor-cycles/2014-mini-cooper-countryman-s-r60-automatic-wagon,4775.0,4775.0,37,3d 9h 33m20s,81.556,Active,vic,VIC,lot
2026-03-12T23:27:03.366764+00:00,https://www.grays.com/lot/0001-21064013/motor-vehicles-motor-cycles/2010-audi-a5-2-0-tfsi-quattro-8t-automatic-coupe,209.0,209.0,4,3d 9h 32m59s,81.55,Active,vic,VIC,lot
2026-03-12T23:27:25.899678+00:00,https://www.grays.com/lot/0001-21064014/motor-vehicles-motor-cycles/2014-hyundai-i30-elite-gd-automatic-hatchback,209.0,209.0,3,3d 9h 32m37s,81.544,Active,vic,VIC,lot
2026-03-12T23:27:35.690535+00:00,https://www.grays.com/lot/0001-21064015/motor-vehicles-motor-cycles/2018-toyota-camry-ascent-hybrid-axvh71r-cvt-sedan,16100.0,16100.0,99,3d 9h 32m27s,81.541,Active,vic,VIC,lot
2026-03-12T23:27:55.631868+00:00,https://www.grays.com/lot/0001-21064022/motor-vehicles-motor-cycles/1998-volvo-c70-t5-manual-coupe,510.0,510.0,9,2d 9h 32m6s,57.535,Active,vic,VIC,lot
2026-03-12T23:28:17.568112+00:00,https://www.grays.com/lot/0001-21064024/motor-vehicles-motor-cycles/2014-bmw-x5-xdrive-35i-f15-automatic-8-speed-wagon,6100.0,6100.0,100,3d 9h 31m44s,81.529,Active,vic,VIC,lot
2026-03-12T23:28:40.728191+00:00,https://www.grays.com/lot/0001-21064025/motor-vehicles-motor-cycles/2012-volkswagen-golf-118tsi-comfortline-a6-manual-hatchback,9.0,9.0,1,3d 9h 31m22s,81.523,Active,vic,VIC,lot
2026-03-12T23:28:58.708180+00:00,https://www.grays.com/lot/0001-21064026/motor-vehicles-motor-cycles/2017-hyundai-accent-active-rb-cvt-sedan,2851.0,2851.0,32,3d 9h 31m4s,81.518,Active,vic,VIC,lot
2026-03-12T23:29:09.409685+00:00,https://www.grays.com/lot/0001-21064027/motor-vehicles-motor-cycles/2003-lexus-rx-rx330-sports-mcu38r-automatic-wagon,1209.0,1209.0,18,2d 9h 30m52s,57.514,Active,vic,VIC,lot
2026-03-12T23:29:19.294178+00:00,https://www.grays.com/lot/0001-21064030/motor-vehicles-motor-cycles/2008-land-rover-discovery-3-se-series-3-automatic-7-seats-wagon,909.0,909.0,15,2d 9h 30m43s,57.512,Active,vic,VIC,lot
2026-03-12T23:29:30.010844+00:00,https://www.grays.com/lot/0001-21064032/motor-vehicles-motor-cycles/2010-mercedes-benz-clc-class-200k-cl203-automatic-coupe,609.0,609.0,7,3d 9h 30m33s,81.509,Active,vic,VIC,lot
2026-03-12T23:29:40.537457+00:00,https://www.grays.com/lot/0001-21064033/motor-vehicles-motor-cycles/2009-holden-sportwagon-ss-ve-automatic-wagon,4100.0,4100.0,29,3d 9h 30m22s,81.506,Active,vic,VIC,lot
2026-03-12T23:30:06.247944+00:00,https://www.grays.com/lot/0001-21064034/motor-vehicles-motor-cycles/2009-holden-ute-omega-ve-automatic-ute,1009.0,1009.0,18,2d 9h 29m57s,57.499,Active,vic,VIC,lot
2026-03-12T23:30:18.172029+00:00,https://www.grays.com/lot/0001-21064035/motor-vehicles-motor-cycles/2014-ford-focus-sport-lw-ii-automatic-hatchback,2609.0,2609.0,48,3d 9h 29m45s,81.496,Active,vic,VIC,lot
2026-03-12T23:30:41.494419+00:00,https://www.grays.com/lot/0001-21064036/motor-vehicles-motor-cycles/2011-hyundai-ix35-active-fwd-lm-automatic-wagon,700.0,700.0,11,3d 9h 29m21s,81.489,Active,vic,VIC,lot
2026-03-12T23:30:51.120197+00:00,https://www.grays.com/lot/0001-21064037/motor-vehicles-motor-cycles/2009-mazda-3-maxx-sport-bl-automatic-hatchback,3305.0,3305.0,16,3d 9h 29m11s,81.486,Active,vic,VIC,lot
2026-03-12T23:31:11.454735+00:00,https://www.grays.com/lot/0001-21064038/motor-vehicles-motor-cycles/2016-hyundai-accent-active-rb-cvt-hatchback,1209.0,1209.0,21,2d 9h 28m50s,57.481,Active,vic,VIC,lot
2026-03-12T23:31:23.740602+00:00,https://www.grays.com/lot/0001-21064040/motor-vehicles-motor-cycles/2012-subaru-tribeca-3-6r-premium-b9-automatic-7-seats-wagon,409.0,409.0,5,2d 9h 28m38s,57.477,Active,vic,VIC,lot
2026-03-12T23:31:52.807063+00:00,https://www.grays.com/lot/0001-21064041/motor-vehicles-motor-cycles/2014-volkswagen-golf-r-a7-automatic-hatchback,1909.0,1909.0,22,2d 9h 28m11s,57.47,Active,vic,VIC,lot
2026-03-12T23:32:05.997639+00:00,https://www.grays.com/lot/0001-21064043/motor-vehicles-motor-cycles/2015-hyundai-accent-active-rb-cvt-hatchback,409.0,409.0,7,2d 9h 37m56s,57.632,Active,vic,VIC,lot
2026-03-12T23:32:22.662395+00:00,https://www.grays.com/lot/0001-21064045/motor-vehicles-motor-cycles/2009-bmw-123d-e88-turbo-diesel-automatic-convertible,9.0,9.0,0,4d 9h 32m40s,105.544,Active,vic,VIC,lot
2026-03-12T23:32:35.501953+00:00,https://www.grays.com/lot/0001-21064046/motor-vehicles-motor-cycles/2008-bmw-120i-e88-automatic-convertible,509.0,509.0,6,3d 9h 32m26s,81.541,Active,vic,VIC,lot
2026-03-12T23:32:49.188089+00:00,https://www.grays.com/lot/0001-21064048/motor-vehicles-motor-cycles/2012-volkswagen-tiguan-155-tsi-5n-automatic-wagon,209.0,209.0,3,3d 9h 32m14s,81.537,Active,vic,VIC,lot
2026-03-12T23:33:00.126196+00:00,https://www.grays.com/lot/0001-21064049/motor-vehicles-motor-cycles/2015-bmw-1-series-125i-f20-automatic-8-speed-hatchback,2400.0,2400.0,14,4d 9h 32m2s,105.534,Active,vic,VIC,lot
2026-03-12T23:33:13.931774+00:00,https://www.grays.com/lot/0001-21064051/motor-vehicles-motor-cycles/2007-jaguar-x-type-2-1-le-x400-automatic-sedan,9.0,9.0,1,3d 9h 26m48s,81.447,Active,vic,VIC,lot
2026-03-12T23:33:38.386748+00:00,https://www.grays.com/lot/0001-21064052/motor-vehicles-motor-cycles/2002-mercedes-benz-e320-elegance-w211-automatic-sedan,709.0,709.0,8,3d 9h 26m25s,81.44,Active,vic,VIC,lot
2026-03-12T23:33:53.573213+00:00,https://www.grays.com/lot/0001-21064053/motor-vehicles-motor-cycles/2010-toyota-aurion-sportivo-zr6-gsv40r-automatic-sedan,2700.0,2700.0,23,3d 9h 26m8s,81.436,Active,vic,VIC,lot
2026-03-12T23:34:07.268124+00:00,https://www.grays.com/lot/0001-21064054/motor-vehicles-motor-cycles/2010-volkswagen-golf-gti-a6-manual-hatchback,2200.0,2200.0,23,3d 9h 25m55s,81.432,Active,vic,VIC,lot
2026-03-12T23:34:33.355514+00:00,https://www.grays.com/lot/0001-21064055/motor-vehicles-motor-cycles/2010-audi-q5-3-0-tdi-quattro-8r-turbo-diesel-automatic-wagon,700.0,700.0,4,3d 9h 55m28s,81.924,Active,vic,VIC,lot
2026-03-12T23:34:44.189156+00:00,https://www.grays.com/lot/0001-21064056/motor-vehicles-motor-cycles/2010-bmw-x5-xdrive-30d-e70-lci-turbo-diesel-automatic-8-speed-wagon,309.0,309.0,4,4d 9h 25m19s,105.422,Active,vic,VIC,lot
2026-03-12T23:35:09.607023+00:00,https://www.grays.com/lot/0001-21064057/motor-vehicles-motor-cycles/2013-holden-cruze-cd-jh-automatic-sedan,100.0,100.0,1,3d 9h 24m52s,81.414,Active,vic,VIC,lot
2026-03-12T23:35:25.960295+00:00,https://www.grays.com/lot/0001-21064058/motor-vehicles-motor-cycles/2011-volkswagen-passat-125tdi-highline-3c-turbo-diesel-automatic-wagon,9.0,9.0,2,4d 9h 24m37s,105.41,Active,vic,VIC,lot
2026-03-12T23:36:15.064042+00:00,https://www.grays.com/lot/0001-21064059/motor-vehicles-motor-cycles/2016-audi-q3-1-4-tfsi-cod-8u-automatic-wagon,1409.0,1409.0,19,3d 9h 23m48s,81.397,Active,vic,VIC,lot
2026-03-12T23:36:28.942191+00:00,https://www.grays.com/lot/0001-21064060/motor-vehicles-motor-cycles/2016-land-rover-range-rover-sport-3-0-v6sc-hse-auto-8-speed-7-seats-wagon,7909.0,7909.0,141,3d 9h 23m33s,81.393,Active,vic,VIC,lot
2026-03-12T23:37:04.581655+00:00,https://www.grays.com/lot/0001-21064061/motor-vehicles-motor-cycles/2000-nissan-patrol-st-3-0-gu-ii-turbo-diesel-automatic-7-seats-wagon,9.0,9.0,1,3d 9h 22m58s,81.383,Active,vic,VIC,lot
2026-03-12T23:37:15.636659+00:00,https://www.grays.com/lot/0001-21064063/motor-vehicles-motor-cycles/2018-toyota-land-cruiser-manual-wagon,25100.0,25100.0,41,3d 9h 22m46s,81.379,Active,vic,VIC,lot
2026-03-12T23:37:32.503067+00:00,https://www.grays.com/lot/0001-21064064/motor-vehicles-motor-cycles/2010-nissan-navara-rx-4x2-double-cab-d40-turbo-diesel-manual-dual-cab,9.0,9.0,1,3d 9h 22m31s,81.375,Active,vic,VIC,lot
2026-03-12T23:37:54.027127+00:00,https://www.grays.com/lot/0001-21064067/motor-vehicles-motor-cycles/2009-toyota-corolla-conquest-zre152r-manual-hatchback,9.0,9.0,1,3d 9h 22m8s,81.369,Active,vic,VIC,lot
2026-03-12T23:38:15.369358+00:00,https://www.grays.com/lot/0001-21064068/motor-vehicles-motor-cycles/2015-ford-ranger-xl-4x2-hi-rider-px-turbo-diesel-automatic-dual-cab,409.0,409.0,5,3d 9h 21m48s,81.363,Active,vic,VIC,lot
2026-03-12T23:38:28.596682+00:00,https://www.grays.com/lot/0001-21064069/motor-vehicles-motor-cycles/2017-audi-q5-2-0-tdi-quattro-sprt-80a-turbo-diesel-automatic-wagon,309.0,309.0,4,3d 9h 21m34s,81.359,Active,vic,VIC,lot
2026-03-12T23:38:40.123959+00:00,https://www.grays.com/lot/0001-21064071/motor-vehicles-motor-cycles/2012-ford-territory-titanium-sz-turbo-diesel-automatic-wagon,9.0,9.0,1,3d 9h 21m22s,81.356,Active,vic,VIC,lot
2026-03-12T23:38:58.539843+00:00,https://www.grays.com/lot/0001-21064072/motor-vehicles-motor-cycles/2015-ford-territory-ts-sz-ii-turbo-diesel-automatic-7-seats-wagon,1609.0,1609.0,33,3d 9h 21m3s,81.351,Active,vic,VIC,lot
2026-03-12T23:39:17.190184+00:00,https://www.grays.com/lot/0001-21064075/motor-vehicles-motor-cycles/2020-mitsubishi-triton-util-awd-automatic-ute,14750.0,14750.0,47,5d 9h 20m47s,129.346,Active,vic,VIC,lot
2026-03-12T23:39:39.097161+00:00,https://www.grays.com/lot/0001-21064076/motor-vehicles-motor-cycles/2008-subaru-liberty-gt-spec-b-b4-automatic-wagon,409.0,409.0,5,3d 9h 20m26s,81.341,Active,vic,VIC,lot
2026-03-12T23:40:15.796692+00:00,https://www.grays.com/lot/0001-21064077/motor-vehicles-motor-cycles/2010-nissan-x-trail-st-t31-cvt-wagon,9.0,9.0,1,3d 9h 19m48s,81.33,Active,vic,VIC,lot
2026-03-12T23:40:32.161606+00:00,https://www.grays.com/lot/0001-21064078/motor-vehicles-motor-cycles/2007-toyota-kluger-4x4-grande-gsu45r-automatic-7-seats-wagon,109.0,109.0,2,3d 9h 19m32s,81.326,Active,vic,VIC,lot
2026-03-12T23:41:10.731204+00:00,https://www.grays.com/lot/0001-21064079/motor-vehicles-motor-cycles/2009-toyota-camry-altise-acv40r-automatic-sedan,1009.0,1009.0,11,3d 9h 18m55s,81.315,Active,vic,VIC,lot
2026-03-12T23:41:25.332522+00:00,https://www.grays.com/lot/0001-21064081/motor-vehicles-motor-cycles/2015-bmw-x4-xdrive-30d-f26-turbo-diesel-automatic-8-speed-coupe,3600.0,3600.0,7,4d 9h 18m38s,105.311,Active,vic,VIC,lot
2026-03-12T23:41:42.727079+00:00,https://www.grays.com/lot/0001-21064082/motor-vehicles-motor-cycles/2011-volkswagen-golf-90tsi-trendline-a6-automatic-hatchback,9.0,9.0,1,3d 9h 18m21s,81.306,Active,vic,VIC,lot
2026-03-12T23:41:56.527939+00:00,https://www.grays.com/lot/0001-21064083/motor-vehicles-motor-cycles/2011-volkswagen-tiguan-155-tsi-5n-automatic-wagon,309.0,309.0,4,3d 9h 18m6s,81.302,Active,vic,VIC,lot
2026-03-12T23:42:09.821767+00:00,https://www.grays.com/lot/0001-21064084/motor-vehicles-motor-cycles/2006-mercedes-benz-gl320cdi-x164-turbo-diesel-automatic-7-seats-wagon,809.0,809.0,17,3d 9h 17m52s,81.298,Active,vic,VIC,lot
2026-03-12T23:42:25.041685+00:00,https://www.grays.com/lot/0001-21064085/motor-vehicles-motor-cycles/2006-mazda-tribute-3-0-v6-luxury-pack-automatic-wagon,109.0,109.0,2,3d 9h 17m39s,81.294,Active,vic,VIC,lot
2026-03-12T23:42:41.058446+00:00,https://www.grays.com/lot/0001-21064086/motor-vehicles-motor-cycles/2009-mercedes-benz-clc-200k-cl203-automatic-coupe,9.0,9.0,1,3d 9h 17m22s,81.289,Active,vic,VIC,lot
2026-03-12T23:42:59.902788+00:00,https://www.grays.com/lot/0001-21064087/motor-vehicles-motor-cycles/2010-ford-falcon-g6e-fg-automatic-sedan,1800.0,1800.0,22,3d 9h 17m5s,81.285,Active,vic,VIC,lot
2026-03-12T23:43:19.357067+00:00,https://www.grays.com/lot/0001-21064088/motor-vehicles-motor-cycles/2011-volvo-xc60-t5-automatic-wagon,509.0,509.0,11,3d 9h 16m45s,81.279,Active,vic,VIC,lot
2026-03-12T23:43:33.325744+00:00,https://www.grays.com/lot/0001-21064089/motor-vehicles-motor-cycles/2012-ford-ranger-xl-4x2-hi-rider-px-turbo-diesel-automatic-cab-chassis,109.0,109.0,2,3d 9h 16m29s,81.275,Active,vic,VIC,lot
2026-03-12T23:43:43.697603+00:00,https://www.grays.com/lot/0001-21064090/motor-vehicles-motor-cycles/2013-bmw-520i-m-sports-f10-lci-automatic-8-speed-sedan,7560.0,7560.0,11,3d 9h 16m18s,81.272,Active,vic,VIC,lot
2026-03-12T23:44:01.147315+00:00,https://www.grays.com/lot/0001-21064091/motor-vehicles-motor-cycles/2019-volkswagen-crafter-35-mwb-tdi410-fwd-turbo-diesel-at-8-speed-van,5100.0,5100.0,56,3d 9h 16m1s,81.267,Active,vic,VIC,lot
2026-03-12T23:44:12.156496+00:00,https://www.grays.com/lot/0001-21064092/motor-vehicles-motor-cycles/2015-bmw-x5-xdrive-30d-f15-turbo-diesel-automatic-8-speed-wagon,3009.0,3009.0,53,3d 9h 15m50s,81.264,Active,vic,VIC,lot
2026-03-12T23:44:27.626363+00:00,https://www.grays.com/lot/0001-21064093/motor-vehicles-motor-cycles/2012-ford-territory-ts-sz-turbo-diesel-automatic-wagon,309.0,309.0,4,3d 9h 15m35s,81.26,Active,vic,VIC,lot
2026-03-12T23:44:38.099210+00:00,https://www.grays.com/lot/0001-21064094/motor-vehicles-motor-cycles/2006-volkswagen-jetta-2-0-tdi-1km-turbo-diesel-automatic-sedan,9.0,9.0,0,4d 9h 15m25s,105.257,Active,vic,VIC,lot
2026-03-12T23:44:47.964403+00:00,https://www.grays.com/lot/0001-21064095/motor-vehicles-motor-cycles/2010-great-wall-x240-4x4-manual-wagon,109.0,109.0,2,3d 9h 15m14s,81.254,Active,vic,VIC,lot
2026-03-12T23:44:57.012115+00:00,https://www.grays.com/lot/0001-21064096/motor-vehicles-motor-cycles/2012-holden-cruze-cd-jh-automatic-sedan,9.0,9.0,0,4d 9h 15m5s,105.251,Active,vic,VIC,lot
2026-03-12T23:45:07.417921+00:00,https://www.grays.com/lot/0001-21064097/motor-vehicles-motor-cycles/2013-bmw-x5-xdrive-30d-e70-lci-turbo-diesel-automatic-8-speed-wagon,409.0,409.0,5,4d 9h 14m55s,105.249,Active,vic,VIC,lot
2026-03-12T23:45:23.701374+00:00,https://www.grays.com/lot/0001-21064098/motor-vehicles-motor-cycles/2007-ford-falcon-rtv-bf-ii-automatic-cab-chassis,409.0,409.0,4,3d 9h 14m38s,81.244,Active,vic,VIC,lot
2026-03-12T23:45:35.886830+00:00,https://www.grays.com/lot/0001-21064100/motor-vehicles-motor-cycles/2014-volkswagen-tiguan-118-tsi-5n-manual-wagon,609.0,609.0,11,4d 9h 14m26s,105.241,Active,vic,VIC,lot
2026-03-12T23:45:58.035814+00:00,https://www.grays.com/lot/0001-21064101/motor-vehicles-motor-cycles/2018-fiat-500-x-pop-star-series-2-automatic-wagon,809.0,809.0,11,4d 9h 14m4s,105.234,Active,vic,VIC,lot
2026-03-12T23:46:08.242048+00:00,https://www.grays.com/lot/0001-21064102/motor-vehicles-motor-cycles/2013-nissan-murano-st-z51-cvt-wagon,309.0,309.0,4,3d 9h 13m54s,81.232,Active,vic,VIC,lot
2026-03-12T23:46:26.361220+00:00,https://www.grays.com/lot/0001-21064103/motor-vehicles-motor-cycles/2015-audi-q3-1-4-tfsi-cod-8u-automatic-wagon,309.0,309.0,4,3d 9h 13m36s,81.227,Active,vic,VIC,lot
2026-03-12T23:46:35.552305+00:00,https://www.grays.com/lot/0001-21064104/motor-vehicles-motor-cycles/2016-mitsubishi-outlander-ls-4wd-zk-cvt-wagon-rwc-issued-05-03-2026,2000.0,2000.0,21,4d 9h 18m26s,105.307,Active,vic,VIC,lot
2026-03-12T23:46:52.032881+00:00,https://www.grays.com/lot/0001-21064105/motor-vehicles-motor-cycles/2013-audi-q7-3-0-tdi-quattro-turbo-diesel-automatic-8-speed-7-seats-wagon,709.0,709.0,15,4d 9h 18m11s,105.303,Active,vic,VIC,lot
2026-03-12T23:47:10.503646+00:00,https://www.grays.com/lot/0001-21064109/motor-vehicles-motor-cycles/2008-mercedes-benz-c63-amg-w204-automatic-sedan,5100.0,5100.0,67,4d 9h 17m52s,105.298,Active,vic,VIC,lot
2026-03-12T23:47:25.671030+00:00,https://www.grays.com/lot/0001-21064115/motor-vehicles-motor-cycles/2005-mercedes-benz-e350-elegance-s211-automatic-7-seats-wagon,9.0,9.0,1,3d 9h 22m36s,81.377,Active,vic,VIC,lot
2026-03-12T23:47:43.313094+00:00,https://www.grays.com/lot/0001-21064116/motor-vehicles-motor-cycles/2003-volvo-s60-2-4-t-awd-automatic-sedan,9.0,9.0,0,4d 9h 12m18s,105.205,Active,vic,VIC,lot
2026-03-12T23:48:01.599455+00:00,https://www.grays.com/lot/0001-21064117/motor-vehicles-motor-cycles/2016-kia-carnival-si-yp-automatic-8-seats-people-mover,4000.0,4000.0,2,4d 9h 12m1s,105.2,Active,vic,VIC,lot
2026-03-12T23:48:11.790499+00:00,https://www.grays.com/lot/0001-21064118/motor-vehicles-motor-cycles/2005-volvo-xc90-t6-automatic-7-seats-wagon,9.0,9.0,1,4d 9h 11m51s,105.198,Active,vic,VIC,lot
2026-03-12T23:48:26.126619+00:00,https://www.grays.com/lot/0001-21064119/motor-vehicles-motor-cycles/2005-mercedes-benz-slk350-r171-automatic-convertible,2209.0,2209.0,30,4d 9h 11m37s,105.194,Active,vic,VIC,lot
2026-03-12T23:48:42.099495+00:00,https://www.grays.com/lot/0001-21064121/motor-vehicles-motor-cycles/2003-mitsubishi-outlander-xls-ze-automatic-wagon,9.0,9.0,0,4d 9h 11m20s,105.189,Active,vic,VIC,lot
2026-03-12T23:48:55.253035+00:00,https://www.grays.com/lot/0001-21064122/motor-vehicles-motor-cycles/2018-toyota-kluger-4x2-gx-gsu50r-automatic-8-speed-7-seats-wagon,2912.0,2912.0,33,4d 9h 11m9s,105.186,Active,vic,VIC,lot
2026-03-12T23:49:04.881514+00:00,https://www.grays.com/lot/0001-21064123/motor-vehicles-motor-cycles/2022-mg-hs-vibe-automatic-wagon,11509.0,11509.0,0,4d 9h 10m58s,105.183,Active,vic,VIC,lot
2026-03-12T23:49:17.104930+00:00,https://www.grays.com/lot/0001-21064124/motor-vehicles-motor-cycles/2010-mercedes-benz-sprinter-313-cdi-swb-l-roof-turbo-diesel-manual-van,309.0,309.0,4,4d 9h 10m46s,105.179,Active,vic,VIC,lot
2026-03-12T23:49:46.966477+00:00,https://www.grays.com/lot/0001-21064127/motor-vehicles-motor-cycles/2015-bmw-x5-xdrive-30d-f15-turbo-diesel-automatic-8-speed-wagon,3000.0,3000.0,18,6d 9h 10m14s,153.171,Active,vic,VIC,lot
2026-03-12T23:50:02.494581+00:00,https://www.grays.com/lot/0001-21064128/motor-vehicles-motor-cycles/2013-infiniti-q70-hybrid-gt-premium-y51-automatic-sedan,109.0,109.0,2,4d 9h 9m59s,105.166,Active,vic,VIC,lot
2026-03-12T23:50:13.356622+00:00,https://www.grays.com/lot/0001-21064129/motor-vehicles-motor-cycles/2016-hyundai-elantra-active-ad-automatic-sedan,9.0,9.0,0,4d 9h 9m49s,105.164,Active,vic,VIC,lot
2026-03-12T23:50:28.513077+00:00,https://www.grays.com/lot/0001-21064131/motor-vehicles-motor-cycles/2017-skoda-yeti-81tsi-5l-manual-wagon,9.0,9.0,1,4d 9h 9m34s,105.159,Active,vic,VIC,lot
2026-03-12T23:50:37.833069+00:00,https://www.grays.com/lot/0001-21064132/motor-vehicles-motor-cycles/2015-holden-cruze-cd-jh-manual-hatchback,109.0,109.0,2,4d 9h 9m24s,105.157,Active,vic,VIC,lot
2026-03-12T23:50:58.278868+00:00,https://www.grays.com/lot/0001-21064134/motor-vehicles-motor-cycles/2019-mitsubishi-triton-4x4-glx-adas-mr-td-at-crew-cab-chassis,1709.0,1709.0,25,4d 9h 9m3s,105.151,Active,vic,VIC,lot
2026-03-12T23:51:16.910739+00:00,https://www.grays.com/lot/0001-21064143/motor-vehicles-motor-cycles/2020-subaru-outback-2-5i-premium-b6a-cvt-wagon,2500.0,2500.0,7,3d 9h 8m44s,81.146,Active,vic,VIC,lot
2026-03-12T23:51:34.371305+00:00,https://www.grays.com/lot/0001-21064144/motor-vehicles-motor-cycles/2020-mazda-cx-9-sport-awd-tc-automatic-7-seats-wagon,3800.0,3800.0,43,3d 9h 8m28s,81.141,Active,vic,VIC,lot
2026-03-12T23:51:44.551245+00:00,https://www.grays.com/lot/0001-21064145/motor-vehicles-motor-cycles/2021-hyundai-i30-pd-automatic-hatchback,409.0,409.0,5,3d 9h 8m18s,81.138,Active,vic,VIC,lot
2026-03-12T23:52:00.509413+00:00,https://www.grays.com/lot/0001-21064146/motor-vehicles-motor-cycles/2022-hyundai-tucson-elite-awd-nx4-turbo-diesel-automatic-8-speed-wagon,4313.0,4313.0,61,3d 9h 8m2s,81.134,Active,vic,VIC,lot
2026-03-12T23:52:08.792197+00:00,https://www.grays.com/lot/0001-21064148/motor-vehicles-motor-cycles/2013-audi-rs5-4-2-fsi-quattro-8t-automatic-coupe,10900.0,10900.0,41,4d 9h 7m54s,105.132,Active,vic,VIC,lot
2026-03-12T23:52:22.411735+00:00,https://www.grays.com/lot/0001-21064149/motor-vehicles-motor-cycles/2020-land-rover-range-rover-sport-hse-dyn-turbo-diesel-at-8-speed-wagon,18600.0,18600.0,22,4d 9h 7m39s,105.127,Active,vic,VIC,lot
2026-03-12T23:52:41.117330+00:00,https://www.grays.com/lot/0001-21064157/motor-vehicles-motor-cycles/2019-land-rover-range-rover-sport-se-turbo-diesel-automatic-8-speed-wagon,9100.0,9100.0,91,4d 9h 7m20s,105.122,Active,vic,VIC,lot
2026-03-12T23:52:53.248081+00:00,https://www.grays.com/lot/0001-21064160/motor-vehicles-motor-cycles/2020-hyundai-kona-elite-automatic-wagon,3999.0,3999.0,24,4d 9h 7m10s,105.119,Active,vic,VIC,lot
2026-03-12T23:53:17.039848+00:00,https://www.grays.com/lot/0001-21064161/motor-vehicles-motor-cycles/2009-bmw-x5-3-0sd-e70-turbo-diesel-automatic-7-seats-wagon,409.0,409.0,5,4d 9h 6m46s,105.113,Active,vic,VIC,lot
2026-03-12T23:53:33.565670+00:00,https://www.grays.com/lot/0001-21064164/motor-vehicles-motor-cycles/2005-toyota-hiace-lwb-kdh200r-turbo-diesel-automatic-van,1000.0,1000.0,12,4d 9h 6m29s,105.108,Active,vic,VIC,lot
2026-03-12T23:53:48.386875+00:00,https://www.grays.com/lot/0001-21064165/motor-vehicles-motor-cycles/2009-ford-territory-tx-sy-ii-automatic-7-seats-wagon,9.0,9.0,0,4d 9h 6m13s,105.104,Active,vic,VIC,lot
2026-03-12T23:53:58.295119+00:00,https://www.grays.com/lot/0001-21064166/motor-vehicles-motor-cycles/2003-holden-commodore-executive-vy-automatic-sedan,209.0,209.0,3,4d 9h 6m3s,105.101,Active,vic,VIC,lot
2026-03-12T23:54:14.241783+00:00,https://www.grays.com/lot/0001-21064168/motor-vehicles-motor-cycles/2016-volkswagen-polo-66tsi-trendline-6r-automatic-hatchback,1409.0,1409.0,29,4d 9h 5m48s,105.097,Active,vic,VIC,lot
2026-03-12T23:54:39.600076+00:00,https://www.grays.com/lot/0001-21064209/motor-vehicles-motor-cycles/2017-porsche-macan-gts-95b-automatic-wagon,11655.0,11655.0,41,3d 9h 15m23s,81.256,Active,vic,VIC,lot
2026-03-12T23:54:46.464424+00:00,https://www.grays.com/lot/0001-50082498/motor-vehicles-motor-cycles/2018-ford-escape-trend-zg-auto-awd-my18,509.0,509.0,9,3d 9h 5m14s,81.087,Active,"springwood, queensland, 4127",4127,lot
2026-03-12T23:55:18.644320+00:00,https://www.grays.com/lot/0001-50517850/motor-vehicles-motor-cycles/2021-toyota-rav-4-fwd-gx-hybrid-axah52r-cvt-wagon,5200.0,5200.0,20,3d 9h 4m44s,81.079,Active,qld,QLD,lot
2026-03-12T23:55:30.846513+00:00,https://www.grays.com/lot/0001-50714816/motor-vehicles-motor-cycles/2024-toyota-hilux-4x4-sr-gun126r-turbo-diesel-automatic-cab-chassis,25100.0,25100.0,55,4d 8h 34m31s,104.575,Active,qld,QLD,lot
2026-03-12T23:55:59.478391+00:00,https://www.grays.com/lot/0001-50714870/motor-vehicles-motor-cycles/2012-mazda-bt-50-4x4-gt-turbo-diesel-automatic-dual-cab,1100.0,1100.0,18,2d 9h 4m3s,57.068,Active,qld,QLD,lot
2026-03-12T23:56:15.677413+00:00,https://www.grays.com/lot/0001-50714873/motor-vehicles-motor-cycles/2011-volkswagen-tiguan-132-tsi-5n-automatic-wagon,109.0,109.0,2,2d 9h 3m46s,57.063,Active,qld,QLD,lot
2026-03-12T23:56:34.916683+00:00,https://www.grays.com/lot/0001-50714874/motor-vehicles-motor-cycles/2017-hyundai-i30-active-gd-automatic-hatchback,1209.0,1209.0,20,2d 9h 3m28s,57.058,Active,qld,QLD,lot
2026-03-12T23:56:44.826098+00:00,https://www.grays.com/lot/0001-50714876/motor-vehicles-motor-cycles/2006-mazda-3-sp23-fwd-automatic-sedan,409.0,409.0,5,2d 9h 3m18s,57.055,Active,qld,QLD,lot
2026-03-12T23:56:52.439554+00:00,https://www.grays.com/lot/0001-50714904/motor-vehicles-motor-cycles/2004-honda-accord-euro-luxury-7th-gen-automatic-sedan,3009.0,3009.0,48,2d 9h 3m9s,57.052,Active,qld,QLD,lot
2026-03-12T23:57:03.761278+00:00,https://www.grays.com/lot/0001-50714917/motor-vehicles-motor-cycles/2014-hyundai-ix35-se-fwd-lm-automatic-wagon,209.0,209.0,3,2d 10h 3m1s,58.05,Active,qld,QLD,lot
2026-03-12T23:57:13.448795+00:00,https://www.grays.com/lot/0001-50714918/motor-vehicles-motor-cycles/2012-toyota-rav-4-cv-2wd-aca38r-automatic-wagon,2900.0,2900.0,39,2d 10h 2m49s,58.047,Active,qld,QLD,lot
2026-03-12T23:57:21.602983+00:00,https://www.grays.com/lot/0001-50714920/motor-vehicles-motor-cycles/2003-chrysler-crossfire-automatic-coupe,1209.0,1209.0,21,2d 9h 2m40s,57.044,Active,qld,QLD,lot
2026-03-12T23:57:32.541481+00:00,https://www.grays.com/lot/0001-50714921/motor-vehicles-motor-cycles/2013-suzuki-swift-sport-fz-cvt-hatchback,2500.0,2500.0,35,2d 10h 7m28s,58.124,Active,qld,QLD,lot
2026-03-12T23:57:50.909932+00:00,https://www.grays.com/lot/0001-50714924/motor-vehicles-motor-cycles/2012-nissan-patrol-dx-turbo-leaf-cab-gu-turbo-diesel-manual-cab-chassis,11200.0,11200.0,86,3d 9h 2m11s,81.036,Active,qld,QLD,lot
2026-03-12T23:58:05.517596+00:00,https://www.grays.com/lot/0001-50714925/motor-vehicles-motor-cycles/2009-volkswagen-passat-125tdi-3c-turbo-diesel-automatic-wagon,1609.0,1609.0,25,2d 9h 1m56s,57.032,Active,qld,QLD,lot
2026-03-12T23:58:13.460273+00:00,https://www.grays.com/lot/0001-50714926/motor-vehicles-motor-cycles/2018-holden-astra-ls-bl-automatic-sedan,409.0,409.0,7,2d 9h 1m49s,57.03,Active,qld,QLD,lot
2026-03-12T23:58:28.300607+00:00,https://www.grays.com/lot/0001-50714929/motor-vehicles-motor-cycles/2013-nissan-navara-4x4-st-x550-d40-turbo-diesel-automatic-dual-cab,209.0,209.0,3,3d 10h 1m34s,82.026,Active,qld,QLD,lot
2026-03-12T23:58:44.006342+00:00,https://www.grays.com/lot/0001-50714932/motor-vehicles-motor-cycles/2014-audi-q3-2-0-tdi-quattro-8u-turbo-diesel-automatic-wagon,209.0,209.0,3,2d 10h 1m18s,58.022,Active,qld,QLD,lot
2026-03-12T23:58:51.939654+00:00,https://www.grays.com/lot/0001-50714935/motor-vehicles-motor-cycles/2019-ldv-g10-turbo-diesel-automatic-van,9.0,9.0,0,4d 10h 1m10s,106.019,Active,qld,QLD,lot
2026-03-12T23:59:07.157947+00:00,https://www.grays.com/lot/0001-50714936/motor-vehicles-motor-cycles/2016-hyundai-sonata-active-lf-turbo-automatic-sedan,209.0,209.0,3,4d 10h 5m55s,106.099,Active,qld,QLD,lot
2026-03-12T23:59:15.426091+00:00,https://www.grays.com/lot/0001-50714940/motor-vehicles-motor-cycles/2018-suzuki-ignis-gl-mf-cvt-hatchback,1209.0,1209.0,17,3d 9h 10m47s,81.18,Active,qld,QLD,lot
2026-03-12T23:59:23.924460+00:00,https://www.grays.com/lot/0001-50714944/motor-vehicles-motor-cycles/2018-toyota-landcruiser-prado-gx-gdj150r-turbo-diesel-automatic-wagon,4100.0,4100.0,12,4d 10h 0m39s,106.011,Active,qld,QLD,lot
2026-03-12T23:59:41.252554+00:00,https://www.grays.com/lot/0001-50714955/motor-vehicles-motor-cycles/2000-nissan-stagea-25t-rs-four-wgnc34-automatic-wagon-import,1200.0,1200.0,7,4d 10h 0m22s,106.006,Active,qld,QLD,lot
2026-03-12T23:59:56.146671+00:00,https://www.grays.com/lot/0001-50714956/motor-vehicles-motor-cycles/2021-ldv-g10-turbo-diesel-automatic-8-speed-van,9.0,9.0,1,4d 10h 0m6s,106.002,Active,qld,QLD,lot
2026-03-13T00:00:08.385343+00:00,https://www.grays.com/lot/0001-60050319/motor-vehicles-motor-cycles/2012-mercedes-benz-e-class-e200-elegance-w212-automatic-sedan,7700.0,7700.0,41,2d 8h 59m54s,56.998,Active,sa,SA,lot
2026-03-13T00:00:18.122829+00:00,https://www.grays.com/lot/0001-60050320/motor-vehicles-motor-cycles/2007-volkswagen-golf-gti-a5-automatic-hatchback,2700.0,2700.0,28,2d 8h 59m44s,56.996,Active,sa,SA,lot
2026-03-13T00:00:27.241563+00:00,https://www.grays.com/lot/0001-60050323/motor-vehicles-motor-cycles/2016-hyundai-tucson-active-x-tl-manual-wagon,1000.0,1000.0,13,2d 8h 59m35s,56.993,Active,sa,SA,lot
2026-03-13T00:00:41.448036+00:00,https://www.grays.com/lot/0001-60050324/motor-vehicles-motor-cycles/2003-toyota-landcruiser-gxl-uzj100r-automatic-wagon,1509.0,1509.0,17,3d 8h 59m23s,80.99,Active,sa,SA,lot
2026-03-13T00:00:51.781562+00:00,https://www.grays.com/lot/0001-60050325/motor-vehicles-motor-cycles/2017-mitsubishi-triton-4x4-glx-l-e-mq-turbo-diesel-automatic-dual-cab,9500.0,9500.0,64,3d 8h 59m11s,80.986,Active,sa,SA,lot
2026-03-13T00:01:04.019603+00:00,https://www.grays.com/lot/0001-60050326/motor-vehicles-motor-cycles/2008-mitsubishi-lancer-es-cj-cvt-sedan,509.0,509.0,8,3d 8h 59m0s,80.983,Active,sa,SA,lot
2026-03-13T00:01:18.793797+00:00,https://www.grays.com/lot/0001-60050327/motor-vehicles-motor-cycles/2007-holden-caprice-wm-v8-6-0ltr-automatic-sedan,4122.0,4122.0,49,3d 8h 58m44s,80.979,Active,sa,SA,lot
2026-03-13T00:01:28.928767+00:00,https://www.grays.com/lot/0001-60050328/motor-vehicles-motor-cycles/2011-ford-ranger-xl-4x2-pk-turbo-diesel-automatic-dual-cab,109.0,109.0,3,3d 8h 58m33s,80.976,Active,sa,SA,lot
2026-03-13T00:01:39.975633+00:00,https://www.grays.com/lot/0001-60050329/motor-vehicles-motor-cycles/2010-holden-caprice-wm-ii-automatic-sedan,609.0,609.0,9,3d 8h 58m22s,80.973,Active,sa,SA,lot
2026-03-13T00:01:52.903805+00:00,https://www.grays.com/lot/0001-60050333/motor-vehicles-motor-cycles/2005-toyota-landcruiser-sahara-hdj100r-turbo-diesel-automatic-wagon,9200.0,9200.0,46,3d 8h 58m8s,80.969,Active,sa,SA,lot
2026-03-13T00:02:01.916102+00:00,https://www.grays.com/lot/0001-60050334/motor-vehicles-motor-cycles/2018-suzuki-vitara-rt-s-ly-automatic-wagon,709.0,709.0,10,3d 8h 57m59s,80.966,Active,sa,SA,lot
2026-03-13T00:02:12.829538+00:00,https://www.grays.com/lot/0001-60050335/motor-vehicles-motor-cycles/2008-holden-colorado-4x4-lt-r-3-0-t-d-rc-automatic-dual-cab,1209.0,1209.0,11,3d 8h 57m48s,80.963,Active,sa,SA,lot
2026-03-13T00:02:21.792506+00:00,https://www.grays.com/lot/0001-60050336/motor-vehicles-motor-cycles/2016-subaru-impreza-2-0i-premium-g4-manual-hatchback,2600.0,2600.0,23,3d 8h 57m40s,80.961,Active,sa,SA,lot
2026-03-13T00:02:31.766467+00:00,https://www.grays.com/lot/0001-60050337/motor-vehicles-motor-cycles/2012-kia-optima-si-tf-automatic-sedan,109.0,109.0,3,3d 8h 57m29s,80.958,Active,sa,SA,lot
2026-03-13T00:02:42.539693+00:00,https://www.grays.com/lot/0001-60050338/motor-vehicles-motor-cycles/2003-bmw-318i-e46-automatic-sedan,9.0,9.0,0,3d 8h 57m19s,80.955,Active,sa,SA,lot
2026-03-13T00:02:51.427805+00:00,https://www.grays.com/lot/0001-60050339/motor-vehicles-motor-cycles/2005-toyota-yaris-yr-ncp90r-manual-hatchback,309.0,309.0,6,3d 8h 57m11s,80.953,Active,sa,SA,lot
2026-03-13T00:03:02.637162+00:00,https://www.grays.com/lot/0001-60050342/motor-vehicles-motor-cycles/2016-kia-optima-si-jf-automatic-sedan,509.0,509.0,12,4d 8h 57m0s,104.95,Active,sa,SA,lot
2026-03-13T00:03:12.007862+00:00,https://www.grays.com/lot/0001-60050343/motor-vehicles-motor-cycles/2012-mercedes-benz-c200-be-w204-auto-sedan-37-770-kms,5200.0,5200.0,33,4d 8h 56m50s,104.947,Active,sa,SA,lot
2026-03-13T00:03:23.251680+00:00,https://www.grays.com/lot/0001-60050344/motor-vehicles-motor-cycles/2010-ford-ranger-xlt-4x4-pk-turbo-diesel-automatic-dual-cab,9.0,9.0,0,4d 8h 56m39s,104.944,Active,sa,SA,lot
2026-03-13T00:03:32.471248+00:00,https://www.grays.com/lot/0001-60050345/motor-vehicles-motor-cycles/2011-volkswagen-multivan-edition-25-132kw-t5-t-d-autopeople-mover,900.0,900.0,15,4d 8h 56m29s,104.941,Active,sa,SA,lot
2026-03-13T00:03:41.701298+00:00,https://www.grays.com/lot/0001-60050346/motor-vehicles-motor-cycles/2013-subaru-xv-2-0i-s-g4x-cvt-hatchback,3100.0,3100.0,9,4d 8h 56m21s,104.939,Active,sa,SA,lot
2026-03-13T00:03:52.105774+00:00,https://www.grays.com/lot/0001-60050347/motor-vehicles-motor-cycles/2009-bmw-x5-3-0sd-e70-turbo-diesel-automatic-wagon,909.0,909.0,8,4d 8h 56m10s,104.936,Active,sa,SA,lot
2026-03-13T00:04:03.112863+00:00,https://www.grays.com/lot/0001-60050348/motor-vehicles-motor-cycles/2013-kia-grand-carnival-s-vq-automatic-8-seats-people-mover,9.0,9.0,0,4d 8h 55m59s,104.933,Active,sa,SA,lot
2026-03-13T00:04:16.601541+00:00,https://www.grays.com/lot/0001-9067358/motor-vehicles-motor-cycles/2009-kia-sportage-lx-2-0l-km-automatic-wagon,109.0,109.0,2,4d 11h 25m46s,107.429,Active,wa,WA,lot
2026-03-13T00:04:27.425666+00:00,https://www.grays.com/lot/0001-9067459/motor-vehicles-motor-cycles/2010-mercedes-benz-slk300-r171-automatic-convertible,5600.0,5600.0,14,4d 11h 25m34s,107.426,Active,wa,WA,lot
2026-03-13T00:04:38.648435+00:00,https://www.grays.com/lot/0001-9067461/motor-vehicles-motor-cycles/2013-ford-focus-trend-lw-ii-automatic-hatchback,209.0,209.0,3,4d 11h 25m24s,107.423,Active,wa,WA,lot
2026-03-13T00:04:49.316552+00:00,https://www.grays.com/lot/0001-9067462/motor-vehicles-motor-cycles/2013-ford-kuga-awd-trend-tf-turbo-diesel-automatic-wagon,509.0,509.0,11,4d 11h 25m12s,107.42,Active,wa,WA,lot
2026-03-13T00:04:57.955222+00:00,https://www.grays.com/lot/0001-9067464/motor-vehicles-motor-cycles/2008-jaguar-xf-2-7-luxury-turbo-diesel-automatic-sedan,2000.0,2000.0,22,4d 11h 25m4s,107.418,Active,wa,WA,lot
2026-03-13T00:05:07.078242+00:00,https://www.grays.com/lot/0001-9067465/motor-vehicles-motor-cycles/2009-bmw-x6-xdrive-35i-e71-automatic-coupe,2300.0,2300.0,44,4d 11h 24m54s,107.415,Active,wa,WA,lot
2026-03-13T00:05:18.292463+00:00,https://www.grays.com/lot/0001-9067466/motor-vehicles-motor-cycles/2000-audi-tt-quattro-8n-manual-convertible,1609.0,1609.0,33,4d 11h 24m44s,107.412,Active,wa,WA,lot
2026-03-13T00:05:28.226611+00:00,https://www.grays.com/lot/0001-9067467/motor-vehicles-motor-cycles/2011-hyundai-i20-active-pb-automatic-hatchback,700.0,700.0,7,4d 11h 24m34s,107.409,Active,wa,WA,lot
2026-03-13T00:05:42.061634+00:00,https://www.grays.com/lot/0001-9067469/motor-vehicles-motor-cycles/2002-toyota-landcruiser-gxl-fzj105r-automatic-8-seats-wagon,209.0,209.0,3,4d 11h 24m20s,107.406,Active,wa,WA,lot
2026-03-13T00:05:55.135897+00:00,https://www.grays.com/lot/0001-9067470/motor-vehicles-motor-cycles/2013-jeep-grand-cherokee-laredo-4x4-wk-t-d-auto-wagon,309.0,309.0,4,4d 11h 24m7s,107.402,Active,wa,WA,lot
2026-03-13T00:06:08.062227+00:00,https://www.grays.com/lot/0001-9067473/motor-vehicles-motor-cycles/2010-mazda-2-neo-de-automatic-hatchback,109.0,109.0,2,4d 11h 23m54s,107.398,Active,wa,WA,lot
2026-03-13T00:06:19.460261+00:00,https://www.grays.com/lot/0001-9067476/motor-vehicles-motor-cycles/2007-bmw-x3-2-5si-e83-automatic-wagon,209.0,209.0,5,4d 11h 23m43s,107.395,Active,wa,WA,lot
2026-03-13T00:06:30.057248+00:00,https://www.grays.com/lot/0001-9067477/motor-vehicles-motor-cycles/2010-mitsubishi-lancer-vr-cj-cvt-sedan,209.0,209.0,3,4d 11h 23m32s,107.392,Active,wa,WA,lot
2026-03-13T00:06:41.335055+00:00,https://www.grays.com/lot/0001-9067482/motor-vehicles-motor-cycles/2001-mini-cooper-manual-hatchback,109.0,109.0,2,4d 11h 23m20s,107.389,Active,wa,WA,lot
2026-03-13T00:06:51.594614+00:00,https://www.grays.com/lot/0001-9067494/motor-vehicles-motor-cycles/2010-holden-captiva-sx-awd-cg-automatic-7-seats-wagon,512.0,512.0,7,2d 11h 53m11s,59.886,Active,wa,WA,lot
2026-03-13T00:07:02.559764+00:00,https://www.grays.com/lot/0001-9067495/motor-vehicles-motor-cycles/2006-bmw-320i-e90-automatic-sedan,409.0,409.0,6,2d 11h 53m0s,59.883,Active,wa,WA,lot
2026-03-13T00:07:11.873295+00:00,https://www.grays.com/lot/0001-9067496/motor-vehicles-motor-cycles/2013-nissan-pathfinder-st-r52-cvt-7-seats-wagon,1109.0,1109.0,22,2d 11h 52m51s,59.881,Active,wa,WA,lot
2026-03-13T00:07:23.889525+00:00,https://www.grays.com/lot/0001-9067497/motor-vehicles-motor-cycles/2010-holden-commodore-omega-ve-automatic-sedan,409.0,409.0,6,2d 11h 52m38s,59.877,Active,wa,WA,lot
2026-03-13T00:07:37.828968+00:00,https://www.grays.com/lot/0001-9067498/motor-vehicles-motor-cycles/2009-toyota-yaris-yr-ncp90r-automatic-hatchback,2009.0,2009.0,37,2d 11h 52m23s,59.873,Active,wa,WA,lot
2026-03-13T00:07:50.110414+00:00,https://www.grays.com/lot/0001-9067500/motor-vehicles-motor-cycles/2011-holden-sportwagon-omega-ve-automatic-wagon,500.0,500.0,8,2d 11h 52m11s,59.87,Active,wa,WA,lot
2026-03-13T00:08:03.592991+00:00,https://www.grays.com/lot/0001-9067503/motor-vehicles-motor-cycles/2008-toyota-landcruiser-prado-grande-diesel-kdj120r-t-diesel-auto-8-seats,2800.0,2800.0,11,2d 11h 51m58s,59.866,Active,wa,WA,lot
2026-03-13T00:08:13.990226+00:00,https://www.grays.com/lot/0001-9067509/motor-vehicles-motor-cycles/2013-kia-grand-carnival-platinum-vq-automatic-8-seats-people-mover,700.0,700.0,10,2d 11h 51m48s,59.863,Active,wa,WA,lot
2026-03-13T00:08:27.163921+00:00,https://www.grays.com/lot/0001-9067510/motor-vehicles-motor-cycles/2013-ford-falcon-xr6-turbo-fg-ii-manual-sedan,23200.0,23200.0,112,2d 8h 51m35s,56.86,Active,wa,WA,lot
2026-03-13T00:08:39.028934+00:00,https://www.grays.com/lot/0001-9067511/motor-vehicles-motor-cycles/2013-jeep-grand-cherokee-overland-wk-automatic-8-speed-wagon,109.0,109.0,2,4d 11h 21m23s,107.356,Active,wa,WA,lot
2026-03-13T00:08:50.934980+00:00,https://www.grays.com/lot/0001-9067512/motor-vehicles-motor-cycles/2013-fiat-freemont-urban-automatic-7-seats-wagon,100.0,100.0,1,4d 11h 21m12s,107.353,Active,wa,WA,lot
2026-03-13T00:09:00.315323+00:00,https://www.grays.com/lot/0001-9067514/motor-vehicles-motor-cycles/2012-hyundai-i20-active-pb-manual-hatchback,9.0,9.0,1,4d 11h 21m2s,107.351,Active,wa,WA,lot
2026-03-13T00:09:13.077802+00:00,https://www.grays.com/lot/0001-9067519/motor-vehicles-motor-cycles/2018-ldv-g10-executive-9-seat-sv7a-automatic-9-seats-people-mover,209.0,209.0,3,4d 11h 20m49s,107.347,Active,wa,WA,lot
2026-03-13T00:09:24.602283+00:00,https://www.grays.com/lot/0001-9067522/motor-vehicles-motor-cycles/2010-volkswagen-golf-gti-a6-automatic-hatchback,2200.0,2200.0,9,4d 11h 20m37s,107.344,Active,wa,WA,lot
2026-03-13T00:09:38.501144+00:00,https://www.grays.com/lot/0001-9067523/motor-vehicles-motor-cycles/2013-mazda-cx-5-maxx-sport-ke-turbo-diesel-automatic-wagon,900.0,900.0,2,4d 11h 20m23s,107.34,Active,wa,WA,lot
2026-03-13T00:09:53.762497+00:00,https://www.grays.com/lot/0001-9067524/motor-vehicles-motor-cycles/2007-holden-rodeo-lx-4x4-td-ra-turbo-diesel-manual-dual-cab,1209.0,1209.0,16,4d 11h 20m8s,107.336,Active,wa,WA,lot
2026-03-13T00:10:07.688504+00:00,https://www.grays.com/lot/0001-9067525/motor-vehicles-motor-cycles/2013-ford-kuga-awd-titanium-tf-turbo-diesel-automatic-wagon,9.0,9.0,0,4d 11h 19m54s,107.332,Active,wa,WA,lot
2026-03-13T00:10:21.201704+00:00,https://www.grays.com/lot/0001-9067526/motor-vehicles-motor-cycles/2015-hyundai-tucson-active-x-tl-automatic-wagon,109.0,109.0,2,4d 11h 19m40s,107.328,Active,wa,WA,lot
2026-03-13T00:10:33.855781+00:00,https://www.grays.com/lot/0001-9067527/motor-vehicles-motor-cycles/2012-hyundai-santa-fe-active-dm-turbo-diesel-automatic-7-seats-wagon,1109.0,1109.0,22,4d 11h 19m28s,107.324,Active,wa,WA,lot
2026-03-13T00:10:46.957845+00:00,https://www.grays.com/lot/0001-9067528/motor-vehicles-motor-cycles/2011-mazda-bt-50-4x2-xtr-turbo-diesel-automatic-dual-cab,3109.0,3109.0,61,4d 11h 19m14s,107.321,Active,wa,WA,lot
2026-03-13T00:11:00.890498+00:00,https://www.grays.com/lot/0001-9067529/motor-vehicles-motor-cycles/2013-ford-territory-ts-sz-turbo-diesel-automatic-7-seats-wagon,109.0,109.0,2,4d 11h 19m1s,107.317,Active,wa,WA,lot
2026-03-13T00:11:14.038840+00:00,https://www.grays.com/lot/0001-9067531/motor-vehicles-motor-cycles/2013-audi-a3-1-8-tsi-ambition-8v-automatic-hatchback,809.0,809.0,9,4d 11h 18m47s,107.313,Active,wa,WA,lot
2026-03-13T00:11:24.964740+00:00,https://www.grays.com/lot/0001-9067532/motor-vehicles-motor-cycles/2011-ford-ranger-xl-4x4-pk-turbo-diesel-manual-cab-chassis,9.0,9.0,1,4d 11h 18m38s,107.311,Active,wa,WA,lot
2026-03-13T00:11:38.509269+00:00,https://www.grays.com/lot/0001-9067533/motor-vehicles-motor-cycles/2012-volkswagen-beetle-118-tsi-automatic-coupe,2500.0,2500.0,32,4d 11h 18m23s,107.306,Active,wa,WA,lot
2026-03-13T00:11:58.360694+00:00,https://www.grays.com/lot/0001-9067534/motor-vehicles-motor-cycles/2005-saab-9-3-linear-manual-convertible,109.0,109.0,2,4d 11h 18m3s,107.301,Active,wa,WA,lot
2026-03-13T00:12:08.134374+00:00,https://www.grays.com/lot/0001-9067535/motor-vehicles-motor-cycles/2011-mazda-3-neo-bl-automatic-hatchback,109.0,109.0,2,4d 11h 17m54s,107.298,Active,wa,WA,lot
2026-03-13T00:12:17.488152+00:00,https://www.grays.com/lot/0002-21064075/motor-vehicles-motor-cycles/2023-volkswagen-tiguan-s-wag-awd-automatic-suv,5100.0,5100.0,33,5d 8h 47m44s,128.796,Active,vic,VIC,lot
2026-03-13T00:12:30.156397+00:00,https://www.grays.com/lot/0001-10352955/motor-vehicles-motor-cycles/2015-audi-s3-2-0-tfsi-quattro-8v-automatic-wovr-inspected,3600.0,3600.0,43,2d 8h 47m31s,56.792,Active,nsw,NSW,lot
2026-03-13T00:12:39.104518+00:00,https://www.grays.com/lot/0001-21063806/motor-vehicles-motor-cycles/2014-lexus-is-is300h-luxury-ave30r-cvt-wovr-repairable,4200.0,4200.0,29,2d 8h 47m23s,56.79,Active,vic,VIC,lot
2026-03-13T00:12:53.601673+00:00,https://www.grays.com/lot/0001-21063972/motor-vehicles-motor-cycles/2018-ldv-t60-luxe-luxe-td-at-dual-cab-repairable-write-off,1109.0,1109.0,19,2d 8h 47m8s,56.786,Active,vic,VIC,lot
2026-03-13T00:13:09.304686+00:00,https://www.grays.com/lot/0001-21064019/motor-vehicles-motor-cycles/2007-toyota-trd-aurion-3500s-gsv40r-automatic-sedan-wovr-inspected,1300.0,1300.0,9,2d 8h 46m52s,56.781,Active,vic,VIC,lot
2026-03-13T00:13:17.047035+00:00,https://www.grays.com/lot/0001-21064023/motor-vehicles-motor-cycles/2009-mercedes-benz-c200-classic-w204-auto-sedan-wovr-repairable,900.0,900.0,8,3d 8h 46m45s,80.779,Active,vic,VIC,lot
2026-03-13T00:13:34.042325+00:00,https://www.grays.com/lot/0001-21064029/motor-vehicles-motor-cycles/2016-volkswagen-golf-92tsi-a7-automatic-hatchback-wovr-repairable,209.0,209.0,3,2d 8h 46m28s,56.774,Active,vic,VIC,lot
2026-03-13T00:13:42.621600+00:00,https://www.grays.com/lot/0001-50714712/motor-vehicles-motor-cycles/2024-mazda-cx-3-g20-pure-dk-automatic-wagon-wovr-inspected,3309.0,3309.0,30,2d 8h 46m20s,56.772,Active,qld,QLD,lot
2026-03-13T00:13:58.627089+00:00,https://www.grays.com/lot/0001-50714871/motor-vehicles-motor-cycles/2017-toyota-camry-altise-asv50r-automatic-wovr-inspected,1400.0,1400.0,14,2d 8h 46m4s,56.768,Active,qld,QLD,lot
2026-03-13T00:14:07.456900+00:00,https://www.grays.com/lot/0001-50714875/motor-vehicles-motor-cycles/2015-volkswagen-golf-r-a7-automatic-hatchback-wovr-repairable,1000.0,1000.0,17,2d 8h 45m53s,56.765,Active,qld,QLD,lot
2026-03-13T00:14:17.317976+00:00,https://www.grays.com/lot/0001-9067342/motor-vehicles-motor-cycles/2011-toyota-hilux-4x4-sr-kun26r-turbo-diesel-wovr-inspected,3000.0,3000.0,6,2d 8h 45m45s,56.763,Active,wa,WA,lot
2026-03-13T00:14:28.429851+00:00,https://www.grays.com/lot/0001-9067463/motor-vehicles-motor-cycles/2021-mazda-cx-3-maxx-sport-dk-auto-wagon-wovr-statutory,409.0,409.0,8,4d 11h 15m34s,107.259,Active,wa,WA,lot
2026-03-13T00:14:40.144209+00:00,https://www.grays.com/lot/0001-9067478/motor-vehicles-motor-cycles/2011-mazda-cx-7-luxury-sports-automatic-wagon-wovr-inspected,109.0,109.0,2,4d 11h 15m22s,107.256,Active,wa,WA,lot
2026-03-13T00:14:52.264928+00:00,https://www.grays.com/lot/0001-9067491/motor-vehicles-motor-cycles/2014-mercedes-benz-a-class-a200-cdi-be-w176-t-d-auto-wovr-inspected,2209.0,2209.0,26,2d 11h 45m10s,59.753,Active,wa,WA,lot
2026-03-13T00:15:12.282621+00:00,https://www.grays.com/lot/0001-9067530/motor-vehicles-motor-cycles/2004-mercedes-benz-c-class-c200-k-classic-w203-auto-sedan-wovr-inspected,9.0,9.0,1,4d 11h 14m50s,107.247,Active,wa,WA,lot
2026-03-13T04:32:46.080460+00:00,https://www.grays.com/lot/0001-10352971/motor-vehicles-motor-cycles/2015-subaru-forester-2-5i-s-s4-cvt-wagon,9.0,9.0,0,4d 4h 32m16s,100.538,Active,nsw,NSW,lot
2026-03-13T04:33:10.760818+00:00,https://www.grays.com/lot/0001-10352982/motor-vehicles-motor-cycles/2009-subaru-tribeca-3-6r-b9-automatic-7-seats-wagon,9.0,9.0,0,3d 4h 26m52s,76.448,Active,nsw,NSW,lot
2026-03-13T04:33:23.395314+00:00,https://www.grays.com/lot/0001-10353001/motor-vehicles-motor-cycles/2021-mazda-cx-5-gt-kf-automatic-wagon,1209.0,1209.0,16,3d 4h 26m40s,76.444,Active,nsw,NSW,lot
2026-03-13T04:33:42.369224+00:00,https://www.grays.com/lot/0001-21063914/motor-vehicles-motor-cycles/2014-volkswagen-jetta-118tsi-1b-automatic-sedan,9.0,9.0,0,4d 4h 26m20s,100.439,Active,vic,VIC,lot
2026-03-13T04:33:52.255193+00:00,https://www.grays.com/lot/0001-21063955/motor-vehicles-motor-cycles/2013-ford-focus-sport-lw-ii-automatic-hatchback,9.0,9.0,0,3d 4h 26m10s,76.436,Active,vic,VIC,lot
2026-03-13T04:34:05.620860+00:00,https://www.grays.com/lot/0001-21064045/motor-vehicles-motor-cycles/2009-bmw-123d-e88-turbo-diesel-automatic-convertible,9.0,9.0,0,4d 4h 30m57s,100.516,Active,vic,VIC,lot
2026-03-13T04:34:13.294394+00:00,https://www.grays.com/lot/0001-21064094/motor-vehicles-motor-cycles/2006-volkswagen-jetta-2-0-tdi-1km-turbo-diesel-automatic-sedan,9.0,9.0,1,4d 4h 25m49s,100.43,Active,vic,VIC,lot
2026-03-13T04:34:30.142901+00:00,https://www.grays.com/lot/0001-21064096/motor-vehicles-motor-cycles/2012-holden-cruze-cd-jh-automatic-sedan,9.0,9.0,1,4d 4h 25m32s,100.426,Active,vic,VIC,lot
2026-03-13T04:34:40.447493+00:00,https://www.grays.com/lot/0001-21064116/motor-vehicles-motor-cycles/2003-volvo-s60-2-4-t-awd-automatic-sedan,9.0,9.0,0,4d 4h 25m23s,100.423,Active,vic,VIC,lot
2026-03-13T04:34:49.380523+00:00,https://www.grays.com/lot/0001-21064121/motor-vehicles-motor-cycles/2003-mitsubishi-outlander-xls-ze-automatic-wagon,9.0,9.0,0,4d 4h 25m13s,100.42,Active,vic,VIC,lot
2026-03-13T04:35:06.952872+00:00,https://www.grays.com/lot/0001-21064123/motor-vehicles-motor-cycles/2022-mg-hs-vibe-automatic-wagon,11509.0,11509.0,0,4d 4h 24m55s,100.415,Active,vic,VIC,lot
2026-03-13T04:35:21.997474+00:00,https://www.grays.com/lot/0001-21064129/motor-vehicles-motor-cycles/2016-hyundai-elantra-active-ad-automatic-sedan,9.0,9.0,1,4d 4h 24m41s,100.411,Active,vic,VIC,lot
2026-03-13T04:35:50.617931+00:00,https://www.grays.com/lot/0001-21064165/motor-vehicles-motor-cycles/2009-ford-territory-tx-sy-ii-automatic-7-seats-wagon,9.0,9.0,0,4d 4h 24m13s,100.404,Active,vic,VIC,lot
2026-03-13T04:36:16.987342+00:00,https://www.grays.com/lot/0001-50714935/motor-vehicles-motor-cycles/2019-ldv-g10-turbo-diesel-automatic-van,9.0,9.0,1,4d 5h 23m47s,101.396,Active,qld,QLD,lot
2026-03-13T04:36:51.723043+00:00,https://www.grays.com/lot/0001-60050338/motor-vehicles-motor-cycles/2003-bmw-318i-e46-automatic-sedan,9.0,9.0,0,3d 4h 23m11s,76.386,Active,sa,SA,lot
2026-03-13T04:37:11.995936+00:00,https://www.grays.com/lot/0001-60050344/motor-vehicles-motor-cycles/2010-ford-ranger-xlt-4x4-pk-turbo-diesel-automatic-dual-cab,109.0,109.0,2,4d 4h 22m51s,100.381,Active,sa,SA,lot
2026-03-13T04:37:24.372759+00:00,https://www.grays.com/lot/0001-60050348/motor-vehicles-motor-cycles/2013-kia-grand-carnival-s-vq-automatic-8-seats-people-mover,9.0,9.0,0,4d 4h 22m38s,100.377,Active,sa,SA,lot
2026-03-13T04:37:34.991490+00:00,https://www.grays.com/lot/0001-9067525/motor-vehicles-motor-cycles/2013-ford-kuga-awd-titanium-tf-turbo-diesel-automatic-wagon,9.0,9.0,0,4d 6h 52m27s,102.874,Active,wa,WA,lot
2026-03-14T18:26:11.609326+00:00,https://www.grays.com/lot/0001-10352971/motor-vehicles-motor-cycles/2015-subaru-forester-2-5i-s-s4-cvt-wagon,109.0,109.0,3,2d 14h 38m51s,62.648,Active,nsw,NSW,lot
2026-03-14T18:26:25.215554+00:00,https://www.grays.com/lot/0001-10352982/motor-vehicles-motor-cycles/2009-subaru-tribeca-3-6r-b9-automatic-7-seats-wagon,9.0,9.0,0,1d 14h 33m38s,38.561,Active,nsw,NSW,lot
2026-03-14T18:26:34.322630+00:00,https://www.grays.com/lot/0001-21063914/motor-vehicles-motor-cycles/2014-volkswagen-jetta-118tsi-1b-automatic-sedan,9.0,9.0,0,2d 14h 33m28s,62.558,Active,vic,VIC,lot
2026-03-14T18:26:42.619550+00:00,https://www.grays.com/lot/0001-21063955/motor-vehicles-motor-cycles/2013-ford-focus-sport-lw-ii-automatic-hatchback,9.0,9.0,1,1d 14h 33m20s,38.556,Active,vic,VIC,lot
2026-03-14T18:26:55.388438+00:00,https://www.grays.com/lot/0001-21064045/motor-vehicles-motor-cycles/2009-bmw-123d-e88-turbo-diesel-automatic-convertible,9.0,9.0,0,2d 14h 38m7s,62.635,Active,vic,VIC,lot
2026-03-14T18:27:04.144387+00:00,https://www.grays.com/lot/0001-21064116/motor-vehicles-motor-cycles/2003-volvo-s60-2-4-t-awd-automatic-sedan,9.0,9.0,1,2d 14h 32m58s,62.549,Active,vic,VIC,lot
2026-03-14T18:27:14.486541+00:00,https://www.grays.com/lot/0001-21064121/motor-vehicles-motor-cycles/2003-mitsubishi-outlander-xls-ze-automatic-wagon,9.0,9.0,0,2d 14h 32m48s,62.547,Active,vic,VIC,lot
2026-03-14T18:27:25.872268+00:00,https://www.grays.com/lot/0001-21064123/motor-vehicles-motor-cycles/2022-mg-hs-vibe-automatic-wagon,11509.0,11509.0,0,2d 14h 32m38s,62.544,Active,vic,VIC,lot
2026-03-14T18:27:38.972404+00:00,https://www.grays.com/lot/0001-21064165/motor-vehicles-motor-cycles/2009-ford-territory-tx-sy-ii-automatic-7-seats-wagon,9.0,9.0,0,2d 14h 32m25s,62.54,Active,vic,VIC,lot
2026-03-14T18:27:47.556929+00:00,https://www.grays.com/lot/0001-60050338/motor-vehicles-motor-cycles/2003-bmw-318i-e46-automatic-sedan,409.0,409.0,7,1d 14h 32m16s,38.538,Active,sa,SA,lot
2026-03-14T18:27:54.755137+00:00,https://www.grays.com/lot/0001-60050348/motor-vehicles-motor-cycles/2013-kia-grand-carnival-s-vq-automatic-8-seats-people-mover,9.0,9.0,0,2d 14h 32m8s,62.536,Active,sa,SA,lot
2026-03-14T18:28:04.137097+00:00,https://www.grays.com/lot/0001-9067525/motor-vehicles-motor-cycles/2013-ford-kuga-awd-titanium-tf-turbo-diesel-automatic-wagon,9.0,9.0,1,2d 17h 1m59s,65.033,Active,wa,WA,lot
2026-03-14T18:33:50.763486+00:00,https://www.grays.com/lot/0001-10352982/motor-vehicles-motor-cycles/2009-subaru-tribeca-3-6r-b9-automatic-7-seats-wagon,9.0,9.0,0,1d 14h 26m13s,38.437,Active,nsw,NSW,lot
2026-03-14T18:34:01.127059+00:00,https://www.grays.com/lot/0001-21063914/motor-vehicles-motor-cycles/2014-volkswagen-jetta-118tsi-1b-automatic-sedan,9.0,9.0,0,2d 14h 26m2s,62.434,Active,vic,VIC,lot
2026-03-14T18:34:11.094833+00:00,https://www.grays.com/lot/0001-21064045/motor-vehicles-motor-cycles/2009-bmw-123d-e88-turbo-diesel-automatic-convertible,9.0,9.0,0,2d 14h 30m52s,62.514,Active,vic,VIC,lot
2026-03-14T18:34:21.043532+00:00,https://www.grays.com/lot/0001-21064121/motor-vehicles-motor-cycles/2003-mitsubishi-outlander-xls-ze-automatic-wagon,9.0,9.0,0,2d 14h 25m43s,62.429,Active,vic,VIC,lot
2026-03-14T18:34:31.370210+00:00,https://www.grays.com/lot/0001-21064123/motor-vehicles-motor-cycles/2022-mg-hs-vibe-automatic-wagon,11509.0,11509.0,0,2d 14h 25m32s,62.426,Active,vic,VIC,lot
2026-03-14T18:34:41.872931+00:00,https://www.grays.com/lot/0001-21064165/motor-vehicles-motor-cycles/2009-ford-territory-tx-sy-ii-automatic-7-seats-wagon,9.0,9.0,0,2d 14h 25m22s,62.423,Active,vic,VIC,lot
2026-03-14T18:34:56.730404+00:00,https://www.grays.com/lot/0001-60050348/motor-vehicles-motor-cycles/2013-kia-grand-carnival-s-vq-automatic-8-seats-people-mover,9.0,9.0,0,2d 14h 25m8s,62.419,Active,sa,SA,lot
2026-03-23T02:44:57.434771+00:00,https://www.grays.com/lot/0001-10352982/motor-vehicles-motor-cycles/2009-subaru-tribeca-3-6r-b9-automatic-7-seats-wagon,1009.0,1009.0,18,,,Sold,nsw,NSW,lot
2026-03-23T02:45:07.932277+00:00,https://www.grays.com/lot/0001-21063914/motor-vehicles-motor-cycles/2014-volkswagen-jetta-118tsi-1b-automatic-sedan,2210.0,2210.0,26,,,Sold,vic,VIC,lot
2026-03-23T02:45:23.383610+00:00,https://www.grays.com/lot/0001-21064045/motor-vehicles-motor-cycles/2009-bmw-123d-e88-turbo-diesel-automatic-convertible,1109.0,1109.0,12,,,Sold,vic,VIC,lot
2026-03-23T02:45:33.304524+00:00,https://www.grays.com/lot/0001-21064121/motor-vehicles-motor-cycles/2003-mitsubishi-outlander-xls-ze-automatic-wagon,209.0,209.0,3,,,Sold,vic,VIC,lot
2026-03-23T02:45:42.948284+00:00,https://www.grays.com/lot/0001-21064123/motor-vehicles-motor-cycles/2022-mg-hs-vibe-automatic-wagon,11509.0,11509.0,2,,,Sold,vic,VIC,lot
2026-03-23T02:46:01.090328+00:00,https://www.grays.com/lot/0001-21064165/motor-vehicles-motor-cycles/2009-ford-territory-tx-sy-ii-automatic-7-seats-wagon,809.0,809.0,9,,,Sold,vic,VIC,lot
2026-03-23T02:46:10.448684+00:00,https://www.grays.com/lot/0001-60050348/motor-vehicles-motor-cycles/2013-kia-grand-carnival-s-vq-automatic-8-seats-people-mover,,,2,,,Referred,sa,SA,lot
