year,make,model,variant,body_type,odometer,transmission,rego,price,fuel_type,location,url,scrape_date,canonical_tag,canonical_reason
2012,Toyota,Camry,Hybrid H,Sedan,169036,Automatic,2026-04-05,14990,Hybrid,VIC,car/14810823/toyota/camry/vic/coburg-north/sedan,2026-01-25T15:12:25,,
1999,Toyota,Camry,Csi,Sedan,180626,Automatic,2026-03-27,3999,Unleaded,VIC,car/14887683/toyota/camry/vic/maidstone/sedan,2026-01-25T15:12:25,,
2017,Toyota,Kluger,Gx (4X2),Wagon,195030,Automatic,2026-04-18,22990,Unleaded,VIC,car/14903080/toyota/kluger/vic/west-footscray/suv,2026-01-25T15:12:25,,
2024,Toyota,Kluger,Gx 2Wd,Wagon,20182,Automatic,2026-09-26,48888,Unleaded,VIC,car/14867243/toyota/kluger/vic/keysborough/suv,2026-01-25T15:12:25,,
2005,Toyota,Corolla,Conquest Seca,Hatchback,284330,Automatic,2026-10-12,3999,Unleaded,VIC,car/14889753/toyota/corolla/vic/west-footscray/hatchback,2026-01-25T15:12:25,,
2020,Toyota,Camry,Ascent Sport,Sedan,156022,Automatic,2026-03-20,21990,Unleaded,VIC,car/14882828/toyota/camry/vic/west-footscray/sedan,2026-01-25T15:12:25,,
2016,Toyota,Hilux,Sr (4X4),Dual Cab Chassis,117584,Automatic,2026-01-31,42990,Diesel,VIC,car/14778433/toyota/hilux/vic/tullamarine/dual-cab,2026-01-25T15:12:25,,
2014,Toyota,RAV4,Gx (2Wd),Wagon,271343,Automatic,,13999,Unleaded,VIC,car/14765937/toyota/rav4/vic/west-footscray/suv,2026-01-25T15:12:25,,
2015,Toyota,Yaris,Ascent,Hatchback,168227,Manual,2025-12-30,9990,Unleaded,VIC,car/14819458/toyota/yaris/vic/preston/hatchback,2026-01-25T15:12:25,,
2020,Toyota,Corolla,ZWE211,SUV,79848,Automatic,,23990,Unleaded,VIC,car/14886209/toyota/corolla/vic/clayton-south/suv,2026-01-25T15:12:25,,
2005,Toyota,RAV4,Cruiser (4X4),Wagon,349308,Manual,2026-09-01,6999,Unleaded,VIC,car/14887772/toyota/rav4/vic/braybrook/suv,2026-01-25T15:12:25,,
2011,Toyota,Tarago,Gli,Wagon,269988,Automatic,2026-04-01,7990,Unleaded,VIC,car/14857694/toyota/tarago/vic/coburg-north/people-mover,2026-01-25T15:12:25,,
2011,Toyota,Camry,Touring Se,Sedan,181080,Automatic,2026-03-28,12990,Unleaded,VIC,car/14911829/toyota/camry/vic/ringwood/sedan,2026-01-25T15:12:25,,
2021,Toyota,Alphard,(HYBRID)--S,SUV,83662,Automatic,,46000,Hybrid,VIC,car/14867355/toyota/alphard/vic/st-kilda/suv,2026-01-25T15:12:25,,
2013,Toyota,Estima,AERAS,OtherCar,77200,Automatic,2025-11-06,16499,Unleaded,VIC,car/14895465/toyota/estima/vic/st-kilda/othercar,2026-01-25T15:12:25,,
2014,Toyota,RAV4,Gx (2Wd),Wagon,143249,Automatic,2026-02-28,19990,Unleaded,VIC,car/14858354/toyota/rav4/vic/ringwood/suv,2026-01-25T15:12:25,,
2010,Toyota,Aurion,Sportivo Zr6,Sedan,149000,Automatic,,9499,Unleaded,VIC,car/14902979/toyota/aurion/vic/northcote/sedan,2026-01-25T15:12:25,,
2010,Toyota,Corolla,Ascent,Sedan,122000,Automatic,,10499,Unleaded,VIC,car/14905513/toyota/corolla/vic/northcote/sedan,2026-01-25T15:12:25,,
2014,Toyota,RAV4,Gxl (4X4),Wagon,284851,Automatic,2025-11-30,12990,Diesel,VIC,car/14821148/toyota/rav4/vic/mordialloc/suv,2026-01-25T15:12:25,,
2008,Toyota,Hilux,Sr5 (4X4),X Cab Pickup,249000,Manual,,15999,Diesel,VIC,car/14915704/toyota/hilux/vic/northcote/extra-cab,2026-01-25T15:12:25,,
2013,Toyota,86,Gt,Coupe,136100,Manual,2025-12-13,19990,Premium,VIC,car/14815457/toyota/86/vic/maidstone/coupe,2026-01-25T15:12:25,,
2000,Toyota,Landcruiser Prado,Gxl (4X4),Wagon,462600,Manual,2026-01-18,9999,Unleaded,VIC,car/14808321/toyota/landcruiser-prado/vic/maidstone/suv,2026-01-25T15:12:25,,
2014,Toyota,Hilux,Workmate,Cab Chassis,314324,Manual,2026-10-20,9988,Unleaded,VIC,car/14773928/toyota/hilux/vic/alphington/single-cab,2026-01-25T15:12:25,,
1998,Toyota,Landcruiser,Gxl (4X4),Wagon,560261,Manual,2026-01-15,9888,Diesel,VIC,car/14894547/toyota/landcruiser/vic/alphington/suv,2026-01-25T15:12:25,,
2016,Toyota,Landcruiser,Sahara (4X4),Wagon,235885,Automatic,,70977,Unleaded,VIC,car/14810075/toyota/landcruiser/vic/elsternwick/suv,2026-01-25T15:12:25,,
2013,Toyota,Yaris,Yr,Hatchback,134744,Manual,2026-07-14,8990,Unleaded,VIC,car/14908256/toyota/yaris/vic/williamstown-north/hatchback,2026-01-25T15:12:25,,
2016,Toyota,Landcruiser,Gx (4X4),Wagon,145167,Automatic,2026-01-03,42990,Diesel,VIC,car/14801896/toyota/landcruiser/vic/west-footscray/suv,2026-01-25T15:12:25,,
2012,Toyota,Kluger,Kx-R (Fwd) 7 Seat,Wagon,267941,Automatic,2026-01-30,13488,Unleaded,VIC,car/14817314/toyota/kluger/vic/braybrook/suv,2026-01-25T15:12:25,,
2007,Toyota,Corolla,Ascent,Sedan,199897,Automatic,2025-12-19,7688,Unleaded,VIC,car/14811005/toyota/corolla/vic/braybrook/sedan,2026-01-25T15:12:25,,
2020,Toyota,Corolla,,SUV,117171,Automatic,2026-03-10,24999,Other,VIC,car/14856277/toyota/corolla/vic/ringwood/suv,2026-01-25T15:12:25,,
2020,Toyota,Corolla,TOURING  HYBRID G-X-(S),SUV,119763,Automatic,,18999,Hybrid,VIC,car/14826307/toyota/corolla/vic/st-kilda/suv,2026-01-25T15:12:25,,
2014,Toyota,Hilux,Workmate,Dual Cab Pick-up,217162,Manual,2026-02-25,14799,Unleaded,VIC,car/14767641/toyota/hilux/vic/braybrook/dual-cab,2026-01-25T15:12:25,,
2025,Toyota,Yaris,Ascent Sport Hybrid,Hatchback,9703,Automatic,,31777,Hybrid,VIC,car/14857967/toyota/yaris/vic/oakleigh/hatchback,2026-01-25T15:12:25,,
2008,Toyota,HiAce,Commuter,Bus,145000,Automatic,,26990,Unleaded,VIC,car/14879412/toyota/hiace/vic/footscray/people-mover,2026-01-25T15:12:25,,
2019,Toyota,Camry,Ascent (Hybrid),Sedan,13000,Automatic,,29880,Hybrid,VIC,car/14785030/toyota/camry/vic/footscray/sedan,2026-01-25T15:12:25,,
2008,Toyota,Camry,Altise,Sedan,199890,Automatic,2026-06-30,8990,Unleaded,VIC,car/14809170/toyota/camry/vic/cranbourne-west/sedan,2026-01-25T15:12:25,,
2013,Toyota,Crown,ROYAL SALOON-HYBRID--S,Sedan,73830,Automatic,,18999,Hybrid,VIC,car/14826296/toyota/crown/vic/st-kilda/limousine,2026-01-25T15:12:25,,
2020,Toyota,Yaris,HYBRID X--S,SUV,106287,Automatic,,17999,Hybrid,VIC,car/14908868/toyota/yaris/vic/st-kilda/suv,2026-01-25T15:12:25,,
2020,Toyota,RAV4,Gx Awd Hybrid,Wagon,58428,Automatic,,38999,Hybrid,VIC,car/14784463/toyota/rav4/vic/oakleigh/suv,2026-01-25T15:12:25,,
2019,Toyota,HiAce,,Commercial,143760,Automatic,,27300,Unleaded,VIC,car/14901550/toyota/hiace/vic/st-kilda/van,2026-01-25T15:12:25,,
2018,Toyota,C-HR,(HYBRID) -S,SUV,87824,Automatic,,24900,Hybrid,VIC,car/14826274/toyota/c-hr/vic/st-kilda/suv,2026-01-25T15:12:25,,
2012,Toyota,Camry,Hybrid H,Sedan,170000,Automatic,2026-01-29,15990,Hybrid,VIC,car/14817997/toyota/camry/vic/nunawading/sedan,2026-01-25T15:12:25,,
2018,Toyota,RAV4,Gxl (4X4),Wagon,121500,Automatic,2026-06-22,24888,Unleaded,VIC,car/14837779/toyota/rav4/vic/south-melbourne/suv,2026-01-25T15:12:25,,
2015,Toyota,HiAce,DX KDH20-S,Commercial,105339,Automatic,,25990,Diesel,VIC,car/14888000/toyota/hiace/vic/st-kilda/van,2026-01-25T15:12:25,,
2008,Toyota,Aurion,Prodigy,Sedan,164749,Automatic,2026-06-04,9490,Unleaded,VIC,car/14828009/toyota/aurion/vic/oakleigh-south/sedan,2026-01-25T15:12:25,,
2020,Toyota,Corolla,TOURING (HYBRID) -S,SUV,86322,Automatic,,20500,Hybrid,VIC,car/14826293/toyota/corolla/vic/st-kilda/suv,2026-01-25T15:12:25,,
2018,Toyota,Vitz,F (Hybrid),Hatchback,97191,,2025-11-30,14990,,VIC,car/14898028/toyota/vitz/vic/maidstone/hatchback,2026-01-25T15:12:25,,
2020,Toyota,Corolla,HYBRID EX,SUV,120260,Automatic,,16995,Unleaded,VIC,car/14887295/toyota/corolla/vic/maidstone/suv,2026-01-25T15:12:25,,
2010,Toyota,RAV4,Cruiser (4X4),Wagon,322980,Automatic,2026-01-29,7688,Unleaded,VIC,car/14810821/toyota/rav4/vic/alphington/suv,2026-01-25T15:12:25,,
2010,Toyota,Corolla,Ascent,Hatchback,266735,Automatic,2026-02-15,7990,Unleaded,VIC,car/14891390/toyota/corolla/vic/maidstone/hatchback,2026-01-25T15:12:25,,
2023,Toyota,Landcruiser Prado,Kakadu,Wagon,40123,Automatic,2026-03-25,93990,Diesel,VIC,car/14871431/toyota/landcruiser-prado/vic/south-melbourne/suv,2026-01-25T15:12:25,,
2008,Toyota,Yaris,Yrs,Sedan,218959,Automatic,2026-09-13,6990,Unleaded,VIC,car/14902582/toyota/yaris/vic/maidstone/sedan,2026-01-25T15:12:25,,
2011,Toyota,Kluger,Kx-S (4X4),Wagon,115360,Automatic,2026-03-25,19888,Unleaded,VIC,car/14800927/toyota/kluger/vic/alphington/suv,2026-01-25T15:12:25,,
2012,Toyota,Aurion,Presara,Sedan,235440,Automatic,2026-02-14,11990,Unleaded,VIC,car/14907928/toyota/aurion/vic/maidstone/sedan,2026-01-25T15:12:25,,
2022,Toyota,Corolla,Ascent Sport Hybrid,Sedan,156939,Automatic,,23990,Hybrid,VIC,car/14819802/toyota/corolla/vic/maidstone/sedan,2026-01-25T15:12:25,,
2018,Toyota,HiAce,Commuter,Bus,98000,Automatic,2026-06-29,44990,Diesel,VIC,car/14822255/toyota/hiace/vic/nunawading/people-mover,2026-01-25T15:12:25,,
2024,Toyota,RAV4,Cruiser (2Wd) Hybrid,Wagon,23737,Automatic,2026-04-09,56990,Hybrid,VIC,car/14814242/toyota/rav4/vic/melbourne/suv,2026-01-25T15:12:25,,
2009,Toyota,Corolla,Ascent,Hatchback,321522,Automatic,2026-01-02,6688,Unleaded,VIC,car/14830803/toyota/corolla/vic/braybrook/hatchback,2026-01-25T15:12:25,,
2024,Toyota,RAV4,Gx (Awd) Hybrid,Wagon,9004,Automatic,2026-09-16,48970,Hybrid,VIC,car/14894814/toyota/rav4/vic/keysborough/suv,2026-01-25T15:12:25,,
2018,Toyota,C-HR,(HYBRID)  -(S),SUV,72471,Automatic,,25500,Hybrid,VIC,car/14826313/toyota/c-hr/vic/st-kilda/suv,2026-01-25T15:12:25,,
1997,Toyota,Paseo,,Coupe,346720,Manual,2026-01-25,6999,Unleaded,VIC,car/14811924/toyota/paseo/vic/braybrook/coupe,2026-01-25T15:12:25,,
2010,Toyota,Landcruiser Prado,Gxl (4X4),Wagon,263920,Automatic,2026-01-26,24990,Diesel,VIC,car/14826986/toyota/landcruiser-prado/vic/cranbourne-west/suv,2026-01-25T15:12:25,,
2018,Toyota,C-HR,(HYBRID),SUV,82800,Automatic,,24900,Hybrid,VIC,car/14826272/toyota/c-hr/vic/st-kilda/suv,2026-01-25T15:12:25,,
2020,Toyota,Corolla,TOURING (HYBRID)-S,SUV,162321,Automatic,,19499,Hybrid,VIC,car/14912820/toyota/corolla/vic/st-kilda/suv,2026-01-25T15:12:25,,
2007,Toyota,Yaris,Yr,Hatchback,167480,Manual,,7333,Unleaded,VIC,car/14807423/toyota/yaris/vic/oakleigh/hatchback,2026-01-25T15:12:25,,
2003,Toyota,RAV4,Cruiser (4X4),Wagon,334754,Automatic,2026-03-27,7688,Unleaded,VIC,car/14780371/toyota/rav4/vic/braybrook/suv,2026-01-25T15:12:25,,
2017,Toyota,Hilux,Sr (4X4),Dual Cab Utility,60981,Automatic,,41990,Diesel,VIC,car/14767326/toyota/hilux/vic/preston/dual-cab,2026-01-25T15:12:25,,
2018,Toyota,Hilux,Sr5 (4X4),Double Cab Pick Up,144080,Automatic,2026-03-24,45990,Diesel,VIC,car/14814737/toyota/hilux/vic/tullamarine/dual-cab,2026-01-25T15:12:25,,
2020,Toyota,Corolla,Zr,Hatchback,81988,Automatic,2026-11-28,26990,Unleaded,VIC,car/14859114/toyota/corolla/vic/coburg-north/hatchback,2026-01-25T15:12:25,,
2005,Toyota,Corolla,Ascent,Wagon,219000,Automatic,,5499,Unleaded,VIC,car/14916903/toyota/corolla/vic/northcote/wagon,2026-01-25T15:12:25,,
2021,Toyota,Landcruiser,Lc300 Sahara (4X4),Wagon,55667,Automatic,2025-12-01,119970,Diesel,VIC,car/14809262/toyota/landcruiser/vic/keysborough/suv,2026-01-25T15:12:25,,
2022,Toyota,Yaris Cross,Urban,Wagon,87500,Automatic,,23999,Unleaded,VIC,car/14770881/toyota/yaris-cross/vic/west-footscray/suv,2026-01-25T15:12:25,,
2020,Toyota,Landcruiser,Lc200 Sahara (4X4),Wagon,74681,Automatic,,124990,Diesel,VIC,car/14829530/toyota/landcruiser/vic/elsternwick/suv,2026-01-25T15:12:25,,
2019,Toyota,Landcruiser Prado,Vx (4X4),Wagon,46186,Automatic,,71990,Diesel,VIC,car/14888334/toyota/landcruiser-prado/vic/elsternwick/suv,2026-01-25T15:12:25,,
2013,Toyota,RAV4,GXL,SUV,86221,,2026-04-18,22990,Other,VIC,car/14909030/toyota/rav4/vic/melbourne/suv,2026-01-25T15:12:25,,
2011,Toyota,Hilux,Sr (4X4),Dual Cab Pick-up,238598,Manual,2026-02-16,18880,Diesel,VIC,car/14889336/toyota/hilux/vic/maidstone/dual-cab,2026-01-25T15:12:25,,
2020,Toyota,Crown,,Sedan,109831,Automatic,,34995,Unleaded,VIC,car/14828499/toyota/crown/vic/maidstone/limousine,2026-01-25T15:12:25,,
2013,Toyota,HiAce,Commuter,Bus,140600,Automatic,2026-06-01,32990,Unleaded,VIC,car/14841106/toyota/hiace/vic/maidstone/people-mover,2026-01-25T15:12:25,,
2020,Toyota,RAV4,Edge Awd,Wagon,27976,Automatic,2026-05-25,44990,Unleaded,VIC,car/14817406/toyota/rav4/vic/south-melbourne/suv,2026-01-25T15:12:25,,
2024,Toyota,Kluger,GX,SUV,12,Automatic,2026-04-30,56990,Other,VIC,car/14915378/toyota/kluger/vic/melbourne/suv,2026-01-25T15:12:25,,
2009,Toyota,Camry,Altise,Sedan,159987,Automatic,2026-07-30,9999,Unleaded,VIC,car/14886211/toyota/camry/vic/braybrook/sedan,2026-01-25T15:12:25,,
2022,Toyota,Hilux,Sr (4X4),Double Cab Chassis,106978,Automatic,,44975,Diesel,VIC,car/14908375/toyota/hilux/vic/officer/dual-cab,2026-01-25T15:12:25,,
2020,Toyota,Corolla,HYBRID GX,Sedan,107554,Automatic,,23495,Unleaded,VIC,car/14910638/toyota/corolla/vic/maidstone/limousine,2026-01-25T15:12:25,,
2020,Toyota,Prius,-S,Hatch,158314,Automatic,,19499,Hybrid,VIC,car/14842923/toyota/prius/vic/st-kilda/hatchback,2026-01-25T15:12:25,,
2021,Toyota,Corolla,Ascent Sport Hybrid,Sedan,57576,Automatic,,28888,Hybrid,VIC,car/14838101/toyota/corolla/vic/oakleigh/sedan,2026-01-25T15:12:25,,
2010,Toyota,Hilux,Workmate,Dual Cab Pick-up,160439,Manual,2026-04-17,13988,Unleaded,VIC,car/14769061/toyota/hilux/vic/braybrook/dual-cab,2026-01-25T15:12:25,,
2020,Toyota,Yaris Cross,Gx,Wagon,76404,Automatic,,24990,Unleaded,VIC,car/14803455/toyota/yaris-cross/vic/maidstone/suv,2026-01-25T15:12:25,,
2014,Toyota,Camry,Altise,Sedan,151900,Automatic,,14000,Unleaded,VIC,car/14842818/toyota/camry/vic/ringwood/sedan,2026-01-25T15:12:25,,
2025,Toyota,RAV4,Gx (2Wd) Hybrid,Wagon,30890,Automatic,,46950,Hybrid,VIC,car/14899922/toyota/rav4/vic/elsternwick/suv,2026-01-25T15:12:25,,
2012,Toyota,Kluger,Grande (Fwd),Wagon,270483,Automatic,,12500,Unleaded,VIC,car/14916684/toyota/kluger/vic/maidstone/suv,2026-01-25T15:12:25,,
2019,Toyota,Corolla,Ascent Sport,Hatchback,39149,Automatic,2026-07-31,25970,Unleaded,VIC,car/14894813/toyota/corolla/vic/keysborough/hatchback,2026-01-25T15:12:25,,
2014,Toyota,HiAce,Lwb,Van,577848,Manual,2026-08-25,12988,Diesel,VIC,car/14870537/toyota/hiace/vic/braybrook/van,2026-01-25T15:12:25,,
2008,Toyota,Yaris,Yrs,Sedan,105744,Automatic,,11777,Unleaded,VIC,car/14810520/toyota/yaris/vic/elsternwick/sedan,2026-01-25T15:12:25,,
2025,Toyota,Hilux,Sr5 48V (4X4),Double Cab Pick Up,2914,Automatic,2026-09-01,66970,Hybrid,VIC,car/14843912/toyota/hilux/vic/keysborough/dual-cab,2026-01-25T15:12:25,,
2020,Toyota,Corolla,,SUV,81396,Automatic,,18995,Unleaded,VIC,car/14791212/toyota/corolla/vic/maidstone/suv,2026-01-25T15:12:25,,
2011,Toyota,Kluger,Grande (4X4),Wagon,182917,Automatic,,19990,Unleaded,VIC,car/14808010/toyota/kluger/vic/west-footscray/suv,2026-01-25T15:12:25,,
2012,Toyota,Alphard,ANH20 8 SEATER,SUV,62092,Automatic,,23990,Unleaded,VIC,car/14918774/toyota/alphard/vic/clayton-south/suv,2026-01-25T15:12:25,,
2018,Toyota,Kluger,Gxl (4X2),Wagon,76301,Automatic,,37990,Unleaded,VIC,car/14864846/toyota/kluger/vic/south-melbourne/suv,2026-01-25T15:12:25,,
2024,Toyota,Tundra,,OtherCar,11121,Automatic,,148990,Other,VIC,car/14885067/toyota/tundra/vic/elsternwick/othercar,2026-01-25T15:12:25,,
2023,Toyota,Hilux,Gr-Sport (4X4),Double Cab Pick Up,15452,Automatic,2026-09-28,79490,Diesel,VIC,car/14900984/toyota/hilux/vic/melbourne/dual-cab,2026-01-25T15:12:25,,
2010,Toyota,Corolla,Ascent,Sedan,148345,Automatic,2026-04-09,10990,Unleaded,VIC,car/14809745/toyota/corolla/vic/maidstone/sedan,2026-01-25T15:12:25,,
2020,Toyota,Landcruiser,Lc200 Sahara (4X4),Wagon,112434,Automatic,,116777,Diesel,VIC,car/14848631/toyota/landcruiser/vic/elsternwick/suv,2026-01-25T15:12:25,,
2023,Toyota,Fortuner,Gxl,Wagon,48805,Automatic,,57888,Diesel,VIC,car/14841932/toyota/fortuner/vic/tottenham/suv,2026-01-25T15:12:25,,
2022,Toyota,Kluger,Grande Hybrid Awd,Wagon,27983,Automatic,2026-10-17,67880,Hybrid,VIC,car/14887127/toyota/kluger/vic/south-melbourne/suv,2026-01-25T15:12:25,,
2014,Toyota,Camry,Atara Sx,Sedan,143950,Automatic,,15500,Unleaded,VIC,car/14885837/toyota/camry/vic/maidstone/sedan,2026-01-25T15:12:25,,
2014,Toyota,RAV4,Gxl (4X4),Wagon,187719,Automatic,,17999,Unleaded,VIC,car/14886200/toyota/rav4/vic/braybrook/suv,2026-01-25T15:12:25,,
2021,Toyota,Landcruiser Prado,Gx,Wagon,238185,Automatic,2026-10-28,41990,Diesel,VIC,car/14841710/toyota/landcruiser-prado/vic/west-footscray/suv,2026-01-25T15:12:25,,
2003,Toyota,Landcruiser Prado,GRANDE 4X4,SUV,438810,Automatic,2026-04-26,14990,Unleaded,VIC,car/14830069/toyota/landcruiser-prado/vic/ringwood/suv,2026-01-25T15:12:25,,
2018,Toyota,Kluger,Gx (4X4),Wagon,190908,Automatic,2026-02-12,28990,Unleaded,VIC,car/14796499/toyota/kluger/vic/west-footscray/suv,2026-01-25T15:12:25,,
2021,Toyota,HiAce,Lwb Gl (Colours),Van,117004,Automatic,,42990,Diesel,VIC,car/14894947/toyota/hiace/vic/elsternwick/van,2026-01-25T15:12:25,,
2019,Toyota,Hilux,Sr (4X4),Double Cab Chassis,199883,Manual,2026-02-10,38990,Diesel,VIC,car/14802595/toyota/hilux/vic/tullamarine/dual-cab,2026-01-25T15:12:25,,
2016,Toyota,Noah,,Commercial,105500,Automatic,,21995,Unleaded,VIC,car/14905526/toyota/noah/vic/maidstone/van,2026-01-25T15:12:25,,
2007,Toyota,Corolla,Conquest,Sedan,207908,Automatic,,9990,Unleaded,VIC,car/14887673/toyota/corolla/vic/elsternwick/sedan,2026-01-25T15:12:25,,
2018,Toyota,Camry,Ascent,Sedan,53363,Automatic,2026-11-05,30970,Unleaded,VIC,car/14894815/toyota/camry/vic/keysborough/sedan,2026-01-25T15:12:25,,
2014,Toyota,HiAce,Lwb,Van,195102,Automatic,2025-09-30,24999,Diesel,VIC,car/14886225/toyota/hiace/vic/braybrook/van,2026-01-25T15:12:25,,
2024,Toyota,RAV4,Cruiser (2Wd) Hybrid,Wagon,16716,Automatic,2026-03-28,58888,Hybrid,VIC,car/14853127/toyota/rav4/vic/south-melbourne/suv,2026-01-25T15:12:25,,
2011,Toyota,Landcruiser Prado,Gxl (4X4),Wagon,253869,Manual,,31975,Diesel,VIC,car/14910432/toyota/landcruiser-prado/vic/officer/suv,2026-01-25T15:12:25,,
2022,Toyota,Kluger,Gx 2Wd,Wagon,85491,Automatic,2026-08-19,40888,Premium,VIC,car/14902284/toyota/kluger/vic/tottenham/suv,2026-01-25T15:12:25,,
2012,Toyota,Yaris,Yrx,Hatchback,200011,Automatic,,11989,Unleaded,VIC,car/14858531/toyota/yaris/vic/maidstone/hatchback,2026-01-25T15:12:25,,
2018,Toyota,Camry,Ascent,Sedan,108667,Automatic,2026-03-01,26970,Unleaded,VIC,car/14892296/toyota/camry/vic/keysborough/sedan,2026-01-25T15:12:25,,
2018,Toyota,Camry,Ascent,Sedan,151287,Automatic,2025-10-17,25500,Unleaded,VIC,car/14826270/toyota/camry/vic/st-kilda/sedan,2026-01-25T15:12:25,,
2021,Toyota,RAV4,Gx (Awd) Hybrid,Wagon,37349,Automatic,,39950,Hybrid,VIC,car/14820553/toyota/rav4/vic/elsternwick/suv,2026-01-25T15:12:25,,
2017,Toyota,Hilux,Sr5 (4X4),Dual Cab Utility,190011,Automatic,2026-03-21,37990,Diesel,VIC,car/14890947/toyota/hilux/vic/tullamarine/dual-cab,2026-01-25T15:12:25,,
2021,Toyota,Hilux,Rugged X (4X4),Double Cab Pick Up,69653,Automatic,,69990,Diesel,VIC,car/14872951/toyota/hilux/vic/elsternwick/dual-cab,2026-01-25T15:12:25,,
2013,Toyota,Mark X,PREMIUM,Sedan,46420,Automatic,,17995,Unleaded,VIC,car/14885953/toyota/mark-x/vic/maidstone/limousine,2026-01-25T15:12:25,,
2022,Toyota,Corolla Cross,Atmos Awd Hybrid,Wagon,14781,Automatic,,49990,Hybrid,VIC,car/14885068/toyota/corolla-cross/vic/elsternwick/suv,2026-01-25T15:12:25,,
2021,Toyota,Hilux,WORKMATE,Ute Tray,112302,Automatic,2026-06-17,39490,Other,VIC,car/14857698/toyota/hilux/vic/melbourne/pickup,2026-01-25T15:12:25,,
2023,Toyota,Camry,Sl Hybrid,Sedan,31378,Automatic,,49990,Hybrid,VIC,car/14897064/toyota/camry/vic/elsternwick/sedan,2026-01-25T15:12:25,,
2018,Toyota,Hilux,Rogue (4X4),Dual Cab Utility,110677,Automatic,2026-02-26,51888,Diesel,VIC,car/14891171/toyota/hilux/vic/tottenham/dual-cab,2026-01-25T15:12:25,,
2007,Toyota,Corolla,Ascent,Sedan,201150,Automatic,2026-02-03,7990,Unleaded,VIC,car/14809744/toyota/corolla/vic/maidstone/sedan,2026-01-25T15:12:25,,
2022,Toyota,Hilux,Sr5 Hi-Rider (4X2),Double Cab Pick Up,30811,Automatic,2026-08-15,50888,Diesel,VIC,car/14910684/toyota/hilux/vic/tottenham/dual-cab,2026-01-25T15:12:25,,
2007,Toyota,Kluger,Kx-S (Fwd),Wagon,236033,Automatic,2025-10-25,11499,Unleaded,VIC,car/14886201/toyota/kluger/vic/braybrook/suv,2026-01-25T15:12:25,,
2024,Toyota,RAV4,Xse (Awd) Hybrid Premium Paint,Wagon,15211,Automatic,2026-11-07,59990,Hybrid,VIC,car/14871751/toyota/rav4/vic/south-melbourne/suv,2026-01-25T15:12:25,,
2024,Toyota,Kluger,Grande 2Wd,Wagon,11728,Automatic,2026-01-08,67970,Unleaded,VIC,car/14843906/toyota/kluger/vic/keysborough/suv,2026-01-25T15:12:25,,
2011,Toyota,Corolla,Ascent Sport,Hatchback,157038,Automatic,,12990,Unleaded,VIC,car/14915165/toyota/corolla/vic/elsternwick/hatchback,2026-01-25T15:12:25,,
2018,Toyota,C-HR,S LED PACKAGE,SUV,88823,Automatic,,22995,Unleaded,VIC,car/14887297/toyota/c-hr/vic/maidstone/suv,2026-01-25T15:12:25,,
2019,Toyota,Camry,Ascent Sport,Sedan,79000,Automatic,2026-07-28,26990,Unleaded,VIC,car/14803507/toyota/camry/vic/nunawading/sedan,2026-01-25T15:12:25,,
2015,Toyota,Kluger,Grande (4X4),Wagon,210877,Automatic,2026-03-25,23990,Unleaded,VIC,car/14864593/toyota/kluger/vic/west-footscray/suv,2026-01-25T15:12:25,,
2016,Toyota,RAV4,Gx (2Wd),Wagon,218452,Automatic,,16489,Unleaded,VIC,car/14871215/toyota/rav4/vic/maidstone/suv,2026-01-25T15:12:25,,
2017,Toyota,Landcruiser Prado,Gxl (4X4),Wagon,220566,Automatic,2026-09-05,36975,Diesel,VIC,car/14852990/toyota/landcruiser-prado/vic/officer/suv,2026-01-25T15:12:25,,
2009,Toyota,Crown,(HYBRID)---(S),Sedan,93001,Automatic,,15500,Hybrid,VIC,car/14911879/toyota/crown/vic/st-kilda/limousine,2026-01-25T15:12:25,,
2024,Toyota,RAV4,Cruiser (2Wd) Hybrid,Wagon,14643,Automatic,2026-12-18,58990,Hybrid,VIC,car/14851108/toyota/rav4/vic/south-melbourne/suv,2026-01-25T15:12:25,,
2018,Toyota,Hilux,Sr (4X4),Dual Cab Chassis,171003,Manual,2026-09-30,36975,Diesel,VIC,car/14921478/toyota/hilux/vic/officer/dual-cab,2026-01-25T15:12:25,,
2017,Toyota,Yaris,Ascent,Hatchback,94537,Automatic,2026-05-28,18490,Unleaded,VIC,car/14869252/toyota/yaris/vic/melbourne/hatchback,2026-01-25T15:12:25,,
2010,Toyota,Camry,Altise,Sedan,257306,Automatic,,8989,Unleaded,VIC,car/14855988/toyota/camry/vic/maidstone/sedan,2026-01-25T15:12:25,,
2017,Toyota,Hilux,Sr (4X4),Dual Cab Chassis,110112,Automatic,,37975,Diesel,VIC,car/14919088/toyota/hilux/vic/officer/dual-cab,2026-01-25T15:12:25,,
2019,Toyota,Corolla,Ascent Sport (Hybrid),Sedan,23871,Automatic,2026-04-20,28990,Hybrid,VIC,car/14841252/toyota/corolla/vic/south-melbourne/sedan,2026-01-25T15:12:25,,
2015,Toyota,Kluger,Grande (4X4),Wagon,132359,Automatic,,28777,Unleaded,VIC,car/14784315/toyota/kluger/vic/elsternwick/suv,2026-01-25T15:12:25,,
2019,Toyota,Hilux,Sr Hi-Rider,Double Cab Pick Up,126805,Automatic,,36990,Diesel,VIC,car/14884838/toyota/hilux/vic/thomastown/dual-cab,2026-01-25T15:12:25,,
2021,Toyota,Corolla,SEDAN(HYBRID) --S,SUV,132715,Automatic,,23900,Hybrid,VIC,car/14826319/toyota/corolla/vic/st-kilda/suv,2026-01-25T15:12:25,,
2015,Toyota,Hilux,Sr5 (4X4),Dual Cab Pick-up,214400,Automatic,2026-01-30,29990,Diesel,VIC,car/14899918/toyota/hilux/vic/maidstone/dual-cab,2026-01-25T15:12:25,,
2020,Toyota,Camry,Ascent Sport (Hybrid),Sedan,154190,Automatic,,24990,Hybrid,VIC,car/14785399/toyota/camry/vic/maidstone/sedan,2026-01-25T15:12:25,,
2018,Toyota,Crown,RS,Sedan,145620,Automatic,,34995,Unleaded,VIC,car/14897798/toyota/crown/vic/maidstone/limousine,2026-01-25T15:12:25,,
2020,Toyota,C-HR,Koba (2Wd) Hybrid,Wagon,47371,Automatic,,35990,Hybrid,VIC,car/14889293/toyota/c-hr/vic/elsternwick/suv,2026-01-25T15:12:25,,
2001,Toyota,Corolla,Ascent,Sedan,153538,Automatic,,7977,Unleaded,VIC,car/14849564/toyota/corolla/vic/elsternwick/sedan,2026-01-25T15:12:25,,
2019,Toyota,Hilux,Rugged (4X4),Double Cab Pick Up,146023,Automatic,2026-06-23,47990,Diesel,VIC,car/14911610/toyota/hilux/vic/south-melbourne/dual-cab,2026-01-25T15:12:25,,
2021,Toyota,RAV4,Edge (Awd) Hybrid,Wagon,61893,Automatic,2026-05-28,48888,Hybrid,VIC,car/14809435/toyota/rav4/vic/south-melbourne/suv,2026-01-25T15:12:25,,
2025,Toyota,Yaris Cross,Gxl Hybrid,Wagon,2565,Automatic,,37977,Hybrid,VIC,car/14766206/toyota/yaris-cross/vic/elsternwick/suv,2026-01-25T15:12:25,,
2024,Toyota,COROLLA CROSS PETROL,COROLLA CROSS GX 2.0L PETROL AUTO CVT 5 DOOR HATCH,Hatch,13405,,2026-06-18,41970,Other,VIC,car/14865854/toyota/corolla-cross-petrol/vic/melbourne/hatchback,2026-01-25T15:12:25,,
2022,Toyota,Hilux,Workmate (4X2),Cab Chassis,53000,Manual,2026-10-28,26490,Unleaded,VIC,car/14827123/toyota/hilux/vic/nunawading/single-cab,2026-01-25T15:12:25,,
2022,Toyota,RAV4,Gxl (Awd) Hybrid,Wagon,60584,Automatic,2026-06-08,43990,Hybrid,VIC,car/14804533/toyota/rav4/vic/south-melbourne/suv,2026-01-25T15:12:25,,
2024,Toyota,RAV4,Cruiser (Awd) Hybrid,Wagon,16295,Automatic,,60990,Hybrid,VIC,car/14915176/toyota/rav4/vic/melbourne/suv,2026-01-25T15:12:25,,
2022,Toyota,Landcruiser,Lc300 Vx (4X4),Wagon,159619,Automatic,2026-02-03,103970,Diesel,VIC,car/14885274/toyota/landcruiser/vic/keysborough/suv,2026-01-25T15:12:25,,
2025,Toyota,YARIS CROSS HYBRID,YARIS CROSS HYBRID GX 1.5L AUTO CVT HATCH,Hatch,9210,,2026-04-24,36990,Hybrid,VIC,car/14911423/toyota/yaris-cross-hybrid/vic/melbourne/hatchback,2026-01-25T15:12:25,,
2018,Toyota,Corolla,Ascent Sport,Hatchback,20700,Automatic,2026-09-01,23490,Unleaded,VIC,car/14867960/toyota/corolla/vic/port-melbourne/hatchback,2026-01-25T15:12:25,,
2023,Toyota,Fortuner,Gxl,Wagon,63210,Automatic,,52999,Diesel,VIC,car/14891441/toyota/fortuner/vic/oakleigh/suv,2026-01-25T15:12:25,,
2002,Toyota,Echo,,Sedan,363255,Automatic,2026-01-14,5999,Unleaded,VIC,car/14858211/toyota/echo/vic/braybrook/sedan,2026-01-25T15:12:25,,
2010,Toyota,Rukus,Build 1,Wagon,197542,Automatic,2026-09-21,10989,Unleaded,VIC,car/14907930/toyota/rukus/vic/maidstone/wagon,2026-01-25T15:12:25,,
2021,Toyota,Landcruiser,Lc200 Vx (4X4),Wagon,107768,Automatic,2026-05-19,101970,Diesel,VIC,car/14808815/toyota/landcruiser/vic/keysborough/suv,2026-01-25T15:12:25,,
2022,Toyota,Camry,Ascent Sport Hybrid,Sedan,66957,Automatic,2026-07-05,35380,Hybrid,VIC,car/14889486/toyota/camry/vic/melbourne/sedan,2026-01-25T15:12:25,,
2024,Toyota,GR86,Gts,Coupe,26025,Automatic,2026-05-28,44990,Premium,VIC,car/14824721/toyota/gr86/vic/melbourne/coupe,2026-01-25T15:12:25,,
2024,Toyota,Kluger,Gxl 2Wd,Wagon,11994,Automatic,2026-02-13,59888,Unleaded,VIC,car/14894816/toyota/kluger/vic/keysborough/suv,2026-01-25T15:12:25,,
2008,Toyota,Aurion,At-X,Sedan,232449,Automatic,2025-11-21,7999,Unleaded,VIC,car/14886330/toyota/aurion/vic/braybrook/sedan,2026-01-25T15:12:25,,
2019,Toyota,Kluger,Gx (4X2),Wagon,110501,Automatic,,31900,Unleaded,VIC,car/14903618/toyota/kluger/vic/south-melbourne/suv,2026-01-25T15:12:25,,
2002,Toyota,Landcruiser,Gxv (4X4),Wagon,356192,Automatic,2026-10-23,36999,Diesel,VIC,car/14825513/toyota/landcruiser/vic/ringwood/suv,2026-01-25T15:12:25,,
2014,Toyota,HiAce,COMMUTER KDH223R MY14,OtherCar,268034,Automatic,,28888,Diesel,VIC,car/14905401/toyota/hiace/vic/preston/othercar,2026-01-25T15:12:25,,
2024,Toyota,Landcruiser,Lc300 Gxl (4X4),Wagon,14803,Automatic,,119990,Diesel,VIC,car/14859671/toyota/landcruiser/vic/elsternwick/suv,2026-01-25T15:12:25,,
2007,Toyota,Estima,G,Commercial,71384,Automatic,,15995,Unleaded,VIC,car/14791202/toyota/estima/vic/maidstone/van,2026-01-25T15:12:25,,
2024,Toyota,Corolla Cross,Gxl Awd Hybrid,Wagon,17789,Automatic,2026-10-10,46990,Hybrid,VIC,car/14806564/toyota/corolla-cross/vic/south-melbourne/suv,2026-01-25T15:12:25,,
2023,Toyota,Yaris Cross,Gx Hybrid,Wagon,40323,Automatic,,33990,Hybrid,VIC,car/14868469/toyota/yaris-cross/vic/elsternwick/suv,2026-01-25T15:12:25,,
2019,Toyota,RAV4,Gx (2Wd),Wagon,57695,Manual,2026-07-12,33990,Unleaded,VIC,car/14896890/toyota/rav4/vic/melbourne/suv,2026-01-25T15:12:25,,
2024,Toyota,Supra,Gts,Coupe,14121,Automatic,2026-07-04,117990,Premium,VIC,car/14846767/toyota/supra/vic/south-melbourne/coupe,2026-01-25T15:12:25,,
2016,Toyota,Camry,Altise,Sedan,140200,Automatic,2026-06-27,15990,Unleaded,VIC,car/14919240/toyota/camry/vic/maidstone/sedan,2026-01-25T15:12:25,,
2023,Toyota,Fortuner,GXL,SUV,42225,Automatic,,54990,Other,VIC,car/14924725/toyota/fortuner/vic/melbourne/suv,2026-01-25T15:12:25,,
2023,Toyota,GR86,Gts,Coupe,7751,Manual,2026-12-27,45990,Premium,VIC,car/14923121/toyota/gr86/vic/melbourne/coupe,2026-01-25T15:12:25,,
2007,Toyota,Corolla,Levin Zr,Hatchback,127000,Automatic,,12500,Unleaded,VIC,car/14915823/toyota/corolla/vic/dandenong/hatchback,2026-01-25T15:12:25,,
2019,Toyota,C-HR,Koba (2Wd),Wagon,96548,Automatic,2026-04-03,22990,Premium,VIC,car/14921862/toyota/c-hr/vic/williamstown-north/suv,2026-01-25T15:12:25,,
2012,Toyota,86,Gts,Coupe,137605,Automatic,2026-02-08,19990,Premium,VIC,car/14919569/toyota/86/vic/coburg-north/coupe,2026-01-25T15:12:25,,
2019,Toyota,Kluger,Gxl (4X2),Wagon,112851,Automatic,,35888,Unleaded,VIC,car/14864541/toyota/kluger/vic/oakleigh/suv,2026-01-25T15:12:25,,
2006,Toyota,Avensis,Verso Glx,Wagon,175997,Automatic,2026-10-15,4990,Unleaded,VIC,car/14923312/toyota/avensis/vic/williamstown/people-mover,2026-01-25T15:12:25,,
2017,Toyota,Prius-C,Hybrid,Hatchback,36536,Automatic,2026-03-24,19990,Hybrid,VIC,car/14919178/toyota/prius-c/vic/maidstone/hatchback,2026-01-25T15:12:25,,
2024,Toyota,Fortuner,Crusade,Wagon,15808,Automatic,,67999,Diesel,VIC,car/14868647/toyota/fortuner/vic/oakleigh/suv,2026-01-25T15:12:25,,
2024,Toyota,Camry,Ascent,Sedan,52084,Automatic,2026-04-08,39888,Premium,VIC,car/14917500/toyota/camry/vic/tottenham/sedan,2026-01-25T15:12:25,,
2022,Toyota,RAV4,Gx (Awd) Hybrid,Wagon,74118,Automatic,,41888,Hybrid,VIC,car/14917499/toyota/rav4/vic/tottenham/suv,2026-01-25T15:12:25,,
2015,Toyota,Corolla,Ascent,Sedan,90346,Automatic,2026-08-15,19990,Unleaded,VIC,car/14868742/toyota/corolla/vic/essendon-fields/sedan,2026-01-25T15:12:25,,
2018,Toyota,C-HR,(HYBRID) ZYX10 G-LED,SUV,71771,Automatic,,24999,Hybrid,VIC,car/14918182/toyota/c-hr/vic/st-kilda/suv,2026-01-25T15:12:25,,
2019,Toyota,Camry,Ascent,Sedan,76164,Automatic,2026-07-21,28990,Unleaded,VIC,car/14920489/toyota/camry/vic/melbourne/sedan,2026-01-25T15:12:25,,
2024,Toyota,HiAce,Slwb Commuter (12 Seats),Bus,2855,Automatic,2026-05-19,91470,Diesel,VIC,car/14809256/toyota/hiace/vic/keysborough/people-mover,2026-01-25T15:12:25,,
2004,Toyota,RAV4,Cv (4X4),Wagon,215027,Automatic,2026-09-12,7990,Unleaded,VIC,car/14928971/toyota/rav4/vic/maidstone/suv,2026-01-25T15:12:25,,
2017,Toyota,HiAce,Lwb,Van,185594,Automatic,2026-02-28,22880,Unleaded,VIC,car/14928968/toyota/hiace/vic/maidstone/van,2026-01-25T15:12:25,,
2022,Toyota,Hilux,Sr (4X4),Double Cab Pick Up,45704,Automatic,,54999,Diesel,VIC,car/14820591/toyota/hilux/vic/oakleigh/dual-cab,2026-01-25T15:12:37,,
2023,Toyota,Camry,Ascent,Sedan,35755,Automatic,,37990,Premium,VIC,car/14904626/toyota/camry/vic/elsternwick/sedan,2026-01-25T15:12:37,,
2020,Toyota,Hilux,Workmate,Cab Chassis,116218,Manual,2026-12-14,22990,Unleaded,VIC,car/14924932/toyota/hilux/vic/south-melbourne/single-cab,2026-01-25T15:12:37,,
2022,Toyota,RAV4,Gx (Awd) Hybrid,Wagon,58570,Automatic,2025-10-13,41990,Hybrid,VIC,car/14921078/toyota/rav4/vic/port-melbourne/suv,2026-01-25T15:12:37,,
2018,Toyota,RAV4,Gxl (2Wd),Wagon,64681,Automatic,,29990,Unleaded,VIC,car/14921566/toyota/rav4/vic/elsternwick/suv,2026-01-25T15:12:37,,
2014,Toyota,Kluger,Grande (4X4),Wagon,150817,Automatic,2026-09-19,26970,Unleaded,VIC,car/14892294/toyota/kluger/vic/keysborough/suv,2026-01-25T15:12:37,,
2014,Toyota,Corolla,Ascent,Hatchback,143200,Automatic,,15990,Unleaded,VIC,car/14920238/toyota/corolla/vic/maidstone/hatchback,2026-01-25T15:12:37,,
2006,Toyota,Kluger,Grande (4X4),Wagon,321226,Automatic,2026-05-18,8988,Unleaded,VIC,car/14923128/toyota/kluger/vic/braybrook/suv,2026-01-25T15:12:37,,
2021,Toyota,Hilux,Sr (4X4),Double Cab Chassis,124214,Automatic,,41975,Diesel,VIC,car/14918667/toyota/hilux/vic/officer/dual-cab,2026-01-25T15:12:37,,
2022,Toyota,Hilux,Workmate (4X4),Cab Chassis,78428,Manual,2026-11-15,42990,Diesel,VIC,car/14921816/toyota/hilux/vic/melbourne/single-cab,2026-01-25T15:12:37,,
2022,Toyota,Hilux,Sr5 Hi-Rider (4X2),Double Cab Pick Up,118952,Automatic,2026-09-29,41990,Diesel,VIC,car/14921573/toyota/hilux/vic/south-melbourne/dual-cab,2026-01-25T15:12:37,,
2022,Toyota,Corolla,Ascent Sport Hybrid,Hatchback,45585,Automatic,,30999,Hybrid,VIC,car/14838100/toyota/corolla/vic/oakleigh/hatchback,2026-01-25T15:12:37,,
2018,Toyota,C-HR,S LED EDITION,SUV,48821,Automatic,,23995,Unleaded,VIC,car/14927721/toyota/c-hr/vic/maidstone/suv,2026-01-25T15:12:37,,
2023,Toyota,Kluger,Gx 2Wd,Wagon,52179,Automatic,,45888,Unleaded,VIC,car/14922939/toyota/kluger/vic/tottenham/suv,2026-01-25T15:12:37,,
2022,Toyota,Landcruiser Prado,Gxl Flat Tailgate,Wagon,90158,Automatic,2026-06-10,52780,Diesel,VIC,car/14908882/toyota/landcruiser-prado/vic/berwick/suv,2026-01-25T15:12:37,,
2024,Toyota,RAV4,Gx (2Wd) Hybrid,Wagon,10274,Automatic,2026-05-10,47990,Hybrid,VIC,car/14922035/toyota/rav4/vic/south-melbourne/suv,2026-01-25T15:12:37,,
2016,Toyota,Camry,Atara Sl,Sedan,70088,Automatic,2026-12-30,22990,Unleaded,VIC,car/14919181/toyota/camry/vic/maidstone/sedan,2026-01-25T15:12:37,,
2008,Toyota,Kluger,Kx-R (Fwd) 7 Seat,Wagon,172000,Automatic,,12500,Unleaded,VIC,car/14805515/toyota/kluger/vic/dandenong/suv,2026-01-25T15:12:37,,
2022,Toyota,HiAce,Slwb,Van,69406,Automatic,,58888,Diesel,VIC,car/14928353/toyota/hiace/vic/tottenham/van,2026-01-25T15:12:37,,
2022,Toyota,Hilux,Sr Hi-Rider (4X2),Double Cab Pick Up,38566,Manual,,39990,Diesel,VIC,car/14922977/toyota/hilux/vic/elsternwick/dual-cab,2026-01-25T15:12:37,,
2014,Toyota,RAV4,Gx (4X4),Wagon,219766,Automatic,2026-01-13,17950,Diesel,VIC,car/14899919/toyota/rav4/vic/ringwood/suv,2026-01-25T15:12:37,,
2012,Toyota,Camry,Altise,Sedan,268426,Automatic,2026-04-15,8450,Unleaded,VIC,car/14921852/toyota/camry/vic/preston/sedan,2026-01-25T15:12:37,,
2010,Toyota,Kluger,Kx-R (Fwd) 7 Seat,Wagon,236250,Automatic,2026-06-06,9990,Unleaded,VIC,car/14919583/toyota/kluger/vic/coburg-north/suv,2026-01-25T15:12:37,,
2020,Toyota,Hilux,Workmate,Cab Chassis,115200,Automatic,,26990,Unleaded,VIC,car/14918469/toyota/hilux/vic/elsternwick/single-cab,2026-01-25T15:12:37,,
2024,Toyota,GR Corolla,Gts,Hatchback,15657,Automatic,2026-03-31,69990,Premium,VIC,car/14918087/toyota/gr-corolla/vic/melbourne/hatchback,2026-01-25T15:12:37,,
2017,Toyota,Esquire,GI PREMIUM ZWR80,SUV,114385,Automatic,,27990,Unleaded,VIC,car/14844322/toyota/esquire/vic/clayton-south/suv,2026-01-25T15:12:37,,
2009,Toyota,HiAce,Lwb,Van,260000,Automatic,,15999,Diesel,VIC,car/14918881/toyota/hiace/vic/footscray/van,2026-01-25T15:12:37,,
2011,Toyota,Hilux,Sr5 (4X4),Dual Cab Pick-up,169148,Automatic,2026-08-09,26990,Diesel,VIC,car/14928884/toyota/hilux/vic/west-footscray/dual-cab,2026-01-25T15:12:37,,
2018,Toyota,Kluger,Gx (4X2),Wagon,148938,Automatic,2026-02-19,29990,Unleaded,VIC,car/14915588/toyota/kluger/vic/ringwood/suv,2026-01-25T15:12:37,,
2020,Toyota,Yaris Cross,Gx Hybrid,Wagon,32100,Automatic,2026-05-08,31990,Hybrid,VIC,car/14922036/toyota/yaris-cross/vic/south-melbourne/suv,2026-01-25T15:12:37,,
2024,Toyota,COROLLA CROSS PETROL,COROLLA CROSS GX 2.0L PETROL AUTO CVT 5 DOOR HATCH,Hatch,16076,,,40333,Other,VIC,car/14926336/toyota/corolla-cross-petrol/vic/melbourne/hatchback,2026-01-25T15:12:37,,
2002,Toyota,RAV4,Cruiser (4X4),Wagon,218166,Automatic,2026-07-31,9990,Unleaded,VIC,car/14823146/toyota/rav4/vic/ringwood/suv,2026-01-25T15:12:37,,
2006,Toyota,Crown,ATHLETE,Sedan,94149,Automatic,,12995,Unleaded,VIC,car/14928159/toyota/crown/vic/maidstone/limousine,2026-01-25T15:12:37,,
2022,Toyota,Corolla,Ascent Sport Hybrid,Hatchback,39905,Automatic,,29490,Hybrid,VIC,car/14924726/toyota/corolla/vic/melbourne/hatchback,2026-01-25T15:12:37,,
2006,Toyota,Camry,Sportivo,Sedan,185234,Automatic,2026-04-28,9990,Unleaded,VIC,car/14868736/toyota/camry/vic/ringwood/sedan,2026-01-25T15:12:37,,
2022,Toyota,RAV4,Gx (2Wd) Hybrid,Wagon,29642,Automatic,,40750,Hybrid,VIC,car/14925719/toyota/rav4/vic/elsternwick/suv,2026-01-25T15:12:37,,
2022,Toyota,RAV4,Gx (2Wd) Hybrid,Wagon,30223,Automatic,,40750,Hybrid,VIC,car/14920053/toyota/rav4/vic/elsternwick/suv,2026-01-25T15:12:37,,
2020,Toyota,Camry,Ascent,Sedan,49380,Automatic,,30999,Unleaded,VIC,car/14799170/toyota/camry/vic/oakleigh/sedan,2026-01-25T15:12:37,,
2016,Toyota,Camry,Altise,Sedan,228048,Automatic,2026-06-27,12990,Unleaded,VIC,car/14919239/toyota/camry/vic/maidstone/sedan,2026-01-25T15:12:37,,
2021,Toyota,RAV4,Gx (2Wd) Hybrid,Wagon,63093,Automatic,2026-08-27,40888,Hybrid,VIC,car/14921549/toyota/rav4/vic/tottenham/suv,2026-01-25T15:12:37,,
2019,Toyota,Landcruiser Prado,Gxl (4X4),Wagon,71115,Automatic,2026-01-25,58990,Diesel,VIC,car/14888681/toyota/landcruiser-prado/vic/essendon-fields/suv,2026-01-25T15:12:37,,
2011,Toyota,Camry,Luxury Hybrid,Sedan,189290,Automatic,,9990,Hybrid,VIC,car/14928076/toyota/camry/vic/west-footscray/sedan,2026-01-25T15:12:37,,
2024,Toyota,RAV4,Cruiser (Awd) Hybrid,Wagon,10333,Automatic,2026-03-21,61990,Hybrid,VIC,car/14918090/toyota/rav4/vic/melbourne/suv,2026-01-25T15:12:37,,
2024,Toyota,GR Yaris,Gts,Hatchback,10664,Manual,,61990,Premium,VIC,car/14919067/toyota/gr-yaris/vic/elsternwick/hatchback,2026-01-25T15:12:37,,
2017,Toyota,C-HR,C-HR KOBA AWD 1.2L PETROL CVT WAGON,SUV,113091,,2026-07-09,24990,Other,VIC,car/14917794/toyota/c-hr/vic/melbourne/suv,2026-01-25T15:12:37,,
2010,Toyota,Prius,Hybrid,Hatchback,187388,Automatic,,12999,Hybrid,VIC,car/14871315/toyota/prius/vic/oakleigh/hatchback,2026-01-25T15:12:37,,
2008,Toyota,Aurion,Sportivo Zr6,Sedan,189043,Automatic,2026-10-07,9990,Unleaded,VIC,car/14919588/toyota/aurion/vic/coburg-north/sedan,2026-01-25T15:12:37,,
2024,Toyota,Camry,Ascent Hybrid,Sedan,45883,Automatic,,40888,Hybrid,VIC,car/14921073/toyota/camry/vic/tottenham/sedan,2026-01-25T15:12:37,,
2024,Toyota,Yaris Cross,Urban Hybrid,Wagon,8378,Automatic,,44444,Hybrid,VIC,car/14886460/toyota/yaris-cross/vic/oakleigh/suv,2026-01-25T15:12:37,,
2019,Toyota,Kluger,Grande (4X4),Wagon,25652,Automatic,,48990,Unleaded,VIC,car/14919557/toyota/kluger/vic/melbourne/suv,2026-01-25T15:12:37,,
2024,Toyota,Landcruiser,Lc300 Sahara Zx (4X4),Wagon,3335,Automatic,2026-11-29,155888,Diesel,VIC,car/14919283/toyota/landcruiser/vic/tottenham/suv,2026-01-25T15:12:37,,
2020,Toyota,Landcruiser,Gxl,Double Cab Chassis,145348,Manual,2026-01-01,123970,Diesel,VIC,car/14856373/toyota/landcruiser/vic/keysborough/dual-cab,2026-01-25T15:12:37,,
2022,Toyota,Corolla,Ascent Sport Hybrid,Sedan,48462,Automatic,2026-05-17,29990,Hybrid,VIC,car/14917934/toyota/corolla/vic/melbourne/sedan,2026-01-25T15:12:37,,
2023,Toyota,RAV4,Gx (2Wd),Wagon,55124,Automatic,,39990,Unleaded,VIC,car/14920177/toyota/rav4/vic/elsternwick/suv,2026-01-25T15:12:37,,
2014,Toyota,Prius,ZVW30,Hatch,90108,Automatic,,16490,Unleaded,VIC,car/14928336/toyota/prius/vic/clayton-south/hatchback,2026-01-25T15:12:37,,
2022,Toyota,Landcruiser,Lc300 Vx (4X4),Wagon,92287,Automatic,,116990,Diesel,VIC,car/14917935/toyota/landcruiser/vic/south-melbourne/suv,2026-01-25T15:12:37,,
2016,Toyota,RAV4,Gx (4X4),Wagon,176103,Automatic,2026-08-21,18990,Diesel,VIC,car/14919562/toyota/rav4/vic/coburg-north/suv,2026-01-25T15:12:37,,
2019,Toyota,Hilux,Sr (4X4),Double Cab Chassis,94606,Automatic,,39975,Diesel,VIC,car/14926909/toyota/hilux/vic/officer/dual-cab,2026-01-25T15:12:37,,
2025,Toyota,LC MILITARY,LC MILITARY GXL 4.5L T DIESEL MANUAL DUAL CAB CHASSIS,Ute Tray,7736,Manual,,148990,Other,VIC,car/14917791/toyota/lc-military/vic/melbourne/pickup,2026-01-25T15:12:37,,
2023,Toyota,Kluger,Gx Awd,Wagon,38266,Automatic,,43750,Unleaded,VIC,car/14917326/toyota/kluger/vic/elsternwick/suv,2026-01-25T15:12:37,,
2016,Toyota,Fortuner,Gxl,Wagon,103771,Automatic,2026-05-18,36990,Diesel,VIC,car/14773433/toyota/fortuner/vic/ferntree-gully/suv,2026-01-25T15:12:37,,
2023,Toyota,Corolla Cross,ATMOS,SUV,21610,,,43990,Unleaded,VIC,car/14918465/toyota/corolla-cross/vic/elsternwick/suv,2026-01-25T15:12:37,,
2022,Toyota,RAV4,Gx (2Wd) Hybrid,Wagon,19953,Automatic,,44888,Hybrid,VIC,car/14878010/toyota/rav4/vic/tottenham/suv,2026-01-25T15:12:37,,
2021,Toyota,Kluger,Gxl Hybrid Awd,Wagon,107529,Automatic,2026-01-21,49388,Hybrid,VIC,car/14812174/toyota/kluger/vic/tottenham/suv,2026-01-25T15:12:37,,
2015,Toyota,Prius,Hybrid,Hatchback,113333,Automatic,,18995,Hybrid,VIC,car/14791196/toyota/prius/vic/maidstone/hatchback,2026-01-25T15:12:37,,
2024,Toyota,RAV4,Edge (Awd) Hybrid,Wagon,14350,Automatic,2026-01-08,59970,Hybrid,VIC,car/14843907/toyota/rav4/vic/keysborough/suv,2026-01-25T15:12:37,,
2023,Toyota,Yaris Cross,Gxl Hybrid,Wagon,14545,Automatic,,36990,Hybrid,VIC,car/14831749/toyota/yaris-cross/vic/elsternwick/suv,2026-01-25T15:12:37,,
2022,Toyota,RAV4,Edge (Awd) Hybrid,Wagon,56117,Automatic,,54990,Hybrid,VIC,car/14864771/toyota/rav4/vic/elsternwick/suv,2026-01-25T15:12:37,,
2025,Toyota,HiAce,Commuter (12 Seats),Bus,30,Automatic,2025-12-19,32990,Diesel,VIC,car/14921091/toyota/hiace/vic/berwick/people-mover,2026-01-25T15:12:37,,
2022,Toyota,Camry,Ascent Sport Hybrid,Sedan,86529,Automatic,,32750,Hybrid,VIC,car/14804098/toyota/camry/vic/elsternwick/sedan,2026-01-25T15:12:37,,
2023,Toyota,C-HR,Koba (2Wd),Wagon,57828,Automatic,,36888,Premium,VIC,car/14829100/toyota/c-hr/vic/tottenham/suv,2026-01-25T15:12:37,,
2008,Toyota,Aurion,At-X,Sedan,159967,Automatic,2026-04-15,10990,Unleaded,VIC,car/14917377/toyota/aurion/vic/ringwood/sedan,2026-01-25T15:12:37,,
2024,Toyota,COROLLA CROSS PETROL,COROLLA CROSS GX 2.0L PETROL AUTO CVT 5 DOOR HATCH,Hatch,19679,,,39880,Other,VIC,car/14871694/toyota/corolla-cross-petrol/vic/melbourne/hatchback,2026-01-25T15:12:37,,
2018,Toyota,Camry,Ascent,Sedan,114171,Automatic,,24990,Unleaded,VIC,car/14868419/toyota/camry/vic/elsternwick/sedan,2026-01-25T15:12:37,,
2018,Toyota,Corolla,Hybrid,Hatchback,142775,Automatic,2026-02-06,20990,Hybrid,VIC,car/14803329/toyota/corolla/vic/altona-north/hatchback,2026-01-25T15:12:37,,
2020,Toyota,Corolla,HYBRID EX,SUV,95821,Automatic,,18995,Unleaded,VIC,car/14791182/toyota/corolla/vic/maidstone/suv,2026-01-25T15:12:37,,
2017,Toyota,Corolla,Ascent,Sedan,156825,Automatic,2026-03-21,17990,Unleaded,VIC,car/14789515/toyota/corolla/vic/west-footscray/sedan,2026-01-25T15:12:37,,
2009,Toyota,Crown,,Sedan,113000,Automatic,,19990,Premium,VIC,car/14869650/toyota/crown/vic/cranbourne-west/limousine,2026-01-25T15:12:37,,
2018,Toyota,Camry,Ascent Sport (Hybrid),Sedan,40831,Automatic,2026-07-18,30990,Hybrid,VIC,car/14911300/toyota/camry/vic/melbourne/sedan,2026-01-25T15:12:37,,
2006,Toyota,Camry,Altise,Sedan,239897,Automatic,2026-01-15,7999,Unleaded,VIC,car/14824102/toyota/camry/vic/braybrook/sedan,2026-01-25T15:12:37,,
2013,Toyota,Landcruiser Prado,Gxl (4X4),Wagon,262392,Automatic,2025-12-05,27990,Diesel,VIC,car/14798527/toyota/landcruiser-prado/vic/altona-north/suv,2026-01-25T15:12:37,,
2021,Toyota,Fortuner,Gx,Wagon,75173,Automatic,2026-04-02,46555,Diesel,VIC,car/14898157/toyota/fortuner/vic/melbourne/suv,2026-01-25T15:12:37,,
2010,Toyota,Mark X,PREMIUM,Sedan,73767,Automatic,,14995,Unleaded,VIC,car/14789897/toyota/mark-x/vic/maidstone/limousine,2026-01-25T15:12:37,,
2022,Toyota,C-HR,Koba (2Wd),Wagon,52583,Automatic,,36388,Premium,VIC,car/14835007/toyota/c-hr/vic/tottenham/suv,2026-01-25T15:12:37,,
2021,Toyota,GR Yaris,Gr,Hatchback,69925,Manual,2026-05-25,44990,Premium,VIC,car/14872864/toyota/gr-yaris/vic/south-melbourne/hatchback,2026-01-25T15:12:37,,
2008,Toyota,Aurion,At-X,Sedan,165623,Automatic,2026-09-13,11999,Unleaded,VIC,car/14869581/toyota/aurion/vic/ringwood/sedan,2026-01-25T15:12:37,,
2024,Toyota,Kluger,Grande Awd,Wagon,15489,Automatic,,74990,Unleaded,VIC,car/14822946/toyota/kluger/vic/elsternwick/suv,2026-01-25T15:12:37,,
2012,Toyota,Aurion,At-X,Sedan,257846,Automatic,2025-09-30,11999,Unleaded,VIC,car/14886218/toyota/aurion/vic/braybrook/sedan,2026-01-25T15:12:37,,
2018,Toyota,Hilux,Sr (4X4),Dual Cab Chassis,69214,Automatic,,41975,Diesel,VIC,car/14893028/toyota/hilux/vic/officer/dual-cab,2026-01-25T15:12:37,,
2024,Toyota,GR Corolla,Gts,Hatchback,4525,Manual,2026-05-07,65990,Premium,VIC,car/14890996/toyota/gr-corolla/vic/melbourne/hatchback,2026-01-25T15:12:37,,
2021,Toyota,C-HR,Koba (2Wd) Hybrid,Wagon,38647,Automatic,,37990,Hybrid,VIC,car/14888327/toyota/c-hr/vic/elsternwick/suv,2026-01-25T15:12:37,,
2012,Toyota,HiAce,Lwb,Van,117412,Automatic,2025-09-14,25999,Unleaded,VIC,car/14770455/toyota/hiace/vic/deer-park/van,2026-01-25T15:12:37,,
2020,Toyota,HiAce,Lwb (4 Door Option),Van,83150,Automatic,,45990,Diesel,VIC,car/14899552/toyota/hiace/vic/elsternwick/van,2026-01-25T15:12:37,,
2021,Toyota,Kluger,Grande Hybrid Awd,Wagon,63552,Automatic,2026-06-29,60990,Hybrid,VIC,car/14883560/toyota/kluger/vic/melbourne/suv,2026-01-25T15:12:37,,
2010,Toyota,Aurion,Sportivo Zr6,Sedan,202481,Automatic,2026-04-14,12990,Unleaded,VIC,car/14914117/toyota/aurion/vic/ringwood/sedan,2026-01-25T15:12:37,,
2019,Toyota,RAV4,Gx (2Wd),Wagon,63652,Manual,2026-07-12,32490,Unleaded,VIC,car/14897197/toyota/rav4/vic/melbourne/suv,2026-01-25T15:12:37,,
2024,Toyota,Corolla,Ascent Sport Hybrid,Sedan,55897,Automatic,,31990,Hybrid,VIC,car/14909616/toyota/corolla/vic/elsternwick/sedan,2026-01-25T15:12:37,,
2022,Toyota,RAV4,Gx (2Wd) Fss + Navigation Hybr,Wagon,89000,Automatic,,36988,Hybrid,VIC,car/14834966/toyota/rav4/vic/donvale/suv,2026-01-25T15:12:37,,
2023,Toyota,C-HR,Koba (2Wd),Wagon,57332,Automatic,,36888,Premium,VIC,car/14825826/toyota/c-hr/vic/tottenham/suv,2026-01-25T15:12:37,,
2020,Toyota,Corolla,HYBRID EX,Sedan,66738,Automatic,,20995,Unleaded,VIC,car/14902689/toyota/corolla/vic/maidstone/limousine,2026-01-25T15:12:37,,
2022,Toyota,Corolla,Ascent Sport Hybrid,Hatchback,78651,Automatic,2026-04-25,27899,Hybrid,VIC,car/14796681/toyota/corolla/vic/ringwood/hatchback,2026-01-25T15:33:31,,
2022,Toyota,Hilux,Sr (4X4),Double Cab Chassis,105959,Automatic,2026-05-20,45880,Diesel,VIC,car/14808811/toyota/hilux/vic/melbourne/dual-cab,2026-01-25T15:33:31,,
2023,Toyota,Corolla,Ascent Sport,Hatchback,837,Automatic,2026-11-14,34990,Unleaded,VIC,car/14913510/toyota/corolla/vic/melbourne/hatchback,2026-01-25T15:33:31,,
2024,Toyota,Camry,Ascent,Sedan,34358,Automatic,,39950,Premium,VIC,car/14767160/toyota/camry/vic/elsternwick/sedan,2026-01-25T15:33:31,,
2020,Toyota,Corolla,Zr,Sedan,34624,Automatic,,29990,Unleaded,VIC,car/14911576/toyota/corolla/vic/elsternwick/sedan,2026-01-25T15:33:31,,
2015,Toyota,Corolla,Ascent,Sedan,164337,Automatic,2026-05-19,15450,Unleaded,VIC,car/14827693/toyota/corolla/vic/ringwood/sedan,2026-01-25T15:33:31,,
2024,Toyota,COROLLA CROSS PETROL,COROLLA CROSS GX 2.0L PETROL AUTO CVT 5 DOOR HATCH,Hatch,16268,,,41880,Other,VIC,car/14868141/toyota/corolla-cross-petrol/vic/melbourne/hatchback,2026-01-25T15:33:31,,
2023,Toyota,Hilux,Sr (4X4),Double Cab Pick Up,80153,Automatic,2026-06-30,50990,Diesel,VIC,car/14883556/toyota/hilux/vic/south-melbourne/dual-cab,2026-01-25T15:33:31,,
2020,Toyota,Camry,Sl,Sedan,91010,Automatic,,35888,Unleaded,VIC,car/14821822/toyota/camry/vic/oakleigh/sedan,2026-01-25T15:33:31,,
2024,Toyota,RAV4,Gxl (2Wd) Hybrid,Wagon,17137,Automatic,2026-06-24,49490,Hybrid,VIC,car/14876186/toyota/rav4/vic/melbourne/suv,2026-01-25T15:33:31,,
2024,Toyota,RAV4,Cruiser (2Wd) Hybrid,Wagon,6566,Automatic,2026-04-24,59490,Hybrid,VIC,car/14884967/toyota/rav4/vic/melbourne/suv,2026-01-25T15:33:31,,
2020,Toyota,Landcruiser,GX (4X4),Wagon,134000,Automatic,,46499,Diesel,VIC,car/14830711/toyota/landcruiser/vic/donvale/estatecar,2026-01-25T15:33:31,,
2018,Toyota,C-HR,S LED PACKAGE,SUV,99743,Automatic,,23995,Unleaded,VIC,car/14777176/toyota/c-hr/vic/maidstone/suv,2026-01-25T15:33:31,,
2023,Toyota,Kluger,Gx 2Wd,Wagon,49164,Automatic,,42750,Unleaded,VIC,car/14793821/toyota/kluger/vic/elsternwick/suv,2026-01-25T15:33:31,,
2022,Toyota,Corolla,Ascent Sport Hybrid,Hatchback,18091,Automatic,,31499,Hybrid,VIC,car/14799172/toyota/corolla/vic/oakleigh/hatchback,2026-01-25T15:33:31,,
2022,Toyota,RAV4,Gx (2Wd) Hybrid,Wagon,40713,Automatic,,39750,Hybrid,VIC,car/14914592/toyota/rav4/vic/elsternwick/suv,2026-01-25T15:33:31,,
2022,Toyota,Landcruiser Prado,Gx,Wagon,73399,Automatic,,60888,Diesel,VIC,car/14878008/toyota/landcruiser-prado/vic/tottenham/suv,2026-01-25T15:33:31,,
2008,Toyota,Corolla,Ascent,Hatchback,184237,Automatic,2026-04-15,9950,Unleaded,VIC,car/14889447/toyota/corolla/vic/ringwood/hatchback,2026-01-25T15:33:31,,
2023,Toyota,Kluger,Gx 2Wd,Wagon,41074,Automatic,,42750,Unleaded,VIC,car/14793890/toyota/kluger/vic/elsternwick/suv,2026-01-25T15:33:31,,
2020,Toyota,Probox,HYBRID DX COMFORT,SUV,100077,Automatic,,15995,Unleaded,VIC,car/14791194/toyota/probox/vic/maidstone/suv,2026-01-25T15:33:31,,
2020,Toyota,Corolla,Ascent Sport (Hybrid),Hatchback,85407,Automatic,2026-02-28,24990,Hybrid,VIC,car/14867865/toyota/corolla/vic/tullamarine/hatchback,2026-01-25T15:33:31,,
2018,Toyota,C-HR,G LED EDITION,SUV,104113,Automatic,,23995,Unleaded,VIC,car/14838483/toyota/c-hr/vic/maidstone/suv,2026-01-25T15:33:31,,
2018,Toyota,C-HR,HV S LED EDITION,SUV,115255,Automatic,,22995,Unleaded,VIC,car/14885957/toyota/c-hr/vic/maidstone/suv,2026-01-25T15:33:31,,
2024,Toyota,Camry,Ascent,Sedan,47015,Automatic,2026-03-12,39888,Premium,VIC,car/14902282/toyota/camry/vic/tottenham/sedan,2026-01-25T15:33:31,,
2024,Toyota,Corolla,Zr,Hatchback,15143,Automatic,,41990,Unleaded,VIC,car/14904627/toyota/corolla/vic/elsternwick/hatchback,2026-01-25T15:33:31,,
2018,Toyota,Hilux,Sr (4X4),Double Cab Pick Up,122000,Automatic,2026-01-24,43990,Diesel,VIC,car/14763517/toyota/hilux/vic/tullamarine/dual-cab,2026-01-25T15:33:31,,
2021,Toyota,RAV4,Gxl (Awd) Hybrid,Wagon,45622,Automatic,2026-05-18,43990,Hybrid,VIC,car/14897821/toyota/rav4/vic/south-melbourne/suv,2026-01-25T15:33:31,,
2024,Toyota,RAV4,Cruiser (2Wd) Hybrid,Wagon,15647,Automatic,2026-03-10,59990,Hybrid,VIC,car/14852394/toyota/rav4/vic/south-melbourne/suv,2026-01-25T15:33:31,,
2015,Toyota,Yaris,Zr,Hatchback,71000,Automatic,,12500,Unleaded,VIC,car/14803716/toyota/yaris/vic/dandenong/hatchback,2026-01-25T15:33:31,,
2021,Toyota,Corolla,Ascent Sport,Hatchback,17136,Automatic,2026-06-24,29490,Unleaded,VIC,car/14875298/toyota/corolla/vic/melbourne/hatchback,2026-01-25T15:33:31,,
2023,Toyota,Landcruiser,Lc300 Gxl (4X4),Wagon,72832,Automatic,2026-06-11,103991,Diesel,VIC,car/14849012/toyota/landcruiser/vic/melbourne/suv,2026-01-25T15:33:31,,
2011,Toyota,Landcruiser Prado,Gxl (4X4),Wagon,223000,Automatic,,27999,Diesel,VIC,car/14891758/toyota/landcruiser-prado/vic/altona-north/suv,2026-01-25T15:33:31,,
2021,Toyota,C-HR,Koba (2Wd) Hybrid,Wagon,40868,Automatic,2026-01-19,36990,Hybrid,VIC,car/14911856/toyota/c-hr/vic/south-melbourne/suv,2026-01-25T15:33:31,,
2016,Toyota,Aqua,S,Hatch,101454,Automatic,,15995,Unleaded,VIC,car/14902690/toyota/aqua/vic/maidstone/hatchback,2026-01-25T15:33:31,,
2006,Toyota,Crown,GRS184,Sedan,56871,Automatic,,17490,Unleaded,VIC,car/14875401/toyota/crown/vic/clayton-south/limousine,2026-01-25T15:33:31,,
2025,Toyota,RAV4,Gx (2Wd) Hybrid,Wagon,30136,Automatic,,46990,Hybrid,VIC,car/14887672/toyota/rav4/vic/elsternwick/suv,2026-01-25T15:33:31,,
2024,Toyota,RAV4,Gx (2Wd) Hybrid,Wagon,41813,Automatic,,46990,Hybrid,VIC,car/14887671/toyota/rav4/vic/elsternwick/suv,2026-01-25T15:33:31,,
2023,Toyota,Corolla,Ascent Sport,Hatchback,49136,Automatic,2026-06-30,28990,Unleaded,VIC,car/14877567/toyota/corolla/vic/melbourne/hatchback,2026-01-25T15:33:31,,
2024,Toyota,COROLLA CROSS PETROL,COROLLA CROSS GX 2.0L PETROL AUTO CVT 5 DOOR HATCH,Hatch,25108,,2026-06-18,39450,Other,VIC,car/14864441/toyota/corolla-cross-petrol/vic/melbourne/hatchback,2026-01-25T15:33:31,,
2019,Toyota,C-HR,(HYBRID) ZYX10,SUV,90579,Automatic,,27490,Unleaded,VIC,car/14899417/toyota/c-hr/vic/clayton-south/suv,2026-01-25T15:33:31,,
2021,Toyota,Corolla,Zr Hybrid,Hatchback,30451,Automatic,,38990,Hybrid,VIC,car/14845654/toyota/corolla/vic/elsternwick/hatchback,2026-01-25T15:33:31,,
2022,Toyota,Corolla,Ascent Sport Hybrid,Hatchback,75354,Automatic,,28990,Hybrid,VIC,car/14911197/toyota/corolla/vic/elsternwick/hatchback,2026-01-25T15:33:31,,
2021,Toyota,RAV4,Gxl (2Wd),Wagon,55369,Automatic,2026-07-06,37690,Unleaded,VIC,car/14890995/toyota/rav4/vic/melbourne/suv,2026-01-25T15:33:31,,
2023,Toyota,Corolla,Ascent Sport Hybrid,Hatchback,24493,Automatic,2026-05-20,32990,Hybrid,VIC,car/14869679/toyota/corolla/vic/south-melbourne/hatchback,2026-01-25T15:33:31,,
2023,Toyota,Kluger,Grande Awd,Wagon,43890,Automatic,,67950,Unleaded,VIC,car/14398844/toyota/kluger/vic/elsternwick/suv,2026-01-25T15:33:31,,
2023,Toyota,Hilux,Sr (4X4),Double Cab Pick Up,116975,Automatic,2026-06-30,47990,Diesel,VIC,car/14893163/toyota/hilux/vic/south-melbourne/dual-cab,2026-01-25T15:33:31,,
2020,Toyota,HiAce,Lwb (4 Door Option),Van,81735,Automatic,,45990,Diesel,VIC,car/14899549/toyota/hiace/vic/elsternwick/van,2026-01-25T15:33:31,,
2019,Toyota,Corolla,Ascent,Sedan,110201,Automatic,2026-04-10,20999,Unleaded,VIC,car/14692700/toyota/corolla/vic/ringwood/sedan,2026-01-25T15:33:31,,
2024,Toyota,Corolla,Ascent Sport Hybrid,Hatchback,23468,Automatic,2026-06-08,33490,Hybrid,VIC,car/14894658/toyota/corolla/vic/melbourne/hatchback,2026-01-25T15:33:31,,
2021,Toyota,Corolla,Ascent Sport Hybrid,Sedan,11008,Automatic,2026-07-07,32490,Hybrid,VIC,car/14894656/toyota/corolla/vic/melbourne/sedan,2026-01-25T15:33:31,,
2019,Toyota,C-HR,,SUV,100774,Automatic,,23495,Unleaded,VIC,car/14662915/toyota/c-hr/vic/laverton-north/suv,2026-01-25T15:33:31,,
2022,Toyota,Corolla,Ascent Sport Hybrid,Hatchback,98236,Automatic,,28388,Hybrid,VIC,car/14868816/toyota/corolla/vic/tottenham/hatchback,2026-01-25T15:33:31,,
2024,Toyota,RAV4,Cruiser (Awd) Hybrid,Wagon,11486,Automatic,,61990,Hybrid,VIC,car/14911227/toyota/rav4/vic/elsternwick/suv,2026-01-25T15:33:31,,
2012,Toyota,HiAce,Lwb,Van,147952,Automatic,,26000,Diesel,VIC,car/14592855/toyota/hiace/vic/epping/van,2026-01-25T15:33:31,,
2022,Toyota,C-HR,Koba (2Wd) Hybrid,Wagon,27594,Automatic,2026-07-12,38490,Hybrid,VIC,car/14897201/toyota/c-hr/vic/melbourne/suv,2026-01-25T15:33:31,,
2024,Toyota,RAV4,Edge (Awd) Hybrid,Wagon,18245,Automatic,,64990,Hybrid,VIC,car/14909186/toyota/rav4/vic/elsternwick/suv,2026-01-25T15:33:31,,
2024,Toyota,Corolla,Ascent Sport Hybrid,Hatchback,48075,Automatic,,30977,Hybrid,VIC,car/14761772/toyota/corolla/vic/elsternwick/hatchback,2026-01-25T15:33:31,,
2022,Toyota,RAV4,Gxl (Awd) Hybrid,Wagon,49073,Automatic,2026-06-05,44490,Hybrid,VIC,car/14839280/toyota/rav4/vic/melbourne/suv,2026-01-25T15:33:31,,
2023,Toyota,Camry,Ascent,Sedan,73314,Automatic,,38888,Premium,VIC,car/14854013/toyota/camry/vic/tottenham/sedan,2026-01-25T15:33:31,,
2015,Toyota,Hilux,Sr (4X4),Dual Cab Chassis,336596,Manual,2026-04-01,17999,Diesel,VIC,car/14333176/toyota/hilux/vic/avondale-heights/dual-cab,2026-01-25T15:33:31,,
2019,Toyota,Camry,Ascent Sport,Sedan,61445,Automatic,2026-05-20,27888,Unleaded,VIC,car/14829099/toyota/camry/vic/tottenham/sedan,2026-01-25T15:33:31,,
2023,Toyota,Landcruiser,Lc300 Gxl (4X4),Wagon,49689,Automatic,2026-06-03,108888,Diesel,VIC,car/14784841/toyota/landcruiser/vic/south-melbourne/suv,2026-01-25T15:33:31,,
2024,Toyota,Camry,Ascent,Sedan,35075,Automatic,,38990,Premium,VIC,car/14916251/toyota/camry/vic/elsternwick/sedan,2026-01-25T15:33:31,,
2009,Toyota,Crown,MAJESTA G TYPE F PACKAGE,OtherCar,121424,,,22500,Other,VIC,car/14730867/toyota/crown/vic/epping/othercar,2026-01-25T15:33:31,,
2022,Toyota,Corolla,Ascent Sport,Hatchback,52369,Automatic,,26888,Unleaded,VIC,car/14896461/toyota/corolla/vic/tottenham/hatchback,2026-01-25T15:33:31,,
2024,Toyota,Corolla,Ascent Sport Hybrid,Hatchback,22498,Automatic,2026-06-28,33880,Hybrid,VIC,car/14894121/toyota/corolla/vic/melbourne/hatchback,2026-01-25T15:33:31,,
2011,Toyota,Yaris,Yr,Hatchback,140381,Manual,2025-01-01,8990,Unleaded,VIC,car/14235901/toyota/yaris/vic/oakleigh-south/hatchback,2026-01-25T15:33:31,,
2022,Toyota,Corolla,Ascent Sport Hybrid,Sedan,99534,Automatic,,28388,Hybrid,VIC,car/14868820/toyota/corolla/vic/tottenham/sedan,2026-01-25T15:33:31,,
2024,Toyota,Yaris Cross,Gx Hybrid,Wagon,3833,Automatic,,37490,Hybrid,VIC,car/14828003/toyota/yaris-cross/vic/south-melbourne/suv,2026-01-25T15:33:31,,
2008,Toyota,Hilux,Sr5 (4X4),Dual Cab Pick-up,235532,Manual,2025-10-08,21927,Diesel,VIC,car/14681754/toyota/hilux/vic/werribee/dual-cab,2026-01-25T15:33:31,,
2023,Toyota,Camry,Ascent,Sedan,65286,Automatic,,38888,Premium,VIC,car/14872852/toyota/camry/vic/tottenham/sedan,2026-01-25T15:33:31,,
2021,Toyota,Yaris Cross,Gx Hybrid,Wagon,34708,Automatic,2026-09-02,33990,Hybrid,VIC,car/14887955/toyota/yaris-cross/vic/south-melbourne/suv,2026-01-25T15:33:31,,
2012,Toyota,Crown,MAJESTA (HYBRID),Sedan,116104,Automatic,,23999,Hybrid,VIC,car/14411997/toyota/crown/vic/cranbourne-west/limousine,2026-01-25T15:33:31,,
2022,Toyota,RAV4,Gx (Awd) Hybrid,Wagon,70880,Automatic,,41388,Hybrid,VIC,car/14883707/toyota/rav4/vic/tottenham/suv,2026-01-25T15:33:31,,
2019,Toyota,Corolla,Ascent Sport,Hatchback,44826,Automatic,2026-03-30,25888,Unleaded,VIC,car/14892278/toyota/corolla/vic/tottenham/hatchback,2026-01-25T15:33:31,,
2021,Toyota,Hilux,Workmate,Cab Chassis,86151,Automatic,,36990,Unleaded,VIC,car/14678796/toyota/hilux/vic/coburg-north/single-cab,2026-01-25T15:33:31,,
2022,Toyota,Kluger,Gxl Hybrid Awd,Wagon,57605,Automatic,,63990,Hybrid,VIC,car/14914656/toyota/kluger/vic/elsternwick/suv,2026-01-25T15:33:31,,
2021,Toyota,RAV4,Gxl (2Wd) Hybrid,Wagon,42583,Automatic,2026-07-05,41990,Hybrid,VIC,car/14889481/toyota/rav4/vic/melbourne/suv,2026-01-25T15:33:31,,
2009,Toyota,Aurion,At-X,Sedan,280969,Automatic,2025-12-04,6990,Unleaded,VIC,car/14547070/toyota/aurion/vic/ringwood/sedan,2026-01-25T15:33:31,,
2020,Toyota,RAV4,Cruiser 2Wd Hybrid,Wagon,95411,Automatic,2026-04-07,42990,Hybrid,VIC,car/14876585/toyota/rav4/vic/south-melbourne/suv,2026-01-25T15:33:31,,
2021,Toyota,RAV4,Gxl (2Wd) Hybrid,Wagon,22900,Automatic,2026-07-07,44990,Hybrid,VIC,car/14852392/toyota/rav4/vic/south-melbourne/suv,2026-01-25T15:33:31,,
2023,Toyota,RAV4,Gx (2Wd) Hybrid,Wagon,47827,Automatic,,41777,Hybrid,VIC,car/14778016/toyota/rav4/vic/elsternwick/suv,2026-01-25T15:33:31,,
2018,Toyota,Prius,S,Hatch,91067,Automatic,,21995,Unleaded,VIC,car/14797783/toyota/prius/vic/maidstone/hatchback,2026-01-25T15:33:31,,
2012,Toyota,Hilux,Sr,X Cab Pickup,241334,Automatic,2025-06-28,13996,Unleaded,VIC,car/14431762/toyota/hilux/vic/ringwood/extra-cab,2026-01-25T15:33:31,,
2021,Toyota,RAV4,Gx (Awd) Hybrid,Wagon,38306,Automatic,2026-03-19,42990,Hybrid,VIC,car/14804535/toyota/rav4/vic/south-melbourne/suv,2026-01-25T15:33:31,,
2024,Toyota,Corolla,Ascent Sport,Hatchback,50150,Automatic,,28990,Unleaded,VIC,car/14911195/toyota/corolla/vic/elsternwick/hatchback,2026-01-25T15:33:31,,
2025,Toyota,Camry,Ascent Hybrid,Sedan,13890,Automatic,,46950,Hybrid,VIC,car/14627080/toyota/camry/vic/elsternwick/sedan,2026-01-25T15:33:31,,
2022,Toyota,RAV4,Gx (Awd) Hybrid,Wagon,58291,Automatic,2026-05-26,41470,Hybrid,VIC,car/14818685/toyota/rav4/vic/melbourne/suv,2026-01-25T15:33:31,,
2023,Toyota,RAV4,Gx (2Wd) Hybrid,Wagon,50054,Automatic,,41950,Hybrid,VIC,car/14790825/toyota/rav4/vic/elsternwick/suv,2026-01-25T15:33:31,,
2021,Toyota,Camry,Ascent,Sedan,23974,Automatic,,32999,Premium,VIC,car/14722069/toyota/camry/vic/oakleigh/sedan,2026-01-25T15:33:31,,
2020,Toyota,RAV4,Gx 2Wd Hybrid,Wagon,55223,Automatic,,39990,Hybrid,VIC,car/14848830/toyota/rav4/vic/elsternwick/suv,2026-01-25T15:33:31,,
2023,Toyota,Corolla,Ascent Sport Hybrid,Hatchback,50895,Automatic,,31990,Hybrid,VIC,car/14911196/toyota/corolla/vic/elsternwick/hatchback,2026-01-25T15:33:31,,
2002,Toyota,HiAce,Commuter,Bus,193125,Automatic,2026-03-30,19999,Unleaded,VIC,car/14608497/toyota/hiace/vic/ringwood/people-mover,2026-01-25T15:33:31,,
2023,Toyota,RAV4,Cruiser (2Wd) Hybrid,Wagon,44576,Automatic,2026-08-31,54990,Hybrid,VIC,car/14851358/toyota/rav4/vic/south-melbourne/suv,2026-01-25T15:33:31,,
2020,Toyota,Camry,Ascent Sport,Sedan,92342,Automatic,,28888,Unleaded,VIC,car/14849244/toyota/camry/vic/tottenham/sedan,2026-01-25T15:33:31,,
2019,Toyota,HiAce,GDH201,Commercial,175570,Automatic,,29500,Other,VIC,car/14592826/toyota/hiace/vic/epping/van,2026-01-25T15:33:31,,
2021,Toyota,Corolla,Ascent Sport,Hatchback,38874,Automatic,2026-09-21,28990,Unleaded,VIC,car/14901584/toyota/corolla/vic/south-melbourne/hatchback,2026-01-25T15:33:31,,
2020,Toyota,Camry,Ascent,Sedan,55858,Automatic,2026-06-26,30880,Unleaded,VIC,car/14818686/toyota/camry/vic/melbourne/sedan,2026-01-25T15:33:31,,
2006,Toyota,Estima,AERAS G,OtherCar,163562,,2023-12-30,11999,Unleaded,VIC,car/13127981/toyota/estima/vic/west-footscray/othercar,2026-01-25T15:33:31,,
2021,Toyota,Camry,Ascent,Sedan,44506,Automatic,2026-07-07,33380,Premium,VIC,car/14895030/toyota/camry/vic/melbourne/sedan,2026-01-25T15:33:31,,
2007,Toyota,Kluger,Kx-S (Fwd),Wagon,324224,Automatic,2025-11-30,8999,Unleaded,VIC,car/14822593/toyota/kluger/vic/deer-park/suv,2026-01-25T15:33:31,,
2015,Toyota,Kluger,Grande (4X4),Wagon,157865,Automatic,2026-03-06,24999,Unleaded,VIC,car/14838774/toyota/kluger/vic/avondale-heights/suv,2026-01-25T15:33:31,,
2011,Toyota,Corolla,Levin Zr,Hatchback,113000,Manual,2026-07-12,9750,Unleaded,VIC,car/14891931/toyota/corolla/vic/nunawading/hatchback,2026-01-25T15:33:31,,
2023,Toyota,Kluger,Grande Hybrid Awd,Wagon,13915,Automatic,,74950,Hybrid,VIC,car/14545873/toyota/kluger/vic/elsternwick/suv,2026-01-25T15:33:31,,
2004,Toyota,Landcruiser,Gxl (4X4),Wagon,381000,Automatic,,14999,Unleaded,VIC,car/14814463/toyota/landcruiser/vic/brooklyn/suv,2026-01-25T15:33:31,,
2016,Toyota,Camry,Atara Sl Hybrid,Sedan,153589,Automatic,2026-02-05,17999,Hybrid,VIC,car/14807840/toyota/camry/vic/laverton-north/sedan,2026-01-25T15:33:31,,
2008,Toyota,Hilux,Sr,Pickup,205918,Automatic,2025-06-30,14999,Unleaded,VIC,car/14522185/toyota/hilux/vic/deer-park/single-cab,2026-01-25T15:33:31,,
2004,Toyota,Landcruiser Prado,GXL,SUV,386888,Automatic,2026-03-25,11999,Unleaded,VIC,car/14852399/toyota/landcruiser-prado/vic/briar-hill/suv,2026-01-25T15:33:31,,
2020,Toyota,HiAce,Lwb Gl (Colours),Van,65388,Automatic,,56990,Diesel,VIC,car/14852397/toyota/hiace/vic/south-melbourne/van,2026-01-25T15:33:31,,
2017,Toyota,HiAce,Commuter (12 Seats),Bus,82952,Automatic,,48990,Diesel,VIC,car/14119004/toyota/hiace/vic/coburg-north/people-mover,2026-01-25T15:33:31,,
2022,Toyota,Hilux,Sr (4X4),Cab Chassis,21516,Automatic,2026-07-20,48990,Diesel,VIC,car/14852396/toyota/hilux/vic/south-melbourne/single-cab,2026-01-25T15:33:31,,
2024,Toyota,Corolla,Ascent Sport,Sedan,15983,Automatic,2026-07-21,32990,Unleaded,VIC,car/14852393/toyota/corolla/vic/south-melbourne/sedan,2026-01-25T15:33:31,,
2022,Toyota,Corolla,Ascent Sport Hybrid,Hatchback,57935,Automatic,2026-04-13,29488,Hybrid,VIC,car/14719227/toyota/corolla/vic/ferntree-gully/hatchback,2026-01-25T15:33:31,,
2020,Toyota,C-HR,Koba (2Wd) Hybrid,Wagon,84107,Automatic,2026-01-27,34888,Hybrid,VIC,car/14853968/toyota/c-hr/vic/tottenham/suv,2026-01-25T15:33:31,,
2023,Toyota,C-HR,Koba (2Wd),Wagon,70650,Automatic,,35888,Premium,VIC,car/14825825/toyota/c-hr/vic/tottenham/suv,2026-01-25T15:33:31,,
2008,Toyota,Kluger,Kx-R (Fwd) 5 Seat,Wagon,338207,Automatic,2025-08-23,6999,Unleaded,VIC,car/14526467/toyota/kluger/vic/hoppers-crossing/suv,2026-01-25T15:33:31,,
2021,Toyota,RAV4,Gx (Awd) Hybrid,Wagon,11347,Automatic,2026-07-29,43990,Hybrid,VIC,car/14871752/toyota/rav4/vic/south-melbourne/suv,2026-01-25T15:33:31,,
2022,Toyota,RAV4,Gx (Awd) Hybrid,Wagon,41089,Automatic,,43888,Hybrid,VIC,car/14878011/toyota/rav4/vic/tottenham/suv,2026-01-25T15:33:31,,
2002,Toyota,Corolla,Ultima,Sedan,242000,Automatic,,6999,Unleaded,VIC,car/14388891/toyota/corolla/vic/brooklyn/sedan,2026-01-25T15:33:31,,
2018,Toyota,Camry,Ascent,Sedan,116021,Automatic,2026-01-26,25888,Unleaded,VIC,car/14891897/toyota/camry/vic/tottenham/sedan,2026-01-25T15:33:31,,
2017,Toyota,Yaris,Ascent,Hatchback,130000,Manual,2026-04-12,11999,Unleaded,VIC,car/14917045/toyota/yaris/vic/nunawading/hatchback,2026-01-25T15:33:31,,
2005,Toyota,HiAce,Lwb,Van,467673,Automatic,,11999,Diesel,VIC,car/14855506/toyota/hiace/vic/ravenhall/van,2026-01-25T15:33:31,,
2013,Toyota,Yaris,Yr,Hatchback,47908,Manual,2026-03-20,12555,Unleaded,VIC,car/14910597/toyota/yaris/vic/burwood/hatchback,2026-01-25T15:33:31,,
2018,Toyota,Hilux,Sr5 (4X4),Double Cab Pick Up,162535,Automatic,2026-04-11,42999,Diesel,VIC,car/14719171/toyota/hilux/vic/ringwood/dual-cab,2026-01-25T15:33:31,,
2009,Toyota,RAV4,Cv (4X4),Wagon,253940,Automatic,2026-01-15,8499,Unleaded,VIC,car/14869247/toyota/rav4/vic/fawkner/suv,2026-01-25T15:33:31,,
2012,Toyota,Landcruiser Prado,Gxl (4X4),Wagon,257981,Manual,2023-08-29,27999,Diesel,VIC,car/13009586/toyota/landcruiser-prado/vic/hoppers-crossing/suv,2026-01-25T15:33:31,,
2012,Toyota,Hilux,Sr (4X4),Dual Cab Chassis,324600,Manual,2026-04-05,22999,Diesel,VIC,car/14767913/toyota/hilux/vic/williamstown-north/dual-cab,2026-01-25T15:33:31,,
2023,Toyota,Corolla,Sx Hybrid,Hatchback,73194,Automatic,,29977,Hybrid,VIC,car/14646980/toyota/corolla/vic/elsternwick/hatchback,2026-01-25T15:33:31,,
2014,Toyota,Landcruiser Prado,Gxl (4X4),Wagon,231000,Automatic,2026-06-19,37990,Diesel,VIC,car/14876350/toyota/landcruiser-prado/vic/derrimut/suv,2026-01-25T15:33:31,,
2001,Toyota,Corolla,Ascent Seca,Hatchback,57608,Automatic,,11990,Unleaded,VIC,car/14875297/toyota/corolla/vic/mentone/hatchback,2026-01-25T15:33:31,,
2023,Toyota,Camry,Ascent,Sedan,59755,Automatic,,33444,Premium,VIC,car/14576957/toyota/camry/vic/bundoora/sedan,2026-01-25T15:33:31,,
2021,Toyota,Alphard,S (HYBRID) AYH30W,SUV,38000,Automatic,,54990,Hybrid,VIC,car/14791050/toyota/alphard/vic/fawkner/suv,2026-01-25T15:33:31,,
2016,Toyota,Corolla,Ascent,Sedan,240393,Automatic,2026-09-07,12888,Unleaded,VIC,car/14818428/toyota/corolla/vic/thomastown/sedan,2026-01-25T15:33:31,,
2023,Toyota,Corolla Cross,Gx 2Wd,Wagon,58890,Automatic,,35950,Unleaded,VIC,car/14558275/toyota/corolla-cross/vic/elsternwick/suv,2026-01-25T15:33:31,,
2018,Toyota,Esquire,G HYBRID ZWR80,SUV,106893,Automatic,,25990,Hybrid,VIC,car/14908815/toyota/esquire/vic/fawkner/suv,2026-01-25T15:33:31,,
2023,Toyota,Landcruiser,Lc300 Sahara (4X4),Wagon,81700,Automatic,2026-04-15,149999,Diesel,VIC,car/14847920/toyota/landcruiser/vic/williamstown-north/suv,2026-01-25T15:33:31,,
2018,Toyota,HiAce,GDH201,Commercial,196381,Automatic,,28000,Other,VIC,car/14637361/toyota/hiace/vic/epping/van,2026-01-25T15:33:31,,
2010,Toyota,Hilux,Sr,Dual Cab Pick-up,312413,Automatic,2026-03-26,10999,Unleaded,VIC,car/14911356/toyota/hilux/vic/avondale-heights/dual-cab,2026-01-25T15:33:31,,
2019,Toyota,Camry,Ascent,Sedan,89000,Automatic,2026-02-21,24990,Unleaded,VIC,car/14828233/toyota/camry/vic/nunawading/sedan,2026-01-25T15:33:31,,
2004,Toyota,Landcruiser Prado,Gxl (4X4),Wagon,427000,Automatic,2026-04-28,9999,Unleaded,VIC,car/14788415/toyota/landcruiser-prado/vic/altona-north/suv,2026-01-25T15:33:31,,
2008,Toyota,Kluger,Kx-S (Fwd),Wagon,186266,Automatic,,15388,Unleaded,VIC,car/14903425/toyota/kluger/vic/oakleigh/suv,2026-01-25T15:33:31,,
2023,Toyota,Camry,Ascent,Sedan,62325,Automatic,,33444,Premium,VIC,car/14576956/toyota/camry/vic/bundoora/sedan,2026-01-25T15:33:31,,
2014,Toyota,Corolla,Ascent Sport,Hatchback,146267,Automatic,,14490,Unleaded,VIC,car/14914428/toyota/corolla/vic/laverton-north/hatchback,2026-01-25T15:33:31,,
2015,Toyota,Hilux,Workmate,Cab Chassis,241000,Manual,,14999,Unleaded,VIC,car/14582912/toyota/hilux/vic/brooklyn/single-cab,2026-01-25T15:33:31,,
2005,Toyota,Corolla,Conquest Seca,Hatchback,153000,Automatic,2026-02-10,8250,Unleaded,VIC,car/14905208/toyota/corolla/vic/nunawading/hatchback,2026-01-25T15:33:31,,
2023,Toyota,Camry,Ascent,Sedan,52523,Automatic,,33750,Premium,VIC,car/14678146/toyota/camry/vic/bundoora/sedan,2026-01-25T15:33:31,,
2016,Toyota,Estima,AERAS F,SUV,233614,Automatic,2026-03-29,9999,Unleaded,VIC,car/14848772/toyota/estima/vic/altona-north/suv,2026-01-25T15:33:31,,
2019,Toyota,Kluger,Gx (4X4),Wagon,216878,Automatic,2026-09-30,23999,Unleaded,VIC,car/14806096/toyota/kluger/vic/sunshine/suv,2026-01-25T15:33:31,,
2024,Toyota,Kluger,Gxl Hybrid Awd,Wagon,31890,Automatic,,68950,Hybrid,VIC,car/14595099/toyota/kluger/vic/elsternwick/suv,2026-01-25T15:33:31,,
2017,Toyota,Camry,Atara Sl Hybrid,Sedan,112605,Automatic,,24990,Hybrid,VIC,car/14811075/toyota/camry/vic/nunawading/sedan,2026-01-25T15:33:31,,
2021,Toyota,Hilux,Rugged X (4X4),Double Cab Pick Up,93559,Automatic,2026-06-23,60777,Diesel,VIC,car/14869249/toyota/hilux/vic/heidelberg/dual-cab,2026-01-25T15:33:31,,
2020,Toyota,RAV4,Cruiser (Awd) Hybrid,Wagon,87090,Automatic,,41999,Hybrid,VIC,car/14755010/toyota/rav4/vic/melton/suv,2026-01-25T15:33:31,,
2015,Toyota,Camry,Altise,Sedan,200321,Automatic,2026-03-12,13990,Unleaded,VIC,car/14876732/toyota/camry/vic/thomastown/sedan,2026-01-25T15:33:31,,
2013,Toyota,HiAce,,Commercial,102612,Automatic,2025-12-20,24999,Other,VIC,car/14809509/toyota/hiace/vic/briar-hill/van,2026-01-25T15:33:31,,
2012,Toyota,Hilux,Sr,Dual Cab Pick-up,304000,Manual,,14999,Diesel,VIC,car/14547116/toyota/hilux/vic/brooklyn/dual-cab,2026-01-25T15:33:31,,
2015,Toyota,Corolla,Sx,Hatchback,108727,Automatic,2026-10-08,21200,Unleaded,VIC,car/14872499/toyota/corolla/vic/epping/hatchback,2026-01-25T15:33:31,,
2022,Toyota,RAV4,Gx (2Wd),Wagon,38267,Automatic,2026-04-16,37490,Unleaded,VIC,car/14909004/toyota/rav4/vic/essendon-fields/suv,2026-01-25T15:33:31,,
2014,Toyota,RAV4,Gxl (2Wd),Wagon,149398,Automatic,2026-05-26,20895,Unleaded,VIC,car/14888717/toyota/rav4/vic/burwood/suv,2026-01-25T15:33:31,,
2014,Toyota,86,Gts,Coupe,41694,Manual,2026-05-25,30000,Premium,VIC,car/14836666/toyota/86/vic/burwood/coupe,2026-01-25T15:33:31,,
2020,Toyota,Camry,Sx,Sedan,143170,Automatic,2026-04-16,27999,Unleaded,VIC,car/14733216/toyota/camry/vic/ringwood/sedan,2026-01-25T15:33:31,,
2012,Toyota,Landcruiser Prado,Gxl (4X4),Wagon,201073,Automatic,2026-02-13,31997,Diesel,VIC,car/14819728/toyota/landcruiser-prado/vic/fawkner/suv,2026-01-25T15:33:31,,
2005,Toyota,Camry,Altise,Sedan,145268,Automatic,,7888,Unleaded,VIC,car/14825984/toyota/camry/vic/mitcham/sedan,2026-01-25T15:33:31,,
2017,Toyota,Prius-C,Hybrid,Hatchback,104452,Automatic,2026-03-09,18695,Hybrid,VIC,car/14616706/toyota/prius-c/vic/ravenhall/hatchback,2026-01-25T15:33:31,,
2017,Toyota,Alphard,X (Hybrid),Wagon,73232,,2026-05-29,44990,,VIC,car/14912398/toyota/alphard/vic/bentleigh/wagon,2026-01-25T15:33:31,,
2023,Toyota,Landcruiser,Lc300 Sahara Zx (4X4),Wagon,34000,Automatic,2026-11-24,142990,Diesel,VIC,car/14901874/toyota/landcruiser/vic/nunawading/suv,2026-01-25T15:33:31,,
2021,Toyota,Landcruiser,Lc300 Sahara Zx (4X4),Wagon,75890,Automatic,,129950,Diesel,VIC,car/14711403/toyota/landcruiser/vic/elsternwick/suv,2026-01-25T15:33:31,,
2022,Toyota,Noah,(HYBRID) ZWR90 8 SEATER,SUV,95363,Automatic,2026-04-05,39990,Hybrid,VIC,car/14899494/toyota/noah/vic/fawkner/suv,2026-01-25T15:33:31,,
2022,Toyota,Landcruiser,Gxl,Cab Chassis,53857,Manual,2000-01-01,88990,Diesel,VIC,car/14798968/toyota/landcruiser/vic/preston/single-cab,2026-01-25T15:33:31,,
2008,Toyota,Corolla,Ascent,Sedan,96358,Automatic,2026-02-14,11990,Unleaded,VIC,car/14744523/toyota/corolla/vic/maidstone/sedan,2026-01-25T15:33:31,,
2019,Toyota,Kluger,Grande (4X2),Wagon,62942,Automatic,2026-01-31,41990,Unleaded,VIC,car/14882919/toyota/kluger/vic/brighton/suv,2026-01-25T15:33:31,,
2024,Toyota,Corolla,Ascent Sport,Hatchback,31296,Automatic,,26699,Unleaded,VIC,car/14742257/toyota/corolla/vic/laverton-north/hatchback,2026-01-25T15:33:31,,
2006,Toyota,Landcruiser Prado,Gxl (4X4),Wagon,358199,Automatic,,15999,Diesel,VIC,car/14840734/toyota/landcruiser-prado/vic/ravenhall/suv,2026-01-25T15:33:31,,
2014,Toyota,Hilux,Workmate,Cab Chassis,154184,Automatic,2026-02-28,17990,Unleaded,VIC,car/14831532/toyota/hilux/vic/thomastown/single-cab,2026-01-25T15:33:31,,
2014,Toyota,Camry,Altise,Sedan,145000,Automatic,2026-04-14,14900,Unleaded,VIC,car/14667735/toyota/camry/vic/cranbourne-west/sedan,2026-01-25T15:33:31,,
1999,Toyota,Landcruiser,HDJ101,SUV,141291,Automatic,,39990,Diesel,VIC,car/14816355/toyota/landcruiser/vic/fawkner/suv,2026-01-25T15:33:31,,
1994,Toyota,Supra,,Liftback,160125,,,129888,,VIC,car/14916632/toyota/supra/vic/laverton-north/hatchback,2026-01-25T15:33:31,,
2021,Toyota,Hilux,Rugged X (4X4),Double Cab Pick Up,113314,Automatic,2026-05-25,57990,Diesel,VIC,car/14877821/toyota/hilux/vic/camberwell/dual-cab,2026-01-25T15:33:31,,
2009,Toyota,Prius,I-Tech Hybrid,Hatchback,119263,Automatic,2026-01-24,13499,Hybrid,VIC,car/14746909/toyota/prius/vic/ringwood/hatchback,2026-01-25T15:33:31,,
2016,Toyota,Hilux,Sr (4X4),Dual Cab Chassis,98700,Automatic,2026-01-19,46990,Diesel,VIC,car/14887501/toyota/hilux/vic/vermont/dual-cab,2026-01-25T15:33:31,,
2018,Toyota,Landcruiser,Lc200 Vx (4X4),Wagon,97410,Automatic,2026-04-30,96777,Diesel,VIC,car/14881172/toyota/landcruiser/vic/heidelberg/suv,2026-01-25T15:33:31,,
2006,Toyota,Crown,,Sedan,51800,Automatic,,17490,Premium,VIC,car/14810650/toyota/crown/vic/cranbourne-west/limousine,2026-01-25T15:33:31,,
2021,Toyota,Landcruiser Prado,Vx,Wagon,42000,Automatic,,74888,Diesel,VIC,car/14869920/toyota/landcruiser-prado/vic/airport-west/suv,2026-01-25T15:33:31,,
2014,Toyota,Yaris,Ascent,Hatchback,107171,Automatic,2025-09-27,14490,Unleaded,VIC,car/14673644/toyota/yaris/vic/oakleigh-south/hatchback,2026-01-25T15:33:31,,
2014,Toyota,Corolla,Ascent Sport,Hatchback,109803,Manual,,17990,Unleaded,VIC,car/14832915/toyota/corolla/vic/coburg-north/hatchback,2026-01-25T15:33:31,,
2015,Toyota,Landcruiser Prado,Gxl (4X4),Wagon,266000,Automatic,2025-12-23,31999,Diesel,VIC,car/14858042/toyota/landcruiser-prado/vic/laverton-north/suv,2026-01-25T15:33:31,,
2016,Toyota,Prius-C,Hybrid,Hatchback,115428,Automatic,2025-08-15,16999,Hybrid,VIC,car/14552474/toyota/prius-c/vic/cranbourne-west/hatchback,2026-01-25T15:33:31,,
2016,Toyota,Corolla,Ascent,Sedan,148160,Automatic,2026-02-18,15999,Unleaded,VIC,car/14841834/toyota/corolla/vic/sunshine/sedan,2026-01-25T15:33:31,,
2003,Toyota,Echo,,Hatchback,228622,Automatic,2026-04-29,7990,Unleaded,VIC,car/14907942/toyota/echo/vic/brighton/hatchback,2026-01-25T15:33:31,,
2023,Toyota,Corolla Cross,Gx 2Wd,Wagon,27174,Automatic,,32199,Unleaded,VIC,car/14718623/toyota/corolla-cross/vic/laverton-north/suv,2026-01-25T15:33:31,,
2006,Toyota,Hilux,Sr5 (4X4),Dual Cab Pick-up,379226,Manual,2026-04-13,14990,Diesel,VIC,car/14916697/toyota/hilux/vic/derrimut/dual-cab,2026-01-25T15:33:31,,
2016,Toyota,Kluger,Grande (4X4),Wagon,135410,Automatic,,32990,Unleaded,VIC,car/14869311/toyota/kluger/vic/coburg-north/suv,2026-01-25T15:33:31,,
2019,Toyota,HiAce,Commuter (12 Seats),Bus,75753,Automatic,,59990,Diesel,VIC,car/14137939/toyota/hiace/vic/coburg-north/people-mover,2026-01-25T15:33:31,,
2007,Toyota,Prius,Hybrid,Hatchback,137000,Automatic,2026-06-30,9499,Hybrid,VIC,car/14850046/toyota/prius/vic/laverton-north/hatchback,2026-01-25T15:33:31,,
2023,Toyota,Corolla,Ascent Sport Hybrid,Hatchback,57588,Automatic,,31990,Hybrid,VIC,car/14911198/toyota/corolla/vic/elsternwick/hatchback,2026-01-25T15:33:31,,
2016,Toyota,HiAce,Lwb,Van,188311,Automatic,2026-06-08,29997,Diesel,VIC,car/14819729/toyota/hiace/vic/fawkner/van,2026-01-25T15:33:31,,
2019,Toyota,Camry,Ascent Sport (Hybrid),Sedan,73874,Automatic,2026-08-26,29777,Hybrid,VIC,car/14812953/toyota/camry/vic/heidelberg/sedan,2026-01-25T15:33:31,,
2018,Toyota,Hilux,Workmate,Dual Cab Utility,166705,Automatic,2026-05-25,25990,Unleaded,VIC,car/14754099/toyota/hilux/vic/ringwood/dual-cab,2026-01-25T15:33:31,,
2017,Toyota,Aurion,Presara,Sedan,84868,Automatic,,21295,Unleaded,VIC,car/14814347/toyota/aurion/vic/laverton-north/sedan,2026-01-25T15:33:31,,
2013,Toyota,Aurion,Prodigy,Sedan,129667,Automatic,2026-10-23,14990,Unleaded,VIC,car/14907924/toyota/aurion/vic/coburg-north/sedan,2026-01-25T15:33:31,,
2009,Toyota,Yaris,Yrs,Sedan,176022,Automatic,2025-10-22,9999,Unleaded,VIC,car/14729527/toyota/yaris/vic/werribee/sedan,2026-01-25T15:33:31,,
2013,Toyota,Camry,Altise,Sedan,291000,Automatic,,8999,Unleaded,VIC,car/14864690/toyota/camry/vic/moorabbin/sedan,2026-01-25T15:33:31,,
2020,Toyota,Hilux,Workmate,Cab Chassis,112235,Manual,2026-04-08,22888,Unleaded,VIC,car/14832835/toyota/hilux/vic/camberwell/single-cab,2026-01-25T15:33:31,,
2008,Toyota,Prius,Hybrid,Hatchback,109418,Automatic,2026-06-23,13591,Hybrid,VIC,car/14681554/toyota/prius/vic/werribee/hatchback,2026-01-25T15:33:31,,
2022,Toyota,Hilux,Rogue (4X4),Double Cab Pick Up,68698,Automatic,2026-06-24,58888,Diesel,VIC,car/14778710/toyota/hilux/vic/deer-park/dual-cab,2026-01-25T15:33:31,,
2011,Toyota,Landcruiser,Workmate (4X4),Cab Chassis,325594,Manual,2026-01-15,39975,Diesel,VIC,car/14752089/toyota/landcruiser/vic/officer/single-cab,2026-01-25T15:33:31,,
2005,Toyota,HiAce,Lwb,Van,218391,Automatic,2026-04-07,15999,Diesel,VIC,car/14822289/toyota/hiace/vic/ravenhall/van,2026-01-25T15:33:31,,
2022,Toyota,Camry,Ascent + Sat Nav Hybrid,Sedan,62987,Automatic,,35999,Hybrid,VIC,car/14607430/toyota/camry/vic/melton/sedan,2026-01-25T15:33:31,,
2010,Toyota,Aurion,Touring Se,Sedan,161727,Automatic,2026-01-15,12990,Unleaded,VIC,car/14891696/toyota/aurion/vic/nunawading/sedan,2026-01-25T15:33:31,,
2009,Toyota,Camry,Ateva,Sedan,162799,Automatic,2026-11-30,10997,Unleaded,VIC,car/14902597/toyota/camry/vic/fawkner/sedan,2026-01-25T15:33:31,,
2007,Toyota,Corolla,Ascent,Hatchback,242510,Manual,2025-06-27,4990,Unleaded,VIC,car/14392907/toyota/corolla/vic/ringwood/hatchback,2026-01-25T15:33:31,,
2023,Toyota,Landcruiser,Lc300 Vx (4X4),Wagon,36969,Automatic,2026-09-13,125990,Diesel,VIC,car/14878066/toyota/landcruiser/vic/blackburn/suv,2026-01-25T15:33:31,,
2020,Toyota,Corolla,HYBRID ZWE214,Sedan,74642,Automatic,,23490,Hybrid,VIC,car/14791034/toyota/corolla/vic/fawkner/limousine,2026-01-25T15:33:31,,
2018,Toyota,Fortuner,Crusade,Wagon,125214,Automatic,2026-02-15,42888,Diesel,VIC,car/14911415/toyota/fortuner/vic/deer-park/suv,2026-01-25T15:33:31,,
2010,Toyota,Corolla,Ascent,Sedan,194676,Automatic,2026-04-29,9999,Unleaded,VIC,car/14824907/toyota/corolla/vic/altona-north/sedan,2026-01-25T15:33:31,,
2020,Toyota,Hilux,Workmate,Cab Chassis,55554,Automatic,,27999,Unleaded,VIC,car/14758784/toyota/hilux/vic/berwick/single-cab,2026-01-25T15:33:31,,
2020,Toyota,Hilux,Workmate,Cab Chassis,90989,Automatic,2026-03-21,26777,Unleaded,VIC,car/14889215/toyota/hilux/vic/heidelberg/single-cab,2026-01-25T15:33:31,,
2019,Toyota,Landcruiser,Lc200 Sahara (4X4),Wagon,78477,Automatic,2026-07-08,114990,Diesel,VIC,car/14870409/toyota/landcruiser/vic/camberwell/suv,2026-01-25T15:33:31,,
2019,Toyota,Hilux,Sr (4X4),Cab Chassis,115777,Manual,2026-04-17,33915,Diesel,VIC,car/14384846/toyota/hilux/vic/brighton/single-cab,2026-01-25T15:33:31,,
2011,Toyota,Aurion,Touring Se,Sedan,290980,Automatic,,8999,Unleaded,VIC,car/14913353/toyota/aurion/vic/brooklyn/sedan,2026-01-25T15:33:31,,
2018,Toyota,RAV4,Cruiser (4X4),Wagon,134339,Automatic,2026-04-30,29997,Unleaded,VIC,car/14889108/toyota/rav4/vic/fawkner/suv,2026-01-25T15:33:31,,
2015,Toyota,86,BLACKLINE EDITION,Coupe,137636,Manual,2025-04-20,28178,Other,VIC,car/13224807/toyota/86/vic/ringwood/sportscar,2026-01-25T15:33:31,,
2023,Toyota,Kluger,Gx Hybrid Awd,Wagon,44591,Automatic,2026-06-13,50888,Hybrid,VIC,car/14798027/toyota/kluger/vic/essendon-fields/suv,2026-01-25T15:33:31,,
2017,Toyota,HiAce,Commuter,Bus,80206,Automatic,,55990,Diesel,VIC,car/14509347/toyota/hiace/vic/coburg-north/people-mover,2026-01-25T15:33:31,,
2025,Toyota,Corolla,Ascent Sport Hybrid,Hatchback,28900,Automatic,,35888,Hybrid,VIC,car/14913333/toyota/corolla/vic/oakleigh/hatchback,2026-01-25T15:33:31,,
2020,Toyota,HiAce,Slwb Commuter (12 Seats),Bus,37042,Automatic,,59990,Diesel,VIC,car/14651157/toyota/hiace/vic/elsternwick/people-mover,2026-01-25T15:33:31,,
2021,Toyota,Landcruiser,Workmate,Double Cab Chassis,36844,Manual,2026-09-26,93390,Diesel,VIC,car/14858060/toyota/landcruiser/vic/bentleigh/dual-cab,2026-01-25T15:33:31,,
2020,Toyota,RAV4,Gx (2Wd),Wagon,49662,Automatic,,30895,Unleaded,VIC,car/14916503/toyota/rav4/vic/laverton-north/suv,2026-01-25T15:33:31,,
2014,Toyota,Corolla,Ascent,Hatchback,97101,Automatic,2026-07-14,19999,Unleaded,VIC,car/14756785/toyota/corolla/vic/ringwood/hatchback,2026-01-25T15:33:31,,
2013,Toyota,Aurion,Prodigy,Sedan,212069,Automatic,,10990,Unleaded,VIC,car/14786903/toyota/aurion/vic/murrumbeena/sedan,2026-01-25T15:33:31,,
2022,Toyota,Corolla,Ascent Sport Hybrid,Sedan,97548,Automatic,,24990,Hybrid,VIC,car/14913058/toyota/corolla/vic/cheltenham/sedan,2026-01-25T15:33:31,,
2022,Toyota,Corolla,Ascent Sport Hybrid,Sedan,33250,Automatic,,30390,Hybrid,VIC,car/14894261/toyota/corolla/vic/coburg-north/sedan,2026-01-25T15:33:31,,
2019,Toyota,Corolla,Zr,Hatchback,30040,Automatic,2026-06-26,28499,Unleaded,VIC,car/14690988/toyota/corolla/vic/ringwood/hatchback,2026-01-25T15:33:31,,
2025,Toyota,RAV4,Edge (Awd) Hybrid,Wagon,4950,Automatic,,64888,Hybrid,VIC,car/14910627/toyota/rav4/vic/oakleigh/suv,2026-01-25T15:33:31,,
2019,Toyota,C-HR,(2Wd),Wagon,41315,Automatic,2026-02-14,26350,Premium,VIC,car/14782951/toyota/c-hr/vic/essendon-fields/suv,2026-01-25T15:33:31,,
2018,Toyota,Kluger,Gx (4X4),Wagon,84655,Automatic,2026-06-29,34999,Unleaded,VIC,car/14672526/toyota/kluger/vic/melton/suv,2026-01-25T15:33:31,,
2025,Toyota,Corolla,Ascent Sport Hybrid,Hatchback,16069,Automatic,2026-03-19,36490,Hybrid,VIC,car/14872202/toyota/corolla/vic/essendon-fields/hatchback,2026-01-25T15:33:31,,
2024,Toyota,GR86,Gts,Coupe,16620,Automatic,2026-07-12,48990,Premium,VIC,car/14911617/toyota/gr86/vic/camberwell/coupe,2026-01-25T15:33:31,,
2023,Toyota,Corolla,Zr Hybrid,Hatchback,8136,Automatic,,37990,Hybrid,VIC,car/14684383/toyota/corolla/vic/laverton-north/hatchback,2026-01-25T15:33:31,,
2019,Toyota,Kluger,Gx (4X2),Wagon,38103,Automatic,2026-03-03,38600,Unleaded,VIC,car/14894529/toyota/kluger/vic/burwood/suv,2026-01-25T15:33:31,,
2024,Toyota,GR86,Gts,Coupe,12362,Automatic,2026-03-05,49777,Premium,VIC,car/14778128/toyota/gr86/vic/heidelberg/coupe,2026-01-25T15:33:31,,
2023,Toyota,Camry,Ascent,Sedan,50833,Automatic,2025-11-29,33444,Premium,VIC,car/14576958/toyota/camry/vic/bundoora/sedan,2026-01-25T15:33:31,,
2022,Toyota,Kluger,Grande 2Wd,Wagon,50291,Automatic,2026-04-28,55990,Premium,VIC,car/14896567/toyota/kluger/vic/essendon-fields/suv,2026-01-25T15:33:31,,
2020,Toyota,Hilux,Workmate,Double Cab Pick Up,66783,Automatic,2026-07-28,31490,Unleaded,VIC,car/14824866/toyota/hilux/vic/camberwell/dual-cab,2026-01-25T15:33:31,,
2024,Toyota,Corolla,Ascent Sport,Hatchback,15867,Automatic,,28799,Unleaded,VIC,car/14742248/toyota/corolla/vic/laverton-north/hatchback,2026-01-25T15:33:31,,
2018,Toyota,Yaris,Ascent,Hatchback,54426,Automatic,,17990,Unleaded,VIC,car/14871370/toyota/yaris/vic/laverton-north/hatchback,2026-01-25T15:33:31,,
2018,Toyota,Landcruiser Prado,Gxl (4X4),Wagon,79363,Automatic,2026-02-01,57300,Diesel,VIC,car/14872653/toyota/landcruiser-prado/vic/bundoora/suv,2026-01-25T15:33:31,,
2007,Toyota,Landcruiser Prado,GX 4X4,SUV,389687,Manual,2025-06-23,12990,Diesel,VIC,car/14146077/toyota/landcruiser-prado/vic/ringwood/suv,2026-01-25T15:33:31,,
2024,Toyota,Corolla Cross,Atmos 2Wd Hybrid,Wagon,9946,Automatic,,53990,Hybrid,VIC,car/14858991/toyota/corolla-cross/vic/mentone/suv,2026-01-25T15:33:31,,
2017,Toyota,Camry,Rz S.E.,Sedan,85403,Automatic,,20290,Unleaded,VIC,car/14896634/toyota/camry/vic/laverton-north/sedan,2026-01-25T15:33:31,,
2018,Toyota,Corolla,Ascent Sport,Hatchback,156125,Automatic,2026-10-12,18990,Unleaded,VIC,car/14839135/toyota/corolla/vic/bentleigh/hatchback,2026-01-25T15:33:31,,
2012,Toyota,Crown,ATHLETE GRS204,Sedan,84729,Automatic,,18990,Unleaded,VIC,car/14908791/toyota/crown/vic/fawkner/limousine,2026-01-25T15:33:31,,
2021,Toyota,HiAce,Lwb (4 Door Option),Van,132232,Automatic,,42990,Diesel,VIC,car/14682664/toyota/hiace/vic/coburg-north/van,2026-01-25T15:33:31,,
2016,Toyota,Camry,Atara S,Sedan,79896,Automatic,2026-11-18,22975,Unleaded,VIC,car/14912825/toyota/camry/vic/burwood/sedan,2026-01-25T15:33:31,,
2010,Toyota,Prius,I-Tech Hybrid,Hatchback,169274,Automatic,2026-04-29,14899,Hybrid,VIC,car/14760875/toyota/prius/vic/ringwood/hatchback,2026-01-25T15:33:31,,
2023,Toyota,Hilux,Sr5 Hi-Rider (4X2),Double Cab Pick Up,86,Automatic,2026-12-22,59777,Diesel,VIC,car/14886180/toyota/hilux/vic/heidelberg/dual-cab,2026-01-25T15:33:31,,
2004,Toyota,Camry,Altise,Sedan,219773,Automatic,2026-05-18,7499,Unleaded,VIC,car/14889937/toyota/camry/vic/altona-north/sedan,2026-01-25T15:33:31,,
2007,Toyota,Camry,Altise,Sedan,186073,Automatic,2026-03-29,8999,Unleaded,VIC,car/14523197/toyota/camry/vic/altona-north/sedan,2026-01-25T15:33:31,,
2024,Toyota,GR86,Gts,Coupe,7543,Automatic,2026-04-22,47990,Premium,VIC,car/14902270/toyota/gr86/vic/camberwell/coupe,2026-01-25T15:33:31,,
2016,Toyota,Camry,Rz S.E.,Sedan,191000,Automatic,,17999,Unleaded,VIC,car/14794991/toyota/camry/vic/brooklyn/sedan,2026-01-25T15:33:31,,
2006,Toyota,RAV4,Cv Sport,Wagon,318000,Automatic,,5995,Unleaded,VIC,car/14926277/toyota/rav4/vic/moorabbin/suv,2026-01-25T15:33:31,,
2017,Toyota,RAV4,Gx (2Wd),Wagon,80215,Automatic,2000-01-01,26990,Unleaded,VIC,car/14896530/toyota/rav4/vic/preston/suv,2026-01-25T15:33:31,,
2022,Toyota,Raize,Z (HYBRID) A202A,SUV,54831,Automatic,,28888,Hybrid,VIC,car/14890325/toyota/raize/vic/murrumbeena/suv,2026-01-25T15:33:31,,
2016,Toyota,Hilux,Sr (4X4),Cab Chassis,221191,Automatic,2026-03-22,25990,Diesel,VIC,car/14530949/toyota/hilux/vic/bayswater/single-cab,2026-01-25T15:33:31,,
2024,Toyota,RAV4,Cruiser (2Wd) Hybrid,Wagon,14036,Automatic,2026-06-20,59990,Hybrid,VIC,car/14911611/toyota/rav4/vic/camberwell/suv,2026-01-25T15:33:31,,
2022,Toyota,Hilux,Workmate (4X2),Cab Chassis,45979,Automatic,,35990,Unleaded,VIC,car/14899670/toyota/hilux/vic/coburg-north/single-cab,2026-01-25T15:33:31,,
2021,Toyota,Hilux,Sr5 (4X4),X Cab Pickup,73256,Automatic,,51888,Diesel,VIC,car/14759398/toyota/hilux/vic/berwick/extra-cab,2026-01-25T15:33:31,,
2019,Toyota,C-HR,Koba (Awd),Hatchback,84339,Automatic,,28990,Premium,VIC,car/14864962/toyota/c-hr/vic/nunawading/suv,2026-01-25T15:33:31,,
2022,Toyota,Hilux,Sr (4X4),Double Cab Chassis,83902,Automatic,,51888,Diesel,VIC,car/14912319/toyota/hilux/vic/deer-park/dual-cab,2026-01-25T15:33:31,,
2019,Toyota,Kluger,Grande (4X4),Wagon,51547,Automatic,2026-12-18,41690,Unleaded,VIC,car/14910232/toyota/kluger/vic/essendon-fields/suv,2026-01-25T15:33:31,,
2018,Toyota,Camry,Ascent,Sedan,96000,Automatic,,22999,Unleaded,VIC,car/14489989/toyota/camry/vic/cranbourne-west/sedan,2026-01-25T15:33:31,,
2018,Toyota,C-HR,(2Wd),Wagon,91716,Automatic,2026-03-05,22890,Premium,VIC,car/14838647/toyota/c-hr/vic/blackburn/suv,2026-01-25T15:33:31,,
2023,Toyota,RAV4,Edge (Awd),Wagon,15917,Automatic,,60888,Unleaded,VIC,car/14852932/toyota/rav4/vic/deer-park/suv,2026-01-25T15:33:31,,
2011,Toyota,Corolla,Ascent,Sedan,185000,Automatic,2026-03-16,9995,Unleaded,VIC,car/14878494/toyota/corolla/vic/moorabbin/sedan,2026-01-25T15:33:31,,
2020,Toyota,RAV4,Gx (2Wd),Wagon,26635,Automatic,2026-04-03,34888,Unleaded,VIC,car/14838618/toyota/rav4/vic/burwood/suv,2026-01-25T15:33:31,,
2021,Toyota,Corolla,Ascent Sport (Hybrid),Sedan,48972,Automatic,,28990,Hybrid,VIC,car/14853860/toyota/corolla/vic/nunawading/sedan,2026-01-25T15:33:31,,
2021,Toyota,RAV4,Gxl (2Wd) Hybrid,Wagon,124607,Automatic,,37990,Hybrid,VIC,car/14761847/toyota/rav4/vic/elsternwick/suv,2026-01-25T15:33:31,,
2016,Toyota,Sienta,(HYBRID) NHP170 7 SEATER,SUV,105146,Automatic,,16990,Hybrid,VIC,car/14791024/toyota/sienta/vic/fawkner/suv,2026-01-25T15:33:31,,
2010,Toyota,Sienta,,Wagon,117495,Automatic,,28500,Premium,VIC,car/14818781/toyota/sienta/vic/campbellfield/estatecar,2026-01-25T15:33:31,,
2016,Toyota,Camry,Atara S,Sedan,91535,Automatic,2026-01-25,19999,Unleaded,VIC,car/14632748/toyota/camry/vic/ringwood/sedan,2026-01-25T15:33:31,,
2023,Toyota,Landcruiser,Lc300 Sahara Zx (4X4),Wagon,64777,Automatic,2026-01-10,138888,Diesel,VIC,car/14865299/toyota/landcruiser/vic/airport-west/suv,2026-01-25T15:33:31,,
2016,Toyota,Yaris,Ascent,Hatchback,49768,Manual,2026-03-06,16725,Unleaded,VIC,car/14849360/toyota/yaris/vic/burwood/hatchback,2026-01-25T15:33:31,,
2010,Toyota,Aurion,Prodigy,Sedan,208284,Automatic,,10999,Unleaded,VIC,car/13075970/toyota/aurion/vic/west-footscray/sedan,2026-01-25T15:33:31,,
2018,Toyota,Camry,Ascent,Sedan,96254,Automatic,,24990,Unleaded,VIC,car/14826792/toyota/camry/vic/coburg-north/sedan,2026-01-25T15:33:31,,
2019,Toyota,Hilux,Sr5 (4X4),X Cab Pickup,166760,Automatic,2026-04-29,48990,Diesel,VIC,car/14896021/toyota/hilux/vic/tullamarine/extra-cab,2026-01-25T15:33:31,,
2014,Toyota,Aurion,At-X,Sedan,226590,Automatic,2026-04-15,10499,Unleaded,VIC,car/14550086/toyota/aurion/vic/ringwood/sedan,2026-01-25T15:33:31,,
2024,Toyota,Corolla,Ascent Sport Hybrid,Sedan,52828,Automatic,,30996,Hybrid,VIC,car/14912904/toyota/corolla/vic/bundoora/sedan,2026-01-25T15:33:31,,
2023,Toyota,Landcruiser Prado,Gxl,Wagon,20674,Automatic,,76990,Diesel,VIC,car/14924371/toyota/landcruiser-prado/vic/nunawading/suv,2026-01-25T15:33:31,,
2009,Toyota,Crown,MAJESTA URS206,Sedan,64500,Automatic,,16990,Unleaded,VIC,car/14924210/toyota/crown/vic/fawkner/limousine,2026-01-25T15:33:31,,
2011,Toyota,Crown,A TYPE,Sedan,44162,Automatic,,24290,Other,VIC,car/14922258/toyota/crown/vic/epping/limousine,2026-01-25T15:33:31,,
2020,Toyota,HiAce,Slwb Commuter (12 Seats),Bus,86608,Automatic,,62990,Diesel,VIC,car/14421227/toyota/hiace/vic/coburg-north/people-mover,2026-01-25T15:33:31,,
2024,Toyota,Corolla,Ascent Sport Hybrid,Hatchback,49305,Automatic,2026-04-27,31888,Hybrid,VIC,car/14923341/toyota/corolla/vic/laverton-north/hatchback,2026-01-25T15:33:31,,
2025,Toyota,Corolla Cross,Gxl Awd Hybrid,Wagon,39,Automatic,,49888,Hybrid,VIC,car/14920671/toyota/corolla-cross/vic/oakleigh/suv,2026-01-25T15:33:31,,
2020,Toyota,Camry,Ascent Hybrid,Sedan,50907,Automatic,,32999,Hybrid,VIC,car/14559152/toyota/camry/vic/melton/sedan,2026-01-25T15:33:31,,
2024,Toyota,Corolla,Ascent Sport,Hatchback,8782,Automatic,2026-05-03,31310,Unleaded,VIC,car/14918518/toyota/corolla/vic/burwood/hatchback,2026-01-25T15:33:31,,
2009,Toyota,Landcruiser Prado,Gxl (4X4),Wagon,298790,Automatic,2026-04-22,19999,Diesel,VIC,car/14919378/toyota/landcruiser-prado/vic/williamstown-north/suv,2026-01-25T15:33:31,,
2006,Toyota,Corolla,Ascent Seca,Hatchback,1348,Automatic,2026-03-21,10999,Unleaded,VIC,car/14754624/toyota/corolla/vic/bayswater-north/hatchback,2026-01-25T15:33:31,,
2021,Toyota,Landcruiser Prado,Kakadu,Wagon,72000,Automatic,2026-08-03,77990,Diesel,VIC,car/14927751/toyota/landcruiser-prado/vic/camberwell/suv,2026-01-25T15:33:31,,
2007,Toyota,Aurion,Sportivo Zr6,Sedan,243000,Automatic,,9999,Unleaded,VIC,car/14919133/toyota/aurion/vic/brooklyn/sedan,2026-01-25T15:33:31,,
2024,Toyota,Camry,Ascent,Sedan,24794,Automatic,,39950,Premium,VIC,car/14602094/toyota/camry/vic/elsternwick/sedan,2026-01-25T15:33:31,,
2023,Toyota,RAV4,Gx (2Wd),Wagon,47061,Automatic,,38990,Unleaded,VIC,car/14927750/toyota/rav4/vic/camberwell/suv,2026-01-25T15:33:31,,
2020,Toyota,Hilux,Sr (4X4),Double Cab Pick Up,74121,Automatic,2026-03-25,49990,Diesel,VIC,car/14928022/toyota/hilux/vic/tullamarine/dual-cab,2026-01-25T15:33:31,,
2018,Toyota,C-HR,,Wagon,81739,Automatic,,26990,Hybrid,VIC,car/14511077/toyota/c-hr/vic/cranbourne-west/estatecar,2026-01-25T15:33:31,,
2021,Toyota,Yaris Cross,Urban Cross,Wagon,25009,Automatic,2026-04-04,32990,Unleaded,VIC,car/14918157/toyota/yaris-cross/vic/nunawading/suv,2026-01-25T15:33:31,,
2019,Toyota,C-HR,Koba (Awd),Hatchback,105866,Automatic,,23777,Premium,VIC,car/14711735/toyota/c-hr/vic/elsternwick/suv,2026-01-25T15:33:31,,
2018,Toyota,Hilux,Sr5 (4X4),Dual Cab Utility,108600,Automatic,2026-04-16,44855,Diesel,VIC,car/14886261/toyota/hilux/vic/burwood/dual-cab,2026-01-25T15:33:31,,
2021,Toyota,Corolla,Zr Hybrid,Hatchback,55985,Automatic,2026-04-08,33990,Hybrid,VIC,car/14888443/toyota/corolla/vic/essendon-fields/hatchback,2026-01-25T15:33:31,,
2015,Toyota,Voxy,,Wagon,100123,Automatic,,48500,Premium,VIC,car/14818962/toyota/voxy/vic/campbellfield/estatecar,2026-01-25T15:33:31,,
2018,Toyota,Yaris,Ascent,Hatchback,46259,Automatic,,19990,Unleaded,VIC,car/14917007/toyota/yaris/vic/nunawading/hatchback,2026-01-25T15:33:31,,
2019,Toyota,Camry,Ascent Sport,Sedan,34268,Automatic,,27399,Unleaded,VIC,car/14820969/toyota/camry/vic/laverton-north/sedan,2026-01-25T15:33:31,,
2024,Toyota,Corolla,Ascent Sport Hybrid,Hatchback,52230,Automatic,,30444,Hybrid,VIC,car/14838863/toyota/corolla/vic/bundoora/hatchback,2026-01-25T15:33:31,,
2022,Toyota,RAV4,Cruiser (2Wd) Hybrid,Wagon,56890,Automatic,,49990,Hybrid,VIC,car/14806818/toyota/rav4/vic/mentone/suv,2026-01-25T15:33:31,,
2021,Toyota,Prius,I-Tech (Hybrid),Hatchback,23040,Automatic,,37888,Hybrid,VIC,car/14837146/toyota/prius/vic/camberwell/hatchback,2026-01-25T15:33:31,,
2018,Toyota,RAV4,Gxl (2Wd),Wagon,72125,Automatic,,26290,Unleaded,VIC,car/14854841/toyota/rav4/vic/laverton-north/suv,2026-01-25T15:33:31,,
2021,Toyota,Corolla,Zr,Hatchback,86262,Automatic,2026-01-16,25980,Unleaded,VIC,car/14909123/toyota/corolla/vic/thomastown/hatchback,2026-01-25T15:33:31,,
2016,Toyota,Hilux,Sr5 (4X4),X Cab Utility,99383,Manual,2025-12-21,47990,Diesel,VIC,car/14681350/toyota/hilux/vic/tullamarine/extra-cab,2026-01-25T15:33:31,,
2025,Toyota,Yaris,Ascent Sport Hybrid,Hatchback,148,Automatic,,31990,Hybrid,VIC,car/14913448/toyota/yaris/vic/nunawading/hatchback,2026-01-25T15:33:31,,
2015,Toyota,Vellfire,EXECUTIVE LOUNGE HYBRID 4WD,OtherCar,60522,Automatic,2026-01-20,55990,Other,VIC,car/14591717/toyota/vellfire/vic/bentleigh/othercar,2026-01-25T15:33:31,,
2020,Toyota,Camry,Sl,Sedan,50600,Automatic,,34590,Unleaded,VIC,car/14896698/toyota/camry/vic/laverton-north/sedan,2026-01-25T15:33:31,,
2024,Toyota,RAV4,Cruiser (Awd) Hybrid,Wagon,10877,Automatic,,61990,Hybrid,VIC,car/14770175/toyota/rav4/vic/mentone/suv,2026-01-25T15:33:31,,
2018,Toyota,Corolla,Ascent Sport (Hybrid),Hatchback,37543,Automatic,2026-02-07,25990,Hybrid,VIC,car/14734442/toyota/corolla/vic/ringwood/hatchback,2026-01-25T15:33:31,,
2012,Toyota,Prius C,Hybrid,Hatchback,180000,Automatic,2026-02-23,11999,Hybrid,VIC,car/14854916/toyota/prius-c/vic/laverton-north/hatchback,2026-01-25T15:33:31,,
2023,Toyota,Hilux,Sr5 Hi-Rider (4X2),Double Cab Pick Up,10568,Automatic,,56990,Diesel,VIC,car/14911608/toyota/hilux/vic/camberwell/dual-cab,2026-01-25T15:33:31,,
2022,Toyota,Corolla,Ascent Sport Hybrid,Hatchback,73871,Automatic,,28777,Hybrid,VIC,car/14670445/toyota/corolla/vic/elsternwick/hatchback,2026-01-25T15:33:31,,
2020,Toyota,Hilux,Sr5+ (4X4),Double Cab Pick Up,119492,Manual,2026-01-29,48990,Diesel,VIC,car/14837303/toyota/hilux/vic/bentleigh/dual-cab,2026-01-25T15:33:31,,
2023,Toyota,RAV4,Edge (Awd),Wagon,86024,Automatic,2026-02-20,51990,Unleaded,VIC,car/14908334/toyota/rav4/vic/essendon-fields/suv,2026-01-25T15:33:31,,
2024,Toyota,Corolla,Ascent Sport Hybrid,Hatchback,51586,Automatic,,30444,Hybrid,VIC,car/14858229/toyota/corolla/vic/bundoora/hatchback,2026-01-25T15:33:31,,
2024,Toyota,RAV4,Gxl (2Wd) Hybrid,Wagon,17785,Automatic,,50990,Hybrid,VIC,car/14876531/toyota/rav4/vic/nunawading/suv,2026-01-25T15:33:31,,
2023,Toyota,Fortuner,Gxl,Wagon,42189,Automatic,2026-06-11,54777,Diesel,VIC,car/14847718/toyota/fortuner/vic/heidelberg/suv,2026-01-25T15:33:31,,
2024,Toyota,Yaris,Ascent Sport Hybrid,Hatchback,3596,Automatic,,32888,Hybrid,VIC,car/14913337/toyota/yaris/vic/oakleigh/hatchback,2026-01-25T15:33:31,,
2023,Toyota,Landcruiser,Lc300 Gxl (4X4),Wagon,64939,Automatic,2026-06-22,104777,Diesel,VIC,car/14881174/toyota/landcruiser/vic/heidelberg/suv,2026-01-25T15:33:31,,
2022,Toyota,Corolla,Ascent Sport Hybrid,Hatchback,64010,Automatic,,28688,Hybrid,VIC,car/14876095/toyota/corolla/vic/airport-west/hatchback,2026-01-25T15:33:31,,
2021,Toyota,Camry,Ascent,Sedan,36399,Automatic,,34990,Premium,VIC,car/14899395/toyota/camry/vic/nunawading/sedan,2026-01-25T15:33:31,,
2021,Toyota,Corolla,Ascent Sport Hybrid,Hatchback,37700,Automatic,,30990,Hybrid,VIC,car/14853863/toyota/corolla/vic/nunawading/hatchback,2026-01-25T15:33:31,,
2019,Toyota,Hilux,Workmate,Double Cab Pick Up,151141,Automatic,,26990,Unleaded,VIC,car/14844546/toyota/hilux/vic/coburg-north/dual-cab,2026-01-25T15:33:31,,
2019,Toyota,Camry,Ascent,Sedan,86220,Automatic,2026-05-08,29777,Unleaded,VIC,car/14887578/toyota/camry/vic/heidelberg/sedan,2026-01-25T15:33:31,,
2022,Toyota,Corolla,Ascent Sport Hybrid,Sedan,92297,Automatic,,27888,Hybrid,VIC,car/14834238/toyota/corolla/vic/deer-park/sedan,2026-01-25T15:33:31,,
2022,Toyota,Kluger,Grande Hybrid Awd,Wagon,65620,Automatic,2026-11-04,61777,Hybrid,VIC,car/14897642/toyota/kluger/vic/heidelberg/suv,2026-01-25T15:33:31,,
2020,Toyota,RAV4,Gxl 2Wd Hybrid,Wagon,69085,Automatic,2026-04-22,38990,Hybrid,VIC,car/14897214/toyota/rav4/vic/essendon-fields/suv,2026-01-25T15:33:31,,
2024,Toyota,Corolla,Ascent Sport Hybrid,Hatchback,49535,Automatic,,30490,Hybrid,VIC,car/14846531/toyota/corolla/vic/camberwell/hatchback,2026-01-25T15:33:31,,
2020,Toyota,RAV4,Gx Awd Hybrid,Wagon,35256,Automatic,2026-08-29,41788,Hybrid,VIC,car/14887527/toyota/rav4/vic/airport-west/suv,2026-01-25T15:33:31,,
2024,Toyota,Yaris Cross,Gx Hybrid (Awd),Wagon,18834,Automatic,2026-04-28,37777,Hybrid,VIC,car/14778130/toyota/yaris-cross/vic/heidelberg/suv,2026-01-25T15:33:31,,
2021,Toyota,RAV4,Gxl (2Wd),Wagon,78637,Automatic,,35990,Unleaded,VIC,car/14870411/toyota/rav4/vic/camberwell/suv,2026-01-25T15:33:31,,
2019,Toyota,Corolla,Sx,Sedan,195106,Automatic,,16990,Unleaded,VIC,car/14916389/toyota/corolla/vic/mentone/sedan,2026-01-25T15:33:31,,
2022,Toyota,HiAce,Slwb,Van,121966,Automatic,2026-04-06,51888,Diesel,VIC,car/14892667/toyota/hiace/vic/deer-park/van,2026-01-25T15:33:31,,
2023,Toyota,Camry,Ascent,Sedan,52910,Automatic,2026-02-28,34998,Premium,VIC,car/14879077/toyota/camry/vic/airport-west/sedan,2026-01-25T15:33:31,,
2019,Toyota,Corolla,Ascent Sport,Hatchback,36266,Automatic,,26990,Unleaded,VIC,car/14913605/toyota/corolla/vic/nunawading/hatchback,2026-01-25T15:33:31,,
2023,Toyota,Fortuner,Gx,Wagon,55134,Automatic,,46299,Diesel,VIC,car/14772962/toyota/fortuner/vic/laverton-north/suv,2026-01-25T15:33:31,,
2021,Toyota,RAV4,Gx (2Wd) Hybrid,Wagon,47627,Automatic,,42990,Hybrid,VIC,car/14847316/toyota/rav4/vic/nunawading/suv,2026-01-25T15:33:31,,
2022,Toyota,Kluger,Grande Hybrid Awd,Wagon,95834,Automatic,,57788,Hybrid,VIC,car/14916090/toyota/kluger/vic/oakleigh/suv,2026-01-25T15:33:31,,
2021,Toyota,Corolla,Ascent Sport Hybrid,Hatchback,31739,Automatic,2026-09-13,29990,Hybrid,VIC,car/14800718/toyota/corolla/vic/nunawading/hatchback,2026-01-25T15:33:31,,
2021,Toyota,RAV4,Gxl (2Wd) Hybrid,Wagon,15005,Automatic,,44490,Hybrid,VIC,car/14832832/toyota/rav4/vic/camberwell/suv,2026-01-25T15:33:31,,
2024,Toyota,Kluger,Gx Hybrid Awd,Wagon,19111,Automatic,,59790,Hybrid,VIC,car/14847094/toyota/kluger/vic/camberwell/suv,2026-01-25T15:33:31,,
2018,Toyota,RAV4,Gx (4X4),Wagon,20168,Automatic,2026-07-20,31777,Unleaded,VIC,car/14916246/toyota/rav4/vic/heidelberg/suv,2026-01-25T15:33:31,,
2023,Toyota,Camry,Ascent,Sedan,78472,Automatic,2025-12-07,37888,Premium,VIC,car/14844022/toyota/camry/vic/deer-park/sedan,2026-01-25T15:33:31,,
2022,Toyota,RAV4,Gxl (2Wd) Hybrid,Wagon,56839,Automatic,2026-07-14,43990,Hybrid,VIC,car/14911616/toyota/rav4/vic/camberwell/suv,2026-01-25T15:33:31,,
2022,Toyota,Kluger,Gx 2Wd,Wagon,24591,Automatic,,45888,Premium,VIC,car/14840802/toyota/kluger/vic/deer-park/suv,2026-01-25T15:33:31,,
2022,Toyota,Camry,Ascent,Sedan,45318,Automatic,,33888,Premium,VIC,car/14910631/toyota/camry/vic/oakleigh/sedan,2026-01-25T15:33:31,,
2022,Toyota,Hilux,Rugged X (4X4),Double Cab Pick Up,99000,Automatic,2026-02-28,58549,Diesel,VIC,car/14909031/toyota/hilux/vic/essendon-fields/dual-cab,2026-01-25T15:33:31,,
2021,Toyota,RAV4,Gxl (2Wd),Wagon,89996,Automatic,2026-03-23,38888,Unleaded,VIC,car/14871756/toyota/rav4/vic/essendon-fields/suv,2026-01-25T15:33:31,,
2022,Toyota,C-HR,Koba (2Wd),Wagon,39142,Automatic,,36990,Premium,VIC,car/14881816/toyota/c-hr/vic/nunawading/suv,2026-01-25T15:33:31,,
2020,Toyota,RAV4,Gx (Awd) Hybrid,Wagon,58723,Automatic,,39990,Hybrid,VIC,car/14899400/toyota/rav4/vic/nunawading/suv,2026-01-25T15:33:31,,
2019,Toyota,Corolla,Ascent Sport (Hybrid),Hatchback,28595,Automatic,,25795,Hybrid,VIC,car/14820931/toyota/corolla/vic/laverton-north/hatchback,2026-01-25T15:33:31,,
2022,Toyota,Corolla,Ascent Sport Hybrid,Hatchback,14627,Automatic,,32990,Hybrid,VIC,car/14913606/toyota/corolla/vic/nunawading/hatchback,2026-01-25T15:33:31,,
2021,Toyota,RAV4,Gx (Awd) Hybrid,Wagon,47761,Automatic,2026-06-22,40555,Hybrid,VIC,car/14878017/toyota/rav4/vic/heidelberg/suv,2026-01-25T15:33:31,,
2022,Toyota,Camry,Ascent,Sedan,44565,Automatic,,27395,Premium,VIC,car/14865272/toyota/camry/vic/laverton-north/sedan,2026-01-25T15:33:31,,
2022,Toyota,Kluger,Gx Hybrid Awd,Wagon,51399,Automatic,,52990,Hybrid,VIC,car/14859792/toyota/kluger/vic/mentone/suv,2026-01-25T15:33:31,,
2021,Toyota,RAV4,Gx (2Wd) Hybrid,Wagon,83469,Automatic,2026-01-14,36450,Hybrid,VIC,car/14769241/toyota/rav4/vic/nunawading/suv,2026-01-25T15:33:31,,
2022,Toyota,Camry,Ascent,Sedan,66775,Automatic,,32450,Premium,VIC,car/14829485/toyota/camry/vic/nunawading/sedan,2026-01-25T15:33:31,,
2025,Toyota,Yaris Cross,GX,SUV,6446,,,38990,Hybrid,VIC,car/14877723/toyota/yaris-cross/vic/mentone/suv,2026-01-25T15:33:31,,
2020,Toyota,Corolla,Ascent Sport Hybrid,Hatchback,139627,Automatic,,23888,Hybrid,VIC,car/14840800/toyota/corolla/vic/deer-park/hatchback,2026-01-25T15:33:31,,
2024,Toyota,RAV4,Gx (2Wd) Hybrid,Wagon,12846,Automatic,2026-03-17,46990,Hybrid,VIC,car/14810060/toyota/rav4/vic/nunawading/suv,2026-01-25T15:33:31,,
2022,Toyota,Camry,Ascent,Sedan,81291,Automatic,2025-11-11,31990,Premium,VIC,car/14816365/toyota/camry/vic/nunawading/sedan,2026-01-25T15:33:31,,
2021,Toyota,RAV4,Gxl (2Wd) Hybrid,Wagon,28727,Automatic,2026-06-04,42990,Hybrid,VIC,car/14802558/toyota/rav4/vic/camberwell/suv,2026-01-25T15:33:31,,
2018,Toyota,Camry,Ascent,Sedan,32113,Automatic,,31990,Unleaded,VIC,car/14899391/toyota/camry/vic/nunawading/sedan,2026-01-25T15:33:31,,
2024,Toyota,RAV4,Cruiser (Awd) Hybrid,Wagon,8641,Automatic,,61990,Hybrid,VIC,car/14841260/toyota/rav4/vic/mentone/suv,2026-01-25T15:33:31,,
2021,Toyota,RAV4,Gxl (2Wd) Hybrid,Wagon,23781,Automatic,,45888,Hybrid,VIC,car/14913335/toyota/rav4/vic/oakleigh/suv,2026-01-25T15:33:31,,
2011,Toyota,Corolla,Ascent Sport,Hatchback,160112,Automatic,,12990,Unleaded,VIC,car/14913869/toyota/corolla/vic/mentone/hatchback,2026-01-25T15:33:31,,
2021,Toyota,RAV4,Gx (Awd) Hybrid,Wagon,65509,Automatic,,39990,Hybrid,VIC,car/14806819/toyota/rav4/vic/mentone/suv,2026-01-25T15:33:31,,
2022,Toyota,Corolla,Ascent Sport Hybrid,Hatchback,32880,Automatic,,31777,Hybrid,VIC,car/14913338/toyota/corolla/vic/oakleigh/hatchback,2026-01-25T15:33:31,,
2019,Toyota,Hilux,Sr Hi-Rider,Double Cab Pick Up,167155,Automatic,,36990,Diesel,VIC,car/14849041/toyota/hilux/vic/coburg-north/dual-cab,2026-01-25T15:33:31,,
2022,Toyota,RAV4,Gx (2Wd),Wagon,8472,Automatic,2026-12-28,39990,Unleaded,VIC,car/14855619/toyota/rav4/vic/nunawading/suv,2026-01-25T15:33:31,,
2021,Toyota,Camry,Ascent,Sedan,46249,Automatic,2026-06-11,32777,Unleaded,VIC,car/14847721/toyota/camry/vic/heidelberg/sedan,2026-01-25T15:33:31,,
2024,Toyota,Yaris Cross,Gxl Hybrid,Wagon,17213,Automatic,2026-04-08,37490,Hybrid,VIC,car/14846529/toyota/yaris-cross/vic/camberwell/suv,2026-01-25T15:33:31,,
2022,Toyota,Corolla,Ascent Sport Hybrid,Hatchback,29208,Automatic,,32888,Hybrid,VIC,car/14910628/toyota/corolla/vic/oakleigh/hatchback,2026-01-25T15:33:31,,
2016,Toyota,Kluger,Grande (4X4),Wagon,102547,Automatic,2026-03-11,28888,Unleaded,VIC,car/14839690/toyota/kluger/vic/dandenong/suv,2026-01-25T15:33:31,,
2009,Toyota,Crown,Majesta (Hybrid),Sedan,110100,,,14990,,VIC,car/14782160/toyota/crown/vic/dandenong/sedan,2026-01-25T15:33:31,,
2014,Toyota,HiAce,Lwb,Van,284718,Automatic,2026-09-01,21999,Diesel,VIC,car/14890461/toyota/hiace/vic/bayswater-north/van,2026-01-25T15:33:31,,
2013,Toyota,Camry,ATARA SX,Sedan,317095,Automatic,2026-04-17,7999,Unleaded,VIC,car/14907686/toyota/camry/vic/hoppers-crossing/limousine,2026-01-25T15:33:31,,
2007,Toyota,Yaris,Yr,Hatchback,221652,Automatic,2026-02-19,5999,Unleaded,VIC,car/14830911/toyota/yaris/vic/hoppers-crossing/hatchback,2026-01-25T15:33:31,,
2011,Toyota,Estima,X,Commercial,96161,Automatic,,15995,Unleaded,VIC,car/14803230/toyota/estima/vic/point-cook/van,2026-01-25T15:33:31,,
2003,Toyota,Landcruiser,Gxl (4X4),Wagon,392000,Automatic,,42000,Diesel,VIC,car/14792257/toyota/landcruiser/vic/ringwood/suv,2026-01-25T15:33:31,,
2020,Toyota,Corolla,ASCENT SPORT HYBRID,Sedan,105653,Automatic,2026-03-10,21999,Unleaded,VIC,car/14848026/toyota/corolla/vic/hoppers-crossing/limousine,2026-01-25T15:33:31,,
2017,Toyota,C-HR,(2Wd),Wagon,138000,Automatic,2026-01-26,19999,Premium,VIC,car/14828152/toyota/c-hr/vic/springvale/suv,2026-01-25T15:33:31,,
2008,Toyota,Kluger,Kx-S (4X4),Wagon,257105,Automatic,2026-09-13,9990,Unleaded,VIC,car/14912938/toyota/kluger/vic/dingley-village/suv,2026-01-25T15:33:31,,
2013,Toyota,Yaris,Yr,Hatchback,108325,Automatic,2026-02-14,9888,Unleaded,VIC,car/14897994/toyota/yaris/vic/dandenong/hatchback,2026-01-25T15:33:31,,
2017,Toyota,Voxy,,Wagon,60123,Automatic,,58500,Premium,VIC,car/14819113/toyota/voxy/vic/campbellfield/estatecar,2026-01-25T15:33:31,,
2022,Toyota,RAV4,Gx (Awd) Hybrid,Wagon,69523,Automatic,2025-12-14,42888,Hybrid,VIC,car/14819864/toyota/rav4/vic/deer-park/suv,2026-01-25T15:33:31,,
2023,Toyota,Fortuner,Gx,Wagon,60385,Automatic,,50000,Diesel,VIC,car/14839787/toyota/fortuner/vic/epping/suv,2026-01-25T15:33:31,,
2023,Toyota,C-HR,Koba (2Wd),Wagon,70154,Automatic,2000-01-01,35990,Premium,VIC,car/14832140/toyota/c-hr/vic/preston/suv,2026-01-25T15:33:31,,
2011,Toyota,Yaris,Yr,Hatchback,56763,Automatic,2026-06-03,14999,Unleaded,VIC,car/14909536/toyota/yaris/vic/altona-north/hatchback,2026-01-25T15:33:31,,
2020,Toyota,Yaris Cross,Gx,Wagon,40650,Automatic,2026-02-26,28998,Unleaded,VIC,car/14865482/toyota/yaris-cross/vic/airport-west/suv,2026-01-25T15:33:31,,
2013,Toyota,HiAce,Lwb,Van,295585,Manual,2026-03-16,19999,Diesel,VIC,car/14856045/toyota/hiace/vic/ringwood/van,2026-01-25T15:33:31,,
2008,Toyota,Aurion,At-X,Sedan,194588,Automatic,,7990,Unleaded,VIC,car/14916733/toyota/aurion/vic/dandenong/sedan,2026-01-25T15:33:31,,
2019,Toyota,Hilux,Workmate,Cab Chassis,94800,Manual,2026-02-26,24990,Diesel,VIC,car/14803570/toyota/hilux/vic/hoppers-crossing/single-cab,2026-01-25T15:33:31,,
2012,Toyota,Kluger,Kx-R (Fwd) 7 Seat,Wagon,254794,Automatic,,11990,Unleaded,VIC,car/14818734/toyota/kluger/vic/dandenong/suv,2026-01-25T15:33:31,,
2007,Toyota,Corolla,Levin,Wagon,184152,Manual,2026-03-11,7990,Unleaded,VIC,car/14832651/toyota/corolla/vic/dandenong/wagon,2026-01-25T15:33:31,,
2016,Toyota,RAV4,Gxl (2Wd),Wagon,98046,Automatic,,26980,Unleaded,VIC,car/14837897/toyota/rav4/vic/springvale/suv,2026-01-25T15:33:31,,
2021,Toyota,Hilux,Sr5 (4X4),Double Cab Pick Up,124300,Manual,2025-12-30,47990,Diesel,VIC,car/14877686/toyota/hilux/vic/moorabbin-airport/dual-cab,2026-01-25T15:33:31,,
2010,Toyota,Landcruiser Prado,GX 4X4,SUV,324469,Automatic,2026-06-11,22990,Diesel,VIC,car/14911825/toyota/landcruiser-prado/vic/bayswater/suv,2026-01-25T15:33:31,,
2004,Toyota,Camry,Altise,Sedan,279000,Automatic,,5999,Unleaded,VIC,car/14807573/toyota/camry/vic/hoppers-crossing/sedan,2026-01-25T15:33:31,,
2013,Toyota,RAV4,Gxl (4X4),Wagon,265527,Automatic,2026-02-28,13888,Unleaded,VIC,car/14851861/toyota/rav4/vic/ringwood/suv,2026-01-25T15:33:31,,
2010,Toyota,HiAce,Slwb,Van,131176,Automatic,,29888,Diesel,VIC,car/14905500/toyota/hiace/vic/dandenong/van,2026-01-25T15:33:31,,
2017,Toyota,Corolla,Ascent Sport,Hatchback,344230,Automatic,2026-05-30,10990,Unleaded,VIC,car/14914702/toyota/corolla/vic/dandenong/hatchback,2026-01-25T15:33:31,,
2025,Toyota,RAV4,Cruiser (2Wd) Hybrid,Wagon,10490,Automatic,2026-08-28,59970,Hybrid,VIC,car/14914616/toyota/rav4/vic/keysborough/suv,2026-01-25T15:33:31,,
2015,Toyota,Corolla,ASCENT,Hatch,116050,Automatic,2026-04-15,14999,Unleaded,VIC,car/14911473/toyota/corolla/vic/hoppers-crossing/hatchback,2026-01-25T15:33:31,,
2012,Toyota,Hilux,Sr (4X4),Dual Cab Pick-up,332541,Manual,2026-06-12,22990,Diesel,VIC,car/14866883/toyota/hilux/vic/bayswater/dual-cab,2026-01-25T15:33:31,,
2022,Toyota,RAV4,Gx (2Wd),Wagon,71834,Automatic,2026-03-01,31990,Unleaded,VIC,car/14881010/toyota/rav4/vic/ringwood/suv,2026-01-25T15:33:31,,
2007,Toyota,Corolla,Conquest,Sedan,138643,Automatic,2026-01-17,12999,Unleaded,VIC,car/14811816/toyota/corolla/vic/werribee/sedan,2026-01-25T15:33:31,,
2004,Toyota,Camry,Ateva,Sedan,167582,Automatic,,9990,Unleaded,VIC,car/14895169/toyota/camry/vic/ringwood/sedan,2026-01-25T15:33:31,,
2004,Toyota,Camry,ALTISE,Sedan,249762,Automatic,2026-06-17,5999,Unleaded,VIC,car/14904599/toyota/camry/vic/hoppers-crossing/limousine,2026-01-25T15:33:31,,
2018,Toyota,Camry,Ascent,Sedan,155800,Automatic,2025-12-23,17999,Unleaded,VIC,car/14864772/toyota/camry/vic/werribee/sedan,2026-01-25T15:33:31,,
2012,Toyota,Camry,Atara S,Sedan,81262,Automatic,2026-03-11,16499,Unleaded,VIC,car/14786744/toyota/camry/vic/werribee/sedan,2026-01-25T15:33:31,,
2018,Toyota,Kluger,Grande (4X4),Wagon,97621,Automatic,2026-05-04,37790,Unleaded,VIC,car/14852947/toyota/kluger/vic/ferntree-gully/suv,2026-01-25T15:33:31,,
2016,Toyota,Corolla,Ascent Sport,Hatchback,128732,Automatic,2026-03-10,18899,Unleaded,VIC,car/14821145/toyota/corolla/vic/ringwood/hatchback,2026-01-25T15:33:31,,
2013,Toyota,86,Gts,Coupe,168102,Manual,2026-01-15,21444,Premium,VIC,car/14892474/toyota/86/vic/south-morang/coupe,2026-01-25T15:33:31,,
2007,Toyota,RAV4,Cruiser (4X4),Wagon,214000,Automatic,,10450,Unleaded,VIC,car/14916848/toyota/rav4/vic/dingley-village/suv,2026-01-25T15:33:31,,
2014,Toyota,Kluger,Gx (4X2),Wagon,154468,Automatic,2026-03-26,20000,Unleaded,VIC,car/14916925/toyota/kluger/vic/dandenong/suv,2026-01-25T15:33:31,,
2024,Toyota,Tundra,Limited,Dual Cab Pick-up,25293,Automatic,2026-04-24,137970,Hybrid,VIC,car/14910508/toyota/tundra/vic/keysborough/dual-cab,2026-01-25T15:33:31,,
2005,Toyota,Corolla,Ascent Seca,Hatchback,242328,Automatic,2026-02-19,6999,Unleaded,VIC,car/14871212/toyota/corolla/vic/ringwood/hatchback,2026-01-25T15:33:31,,
2019,Toyota,Crown,RS,Sedan,115993,Automatic,,38390,Other,VIC,car/14881355/toyota/crown/vic/dandenong/limousine,2026-01-25T15:33:31,,
2008,Toyota,Kluger,Kx-S (Fwd),Wagon,222900,Automatic,2025-10-28,10950,Unleaded,VIC,car/14794878/toyota/kluger/vic/dandenong/suv,2026-01-25T15:33:31,,
2018,Toyota,Hilux,Sr5+ (4X4),Dual Cab Utility,144345,Automatic,,39990,Diesel,VIC,car/14835969/toyota/hilux/vic/springvale/dual-cab,2026-01-25T15:33:31,,
2012,Toyota,Landcruiser Prado,Altitude (4X4),Wagon,243633,Automatic,2026-10-15,29990,Diesel,VIC,car/14902575/toyota/landcruiser-prado/vic/bayswater/suv,2026-01-25T15:33:31,,
2014,Toyota,Yaris,Ascent,Hatchback,152324,Manual,2026-07-15,12499,Unleaded,VIC,car/14837165/toyota/yaris/vic/ringwood/hatchback,2026-01-25T15:33:31,,
2018,Toyota,Landcruiser,Sahara (4X4),Wagon,150000,Automatic,2026-06-22,94990,Diesel,VIC,car/14907712/toyota/landcruiser/vic/ferntree-gully/suv,2026-01-25T15:33:31,,
2018,Toyota,Kluger,Gx (4X4),Wagon,87534,Automatic,2026-06-29,29888,Unleaded,VIC,car/14841063/toyota/kluger/vic/dandenong/suv,2026-01-25T15:33:31,,
2015,Toyota,Corolla,Ascent,Hatchback,24013,Automatic,,21990,Unleaded,VIC,car/14881029/toyota/corolla/vic/ringwood/hatchback,2026-01-25T15:33:31,,
2016,Toyota,RAV4,Gxl (2Wd),Wagon,243335,Automatic,2026-04-03,17970,Unleaded,VIC,car/14914625/toyota/rav4/vic/keysborough/suv,2026-01-25T15:33:31,,
2022,Toyota,RAV4,Gx (2Wd),Wagon,73634,Automatic,2026-03-28,32888,Unleaded,VIC,car/14917225/toyota/rav4/vic/ringwood/suv,2026-01-25T15:33:31,,
2012,Toyota,Crown,HYBRID,Sedan,103797,Automatic,,18490,Other,VIC,car/14803348/toyota/crown/vic/dandenong/limousine,2026-01-25T15:33:31,,
2025,Toyota,Corolla Cross,Atmos 2Wd Hybrid,Wagon,1000,Automatic,2026-03-21,54970,Hybrid,VIC,car/14914761/toyota/corolla-cross/vic/keysborough/suv,2026-01-25T15:33:31,,
2009,Toyota,HiAce,Commuter,Bus,141488,Automatic,,28888,Diesel,VIC,car/14823038/toyota/hiace/vic/ringwood/people-mover,2026-01-25T15:33:31,,
2012,Toyota,Camry,Altise,Sedan,113180,Automatic,2026-03-15,15899,Unleaded,VIC,car/14871033/toyota/camry/vic/ringwood/sedan,2026-01-25T15:33:31,,
2015,Toyota,Camry,Altise,Sedan,169262,Automatic,2026-10-15,15990,Unleaded,VIC,car/14881015/toyota/camry/vic/ringwood/sedan,2026-01-25T15:33:31,,
2008,Toyota,Tarago,ULTIMA,SUV,272539,Automatic,2026-02-28,9999,Premium,VIC,car/14886431/toyota/tarago/vic/hoppers-crossing/suv,2026-01-25T15:33:31,,
2017,Toyota,Corolla,Sx,Sedan,125821,Automatic,2026-03-16,19000,Unleaded,VIC,car/14842071/toyota/corolla/vic/dandenong/sedan,2026-01-25T15:33:31,,
2019,Toyota,Kluger,Gxl (4X4),Wagon,87268,Automatic,2026-03-04,39480,Unleaded,VIC,car/14882330/toyota/kluger/vic/south-morang/suv,2026-01-25T15:33:31,,
2006,Toyota,Yaris,Yr,Hatchback,153278,Automatic,2026-01-18,9423,Unleaded,VIC,car/14767632/toyota/yaris/vic/werribee/hatchback,2026-01-25T15:33:31,,
2008,Toyota,Hilux,Sr (4X4),Dual Cab Pick-up,430154,Manual,2025-10-31,14990,Diesel,VIC,car/14876016/toyota/hilux/vic/bayswater/dual-cab,2026-01-25T15:33:31,,
2008,Toyota,Corolla,Conquest,Hatchback,108099,Automatic,2025-09-23,11990,Unleaded,VIC,car/14917166/toyota/corolla/vic/ringwood/hatchback,2026-01-25T15:33:31,,
2007,Toyota,Corolla,Ascent,Wagon,167605,Automatic,2026-02-12,8488,Unleaded,VIC,car/14881132/toyota/corolla/vic/dandenong/wagon,2026-01-25T15:33:31,,
2025,Toyota,C-HR,Gxl Hybrid,Wagon,2020,Automatic,,46990,Hybrid,VIC,car/14820165/toyota/c-hr/vic/hoppers-crossing/suv,2026-01-25T15:33:31,,
2016,Toyota,Camry,Atara S,Sedan,157500,Automatic,2025-12-18,17990,Unleaded,VIC,car/14816000/toyota/camry/vic/ringwood/sedan,2026-01-25T15:33:31,,
2019,Toyota,RAV4,Gxl (2Wd),Wagon,69663,Automatic,2026-10-31,32888,Unleaded,VIC,car/14884983/toyota/rav4/vic/croydon/suv,2026-01-25T15:33:31,,
2017,Toyota,Hilux,Sr5 (4X4),Dual Cab Utility,95976,Automatic,2023-11-29,42950,Diesel,VIC,car/14870911/toyota/hilux/vic/dandenong/dual-cab,2026-01-25T15:33:31,,
2010,Toyota,Vellfire,Z,SUV,81780,Automatic,,19990,Other,VIC,car/14902100/toyota/vellfire/vic/dandenong/suv,2026-01-25T15:33:31,,
2017,Toyota,C-HR,,SUV,54421,Automatic,,25980,Unleaded,VIC,car/14890641/toyota/c-hr/vic/springvale/suv,2026-01-25T15:33:31,,
2006,Toyota,Hilux,Sr5 (4X4),Dual Cab Pick-up,268375,Automatic,2026-04-29,21999,Diesel,VIC,car/14914346/toyota/hilux/vic/bayswater-north/dual-cab,2026-01-25T15:33:31,,
2018,Toyota,Kluger,Gxl (4X2),Wagon,106388,Automatic,,32480,Unleaded,VIC,car/14811893/toyota/kluger/vic/springvale/suv,2026-01-25T15:33:31,,
2007,Toyota,Hilux,Sr (4X4),Dual Cab Pick-up,488643,Manual,2026-06-18,14990,Diesel,VIC,car/14903257/toyota/hilux/vic/bayswater/dual-cab,2026-01-25T15:33:31,,
2014,Toyota,HiAce,Commuter,Bus,234684,Automatic,,27990,Diesel,VIC,car/14815556/toyota/hiace/vic/dandenong/people-mover,2026-01-25T15:33:31,,
2018,Toyota,Kluger,Gxl (4X2),Wagon,165814,Automatic,2026-04-28,27990,Unleaded,VIC,car/14916711/toyota/kluger/vic/bayswater/suv,2026-01-25T15:33:31,,
2010,Toyota,Aurion,At-X,Sedan,142224,Automatic,2026-07-26,11990,Unleaded,VIC,car/14881017/toyota/aurion/vic/ringwood/sedan,2026-01-25T15:33:31,,
2016,Toyota,FJ Cruiser,,Wagon,82312,Automatic,2026-04-16,59970,Premium,VIC,car/14914626/toyota/fj-cruiser/vic/keysborough/suv,2026-01-25T15:33:31,,
2021,Toyota,Kluger,Gx 2Wd,Wagon,93553,Automatic,2026-03-28,38990,Premium,VIC,car/14917184/toyota/kluger/vic/ringwood/suv,2026-01-25T15:33:31,,
2020,Toyota,HiAce,Lwb (5 Seats),Crew Van,108768,Automatic,2026-01-16,42990,Diesel,VIC,car/14816241/toyota/hiace/vic/moorabbin-airport/van,2026-01-25T15:33:31,,
2008,Toyota,Aurion,At-X,Sedan,256000,Automatic,,8999,Unleaded,VIC,car/14834502/toyota/aurion/vic/ringwood/sedan,2026-01-25T15:33:31,,
2006,Toyota,RAV4,Cv (4X4),Wagon,252626,Automatic,2025-09-04,10999,Unleaded,VIC,car/14806597/toyota/rav4/vic/hoppers-crossing/suv,2026-01-25T15:33:31,,
2019,Toyota,Landcruiser Prado,Gxl (4X4),Wagon,246247,Automatic,2026-08-09,42990,Diesel,VIC,car/14878516/toyota/landcruiser-prado/vic/bayswater/suv,2026-01-25T15:33:31,,
2014,Toyota,Yaris,Yr,Hatchback,93151,Automatic,,11003,Unleaded,VIC,car/14928423/toyota/yaris/vic/ringwood/hatchback,2026-01-25T15:33:31,,
2019,Toyota,RAV4,Gxl 2Wd Hybrid,Wagon,96857,Automatic,2026-06-28,33970,Hybrid,VIC,car/14897130/toyota/rav4/vic/ferntree-gully/suv,2026-01-25T15:33:31,,
2024,Toyota,RAV4,Cruiser (2Wd) Hybrid,Wagon,20140,Automatic,,54980,Hybrid,VIC,car/14811894/toyota/rav4/vic/springvale/suv,2026-01-25T15:33:31,,
2021,Toyota,Kluger,Grande Hybrid Awd,Wagon,60200,Automatic,2026-08-23,58480,Hybrid,VIC,car/14900604/toyota/kluger/vic/south-morang/suv,2026-01-25T15:33:31,,
2022,Toyota,Kluger,Grande 2Wd,Wagon,41450,Automatic,2026-03-15,56480,Premium,VIC,car/14883904/toyota/kluger/vic/south-morang/suv,2026-01-25T15:33:31,,
2017,Toyota,C-HR,Koba (2Wd),Wagon,46343,Automatic,,24950,Premium,VIC,car/14857584/toyota/c-hr/vic/dandenong/suv,2026-01-25T15:33:31,,
2016,Toyota,Hilux,Workmate,Cab Chassis,213602,Manual,2026-04-17,17790,Unleaded,VIC,car/14772446/toyota/hilux/vic/bayswater/single-cab,2026-01-25T15:33:31,,
2022,Toyota,RAV4,Gx (2Wd),Wagon,77965,Automatic,2026-04-08,32888,Unleaded,VIC,car/14917156/toyota/rav4/vic/ringwood/suv,2026-01-25T15:33:31,,
2016,Toyota,Yaris,Ascent,Hatchback,94080,Automatic,2026-05-30,17899,Unleaded,VIC,car/14889069/toyota/yaris/vic/ringwood/hatchback,2026-01-25T15:33:31,,
2012,Toyota,HiAce,Lwb,Van,264712,Automatic,2026-07-10,22999,Unleaded,VIC,car/14914989/toyota/hiace/vic/bayswater-north/van,2026-01-25T15:33:31,,
2010,Toyota,Corolla,Ascent,Hatchback,170158,Automatic,2026-02-20,11480,Unleaded,VIC,car/14909484/toyota/corolla/vic/south-morang/hatchback,2026-01-25T15:33:31,,
2021,Toyota,Hilux,Workmate,Cab Chassis,53072,Automatic,2026-10-20,29990,Unleaded,VIC,car/14896098/toyota/hilux/vic/hoppers-crossing/single-cab,2026-01-25T15:33:31,,
2018,Toyota,Landcruiser Prado,Gx (4X4),Wagon,148756,Automatic,,44990,Diesel,VIC,car/14824598/toyota/landcruiser-prado/vic/hoppers-crossing/suv,2026-01-25T15:33:31,,
2019,Toyota,Corolla,Zr (Hybrid),Hatchback,64638,Automatic,,31980,Hybrid,VIC,car/14873011/toyota/corolla/vic/springvale/hatchback,2026-01-25T15:33:31,,
2023,Toyota,Hilux,Sr (4X4),X Cab Cab Chassis,30574,Manual,2026-07-06,56970,Diesel,VIC,car/14901941/toyota/hilux/vic/keysborough/extra-cab,2026-01-25T15:33:31,,
2020,Toyota,Corolla,Ascent Sport,Hatchback,47070,Automatic,2026-01-10,24888,Unleaded,VIC,car/14917216/toyota/corolla/vic/ringwood/hatchback,2026-01-25T15:33:31,,
2025,Toyota,HiAce,Slwb Barn Door,Van,10326,Automatic,2026-11-10,67990,Diesel,VIC,car/14896799/toyota/hiace/vic/hoppers-crossing/van,2026-01-25T15:33:31,,
2018,Toyota,Kluger,Gxl (4X2),Wagon,101727,Automatic,2026-04-20,31888,Unleaded,VIC,car/14925722/toyota/kluger/vic/croydon/suv,2026-01-25T15:33:31,,
2015,Toyota,Kluger,Grande (4X4),Wagon,162000,Automatic,2026-10-29,24999,Unleaded,VIC,car/14922362/toyota/kluger/vic/springvale/suv,2026-01-25T15:33:31,,
2008,Toyota,Corolla,Ultima,Sedan,136234,Automatic,2026-01-30,8999,Unleaded,VIC,car/14921807/toyota/corolla/vic/hoppers-crossing/sedan,2026-01-25T15:33:31,,
2004,Toyota,RAV4,Cv (4X4),Wagon,151558,Automatic,2026-08-07,11990,Unleaded,VIC,car/14928667/toyota/rav4/vic/ringwood/suv,2026-01-25T15:33:31,,
2001,Toyota,HiAce,,Commercial,204063,Manual,2026-07-02,39998,Unleaded,VIC,car/14926632/toyota/hiace/vic/bayswater-north/van,2026-01-25T15:33:31,,
2018,Toyota,HiAce,Lwb,Van,272709,Automatic,2026-06-02,25990,Diesel,VIC,car/14927190/toyota/hiace/vic/dandenong/van,2026-01-25T15:33:31,,
2017,Toyota,Hilux,Workmate (4X4),Dual Cab Utility,127930,Automatic,2026-10-30,25888,Diesel,VIC,car/14925964/toyota/hilux/vic/croydon/dual-cab,2026-01-25T15:33:31,,
2015,Toyota,Hilux,Sr Hi-Rider,Dual Cab Utility,267850,Manual,2026-05-02,21990,Diesel,VIC,car/14923189/toyota/hilux/vic/mordialloc/dual-cab,2026-01-25T15:33:31,,
2019,Toyota,Prius,PLUG-IN HYBRID,Hatch,119284,Automatic,,25990,Other,VIC,car/14919924/toyota/prius/vic/dandenong/hatchback,2026-01-25T15:33:31,,
2022,Toyota,Hilux,Sr5 (4X4),Double Cab Chassis,168553,Automatic,2026-06-01,52970,Diesel,VIC,car/14924457/toyota/hilux/vic/keysborough/dual-cab,2026-01-25T15:33:31,,
2014,Toyota,Corolla,Ascent Sport,Hatchback,127582,Automatic,2026-11-25,10888,Unleaded,VIC,car/14924569/toyota/corolla/vic/dandenong/hatchback,2026-01-25T15:33:31,,
1991,Toyota,Landcruiser,Sahara (4X4),Wagon,206577,Automatic,,29999,Unleaded,VIC,car/14922249/toyota/landcruiser/vic/bayswater-north/suv,2026-01-25T15:33:31,,
2018,Toyota,Kluger,Gx (4X2),Wagon,245325,Automatic,,19990,Unleaded,VIC,car/14920245/toyota/kluger/vic/dandenong/suv,2026-01-25T15:33:31,,
2021,Toyota,Fortuner,Gx,Wagon,148612,Automatic,,39990,Diesel,VIC,car/14921129/toyota/fortuner/vic/hoppers-crossing/suv,2026-01-25T15:33:31,,
1998,Toyota,Landcruiser Prado,GXL 4X4,SUV,276155,Automatic,2026-04-13,12999,Unleaded,VIC,car/14920798/toyota/landcruiser-prado/vic/ringwood/suv,2026-01-25T15:33:31,,
2017,Toyota,Camry,Atara Sx,Sedan,98734,Automatic,,20000,Unleaded,VIC,car/14921992/toyota/camry/vic/dandenong/sedan,2026-01-25T15:33:31,,
2017,Toyota,Camry,Altise,Sedan,100018,Automatic,2026-05-28,19990,Unleaded,VIC,car/14918332/toyota/camry/vic/ferntree-gully/sedan,2026-01-25T15:33:31,,
2020,Toyota,Hilux,Sr5 (4X4),Double Cab Pick Up,52542,Manual,2026-10-29,54990,Diesel,VIC,car/14918126/toyota/hilux/vic/south-morang/dual-cab,2026-01-25T15:33:31,,
2012,Toyota,Camry,Altise,Sedan,193487,Automatic,2026-04-15,9990,Unleaded,VIC,car/14929001/toyota/camry/vic/dingley-village/sedan,2026-01-25T15:33:31,,
2012,Toyota,RAV4,Cv (2Wd),Wagon,110776,Automatic,2026-12-04,17499,Unleaded,VIC,car/14928376/toyota/rav4/vic/bayswater/suv,2026-01-25T15:33:31,,
2020,Toyota,Corolla,Ascent Sport Hybrid,Hatchback,41272,Automatic,2026-04-15,26999,Hybrid,VIC,car/14815732/toyota/corolla/vic/boronia/hatchback,2026-01-25T15:33:31,,
2018,Toyota,C-HR,(2Wd),Wagon,119532,Automatic,2026-04-19,24970,Premium,VIC,car/14918067/toyota/c-hr/vic/keysborough/suv,2026-01-25T15:33:31,,
2017,Toyota,Corolla,Ascent,Hatchback,73962,Automatic,2026-02-28,21990,Unleaded,VIC,car/14917734/toyota/corolla/vic/hoppers-crossing/hatchback,2026-01-25T15:33:31,,
2024,Toyota,Camry,Ascent,Sedan,52431,Automatic,2026-04-19,36970,Premium,VIC,car/14918069/toyota/camry/vic/keysborough/sedan,2026-01-25T15:33:31,,
2010,Toyota,Camry,Altise,Sedan,297562,Automatic,,6990,Unleaded,VIC,car/14917909/toyota/camry/vic/dandenong/sedan,2026-01-25T15:33:31,,
2025,Toyota,GR Yaris,Gt,Hatchback,4219,Manual,2025-04-20,61970,Premium,VIC,car/14919606/toyota/gr-yaris/vic/keysborough/hatchback,2026-01-25T15:33:31,,
2015,Toyota,HiAce,Lwb,Van,238058,Manual,2026-03-10,21990,Diesel,VIC,car/14919142/toyota/hiace/vic/dandenong/van,2026-01-25T15:33:31,,
2025,Toyota,RAV4,Cruiser (2Wd) Hybrid,Wagon,12205,Automatic,2026-06-16,59970,Hybrid,VIC,car/14920028/toyota/rav4/vic/keysborough/suv,2026-01-25T15:33:31,,
2003,Toyota,Echo,,Sedan,170232,Automatic,2026-03-06,8990,Unleaded,VIC,car/14928474/toyota/echo/vic/ringwood/sedan,2026-01-25T15:33:31,,
2008,Toyota,Kluger,Kx-R (4X4) 5 Seat,Wagon,200963,Automatic,2026-11-26,10990,Unleaded,VIC,car/14928687/toyota/kluger/vic/south-morang/suv,2026-01-25T15:33:31,,
2011,Toyota,Camry,Altise,Sedan,145100,Automatic,2026-07-15,12990,Unleaded,VIC,car/14928686/toyota/camry/vic/south-morang/sedan,2026-01-25T15:33:31,,
2005,Toyota,Camry,Altise,Sedan,202059,Automatic,2026-03-30,9990,Unleaded,VIC,car/14927839/toyota/camry/vic/ringwood/sedan,2026-01-25T15:33:31,,
2015,Toyota,Kluger,Gx (4X2),Wagon,221304,Automatic,2026-02-06,19990,Unleaded,VIC,car/14925727/toyota/kluger/vic/dandenong/suv,2026-01-25T15:33:31,,
2018,Toyota,Landcruiser,Sahara (4X4),Wagon,183357,Automatic,,92970,Diesel,VIC,car/14922673/toyota/landcruiser/vic/keysborough/suv,2026-01-25T15:33:31,,
2022,Toyota,RAV4,Gx (2Wd) Hybrid,Wagon,27887,Automatic,,42990,Hybrid,VIC,car/14928936/toyota/rav4/vic/south-morang/suv,2026-01-25T15:33:31,,
2010,Toyota,Yaris,Yrs,Sedan,87245,Automatic,,9990,Unleaded,VIC,car/14928165/toyota/yaris/vic/dandenong/sedan,2026-01-25T15:33:31,,
2024,Toyota,Camry,Ascent,Sedan,57568,Automatic,2026-04-20,36970,Premium,VIC,car/14920603/toyota/camry/vic/keysborough/sedan,2026-01-25T15:33:31,,
2024,Toyota,Corolla Cross,Gx 2Wd,Wagon,20957,Automatic,2026-04-09,39970,Unleaded,VIC,car/14910512/toyota/corolla-cross/vic/keysborough/suv,2026-01-25T15:33:31,,
2020,Toyota,RAV4,Cruiser Awd Hybrid,Wagon,51608,Automatic,2026-06-25,44788,Hybrid,VIC,car/14875784/toyota/rav4/vic/mulgrave/suv,2026-01-25T15:33:31,,
2020,Toyota,RAV4,Cruiser Awd Hybrid,Wagon,76703,Automatic,2026-05-14,42990,Hybrid,VIC,car/14883045/toyota/rav4/vic/hoppers-crossing/suv,2026-01-25T15:33:31,,
2025,Toyota,Kluger,Grande Hybrid Awd,Wagon,13839,Automatic,2026-02-24,79990,Hybrid,VIC,car/14846477/toyota/kluger/vic/hoppers-crossing/suv,2026-01-25T15:33:31,,
2008,Toyota,Crown,ROYAL SALOON,Sedan,105447,Automatic,,15490,Other,VIC,car/14847913/toyota/crown/vic/dandenong/limousine,2026-01-25T15:33:31,,
2022,Toyota,RAV4,Gx (2Wd),Wagon,50852,Automatic,2026-01-30,36990,Unleaded,VIC,car/14885219/toyota/rav4/vic/hoppers-crossing/suv,2026-01-25T15:33:31,,
2009,Toyota,Camry,Altise,Sedan,128668,Automatic,2025-11-27,11990,Unleaded,VIC,car/14806099/toyota/camry/vic/ringwood/sedan,2026-01-25T15:33:31,,
2017,Toyota,Corolla,Zr,Hatchback,131040,Automatic,2026-02-24,20999,Unleaded,VIC,car/14889679/toyota/corolla/vic/ringwood/hatchback,2026-01-25T15:33:31,,
2022,Toyota,Kluger,Gxl Hybrid Awd,Wagon,96540,Automatic,,52990,Hybrid,VIC,car/14905055/toyota/kluger/vic/south-morang/suv,2026-01-25T15:33:31,,
2008,Toyota,Crown,ROYAL SALOON,Sedan,53734,Automatic,,16490,Other,VIC,car/14770728/toyota/crown/vic/dandenong/limousine,2026-01-25T15:33:31,,
2021,Toyota,Landcruiser,Gxl,Wagon,78853,Manual,2026-07-24,110000,Diesel,VIC,car/14877451/toyota/landcruiser/vic/hoppers-crossing/suv,2026-01-25T15:33:31,,
2018,Toyota,Hilux,Workmate,Cab Chassis,75791,Manual,2025-01-01,25970,Diesel,VIC,car/14839583/toyota/hilux/vic/ferntree-gully/single-cab,2026-01-25T15:33:31,,
2021,Toyota,Hilux,Workmate,Double Cab Pick Up,38000,Automatic,2026-03-10,34990,Unleaded,VIC,car/14794641/toyota/hilux/vic/ferntree-gully/dual-cab,2026-01-25T15:33:31,,
2020,Toyota,Probox,DX COMFORT,SUV,81747,Automatic,,16495,Unleaded,VIC,car/14803226/toyota/probox/vic/point-cook/suv,2026-01-25T15:33:31,,
2019,Toyota,HiAce,Commuter (12 Seats),Bus,40208,Automatic,,57990,Diesel,VIC,car/14848229/toyota/hiace/vic/south-morang/people-mover,2026-01-25T15:33:31,,
2016,Toyota,Aqua,S,Hatch,33912,Automatic,2026-04-23,15995,Unleaded,VIC,car/14803220/toyota/aqua/vic/point-cook/hatchback,2026-01-25T15:33:31,,
2023,Toyota,Yaris Cross,Gx Hybrid,Wagon,100531,Automatic,,28990,Hybrid,VIC,car/14791964/toyota/yaris-cross/vic/hoppers-crossing/suv,2026-01-25T15:33:31,,
2019,Toyota,C-HR,(2Wd),Wagon,37990,Automatic,,29980,Premium,VIC,car/14908503/toyota/c-hr/vic/springvale/suv,2026-01-25T15:33:31,,
2021,Toyota,RAV4,Cruiser (2Wd) Hybrid,Wagon,70831,Automatic,2026-04-17,42990,Hybrid,VIC,car/14904902/toyota/rav4/vic/hoppers-crossing/suv,2026-01-25T15:33:31,,
2024,Toyota,RAV4,Cruiser (2Wd) Hybrid,Wagon,13384,Automatic,2026-02-07,59970,Hybrid,VIC,car/14902247/toyota/rav4/vic/keysborough/suv,2026-01-25T15:33:31,,
2024,Toyota,Corolla,Ascent Sport Hybrid,Hatchback,4371,Automatic,2026-05-06,36470,Hybrid,VIC,car/14910509/toyota/corolla/vic/keysborough/hatchback,2026-01-25T15:33:31,,
2024,Toyota,Corolla Cross,Gx 2Wd,Wagon,25102,Automatic,2026-04-14,39970,Unleaded,VIC,car/14910516/toyota/corolla-cross/vic/keysborough/suv,2026-01-25T15:33:31,,
2019,Toyota,Landcruiser Prado,Gx (4X4),Wagon,119376,Automatic,,46990,Diesel,VIC,car/14797011/toyota/landcruiser-prado/vic/hoppers-crossing/suv,2026-01-25T15:33:31,,
2022,Toyota,Kluger,Grande Hybrid Awd,Wagon,29087,Automatic,2026-05-19,68970,Hybrid,VIC,car/14821197/toyota/kluger/vic/south-morang/suv,2026-01-25T15:33:31,,
2021,Toyota,Corolla,Ascent Sport + Navi Hybrid,Hatchback,106000,Automatic,,24449,Hybrid,VIC,car/14904999/toyota/corolla/vic/springvale/hatchback,2026-01-25T15:33:31,,
2021,Toyota,Landcruiser Prado,Gx,Wagon,121598,Automatic,2026-02-21,50990,Diesel,VIC,car/14881002/toyota/landcruiser-prado/vic/ringwood/suv,2026-01-25T15:33:31,,
2022,Toyota,Corolla,Ascent Sport Hybrid,Hatchback,89690,Automatic,,24990,Hybrid,VIC,car/14835944/toyota/corolla/vic/springvale/hatchback,2026-01-25T15:33:31,,
2022,Toyota,RAV4,Gx (2Wd),Wagon,81042,Automatic,2026-03-31,32500,Unleaded,VIC,car/14917226/toyota/rav4/vic/ringwood/suv,2026-01-25T15:33:31,,
2023,Toyota,Camry,Ascent Sport Hybrid,Sedan,51262,Automatic,,38987,Hybrid,VIC,car/14855831/toyota/camry/vic/ferntree-gully/sedan,2026-01-25T15:33:31,,
2021,Toyota,C-HR,Koba (2Wd) Hybrid,Wagon,49091,Automatic,2026-04-22,34780,Hybrid,VIC,car/14894344/toyota/c-hr/vic/hoppers-crossing/suv,2026-01-25T15:33:31,,
2021,Toyota,RAV4,Gx (Awd) Hybrid,Wagon,106166,Automatic,2026-02-23,35990,Hybrid,VIC,car/14865194/toyota/rav4/vic/moorabbin-airport/suv,2026-01-25T15:33:31,,
2021,Toyota,Landcruiser,Lc300 Vx (4X4),Wagon,65734,Automatic,2026-03-18,121350,Diesel,VIC,car/14912843/toyota/landcruiser/vic/ferntree-gully/suv,2026-01-25T15:33:31,,
2020,Toyota,Camry,Ascent Sport (Hybrid),Sedan,84230,Automatic,2026-02-10,33490,Hybrid,VIC,car/14904116/toyota/camry/vic/moorabbin-airport/sedan,2026-01-25T15:33:31,,
2017,Toyota,Camry,Atara S,Sedan,99330,Automatic,2026-02-28,21990,Unleaded,VIC,car/14917233/toyota/camry/vic/ringwood/sedan,2026-01-25T15:33:31,,
2023,Toyota,Hilux,Sr (4X4),Double Cab Chassis,17905,Automatic,2026-02-26,59990,Diesel,VIC,car/14910286/toyota/hilux/vic/south-morang/dual-cab,2026-01-25T15:33:31,,
2019,Toyota,Landcruiser Prado,Gx (4X4),Wagon,89664,Automatic,2026-06-27,59888,Diesel,VIC,car/14892216/toyota/landcruiser-prado/vic/ferntree-gully/suv,2026-01-25T15:33:31,,
2017,Toyota,Prius,PLUG-IN HYBRID,Hatch,69700,Automatic,,26990,Other,VIC,car/14887803/toyota/prius/vic/dandenong/hatchback,2026-01-25T15:33:31,,
2021,Toyota,Camry,Ascent,Sedan,64975,Automatic,2026-09-13,33970,Premium,VIC,car/14910511/toyota/camry/vic/keysborough/sedan,2026-01-25T15:33:31,,
2022,Toyota,Hilux,Sr (4X4),Double Cab Chassis,104688,Automatic,2026-01-25,46990,Diesel,VIC,car/14869165/toyota/hilux/vic/hoppers-crossing/dual-cab,2026-01-25T15:33:31,,
2021,Toyota,Corolla,,OtherCar,43637,,,28990,Other,VIC,car/14785344/toyota/corolla/vic/ringwood/othercar,2026-01-25T15:33:31,,
2020,Toyota,Hilux,Workmate Hi-Rider,Cab Chassis,150890,Manual,2026-01-30,24490,Diesel,VIC,car/14792603/toyota/hilux/vic/moorabbin-airport/single-cab,2026-01-25T15:33:31,,
2017,Toyota,Kluger,Gxl (4X2),Wagon,116400,Automatic,2026-12-21,31888,Unleaded,VIC,car/14907560/toyota/kluger/vic/mulgrave/suv,2026-01-25T15:33:31,,
2024,Toyota,Corolla,Ascent Sport Hybrid,Hatchback,13190,Automatic,2026-04-14,35470,Hybrid,VIC,car/14910513/toyota/corolla/vic/keysborough/hatchback,2026-01-25T15:33:31,,
2019,Toyota,Camry,Ascent (Hybrid),Sedan,90615,Automatic,,27990,Hybrid,VIC,car/14824726/toyota/camry/vic/springvale/sedan,2026-01-25T15:33:31,,
2022,Toyota,Corolla,Ascent Sport Hybrid,Sedan,84500,Automatic,,27688,Hybrid,VIC,car/14818732/toyota/corolla/vic/croydon/sedan,2026-01-25T15:33:31,,
2021,Toyota,Corolla,HYBRID EX,SUV,118970,Automatic,,20995,Unleaded,VIC,car/14855847/toyota/corolla/vic/point-cook/suv,2026-01-25T15:33:31,,
2024,Toyota,Kluger,Gx Hybrid Awd,Wagon,22194,Automatic,2026-03-17,61970,Hybrid,VIC,car/14910515/toyota/kluger/vic/keysborough/suv,2026-01-25T15:33:31,,
2024,Toyota,Yaris,Ascent Sport Hybrid,Hatchback,5590,Automatic,2026-01-21,32970,Hybrid,VIC,car/14910506/toyota/yaris/vic/keysborough/hatchback,2026-01-25T15:33:31,,
2019,Toyota,Camry,Ascent Sport,Sedan,104978,Automatic,2026-02-09,25990,Unleaded,VIC,car/14854002/toyota/camry/vic/hoppers-crossing/sedan,2026-01-25T15:33:31,,
2025,Toyota,Yaris Cross,Gxl Hybrid,Wagon,9013,Automatic,2026-04-09,38970,Hybrid,VIC,car/14910507/toyota/yaris-cross/vic/keysborough/suv,2026-01-25T15:33:31,,
2022,Toyota,RAV4,Gx (2Wd),Wagon,102174,Automatic,2025-12-28,31990,Unleaded,VIC,car/14881013/toyota/rav4/vic/ringwood/suv,2026-01-25T15:33:31,,
2023,Toyota,Kluger,Gx Hybrid Awd,Wagon,45435,Automatic,,53990,Hybrid,VIC,car/14870966/toyota/kluger/vic/hoppers-crossing/suv,2026-01-25T15:33:31,,
2024,Toyota,Landcruiser,Lc300 Gxl (4X4),Wagon,58583,Automatic,2026-04-19,109990,Diesel,VIC,car/14859830/toyota/landcruiser/vic/ferntree-gully/suv,2026-01-25T15:33:31,,
2022,Toyota,HiAce,Lwb,Van,54243,Automatic,2026-04-28,48888,Diesel,VIC,car/14898340/toyota/hiace/vic/croydon/van,2026-01-25T15:33:31,,
2009,Toyota,Crown,HYBRID,Sedan,85224,Automatic,,17490,Other,VIC,car/14809173/toyota/crown/vic/dandenong/limousine,2026-01-25T15:33:31,,
2017,Toyota,Kluger,Grande (4X4),Wagon,165843,Automatic,,30990,Unleaded,VIC,car/14846763/toyota/kluger/vic/frankston/suv,2026-01-25T15:33:31,,
2025,Toyota,Landcruiser,Lc79 Gxl + Diff Locks,Double Cab Chassis,21,Manual,,188990,Diesel,VIC,car/14876411/toyota/landcruiser/vic/narre-warren/dual-cab,2026-01-25T15:33:31,,
2024,Toyota,Hilux,Sr5 48V (4X4),Double Cab Chassis,32183,Automatic,2026-03-15,63950,Hybrid,VIC,car/14855119/toyota/hilux/vic/seaford/dual-cab,2026-01-25T15:33:31,,
2018,Toyota,Camry,Sx,Sedan,63593,Automatic,2026-04-04,30990,Unleaded,VIC,car/14868697/toyota/camry/vic/hoppers-crossing/sedan,2026-01-25T15:33:31,,
2008,Toyota,Crown,ROYAL SALOON,Sedan,107624,Automatic,,15490,Other,VIC,car/14790829/toyota/crown/vic/dandenong/limousine,2026-01-25T15:33:31,,
2019,Toyota,Kluger,Gxl (4X2),Wagon,94800,Automatic,2025-12-06,35990,Unleaded,VIC,car/14804375/toyota/kluger/vic/moorabbin-airport/suv,2026-01-25T15:33:31,,
2017,Toyota,Camry,Atara S,Sedan,93093,Automatic,2026-02-06,22499,Unleaded,VIC,car/14837164/toyota/camry/vic/ringwood/sedan,2026-01-25T15:33:31,,
2020,Toyota,C-HR,Koba (2Wd) Hybrid,Wagon,81410,Automatic,2025-12-04,32490,Hybrid,VIC,car/14841083/toyota/c-hr/vic/moorabbin-airport/suv,2026-01-25T15:33:31,,
2017,Toyota,C-HR,Koba (Awd),Wagon,62446,Automatic,,26980,Premium,VIC,car/14905170/toyota/c-hr/vic/springvale/suv,2026-01-25T15:33:31,,
2014,Toyota,Kluger,Grande (4X4),Wagon,149666,Automatic,,28980,Unleaded,VIC,car/14884958/toyota/kluger/vic/springvale/suv,2026-01-25T15:33:31,,
2019,Toyota,C-HR,Koba (Awd),Hatchback,101511,Automatic,2026-03-05,27888,Premium,VIC,car/14872001/toyota/c-hr/vic/ferntree-gully/suv,2026-01-25T15:33:31,,
2014,Toyota,Corolla,Ascent Sport,Hatchback,89456,Automatic,,18980,Unleaded,VIC,car/14913650/toyota/corolla/vic/springvale/hatchback,2026-01-25T15:33:31,,
2021,Toyota,C-HR,Koba (2Wd),Wagon,32872,Automatic,,35990,Premium,VIC,car/14892532/toyota/c-hr/vic/springvale/suv,2026-01-25T15:33:31,,
2020,Toyota,Corolla,Ascent Sport (Hybrid),Hatchback,90003,Automatic,2026-01-16,25990,Hybrid,VIC,car/14913409/toyota/corolla/vic/hoppers-crossing/hatchback,2026-01-25T15:33:31,,
2024,Toyota,Yaris Cross,Gx Hybrid,Wagon,24027,Automatic,2026-02-04,35990,Hybrid,VIC,car/14843817/toyota/yaris-cross/vic/hoppers-crossing/suv,2026-01-25T15:33:31,,
2018,Toyota,C-HR,Koba (2Wd),Wagon,84067,Automatic,2026-02-22,25990,Premium,VIC,car/14906486/toyota/c-hr/vic/hoppers-crossing/suv,2026-01-25T15:33:31,,
2018,Toyota,Kluger,Gx (4X2),Wagon,124532,Automatic,,29980,Unleaded,VIC,car/14914835/toyota/kluger/vic/springvale/suv,2026-01-25T15:33:31,,
2023,Toyota,Corolla,Ascent Sport Hybrid,Hatchback,68327,Automatic,2025-11-29,29490,Hybrid,VIC,car/14857574/toyota/corolla/vic/moorabbin-airport/hatchback,2026-01-25T15:33:31,,
2024,Toyota,Kluger,Gx Hybrid Awd,Wagon,20656,Automatic,2026-04-14,61970,Hybrid,VIC,car/14910510/toyota/kluger/vic/keysborough/suv,2026-01-25T15:33:31,,
2024,Toyota,Kluger,Gx Hybrid Awd,Wagon,50306,Automatic,,54990,Hybrid,VIC,car/14870357/toyota/kluger/vic/hoppers-crossing/suv,2026-01-25T15:33:31,,
2019,Toyota,Hilux,WORKMATE,Ute Tray,177045,Manual,,18999,Diesel,VIC,car/14895227/toyota/hilux/vic/dandenong-south/pickup,2026-01-25T15:33:31,,
2018,Toyota,Landcruiser,Workmate (4X4),Cab Chassis,254323,Manual,,46999,Diesel,VIC,car/14872262/toyota/landcruiser/vic/dandenong-south/single-cab,2026-01-25T15:33:31,,
2024,Toyota,Landcruiser,Lc300 Sahara Zx (4X4),Wagon,34148,Automatic,2026-05-16,145990,Diesel,VIC,car/14896970/toyota/landcruiser/vic/frankston/suv,2026-01-25T15:33:31,,
2009,Toyota,Corolla,Edge,Hatchback,248375,Automatic,2026-01-20,8990,Unleaded,VIC,car/14840719/toyota/corolla/vic/seaford/hatchback,2026-01-25T15:33:31,,
2008,Toyota,Kluger,Kx-R (Fwd) 7 Seat,Wagon,300748,Automatic,,7990,Unleaded,VIC,car/14789013/toyota/kluger/vic/dandenong/suv,2026-01-25T15:33:31,,
2016,Toyota,Landcruiser,WORKMATE,Ute Tray,254746,Manual,,58999,Diesel,VIC,car/14784815/toyota/landcruiser/vic/dandenong-south/pickup,2026-01-25T15:33:31,,
2019,Toyota,Hilux,SR (4X4),Ute Tray,304672,Manual,,26999,Diesel,VIC,car/14892804/toyota/hilux/vic/dandenong-south/pickup,2026-01-25T15:33:31,,
2019,Toyota,Landcruiser,Lc200 Gx (4X4),Wagon,125570,Automatic,,68888,Diesel,VIC,car/14864131/toyota/landcruiser/vic/dandenong-south/suv,2026-01-25T15:33:31,,
2020,Toyota,Landcruiser,WORKMATE,Ute Tray,198565,Manual,,64999,Diesel,VIC,car/14854119/toyota/landcruiser/vic/dandenong-south/pickup,2026-01-25T15:33:31,,
2017,Toyota,Hilux,SR,Ute Tray,303456,Manual,,24999,Diesel,VIC,car/14872952/toyota/hilux/vic/dandenong-south/pickup,2026-01-25T15:33:31,,
2009,Toyota,Kluger,Grande (4X4),Wagon,160000,Automatic,,14500,Unleaded,VIC,car/14780386/toyota/kluger/vic/dandenong/suv,2026-01-25T15:33:31,,
2002,Toyota,Corolla,Ascent Seca,Hatchback,298700,Automatic,2026-03-29,5990,Unleaded,VIC,car/14903063/toyota/corolla/vic/ferntree-gully/hatchback,2026-01-25T15:33:31,,
2010,Toyota,Corolla,Ascent,Sedan,147000,Automatic,2026-06-29,12500,Unleaded,VIC,car/14897384/toyota/corolla/vic/dandenong/sedan,2026-01-25T15:33:31,,
2010,Toyota,Corolla,Ascent,Sedan,258000,Automatic,2026-06-20,8500,Unleaded,VIC,car/14885479/toyota/corolla/vic/dandenong/sedan,2026-01-25T15:33:31,,
2011,Toyota,Landcruiser,Workmate (4X4),Cab Chassis,245750,Manual,,39999,Diesel,VIC,car/14839860/toyota/landcruiser/vic/dandenong-south/single-cab,2026-01-25T15:33:31,,
2016,Toyota,Corolla,Ascent,Hatchback,130000,Automatic,2026-04-06,17500,Unleaded,VIC,car/14882444/toyota/corolla/vic/dandenong/hatchback,2026-01-25T15:33:31,,
2018,Toyota,Hilux,Rugged X (4X4),Dual Cab Utility,203977,Automatic,,40990,Diesel,VIC,car/14869355/toyota/hilux/vic/narre-warren/dual-cab,2026-01-25T15:33:31,,
2004,Toyota,Corolla,Ascent Seca,Hatchback,250000,Automatic,2026-10-29,6499,Unleaded,VIC,car/14909149/toyota/corolla/vic/dandenong/hatchback,2026-01-25T15:33:31,,
2012,Toyota,Corolla,ASCENT SPORT,Hatch,156697,Manual,,11990,Unleaded,VIC,car/14847055/toyota/corolla/vic/seaford/hatchback,2026-01-25T15:33:31,,
2016,Toyota,Hilux,Sr (4X4),Dual Cab Chassis,250377,Automatic,,25999,Diesel,VIC,car/14864882/toyota/hilux/vic/dandenong-south/dual-cab,2026-01-25T15:33:31,,
2016,Toyota,Hilux,Sr5 (4X4),Dual Cab Utility,289973,Automatic,,31999,Diesel,VIC,car/14892745/toyota/hilux/vic/dandenong-south/dual-cab,2026-01-25T15:33:31,,
2020,Toyota,Landcruiser,Lc200 Vx (4X4),Wagon,184390,Automatic,,93990,Diesel,VIC,car/14871913/toyota/landcruiser/vic/frankston/suv,2026-01-25T15:33:31,,
2010,Toyota,Hilux,Workmate,Cab Chassis,177000,Automatic,2026-10-15,15499,Unleaded,VIC,car/14833805/toyota/hilux/vic/dandenong/single-cab,2026-01-25T15:33:31,,
2019,Toyota,Corolla,Ascent Sport,Hatchback,91037,Automatic,2026-08-21,24999,Unleaded,VIC,car/14911675/toyota/corolla/vic/melton/hatchback,2026-01-25T15:33:31,,
2021,Toyota,Landcruiser 70 Series,WORKMATE,Ute Tray,172516,Manual,2026-02-20,62999,Diesel,VIC,car/14821860/toyota/landcruiser-70-series/vic/dandenong-south/pickup,2026-01-25T15:33:31,,
2019,Toyota,Vitz,F (HYBRID),Hatch,29707,Automatic,,18990,Hybrid,VIC,car/14792585/toyota/vitz/vic/carrum-downs/hatchback,2026-01-25T15:33:31,,
2017,Toyota,Corolla,Hybrid,Hatchback,61964,Automatic,,22990,Hybrid,VIC,car/14837135/toyota/corolla/vic/frankston/hatchback,2026-01-25T15:33:31,,
2015,Toyota,Landcruiser,Workmate (4X4),Double Cab Chassis,224915,Manual,,63999,Diesel,VIC,car/14907088/toyota/landcruiser/vic/dandenong-south/dual-cab,2026-01-25T15:33:31,,
2020,Toyota,Landcruiser 70 Series,WORKMATE,Ute Tray,237744,Manual,,56999,Diesel,VIC,car/14864993/toyota/landcruiser-70-series/vic/dandenong-south/pickup,2026-01-25T15:33:31,,
2022,Toyota,Corolla,Zr Hybrid,Hatchback,50419,Automatic,2026-02-28,34990,Hybrid,VIC,car/14858968/toyota/corolla/vic/sunbury/hatchback,2026-01-25T15:33:31,,
2006,Toyota,Corolla,Ascent,Sedan,282000,Automatic,2026-02-01,6500,Unleaded,VIC,car/14815605/toyota/corolla/vic/dandenong/sedan,2026-01-25T15:33:31,,
2017,Toyota,Landcruiser,WORKMATE (4X4),Ute Tray,103309,Manual,2026-03-16,54999,Diesel,VIC,car/14784814/toyota/landcruiser/vic/dandenong-south/pickup,2026-01-25T15:33:31,,
2013,Toyota,RAV4,Gxl (4X4),Wagon,137960,Automatic,2026-08-07,18990,Diesel,VIC,car/14770978/toyota/rav4/vic/seaford/suv,2026-01-25T15:33:31,,
2010,Toyota,Landcruiser,Workmate (4X4),Cab Chassis,274951,Manual,,39999,Diesel,VIC,car/14840382/toyota/landcruiser/vic/dandenong-south/single-cab,2026-01-25T15:33:31,,
2016,Toyota,Landcruiser,WORKMATE,Ute Tray,374166,Manual,,39999,Diesel,VIC,car/14826420/toyota/landcruiser/vic/dandenong-south/pickup,2026-01-25T15:33:31,,
2006,Toyota,Corolla,Ascent Seca,Hatchback,250000,Automatic,2025-12-27,6899,Unleaded,VIC,car/14801749/toyota/corolla/vic/dandenong/hatchback,2026-01-25T15:33:31,,
2020,Toyota,Hilux,Sr5 (4X4),Double Cab Pick Up,89051,Automatic,2026-01-18,52990,Diesel,VIC,car/14871825/toyota/hilux/vic/sunbury/dual-cab,2026-01-25T15:33:31,,
2019,Toyota,Landcruiser,Lc200 Gx (4X4),Wagon,311374,Automatic,,49999,Diesel,VIC,car/14871966/toyota/landcruiser/vic/dandenong-south/suv,2026-01-25T15:33:31,,
2022,Toyota,Granvia,Vx (6 Seats),Wagon,73129,Automatic,,68990,Diesel,VIC,car/14898250/toyota/granvia/vic/narre-warren/people-mover,2026-01-25T15:33:31,,
2019,Toyota,Yaris,Ascent,Hatchback,66508,Automatic,2026-03-16,19990,Unleaded,VIC,car/14926760/toyota/yaris/vic/camberwell/hatchback,2026-01-25T15:33:31,,
2021,Toyota,Hilux,Sr5 (4X4),Double Cab Pick Up,72983,Automatic,2026-04-10,56777,Diesel,VIC,car/14926116/toyota/hilux/vic/heidelberg/dual-cab,2026-01-25T15:33:31,,
2016,Toyota,RAV4,Gxl (2Wd),Wagon,104853,Automatic,,27990,Unleaded,VIC,car/14925845/toyota/rav4/vic/nunawading/suv,2026-01-25T15:33:31,,
2022,Toyota,RAV4,Gx (2Wd) Hybrid,Wagon,114004,Automatic,,35990,Hybrid,VIC,car/14926762/toyota/rav4/vic/camberwell/suv,2026-01-25T15:33:31,,
2016,Toyota,Yaris,Ascent,Hatchback,72327,Automatic,2026-04-20,18990,Unleaded,VIC,car/14924934/toyota/yaris/vic/camberwell/hatchback,2026-01-25T15:33:31,,
2022,Toyota,Camry,Ascent,Sedan,94691,Automatic,,27990,Premium,VIC,car/14924442/toyota/camry/vic/nunawading/sedan,2026-01-25T15:33:31,,
2023,Toyota,Camry,Ascent,Sedan,55305,Automatic,,34888,Premium,VIC,car/14918552/toyota/camry/vic/narre-warren/sedan,2026-01-25T15:33:31,,
2007,Toyota,Corolla,Ascent,Sedan,259000,Automatic,2026-01-08,8000,Unleaded,VIC,car/14912868/toyota/corolla/vic/dandenong/sedan,2026-01-25T15:33:31,,
2024,Toyota,Camry,Ascent,Sedan,52490,Automatic,,34990,Premium,VIC,car/14897779/toyota/camry/vic/narre-warren/sedan,2026-01-25T15:33:31,,
2016,Toyota,HiAce,KDH221R,Commercial,160244,Automatic,,27999,Diesel,VIC,car/14864359/toyota/hiace/vic/dandenong-south/van,2026-01-25T15:33:31,,
2025,Toyota,Yaris Cross,Gx Hybrid,Wagon,18143,Automatic,,36990,Hybrid,VIC,car/14871905/toyota/yaris-cross/vic/frankston/suv,2026-01-25T15:33:31,,
2021,Toyota,Hilux,Workmate,Cab Chassis,90393,Manual,,25990,Unleaded,VIC,car/14875218/toyota/hilux/vic/narre-warren/single-cab,2026-01-25T15:33:31,,
2022,Toyota,Landcruiser,Lc300 Sahara Zx (4X4),Wagon,35121,Automatic,,135333,Diesel,VIC,car/14815153/toyota/landcruiser/vic/narre-warren/suv,2026-01-25T15:33:31,,
2022,Toyota,Kluger,Grande Hybrid Awd,Wagon,40082,Automatic,,69990,Hybrid,VIC,car/14908969/toyota/kluger/vic/narre-warren/suv,2026-01-25T15:33:31,,
2022,Toyota,Hilux,Sr (4X4),Double Cab Chassis,150070,Automatic,,44990,Diesel,VIC,car/14911395/toyota/hilux/vic/frankston/dual-cab,2026-01-25T15:33:31,,
2019,Toyota,Hilux,Rugged X (4X4),Double Cab Pick Up,29865,Automatic,,59990,Diesel,VIC,car/14898253/toyota/hilux/vic/narre-warren/dual-cab,2026-01-25T15:33:31,,
2022,Toyota,RAV4,Gx (2Wd),Wagon,64572,Automatic,,35990,Unleaded,VIC,car/14851839/toyota/rav4/vic/frankston/suv,2026-01-25T15:33:31,,
2017,Toyota,Hilux,Trd White (4X4),Dual Cab Utility,176257,Automatic,,39999,Diesel,VIC,car/14789284/toyota/hilux/vic/melton/dual-cab,2026-01-25T15:33:31,,
2025,Toyota,Hilux,Workmate (4X2),Cab Chassis,6833,Manual,,35990,Unleaded,VIC,car/14883544/toyota/hilux/vic/frankston/single-cab,2026-01-25T15:33:31,,
2007,Toyota,Aurion,Presara,Sedan,164315,Automatic,2026-02-28,10500,Unleaded,VIC,car/14864494/toyota/aurion/vic/upper-ferntree-gully/sedan,2026-01-25T15:33:31,,
2013,Toyota,Kluger,Kx-R (Fwd) 5 Seat,Wagon,225000,Automatic,,13990,Unleaded,VIC,car/14916198/toyota/kluger/vic/cranbourne-west/suv,2026-01-25T15:33:31,,
2022,Toyota,Landcruiser Prado,Vx,Wagon,181419,Automatic,,62990,Diesel,VIC,car/14882973/toyota/landcruiser-prado/vic/frankston/suv,2026-01-25T15:33:31,,
2018,Toyota,Hilux,Sr Hi-Rider,Dual Cab Utility,134315,Automatic,2026-07-22,34999,Diesel,VIC,car/14813673/toyota/hilux/vic/melton/dual-cab,2026-01-25T15:33:31,,
2019,Toyota,Corolla,Ascent Sport (Hybrid),Hatchback,66756,Automatic,,26990,Hybrid,VIC,car/14892925/toyota/corolla/vic/frankston/hatchback,2026-01-25T15:33:31,,
2018,Toyota,Landcruiser,GXL,SUV,375014,Automatic,,54999,Diesel,VIC,car/14856428/toyota/landcruiser/vic/dandenong-south/suv,2026-01-25T15:33:31,,
2021,Toyota,Landcruiser,Lc300 Sahara (4X4),Wagon,41789,Automatic,,128490,Diesel,VIC,car/14837136/toyota/landcruiser/vic/frankston/suv,2026-01-25T15:33:31,,
2021,Toyota,Camry,Ascent,Sedan,100518,Automatic,,29990,Premium,VIC,car/14924684/toyota/camry/vic/frankston/sedan,2026-01-25T15:33:31,,
2021,Toyota,Landcruiser,Gxl,Wagon,39583,Manual,,124990,Diesel,VIC,car/14928494/toyota/landcruiser/vic/frankston/suv,2026-01-25T15:33:31,,
2016,Toyota,Landcruiser Prado,Gxl (4X4),Wagon,215323,Automatic,2026-02-24,31950,Diesel,VIC,car/14927036/toyota/landcruiser-prado/vic/seaford/suv,2026-01-25T15:33:31,,
2018,Toyota,Hilux,WORKMATE (4X4),Ute Tray,133261,Automatic,,35888,Diesel,VIC,car/14924237/toyota/hilux/vic/dandenong-south/pickup,2026-01-25T15:33:31,,
2024,Toyota,Corolla,Ascent Sport,Hatchback,50839,Automatic,,28990,Unleaded,VIC,car/14921324/toyota/corolla/vic/narre-warren/hatchback,2026-01-25T15:33:31,,
2023,Toyota,Kluger,Gx Hybrid Awd,Wagon,71621,Automatic,,49990,Hybrid,VIC,car/14923886/toyota/kluger/vic/frankston/suv,2026-01-25T15:33:31,,
2018,Toyota,Camry,Sx,Sedan,104454,Automatic,2026-09-07,25800,Unleaded,VIC,car/14926332/toyota/camry/vic/berwick/sedan,2026-01-25T15:33:31,,
2020,Toyota,Corolla,Ascent Sport,Hatchback,79424,Automatic,2026-03-10,24999,Unleaded,VIC,car/14919250/toyota/corolla/vic/melton/hatchback,2026-01-25T15:33:31,,
2016,Toyota,Hilux,Sr5 (4X4),Dual Cab Utility,258806,Automatic,2026-02-24,29990,Diesel,VIC,car/14924162/toyota/hilux/vic/seaford/dual-cab,2026-01-25T15:33:31,,
2024,Toyota,Fortuner,Gx,Wagon,66057,Automatic,,52990,Diesel,VIC,car/14920234/toyota/fortuner/vic/sunbury/suv,2026-01-25T15:33:31,,
2017,Toyota,Camry,Altise,Sedan,154466,Automatic,,17990,Unleaded,VIC,car/14921325/toyota/camry/vic/narre-warren/sedan,2026-01-25T15:33:31,,
2014,Toyota,Hilux,Sr5 Black (4X4),Dual Cab Pick-up,138667,Manual,2026-12-31,39800,Diesel,VIC,car/14922480/toyota/hilux/vic/ferntree-gully/dual-cab,2026-01-25T15:33:31,,
2017,Toyota,Hilux,SR,Ute Tray,293855,Manual,2026-06-07,29888,Diesel,VIC,car/14922785/toyota/hilux/vic/dandenong-south/pickup,2026-01-25T15:33:31,,
2017,Toyota,Landcruiser,WORKMATE (4X4),Ute Tray,93411,Manual,,62999,Diesel,VIC,car/14924884/toyota/landcruiser/vic/dandenong-south/pickup,2026-01-25T15:33:31,,
2022,Toyota,Kluger,Grande Awd,Wagon,136807,Automatic,,39999,Premium,VIC,car/14921527/toyota/kluger/vic/melton/suv,2026-01-25T15:33:31,,
2018,Toyota,Yaris,Ascent,Hatchback,307464,Automatic,2026-04-24,8990,Unleaded,VIC,car/14919326/toyota/yaris/vic/seaford/hatchback,2026-01-25T15:33:31,,
2024,Toyota,Yaris Cross,Gx Hybrid,Wagon,47431,Automatic,,33990,Hybrid,VIC,car/14918340/toyota/yaris-cross/vic/narre-warren/suv,2026-01-25T15:33:31,,
2013,Toyota,RAV4,Cruiser (4X4),Wagon,180157,Automatic,2027-01-02,18999,Diesel,VIC,car/14928386/toyota/rav4/vic/dandenong/suv,2026-01-25T15:33:31,,
2010,Toyota,Corolla,Ascent,Hatchback,167000,Automatic,2025-07-20,11999,Unleaded,VIC,car/14928379/toyota/corolla/vic/dandenong/hatchback,2026-01-25T15:33:31,,
2024,Toyota,RAV4,Gxl (2Wd) Hybrid,Wagon,27073,Automatic,,48990,Hybrid,VIC,car/14920385/toyota/rav4/vic/frankston/suv,2026-01-25T15:33:31,,
2015,Toyota,Corolla,Ascent,Hatchback,157092,Automatic,,15990,Unleaded,VIC,car/14913038/toyota/corolla/vic/narre-warren/hatchback,2026-01-25T15:33:31,,
2019,Toyota,RAV4,Gxl (2Wd),Wagon,30667,Automatic,,35490,Unleaded,VIC,car/14767677/toyota/rav4/vic/frankston/suv,2026-01-25T15:33:31,,
2019,Toyota,Landcruiser Prado,Vx (4X4),Wagon,186000,Automatic,2026-03-26,51950,Diesel,VIC,car/14896780/toyota/landcruiser-prado/vic/seaford/suv,2026-01-25T15:33:31,,
2018,Toyota,Hilux,SR (4X4),Ute Tray,235434,Manual,,28999,Diesel,VIC,car/14890803/toyota/hilux/vic/dandenong-south/pickup,2026-01-25T15:33:31,,
2022,Toyota,Landcruiser,Lc300 Sahara (4X4),Wagon,46881,Automatic,,128990,Diesel,VIC,car/14824800/toyota/landcruiser/vic/narre-warren/suv,2026-01-25T15:33:31,,
2017,Toyota,Landcruiser,GXL (4X4),SUV,363828,Automatic,2026-05-20,57999,Diesel,VIC,car/14841725/toyota/landcruiser/vic/dandenong-south/suv,2026-01-25T15:33:31,,
2022,Toyota,Hilux,Rugged X (4X4),Double Cab Pick Up,43332,Automatic,2026-03-11,65990,Diesel,VIC,car/14883413/toyota/hilux/vic/frankston/dual-cab,2026-01-25T15:33:31,,
2018,Toyota,Hilux,SR,Ute Tray,240808,Manual,,28888,Diesel,VIC,car/14892334/toyota/hilux/vic/dandenong-south/pickup,2026-01-25T15:33:31,,
2018,Toyota,Fortuner,Crusade,Wagon,74889,Automatic,,47990,Diesel,VIC,car/14907283/toyota/fortuner/vic/narre-warren/suv,2026-01-25T15:33:31,,
2022,Toyota,RAV4,Gx (Awd) Hybrid,Wagon,102000,Automatic,,36990,Hybrid,VIC,car/14917304/toyota/rav4/vic/narre-warren/suv,2026-01-25T15:33:31,,
2014,Toyota,Camry,Altise,Sedan,129514,Automatic,2026-06-06,15990,Unleaded,VIC,car/14919298/toyota/camry/vic/ferntree-gully/sedan,2026-01-25T15:33:31,,
2021,Toyota,Hilux,Sr5 (4X4),Double Cab Chassis,123709,Automatic,,52990,Diesel,VIC,car/14918600/toyota/hilux/vic/frankston/dual-cab,2026-01-25T15:33:31,,
2024,Toyota,RAV4,Cruiser (Awd) Hybrid,Wagon,10854,Automatic,2026-03-22,61950,Hybrid,VIC,car/14920509/toyota/rav4/vic/sunbury/suv,2026-01-25T15:33:31,,
2021,Toyota,RAV4,Gx (Awd) Hybrid,Wagon,53725,Automatic,,40990,Hybrid,VIC,car/14920697/toyota/rav4/vic/narre-warren/suv,2026-01-25T15:33:31,,
2025,Toyota,Fortuner,Gx,Wagon,10530,Automatic,,59990,Diesel,VIC,car/14918599/toyota/fortuner/vic/frankston/suv,2026-01-25T15:33:31,,
2024,Toyota,RAV4,Cruiser (Awd) Hybrid,Wagon,32918,Automatic,,58990,Hybrid,VIC,car/14918598/toyota/rav4/vic/frankston/suv,2026-01-25T15:33:31,,
2015,Toyota,Landcruiser,Workmate (4X4),Double Cab Chassis,183264,Manual,,64999,Diesel,VIC,car/14918288/toyota/landcruiser/vic/dandenong-south/dual-cab,2026-01-25T15:33:31,,
2020,Toyota,Hilux,SR,Ute Tray,76825,Automatic,,39999,Diesel,VIC,car/14894366/toyota/hilux/vic/dandenong-south/pickup,2026-01-25T15:33:31,,
2019,Toyota,Camry,Ascent Sport,Sedan,34556,Automatic,,28990,Unleaded,VIC,car/14921326/toyota/camry/vic/narre-warren/sedan,2026-01-25T15:33:31,,
2015,Toyota,Corolla,Ascent Sport,Hatchback,159084,Automatic,2026-05-29,15999,Unleaded,VIC,car/14927724/toyota/corolla/vic/dandenong/hatchback,2026-01-25T15:33:31,,
2010,Toyota,Camry,Hybrid,Sedan,267000,Automatic,2026-03-15,9999,Hybrid,VIC,car/14924131/toyota/camry/vic/nunawading/sedan,2026-01-25T15:33:31,,
2022,Toyota,Corolla,Ascent Sport Hybrid,Hatchback,41423,Automatic,2026-05-11,29777,Hybrid,VIC,car/14926346/toyota/corolla/vic/heidelberg/hatchback,2026-01-25T15:33:31,,
2017,Toyota,Hilux,Sr5 (4X4),Dual Cab Utility,164787,Automatic,2026-02-26,44888,Diesel,VIC,car/14928514/toyota/hilux/vic/moorabbin/dual-cab,2026-01-25T15:33:31,,
2022,Toyota,Corolla,Ascent Sport Hybrid,Sedan,90803,Automatic,2026-05-15,27995,Hybrid,VIC,car/14925342/toyota/corolla/vic/burwood/sedan,2026-01-25T15:33:31,,
2013,Toyota,Corolla,Ascent Sport,Hatchback,124989,Automatic,2026-01-29,14888,Unleaded,VIC,car/14927284/toyota/corolla/vic/moorabbin/hatchback,2026-01-25T15:33:31,,
2018,Toyota,Kluger,Gxl (4X4),Wagon,100736,Automatic,2026-07-16,35480,Unleaded,VIC,car/14925232/toyota/kluger/vic/burwood/suv,2026-01-25T15:33:31,,
2020,Toyota,HiAce,Commuter (12 Seats),Bus,120097,Automatic,,52990,Diesel,VIC,car/14819056/toyota/hiace/vic/frankston/people-mover,2026-01-25T15:33:31,,
2024,Toyota,RAV4,Edge (Awd) Hybrid,Wagon,25881,Automatic,,59990,Hybrid,VIC,car/14833993/toyota/rav4/vic/narre-warren/suv,2026-01-25T15:33:31,,
2024,Toyota,RAV4,Gx (Awd) Hybrid,Wagon,53331,Automatic,,44990,Hybrid,VIC,car/14882848/toyota/rav4/vic/narre-warren/suv,2026-01-25T15:33:31,,
2024,Toyota,Kluger,Gxl Hybrid Awd,Wagon,8758,Automatic,,68990,Hybrid,VIC,car/14866523/toyota/kluger/vic/narre-warren/suv,2026-01-25T15:33:31,,
2021,Toyota,HiAce,Lwb,Van,45550,Automatic,2026-09-08,49990,Diesel,VIC,car/14903636/toyota/hiace/vic/frankston/van,2026-01-25T15:33:31,,
2022,Toyota,Corolla,Ascent Sport Hybrid,Hatchback,55281,Automatic,,28990,Hybrid,VIC,car/14889793/toyota/corolla/vic/frankston/hatchback,2026-01-25T15:33:31,,
2022,Toyota,Camry,Ascent,Sedan,30177,Automatic,,34990,Premium,VIC,car/14875255/toyota/camry/vic/frankston/sedan,2026-01-25T15:33:31,,
2021,Toyota,Hilux,SR,Ute Tray,285352,Automatic,2025-12-20,31999,Diesel,VIC,car/14851683/toyota/hilux/vic/dandenong-south/pickup,2026-01-25T15:33:31,,
2012,Toyota,Hilux,Sr,Cab Chassis,153728,Manual,,19990,Diesel,VIC,car/14808678/toyota/hilux/vic/frankston/single-cab,2026-01-25T15:33:31,,
2024,Toyota,Hilux,Rogue 48V (4X4),Double Cab Pick Up,18422,Automatic,,74990,Hybrid,VIC,car/14834888/toyota/hilux/vic/narre-warren/dual-cab,2026-01-25T15:33:31,,
2021,Toyota,RAV4,Cruiser (Awd) Hybrid,Wagon,107244,Automatic,,42990,Hybrid,VIC,car/14900052/toyota/rav4/vic/frankston/suv,2026-01-25T15:33:31,,
2023,Toyota,Landcruiser,Lc300 Vx (4X4),Wagon,130856,Automatic,,104990,Diesel,VIC,car/14891637/toyota/landcruiser/vic/sunbury/suv,2026-01-25T15:33:31,,
2021,Toyota,RAV4,Gxl (2Wd),Wagon,75126,Automatic,2026-04-07,36990,Unleaded,VIC,car/14790950/toyota/rav4/vic/sunbury/suv,2026-01-25T15:33:31,,
2020,Toyota,HiAce,Commuter (12 Seats),Bus,42178,Automatic,,117990,Diesel,VIC,car/14877630/toyota/hiace/vic/narre-warren/people-mover,2026-01-25T15:33:31,,
2021,Toyota,RAV4,Gxl (2Wd) Hybrid,Wagon,67053,Automatic,2026-03-07,39999,Hybrid,VIC,car/14852825/toyota/rav4/vic/melton/suv,2026-01-25T15:33:31,,
2022,Toyota,C-HR,Gxl (2Wd),Wagon,17001,Automatic,2026-04-07,31880,Premium,VIC,car/14844778/toyota/c-hr/vic/sunbury/suv,2026-01-25T15:33:31,,
2016,Toyota,RAV4,Gx (4X4),Wagon,180914,Automatic,,19990,Diesel,VIC,car/14896443/toyota/rav4/vic/frankston/suv,2026-01-25T15:33:31,,
2019,Toyota,Landcruiser,WORKMATE (4X4),Ute Tray,179974,Manual,,59888,Diesel,VIC,car/14892754/toyota/landcruiser/vic/dandenong-south/pickup,2026-01-25T15:33:31,,
2022,Toyota,Kluger,Gxl Awd,Wagon,117712,Automatic,,42500,Premium,VIC,car/14904732/toyota/kluger/vic/narre-warren/suv,2026-01-25T15:33:31,,
2018,Toyota,Hilux,SR,Ute Tray,233116,Manual,,29999,Diesel,VIC,car/14865110/toyota/hilux/vic/dandenong-south/pickup,2026-01-25T15:33:31,,
2008,Toyota,RAV4,Cv (4X4),Wagon,232456,Automatic,2026-02-20,10490,Unleaded,VIC,car/14927471/toyota/rav4/vic/thomastown/suv,2026-01-25T15:33:31,,
2017,Toyota,Hilux,Sr (4X4),Dual Cab Utility,133062,Automatic,2026-03-05,39990,Diesel,VIC,car/14923992/toyota/hilux/vic/essendon-fields/dual-cab,2026-01-25T15:33:31,,
2018,Toyota,Corolla,Ascent Sport,Hatchback,53359,Automatic,2026-05-19,23995,Unleaded,VIC,car/14927361/toyota/corolla/vic/burwood/hatchback,2026-01-25T15:33:31,,
2015,Toyota,Kluger,Gx (4X2),Wagon,245154,Automatic,2026-06-02,16999,Unleaded,VIC,car/14923913/toyota/kluger/vic/avondale-heights/suv,2026-01-25T15:33:31,,
2016,Toyota,Landcruiser Prado,Gxl (4X4),Wagon,220000,Automatic,,32999,Diesel,VIC,car/14921402/toyota/landcruiser-prado/vic/laverton-north/suv,2026-01-25T15:33:31,,
2022,Toyota,Hilux,Sr5 (4X4),Double Cab Chassis,74258,Automatic,,63588,Diesel,VIC,car/14922144/toyota/hilux/vic/oakleigh/dual-cab,2026-01-25T15:33:31,,
2021,Toyota,Hilux,WORKMATE,Ute Tray,220747,Automatic,,33999,Diesel,VIC,car/14868366/toyota/hilux/vic/dandenong-south/pickup,2026-01-25T15:33:31,,
2021,Toyota,RAV4,Gxl (2Wd) Hybrid,Wagon,50678,Automatic,2026-01-11,41800,Hybrid,VIC,car/14911307/toyota/rav4/vic/berwick/suv,2026-01-25T15:33:31,,
2023,Toyota,Camry,Ascent,Sedan,67742,Automatic,,33990,Premium,VIC,car/14866052/toyota/camry/vic/frankston/sedan,2026-01-25T15:33:31,,
2021,Toyota,RAV4,Gxl (2Wd) Hybrid,Wagon,31000,Automatic,,44990,Hybrid,VIC,car/14871295/toyota/rav4/vic/frankston/suv,2026-01-25T15:33:31,,
2024,Toyota,Kluger,Gx Hybrid Awd,Wagon,12278,Automatic,,61990,Hybrid,VIC,car/14887879/toyota/kluger/vic/narre-warren/suv,2026-01-25T15:33:31,,
2021,Toyota,RAV4,Gxl (Awd) Hybrid,Wagon,74484,Automatic,,41990,Hybrid,VIC,car/14892926/toyota/rav4/vic/frankston/suv,2026-01-25T15:33:31,,
2024,Toyota,RAV4,Gx (2Wd) Hybrid,Wagon,53070,Automatic,,44990,Hybrid,VIC,car/14911392/toyota/rav4/vic/frankston/suv,2026-01-25T15:33:31,,
2024,Toyota,Kluger,Gx Hybrid Awd,Wagon,22214,Automatic,,58990,Hybrid,VIC,car/14868304/toyota/kluger/vic/narre-warren/suv,2026-01-25T15:33:31,,
2024,Toyota,Corolla,Ascent Sport Hybrid,Hatchback,9174,Automatic,,34990,Hybrid,VIC,car/14850693/toyota/corolla/vic/narre-warren/hatchback,2026-01-25T15:33:31,,
2023,Toyota,Corolla,Ascent Sport Hybrid,Hatchback,46334,Automatic,,30990,Hybrid,VIC,car/14903422/toyota/corolla/vic/narre-warren/hatchback,2026-01-25T15:33:31,,
2024,Toyota,Kluger,Gx Hybrid Awd,Wagon,7186,Automatic,,62500,Hybrid,VIC,car/14867600/toyota/kluger/vic/narre-warren/suv,2026-01-25T15:33:31,,
2022,Toyota,Kluger,Gxl Hybrid Awd,Wagon,95100,Automatic,,55990,Hybrid,VIC,car/14878574/toyota/kluger/vic/narre-warren/suv,2026-01-25T15:33:31,,
2023,Toyota,Camry,Ascent,Sedan,78538,Automatic,,32990,Premium,VIC,car/14871914/toyota/camry/vic/frankston/sedan,2026-01-25T15:33:31,,
2024,Toyota,Hilux,Sr5 48V (4X4),Double Cab Chassis,20330,Automatic,,71990,Hybrid,VIC,car/14911399/toyota/hilux/vic/frankston/dual-cab,2026-01-25T15:33:31,,
2024,Toyota,Corolla,Ascent Sport Hybrid,Hatchback,17120,Automatic,,35990,Hybrid,VIC,car/14832500/toyota/corolla/vic/frankston/hatchback,2026-01-25T15:33:31,,
2022,Toyota,Corolla,Ascent Sport Hybrid,Sedan,77663,Automatic,,28990,Hybrid,VIC,car/14851781/toyota/corolla/vic/narre-warren/sedan,2026-01-25T15:33:31,,
2021,Toyota,RAV4,Gxl (Awd) Hybrid,Wagon,157290,Automatic,,34990,Hybrid,VIC,car/14896125/toyota/rav4/vic/frankston/suv,2026-01-25T15:33:31,,
2021,Toyota,HiAce,Slwb Commuter (12 Seats),Bus,65190,Automatic,,63500,Diesel,VIC,car/14788337/toyota/hiace/vic/narre-warren/people-mover,2026-01-25T15:33:31,,
2022,Toyota,GR Yaris,Gr,Hatchback,52328,Manual,,45990,Premium,VIC,car/14913041/toyota/gr-yaris/vic/narre-warren/hatchback,2026-01-25T15:33:31,,
2023,Toyota,RAV4,Cruiser (Awd) Hybrid,Wagon,31244,Automatic,,58990,Hybrid,VIC,car/14911393/toyota/rav4/vic/frankston/suv,2026-01-25T15:33:31,,
2020,Toyota,C-HR,Koba (2Wd) Hybrid,Wagon,79177,Automatic,,33990,Hybrid,VIC,car/14924292/toyota/c-hr/vic/nunawading/suv,2026-01-25T15:33:31,,
2020,Toyota,Camry,Ascent,Sedan,126767,Automatic,2026-05-18,26726,Unleaded,VIC,car/14923033/toyota/camry/vic/burwood/sedan,2026-01-25T15:33:31,,
2020,Toyota,RAV4,Gx (2Wd),Wagon,79514,Automatic,,33888,Unleaded,VIC,car/14922592/toyota/rav4/vic/oakleigh/suv,2026-01-25T15:33:31,,
2022,Toyota,RAV4,Gxl (2Wd) Hybrid,Wagon,25047,Automatic,2026-07-23,43777,Hybrid,VIC,car/14926337/toyota/rav4/vic/heidelberg/suv,2026-01-25T15:33:31,,
2015,Toyota,Corolla,Ascent Sport,Hatchback,106518,Automatic,2026-07-05,18990,Unleaded,VIC,car/14924926/toyota/corolla/vic/camberwell/hatchback,2026-01-25T15:33:31,,
2018,Toyota,RAV4,Gxl (2Wd),Wagon,85646,Automatic,2026-05-28,28777,Unleaded,VIC,car/14926339/toyota/rav4/vic/heidelberg/suv,2026-01-25T15:33:31,,
2019,Toyota,Kluger,Gxl (4X2),Wagon,78797,Automatic,,37990,Unleaded,VIC,car/14916231/toyota/kluger/vic/frankston/suv,2026-01-25T15:33:31,,
2020,Toyota,Corolla,Ascent Sport (Hybrid),Hatchback,103252,Automatic,,24990,Hybrid,VIC,car/14903500/toyota/corolla/vic/frankston/hatchback,2026-01-25T15:33:31,,
2020,Toyota,RAV4,Gxl (2Wd),Wagon,80963,Automatic,,33990,Unleaded,VIC,car/14813089/toyota/rav4/vic/frankston/suv,2026-01-25T15:33:31,,
2022,Toyota,RAV4,Gx (Awd) Hybrid,Wagon,86178,Automatic,,39990,Hybrid,VIC,car/14843750/toyota/rav4/vic/frankston/suv,2026-01-25T15:33:31,,
2024,Toyota,RAV4,Gx (2Wd) Hybrid,Wagon,55360,Automatic,,42990,Hybrid,VIC,car/14869357/toyota/rav4/vic/narre-warren/suv,2026-01-25T15:33:31,,
2023,Toyota,Kluger,Gx Hybrid Awd,Wagon,66401,Automatic,,53500,Hybrid,VIC,car/14841765/toyota/kluger/vic/narre-warren/suv,2026-01-25T15:33:31,,
2024,Toyota,BZ4X,2Wd,Wagon,700,Automatic,,53990,Electric,VIC,car/14877781/toyota/bz4x/vic/narre-warren/suv,2026-01-25T15:33:31,,
2024,Toyota,RAV4,Xse (2Wd) Hybrid Premium Paint,Wagon,25450,Automatic,,53990,Hybrid,VIC,car/14833990/toyota/rav4/vic/narre-warren/suv,2026-01-25T15:33:31,,
2023,Toyota,Landcruiser,Lc300 Gxl (4X4),Wagon,40990,Automatic,,108500,Diesel,VIC,car/14824801/toyota/landcruiser/vic/narre-warren/suv,2026-01-25T15:33:31,,
2024,Toyota,Camry,Ascent,Sedan,32697,Automatic,,37990,Premium,VIC,car/14825941/toyota/camry/vic/narre-warren/sedan,2026-01-25T15:33:31,,
2021,Toyota,RAV4,Gxl (2Wd) Hybrid,Wagon,56120,Automatic,2026-05-21,41780,Hybrid,VIC,car/14775379/toyota/rav4/vic/sunbury/suv,2026-01-25T15:33:31,,
2021,Toyota,Camry,Ascent,Sedan,73796,Automatic,,31333,Premium,VIC,car/14788493/toyota/camry/vic/narre-warren/sedan,2026-01-25T15:33:31,,
2022,Toyota,Yaris Cross,Gxl Hybrid,Wagon,67000,Automatic,,31500,Hybrid,VIC,car/14898828/toyota/yaris-cross/vic/narre-warren/suv,2026-01-25T15:33:31,,
2023,Toyota,Landcruiser,Lc300 Gxl (4X4),Wagon,48840,Automatic,,106990,Diesel,VIC,car/14801239/toyota/landcruiser/vic/narre-warren/suv,2026-01-25T15:33:31,,
2021,Toyota,Camry,Ascent,Sedan,86332,Automatic,,31500,Premium,VIC,car/14868191/toyota/camry/vic/narre-warren/sedan,2026-01-25T15:33:31,,
2022,Toyota,Hilux,Sr (4X4),Double Cab Pick Up,57001,Automatic,2026-07-05,49990,Diesel,VIC,car/14896972/toyota/hilux/vic/frankston/dual-cab,2026-01-25T15:33:31,,
2024,Toyota,RAV4,Gx (2Wd) Hybrid,Wagon,48108,Automatic,,44990,Hybrid,VIC,car/14866230/toyota/rav4/vic/frankston/suv,2026-01-25T15:33:31,,
2022,Toyota,RAV4,Gx (Awd) Hybrid,Wagon,78788,Automatic,,39990,Hybrid,VIC,car/14767675/toyota/rav4/vic/frankston/suv,2026-01-25T15:33:31,,
2023,Toyota,Camry,Ascent,Sedan,66528,Automatic,,33990,Premium,VIC,car/14864813/toyota/camry/vic/frankston/sedan,2026-01-25T15:33:31,,
2023,Toyota,Kluger,Gx Hybrid Awd,Wagon,54101,Automatic,,61500,Hybrid,VIC,car/14891865/toyota/kluger/vic/narre-warren/suv,2026-01-25T15:33:31,,
2025,Toyota,RAV4,Cruiser (2Wd) Hev,Wagon,6971,Automatic,,61888,Hybrid,VIC,car/14914311/toyota/rav4/vic/berwick/suv,2026-01-25T15:33:31,,
2025,Toyota,Landcruiser,Lc300 Sahara Zx (4X4),Wagon,2487,Automatic,,167777,Diesel,VIC,car/14822955/toyota/landcruiser/vic/cranbourne/suv,2026-01-25T15:33:31,,
2000,Toyota,Landcruiser,Gxl (4X4),Wagon,352707,Manual,,22800,Unleaded,VIC,car/14840739/toyota/landcruiser/vic/mornington/suv,2026-01-25T15:33:31,,
2016,Toyota,Landcruiser,Sahara (4X4),Wagon,76352,Automatic,,108888,Diesel,VIC,car/14884731/toyota/landcruiser/vic/berwick/suv,2026-01-25T15:33:31,,
2018,Toyota,RAV4,Gxl (2Wd),Wagon,246904,Automatic,2026-04-19,15990,Unleaded,VIC,car/14890975/toyota/rav4/vic/mornington/suv,2026-01-25T15:33:31,,
2023,Toyota,Corolla,Ascent Sport,Hatchback,58206,Automatic,2026-06-03,26990,Unleaded,VIC,car/14834146/toyota/corolla/vic/frankston/hatchback,2026-01-25T15:33:31,,
2015,Toyota,Kluger,Gx (4X2),Wagon,132105,Automatic,,25990,Unleaded,VIC,car/14819781/toyota/kluger/vic/narre-warren/suv,2026-01-25T15:33:31,,
2024,Toyota,Yaris Cross,Gxl Hybrid,Wagon,23436,Automatic,,37333,Hybrid,VIC,car/14839160/toyota/yaris-cross/vic/narre-warren/suv,2026-01-25T15:33:31,,
2020,Toyota,Camry,Ascent Sport (Hybrid),Sedan,130001,Automatic,2026-02-12,29990,Hybrid,VIC,car/14804435/toyota/camry/vic/sunbury/sedan,2026-01-25T15:33:31,,
2022,Toyota,Landcruiser,Lc300 Sahara (4X4),Wagon,60995,Automatic,,127990,Diesel,VIC,car/14810619/toyota/landcruiser/vic/narre-warren/suv,2026-01-25T15:33:31,,
2023,Toyota,Kluger,Gx Hybrid Awd,Wagon,51483,Automatic,,52888,Hybrid,VIC,car/14790557/toyota/kluger/vic/narre-warren/suv,2026-01-25T15:33:31,,
2023,Toyota,C-HR,Koba (2Wd) Hybrid,Wagon,31978,Automatic,,42990,Hybrid,VIC,car/14835211/toyota/c-hr/vic/frankston/suv,2026-01-25T15:33:31,,
2024,Toyota,Camry,Ascent,Sedan,37380,Automatic,,37888,Premium,VIC,car/14790561/toyota/camry/vic/narre-warren/sedan,2026-01-25T15:33:31,,
2023,Toyota,Fortuner,Gx,Wagon,40382,Automatic,,50490,Diesel,VIC,car/14873950/toyota/fortuner/vic/frankston/suv,2026-01-25T15:33:31,,
2024,Toyota,Camry,Ascent,Sedan,29774,Automatic,,37490,Premium,VIC,car/14817377/toyota/camry/vic/frankston/sedan,2026-01-25T15:33:31,,
2022,Toyota,RAV4,Gx (2Wd) Hybrid,Wagon,54414,Automatic,,39333,Hybrid,VIC,car/14794862/toyota/rav4/vic/narre-warren/suv,2026-01-25T15:33:31,,
2024,Toyota,Corolla,Ascent Sport Hybrid,Hatchback,10926,Automatic,,35990,Hybrid,VIC,car/14875256/toyota/corolla/vic/frankston/hatchback,2026-01-25T15:33:31,,
2024,Toyota,Kluger,Grande Hybrid Awd,Wagon,11706,Automatic,,82500,Hybrid,VIC,car/14893248/toyota/kluger/vic/narre-warren/suv,2026-01-25T15:33:31,,
2017,Toyota,C-HR,(Awd),Wagon,66099,Automatic,,26990,Premium,VIC,car/14893311/toyota/c-hr/vic/frankston/suv,2026-01-25T15:33:31,,
2019,Toyota,Corolla,Ascent Sport,Hatchback,65140,Automatic,,25990,Unleaded,VIC,car/14840559/toyota/corolla/vic/frankston/hatchback,2026-01-25T15:33:31,,
2021,Toyota,Hilux,Sr5 (4X4),Double Cab Pick Up,87270,Automatic,2026-02-04,58888,Diesel,VIC,car/14919284/toyota/hilux/vic/deer-park/dual-cab,2026-01-25T15:33:31,,
2013,Toyota,Corolla,Ascent Sport,Sedan,123000,Automatic,2026-02-19,15500,Unleaded,VIC,car/14920056/toyota/corolla/vic/nunawading/sedan,2026-01-25T15:33:31,,
2012,Toyota,Yaris,Yrx,Hatchback,154190,Automatic,,12990,Unleaded,VIC,car/14917755/toyota/yaris/vic/nunawading/hatchback,2026-01-25T15:33:31,,
2024,Toyota,Tundra,Limited,Dual Cab Pick-up,23731,Automatic,2026-05-17,142888,Hybrid,VIC,car/14918440/toyota/tundra/vic/deer-park/dual-cab,2026-01-25T15:33:31,,
2025,Toyota,Hilux,Sr5 48V (4X4),Double Cab Pick Up,2032,Automatic,2026-11-14,71955,Hybrid,VIC,car/14921394/toyota/hilux/vic/bundoora/dual-cab,2026-01-25T15:33:31,,
2024,Toyota,Yaris Cross,Gxl Hybrid,Wagon,5081,Automatic,2026-12-13,39777,Hybrid,VIC,car/14926105/toyota/yaris-cross/vic/heidelberg/suv,2026-01-25T15:33:31,,
2023,Toyota,RAV4,Xse (Awd) Hybrid Premium Paint,Wagon,44575,Automatic,,52990,Hybrid,VIC,car/14891094/toyota/rav4/vic/cranbourne/suv,2026-01-25T15:33:31,,
2020,Toyota,RAV4,Gxl 2Wd Hybrid,Wagon,76849,Automatic,,36388,Hybrid,VIC,car/14816272/toyota/rav4/vic/berwick/suv,2026-01-25T15:33:31,,
2020,Toyota,HiAce,,OtherCar,43623,Automatic,,78490,Diesel,VIC,car/14899905/toyota/hiace/vic/cranbourne/othercar,2026-01-25T15:33:31,,
2018,Toyota,C-HR,Koba (2Wd),Wagon,25287,Automatic,,28499,Premium,VIC,car/14875789/toyota/c-hr/vic/berwick/suv,2026-01-25T15:33:31,,
2023,Toyota,Landcruiser Prado,Vx,Wagon,22549,Automatic,2026-03-31,84990,Diesel,VIC,car/14883240/toyota/landcruiser-prado/vic/mornington/suv,2026-01-25T15:33:31,,
2020,Toyota,Landcruiser,Lc200 Sahara (4X4),Wagon,85784,Automatic,,119999,Diesel,VIC,car/14890393/toyota/landcruiser/vic/berwick/suv,2026-01-25T15:33:31,,
2009,Toyota,Hilux,Sr5,Dual Cab Pick-up,374863,Automatic,,15888,Unleaded,VIC,car/14870845/toyota/hilux/vic/berwick/dual-cab,2026-01-25T15:33:31,,
2020,Toyota,Landcruiser Prado,Gxl,Wagon,171664,Automatic,2026-02-06,47990,Diesel,VIC,car/14872820/toyota/landcruiser-prado/vic/mornington/suv,2026-01-25T15:33:31,,
2019,Toyota,Landcruiser,Lc200 Sahara (4X4),Wagon,138053,Automatic,,113990,Diesel,VIC,car/14834474/toyota/landcruiser/vic/cranbourne/suv,2026-01-25T15:33:31,,
2023,Toyota,Landcruiser,Lc76 Gxl + Diff Locks,Wagon,10,Manual,,143990,Diesel,VIC,car/14865987/toyota/landcruiser/vic/cranbourne/suv,2026-01-25T15:33:31,,
2024,Toyota,Landcruiser,Lc79 Gxl,Double Cab Chassis,83,Manual,,144990,Diesel,VIC,car/14877628/toyota/landcruiser/vic/cranbourne/dual-cab,2026-01-25T15:33:31,,
2021,Toyota,Hilux,Workmate,Cab Chassis,84937,Manual,,25990,Unleaded,VIC,car/14820329/toyota/hilux/vic/cranbourne/single-cab,2026-01-25T15:33:31,,
2021,Toyota,Landcruiser Prado,Kakadu,Wagon,63285,Automatic,,76999,Diesel,VIC,car/14904377/toyota/landcruiser-prado/vic/berwick/suv,2026-01-25T15:33:31,,
2019,Toyota,Kluger,Grande (4X4),Wagon,106666,Automatic,,42990,Unleaded,VIC,car/14909426/toyota/kluger/vic/cranbourne/suv,2026-01-25T15:33:31,,
2025,Toyota,Fortuner,Gxl,Wagon,1048,Automatic,,64990,Diesel,VIC,car/14907980/toyota/fortuner/vic/cranbourne/suv,2026-01-25T15:33:31,,
2013,Toyota,Corolla,Ascent Sport,Hatchback,67726,Automatic,,19888,Unleaded,VIC,car/14892866/toyota/corolla/vic/berwick/hatchback,2026-01-25T15:33:31,,
2009,Toyota,Landcruiser,Sahara (4X4),Wagon,239893,Automatic,2026-06-06,51800,Diesel,VIC,car/14839333/toyota/landcruiser/vic/mornington/suv,2026-01-25T15:33:31,,
2013,Toyota,RAV4,Gxl (4X4),Wagon,172266,Manual,,16490,Diesel,VIC,car/14811031/toyota/rav4/vic/cranbourne/suv,2026-01-25T15:33:31,,
2022,Toyota,Landcruiser Prado,Kakadu,Wagon,35940,Automatic,2026-02-11,89990,Diesel,VIC,car/14853153/toyota/landcruiser-prado/vic/mornington/suv,2026-01-25T15:33:31,,
2017,Toyota,Hilux,Sr (4X4),Dual Cab Utility,64335,Automatic,2026-03-06,43995,Diesel,VIC,car/14803241/toyota/hilux/vic/burwood/dual-cab,2026-01-25T15:33:31,,
2024,Toyota,C-HR,Koba Hybrid,Wagon,14318,Automatic,2026-01-07,49450,Hybrid,VIC,car/14810059/toyota/c-hr/vic/nunawading/suv,2026-01-25T15:33:31,,
2018,Toyota,Corolla,Ascent Sport (Hybrid),Hatchback,93913,Automatic,2026-06-16,26990,Hybrid,VIC,car/14919146/toyota/corolla/vic/camberwell/hatchback,2026-01-25T15:33:31,,
2016,Toyota,Corolla,Ascent,Sedan,91651,Automatic,,23888,Unleaded,VIC,car/14919280/toyota/corolla/vic/deer-park/sedan,2026-01-25T15:33:31,,
2022,Toyota,RAV4,Gx (2Wd) Hybrid,Wagon,34991,Automatic,,42990,Hybrid,VIC,car/14918005/toyota/rav4/vic/nunawading/suv,2026-01-25T15:33:31,,
2017,Toyota,Landcruiser Prado,Gxl (4X4),Wagon,167021,Automatic,2026-05-04,44888,Diesel,VIC,car/14919279/toyota/landcruiser-prado/vic/deer-park/suv,2026-01-25T15:33:31,,
2024,Toyota,Landcruiser Prado,Gxl,Wagon,19603,Automatic,,89999,Diesel,VIC,car/14921242/toyota/landcruiser-prado/vic/berwick/suv,2026-01-25T15:33:31,,
2024,Toyota,Corolla Cross,Gxl Awd Hybrid,Wagon,9458,Automatic,,44990,Hybrid,VIC,car/14924608/toyota/corolla-cross/vic/cranbourne/suv,2026-01-25T15:33:31,,
2021,Toyota,Fortuner,Crusade,Wagon,85001,Automatic,2026-04-16,49888,Diesel,VIC,car/14921895/toyota/fortuner/vic/mornington/suv,2026-01-25T15:33:31,,
2022,Toyota,Corolla,Ascent Sport Hybrid,Sedan,41058,Automatic,,28999,Hybrid,VIC,car/14921239/toyota/corolla/vic/berwick/sedan,2026-01-25T15:33:31,,
2024,Toyota,Granvia,Vx (6 Seats),Wagon,39572,Automatic,,84990,Diesel,VIC,car/14918194/toyota/granvia/vic/cranbourne/people-mover,2026-01-25T15:33:31,,
2023,Toyota,RAV4,Cruiser (Awd) Hybrid,Wagon,47896,Automatic,,54990,Hybrid,VIC,car/14899903/toyota/rav4/vic/cranbourne/suv,2026-01-25T15:33:31,,
2024,Toyota,Hilux,Gr-Sport (4X4),Double Cab Pick Up,1569,Automatic,,91490,Diesel,VIC,car/14850697/toyota/hilux/vic/cranbourne/dual-cab,2026-01-25T15:33:31,,
2019,Toyota,HiAce,Slwb,Van,140915,Automatic,2026-01-30,44990,Diesel,VIC,car/14876123/toyota/hiace/vic/mornington/van,2026-01-25T15:33:31,,
2021,Toyota,Landcruiser Prado,Gx,Wagon,85370,Automatic,,55990,Diesel,VIC,car/14894373/toyota/landcruiser-prado/vic/cranbourne/suv,2026-01-25T15:33:31,,
2021,Toyota,Kluger,Grande Hybrid Awd,Wagon,73540,Automatic,,56999,Hybrid,VIC,car/14904871/toyota/kluger/vic/berwick/suv,2026-01-25T15:33:31,,
2005,Toyota,Landcruiser Prado,KAKADU,SUV,437000,Automatic,,28800,Diesel,VIC,car/14839332/toyota/landcruiser-prado/vic/mornington/suv,2026-01-25T15:33:31,,
2023,Toyota,Supra,Gts,Coupe,36790,Manual,,92999,Premium,VIC,car/14804719/toyota/supra/vic/berwick/coupe,2026-01-25T15:33:31,,
2021,Toyota,RAV4,Cruiser (2Wd) Hybrid,Wagon,142147,Automatic,,37499,Hybrid,VIC,car/14853875/toyota/rav4/vic/berwick/suv,2026-01-25T15:33:31,,
2021,Toyota,Landcruiser Prado,Gxl,Wagon,147552,Automatic,,58990,Diesel,VIC,car/14882853/toyota/landcruiser-prado/vic/cranbourne/suv,2026-01-25T15:33:31,,
2020,Toyota,Hilux,Sr5 (4X4),Double Cab Pick Up,114517,Automatic,,47999,Diesel,VIC,car/14840131/toyota/hilux/vic/berwick/dual-cab,2026-01-25T15:33:31,,
2017,Toyota,RAV4,Gxl (2Wd),Wagon,57716,Automatic,,29888,Unleaded,VIC,car/14803755/toyota/rav4/vic/berwick/suv,2026-01-25T15:33:31,,
2023,Toyota,Landcruiser,Lc300 Sahara Zx (4X4),Wagon,147687,Automatic,,112999,Diesel,VIC,car/14794825/toyota/landcruiser/vic/berwick/suv,2026-01-25T15:33:31,,
2019,Toyota,Kluger,Gxl Black Edition (Awd),Wagon,106456,Automatic,,36999,Unleaded,VIC,car/14838605/toyota/kluger/vic/berwick/suv,2026-01-25T15:33:31,,
2019,Toyota,Kluger,Gxl (4X2),Wagon,69573,Automatic,,36999,Unleaded,VIC,car/14825316/toyota/kluger/vic/berwick/suv,2026-01-25T15:33:31,,
2025,Toyota,Yaris Cross,GX,SUV,16602,,,38990,Hybrid,VIC,car/14860698/toyota/yaris-cross/vic/mentone/suv,2026-01-25T15:33:31,,
2019,Toyota,Hilux,Sr5 (4X4),Double Cab Pick Up,93409,Automatic,2026-11-26,49777,Diesel,VIC,car/14832266/toyota/hilux/vic/heidelberg/dual-cab,2026-01-25T15:33:31,,
2022,Toyota,Hilux,Workmate (4X2),Cab Chassis,34232,Automatic,,31999,Unleaded,VIC,car/14925987/toyota/hilux/vic/berwick/single-cab,2026-01-25T15:33:31,,
2024,Toyota,RAV4,Gx (2Wd) Hybrid,Wagon,47885,Automatic,,44990,Hybrid,VIC,car/14923784/toyota/rav4/vic/cranbourne/suv,2026-01-25T15:33:31,,
2020,Toyota,Camry,Ascent,Sedan,172634,Automatic,2026-04-14,24988,Unleaded,VIC,car/14924968/toyota/camry/vic/mornington/sedan,2026-01-25T15:33:31,,
2023,Toyota,Kluger,Gx Hybrid Awd,Wagon,60804,Automatic,,53888,Hybrid,VIC,car/14927429/toyota/kluger/vic/cranbourne/suv,2026-01-25T15:33:31,,
2022,Toyota,RAV4,Gxl (Awd) Hybrid,Wagon,142681,Automatic,,35490,Hybrid,VIC,car/14925705/toyota/rav4/vic/cranbourne/suv,2026-01-25T15:33:31,,
2020,Toyota,RAV4,Cruiser Awd Hybrid,Wagon,54219,Automatic,,47990,Hybrid,VIC,car/14923782/toyota/rav4/vic/cranbourne/suv,2026-01-25T15:33:31,,
2024,Toyota,C-HR,Gxl Hybrid,Wagon,32815,Automatic,,42990,Hybrid,VIC,car/14921755/toyota/c-hr/vic/mornington/suv,2026-01-25T15:33:31,,
2020,Toyota,Corolla,Zr (Hybrid),Hatchback,17637,Automatic,,36999,Hybrid,VIC,car/14924535/toyota/corolla/vic/berwick/hatchback,2026-01-25T15:33:31,,
2014,Toyota,Corolla,Ascent Sport,Hatchback,83723,Automatic,,19999,Unleaded,VIC,car/14923755/toyota/corolla/vic/berwick/hatchback,2026-01-25T15:33:31,,
2019,Toyota,Kluger,Gxl (4X4),Wagon,118097,Automatic,2026-06-30,35999,Unleaded,VIC,car/14924760/toyota/kluger/vic/mornington/suv,2026-01-25T15:33:31,,
2021,Toyota,Hilux,Sr (4X4),Double Cab Chassis,98306,Automatic,,47999,Diesel,VIC,car/14921238/toyota/hilux/vic/berwick/dual-cab,2026-01-25T15:33:31,,
2014,Toyota,FJ Cruiser,,Wagon,174772,Automatic,,39990,Premium,VIC,car/14921480/toyota/fj-cruiser/vic/cranbourne/suv,2026-01-25T15:33:31,,
2018,Toyota,Camry,Ascent,Sedan,95407,Automatic,2026-04-03,24990,Unleaded,VIC,car/14921757/toyota/camry/vic/mornington/sedan,2026-01-25T15:33:31,,
2016,Toyota,Corolla,Ascent Sport,Hatchback,25364,Automatic,,24990,Unleaded,VIC,car/14921707/toyota/corolla/vic/cranbourne/hatchback,2026-01-25T15:33:31,,
2019,Toyota,Corolla,Ascent Sport (Hybrid),Hatchback,128936,Automatic,2026-02-07,20990,Hybrid,VIC,car/14922837/toyota/corolla/vic/mornington/hatchback,2026-01-25T15:33:31,,
2017,Toyota,Hilux,Sr Hi-Rider,Dual Cab Utility,130212,Automatic,2026-06-11,31990,Diesel,VIC,car/14921756/toyota/hilux/vic/mornington/dual-cab,2026-01-25T15:33:31,,
2024,Toyota,Fortuner,Gx,Wagon,157715,Automatic,,40888,Diesel,VIC,car/14925710/toyota/fortuner/vic/cranbourne/suv,2026-01-25T15:33:31,,
2023,Toyota,Corolla,Zr,Hatchback,43007,Automatic,,36999,Unleaded,VIC,car/14925832/toyota/corolla/vic/berwick/hatchback,2026-01-25T15:33:31,,
2018,Toyota,RAV4,Gx (2Wd),Wagon,168309,Automatic,,20990,Unleaded,VIC,car/14923979/toyota/rav4/vic/cranbourne/suv,2026-01-25T15:33:31,,
2022,Toyota,Kluger,Gxl Hybrid Awd,Wagon,44324,Automatic,,58990,Hybrid,VIC,car/14810430/toyota/kluger/vic/cranbourne/suv,2026-01-25T15:33:31,,
2021,Toyota,Kluger,Gxl Awd,Wagon,91254,Automatic,,43990,Premium,VIC,car/14871873/toyota/kluger/vic/cranbourne/suv,2026-01-25T15:33:31,,
2023,Toyota,Fortuner,Gx,Wagon,54300,Automatic,,46990,Diesel,VIC,car/14810389/toyota/fortuner/vic/cranbourne/suv,2026-01-25T15:33:31,,
2023,Toyota,Hilux,Sr5 (4X4),Double Cab Pick Up,49993,Automatic,,61888,Hybrid,VIC,car/14904901/toyota/hilux/vic/cranbourne/dual-cab,2026-01-25T15:33:31,,
2024,Toyota,HiAce,Slwb Barn Door,Van,43701,Automatic,2026-10-31,64990,Diesel,VIC,car/14897158/toyota/hiace/vic/mornington/van,2026-01-25T15:33:31,,
2023,Toyota,Landcruiser,Lc79 Workmate,Double Cab Chassis,20227,Manual,,106990,Diesel,VIC,car/14836046/toyota/landcruiser/vic/cranbourne/dual-cab,2026-01-25T15:33:31,,
2023,Toyota,Fortuner,Crusade,Wagon,37857,Automatic,2026-05-12,60990,Diesel,VIC,car/14869277/toyota/fortuner/vic/berwick/suv,2026-01-25T15:33:31,,
2024,Toyota,RAV4,Cruiser (Awd) Hybrid,Wagon,29639,Automatic,,57490,Hybrid,VIC,car/14843091/toyota/rav4/vic/cranbourne/suv,2026-01-25T15:33:31,,
2024,Toyota,Landcruiser,Lc300 Gxl (4X4),Wagon,52902,Automatic,,110990,Diesel,VIC,car/14850889/toyota/landcruiser/vic/cranbourne/suv,2026-01-25T15:33:31,,
2019,Toyota,HiAce,Lwb,Van,142657,Automatic,,40990,Diesel,VIC,car/14883764/toyota/hiace/vic/cranbourne/van,2026-01-25T15:33:31,,
2021,Toyota,Hilux,Workmate,Cab Chassis,34001,Manual,,28990,Unleaded,VIC,car/14837835/toyota/hilux/vic/cranbourne/single-cab,2026-01-25T15:33:31,,
2023,Toyota,Corolla,Ascent Sport Hybrid,Sedan,82308,Automatic,2025-12-22,29990,Hybrid,VIC,car/14848748/toyota/corolla/vic/mornington/sedan,2026-01-25T15:33:31,,
2024,Toyota,Corolla Cross,Gx 2Wd,Wagon,16191,Automatic,,39490,Unleaded,VIC,car/14855801/toyota/corolla-cross/vic/cranbourne/suv,2026-01-25T15:33:31,,
2019,Toyota,C-HR,(2Wd),Wagon,58092,Automatic,,26490,Premium,VIC,car/14810463/toyota/c-hr/vic/cranbourne/suv,2026-01-25T15:33:31,,
2018,Toyota,Corolla,Ascent Sport,Hatchback,71478,Manual,,23999,Unleaded,VIC,car/14917962/toyota/corolla/vic/berwick/hatchback,2026-01-25T15:33:31,,
2019,Toyota,RAV4,Edge Awd,Wagon,70979,Automatic,,37490,Unleaded,VIC,car/14917877/toyota/rav4/vic/cranbourne/suv,2026-01-25T15:33:31,,
2021,Toyota,Landcruiser,Lc200 Sahara (4X4),Wagon,70324,Automatic,,131999,Diesel,VIC,car/14917967/toyota/landcruiser/vic/berwick/suv,2026-01-25T15:33:31,,
2013,Toyota,Landcruiser,Workmate (4X4),Double Cab Chassis,231767,Manual,,89975,Diesel,VIC,car/14928832/toyota/landcruiser/vic/officer/dual-cab,2026-01-25T15:33:31,,
2013,Toyota,RAV4,Gx (4X4),Wagon,103662,Automatic,,24990,Unleaded,VIC,car/14925707/toyota/rav4/vic/cranbourne/suv,2026-01-25T15:33:31,,
2024,Toyota,GR86,Gts,Coupe,10338,Automatic,2026-08-08,48990,Premium,VIC,car/14902273/toyota/gr86/vic/camberwell/coupe,2026-01-25T15:33:31,,
2024,Toyota,RAV4,Cruiser (2Wd) Hybrid,Wagon,5369,Automatic,2026-07-24,59990,Hybrid,VIC,car/14797301/toyota/rav4/vic/camberwell/suv,2026-01-25T15:33:31,,
2023,Toyota,Landcruiser,Lc300 Gxl (4X4),Wagon,46794,Automatic,,108490,Diesel,VIC,car/14828772/toyota/landcruiser/vic/cranbourne/suv,2026-01-25T15:33:31,,
2024,Toyota,HiAce,Lwb (4 Door Option),Van,15568,Automatic,,58490,Diesel,VIC,car/14886256/toyota/hiace/vic/cranbourne/van,2026-01-25T15:33:31,,
2023,Toyota,Hilux,Workmate Hi-Rider (4X2),Cab Chassis,8243,Manual,,36888,Diesel,VIC,car/14852501/toyota/hilux/vic/berwick/single-cab,2026-01-25T15:33:31,,
2019,Toyota,HiAce,Commuter (12 Seats),Bus,91450,Automatic,2026-03-01,54990,Diesel,VIC,car/14884474/toyota/hiace/vic/mornington/people-mover,2026-01-25T15:33:31,,
2023,Toyota,Corolla,Ascent Sport Hybrid,Sedan,60396,Automatic,,31990,Hybrid,VIC,car/14893946/toyota/corolla/vic/cranbourne/sedan,2026-01-25T15:33:31,,
2021,Toyota,Hilux,Sr (4X4),Double Cab Pick Up,90000,Automatic,,45499,Diesel,VIC,car/14873757/toyota/hilux/vic/berwick/dual-cab,2026-01-25T15:33:31,,
2023,Toyota,Hilux,Sr5 (4X4),Double Cab Chassis,37781,Automatic,,60490,Hybrid,VIC,car/14837539/toyota/hilux/vic/cranbourne/dual-cab,2026-01-25T15:33:31,,
2022,Toyota,Hilux,Sr (4X4),Double Cab Chassis,105354,Automatic,,46990,Diesel,VIC,car/14909665/toyota/hilux/vic/mornington/dual-cab,2026-01-25T15:33:31,,
2022,Toyota,Corolla,Ascent Sport,Sedan,49971,Automatic,,26999,Unleaded,VIC,car/14867055/toyota/corolla/vic/berwick/sedan,2026-01-25T15:33:31,,
2020,Toyota,GR Yaris,Gr,Hatchback,46182,Manual,,39990,Premium,VIC,car/14894051/toyota/gr-yaris/vic/cranbourne/hatchback,2026-01-25T15:33:31,,
2023,Toyota,Corolla,Ascent Sport,Hatchback,34069,Automatic,,29499,Unleaded,VIC,car/14894164/toyota/corolla/vic/berwick/hatchback,2026-01-25T15:33:31,,
2024,Toyota,Yaris Cross,Gx Hybrid,Wagon,29348,Automatic,,34990,Hybrid,VIC,car/14885055/toyota/yaris-cross/vic/cranbourne/suv,2026-01-25T15:33:31,,
2022,Toyota,HiAce,Slwb,Van,79227,Automatic,2026-03-27,55990,Diesel,VIC,car/14909664/toyota/hiace/vic/mornington/van,2026-01-25T15:33:31,,
2024,Toyota,GR86,Gts,Coupe,2990,Manual,,47888,Premium,VIC,car/14810257/toyota/gr86/vic/cranbourne/coupe,2026-01-25T15:33:31,,
2023,Toyota,RAV4,Cruiser (Awd) Hybrid,Wagon,38275,Automatic,,55888,Hybrid,VIC,car/14882883/toyota/rav4/vic/berwick/suv,2026-01-25T15:33:31,,
2023,Toyota,Landcruiser,Lc79 Gxl,Double Cab Chassis,39191,Manual,,128888,Diesel,VIC,car/14847882/toyota/landcruiser/vic/berwick/dual-cab,2026-01-25T15:33:31,,
2021,Toyota,HiAce,Slwb,Van,38137,Automatic,,56490,Diesel,VIC,car/14852405/toyota/hiace/vic/cranbourne/van,2026-01-25T15:33:31,,
2023,Toyota,Landcruiser,Lc300 Gr-S (4X4),Wagon,82209,Automatic,,141888,Diesel,VIC,car/14907535/toyota/landcruiser/vic/cranbourne/suv,2026-01-25T15:33:31,,
2022,Toyota,Landcruiser,Lc300 Vx (4X4),Wagon,79245,Automatic,,114999,Diesel,VIC,car/14856242/toyota/landcruiser/vic/berwick/suv,2026-01-25T15:33:31,,
2022,Toyota,RAV4,Gx (Awd) Hybrid,Wagon,135055,Automatic,,36990,Hybrid,VIC,car/14861091/toyota/rav4/vic/camberwell/suv,2026-01-25T15:33:31,,
2022,Toyota,Camry,Ascent,Sedan,24871,Automatic,2026-06-10,35000,Premium,VIC,car/14852604/toyota/camry/vic/burwood/sedan,2026-01-25T15:33:31,,
2021,Toyota,RAV4,Gx (2Wd) Hybrid,Wagon,61878,Automatic,2026-07-05,38444,Hybrid,VIC,car/14848287/toyota/rav4/vic/bundoora/suv,2026-01-25T15:33:31,,
2019,Toyota,Yaris,Zr,Hatchback,23274,Automatic,,22290,Unleaded,VIC,car/14879417/toyota/yaris/vic/laverton-north/hatchback,2026-01-25T15:33:31,,
2023,Toyota,RAV4,Xse (Awd) Hybrid Premium Paint,Wagon,13859,Automatic,,55555,Hybrid,VIC,car/14896078/toyota/rav4/vic/oakleigh/suv,2026-01-25T15:33:31,,
2015,Toyota,Landcruiser Prado,Gxl (4X4),Wagon,128957,Automatic,2026-01-14,45400,Diesel,VIC,car/14881888/toyota/landcruiser-prado/vic/bundoora/suv,2026-01-25T15:33:31,,
2015,Toyota,Corolla,Ascent Sport,Hatchback,59751,Automatic,,23490,Unleaded,VIC,car/14911954/toyota/corolla/vic/cranbourne/hatchback,2026-01-25T15:33:31,,
2022,Toyota,Kluger,Gxl Hybrid Awd,Wagon,51612,Automatic,,58333,Hybrid,VIC,car/14877629/toyota/kluger/vic/cranbourne/suv,2026-01-25T15:33:31,,
2021,Toyota,Kluger,Gx Hybrid Awd,Wagon,50277,Automatic,2026-03-02,48888,Hybrid,VIC,car/14786138/toyota/kluger/vic/mornington/suv,2026-01-25T15:33:31,,
2021,Toyota,Corolla,Ascent Sport Hybrid,Sedan,83133,Automatic,2026-03-19,27990,Hybrid,VIC,car/14866077/toyota/corolla/vic/mornington/sedan,2026-01-25T15:33:31,,
2021,Toyota,Kluger,Gx Hybrid Awd,Wagon,51591,Automatic,,50888,Hybrid,VIC,car/14911504/toyota/kluger/vic/cranbourne/suv,2026-01-25T15:33:31,,
2022,Toyota,C-HR,Koba (2Wd),Wagon,55560,Automatic,,38888,Premium,VIC,car/14898138/toyota/c-hr/vic/cranbourne/suv,2026-01-25T15:33:31,,
2022,Toyota,RAV4,Gx (2Wd) Hybrid,Wagon,55902,Automatic,,42990,Hybrid,VIC,car/14909980/toyota/rav4/vic/cranbourne/suv,2026-01-25T15:33:31,,
2022,Toyota,Corolla,Ascent Sport Hybrid,Hatchback,53532,Automatic,,29990,Hybrid,VIC,car/14911501/toyota/corolla/vic/cranbourne/hatchback,2026-01-25T15:33:31,,
2024,Toyota,Corolla,Ascent Sport Hybrid,Hatchback,17244,Automatic,,35990,Hybrid,VIC,car/14885056/toyota/corolla/vic/cranbourne/hatchback,2026-01-25T15:33:31,,
2020,Toyota,Hilux,Workmate,Cab Chassis,157165,Automatic,,25990,Unleaded,VIC,car/14909979/toyota/hilux/vic/cranbourne/single-cab,2026-01-25T15:33:31,,
2018,Toyota,Camry,Ascent Sport (Hybrid),Sedan,180290,Automatic,,25990,Hybrid,VIC,car/14909425/toyota/camry/vic/cranbourne/sedan,2026-01-25T15:33:31,,
2021,Toyota,HiAce,Slwb Commuter (12 Seats),Bus,91457,Automatic,,57490,Diesel,VIC,car/14854018/toyota/hiace/vic/cranbourne/people-mover,2026-01-25T15:33:31,,
2024,Toyota,Corolla,Ascent Sport Hybrid,Hatchback,24890,Automatic,,32888,Hybrid,VIC,car/14813046/toyota/corolla/vic/cranbourne/hatchback,2026-01-25T15:33:31,,
2023,Toyota,Corolla,Ascent Sport Hybrid,Hatchback,47527,Automatic,,30990,Hybrid,VIC,car/14909076/toyota/corolla/vic/cranbourne/hatchback,2026-01-25T15:33:31,,
2018,Toyota,C-HR,Koba (2Wd),Wagon,49072,Automatic,2026-01-25,27888,Premium,VIC,car/14865204/toyota/c-hr/vic/mornington/suv,2026-01-25T15:33:31,,
2022,Toyota,RAV4,Gx (Awd) Hybrid,Wagon,127720,Automatic,,35990,Hybrid,VIC,car/14894050/toyota/rav4/vic/cranbourne/suv,2026-01-25T15:33:31,,
2023,Toyota,Kluger,Gx Hybrid Awd,Wagon,61849,Automatic,2026-02-27,51990,Hybrid,VIC,car/14839271/toyota/kluger/vic/mornington/suv,2026-01-25T15:33:31,,
2023,Toyota,Hilux,Sr (4X4),Double Cab Pick Up,73217,Automatic,,56888,Diesel,VIC,car/14914557/toyota/hilux/vic/cranbourne/dual-cab,2026-01-25T15:33:31,,
2020,Toyota,Corolla,Zr (Hybrid),Hatchback,102922,Automatic,2026-04-30,29288,Hybrid,VIC,car/14897008/toyota/corolla/vic/mornington/hatchback,2026-01-25T15:33:31,,
2022,Toyota,Hilux,Sr5 (4X4),Double Cab Pick Up,64142,Automatic,,62990,Diesel,VIC,car/14892635/toyota/hilux/vic/cranbourne/dual-cab,2026-01-25T15:33:31,,
2022,Toyota,Yaris Cross,Urban Hybrid,Wagon,33133,Automatic,2026-05-25,35777,Hybrid,VIC,car/14889294/toyota/yaris-cross/vic/heidelberg/suv,2026-01-25T15:33:31,,
2019,Toyota,RAV4,Cruiser 2Wd Hybrid,Wagon,55500,Automatic,2026-03-06,40888,Hybrid,VIC,car/14850369/toyota/rav4/vic/essendon-fields/suv,2026-01-25T15:33:31,,
2021,Toyota,RAV4,Gxl (2Wd) Hybrid,Wagon,47186,Automatic,2026-06-29,41990,Hybrid,VIC,car/14824708/toyota/rav4/vic/nunawading/suv,2026-01-25T15:33:31,,
2019,Toyota,RAV4,Cruiser Awd Hybrid,Wagon,114891,Automatic,,41888,Hybrid,VIC,car/14911343/toyota/rav4/vic/oakleigh/suv,2026-01-25T15:33:31,,
2021,Toyota,Landcruiser,Lc300 Vx (4X4),Wagon,72950,Automatic,,116490,Diesel,VIC,car/14871505/toyota/landcruiser/vic/nunawading/suv,2026-01-25T15:33:31,,
2019,Toyota,Vellfire,HYBRID X TOYOTA SAFETY SENSE,Commercial,97486,Automatic,,42995,Unleaded,VIC,car/14498581/toyota/vellfire/vic/maidstone/van,2026-01-25T15:33:31,,
2019,Toyota,C-HR,G,Wagon,51400,,,26500,,VIC,car/14762984/toyota/c-hr/vic/st-kilda/wagon,2026-01-25T15:33:31,,
2012,Toyota,HiAce,Commuter,Bus,230942,Automatic,2026-01-23,22989,Unleaded,VIC,car/14743556/toyota/hiace/vic/maidstone/people-mover,2026-01-25T15:33:31,,
2007,Toyota,RAV4,Cruiser (4X4),Wagon,181128,Automatic,2024-07-17,13999,Unleaded,VIC,car/13370156/toyota/rav4/vic/west-footscray/suv,2026-01-25T15:33:31,,
2013,Toyota,RAV4,Gxl (2Wd),Wagon,261023,Automatic,2025-09-06,9990,Unleaded,VIC,car/14709977/toyota/rav4/vic/coburg-north/suv,2026-01-25T15:33:31,,
2019,Toyota,RAV4,Gx 2Wd Hybrid,Wagon,66613,Automatic,2026-02-11,36490,Hybrid,VIC,car/14808550/toyota/rav4/vic/mornington/suv,2026-01-25T15:33:31,,
2021,Toyota,C-HR,Koba (2Wd) Hybrid,Wagon,68922,Automatic,,38888,Hybrid,VIC,car/14894559/toyota/c-hr/vic/cranbourne/suv,2026-01-25T15:33:31,,
2024,Toyota,Camry,Ascent,Sedan,77293,Automatic,2026-02-16,35990,Premium,VIC,car/14833849/toyota/camry/vic/mornington/sedan,2026-01-25T15:33:31,,
2024,Toyota,Kluger,Gxl Hybrid Awd,Wagon,1417,Automatic,,74990,Hybrid,VIC,car/14903942/toyota/kluger/vic/cranbourne/suv,2026-01-25T15:33:31,,
2022,Toyota,RAV4,Cruiser (2Wd),Wagon,71260,Automatic,,42990,Unleaded,VIC,car/14895940/toyota/rav4/vic/cranbourne/suv,2026-01-25T15:33:31,,
2022,Toyota,C-HR,Koba (2Wd) Hybrid,Wagon,19452,Automatic,,40990,Hybrid,VIC,car/14898134/toyota/c-hr/vic/cranbourne/suv,2026-01-25T15:33:31,,
2014,Toyota,Corolla,Ascent,Hatchback,152593,Automatic,,16490,Unleaded,VIC,car/14886459/toyota/corolla/vic/cranbourne/hatchback,2026-01-25T15:33:31,,
2023,Toyota,Corolla Cross,Gxl 2Wd Hybrid,Wagon,34391,Automatic,,41990,Hybrid,VIC,car/14810443/toyota/corolla-cross/vic/cranbourne/suv,2026-01-25T15:33:31,,
2024,Toyota,Camry,Ascent,Sedan,62690,Automatic,,35990,Premium,VIC,car/14838628/toyota/camry/vic/cranbourne/sedan,2026-01-25T15:33:31,,
2019,Toyota,HiAce,Commuter (12 Seats),Bus,95652,Automatic,2026-03-19,54990,Diesel,VIC,car/14912896/toyota/hiace/vic/mornington/people-mover,2026-01-25T15:33:31,,
2024,Toyota,C-HR,Gxl Hybrid,Wagon,42269,Automatic,,42990,Hybrid,VIC,car/14868119/toyota/c-hr/vic/cranbourne/suv,2026-01-25T15:33:31,,
2023,Toyota,Kluger,Gx Hybrid Awd,Wagon,55644,Automatic,,53333,Hybrid,VIC,car/14824802/toyota/kluger/vic/cranbourne/suv,2026-01-25T15:33:31,,
2024,Toyota,Yaris Cross,Urban Hybrid,Wagon,2933,Automatic,,44490,Hybrid,VIC,car/14898571/toyota/yaris-cross/vic/cranbourne/suv,2026-01-25T15:33:31,,
2023,Toyota,Camry,Ascent,Sedan,63357,Automatic,2025-03-19,33990,Premium,VIC,car/14850450/toyota/camry/vic/mornington/sedan,2026-01-25T15:33:31,,
2022,Toyota,RAV4,Gx (Awd) Hybrid,Wagon,113337,Automatic,,37888,Hybrid,VIC,car/14840804/toyota/rav4/vic/deer-park/suv,2026-01-25T15:33:31,,
2019,Toyota,Corolla,Ascent Sport (Hybrid),Hatchback,60350,Automatic,,24490,Hybrid,VIC,car/14854815/toyota/corolla/vic/laverton-north/hatchback,2026-01-25T15:33:31,,
2019,Toyota,HiAce,Commuter (12 Seats),Bus,43991,Automatic,2000-01-01,57990,Diesel,VIC,car/14786504/toyota/hiace/vic/preston/people-mover,2026-01-25T15:33:31,,
2021,Toyota,Hilux,Sr5 (4X4),X Cab Pickup,55255,Automatic,,54095,Diesel,VIC,car/14896642/toyota/hilux/vic/laverton-north/extra-cab,2026-01-25T15:33:31,,
2023,Toyota,RAV4,Cruiser (Awd) Hybrid,Wagon,29751,Automatic,2026-05-10,56490,Hybrid,VIC,car/14869678/toyota/rav4/vic/camberwell/suv,2026-01-25T15:33:31,,
2024,Toyota,Corolla Cross,Gx 2Wd,Wagon,21447,Automatic,2026-07-22,39777,Unleaded,VIC,car/14913961/toyota/corolla-cross/vic/heidelberg/suv,2026-01-25T15:33:31,,
1999,Toyota,Landcruiser,VX LTD,SUV,256875,Automatic,,39995,Diesel,VIC,car/14699818/toyota/landcruiser/vic/maidstone/suv,2026-01-25T15:33:31,,
2009,Toyota,Landcruiser Prado,Gxl (4X4),Wagon,372005,Automatic,2026-03-12,17990,Diesel,VIC,car/14662688/toyota/landcruiser-prado/vic/preston/suv,2026-01-25T15:33:31,,
2002,Toyota,Estima,Aeras,Wagon,212012,,,9999,,VIC,car/14607530/toyota/estima/vic/west-footscray/people-mover,2026-01-25T15:33:31,,
2014,Toyota,Kluger,Grande (4X4),Wagon,225737,Automatic,,20489,Unleaded,VIC,car/14604085/toyota/kluger/vic/maidstone/suv,2026-01-25T15:33:31,,
2014,Toyota,Corolla,Ascent Sport,Hatchback,222553,Manual,2025-12-26,10999,Unleaded,VIC,car/14728393/toyota/corolla/vic/braybrook/hatchback,2026-01-25T15:33:31,,
2014,Toyota,Crown,ROYAL SALOON,Sedan,71339,Automatic,,18995,Unleaded,VIC,car/14552416/toyota/crown/vic/maidstone/limousine,2026-01-25T15:33:31,,
2008,Toyota,Yaris,Yr,Hatchback,182418,Automatic,2026-03-15,5990,Unleaded,VIC,car/14822820/toyota/yaris/vic/preston/hatchback,2026-01-25T15:33:31,,
2020,Toyota,Probox,DX COMFORT,SUV,90876,Automatic,,15995,Unleaded,VIC,car/14756688/toyota/probox/vic/maidstone/suv,2026-01-25T15:33:31,,
2006,Toyota,Tarago,Ultima,Wagon,232613,Automatic,,10999,Unleaded,VIC,car/14161621/toyota/tarago/vic/west-footscray/people-mover,2026-01-25T15:33:31,,
2008,Toyota,Crown,,Sedan,139900,Automatic,,13800,Unleaded,VIC,car/14755804/toyota/crown/vic/st-kilda/limousine,2026-01-25T15:33:31,,
2021,Toyota,Alphard,X,Commercial,142952,Automatic,,44995,Unleaded,VIC,car/14642585/toyota/alphard/vic/maidstone/van,2026-01-25T15:33:31,,
2011,Toyota,Yaris,Yr,Hatchback,234873,Automatic,2026-03-15,8488,Unleaded,VIC,car/14728415/toyota/yaris/vic/braybrook/hatchback,2026-01-25T15:33:31,,
2015,Toyota,Noah,HYBRID X DELIGHT PLUS,Commercial,102445,Automatic,,19995,Unleaded,VIC,car/14498585/toyota/noah/vic/maidstone/van,2026-01-25T15:33:31,,
2016,Toyota,Landcruiser,Gxl (4X4),Wagon,241186,Automatic,,37500,Diesel,VIC,car/13448850/toyota/landcruiser/vic/west-footscray/suv,2026-01-25T15:33:31,,
2010,Toyota,Crown,Majesta (Hybrid),Sedan,64990,,,16800,,VIC,car/14755796/toyota/crown/vic/st-kilda/sedan,2026-01-25T15:33:31,,
2017,Toyota,RAV4,Gxl (2Wd),Wagon,193368,Automatic,,19999,Unleaded,VIC,car/14620485/toyota/rav4/vic/west-footscray/suv,2026-01-25T15:33:31,,
2020,Toyota,Camry,Ascent,Sedan,62905,Automatic,,25695,Unleaded,VIC,car/14828394/toyota/camry/vic/laverton-north/sedan,2026-01-25T15:33:31,,
2022,Toyota,GR Yaris,Gr,Hatchback,30481,Manual,,47888,Premium,VIC,car/14860290/toyota/gr-yaris/vic/deer-park/hatchback,2026-01-25T15:33:31,,
2023,Toyota,Yaris Cross,Urban Hybrid,Wagon,19921,Automatic,2026-03-07,37990,Hybrid,VIC,car/14822698/toyota/yaris-cross/vic/essendon-fields/suv,2026-01-25T15:33:31,,
2021,Toyota,Fortuner,Gx,Wagon,87960,Automatic,,46990,Diesel,VIC,car/14881856/toyota/fortuner/vic/camberwell/suv,2026-01-25T15:33:31,,
2021,Toyota,Camry,Ascent Hybrid,Sedan,46579,Automatic,,31295,Hybrid,VIC,car/14842854/toyota/camry/vic/laverton-north/sedan,2026-01-25T15:33:31,,
2022,Toyota,Kluger,Gx Hybrid Awd,Wagon,49281,Automatic,,52990,Hybrid,VIC,car/14859673/toyota/kluger/vic/mentone/suv,2026-01-25T15:33:31,,
2003,Toyota,Echo,,Hatchback,128732,Manual,,5990,Unleaded,VIC,car/14922771/toyota/echo/vic/footscray/hatchback,2026-01-25T15:33:31,,
2024,Toyota,Camry,Ascent,Sedan,52256,Automatic,,40888,Premium,VIC,car/14928869/toyota/camry/vic/tottenham/sedan,2026-01-25T15:33:31,,
2008,Toyota,Yaris,Yrs,Hatchback,202685,Manual,2026-10-15,6988,Unleaded,VIC,car/14923170/toyota/yaris/vic/braybrook/hatchback,2026-01-25T15:33:31,,
2010,Toyota,Corolla,Ascent,Hatchback,212298,Automatic,2026-10-29,9500,Unleaded,VIC,car/14921616/toyota/corolla/vic/preston/hatchback,2026-01-25T15:33:31,,
2009,Toyota,RAV4,Cruiser L (4X4),Wagon,146553,Automatic,2026-02-06,11988,Unleaded,VIC,car/14927357/toyota/rav4/vic/braybrook/suv,2026-01-25T15:33:31,,
2023,Toyota,Corolla,Ascent Sport Hybrid,Hatchback,53578,Automatic,,30880,Hybrid,VIC,car/14928949/toyota/corolla/vic/south-melbourne/hatchback,2026-01-25T15:33:31,,
2022,Toyota,Corolla,Ascent Sport Hybrid,Hatchback,38583,Automatic,2026-05-23,28888,Hybrid,VIC,car/14928870/toyota/corolla/vic/tottenham/hatchback,2026-01-25T15:33:31,,
2001,Toyota,Camry,Conquest,Sedan,199897,Automatic,2026-02-14,5999,Unleaded,VIC,car/14925536/toyota/camry/vic/braybrook/sedan,2026-01-25T15:33:31,,
2020,Toyota,Corolla,HYBRID EX,Sedan,89972,Automatic,,,Unleaded,VIC,car/14923726/toyota/corolla/vic/maidstone/limousine,2026-01-25T15:33:31,,
2010,Toyota,Estima,G,Commercial,98339,Automatic,,,Unleaded,VIC,car/14925273/toyota/estima/vic/maidstone/van,2026-01-25T15:33:31,,
2015,Toyota,Aqua,S,Hatch,67764,Automatic,,,Unleaded,VIC,car/14920741/toyota/aqua/vic/maidstone/hatchback,2026-01-25T15:33:31,,
2025,Toyota,Hilux,Rogue 48V (4X4),Double Cab Pick Up,7329,Automatic,2026-03-18,,Hybrid,VIC,car/14925288/toyota/hilux/vic/balwyn/dual-cab,2026-01-25T15:33:31,,
2014,Toyota,FJ Cruiser,,Wagon,121686,Automatic,2026-04-03,,Premium,VIC,car/14928394/toyota/fj-cruiser/vic/balwyn/suv,2026-01-25T15:33:31,,
2010,Toyota,Corolla,Ascent,Sedan,205632,Automatic,,9999,Unleaded,VIC,car/14620529/toyota/corolla/vic/west-footscray/sedan,2026-01-25T15:33:31,,
2015,Toyota,Hilux,Sr5 (4X4),Dual Cab Utility,150933,Automatic,2026-01-22,37990,Diesel,VIC,car/14513955/toyota/hilux/vic/west-footscray/dual-cab,2026-01-25T15:33:31,,
2008,Toyota,Crown,,Sedan,93400,Automatic,,15300,Unleaded,VIC,car/14760395/toyota/crown/vic/st-kilda/limousine,2026-01-25T15:33:31,,
2007,Toyota,Aurion,At-X,Sedan,266850,Automatic,2025-11-17,7990,Unleaded,VIC,car/14715857/toyota/aurion/vic/west-footscray/sedan,2026-01-25T15:33:31,,
2006,Toyota,Avensis,Verso Glx,Wagon,268391,Automatic,,6450,Unleaded,VIC,car/14900646/toyota/avensis/vic/footscray/people-mover,2026-01-25T15:33:31,,
2014,Toyota,RAV4,Gxl (2Wd),Wagon,183399,Automatic,2025-05-29,19990,Unleaded,VIC,car/14488877/toyota/rav4/vic/west-footscray/suv,2026-01-25T15:33:31,,
2024,Toyota,YARIS CROSS HYBRID,YARIS CROSS HYBRID URBAN 1.5L AUTO CVT HATCH,Hatch,2059,,2026-04-11,43490,Hybrid,VIC,car/14730074/toyota/yaris-cross-hybrid/vic/melbourne/hatchback,2026-01-25T15:33:31,,
2021,Toyota,Landcruiser,Lc300 Sahara (4X4),Wagon,84780,Automatic,2026-06-15,118990,Diesel,VIC,car/14813973/toyota/landcruiser/vic/nunawading/suv,2026-01-25T15:33:31,,
2025,Toyota,HiAce,Lwb (4 Door Option),Van,45,Automatic,2026-05-25,62555,Diesel,VIC,car/14823019/toyota/hiace/vic/heidelberg/van,2026-01-25T15:33:31,,
2024,Toyota,GR86,Gts,Coupe,11278,Automatic,2026-05-08,47555,Premium,VIC,car/14778126/toyota/gr86/vic/heidelberg/coupe,2026-01-25T15:33:31,,
2024,Toyota,HiAce,Lwb Barn Door,Van,13589,Automatic,2026-04-16,54890,Diesel,VIC,car/14864141/toyota/hiace/vic/essendon-fields/van,2026-01-25T15:33:31,,
2022,Toyota,Corolla,Ascent Sport Hybrid,Sedan,19605,Automatic,,31990,Hybrid,VIC,car/14847292/toyota/corolla/vic/mentone/sedan,2026-01-25T15:33:31,,
2017,Toyota,Corolla,Ascent,Sedan,119613,Automatic,2026-03-25,17990,Unleaded,VIC,car/14785765/toyota/corolla/vic/preston/sedan,2026-01-25T15:33:31,,
2008,Toyota,Crown,ATHLETE,Sedan,95956,Automatic,,14995,Unleaded,VIC,car/14699797/toyota/crown/vic/maidstone/limousine,2026-01-25T15:33:31,,
2014,Toyota,Kluger,Gx (4X2),Wagon,207708,Automatic,2026-01-30,20489,Unleaded,VIC,car/14659625/toyota/kluger/vic/maidstone/suv,2026-01-25T15:33:31,,
2007,Toyota,Camry,Sportivo,Sedan,286202,Automatic,2026-03-29,6500,Unleaded,VIC,car/14848445/toyota/camry/vic/preston/sedan,2026-01-25T15:33:31,,
2012,Toyota,Aqua,G,Hatch,86336,Automatic,,13995,Unleaded,VIC,car/14758575/toyota/aqua/vic/maidstone/hatchback,2026-01-25T15:33:31,,
2011,Toyota,Rukus,Build 1,Wagon,224102,Automatic,,7990,Unleaded,VIC,car/14734974/toyota/rukus/vic/footscray/wagon,2026-01-25T15:33:31,,
1998,Toyota,Landcruiser Prado,TX,SUV,167640,Automatic,,29995,Diesel,VIC,car/14699799/toyota/landcruiser-prado/vic/maidstone/suv,2026-01-25T15:33:31,,
2018,Toyota,Landcruiser Prado,Gxl (4X4),Wagon,133591,Automatic,,53888,Diesel,VIC,car/14920514/toyota/landcruiser-prado/vic/tottenham/suv,2026-01-25T15:33:31,,
2012,Toyota,Prius,ZVW30R,Hatch,112749,Automatic,,,Unleaded,VIC,car/14919637/toyota/prius/vic/maidstone/hatchback,2026-01-25T15:33:31,,
2016,Toyota,Camry,Altise Hybrid,Sedan,105568,Automatic,2026-12-12,15880,Hybrid,VIC,car/14919295/toyota/camry/vic/preston/sedan,2026-01-25T15:33:31,,
2020,Toyota,Probox,G L,SUV,92770,Automatic,,,Unleaded,VIC,car/14919636/toyota/probox/vic/maidstone/suv,2026-01-25T15:33:31,,
2021,Toyota,Yaris Cross,URBAN,SUV,45568,,2026-05-23,31990,Other,VIC,car/14928348/toyota/yaris-cross/vic/melbourne/suv,2026-01-25T15:33:31,,
2024,Toyota,COROLLA CROSS HYBRID,COROLLA CROSS HYBRID ATMOS 2WD 2.0L AUTO CVT 5 DOOR HATCH,Hatch,34875,,,48990,Hybrid,VIC,car/14928703/toyota/corolla-cross-hybrid/vic/south-melbourne/hatchback,2026-01-25T15:33:31,,
2012,Toyota,Landcruiser Prado,Gxl (4X4),Wagon,96936,Automatic,2026-02-28,40888,Diesel,VIC,car/14924944/toyota/landcruiser-prado/vic/tottenham/suv,2026-01-25T15:33:31,,
2011,Toyota,Rukus,Build 3,Wagon,239691,Automatic,,9650,Unleaded,VIC,car/14924745/toyota/rukus/vic/footscray/wagon,2026-01-25T15:33:31,,
2021,Toyota,Hilux,Rogue (4X4),Double Cab Pick Up,62820,Automatic,2026-05-19,59888,Diesel,VIC,car/14928873/toyota/hilux/vic/tottenham/dual-cab,2026-01-25T15:33:31,,
2017,Toyota,RAV4,Gx (4X4),Wagon,182303,Automatic,2026-10-31,18888,Unleaded,VIC,car/14921563/toyota/rav4/vic/preston/suv,2026-01-25T15:33:31,,
2003,Toyota,Camry,Altise,Sedan,382072,Automatic,2026-01-27,5498,Unleaded,VIC,car/14923184/toyota/camry/vic/braybrook/sedan,2026-01-25T15:33:31,,
2021,Toyota,RAV4,Gx (2Wd),Wagon,85320,Automatic,,30990,Unleaded,VIC,car/14914432/toyota/rav4/vic/laverton-north/suv,2026-01-25T15:33:31,,
2020,Toyota,RAV4,Gx Awd Hybrid,Wagon,94200,Automatic,,33990,Hybrid,VIC,car/14877333/toyota/rav4/vic/laverton-north/suv,2026-01-25T15:33:31,,
2021,Toyota,RAV4,Gxl (2Wd),Wagon,71334,Automatic,,34590,Unleaded,VIC,car/14870889/toyota/rav4/vic/laverton-north/suv,2026-01-25T15:33:31,,
2022,Toyota,Landcruiser Prado,Vx,Wagon,46768,Automatic,2026-02-04,78990,Diesel,VIC,car/14907440/toyota/landcruiser-prado/vic/nunawading/suv,2026-01-25T15:33:31,,
2021,Toyota,Camry,Ascent Hybrid,Sedan,95665,Automatic,,28890,Hybrid,VIC,car/14828380/toyota/camry/vic/laverton-north/sedan,2026-01-25T15:33:31,,
2013,Toyota,HiAce,Lwb,Van,321030,Manual,2026-07-15,16990,Diesel,VIC,car/14711372/toyota/hiace/vic/coburg-north/van,2026-01-25T15:33:31,,
2022,Toyota,Hilux,Sr5 (4X4),Double Cab Pick Up,192616,Automatic,2025-10-03,47990,Diesel,VIC,car/14707679/toyota/hilux/vic/west-footscray/dual-cab,2026-01-25T15:33:31,,
2016,Toyota,Sienta,HYBRID G,Commercial,100780,Automatic,,16995,Unleaded,VIC,car/14384751/toyota/sienta/vic/maidstone/van,2026-01-25T15:33:31,,
2021,Toyota,Corolla,HYBRID GX,SUV,111639,Automatic,,21995,Unleaded,VIC,car/14447433/toyota/corolla/vic/maidstone/suv,2026-01-25T15:33:31,,
2018,Toyota,HiAce,Commuter,Bus,44937,Manual,2026-06-03,51990,Diesel,VIC,car/14704298/toyota/hiace/vic/melbourne/people-mover,2026-01-25T15:33:31,,
2021,Toyota,Corolla,HYBRID EX,SUV,112238,Automatic,,19995,Unleaded,VIC,car/14625364/toyota/corolla/vic/maidstone/suv,2026-01-25T15:33:31,,
2015,Toyota,Crown,ROYAL,Sedan,101964,Automatic,,19995,Unleaded,VIC,car/14384757/toyota/crown/vic/maidstone/limousine,2026-01-25T15:33:31,,
2022,Toyota,Corolla Cross,HYBRID G,SUV,55974,Automatic,,34995,Unleaded,VIC,car/14758601/toyota/corolla-cross/vic/maidstone/suv,2026-01-25T15:33:31,,
2020,Toyota,Corolla,WXB FULL OPTION,SUV,100383,Automatic,,24995,Unleaded,VIC,car/14758543/toyota/corolla/vic/maidstone/suv,2026-01-25T15:33:31,,
2021,Toyota,Corolla,HYBRID EX,Sedan,74038,Automatic,,20995,Unleaded,VIC,car/14625358/toyota/corolla/vic/maidstone/limousine,2026-01-25T15:33:31,,
2022,Toyota,Corolla,HYBRID EX,SUV,101417,Automatic,,19995,Unleaded,VIC,car/14699811/toyota/corolla/vic/maidstone/suv,2026-01-25T15:33:31,,
2018,Toyota,C-HR,G,Wagon,87850,,,25400,,VIC,car/14762948/toyota/c-hr/vic/st-kilda/wagon,2026-01-25T15:33:31,,
2016,Toyota,Sienta,HYBRID G,Commercial,64790,Automatic,,16995,Unleaded,VIC,car/14373978/toyota/sienta/vic/maidstone/van,2026-01-25T15:33:31,,
2012,Toyota,Aurion,At-X,Sedan,257500,Automatic,2025-05-15,9990,Unleaded,VIC,car/14300663/toyota/aurion/vic/west-footscray/sedan,2026-01-25T15:33:31,,
2010,Toyota,Rukus,Build 1,Wagon,165451,Automatic,,10990,Unleaded,VIC,car/14719797/toyota/rukus/vic/footscray/wagon,2026-01-25T15:33:31,,
2017,Toyota,Noah,HYBRID X,Commercial,103511,Automatic,,23995,Unleaded,VIC,car/14466733/toyota/noah/vic/maidstone/van,2026-01-25T15:33:31,,
2017,Toyota,Camry,Atara Sx,Sedan,213299,Automatic,,16999,Unleaded,VIC,car/14607455/toyota/camry/vic/west-footscray/sedan,2026-01-25T15:33:31,,
2023,Toyota,Kluger,Gx Awd,Wagon,49336,Automatic,,42750,Unleaded,VIC,car/14607983/toyota/kluger/vic/elsternwick/suv,2026-01-25T15:33:31,,
2023,Toyota,RAV4,Edge (Awd) Hybrid,Wagon,72001,Automatic,2026-03-07,52990,Hybrid,VIC,car/14913567/toyota/rav4/vic/essendon-fields/suv,2026-01-25T15:33:31,,
2018,Toyota,Corolla,Sx,Hatchback,85638,Automatic,,21490,Unleaded,VIC,car/14881107/toyota/corolla/vic/laverton-north/hatchback,2026-01-25T15:33:31,,
2016,Toyota,Kluger,Gx (4X2),Wagon,141517,Automatic,,21890,Unleaded,VIC,car/14910884/toyota/kluger/vic/laverton-north/suv,2026-01-25T15:33:31,,
2024,Toyota,RAV4,Gxl (Awd) Hybrid,Wagon,17902,Automatic,2026-06-22,52555,Hybrid,VIC,car/14881168/toyota/rav4/vic/heidelberg/suv,2026-01-25T15:33:31,,
2019,Toyota,HiAce,Commuter (12 Seats),Bus,47346,Automatic,2026-03-23,57880,Diesel,VIC,car/14791576/toyota/hiace/vic/essendon-fields/people-mover,2026-01-25T15:33:31,,
2022,Toyota,C-HR,Koba (2Wd) Hybrid,Wagon,72580,Automatic,,34998,Hybrid,VIC,car/14905128/toyota/c-hr/vic/airport-west/suv,2026-01-25T15:33:31,,
2011,Toyota,Rukus,Build 1,Wagon,175654,Automatic,,11990,Unleaded,VIC,car/14719080/toyota/rukus/vic/footscray/wagon,2026-01-25T15:33:31,,
2015,Toyota,Camry,Altise,Sedan,110579,Automatic,2025-07-15,18990,Unleaded,VIC,car/14433175/toyota/camry/vic/west-footscray/sedan,2026-01-25T15:33:31,,
2004,Toyota,RAV4,Cv (4X4),Wagon,287866,Automatic,,7650,Unleaded,VIC,car/14719089/toyota/rav4/vic/footscray/suv,2026-01-25T15:33:31,,
2024,Toyota,Camry,Ascent,Sedan,24319,Automatic,2026-04-02,34990,Premium,VIC,car/14718442/toyota/camry/vic/south-melbourne/sedan,2026-01-25T15:33:31,,
2020,Toyota,HiAce,Lwb Gl (Colours),Van,105369,Automatic,,42990,Diesel,VIC,car/14876597/toyota/hiace/vic/elsternwick/van,2026-01-25T15:33:31,,
2007,Toyota,Corolla,Ascent Sport,Sedan,174597,Automatic,2026-02-28,7999,Unleaded,VIC,car/14886384/toyota/corolla/vic/braybrook/sedan,2026-01-25T15:33:31,,
2021,Toyota,RAV4,Gxl (Awd) Hybrid,Wagon,33417,Automatic,2026-05-28,42480,Hybrid,VIC,car/14752659/toyota/rav4/vic/south-melbourne/suv,2026-01-25T15:33:31,,
2024,Toyota,Yaris Cross,Urban Hybrid,Wagon,11674,Automatic,2026-03-09,41880,Hybrid,VIC,car/14729176/toyota/yaris-cross/vic/melbourne/suv,2026-01-25T15:33:31,,
2015,Toyota,Hilux,Workmate,Cab Chassis,186349,Automatic,2025-12-17,18989,Unleaded,VIC,car/14688276/toyota/hilux/vic/maidstone/single-cab,2026-01-25T15:33:31,,
2009,Toyota,Hilux,Sr,Dual Cab Pick-up,254318,Manual,2025-12-19,14499,Diesel,VIC,car/14761235/toyota/hilux/vic/braybrook/dual-cab,2026-01-25T15:33:31,,
2022,Toyota,Hilux,Workmate (4X2),Cab Chassis,141224,Manual,2026-06-03,34990,Unleaded,VIC,car/14665420/toyota/hilux/vic/preston/single-cab,2026-01-25T15:33:31,,
2018,Toyota,C-HR,G,SUV,108938,Automatic,,23995,Unleaded,VIC,car/14625352/toyota/c-hr/vic/maidstone/suv,2026-01-25T15:33:31,,
2020,Toyota,Corolla,Touring (Hybrid),Wagon,140000,,,21600,,VIC,car/14752737/toyota/corolla/vic/st-kilda/wagon,2026-01-25T15:33:31,,
2019,Toyota,HiAce,Lwb,Van,96774,Automatic,2026-10-02,51888,Diesel,VIC,car/14827502/toyota/hiace/vic/camberwell/van,2026-01-25T15:33:31,,
2020,Toyota,RAV4,Edge (Awd),Wagon,68245,Automatic,,39590,Unleaded,VIC,car/14902655/toyota/rav4/vic/laverton-north/suv,2026-01-25T15:33:31,,
2021,Toyota,Yaris,Zr,Hatchback,27827,Automatic,2026-11-08,26990,Unleaded,VIC,car/14871714/toyota/yaris/vic/preston/hatchback,2026-01-25T15:33:31,,
2022,Toyota,Camry,Ascent Hybrid,Sedan,47183,Automatic,,33500,Hybrid,VIC,car/14859094/toyota/camry/vic/laverton-north/sedan,2026-01-25T15:33:31,,
2021,Toyota,RAV4,Gx (Awd) Hybrid,Wagon,79500,Automatic,2026-06-20,36990,Hybrid,VIC,car/14902277/toyota/rav4/vic/camberwell/suv,2026-01-25T15:33:31,,
2005,Toyota,HiAce,Lwb,Van,228000,Manual,,14999,Unleaded,VIC,car/14654734/toyota/hiace/vic/brooklyn/van,2026-01-25T15:33:31,,
2018,Toyota,Hilux,Workmate,Double Cab Pick Up,65870,Automatic,2026-07-01,27900,Unleaded,VIC,car/14886909/toyota/hilux/vic/cheltenham/dual-cab,2026-01-25T15:33:31,,
2007,Toyota,Kluger,Kx-S (Fwd),Wagon,229628,Automatic,2026-01-25,11999,Unleaded,VIC,car/14645575/toyota/kluger/vic/avondale-heights/suv,2026-01-25T15:33:31,,
2016,Toyota,Hilux,Sr (4X4),Dual Cab Utility,174164,Automatic,2026-01-04,44990,Diesel,VIC,car/14632358/toyota/hilux/vic/derrimut/dual-cab,2026-01-25T15:33:31,,
2018,Toyota,C-HR,(2Wd),Wagon,167044,Automatic,2025-12-18,18999,Premium,VIC,car/14662980/toyota/c-hr/vic/sunshine/suv,2026-01-25T15:33:31,,
2023,Toyota,Crown,G AZSH35,SUV,6710,Automatic,,58888,Hybrid,VIC,car/14743746/toyota/crown/vic/murrumbeena/suv,2026-01-25T15:33:31,,
2015,Toyota,Crown,AWS210,Sedan,99000,Automatic,,23990,Hybrid,VIC,car/14697289/toyota/crown/vic/fawkner/limousine,2026-01-25T15:33:31,,
2009,Toyota,Landcruiser Prado,Gxl (4X4),Wagon,309518,Manual,2025-11-29,20999,Diesel,VIC,car/14645062/toyota/landcruiser-prado/vic/ravenhall/suv,2026-01-25T15:33:31,,
2005,Toyota,HiAce,Commuter,Bus,297800,Manual,2026-02-20,17999,Diesel,VIC,car/14587422/toyota/hiace/vic/avondale-heights/people-mover,2026-01-25T15:33:31,,
2008,Toyota,Landcruiser,Sahara (4X4),Wagon,198396,Automatic,2026-03-09,45990,Diesel,VIC,car/14756628/toyota/landcruiser/vic/blackburn/suv,2026-01-25T15:33:31,,
1999,Toyota,HiAce,Commuter,Bus,371500,Automatic,2026-01-31,10999,Unleaded,VIC,car/14659714/toyota/hiace/vic/ravenhall/people-mover,2026-01-25T15:33:31,,
2017,Toyota,Hilux,Workmate,Cab Chassis,221791,Manual,2026-02-11,14999,Unleaded,VIC,car/14576722/toyota/hilux/vic/avondale-heights/single-cab,2026-01-25T15:33:31,,
2018,Toyota,Landcruiser Prado,Gxl (4X4),Wagon,281120,Automatic,2026-02-18,37999,Diesel,VIC,car/14636173/toyota/landcruiser-prado/vic/williamstown-north/suv,2026-01-25T15:33:31,,
2005,Toyota,Landcruiser,(4X4),Wagon,333435,Manual,,24999,Diesel,VIC,car/14745924/toyota/landcruiser/vic/ravenhall/suv,2026-01-25T15:33:31,,
2018,Toyota,C-HR,HYBRID G,SUV,105262,Automatic,,23995,Unleaded,VIC,car/14625353/toyota/c-hr/vic/maidstone/suv,2026-01-25T15:33:31,,
2023,Toyota,RAV4,Cruiser (2Wd) Hybrid,Wagon,61930,Automatic,,50990,Hybrid,VIC,car/14892954/toyota/rav4/vic/camberwell/suv,2026-01-25T15:33:31,,
2024,Toyota,Corolla,Sx,Sedan,20185,Automatic,2026-06-16,33555,Unleaded,VIC,car/14865781/toyota/corolla/vic/heidelberg/sedan,2026-01-25T15:33:31,,
2024,Toyota,Yaris Cross,Urban Hybrid (Awd),Wagon,16915,Automatic,2026-05-26,43777,Hybrid,VIC,car/14837369/toyota/yaris-cross/vic/heidelberg/suv,2026-01-25T15:33:31,,
2023,Toyota,Kluger,Gx Hybrid Awd,Wagon,54592,Automatic,2026-06-16,54777,Hybrid,VIC,car/14865785/toyota/kluger/vic/heidelberg/suv,2026-01-25T15:33:31,,
2023,Toyota,Camry,Ascent Hybrid,Sedan,56178,Automatic,,33590,Hybrid,VIC,car/14870898/toyota/camry/vic/laverton-north/sedan,2026-01-25T15:33:31,,
2025,Toyota,RAV4,Edge (Awd) Hybrid,Wagon,15555,Automatic,,64990,Hybrid,VIC,car/14914240/toyota/rav4/vic/nunawading/suv,2026-01-25T15:33:31,,
2016,Toyota,Sienta,(HYBRID) G NHP170,SUV,103000,Automatic,,16790,Hybrid,VIC,car/14697295/toyota/sienta/vic/fawkner/suv,2026-01-25T15:33:31,,
2013,Toyota,Landcruiser Prado,Kakadu (4X4),Wagon,280295,Automatic,2026-04-15,34999,Diesel,VIC,car/14603866/toyota/landcruiser-prado/vic/ravenhall/suv,2026-01-25T15:33:31,,
2018,Toyota,Corolla,Zr,Hatchback,32967,Automatic,,24099,Unleaded,VIC,car/14755511/toyota/corolla/vic/laverton-north/hatchback,2026-01-25T15:33:31,,
2010,Toyota,RAV4,Cruiser (4X4),Wagon,123351,Automatic,2026-06-30,16900,Unleaded,VIC,car/14887294/toyota/rav4/vic/cheltenham/suv,2026-01-25T15:33:31,,
2007,Toyota,Tarago,Glx,Wagon,200420,Automatic,2025-11-30,11999,Unleaded,VIC,car/14608138/toyota/tarago/vic/avondale-heights/people-mover,2026-01-25T15:33:31,,
2015,Toyota,RAV4,Gx (4X4),Wagon,147103,Automatic,2026-01-12,19990,Unleaded,VIC,car/14696553/toyota/rav4/vic/murrumbeena/suv,2026-01-25T15:33:31,,
2000,Toyota,HiAce,LWB,Commercial,444224,Automatic,2026-09-14,11999,Diesel,VIC,car/14883439/toyota/hiace/vic/briar-hill/van,2026-01-25T15:33:31,,
2011,Toyota,Hilux,Sr,X Cab Pickup,227778,Automatic,,15999,Unleaded,VIC,car/14831094/toyota/hilux/vic/thomastown/extra-cab,2026-01-25T15:33:31,,
2015,Toyota,Kluger,Grande (4X4),Wagon,121200,Automatic,2026-06-26,30800,Unleaded,VIC,car/14704287/toyota/kluger/vic/essendon-fields/suv,2026-01-25T15:33:31,,
2013,Toyota,Corolla,Ascent Sport,Hatchback,147000,Automatic,2026-04-19,13999,Unleaded,VIC,car/14828715/toyota/corolla/vic/nunawading/hatchback,2026-01-25T15:33:31,,
2004,Toyota,Landcruiser,Gxl (4X4),Wagon,293000,Automatic,,15999,Unleaded,VIC,car/14696800/toyota/landcruiser/vic/brooklyn/suv,2026-01-25T15:33:31,,
2004,Toyota,Landcruiser Prado,Gxl (4X4),Wagon,276596,Manual,2025-10-22,14999,Unleaded,VIC,car/14678990/toyota/landcruiser-prado/vic/ravenhall/suv,2026-01-25T15:33:31,,
2020,Toyota,Alphard,SR (HYBRID) AYH30,SUV,79849,Automatic,1906-11-04,67990,Hybrid,VIC,car/14280937/toyota/alphard/vic/fawkner/suv,2026-01-25T15:33:31,,
2011,Toyota,Hilux,Workmate,Cab Chassis,234643,Manual,2026-03-29,11999,Unleaded,VIC,car/14630046/toyota/hilux/vic/altona-north/single-cab,2026-01-25T15:33:31,,
2008,Toyota,Kluger,Grande (4X4),Wagon,222586,Automatic,2026-03-29,10999,Unleaded,VIC,car/14715315/toyota/kluger/vic/altona-north/suv,2026-01-25T15:33:31,,
2024,Toyota,Corolla,Ascent Sport Hybrid,Sedan,51086,Automatic,,30444,Hybrid,VIC,car/14852836/toyota/corolla/vic/bundoora/sedan,2026-01-25T15:33:31,,
2020,Toyota,Prius-C,Hybrid,Hatchback,22999,Automatic,,24295,Hybrid,VIC,car/14881167/toyota/prius-c/vic/laverton-north/hatchback,2026-01-25T15:33:31,,
2023,Toyota,RAV4,Gx (2Wd) Hybrid,Wagon,51574,Automatic,,43990,Hybrid,VIC,car/14913603/toyota/rav4/vic/nunawading/suv,2026-01-25T15:33:31,,
2019,Toyota,Camry,Ascent,Sedan,125216,Automatic,2026-03-20,25990,Unleaded,VIC,car/14896279/toyota/camry/vic/thomastown/sedan,2026-01-25T15:33:31,,
2024,Toyota,RAV4,Gx (Awd) Hybrid,Wagon,8356,Automatic,,48999,Hybrid,VIC,car/14910632/toyota/rav4/vic/oakleigh/suv,2026-01-25T15:33:31,,
2019,Toyota,RAV4,Gxl 2Wd Hybrid,Wagon,97000,Automatic,,34998,Hybrid,VIC,car/14929272/toyota/rav4/vic/springvale/suv,2026-01-25T18:47:02,,
2017,Toyota,Prius-C,Hybrid,Hatchback,106052,Automatic,,19990,Hybrid,VIC,car/14920613/toyota/prius-c/vic/coburg-north/hatchback,2026-01-25T18:47:02,,
2015,Toyota,HiAce,Lwb,Van,220925,Automatic,,24990,Unleaded,VIC,car/14924984/toyota/hiace/vic/coburg-north/van,2026-01-25T18:47:02,,
2021,Toyota,Corolla,Ascent Sport Hybrid,Hatchback,96491,Automatic,,25490,Hybrid,VIC,car/14924983/toyota/corolla/vic/coburg-north/hatchback,2026-01-25T18:47:02,,
2024,Toyota,RAV4,Xse (2Wd) Hybrid Premium Paint,Wagon,47896,Automatic,2026-05-29,53868,Hybrid,VIC,car/14923442/toyota/rav4/vic/epping/suv,2026-01-25T18:47:02,,
2013,Toyota,Corolla,Ascent Sport,Hatchback,170351,Automatic,2026-03-21,14999,Unleaded,VIC,car/14928096/toyota/corolla/vic/laverton-north/hatchback,2026-01-25T18:47:02,,
2020,Toyota,Prius,ZVW55,Hatch,154000,Automatic,,20490,Hybrid,VIC,car/14919888/toyota/prius/vic/fawkner/hatchback,2026-01-25T18:47:02,,
2020,Toyota,HiAce,Slwb Commuter (12 Seats),Bus,116315,Automatic,,56990,Diesel,VIC,car/14801632/toyota/hiace/vic/coburg-north/people-mover,2026-01-25T18:47:02,,
2023,Toyota,Camry,Ascent,Sedan,53011,Automatic,,33450,Premium,VIC,car/14853235/toyota/camry/vic/moorabbin/sedan,2026-01-25T18:47:02,,
2020,Toyota,Camry,Ascent Sport (Hybrid),Sedan,91931,Automatic,,28690,Hybrid,VIC,car/14801164/toyota/camry/vic/laverton-north/sedan,2026-01-25T18:47:02,,
2022,Toyota,C-HR,Gxl (2Wd),Wagon,110920,Automatic,2026-05-03,26444,Premium,VIC,car/14851789/toyota/c-hr/vic/bundoora/suv,2026-01-25T18:47:02,,
2022,Toyota,Corolla,Ascent Sport Hybrid,Sedan,15163,Automatic,,31888,Hybrid,VIC,car/14885439/toyota/corolla/vic/camberwell/sedan,2026-01-25T18:47:02,,
2019,Toyota,Corolla,Zr,Hatchback,47336,Automatic,2026-06-04,28888,Unleaded,VIC,car/14916504/toyota/corolla/vic/mitcham/hatchback,2026-01-25T18:47:02,,
2024,Toyota,RAV4,Gx (2Wd) Hybrid,Wagon,21116,Automatic,2026-05-28,45777,Hybrid,VIC,car/14837914/toyota/rav4/vic/heidelberg/suv,2026-01-25T18:47:02,,
2021,Toyota,HiAce,Slwb Commuter (12 Seats),Bus,27135,Automatic,2026-04-22,65777,Diesel,VIC,car/14909530/toyota/hiace/vic/heidelberg/people-mover,2026-01-25T18:47:02,,
2022,Toyota,Hilux,SR5,Ute Tray,62430,Automatic,,63888,Diesel,VIC,car/14910630/toyota/hilux/vic/oakleigh/pickup,2026-01-25T18:47:02,,
2024,Toyota,RAV4,Gx (2Wd) Hybrid,Wagon,27695,Automatic,,46588,Hybrid,VIC,car/14913336/toyota/rav4/vic/oakleigh/suv,2026-01-25T18:47:02,,
2023,Toyota,RAV4,Cruiser (Awd) Hybrid,Wagon,17172,Automatic,,52390,Hybrid,VIC,car/14771699/toyota/rav4/vic/laverton-north/suv,2026-01-25T18:47:02,,
2020,Toyota,Corolla,Ascent Sport (Hybrid),Hatchback,150000,Automatic,2026-01-10,22000,Hybrid,VIC,car/14851150/toyota/corolla/vic/epping/hatchback,2026-01-25T18:47:02,,
2024,Toyota,Corolla Cross,Gx 2Wd,Wagon,25277,Automatic,2026-06-22,38777,Unleaded,VIC,car/14872668/toyota/corolla-cross/vic/heidelberg/suv,2026-01-25T18:47:02,,
2022,Toyota,Corolla,Ascent Sport Hybrid,Sedan,12196,Automatic,2026-06-23,32555,Hybrid,VIC,car/14881171/toyota/corolla/vic/heidelberg/sedan,2026-01-25T18:47:02,,
2021,Toyota,RAV4,Gx (2Wd) Hybrid,Wagon,97603,Automatic,2026-06-03,35777,Hybrid,VIC,car/14837665/toyota/rav4/vic/heidelberg/suv,2026-01-25T18:47:02,,
2021,Toyota,Corolla,Ascent Sport,Sedan,37100,Automatic,,26990,Unleaded,VIC,car/14898518/toyota/corolla/vic/nunawading/sedan,2026-01-25T18:47:02,,
2019,Toyota,Camry,Ascent,Sedan,95332,Automatic,2026-04-13,25888,Unleaded,VIC,car/14907506/toyota/camry/vic/essendon-fields/sedan,2026-01-25T18:47:02,,
2020,Toyota,Yaris,Sx,Hatchback,59547,Automatic,,23990,Unleaded,VIC,car/14903939/toyota/yaris/vic/mentone/hatchback,2026-01-25T18:47:02,,
2024,Toyota,Corolla,Ascent Sport,Sedan,16882,Automatic,2026-06-04,32555,Unleaded,VIC,car/14837919/toyota/corolla/vic/heidelberg/sedan,2026-01-25T18:47:02,,
2020,Toyota,Corolla,Ascent Sport (Hybrid),Hatchback,31621,Automatic,,29990,Hybrid,VIC,car/14904565/toyota/corolla/vic/nunawading/hatchback,2026-01-25T18:47:02,,
2019,Toyota,Hilux,Workmate,Cab Chassis,130918,Automatic,,26990,Unleaded,VIC,car/14851685/toyota/hilux/vic/coburg-north/single-cab,2026-01-25T18:47:02,,
2022,Toyota,RAV4,Edge (Awd) Hybrid,Wagon,58340,Automatic,,50999,Hybrid,VIC,car/14897285/toyota/rav4/vic/oakleigh/suv,2026-01-25T18:47:02,,
2024,Toyota,RAV4,Cruiser (2Wd) Hybrid,Wagon,11777,Automatic,2026-06-16,59555,Hybrid,VIC,car/14872666/toyota/rav4/vic/heidelberg/suv,2026-01-25T18:47:02,,
2020,Toyota,RAV4,Gxl (2Wd),Wagon,148883,Automatic,,30990,Unleaded,VIC,car/14837788/toyota/rav4/vic/coburg-north/suv,2026-01-25T18:47:02,,
2023,Toyota,RAV4,Cruiser (2Wd) Hybrid,Wagon,65986,Automatic,,54888,Hybrid,VIC,car/14913910/toyota/rav4/vic/deer-park/suv,2026-01-25T18:47:02,,
2025,Toyota,HiAce,Lwb,Van,480,Automatic,,62990,Diesel,VIC,car/14846271/toyota/hiace/vic/camberwell/van,2026-01-25T18:47:02,,
2013,Toyota,Camry,Altise,Sedan,283332,Automatic,,3500,Unleaded,VIC,car/14780038/toyota/camry/vic/ringwood/sedan,2026-01-25T18:47:02,,
2006,Toyota,RAV4,Cv (4X4),Wagon,179527,Automatic,2025-10-21,11450,Unleaded,VIC,car/14418509/toyota/rav4/vic/ringwood/suv,2026-01-25T18:47:02,,
2015,Toyota,Aqua,S,Hatch,86014,Automatic,,,Unleaded,VIC,car/14910637/toyota/aqua/vic/point-cook/hatchback,2026-01-25T18:47:02,,
2008,Toyota,Yaris,Yrs,Sedan,154173,Automatic,,7990,Unleaded,VIC,car/14664610/toyota/yaris/vic/dingley-village/sedan,2026-01-25T18:47:02,,
2016,Toyota,RAV4,Gxl (4X4),Wagon,302002,Manual,2024-10-15,15999,Diesel,VIC,car/13931455/toyota/rav4/vic/hoppers-crossing/suv,2026-01-25T18:47:02,,
2011,Toyota,Kluger,Grande (4X4),Wagon,232448,Automatic,2026-01-06,15999,Unleaded,VIC,car/14744819/toyota/kluger/vic/ringwood/suv,2026-01-25T18:47:02,,
2012,Toyota,Yaris,Yr,Hatchback,127840,Automatic,2026-04-15,13990,Unleaded,VIC,car/14705261/toyota/yaris/vic/ringwood/hatchback,2026-01-25T18:47:02,,
2008,Toyota,Estima,AERAS,Commercial,125624,Automatic,,13995,Unleaded,VIC,car/14757564/toyota/estima/vic/point-cook/van,2026-01-25T18:47:02,,
2009,Toyota,Hilux,SR,Ute Tray,305528,Manual,2025-08-11,11999,Diesel,VIC,car/14510304/toyota/hilux/vic/hoppers-crossing/pickup,2026-01-25T18:47:02,,
2020,Toyota,Crown,SC PACKAGE,Sedan,105794,Automatic,,34995,Unleaded,VIC,car/14757517/toyota/crown/vic/point-cook/limousine,2026-01-25T18:47:02,,
2017,Toyota,RAV4,Gx (2Wd),Wagon,134858,Automatic,2026-05-03,22990,Unleaded,VIC,car/14705190/toyota/rav4/vic/ringwood/suv,2026-01-25T18:47:02,,
2013,Toyota,Corolla,Ascent Sport,Hatchback,128356,Automatic,2026-04-12,18990,Unleaded,VIC,car/14705188/toyota/corolla/vic/ringwood/hatchback,2026-01-25T18:47:02,,
2007,Toyota,Corolla,Conquest,Hatchback,148441,Automatic,2026-04-30,12888,Unleaded,VIC,car/14579302/toyota/corolla/vic/ringwood/hatchback,2026-01-25T18:47:02,,
2018,Toyota,C-HR,,OtherCar,70671,,,27450,Other,VIC,car/14579282/toyota/c-hr/vic/ringwood/othercar,2026-01-25T18:47:02,,
2010,Toyota,Kluger,Kx-R (Fwd) 7 Seat,Wagon,305017,Automatic,2025-07-24,9999,Unleaded,VIC,car/14397637/toyota/kluger/vic/hoppers-crossing/suv,2026-01-25T18:47:02,,
2013,Toyota,86,GTS,Coupe,283669,Automatic,2023-07-26,20999,Premium,VIC,car/13195559/toyota/86/vic/hoppers-crossing/sportscar,2026-01-25T18:47:02,,
2023,Toyota,Voxy,HYBRID S-Z,SUV,197,Automatic,,57490,Hybrid,VIC,car/13939171/toyota/voxy/vic/moorabbin-airport/suv,2026-01-25T18:47:02,,
2022,Toyota,Raize,HYBRID G,SUV,73550,Automatic,,24995,Unleaded,VIC,car/14426129/toyota/raize/vic/point-cook/suv,2026-01-25T18:47:02,,
2019,Toyota,Hilux,Rugged X (4X4),Double Cab Pick Up,108000,Automatic,2026-04-23,48999,Diesel,VIC,car/14656349/toyota/hilux/vic/springvale/dual-cab,2026-01-25T18:47:02,,
2020,Toyota,Vitz,,OtherCar,63521,,,18888,Other,VIC,car/14705263/toyota/vitz/vic/ringwood/othercar,2026-01-25T18:47:02,,
2019,Toyota,C-HR,Koba (Awd),Hatchback,34123,Automatic,2026-07-25,27990,Premium,VIC,car/14716276/toyota/c-hr/vic/moorabbin-airport/suv,2026-01-25T18:47:02,,
2018,Toyota,C-HR,(HYBRID) ZYX10,SUV,93000,Automatic,,24990,Hybrid,VIC,car/14697301/toyota/c-hr/vic/fawkner/suv,2026-01-25T18:47:02,,
2022,Toyota,Probox,GX,SUV,97912,Automatic,,15995,Unleaded,VIC,car/14757563/toyota/probox/vic/point-cook/suv,2026-01-25T18:47:02,,
2013,Toyota,RAV4,Cruiser (4X4),Wagon,182353,Automatic,2026-03-27,19990,Unleaded,VIC,car/14705233/toyota/rav4/vic/ringwood/suv,2026-01-25T18:47:02,,
2017,Toyota,C-HR,Koba (Awd),Wagon,74746,Automatic,2025-11-16,25990,Premium,VIC,car/14705220/toyota/c-hr/vic/ringwood/suv,2026-01-25T18:47:02,,
2018,Toyota,Prius,A PREMIUM,Hatch,85236,Automatic,,24995,Unleaded,VIC,car/14757554/toyota/prius/vic/point-cook/hatchback,2026-01-25T18:47:02,,
2019,Toyota,C-HR,S LED PACKAGE,SUV,68526,Automatic,,25995,Other,VIC,car/14731086/toyota/c-hr/vic/point-cook/suv,2026-01-25T18:47:02,,
2014,Toyota,RAV4,Gxl (2Wd),Wagon,154082,Automatic,2026-03-30,19990,Unleaded,VIC,car/14705273/toyota/rav4/vic/ringwood/suv,2026-01-25T18:47:02,,
2018,Toyota,C-HR,S LED PACKAGE,SUV,87343,Automatic,,23995,Unleaded,VIC,car/14764861/toyota/c-hr/vic/point-cook/suv,2026-01-25T18:47:02,,
2008,Toyota,Hilux,SR,Ute Tray,251918,Automatic,2026-03-07,12499,Unleaded,VIC,car/14718808/toyota/hilux/vic/hoppers-crossing/pickup,2026-01-25T18:47:02,,
2021,Toyota,Kluger,Gx 2Wd,Wagon,130186,Automatic,,36990,Premium,VIC,car/14919093/toyota/kluger/vic/mentone/suv,2026-01-25T18:47:02,,
2015,Toyota,RAV4,Gx (4X4),Wagon,225994,Automatic,2027-01-26,14985,Unleaded,VIC,car/14929030/toyota/rav4/vic/ravenhall/suv,2026-01-25T18:47:02,,
2008,Toyota,Landcruiser Prado,GRANDE 4X4,SUV,353768,Automatic,2026-04-23,12999,Diesel,VIC,car/14928987/toyota/landcruiser-prado/vic/ringwood/suv,2026-01-25T18:47:02,,
2014,Toyota,Corolla,Ascent,Hatchback,131156,Automatic,2026-03-27,16990,Unleaded,VIC,car/14928395/toyota/corolla/vic/ringwood/hatchback,2026-01-25T18:47:02,,
2021,Toyota,Kluger,Gx 2Wd,Wagon,130436,Automatic,,36990,Premium,VIC,car/14919094/toyota/kluger/vic/mentone/suv,2026-01-25T18:47:02,,
2024,Toyota,RAV4,Edge (Awd) Hybrid,Wagon,52601,Automatic,,56990,Hybrid,VIC,car/14928391/toyota/rav4/vic/mentone/suv,2026-01-25T18:47:02,,
2021,Toyota,C-HR,Gr-S (2Wd) Hybrid,Wagon,59117,Automatic,2026-03-18,38380,Hybrid,VIC,car/14632431/toyota/c-hr/vic/burwood/suv,2026-01-25T18:47:02,,
2020,Toyota,C-HR,Koba (2Wd),Wagon,93000,Automatic,2025-10-20,28990,Premium,VIC,car/14640418/toyota/c-hr/vic/murrumbeena/suv,2026-01-25T18:47:02,,
2008,Toyota,Camry,Altise,Sedan,155357,Automatic,2026-06-17,12990,Unleaded,VIC,car/14705213/toyota/camry/vic/ringwood/sedan,2026-01-25T18:47:02,,
2020,Toyota,Alphard,EXECUTIVE LOUNGE S AYH30,SUV,49575,Automatic,,67888,Hybrid,VIC,car/14727617/toyota/alphard/vic/murrumbeena/suv,2026-01-25T18:47:02,,
1994,Toyota,Corolla,Csi Ltd,Hatchback,237754,Manual,,5999,Unleaded,VIC,car/14793468/toyota/corolla/vic/deer-park/hatchback,2026-01-25T18:47:02,,
2021,Toyota,Hilux,Workmate,Cab Chassis,75300,Automatic,2025-11-18,24990,Unleaded,VIC,car/14710952/toyota/hilux/vic/moorabbin-airport/single-cab,2026-01-25T18:47:02,,
2015,Toyota,Kluger,Grande (4X4),Wagon,118000,Automatic,,29800,Unleaded,VIC,car/14923495/toyota/kluger/vic/nunawading/suv,2026-01-25T18:47:02,,
2001,Toyota,Estima,,OtherCar,265000,Automatic,,7999,Other,VIC,car/14927034/toyota/estima/vic/moorabbin/othercar,2026-01-25T18:47:02,,
2015,Toyota,Aqua,S,Hatch,41991,Automatic,,,Unleaded,VIC,car/14925715/toyota/aqua/vic/point-cook/hatchback,2026-01-25T18:47:02,,
2004,Toyota,Landcruiser Prado,Vx (4X4),Wagon,332738,Automatic,,14999,Unleaded,VIC,car/14925251/toyota/landcruiser-prado/vic/ravenhall/suv,2026-01-25T18:47:02,,
2019,Toyota,Kluger,Gxl (4X4),Wagon,79380,Automatic,,38980,Unleaded,VIC,car/14924261/toyota/kluger/vic/springvale/suv,2026-01-25T18:47:02,UNCLASSIFIED,[OUT_OF_SCOPE]
2020,Toyota,RAV4,Cruiser (2Wd),Wagon,43047,Automatic,,36990,Unleaded,VIC,car/14925717/toyota/rav4/vic/mentone/suv,2026-01-25T18:47:02,UNCLASSIFIED,[OUT_OF_SCOPE]
2012,Toyota,Aqua,G,Hatch,53020,Automatic,,,Unleaded,VIC,car/14925270/toyota/aqua/vic/point-cook/hatchback,2026-01-25T18:47:02,UNCLASSIFIED,[NO_PRICE]
2013,Toyota,ESTIMA IMPORT,,OtherCar,125454,Automatic,2026-03-19,16999,Unleaded,VIC,car/14927069/toyota/estima-import/vic/ringwood/othercar,2026-01-25T18:47:02,UNCLASSIFIED,[OUT_OF_SCOPE]
2017,Toyota,Landcruiser,Vx (4X4),Wagon,84091,Automatic,,99990,Diesel,VIC,car/14921261/toyota/landcruiser/vic/mentone/suv,2026-01-25T18:47:02,UNCLASSIFIED,[OUT_OF_SCOPE]
2013,Toyota,Alphard,SR,Commercial,124563,Automatic,,,Unleaded,VIC,car/14919629/toyota/alphard/vic/point-cook/van,2026-01-25T18:47:02,UNCLASSIFIED,[NO_PRICE]
2023,Toyota,Camry,Ascent,Sedan,52209,Automatic,,,Premium,VIC,car/14920178/toyota/camry/vic/mentone/sedan,2026-01-25T18:47:02,UNCLASSIFIED,[NO_PRICE]
2017,Toyota,Corolla,Ascent,Hatchback,187000,Automatic,2026-04-04,14990,Unleaded,VIC,car/14929489/toyota/corolla/vic/preston/hatchback,2026-01-28T04:26:19,,
2011,Toyota,Corolla,Ascent,Sedan,129000,Automatic,,10499,Unleaded,VIC,car/14931025/toyota/corolla/vic/northcote/sedan,2026-01-28T04:26:19,,
2018,Toyota,RAV4,Gx (4X4),Wagon,146356,Automatic,,22990,Unleaded,VIC,car/14929465/toyota/rav4/vic/nunawading/suv,2026-01-28T04:26:19,,
2014,Toyota,Yaris,Ascent,Hatchback,63400,Automatic,2026-08-30,14990,Unleaded,VIC,car/14929492/toyota/yaris/vic/preston/hatchback,2026-01-28T04:26:19,,
2024,Toyota,HiAce,Lwb (4 Door Option),Van,1988,Automatic,2026-05-13,55990,Diesel,VIC,car/14898034/toyota/hiace/vic/nunawading/van,2026-01-28T04:26:19,,
2021,Toyota,Corolla,Sx Hybrid,Hatchback,60362,Automatic,,26499,Hybrid,VIC,car/14743637/toyota/corolla/vic/laverton-north/hatchback,2026-01-28T04:26:19,,
2019,Toyota,HiAce,Slwb,Van,143369,Automatic,,43990,Diesel,VIC,car/14867346/toyota/hiace/vic/coburg-north/van,2026-01-28T04:26:19,,
2020,Toyota,Hilux,Workmate,Double Cab Pick Up,118943,Automatic,,30990,Unleaded,VIC,car/14895079/toyota/hilux/vic/coburg-north/dual-cab,2026-01-28T04:26:19,,
2022,Toyota,Landcruiser Prado,Gxl,Wagon,90831,Automatic,2026-04-27,59990,Diesel,VIC,car/14859826/toyota/landcruiser-prado/vic/ferntree-gully/suv,2026-01-28T04:26:19,,
2024,Toyota,Corolla,Ascent Sport Hybrid,Sedan,21367,Automatic,,33990,Hybrid,VIC,car/14929855/toyota/corolla/vic/melbourne/sedan,2026-01-28T04:26:19,,
2024,Toyota,Corolla,Sx,Sedan,26030,Automatic,,32990,Unleaded,VIC,car/14929859/toyota/corolla/vic/melbourne/sedan,2026-01-28T04:26:19,,
2017,Toyota,Yaris,Ascent,Hatchback,124469,Automatic,,14880,Unleaded,VIC,car/14930133/toyota/yaris/vic/clayton-south/hatchback,2026-01-28T04:26:19,,
2014,Toyota,Corolla,Ascent Sport,Hatchback,95288,Automatic,2026-07-29,18990,Unleaded,VIC,car/14930283/toyota/corolla/vic/melbourne/hatchback,2026-01-28T04:26:19,,
2017,Toyota,Corolla,Ascent,Hatchback,49088,Automatic,2026-12-20,21990,Unleaded,VIC,car/14930486/toyota/corolla/vic/melbourne/hatchback,2026-01-28T04:26:19,,
2022,Toyota,Hilux,Workmate (4X2),Cab Chassis,90792,Automatic,2026-09-28,29990,Unleaded,VIC,car/14930487/toyota/hilux/vic/south-melbourne/single-cab,2026-01-28T04:26:19,,
2022,Toyota,Hilux,Workmate Hi-Rider (4X2),Cab Chassis,13150,Manual,2026-03-07,31788,Diesel,VIC,car/14930705/toyota/hilux/vic/airport-west/single-cab,2026-01-28T04:26:19,,
2013,Toyota,Hilux,Sr5 (4X4),Dual Cab Pick-up,397449,Automatic,2026-03-21,19990,Diesel,VIC,car/14931053/toyota/hilux/vic/oakleigh-south/dual-cab,2026-01-28T04:26:19,,
2021,Toyota,C-HR,Koba (2Wd) Hybrid,Wagon,195200,Automatic,2025-12-16,22990,Hybrid,VIC,car/14929516/toyota/c-hr/vic/maidstone/suv,2026-01-28T04:26:19,,
2011,Toyota,Landcruiser,Altitude Se,Wagon,489991,Automatic,2026-08-18,34990,Diesel,VIC,car/14929339/toyota/landcruiser/vic/moorabbin/suv,2026-01-28T04:26:19,,
2024,Toyota,Yaris,ZR HYBRID,Hatch,9951,,,38990,Hybrid,VIC,car/14929676/toyota/yaris/vic/elsternwick/hatchback,2026-01-28T04:26:19,,
2022,Toyota,Hilux,Sr5 (4X4),Double Cab Chassis,63488,Automatic,,63888,Diesel,VIC,car/14910630/toyota/hilux/vic/oakleigh/dual-cab,2026-01-28T04:26:19,,
2021,Toyota,Camry,Ascent Sport Hybrid,Sedan,138626,Automatic,2026-03-03,30990,Hybrid,VIC,car/14847856/toyota/camry/vic/melbourne/sedan,2026-01-28T04:26:19,,
2018,Toyota,HiAce,Commuter (12 Seats),Bus,37782,Automatic,,48990,Diesel,VIC,car/14835196/toyota/hiace/vic/coburg-north/people-mover,2026-01-28T04:26:19,,
2020,Toyota,RAV4,Gxl Awd Hybrid,Wagon,139325,Automatic,,33990,Hybrid,VIC,car/14900855/toyota/rav4/vic/coburg-north/suv,2026-01-28T04:26:19,,
2009,Toyota,Landcruiser,Gxl (4X4),Wagon,213137,Automatic,,53987,Diesel,VIC,car/14911769/toyota/landcruiser/vic/ferntree-gully/suv,2026-01-28T04:26:19,,
2023,Toyota,Kluger,Gx Hybrid Awd,Wagon,25999,Automatic,2025-12-10,55888,Hybrid,VIC,car/14908335/toyota/kluger/vic/essendon-fields/suv,2026-01-28T04:26:19,,
2024,Toyota,Landcruiser,Lc79 Workmate,Double Cab Chassis,1588,Automatic,2026-01-31,88888,Diesel,VIC,car/14843916/toyota/landcruiser/vic/keysborough/dual-cab,2026-01-28T04:26:19,,
2024,Toyota,BZ4X,Awd,Wagon,3233,Automatic,2026-04-30,49970,Electric,VIC,car/14922670/toyota/bz4x/vic/keysborough/suv,2026-01-28T04:26:19,,
2024,Toyota,Corolla Cross,Gx 2Wd Hybrid,Wagon,22296,Automatic,2026-01-14,41970,Hybrid,VIC,car/14922671/toyota/corolla-cross/vic/keysborough/suv,2026-01-28T04:26:19,,
2025,Toyota,Corolla Cross,Gxl 2Wd Hybrid,Wagon,8771,Automatic,2026-02-28,50970,Hybrid,VIC,car/14922669/toyota/corolla-cross/vic/keysborough/suv,2026-01-28T04:26:19,,
2024,Toyota,Hilux,Rogue 48V (4X4),Double Cab Pick Up,26123,Automatic,,68290,Hybrid,VIC,car/14916531/toyota/hilux/vic/laverton-north/dual-cab,2026-01-28T04:26:19,,
2012,Toyota,Kluger,Kx-R (Fwd) 7 Seat,Wagon,139969,Automatic,,15990,Unleaded,VIC,car/14929687/toyota/kluger/vic/dandenong/suv,2026-01-28T04:26:19,,
2013,Toyota,RAV4,Gx (4X4),Wagon,171948,Automatic,2026-11-14,17990,Unleaded,VIC,car/14929362/toyota/rav4/vic/west-footscray/suv,2026-01-28T04:26:19,,
2011,Toyota,RAV4,Cv (2Wd),Wagon,277821,Automatic,,11989,Unleaded,VIC,car/14929442/toyota/rav4/vic/maidstone/suv,2026-01-28T04:26:19,,
2005,Toyota,Landcruiser,Gxl (4X4),Wagon,253397,Automatic,2026-02-25,49990,Diesel,VIC,car/14929482/toyota/landcruiser/vic/west-footscray/suv,2026-01-28T04:26:19,,
2025,Toyota,Landcruiser Prado,Gxl,Wagon,19944,Automatic,2026-03-07,93970,Diesel,VIC,car/14928503/toyota/landcruiser-prado/vic/keysborough/suv,2026-01-28T04:26:19,,
2010,Toyota,RAV4,Cv (2Wd),Wagon,187352,Automatic,2026-06-11,12999,Unleaded,VIC,car/14923356/toyota/rav4/vic/altona-north/suv,2026-01-28T04:26:19,,
2022,Toyota,Hilux,Workmate (4X2),Cab Chassis,90652,Automatic,2026-05-31,28888,Unleaded,VIC,car/14927208/toyota/hilux/vic/keysborough/single-cab,2026-01-28T04:26:19,,
2006,Toyota,Corolla,Ascent,Sedan,224926,Automatic,2020-05-29,6999,Unleaded,VIC,car/14923353/toyota/corolla/vic/altona-north/sedan,2026-01-28T04:26:19,,
2008,Toyota,Landcruiser,Vx (4X4),Wagon,334392,Automatic,2026-12-18,39990,Diesel,VIC,car/14929361/toyota/landcruiser/vic/west-footscray/suv,2026-01-28T04:26:19,,
2005,Toyota,Yaris,Yrs,Hatchback,155945,Automatic,2026-06-13,7999,Unleaded,VIC,car/14923354/toyota/yaris/vic/altona-north/hatchback,2026-01-28T04:26:19,,
2024,Toyota,RAV4,Cruiser (Awd) Hybrid,Wagon,28487,Automatic,2026-01-20,61888,Hybrid,VIC,car/14867683/toyota/rav4/vic/deer-park/suv,2026-01-28T04:26:19,,
2023,Toyota,Kluger,Gx Hybrid Awd,Wagon,56394,Automatic,,52888,Hybrid,VIC,car/14883914/toyota/kluger/vic/tottenham/suv,2026-01-28T04:26:19,,
2010,Toyota,Voxy,,Wagon,124295,Automatic,,28500,Premium,VIC,car/14819061/toyota/voxy/vic/campbellfield/estatecar,2026-01-28T04:26:19,,
2017,Toyota,RAV4,Gxl (2Wd),Wagon,149406,Automatic,2026-05-01,23888,Unleaded,VIC,car/14890238/toyota/rav4/vic/tottenham/suv,2026-01-28T04:26:19,,
2022,Toyota,Camry,Ascent,Sedan,24959,Automatic,,36888,Premium,VIC,car/14818728/toyota/camry/vic/deer-park/sedan,2026-01-28T04:26:19,,
2018,Toyota,Corolla,Ascent,Sedan,29259,Automatic,,24999,Unleaded,VIC,car/14929671/toyota/corolla/vic/berwick/sedan,2026-01-28T04:26:19,,
2020,Toyota,RAV4,Gxl (2Wd),Wagon,94833,Automatic,,32999,Unleaded,VIC,car/14929898/toyota/rav4/vic/berwick/suv,2026-01-28T04:26:19,,
2023,Toyota,Landcruiser,Lc300 Sahara (4X4),Wagon,17880,Automatic,,143999,Diesel,VIC,car/14930030/toyota/landcruiser/vic/berwick/suv,2026-01-28T04:26:19,,
2022,Toyota,Yaris Cross,Gx,Wagon,109744,Automatic,,24999,Unleaded,VIC,car/14930032/toyota/yaris-cross/vic/berwick/suv,2026-01-28T04:26:19,,
2021,Toyota,RAV4,Gxl (2Wd) Hybrid,Wagon,59715,Automatic,,40990,Hybrid,VIC,car/14930124/toyota/rav4/vic/frankston/suv,2026-01-28T04:26:19,,
2024,Toyota,RAV4,Gx (2Wd) Hybrid,Wagon,17935,Automatic,,45999,Hybrid,VIC,car/14930328/toyota/rav4/vic/berwick/suv,2026-01-28T04:26:19,,
2021,Toyota,RAV4,Gx Awd Hybrid,Wagon,84001,Automatic,2026-11-26,21780,Hybrid,VIC,car/14930942/toyota/rav4/vic/berwick/suv,2026-01-28T04:26:19,,
2021,Toyota,Kluger,Gx Awd,Wagon,84890,Automatic,,40888,Premium,VIC,car/14923980/toyota/kluger/vic/cranbourne/suv,2026-01-28T04:26:19,,
2022,Toyota,Hilux,Sr (4X4),Double Cab Pick Up,68987,Automatic,,50990,Diesel,VIC,car/14928251/toyota/hilux/vic/frankston/dual-cab,2026-01-28T04:26:19,,
2021,Toyota,Hilux,Sr5 (4X4),Double Cab Pick Up,149409,Automatic,,48990,Diesel,VIC,car/14928250/toyota/hilux/vic/frankston/dual-cab,2026-01-28T04:26:19,,
2021,Toyota,Landcruiser Prado,Gxl,Wagon,98486,Automatic,,61888,Diesel,VIC,car/14915017/toyota/landcruiser-prado/vic/cranbourne/suv,2026-01-28T04:26:19,,
2023,Toyota,Corolla,Ascent Sport,Hatchback,52243,Automatic,2026-06-15,28490,Unleaded,VIC,car/14856349/toyota/corolla/vic/melbourne/hatchback,2026-01-28T04:26:19,,
2018,Toyota,Corolla,Ascent,Hatchback,102952,Automatic,,20990,Unleaded,VIC,car/14808990/toyota/corolla/vic/frankston/hatchback,2026-01-28T04:26:19,,
2020,Toyota,C-HR,Koba (2Wd) Hybrid,Wagon,83623,Automatic,,33990,Hybrid,VIC,car/14806924/toyota/c-hr/vic/hoppers-crossing/suv,2026-01-28T04:26:19,,
2018,Toyota,Hilux,Sr (4X4),Dual Cab Chassis,94769,Automatic,,38975,Diesel,VIC,car/14929921/toyota/hilux/vic/officer/dual-cab,2026-01-28T04:26:19,,
2022,Toyota,Kluger,Gx 2Wd,Wagon,97055,Automatic,,38999,Premium,VIC,car/14930232/toyota/kluger/vic/melton/suv,2026-01-28T04:26:19,,
2025,Toyota,HiAce,Lwb (4 Door) Barn Door,Van,30877,Automatic,2026-03-05,55990,Diesel,VIC,car/14930312/toyota/hiace/vic/mornington/van,2026-01-28T04:26:19,,
2017,Toyota,Hilux,Sr (4X4),Dual Cab Chassis,104589,Automatic,,37975,Diesel,VIC,car/14930769/toyota/hilux/vic/officer/dual-cab,2026-01-28T04:26:19,,
2022,Toyota,Hilux,Sr (4X4),Double Cab Chassis,147648,Automatic,,45990,Diesel,VIC,car/14928692/toyota/hilux/vic/mornington/dual-cab,2026-01-28T04:26:19,,
2021,Toyota,Corolla,Ascent Sport Hybrid,Hatchback,65376,Automatic,,26788,Hybrid,VIC,car/14792555/toyota/corolla/vic/airport-west/hatchback,2026-01-28T04:26:19,,
2021,Toyota,Hilux,Sr (4X4),Double Cab Chassis,108041,Automatic,,42975,Diesel,VIC,car/14929799/toyota/hilux/vic/officer/dual-cab,2026-01-28T04:26:19,,
2019,Toyota,Corolla,Ascent Sport (Hybrid),Hatchback,69919,Automatic,2026-01-07,24888,Hybrid,VIC,car/14899533/toyota/corolla/vic/burwood/hatchback,2026-01-28T04:26:19,,
2022,Toyota,Camry,Ascent,Sedan,44491,Automatic,2026-02-25,31777,Premium,VIC,car/14719412/toyota/camry/vic/burwood/sedan,2026-01-28T04:26:19,,
2018,Toyota,Camry,Ascent Sport,Sedan,89812,Automatic,2026-02-26,24990,Unleaded,VIC,car/14930367/toyota/camry/vic/nunawading/sedan,2026-01-28T04:26:19,,
2016,Toyota,Landcruiser Prado,Gxl (4X4),Wagon,109719,Automatic,,48990,Diesel,VIC,car/14930659/toyota/landcruiser-prado/vic/nunawading/suv,2026-01-28T04:26:19,,
2023,Toyota,RAV4,Gx (2Wd),Wagon,48186,Automatic,,38990,Unleaded,VIC,car/14930876/toyota/rav4/vic/camberwell/suv,2026-01-28T04:26:19,,
2022,Toyota,Corolla,Ascent Sport Hybrid,Hatchback,31923,Automatic,2026-05-16,30777,Hybrid,VIC,car/14926347/toyota/corolla/vic/heidelberg/hatchback,2026-01-28T04:26:19,,
2022,Toyota,Corolla,Ascent Sport Hybrid,Hatchback,23525,Automatic,2026-05-11,31777,Hybrid,VIC,car/14926334/toyota/corolla/vic/heidelberg/hatchback,2026-01-28T04:26:19,,
2021,Toyota,RAV4,Cruiser (Awd) Hybrid,Wagon,50276,Automatic,2026-07-08,47555,Hybrid,VIC,car/14928861/toyota/rav4/vic/heidelberg/suv,2026-01-28T04:26:19,,
2018,Toyota,Corolla,Ascent,Sedan,25359,Automatic,,23990,Unleaded,VIC,car/14926530/toyota/corolla/vic/nunawading/sedan,2026-01-28T04:26:19,,
1975,Toyota,Landcruiser,FJ45 4WD,Ute Tray,114794,Manual,,49990,Unleaded,VIC,car/14879076/toyota/landcruiser/vic/ringwood/pickup,2026-01-28T04:26:19,,
2015,Toyota,Kluger,Gxl (4X4),Wagon,229000,Automatic,,18000,Unleaded,VIC,car/14881897/toyota/kluger/vic/nunawading/suv,2026-01-28T04:26:19,,
2021,Toyota,C-HR,Gxl (2Wd),Wagon,111275,Automatic,,26990,Premium,VIC,car/14913607/toyota/c-hr/vic/nunawading/suv,2026-01-28T04:26:19,,
2022,Toyota,RAV4,Gx (2Wd) Hybrid,Wagon,43491,Automatic,,41990,Hybrid,VIC,car/14913604/toyota/rav4/vic/nunawading/suv,2026-01-28T04:26:19,,
2006,Toyota,Camry,Altise,Sedan,161000,Automatic,,7800,Unleaded,VIC,car/14860923/toyota/camry/vic/nunawading/sedan,2026-01-28T04:26:19,,
2019,Toyota,Corolla,Ascent Sport,Hatchback,44610,Automatic,,25990,Unleaded,VIC,car/14920626/toyota/corolla/vic/nunawading/hatchback,2026-01-28T04:26:19,,
2018,Toyota,C-HR,,OtherCar,78735,,,27888,Other,VIC,car/14579286/toyota/c-hr/vic/ringwood/othercar,2026-01-28T04:26:19,,
2017,Toyota,Vitz,F (HYBRID) NHP130,Hatch,85625,Automatic,,16888,Hybrid,VIC,car/14756363/toyota/vitz/vic/murrumbeena/hatchback,2026-01-28T04:26:19,,
2012,Toyota,RAV4,Cruiser (4X4),Wagon,120336,Automatic,,17990,Unleaded,VIC,car/14912400/toyota/rav4/vic/bentleigh/suv,2026-01-28T04:26:19,,
2008,Toyota,Camry,Altise,Sedan,245000,Automatic,,6999,Unleaded,VIC,car/14865174/toyota/camry/vic/moorabbin/sedan,2026-01-28T04:26:19,,
2013,Toyota,Camry,Altise,Sedan,176323,Automatic,2025-11-30,14990,Unleaded,VIC,car/14705138/toyota/camry/vic/ringwood/sedan,2026-01-28T04:26:19,,
2012,Toyota,Aurion,Sportivo Sx6,Sedan,153738,Automatic,2026-03-18,14990,Unleaded,VIC,car/14912397/toyota/aurion/vic/oakleigh-south/sedan,2026-01-28T04:26:19,,
2018,Toyota,Corolla,Ascent Sport,Hatchback,139975,Automatic,,19888,Unleaded,VIC,car/14923366/toyota/corolla/vic/oakleigh/hatchback,2026-01-28T04:26:19,,
2020,Toyota,RAV4,Cruiser 2Wd Hybrid,Wagon,93486,Automatic,,42888,Hybrid,VIC,car/14923975/toyota/rav4/vic/oakleigh/suv,2026-01-28T04:26:19,,
2017,Toyota,Camry,Rz S.E.,Sedan,161431,Automatic,,19999,Unleaded,VIC,car/14926635/toyota/camry/vic/oakleigh/sedan,2026-01-28T04:26:19,,
2008,Toyota,Landcruiser,Gx (4X4),Cab Chassis,342300,Manual,2026-06-30,36890,Diesel,VIC,car/14925075/toyota/landcruiser/vic/essendon-fields/single-cab,2026-01-28T04:26:19,,
2003,Toyota,Landcruiser Prado,GXL 4X4,SUV,406136,Automatic,2026-05-22,16990,Diesel,VIC,car/14925865/toyota/landcruiser-prado/vic/ringwood/suv,2026-01-28T04:26:19,,
2025,Toyota,Corolla,Ascent Sport Hybrid,Hatchback,24027,Automatic,,35888,Hybrid,VIC,car/14922146/toyota/corolla/vic/oakleigh/hatchback,2026-01-28T04:26:19,UNCLASSIFIED,[OUT_OF_SCOPE]
2021,Toyota,Hilux,Workmate,Cab Chassis,55174,Automatic,,28888,Unleaded,VIC,car/14926636/toyota/hilux/vic/oakleigh/single-cab,2026-01-28T04:26:19,UNCLASSIFIED,[OUT_OF_SCOPE]
2019,Toyota,Landcruiser,Lc200 Sahara (4X4),Wagon,195402,Automatic,2026-07-30,,Diesel,VIC,car/14928694/toyota/landcruiser/vic/ferntree-gully/suv,2026-01-28T04:26:19,UNCLASSIFIED,[NO_PRICE]
2024,Toyota,Corolla Cross,Atmos 2Wd Hybrid,Wagon,34875,Automatic,,48990,Hybrid,VIC,car/14928703/toyota/corolla-cross/vic/south-melbourne/suv,2026-01-28T04:26:19,UNCLASSIFIED,[OUT_OF_SCOPE]
2022,Toyota,Corolla Cross,HYBRID G,SUV,59910,Automatic,,35990,Other,VIC,car/14579295/toyota/corolla-cross/vic/ringwood/suv,2026-01-28T04:26:19,UNCLASSIFIED,[OUT_OF_SCOPE]
2021,Toyota,Camry,Ascent,Sedan,87515,Automatic,2025-11-18,25990,Premium,VIC,car/14750911/toyota/camry/vic/ringwood/sedan,2026-01-28T04:26:19,UNCLASSIFIED,[AMBIG_FUEL]
2015,Toyota,Kluger,Gxl (4X2),Wagon,145000,Automatic,2026-05-26,24000,Unleaded,VIC,car/14696757/toyota/kluger/vic/springvale/suv,2026-01-28T04:26:19,UNCLASSIFIED,[OUT_OF_SCOPE]
2017,Toyota,Corolla,Zr,Hatchback,98790,Automatic,2025-12-29,21888,Unleaded,VIC,car/14929703/toyota/corolla/vic/ringwood/hatchback,2026-01-28T04:26:19,UNCLASSIFIED,[OUT_OF_SCOPE]
2012,Toyota,Kluger,Kx-R (Fwd) 7 Seat,Wagon,164563,Automatic,2026-02-21,16990,Unleaded,VIC,car/14929935/toyota/kluger/vic/ringwood/suv,2026-01-28T04:26:19,UNCLASSIFIED,[OUT_OF_SCOPE]
2024,Toyota,Kluger,Gxl Hybrid Awd,Wagon,7250,Automatic,,73980,Hybrid,VIC,car/14930176/toyota/kluger/vic/oakleigh/suv,2026-01-28T04:26:19,UNCLASSIFIED,[OUT_OF_SCOPE]
2025,Toyota,Kluger,Gxl Hybrid Awd,Wagon,5518,Automatic,,74980,Hybrid,VIC,car/14930177/toyota/kluger/vic/oakleigh/suv,2026-01-28T04:26:19,UNCLASSIFIED,[OUT_OF_SCOPE]
2017,Toyota,Corolla,Ascent,Hatchback,159459,Automatic,2026-04-14,18950,Unleaded,VIC,car/14930197/toyota/corolla/vic/ringwood/hatchback,2026-01-28T04:26:19,toyota_corolla_hatch_petrol_auto_ascent_fwd_2016_2018,[OK]
2023,Toyota,RAV4,Cruiser (Awd) Hybrid,Wagon,30322,Automatic,2026-05-23,55990,Hybrid,VIC,car/14930484/toyota/rav4/vic/south-melbourne/suv,2026-01-28T04:26:19,UNCLASSIFIED,[AMBIG_BADGE]
2008,Toyota,Yaris,,OtherCar,158320,,2026-02-19,8999,Other,VIC,car/14924655/toyota/yaris/vic/fawkner/othercar,2026-01-28T04:26:19,UNCLASSIFIED,[OUT_OF_SCOPE]
2011,Toyota,Kluger,Kx-S (Fwd),Wagon,180520,Automatic,2026-07-15,18990,Unleaded,VIC,car/14924550/toyota/kluger/vic/ringwood/suv,2026-01-28T04:26:19,UNCLASSIFIED,[OUT_OF_SCOPE]
2019,Toyota,Landcruiser,Lc200 Sahara (4X4),Wagon,65740,Automatic,2027-01-13,131990,Diesel,VIC,car/14928695/toyota/landcruiser/vic/ferntree-gully/suv,2026-01-28T04:26:19,UNCLASSIFIED,[OUT_OF_SCOPE]
2018,Toyota,RAV4,Gxl (4X4),Wagon,113732,Automatic,,26980,Unleaded,VIC,car/14926288/toyota/rav4/vic/springvale/suv,2026-01-28T04:26:19,toyota_rav4_suv_petrol_auto_gxl_4x4_2013_2023,[OK]
2021,Toyota,RAV4,Gxl (Awd) Hybrid,Wagon,127652,Automatic,,38888,Hybrid,VIC,car/14922593/toyota/rav4/vic/oakleigh/suv,2026-01-28T04:26:19,toyota_rav4_suv_hybrid_auto_gxl_4x4_2013_2023,[OK]
2016,Toyota,RAV4,Gx (2Wd),Wagon,137282,Automatic,2026-11-06,21999,Unleaded,VIC,car/14926850/toyota/rav4/vic/ringwood/suv,2026-01-28T04:26:19,toyota_rav4_suv_petrol_auto_gx_fwd_2013_2023,[OK]
2021,Toyota,Corolla,TOURING (HYBRID) G-X,SUV,88407,Automatic,,21499,Hybrid,VIC,car/14935673/toyota/corolla/vic/st-kilda/suv,2026-01-30T01:30:27,,
2017,Toyota,Corolla,Ascent,Hatchback,64594,Automatic,2026-12-03,20990,Unleaded,VIC,car/14934487/toyota/corolla/vic/camberwell/hatchback,2026-01-30T01:30:27,,
2025,Toyota,GR Yaris,Gts,Hatchback,6000,Manual,2026-08-14,60990,Premium,VIC,car/14933894/toyota/gr-yaris/vic/camberwell/hatchback,2026-01-30T01:30:27,,
2024,Toyota,Corolla,Ascent Sport,Sedan,43939,Automatic,,27950,Unleaded,VIC,car/14931717/toyota/corolla/vic/moorabbin/sedan,2026-01-30T01:30:27,,
2018,Toyota,Prius,Hybrid,Hatchback,58565,Automatic,,25950,Hybrid,VIC,car/14933020/toyota/prius/vic/elsternwick/hatchback,2026-01-30T01:30:27,,
2023,Toyota,Kluger,Gx 2Wd,Wagon,37137,Automatic,,43750,Unleaded,VIC,car/14882131/toyota/kluger/vic/elsternwick/suv,2026-01-30T01:30:27,,
2023,Toyota,Hilux,Workmate (4X2),Cab Chassis,5347,Automatic,2024-07-28,35490,Unleaded,VIC,car/14830111/toyota/hilux/vic/camberwell/single-cab,2026-01-30T01:30:27,,
2010,Toyota,Landcruiser Prado,Kakadu (4X4),Wagon,225062,Automatic,,35999,Diesel,VIC,car/14913663/toyota/landcruiser-prado/vic/laverton-north/suv,2026-01-30T01:30:27,,
2009,Toyota,Yaris,Yr,Hatchback,108612,Automatic,2025-11-18,6990,Unleaded,VIC,car/14844914/toyota/yaris/vic/maidstone/hatchback,2026-01-30T01:30:27,,
2018,Toyota,Landcruiser Prado,Gxl (4X4),Wagon,127207,Automatic,,57888,Diesel,VIC,car/14887289/toyota/landcruiser-prado/vic/oakleigh/suv,2026-01-30T01:30:27,,
2025,Toyota,RAV4,Gx (2Wd) Hybrid,Wagon,13900,Automatic,,46888,Hybrid,VIC,car/14919958/toyota/rav4/vic/oakleigh/suv,2026-01-30T01:30:27,,
2009,Toyota,RAV4,Cv (4X4),Wagon,225531,Automatic,,10990,Unleaded,VIC,car/14792274/toyota/rav4/vic/west-footscray/suv,2026-01-30T01:30:27,,
2010,Toyota,Camry,Altise,Sedan,129000,Automatic,,7499,Unleaded,VIC,car/14933333/toyota/camry/vic/northcote/sedan,2026-01-30T01:30:27,,
2018,Toyota,RAV4,Gx (2Wd),Wagon,107918,Automatic,2026-04-15,25880,Unleaded,VIC,car/14931749/toyota/rav4/vic/melbourne/suv,2026-01-30T01:30:27,,
2006,Toyota,HiAce,LWB,Commercial,249000,Automatic,,12499,Premium,VIC,car/14933414/toyota/hiace/vic/northcote/van,2026-01-30T01:30:27,,
2020,Toyota,Corolla,Ascent Sport (Hybrid),Sedan,13045,Automatic,2026-07-29,29990,Hybrid,VIC,car/14932553/toyota/corolla/vic/melbourne/sedan,2026-01-30T01:30:27,,
2023,Toyota,C-HR,Gxl (2Wd),Wagon,64143,Automatic,2026-04-29,32970,Premium,VIC,car/14933882/toyota/c-hr/vic/keysborough/suv,2026-01-30T01:30:27,,
2024,Toyota,RAV4,Gx (2Wd) Hybrid,Wagon,12379,Automatic,2026-04-23,47970,Hybrid,VIC,car/14933887/toyota/rav4/vic/keysborough/suv,2026-01-30T01:30:27,,
2014,Toyota,Prius C,Hybrid,Hatchback,218230,Automatic,2026-07-11,10222,Hybrid,VIC,car/14933636/toyota/prius-c/vic/mordialloc/hatchback,2026-01-30T01:30:27,,
2013,Toyota,86,Gts,Coupe,180390,Automatic,2026-01-21,17990,Premium,VIC,car/14933638/toyota/86/vic/mordialloc/coupe,2026-01-30T01:30:27,,
2022,Toyota,C-HR,Koba (2Wd) Hybrid,Wagon,71819,Automatic,2026-04-29,37470,Hybrid,VIC,car/14931942/toyota/c-hr/vic/keysborough/suv,2026-01-30T01:30:27,,
2007,Toyota,Corolla,Ultima,Sedan,269000,Automatic,,5999,Unleaded,VIC,car/14933314/toyota/corolla/vic/northcote/sedan,2026-01-30T01:30:27,,
2024,Toyota,RAV4,Cruiser (Awd) Hybrid,Wagon,15904,Automatic,2026-03-07,61777,Hybrid,VIC,car/14932776/toyota/rav4/vic/melbourne/suv,2026-01-30T01:30:27,,
2012,Toyota,Hilux,Workmate,Cab Chassis,257959,Manual,2026-08-29,9999,Unleaded,VIC,car/14923357/toyota/hilux/vic/altona-north/single-cab,2026-01-30T01:30:27,,
2014,Toyota,86,Gt,Coupe,187081,Manual,2026-06-30,17990,Premium,VIC,car/14890141/toyota/86/vic/ringwood/coupe,2026-01-30T01:30:27,,
2022,Toyota,Corolla,Ascent Sport Hybrid,Hatchback,11630,Automatic,,31990,Hybrid,VIC,car/14852395/toyota/corolla/vic/south-melbourne/hatchback,2026-01-30T01:30:27,,
2024,Toyota,RAV4,Gx (2Wd) Hybrid,Wagon,48073,Automatic,,44990,Hybrid,VIC,car/14932153/toyota/rav4/vic/frankston/suv,2026-01-30T01:30:27,,
2017,Toyota,Hilux,Sr (4X4),Dual Cab Chassis,309000,Manual,2026-03-03,29990,Diesel,VIC,car/14933250/toyota/hilux/vic/tullamarine/dual-cab,2026-01-30T01:30:27,,
2015,Toyota,Kluger,Grande (4X4),Wagon,110246,Automatic,2026-03-21,27999,Unleaded,VIC,car/14932306/toyota/kluger/vic/carrum-downs/suv,2026-01-30T01:30:27,,
2024,Toyota,RAV4,Gx (2Wd) Hybrid,Wagon,53809,Automatic,,45500,Hybrid,VIC,car/14931497/toyota/rav4/vic/narre-warren/suv,2026-01-30T01:30:27,,
2019,Toyota,HiAce,Lwb,Van,110761,Automatic,,47888,Diesel,VIC,car/14929759/toyota/hiace/vic/deer-park/van,2026-01-30T01:30:27,,
2020,Toyota,Landcruiser,Lc200 Sahara Horizon Se (4X4),Wagon,87972,Automatic,2026-03-18,127800,Diesel,VIC,car/14932526/toyota/landcruiser/vic/berwick/suv,2026-01-30T01:30:27,,
2021,Toyota,RAV4,Gx (2Wd) Hybrid,Wagon,22091,Automatic,,40990,Hybrid,VIC,car/14932155/toyota/rav4/vic/frankston/suv,2026-01-30T01:30:27,,
2020,Toyota,RAV4,Gx Awd Hybrid,Wagon,119613,Automatic,,34990,Hybrid,VIC,car/14933319/toyota/rav4/vic/derrimut/suv,2026-01-30T01:30:27,,
2017,Toyota,HiAce,Lwb,Van,201289,Manual,,24990,Diesel,VIC,car/14933271/toyota/hiace/vic/coburg-north/van,2026-01-30T01:30:27,,
2011,Toyota,Corolla,Levin Zr,Hatchback,96066,Automatic,2026-03-31,15880,Unleaded,VIC,car/14935961/toyota/corolla/vic/maidstone/hatchback,2026-01-30T01:30:27,,
2016,Toyota,Estima,ACR50 8 SEATER,SUV,108040,Automatic,,28990,Unleaded,VIC,car/14935866/toyota/estima/vic/clayton-south/suv,2026-01-30T01:30:27,,
2002,Toyota,RAV4,Cruiser (4X4),Wagon,152800,Automatic,,7999,Unleaded,VIC,car/14934660/toyota/rav4/vic/dandenong/suv,2026-01-30T01:30:27,,
2024,Toyota,C-HR,Gxl Hybrid,Wagon,29252,Automatic,2026-04-30,44970,Hybrid,VIC,car/14933883/toyota/c-hr/vic/keysborough/suv,2026-01-30T01:30:27,,
2015,Toyota,Landcruiser Prado,Gxl (4X4),Wagon,245838,Automatic,2026-05-21,33800,Diesel,VIC,car/14935950/toyota/landcruiser-prado/vic/berwick/suv,2026-01-30T01:30:27,,
2018,Toyota,Hilux,Sr (4X4),Dual Cab Utility,145307,Automatic,,36090,Diesel,VIC,car/14934479/toyota/hilux/vic/laverton-north/dual-cab,2026-01-30T01:30:27,,
2023,Toyota,Corolla Cross,Gx 2Wd,Wagon,62603,Automatic,,34990,Unleaded,VIC,car/14931498/toyota/corolla-cross/vic/narre-warren/suv,2026-01-30T01:30:27,,
2014,Toyota,Yaris,Ascent,Hatchback,94164,Automatic,2026-03-01,15969,Unleaded,VIC,car/14932898/toyota/yaris/vic/tullamarine/hatchback,2026-01-30T01:30:27,,
2020,Toyota,Fortuner,Crusade,Wagon,42891,Automatic,,55990,Diesel,VIC,car/14932217/toyota/fortuner/vic/south-morang/suv,2026-01-30T01:30:27,,
2022,Toyota,Fortuner,Gx,Wagon,77210,Automatic,,48888,Diesel,VIC,car/14931393/toyota/fortuner/vic/narre-warren/suv,2026-01-30T01:30:27,,
2024,Toyota,C-HR,Gxl Hybrid,Wagon,32631,Automatic,,42990,Hybrid,VIC,car/14932149/toyota/c-hr/vic/frankston/suv,2026-01-30T01:30:27,,
2022,Toyota,Corolla,Ascent Sport Hybrid,Hatchback,60388,Automatic,,28990,Hybrid,VIC,car/14933273/toyota/corolla/vic/coburg-north/hatchback,2026-01-30T01:30:27,,
2025,Toyota,Landcruiser,Lc79 Gxl + Diff Locks,Cab Chassis,14986,Manual,2026-10-13,112970,Diesel,VIC,car/14917762/toyota/landcruiser/vic/keysborough/single-cab,2026-01-30T01:30:27,,
2018,Toyota,Camry,Ascent,Sedan,228749,Automatic,2026-04-26,15990,Unleaded,VIC,car/14935958/toyota/camry/vic/maidstone/sedan,2026-01-30T01:30:27,,
2011,Toyota,Yaris,Yr,Hatchback,150515,Automatic,,9990,Unleaded,VIC,car/14935960/toyota/yaris/vic/maidstone/hatchback,2026-01-30T01:30:27,,
2019,Toyota,C-HR,,SUV,100774,Automatic,,23290,Unleaded,VIC,car/14828186/toyota/c-hr/vic/laverton-north/suv,2026-01-30T01:30:27,,
2013,Toyota,FJ Cruiser,,Wagon,154168,Automatic,2026-04-04,41990,Premium,VIC,car/14823842/toyota/fj-cruiser/vic/frankston/suv,2026-01-30T01:30:27,,
2019,Toyota,Hilux,Workmate,Cab Chassis,169450,Automatic,,24990,Unleaded,VIC,car/14823637/toyota/hilux/vic/coburg-north/single-cab,2026-01-30T01:30:27,,
2024,Toyota,Camry,Ascent Hybrid,Sedan,37255,Automatic,,42888,Hybrid,VIC,car/14833081/toyota/camry/vic/deer-park/sedan,2026-01-30T01:30:27,,
2018,Toyota,C-HR,G MODE NERO,SUV,67558,Automatic,,24995,Unleaded,VIC,car/14881929/toyota/c-hr/vic/maidstone/suv,2026-01-30T01:30:27,,
2020,Toyota,Camry,Ascent Sport,Sedan,91447,Automatic,2026-06-29,27997,Unleaded,VIC,car/14830279/toyota/camry/vic/fawkner/sedan,2026-01-30T01:30:27,,
2016,Toyota,HiAce,Commuter,Bus,90224,Automatic,,49990,Unleaded,VIC,car/14895226/toyota/hiace/vic/coburg-north/people-mover,2026-01-30T01:30:27,,
2021,Toyota,Camry,Ascent Hybrid,Sedan,46579,Automatic,,30690,Hybrid,VIC,car/14833297/toyota/camry/vic/laverton-north/sedan,2026-01-30T01:30:27,,
2024,Toyota,Hilux,Rogue 48V (4X4),Double Cab Pick Up,40001,Automatic,,68990,Hybrid,VIC,car/14924215/toyota/hilux/vic/frankston/dual-cab,2026-01-30T01:30:27,,
2018,Toyota,Landcruiser,Gxl (4X4),Double Cab Chassis,235305,Manual,,79990,Diesel,VIC,car/14918381/toyota/landcruiser/vic/frankston/dual-cab,2026-01-30T01:30:27,,
2023,Toyota,Landcruiser,Lc300 Sahara Zx (4X4),Wagon,41432,Automatic,2026-06-29,145888,Diesel,VIC,car/14919278/toyota/landcruiser/vic/deer-park/suv,2026-01-30T01:30:27,,
2022,Toyota,Kluger,Grande Hybrid Awd,Wagon,43591,Automatic,,66888,Hybrid,VIC,car/14881859/toyota/kluger/vic/deer-park/suv,2026-01-30T01:30:27,,
2022,Toyota,Landcruiser,Lc300 Vx (4X4),Wagon,79287,Automatic,,118999,Diesel,VIC,car/14934793/toyota/landcruiser/vic/berwick/suv,2026-01-30T01:30:27,,
2024,Toyota,C-HR,Gxl Hybrid,Wagon,29540,Automatic,,43990,Hybrid,VIC,car/14933806/toyota/c-hr/vic/cranbourne/suv,2026-01-30T01:30:27,,
2021,Toyota,RAV4,Gxl (Awd) Hybrid,Wagon,97983,Automatic,,37990,Hybrid,VIC,car/14931413/toyota/rav4/vic/mornington/suv,2026-01-30T01:30:27,,
2015,Toyota,Hilux,Workmate,Cab Chassis,121258,Automatic,2026-05-26,19999,Unleaded,VIC,car/14932925/toyota/hilux/vic/werribee/single-cab,2026-01-30T01:30:27,,
2024,Toyota,Camry,Ascent,Sedan,25315,Automatic,,34990,Premium,VIC,car/14932107/toyota/camry/vic/cranbourne/sedan,2026-01-30T01:30:27,,
2012,Toyota,HiAce,Lwb,Van,237131,Automatic,2026-01-15,18999,Unleaded,VIC,car/14917718/toyota/hiace/vic/werribee/van,2026-01-30T01:30:27,,
2022,Toyota,Hilux,Workmate (4X2),Cab Chassis,72016,Manual,2026-01-10,29950,Unleaded,VIC,car/14931427/toyota/hilux/vic/sunbury/single-cab,2026-01-30T01:30:27,,
2022,Toyota,Kluger,Gx Awd,Wagon,65456,Automatic,,41999,Premium,VIC,car/14932346/toyota/kluger/vic/melton/suv,2026-01-30T01:30:27,,
2023,Toyota,Hilux,Workmate (4X2),Cab Chassis,59199,Manual,2026-10-26,31880,Unleaded,VIC,car/14931425/toyota/hilux/vic/sunbury/single-cab,2026-01-30T01:30:27,,
2023,Toyota,Camry,Ascent,Sedan,25270,Automatic,,,Premium,VIC,car/14920067/toyota/camry/vic/mentone/sedan,2026-01-30T01:30:27,,
2018,Toyota,C-HR,(HYBRID) ZYX10,SUV,73344,Automatic,,25888,Hybrid,VIC,car/14743751/toyota/c-hr/vic/murrumbeena/suv,2026-01-30T01:30:27,,
2018,Toyota,Hilux,Sr Hi-Rider,Double Cab Pick Up,158754,Automatic,,31990,Diesel,VIC,car/14935349/toyota/hilux/vic/elsternwick/dual-cab,2026-01-30T01:30:27,,
2016,Toyota,RAV4,Gx (4X4),Wagon,82508,Automatic,2026-06-30,25999,Diesel,VIC,car/14935059/toyota/rav4/vic/highett/suv,2026-01-30T01:30:27,,
2018,Toyota,Kluger,GXL,SUV,111884,Automatic,,33990,Unleaded,VIC,car/14934839/toyota/kluger/vic/elsternwick/suv,2026-01-30T01:30:27,,
2025,Toyota,Yaris Cross,GX,SUV,4183,,,37990,Hybrid,VIC,car/14934840/toyota/yaris-cross/vic/elsternwick/suv,2026-01-30T01:30:27,,
2020,Toyota,Corolla,Zr (Hybrid),Hatchback,35014,Automatic,,32990,Hybrid,VIC,car/14931391/toyota/corolla/vic/mentone/hatchback,2026-01-30T01:30:27,,
2022,Toyota,RAV4,Gx (2Wd) Hybrid,Wagon,37335,Automatic,,42990,Hybrid,VIC,car/14668757/toyota/rav4/vic/mentone/suv,2026-01-30T01:30:27,,
2012,Toyota,Corolla,Ascent,Hatchback,235583,Automatic,2026-10-25,8880,Unleaded,VIC,car/14899852/toyota/corolla/vic/moorabbin/hatchback,2026-01-30T01:30:27,,
2022,Toyota,RAV4,Gx (2Wd) Hybrid,Wagon,46528,Automatic,,40990,Hybrid,VIC,car/14807821/toyota/rav4/vic/mentone/suv,2026-01-30T01:30:27,,
2021,Toyota,Corolla,Ascent Sport Hybrid,Hatchback,58328,Automatic,,29490,Hybrid,VIC,car/14762416/toyota/corolla/vic/mentone/hatchback,2026-01-30T01:30:27,UNCLASSIFIED,[OUT_OF_SCOPE]
2021,Toyota,Corolla,Ascent Sport Hybrid,Hatchback,21493,Automatic,,29490,Hybrid,VIC,car/14713470/toyota/corolla/vic/mentone/hatchback,2026-01-30T01:30:27,UNCLASSIFIED,[OUT_OF_SCOPE]
2013,Toyota,Camry,Atara S,Sedan,182997,Automatic,,12888,Unleaded,VIC,car/14916753/toyota/camry/vic/oakleigh/sedan,2026-01-30T01:30:27,UNCLASSIFIED,[OUT_OF_SCOPE]
2018,Toyota,Corolla,Ascent Sport,Hatchback,130060,Automatic,,19888,Unleaded,VIC,car/14911344/toyota/corolla/vic/oakleigh/hatchback,2026-01-30T01:30:27,toyota_corolla_hatch_petrol_auto_ascent_sport_fwd_2016_2018,[OK]
2014,Toyota,RAV4,Gx (2Wd),Wagon,255584,Automatic,2026-01-30,12990,Unleaded,VIC,car/14912395/toyota/rav4/vic/bentleigh/suv,2026-01-30T01:30:27,toyota_rav4_suv_petrol_auto_gx_fwd_2013_2023,[OK]
2022,Toyota,Corolla,Ascent Sport Hybrid,Hatchback,43125,Automatic,,29490,Hybrid,VIC,car/14741905/toyota/corolla/vic/mentone/hatchback,2026-01-30T01:30:27,UNCLASSIFIED,[OUT_OF_SCOPE]
2016,Toyota,Hilux,Workmate,Cab Chassis,192482,Manual,,15990,Diesel,VIC,car/14717143/toyota/hilux/vic/dandenong/single-cab,2026-01-30T01:30:27,UNCLASSIFIED,[OUT_OF_SCOPE]
2007,Toyota,HiAce,Commuter,Bus,220000,Automatic,,21999,Unleaded,VIC,car/14893476/toyota/hiace/vic/brooklyn/people-mover,2026-01-30T01:30:27,UNCLASSIFIED,[OUT_OF_SCOPE]
2012,Toyota,Corolla,Ascent,Hatchback,167000,Automatic,,10900,Unleaded,VIC,car/14931894/toyota/corolla/vic/nunawading/hatchback,2026-01-30T01:30:27,UNCLASSIFIED,[OUT_OF_SCOPE]
2022,Toyota,HiAce,Lwb Barn Door,Van,19000,Automatic,,49000,Diesel,VIC,car/14931905/toyota/hiace/vic/nunawading/van,2026-01-30T01:30:27,UNCLASSIFIED,[OUT_OF_SCOPE]
2011,Toyota,Crown,Majesta (Hybrid),Sedan,116000,,,17990,,VIC,car/14723762/toyota/crown/vic/dingley-village/sedan,2026-01-30T01:30:27,UNCLASSIFIED,[OUT_OF_SCOPE]
2022,Toyota,Landcruiser Prado,Gxl,Wagon,79988,Automatic,2026-02-26,62980,Diesel,VIC,car/14617012/toyota/landcruiser-prado/vic/laverton-north/suv,2026-01-30T01:30:27,UNCLASSIFIED,[OUT_OF_SCOPE]
2009,Toyota,Corolla,Ascent,Sedan,111209,Automatic,2026-10-30,11990,Unleaded,VIC,car/14778255/toyota/corolla/vic/maidstone/sedan,2026-01-30T17:02:17,,
2024,Toyota,Corolla Cross,Gxl 2Wd Hybrid,Wagon,26413,Automatic,,47990,Hybrid,VIC,car/14937450/toyota/corolla-cross/vic/camberwell/suv,2026-01-30T17:02:17,,
2024,Toyota,Landcruiser,Lc300 Sahara (4X4),Wagon,42343,Automatic,2026-06-22,141880,Diesel,VIC,car/14881170/toyota/landcruiser/vic/heidelberg/suv,2026-01-30T17:02:17,,
2007,Toyota,Landcruiser Prado,Gxl (4X4),Wagon,345053,Automatic,2026-06-13,11990,Diesel,VIC,car/14934187/toyota/landcruiser-prado/vic/west-footscray/suv,2026-01-30T17:02:17,,
2014,Toyota,Hilux,Sr (4X4),X Cab Cab Chassis,335433,Manual,2026-03-05,19990,Diesel,VIC,car/14936064/toyota/hilux/vic/altona-north/extra-cab,2026-01-30T17:02:17,,
2009,Toyota,Camry,Altise,Sedan,166699,Automatic,2026-04-08,9888,Unleaded,VIC,car/14934493/toyota/camry/vic/dandenong/sedan,2026-01-30T17:02:17,,
2006,Toyota,Camry,Altise,Sedan,186418,Automatic,2026-11-09,7480,Unleaded,VIC,car/14934508/toyota/camry/vic/dandenong/sedan,2026-01-30T17:02:17,,
2021,Toyota,Kluger,Gxl Hybrid Awd,Wagon,44762,Automatic,2026-03-16,55000,Hybrid,VIC,car/14934689/toyota/kluger/vic/dandenong/suv,2026-01-30T17:02:17,,
2018,Toyota,Camry,Ascent Sport,Sedan,89207,Automatic,2026-02-26,24990,Unleaded,VIC,car/14930366/toyota/camry/vic/nunawading/sedan,2026-01-30T17:02:17,,
2024,Toyota,RAV4,Gx (2Wd) Hybrid,Wagon,6379,Automatic,2026-03-12,47990,Hybrid,VIC,car/14933648/toyota/rav4/vic/melbourne/suv,2026-01-30T17:02:17,,
2010,Toyota,Camry,Altise,Sedan,108957,Automatic,2026-03-31,10990,Unleaded,VIC,car/14937355/toyota/camry/vic/coburg-north/sedan,2026-01-30T17:02:17,,
2005,Toyota,Camry,Altise,Sedan,216810,Automatic,2026-06-19,6990,Unleaded,VIC,car/14937374/toyota/camry/vic/coburg-north/sedan,2026-01-30T17:02:17,,
1993,Toyota,Landcruiser,(4X4),Wagon,248830,Manual,2026-02-06,21990,Diesel,VIC,car/14937376/toyota/landcruiser/vic/coburg-north/suv,2026-01-30T17:02:17,,
2017,Toyota,Corolla,Ascent Sport,Hatchback,54123,Automatic,2026-10-12,19990,Unleaded,VIC,car/14937377/toyota/corolla/vic/coburg-north/hatchback,2026-01-30T17:02:17,,
2015,Toyota,Camry,Atara Sl Hybrid,Sedan,110610,Automatic,2026-05-12,18777,Hybrid,VIC,car/14937439/toyota/camry/vic/heidelberg/sedan,2026-01-30T17:02:17,,
2021,Toyota,Corolla,Ascent Sport,Sedan,19700,Automatic,2026-05-23,27777,Unleaded,VIC,car/14937442/toyota/corolla/vic/heidelberg/sedan,2026-01-30T17:02:17,,
2023,Toyota,RAV4,Gx (2Wd),Wagon,29867,Automatic,2026-07-30,37777,Unleaded,VIC,car/14937447/toyota/rav4/vic/heidelberg/suv,2026-01-30T17:02:17,,
2015,Toyota,Hilux,Sr (4X4),Dual Cab Chassis,106476,Automatic,2026-11-26,36990,Diesel,VIC,car/14937502/toyota/hilux/vic/west-footscray/dual-cab,2026-01-30T17:02:17,UNCLASSIFIED,[OUT_OF_SCOPE]
2012,Toyota,Corolla,Ascent Sport,Sedan,127800,Automatic,,14990,Unleaded,VIC,car/14936048/toyota/corolla/vic/melbourne/sedan,2026-01-30T17:02:17,UNCLASSIFIED,[OUT_OF_SCOPE]
2021,Toyota,Yaris Cross,Urban Cross,Wagon,25014,Automatic,2026-04-04,32990,Unleaded,VIC,car/14918159/toyota/yaris-cross/vic/nunawading/suv,2026-01-30T17:02:17,UNCLASSIFIED,[OUT_OF_SCOPE]
2020,Toyota,Camry,Ascent,Sedan,60133,Automatic,,30990,Unleaded,VIC,car/14899401/toyota/camry/vic/nunawading/sedan,2026-01-30T17:02:17,toyota_camry_sedan_petrol_auto_ascent_fwd_2018_2023,[OK]
2016,Toyota,Corolla,ASCENT,Hatch,125595,Automatic,2026-04-20,14999,Other,VIC,car/14929395/toyota/corolla/vic/hoppers-crossing/hatchback,2026-01-30T17:02:17,UNCLASSIFIED,[AMBIG_FUEL]
2013,Toyota,Camry,Altise,Sedan,284040,Automatic,2026-03-15,8990,Unleaded,VIC,car/14933686/toyota/camry/vic/ringwood/sedan,2026-01-30T17:02:17,UNCLASSIFIED,[OUT_OF_SCOPE]
2024,Toyota,Corolla,Ascent Sport Hybrid,Hatchback,13395,Automatic,2026-12-30,34888,Hybrid,VIC,car/14934721/toyota/corolla/vic/croydon/hatchback,2026-01-30T17:02:17,UNCLASSIFIED,[OUT_OF_SCOPE]
2021,Toyota,Landcruiser,Lc200 Gxl (4X4),Wagon,79201,Automatic,2026-05-20,103888,Diesel,VIC,car/14934711/toyota/landcruiser/vic/croydon/suv,2026-01-30T17:02:17,UNCLASSIFIED,[OUT_OF_SCOPE]
2010,Toyota,Kluger,Kx-S (4X4),Wagon,233440,Automatic,2026-04-25,14999,Unleaded,VIC,car/14936203/toyota/kluger/vic/avondale-heights/suv,2026-01-30T17:02:17,UNCLASSIFIED,[OUT_OF_SCOPE]
2019,Toyota,RAV4,Gx (2Wd),Wagon,89737,Automatic,,29090,Unleaded,VIC,car/14936917/toyota/rav4/vic/laverton-north/suv,2026-01-30T17:02:17,toyota_rav4_suv_petrol_auto_gx_fwd_2013_2023,[OK]
2022,Toyota,Kluger,Gx Awd,Wagon,29562,Automatic,2026-03-02,48990,Premium,VIC,car/14936946/toyota/kluger/vic/frankston/suv,2026-01-30T17:02:17,UNCLASSIFIED,[OUT_OF_SCOPE]
2016,Toyota,Kluger,Gxl (4X4),Wagon,257042,Automatic,,20490,Unleaded,VIC,car/14937235/toyota/kluger/vic/thomastown/suv,2026-01-30T17:02:17,UNCLASSIFIED,[OUT_OF_SCOPE]
2018,Toyota,Landcruiser,WORKMATE (4X4),Ute Tray,151038,Manual,,62888,Diesel,VIC,car/14937493/toyota/landcruiser/vic/dandenong-south/pickup,2026-01-30T17:02:17,UNCLASSIFIED,[OUT_OF_SCOPE]
2019,Toyota,Landcruiser,WORKMATE (4X4),Ute Tray,154996,Manual,,63888,Diesel,VIC,car/14937680/toyota/landcruiser/vic/dandenong-south/pickup,2026-01-30T17:02:17,UNCLASSIFIED,[OUT_OF_SCOPE]
2020,Toyota,Camry,Sx,Sedan,49531,Automatic,2026-01-08,32788,Unleaded,VIC,car/14888637/toyota/camry/vic/airport-west/sedan,2026-01-30T17:02:17,toyota_camry_sedan_petrol_auto_sx_fwd_2.5i_2018_2023,[OK]
2023,Toyota,Hilux,Workmate Hi-Rider (4X2),Double Cab Pick Up,56605,Automatic,,42290,Diesel,VIC,car/14922418/toyota/hilux/vic/hoppers-crossing/dual-cab,2026-01-30T17:02:17,UNCLASSIFIED,[AMBIG_DRIVETRAIN]
2012,Toyota,Landcruiser Prado,Gxl (4X4),Wagon,180000,Automatic,2026-04-10,31888,Diesel,VIC,car/14914010/toyota/landcruiser-prado/vic/carrum-downs/suv,2026-01-30T17:02:17,UNCLASSIFIED,[OUT_OF_SCOPE]
2025,Toyota,Landcruiser Prado,Altitude,Wagon,6444,Automatic,,119990,Diesel,VIC,car/14926461/toyota/landcruiser-prado/vic/cranbourne/suv,2026-01-30T17:02:17,UNCLASSIFIED,[OUT_OF_SCOPE]
2019,Toyota,Hilux,Sr5 (4X4),Double Cab Pick Up,106548,Automatic,,49999,Diesel,VIC,car/14936743/toyota/hilux/vic/berwick/dual-cab,2026-01-30T17:02:17,toyota_hilux_dualcab_ute_diesel_auto_sr5_4x4_2015_2023,[OK]
2021,Toyota,Corolla,Sx Hybrid,Hatchback,82125,Automatic,2026-04-06,29990,Hybrid,VIC,car/14937348/toyota/corolla/vic/mornington/hatchback,2026-01-30T17:02:17,UNCLASSIFIED,[OUT_OF_SCOPE]
2020,Toyota,Camry,Ascent Sport (Hybrid),Sedan,81500,Automatic,,31999,Hybrid,VIC,car/14937615/toyota/camry/vic/berwick/sedan,2026-01-30T17:02:17,toyota_camry_sedan_hybrid_auto_ascent_sport_fwd_2018_2023,[OK]
2024,Toyota,Fortuner,Gxl,Wagon,20650,Automatic,,61490,Diesel,VIC,car/14933807/toyota/fortuner/vic/cranbourne/suv,2026-01-30T17:02:17,UNCLASSIFIED,[OUT_OF_SCOPE]
2009,Toyota,Aurion,Sportivo Zr6,Sedan,148977,Automatic,2026-12-30,13990,Unleaded,VIC,car/14933956/toyota/aurion/vic/mornington/sedan,2026-01-30T17:02:17,UNCLASSIFIED,[OUT_OF_SCOPE]
2024,Toyota,RAV4,Gx (2Wd) Hybrid,Wagon,49263,Automatic,,44990,Hybrid,VIC,car/14933811/toyota/rav4/vic/cranbourne/suv,2026-01-30T17:02:17,UNCLASSIFIED,[OUT_OF_SCOPE]
2019,Toyota,Landcruiser,Lc200 Vx (4X4),Wagon,58085,Automatic,2026-04-02,119990,Diesel,VIC,car/14937259/toyota/landcruiser/vic/bentleigh/suv,2026-01-30T17:02:17,UNCLASSIFIED,[OUT_OF_SCOPE]
2016,Toyota,Hilux,Sr,Cab Chassis,,Manual,,,Diesel,VIC,car/14937290/toyota/hilux/vic/elsternwick/single-cab,2026-01-30T17:02:17,UNCLASSIFIED,[NO_PRICE]
2013,Toyota,Hilux,Workmate,Cab Chassis,,Manual,,,Diesel,VIC,car/14937291/toyota/hilux/vic/elsternwick/single-cab,2026-01-30T17:02:17,UNCLASSIFIED,[NO_PRICE]
2021,Toyota,Corolla,Ascent Sport,Sedan,76314,Automatic,,,Unleaded,VIC,car/14937426/toyota/corolla/vic/elsternwick/sedan,2026-01-30T17:02:17,UNCLASSIFIED,[NO_PRICE]
2022,Toyota,Hilux,SR,Ute Tray,,Manual,,,Diesel,VIC,car/14937424/toyota/hilux/vic/elsternwick/pickup,2026-01-30T17:02:17,UNCLASSIFIED,[NO_PRICE]
2007,Toyota,Corolla,Ascent,Sedan,134594,Automatic,,,Unleaded,VIC,car/14936014/toyota/corolla/vic/elsternwick/sedan,2026-01-30T17:02:17,UNCLASSIFIED,[NO_PRICE]
2018,Toyota,Corolla,Ascent Sport (Hybrid),Hatchback,126464,Automatic,2026-08-01,22880,Hybrid,VIC,car/14935208/toyota/corolla/vic/south-melbourne/hatchback,2026-01-30T17:02:17,UNCLASSIFIED,[OUT_OF_SCOPE]
2018,Toyota,Landcruiser Prado,Gxl (4X4),Wagon,54514,Automatic,2026-11-28,59888,Diesel,VIC,car/14933962/toyota/landcruiser-prado/vic/mulgrave/suv,2026-01-30T17:02:17,UNCLASSIFIED,[OUT_OF_SCOPE]
2018,Toyota,Camry,Ascent,Sedan,79000,Automatic,,26000,Unleaded,VIC,car/14931898/toyota/camry/vic/nunawading/sedan,2026-01-30T17:02:17,toyota_camry_sedan_petrol_auto_ascent_fwd_2018_2023,[OK]
2024,Toyota,Camry,Ascent,Sedan,46539,Automatic,2026-04-30,37970,Premium,VIC,car/14933886/toyota/camry/vic/keysborough/sedan,2026-01-30T17:02:17,UNCLASSIFIED,[OUT_OF_SCOPE]
2023,Toyota,RAV4,Gx (2Wd) Hybrid,Wagon,104794,Automatic,,39990,Hybrid,VIC,car/14932341/toyota/rav4/vic/moorabbin-airport/suv,2026-01-30T17:02:17,UNCLASSIFIED,[OUT_OF_SCOPE]
2017,Toyota,Kluger,Gx (4X4),Wagon,125422,Automatic,2027-02-15,26990,Unleaded,VIC,car/14934695/toyota/kluger/vic/south-melbourne/suv,2026-01-30T17:02:17,UNCLASSIFIED,[OUT_OF_SCOPE]
2022,Toyota,Camry,Ascent Sport Hybrid,Sedan,138851,Automatic,2026-07-14,,Hybrid,VIC,car/14934014/toyota/camry/vic/blackburn/sedan,2026-01-30T17:02:17,UNCLASSIFIED,[NO_PRICE]
2018,Toyota,Hilux,Workmate,Cab Chassis,286000,Manual,,15999,Diesel,VIC,car/14631519/toyota/hilux/vic/brooklyn/single-cab,2026-01-30T17:02:17,UNCLASSIFIED,[OUT_OF_SCOPE]
2014,Toyota,Landcruiser,Sahara (4X4),Wagon,160239,Automatic,2026-12-21,71980,Diesel,VIC,car/14948413/toyota/landcruiser/vic/laverton-north/suv,2026-02-12T06:04:59,,
2025,Toyota,Hilux,Workmate Hi-Rider (4X2),Double Cab Pick Up,244,Automatic,2027-01-21,54990,Diesel,VIC,car/14940798/toyota/hilux/vic/hoppers-crossing/dual-cab,2026-02-12T06:04:59,,
2016,Toyota,Camry,Altise,Sedan,142503,Automatic,2026-03-21,13999,Unleaded,VIC,car/14952593/toyota/camry/vic/laverton-north/sedan,2026-02-12T06:04:59,,
2021,Toyota,Landcruiser Prado,Gxl,Wagon,191544,Automatic,2026-05-24,47990,Diesel,VIC,car/14940152/toyota/landcruiser-prado/vic/altona-north/suv,2026-02-12T06:04:59,,
2013,Toyota,Landcruiser Prado,Gxl (4X4),Wagon,411320,Automatic,2026-05-25,17999,Diesel,VIC,car/14946068/toyota/landcruiser-prado/vic/williamstown-north/suv,2026-02-12T06:04:59,,
2007,Toyota,Landcruiser Prado,Grande (4X4),Wagon,224000,Automatic,2026-03-23,19990,Unleaded,VIC,car/14948826/toyota/landcruiser-prado/vic/williamstown-north/suv,2026-02-12T06:04:59,,
2016,Toyota,Camry,Altise,Sedan,167471,Automatic,2026-01-15,14999,Unleaded,VIC,car/14944783/toyota/camry/vic/laverton-north/sedan,2026-02-12T06:04:59,,
2020,Toyota,Hilux,Sr (4X4),Double Cab Pick Up,165977,Automatic,2026-04-28,39990,Diesel,VIC,car/14954829/toyota/hilux/vic/altona-north/dual-cab,2026-02-12T06:04:59,,
2012,Toyota,Landcruiser,Sahara (4X4),Wagon,359952,Automatic,2026-05-25,49999,Diesel,VIC,car/14942819/toyota/landcruiser/vic/williamstown-north/suv,2026-02-12T06:04:59,,
2023,Toyota,Yaris,Ascent Sport,Hatchback,59517,Automatic,,23490,Unleaded,VIC,car/14938051/toyota/yaris/vic/laverton-north/hatchback,2026-02-12T06:04:59,,
2023,Toyota,RAV4,Edge (Awd) Hybrid,Wagon,44539,Automatic,,58888,Hybrid,VIC,car/14946992/toyota/rav4/vic/tottenham/suv,2026-02-12T06:05:01,,
2007,Toyota,Camry,Altise,Sedan,245123,Automatic,,5990,Unleaded,VIC,car/14955967/toyota/camry/vic/west-footscray/sedan,2026-02-12T06:05:01,,
2008,Toyota,Yaris,Yr,Hatchback,261000,Manual,,5990,Unleaded,VIC,car/14952144/toyota/yaris/vic/williamstown-north/hatchback,2026-02-12T06:05:01,,
2008,Toyota,RAV4,Cruiser (4X4),Wagon,203000,Automatic,,12999,Unleaded,VIC,car/14958934/toyota/rav4/vic/hoppers-crossing/suv,2026-02-12T06:05:01,,
2021,Toyota,Corolla,Ascent Sport,Sedan,69899,Automatic,,24190,Unleaded,VIC,car/14948543/toyota/corolla/vic/laverton-north/sedan,2026-02-12T06:04:59,,
2009,Toyota,Kluger,Grande (Fwd),Wagon,307555,Automatic,2026-04-15,8999,Unleaded,VIC,car/14948799/toyota/kluger/vic/hoppers-crossing/suv,2026-02-12T06:04:59,,
2022,Toyota,Corolla,Ascent Sport Hybrid,Hatchback,56052,Automatic,2026-02-26,28990,Hybrid,VIC,car/14941150/toyota/corolla/vic/hoppers-crossing/hatchback,2026-02-12T06:05:01,,
2024,Toyota,RAV4,Edge (Awd) Hybrid,Wagon,28167,Automatic,2026-02-18,61990,Hybrid,VIC,car/14941824/toyota/rav4/vic/hoppers-crossing/suv,2026-02-12T06:05:01,,
2010,Toyota,Yaris,Yrx,Hatchback,129278,Automatic,2026-02-26,9990,Unleaded,VIC,car/14948744/toyota/yaris/vic/oakleigh-south/hatchback,2026-02-12T06:05:01,,
2020,Toyota,RAV4,Cruiser 2Wd Hybrid,Wagon,216500,Automatic,2026-06-25,34888,Hybrid,VIC,car/14946993/toyota/rav4/vic/tottenham/suv,2026-02-12T06:05:01,,
2022,Toyota,Hilux,Sr (4X4),Double Cab Pick Up,215500,Automatic,2026-04-15,40990,Diesel,VIC,car/14956872/toyota/hilux/vic/altona-north/dual-cab,2026-02-12T06:05:01,,
2023,Toyota,Corolla,Ascent Sport Hybrid,Hatchback,85089,Automatic,,28990,Hybrid,VIC,car/14948466/toyota/corolla/vic/hoppers-crossing/hatchback,2026-02-12T06:05:01,,
2020,Toyota,RAV4,Gx 2Wd Hybrid,Wagon,48845,Automatic,2026-03-27,36990,Hybrid,VIC,car/14937066/toyota/rav4/vic/hoppers-crossing/suv,2026-02-12T06:05:01,,
2015,Toyota,Camry,Atara S Hybrid,Sedan,141105,Automatic,2026-04-16,18999,Hybrid,VIC,car/14939909/toyota/camry/vic/laverton-north/sedan,2026-02-12T06:05:01,,
2020,Toyota,RAV4,Gxl (2Wd),Wagon,53002,Automatic,2026-04-07,35990,Unleaded,VIC,car/14929102/toyota/rav4/vic/hoppers-crossing/suv,2026-02-12T06:05:01,,
2023,Toyota,Landcruiser,Lc300 Gxl (4X4),Wagon,53315,Automatic,,107888,Diesel,VIC,car/14944133/toyota/landcruiser/vic/tottenham/suv,2026-02-12T06:05:01,,
2021,Toyota,RAV4,Gx (Awd) Hybrid,Wagon,76938,Automatic,,38990,Hybrid,VIC,car/14941149/toyota/rav4/vic/hoppers-crossing/suv,2026-02-12T06:05:01,,
2013,Toyota,Corolla,Sx,Sedan,136000,Automatic,2026-01-09,14999,Unleaded,VIC,car/14921001/toyota/corolla/vic/laverton-north/sedan,2026-02-12T06:05:01,,
2019,Toyota,Corolla,Ascent,Sedan,96883,Automatic,2026-10-04,21990,Unleaded,VIC,car/14941148/toyota/corolla/vic/hoppers-crossing/sedan,2026-02-12T06:05:01,,
2016,Toyota,Hilux,Sr5 (4X4),Dual Cab Utility,138051,Automatic,,44888,Diesel,VIC,car/14952423/toyota/hilux/vic/laverton-north/dual-cab,2026-02-12T06:05:01,,
2015,Toyota,Yaris,Ascent,Hatchback,102876,Manual,,11990,Unleaded,VIC,car/14950921/toyota/yaris/vic/laverton-north/hatchback,2026-02-12T06:05:01,,
2022,Toyota,RAV4,Gx (Awd) Hybrid,Wagon,16139,Automatic,,43190,Hybrid,VIC,car/14956909/toyota/rav4/vic/laverton-north/suv,2026-02-12T06:05:01,,
2021,Toyota,RAV4,Gx (2Wd),Wagon,85320,Automatic,,30690,Unleaded,VIC,car/14952048/toyota/rav4/vic/laverton-north/suv,2026-02-12T06:05:01,,
2021,Toyota,Camry,Ascent,Sedan,91641,Automatic,,25190,Premium,VIC,car/14948534/toyota/camry/vic/laverton-north/sedan,2026-02-12T06:04:59,,
2019,Toyota,Corolla,Ascent Sport (Hybrid),Hatchback,60350,Automatic,,24090,Hybrid,VIC,car/14925499/toyota/corolla/vic/laverton-north/hatchback,2026-02-12T06:04:59,,
2021,Toyota,RAV4,Gx (Awd) Hybrid,Wagon,87557,Automatic,2026-11-11,37990,Hybrid,VIC,car/14913408/toyota/rav4/vic/hoppers-crossing/suv,2026-02-12T06:04:59,,
2017,Toyota,C-HR,(2Wd),Wagon,102501,Automatic,,21590,Premium,VIC,car/14940147/toyota/c-hr/vic/laverton-north/suv,2026-02-12T06:04:59,,
2023,Toyota,RAV4,Gxl (2Wd) Hybrid,Wagon,45700,Automatic,,45990,Hybrid,VIC,car/14926882/toyota/rav4/vic/hoppers-crossing/suv,2026-02-12T06:04:59,,
2018,Toyota,RAV4,Gxl (2Wd),Wagon,212071,Automatic,2026-06-07,21999,Unleaded,VIC,car/14941017/toyota/rav4/vic/altona-north/suv,2026-02-12T06:04:59,,
2017,Toyota,Corolla,Zr,Hatchback,92279,Automatic,,23990,Unleaded,VIC,car/14928160/toyota/corolla/vic/hoppers-crossing/hatchback,2026-02-12T06:04:59,,
2016,Toyota,RAV4,Gxl (2Wd),Wagon,144857,Automatic,2025-08-26,22400,Unleaded,VIC,car/14936720/toyota/rav4/vic/bundoora/suv,2026-02-12T06:04:59,,
2019,Toyota,Hilux,Sr (4X4),Double Cab Pick Up,227736,Automatic,2026-04-28,35990,Diesel,VIC,car/14956790/toyota/hilux/vic/altona-north/dual-cab,2026-02-12T06:04:59,,
2021,Toyota,Camry,Ascent,Sedan,99515,Automatic,,31990,Premium,VIC,car/14940407/toyota/camry/vic/hoppers-crossing/sedan,2026-02-12T06:04:59,,
2019,Toyota,Camry,Ascent,Sedan,23761,Automatic,,31990,Unleaded,VIC,car/14940408/toyota/camry/vic/hoppers-crossing/sedan,2026-02-12T06:04:59,,
2018,Toyota,Corolla,Hybrid,Hatchback,67613,Automatic,,22590,Hybrid,VIC,car/14942043/toyota/corolla/vic/laverton-north/hatchback,2026-02-12T06:04:59,,
2016,Toyota,Camry,Altise,Sedan,99121,Automatic,,18090,Unleaded,VIC,car/14953306/toyota/camry/vic/laverton-north/sedan,2026-02-12T06:04:59,,
2025,Toyota,Landcruiser Prado,Kakadu,Wagon,25232,Automatic,2026-05-07,111990,Diesel,VIC,car/14950296/toyota/landcruiser-prado/vic/essendon-fields/suv,2026-02-12T06:04:59,,
2015,Toyota,Fortuner,Crusade,Wagon,191622,Automatic,2026-07-15,29900,Diesel,VIC,car/14945345/toyota/fortuner/vic/port-melbourne/suv,2026-02-12T06:04:59,,
2021,Toyota,Camry,Ascent,Sedan,58166,Automatic,,33888,Premium,VIC,car/14875904/toyota/camry/vic/tottenham/sedan,2026-02-12T06:04:59,,
2011,Toyota,Corolla,Conquest,Hatchback,147000,Automatic,,9999,Unleaded,VIC,car/14940212/toyota/corolla/vic/footscray/hatchback,2026-02-12T06:04:59,,
2020,Toyota,Corolla,TOURING (HYBRID),SUV,136079,Automatic,,18500,Hybrid,VIC,car/14944311/toyota/corolla/vic/st-kilda/suv,2026-02-12T06:04:59,,
2015,Toyota,HiAce,Slwb,Van,104671,Manual,2026-04-12,29900,Unleaded,VIC,car/14945337/toyota/hiace/vic/port-melbourne/van,2026-02-12T06:04:59,,
2021,Toyota,Corolla,AXIO HYBRID EX,Sedan,30000,Automatic,2026-04-08,24500,Unleaded,VIC,car/14953346/toyota/corolla/vic/port-melbourne/limousine,2026-02-12T06:04:59,,
2020,Toyota,RAV4,Cruiser 2Wd Hybrid,Wagon,51982,Automatic,2026-09-30,43990,Hybrid,VIC,car/14950255/toyota/rav4/vic/essendon-fields/suv,2026-02-12T06:04:59,,
2013,Toyota,Hilux,Sr5 (4X4),Dual Cab Pick-up,137878,Automatic,2026-03-11,32900,Diesel,VIC,car/14945347/toyota/hilux/vic/port-melbourne/dual-cab,2026-02-12T06:04:59,,
2012,Toyota,HiAce,DX LONG GL TRH200,Commercial,181500,Automatic,,21499,Unleaded,VIC,car/14941944/toyota/hiace/vic/st-kilda/van,2026-02-12T06:04:59,,
2024,Toyota,GR86,Gts,Coupe,810,Manual,,47990,Premium,VIC,car/14945414/toyota/gr86/vic/melbourne/coupe,2026-02-12T06:04:59,,
2025,Toyota,C-HR,Koba Hybrid,Wagon,1757,Automatic,2026-12-15,53990,Hybrid,VIC,car/14952805/toyota/c-hr/vic/essendon-fields/suv,2026-02-12T06:04:59,,
2023,Toyota,GR86,Gts,Coupe,25806,Automatic,2026-02-27,41888,Premium,VIC,car/14868148/toyota/gr86/vic/deer-park/coupe,2026-02-12T06:04:59,,
2022,Toyota,Corolla,FIELDER HYBRID EX,SUV,121000,Automatic,2026-04-09,21500,Unleaded,VIC,car/14945375/toyota/corolla/vic/port-melbourne/suv,2026-02-12T06:04:59,,
2020,Toyota,Landcruiser Prado,Gx (4X4),Wagon,116412,Automatic,2026-08-03,48990,Diesel,VIC,car/14939774/toyota/landcruiser-prado/vic/melbourne/suv,2026-02-12T06:04:59,,
2019,Toyota,Camry,Sl,Sedan,47000,Automatic,2026-08-30,30990,Unleaded,VIC,car/14945378/toyota/camry/vic/port-melbourne/sedan,2026-02-12T06:04:59,,
2022,Toyota,YARIS CROSS HYBRID,YARIS CROSS HYBRID URBAN 1.5L AUTO CVT HATCH,Hatch,57788,,2026-06-24,35990,Hybrid,VIC,car/14944025/toyota/yaris-cross-hybrid/vic/melbourne/hatchback,2026-02-12T06:04:59,,
2024,Toyota,Landcruiser,Lc300 Sahara (4X4),Wagon,7117,Automatic,2026-06-26,149990,Diesel,VIC,car/14950925/toyota/landcruiser/vic/melbourne/suv,2026-02-12T06:04:59,,
2018,Toyota,Kluger,Gx (4X2),Wagon,105000,Automatic,2026-01-21,28788,Unleaded,VIC,car/14816368/toyota/kluger/vic/airport-west/suv,2026-02-12T06:04:59,,
2022,Toyota,Hilux,Sr5 (4X4),Double Cab Pick Up,65809,Manual,,59888,Diesel,VIC,car/14948476/toyota/hilux/vic/airport-west/dual-cab,2026-02-12T06:04:59,,
2017,Toyota,Kluger,Gxl (4X2),Wagon,203900,Automatic,2026-02-04,19990,Unleaded,VIC,car/14949967/toyota/kluger/vic/maidstone/suv,2026-02-12T06:04:59,,
2019,Toyota,Landcruiser Prado,Gx (4X4),Wagon,123179,Automatic,2026-03-11,41900,Diesel,VIC,car/14955478/toyota/landcruiser-prado/vic/port-melbourne/suv,2026-02-12T06:04:59,,
2008,Toyota,Crown,GRS204,Sedan,72047,Automatic,,17990,Unleaded,VIC,car/14942226/toyota/crown/vic/clayton-south/limousine,2026-02-12T06:04:59,,
2001,Toyota,Corolla,Ascent Seca,Liftback,309569,Automatic,2026-03-07,4999,Unleaded,VIC,car/14942673/toyota/corolla/vic/avondale-heights/hatchback,2026-02-12T06:04:59,,
2010,Toyota,Camry,Altise,Sedan,137851,Automatic,,11989,Unleaded,VIC,car/14945317/toyota/camry/vic/maidstone/sedan,2026-02-12T06:04:59,,
2023,Toyota,Hilux,Rogue (4X4),Double Cab Pick Up,64457,Automatic,2026-09-19,63888,Diesel,VIC,car/14913903/toyota/hilux/vic/deer-park/dual-cab,2026-02-12T06:04:59,,
2013,Toyota,Camry,Altise,Sedan,135500,Automatic,2026-01-05,13990,Unleaded,VIC,car/14953763/toyota/camry/vic/maidstone/sedan,2026-02-12T06:04:59,,
2007,Toyota,Hilux,Sr5 (4X4),X Cab Pickup,245185,Manual,2026-01-15,19999,Diesel,VIC,car/14940955/toyota/hilux/vic/ravenhall/extra-cab,2026-02-12T06:04:59,,
2018,Toyota,86,Gts,Coupe,44513,Automatic,,34900,Premium,VIC,car/14955434/toyota/86/vic/south-melbourne/coupe,2026-02-12T06:04:59,,
2012,Toyota,Kluger,Kx-R (Fwd) 7 Seat,Wagon,211086,Automatic,2026-03-26,18990,Unleaded,VIC,car/14939908/toyota/kluger/vic/ringwood/suv,2026-02-12T06:04:59,,
2024,Toyota,Kluger,Gxl Hybrid Awd,Wagon,52967,Automatic,2026-08-06,62990,Hybrid,VIC,car/14951778/toyota/kluger/vic/melbourne/suv,2026-02-12T06:04:59,,
2020,Toyota,Corolla,Zr,Hatchback,38745,Automatic,2026-02-10,29990,Unleaded,VIC,car/14952687/toyota/corolla/vic/maidstone/hatchback,2026-02-12T06:04:59,,
2013,Toyota,Kluger,Grande (Fwd),Wagon,51547,Automatic,2026-04-05,41990,Unleaded,VIC,car/14951192/toyota/kluger/vic/south-melbourne/suv,2026-02-12T06:04:59,,
2021,Toyota,Corolla,Zr Hybrid,Hatchback,55985,Automatic,2026-04-08,34990,Hybrid,VIC,car/14951194/toyota/corolla/vic/south-melbourne/hatchback,2026-02-12T06:04:59,,
2021,Toyota,RAV4,Gxl (2Wd),Wagon,89996,Automatic,2026-03-23,34990,Unleaded,VIC,car/14950922/toyota/rav4/vic/south-melbourne/suv,2026-02-12T06:04:59,,
2019,Toyota,Fortuner,Gxl,Wagon,112406,Automatic,2026-12-27,46888,Diesel,VIC,car/14960473/toyota/fortuner/vic/airport-west/suv,2026-02-12T06:04:59,,
2020,Toyota,HiAce,Slwb,Van,161946,Automatic,,39990,Diesel,VIC,car/14960614/toyota/hiace/vic/maidstone/van,2026-02-12T06:04:59,,
2021,Toyota,Camry,Ascent Hybrid,Sedan,37400,Automatic,2026-05-08,29990,Hybrid,VIC,car/14960619/toyota/camry/vic/maidstone/sedan,2026-02-12T06:04:59,,
2022,Toyota,Kluger,Grande 2Wd,Wagon,50291,Automatic,2026-04-28,55888,Premium,VIC,car/14959965/toyota/kluger/vic/melbourne/suv,2026-02-12T06:04:59,,
2020,Toyota,Hilux,Sr (4X4),Double Cab Chassis,91807,Automatic,,41975,Diesel,VIC,car/14956081/toyota/hilux/vic/officer/dual-cab,2026-02-12T06:04:59,,
2019,Toyota,RAV4,Cruiser 2Wd Hybrid,Wagon,55500,Automatic,2026-03-06,39990,Hybrid,VIC,car/14959679/toyota/rav4/vic/melbourne/suv,2026-02-12T06:04:59,,
2023,Toyota,RAV4,Edge (Awd) Hybrid,Wagon,72001,Automatic,2026-03-07,53990,Hybrid,VIC,car/14959656/toyota/rav4/vic/melbourne/suv,2026-02-12T06:04:59,,
2025,Toyota,Corolla,Ascent Sport Hybrid,Hatchback,17138,Automatic,2026-03-19,33880,Hybrid,VIC,car/14959658/toyota/corolla/vic/melbourne/hatchback,2026-02-12T06:04:59,,
2023,Toyota,YARIS CROSS HYBRID,YARIS CROSS HYBRID URBAN 1.5L AUTO CVT HATCH,Hatch,19921,,2026-03-07,38990,Hybrid,VIC,car/14959498/toyota/yaris-cross-hybrid/vic/melbourne/hatchback,2026-02-12T06:04:59,,
2022,Toyota,Fortuner,Gx,Wagon,48903,Automatic,2026-05-13,48990,Diesel,VIC,car/14958495/toyota/fortuner/vic/south-melbourne/suv,2026-02-12T06:04:59,,
2022,Toyota,Hilux,Sr (4X4),Double Cab Chassis,81041,Automatic,2026-07-27,48990,Diesel,VIC,car/14941210/toyota/hilux/vic/south-melbourne/dual-cab,2026-02-12T06:04:59,,
2019,Toyota,Hilux,Sr (4X4),Double Cab Chassis,124416,Automatic,,38975,Diesel,VIC,car/14955447/toyota/hilux/vic/officer/dual-cab,2026-02-12T06:04:59,,
2024,Toyota,Corolla,Ascent Sport Hybrid,Hatchback,10031,Automatic,2026-01-01,46990,Hybrid,VIC,car/14954842/toyota/corolla/vic/berwick/hatchback,2026-02-12T06:04:59,,
2006,Toyota,Landcruiser Prado,Gxl (4X4),Wagon,420000,Automatic,2026-07-30,10990,Unleaded,VIC,car/14956122/toyota/landcruiser-prado/vic/williamstown/suv,2026-02-12T06:04:59,,
2021,Toyota,Kluger,Grande Awd,Wagon,63105,Automatic,,49999,Premium,VIC,car/14958342/toyota/kluger/vic/berwick/suv,2026-02-12T06:04:59,,
2023,Toyota,Hilux,Workmate (4X2),Cab Chassis,54298,Manual,2026-05-29,28990,Unleaded,VIC,car/14952943/toyota/hilux/vic/south-melbourne/single-cab,2026-02-12T06:04:59,,
2017,Toyota,Hilux,Sr (4X4),Dual Cab Chassis,102788,Automatic,,37975,Diesel,VIC,car/14941901/toyota/hilux/vic/officer/dual-cab,2026-02-12T06:04:59,,
2019,Toyota,Corolla,Ascent,Sedan,42438,Automatic,2026-04-23,23990,Unleaded,VIC,car/14951779/toyota/corolla/vic/melbourne/sedan,2026-02-12T06:04:59,,
2021,Toyota,Hilux,Sr (4X4),Double Cab Chassis,92059,Automatic,2026-03-30,49990,Diesel,VIC,car/14944468/toyota/hilux/vic/south-melbourne/dual-cab,2026-02-12T06:04:59,,
2021,Toyota,Camry,Ascent,Sedan,22863,Automatic,2026-02-10,35990,Unleaded,VIC,car/14955330/toyota/camry/vic/melbourne/sedan,2026-02-12T06:04:59,,
2018,Toyota,Corolla,Ascent,Sedan,162496,Automatic,2025-10-23,16990,Unleaded,VIC,car/14954004/toyota/corolla/vic/maidstone/sedan,2026-02-12T06:04:59,,
2025,Toyota,RAV4,Xse (2Wd) Hybrid Premium Paint,Wagon,19284,Automatic,2026-03-14,60888,Hybrid,VIC,car/14944556/toyota/rav4/vic/deer-park/suv,2026-02-12T06:04:59,,
2023,Toyota,Corolla,Ascent Sport,Sedan,46541,Automatic,,25690,Unleaded,VIC,car/14761560/toyota/corolla/vic/laverton-north/sedan,2026-02-12T06:04:59,,
2021,Toyota,C-HR,Koba (2Wd),Wagon,52292,Automatic,,32990,Premium,VIC,car/14949271/toyota/c-hr/vic/south-melbourne/suv,2026-02-12T06:04:59,,
2019,Toyota,Corolla,Ascent Sport (Hybrid),Sedan,110450,Automatic,2026-05-28,28888,Hybrid,VIC,car/14957969/toyota/corolla/vic/deer-park/sedan,2026-02-12T06:04:59,,
2022,Toyota,Hilux,SR,Ute Tray,65692,Automatic,2026-08-05,50990,Other,VIC,car/14945026/toyota/hilux/vic/melbourne/pickup,2026-02-12T06:04:59,,
2019,Toyota,Corolla,Ascent,Sedan,83354,Automatic,2026-04-24,21990,Unleaded,VIC,car/14951775/toyota/corolla/vic/melbourne/sedan,2026-02-12T06:04:59,,
2012,Toyota,Camry,Altise,Sedan,198470,Automatic,2026-02-20,9999,Unleaded,VIC,car/14954161/toyota/camry/vic/deer-park/sedan,2026-02-12T06:04:59,,
2022,Toyota,Landcruiser Prado,Vx,Wagon,47507,Automatic,2026-03-12,79888,Diesel,VIC,car/14957132/toyota/landcruiser-prado/vic/deer-park/suv,2026-02-12T06:04:59,,
2023,Toyota,Camry,Ascent,Sedan,57448,Automatic,,39888,Premium,VIC,car/14844064/toyota/camry/vic/deer-park/sedan,2026-02-12T06:04:59,,
2024,Toyota,COROLLA CROSS PETROL,COROLLA CROSS GX 2.0L PETROL AUTO CVT 5 DOOR HATCH,Hatch,12263,,2026-08-03,39990,Other,VIC,car/14941483/toyota/corolla-cross-petrol/vic/melbourne/hatchback,2026-02-12T06:04:59,,
2021,Toyota,Kluger,Gx 2Wd,Wagon,90391,Automatic,2027-02-15,39888,Premium,VIC,car/14938864/toyota/kluger/vic/deer-park/suv,2026-02-12T06:04:59,,
2019,Toyota,Corolla,4WD HYBRID S,Sedan,124231,Automatic,,20499,Hybrid,VIC,car/14955591/toyota/corolla/vic/st-kilda/limousine,2026-02-12T06:04:59,,
2022,Toyota,Landcruiser Prado,Gx,Wagon,119436,Automatic,2026-06-14,51888,Diesel,VIC,car/14896460/toyota/landcruiser-prado/vic/deer-park/suv,2026-02-12T06:04:59,,
2018,Toyota,Camry,Ascent,Sedan,135385,Automatic,2027-01-24,24990,Unleaded,VIC,car/14950919/toyota/camry/vic/south-melbourne/sedan,2026-02-12T06:04:59,,
2015,Toyota,Kluger,Grande (4X2),Wagon,112514,Automatic,,29990,Unleaded,VIC,car/14957341/toyota/kluger/vic/melbourne/suv,2026-02-12T06:04:59,,
2017,Toyota,C-HR,(2Wd),Wagon,104500,Automatic,2025-12-09,22990,Premium,VIC,car/14941127/toyota/c-hr/vic/maidstone/suv,2026-02-12T06:04:59,,
2022,Toyota,RAV4,Cruiser (Awd) Hybrid,Wagon,50375,Automatic,2026-03-21,52888,Hybrid,VIC,car/14938269/toyota/rav4/vic/deer-park/suv,2026-02-12T06:04:59,,
2018,Toyota,Corolla,Zr,Hatchback,60041,Automatic,2026-09-21,26880,Unleaded,VIC,car/14812175/toyota/corolla/vic/deer-park/hatchback,2026-02-12T06:04:59,,
2024,Toyota,Yaris,ZR HYBRID,Hatch,5122,,2026-12-23,39990,Hybrid,VIC,car/14954944/toyota/yaris/vic/melbourne/hatchback,2026-02-12T06:04:59,,
2017,Toyota,Landcruiser Prado,Gxl (4X4),Wagon,74182,Automatic,2026-07-31,54888,Diesel,VIC,car/14954529/toyota/landcruiser-prado/vic/deer-park/suv,2026-02-12T06:04:59,,
2021,Toyota,RAV4,Gxl (2Wd) Hybrid,Wagon,33524,Automatic,2026-08-03,42950,Hybrid,VIC,car/14941489/toyota/rav4/vic/melbourne/suv,2026-02-12T06:04:59,,
2022,Toyota,Kluger,Gx 2Wd,Wagon,55224,Automatic,,47888,Unleaded,VIC,car/14954952/toyota/kluger/vic/deer-park/suv,2026-02-12T06:04:59,,
2016,Toyota,Corolla,Ascent,Hatchback,84279,Automatic,2026-06-12,19990,Unleaded,VIC,car/14949678/toyota/corolla/vic/south-melbourne/hatchback,2026-02-12T06:04:59,,
2021,Toyota,RAV4,Gx (Awd) Hybrid,Wagon,125834,Automatic,,34888,Hybrid,VIC,car/14852934/toyota/rav4/vic/deer-park/suv,2026-02-12T06:04:59,,
2021,Toyota,Kluger,Grande Hybrid Awd,Wagon,71500,Automatic,,54998,Hybrid,VIC,car/14957268/toyota/kluger/vic/airport-west/suv,2026-02-12T06:04:59,,
2015,Toyota,Corolla,Ascent,Hatchback,177018,Automatic,,16989,Unleaded,VIC,car/14942998/toyota/corolla/vic/maidstone/hatchback,2026-02-12T06:04:59,,
2022,Toyota,HiAce,GDH300R,Commercial,30688,Automatic,2026-03-29,53990,Other,VIC,car/14956144/toyota/hiace/vic/melbourne/van,2026-02-12T06:04:59,,
2021,Toyota,RAV4,Gx (Awd) Hybrid,Wagon,85845,Automatic,,37990,Hybrid,VIC,car/14919077/toyota/rav4/vic/south-melbourne/suv,2026-02-12T06:04:59,,
2023,Toyota,Hilux,Gr-Sport (4X4),Double Cab Pick Up,81129,Automatic,,72888,Diesel,VIC,car/14917592/toyota/hilux/vic/deer-park/dual-cab,2026-02-12T06:04:59,,
2009,Toyota,Camry,Altise,Sedan,280000,Automatic,2026-05-04,5850,Unleaded,VIC,car/14950057/toyota/camry/vic/moorabbin/sedan,2026-02-12T06:04:59,,
2018,Toyota,Corolla,Ascent Sport,Hatchback,83822,Automatic,2026-04-08,21990,Unleaded,VIC,car/14906748/toyota/corolla/vic/south-melbourne/hatchback,2026-02-12T06:04:59,,
2020,Toyota,RAV4,Gx Awd Hybrid (Nav),Wagon,60348,Automatic,2026-08-03,39990,Hybrid,VIC,car/14898331/toyota/rav4/vic/south-melbourne/suv,2026-02-12T06:04:59,,
2020,Toyota,Corolla,Zr,Hatchback,71858,Automatic,2026-03-12,27888,Unleaded,VIC,car/14877735/toyota/corolla/vic/deer-park/hatchback,2026-02-12T06:04:59,,
2021,Toyota,HiAce,Slwb,Van,164520,Automatic,2026-07-14,43990,Diesel,VIC,car/14937050/toyota/hiace/vic/preston/van,2026-02-12T06:04:59,,
2024,Toyota,Camry,Ascent,Sedan,54953,Automatic,2026-04-26,30990,Premium,VIC,car/14949611/toyota/camry/vic/cheltenham/sedan,2026-02-12T06:04:59,,
2007,Toyota,Estima,AERAS,SUV,122103,Automatic,2026-01-21,11990,Other,VIC,car/14951957/toyota/estima/vic/coburg-north/suv,2026-02-12T06:04:59,,
2024,Toyota,Camry,Ascent,Sedan,51525,Automatic,2026-05-31,31950,Premium,VIC,car/14948576/toyota/camry/vic/cheltenham/sedan,2026-02-12T06:04:59,,
2020,Toyota,Camry,Ascent Sport (Hybrid),Sedan,82890,Automatic,,28998,Hybrid,VIC,car/14799036/toyota/camry/vic/airport-west/sedan,2026-02-12T06:04:59,,
2024,Toyota,Supra,Gts,Coupe,3626,Automatic,2026-01-01,102888,Premium,VIC,car/14947870/toyota/supra/vic/oakleigh/coupe,2026-02-12T06:04:59,,
2019,Toyota,HiAce,Slwb,Van,175943,Automatic,,52990,Diesel,VIC,car/14682672/toyota/hiace/vic/coburg-north/van,2026-02-12T06:04:59,,
2025,Toyota,RAV4,Edge (Awd) Hybrid,Wagon,12286,Automatic,,64990,Hybrid,VIC,car/14946404/toyota/rav4/vic/elsternwick/suv,2026-02-12T06:04:59,,
2010,Toyota,Rukus,Build 2,Wagon,98249,Automatic,2026-09-17,13595,Unleaded,VIC,car/14949355/toyota/rukus/vic/burwood/wagon,2026-02-12T06:04:59,,
2019,Toyota,Yaris,Ascent,Hatchback,52252,Automatic,,19990,Unleaded,VIC,car/14948745/toyota/yaris/vic/bentleigh/hatchback,2026-02-12T06:04:59,,
2016,Toyota,Corolla,Ascent Sport,Hatchback,165984,Automatic,2026-05-25,15990,Unleaded,VIC,car/14949490/toyota/corolla/vic/coburg-north/hatchback,2026-02-12T06:04:59,,
2013,Toyota,Kluger,Grande (Fwd),Wagon,192195,Automatic,2026-02-26,18999,Unleaded,VIC,car/14936450/toyota/kluger/vic/ringwood/suv,2026-02-12T06:04:59,,
2024,Toyota,Corolla Cross,Gx 2Wd,Wagon,45646,Automatic,,37450,Unleaded,VIC,car/14945355/toyota/corolla-cross/vic/moorabbin/suv,2026-02-12T06:04:59,,
2008,Toyota,Tarago,Glx V6,Wagon,229000,Automatic,,7999,Premium,VIC,car/14944798/toyota/tarago/vic/northcote/people-mover,2026-02-12T06:04:59,,
2012,Toyota,Kluger,Kx-S (4X4),Wagon,206393,Automatic,2026-09-27,13990,Unleaded,VIC,car/14942023/toyota/kluger/vic/murrumbeena/suv,2026-02-12T06:04:59,,
2018,Toyota,RAV4,Gx (2Wd),Wagon,74520,Automatic,2026-05-20,26999,Unleaded,VIC,car/14951252/toyota/rav4/vic/highett/suv,2026-02-12T06:04:59,,
2020,Toyota,Hilux,Sr5 (4X4),Double Cab Pick Up,211751,Automatic,2026-10-16,39997,Diesel,VIC,car/14940494/toyota/hilux/vic/fawkner/dual-cab,2026-02-12T06:04:59,,
2017,Toyota,Landcruiser Prado,Gxl (4X4),Wagon,118181,Automatic,2026-05-11,48490,Diesel,VIC,car/14954791/toyota/landcruiser-prado/vic/bentleigh/suv,2026-02-12T06:04:59,,
2003,Toyota,Camry,Altise,Sedan,134625,Automatic,2026-04-29,7490,Unleaded,VIC,car/14946868/toyota/camry/vic/thomastown/sedan,2026-02-12T06:04:59,,
2022,Toyota,Corolla,Ascent Sport Hybrid,Hatchback,56177,Automatic,,29990,Hybrid,VIC,car/14950167/toyota/corolla/vic/elsternwick/hatchback,2026-02-12T06:04:59,,
2024,Toyota,Corolla Cross,Gx 2Wd Hybrid,Wagon,50462,Automatic,,39990,Hybrid,VIC,car/14949407/toyota/corolla-cross/vic/elsternwick/suv,2026-02-12T06:04:59,,
2021,Toyota,Hilux,Sr5 (4X4),Double Cab Pick Up,156000,Automatic,2026-06-21,45888,Diesel,VIC,car/14947816/toyota/hilux/vic/oakleigh/dual-cab,2026-02-12T06:04:59,,
2010,Toyota,Yaris,Yrs,Hatchback,115000,Automatic,2026-05-22,9498,Unleaded,VIC,car/14952925/toyota/yaris/vic/glenroy/hatchback,2026-02-12T06:04:59,,
2014,Toyota,Estima,,SUV,125360,Automatic,2026-04-20,17999,Other,VIC,car/14936449/toyota/estima/vic/ringwood/suv,2026-02-12T06:04:59,,
2012,Toyota,Kluger,Grande (Fwd),Wagon,186787,Automatic,2026-05-03,16990,Unleaded,VIC,car/14951923/toyota/kluger/vic/coburg-north/suv,2026-02-12T06:04:59,,
2022,Toyota,Camry,Ascent,Sedan,55790,Automatic,2026-01-20,36990,Premium,VIC,car/14955224/toyota/camry/vic/brighton/sedan,2026-02-12T06:04:59,,
2025,Toyota,Corolla,Ascent Sport Hybrid,Hatchback,5248,Automatic,,36688,Hybrid,VIC,car/14955243/toyota/corolla/vic/oakleigh/hatchback,2026-02-12T06:04:59,,
2024,Toyota,Corolla,Ascent Sport Hybrid,Hatchback,9495,Automatic,2026-08-05,35990,Hybrid,VIC,car/14952945/toyota/corolla/vic/camberwell/hatchback,2026-02-12T06:04:59,,
2022,Toyota,RAV4,EDGE,SUV,86384,Automatic,,44888,Unleaded,VIC,car/14955239/toyota/rav4/vic/oakleigh/suv,2026-02-12T06:04:59,,
2015,Toyota,Kluger,Grande (4X2),Wagon,154772,Automatic,2026-03-26,26997,Unleaded,VIC,car/14940495/toyota/kluger/vic/fawkner/suv,2026-02-12T06:04:59,,
2024,Toyota,RAV4,Gx (2Wd) Hybrid,Wagon,57447,Automatic,,43990,Hybrid,VIC,car/14946403/toyota/rav4/vic/elsternwick/suv,2026-02-12T06:04:59,,
2022,Toyota,Yaris,Sx Hybrid,Hatchback,147430,Automatic,,25888,Hybrid,VIC,car/14939789/toyota/yaris/vic/oakleigh/hatchback,2026-02-12T06:04:59,,
2022,Toyota,Yaris Cross,Gx Hybrid,Wagon,100441,Automatic,2026-04-30,27490,Hybrid,VIC,car/14947798/toyota/yaris-cross/vic/oakleigh/suv,2026-02-12T06:04:59,,
2020,Toyota,C-HR,Koba (2Wd) Hybrid,Wagon,61824,Automatic,,34990,Hybrid,VIC,car/14943506/toyota/c-hr/vic/camberwell/suv,2026-02-12T06:04:59,,
2025,Toyota,Fortuner,Gxl,Wagon,18579,Automatic,,65888,Diesel,VIC,car/14955242/toyota/fortuner/vic/oakleigh/suv,2026-02-12T06:04:59,,
2023,Toyota,Hilux,Gr-Sport (4X4),Double Cab Pick Up,8551,Automatic,2026-09-15,79990,Diesel,VIC,car/14957766/toyota/hilux/vic/camberwell/dual-cab,2026-02-12T06:04:59,,
2020,Toyota,HiAce,Commuter (12 Seats),Bus,111675,Automatic,2026-05-08,54777,Diesel,VIC,car/14939827/toyota/hiace/vic/heidelberg/people-mover,2026-02-12T06:04:59,,
2010,Toyota,Camry,Sportivo,Sedan,162766,Automatic,2026-04-30,11888,Unleaded,VIC,car/14957394/toyota/camry/vic/preston/sedan,2026-02-12T06:04:59,,
2025,Toyota,Hilux,Sr 48V (4X4),Double Cab Pick Up,1160,Automatic,2027-01-23,64970,Diesel,VIC,car/14951550/toyota/hilux/vic/keysborough/dual-cab,2026-02-12T06:04:59,,
2024,Toyota,Camry,Ascent,Sedan,52557,Automatic,,33950,Premium,VIC,car/14853234/toyota/camry/vic/moorabbin/sedan,2026-02-12T06:04:59,,
2024,Toyota,Corolla Cross,Gxl 2Wd Hybrid,Wagon,7291,Automatic,,42000,Hybrid,VIC,car/14953929/toyota/corolla-cross/vic/ringwood/suv,2026-02-12T06:04:59,,
2015,Toyota,Crown,ROYAL SALOON,Sedan,114353,Automatic,,21995,Hybrid,VIC,car/14945300/toyota/crown/vic/mordialloc/limousine,2026-02-12T06:04:59,,
2005,Toyota,Alphard,WELCAB,Commercial,150360,Automatic,,14990,Other,VIC,car/14939015/toyota/alphard/vic/blackburn/van,2026-02-12T06:04:59,,
2007,Toyota,Camry,Altise,Sedan,207000,Automatic,2026-05-15,7750,Unleaded,VIC,car/14946328/toyota/camry/vic/nunawading/sedan,2026-02-12T06:04:59,,
2018,Toyota,Hilux,Workmate,Cab Chassis,29620,Automatic,,28990,Unleaded,VIC,car/14953599/toyota/hilux/vic/sunbury/single-cab,2026-02-12T06:04:59,,
2023,Toyota,C-HR,Koba (2Wd),Wagon,52450,Automatic,,37470,Premium,VIC,car/14947436/toyota/c-hr/vic/keysborough/suv,2026-02-12T06:04:59,,
2022,Toyota,Hilux,Workmate,Cab Chassis,90241,Automatic,2027-02-02,31970,Unleaded,VIC,car/14947435/toyota/hilux/vic/keysborough/single-cab,2026-02-12T06:04:59,,
2018,Toyota,Kluger,Gxl (4X2),Wagon,132846,Automatic,2025-12-29,31990,Unleaded,VIC,car/14945618/toyota/kluger/vic/south-morang/suv,2026-02-12T06:04:59,,
2020,Toyota,GR Yaris,Gr,Hatchback,99111,Manual,,36990,Premium,VIC,car/14953590/toyota/gr-yaris/vic/sunbury/hatchback,2026-02-12T06:04:59,,
2004,Toyota,Camry,Altise,Sedan,163047,Automatic,,6990,Unleaded,VIC,car/14948322/toyota/camry/vic/dingley-village/sedan,2026-02-12T06:04:59,,
2025,Toyota,RAV4,Cruiser (Awd) Hybrid,Wagon,9586,Automatic,2026-08-18,63970,Hybrid,VIC,car/14953407/toyota/rav4/vic/keysborough/suv,2026-02-12T06:04:59,,
2018,Toyota,Hilux,Workmate,Cab Chassis,76303,Automatic,2026-05-18,25990,Unleaded,VIC,car/14939740/toyota/hilux/vic/nunawading/single-cab,2026-02-12T06:04:59,,
2013,Toyota,Crown,ROYAL SALOON,Sedan,86781,Automatic,,19999,Hybrid,VIC,car/14955631/toyota/crown/vic/mordialloc/limousine,2026-02-12T06:04:59,,
2005,Toyota,Corolla,Conquest Seca,Hatchback,192043,Automatic,,6300,Unleaded,VIC,car/14948323/toyota/corolla/vic/dingley-village/hatchback,2026-02-12T06:04:59,,
2020,Toyota,Corolla,Ascent Sport (Hybrid),Hatchback,42907,Automatic,,27990,Hybrid,VIC,car/14953602/toyota/corolla/vic/sunbury/hatchback,2026-02-12T06:04:59,,
2019,Toyota,Hilux,Sr5 (4X4),Double Cab Pick Up,44531,Automatic,2026-06-23,579900,Diesel,VIC,car/14959854/toyota/hilux/vic/south-morang/dual-cab,2026-02-12T06:04:59,,
2015,Toyota,Yaris,Ascent,Hatchback,16475,Automatic,2026-02-26,19990,Unleaded,VIC,car/14958696/toyota/yaris/vic/mordialloc/hatchback,2026-02-12T06:04:59,,
2020,Toyota,Corolla,,SUV,101161,Automatic,,18495,Hybrid,VIC,car/14958355/toyota/corolla/vic/mordialloc/suv,2026-02-12T06:04:59,,
2020,Toyota,Corolla,HYBRID GX,SUV,99412,Automatic,,19995,Hybrid,VIC,car/14958370/toyota/corolla/vic/mordialloc/suv,2026-02-12T06:04:59,,
2020,Toyota,Corolla,HYBRID EX,SUV,89165,Automatic,,20995,Hybrid,VIC,car/14958376/toyota/corolla/vic/mordialloc/suv,2026-02-12T06:04:59,,
2012,Toyota,Prius,ZVW30R,Hatch,94474,Automatic,,17995,Hybrid,VIC,car/14958377/toyota/prius/vic/mordialloc/hatchback,2026-02-12T06:04:59,,
2022,Toyota,Corolla,HYBRID EX,Sedan,24193,Automatic,,25995,Hybrid,VIC,car/14958379/toyota/corolla/vic/mordialloc/limousine,2026-02-12T06:04:59,,
2024,Toyota,Yaris Cross,Gx Hybrid,Wagon,45683,Automatic,2026-08-06,35990,Hybrid,VIC,car/14953594/toyota/yaris-cross/vic/sunbury/suv,2026-02-12T06:04:59,,
2017,Toyota,HiAce,KDH206,Commercial,159266,Automatic,,29990,Other,VIC,car/14956238/toyota/hiace/vic/epping/van,2026-02-12T06:04:59,,
2021,Toyota,Corolla,HYBRID EX,SUV,116255,Automatic,,19995,Hybrid,VIC,car/14955640/toyota/corolla/vic/mordialloc/suv,2026-02-12T06:04:59,,
2023,Toyota,HiAce,Lwb Barn Door,Van,44748,Automatic,2026-04-13,55970,Diesel,VIC,car/14953406/toyota/hiace/vic/keysborough/van,2026-02-12T06:04:59,,
2004,Toyota,Kluger,Cv (4X4),Wagon,178960,Automatic,,8990,Unleaded,VIC,car/14953576/toyota/kluger/vic/blackburn/suv,2026-02-12T06:04:59,,
2024,Toyota,GR Corolla,Gts,Hatchback,25453,Manual,,62990,Premium,VIC,car/14950369/toyota/gr-corolla/vic/nunawading/hatchback,2026-02-12T06:04:59,,
2022,Toyota,RAV4,Gx (2Wd) Hybrid,Wagon,83546,Automatic,,38990,Hybrid,VIC,car/14953596/toyota/rav4/vic/sunbury/suv,2026-02-12T06:04:59,,
2019,Toyota,HiAce,TRH200,OtherCar,68724,Automatic,,34500,Other,VIC,car/14956235/toyota/hiace/vic/epping/othercar,2026-02-12T06:04:59,,
2024,Toyota,RAV4,Gx (2Wd) Hybrid,Wagon,40850,Automatic,,44990,Hybrid,VIC,car/14937929/toyota/rav4/vic/nunawading/suv,2026-02-12T06:04:59,,
2025,Toyota,GR Corolla,Gts,Hatchback,14111,Automatic,,68990,Premium,VIC,car/14950364/toyota/gr-corolla/vic/nunawading/hatchback,2026-02-12T06:04:59,,
2020,Toyota,Landcruiser,Lc200 Sahara (4X4),Wagon,73456,Automatic,2026-10-30,125970,Diesel,VIC,car/14936619/toyota/landcruiser/vic/keysborough/suv,2026-02-12T06:04:59,,
2004,Toyota,Corolla,Ascent Seca,Hatchback,180000,Automatic,2026-02-24,7750,Unleaded,VIC,car/14951260/toyota/corolla/vic/nunawading/hatchback,2026-02-12T06:04:59,,
2018,Toyota,C-HR,G,SUV,110206,Automatic,,23995,Hybrid,VIC,car/14955650/toyota/c-hr/vic/mordialloc/suv,2026-02-12T06:04:59,,
2025,Toyota,Camry,Sl Hybrid,Sedan,8935,Automatic,2026-03-21,58970,Hybrid,VIC,car/14953613/toyota/camry/vic/keysborough/sedan,2026-02-12T06:04:59,,
2017,Toyota,Hilux,Sr (4X4),X Cab Utility,151000,Manual,2026-08-01,39990,Diesel,VIC,car/14955539/toyota/hilux/vic/mill-park/extra-cab,2026-02-12T06:04:59,,
2020,Toyota,Corolla,HYBRID G-X,SUV,119152,Automatic,,20995,Hybrid,VIC,car/14955637/toyota/corolla/vic/mordialloc/suv,2026-02-12T06:04:59,,
2024,Toyota,Kluger,Gx Hybrid Awd,Wagon,4467,Automatic,2026-12-31,62970,Hybrid,VIC,car/14945182/toyota/kluger/vic/keysborough/suv,2026-02-12T06:04:59,,
2022,Toyota,Corolla Cross,Gx 2Wd Hybrid,Wagon,29328,Automatic,2027-02-13,36990,Hybrid,VIC,car/14939732/toyota/corolla-cross/vic/nunawading/suv,2026-02-12T06:04:59,,
2008,Toyota,Corolla,Ascent,Sedan,71934,Automatic,2026-03-25,12500,Unleaded,VIC,car/14954017/toyota/corolla/vic/dingley-village/sedan,2026-02-12T06:04:59,,
2021,Toyota,Hilux,Sr (4X4),Double Cab Chassis,114609,Manual,2026-10-21,49950,Diesel,VIC,car/14942122/toyota/hilux/vic/sunbury/dual-cab,2026-02-12T06:04:59,,
2014,Toyota,Crown,ROYAL,Sedan,85700,Automatic,,19999,Hybrid,VIC,car/14955628/toyota/crown/vic/mordialloc/limousine,2026-02-12T06:04:59,,
2016,Toyota,Corolla,Ascent,Hatchback,83076,Automatic,2027-01-20,19970,Unleaded,VIC,car/14953614/toyota/corolla/vic/keysborough/hatchback,2026-02-12T06:04:59,,
2024,Toyota,RAV4,Gx (2Wd) Hybrid,Wagon,39008,Automatic,2026-04-17,44970,Hybrid,VIC,car/14947440/toyota/rav4/vic/keysborough/suv,2026-02-12T06:04:59,,
2024,Toyota,Yaris Cross,Urban Hybrid,Wagon,6206,Automatic,2026-10-22,42970,Hybrid,VIC,car/14947438/toyota/yaris-cross/vic/keysborough/suv,2026-02-12T06:04:59,,
2023,Toyota,Hilux,Sr5 (4X4),Double Cab Pick Up,110936,Automatic,,54888,Hybrid,VIC,car/14956563/toyota/hilux/vic/sunbury/dual-cab,2026-02-12T06:04:59,,
2017,Toyota,Sienta,HYBRID G,Commercial,89940,Automatic,,18995,Hybrid,VIC,car/14955632/toyota/sienta/vic/mordialloc/van,2026-02-12T06:04:59,,
2021,Toyota,Hilux,Rugged X (4X4),Double Cab Pick Up,96197,Automatic,2026-10-20,60990,Diesel,VIC,car/14955537/toyota/hilux/vic/south-morang/dual-cab,2026-02-12T06:04:59,,
2017,Toyota,Sienta,HYBRID G,Commercial,85823,Automatic,,17995,Hybrid,VIC,car/14955634/toyota/sienta/vic/mordialloc/van,2026-02-12T06:04:59,,
2018,Toyota,Corolla,Hybrid,Hatchback,120867,Automatic,,24990,Hybrid,VIC,car/14937926/toyota/corolla/vic/nunawading/hatchback,2026-02-12T06:04:59,,
2013,Toyota,Crown,ATHLETE,Sedan,98371,Automatic,,22995,Hybrid,VIC,car/14955630/toyota/crown/vic/mordialloc/limousine,2026-02-12T06:04:59,,
2023,Toyota,Landcruiser,Lc300 Sahara Zx (4X4),Wagon,38936,Automatic,2026-07-26,145970,Diesel,VIC,car/14954919/toyota/landcruiser/vic/keysborough/suv,2026-02-12T06:04:59,,
2024,Toyota,RAV4,Gx (2Wd) Hybrid,Wagon,23212,Automatic,2026-10-17,46970,Hybrid,VIC,car/14954917/toyota/rav4/vic/keysborough/suv,2026-02-12T06:04:59,,
2024,Toyota,RAV4,Cruiser (2Wd) Hybrid,Wagon,18199,Automatic,2026-09-04,60970,Hybrid,VIC,car/14953408/toyota/rav4/vic/keysborough/suv,2026-02-12T06:04:59,,
2020,Toyota,HiAce,GDH206,Commercial,193410,Automatic,,33900,Other,VIC,car/14956237/toyota/hiace/vic/epping/van,2026-02-12T06:04:59,,
2020,Toyota,Camry,Ascent,Sedan,22602,Automatic,2026-02-05,32990,Unleaded,VIC,car/14942218/toyota/camry/vic/south-morang/sedan,2026-02-12T06:04:59,,
2019,Toyota,Corolla,Zr,Hatchback,87727,Automatic,2026-01-29,27990,Unleaded,VIC,car/14956558/toyota/corolla/vic/sunbury/hatchback,2026-02-12T06:04:59,,
2022,Toyota,RAV4,Gx (2Wd) Hybrid,Wagon,27324,Automatic,2026-06-21,41990,Hybrid,VIC,car/14870832/toyota/rav4/vic/nunawading/suv,2026-02-12T06:04:59,,
2023,Toyota,Corolla,Ascent Sport Hybrid,Hatchback,20854,Automatic,,33990,Hybrid,VIC,car/14937931/toyota/corolla/vic/nunawading/hatchback,2026-02-12T06:04:59,,
2023,Toyota,Corolla,Ascent Sport Hybrid,Hatchback,18614,Automatic,,33990,Hybrid,VIC,car/14937933/toyota/corolla/vic/nunawading/hatchback,2026-02-12T06:04:59,,
2015,Toyota,RAV4,Gxl (2Wd),Wagon,114848,Automatic,,24990,Unleaded,VIC,car/14955528/toyota/rav4/vic/nunawading/suv,2026-02-12T06:04:59,,
2021,Toyota,RAV4,Gx (2Wd) Hybrid,Wagon,72360,Automatic,2026-04-12,38990,Hybrid,VIC,car/14956565/toyota/rav4/vic/sunbury/suv,2026-02-12T06:04:59,,
2020,Toyota,RAV4,G Z,SUV,19933,Automatic,,45995,Hybrid,VIC,car/14957891/toyota/rav4/vic/mordialloc/suv,2026-02-12T06:04:59,,
2022,Toyota,Corolla,Ascent Sport Hybrid,Hatchback,37739,Automatic,,29888,Hybrid,VIC,car/14956560/toyota/corolla/vic/sunbury/hatchback,2026-02-12T06:04:59,,
2023,Toyota,HiAce,GDH201,Commercial,52087,Automatic,,44900,Other,VIC,car/14956236/toyota/hiace/vic/epping/van,2026-02-12T06:04:59,,
2016,Toyota,Vellfire,Z,Commercial,54637,Automatic,,40988,Other,VIC,car/14846565/toyota/vellfire/vic/epping/van,2026-02-12T06:04:59,,
2022,Toyota,Fortuner,Gx,Wagon,70304,Automatic,,48690,Diesel,VIC,car/14839788/toyota/fortuner/vic/epping/suv,2026-02-12T06:04:59,,
2013,Toyota,Crown,ROYAL SALOON,Sedan,81228,Automatic,,19999,Hybrid,VIC,car/14958291/toyota/crown/vic/mordialloc/limousine,2026-02-12T06:04:59,,
2012,Toyota,Crown,BASE GRADE,Sedan,103916,Automatic,,12995,Hybrid,VIC,car/14958311/toyota/crown/vic/mordialloc/limousine,2026-02-12T06:04:59,,
2021,Toyota,Probox,DX COMFORT,SUV,135304,Automatic,,16495,Hybrid,VIC,car/14955641/toyota/probox/vic/mordialloc/suv,2026-02-12T06:04:59,,
2020,Toyota,Crown,SC PACKAGE,Sedan,105794,Automatic,,33995,Hybrid,VIC,car/14957888/toyota/crown/vic/mordialloc/limousine,2026-02-12T06:04:59,,
2022,Toyota,Yaris Cross,Gxl Hybrid,Wagon,73689,Automatic,2026-06-22,31970,Hybrid,VIC,car/14918070/toyota/yaris-cross/vic/keysborough/suv,2026-02-12T06:04:59,,
2017,Toyota,Hilux,Workmate,Cab Chassis,142137,Automatic,2026-03-27,21990,Unleaded,VIC,car/14947517/toyota/hilux/vic/mornington/single-cab,2026-02-12T06:04:59,,
2014,Toyota,Hilux,WORKMATE,Ute Tray,199547,Automatic,,14888,Unleaded,VIC,car/14951238/toyota/hilux/vic/dandenong-south/pickup,2026-02-12T06:04:59,,
2015,Toyota,Vellfire,2.5,SUV,69304,Automatic,,36990,Other,VIC,car/14950001/toyota/vellfire/vic/dandenong/suv,2026-02-12T06:04:59,,
2022,Toyota,Landcruiser Prado,Gxl,Wagon,106795,Automatic,2026-04-12,58990,Diesel,VIC,car/14948938/toyota/landcruiser-prado/vic/ferntree-gully/suv,2026-02-12T06:04:59,,
2007,Toyota,Aurion,Prodigy,Sedan,98600,Automatic,2026-06-08,9999,Unleaded,VIC,car/14947418/toyota/aurion/vic/boronia/sedan,2026-02-12T06:04:59,,
2023,Toyota,Hilux,Gr-Sport (4X4),Double Cab Pick Up,22863,Automatic,2026-05-03,79990,Diesel,VIC,car/14935100/toyota/hilux/vic/frankston/dual-cab,2026-02-12T06:04:59,,
2018,Toyota,Corolla,Fielder (Hybrid),Wagon,79050,,,17999,,VIC,car/14944074/toyota/corolla/vic/dandenong/wagon,2026-02-12T06:04:59,,
2019,Toyota,Hilux,SR,Ute Tray,123499,Automatic,,36888,Diesel,VIC,car/14950618/toyota/hilux/vic/dandenong-south/pickup,2026-02-12T06:04:59,,
2016,Toyota,Vellfire,3.5Z,SUV,76435,Automatic,,39990,Other,VIC,car/14947337/toyota/vellfire/vic/dandenong/suv,2026-02-12T06:04:59,,
2020,Toyota,Hilux,Sr5 (4X4),Double Cab Pick Up,118360,Automatic,2026-03-31,47990,Diesel,VIC,car/14892694/toyota/hilux/vic/mornington/dual-cab,2026-02-12T06:04:59,,
2008,Toyota,Landcruiser,Gxl (4X4),Wagon,163576,Automatic,2026-04-14,37500,Diesel,VIC,car/14952367/toyota/landcruiser/vic/cranbourne-west/suv,2026-02-12T06:04:59,,
1998,Toyota,Camry,Csi,Wagon,253597,Automatic,2026-03-31,6990,Unleaded,VIC,car/14940750/toyota/camry/vic/ringwood/wagon,2026-02-12T06:04:59,,
2023,Toyota,Yaris,X,Hatch,54635,Automatic,,24888,Other,VIC,car/14917219/toyota/yaris/vic/ringwood/hatchback,2026-02-12T06:04:59,,
2015,Toyota,Crown,,OtherCar,67360,,2026-03-18,23888,Other,VIC,car/14953879/toyota/crown/vic/ringwood/othercar,2026-02-12T06:04:59,,
2007,Toyota,Camry,Altise,Sedan,160318,Automatic,2026-04-11,7888,Unleaded,VIC,car/14936190/toyota/camry/vic/ringwood/sedan,2026-02-12T06:04:59,,
2014,Toyota,HiAce,Commuter,Bus,122430,Automatic,2026-04-10,34990,Unleaded,VIC,car/14953906/toyota/hiace/vic/ringwood/people-mover,2026-02-12T06:04:59,,
2014,Toyota,Hilux,Sr (4X4),Dual Cab Pick-up,241728,Automatic,2026-06-21,26999,Diesel,VIC,car/14950837/toyota/hilux/vic/ringwood/dual-cab,2026-02-12T06:04:59,,
2015,Toyota,Vellfire,2.5V,SUV,86200,Automatic,,35990,Other,VIC,car/14950792/toyota/vellfire/vic/dandenong/suv,2026-02-12T06:04:59,,
2010,Toyota,Hilux,Workmate,Cab Chassis,236000,Manual,2026-09-29,12999,Unleaded,VIC,car/14948245/toyota/hilux/vic/ringwood/single-cab,2026-02-12T06:04:59,,
2022,Toyota,Hilux,Rogue (4X4),Double Cab Pick Up,95027,Automatic,2026-12-09,58990,Diesel,VIC,car/14951004/toyota/hilux/vic/mornington/dual-cab,2026-02-12T06:04:59,,
2023,Toyota,Hilux,Rogue (4X4),Double Cab Pick Up,56075,Automatic,,64990,Diesel,VIC,car/14946681/toyota/hilux/vic/frankston/dual-cab,2026-02-12T06:04:59,,
2013,Toyota,Camry,Hybrid Hl,Sedan,265729,Automatic,2026-02-20,14999,Hybrid,VIC,car/14951760/toyota/camry/vic/upper-ferntree-gully/sedan,2026-02-12T06:04:59,,
2012,Toyota,Landcruiser Prado,Gxl (4X4),Wagon,321000,Automatic,2026-07-15,22999,Diesel,VIC,car/14960164/toyota/landcruiser-prado/vic/boronia/suv,2026-02-12T06:04:59,,
2017,Toyota,Hilux,SR,Ute Tray,289059,Automatic,2026-10-03,27888,Diesel,VIC,car/14959470/toyota/hilux/vic/dandenong-south/pickup,2026-02-12T06:04:59,,
2011,Toyota,Landcruiser Prado,Vx (4X4),Wagon,316624,Automatic,2026-04-15,25999,Diesel,VIC,car/14959078/toyota/landcruiser-prado/vic/upper-ferntree-gully/suv,2026-02-12T06:04:59,,
2017,Toyota,Corolla,Fielder (Hybrid),Wagon,211150,,,10999,,VIC,car/14959072/toyota/corolla/vic/dandenong/wagon,2026-02-12T06:04:59,,
2004,Toyota,Corolla,Ascent Seca,Hatchback,116575,Automatic,2026-11-28,8750,Unleaded,VIC,car/14958851/toyota/corolla/vic/dandenong/hatchback,2026-02-12T06:04:59,,
2021,Toyota,Landcruiser Prado,Kakadu,Wagon,61273,Automatic,2026-05-15,77888,Diesel,VIC,car/14958676/toyota/landcruiser-prado/vic/croydon/suv,2026-02-12T06:04:59,,
2024,Toyota,RAV4,Cruiser (2Wd) Hybrid,Wagon,20021,Automatic,2026-03-31,57888,Hybrid,VIC,car/14958678/toyota/rav4/vic/croydon/suv,2026-02-12T06:04:59,,
2024,Toyota,RAV4,Cruiser (2Wd) Hybrid,Wagon,14513,Automatic,2026-03-31,58888,Hybrid,VIC,car/14958420/toyota/rav4/vic/croydon/suv,2026-02-12T06:04:59,,
2013,Toyota,Corolla,Levin Sx,Hatchback,140381,Manual,2026-04-15,12990,Unleaded,VIC,car/14953878/toyota/corolla/vic/ringwood/hatchback,2026-02-12T06:04:59,,
2010,Toyota,Camry,Altise,Sedan,302000,Automatic,,5999,Unleaded,VIC,car/14952542/toyota/camry/vic/dandenong/sedan,2026-02-12T06:04:59,,
2024,Toyota,Kluger,Gx Hybrid Awd,Wagon,20025,Automatic,,59990,Hybrid,VIC,car/14945542/toyota/kluger/vic/frankston/suv,2026-02-12T06:04:59,,
2022,Toyota,Hilux,Workmate (4X2),Cab Chassis,54455,Automatic,2026-07-05,32990,Unleaded,VIC,car/14950123/toyota/hilux/vic/brighton/single-cab,2026-02-12T06:04:59,,
2019,Toyota,Camry,Ascent (Hybrid),Sedan,125000,Automatic,2026-04-07,24999,Hybrid,VIC,car/14944073/toyota/camry/vic/dandenong/sedan,2026-02-12T06:04:59,,
2018,Toyota,Hilux,Sr (4X4),X Cab Cab Chassis,235434,Manual,,27888,Diesel,VIC,car/14890803/toyota/hilux/vic/dandenong-south/extra-cab,2026-02-12T06:04:59,,
2025,Toyota,Landcruiser Prado,Altitude,Wagon,8681,Automatic,2026-07-31,109990,Diesel,VIC,car/14932234/toyota/landcruiser-prado/vic/ferntree-gully/suv,2026-02-12T06:04:59,,
2023,Toyota,Landcruiser,Lc76 Gxl + Diff Locks,Wagon,25702,Manual,2026-12-20,144990,Diesel,VIC,car/14946064/toyota/landcruiser/vic/frankston/suv,2026-02-12T06:04:59,,
2023,Toyota,Kluger,Gxl 2Wd,Wagon,114099,Automatic,2026-08-15,44990,Unleaded,VIC,car/14948939/toyota/kluger/vic/ferntree-gully/suv,2026-02-12T06:04:59,,
2022,Toyota,Kluger,Gxl Hybrid Awd,Wagon,66195,Automatic,2026-05-18,55990,Hybrid,VIC,car/14945744/toyota/kluger/vic/mornington/suv,2026-02-12T06:04:59,,
2022,Toyota,Camry,Ascent Sport Hybrid,Sedan,31883,Automatic,,36950,Hybrid,VIC,car/14941317/toyota/camry/vic/elsternwick/sedan,2026-02-12T06:04:59,,
2025,Toyota,Corolla,Ascent Sport Hybrid,Hatchback,1633,Automatic,,36990,Hybrid,VIC,car/14946655/toyota/corolla/vic/elsternwick/hatchback,2026-02-12T06:04:59,,
2017,Toyota,HiAce,Commuter,Bus,115848,Automatic,2026-04-25,36990,Unleaded,VIC,car/14951285/toyota/hiace/vic/ferntree-gully/people-mover,2026-02-12T06:04:59,,
2012,Toyota,Corolla,Ascent,Hatchback,229950,Automatic,2026-02-14,9999,Unleaded,VIC,car/14953641/toyota/corolla/vic/bayswater/hatchback,2026-02-12T06:04:59,,
2024,Toyota,RAV4,Cruiser (Awd) Hybrid,Wagon,20321,Automatic,2025-11-30,62990,Hybrid,VIC,car/14941770/toyota/rav4/vic/mornington/suv,2026-02-12T06:04:59,,
2022,Toyota,Landcruiser,Gxl,Cab Chassis,102458,Manual,,89990,Diesel,VIC,car/14940443/toyota/landcruiser/vic/frankston/single-cab,2026-02-12T06:04:59,,
2024,Toyota,Corolla,Ascent Sport,Sedan,16025,Automatic,,31990,Unleaded,VIC,car/14948753/toyota/corolla/vic/camberwell/sedan,2026-02-12T06:04:59,,
2018,Toyota,Hilux,Rugged X (4X4),Dual Cab Utility,88229,Automatic,,51990,Diesel,VIC,car/14940442/toyota/hilux/vic/frankston/dual-cab,2026-02-12T06:04:59,,
2018,Toyota,Landcruiser,WORKMATE (4X4),Ute Tray,233370,Manual,,59888,Diesel,VIC,car/14943895/toyota/landcruiser/vic/dandenong-south/pickup,2026-02-12T06:04:59,,
2019,Toyota,Camry,Ascent,Sedan,59204,Automatic,2026-04-24,26990,Unleaded,VIC,car/14946489/toyota/camry/vic/mornington/sedan,2026-02-12T06:04:59,,
2018,Toyota,Kluger,Gxl (4X4),Wagon,106273,Automatic,2026-05-26,34990,Unleaded,VIC,car/14941887/toyota/kluger/vic/mornington/suv,2026-02-12T06:04:59,,
2020,Toyota,Camry,Ascent,Sedan,31415,Automatic,,32990,Unleaded,VIC,car/14945533/toyota/camry/vic/frankston/sedan,2026-02-12T06:04:59,,
2009,Toyota,Corolla,Edge,Hatchback,112222,Automatic,2026-04-16,12999,Unleaded,VIC,car/14953157/toyota/corolla/vic/bayswater/hatchback,2026-02-12T06:04:59,,
2023,Toyota,Landcruiser,Lc300 Sahara Zx (4X4),Wagon,83636,Automatic,2026-02-28,129990,Diesel,VIC,car/14950104/toyota/landcruiser/vic/mornington/suv,2026-02-12T06:04:59,,
2022,Toyota,Hilux,Sr5 (4X4),X Cab Pickup,23936,Automatic,,65888,Diesel,VIC,car/14940699/toyota/hilux/vic/oakleigh/extra-cab,2026-02-12T06:04:59,,
2020,Toyota,Camry,SL,Sedan,39622,,,42990,Hybrid,VIC,car/14948974/toyota/camry/vic/elsternwick/limousine,2026-02-12T06:04:59,,
2023,Toyota,Yaris Cross,Gx,Wagon,53024,Automatic,,28950,Unleaded,VIC,car/14959937/toyota/yaris-cross/vic/moorabbin/suv,2026-02-12T06:04:59,,
2022,Toyota,Hilux,Sr5 (4X4),Double Cab Pick Up,96859,Automatic,,57990,Diesel,VIC,car/14940953/toyota/hilux/vic/elsternwick/dual-cab,2026-02-12T06:04:59,,
2003,Toyota,RAV4,Cruiser (4X4),Wagon,243701,Automatic,2026-03-07,8999,Unleaded,VIC,car/14951176/toyota/rav4/vic/ringwood/suv,2026-02-12T06:04:59,,
2019,Toyota,Hilux,SR,Ute Tray,219591,Manual,,30888,Diesel,VIC,car/14945051/toyota/hilux/vic/dandenong-south/pickup,2026-02-12T06:04:59,,
2021,Toyota,Hilux,SR,Ute Tray,180476,Automatic,,39888,Diesel,VIC,car/14943556/toyota/hilux/vic/dandenong-south/pickup,2026-02-12T06:04:59,,
2024,Toyota,RAV4,Gx (2Wd) Hybrid,Wagon,22173,Automatic,,45990,Hybrid,VIC,car/14957063/toyota/rav4/vic/frankston/suv,2026-02-12T06:04:59,,
2013,Toyota,Corolla,Ascent,Hatchback,93893,Automatic,2026-03-18,16990,Unleaded,VIC,car/14953862/toyota/corolla/vic/ringwood/hatchback,2026-02-12T06:04:59,,
2010,Toyota,Camry,Altise,Sedan,148350,Automatic,2026-09-30,9990,Unleaded,VIC,car/14954946/toyota/camry/vic/dandenong/sedan,2026-02-12T06:04:59,,
2018,Toyota,Sienta,HYBRID,SUV,98525,Automatic,,22990,Other,VIC,car/14901929/toyota/sienta/vic/dandenong/suv,2026-02-12T06:04:59,,
2019,Toyota,RAV4,Gxl (2Wd),Wagon,63975,Automatic,,33990,Unleaded,VIC,car/14912014/toyota/rav4/vic/frankston/suv,2026-02-12T06:04:59,,
2023,Toyota,Hilux,Sr5 (4X4),Double Cab Pick Up,798,Automatic,,69990,Hybrid,VIC,car/14946654/toyota/hilux/vic/elsternwick/dual-cab,2026-02-12T06:04:59,,
2023,Toyota,Yaris Cross,Gx Hybrid,Wagon,11536,Automatic,2026-09-04,38990,Hybrid,VIC,car/14948537/toyota/yaris-cross/vic/camberwell/suv,2026-02-12T06:04:59,,
2024,Toyota,RAV4,Cruiser (Awd) Hybrid,Wagon,36987,Automatic,,59990,Hybrid,VIC,car/14933858/toyota/rav4/vic/frankston/suv,2026-02-12T06:04:59,,
2011,Toyota,Corolla,Ascent,Hatchback,198678,Automatic,2026-03-29,11950,Unleaded,VIC,car/14937907/toyota/corolla/vic/ringwood/hatchback,2026-02-12T06:04:59,,
2019,Toyota,Landcruiser,Lc200 Vx (4X4),Wagon,151246,Automatic,,93990,Diesel,VIC,car/14924216/toyota/landcruiser/vic/frankston/suv,2026-02-12T06:04:59,,
2025,Toyota,RAV4,Gx (2Wd) Hybrid,Wagon,53004,Automatic,2026-06-16,45990,Hybrid,VIC,car/14954477/toyota/rav4/vic/mornington/suv,2026-02-12T06:04:59,,
2017,Toyota,Hilux,Sr5 (4X4),Dual Cab Utility,172778,Automatic,2026-12-15,39888,Diesel,VIC,car/14956069/toyota/hilux/vic/mornington/dual-cab,2026-02-12T06:04:59,,
2023,Toyota,Landcruiser,Lc300 Sahara (4X4),Wagon,99607,Automatic,2026-02-24,127480,Diesel,VIC,car/14936735/toyota/landcruiser/vic/ferntree-gully/suv,2026-02-12T06:04:59,,
2006,Toyota,Corolla,Ascent,Sedan,149703,Automatic,,7500,Unleaded,VIC,car/14956638/toyota/corolla/vic/dandenong/sedan,2026-02-12T06:04:59,,
2024,Toyota,RAV4,Cruiser (2Wd) Hybrid,Wagon,27078,Automatic,,59990,Hybrid,VIC,car/14954197/toyota/rav4/vic/frankston/suv,2026-02-12T06:04:59,,
2004,Toyota,Echo,,Hatchback,87381,Automatic,2027-02-10,8990,Unleaded,VIC,car/14941741/toyota/echo/vic/mornington/hatchback,2026-02-12T06:04:59,,
2019,Toyota,RAV4,Gxl Awd Hybrid,Wagon,60983,Automatic,2026-07-17,39990,Hybrid,VIC,car/14942830/toyota/rav4/vic/mornington/suv,2026-02-12T06:04:59,,
2012,Toyota,RAV4,Cv (2Wd),Wagon,218322,Automatic,2026-01-31,12999,Unleaded,VIC,car/14936570/toyota/rav4/vic/ringwood/suv,2026-02-12T06:04:59,,
2019,Toyota,Camry,Ascent,Sedan,48951,Automatic,2026-07-11,31888,Unleaded,VIC,car/14943536/toyota/camry/vic/croydon/sedan,2026-02-12T06:04:59,,
2022,Toyota,Landcruiser,Lc300 Vx (4X4),Wagon,108977,Automatic,2026-05-16,119990,Diesel,VIC,car/14942185/toyota/landcruiser/vic/mornington/suv,2026-02-12T06:04:59,,
2019,Toyota,Camry,Ascent,Sedan,86717,Automatic,2026-02-28,27990,Unleaded,VIC,car/14945743/toyota/camry/vic/thomastown/sedan,2026-02-12T06:04:59,,
2016,Toyota,RAV4,Gx (4X4),Wagon,150239,Automatic,2026-06-30,21990,Diesel,VIC,car/14948024/toyota/rav4/vic/brighton/suv,2026-02-12T06:04:59,,
2022,Toyota,Hilux,Sr (4X4),Double Cab Pick Up,93952,Automatic,,47990,Diesel,VIC,car/14945473/toyota/hilux/vic/elsternwick/dual-cab,2026-02-12T06:04:59,,
2020,Toyota,Alphard,EXECUTIVE LOUNGE S,OtherCar,86190,Automatic,,61888,Other,VIC,car/14917177/toyota/alphard/vic/ringwood/othercar,2026-02-12T06:04:59,,
2008,Toyota,Corolla,Ascent,Hatchback,215722,Automatic,2026-04-23,7888,Unleaded,VIC,car/14800941/toyota/corolla/vic/ringwood/hatchback,2026-02-12T06:04:59,,
2007,Toyota,Landcruiser,Workmate (4X4) 3 Seat,,469296,Manual,2026-02-15,36990,Diesel,VIC,car/14924823/toyota/landcruiser/vic/seaford/suv,2026-02-12T06:04:59,,
2007,Toyota,Alphard,AX,SUV,128990,Automatic,2026-03-10,15950,Unleaded,VIC,car/14955905/toyota/alphard/vic/dandenong/suv,2026-02-12T06:04:59,,
2011,Toyota,Aurion,At-X,Sedan,149076,Automatic,2026-02-15,12999,Unleaded,VIC,car/14954566/toyota/aurion/vic/ringwood/sedan,2026-02-12T06:04:59,,
2007,Toyota,Aurion,At-X,Sedan,97495,Automatic,,11990,Unleaded,VIC,car/14949409/toyota/aurion/vic/elsternwick/sedan,2026-02-12T06:04:59,,
2011,Toyota,Corolla,Ascent Sport,Sedan,190321,Automatic,2026-04-03,9990,Unleaded,VIC,car/14951027/toyota/corolla/vic/thomastown/sedan,2026-02-12T06:04:59,,
2024,Toyota,Kluger,Grande Hybrid Awd,Wagon,6777,Automatic,2026-05-06,84990,Hybrid,VIC,car/14952842/toyota/kluger/vic/mentone/suv,2026-02-12T06:04:59,,
2018,Toyota,HiAce,Lwb Crew,Van,195282,Automatic,,30888,Diesel,VIC,car/14954271/toyota/hiace/vic/narre-warren/van,2026-02-12T06:04:59,,
2021,Toyota,HiAce,Lwb (5 Seats),Crew Van,76622,Automatic,,53990,Diesel,VIC,car/14940954/toyota/hiace/vic/cranbourne/van,2026-02-12T06:04:59,,
2019,Toyota,Fortuner,Crusade,Wagon,97290,Automatic,,44999,Diesel,VIC,car/14949136/toyota/fortuner/vic/berwick/suv,2026-02-12T06:04:59,,
2025,Toyota,Hilux,Gr-Sport (4X4),Double Cab Pick Up,1420,Automatic,,92888,Diesel,VIC,car/14940712/toyota/hilux/vic/cranbourne/dual-cab,2026-02-12T06:04:59,,
2023,Toyota,RAV4,Cruiser (2Wd),Wagon,33735,Automatic,,49990,Unleaded,VIC,car/14942027/toyota/rav4/vic/elsternwick/suv,2026-02-12T06:04:59,,
2023,Toyota,RAV4,Cruiser (Awd) Hybrid,Wagon,39143,Automatic,,54990,Hybrid,VIC,car/14951075/toyota/rav4/vic/elsternwick/suv,2026-02-12T06:04:59,,
2019,Toyota,Corolla,Ascent,Sedan,39874,Automatic,,23888,Unleaded,VIC,car/14942156/toyota/corolla/vic/berwick/sedan,2026-02-12T06:04:59,,
2022,Toyota,Hilux,Sr (4X4),Double Cab Pick Up,74833,Automatic,2026-04-28,49990,Diesel,VIC,car/14942016/toyota/hilux/vic/camberwell/dual-cab,2026-02-12T06:04:59,,
2022,Toyota,RAV4,Cruiser (Awd) Hybrid,Wagon,59000,Automatic,,50888,Hybrid,VIC,car/14941581/toyota/rav4/vic/oakleigh/suv,2026-02-12T06:04:59,,
2022,Toyota,Hilux,Sr Hi-Rider (4X2),Double Cab Pick Up,45953,Manual,,41998,Diesel,VIC,car/14941171/toyota/hilux/vic/berwick/dual-cab,2026-02-12T06:04:59,,
2025,Toyota,RAV4,Gxl (2Wd) Hybrid,Wagon,12092,Automatic,,50990,Hybrid,VIC,car/14947591/toyota/rav4/vic/cranbourne/suv,2026-02-12T06:04:59,,
2022,Toyota,Yaris Cross,Gx Hybrid,Wagon,73653,Automatic,,30999,Hybrid,VIC,car/14947716/toyota/yaris-cross/vic/berwick/suv,2026-02-12T06:04:59,,
2021,Toyota,HiAce,Lwb (5 Seats),Crew Van,26578,Automatic,,51888,Diesel,VIC,car/14941591/toyota/hiace/vic/berwick/van,2026-02-12T06:04:59,,
2022,Toyota,Corolla,Ascent Sport Hybrid,Hatchback,55023,Automatic,,28990,Hybrid,VIC,car/14959112/toyota/corolla/vic/narre-warren/hatchback,2026-02-12T06:04:59,,
2021,Toyota,Landcruiser Prado,Gxl,Wagon,172898,Automatic,,56888,Diesel,VIC,car/14958448/toyota/landcruiser-prado/vic/cranbourne/suv,2026-02-12T06:04:59,,
2022,Toyota,Hilux,Workmate Hi-Rider (4X2),Cab Chassis,18687,Manual,,35999,Diesel,VIC,car/14958412/toyota/hilux/vic/berwick/single-cab,2026-02-12T06:04:59,,
2023,Toyota,Hilux,Sr5 (4X4),Double Cab Pick Up,13900,Automatic,,67999,Hybrid,VIC,car/14958408/toyota/hilux/vic/berwick/dual-cab,2026-02-12T06:04:59,,
2020,Toyota,C-HR,Koba (2Wd),Wagon,92315,Automatic,,28888,Premium,VIC,car/14950171/toyota/c-hr/vic/cranbourne/suv,2026-02-12T06:04:59,,
2024,Toyota,Corolla,Ascent Sport,Hatchback,26279,Automatic,2026-03-19,32555,Unleaded,VIC,car/14953711/toyota/corolla/vic/heidelberg/hatchback,2026-02-12T06:04:59,,
2020,Toyota,RAV4,Gxl (2Wd),Wagon,89075,Automatic,2026-10-27,33380,Unleaded,VIC,car/14940530/toyota/rav4/vic/burwood/suv,2026-02-12T06:04:59,,
2023,Toyota,Corolla,Ascent Sport Hybrid,Sedan,54274,Automatic,,30990,Hybrid,VIC,car/14953168/toyota/corolla/vic/elsternwick/sedan,2026-02-12T06:04:59,,
2024,Toyota,RAV4,Xse (2Wd) Hybrid Premium Paint,Wagon,29959,Automatic,2026-08-16,53990,Hybrid,VIC,car/14948971/toyota/rav4/vic/camberwell/suv,2026-02-12T06:04:59,,
2012,Toyota,Yaris,Yr,Hatchback,81370,Automatic,,13990,Unleaded,VIC,car/14953111/toyota/yaris/vic/narre-warren/hatchback,2026-02-12T06:04:59,,
2024,Toyota,Tundra,Limited,Dual Cab Pick-up,3391,Automatic,,159990,Hybrid,VIC,car/14935621/toyota/tundra/vic/cranbourne/dual-cab,2026-02-12T06:04:59,,
2023,Toyota,Corolla Cross,Gx 2Wd Hybrid,Wagon,66145,Automatic,,37990,Hybrid,VIC,car/14949394/toyota/corolla-cross/vic/narre-warren/suv,2026-02-12T06:04:59,,
2022,Toyota,HiAce,Slwb,Van,68643,Automatic,,57990,Diesel,VIC,car/14936556/toyota/hiace/vic/cranbourne/van,2026-02-12T06:04:59,,
2021,Toyota,Camry,Ascent Sport Hybrid,Sedan,75385,Automatic,2026-04-29,34990,Hybrid,VIC,car/14953045/toyota/camry/vic/camberwell/sedan,2026-02-12T06:04:59,,
2020,Toyota,Hilux,Sr5 (4X4),Double Cab Pick Up,87013,Automatic,,55990,Diesel,VIC,car/14943128/toyota/hilux/vic/cranbourne/dual-cab,2026-02-12T06:04:59,,
2022,Toyota,Corolla,Sx Hybrid,Hatchback,48704,Automatic,,33990,Hybrid,VIC,car/14949400/toyota/corolla/vic/cranbourne/hatchback,2026-02-12T06:04:59,,
2024,Toyota,Landcruiser,Lc300 Vx (4X4),Wagon,33644,Automatic,,141490,Diesel,VIC,car/14946644/toyota/landcruiser/vic/cranbourne/suv,2026-02-12T06:04:59,,
2020,Toyota,Corolla,Ascent Sport (Hybrid),Sedan,36532,Automatic,,27499,Hybrid,VIC,car/14859060/toyota/corolla/vic/berwick/sedan,2026-02-12T06:04:59,,
2018,Toyota,Corolla,Sx (Hybrid),Hatchback,67373,Automatic,,26999,Hybrid,VIC,car/14950342/toyota/corolla/vic/berwick/hatchback,2026-02-12T06:04:59,,
2021,Toyota,RAV4,Gx (Awd) Hybrid,Wagon,149962,Automatic,,33490,Hybrid,VIC,car/14951921/toyota/rav4/vic/cranbourne/suv,2026-02-12T06:04:59,,
2022,Toyota,Kluger,Gx Hybrid Awd,Wagon,76994,Automatic,,47999,Hybrid,VIC,car/14940941/toyota/kluger/vic/berwick/suv,2026-02-12T06:04:59,,
2017,Toyota,Camry,Rz S.E.,Sedan,113252,Automatic,,20888,Unleaded,VIC,car/14945305/toyota/camry/vic/cranbourne/sedan,2026-02-12T06:04:59,,
2024,Toyota,C-HR,Gxl Hybrid,Wagon,20857,Automatic,,43990,Hybrid,VIC,car/14945304/toyota/c-hr/vic/cranbourne/suv,2026-02-12T06:04:59,,
2019,Toyota,HiAce,Commuter (12 Seats),Bus,102500,Automatic,,56990,Diesel,VIC,car/14948426/toyota/hiace/vic/narre-warren/people-mover,2026-02-12T06:04:59,,
2024,Toyota,RAV4,Gx (2Wd) Hybrid,Wagon,36724,Automatic,2026-08-05,45777,Hybrid,VIC,car/14953713/toyota/rav4/vic/heidelberg/suv,2026-02-12T06:04:59,,
2022,Toyota,Corolla,Ascent Sport Hybrid,Hatchback,19661,Automatic,,32888,Hybrid,VIC,car/14941590/toyota/corolla/vic/berwick/hatchback,2026-02-12T06:04:59,,
2019,Toyota,Landcruiser Prado,Gxl (4X4),Wagon,147091,Automatic,,56990,Diesel,VIC,car/14945081/toyota/landcruiser-prado/vic/narre-warren/suv,2026-02-12T06:04:59,,
2019,Toyota,HiAce,Commuter (12 Seats),Bus,101792,Automatic,,53990,Diesel,VIC,car/14935086/toyota/hiace/vic/cranbourne/people-mover,2026-02-12T06:04:59,,
2021,Toyota,Corolla,Zr Hybrid,Hatchback,121386,Automatic,,31990,Hybrid,VIC,car/14943421/toyota/corolla/vic/cranbourne/hatchback,2026-02-12T06:04:59,,
2024,Toyota,Camry,Ascent,Sedan,55092,Automatic,,36990,Premium,VIC,car/14950764/toyota/camry/vic/narre-warren/sedan,2026-02-12T06:04:59,,
2018,Toyota,Yaris,Ascent,Hatchback,90169,Automatic,,18490,Unleaded,VIC,car/14943647/toyota/yaris/vic/cranbourne/hatchback,2026-02-12T06:04:59,,
2020,Toyota,Landcruiser,Lc200 Sahara (4X4),Wagon,130493,Automatic,,110990,Diesel,VIC,car/14954149/toyota/landcruiser/vic/narre-warren/suv,2026-02-12T06:04:59,,
2022,Toyota,Hilux,Sr (4X4),Double Cab Pick Up,38990,Automatic,,55777,Diesel,VIC,car/14936558/toyota/hilux/vic/cranbourne/dual-cab,2026-02-12T06:04:59,,
2024,Toyota,RAV4,Gx (2Wd) Hybrid,Wagon,46656,Automatic,,45990,Hybrid,VIC,car/14956088/toyota/rav4/vic/cranbourne/suv,2026-02-12T06:04:59,,
2015,Toyota,Camry,Altise,Sedan,156818,Automatic,,18490,Unleaded,VIC,car/14956002/toyota/camry/vic/cranbourne/sedan,2026-02-12T06:04:59,,
2025,Toyota,RAV4,Cruiser (2Wd) Hybrid,Wagon,15183,Automatic,,59490,Hybrid,VIC,car/14943648/toyota/rav4/vic/cranbourne/suv,2026-02-12T06:04:59,,
2023,Toyota,Corolla,Zr Hybrid,Hatchback,55466,Automatic,,37990,Hybrid,VIC,car/14919183/toyota/corolla/vic/narre-warren/hatchback,2026-02-12T06:04:59,,
2025,Toyota,Landcruiser Prado,Gxl,Wagon,3750,Automatic,,105490,Diesel,VIC,car/14941585/toyota/landcruiser-prado/vic/cranbourne/suv,2026-02-12T06:04:59,,
2021,Toyota,Hilux,Rogue (4X4),Double Cab Pick Up,75666,Automatic,,62990,Diesel,VIC,car/14954273/toyota/hilux/vic/narre-warren/dual-cab,2026-02-12T06:04:59,,
2021,Toyota,Corolla,Ascent Sport (Hybrid),Sedan,30211,Automatic,,29990,Hybrid,VIC,car/14956812/toyota/corolla/vic/narre-warren/sedan,2026-02-12T06:04:59,,
2022,Toyota,Corolla,Ascent Sport Hybrid,Hatchback,18231,Automatic,,32888,Hybrid,VIC,car/14941595/toyota/corolla/vic/berwick/hatchback,2026-02-12T06:04:59,,
2019,Toyota,Camry,Sl,Sedan,78623,Automatic,,32999,Unleaded,VIC,car/14941467/toyota/camry/vic/berwick/sedan,2026-02-12T06:04:59,,
2021,Toyota,RAV4,Gx (2Wd) Hybrid,Wagon,159186,Automatic,,31990,Hybrid,VIC,car/14956819/toyota/rav4/vic/narre-warren/suv,2026-02-12T06:04:59,,
2014,Toyota,Kluger,Gxl (4X4),Wagon,166101,Automatic,,26990,Unleaded,VIC,car/14956087/toyota/kluger/vic/cranbourne/suv,2026-02-12T06:04:59,,
2018,Toyota,Hilux,Sr (4X4),Dual Cab Chassis,129962,Automatic,,39990,Diesel,VIC,car/14956085/toyota/hilux/vic/cranbourne/dual-cab,2026-02-12T06:04:59,,
2024,Toyota,Kluger,Gx Hybrid Awd,Wagon,39175,Automatic,,57500,Hybrid,VIC,car/14896748/toyota/kluger/vic/narre-warren/suv,2026-02-12T06:04:59,,
2018,Toyota,HiAce,Lwb,Van,130017,Automatic,,36990,Diesel,VIC,car/14956613/toyota/hiace/vic/cranbourne/van,2026-02-12T06:04:59,,
2024,Toyota,RAV4,Gxl (Awd) Hybrid,Wagon,12571,Automatic,,55990,Hybrid,VIC,car/14956210/toyota/rav4/vic/narre-warren/suv,2026-02-12T06:04:59,,
2024,Toyota,RAV4,Gx (2Wd) Hybrid,Wagon,52572,Automatic,,43500,Hybrid,VIC,car/14897279/toyota/rav4/vic/narre-warren/suv,2026-02-12T06:04:59,,
2017,Toyota,Corolla,Ascent Sport,Hatchback,129022,Automatic,2026-05-02,18800,Unleaded,VIC,car/14943788/toyota/corolla/vic/berwick/hatchback,2026-02-12T06:04:59,,
2021,Toyota,Fortuner,Gx,Wagon,101554,Automatic,,41999,Diesel,VIC,car/14955027/toyota/fortuner/vic/berwick/suv,2026-02-12T06:04:59,,
2024,Toyota,Yaris Cross,Gx Hybrid (Awd),Wagon,4104,Automatic,,37377,Hybrid,VIC,car/14939792/toyota/yaris-cross/vic/oakleigh/suv,2026-02-12T06:04:59,,
2000,Toyota,Tarago,GLI,SUV,425882,Automatic,2024-07-15,5999,Unleaded,VIC,car/13507369/toyota/tarago/vic/hoppers-crossing/suv,2026-02-12T06:04:59,,
2023,Toyota,RAV4,Cruiser (2Wd),Wagon,84904,Automatic,,43888,Unleaded,VIC,car/14860856/toyota/rav4/vic/narre-warren/suv,2026-02-12T06:04:59,,
2021,Toyota,Fortuner,Gx,Wagon,87827,Automatic,,45990,Diesel,VIC,car/14956824/toyota/fortuner/vic/narre-warren/suv,2026-02-12T06:04:59,,
2017,Toyota,RAV4,Gx (2Wd),Wagon,137381,Automatic,,22888,Unleaded,VIC,car/14958278/toyota/rav4/vic/berwick/suv,2026-02-12T06:04:59,,
2025,Toyota,Camry,Ascent Hybrid,Sedan,14753,Automatic,,43990,Hybrid,VIC,car/14956003/toyota/camry/vic/cranbourne/sedan,2026-02-12T06:04:59,,
2019,Toyota,Camry,Ascent,Sedan,44553,Automatic,,33990,Unleaded,VIC,car/14956215/toyota/camry/vic/cranbourne/sedan,2026-02-12T06:04:59,,
2020,Toyota,HiAce,Lwb Gl (Colours),Van,53972,Automatic,2026-07-30,49777,Diesel,VIC,car/14939829/toyota/hiace/vic/heidelberg/van,2026-02-12T06:04:59,,
2024,Toyota,RAV4,Edge (Awd) Hybrid,Wagon,27080,Automatic,,63990,Hybrid,VIC,car/14941379/toyota/rav4/vic/elsternwick/suv,2026-02-12T06:04:59,,
2024,Toyota,Corolla,Ascent Sport Hybrid,Sedan,19754,Automatic,2026-04-28,34555,Hybrid,VIC,car/14957552/toyota/corolla/vic/heidelberg/sedan,2026-02-12T06:04:59,,
2024,Toyota,Corolla,Ascent Sport,Sedan,9826,Automatic,,33388,Unleaded,VIC,car/14939790/toyota/corolla/vic/oakleigh/sedan,2026-02-12T06:04:59,,
2006,Toyota,RAV4,Cruiser L (4X4),Wagon,305745,Automatic,2025-10-15,6999,Unleaded,VIC,car/14747717/toyota/rav4/vic/hoppers-crossing/suv,2026-02-12T06:04:59,,
2003,Toyota,Kluger,Cv (4X4),Wagon,281521,Automatic,2024-01-15,7999,Unleaded,VIC,car/13539974/toyota/kluger/vic/hoppers-crossing/suv,2026-02-12T06:04:59,,
2012,Toyota,Landcruiser Prado,Altitude (4X4),Wagon,322821,Automatic,2023-10-11,26999,Diesel,VIC,car/13345569/toyota/landcruiser-prado/vic/hoppers-crossing/suv,2026-02-12T06:04:59,,
2023,Toyota,Corolla,Ascent Sport Hybrid,Sedan,56278,Automatic,,30990,Hybrid,VIC,car/14953223/toyota/corolla/vic/elsternwick/sedan,2026-02-12T06:04:59,,
2024,Toyota,C-HR,Koba Hybrid,Wagon,13278,Automatic,,53888,Hybrid,VIC,car/14941785/toyota/c-hr/vic/oakleigh/suv,2026-02-12T06:04:59,,
2003,Toyota,Landcruiser,Gxl (4X4),Wagon,160005,Automatic,2026-04-21,38850,Unleaded,VIC,car/14942627/toyota/landcruiser/vic/malvern-east/suv,2026-02-12T06:04:59,,
2014,Toyota,HiAce,Lwb,Van,172219,Manual,,24990,Unleaded,VIC,car/14957006/toyota/hiace/vic/elsternwick/van,2026-02-12T06:04:59,,
2022,Toyota,Corolla,HYBRID EX,Sedan,71711,Automatic,,22995,Hybrid,VIC,car/14757511/toyota/corolla/vic/point-cook/limousine,2026-02-12T06:04:59,,
2004,Toyota,Kluger,Grande (4X4),Wagon,312548,Automatic,2026-04-05,5499,Unleaded,VIC,car/14912441/toyota/kluger/vic/altona-north/suv,2026-02-12T06:04:59,,
2023,Toyota,Camry,Ascent,Sedan,55337,Automatic,,37917,Premium,VIC,car/14960194/toyota/camry/vic/tottenham/sedan,2026-02-12T06:04:59,,
2022,Toyota,Yaris,Ascent Sport,Hatchback,26188,Automatic,,27490,Unleaded,VIC,car/14959294/toyota/yaris/vic/hoppers-crossing/hatchback,2026-02-12T06:04:59,,
2013,Toyota,Camry,Altise,Sedan,178336,Automatic,2026-06-04,14499,Unleaded,VIC,car/14958754/toyota/camry/vic/altona-north/sedan,2026-02-12T06:04:59,,
2017,Toyota,Sienta,HYBRID G,Commercial,92668,Automatic,,17995,Hybrid,VIC,car/14311689/toyota/sienta/vic/point-cook/van,2026-02-12T06:04:59,,
2018,Toyota,Hilux,Sr+ (4X4),Dual Cab Utility,229378,Automatic,2026-02-28,29998,Diesel,VIC,car/14922271/toyota/hilux/vic/werribee/dual-cab,2026-02-12T06:04:59,,
2024,Toyota,Corolla,Ascent Sport Hybrid,Hatchback,51161,Automatic,2000-01-01,31990,Hybrid,VIC,car/14957426/toyota/corolla/vic/preston/hatchback,2026-02-12T06:04:59,,
2012,Toyota,Prius,Hybrid,Hatchback,50440,Automatic,,,Hybrid,VIC,car/14764862/toyota/prius/vic/point-cook/hatchback,2026-02-12T06:04:59,,
2009,Toyota,RAV4,Cv (4X4),Wagon,179225,Automatic,2026-07-06,12999,Unleaded,VIC,car/14936275/toyota/rav4/vic/altona-north/suv,2026-02-12T06:04:59,,
2022,Toyota,Corolla Cross,HYBRID G,SUV,48727,Automatic,,39995,Hybrid,VIC,car/14756890/toyota/corolla-cross/vic/point-cook/suv,2026-02-12T06:04:59,,
2022,Toyota,RAV4,Gx (2Wd) Hybrid,Wagon,120476,Automatic,,35990,Hybrid,VIC,car/14758649/toyota/rav4/vic/hoppers-crossing/suv,2026-02-12T06:04:59,UNCLASSIFIED,[OUT_OF_SCOPE]
2025,Toyota,HiAce,Lwb (4 Door Option),Van,2025,Automatic,,56990,Diesel,VIC,car/14887261/toyota/hiace/vic/hoppers-crossing/van,2026-02-12T06:04:59,UNCLASSIFIED,[OUT_OF_SCOPE]
2020,Toyota,RAV4,Gx 2Wd Hybrid,Wagon,77155,Automatic,,36990,Hybrid,VIC,car/14940399/toyota/rav4/vic/hoppers-crossing/suv,2026-02-12T06:04:59,UNCLASSIFIED,[OUT_OF_SCOPE]
2022,Toyota,RAV4,Gx (Awd) Hybrid,Wagon,90895,Automatic,,38990,Hybrid,VIC,car/14940406/toyota/rav4/vic/hoppers-crossing/suv,2026-02-12T06:04:59,UNCLASSIFIED,[OUT_OF_SCOPE]
2019,Toyota,Corolla,Ascent,Sedan,59504,Automatic,,24990,Unleaded,VIC,car/14932645/toyota/corolla/vic/hoppers-crossing/sedan,2026-02-12T06:04:59,UNCLASSIFIED,[AMBIG_BADGE]
2024,Toyota,Camry,Sx Hybrid,Sedan,21774,Automatic,2026-03-25,45888,Hybrid,VIC,car/14955357/toyota/camry/vic/tottenham/sedan,2026-02-12T06:04:59,UNCLASSIFIED,[OUT_OF_SCOPE]
2024,Toyota,Corolla,Ascent Sport,Hatchback,31088,Automatic,2026-03-18,31888,Unleaded,VIC,car/14955356/toyota/corolla/vic/tottenham/hatchback,2026-02-12T06:04:59,UNCLASSIFIED,[AMBIG_BADGE]
2021,Toyota,RAV4,Cruiser (Awd) Hybrid,Wagon,96197,Automatic,2026-05-13,44888,Hybrid,VIC,car/14954954/toyota/rav4/vic/tottenham/suv,2026-02-12T06:04:59,UNCLASSIFIED,[OUT_OF_SCOPE]
2022,Toyota,Corolla,Ascent Sport Hybrid,Hatchback,26829,Automatic,,32388,Hybrid,VIC,car/14939793/toyota/corolla/vic/oakleigh/hatchback,2026-02-12T06:04:59,UNCLASSIFIED,[AMBIG_BADGE]
2022,Toyota,Kluger,Grande Hybrid Awd,Wagon,70592,Automatic,2026-08-05,61777,Hybrid,VIC,car/14957338/toyota/kluger/vic/heidelberg/suv,2026-02-12T06:04:59,UNCLASSIFIED,[OUT_OF_SCOPE]
1998,Toyota,Landcruiser,Gxl (4X4),Wagon,381542,Automatic,2026-04-16,21999,Unleaded,VIC,car/14763038/toyota/landcruiser/vic/ravenhall/suv,2026-02-12T06:04:59,UNCLASSIFIED,[OUT_OF_SCOPE]
2016,Toyota,Kluger,Grande (4X2),Wagon,61327,Automatic,2026-02-28,34990,Unleaded,VIC,car/14731347/toyota/kluger/vic/hoppers-crossing/suv,2026-02-12T06:04:59,UNCLASSIFIED,[OUT_OF_SCOPE]
2010,Toyota,Prius,,Hatch,119667,Automatic,,12995,Hybrid,VIC,car/14764868/toyota/prius/vic/point-cook/hatchback,2026-02-12T06:04:59,UNCLASSIFIED,[OUT_OF_SCOPE]
2025,Toyota,Camry,Ascent Hybrid,Sedan,1,Automatic,,44990,Hybrid,VIC,car/14902205/toyota/camry/vic/hoppers-crossing/sedan,2026-02-12T06:04:59,toyota_camry_ascent_hybrid_auto_sedan_axvh71r,[OK]
2023,Toyota,Kluger,Gxl 2Wd,Wagon,82801,Automatic,2027-01-31,49990,Unleaded,VIC,car/14957343/toyota/kluger/vic/camberwell/suv,2026-02-12T06:04:59,UNCLASSIFIED,[OUT_OF_SCOPE]
2024,Toyota,Corolla,Zr Hybrid,Hatchback,3928,Automatic,,45888,Hybrid,VIC,car/14955238/toyota/corolla/vic/oakleigh/hatchback,2026-02-12T06:04:59,UNCLASSIFIED,[OUT_OF_SCOPE]
2020,Toyota,Camry,Sl,Sedan,39622,Automatic,,42990,Unleaded,VIC,car/14948974/toyota/camry/vic/elsternwick/sedan,2026-02-12T21:45:20,,
2015,Toyota,HiAce,Commuter,Bus,168393,Automatic,,38990,Diesel,VIC,car/14959607/toyota/hiace/vic/coburg-north/people-mover,2026-02-12T21:45:20,,
2018,Toyota,C-HR,G ZYX10,SUV,91549,Automatic,,24200,Hybrid,VIC,car/14962352/toyota/c-hr/vic/st-kilda/suv,2026-02-12T21:45:20,,
2017,Toyota,Hilux,Sr5 (4X4),Dual Cab Utility,236000,Manual,2026-04-26,33900,Diesel,VIC,car/14962389/toyota/hilux/vic/port-melbourne/dual-cab,2026-02-12T21:45:20,,
2010,Toyota,Crown,MAJESTA,Sedan,119144,Automatic,,16999,Unleaded,VIC,car/14962132/toyota/crown/vic/st-kilda/limousine,2026-02-12T21:45:20,,
2024,Toyota,Camry,Ascent,Sedan,55490,Automatic,,32990,Premium,VIC,car/14961824/toyota/camry/vic/preston/sedan,2026-02-12T21:45:20,,
2015,Toyota,RAV4,Cruiser (4X4),Wagon,171254,Automatic,,20989,Unleaded,VIC,car/14961473/toyota/rav4/vic/maidstone/suv,2026-02-12T21:45:20,,
2024,Toyota,Corolla,Ascent Sport,Hatchback,56459,Automatic,,28990,Unleaded,VIC,car/14961838/toyota/corolla/vic/preston/hatchback,2026-02-12T21:45:20,,
2023,Toyota,Corolla Cross,Gx 2Wd Hybrid,Wagon,37500,Automatic,2026-03-22,39990,Hybrid,VIC,car/14961533/toyota/corolla-cross/vic/south-melbourne/suv,2026-02-12T21:45:20,,
2024,Toyota,RAV4,Cruiser (Awd) Hybrid,Wagon,16799,Automatic,2026-06-12,61990,Hybrid,VIC,car/14960792/toyota/rav4/vic/melbourne/suv,2026-02-12T21:45:20,,
2024,Toyota,Corolla,Ascent Sport,Sedan,13367,Automatic,2026-06-03,31990,Unleaded,VIC,car/14819272/toyota/corolla/vic/south-melbourne/sedan,2026-02-12T21:45:20,,
2007,Toyota,Hilux,Sr (4X4),Dual Cab Pick-up,282713,Automatic,2026-07-05,17990,Diesel,VIC,car/14961016/toyota/hilux/vic/tullamarine/dual-cab,2026-02-12T21:45:20,,
2016,Toyota,Yaris,Ascent,Hatchback,134254,Automatic,2026-03-01,13490,Unleaded,VIC,car/14960983/toyota/yaris/vic/tullamarine/hatchback,2026-02-12T21:45:20,,
2021,Toyota,Camry,Ascent,Sedan,10802,Automatic,,35880,Unleaded,VIC,car/14960189/toyota/camry/vic/melbourne/sedan,2026-02-12T21:45:20,,
2022,Toyota,Corolla,Ascent Sport,Hatchback,54686,Automatic,2026-08-10,27990,Unleaded,VIC,car/14961550/toyota/corolla/vic/brighton/hatchback,2026-02-12T21:45:20,,
2023,Toyota,RAV4,Gx (2Wd) Hybrid,Wagon,49838,Automatic,,51998,Hybrid,VIC,car/14961269/toyota/rav4/vic/airport-west/suv,2026-02-12T21:45:20,,
2021,Toyota,Corolla,Zr Hybrid,Hatchback,43333,Automatic,,34990,Hybrid,VIC,car/14953202/toyota/corolla/vic/coburg-north/hatchback,2026-02-12T21:45:20,,
2020,Toyota,Corolla,Ascent Sport (Hybrid),Sedan,39147,Automatic,,28990,Hybrid,VIC,car/14962369/toyota/corolla/vic/coburg-north/sedan,2026-02-12T21:45:20,,
2022,Toyota,Yaris Cross,Gx Hybrid,Wagon,62287,Automatic,2026-05-29,31788,Hybrid,VIC,car/14962392/toyota/yaris-cross/vic/airport-west/suv,2026-02-12T21:45:20,,
2021,Toyota,C-HR,Koba (2Wd),Wagon,19826,Automatic,2026-10-30,32888,Premium,VIC,car/14962421/toyota/c-hr/vic/airport-west/suv,2026-02-12T21:45:20,,
2024,Toyota,Camry,Ascent Sport Hybrid,Sedan,48643,Automatic,2026-05-16,35000,Hybrid,VIC,car/14962022/toyota/camry/vic/burwood/sedan,2026-02-12T21:45:20,,
2013,Toyota,RAV4,Gxl (4X4),Wagon,151964,Automatic,2026-09-30,20000,Unleaded,VIC,car/14962028/toyota/rav4/vic/burwood/suv,2026-02-12T21:45:20,,
2014,Toyota,Yaris,Yr,Hatchback,75164,Automatic,2026-03-18,13600,Unleaded,VIC,car/14961815/toyota/yaris/vic/burwood/hatchback,2026-02-12T21:45:20,,
2013,Toyota,Camry,Atara Sl,Sedan,141678,Automatic,,20990,Unleaded,VIC,car/14945989/toyota/camry/vic/nunawading/sedan,2026-02-12T21:45:20,,
2019,Toyota,Camry,Ascent,Sedan,42445,Automatic,2026-09-27,27990,Unleaded,VIC,car/14854293/toyota/camry/vic/camberwell/sedan,2026-02-12T21:45:20,,
2021,Toyota,Corolla,Ascent Sport Hybrid,Hatchback,56353,Automatic,2026-02-04,29888,Hybrid,VIC,car/14881858/toyota/corolla/vic/deer-park/hatchback,2026-02-12T21:45:20,,
2020,Toyota,Hilux,Workmate,Double Cab Pick Up,26851,Automatic,,37990,Unleaded,VIC,car/14959736/toyota/hilux/vic/coburg-north/dual-cab,2026-02-12T21:45:20,,
2021,Toyota,Fortuner,Gxl,Wagon,65430,Automatic,,49990,Diesel,VIC,car/14942064/toyota/fortuner/vic/nunawading/suv,2026-02-12T21:45:20,,
2025,Toyota,Fortuner,Gxl,Wagon,7343,Automatic,,65970,Diesel,VIC,car/14962131/toyota/fortuner/vic/keysborough/suv,2026-02-12T21:45:20,,
2006,Toyota,Estima,Aeras G,Wagon,112528,,,11990,,VIC,car/14961917/toyota/estima/vic/dingley-village/wagon,2026-02-12T21:45:20,,
2024,Toyota,RAV4,Gxl (Awd) Hybrid,Wagon,6485,Automatic,2027-02-03,54970,Hybrid,VIC,car/14960920/toyota/rav4/vic/keysborough/suv,2026-02-12T21:45:20,,
2009,Toyota,Corolla,Ascent,Hatchback,161126,Automatic,2026-03-13,8990,Unleaded,VIC,car/14960953/toyota/corolla/vic/south-morang/hatchback,2026-02-12T21:45:20,,
2023,Toyota,Landcruiser Prado,Vx,Wagon,59001,Automatic,2026-12-07,82999,Diesel,VIC,car/14954712/toyota/landcruiser-prado/vic/ringwood/suv,2026-02-12T21:45:20,,
2019,Toyota,RAV4,Edge Awd,Wagon,33174,Automatic,2026-06-27,45888,Unleaded,VIC,car/14956335/toyota/rav4/vic/mulgrave/suv,2026-02-12T21:45:20,,
2021,Toyota,Landcruiser Prado,Gxl,Wagon,129067,Automatic,,57970,Diesel,VIC,car/14958623/toyota/landcruiser-prado/vic/keysborough/suv,2026-02-12T21:45:20,,
2022,Toyota,Landcruiser,Lc300 Gr-S (4X4),Wagon,54205,Automatic,2026-04-29,142970,Diesel,VIC,car/14958625/toyota/landcruiser/vic/keysborough/suv,2026-02-12T21:45:20,,
2023,Toyota,Kluger,Gxl Hybrid Awd,Wagon,57765,Automatic,2026-07-13,59970,Hybrid,VIC,car/14959015/toyota/kluger/vic/keysborough/suv,2026-02-12T21:45:20,,
2014,Toyota,Yaris,Yr,Hatchback,78469,Automatic,2026-04-08,16970,Unleaded,VIC,car/14958624/toyota/yaris/vic/keysborough/hatchback,2026-02-12T21:45:20,,
2009,Toyota,Crown,,Sedan,112000,Automatic,,19990,Premium,VIC,car/14961981/toyota/crown/vic/cranbourne-west/limousine,2026-02-12T21:45:20,,
2024,Toyota,Hilux,Rogue 48V (4X4),Double Cab Pick Up,22610,Automatic,,73990,Hybrid,VIC,car/14961710/toyota/hilux/vic/frankston/dual-cab,2026-02-12T21:45:20,,
2008,Toyota,Corolla,Ascent,Sedan,233000,Automatic,2026-03-28,8000,Unleaded,VIC,car/14961073/toyota/corolla/vic/dandenong/sedan,2026-02-12T21:45:20,,
2022,Toyota,RAV4,Gxl (2Wd) Hybrid,Wagon,105208,Automatic,,34990,Hybrid,VIC,car/14958602/toyota/rav4/vic/frankston/suv,2026-02-12T21:45:20,,
2020,Toyota,Hilux,Sr5 (4X4),Double Cab Pick Up,114504,Automatic,,51990,Diesel,VIC,car/14960062/toyota/hilux/vic/narre-warren/dual-cab,2026-02-12T21:45:20,,
2023,Toyota,Kluger,Gx 2Wd,Wagon,40916,Automatic,,44888,Unleaded,VIC,car/14956564/toyota/kluger/vic/sunbury/suv,2026-02-12T21:45:20,,
2019,Toyota,RAV4,Gx (2Wd),Wagon,110026,Automatic,,30999,Unleaded,VIC,car/14959138/toyota/rav4/vic/melton/suv,2026-02-12T21:45:20,,
2021,Toyota,RAV4,Cruiser (Awd) Hybrid,Wagon,80593,Automatic,,44999,Hybrid,VIC,car/14961070/toyota/rav4/vic/berwick/suv,2026-02-12T21:45:20,,
2017,Toyota,Hilux,Sr (4X4),Dual Cab Utility,124495,Automatic,,39990,Diesel,VIC,car/14960856/toyota/hilux/vic/cranbourne/dual-cab,2026-02-12T21:45:20,,
2019,Toyota,Yaris,Zr,Hatchback,29741,Automatic,,23990,Unleaded,VIC,car/14960857/toyota/yaris/vic/cranbourne/hatchback,2026-02-12T21:45:20,,
2022,Toyota,RAV4,Gx (2Wd) Hybrid,Wagon,70406,Automatic,,39490,Hybrid,VIC,car/14960866/toyota/rav4/vic/cranbourne/suv,2026-02-12T21:45:20,,
2020,Toyota,Camry,Ascent Sport (Hybrid),Sedan,92418,Automatic,,33990,Hybrid,VIC,car/14957005/toyota/camry/vic/cranbourne/sedan,2026-02-12T21:45:20,,
2020,Toyota,Camry,Ascent,Sedan,42460,Automatic,,32990,Unleaded,VIC,car/14959569/toyota/camry/vic/cranbourne/sedan,2026-02-12T21:45:20,,
2022,Toyota,Landcruiser,Lc300 Vx (4X4),Wagon,47983,Automatic,2026-08-23,128990,Diesel,VIC,car/14958815/toyota/landcruiser/vic/mornington/suv,2026-02-12T21:45:20,,
2024,Toyota,Kluger,Grande Hybrid Awd,Wagon,31123,Automatic,,81888,Hybrid,VIC,car/14957971/toyota/kluger/vic/deer-park/suv,2026-02-12T21:45:20,,
2024,Toyota,RAV4,Gxl (2Wd) Hybrid,Wagon,51525,Automatic,2026-08-23,51888,Hybrid,VIC,car/14957628/toyota/rav4/vic/deer-park/suv,2026-02-12T21:45:20,,
2002,Toyota,Hilux,,Dual Cab Pick-up,341564,Automatic,,8990,Unleaded,VIC,car/14940059/toyota/hilux/vic/footscray/dual-cab,2026-02-12T21:45:20,,
2020,Toyota,Camry,ASCENT SPORT,Sedan,88317,,,30990,Hybrid,VIC,car/14955635/toyota/camry/vic/nunawading/limousine,2026-02-12T21:45:20,,
2010,Toyota,Landcruiser Prado,Gxl (4X4),Wagon,225917,Automatic,,28990,Unleaded,VIC,car/14962052/toyota/landcruiser-prado/vic/elsternwick/suv,2026-02-12T21:45:20,,
2019,Toyota,Yaris,Ascent,Hatchback,40395,Automatic,,20990,Unleaded,VIC,car/14961890/toyota/yaris/vic/elsternwick/hatchback,2026-02-12T21:45:20,,
2024,Toyota,RAV4,Gx (2Wd) Hybrid,Wagon,41592,Automatic,,44990,Hybrid,VIC,car/14961754/toyota/rav4/vic/elsternwick/suv,2026-02-12T21:45:20,,
2020,Toyota,C-HR,Koba (2Wd) (Hybrid),Hatchback,29619,Automatic,,32990,Hybrid,VIC,car/14961537/toyota/c-hr/vic/south-melbourne/suv,2026-02-12T21:45:20,,
2023,Toyota,Hilux,Sr (4X4),Double Cab Chassis,108254,Automatic,,47990,Diesel,VIC,car/14960678/toyota/hilux/vic/elsternwick/dual-cab,2026-02-12T21:45:20,,
2025,Toyota,RAV4,Gx (2Wd) Hybrid,Wagon,27649,Automatic,,46990,Hybrid,VIC,car/14960680/toyota/rav4/vic/elsternwick/suv,2026-02-12T21:45:20,,
2000,Toyota,Corolla,Ascent Seca,Liftback,253763,Automatic,,5750,Unleaded,VIC,car/14942231/toyota/corolla/vic/footscray/hatchback,2026-02-12T21:45:20,,
2022,Toyota,RAV4,Gx (2Wd) Hybrid,Wagon,58232,Automatic,,40990,Hybrid,VIC,car/14951073/toyota/rav4/vic/elsternwick/suv,2026-02-12T21:45:20,,
2007,Toyota,Corolla,Ascent Sport Seca,Hatchback,186781,Automatic,,8990,Unleaded,VIC,car/14940061/toyota/corolla/vic/footscray/hatchback,2026-02-12T21:45:20,,
2021,Toyota,Hilux,Workmate,Cab Chassis,62166,Manual,,28990,Unleaded,VIC,car/14947329/toyota/hilux/vic/elsternwick/single-cab,2026-02-12T21:45:20,,
2023,Toyota,RAV4,Cruiser (2Wd) Hybrid,Wagon,36233,Automatic,2026-05-27,55990,Hybrid,VIC,car/14958683/toyota/rav4/vic/south-melbourne/suv,2026-02-12T21:45:20,,
2010,Toyota,RAV4,Cv (4X4),Wagon,193123,Automatic,2026-04-01,10888,Unleaded,VIC,car/14936534/toyota/rav4/vic/alphington/suv,2026-02-12T21:45:20,,
2023,Toyota,RAV4,Gx (Awd) Hybrid,Wagon,54238,Automatic,,43990,Hybrid,VIC,car/14949410/toyota/rav4/vic/elsternwick/suv,2026-02-12T21:45:20,UNCLASSIFIED,[OUT_OF_SCOPE]
2021,Toyota,Landcruiser Prado,Kakadu,Wagon,120348,Automatic,,73990,Diesel,VIC,car/14955145/toyota/landcruiser-prado/vic/elsternwick/suv,2026-02-12T21:45:20,UNCLASSIFIED,[OUT_OF_SCOPE]
2022,Toyota,Kluger,Gxl Awd,Wagon,82436,Automatic,,45990,Premium,VIC,car/14951076/toyota/kluger/vic/elsternwick/suv,2026-02-12T21:45:20,UNCLASSIFIED,[OUT_OF_SCOPE]
2022,Toyota,RAV4,Gx (Awd) Hybrid,Wagon,68876,Automatic,,40990,Hybrid,VIC,car/14911228/toyota/rav4/vic/elsternwick/suv,2026-02-12T21:45:20,UNCLASSIFIED,[OUT_OF_SCOPE]
2021,Toyota,Camry,Ascent,Sedan,91641,Automatic,,24895,Premium,VIC,car/14953983/toyota/camry/vic/laverton-north/sedan,2026-02-15T04:41:58,,
2017,Toyota,Yaris,Ascent,Hatchback,69470,Automatic,2026-09-07,18995,Unleaded,VIC,car/14966184/toyota/yaris/vic/burwood/hatchback,2026-02-15T04:41:58,,
2023,Toyota,Camry,,Sedan,54924,Automatic,,29990,Unleaded,VIC,car/14966407/toyota/camry/vic/cheltenham/limousine,2026-02-15T04:41:58,,
2020,Toyota,Corolla,Ascent Sport (Hybrid),Sedan,100539,Automatic,,22690,Hybrid,VIC,car/14966404/toyota/corolla/vic/laverton-north/sedan,2026-02-15T04:41:58,,
2020,Toyota,RAV4,Edge (Awd),Wagon,68245,Automatic,,38690,Unleaded,VIC,car/14966376/toyota/rav4/vic/laverton-north/suv,2026-02-15T04:41:58,,
2023,Toyota,Corolla,Ascent Sport Hybrid,Hatchback,47957,Automatic,,28190,Hybrid,VIC,car/14966387/toyota/corolla/vic/laverton-north/hatchback,2026-02-15T04:41:58,,
2022,Toyota,Corolla,Ascent Sport Hybrid,Hatchback,25898,Automatic,,29290,Hybrid,VIC,car/14966504/toyota/corolla/vic/laverton-north/hatchback,2026-02-15T04:41:58,,
2015,Toyota,Hilux,Workmate,Dual Cab Pick-up,,Automatic,2026-06-16,13995,Unleaded,VIC,car/14965176/toyota/hilux/vic/moorabbin/dual-cab,2026-02-15T04:41:58,,
2014,Toyota,Corolla,Ascent,Sedan,53860,Automatic,2026-11-13,18990,Unleaded,VIC,car/14965542/toyota/corolla/vic/maidstone/sedan,2026-02-15T04:41:58,,
2019,Toyota,Landcruiser,Lc200 Vx (4X4),Wagon,100828,Automatic,2026-07-02,102888,Diesel,VIC,car/14965533/toyota/landcruiser/vic/oakleigh/suv,2026-02-15T04:41:58,,
2022,Toyota,Hilux,Sr Hi-Rider (4X2),Double Cab Pick Up,68195,Automatic,,39990,Diesel,VIC,car/14965579/toyota/hilux/vic/maidstone/dual-cab,2026-02-15T04:41:58,,
2002,Toyota,Corolla,Conquest,Sedan,69000,Automatic,2026-06-25,9888,Unleaded,VIC,car/14965643/toyota/corolla/vic/maidstone/sedan,2026-02-15T04:41:58,,
2007,Toyota,RAV4,Cruiser L (4X4),Wagon,185236,Manual,2026-03-14,10999,Unleaded,VIC,car/14965629/toyota/rav4/vic/avondale-heights/suv,2026-02-15T04:41:58,,
2005,Toyota,Camry,Altise,Sedan,212298,Automatic,2026-06-30,6999,Unleaded,VIC,car/14965818/toyota/camry/vic/bayswater/sedan,2026-02-15T04:41:58,,
2012,Toyota,FJ Cruiser,,Wagon,161228,Automatic,2026-10-10,34997,Premium,VIC,car/14965823/toyota/fj-cruiser/vic/fawkner/suv,2026-02-15T04:41:58,,
2014,Toyota,Corolla,Ascent,Sedan,137100,Automatic,,15990,Unleaded,VIC,car/14965849/toyota/corolla/vic/maidstone/sedan,2026-02-15T04:41:58,,
2021,Toyota,Kluger,Gxl Awd,Wagon,76997,Automatic,,41998,Premium,VIC,car/14965977/toyota/kluger/vic/ringwood/suv,2026-02-15T04:41:58,,
2018,Toyota,Kluger,Gxl (4X2),Wagon,80534,Automatic,2027-01-10,31990,Unleaded,VIC,car/14963283/toyota/kluger/vic/blackburn/suv,2026-02-15T04:41:58,,
2011,Toyota,Landcruiser,Vx (4X4),Wagon,299501,Automatic,2026-05-11,46950,Diesel,VIC,car/14964493/toyota/landcruiser/vic/moorabbin/suv,2026-02-15T04:41:58,,
2022,Toyota,RAV4,Gx (2Wd) Hybrid Nav,Wagon,50000,Automatic,2026-05-19,39999,Hybrid,VIC,car/14963498/toyota/rav4/vic/springvale/suv,2026-02-15T04:41:58,,
2022,Toyota,RAV4,Gx (Awd) Hybrid,Wagon,96290,Automatic,,38990,Hybrid,VIC,car/14955639/toyota/rav4/vic/nunawading/suv,2026-02-15T04:41:58,,
2024,Toyota,Hilux,Rogue (4X4),Double Cab Pick Up,40239,Automatic,2026-09-25,69990,Hybrid,VIC,car/14963196/toyota/hilux/vic/south-morang/dual-cab,2026-02-15T04:41:58,,
2015,Toyota,Aqua,S,Hatch,86014,Automatic,,15995,Hybrid,VIC,car/14958322/toyota/aqua/vic/mordialloc/hatchback,2026-02-15T04:41:58,,
2025,Toyota,Yaris,Ascent Sport Hybrid,Hatchback,2226,Automatic,,32888,Hybrid,VIC,car/14955240/toyota/yaris/vic/oakleigh/hatchback,2026-02-15T04:41:58,,
2015,Toyota,RAV4,Cruiser (4X4),Wagon,90110,Automatic,2026-05-25,26888,Unleaded,VIC,car/14963921/toyota/rav4/vic/oakleigh/suv,2026-02-15T04:41:58,,
2007,Toyota,Corolla,Ascent Seca,Hatchback,196000,Automatic,2026-03-20,7500,Unleaded,VIC,car/14964036/toyota/corolla/vic/nunawading/hatchback,2026-02-15T04:41:58,,
2014,Toyota,Hilux,Workmate,Cab Chassis,87385,Automatic,,19990,Unleaded,VIC,car/14964555/toyota/hilux/vic/mentone/single-cab,2026-02-15T04:41:58,,
2024,Toyota,Yaris Cross,Gx Hybrid,Wagon,7703,Automatic,2026-03-22,36990,Hybrid,VIC,car/14960947/toyota/yaris-cross/vic/camberwell/suv,2026-02-15T04:41:58,,
2025,Toyota,Corolla Cross,Gx 2Wd Hybrid,Wagon,10710,Automatic,,42990,Hybrid,VIC,car/14955644/toyota/corolla-cross/vic/nunawading/suv,2026-02-15T04:41:58,,
2024,Toyota,Corolla,Ascent Sport Hybrid,Hatchback,14807,Automatic,2026-08-13,35777,Hybrid,VIC,car/14961956/toyota/corolla/vic/heidelberg/hatchback,2026-02-15T04:41:58,,
2024,Toyota,Corolla,Ascent Sport,Sedan,19041,Automatic,2026-08-10,31777,Unleaded,VIC,car/14957550/toyota/corolla/vic/heidelberg/sedan,2026-02-15T04:41:58,,
2023,Toyota,Corolla,Ascent Sport,Hatchback,63828,Automatic,,27999,Unleaded,VIC,car/14960090/toyota/corolla/vic/elsternwick/hatchback,2026-02-15T04:41:58,,
2024,Toyota,Camry,Ascent,Sedan,51316,Automatic,2026-05-26,36980,Premium,VIC,car/14945732/toyota/camry/vic/south-morang/sedan,2026-02-15T04:41:58,,
2023,Toyota,HiAce,Slwb Commuter (12 Seats),Bus,143728,Automatic,,56990,Diesel,VIC,car/14939725/toyota/hiace/vic/coburg-north/people-mover,2026-02-15T04:41:58,,
2022,Toyota,Corolla,Ascent Sport Hybrid,Hatchback,82226,Automatic,,27990,Hybrid,VIC,car/14941911/toyota/corolla/vic/coburg-north/hatchback,2026-02-15T04:41:58,,
2025,Toyota,Corolla,Ascent Sport Hybrid,Hatchback,12981,Automatic,,35990,Hybrid,VIC,car/14950366/toyota/corolla/vic/nunawading/hatchback,2026-02-15T04:41:58,,
2019,Toyota,Yaris,Zr,Hatchback,23274,Automatic,,21195,Unleaded,VIC,car/14869038/toyota/yaris/vic/laverton-north/hatchback,2026-02-15T04:41:58,,
2022,Toyota,Kluger,Gxl 2Wd,Wagon,43820,Automatic,,47990,Unleaded,VIC,car/14961305/toyota/kluger/vic/camberwell/suv,2026-02-15T04:41:58,,
2019,Toyota,Camry,Ascent,Sedan,95332,Automatic,2026-04-13,24777,Unleaded,VIC,car/14963354/toyota/camry/vic/heidelberg/sedan,2026-02-15T04:41:58,,
2022,Toyota,Hilux,Sr (4X4),Double Cab Pick Up,67820,Automatic,2026-08-10,49777,Diesel,VIC,car/14961955/toyota/hilux/vic/heidelberg/dual-cab,2026-02-15T04:41:58,,
2011,Toyota,Yaris,Yrx,Hatchback,29154,Automatic,2026-07-12,13999,Unleaded,VIC,car/14964100/toyota/yaris/vic/avondale-heights/hatchback,2026-02-15T04:41:58,,
2023,Toyota,HiAce,Lwb,Van,13589,Automatic,2026-04-16,55990,Diesel,VIC,car/14960946/toyota/hiace/vic/camberwell/van,2026-02-15T04:41:58,,
2022,Toyota,Hilux,Workmate (4X2),Cab Chassis,53361,Automatic,2026-08-26,32499,Unleaded,VIC,car/14963658/toyota/hilux/vic/oakleigh/single-cab,2026-02-15T04:41:58,,
2022,Toyota,Fortuner,Gx,Wagon,53162,Automatic,2026-05-25,48888,Diesel,VIC,car/14963537/toyota/fortuner/vic/south-melbourne/suv,2026-02-15T04:41:58,,
2023,Toyota,Kluger,Gxl Hybrid Awd,Wagon,25999,Automatic,2026-04-28,55777,Hybrid,VIC,car/14964449/toyota/kluger/vic/heidelberg/suv,2026-02-15T04:41:58,,
2022,Toyota,Corolla,Ascent Sport Hybrid,Hatchback,68427,Automatic,,30888,Hybrid,VIC,car/14938267/toyota/corolla/vic/deer-park/hatchback,2026-02-15T04:41:58,,
2024,Toyota,Corolla Cross,Gx 2Wd,Wagon,17108,Automatic,,39990,Unleaded,VIC,car/14919078/toyota/corolla-cross/vic/south-melbourne/suv,2026-02-15T04:41:58,,
2018,Toyota,Kluger,Gxl (4X2),Wagon,159480,Automatic,2026-05-28,29800,Unleaded,VIC,car/14946142/toyota/kluger/vic/berwick/suv,2026-02-15T04:41:58,,
2024,Toyota,RAV4,Gx (2Wd) Hybrid,Wagon,26949,Automatic,2026-01-01,44990,Hybrid,VIC,car/14957298/toyota/rav4/vic/ferntree-gully/suv,2026-02-15T04:41:58,,
2023,Toyota,RAV4,Gx (2Wd),Wagon,60281,Automatic,2026-03-07,37990,Unleaded,VIC,car/14957299/toyota/rav4/vic/ferntree-gully/suv,2026-02-15T04:41:58,,
2023,Toyota,Hilux,Sr (4X4),Double Cab Pick Up,80972,Automatic,,52990,Diesel,VIC,car/14965696/toyota/hilux/vic/narre-warren/dual-cab,2026-02-15T04:41:58,,
2008,Toyota,Aurion,Presara,Sedan,171683,Automatic,,10990,Unleaded,VIC,car/14965924/toyota/aurion/vic/dandenong/sedan,2026-02-15T04:41:58,,
2018,Toyota,RAV4,Gxl (4X4),Wagon,57321,Automatic,,32990,Unleaded,VIC,car/14962043/toyota/rav4/vic/narre-warren/suv,2026-02-15T04:41:58,,
2023,Toyota,Hilux,Workmate (4X2),Cab Chassis,49860,Automatic,2026-10-02,31990,Unleaded,VIC,car/14964307/toyota/hilux/vic/ferntree-gully/single-cab,2026-02-15T04:41:58,,
2024,Toyota,Corolla,Ascent Sport Hybrid,Hatchback,16426,Automatic,,35990,Hybrid,VIC,car/14963331/toyota/corolla/vic/frankston/hatchback,2026-02-15T04:41:58,,
2013,Toyota,Corolla,AXIO (HYBRID),Sedan,255187,Automatic,2026-06-19,9990,Other,VIC,car/14964420/toyota/corolla/vic/hoppers-crossing/limousine,2026-02-15T04:41:58,,
2024,Toyota,RAV4,Gxl (2Wd) Hybrid,Wagon,49500,Automatic,2026-05-14,46990,Hybrid,VIC,car/14959458/toyota/rav4/vic/mornington/suv,2026-02-15T04:41:58,,
2022,Toyota,Camry,Ascent,Sedan,23588,Automatic,2026-05-03,36990,Premium,VIC,car/14959539/toyota/camry/vic/ferntree-gully/sedan,2026-02-15T04:41:58,,
2018,Toyota,Hilux,Workmate,Cab Chassis,104245,Automatic,2026-04-06,19999,Unleaded,VIC,car/14964400/toyota/hilux/vic/dandenong/single-cab,2026-02-15T04:41:58,,
2019,Toyota,Landcruiser Prado,Vx (4X4),Wagon,126464,Automatic,,57990,Diesel,VIC,car/14963475/toyota/landcruiser-prado/vic/narre-warren/suv,2026-02-15T04:41:58,,
2016,Toyota,Landcruiser Prado,Vx (4X4),Wagon,132408,Automatic,,50990,Diesel,VIC,car/14963470/toyota/landcruiser-prado/vic/narre-warren/suv,2026-02-15T04:41:58,,
2022,Toyota,Landcruiser,Lc300 Sahara (4X4),Wagon,10193,Automatic,,142990,Diesel,VIC,car/14961211/toyota/landcruiser/vic/cranbourne/suv,2026-02-15T04:41:58,,
2021,Toyota,Hilux,Sr (4X4),Double Cab Chassis,150204,Automatic,,39975,Diesel,VIC,car/14964829/toyota/hilux/vic/officer/dual-cab,2026-02-15T04:41:58,,
2023,Toyota,Kluger,Gx 2Wd,Wagon,37640,Automatic,,45990,Unleaded,VIC,car/14963468/toyota/kluger/vic/narre-warren/suv,2026-02-15T04:41:58,,
2012,Toyota,Camry,Altise,Sedan,103370,Automatic,,19990,Unleaded,VIC,car/14957661/toyota/camry/vic/cranbourne/sedan,2026-02-15T04:41:58,,
2022,Toyota,Fortuner,Gx,Wagon,75637,Automatic,,48888,Diesel,VIC,car/14956090/toyota/fortuner/vic/berwick/suv,2026-02-15T04:41:58,,
2018,Toyota,Hilux,Sr (4X4),Dual Cab Chassis,132017,Automatic,,36975,Diesel,VIC,car/14964823/toyota/hilux/vic/officer/dual-cab,2026-02-15T04:41:58,,
2023,Toyota,Landcruiser,Lc79 Gxl,Double Cab Chassis,31691,Automatic,,98490,Diesel,VIC,car/14964543/toyota/landcruiser/vic/cranbourne/dual-cab,2026-02-15T04:41:58,,
2022,Toyota,HiAce,Lwb,Van,74137,Automatic,,49990,Diesel,VIC,car/14963665/toyota/hiace/vic/narre-warren/van,2026-02-15T04:41:58,,
2020,Toyota,RAV4,Gxl Awd Hybrid,Wagon,34491,Automatic,,44990,Hybrid,VIC,car/14963477/toyota/rav4/vic/cranbourne/suv,2026-02-15T04:41:58,,
2011,Toyota,FJ Cruiser,,Wagon,165229,Automatic,2026-06-21,37690,Premium,VIC,car/14964765/toyota/fj-cruiser/vic/bayswater/suv,2026-02-15T04:41:58,,
2021,Toyota,RAV4,Cruiser (Awd) Hybrid,Wagon,87358,Automatic,,45990,Hybrid,VIC,car/14963949/toyota/rav4/vic/frankston/suv,2026-02-15T04:41:58,,
2009,Toyota,Kluger,Kx-S (4X4),Wagon,227414,Automatic,,12999,Unleaded,VIC,car/14964712/toyota/kluger/vic/dandenong/suv,2026-02-15T04:41:58,,
2021,Toyota,Hilux,Workmate (4X4),Double Cab Chassis,220747,Automatic,,29999,Diesel,VIC,car/14868366/toyota/hilux/vic/dandenong-south/dual-cab,2026-02-15T04:41:58,,
2023,Toyota,Hilux,Sr5 (4X4),Double Cab Pick Up,53882,Automatic,,59990,Hybrid,VIC,car/14940796/toyota/hilux/vic/frankston/dual-cab,2026-02-15T04:41:58,,
2012,Toyota,Landcruiser,Gxl (4X4),Wagon,93330,Automatic,,74990,Diesel,VIC,car/14943931/toyota/landcruiser/vic/frankston/suv,2026-02-15T04:41:58,,
2015,Toyota,RAV4,Gxl (4X4),Wagon,140926,Automatic,2025-03-20,21990,Unleaded,VIC,car/14705109/toyota/rav4/vic/ringwood/suv,2026-02-15T04:41:58,UNCLASSIFIED,[OUT_OF_SCOPE]
2014,Toyota,RAV4,Gxl (2Wd),Wagon,106115,Automatic,2026-06-26,21990,Unleaded,VIC,car/14705275/toyota/rav4/vic/ringwood/suv,2026-02-15T04:41:58,UNCLASSIFIED,[OUT_OF_SCOPE]
2006,Toyota,Yaris,Yrx,Hatchback,111129,Automatic,,6990,Unleaded,VIC,car/14964849/toyota/yaris/vic/west-footscray/hatchback,2026-02-17T01:40:36,,
2023,Toyota,Camry,Ascent,Sedan,54924,Automatic,,29990,Premium,VIC,car/14966407/toyota/camry/vic/cheltenham/sedan,2026-02-17T01:40:36,,
2005,Toyota,RAV4,Cruiser (4X4),Wagon,278197,Automatic,2026-03-27,6888,Unleaded,VIC,car/14940063/toyota/rav4/vic/ringwood/suv,2026-02-17T01:40:36,,
2010,Toyota,RAV4,Cruiser (4X4),Wagon,231906,Automatic,2026-02-16,10990,Unleaded,VIC,car/14968061/toyota/rav4/vic/coburg-north/suv,2026-02-17T01:40:36,,
2013,Toyota,Corolla,Ascent,Hatchback,158022,Automatic,2026-04-15,12990,Unleaded,VIC,car/14968065/toyota/corolla/vic/coburg-north/hatchback,2026-02-17T01:40:36,,
2023,Toyota,C-HR,Koba (2Wd),Wagon,58794,Automatic,,35990,Premium,VIC,car/14968107/toyota/c-hr/vic/south-morang/suv,2026-02-17T01:40:36,,
2009,Toyota,Corolla,Ascent,Sedan,149127,Automatic,,10990,Unleaded,VIC,car/14967818/toyota/corolla/vic/springvale/sedan,2026-02-17T01:40:36,,
2024,Toyota,Camry,Ascent,Sedan,46062,Automatic,2026-04-08,36990,Premium,VIC,car/14967990/toyota/camry/vic/south-morang/sedan,2026-02-17T01:40:36,,
2018,Toyota,Camry,Ascent Sport,Sedan,89182,Automatic,2026-06-30,25990,Unleaded,VIC,car/14967989/toyota/camry/vic/south-morang/sedan,2026-02-17T01:40:36,,
2020,Toyota,Corolla,Ascent Sport,Hatchback,79463,Automatic,2026-09-27,24990,Unleaded,VIC,car/14967987/toyota/corolla/vic/south-morang/hatchback,2026-02-17T01:40:36,,
2024,Toyota,HiAce,Lwb (4 Door Option),Van,79509,Automatic,2026-07-16,53990,Diesel,VIC,car/14968116/toyota/hiace/vic/south-morang/van,2026-02-17T01:40:36,,
2022,Toyota,HiAce,Lwb,Van,73934,Automatic,,48990,Diesel,VIC,car/14968264/toyota/hiace/vic/south-morang/van,2026-02-17T01:40:36,,
2014,Toyota,Aurion,At-X,Sedan,73514,Automatic,2026-03-20,16990,Unleaded,VIC,car/14966795/toyota/aurion/vic/brighton/sedan,2026-02-17T01:40:36,,
2013,Toyota,RAV4,Gxl (2Wd),Wagon,220680,Automatic,2026-06-19,12990,Unleaded,VIC,car/14967001/toyota/rav4/vic/maidstone/suv,2026-02-17T01:40:36,,
2019,Toyota,Yaris,Ascent,Hatchback,84000,Automatic,2026-05-02,19700,Unleaded,VIC,car/14967401/toyota/yaris/vic/port-melbourne/hatchback,2026-02-17T01:40:36,,
2002,Toyota,Camry,Ateva,Sedan,170466,Automatic,,6250,Unleaded,VIC,car/14967605/toyota/camry/vic/dingley-village/sedan,2026-02-17T01:40:36,,
2022,Toyota,Landcruiser Prado,Vx,Wagon,59703,Automatic,2026-12-30,78990,Diesel,VIC,car/14968082/toyota/landcruiser-prado/vic/coburg-north/suv,2026-02-17T01:40:36,,
2022,Toyota,Corolla,Ascent Sport Hybrid,Sedan,66536,Automatic,,27990,Hybrid,VIC,car/14965117/toyota/corolla/vic/coburg-north/sedan,2026-02-17T01:40:36,,
2014,Toyota,HiAce,Commuter,Bus,231035,Automatic,,33990,Diesel,VIC,car/14953067/toyota/hiace/vic/coburg-north/people-mover,2026-02-17T01:40:36,,
2018,Toyota,Yaris,Ascent,Hatchback,79855,Automatic,2026-07-02,19888,Unleaded,VIC,car/14965837/toyota/yaris/vic/tottenham/hatchback,2026-02-17T01:40:36,,
2015,Toyota,Corolla,Sx,Hatchback,10564,Automatic,2026-07-17,23990,Unleaded,VIC,car/14963654/toyota/corolla/vic/oakleigh/hatchback,2026-02-17T01:40:36,,
2022,Toyota,Corolla,Ascent Sport Hybrid,Sedan,62061,Automatic,,28990,Hybrid,VIC,car/14965116/toyota/corolla/vic/coburg-north/sedan,2026-02-17T01:40:36,,
2023,Toyota,Landcruiser Prado,Gxl,Wagon,53025,Automatic,2026-09-08,71888,Diesel,VIC,car/14965961/toyota/landcruiser-prado/vic/oakleigh/suv,2026-02-17T01:40:36,,
2019,Toyota,HiAce,Commuter (12 Seats),Bus,22659,Automatic,2025-10-13,58888,Diesel,VIC,car/14963113/toyota/hiace/vic/blackburn/people-mover,2026-02-17T01:40:36,,
2023,Toyota,Landcruiser Prado,Gx,Wagon,21558,Automatic,2026-09-28,69888,Diesel,VIC,car/14966031/toyota/landcruiser-prado/vic/tottenham/suv,2026-02-17T01:40:36,,
2019,Toyota,Kluger,Gxl (4X2),Wagon,73610,Automatic,2026-05-21,36888,Unleaded,VIC,car/14940934/toyota/kluger/vic/mulgrave/suv,2026-02-17T01:40:36,,
2015,Toyota,Corolla,Ascent,Hatchback,75132,Automatic,,18990,Unleaded,VIC,car/14966617/toyota/corolla/vic/nunawading/hatchback,2026-02-17T01:40:36,,
2013,Toyota,RAV4,Gxl (2Wd),Wagon,86172,Automatic,2026-09-30,19990,Unleaded,VIC,car/14966417/toyota/rav4/vic/nunawading/suv,2026-02-17T01:40:36,,
2020,Toyota,Hilux,Sr (4X4),Double Cab Chassis,114274,Automatic,2026-03-01,45990,Diesel,VIC,car/14838408/toyota/hilux/vic/tullamarine/dual-cab,2026-02-17T01:40:36,,
2019,Toyota,RAV4,Cruiser Awd Hybrid,Wagon,87258,Automatic,,40999,Hybrid,VIC,car/14966769/toyota/rav4/vic/berwick/suv,2026-02-17T01:40:36,,
2021,Toyota,Kluger,Gx Hybrid Awd,Wagon,31607,Automatic,,49990,Hybrid,VIC,car/14966906/toyota/kluger/vic/mornington/suv,2026-02-17T01:40:36,,
2022,Toyota,Corolla,Ascent Sport Hybrid,Hatchback,80770,Automatic,2026-04-24,27990,Hybrid,VIC,car/14966908/toyota/corolla/vic/mornington/hatchback,2026-02-17T01:40:36,,
2021,Toyota,RAV4,Gxl (2Wd) Hybrid,Wagon,79647,Automatic,2026-04-23,39990,Hybrid,VIC,car/14966905/toyota/rav4/vic/mornington/suv,2026-02-17T01:40:36,,
2021,Toyota,Camry,Ascent,Sedan,103675,Automatic,2026-04-16,29990,Premium,VIC,car/14966909/toyota/camry/vic/mornington/sedan,2026-02-17T01:40:36,,
2021,Toyota,RAV4,Gx (Awd) Hybrid,Wagon,132481,Automatic,,34990,Hybrid,VIC,car/14967036/toyota/rav4/vic/frankston/suv,2026-02-17T01:40:36,,
2015,Toyota,Landcruiser Prado,Gxl (4X4),Wagon,402325,Automatic,2026-03-29,24990,Diesel,VIC,car/14967397/toyota/landcruiser-prado/vic/mornington/suv,2026-02-17T01:40:36,,
2011,Toyota,Hilux,Sr (4X4),Cab Chassis,294230,Automatic,2026-05-03,16990,Diesel,VIC,car/14968458/toyota/hilux/vic/mordialloc/single-cab,2026-02-17T01:40:36,,
2024,Toyota,Corolla,Ascent Sport Hybrid,Hatchback,24992,Automatic,,34490,Hybrid,VIC,car/14967719/toyota/corolla/vic/cranbourne/hatchback,2026-02-17T01:40:36,,
2020,Toyota,RAV4,Gx 2Wd Hybrid,Wagon,133262,Automatic,,32999,Hybrid,VIC,car/14961676/toyota/rav4/vic/melton/suv,2026-02-17T01:40:36,,
2024,Toyota,RAV4,Gxl (2Wd) Hybrid,Wagon,32841,Automatic,2026-03-12,51888,Hybrid,VIC,car/14963752/toyota/rav4/vic/tottenham/suv,2026-02-17T01:40:36,,
2024,Toyota,Corolla,Ascent Sport,Hatchback,26290,Automatic,2026-03-20,29777,Unleaded,VIC,car/14962223/toyota/corolla/vic/heidelberg/hatchback,2026-02-17T01:40:36,,
2024,Toyota,Landcruiser Prado,Gxl,Wagon,17502,Automatic,,95990,Diesel,VIC,car/14963666/toyota/landcruiser-prado/vic/narre-warren/suv,2026-02-17T01:40:36,,
2013,Toyota,Landcruiser Prado,Gxl (4X4),Wagon,88814,Automatic,,44990,Diesel,VIC,car/14963472/toyota/landcruiser-prado/vic/cranbourne/suv,2026-02-17T01:40:36,,
2023,Toyota,Kluger,Gxl Hybrid Awd,Wagon,40556,Automatic,,54590,Hybrid,VIC,car/14963787/toyota/kluger/vic/melbourne/suv,2026-02-17T01:40:36,UNCLASSIFIED,[OUT_OF_SCOPE]
2018,Toyota,VITZ HYBRID,,OtherCar,66581,,,18888,Other,VIC,car/14507476/toyota/vitz-hybrid/vic/ringwood/othercar,2026-02-17T01:40:36,UNCLASSIFIED,[OUT_OF_SCOPE]
2018,Toyota,Camry,Ascent (Hybrid),Sedan,55241,Automatic,,29980,Hybrid,VIC,car/14961536/toyota/camry/vic/springvale/sedan,2026-02-17T21:58:10,,
2024,Toyota,Kluger,Gxl Hybrid Awd,Wagon,51513,Automatic,,64990,Hybrid,VIC,car/14968858/toyota/kluger/vic/elsternwick/suv,2026-02-17T21:58:10,,
2020,Toyota,Corolla,HYBRID GX,SUV,99412,Automatic,,18250,Hybrid,VIC,car/14968784/toyota/corolla/vic/maidstone/suv,2026-02-17T21:58:10,,
2018,Toyota,Hilux,Sr (4X4),Double Cab Pick Up,127250,Automatic,2026-08-17,38990,Diesel,VIC,car/14943515/toyota/hilux/vic/south-melbourne/dual-cab,2026-02-17T21:58:10,,
2020,Toyota,Corolla,TOURING (HYBRID) ZWE211W,SUV,98863,Automatic,,20990,Hybrid,VIC,car/14970256/toyota/corolla/vic/fawkner/suv,2026-02-17T21:58:10,,
2020,Toyota,Corolla,TOURING (HYBRID) ZWE211W,SUV,106000,Automatic,,20990,Hybrid,VIC,car/14970259/toyota/corolla/vic/fawkner/suv,2026-02-17T21:58:10,,
2012,Toyota,HiAce,Lwb,Van,382202,Manual,2026-05-10,17999,Diesel,VIC,car/14970229/toyota/hiace/vic/avondale-heights/van,2026-02-17T21:58:10,,
2025,Toyota,Camry,Ascent Sport Hybrid,Sedan,3468,Automatic,,47990,Hybrid,VIC,car/14970135/toyota/camry/vic/nunawading/sedan,2026-02-17T21:58:10,,
2007,Toyota,Landcruiser,Gxl (4X4),Wagon,515212,Automatic,2026-10-09,27990,Diesel,VIC,car/14970113/toyota/landcruiser/vic/west-footscray/suv,2026-02-17T21:58:10,,
2021,Toyota,Kluger,Gx Hybrid Awd,Wagon,54618,Automatic,,46899,Hybrid,VIC,car/14969316/toyota/kluger/vic/ringwood/suv,2026-02-17T21:58:10,,
2009,Toyota,Crown,ATHLETE,Sedan,93189,Automatic,,22990,Other,VIC,car/14969323/toyota/crown/vic/epping/limousine,2026-02-17T21:58:10,,
2017,Toyota,HiAce,Lwb,Van,128021,Automatic,2026-03-30,29900,Unleaded,VIC,car/14969248/toyota/hiace/vic/murrumbeena/van,2026-02-17T21:58:10,,
2015,Toyota,Hilux,Sr5 (4X4),Dual Cab Utility,259000,Automatic,,29999,Diesel,VIC,car/14969236/toyota/hilux/vic/brooklyn/dual-cab,2026-02-17T21:58:10,,
2022,Toyota,C-HR,Koba (Awd),Wagon,91463,Automatic,,33990,Premium,VIC,car/14969183/toyota/c-hr/vic/elsternwick/suv,2026-02-17T21:58:10,,
2011,Toyota,Rukus,Build 1,Wagon,127000,Automatic,2027-01-15,11800,Unleaded,VIC,car/14969061/toyota/rukus/vic/port-melbourne/wagon,2026-02-17T21:58:10,,
2021,Toyota,Corolla,Zr,Hatchback,30846,Automatic,,30990,Unleaded,VIC,car/14969043/toyota/corolla/vic/williamstown-north/hatchback,2026-02-17T21:58:10,,
2019,Toyota,RAV4,Cruiser 2Wd Hybrid,Wagon,71367,Automatic,2026-05-02,38777,Hybrid,VIC,car/14969042/toyota/rav4/vic/heidelberg/suv,2026-02-17T21:58:10,,
2015,Toyota,86,Gts,Coupe,99643,Automatic,,26888,Premium,VIC,car/14968853/toyota/86/vic/thomastown/coupe,2026-02-17T21:58:10,,
2021,Toyota,HiAce,Slwb Commuter (12 Seats),Bus,123456,Automatic,,54990,Diesel,VIC,car/14970941/toyota/hiace/vic/airport-west/people-mover,2026-02-17T21:58:10,,
2014,Toyota,Camry,Hybrid H,Sedan,168269,Automatic,2026-11-14,15936,Hybrid,VIC,car/14970746/toyota/camry/vic/bundoora/sedan,2026-02-17T21:58:10,,
2023,Toyota,Corolla,Ascent Sport Hybrid,Sedan,55723,Automatic,,29977,Hybrid,VIC,car/14970759/toyota/corolla/vic/bundoora/sedan,2026-02-17T21:58:10,,
2018,Toyota,C-HR,(2Wd),Wagon,21625,Automatic,2026-03-18,32995,Premium,VIC,car/14970734/toyota/c-hr/vic/bundoora/suv,2026-02-17T21:58:10,,
2016,Toyota,Noah,ZRR80,SUV,64093,Automatic,,19990,Unleaded,VIC,car/14970304/toyota/noah/vic/fawkner/suv,2026-02-17T21:58:10,,
2020,Toyota,Corolla,AXIO (HYBRID) NKE165,Sedan,109998,Automatic,,17990,Hybrid,VIC,car/14970260/toyota/corolla/vic/fawkner/limousine,2026-02-17T21:58:10,,
2020,Toyota,RAV4,Cruiser Awd Hybrid,Wagon,73100,Automatic,2026-03-13,39900,Hybrid,VIC,car/14965477/toyota/rav4/vic/port-melbourne/suv,2026-02-17T21:58:10,,
2017,Toyota,Corolla,Ascent Sport,Hatchback,129191,Automatic,2026-04-15,17990,Unleaded,VIC,car/14964106/toyota/corolla/vic/blackburn/hatchback,2026-02-17T21:58:10,,
2024,Toyota,RAV4,Gx (2Wd) Hybrid,Wagon,60804,Automatic,,43990,Hybrid,VIC,car/14965950/toyota/rav4/vic/elsternwick/suv,2026-02-17T21:58:10,,
2023,Toyota,RAV4,Edge (Awd) Hybrid,Wagon,86024,Automatic,2026-05-20,53990,Hybrid,VIC,car/14959946/toyota/rav4/vic/melbourne/suv,2026-02-17T21:58:10,,
2020,Toyota,RAV4,Gx 2Wd Hybrid,Wagon,66539,Automatic,2026-06-02,37490,Hybrid,VIC,car/14966789/toyota/rav4/vic/melbourne/suv,2026-02-17T21:58:10,,
2023,Toyota,HiAce,DX GDH201,Commercial,64507,Automatic,,43500,Diesel,VIC,car/14964758/toyota/hiace/vic/murrumbeena/van,2026-02-17T21:58:10,,
2022,Toyota,Hilux,Sr5 (4X4),Double Cab Pick Up,67979,Manual,2026-08-17,58990,Diesel,VIC,car/14967824/toyota/hilux/vic/south-melbourne/dual-cab,2026-02-17T21:58:10,,
2025,Toyota,Hilux,Sr5 (4X4),X Cab Pickup,855,Automatic,,70888,Diesel,VIC,car/14967894/toyota/hilux/vic/oakleigh/extra-cab,2026-02-17T21:58:10,,
2024,Toyota,Kluger,Gx 2Wd,Wagon,27046,Automatic,,51888,Unleaded,VIC,car/14965621/toyota/kluger/vic/oakleigh/suv,2026-02-17T21:58:10,,
2025,Toyota,Corolla Cross,Atmos Awd Hybrid,Wagon,12667,Automatic,,55888,Hybrid,VIC,car/14957424/toyota/corolla-cross/vic/oakleigh/suv,2026-02-17T21:58:10,,
2022,Toyota,Hilux,Sr Hi-Rider (4X2),Double Cab Pick Up,61228,Manual,,41990,Diesel,VIC,car/14937424/toyota/hilux/vic/elsternwick/dual-cab,2026-02-17T21:58:10,,
2023,Toyota,Yaris Cross,Gx,Wagon,30000,Automatic,,29588,Unleaded,VIC,car/14966745/toyota/yaris-cross/vic/oakleigh/suv,2026-02-17T21:58:10,,
2019,Toyota,RAV4,Gx (2Wd),Wagon,97445,Automatic,,32990,Unleaded,VIC,car/14938055/toyota/rav4/vic/nunawading/suv,2026-02-17T21:58:10,,
2023,Toyota,Hilux,Sr (4X4),Cab Chassis,89000,Automatic,2026-03-30,45888,Diesel,VIC,car/14954960/toyota/hilux/vic/deer-park/single-cab,2026-02-17T21:58:10,,
2018,Toyota,Yaris,Ascent,Hatchback,69112,Automatic,2026-02-28,17998,Unleaded,VIC,car/14967979/toyota/yaris/vic/airport-west/hatchback,2026-02-17T21:58:10,,
2025,Toyota,GR86,Gts,Coupe,860,Automatic,,53990,Premium,VIC,car/14961882/toyota/gr86/vic/narre-warren/coupe,2026-02-17T21:58:10,,
2020,Toyota,Hilux,Sr5 (4X4),Double Cab Pick Up,137811,Automatic,2026-06-22,44990,Diesel,VIC,car/14969686/toyota/hilux/vic/mornington/dual-cab,2026-02-17T21:58:10,,
2022,Toyota,Fortuner,Gxl,Wagon,80743,Automatic,,50990,Diesel,VIC,car/14969108/toyota/fortuner/vic/narre-warren/suv,2026-02-17T21:58:10,,
2024,Toyota,Camry,Ascent,Sedan,39119,Automatic,,35888,Premium,VIC,car/14969099/toyota/camry/vic/narre-warren/sedan,2026-02-17T21:58:10,,
2017,Toyota,Landcruiser,WORKMATE,Ute Tray,326029,Manual,2026-02-24,57999,Diesel,VIC,car/14968979/toyota/landcruiser/vic/dandenong-south/pickup,2026-02-17T21:58:10,,
2022,Toyota,Landcruiser Prado,Gx,Wagon,79850,Automatic,,60990,Diesel,VIC,car/14968891/toyota/landcruiser-prado/vic/frankston/suv,2026-02-17T21:58:10,,
2024,Toyota,RAV4,Gx (2Wd) Hybrid,Wagon,54466,Automatic,,42990,Hybrid,VIC,car/14968890/toyota/rav4/vic/frankston/suv,2026-02-17T21:58:10,,
2023,Toyota,Camry,Ascent,Sedan,53003,Automatic,,34995,Premium,VIC,car/14970977/toyota/camry/vic/sunbury/sedan,2026-02-17T21:58:10,,
2024,Toyota,Landcruiser Prado,Altitude,Wagon,37854,Automatic,,104990,Diesel,VIC,car/14970972/toyota/landcruiser-prado/vic/sunbury/suv,2026-02-17T21:58:10,,
2008,Toyota,Yaris,Yr,Hatchback,110000,Automatic,,8999,Unleaded,VIC,car/14970966/toyota/yaris/vic/dandenong/hatchback,2026-02-17T21:58:10,,
2010,Toyota,Hilux,Sr (4X4),Dual Cab Pick-up,193878,Manual,2026-10-15,14999,Diesel,VIC,car/14970335/toyota/hilux/vic/upper-ferntree-gully/dual-cab,2026-02-17T21:58:10,,
2007,Toyota,Crown,,Sedan,107000,Automatic,,23990,Premium,VIC,car/14970133/toyota/crown/vic/cranbourne-west/limousine,2026-02-17T21:58:10,,
2018,Toyota,Landcruiser Prado,Kakadu (4X4),Wagon,121947,Automatic,,64990,Diesel,VIC,car/14969971/toyota/landcruiser-prado/vic/cranbourne/suv,2026-02-17T21:58:10,,
2024,Toyota,Corolla,Ascent Sport,Hatchback,25325,Automatic,2026-03-18,30990,Unleaded,VIC,car/14969958/toyota/corolla/vic/ferntree-gully/hatchback,2026-02-17T21:58:10,,
2025,Toyota,RAV4,Gx (Awd) Hybrid,Wagon,11820,Automatic,2026-05-22,50970,Hybrid,VIC,car/14962142/toyota/rav4/vic/keysborough/suv,2026-02-17T21:58:10,,
2019,Toyota,HiAce,Commuter (12 Seats),Bus,99794,Automatic,,49990,Diesel,VIC,car/14810267/toyota/hiace/vic/cranbourne/people-mover,2026-02-17T21:58:10,,
2021,Toyota,Hilux,Rogue (4X4),Double Cab Pick Up,107097,Automatic,2026-10-23,69970,Diesel,VIC,car/14965652/toyota/hilux/vic/keysborough/dual-cab,2026-02-17T21:58:10,,
2008,Toyota,Camry,Altise,Sedan,132000,Automatic,2026-01-30,10500,Unleaded,VIC,car/14962206/toyota/camry/vic/dandenong/sedan,2026-02-17T21:58:10,,
2018,Toyota,Landcruiser Prado,Vx (4X4),Wagon,116111,Automatic,2026-04-30,54990,Diesel,VIC,car/14959962/toyota/landcruiser-prado/vic/melbourne/suv,2026-02-17T21:58:10,,
2023,Toyota,Hilux,Sr5 (4X4),Double Cab Pick Up,96171,Automatic,2026-03-21,63490,Diesel,VIC,car/14963642/toyota/hilux/vic/ferntree-gully/dual-cab,2026-02-17T21:58:10,,
2018,Toyota,Corolla,Ascent Sport,Hatchback,89895,Automatic,2026-02-26,21970,Unleaded,VIC,car/14966265/toyota/corolla/vic/keysborough/hatchback,2026-02-17T21:58:10,,
2023,Toyota,Corolla Cross,Atmos Two-Tone 2Wd Hybrid,Wagon,31850,Automatic,2026-08-25,47970,Hybrid,VIC,car/14966264/toyota/corolla-cross/vic/keysborough/suv,2026-02-17T21:58:10,,
2024,Toyota,RAV4,Cruiser (Awd) Hybrid,Wagon,13818,Automatic,2026-09-12,61970,Hybrid,VIC,car/14967576/toyota/rav4/vic/keysborough/suv,2026-02-17T21:58:10,,
2023,Toyota,Kluger,Gx Hybrid Awd,Wagon,30242,Automatic,,57990,Hybrid,VIC,car/14968230/toyota/kluger/vic/cranbourne/suv,2026-02-17T21:58:10,,
2021,Toyota,RAV4,Cruiser (Awd) Hybrid,Wagon,133174,Automatic,2026-02-28,42970,Hybrid,VIC,car/14967208/toyota/rav4/vic/keysborough/suv,2026-02-17T21:58:10,,
2024,Toyota,RAV4,Gx (2Wd) Hybrid,Wagon,40580,Automatic,,44990,Hybrid,VIC,car/14945083/toyota/rav4/vic/narre-warren/suv,2026-02-17T21:58:10,,
2022,Toyota,Kluger,Grande 2Wd,Wagon,36992,Automatic,,58490,Premium,VIC,car/14968231/toyota/kluger/vic/cranbourne/suv,2026-02-17T21:58:10,,
2019,Toyota,Kluger,Gx (4X2),Wagon,104315,Automatic,,31880,Unleaded,VIC,car/14964229/toyota/kluger/vic/deer-park/suv,2026-02-17T21:58:10,,
2018,Toyota,Landcruiser Prado,Gxl (4X4),Wagon,102907,Automatic,2026-03-11,57970,Diesel,VIC,car/14967209/toyota/landcruiser-prado/vic/keysborough/suv,2026-02-17T21:58:10,,
2021,Toyota,RAV4,Gxl (2Wd) Hybrid,Wagon,43156,Automatic,,,Hybrid,VIC,car/14963908/toyota/rav4/vic/mentone/suv,2026-02-17T21:58:10,,
2012,Toyota,Prius V,I-Tech,Wagon,176268,Automatic,2026-03-20,17990,Hybrid,VIC,car/14962940/toyota/prius-v/vic/preston/wagon,2026-02-18T21:39:48,,
2020,Toyota,Hilux,Sr (4X4),Cab Chassis,193534,Automatic,,31990,Diesel,VIC,car/14971249/toyota/hilux/vic/west-footscray/single-cab,2026-02-18T21:39:48,,
2020,Toyota,Hilux,Workmate,Cab Chassis,113100,Automatic,2026-03-30,25880,Unleaded,VIC,car/14971236/toyota/hilux/vic/maidstone/single-cab,2026-02-18T21:39:48,,
2023,Toyota,Hilux,Sr (4X4),Cab Chassis,39515,Automatic,,45990,Diesel,VIC,car/14969401/toyota/hilux/vic/elsternwick/single-cab,2026-02-18T21:39:48,,
2022,Toyota,Kluger,Gx Hybrid Awd,Wagon,15485,Automatic,,54990,Hybrid,VIC,car/14970093/toyota/kluger/vic/melbourne/suv,2026-02-18T21:39:48,,
2016,Toyota,Hilux,SR,Ute Tray,166043,Automatic,2026-08-17,35990,Other,VIC,car/14970091/toyota/hilux/vic/south-melbourne/pickup,2026-02-18T21:39:48,,
2024,Toyota,RAV4,Xse (Awd) Hybrid Premium Paint,Wagon,7099,Automatic,,60990,Hybrid,VIC,car/14970092/toyota/rav4/vic/melbourne/suv,2026-02-18T21:39:48,,
2009,Toyota,Yaris,Yr,Hatchback,255542,Automatic,2026-03-31,8999,Unleaded,VIC,car/14968724/toyota/yaris/vic/braybrook/hatchback,2026-02-18T21:39:48,,
2008,Toyota,Corolla,Ascent,Sedan,230885,Automatic,2026-09-28,8450,Unleaded,VIC,car/14972266/toyota/corolla/vic/moorabbin/sedan,2026-02-18T21:39:48,,
2014,Toyota,Yaris,Yrs,Hatchback,116946,Automatic,2026-01-31,13919,Unleaded,VIC,car/14971827/toyota/yaris/vic/bundoora/hatchback,2026-02-18T21:39:48,,
2018,Toyota,Corolla,Ascent Sport (Hybrid),Hatchback,43761,Automatic,,24990,Hybrid,VIC,car/14971209/toyota/corolla/vic/coburg-north/hatchback,2026-02-18T21:39:48,,
2011,Toyota,Corolla,Ascent Sport,Hatchback,218118,Manual,,7999,Unleaded,VIC,car/14966700/toyota/corolla/vic/laverton-north/hatchback,2026-02-18T21:39:48,,
2022,Toyota,RAV4,Gx (2Wd) Hybrid,Wagon,27324,Automatic,2026-06-21,40900,Hybrid,VIC,car/14870833/toyota/rav4/vic/nunawading/suv,2026-02-18T21:39:48,,
2021,Toyota,Corolla,HYBRID,Sedan,61427,Automatic,,22995,Hybrid,VIC,car/14968406/toyota/corolla/vic/mordialloc/limousine,2026-02-18T21:39:48,,
2009,Toyota,Camry,Altise,Sedan,229500,Automatic,2026-04-09,7999,Unleaded,VIC,car/14971845/toyota/camry/vic/dandenong/sedan,2026-02-18T21:39:48,,
2014,Toyota,Camry,Rz S.E.,Sedan,204815,Automatic,2026-01-15,12999,Unleaded,VIC,car/14971782/toyota/camry/vic/hoppers-crossing/sedan,2026-02-18T21:39:48,,
2012,Toyota,Landcruiser,Gxl (4X4),Wagon,237506,Automatic,2026-05-10,57970,Diesel,VIC,car/14971574/toyota/landcruiser/vic/keysborough/suv,2026-02-18T21:39:48,,
2012,Toyota,RAV4,Cv6,Wagon,188504,Automatic,2026-01-25,13490,Unleaded,VIC,car/14971524/toyota/rav4/vic/south-morang/suv,2026-02-18T21:39:48,,
2007,Toyota,Landcruiser,Sahara (4X4),Wagon,198617,Automatic,2026-03-09,46990,Diesel,VIC,car/14963687/toyota/landcruiser/vic/ringwood/suv,2026-02-18T21:39:48,,
2021,Toyota,Corolla,Ascent Sport Hybrid,Hatchback,88486,Automatic,,26990,Hybrid,VIC,car/14962056/toyota/corolla/vic/hoppers-crossing/hatchback,2026-02-18T21:39:48,,
2015,Toyota,Kluger,Grande (4X4),Wagon,98819,Automatic,2026-10-27,34999,Unleaded,VIC,car/14963445/toyota/kluger/vic/ringwood/suv,2026-02-18T21:39:48,,
2025,Toyota,Yaris Cross,Gx Hybrid,Wagon,22178,Automatic,,36990,Hybrid,VIC,car/14964078/toyota/yaris-cross/vic/hoppers-crossing/suv,2026-02-18T21:39:48,,
2018,Toyota,Prius,A PREMIUM,Hatch,85236,Automatic,,23995,Hybrid,VIC,car/14958289/toyota/prius/vic/mordialloc/hatchback,2026-02-18T21:39:48,,
2024,Toyota,Corolla Cross,Atmos 2Wd Hybrid,Wagon,8753,Automatic,,55990,Hybrid,VIC,car/14964111/toyota/corolla-cross/vic/hoppers-crossing/suv,2026-02-18T21:39:48,,
2012,Toyota,Aqua,G,Hatch,53020,Automatic,,13995,Hybrid,VIC,car/14955653/toyota/aqua/vic/mordialloc/hatchback,2026-02-18T21:39:48,,
2009,Toyota,Kluger,Kx-R (Fwd) 7 Seat,Wagon,251896,Automatic,2026-02-26,10990,Unleaded,VIC,car/14963686/toyota/kluger/vic/ringwood/suv,2026-02-18T21:39:48,,
2021,Toyota,Yaris Cross,Gx Hybrid,Wagon,100913,Automatic,2026-09-06,25888,Hybrid,VIC,car/14969436/toyota/yaris-cross/vic/croydon/suv,2026-02-18T21:39:48,,
2015,Toyota,Camry,Altise,Sedan,84736,Automatic,2026-04-20,21990,Unleaded,VIC,car/14967476/toyota/camry/vic/hoppers-crossing/sedan,2026-02-18T21:39:48,,
2017,Toyota,Yaris,Ascent,Hatchback,107723,Automatic,2026-05-30,18999,Unleaded,VIC,car/14961441/toyota/yaris/vic/ringwood/hatchback,2026-02-18T21:39:48,,
2017,Toyota,Hilux,SR,Ute Tray,274988,Manual,,28888,Diesel,VIC,car/14972126/toyota/hilux/vic/dandenong-south/pickup,2026-02-18T21:39:48,,
2022,Toyota,Kluger,Gx 2Wd,Wagon,60121,Automatic,,43999,Premium,VIC,car/14971163/toyota/kluger/vic/melton/suv,2026-02-18T21:39:48,,
2023,Toyota,Hilux,Rogue (4X4),Double Cab Pick Up,28363,Automatic,2026-03-14,69800,Diesel,VIC,car/14971096/toyota/hilux/vic/berwick/dual-cab,2026-02-18T21:39:48,,
2022,Toyota,Landcruiser Prado,Gxl,Wagon,74041,Automatic,,67990,Diesel,VIC,car/14969173/toyota/landcruiser-prado/vic/frankston/suv,2026-02-18T21:39:48,,
2024,Toyota,HiAce,Lwb (4 Door Option),Van,17621,Automatic,,56990,Diesel,VIC,car/14892859/toyota/hiace/vic/narre-warren/van,2026-02-18T21:39:48,,
2018,Toyota,Hilux,Sr (4X4),Dual Cab Chassis,133127,Manual,,39990,Diesel,VIC,car/14970202/toyota/hilux/vic/narre-warren/dual-cab,2026-02-18T21:39:48,,
2024,Toyota,Tundra,Limited,Dual Cab Pick-up,30,Automatic,,163800,Hybrid,VIC,car/14937027/toyota/tundra/vic/narre-warren/dual-cab,2026-02-18T21:39:48,,
2022,Toyota,Yaris Cross,Gx,Wagon,13500,Automatic,,32888,Unleaded,VIC,car/14972243/toyota/yaris-cross/vic/berwick/suv,2026-02-18T21:39:48,,
2014,Toyota,Landcruiser,Vx (4X4),Wagon,322000,Automatic,,54800,Diesel,VIC,car/14971717/toyota/landcruiser/vic/mornington/suv,2026-02-18T21:39:48,,
2024,Toyota,Hilux,Rogue 48V (4X4),Double Cab Pick Up,31659,Automatic,,71990,Hybrid,VIC,car/14971387/toyota/hilux/vic/mornington/dual-cab,2026-02-18T21:39:48,,
2024,Toyota,Corolla,Ascent Sport Hybrid,Hatchback,46427,Automatic,,33990,Hybrid,VIC,car/14969969/toyota/corolla/vic/cranbourne/hatchback,2026-02-18T21:39:48,,
2023,Toyota,Corolla,Ascent Sport Hybrid,Hatchback,44321,Automatic,,32990,Hybrid,VIC,car/14969970/toyota/corolla/vic/cranbourne/hatchback,2026-02-18T21:39:48,,
2021,Toyota,Landcruiser Prado,Vx,Wagon,156322,Automatic,2026-09-07,62990,Diesel,VIC,car/14968268/toyota/landcruiser-prado/vic/mornington/suv,2026-02-18T21:39:48,,
2015,Toyota,Hilux,Sr5 (4X4),Dual Cab Utility,220939,Automatic,,36990,Diesel,VIC,car/14969968/toyota/hilux/vic/cranbourne/dual-cab,2026-02-18T21:39:48,,
2021,Toyota,Camry,Ascent,Sedan,132881,Automatic,2025-02-25,27990,Premium,VIC,car/14971373/toyota/camry/vic/elsternwick/sedan,2026-02-18T21:39:48,,
2019,Toyota,Hilux,Workmate,Cab Chassis,80149,Automatic,2027-01-08,28990,Unleaded,VIC,car/14971252/toyota/hilux/vic/south-melbourne/single-cab,2026-02-18T21:39:48,,
2022,Toyota,C-HR,Koba (2Wd),Wagon,28979,Automatic,,,Premium,VIC,car/14967065/toyota/c-hr/vic/south-melbourne/suv,2026-02-18T21:39:48,,
2016,Toyota,HiAce,Lwb,Van,157078,Automatic,2026-03-30,30888,Diesel,VIC,car/14965838/toyota/hiace/vic/tottenham/van,2026-02-18T21:39:48,,
2018,Toyota,Landcruiser Prado,Vx (4X4),Wagon,85744,Automatic,,66888,Diesel,VIC,car/14965839/toyota/landcruiser-prado/vic/tottenham/suv,2026-02-18T21:39:48,,
2018,Toyota,Corolla,Ascent Sport,Hatchback,75033,Automatic,2026-04-15,,Unleaded,VIC,car/14971811/toyota/corolla/vic/south-melbourne/hatchback,2026-02-18T21:39:48,,
2021,Toyota,HiAce,Lwb (4 Door Option),Van,83344,Automatic,,46990,Diesel,VIC,car/14899550/toyota/hiace/vic/elsternwick/van,2026-02-18T21:39:48,UNCLASSIFIED,[OUT_OF_SCOPE]
2023,Toyota,Fortuner,GX,SUV,57834,Automatic,,52990,Diesel,VIC,car/14969310/toyota/fortuner/vic/elsternwick/suv,2026-02-18T21:39:48,UNCLASSIFIED,[OUT_OF_SCOPE]
2007,Toyota,RAV4,Cruiser (4X4),Wagon,191710,Automatic,,12450,Unleaded,VIC,car/14789623/toyota/rav4/vic/footscray/suv,2026-02-18T21:39:48,UNCLASSIFIED,[OUT_OF_SCOPE]
2011,Toyota,Yaris,Yrx,Sedan,279485,Automatic,,7650,Unleaded,VIC,car/14966408/toyota/yaris/vic/footscray/sedan,2026-02-18T21:39:48,UNCLASSIFIED,[OUT_OF_SCOPE]
2021,Toyota,RAV4,Gxl (2Wd) Hybrid,Wagon,97118,Automatic,2026-04-08,37990,Hybrid,VIC,car/14958662/toyota/rav4/vic/south-melbourne/suv,2026-02-18T21:39:48,UNCLASSIFIED,[OUT_OF_SCOPE]
2012,Toyota,Kluger,Altitude (4X4) 7 Seat,Wagon,229223,Automatic,2026-06-25,14800,Unleaded,VIC,car/14969566/toyota/kluger/vic/preston/suv,2026-02-18T21:39:48,UNCLASSIFIED,[OUT_OF_SCOPE]
2025,Toyota,RAV4,Cruiser (2Wd) Hybrid,Wagon,11934,Automatic,2026-04-04,60990,Hybrid,VIC,car/14964971/toyota/rav4/vic/melbourne/suv,2026-02-18T21:39:48,UNCLASSIFIED,[OUT_OF_SCOPE]
2022,Toyota,RAV4,Gx (2Wd),Wagon,95001,Automatic,2026-04-20,26990,Unleaded,VIC,car/14973495/toyota/rav4/vic/berwick/suv,2026-02-19T22:04:31,,
2015,Toyota,Kluger,Gx (4X2),Wagon,166106,Automatic,,22999,Unleaded,VIC,car/14950540/toyota/kluger/vic/ringwood/suv,2026-02-19T22:04:31,,
2018,Toyota,HiAce,Commuter (12 Seats),Bus,176282,Automatic,,52990,Diesel,VIC,car/14974572/toyota/hiace/vic/coburg-north/people-mover,2026-02-19T22:04:31,,
2020,Toyota,Corolla,Ascent Sport (Hybrid),Sedan,29226,Automatic,2026-08-01,29990,Hybrid,VIC,car/14974552/toyota/corolla/vic/south-morang/sedan,2026-02-19T22:04:31,,
2023,Toyota,Landcruiser,Lc300 Sahara (4X4),Wagon,81000,Automatic,2026-04-15,134999,Diesel,VIC,car/14974347/toyota/landcruiser/vic/williamstown-north/suv,2026-02-19T22:04:31,,
2021,Toyota,HiAce,Lwb Gl (Colours),Van,41547,Automatic,2026-04-06,57990,Diesel,VIC,car/14973928/toyota/hiace/vic/preston/van,2026-02-19T22:04:31,,
2013,Toyota,Camry,Atara S,Sedan,248155,Automatic,2026-06-21,9990,Unleaded,VIC,car/14973828/toyota/camry/vic/maidstone/sedan,2026-02-19T22:04:31,,
2009,Toyota,Corolla,Ascent,Sedan,33439,Automatic,2026-03-24,12999,Unleaded,VIC,car/14973505/toyota/corolla/vic/avondale-heights/sedan,2026-02-19T22:04:31,,
2024,Toyota,RAV4,Gx (2Wd) Hybrid,Wagon,28656,Automatic,,43950,Hybrid,VIC,car/14973512/toyota/rav4/vic/elsternwick/suv,2026-02-19T22:04:31,,
2020,Toyota,Corolla,TOURING (HYBRID) G-X-H,SUV,151923,Automatic,,18400,Hybrid,VIC,car/14973312/toyota/corolla/vic/st-kilda/suv,2026-02-19T22:04:31,,
2013,Toyota,RAV4,Gxl (2Wd),Wagon,86178,Automatic,2026-09-30,19990,Unleaded,VIC,car/14966418/toyota/rav4/vic/nunawading/suv,2026-02-19T22:04:31,,
2023,Toyota,Hilux,Sr5 (4X4),Double Cab Pick Up,63589,Automatic,2026-05-31,57980,Hybrid,VIC,car/14868203/toyota/hilux/vic/blackburn/dual-cab,2026-02-19T22:04:31,,
2005,Toyota,Camry,Altise,Sedan,142583,Automatic,,7999,Unleaded,VIC,car/14964295/toyota/camry/vic/ringwood/sedan,2026-02-19T22:04:31,,
2016,Toyota,RAV4,Gx (2Wd),Wagon,67368,Automatic,2026-11-18,26999,Unleaded,VIC,car/14968265/toyota/rav4/vic/highett/suv,2026-02-19T22:04:31,,
2022,Toyota,RAV4,Gx (Awd) Hybrid,Wagon,92199,Automatic,2026-02-04,41888,Hybrid,VIC,car/14927240/toyota/rav4/vic/deer-park/suv,2026-02-19T22:04:31,,
2023,Toyota,RAV4,Gx (2Wd) Hybrid,Wagon,103507,Automatic,,38888,Hybrid,VIC,car/14954963/toyota/rav4/vic/deer-park/suv,2026-02-19T22:04:31,,
2023,Toyota,Kluger,Gxl Hybrid Awd,Wagon,26294,Automatic,,64888,Hybrid,VIC,car/14954527/toyota/kluger/vic/deer-park/suv,2026-02-19T22:04:31,,
2016,Toyota,Landcruiser,Gxl (4X4),Wagon,159986,Automatic,2026-11-16,79490,Diesel,VIC,car/14967686/toyota/landcruiser/vic/bentleigh/suv,2026-02-19T22:04:31,,
2023,Toyota,Fortuner,GXL,SUV,51297,Automatic,2026-08-03,54590,Other,VIC,car/14939773/toyota/fortuner/vic/melbourne/suv,2026-02-19T22:04:31,,
2022,Toyota,Hilux,Sr (4X4),Double Cab Pick Up,103863,Automatic,,48888,Diesel,VIC,car/14954959/toyota/hilux/vic/deer-park/dual-cab,2026-02-19T22:04:31,,
2009,Toyota,RAV4,Cruiser (4X4),Wagon,121870,Automatic,2025-12-29,18999,Unleaded,VIC,car/14920072/toyota/rav4/vic/ringwood/suv,2026-02-19T22:04:31,,
2016,Toyota,Camry,Atara Sl,Sedan,164000,Automatic,2026-05-09,18498,Unleaded,VIC,car/14974847/toyota/camry/vic/dandenong/sedan,2026-02-19T22:04:31,,
2024,Toyota,Yaris,Ascent Sport Hybrid,Hatchback,13183,Automatic,,31990,Hybrid,VIC,car/14974281/toyota/yaris/vic/cranbourne/hatchback,2026-02-19T22:04:31,,
2019,Toyota,Camry,Ascent (Hybrid),Sedan,131277,Automatic,2026-04-23,25999,Hybrid,VIC,car/14973910/toyota/camry/vic/dandenong/sedan,2026-02-19T22:04:31,,
2024,Toyota,Corolla,Ascent Sport Hybrid,Sedan,23821,Automatic,,34990,Hybrid,VIC,car/14973676/toyota/corolla/vic/frankston/sedan,2026-02-19T22:04:31,,
2022,Toyota,Corolla,Ascent Sport Hybrid,Hatchback,61105,Automatic,,29990,Hybrid,VIC,car/14973544/toyota/corolla/vic/frankston/hatchback,2026-02-19T22:04:31,,
2020,Toyota,Landcruiser,Lc200 Sahara (4X4),Wagon,96935,Automatic,,120999,Diesel,VIC,car/14875147/toyota/landcruiser/vic/berwick/suv,2026-02-19T22:04:31,,
2024,Toyota,GR86,Gts,Coupe,4068,Manual,,53490,Premium,VIC,car/14971695/toyota/gr86/vic/cranbourne/coupe,2026-02-19T22:04:31,,
2022,Toyota,Hilux,Sr (4X4),Double Cab Chassis,66230,Automatic,,53990,Diesel,VIC,car/14950168/toyota/hilux/vic/cranbourne/dual-cab,2026-02-19T22:04:31,,
2016,Toyota,Hilux,Sr (4X4),Dual Cab Chassis,260639,Automatic,2026-02-17,28970,Diesel,VIC,car/14966266/toyota/hilux/vic/keysborough/dual-cab,2026-02-19T22:04:31,,
2024,Toyota,Camry,Ascent,Sedan,48283,Automatic,,37970,Premium,VIC,car/14969417/toyota/camry/vic/keysborough/sedan,2026-02-19T22:04:31,,
2024,Toyota,Yaris Cross,Gx Hybrid (Awd),Wagon,16193,Automatic,,37490,Hybrid,VIC,car/14969110/toyota/yaris-cross/vic/cranbourne/suv,2026-02-19T22:04:31,,
2022,Toyota,Corolla,Ascent Sport Hybrid,Hatchback,19318,Automatic,,29990,Hybrid,VIC,car/14913610/toyota/corolla/vic/frankston/hatchback,2026-02-19T22:04:31,,
2024,Toyota,Corolla,Ascent Sport Hybrid,Hatchback,11640,Automatic,,37990,Hybrid,VIC,car/14969526/toyota/corolla/vic/cranbourne/hatchback,2026-02-19T22:04:31,,
2020,Toyota,RAV4,Cruiser (2Wd) Hybrid,Wagon,45627,Automatic,,46970,Hybrid,VIC,car/14971568/toyota/rav4/vic/keysborough/suv,2026-02-19T22:04:31,,
2025,Toyota,Corolla Cross,Atmos Awd Hybrid,Wagon,6109,Automatic,2026-10-08,56970,Hybrid,VIC,car/14971573/toyota/corolla-cross/vic/keysborough/suv,2026-02-19T22:04:31,,
2024,Toyota,Landcruiser,Lc300 Gr-S (4X4),Wagon,31643,Automatic,2026-06-14,152970,Diesel,VIC,car/14967212/toyota/landcruiser/vic/keysborough/suv,2026-02-19T22:04:31,,
2023,Toyota,RAV4,Gx (Awd) Hybrid,Wagon,71180,Automatic,,42990,Hybrid,VIC,car/14971202/toyota/rav4/vic/narre-warren/suv,2026-02-19T22:04:31,,
2024,Toyota,RAV4,Gx (2Wd) Hybrid,Wagon,40122,Automatic,,45888,Hybrid,VIC,car/14971899/toyota/rav4/vic/cranbourne/suv,2026-02-19T22:04:31,,
2019,Toyota,Kluger,Gx (4X4),Wagon,104328,Automatic,,34990,Unleaded,VIC,car/14971900/toyota/kluger/vic/cranbourne/suv,2026-02-19T22:04:31,,
2022,Toyota,Landcruiser Prado,Vx,Wagon,61389,Automatic,2026-04-06,83470,Diesel,VIC,car/14971572/toyota/landcruiser-prado/vic/keysborough/suv,2026-02-19T22:04:31,,
2023,Toyota,Fortuner,Crusade,Wagon,58379,Automatic,2026-07-21,63970,Diesel,VIC,car/14971566/toyota/fortuner/vic/keysborough/suv,2026-02-19T22:04:31,,
2022,Toyota,Landcruiser Prado,Vx,Wagon,47991,Automatic,,83970,Diesel,VIC,car/14971571/toyota/landcruiser-prado/vic/keysborough/suv,2026-02-19T22:04:31,,
2020,Toyota,RAV4,Gx 2Wd Hybrid,Wagon,58431,Automatic,,39990,Hybrid,VIC,car/14971902/toyota/rav4/vic/cranbourne/suv,2026-02-19T22:04:31,,
2024,Toyota,RAV4,Cruiser (2Wd) Hybrid,Wagon,20101,Automatic,,60990,Hybrid,VIC,car/14963909/toyota/rav4/vic/mentone/suv,2026-02-19T22:04:31,UNCLASSIFIED,[OUT_OF_SCOPE]
2021,Toyota,Camry,Sl Hybrid,Sedan,26960,Automatic,,,Hybrid,VIC,car/14970564/toyota/camry/vic/mentone/sedan,2026-02-19T22:04:31,UNCLASSIFIED,[NO_PRICE]
2015,Toyota,Corolla,Ascent,Hatchback,120220,Automatic,2026-04-13,15999,Unleaded,VIC,car/14881082/toyota/corolla/vic/laverton-north/hatchback,2026-02-20T22:06:45,,
2021,Toyota,Camry,Sx,Sedan,91278,Automatic,2026-04-17,34990,Unleaded,VIC,car/14945575/toyota/camry/vic/melbourne/sedan,2026-02-20T22:06:45,,
2017,Toyota,Landcruiser Prado,Gx (4X4),Wagon,133000,Automatic,,44990,Diesel,VIC,car/14977527/toyota/landcruiser-prado/vic/footscray/suv,2026-02-20T22:06:45,,
2014,Toyota,Prius C,Hybrid,Hatchback,210566,Automatic,2026-04-15,11990,Hybrid,VIC,car/14976918/toyota/prius-c/vic/coburg-north/hatchback,2026-02-20T22:06:45,,
2016,Toyota,Corolla,Sx,Sedan,120286,Manual,2025-11-20,13989,Unleaded,VIC,car/14975694/toyota/corolla/vic/maidstone/sedan,2026-02-20T22:06:45,,
2023,Toyota,Kluger,Gxl Hybrid Awd,Wagon,49448,Automatic,,64990,Hybrid,VIC,car/14975465/toyota/kluger/vic/elsternwick/suv,2026-02-20T22:06:45,,
2019,Toyota,Landcruiser Prado,Gx (4X4),Wagon,122514,Automatic,2026-06-30,48990,Diesel,VIC,car/14975581/toyota/landcruiser-prado/vic/melbourne/suv,2026-02-20T22:06:45,,
2020,Toyota,RAV4,Gxl 2Wd Hybrid,Wagon,30925,Automatic,2026-08-20,41990,Hybrid,VIC,car/14974373/toyota/rav4/vic/melbourne/suv,2026-02-20T22:06:45,,
2024,Toyota,Landcruiser Prado,Kakadu,Wagon,18328,Automatic,,119990,Diesel,VIC,car/14974360/toyota/landcruiser-prado/vic/elsternwick/suv,2026-02-20T22:06:45,,
2021,Toyota,Landcruiser Prado,Kakadu,Wagon,34071,Automatic,,88990,Diesel,VIC,car/14974361/toyota/landcruiser-prado/vic/elsternwick/suv,2026-02-20T22:06:45,,
2012,Toyota,Corolla,Ascent,Hatchback,234925,Automatic,2026-04-15,8499,Unleaded,VIC,car/14964294/toyota/corolla/vic/ringwood/hatchback,2026-02-20T22:06:45,,
2007,Toyota,Corolla,Ascent Seca,Hatchback,177536,Manual,2026-03-18,5450,Unleaded,VIC,car/14977018/toyota/corolla/vic/moorabbin/hatchback,2026-02-20T22:06:45,,
1999,Toyota,Landcruiser,Rv (4X4),Wagon,368267,Automatic,2026-05-10,10999,Unleaded,VIC,car/14976754/toyota/landcruiser/vic/fawkner/suv,2026-02-20T22:06:45,,
2011,Toyota,Yaris,Yr,Hatchback,211032,Automatic,2026-04-14,6990,Unleaded,VIC,car/14976313/toyota/yaris/vic/thomastown/hatchback,2026-02-20T22:06:45,,
2019,Toyota,Camry,Ascent,Sedan,65661,Automatic,2026-06-24,30270,Unleaded,VIC,car/14976304/toyota/camry/vic/burwood/sedan,2026-02-20T22:06:45,,
2024,Toyota,Camry,Ascent,Sedan,41720,Automatic,2026-06-13,35000,Premium,VIC,car/14976305/toyota/camry/vic/burwood/sedan,2026-02-20T22:06:45,,
2022,Toyota,Landcruiser Prado,Gxl,Wagon,23329,Automatic,2026-07-24,71990,Diesel,VIC,car/14975580/toyota/landcruiser-prado/vic/camberwell/suv,2026-02-20T22:06:45,,
2019,Toyota,Camry,Ascent Sport,Sedan,34268,Automatic,,26999,Unleaded,VIC,car/14959196/toyota/camry/vic/laverton-north/sedan,2026-02-20T22:06:45,,
2003,Toyota,Camry,Ateva,Sedan,225786,Automatic,,5990,Unleaded,VIC,car/14976926/toyota/camry/vic/dandenong/sedan,2026-02-20T22:06:45,,
1991,Toyota,Landcruiser,Gxl (4X4),Wagon,375709,Automatic,2026-05-04,44990,Diesel,VIC,car/14976618/toyota/landcruiser/vic/bayswater/suv,2026-02-20T22:06:45,,
2016,Toyota,HiAce,Lwb,Van,218139,Automatic,,25990,Diesel,VIC,car/14976722/toyota/hiace/vic/dandenong/van,2026-02-20T22:06:45,,
2014,Toyota,Corolla,Ascent,Sedan,282550,Automatic,2026-04-14,10990,Unleaded,VIC,car/14976427/toyota/corolla/vic/dandenong/sedan,2026-02-20T22:06:45,,
2018,Toyota,Corolla,Ascent Sport,Hatchback,107303,Automatic,2026-04-16,21999,Unleaded,VIC,car/14963915/toyota/corolla/vic/ringwood/hatchback,2026-02-20T22:06:45,,
2019,Toyota,Camry,Ascent,Sedan,94669,Automatic,2026-01-01,26990,Unleaded,VIC,car/14971179/toyota/camry/vic/ferntree-gully/sedan,2026-02-20T22:06:45,,
2008,Toyota,Hilux,SR5,Ute Tray,300000,Automatic,,27999,Diesel,VIC,car/14973243/toyota/hilux/vic/hoppers-crossing/pickup,2026-02-20T22:06:45,,
2008,Toyota,Kluger,Kx-R (Fwd) 5 Seat,Wagon,387545,Automatic,2026-03-30,9999,Unleaded,VIC,car/14952903/toyota/kluger/vic/ringwood/suv,2026-02-20T22:06:45,,
2008,Toyota,Aurion,Prodigy,Sedan,184767,Automatic,2026-07-15,7888,Unleaded,VIC,car/14975208/toyota/aurion/vic/dandenong/sedan,2026-02-20T22:06:45,,
2018,Toyota,Voxy,HYBRID,SUV,121700,Automatic,,29990,Other,VIC,car/14975292/toyota/voxy/vic/dandenong/suv,2026-02-20T22:06:45,,
2017,Toyota,Hilux,Workmate,Cab Chassis,234908,Automatic,,17888,Unleaded,VIC,car/14976896/toyota/hilux/vic/dandenong-south/single-cab,2026-02-20T22:06:45,,
2018,Toyota,Hilux,SR,Ute Tray,200041,Manual,,34888,Diesel,VIC,car/14976897/toyota/hilux/vic/dandenong-south/pickup,2026-02-20T22:06:45,,
2013,Toyota,86,Gts,Coupe,96040,Manual,,26990,Premium,VIC,car/14975337/toyota/86/vic/cranbourne/coupe,2026-02-20T22:06:45,,
2024,Toyota,RAV4,Gx (2Wd) Hybrid,Wagon,39993,Automatic,,45990,Hybrid,VIC,car/14975339/toyota/rav4/vic/cranbourne/suv,2026-02-20T22:06:45,,
2017,Toyota,Camry,Rz S.E.,Sedan,194205,Automatic,2026-07-24,16990,Unleaded,VIC,car/14976226/toyota/camry/vic/mornington/sedan,2026-02-20T22:06:45,,
2025,Toyota,Corolla,Levin Zr,Hatchback,17084,Automatic,2026-07-07,36780,Unleaded,VIC,car/14961201/toyota/corolla/vic/berwick/hatchback,2026-02-20T22:06:45,,
2015,Toyota,Landcruiser Prado,Gxl (4X4),Wagon,212350,Automatic,2026-08-14,37990,Diesel,VIC,car/14974772/toyota/landcruiser-prado/vic/mornington/suv,2026-02-20T22:06:45,,
2024,Toyota,RAV4,Gx (Awd) Hybrid,Wagon,45594,Automatic,,45990,Hybrid,VIC,car/14973439/toyota/rav4/vic/mornington/suv,2026-02-20T22:06:45,,
2025,Toyota,RAV4,Gxl (2Wd) Hybrid,Wagon,3065,Automatic,,53990,Hybrid,VIC,car/14973397/toyota/rav4/vic/cranbourne/suv,2026-02-20T22:06:45,,
2025,Toyota,RAV4,Cruiser (2Wd) Hybrid,Wagon,5841,Automatic,,60990,Hybrid,VIC,car/14977248/toyota/rav4/vic/elsternwick/suv,2026-02-20T22:06:45,,
2022,Toyota,Kluger,Gxl Hybrid Awd,Wagon,108152,Automatic,2026-10-10,51990,Hybrid,VIC,car/14976725/toyota/kluger/vic/melbourne/suv,2026-02-20T22:06:45,,
2022,Toyota,Corolla,Zr,Hatchback,28457,Automatic,2026-04-05,35888,Unleaded,VIC,car/14976508/toyota/corolla/vic/tottenham/hatchback,2026-02-20T22:06:45,,
2020,Toyota,RAV4,Gx (2Wd),Wagon,92292,Automatic,2026-05-27,32888,Unleaded,VIC,car/14976069/toyota/rav4/vic/tottenham/suv,2026-02-20T22:06:45,,
2014,Toyota,Camry,Atara S,Sedan,186836,Automatic,2026-08-28,13990,Unleaded,VIC,car/14975715/toyota/camry/vic/preston/sedan,2026-02-20T22:06:45,,
2020,Toyota,RAV4,Gxl Awd Hybrid,Wagon,93700,Automatic,,38990,Hybrid,VIC,car/14975656/toyota/rav4/vic/elsternwick/suv,2026-02-20T22:06:45,,
2022,Toyota,Landcruiser Prado,Gxl,Wagon,132184,Automatic,,59990,Diesel,VIC,car/14975467/toyota/landcruiser-prado/vic/elsternwick/suv,2026-02-20T22:06:45,,
2020,Toyota,Prius,A,Hatch,105238,Automatic,,22995,Hybrid,VIC,car/14791181/toyota/prius/vic/maidstone/hatchback,2026-02-20T22:06:45,,
2022,Toyota,Hilux,Sr5 (4X4),Dual Cab Utility,51846,Manual,2026-05-27,44980,Diesel,VIC,car/14979372/toyota/hilux/vic/berwick/dual-cab,2026-02-24T21:06:29,,
2014,Toyota,Corolla,Ascent,Hatchback,144534,Automatic,,14980,Unleaded,VIC,car/14970276/toyota/corolla/vic/springvale/hatchback,2026-02-24T21:06:29,,
2020,Toyota,C-HR,Gxl (2Wd),Wagon,45381,Automatic,,26980,Premium,VIC,car/14946259/toyota/c-hr/vic/springvale/suv,2026-02-24T21:06:29,,
2021,Toyota,Hilux,Sr Hi-Rider,Double Cab Pick Up,70153,Automatic,,43888,Diesel,VIC,car/14970643/toyota/hilux/vic/oakleigh/dual-cab,2026-02-24T21:06:29,,
2003,Toyota,Camry,SPORTIVO,Sedan,379676,Automatic,2026-03-30,4999,Unleaded,VIC,car/14960359/toyota/camry/vic/briar-hill/limousine,2026-02-24T21:06:29,,
2023,Toyota,RAV4,Cruiser (2Wd) Hybrid,Wagon,37691,Automatic,2026-05-14,54990,Hybrid,VIC,car/14957339/toyota/rav4/vic/south-melbourne/suv,2026-02-24T21:06:29,,
2017,Toyota,Hilux,Sr5 (4X4),Dual Cab Utility,260000,Automatic,2026-03-16,34990,Diesel,VIC,car/14977930/toyota/hilux/vic/tullamarine/dual-cab,2026-02-24T21:06:29,,
2020,Toyota,RAV4,Gx Awd Hybrid,Wagon,105085,Automatic,2026-06-30,30868,Hybrid,VIC,car/14978017/toyota/rav4/vic/epping/suv,2026-02-24T21:06:29,,
2003,Toyota,Hilux,Sr5 (4X4),Dual Cab Pick-up,347285,Manual,,14999,Diesel,VIC,car/14978725/toyota/hilux/vic/ravenhall/dual-cab,2026-02-24T21:06:29,,
2025,Toyota,Kluger,Gxl Hybrid Awd,Wagon,9276,Automatic,,72888,Hybrid,VIC,car/14978195/toyota/kluger/vic/oakleigh/suv,2026-02-24T21:06:29,,
2013,Toyota,HiAce,Commuter,Bus,93312,Automatic,2026-03-05,34990,Unleaded,VIC,car/14977744/toyota/hiace/vic/maidstone/people-mover,2026-02-24T21:06:29,,
2025,Toyota,Yaris,Ascent Sport Hybrid,Hatchback,17191,Automatic,,31999,Hybrid,VIC,car/14975472/toyota/yaris/vic/oakleigh/hatchback,2026-02-24T21:06:29,,
2019,Toyota,Kluger,Gxl (4X2),Wagon,7850,Automatic,,36990,Unleaded,VIC,car/14979737/toyota/kluger/vic/maidstone/suv,2026-02-24T21:06:29,,
2021,Toyota,Corolla,Ascent Sport (Hybrid),Sedan,71072,Automatic,,28990,Hybrid,VIC,car/14973822/toyota/corolla/vic/oakleigh/sedan,2026-02-24T21:06:29,,
2022,Toyota,Corolla,Ascent Sport,Hatchback,69816,Automatic,2026-11-22,26990,Unleaded,VIC,car/14978141/toyota/corolla/vic/camberwell/hatchback,2026-02-24T21:06:29,,
2022,Toyota,Corolla,Ascent Sport Hybrid,Hatchback,39126,Automatic,,29990,Hybrid,VIC,car/14977854/toyota/corolla/vic/mentone/hatchback,2026-02-24T21:06:29,,
2021,Toyota,Hilux,Sr (4X4),Double Cab Pick Up,190000,Automatic,2026-05-10,43990,Diesel,VIC,car/14977899/toyota/hilux/vic/tullamarine/dual-cab,2026-02-24T21:06:29,,
2022,Toyota,Hilux,Sr Hi-Rider (4X2),Double Cab Pick Up,52840,Automatic,2022-06-23,42997,Diesel,VIC,car/14978992/toyota/hilux/vic/fawkner/dual-cab,2026-02-24T21:06:29,,
1997,Toyota,Camry,Csi,Sedan,263388,Automatic,2027-02-04,4990,Unleaded,VIC,car/14980095/toyota/camry/vic/west-footscray/sedan,2026-02-24T21:06:29,,
2025,Toyota,YARIS CROSS HYBRID,YARIS CROSS HYBRID GXL 1.5L AUTO CVT HATCH,Hatch,4706,,2026-09-30,37990,Hybrid,VIC,car/14974801/toyota/yaris-cross-hybrid/vic/camberwell/hatchback,2026-02-24T21:06:29,,
2017,Toyota,Yaris,Sx,Hatchback,133650,Manual,,14888,Unleaded,VIC,car/14979968/toyota/yaris/vic/thomastown/hatchback,2026-02-24T21:06:29,,
2022,Toyota,Yaris Cross,Urban Hybrid (Awd),Wagon,56418,Automatic,2026-02-20,34990,Hybrid,VIC,car/14979960/toyota/yaris-cross/vic/south-morang/suv,2026-02-24T21:06:29,,
2008,Toyota,Hilux,WORKMATE TGN16R 08 UPGRADE,Ute Tray,215501,Automatic,2026-12-23,11990,Unleaded,VIC,car/14979195/toyota/hilux/vic/west-footscray/pickup,2026-02-24T21:06:29,,
2020,Toyota,Camry,Ascent,Sedan,39619,Automatic,2026-06-08,28990,Unleaded,VIC,car/14979256/toyota/camry/vic/brighton/sedan,2026-02-24T21:06:29,,
2013,Toyota,Yaris,Yr,Hatchback,44800,Manual,,14990,Unleaded,VIC,car/14978598/toyota/yaris/vic/mentone/hatchback,2026-02-24T21:06:29,,
2018,Toyota,Corolla,Hybrid,Hatchback,109023,Automatic,2026-03-09,23990,Hybrid,VIC,car/14980026/toyota/corolla/vic/coburg-north/hatchback,2026-02-24T21:06:29,,
2023,Toyota,Hilux,ROGUE,Ute Tray,81488,Automatic,2026-04-12,62888,Other,VIC,car/14980237/toyota/hilux/vic/south-melbourne/pickup,2026-02-24T21:06:29,,
2010,Toyota,Corolla,Ascent,Hatchback,172501,Automatic,2026-05-11,11990,Unleaded,VIC,car/14975919/toyota/corolla/vic/ringwood/hatchback,2026-02-24T21:06:29,,
2021,Toyota,RAV4,Gx (Awd) Hybrid,Wagon,98144,Automatic,,37888,Hybrid,VIC,car/14973820/toyota/rav4/vic/oakleigh/suv,2026-02-24T21:06:29,,
2015,Toyota,Corolla,Sx,Sedan,163987,Automatic,2026-03-31,17990,Unleaded,VIC,car/14973652/toyota/corolla/vic/ringwood/sedan,2026-02-24T21:06:29,,
2011,Toyota,Corolla,Ascent Sport,Hatchback,176593,Automatic,2026-08-07,9990,Unleaded,VIC,car/14979341/toyota/corolla/vic/dingley-village/hatchback,2026-02-24T21:06:29,,
2023,Toyota,Yaris Cross,Gx Hybrid,Wagon,87197,Automatic,,30990,Hybrid,VIC,car/14974685/toyota/yaris-cross/vic/south-morang/suv,2026-02-24T21:06:29,,
2017,Toyota,Corolla,Hybrid,Hatchback,69449,Automatic,,23888,Hybrid,VIC,car/14970200/toyota/corolla/vic/oakleigh/hatchback,2026-02-24T21:06:29,,
2022,Toyota,Kluger,Gx Hybrid Awd,Wagon,33022,Automatic,,52888,Hybrid,VIC,car/14969756/toyota/kluger/vic/oakleigh/suv,2026-02-24T21:06:29,,
2023,Toyota,Corolla,Zr Hybrid,Hatchback,29258,Automatic,2026-05-09,39777,Hybrid,VIC,car/14970561/toyota/corolla/vic/heidelberg/hatchback,2026-02-24T21:06:29,,
2020,Toyota,Corolla,Ascent Sport (Hybrid),Hatchback,39632,Automatic,2026-08-13,29555,Hybrid,VIC,car/14970090/toyota/corolla/vic/heidelberg/hatchback,2026-02-24T21:06:29,,
2019,Toyota,RAV4,Gxl 2Wd Hybrid,Wagon,31356,Automatic,2026-08-13,39777,Hybrid,VIC,car/14969194/toyota/rav4/vic/heidelberg/suv,2026-02-24T21:06:29,,
2020,Toyota,RAV4,Gxl 2Wd Hybrid,Wagon,70864,Automatic,2026-07-22,38990,Hybrid,VIC,car/14961310/toyota/rav4/vic/camberwell/suv,2026-02-24T21:06:29,,
2022,Toyota,Camry,Ascent,Sedan,88085,Automatic,,30990,Premium,VIC,car/14980024/toyota/camry/vic/elsternwick/sedan,2026-02-24T21:06:29,,
2022,Toyota,Landcruiser,Lc300 Sahara (4X4),Wagon,107576,Automatic,2027-02-07,116808,Diesel,VIC,car/14979121/toyota/landcruiser/vic/mulgrave/suv,2026-02-24T21:06:29,,
2011,Toyota,Corolla,Ascent,Hatchback,22222,Automatic,2026-09-01,16777,Unleaded,VIC,car/14978636/toyota/corolla/vic/heidelberg/hatchback,2026-02-24T21:06:29,,
2022,Toyota,RAV4,Gx (Awd) Hybrid,Wagon,118143,Automatic,2026-09-30,35990,Hybrid,VIC,car/14982434/toyota/rav4/vic/south-morang/suv,2026-02-24T21:06:29,,
2022,Toyota,RAV4,Gx (Awd) Hybrid,Wagon,118130,Automatic,2026-09-30,35990,Hybrid,VIC,car/14982435/toyota/rav4/vic/south-morang/suv,2026-02-24T21:06:29,,
2011,Toyota,Tarago,Glx V6,Wagon,142000,Automatic,2026-08-31,19990,Premium,VIC,car/14981668/toyota/tarago/vic/camberwell/people-mover,2026-02-24T21:06:29,,
2024,Toyota,Corolla,Sx Hybrid,Hatchback,24023,Automatic,2027-01-18,36990,Hybrid,VIC,car/14981233/toyota/corolla/vic/oakleigh/hatchback,2026-02-24T21:06:29,,
2022,Toyota,RAV4,Gx (2Wd),Wagon,38267,Automatic,2026-04-16,38777,Unleaded,VIC,car/14969041/toyota/rav4/vic/heidelberg/suv,2026-02-24T21:06:29,,
2021,Toyota,Hilux,Sr5 (4X4),Double Cab Pick Up,156000,Automatic,2026-06-21,44999,Diesel,VIC,car/14947861/toyota/hilux/vic/oakleigh/dual-cab,2026-02-24T21:06:29,,
2022,Toyota,RAV4,Gx (2Wd) Hybrid,Wagon,91300,Automatic,,38888,Hybrid,VIC,car/14970889/toyota/rav4/vic/oakleigh/suv,2026-02-24T21:06:29,,
2015,Toyota,Yaris,Ascent,Hatchback,68235,Automatic,,17980,Unleaded,VIC,car/14961534/toyota/yaris/vic/springvale/hatchback,2026-02-24T21:06:29,,
2016,Toyota,RAV4,Gx (2Wd),Wagon,119890,Automatic,,23990,Unleaded,VIC,car/14960679/toyota/rav4/vic/elsternwick/suv,2026-02-24T21:06:29,,
2004,Toyota,Camry,Altise,Sedan,119431,Automatic,2026-09-01,8490,Unleaded,VIC,car/14948849/toyota/camry/vic/oakleigh-south/sedan,2026-02-24T21:06:29,,
2020,Toyota,Landcruiser,Workmate (4X4),Cab Chassis,233370,Manual,,59888,Diesel,VIC,car/14943895/toyota/landcruiser/vic/dandenong-south/single-cab,2026-02-24T21:06:29,,
2024,Toyota,Hilux,Workmate (4X4),Double Cab Pick Up,19113,Manual,,46990,Diesel,VIC,car/14974168/toyota/hilux/vic/frankston/dual-cab,2026-02-24T21:06:29,,
2024,Toyota,RAV4,Gx (2Wd) Hybrid,Wagon,48273,Automatic,,44888,Hybrid,VIC,car/14979141/toyota/rav4/vic/cranbourne/suv,2026-02-24T21:06:29,,
2014,Toyota,Prius V,I-Tech,Wagon,146906,Automatic,2026-04-09,19999,Hybrid,VIC,car/14979800/toyota/prius-v/vic/upper-ferntree-gully/wagon,2026-02-24T21:06:29,,
2021,Toyota,Landcruiser,Lc200 Gx (4X4),Wagon,180649,Automatic,,71990,Diesel,VIC,car/14976734/toyota/landcruiser/vic/mornington/suv,2026-02-24T21:06:29,,
2016,Toyota,Corolla,Ascent Sport,Hatchback,83884,Automatic,,19990,Unleaded,VIC,car/14978196/toyota/corolla/vic/narre-warren/hatchback,2026-02-24T21:06:29,,
2019,Toyota,Camry,Ascent Sport (Hybrid),Sedan,128111,Automatic,,29888,Hybrid,VIC,car/14972708/toyota/camry/vic/cranbourne/sedan,2026-02-24T21:06:29,,
2023,Toyota,Camry,Ascent,Sedan,25775,Automatic,2026-05-31,36990,Premium,VIC,car/14976337/toyota/camry/vic/seaford/sedan,2026-02-24T21:06:29,,
2009,Toyota,RAV4,Cv (4X4),Wagon,200134,Manual,2026-10-31,9990,Unleaded,VIC,car/14975468/toyota/rav4/vic/seaford/suv,2026-02-24T21:06:29,,
2020,Toyota,Hilux,Sr (4X4),Double Cab Chassis,81293,Automatic,,42975,Diesel,VIC,car/14979898/toyota/hilux/vic/officer/dual-cab,2026-02-24T21:06:29,,
2019,Toyota,HiAce,Commuter (12 Seats),Bus,69151,Automatic,,61888,Diesel,VIC,car/14973926/toyota/hiace/vic/croydon/people-mover,2026-02-24T21:06:29,,
2024,Toyota,Corolla,Ascent Sport Hybrid,Hatchback,49628,Automatic,,31990,Hybrid,VIC,car/14976910/toyota/corolla/vic/mornington/hatchback,2026-02-24T21:06:29,,
2016,Toyota,Camry,Altise,Sedan,151289,Automatic,2026-09-28,15888,Unleaded,VIC,car/14982938/toyota/camry/vic/dandenong/sedan,2026-02-24T21:06:29,,
2012,Toyota,Hilux,Sr5 (4X4),Dual Cab Pick-up,291569,Automatic,2026-05-28,27975,Diesel,VIC,car/14982263/toyota/hilux/vic/officer/dual-cab,2026-02-24T21:06:29,,
2019,Toyota,Landcruiser,Gxl (4X4),Double Cab Chassis,57942,Manual,,109999,Diesel,VIC,car/14981736/toyota/landcruiser/vic/berwick/dual-cab,2026-02-24T21:06:29,,
2021,Toyota,Fortuner,Crusade,Wagon,114801,Automatic,2026-07-15,47800,Diesel,VIC,car/14981336/toyota/fortuner/vic/berwick/suv,2026-02-24T21:06:29,,
2017,Toyota,Landcruiser,Sahara (4X4),Wagon,167105,Automatic,2026-03-16,88800,Diesel,VIC,car/14981338/toyota/landcruiser/vic/berwick/suv,2026-02-24T21:06:29,,
2015,Toyota,Corolla,Ascent Sport,Hatchback,121103,Automatic,2026-05-05,14990,Unleaded,VIC,car/14981151/toyota/corolla/vic/mornington/hatchback,2026-02-24T21:06:29,,
2020,Toyota,Landcruiser Prado,Kakadu,Wagon,73461,Automatic,2026-07-28,76990,Diesel,VIC,car/14981167/toyota/landcruiser-prado/vic/frankston/suv,2026-02-24T21:06:29,,
2024,Toyota,RAV4,Gx (2Wd) Hybrid,Wagon,27114,Automatic,,46990,Hybrid,VIC,car/14981210/toyota/rav4/vic/cranbourne/suv,2026-02-24T21:06:29,,
2018,Toyota,HiAce,Lwb,Van,134802,Automatic,,30999,Unleaded,VIC,car/14980984/toyota/hiace/vic/berwick/van,2026-02-24T21:06:29,,
2023,Toyota,Camry,Ascent,Sedan,38375,Automatic,2026-05-31,35990,Premium,VIC,car/14976555/toyota/camry/vic/seaford/sedan,2026-02-24T21:06:29,,
2023,Toyota,Yaris Cross,Gx Hybrid,Wagon,52895,Automatic,,32990,Hybrid,VIC,car/14979140/toyota/yaris-cross/vic/narre-warren/suv,2026-02-24T21:06:29,,
2006,Toyota,Hilux,Sr5 (4X4),Dual Cab Pick-up,387050,Manual,,19987,Diesel,VIC,car/14979627/toyota/hilux/vic/ferntree-gully/dual-cab,2026-02-24T21:06:29,,
2015,Toyota,Hilux,Sr5 (4X4),Dual Cab Pick-up,169338,Automatic,,38888,Diesel,VIC,car/14979900/toyota/hilux/vic/cranbourne/dual-cab,2026-02-24T21:06:29,,
2018,Toyota,Camry,Ascent,Sedan,93159,Automatic,,24990,Unleaded,VIC,car/14979548/toyota/camry/vic/sunbury/sedan,2026-02-24T21:06:29,,
2011,Toyota,Hilux,Sr5 (4X4),Dual Cab Pick-up,197427,Manual,2026-04-07,31390,Diesel,VIC,car/14979865/toyota/hilux/vic/bayswater/dual-cab,2026-02-24T21:06:29,,
2022,Toyota,RAV4,Gxl (2Wd) Hybrid,Wagon,93833,Automatic,,40990,Hybrid,VIC,car/14979138/toyota/rav4/vic/narre-warren/suv,2026-02-24T21:06:29,,
2019,Toyota,Hilux,SR5,Ute Tray,197787,Automatic,2026-03-07,38888,Diesel,VIC,car/14979849/toyota/hilux/vic/dandenong-south/pickup,2026-02-24T21:06:29,,
2010,Toyota,Corolla,Ascent,Hatchback,129500,Automatic,2026-06-13,12500,Unleaded,VIC,car/14971948/toyota/corolla/vic/dandenong/hatchback,2026-02-24T21:06:29,,
2019,Toyota,Hilux,Sr5 (4X4),Double Cab Pick Up,175770,Automatic,2026-09-02,43987,Diesel,VIC,car/14980955/toyota/hilux/vic/ferntree-gully/dual-cab,2026-02-24T21:06:29,,
2016,Toyota,Landcruiser,Gxl (4X4),Wagon,145809,Automatic,2026-03-23,79990,Diesel,VIC,car/14976911/toyota/landcruiser/vic/mornington/suv,2026-02-24T21:06:29,,
2022,Toyota,Landcruiser,Lc300 Sahara (4X4),Wagon,94602,Automatic,2026-06-17,122970,Diesel,VIC,car/14978632/toyota/landcruiser/vic/keysborough/suv,2026-02-24T21:06:29,,
2014,Toyota,RAV4,Gx (2Wd),Wagon,140123,Automatic,,19888,Unleaded,VIC,car/14970441/toyota/rav4/vic/berwick/suv,2026-02-24T21:06:29,,
2020,Toyota,RAV4,Cruiser (2Wd),Wagon,29433,Automatic,2026-09-12,41990,Unleaded,VIC,car/14885222/toyota/rav4/vic/hoppers-crossing/suv,2026-02-24T21:06:29,,
2021,Toyota,RAV4,Cruiser (2Wd) Hybrid,Wagon,102513,Automatic,,40888,Hybrid,VIC,car/14963670/toyota/rav4/vic/berwick/suv,2026-02-24T21:06:29,,
2025,Toyota,Camry,Ascent Hybrid,Sedan,12901,Automatic,,43990,Hybrid,VIC,car/14955433/toyota/camry/vic/narre-warren/sedan,2026-02-24T21:06:29,,
2017,Toyota,Camry,Altise,Sedan,147919,Automatic,2025-12-06,16990,Unleaded,VIC,car/14686213/toyota/camry/vic/murrumbeena/sedan,2026-02-24T21:06:29,,
2003,Toyota,Avensis,Verso Glx,Wagon,256112,Automatic,2026-04-07,7490,Unleaded,VIC,car/14740621/toyota/avensis/vic/sunshine-north/people-mover,2026-02-24T21:06:29,UNCLASSIFIED,[OUT_OF_SCOPE]
2017,Toyota,Corolla,Ascent Sport,Hatchback,77932,Automatic,2026-04-16,19900,Unleaded,VIC,car/14983237/toyota/corolla/vic/port-melbourne/hatchback,2026-02-25T22:27:40,,
2022,Toyota,Yaris Cross,GX,SUV,14576,,,32777,Other,VIC,car/14983656/toyota/yaris-cross/vic/melbourne/suv,2026-02-25T22:27:40,,
2014,Toyota,Kluger,Gx (4X4),Wagon,259452,Automatic,,17989,Unleaded,VIC,car/14983297/toyota/kluger/vic/maidstone/suv,2026-02-25T22:27:40,,
2019,Toyota,Corolla,Ascent,Sedan,68774,Automatic,2026-03-04,22990,Unleaded,VIC,car/14982673/toyota/corolla/vic/preston/sedan,2026-02-25T22:27:40,,
2019,Toyota,RAV4,Gxl (2Wd),Wagon,141418,Automatic,2026-03-19,28800,Unleaded,VIC,car/14982860/toyota/rav4/vic/port-melbourne/suv,2026-02-25T22:27:40,,
2022,Toyota,RAV4,Gx (Awd) Hybrid,Wagon,144301,Automatic,,34990,Hybrid,VIC,car/14981273/toyota/rav4/vic/melbourne/suv,2026-02-25T22:27:40,,
2023,Toyota,Hilux,Rogue (4X4),Double Cab Pick Up,81488,Automatic,2026-04-12,62888,Diesel,VIC,car/14980237/toyota/hilux/vic/south-melbourne/dual-cab,2026-02-25T22:27:40,,
2009,Toyota,Corolla,Ascent,Sedan,279000,Automatic,,5999,Unleaded,VIC,car/14983000/toyota/corolla/vic/northcote/sedan,2026-02-25T22:27:40,,
2019,Toyota,Corolla,Ascent Sport (Hybrid),Sedan,23341,Automatic,,29555,Hybrid,VIC,car/14979984/toyota/corolla/vic/melbourne/sedan,2026-02-25T22:27:40,,
2014,Toyota,Hilux,Sr5 (4X4),Dual Cab Pick-up,241890,Automatic,2026-04-22,29997,Diesel,VIC,car/14978651/toyota/hilux/vic/fawkner/dual-cab,2026-02-25T22:27:40,,
2024,Toyota,Kluger,Gx Awd,Wagon,45175,Automatic,,51880,Unleaded,VIC,car/14954953/toyota/kluger/vic/deer-park/suv,2026-02-25T22:27:40,,
2021,Toyota,Kluger,Gx 2Wd,Wagon,126753,Automatic,2026-04-29,35888,Premium,VIC,car/14970714/toyota/kluger/vic/deer-park/suv,2026-02-25T22:27:40,,
2021,Toyota,Corolla,Ascent Sport Hybrid,Hatchback,131517,Automatic,2026-03-01,25888,Hybrid,VIC,car/14954955/toyota/corolla/vic/deer-park/hatchback,2026-02-25T22:27:40,,
2003,Toyota,Echo,,Sedan,262213,Manual,2026-05-13,2900,Unleaded,VIC,car/14982858/toyota/echo/vic/oakleigh-south/sedan,2026-02-25T22:27:40,,
2022,Toyota,Corolla,Ascent Sport Hybrid,Sedan,16725,Automatic,,30990,Hybrid,VIC,car/14970056/toyota/corolla/vic/ferntree-gully/sedan,2026-02-25T22:27:40,,
2006,Toyota,HiAce,Lwb,Van,431858,Manual,2026-08-01,9999,Unleaded,VIC,car/14977715/toyota/hiace/vic/ringwood/van,2026-02-25T22:27:40,,
2021,Toyota,HiAce,Slwb Commuter (12 Seats),Bus,114172,Automatic,2026-02-17,49480,Diesel,VIC,car/14984450/toyota/hiace/vic/south-morang/people-mover,2026-02-25T22:27:40,,
2012,Toyota,Kluger,Altitude (Fwd) 7 Seat,Wagon,228513,Automatic,2026-06-20,14690,Unleaded,VIC,car/14984768/toyota/kluger/vic/bayswater/suv,2026-02-25T22:27:40,,
2017,Toyota,Corolla,Sx,Hatchback,133886,Automatic,2026-03-22,19999,Unleaded,VIC,car/14978626/toyota/corolla/vic/ringwood/hatchback,2026-02-25T22:27:40,,
2021,Toyota,Kluger,Grande Hybrid Awd,Wagon,21737,Automatic,2026-09-02,64990,Hybrid,VIC,car/14979702/toyota/kluger/vic/ferntree-gully/suv,2026-02-25T22:27:40,,
2020,Toyota,Yaris,G,Hatch,79955,Automatic,,20990,Other,VIC,car/14980731/toyota/yaris/vic/ringwood/hatchback,2026-02-25T22:27:40,,
2019,Toyota,Yaris,Ascent,Hatchback,28225,Automatic,2026-09-24,23990,Unleaded,VIC,car/14973997/toyota/yaris/vic/ringwood/hatchback,2026-02-25T22:27:40,,
2020,Toyota,C-HR,Koba (2Wd),Wagon,99223,Automatic,2026-03-29,26888,Premium,VIC,car/14981059/toyota/c-hr/vic/ringwood/suv,2026-02-25T22:27:40,,
2002,Toyota,Corolla,Ascent Seca,Hatchback,106851,Automatic,2026-05-07,8998,Unleaded,VIC,car/14977827/toyota/corolla/vic/ringwood/hatchback,2026-02-25T22:27:40,,
2018,Toyota,C-HR,Koba (2Wd),Wagon,53622,Automatic,2026-05-18,26888,Premium,VIC,car/14980921/toyota/c-hr/vic/croydon/suv,2026-02-25T22:27:40,,
2010,Toyota,Camry,Altise,Sedan,94382,Automatic,2026-04-30,14990,Unleaded,VIC,car/14980729/toyota/camry/vic/ringwood/sedan,2026-02-25T22:27:40,,
2022,Toyota,Hilux,Sr (4X4),Double Cab Pick Up,121102,Automatic,,46888,Diesel,VIC,car/14980920/toyota/hilux/vic/croydon/dual-cab,2026-02-25T22:27:40,,
2023,Toyota,Hilux,Sr (4X4),Double Cab Chassis,62115,Automatic,2026-11-15,52888,Diesel,VIC,car/14980934/toyota/hilux/vic/croydon/dual-cab,2026-02-25T22:27:40,,
2012,Toyota,RAV4,Cruiser (2Wd),Wagon,171512,Automatic,2026-05-17,16888,Unleaded,VIC,car/14962032/toyota/rav4/vic/mulgrave/suv,2026-02-25T22:27:40,,
2015,Toyota,Prius,ZVW40 7 SEATER,SUV,91047,Automatic,,21990,Unleaded,VIC,car/14983009/toyota/prius/vic/clayton-south/suv,2026-02-25T22:27:40,,
2016,Toyota,Corolla,Zr,Sedan,64537,Automatic,2026-04-13,22975,Unleaded,VIC,car/14982664/toyota/corolla/vic/burwood/sedan,2026-02-25T22:27:40,,
2022,Toyota,C-HR,Koba (2Wd) Hybrid,Wagon,37322,Automatic,,39990,Hybrid,VIC,car/14984024/toyota/c-hr/vic/frankston/suv,2026-02-25T22:27:40,,
2016,Toyota,RAV4,Gx (2Wd),Wagon,165388,Automatic,,15990,Unleaded,VIC,car/14984234/toyota/rav4/vic/dandenong/suv,2026-02-25T22:27:40,,
2024,Toyota,Camry,Ascent,Sedan,16094,Automatic,,36990,Premium,VIC,car/14984244/toyota/camry/vic/frankston/sedan,2026-02-25T22:27:40,,
2021,Toyota,Hilux,WORKMATE,Ute Tray,132168,Automatic,,25888,Unleaded,VIC,car/14984289/toyota/hilux/vic/dandenong-south/pickup,2026-02-25T22:27:40,,
2017,Toyota,Hilux,SR5,Ute Tray,130176,Automatic,,38888,Diesel,VIC,car/14983429/toyota/hilux/vic/dandenong-south/pickup,2026-02-25T22:27:40,,
2018,Toyota,Noah,HYBRID,SUV,113340,Automatic,,29990,Other,VIC,car/14983453/toyota/noah/vic/dandenong/suv,2026-02-25T22:27:40,,
2017,Toyota,Corolla,Ascent Sport,Hatchback,70285,Automatic,,21990,Unleaded,VIC,car/14978568/toyota/corolla/vic/sunbury/hatchback,2026-02-25T22:27:40,,
2022,Toyota,Corolla,Zr Hybrid,Hatchback,42795,Automatic,2026-12-28,37950,Hybrid,VIC,car/14982971/toyota/corolla/vic/sunbury/hatchback,2026-02-25T22:27:40,,
2025,Toyota,RAV4,Cruiser (2Wd) Hybrid,Wagon,3723,Automatic,2026-11-24,59950,Hybrid,VIC,car/14982969/toyota/rav4/vic/sunbury/suv,2026-02-25T22:27:40,,
2020,Toyota,Corolla,Sx (Hybrid),Hatchback,49663,Automatic,2026-04-22,28495,Hybrid,VIC,car/14982448/toyota/corolla/vic/burwood/hatchback,2026-02-25T22:27:40,,
2019,Toyota,Hilux,Rogue (4X4),Double Cab Pick Up,114357,Automatic,,50999,Diesel,VIC,car/14983085/toyota/hilux/vic/berwick/dual-cab,2026-02-25T22:27:40,,
2024,Toyota,Tundra,Limited,Dual Cab Pick-up,10610,Automatic,,144998,Hybrid,VIC,car/14983503/toyota/tundra/vic/berwick/dual-cab,2026-02-25T22:27:40,,
2022,Toyota,Landcruiser,Gxl,Wagon,32086,Manual,,114998,Diesel,VIC,car/14983504/toyota/landcruiser/vic/berwick/suv,2026-02-25T22:27:40,,
2013,Toyota,Hilux,Workmate,Cab Chassis,74320,Manual,2025-05-07,14990,Unleaded,VIC,car/14983623/toyota/hilux/vic/mornington/single-cab,2026-02-25T22:27:40,,
2020,Toyota,Hilux,Sr (4X4),Double Cab Chassis,131820,Automatic,,42999,Diesel,VIC,car/14983369/toyota/hilux/vic/berwick/dual-cab,2026-02-25T22:27:40,,
2020,Toyota,HiAce,Lwb Gl (Colours),Van,109202,Automatic,,43990,Diesel,VIC,car/14983379/toyota/hiace/vic/cranbourne/van,2026-02-25T22:27:40,,
2021,Toyota,Landcruiser Prado,Gxl,Wagon,82591,Automatic,,65990,Diesel,VIC,car/14983377/toyota/landcruiser-prado/vic/cranbourne/suv,2026-02-25T22:27:40,,
2024,Toyota,C-HR,Gxl Hybrid,Wagon,31068,Automatic,2026-05-13,41990,Hybrid,VIC,car/14981107/toyota/c-hr/vic/mornington/suv,2026-02-25T22:27:40,,
2024,Toyota,Corolla,Ascent Sport,Hatchback,31651,Automatic,2026-06-13,31888,Unleaded,VIC,car/14981887/toyota/corolla/vic/tottenham/hatchback,2026-02-25T22:27:40,,
2008,Toyota,Landcruiser Prado,Gxl (4X4),Wagon,311368,Automatic,2026-03-11,19999,Diesel,VIC,car/14985145/toyota/landcruiser-prado/vic/braybrook/suv,2026-02-25T22:27:40,,
2025,Toyota,Corolla,Sx Hybrid,Hatchback,5971,Automatic,2026-07-11,39990,Hybrid,VIC,car/14984663/toyota/corolla/vic/melbourne/hatchback,2026-02-25T22:27:40,,
2021,Toyota,RAV4,Xse (2Wd) Hybrid,Wagon,39938,Automatic,,49990,Hybrid,VIC,car/14984383/toyota/rav4/vic/elsternwick/suv,2026-02-25T22:27:40,,
2020,Toyota,HiAce,HIACE BUS SLWB 2.8L T DIESEL AUTOMATIC,OtherCar,134608,Automatic,2026-05-26,56990,Other,VIC,car/14984056/toyota/hiace/vic/melbourne/othercar,2026-02-25T22:27:40,,
2004,Toyota,RAV4,Cv (4X4),Wagon,287983,Automatic,,6990,Unleaded,VIC,car/14978667/toyota/rav4/vic/footscray/suv,2026-02-25T22:27:40,UNCLASSIFIED,[OUT_OF_SCOPE]
2013,Toyota,Corolla,Ascent,Sedan,228431,Automatic,2026-06-21,10988,Unleaded,VIC,car/14982140/toyota/corolla/vic/braybrook/sedan,2026-02-25T22:27:40,toyota_corolla_ascent_petrol_auto_sedan_zre152r,[OK]
2022,Toyota,RAV4,Gxl (2Wd) Hybrid,Wagon,45755,Automatic,,44888,Hybrid,VIC,car/14981888/toyota/rav4/vic/tottenham/suv,2026-02-25T22:27:40,UNCLASSIFIED,[OUT_OF_SCOPE]
2007,Toyota,Hilux,Workmate,Cab Chassis,288614,Manual,,10650,Unleaded,VIC,car/14978653/toyota/hilux/vic/footscray/single-cab,2026-02-25T22:27:40,UNCLASSIFIED,[OUT_OF_SCOPE]
2003,Toyota,Corolla,Conquest Seca,Hatchback,267131,Automatic,,6990,Unleaded,VIC,car/14978663/toyota/corolla/vic/footscray/hatchback,2026-02-25T22:27:40,UNCLASSIFIED,[AMBIG_BADGE]
2006,Toyota,Camry,Sportivo,Sedan,208356,Automatic,,6990,Unleaded,VIC,car/14981833/toyota/camry/vic/footscray/sedan,2026-02-25T22:27:40,UNCLASSIFIED,[AMBIG_BADGE]
