year,make,model,variant,body_type,odometer,transmission,rego,price,fuel_type,location,url,scrape_date,canonical_tag,canonical_reason
2017,Mazda,CX-9,Gt (Fwd),Wagon,300745,Automatic,2026-07-25,17988,Unleaded,VIC,car/14870459/mazda/cx-9/vic/braybrook/suv,2026-02-27T01:56:26,UNCLASSIFIED,[OUT_OF_SCOPE]
1999,Mazda,Bravo,BRAVO PLUS SDX 4X4,Ute Tray,631461,Manual,2026-04-30,6999,Diesel,VIC,car/14925529/mazda/bravo/vic/braybrook/pickup,2026-02-27T01:56:26,UNCLASSIFIED,[OUT_OF_SCOPE]
2016,Mazda,BT-50,Xtr (4X4),Freestyle Utility,98474,Manual,2026-01-13,26990,Diesel,VIC,car/14878922/mazda/bt-50/vic/west-footscray/extra-cab,2026-02-27T01:56:26,UNCLASSIFIED,[OUT_OF_SCOPE]
2013,Mazda,6,Gt,Wagon,208000,Automatic,2026-10-14,9999,Diesel,VIC,car/14828428/mazda/6/vic/dandenong/wagon,2026-02-27T01:56:26,UNCLASSIFIED,[OUT_OF_SCOPE]
2008,Mazda,6,Classic,Wagon,318030,Automatic,2025-12-22,6499,Premium,VIC,car/14886176/mazda/6/vic/braybrook/wagon,2026-02-27T01:56:26,UNCLASSIFIED,[OUT_OF_SCOPE]
2009,Mazda,6,Luxury Sports,Hatchback,190000,Automatic,,8999,Premium,VIC,car/14903078/mazda/6/vic/footscray/hatchback,2026-02-27T01:56:26,UNCLASSIFIED,[OUT_OF_SCOPE]
2022,Mazda,CX-8,Touring (Fwd),Wagon,57950,Automatic,2026-02-08,35470,Unleaded,VIC,car/14893115/mazda/cx-8/vic/keysborough/suv,2026-02-27T01:56:26,UNCLASSIFIED,[OUT_OF_SCOPE]
2006,Mazda,CX-7,Luxury (4X4),Wagon,215738,Automatic,2026-05-16,6490,Premium,VIC,car/14969915/mazda/cx-7/vic/west-footscray/suv,2026-02-27T01:56:26,UNCLASSIFIED,[OUT_OF_SCOPE]
2016,Mazda,CX-5,Gt (4X4),Wagon,189574,Automatic,,13989,Diesel,VIC,car/14966270/mazda/cx-5/vic/maidstone/suv,2026-02-27T01:56:26,UNCLASSIFIED,[OUT_OF_SCOPE]
2025,Mazda,CX-60,G25 Pure,Wagon,3640,Automatic,2026-04-13,42985,Unleaded,VIC,car/14947355/mazda/cx-60/vic/ravenhall/suv,2026-02-27T01:56:26,UNCLASSIFIED,[OUT_OF_SCOPE]
2016,Mazda,BT-50,Xt (4X4),Dual Cab Utility,210342,Automatic,2026-02-02,21990,Diesel,VIC,car/14967257/mazda/bt-50/vic/west-footscray/dual-cab,2026-02-27T01:56:26,UNCLASSIFIED,[OUT_OF_SCOPE]
2011,Mazda,3,Neo,Hatchback,185120,Manual,2026-05-13,5900,Unleaded,VIC,car/14945342/mazda/3/vic/port-melbourne/hatchback,2026-02-27T01:56:26,UNCLASSIFIED,[OUT_OF_SCOPE]
2016,Mazda,CX-5,Maxx Sport (4X2),Wagon,140122,Automatic,2026-05-15,18985,Unleaded,VIC,car/14925614/mazda/cx-5/vic/ravenhall/suv,2026-02-27T01:56:26,UNCLASSIFIED,[OUT_OF_SCOPE]
2006,Mazda,CX-7,Luxury (4X4),Wagon,214032,Automatic,2026-09-05,5990,Premium,VIC,car/14937373/mazda/cx-7/vic/coburg-north/suv,2026-02-27T01:56:26,UNCLASSIFIED,[OUT_OF_SCOPE]
2005,Mazda,3,Sp23,Sedan,256508,Automatic,2026-05-16,4990,Unleaded,VIC,car/14969395/mazda/3/vic/west-footscray/sedan,2026-02-27T01:56:26,UNCLASSIFIED,[OUT_OF_SCOPE]
2017,Mazda,CX-5,Gt (4X4),Wagon,172695,Automatic,2026-05-10,20950,Unleaded,VIC,car/14959049/mazda/cx-5/vic/moorabbin/suv,2026-02-27T01:56:26,UNCLASSIFIED,[OUT_OF_SCOPE]
2007,Mazda,3,Maxx Sport,Sedan,234000,Manual,,4999,Unleaded,VIC,car/14971008/mazda/3/vic/footscray/sedan,2026-02-27T01:56:26,UNCLASSIFIED,[OUT_OF_SCOPE]
2002,Mazda,323,Protege Shades,Sedan,100568,Automatic,2026-07-05,4990,Unleaded,VIC,car/14968080/mazda/323/vic/coburg-north/sedan,2026-02-27T01:56:26,UNCLASSIFIED,[OUT_OF_SCOPE]
2015,Mazda,BT-50,Xtr (4X4),Dual Cab Utility,196065,Automatic,2026-11-16,24975,Diesel,VIC,car/14947467/mazda/bt-50/vic/officer/dual-cab,2026-02-27T01:56:26,UNCLASSIFIED,[OUT_OF_SCOPE]
2009,Mazda,CX-7,Luxury (4X4),Wagon,234826,Automatic,2026-01-02,4900,Premium,VIC,car/14857731/mazda/cx-7/vic/braybrook/suv,2026-02-27T01:56:26,UNCLASSIFIED,[OUT_OF_SCOPE]
2014,Mazda,3,Sp25 Gt,Sedan,75524,Automatic,2026-04-14,18990,Unleaded,VIC,car/14952600/mazda/3/vic/maidstone/sedan,2026-02-27T01:56:26,UNCLASSIFIED,[OUT_OF_SCOPE]
2011,Mazda,3,Sp25,Hatchback,216600,Automatic,2025-12-21,9488,Unleaded,VIC,car/14843440/mazda/3/vic/alphington/hatchback,2026-02-27T01:56:26,UNCLASSIFIED,[DISALLOWED_VARIANT]
2008,Mazda,3,Neo Sport,Sedan,234000,Automatic,2026-05-06,6990,Unleaded,VIC,car/14885851/mazda/3/vic/williamstown-north/sedan,2026-02-27T01:56:26,UNCLASSIFIED,[OUT_OF_SCOPE]
2015,Mazda,MX-5,Gt,Roadster,34234,Manual,,30990,Premium,VIC,car/14949486/mazda/mx-5/vic/elsternwick/convertible,2026-02-27T01:56:26,UNCLASSIFIED,[OUT_OF_SCOPE]
2016,Mazda,BT-50,Xtr (4X4),Dual Cab Utility,254001,Automatic,2026-03-21,19990,Diesel,VIC,car/14902551/mazda/bt-50/vic/maidstone/dual-cab,2026-02-27T01:56:26,UNCLASSIFIED,[OUT_OF_SCOPE]
2014,Mazda,CX-9,Grand Touring,Wagon,138000,Automatic,2026-03-16,14990,Unleaded,VIC,car/14966746/mazda/cx-9/vic/williamstown-north/suv,2026-02-27T01:56:26,UNCLASSIFIED,[OUT_OF_SCOPE]
2015,Mazda,3,Maxx,Hatchback,87900,Automatic,2026-10-26,16990,Unleaded,VIC,car/14985015/mazda/3/vic/balwyn/hatchback,2026-02-27T01:56:26,UNCLASSIFIED,[AMBIG_BADGE]
2016,Mazda,BT-50,Gt (4X4),Dual Cab Utility,272468,Automatic,2026-08-27,17988,Diesel,VIC,car/14978612/mazda/bt-50/vic/braybrook/dual-cab,2026-02-27T01:56:26,UNCLASSIFIED,[OUT_OF_SCOPE]
2009,Mazda,3,Neo,Sedan,151765,Manual,2026-04-21,6990,Unleaded,VIC,car/14976914/mazda/3/vic/coburg-north/sedan,2026-02-27T01:56:26,UNCLASSIFIED,[OUT_OF_SCOPE]
2025,Mazda,CX-30,G20 Pure (Fwd),Wagon,4871,Automatic,2026-05-11,32985,Unleaded,VIC,car/14885901/mazda/cx-30/vic/ravenhall/suv,2026-02-27T01:56:26,UNCLASSIFIED,[OUT_OF_SCOPE]
2011,Mazda,3,Maxx Sport,Sedan,215391,Manual,2026-03-15,6999,Unleaded,VIC,car/14933946/mazda/3/vic/braybrook/sedan,2026-02-27T01:56:26,UNCLASSIFIED,[OUT_OF_SCOPE]
2006,Mazda,2,Neo,Hatchback,195774,Automatic,,5990,Unleaded,VIC,car/14902544/mazda/2/vic/williamstown-north/hatchback,2026-02-27T01:56:26,UNCLASSIFIED,[OUT_OF_SCOPE]
2018,Mazda,CX-8,Asaki (Awd),Wagon,87250,Automatic,2026-07-31,32985,Diesel,VIC,car/14933561/mazda/cx-8/vic/ravenhall/suv,2026-02-27T01:56:26,UNCLASSIFIED,[OUT_OF_SCOPE]
2003,Mazda,6,Classic,Hatchback,257928,Manual,2026-04-23,5999,Premium,VIC,car/14968716/mazda/6/vic/braybrook/hatchback,2026-02-27T01:56:26,UNCLASSIFIED,[OUT_OF_SCOPE]
2017,Mazda,2,Neo,Sedan,213993,Automatic,,12999,Unleaded,VIC,car/14872619/mazda/2/vic/west-footscray/sedan,2026-02-27T01:56:26,UNCLASSIFIED,[OUT_OF_SCOPE]
2016,Mazda,CX-9,Touring (Awd),Wagon,179533,Automatic,2026-04-04,19999,Unleaded,VIC,car/14917716/mazda/cx-9/vic/werribee/suv,2026-02-27T01:56:26,UNCLASSIFIED,[OUT_OF_SCOPE]
2018,Mazda,CX-5,Maxx (4X4),Wagon,187189,Automatic,2025-07-09,21990,Unleaded,VIC,car/14918052/mazda/cx-5/vic/west-footscray/suv,2026-02-27T01:56:26,UNCLASSIFIED,[OUT_OF_SCOPE]
2008,Mazda,6,Luxury Sports,Hatchback,115240,Automatic,2026-05-31,11999,Premium,VIC,car/14953053/mazda/6/vic/altona-north/hatchback,2026-02-27T01:56:26,UNCLASSIFIED,[OUT_OF_SCOPE]
2023,Mazda,CX-5,G25 Akera (Awd),Wagon,18777,Automatic,2026-05-12,43985,Unleaded,VIC,car/14929103/mazda/cx-5/vic/ravenhall/suv,2026-02-27T01:56:26,UNCLASSIFIED,[OUT_OF_SCOPE]
2014,Mazda,6,Gt,Sedan,174886,Automatic,2026-05-19,14990,Diesel,VIC,car/14969663/mazda/6/vic/west-footscray/sedan,2026-02-27T01:56:26,UNCLASSIFIED,[OUT_OF_SCOPE]
2014,Mazda,3,Sp25,Sedan,141459,Automatic,2026-03-03,15990,Unleaded,VIC,car/14967006/mazda/3/vic/west-footscray/sedan,2026-02-27T01:56:26,UNCLASSIFIED,[OUT_OF_SCOPE]
2015,Mazda,3,Maxx,Hatchback,137324,Automatic,2026-04-23,17475,Unleaded,VIC,car/14936960/mazda/3/vic/ravenhall/hatchback,2026-02-27T01:56:26,UNCLASSIFIED,[AMBIG_BADGE]
2013,Mazda,6,Sport,Sedan,404914,Automatic,2026-01-29,8988,Unleaded,VIC,car/14943755/mazda/6/vic/braybrook/sedan,2026-02-27T01:56:26,UNCLASSIFIED,[OUT_OF_SCOPE]
2016,Mazda,3,Maxx,Hatchback,108193,Automatic,2026-01-27,16990,Unleaded,VIC,car/14949073/mazda/3/vic/west-footscray/hatchback,2026-02-27T01:56:26,UNCLASSIFIED,[AMBIG_BADGE]
2009,Mazda,3,Maxx,Sedan,144349,Automatic,,10999,Unleaded,VIC,car/14913581/mazda/3/vic/laverton-north/sedan,2026-02-27T01:56:26,UNCLASSIFIED,[OUT_OF_SCOPE]
2013,Mazda,3,Neo,Hatchback,189542,Automatic,,10989,Unleaded,VIC,car/14881217/mazda/3/vic/maidstone/hatchback,2026-02-27T01:56:26,mazda_3_neo_petrol_auto_hatch_bl,[OK]
2013,Mazda,3,Maxx,Hatchback,104346,Manual,,10990,Unleaded,VIC,car/14987251/mazda/3/vic/maidstone/hatchback,2026-02-27T01:56:26,UNCLASSIFIED,[OUT_OF_SCOPE]
2017,Mazda,3,Sp25 Gt,Sedan,50606,Automatic,,23990,Unleaded,VIC,car/14976178/mazda/3/vic/elsternwick/sedan,2026-02-27T01:56:26,UNCLASSIFIED,[OUT_OF_SCOPE]
2021,Mazda,MX-30,G20E Evolve Mhev,Wagon,43288,Automatic,,27990,Hybrid,VIC,car/14889476/mazda/mx-30/vic/elsternwick/suv,2026-02-27T01:56:26,UNCLASSIFIED,[OUT_OF_SCOPE]
2022,Mazda,CX-3,Maxx Sport (Fwd),Wagon,26059,Automatic,2026-05-10,27990,Unleaded,VIC,car/14977212/mazda/cx-3/vic/south-melbourne/suv,2026-02-27T01:56:26,UNCLASSIFIED,[OUT_OF_SCOPE]
2016,Mazda,3,Maxx,Hatchback,71000,Automatic,,19990,Unleaded,VIC,car/14965618/mazda/3/vic/elsternwick/hatchback,2026-02-27T01:56:26,UNCLASSIFIED,[AMBIG_BADGE]
2018,Mazda,CX-9,Gt (Fwd),Wagon,26149,Automatic,,35777,Unleaded,VIC,car/14826613/mazda/cx-9/vic/elsternwick/suv,2026-02-27T01:56:26,UNCLASSIFIED,[OUT_OF_SCOPE]
2018,Mazda,CX-9,Azami (Awd),Wagon,67358,Automatic,,37990,Unleaded,VIC,car/14972351/mazda/cx-9/vic/elsternwick/suv,2026-02-27T01:56:26,UNCLASSIFIED,[OUT_OF_SCOPE]
2018,Mazda,CX-5,Akera (4X4),Wagon,161845,Automatic,,25989,Diesel,VIC,car/14945294/mazda/cx-5/vic/maidstone/suv,2026-02-27T01:56:26,UNCLASSIFIED,[OUT_OF_SCOPE]
2012,Mazda,3,Neo,Hatchback,225007,Manual,2026-03-20,7988,Unleaded,VIC,car/14923520/mazda/3/vic/braybrook/hatchback,2026-02-27T01:56:26,UNCLASSIFIED,[OUT_OF_SCOPE]
2025,Mazda,CX-3,G20 Gt Sp,Wagon,4440,Automatic,2026-06-17,34985,Unleaded,VIC,car/14943951/mazda/cx-3/vic/ravenhall/suv,2026-02-27T01:56:26,UNCLASSIFIED,[OUT_OF_SCOPE]
2020,Mazda,CX-5,Touring (Awd),Wagon,66986,Automatic,2026-04-08,30990,Unleaded,VIC,car/14958672/mazda/cx-5/vic/south-melbourne/suv,2026-02-27T01:56:26,UNCLASSIFIED,[OUT_OF_SCOPE]
2008,Mazda,CX-9,Luxury,Wagon,276841,Automatic,2026-12-10,9988,Unleaded,VIC,car/14927320/mazda/cx-9/vic/braybrook/suv,2026-02-27T01:56:26,UNCLASSIFIED,[OUT_OF_SCOPE]
2025,Mazda,CX-80,G40E Pure,Wagon,8744,Automatic,2026-04-04,51990,Premium,VIC,car/14873981/mazda/cx-80/vic/brighton/suv,2026-02-27T01:56:26,UNCLASSIFIED,[OUT_OF_SCOPE]
2017,Mazda,CX-9,Azami (Fwd),Wagon,140000,Automatic,2026-05-13,23900,Unleaded,VIC,car/14945328/mazda/cx-9/vic/port-melbourne/suv,2026-02-27T01:56:26,UNCLASSIFIED,[OUT_OF_SCOPE]
2004,Mazda,3,Maxx,Hatchback,283101,Automatic,2026-04-05,5988,Unleaded,VIC,car/14943766/mazda/3/vic/braybrook/hatchback,2026-02-27T01:56:26,UNCLASSIFIED,[AMBIG_BADGE]
2024,Mazda,CX-70,G50E Azami,Wagon,14335,Automatic,2026-04-09,69990,Premium,VIC,car/14872734/mazda/cx-70/vic/brighton/suv,2026-02-27T01:56:26,UNCLASSIFIED,[OUT_OF_SCOPE]
2022,Mazda,CX-5,Maxx Sport (Fwd),Wagon,120561,Automatic,2026-02-13,25990,Unleaded,VIC,car/14954189/mazda/cx-5/vic/west-footscray/suv,2026-02-27T01:56:26,UNCLASSIFIED,[OUT_OF_SCOPE]
2018,Mazda,CX-3,S TOURING (FWD) DK MY19,SUV,186424,Automatic,2026-04-30,17990,Unleaded,VIC,car/14931956/mazda/cx-3/vic/west-footscray/suv,2026-02-27T01:56:26,UNCLASSIFIED,[OUT_OF_SCOPE]
2025,Mazda,CX-5,G25 Akera (Awd),Wagon,5375,Automatic,2026-06-19,49985,Unleaded,VIC,car/14943765/mazda/cx-5/vic/ravenhall/suv,2026-02-27T01:56:26,UNCLASSIFIED,[OUT_OF_SCOPE]
2009,Mazda,3,Maxx,Hatchback,204677,Automatic,2026-01-02,8288,Unleaded,VIC,car/14974600/mazda/3/vic/braybrook/hatchback,2026-02-27T01:56:26,UNCLASSIFIED,[AMBIG_BADGE]
2016,Mazda,CX-9,Touring (Fwd),Wagon,187000,Automatic,2026-03-30,18300,Unleaded,VIC,car/14956419/mazda/cx-9/vic/port-melbourne/suv,2026-02-27T01:56:26,UNCLASSIFIED,[OUT_OF_SCOPE]
2016,Mazda,CX-3,Maxx (Fwd),Wagon,189252,Automatic,2026-02-17,13999,Unleaded,VIC,car/14901849/mazda/cx-3/vic/laverton-north/suv,2026-02-27T01:56:26,UNCLASSIFIED,[OUT_OF_SCOPE]
2007,Mazda,6,Sports,Sedan,268773,Automatic,,7490,Premium,VIC,car/14943481/mazda/6/vic/williamstown-north/sedan,2026-02-27T01:56:26,UNCLASSIFIED,[OUT_OF_SCOPE]
2009,Mazda,CX-7,Luxury (4X4),Wagon,117963,Automatic,2026-04-29,10988,Premium,VIC,car/14927186/mazda/cx-7/vic/braybrook/suv,2026-02-27T01:56:26,UNCLASSIFIED,[OUT_OF_SCOPE]
2021,Mazda,CX-9,Gt Sp (Awd),Wagon,65854,Automatic,2026-03-26,38970,Unleaded,VIC,car/14909416/mazda/cx-9/vic/keysborough/suv,2026-02-27T01:56:26,UNCLASSIFIED,[OUT_OF_SCOPE]
2012,Mazda,3,Sp20 Skyactiv,Hatchback,219000,Automatic,,7999,Unleaded,VIC,car/14985246/mazda/3/vic/northcote/hatchback,2026-02-27T01:56:26,UNCLASSIFIED,[DISALLOWED_VARIANT]
2015,Mazda,6,Touring,Sedan,108017,Automatic,,19990,Unleaded,VIC,car/14941913/mazda/6/vic/elsternwick/sedan,2026-02-27T01:56:26,UNCLASSIFIED,[OUT_OF_SCOPE]
2017,Mazda,CX-5,Maxx Sport (4X2),Wagon,92834,Automatic,2026-06-06,24480,Unleaded,VIC,car/14958682/mazda/cx-5/vic/south-melbourne/suv,2026-02-27T01:56:26,UNCLASSIFIED,[OUT_OF_SCOPE]
2020,Mazda,2,G15 Gt,Hatchback,28500,Automatic,2026-02-24,22490,Unleaded,VIC,car/14846036/mazda/2/vic/port-melbourne/hatchback,2026-02-27T01:56:26,UNCLASSIFIED,[OUT_OF_SCOPE]
2019,Mazda,BT-50,Xt (4X4) (5Yr),Dual Cab Utility,106186,Automatic,,33990,Diesel,VIC,car/14888238/mazda/bt-50/vic/elsternwick/dual-cab,2026-02-27T01:56:26,UNCLASSIFIED,[OUT_OF_SCOPE]
2016,Mazda,3,Sp25,Sedan,113255,Automatic,2026-05-02,19990,Unleaded,VIC,car/14938064/mazda/3/vic/south-melbourne/sedan,2026-02-27T01:56:26,UNCLASSIFIED,[OUT_OF_SCOPE]
2021,Mazda,3,G20 Touring,Sedan,37296,Automatic,,27977,Unleaded,VIC,car/14832879/mazda/3/vic/elsternwick/sedan,2026-02-27T01:56:26,UNCLASSIFIED,[OUT_OF_SCOPE]
2012,Mazda,3,Neo,Hatchback,149530,Automatic,2026-05-15,10999,Unleaded,VIC,car/14965087/mazda/3/vic/sunshine/hatchback,2026-02-27T01:56:26,mazda_3_neo_petrol_auto_hatch_bl,[OK]
2014,Mazda,CX-5,Maxx Sport (4X4),Wagon,142199,Automatic,2026-06-27,15990,Unleaded,VIC,car/14928664/mazda/cx-5/vic/blackburn/suv,2026-02-27T01:56:26,UNCLASSIFIED,[OUT_OF_SCOPE]
2018,Mazda,CX-5,Touring (4X4),Wagon,60323,Automatic,,25990,Unleaded,VIC,car/14939886/mazda/cx-5/vic/laverton-north/suv,2026-02-27T01:56:26,UNCLASSIFIED,[OUT_OF_SCOPE]
2011,Mazda,3,Neo,Hatchback,110100,Automatic,2026-04-07,10990,Unleaded,VIC,car/14928631/mazda/3/vic/mordialloc/hatchback,2026-02-27T01:56:26,mazda_3_neo_petrol_auto_hatch_bl,[OK]
2008,Mazda,2,Genki,Hatchback,140130,Automatic,2026-05-17,7999,Unleaded,VIC,car/14932568/mazda/2/vic/williamstown-north/hatchback,2026-02-27T01:56:26,UNCLASSIFIED,[OUT_OF_SCOPE]
2011,Mazda,3,Sp25,Sedan,220000,Automatic,2026-06-01,8500,Unleaded,VIC,car/14959265/mazda/3/vic/nunawading/sedan,2026-02-27T01:56:26,UNCLASSIFIED,[OUT_OF_SCOPE]
2015,Mazda,CX-5,Maxx Sport (4X2),Wagon,169230,Automatic,2026-01-14,14999,Unleaded,VIC,car/14933486/mazda/cx-5/vic/laverton-north/suv,2026-02-27T01:56:26,UNCLASSIFIED,[OUT_OF_SCOPE]
2015,Mazda,CX-5,Maxx Sport (4X4),Wagon,143000,Automatic,,15999,Diesel,VIC,car/14918962/mazda/cx-5/vic/brooklyn/suv,2026-02-27T01:56:26,UNCLASSIFIED,[OUT_OF_SCOPE]
2012,Mazda,3,Sp25,Hatchback,194008,Manual,2026-03-29,7999,Unleaded,VIC,car/14942630/mazda/3/vic/altona-north/hatchback,2026-02-27T01:56:26,UNCLASSIFIED,[OUT_OF_SCOPE]
2025,Mazda,CX-60,G25 Pure,Wagon,4623,Automatic,2026-05-11,42985,Unleaded,VIC,car/14947331/mazda/cx-60/vic/ravenhall/suv,2026-02-27T01:56:26,UNCLASSIFIED,[OUT_OF_SCOPE]
2019,Mazda,BT-50,Xt (4X2) (5Yr),Freestyle Cab Chassis,198382,Automatic,2026-09-02,18990,Diesel,VIC,car/14970226/mazda/bt-50/vic/blackburn/extra-cab,2026-02-27T01:56:26,UNCLASSIFIED,[OUT_OF_SCOPE]
1990,Mazda,MX-5,,Convertible,65015,Manual,,49888,Unleaded,VIC,car/14871577/mazda/mx-5/vic/laverton-north/convertible,2026-02-27T01:56:26,UNCLASSIFIED,[OUT_OF_SCOPE]
2013,Mazda,6,Gt,Wagon,161867,Automatic,2026-03-07,12490,Diesel,VIC,car/14978328/mazda/6/vic/cranbourne-west/wagon,2026-02-27T01:56:26,UNCLASSIFIED,[OUT_OF_SCOPE]
2012,Mazda,3,Neo,Sedan,142857,Manual,2026-04-10,7990,Unleaded,VIC,car/14927336/mazda/3/vic/thomastown/sedan,2026-02-27T01:56:26,UNCLASSIFIED,[OUT_OF_SCOPE]
2011,Mazda,CX-7,Classic (Fwd),Wagon,172001,Automatic,2026-02-13,7990,Unleaded,VIC,car/14927477/mazda/cx-7/vic/thomastown/suv,2026-02-27T01:56:26,UNCLASSIFIED,[OUT_OF_SCOPE]
2017,Mazda,3,Sp25 Gt,Hatchback,114774,Automatic,,20588,Unleaded,VIC,car/14922590/mazda/3/vic/oakleigh/hatchback,2026-02-27T01:56:26,UNCLASSIFIED,[DISALLOWED_VARIANT]
2014,Mazda,3,Neo,Sedan,76361,Manual,,13990,Unleaded,VIC,car/14929151/mazda/3/vic/nunawading/sedan,2026-02-27T01:56:26,UNCLASSIFIED,[OUT_OF_SCOPE]
2017,Mazda,3,Maxx,Hatchback,130460,Automatic,,16900,Unleaded,VIC,car/14965954/mazda/3/vic/cheltenham/hatchback,2026-02-27T01:56:26,UNCLASSIFIED,[AMBIG_BADGE]
2022,Mazda,CX-9,Gt Sp (Fwd),Wagon,83930,Automatic,2026-02-05,37990,Unleaded,VIC,car/14843721/mazda/cx-9/vic/altona-north/suv,2026-02-27T01:56:26,UNCLASSIFIED,[OUT_OF_SCOPE]
2002,Mazda,323,Astina,Hatchback,277999,Automatic,2026-01-28,5988,Unleaded,VIC,car/14927394/mazda/323/vic/braybrook/hatchback,2026-02-27T01:56:26,UNCLASSIFIED,[OUT_OF_SCOPE]
2024,Mazda,CX-5,G20 Maxx (Fwd),Wagon,44774,Automatic,,33990,Unleaded,VIC,car/14956921/mazda/cx-5/vic/elsternwick/suv,2026-02-27T01:56:26,UNCLASSIFIED,[OUT_OF_SCOPE]
2024,Mazda,CX-5,G25 Maxx Sport (Fwd),Wagon,9181,Automatic,,37990,Unleaded,VIC,car/14954723/mazda/cx-5/vic/south-melbourne/suv,2026-02-27T01:56:26,UNCLASSIFIED,[OUT_OF_SCOPE]
2018,Mazda,3,Maxx Sport,Hatchback,94465,Automatic,2026-05-01,21990,Unleaded,VIC,car/14936078/mazda/3/vic/preston/hatchback,2026-02-27T01:56:26,UNCLASSIFIED,[OUT_OF_SCOPE_YEAR]
2017,Mazda,CX-3,S Touring (Fwd),Wagon,124000,Automatic,2026-09-13,18990,Unleaded,VIC,car/14935265/mazda/cx-3/vic/preston/suv,2026-02-27T01:56:26,UNCLASSIFIED,[OUT_OF_SCOPE]
2023,Mazda,CX-8,G25 Sport (Fwd),Wagon,17700,Automatic,2026-03-12,39490,Unleaded,VIC,car/14958318/mazda/cx-8/vic/port-melbourne/suv,2026-02-27T01:56:26,UNCLASSIFIED,[OUT_OF_SCOPE]
2023,Mazda,CX-3,Maxx Sport (Fwd),Wagon,45826,Manual,2026-04-21,25990,Unleaded,VIC,car/14958681/mazda/cx-3/vic/south-melbourne/suv,2026-02-27T01:56:26,UNCLASSIFIED,[OUT_OF_SCOPE]
2024,Mazda,6,G35 Gt Sp,Sedan,2659,Automatic,2026-06-23,47895,Unleaded,VIC,car/14962347/mazda/6/vic/burwood/sedan,2026-02-27T01:56:26,UNCLASSIFIED,[OUT_OF_SCOPE]
2016,Mazda,3,Maxx,Hatchback,184238,Manual,2026-08-25,12555,Unleaded,VIC,car/14923177/mazda/3/vic/burwood/hatchback,2026-02-27T01:56:26,UNCLASSIFIED,[OUT_OF_SCOPE]
2022,Mazda,BT-50,Xs (4X2),Dual Cab Pick-up,106353,Automatic,,32990,Diesel,VIC,car/14902716/mazda/bt-50/vic/coburg-north/dual-cab,2026-02-27T01:56:26,UNCLASSIFIED,[OUT_OF_SCOPE]
2017,Mazda,CX-5,Gt (4X4),Wagon,90979,Automatic,2026-11-13,26470,Unleaded,VIC,car/14917454/mazda/cx-5/vic/keysborough/suv,2026-02-27T01:56:26,UNCLASSIFIED,[OUT_OF_SCOPE]
2010,Mazda,3,Neo,Hatchback,191000,Automatic,,8500,Unleaded,VIC,car/14881898/mazda/3/vic/nunawading/hatchback,2026-02-27T01:56:26,mazda_3_neo_petrol_auto_hatch_bl,[OK]
2021,Mazda,CX-5,Maxx Sport (Fwd),Wagon,56868,Automatic,,27690,Unleaded,VIC,car/14940149/mazda/cx-5/vic/laverton-north/suv,2026-02-27T01:56:26,UNCLASSIFIED,[OUT_OF_SCOPE]
2016,Mazda,CX-3,Neo (Fwd),Wagon,106708,Automatic,2026-05-09,17999,Unleaded,VIC,car/14881244/mazda/cx-3/vic/laverton-north/suv,2026-02-27T01:56:26,UNCLASSIFIED,[OUT_OF_SCOPE]
2017,Mazda,MX-5,Roadster Gt,Convertible,35937,Automatic,2026-10-27,35750,Premium,VIC,car/14893016/mazda/mx-5/vic/burwood/convertible,2026-02-27T01:56:26,UNCLASSIFIED,[OUT_OF_SCOPE]
2016,Mazda,CX-3,Maxx (Fwd),Wagon,69559,Automatic,2026-04-01,19888,Unleaded,VIC,car/14895056/mazda/cx-3/vic/mitcham/suv,2026-02-27T01:56:26,UNCLASSIFIED,[OUT_OF_SCOPE]
2019,Mazda,CX-5,Touring (4X4),Wagon,66626,Automatic,2026-02-28,28990,Unleaded,VIC,car/14839142/mazda/cx-5/vic/ferntree-gully/suv,2026-02-27T01:56:26,UNCLASSIFIED,[OUT_OF_SCOPE]
2011,Mazda,3,Sp20 Skyactiv,Sedan,129000,Automatic,2026-12-14,11250,Unleaded,VIC,car/14965681/mazda/3/vic/nunawading/sedan,2026-02-27T01:56:26,UNCLASSIFIED,[OUT_OF_SCOPE]
2015,Mazda,3,Sp25 Gt,Sedan,203836,Manual,2026-04-29,10990,Unleaded,VIC,car/14961094/mazda/3/vic/brighton/sedan,2026-02-27T01:56:26,UNCLASSIFIED,[OUT_OF_SCOPE]
2015,Mazda,2,Genki,Hatchback,82967,Automatic,2026-09-30,17990,Unleaded,VIC,car/14868968/mazda/2/vic/bentleigh/hatchback,2026-02-27T01:56:26,UNCLASSIFIED,[OUT_OF_SCOPE]
2019,Mazda,3,G25 Evolve,Sedan,64856,Manual,,24990,Unleaded,VIC,car/14826791/mazda/3/vic/coburg-north/sedan,2026-02-27T01:56:26,UNCLASSIFIED,[OUT_OF_SCOPE]
2014,Mazda,2,Neo Sport,Hatchback,172611,Manual,2026-12-10,7990,Unleaded,VIC,car/14947728/mazda/2/vic/brighton/hatchback,2026-02-27T01:56:26,UNCLASSIFIED,[OUT_OF_SCOPE]
2025,Mazda,CX-80,G40E Azami,Wagon,11024,Automatic,2026-06-07,67990,Premium,VIC,car/14894007/mazda/cx-80/vic/brighton/suv,2026-02-27T01:56:26,UNCLASSIFIED,[OUT_OF_SCOPE]
2015,Mazda,BT-50,Xt (4X2),Cab Chassis,254347,Automatic,2026-04-10,12999,Diesel,VIC,car/14949192/mazda/bt-50/vic/avondale-heights/single-cab,2026-02-27T01:56:26,UNCLASSIFIED,[OUT_OF_SCOPE]
2019,Mazda,CX-9,Gt (Fwd),Wagon,84550,Automatic,,30490,Unleaded,VIC,car/14871382/mazda/cx-9/vic/laverton-north/suv,2026-02-27T01:56:26,UNCLASSIFIED,[OUT_OF_SCOPE]
2020,Mazda,CX-5,MAXX SPORT (4X2),SUV,88450,Automatic,2026-02-24,25990,Unleaded,VIC,car/14977223/mazda/cx-5/vic/tullamarine/suv,2026-02-27T01:56:26,UNCLASSIFIED,[OUT_OF_SCOPE]
2018,Mazda,6,Atenza,Sedan,118645,Automatic,2026-04-17,25000,Unleaded,VIC,car/14962574/mazda/6/vic/burwood/sedan,2026-02-27T01:56:26,UNCLASSIFIED,[OUT_OF_SCOPE]
2020,Mazda,CX-9,Azami (Awd),Wagon,66911,Automatic,2026-07-08,40990,Unleaded,VIC,car/14959942/mazda/cx-9/vic/melbourne/suv,2026-02-27T01:56:26,UNCLASSIFIED,[OUT_OF_SCOPE]
2023,Mazda,CX-60,P50E Evolve Phev,Wagon,38902,Automatic,2026-12-15,46990,Hybrid,VIC,car/14852155/mazda/cx-60/vic/south-melbourne/suv,2026-02-27T01:56:26,UNCLASSIFIED,[OUT_OF_SCOPE]
2023,Mazda,3,G25 Astina,Sedan,36242,Automatic,,34880,Unleaded,VIC,car/14960185/mazda/3/vic/melbourne/sedan,2026-02-27T01:56:26,UNCLASSIFIED,[OUT_OF_SCOPE]
2022,Mazda,CX-3,Maxx Sport Le (Fwd),Wagon,20787,Automatic,2026-05-30,28990,Unleaded,VIC,car/14927252/mazda/cx-3/vic/south-melbourne/suv,2026-02-27T01:56:26,UNCLASSIFIED,[OUT_OF_SCOPE]
2023,Mazda,CX-60,P50E Gt Vision Phev,Wagon,13122,Automatic,2026-12-15,53990,Hybrid,VIC,car/14921811/mazda/cx-60/vic/south-melbourne/suv,2026-02-27T01:56:26,UNCLASSIFIED,[OUT_OF_SCOPE]
2023,Mazda,CX-5,G25 Maxx Sport (Fwd),Wagon,46926,Automatic,,33880,Unleaded,VIC,car/14960186/mazda/cx-5/vic/melbourne/suv,2026-02-27T01:56:26,UNCLASSIFIED,[OUT_OF_SCOPE]
2022,Mazda,6,Sport,Wagon,116072,Automatic,2026-05-03,24980,Unleaded,VIC,car/14836752/mazda/6/vic/laverton-north/wagon,2026-02-27T01:56:26,UNCLASSIFIED,[OUT_OF_SCOPE]
2024,Mazda,MX-5,G20 Roadster Gt,Convertible,3805,Manual,2026-02-18,49450,Premium,VIC,car/14932980/mazda/mx-5/vic/brighton/convertible,2026-02-27T01:56:26,UNCLASSIFIED,[OUT_OF_SCOPE]
2011,Mazda,CX-7,Luxury Sports (4X4),Wagon,154807,Automatic,2026-04-20,11999,Unleaded,VIC,car/14954166/mazda/cx-7/vic/deer-park/suv,2026-02-27T01:56:26,UNCLASSIFIED,[OUT_OF_SCOPE]
2025,Mazda,3,G20 Touring Vision,Hatchback,4190,Automatic,2026-08-26,37985,Unleaded,VIC,car/14947310/mazda/3/vic/ravenhall/hatchback,2026-02-27T01:56:26,UNCLASSIFIED,[AMBIG_BADGE]
2018,Mazda,CX-9,Azami (Fwd),Wagon,140917,Automatic,,24190,Unleaded,VIC,car/14912095/mazda/cx-9/vic/laverton-north/suv,2026-02-27T01:56:26,UNCLASSIFIED,[OUT_OF_SCOPE]
2016,Mazda,CX-5,Maxx Sport (4X2),Wagon,89667,Automatic,2026-05-18,23888,Unleaded,VIC,car/14970716/mazda/cx-5/vic/deer-park/suv,2026-02-27T01:56:26,UNCLASSIFIED,[OUT_OF_SCOPE]
2016,Mazda,CX-3,Maxx (Fwd),Wagon,142059,Automatic,2026-04-20,16990,Unleaded,VIC,car/14959364/mazda/cx-3/vic/moorabbin/suv,2026-02-27T01:56:26,UNCLASSIFIED,[OUT_OF_SCOPE]
2013,Mazda,CX-5,Maxx Sport (4X4),Wagon,133229,Automatic,2026-02-10,16490,Diesel,VIC,car/14956138/mazda/cx-5/vic/bentleigh/suv,2026-02-27T01:56:26,UNCLASSIFIED,[OUT_OF_SCOPE]
2014,Mazda,3,Neo,Hatchback,63930,Automatic,2026-06-27,17765,Unleaded,VIC,car/14953669/mazda/3/vic/burwood/hatchback,2026-02-27T01:56:26,UNCLASSIFIED,[OUT_OF_SCOPE_YEAR]
2025,Mazda,Mazda2,G15 Gt,Hatchback,2026,Automatic,2026-06-22,28985,Unleaded,VIC,car/14903113/mazda/mazda2/vic/ravenhall/hatchback,2026-02-27T01:56:26,UNCLASSIFIED,[OUT_OF_SCOPE]
2014,Mazda,3,Sp25,Sedan,141758,Automatic,2026-05-13,16980,Unleaded,VIC,car/14922163/mazda/3/vic/blackburn/sedan,2026-02-27T01:56:26,UNCLASSIFIED,[OUT_OF_SCOPE]
2018,Mazda,CX-5,Maxx Sport (4X2),Wagon,63218,Automatic,,25788,Unleaded,VIC,car/14919369/mazda/cx-5/vic/airport-west/suv,2026-02-27T01:56:26,UNCLASSIFIED,[OUT_OF_SCOPE]
2025,Mazda,CX-90,G50E Touring,Wagon,8149,Automatic,2026-04-29,72990,Premium,VIC,car/14906585/mazda/cx-90/vic/brighton/suv,2026-02-27T01:56:26,UNCLASSIFIED,[OUT_OF_SCOPE]
2021,Mazda,CX-5,Maxx Sport (Fwd),Wagon,36906,Automatic,2026-03-19,29998,Unleaded,VIC,car/14967230/mazda/cx-5/vic/airport-west/suv,2026-02-27T01:56:26,UNCLASSIFIED,[OUT_OF_SCOPE]
2017,Mazda,2,Neo,Hatchback,76815,Automatic,2026-09-14,16777,Unleaded,VIC,car/14974795/mazda/2/vic/heidelberg/hatchback,2026-02-27T01:56:26,UNCLASSIFIED,[OUT_OF_SCOPE]
2023,Mazda,CX-30,G25 Astina (Fwd),Wagon,23151,Automatic,2026-04-12,39795,Unleaded,VIC,car/14860686/mazda/cx-30/vic/ravenhall/suv,2026-02-27T01:56:26,UNCLASSIFIED,[OUT_OF_SCOPE]
2017,Mazda,2,Neo,Sedan,81762,Automatic,,15690,Unleaded,VIC,car/14953312/mazda/2/vic/laverton-north/sedan,2026-02-27T01:56:26,UNCLASSIFIED,[OUT_OF_SCOPE]
2017,Mazda,CX-3,Maxx (Fwd),Wagon,89607,Automatic,2026-09-21,21935,Unleaded,VIC,car/14897560/mazda/cx-3/vic/burwood/suv,2026-02-27T01:56:26,UNCLASSIFIED,[OUT_OF_SCOPE]
2017,Mazda,Mazda3,NEO,Hatch,73190,,2026-02-10,17490,Other,VIC,car/14831494/mazda/mazda3/vic/ravenhall/hatchback,2026-02-27T01:56:26,UNCLASSIFIED,[AMBIG_FUEL]
2017,Mazda,CX-5,Gt (4X4),Wagon,55967,Automatic,2026-12-22,29990,Unleaded,VIC,car/14960767/mazda/cx-5/vic/brighton/suv,2026-02-27T01:56:26,UNCLASSIFIED,[OUT_OF_SCOPE]
2021,Mazda,CX-8,Touring Sp (Awd),Wagon,92551,Automatic,2026-10-19,33888,Diesel,VIC,car/14955567/mazda/cx-8/vic/tottenham/suv,2026-02-27T01:56:26,UNCLASSIFIED,[OUT_OF_SCOPE]
2024,Mazda,CX-5,G20 Maxx (Fwd),Wagon,46156,Automatic,,33990,Unleaded,VIC,car/14956922/mazda/cx-5/vic/elsternwick/suv,2026-02-27T01:56:26,UNCLASSIFIED,[OUT_OF_SCOPE]
2018,Mazda,3,Maxx Sport,Hatchback,79298,Automatic,2026-04-21,22990,Unleaded,VIC,car/14934694/mazda/3/vic/south-melbourne/hatchback,2026-02-27T01:56:26,UNCLASSIFIED,[OUT_OF_SCOPE_YEAR]
2018,Mazda,2,Neo (5Yr),Hatchback,18590,Automatic,2026-06-27,20880,Unleaded,VIC,car/14932552/mazda/2/vic/south-melbourne/hatchback,2026-02-27T01:56:26,UNCLASSIFIED,[OUT_OF_SCOPE]
2023,Mazda,CX-3,Akari Le (Awd),Wagon,35650,Automatic,2026-05-05,33550,Unleaded,VIC,car/14960181/mazda/cx-3/vic/melbourne/suv,2026-02-27T01:56:26,UNCLASSIFIED,[OUT_OF_SCOPE]
2019,Mazda,3,G20 Pure,Sedan,21700,Automatic,,25990,Unleaded,VIC,car/14960616/mazda/3/vic/maidstone/sedan,2026-02-27T01:56:26,UNCLASSIFIED,[OUT_OF_SCOPE]
2024,Mazda,CX-5,G20 Maxx (Fwd),Wagon,58290,Automatic,,31950,Unleaded,VIC,car/14978128/mazda/cx-5/vic/moorabbin/suv,2026-02-27T01:56:26,UNCLASSIFIED,[OUT_OF_SCOPE]
2024,Mazda,CX-30,G20 Touring (Fwd),Wagon,9459,Automatic,2026-08-28,35480,Unleaded,VIC,car/14977046/mazda/cx-30/vic/burwood/suv,2026-02-27T01:56:26,UNCLASSIFIED,[OUT_OF_SCOPE]
2023,Mazda,CX-60,P50E Azami Phev,Wagon,25931,Automatic,2026-12-05,51777,Hybrid,VIC,car/14978702/mazda/cx-60/vic/heidelberg/suv,2026-02-27T01:56:26,UNCLASSIFIED,[OUT_OF_SCOPE]
2009,Mazda,6,Classic,Wagon,252555,Automatic,2025-11-08,5999,Unleaded,VIC,car/14481482/mazda/6/vic/hoppers-crossing/wagon,2026-02-27T01:56:26,UNCLASSIFIED,[OUT_OF_SCOPE]
2013,Mazda,BT-50,Xtr (4X4),Dual Cab Utility,199536,Automatic,2026-04-05,19999,Diesel,VIC,car/14977349/mazda/bt-50/vic/deer-park/dual-cab,2026-02-27T01:56:26,UNCLASSIFIED,[OUT_OF_SCOPE]
2009,Mazda,3,Neo,Sedan,186654,Manual,,6990,Unleaded,VIC,car/14975719/mazda/3/vic/thomastown/sedan,2026-02-27T01:56:26,UNCLASSIFIED,[OUT_OF_SCOPE]
2024,Mazda,CX-30,G20 Evolve (Fwd),Wagon,7999,Automatic,2026-02-17,35490,Unleaded,VIC,car/14766134/mazda/cx-30/vic/brighton/suv,2026-02-27T01:56:26,UNCLASSIFIED,[OUT_OF_SCOPE]
2018,Mazda,CX-5,Touring (4X4),Wagon,80000,Automatic,2026-03-01,28990,Unleaded,VIC,car/14976998/mazda/cx-5/vic/brighton/suv,2026-02-27T01:56:26,UNCLASSIFIED,[OUT_OF_SCOPE]
2024,Mazda,2,G15 Pure,Hatchback,10573,Automatic,,22590,Unleaded,VIC,car/14978696/mazda/2/vic/laverton-north/hatchback,2026-02-27T01:56:26,UNCLASSIFIED,[OUT_OF_SCOPE]
2006,Mazda,3,Sp23,Hatchback,181971,Manual,2025-11-29,6990,Unleaded,VIC,car/14656433/mazda/3/vic/dandenong/hatchback,2026-02-27T01:56:26,UNCLASSIFIED,[OUT_OF_SCOPE]
2019,Mazda,6,Atenza,Sedan,76055,Automatic,2026-05-28,28990,Unleaded,VIC,car/14978049/mazda/6/vic/camberwell/sedan,2026-02-27T01:56:26,UNCLASSIFIED,[OUT_OF_SCOPE]
2016,Mazda,6,Sport,Sedan,109060,Automatic,2026-05-19,19450,Unleaded,VIC,car/14888309/mazda/6/vic/burwood/sedan,2026-02-27T01:56:26,UNCLASSIFIED,[OUT_OF_SCOPE]
2019,Mazda,BT-50,Xt (4X4) (5Yr),Dual Cab Chassis,120000,Automatic,2025-12-20,34990,Diesel,VIC,car/14809756/mazda/bt-50/vic/tullamarine/dual-cab,2026-02-27T01:56:26,UNCLASSIFIED,[OUT_OF_SCOPE]
2024,Mazda,CX-3,G20 Sport,Wagon,2191,Automatic,2026-04-22,27990,Unleaded,VIC,car/14960660/mazda/cx-3/vic/airport-west/suv,2026-02-27T01:56:26,UNCLASSIFIED,[OUT_OF_SCOPE]
2008,Mazda,2,Neo,Hatchback,245000,Automatic,,9499,Unleaded,VIC,car/14895797/mazda/2/vic/brooklyn/hatchback,2026-02-27T01:56:26,UNCLASSIFIED,[OUT_OF_SCOPE]
2025,Mazda,CX-3,G20 Pure,Wagon,4429,Automatic,2026-05-06,29985,Unleaded,VIC,car/14944265/mazda/cx-3/vic/ravenhall/suv,2026-02-27T01:56:26,UNCLASSIFIED,[OUT_OF_SCOPE]
2025,Mazda,CX-5,G35 Gt Sp Turbo (Awd),Wagon,14252,Automatic,2026-04-11,51990,Unleaded,VIC,car/14973723/mazda/cx-5/vic/brighton/suv,2026-02-27T01:56:26,UNCLASSIFIED,[OUT_OF_SCOPE]
2020,Mazda,3,G25 Evolve,Sedan,100480,Automatic,2026-04-20,23999,Unleaded,VIC,car/14911933/mazda/3/vic/tullamarine/sedan,2026-02-27T01:56:26,UNCLASSIFIED,[OUT_OF_SCOPE]
2025,Mazda,CX-3,G20 Evolve,Wagon,3010,Automatic,2026-05-11,31985,Unleaded,VIC,car/14943722/mazda/cx-3/vic/ravenhall/suv,2026-02-27T01:56:26,UNCLASSIFIED,[OUT_OF_SCOPE]
2013,Mazda,CX-5,Maxx Sport (4X4),Wagon,79590,Automatic,2026-05-28,18990,Unleaded,VIC,car/14947474/mazda/cx-5/vic/brighton/suv,2026-02-27T01:56:26,UNCLASSIFIED,[OUT_OF_SCOPE]
2020,Mazda,BT-50,Xtr (4X4) (5Yr),Dual Cab Utility,160000,Automatic,2026-02-19,34990,Diesel,VIC,car/14928026/mazda/bt-50/vic/tullamarine/dual-cab,2026-02-27T01:56:26,UNCLASSIFIED,[OUT_OF_SCOPE]
2017,Mazda,3,Maxx,Sedan,74506,Automatic,,19999,Unleaded,VIC,car/14955603/mazda/3/vic/oakleigh/sedan,2026-02-27T01:56:26,UNCLASSIFIED,[OUT_OF_SCOPE]
2020,Mazda,CX-8,Asaki (Awd),Wagon,63176,Automatic,2026-04-14,35777,Diesel,VIC,car/14916245/mazda/cx-8/vic/heidelberg/suv,2026-02-27T01:56:26,UNCLASSIFIED,[OUT_OF_SCOPE]
2014,Mazda,3,Sp25 Astina,Hatchback,122810,Automatic,2026-04-14,19490,Unleaded,VIC,car/14850603/mazda/3/vic/camberwell/hatchback,2026-02-27T01:56:26,UNCLASSIFIED,[DISALLOWED_VARIANT]
2024,Mazda,CX-5,G20 Maxx (Fwd),Wagon,27025,Automatic,,30390,Unleaded,VIC,car/14881102/mazda/cx-5/vic/laverton-north/suv,2026-02-27T01:56:26,UNCLASSIFIED,[OUT_OF_SCOPE]
2018,Mazda,BT-50,Xtr (4X4),Dual Cab Utility,129146,Automatic,2026-05-15,32990,Diesel,VIC,car/14864754/mazda/bt-50/vic/bentleigh/dual-cab,2026-02-27T01:56:26,UNCLASSIFIED,[OUT_OF_SCOPE]
2016,Mazda,3,Maxx,Hatchback,120849,Automatic,2026-04-30,17765,Unleaded,VIC,car/14982450/mazda/3/vic/burwood/hatchback,2026-02-27T01:56:26,UNCLASSIFIED,[AMBIG_BADGE]
2017,Mazda,CX-5,Gt (4X4),Wagon,103976,Automatic,2026-11-23,24990,Unleaded,VIC,car/14978732/mazda/cx-5/vic/nunawading/suv,2026-02-27T01:56:26,UNCLASSIFIED,[OUT_OF_SCOPE]
2022,Mazda,CX-5,Gt (Awd),Wagon,46510,Automatic,2026-10-06,34998,Unleaded,VIC,car/14979483/mazda/cx-5/vic/airport-west/suv,2026-02-27T01:56:26,UNCLASSIFIED,[OUT_OF_SCOPE]
2012,Mazda,6,Touring,Wagon,241172,Automatic,,10999,Unleaded,VIC,car/12708242/mazda/6/vic/west-footscray/wagon,2026-02-27T01:56:26,UNCLASSIFIED,[OUT_OF_SCOPE]
2025,Mazda,Mazda2,G15 Gt,Sedan,2766,Automatic,2026-09-12,29490,Unleaded,VIC,car/14979864/mazda/mazda2/vic/brighton/sedan,2026-02-27T01:56:26,UNCLASSIFIED,[OUT_OF_SCOPE]
2018,Mazda,2,Maxx,Hatchback,50624,Automatic,2026-04-06,19969,Unleaded,VIC,car/14981350/mazda/2/vic/tullamarine/hatchback,2026-02-27T01:56:26,UNCLASSIFIED,[OUT_OF_SCOPE]
2009,Mazda,3,Sp25,Sedan,219112,Manual,,5999,Unleaded,VIC,car/14467137/mazda/3/vic/hoppers-crossing/sedan,2026-02-27T01:56:26,UNCLASSIFIED,[OUT_OF_SCOPE]
2024,Mazda,CX-5,G25 Maxx Sport (Fwd),Wagon,47979,Automatic,2026-05-16,33950,Unleaded,VIC,car/14978673/mazda/cx-5/vic/moorabbin/suv,2026-02-27T01:56:26,UNCLASSIFIED,[OUT_OF_SCOPE]
2022,Mazda,CX-9,Touring (Fwd),Wagon,77153,Automatic,2027-01-31,39990,Unleaded,VIC,car/14979318/mazda/cx-9/vic/brighton/suv,2026-02-27T01:56:26,UNCLASSIFIED,[OUT_OF_SCOPE]
2018,Mazda,CX-9,Gt (Awd),Wagon,68495,Automatic,2026-02-14,34998,Unleaded,VIC,car/14816020/mazda/cx-9/vic/airport-west/suv,2026-02-27T01:56:26,UNCLASSIFIED,[OUT_OF_SCOPE]
2025,Mazda,Mazda2,G15 Gt,Sedan,5010,Automatic,2026-08-05,28990,Unleaded,VIC,car/14979817/mazda/mazda2/vic/brighton/sedan,2026-02-27T01:56:26,UNCLASSIFIED,[OUT_OF_SCOPE]
2014,Mazda,CX-9,Luxury (Fwd),Wagon,218065,Automatic,2026-10-03,13999,Unleaded,VIC,car/14978728/mazda/cx-9/vic/ravenhall/suv,2026-02-27T01:56:26,UNCLASSIFIED,[OUT_OF_SCOPE]
2009,Mazda,3,Maxx,Sedan,215414,Manual,2025-10-14,5190,Unleaded,VIC,car/14642878/mazda/3/vic/west-footscray/sedan,2026-02-27T01:56:26,UNCLASSIFIED,[OUT_OF_SCOPE]
2014,Mazda,BT-50,Xtr (4X4),Dual Cab Utility,286840,Automatic,2026-07-27,18999,Diesel,VIC,car/14979215/mazda/bt-50/vic/williamstown-north/dual-cab,2026-02-27T01:56:26,UNCLASSIFIED,[OUT_OF_SCOPE]
2018,Mazda,2,Maxx (5Yr),Hatchback,140440,Automatic,2026-02-17,15990,Unleaded,VIC,car/14809514/mazda/2/vic/williamstown-north/hatchback,2026-02-27T01:56:26,UNCLASSIFIED,[OUT_OF_SCOPE]
2021,Mazda,BT-50,Xt (4X2),Dual Cab Pick-up,82769,Automatic,2026-07-14,32980,Diesel,VIC,car/14981275/mazda/bt-50/vic/laverton-north/dual-cab,2026-02-27T01:56:26,UNCLASSIFIED,[OUT_OF_SCOPE]
2021,Mazda,3,G20 Pure,Sedan,30945,Automatic,2026-07-08,27990,Unleaded,VIC,car/14981425/mazda/3/vic/camberwell/sedan,2026-02-27T01:56:26,UNCLASSIFIED,[OUT_OF_SCOPE]
2024,Mazda,CX-30,G20 Evolve (Fwd),Wagon,9769,Automatic,2026-06-13,33489,Unleaded,VIC,car/14629477/mazda/cx-30/vic/brighton/suv,2026-02-27T01:56:26,UNCLASSIFIED,[OUT_OF_SCOPE]
2021,Mazda,2,G15 Gt,Sedan,75594,Automatic,2026-12-07,19997,Unleaded,VIC,car/14979848/mazda/2/vic/bundoora/sedan,2026-02-27T01:56:26,UNCLASSIFIED,[OUT_OF_SCOPE]
2014,Mazda,CX-5,Akera (4X4),Wagon,84800,Automatic,2026-03-30,23890,Unleaded,VIC,car/14980210/mazda/cx-5/vic/essendon-fields/suv,2026-02-27T01:56:26,UNCLASSIFIED,[OUT_OF_SCOPE]
2014,Mazda,3,Maxx,Hatchback,46174,Automatic,2027-01-21,18810,Unleaded,VIC,car/14984554/mazda/3/vic/burwood/hatchback,2026-02-27T01:56:26,UNCLASSIFIED,[AMBIG_BADGE]
2011,Mazda,3,Neo,Sedan,67522,Manual,2026-05-12,8990,Unleaded,VIC,car/14985151/mazda/3/vic/thomastown/sedan,2026-02-27T01:56:26,UNCLASSIFIED,[OUT_OF_SCOPE]
2025,Mazda,Mazda3,G20 Pure,Hatchback,4607,Automatic,2026-04-04,32490,Unleaded,VIC,car/14766424/mazda/mazda3/vic/brighton/hatchback,2026-02-27T01:56:26,UNCLASSIFIED,[AMBIG_BADGE]
2017,Mazda,CX-5,Gt (4X4),Wagon,121715,Automatic,,22790,Unleaded,VIC,car/14984652/mazda/cx-5/vic/laverton-north/suv,2026-02-27T01:56:26,UNCLASSIFIED,[OUT_OF_SCOPE]
2011,Mazda,3,Neo,Sedan,200212,Automatic,2026-05-24,8990,Unleaded,VIC,car/14985144/mazda/3/vic/thomastown/sedan,2026-02-27T01:56:26,UNCLASSIFIED,[OUT_OF_SCOPE]
2017,Mazda,CX-5,AKERA,SUV,220000,,2026-02-08,15490,Other,VIC,car/14447916/mazda/cx-5/vic/ravenhall/suv,2026-02-27T01:56:26,UNCLASSIFIED,[OUT_OF_SCOPE]
2023,Mazda,CX-5,G25 Maxx Sport (Fwd),Wagon,62289,Automatic,,31990,Unleaded,VIC,car/14982383/mazda/cx-5/vic/coburg-north/suv,2026-02-27T01:56:26,UNCLASSIFIED,[OUT_OF_SCOPE]
2024,Mazda,3,G25 Evolve Sp,Sedan,7337,Automatic,2026-05-05,36990,Unleaded,VIC,car/14979993/mazda/3/vic/brighton/sedan,2026-02-27T01:56:26,UNCLASSIFIED,[OUT_OF_SCOPE]
2017,Mazda,BT-50,Xtr (4X4),Freestyle Utility,187848,Automatic,2026-06-08,26888,Diesel,VIC,car/14417790/mazda/bt-50/vic/ringwood/extra-cab,2026-02-27T01:56:26,UNCLASSIFIED,[OUT_OF_SCOPE]
2024,Mazda,2,G15 Pure,Sedan,6354,Automatic,2026-01-29,28990,Unleaded,VIC,car/14979997/mazda/2/vic/brighton/sedan,2026-02-27T01:56:26,UNCLASSIFIED,[OUT_OF_SCOPE]
2025,Mazda,Mazda2,G15 Evolve,Hatchback,6009,Automatic,2026-08-14,26990,Unleaded,VIC,car/14979988/mazda/mazda2/vic/brighton/hatchback,2026-02-27T01:56:26,UNCLASSIFIED,[OUT_OF_SCOPE]
2016,Mazda,6,Atenza,Wagon,112799,Automatic,,19990,Diesel,VIC,car/14764134/mazda/6/vic/oakleigh-south/wagon,2026-02-27T01:56:26,UNCLASSIFIED,[OUT_OF_SCOPE]
2025,Mazda,3,G25 Evolve Sp Vision,Hatchback,4543,Automatic,2026-09-25,37990,Unleaded,VIC,car/14980027/mazda/3/vic/brighton/hatchback,2026-02-27T01:56:26,UNCLASSIFIED,[AMBIG_BADGE]
2023,Mazda,CX-90,D50E Touring Mhev,Wagon,55641,Automatic,2026-04-05,56320,Diesel,VIC,car/14984881/mazda/cx-90/vic/burwood/suv,2026-02-27T01:56:26,UNCLASSIFIED,[OUT_OF_SCOPE]
2025,Mazda,CX-80,G40E Pure,Wagon,8625,Automatic,2026-05-25,49490,Premium,VIC,car/14819284/mazda/cx-80/vic/brighton/suv,2026-02-27T01:56:26,UNCLASSIFIED,[OUT_OF_SCOPE]
2021,Mazda,CX-5,Akera (Awd),Wagon,49030,Automatic,,34998,Unleaded,VIC,car/14983126/mazda/cx-5/vic/airport-west/suv,2026-02-27T01:56:26,UNCLASSIFIED,[OUT_OF_SCOPE]
2012,Mazda,2,Neo,Hatchback,96075,Automatic,2026-05-21,8990,Unleaded,VIC,car/14982888/mazda/2/vic/oakleigh-south/hatchback,2026-02-27T01:56:26,UNCLASSIFIED,[OUT_OF_SCOPE]
2019,Mazda,BT-50,Xt (4X2) (5Yr),Cab Chassis,278351,Manual,2026-05-12,15690,Diesel,VIC,car/14775511/mazda/bt-50/vic/bayswater/single-cab,2026-02-27T01:56:26,UNCLASSIFIED,[OUT_OF_SCOPE]
2023,Mazda,CX-5,Touring Active (Awd),Wagon,19125,Automatic,2026-02-28,38605,Unleaded,VIC,car/14982455/mazda/cx-5/vic/burwood/suv,2026-02-27T01:56:26,UNCLASSIFIED,[OUT_OF_SCOPE]
2022,Mazda,3,G25 Astina,Hatchback,46398,Automatic,2026-04-28,34777,Unleaded,VIC,car/14963789/mazda/3/vic/heidelberg/hatchback,2026-02-27T01:56:26,UNCLASSIFIED,[AMBIG_BADGE]
2014,Mazda,6,Touring,Sedan,121343,Automatic,2026-06-10,17777,Unleaded,VIC,car/14953710/mazda/6/vic/heidelberg/sedan,2026-02-27T01:56:26,UNCLASSIFIED,[OUT_OF_SCOPE]
2012,Mazda,6,Touring,Hatchback,278314,Automatic,2026-01-12,8999,Unleaded,VIC,car/14928293/mazda/6/vic/avondale-heights/hatchback,2026-02-27T01:56:26,UNCLASSIFIED,[OUT_OF_SCOPE]
2009,Mazda,CX-7,Luxury (4X4),Wagon,211575,Automatic,2026-04-30,7999,Premium,VIC,car/14061077/mazda/cx-7/vic/avondale-heights/suv,2026-02-27T01:56:26,UNCLASSIFIED,[OUT_OF_SCOPE]
2019,Mazda,CX-5,Akera (4X4),Wagon,107080,Automatic,2026-05-20,29985,Unleaded,VIC,car/14970731/mazda/cx-5/vic/bundoora/suv,2026-02-27T01:56:26,UNCLASSIFIED,[OUT_OF_SCOPE]
2020,Mazda,CX-3,Akari Le (Fwd),Wagon,88155,Automatic,,24788,Unleaded,VIC,car/14986945/mazda/cx-3/vic/airport-west/suv,2026-02-27T01:56:26,UNCLASSIFIED,[OUT_OF_SCOPE]
2022,Mazda,6,Sport,Wagon,66409,Automatic,2026-04-21,32475,Unleaded,VIC,car/14812490/mazda/6/vic/ravenhall/wagon,2026-02-27T01:56:26,UNCLASSIFIED,[OUT_OF_SCOPE]
2017,Mazda,3,Sp25 Gt,Hatchback,33026,Automatic,2026-11-14,24990,Unleaded,VIC,car/14986631/mazda/3/vic/brighton/hatchback,2026-02-27T01:56:26,UNCLASSIFIED,[DISALLOWED_VARIANT]
2025,Mazda,CX-80,G40E Pure,Wagon,3798,Automatic,2026-05-28,52990,Premium,VIC,car/14986654/mazda/cx-80/vic/brighton/suv,2026-02-27T01:56:26,UNCLASSIFIED,[OUT_OF_SCOPE]
2006,Mazda,3,Sp23,Sedan,256998,Automatic,2026-01-23,7888,Unleaded,VIC,car/14658157/mazda/3/vic/werribee/sedan,2026-02-27T01:56:26,UNCLASSIFIED,[OUT_OF_SCOPE]
2022,Mazda,BT-50,Xs (4X2),Dual Cab Pick-up,153448,Automatic,2026-03-22,31490,Diesel,VIC,car/14986340/mazda/bt-50/vic/brighton/dual-cab,2026-02-27T01:56:26,UNCLASSIFIED,[OUT_OF_SCOPE]
2024,Mazda,CX-70,G50E Azami,Wagon,7112,Automatic,2026-06-25,73990,Premium,VIC,car/14985933/mazda/cx-70/vic/brighton/suv,2026-02-27T01:56:26,UNCLASSIFIED,[OUT_OF_SCOPE]
2011,Mazda,3,Neo,Sedan,210348,Automatic,2026-05-29,8499,Unleaded,VIC,car/14364691/mazda/3/vic/altona-north/sedan,2026-02-27T01:56:26,UNCLASSIFIED,[OUT_OF_SCOPE]
2018,Mazda,3,Maxx Sport,Hatchback,72589,Automatic,2026-04-25,22990,Unleaded,VIC,car/14985779/mazda/3/vic/oakleigh/hatchback,2026-02-27T01:56:26,UNCLASSIFIED,[OUT_OF_SCOPE_YEAR]
2025,Mazda,CX-5,G35 Gt Sp Turbo (Awd),Wagon,19305,Automatic,2026-06-30,47990,Unleaded,VIC,car/14985596/mazda/cx-5/vic/brighton/suv,2026-02-27T01:56:26,UNCLASSIFIED,[OUT_OF_SCOPE]
2015,Mazda,3,Sp25 Gt,Hatchback,21091,Automatic,2026-04-27,24888,Unleaded,VIC,car/14487321/mazda/3/vic/ringwood/hatchback,2026-02-27T01:56:26,UNCLASSIFIED,[DISALLOWED_VARIANT]
2025,Mazda,CX-30,G25 Astina (Awd),Wagon,5462,Automatic,2026-08-25,46990,Unleaded,VIC,car/14985487/mazda/cx-30/vic/brighton/suv,2026-02-27T01:56:26,UNCLASSIFIED,[OUT_OF_SCOPE]
2025,Mazda,3,G20 Pure,Hatchback,6795,Automatic,2026-08-14,31990,Unleaded,VIC,car/14985482/mazda/3/vic/brighton/hatchback,2026-02-27T01:56:26,UNCLASSIFIED,[AMBIG_BADGE]
2014,Mazda,CX-5,Maxx (4X2),Wagon,223852,Automatic,,12999,Unleaded,VIC,car/14602259/mazda/cx-5/vic/braybrook/suv,2026-02-27T01:56:26,UNCLASSIFIED,[OUT_OF_SCOPE]
2022,Mazda,3,G25 Astina,Hatchback,71707,Automatic,2026-03-30,32888,Unleaded,VIC,car/14985365/mazda/3/vic/deer-park/hatchback,2026-02-27T01:56:26,UNCLASSIFIED,[AMBIG_BADGE]
2017,Mazda,CX-5,Gt (4X4),Wagon,135975,Automatic,,23999,Diesel,VIC,car/14936227/mazda/cx-5/vic/brooklyn/suv,2026-02-27T01:56:26,UNCLASSIFIED,[OUT_OF_SCOPE]
2024,Mazda,2,G15 Pure,Sedan,2784,Automatic,2026-03-19,25998,Unleaded,VIC,car/14946742/mazda/2/vic/airport-west/sedan,2026-02-27T01:56:26,UNCLASSIFIED,[OUT_OF_SCOPE]
2018,Mazda,CX-5,Gt (4X4),Wagon,67020,Automatic,2026-02-22,29444,Unleaded,VIC,car/14909154/mazda/cx-5/vic/bundoora/suv,2026-02-27T01:56:26,UNCLASSIFIED,[OUT_OF_SCOPE]
2016,Mazda,BT-50,Xtr (4X4),Dual Cab Utility,199990,Automatic,2026-04-04,22990,Diesel,VIC,car/14659513/mazda/bt-50/vic/bayswater/dual-cab,2026-02-27T01:56:26,UNCLASSIFIED,[OUT_OF_SCOPE]
2024,Mazda,BT-50,Xt (4X2),Dual Cab Pick-up,7000,Automatic,2026-03-20,50000,Diesel,VIC,car/14951885/mazda/bt-50/vic/burwood/dual-cab,2026-02-27T01:56:26,UNCLASSIFIED,[OUT_OF_SCOPE]
2024,Mazda,CX-3,G20 Sport,Wagon,11681,Automatic,2026-04-14,27998,Unleaded,VIC,car/14942524/mazda/cx-3/vic/airport-west/suv,2026-02-27T01:56:26,UNCLASSIFIED,[OUT_OF_SCOPE]
2019,Mazda,CX-9,TOURING F,SUV,84527,Automatic,2025-12-07,31985,Unleaded,VIC,car/14703813/mazda/cx-9/vic/ravenhall/suv,2026-02-27T01:56:26,UNCLASSIFIED,[OUT_OF_SCOPE]
2024,Mazda,6,G35 Gt Sp,Sedan,7983,Automatic,2026-03-30,47885,Unleaded,VIC,car/14971316/mazda/6/vic/burwood/sedan,2026-02-27T01:56:26,UNCLASSIFIED,[OUT_OF_SCOPE]
2006,Mazda,3,Maxx,Sedan,217101,Manual,2026-03-09,5999,Unleaded,VIC,car/14928306/mazda/3/vic/avondale-heights/sedan,2026-02-27T01:56:26,UNCLASSIFIED,[OUT_OF_SCOPE]
2012,Mazda,CX-5,Maxx Sport (4X4),Wagon,81233,Automatic,2023-07-27,18999,Diesel,VIC,car/12777560/mazda/cx-5/vic/west-footscray/suv,2026-02-27T01:56:26,UNCLASSIFIED,[OUT_OF_SCOPE]
2015,Mazda,CX-5,Maxx (4X2),Wagon,136013,Automatic,2026-05-28,20000,Unleaded,VIC,car/14964778/mazda/cx-5/vic/burwood/suv,2026-02-27T01:56:26,UNCLASSIFIED,[OUT_OF_SCOPE]
2025,Mazda,CX-3,G20 Pure,Wagon,9280,Automatic,2026-06-30,31990,Unleaded,VIC,car/14964023/mazda/cx-3/vic/brighton/suv,2026-02-27T01:56:26,UNCLASSIFIED,[OUT_OF_SCOPE]
2021,Mazda,CX-8,Gt (Fwd),Wagon,95403,Automatic,2025-12-31,35990,Diesel,VIC,car/14818551/mazda/cx-8/vic/altona-north/suv,2026-02-27T01:56:26,UNCLASSIFIED,[OUT_OF_SCOPE]
2015,Mazda,2,Maxx,Hatchback,56154,Automatic,2026-04-22,18490,Unleaded,VIC,car/14911614/mazda/2/vic/camberwell/hatchback,2026-02-27T01:56:26,UNCLASSIFIED,[OUT_OF_SCOPE]
2025,Mazda,Mazda2,G15 Evolve,Hatchback,3905,Automatic,2026-07-01,26795,Unleaded,VIC,car/14949135/mazda/mazda2/vic/burwood/hatchback,2026-02-27T01:56:26,UNCLASSIFIED,[OUT_OF_SCOPE]
2010,Mazda,3,Neo,Sedan,147473,Automatic,2025-09-23,11888,Unleaded,VIC,car/14677496/mazda/3/vic/werribee/sedan,2026-02-27T01:56:26,UNCLASSIFIED,[OUT_OF_SCOPE]
2013,Mazda,3,Sp25,Hatchback,90451,Automatic,2026-10-31,17950,Unleaded,VIC,car/14929802/mazda/3/vic/nunawading/hatchback,2026-02-27T01:56:26,UNCLASSIFIED,[DISALLOWED_VARIANT]
2016,Mazda,CX-3,Maxx (Fwd),Wagon,149111,Automatic,2026-04-20,18990,Unleaded,VIC,car/14962226/mazda/cx-3/vic/brighton/suv,2026-02-27T01:56:26,UNCLASSIFIED,[OUT_OF_SCOPE]
2021,Mazda,CX-9,Gt (Fwd),Wagon,45000,Automatic,2026-01-24,42990,Unleaded,VIC,car/14496122/mazda/cx-9/vic/nunawading/suv,2026-02-27T01:56:26,UNCLASSIFIED,[OUT_OF_SCOPE]
2015,Mazda,CX-5,Maxx Sport (4X4),Wagon,65276,Automatic,2026-10-06,22975,Unleaded,VIC,car/14918513/mazda/cx-5/vic/burwood/suv,2026-02-27T01:56:26,UNCLASSIFIED,[OUT_OF_SCOPE]
2020,Mazda,CX-3,Maxx Sport (Fwd),Wagon,52593,Automatic,2026-12-12,24777,Unleaded,VIC,car/14898485/mazda/cx-3/vic/heidelberg/suv,2026-02-27T01:56:26,UNCLASSIFIED,[OUT_OF_SCOPE]
2020,Mazda,CX-9,Azami (Awd),Wagon,58500,Automatic,,39888,Unleaded,VIC,car/14888899/mazda/cx-9/vic/airport-west/suv,2026-02-27T01:56:26,UNCLASSIFIED,[OUT_OF_SCOPE]
2023,Mazda,CX-8,Sport (Fwd),Wagon,49203,Automatic,2026-04-21,36950,Unleaded,VIC,car/14908718/mazda/cx-8/vic/laverton-north/suv,2026-02-27T01:56:26,UNCLASSIFIED,[OUT_OF_SCOPE]
2012,Mazda,CX-5,Grand Tourer (4X4),Wagon,146155,Automatic,2025-11-02,13988,Diesel,VIC,car/14774725/mazda/cx-5/vic/alphington/suv,2026-02-27T01:56:26,UNCLASSIFIED,[OUT_OF_SCOPE]
2022,Mazda,CX-5,Maxx Sport (Awd),Wagon,106981,Automatic,2026-09-12,29250,Unleaded,VIC,car/14891242/mazda/cx-5/vic/burwood/suv,2026-02-27T01:56:26,UNCLASSIFIED,[OUT_OF_SCOPE]
2017,Mazda,2,Neo,Hatchback,96000,Automatic,,15999,Unleaded,VIC,car/14948275/mazda/2/vic/brooklyn/hatchback,2026-02-27T01:56:26,UNCLASSIFIED,[OUT_OF_SCOPE]
2013,Mazda,2,Neo,Hatchback,180753,Manual,2026-04-30,7999,Unleaded,VIC,car/14779684/mazda/2/vic/deer-park/hatchback,2026-02-27T01:56:26,UNCLASSIFIED,[OUT_OF_SCOPE]
2021,Mazda,CX-5,Akera (Awd),Wagon,29517,Automatic,2026-09-29,38990,Diesel,VIC,car/14934048/mazda/cx-5/vic/camberwell/suv,2026-02-27T01:56:26,UNCLASSIFIED,[OUT_OF_SCOPE]
2014,Mazda,3,Touring,Hatchback,181233,Automatic,2026-03-26,14950,Unleaded,VIC,car/14959845/mazda/3/vic/moorabbin/hatchback,2026-02-27T01:56:26,UNCLASSIFIED,[AMBIG_BADGE]
2011,Mazda,3,Sp25,Hatchback,246044,Automatic,2026-03-29,8999,Unleaded,VIC,car/13988509/mazda/3/vic/altona-north/hatchback,2026-02-27T01:56:26,UNCLASSIFIED,[DISALLOWED_VARIANT]
2024,Mazda,CX-3,G20 Sport,Wagon,16020,Automatic,2026-04-14,28998,Unleaded,VIC,car/14941956/mazda/cx-3/vic/airport-west/suv,2026-02-27T01:56:26,UNCLASSIFIED,[OUT_OF_SCOPE]
2020,Mazda,CX-5,Gt (Awd),Wagon,31043,Automatic,2026-12-10,34990,Unleaded,VIC,car/14919473/mazda/cx-5/vic/bentleigh/suv,2026-02-27T01:56:26,UNCLASSIFIED,[OUT_OF_SCOPE]
2024,Mazda,BT-50,Xt (4X4),Dual Cab Pick-up,4455,Automatic,2026-06-10,48990,Diesel,VIC,car/14794742/mazda/bt-50/vic/brighton/dual-cab,2026-02-27T01:56:26,UNCLASSIFIED,[OUT_OF_SCOPE]
2024,Mazda,CX-3,G20 Sport,Wagon,13932,Automatic,,28998,Unleaded,VIC,car/14957687/mazda/cx-3/vic/airport-west/suv,2026-02-27T01:56:26,UNCLASSIFIED,[OUT_OF_SCOPE]
2018,Mazda,CX-3,S Touring (Fwd) (5Yr),Wagon,98310,Automatic,2026-01-29,21900,Unleaded,VIC,car/14825044/mazda/cx-3/vic/bundoora/suv,2026-02-27T01:56:26,UNCLASSIFIED,[OUT_OF_SCOPE]
2022,Mazda,BT-50,Xtr (4X2),Dual Cab Pick-up,95143,Automatic,,34799,Diesel,VIC,car/14802135/mazda/bt-50/vic/laverton-north/dual-cab,2026-02-27T01:56:26,UNCLASSIFIED,[OUT_OF_SCOPE]
2019,Mazda,3,G25 Gt,Hatchback,52333,Automatic,2026-07-26,28998,Unleaded,VIC,car/14972349/mazda/3/vic/airport-west/hatchback,2026-02-27T01:56:26,UNCLASSIFIED,[AMBIG_BADGE]
2018,Mazda,CX-5,Akera (4X4),Wagon,68947,Automatic,2026-05-07,30880,Unleaded,VIC,car/14871073/mazda/cx-5/vic/deer-park/suv,2026-02-27T01:56:26,UNCLASSIFIED,[OUT_OF_SCOPE]
2019,Mazda,BT-50,Xt (4X2) (5Yr),Cab Chassis,220178,Manual,2026-05-12,17990,Diesel,VIC,car/14764284/mazda/bt-50/vic/bayswater/single-cab,2026-02-27T01:56:26,UNCLASSIFIED,[OUT_OF_SCOPE]
2018,Mazda,BT-50,Gt (4X4),Dual Cab Utility,45143,Automatic,2020-03-19,39250,Diesel,VIC,car/14849358/mazda/bt-50/vic/burwood/dual-cab,2026-02-27T01:56:26,UNCLASSIFIED,[OUT_OF_SCOPE]
2014,Mazda,CX-9,Classic (Fwd),Wagon,187715,Automatic,2026-04-15,13999,Unleaded,VIC,car/14960863/mazda/cx-9/vic/avondale-heights/suv,2026-02-27T01:56:26,UNCLASSIFIED,[OUT_OF_SCOPE]
2024,Mazda,CX-5,G20 Maxx (Fwd),Wagon,56560,Automatic,2026-04-22,31450,Unleaded,VIC,car/14870378/mazda/cx-5/vic/moorabbin/suv,2026-02-27T01:56:26,UNCLASSIFIED,[OUT_OF_SCOPE]
2024,Mazda,2,G15 Pure,Hatchback,4665,Manual,,29998,Unleaded,VIC,car/14951392/mazda/2/vic/airport-west/hatchback,2026-02-27T01:56:26,UNCLASSIFIED,[OUT_OF_SCOPE]
2024,Mazda,CX-3,G20 Sport,Wagon,14895,Automatic,2026-04-07,28998,Unleaded,VIC,car/14942525/mazda/cx-3/vic/airport-west/suv,2026-02-27T01:56:26,UNCLASSIFIED,[OUT_OF_SCOPE]
2020,Mazda,CX-3,S Touring (Fwd),Wagon,17116,Automatic,2026-06-11,28990,Unleaded,VIC,car/14934488/mazda/cx-3/vic/camberwell/suv,2026-02-27T01:56:26,UNCLASSIFIED,[OUT_OF_SCOPE]
2022,Mazda,CX-3,Maxx Sport (Fwd),Wagon,47699,Automatic,2026-08-05,25777,Unleaded,VIC,car/14948741/mazda/cx-3/vic/heidelberg/suv,2026-02-27T01:56:26,UNCLASSIFIED,[OUT_OF_SCOPE]
2023,Mazda,CX-3,Maxx Sport (Fwd),Wagon,36776,Automatic,2026-07-23,27495,Unleaded,VIC,car/14927360/mazda/cx-3/vic/burwood/suv,2026-02-27T01:56:26,UNCLASSIFIED,[OUT_OF_SCOPE]
2024,Mazda,2,G15 Evolve,Hatchback,10317,Automatic,,24390,Unleaded,VIC,car/14953307/mazda/2/vic/laverton-north/hatchback,2026-02-27T01:56:26,UNCLASSIFIED,[OUT_OF_SCOPE]
2024,Mazda,2,G15 Pure,Hatchback,19458,Automatic,2026-04-14,27998,Unleaded,VIC,car/14960659/mazda/2/vic/airport-west/hatchback,2026-02-27T01:56:26,UNCLASSIFIED,[OUT_OF_SCOPE]
2024,Mazda,CX-5,G25 Maxx Sport (Fwd),Wagon,49427,Automatic,2026-04-09,32950,Unleaded,VIC,car/14939119/mazda/cx-5/vic/moorabbin/suv,2026-02-27T01:56:26,UNCLASSIFIED,[OUT_OF_SCOPE]
2023,Mazda,CX-8,G25 Sport (Fwd),Wagon,55042,Automatic,,36998,Unleaded,VIC,car/14941024/mazda/cx-8/vic/airport-west/suv,2026-02-27T01:56:26,UNCLASSIFIED,[OUT_OF_SCOPE]
2023,Mazda,CX-5,G25 Maxx Sport (Fwd),Wagon,41485,Automatic,,30590,Unleaded,VIC,car/14890645/mazda/cx-5/vic/laverton-north/suv,2026-02-27T01:56:26,UNCLASSIFIED,[OUT_OF_SCOPE]
2023,Mazda,CX-8,D35 Asaki (Awd),Wagon,26792,Automatic,2026-08-07,52990,Diesel,VIC,car/14955211/mazda/cx-8/vic/brighton/suv,2026-02-27T01:56:26,UNCLASSIFIED,[OUT_OF_SCOPE]
2021,Mazda,CX-5,Akera (Awd),Wagon,42932,Automatic,2026-05-29,38990,Unleaded,VIC,car/14960949/mazda/cx-5/vic/camberwell/suv,2026-02-27T01:56:26,UNCLASSIFIED,[OUT_OF_SCOPE]
2023,Mazda,CX-8,G25 Sport (Fwd),Wagon,72613,Automatic,,34990,Unleaded,VIC,car/14961302/mazda/cx-8/vic/camberwell/suv,2026-02-27T01:56:26,UNCLASSIFIED,[OUT_OF_SCOPE]
2004,Mazda,6,Classic,Sedan,334859,Automatic,2026-03-29,4999,Premium,VIC,car/14338073/mazda/6/vic/altona-north/sedan,2026-02-27T01:56:26,UNCLASSIFIED,[OUT_OF_SCOPE]
2019,Mazda,CX-8,Sport (Fwd),Wagon,93668,Automatic,2026-06-28,27490,Diesel,VIC,car/14847099/mazda/cx-8/vic/camberwell/suv,2026-02-27T01:56:26,UNCLASSIFIED,[OUT_OF_SCOPE]
2025,Mazda,CX-3,G20 Akari,Wagon,5115,Automatic,2026-06-30,37990,Unleaded,VIC,car/14967171/mazda/cx-3/vic/brighton/suv,2026-02-27T01:56:26,UNCLASSIFIED,[OUT_OF_SCOPE]
2009,Mazda,3,Sp25,Hatchback,174200,Automatic,2026-01-17,8990,Unleaded,VIC,car/14809743/mazda/3/vic/maidstone/hatchback,2026-02-27T01:56:26,UNCLASSIFIED,[DISALLOWED_VARIANT]
2023,Mazda,CX-3,G20 Pure,Wagon,61105,Automatic,2026-12-20,26105,Unleaded,VIC,car/14961636/mazda/cx-3/vic/burwood/suv,2026-02-27T01:56:26,UNCLASSIFIED,[OUT_OF_SCOPE]
2020,Mazda,MX-5,Rf Gt,Convertible,46800,Automatic,2026-06-03,36990,Premium,VIC,car/14971345/mazda/mx-5/vic/oakleigh/convertible,2026-02-27T01:56:26,UNCLASSIFIED,[OUT_OF_SCOPE]
2019,Mazda,CX-8,Sport (Fwd),Wagon,145062,Automatic,2026-04-03,24990,Diesel,VIC,car/14954677/mazda/cx-8/vic/coburg-north/suv,2026-02-27T01:56:26,UNCLASSIFIED,[OUT_OF_SCOPE]
2009,Mazda,2,Neo,Hatchback,238376,Automatic,2026-08-16,6490,Unleaded,VIC,car/14949219/mazda/2/vic/sunshine-north/hatchback,2026-02-27T01:56:26,UNCLASSIFIED,[OUT_OF_SCOPE]
2016,Mazda,2,Neo,Hatchback,49450,Automatic,2026-11-15,19998,Unleaded,VIC,car/14888908/mazda/2/vic/airport-west/hatchback,2026-02-27T01:56:26,UNCLASSIFIED,[OUT_OF_SCOPE]
2024,Mazda,3,G25 Gt,Hatchback,3487,Automatic,2026-06-30,43998,Unleaded,VIC,car/14889248/mazda/3/vic/airport-west/hatchback,2026-02-27T01:56:26,UNCLASSIFIED,[AMBIG_BADGE]
2019,Mazda,CX-9,Azami (Awd),Wagon,128472,Automatic,2026-05-15,30777,Unleaded,VIC,car/14902179/mazda/cx-9/vic/heidelberg/suv,2026-02-27T01:56:26,UNCLASSIFIED,[OUT_OF_SCOPE]
2021,Mazda,CX-5,Gt (Awd),Wagon,40624,Automatic,,33890,Unleaded,VIC,car/14828388/mazda/cx-5/vic/laverton-north/suv,2026-02-27T01:56:26,UNCLASSIFIED,[OUT_OF_SCOPE]
2020,Mazda,CX-5,Akera (Awd),Wagon,31678,Automatic,,38990,Unleaded,VIC,car/14941714/mazda/cx-5/vic/camberwell/suv,2026-02-27T01:56:26,UNCLASSIFIED,[OUT_OF_SCOPE]
2020,Mazda,3,G20 Evolve,Hatchback,68616,Automatic,2026-06-20,27495,Unleaded,VIC,car/14923034/mazda/3/vic/burwood/hatchback,2026-02-27T01:56:26,UNCLASSIFIED,[AMBIG_BADGE]
2024,Mazda,CX-5,G25 Maxx Sport (Fwd),Wagon,52777,Automatic,,32950,Unleaded,VIC,car/14972755/mazda/cx-5/vic/moorabbin/suv,2026-02-27T01:56:26,UNCLASSIFIED,[OUT_OF_SCOPE]
2018,Mazda,3,Maxx Sport,Hatchback,15263,Automatic,2026-05-20,26490,Unleaded,VIC,car/14922324/mazda/3/vic/bentleigh/hatchback,2026-02-27T01:56:26,UNCLASSIFIED,[OUT_OF_SCOPE_YEAR]
2024,Mazda,CX-30,G20 Touring Le Vision (Fwd),Wagon,4210,Automatic,2026-06-30,39998,Unleaded,VIC,car/14889269/mazda/cx-30/vic/airport-west/suv,2026-02-27T01:56:26,UNCLASSIFIED,[OUT_OF_SCOPE]
2020,Mazda,CX-9,Azami (Awd),Wagon,55023,Automatic,,38190,Unleaded,VIC,car/14961528/mazda/cx-9/vic/laverton-north/suv,2026-02-27T01:56:26,UNCLASSIFIED,[OUT_OF_SCOPE]
2019,Mazda,CX-3,Maxx Sport (Fwd),Wagon,48253,Automatic,2026-06-04,25777,Unleaded,VIC,car/14939830/mazda/cx-3/vic/heidelberg/suv,2026-02-27T01:56:26,UNCLASSIFIED,[OUT_OF_SCOPE]
2021,Mazda,CX-9,Azami (Awd) Le,Wagon,65214,Automatic,2027-01-27,47950,Unleaded,VIC,car/14943642/mazda/cx-9/vic/brighton/suv,2026-02-27T01:56:26,UNCLASSIFIED,[OUT_OF_SCOPE]
2022,Mazda,CX-9,Sport (Fwd),Wagon,31228,Automatic,2026-08-15,38990,Unleaded,VIC,car/14957553/mazda/cx-9/vic/camberwell/suv,2026-02-27T01:56:26,UNCLASSIFIED,[OUT_OF_SCOPE]
2020,Mazda,CX-30,G20 Astina (Fwd),Wagon,97746,Automatic,2026-07-23,28185,Unleaded,VIC,car/14955579/mazda/cx-30/vic/burwood/suv,2026-02-27T01:56:26,UNCLASSIFIED,[OUT_OF_SCOPE]
2021,Mazda,CX-5,Akera (Awd),Wagon,68146,Automatic,2026-09-02,34980,Unleaded,VIC,car/14871886/mazda/cx-5/vic/blackburn/suv,2026-02-27T01:56:26,UNCLASSIFIED,[OUT_OF_SCOPE]
2015,Mazda,3,Maxx,Hatchback,25493,Automatic,2026-04-11,23990,Unleaded,VIC,car/14937731/mazda/3/vic/camberwell/hatchback,2026-02-27T01:56:26,UNCLASSIFIED,[AMBIG_BADGE]
2024,Mazda,3,G25 Astina,Sedan,4000,Automatic,2026-06-30,44998,Unleaded,VIC,car/14889745/mazda/3/vic/airport-west/sedan,2026-02-27T01:56:26,UNCLASSIFIED,[OUT_OF_SCOPE]
2015,Mazda,6,Atenza,Wagon,108584,Automatic,2026-07-25,20990,Unleaded,VIC,car/14971643/mazda/6/vic/south-morang/wagon,2026-02-27T01:56:26,UNCLASSIFIED,[OUT_OF_SCOPE]
2007,Mazda,3,Neo,Sedan,176010,Automatic,2025-07-15,6750,Unleaded,VIC,car/14847714/mazda/3/vic/dingley-village/sedan,2026-02-27T01:56:26,UNCLASSIFIED,[OUT_OF_SCOPE]
2011,Mazda,BT-50,Boss B3000 Dx,Dual Cab Pick-up,228317,Automatic,2026-04-04,12590,Diesel,VIC,car/14947393/mazda/bt-50/vic/bayswater/dual-cab,2026-02-27T01:56:26,UNCLASSIFIED,[OUT_OF_SCOPE]
2012,Mazda,BT-50,Xt (4X2),Cab Chassis,87135,Manual,2026-05-02,16999,Diesel,VIC,car/14917970/mazda/bt-50/vic/ringwood/single-cab,2026-02-27T01:56:26,UNCLASSIFIED,[OUT_OF_SCOPE]
2013,Mazda,6,Sport,Wagon,163807,Automatic,,13980,Unleaded,VIC,car/14944288/mazda/6/vic/springvale/wagon,2026-02-27T01:56:26,UNCLASSIFIED,[OUT_OF_SCOPE]
2014,Mazda,6,Gt,Sedan,116295,Automatic,,16900,Unleaded,VIC,car/14870392/mazda/6/vic/springvale/sedan,2026-02-27T01:56:26,UNCLASSIFIED,[OUT_OF_SCOPE]
2015,Mazda,2,Genki,Hatchback,120000,Automatic,,13900,Unleaded,VIC,car/14929267/mazda/2/vic/springvale/hatchback,2026-02-27T01:56:26,UNCLASSIFIED,[OUT_OF_SCOPE]
2013,Mazda,2,Neo,Hatchback,206851,Automatic,,8450,Unleaded,VIC,car/14967714/mazda/2/vic/dingley-village/hatchback,2026-02-27T01:56:26,UNCLASSIFIED,[OUT_OF_SCOPE]
2015,Mazda,6,Touring,Sedan,82091,Automatic,2026-08-23,18989,Unleaded,VIC,car/14834566/mazda/6/vic/ringwood/sedan,2026-02-27T01:56:26,UNCLASSIFIED,[OUT_OF_SCOPE]
2014,Mazda,3,Sp25,Sedan,185426,Manual,2026-02-20,11999,Unleaded,VIC,car/14966633/mazda/3/vic/bayswater/sedan,2026-02-27T01:56:26,UNCLASSIFIED,[OUT_OF_SCOPE]
2012,Mazda,BT-50,Xtr (4X4),Dual Cab Utility,252000,Manual,,15999,Diesel,VIC,car/14897993/mazda/bt-50/vic/hoppers-crossing/dual-cab,2026-02-27T01:56:26,UNCLASSIFIED,[OUT_OF_SCOPE]
2019,Mazda,6,Touring,Wagon,132498,Automatic,2026-04-04,22990,Unleaded,VIC,car/14969484/mazda/6/vic/bayswater/wagon,2026-02-27T01:56:26,UNCLASSIFIED,[OUT_OF_SCOPE]
2010,Mazda,BT-50,Boss B2500 Dx,Cab Chassis,227320,Manual,2026-04-29,11999,Diesel,VIC,car/14953205/mazda/bt-50/vic/ringwood/single-cab,2026-02-27T01:56:26,UNCLASSIFIED,[OUT_OF_SCOPE]
2012,Mazda,3,Neo,Hatchback,111959,Automatic,,11990,Unleaded,VIC,car/14968859/mazda/3/vic/mentone/hatchback,2026-02-27T01:56:26,mazda_3_neo_petrol_auto_hatch_bl,[OK]
2019,Mazda,CX-3,Maxx Sport (Fwd),Wagon,133486,Automatic,,17999,Unleaded,VIC,car/14925830/mazda/cx-3/vic/ringwood/suv,2026-02-27T01:56:26,UNCLASSIFIED,[OUT_OF_SCOPE]
2017,Mazda,CX-5,Gt (4X4),Wagon,142000,Automatic,2026-05-19,19989,Diesel,VIC,car/14965069/mazda/cx-5/vic/springvale/suv,2026-02-27T01:56:26,UNCLASSIFIED,[OUT_OF_SCOPE]
2011,Mazda,BT-50,Boss B2500 Dx,Cab Chassis,185633,Manual,2026-05-30,12999,Diesel,VIC,car/14953642/mazda/bt-50/vic/bayswater/single-cab,2026-02-27T01:56:26,UNCLASSIFIED,[OUT_OF_SCOPE]
2005,Mazda,3,Sp23,Hatchback,162509,Automatic,2026-04-15,7450,Unleaded,VIC,car/14948568/mazda/3/vic/dingley-village/hatchback,2026-02-27T01:56:26,UNCLASSIFIED,[DISALLOWED_VARIANT]
2012,Mazda,2,Neo,Hatchback,138636,Automatic,2026-04-09,9888,Unleaded,VIC,car/14953823/mazda/2/vic/dandenong/hatchback,2026-02-27T01:56:26,UNCLASSIFIED,[OUT_OF_SCOPE]
2015,Mazda,BT-50,Xt (4X4),Freestyle Cab Chassis,110285,Manual,,21990,Diesel,VIC,car/14968980/mazda/bt-50/vic/springvale/extra-cab,2026-02-27T01:56:26,UNCLASSIFIED,[OUT_OF_SCOPE]
2019,Mazda,CX-3,Maxx Sport (Fwd),Wagon,141000,Automatic,2026-04-21,17999,Unleaded,VIC,car/14935002/mazda/cx-3/vic/springvale/suv,2026-02-27T01:56:26,UNCLASSIFIED,[OUT_OF_SCOPE]
2016,Mazda,CX-3,S Touring (Fwd),Wagon,97976,Automatic,2026-03-23,20888,Unleaded,VIC,car/14828409/mazda/cx-3/vic/ringwood/suv,2026-02-27T01:56:26,UNCLASSIFIED,[OUT_OF_SCOPE]
2019,Mazda,BT-50,Xt (4X2) (5Yr),Freestyle Cab Chassis,237337,Automatic,2026-05-08,17790,Diesel,VIC,car/14877732/mazda/bt-50/vic/bayswater/extra-cab,2026-02-27T01:56:26,UNCLASSIFIED,[OUT_OF_SCOPE]
2017,Mazda,BT-50,Xt (4X4),Dual Cab Utility,173000,Automatic,,26999,Diesel,VIC,car/14949939/mazda/bt-50/vic/hoppers-crossing/dual-cab,2026-02-27T01:56:26,UNCLASSIFIED,[OUT_OF_SCOPE]
2018,Mazda,CX-5,Maxx Sport (4X2),Wagon,173189,Automatic,2026-03-15,20999,Unleaded,VIC,car/14893797/mazda/cx-5/vic/ringwood/suv,2026-02-27T01:56:26,UNCLASSIFIED,[OUT_OF_SCOPE]
2012,Mazda,3,Neo,Hatchback,150273,Automatic,2026-04-06,12999,Unleaded,VIC,car/14841388/mazda/3/vic/ringwood/hatchback,2026-02-27T01:56:26,mazda_3_neo_petrol_auto_hatch_bl,[OK]
2013,Mazda,CX-9,LUXURY,SUV,175339,Automatic,2026-04-04,13999,Unleaded,VIC,car/14971405/mazda/cx-9/vic/hoppers-crossing/suv,2026-02-27T01:56:26,UNCLASSIFIED,[OUT_OF_SCOPE]
2018,Mazda,CX-5,Touring (4X4),Wagon,125239,Automatic,2026-08-22,24460,Unleaded,VIC,car/14868837/mazda/cx-5/vic/ferntree-gully/suv,2026-02-27T01:56:26,UNCLASSIFIED,[OUT_OF_SCOPE]
2012,Mazda,3,Neo,Hatchback,165504,Automatic,2026-02-21,12999,Unleaded,VIC,car/14963833/mazda/3/vic/ringwood/hatchback,2026-02-27T01:56:26,mazda_3_neo_petrol_auto_hatch_bl,[OK]
2017,Mazda,BT-50,Xtr (4X4),Dual Cab Utility,176126,Automatic,2026-03-14,28999,Diesel,VIC,car/14951173/mazda/bt-50/vic/ringwood/dual-cab,2026-02-27T01:56:26,UNCLASSIFIED,[OUT_OF_SCOPE]
2019,Mazda,BT-50,Xt (4X2) (5Yr),Freestyle Cab Chassis,154478,Automatic,2026-05-14,24990,Diesel,VIC,car/14878572/mazda/bt-50/vic/bayswater/extra-cab,2026-02-27T01:56:26,UNCLASSIFIED,[OUT_OF_SCOPE]
2018,Mazda,3,Maxx Sport,Hatchback,96521,Automatic,2026-01-04,19990,Unleaded,VIC,car/14854915/mazda/3/vic/ringwood/hatchback,2026-02-27T01:56:26,UNCLASSIFIED,[OUT_OF_SCOPE_YEAR]
2022,Mazda,CX-9,Sport (Fwd),Wagon,91437,Automatic,2026-05-12,31970,Unleaded,VIC,car/14897137/mazda/cx-9/vic/ferntree-gully/suv,2026-02-27T01:56:26,UNCLASSIFIED,[OUT_OF_SCOPE]
2022,Mazda,3,G20 Touring,Sedan,159229,Automatic,,22980,Unleaded,VIC,car/14944283/mazda/3/vic/springvale/sedan,2026-02-27T01:56:26,UNCLASSIFIED,[OUT_OF_SCOPE]
2016,Mazda,CX-5,AKERA,SUV,206362,Automatic,2026-04-19,15999,Other,VIC,car/14973460/mazda/cx-5/vic/hoppers-crossing/suv,2026-02-27T01:56:26,UNCLASSIFIED,[OUT_OF_SCOPE]
2009,Mazda,3,Neo,Hatchback,192767,Automatic,2026-02-03,8999,Unleaded,VIC,car/14875763/mazda/3/vic/ringwood/hatchback,2026-02-27T01:56:26,mazda_3_neo_petrol_auto_hatch_bl,[OK]
2010,Mazda,2,Maxx,Sedan,106501,Automatic,2026-08-28,9999,Unleaded,VIC,car/14942753/mazda/2/vic/ringwood/sedan,2026-02-27T01:56:26,UNCLASSIFIED,[OUT_OF_SCOPE]
2012,Mazda,6,Touring,Wagon,102102,Automatic,2026-05-23,14888,Unleaded,VIC,car/14969437/mazda/6/vic/croydon/wagon,2026-02-27T01:56:26,UNCLASSIFIED,[OUT_OF_SCOPE]
2020,Mazda,BT-50,Xt (4X2) (5Yr),Freestyle Cab Chassis,183060,Automatic,2026-11-30,21990,Diesel,VIC,car/14871720/mazda/bt-50/vic/bayswater/extra-cab,2026-02-27T01:56:26,UNCLASSIFIED,[OUT_OF_SCOPE]
2011,Mazda,3,Neo,Sedan,136000,Automatic,2026-05-05,11990,Unleaded,VIC,car/14956645/mazda/3/vic/ringwood/sedan,2026-02-27T01:56:26,UNCLASSIFIED,[OUT_OF_SCOPE]
2022,Mazda,3,G20 Evolve,Hatchback,70915,Automatic,,26990,Unleaded,VIC,car/14977982/mazda/3/vic/mentone/hatchback,2026-02-27T01:56:26,UNCLASSIFIED,[AMBIG_BADGE]
2013,Mazda,3,Maxx Sport,Sedan,136972,Manual,2026-07-26,9999,Unleaded,VIC,car/14977706/mazda/3/vic/ringwood/sedan,2026-02-27T01:56:26,UNCLASSIFIED,[OUT_OF_SCOPE]
2015,Mazda,CX-5,Maxx Sport (4X2),Wagon,87581,Automatic,,20999,Unleaded,VIC,car/14975743/mazda/cx-5/vic/ringwood/suv,2026-02-27T01:56:26,UNCLASSIFIED,[OUT_OF_SCOPE]
2022,Mazda,CX-3,Akari (Fwd),Wagon,53310,Automatic,2026-12-30,29990,Unleaded,VIC,car/14978158/mazda/cx-3/vic/hoppers-crossing/suv,2026-02-27T01:56:26,UNCLASSIFIED,[OUT_OF_SCOPE]
2015,Mazda,2,Genki,Hatchback,181465,Automatic,2026-04-15,11999,Unleaded,VIC,car/14976603/mazda/2/vic/werribee/hatchback,2026-02-27T01:56:26,UNCLASSIFIED,[OUT_OF_SCOPE]
2013,Mazda,6,Touring,Wagon,261996,Automatic,2026-03-06,9999,Unleaded,VIC,car/14941613/mazda/6/vic/ringwood/wagon,2026-02-27T01:56:26,UNCLASSIFIED,[OUT_OF_SCOPE]
2009,Mazda,6,Classic,Sedan,164889,Automatic,2026-04-15,10888,Unleaded,VIC,car/14828411/mazda/6/vic/ringwood/sedan,2026-02-27T01:56:26,UNCLASSIFIED,[OUT_OF_SCOPE]
2015,Mazda,CX-5,Maxx Sport (4X2),Wagon,195604,Automatic,2026-05-06,16490,Unleaded,VIC,car/14889677/mazda/cx-5/vic/ringwood/suv,2026-02-27T01:56:26,UNCLASSIFIED,[OUT_OF_SCOPE]
2006,Mazda,3,Maxx Sport,Sedan,200833,Automatic,2026-04-28,5999,Unleaded,VIC,car/14975209/mazda/3/vic/dandenong/sedan,2026-02-27T01:56:26,UNCLASSIFIED,[OUT_OF_SCOPE]
2014,Mazda,6,Touring,Wagon,181394,Automatic,2026-03-25,14990,Unleaded,VIC,car/14893850/mazda/6/vic/ringwood/wagon,2026-02-27T01:56:26,UNCLASSIFIED,[OUT_OF_SCOPE]
2020,Mazda,2,G15 Pure,Hatchback,29038,Manual,2026-05-02,19888,Unleaded,VIC,car/14969473/mazda/2/vic/croydon/hatchback,2026-02-27T01:56:26,UNCLASSIFIED,[OUT_OF_SCOPE]
2016,Mazda,CX-3,S Touring (Awd),Wagon,145100,Automatic,2026-06-26,17990,Unleaded,VIC,car/14842934/mazda/cx-3/vic/ringwood/suv,2026-02-27T01:56:26,UNCLASSIFIED,[OUT_OF_SCOPE]
2017,Mazda,3,Neo,Hatchback,31330,Automatic,2026-02-05,20990,Unleaded,VIC,car/14967893/mazda/3/vic/moorabbin-airport/hatchback,2026-02-27T01:56:26,UNCLASSIFIED,[OUT_OF_SCOPE_YEAR]
2016,Mazda,6,Sport,Sedan,142730,Automatic,2026-08-10,18888,Unleaded,VIC,car/14956584/mazda/6/vic/mulgrave/sedan,2026-02-27T01:56:26,UNCLASSIFIED,[OUT_OF_SCOPE]
2019,Mazda,3,G25 Gt,Sedan,78243,Automatic,2026-02-03,26999,Unleaded,VIC,car/14894686/mazda/3/vic/ringwood/sedan,2026-02-27T01:56:26,UNCLASSIFIED,[OUT_OF_SCOPE]
2019,Mazda,CX-5,Maxx Sport (4X2),Wagon,46005,Automatic,2026-07-05,27990,Unleaded,VIC,car/14871006/mazda/cx-5/vic/moorabbin-airport/suv,2026-02-27T01:56:26,UNCLASSIFIED,[OUT_OF_SCOPE]
2015,Mazda,CX-3,Maxx (Awd),Wagon,38621,Automatic,2026-07-29,21990,Unleaded,VIC,car/14881008/mazda/cx-3/vic/ringwood/suv,2026-02-27T01:56:26,UNCLASSIFIED,[OUT_OF_SCOPE]
2023,Mazda,BT-50,Xtr (4X4),Dual Cab Pick-up,27234,Automatic,,50990,Diesel,VIC,car/14885947/mazda/bt-50/vic/mentone/dual-cab,2026-02-27T01:56:26,UNCLASSIFIED,[OUT_OF_SCOPE]
2018,Mazda,3,Sp25 Astina,Sedan,68732,Automatic,2026-06-13,24460,Unleaded,VIC,car/14912797/mazda/3/vic/south-morang/sedan,2026-02-27T01:56:26,UNCLASSIFIED,[OUT_OF_SCOPE]
2008,Mazda,6,Classic,Sedan,213512,Automatic,2026-04-09,7990,Premium,VIC,car/14860443/mazda/6/vic/ringwood/sedan,2026-02-27T01:56:26,UNCLASSIFIED,[OUT_OF_SCOPE]
2012,Mazda,2,Neo,Hatchback,193261,Automatic,2026-03-19,10999,Unleaded,VIC,car/14953577/mazda/2/vic/ringwood/hatchback,2026-02-27T01:56:26,UNCLASSIFIED,[OUT_OF_SCOPE]
2022,Mazda,BT-50,Sp (4X4),Dual Cab Pick-up,39905,Automatic,2026-08-12,53990,Diesel,VIC,car/14986751/mazda/bt-50/vic/south-morang/dual-cab,2026-02-27T01:56:26,UNCLASSIFIED,[OUT_OF_SCOPE]
2017,Mazda,BT-50,Xt (4X2),Dual Cab Utility,152943,Automatic,2027-01-11,22990,Diesel,VIC,car/14983418/mazda/bt-50/vic/south-morang/dual-cab,2026-02-27T01:56:26,UNCLASSIFIED,[OUT_OF_SCOPE]
2010,Mazda,CX-7,Diesel Sports (4X4),Wagon,221690,Manual,2026-10-27,5950,Diesel,VIC,car/14980077/mazda/cx-7/vic/dandenong/suv,2026-02-27T01:56:26,UNCLASSIFIED,[OUT_OF_SCOPE]
2016,Mazda,MX-5,Gt,Roadster,46683,Automatic,2026-04-27,32888,Premium,VIC,car/14982475/mazda/mx-5/vic/mulgrave/convertible,2026-02-27T01:56:26,UNCLASSIFIED,[OUT_OF_SCOPE]
2014,Mazda,CX-5,Maxx Sport (4X4),Wagon,198564,Automatic,2026-02-04,14999,Unleaded,VIC,car/14984036/mazda/cx-5/vic/ringwood/suv,2026-02-27T01:56:26,UNCLASSIFIED,[OUT_OF_SCOPE]
2016,Mazda,BT-50,Xt (4X4),Dual Cab Utility,265940,Automatic,2026-04-28,16490,Diesel,VIC,car/14983110/mazda/bt-50/vic/mordialloc/dual-cab,2026-02-27T01:56:26,UNCLASSIFIED,[OUT_OF_SCOPE]
2022,Mazda,CX-5,Akera Turbo (Awd),Wagon,77544,Automatic,2026-03-30,35990,Unleaded,VIC,car/14982429/mazda/cx-5/vic/south-morang/suv,2026-02-27T01:56:26,UNCLASSIFIED,[OUT_OF_SCOPE]
2008,Mazda,3,Neo,Sedan,222201,Automatic,2026-03-28,6950,Unleaded,VIC,car/14955907/mazda/3/vic/dandenong/sedan,2026-02-27T01:56:26,UNCLASSIFIED,[OUT_OF_SCOPE]
2022,Mazda,CX-5,Maxx Sport (Fwd),Wagon,45257,Automatic,2026-12-12,33970,Unleaded,VIC,car/14978249/mazda/cx-5/vic/keysborough/suv,2026-02-27T01:56:26,UNCLASSIFIED,[OUT_OF_SCOPE]
2021,Mazda,CX-9,Azami (Awd),Wagon,47081,Automatic,2026-06-10,45990,Unleaded,VIC,car/14978500/mazda/cx-9/vic/south-morang/suv,2026-02-27T01:56:26,UNCLASSIFIED,[OUT_OF_SCOPE]
2014,Mazda,3,Neo,Sedan,85881,Automatic,2026-05-18,16990,Unleaded,VIC,car/14980715/mazda/3/vic/ringwood/sedan,2026-02-27T01:56:26,UNCLASSIFIED,[OUT_OF_SCOPE]
2014,Mazda,2,Neo Sport,Hatchback,49769,Manual,2026-05-03,12990,Unleaded,VIC,car/14980719/mazda/2/vic/ringwood/hatchback,2026-02-27T01:56:26,UNCLASSIFIED,[OUT_OF_SCOPE]
2023,Mazda,CX-9,Azami (Awd),Wagon,40513,Automatic,2026-06-28,52990,Unleaded,VIC,car/14979116/mazda/cx-9/vic/ferntree-gully/suv,2026-02-27T01:56:26,UNCLASSIFIED,[OUT_OF_SCOPE]
2013,Mazda,BT-50,Xtr (4X4),Dual Cab Utility,166784,Automatic,2026-04-07,21990,Diesel,VIC,car/14932569/mazda/bt-50/vic/south-morang/dual-cab,2026-02-27T01:56:26,UNCLASSIFIED,[OUT_OF_SCOPE]
2021,Mazda,3,G20 Pure,Hatchback,116665,Automatic,2026-09-07,21490,Unleaded,VIC,car/14937459/mazda/3/vic/moorabbin-airport/hatchback,2026-02-27T01:56:26,UNCLASSIFIED,[AMBIG_BADGE]
2010,Mazda,3,Maxx,Sedan,149000,Automatic,2026-04-12,10999,Unleaded,VIC,car/14977828/mazda/3/vic/ringwood/sedan,2026-02-27T01:56:26,UNCLASSIFIED,[OUT_OF_SCOPE]
2009,Mazda,6,Luxury Sports,Hatchback,189759,Automatic,2026-04-21,11990,Unleaded,VIC,car/14975839/mazda/6/vic/ringwood/hatchback,2026-02-27T01:56:26,UNCLASSIFIED,[OUT_OF_SCOPE]
2025,Mazda,3,G20 Pure,Hatchback,7179,Automatic,2026-05-07,31985,Unleaded,VIC,car/14978184/mazda/3/vic/ravenhall/hatchback,2026-02-27T01:56:26,UNCLASSIFIED,[AMBIG_BADGE]
2020,Mazda,CX-5,Gt (4X4),Wagon,101002,Automatic,2026-04-08,28990,Unleaded,VIC,car/14977951/mazda/cx-5/vic/ferntree-gully/suv,2026-02-27T01:56:26,UNCLASSIFIED,[OUT_OF_SCOPE]
2001,Mazda,Premacy,,Hatchback,186290,Automatic,2026-04-04,6990,Unleaded,VIC,car/14916667/mazda/premacy/vic/ringwood/hatchback,2026-02-27T01:56:26,UNCLASSIFIED,[OUT_OF_SCOPE]
2021,Mazda,CX-30,G20 Touring (Fwd),Wagon,42480,Automatic,2026-11-18,30888,Unleaded,VIC,car/14940957/mazda/cx-30/vic/ringwood/suv,2026-02-27T01:56:26,UNCLASSIFIED,[OUT_OF_SCOPE]
2015,Mazda,CX-9,Luxury (Fwd),Wagon,66141,Automatic,2026-07-27,21498,Unleaded,VIC,car/14899728/mazda/cx-9/vic/ringwood/suv,2026-02-27T01:56:26,UNCLASSIFIED,[OUT_OF_SCOPE]
2013,Mazda,2,Neo,Hatchback,63100,Automatic,2026-04-30,14990,Unleaded,VIC,car/14953865/mazda/2/vic/ringwood/hatchback,2026-02-27T01:56:26,UNCLASSIFIED,[OUT_OF_SCOPE]
2018,Mazda,CX-3,Akari (Fwd),Wagon,132940,Automatic,2026-09-13,20990,Unleaded,VIC,car/14953867/mazda/cx-3/vic/ringwood/suv,2026-02-27T01:56:26,UNCLASSIFIED,[OUT_OF_SCOPE]
2015,Mazda,BT-50,Xt (4X2),Freestyle Cab Chassis,98628,Manual,2026-02-18,22999,Diesel,VIC,car/14923534/mazda/bt-50/vic/ringwood/extra-cab,2026-02-27T01:56:26,UNCLASSIFIED,[OUT_OF_SCOPE]
2012,Mazda,CX-5,Maxx Sport (4X2),Wagon,153031,Automatic,2026-03-28,15888,Unleaded,VIC,car/14916735/mazda/cx-5/vic/ringwood/suv,2026-02-27T01:56:26,UNCLASSIFIED,[OUT_OF_SCOPE]
2021,Mazda,CX-9,Sport (Fwd),Wagon,129838,Automatic,,29980,Unleaded,VIC,car/14951407/mazda/cx-9/vic/springvale/suv,2026-02-27T01:56:26,UNCLASSIFIED,[OUT_OF_SCOPE]
2015,Mazda,2,Neo,Hatchback,77848,Automatic,2026-04-28,15999,Unleaded,VIC,car/14884694/mazda/2/vic/ringwood/hatchback,2026-02-27T01:56:26,UNCLASSIFIED,[OUT_OF_SCOPE]
2012,Mazda,3,Neo,Sedan,113421,Automatic,2026-01-21,12990,Unleaded,VIC,car/14917173/mazda/3/vic/ringwood/sedan,2026-02-27T01:56:26,UNCLASSIFIED,[OUT_OF_SCOPE]
2018,Mazda,3,Maxx Sport,Hatchback,54621,Automatic,2026-05-08,23888,Unleaded,VIC,car/14930276/mazda/3/vic/ringwood/hatchback,2026-02-27T01:56:26,UNCLASSIFIED,[OUT_OF_SCOPE_YEAR]
2008,Mazda,CX-9,Luxury,Wagon,165000,Automatic,,10500,Unleaded,VIC,car/14954130/mazda/cx-9/vic/dandenong/suv,2026-02-27T01:56:26,UNCLASSIFIED,[OUT_OF_SCOPE]
2009,Mazda,3,Sp25,Sedan,148276,Automatic,2026-10-25,12950,Unleaded,VIC,car/14914315/mazda/3/vic/ringwood/sedan,2026-02-27T01:56:26,UNCLASSIFIED,[OUT_OF_SCOPE]
2019,Mazda,CX-5,Maxx Sport (4X2),Wagon,26861,Automatic,,29980,Unleaded,VIC,car/14926290/mazda/cx-5/vic/springvale/suv,2026-02-27T01:56:26,UNCLASSIFIED,[OUT_OF_SCOPE]
2022,Mazda,CX-3,Maxx Sport (Fwd),Wagon,60000,Automatic,,24403,Unleaded,VIC,car/14914528/mazda/cx-3/vic/springvale/suv,2026-02-27T01:56:26,UNCLASSIFIED,[OUT_OF_SCOPE]
2015,Mazda,6,Atenza,Sedan,153795,Automatic,2026-05-19,18950,Unleaded,VIC,car/14950365/mazda/6/vic/ringwood/sedan,2026-02-27T01:56:26,UNCLASSIFIED,[OUT_OF_SCOPE]
2018,Mazda,Mazda3,MAXX SPORT,Sedan,57142,Automatic,2026-07-31,22999,Unleaded,VIC,car/14943578/mazda/mazda3/vic/hoppers-crossing/limousine,2026-02-27T01:56:26,UNCLASSIFIED,[OUT_OF_SCOPE]
2020,Mazda,CX-9,Azami (Awd),Wagon,48070,Automatic,2025-12-09,38490,Unleaded,VIC,car/14865192/mazda/cx-9/vic/moorabbin-airport/suv,2026-02-27T01:56:26,UNCLASSIFIED,[OUT_OF_SCOPE]
2004,Mazda,6,Luxury Sports,Hatchback,220587,Automatic,2026-05-10,7999,Premium,VIC,car/14973967/mazda/6/vic/ringwood/hatchback,2026-02-27T01:56:26,UNCLASSIFIED,[OUT_OF_SCOPE]
2017,Mazda,3,Maxx,Hatchback,50181,Automatic,2026-09-01,23999,Unleaded,VIC,car/14963917/mazda/3/vic/ringwood/hatchback,2026-02-27T01:56:26,UNCLASSIFIED,[AMBIG_BADGE]
2014,Mazda,3,Maxx,Sedan,213224,Automatic,2026-01-14,12999,Unleaded,VIC,car/14930280/mazda/3/vic/ringwood/sedan,2026-02-27T01:56:26,UNCLASSIFIED,[OUT_OF_SCOPE]
2010,Mazda,CX-7,Luxury Sports (4X4),Wagon,135786,Automatic,,14999,Unleaded,VIC,car/14973626/mazda/cx-7/vic/ringwood/suv,2026-02-27T01:56:26,UNCLASSIFIED,[OUT_OF_SCOPE]
2010,Mazda,3,Neo,Sedan,154841,Automatic,2026-07-31,11990,Unleaded,VIC,car/14975258/mazda/3/vic/ringwood/sedan,2026-02-27T01:56:26,UNCLASSIFIED,[OUT_OF_SCOPE]
2021,Mazda,CX-5,Akera Turbo (Awd),Wagon,47085,Automatic,,38980,Unleaded,VIC,car/14930870/mazda/cx-5/vic/springvale/suv,2026-02-27T01:56:26,UNCLASSIFIED,[OUT_OF_SCOPE]
2019,Mazda,CX-5,Gt (4X4),Wagon,66468,Automatic,2026-05-25,31990,Unleaded,VIC,car/14967988/mazda/cx-5/vic/south-morang/suv,2026-02-27T01:56:26,UNCLASSIFIED,[OUT_OF_SCOPE]
2024,Mazda,CX-60,P50E Gt Vision Phev,Wagon,16100,Automatic,2026-08-04,57490,Hybrid,VIC,car/14967891/mazda/cx-60/vic/moorabbin-airport/suv,2026-02-27T01:56:26,UNCLASSIFIED,[OUT_OF_SCOPE]
2022,Mazda,CX-5,Gt Sp (Awd),Wagon,62341,Automatic,2026-04-20,37990,Unleaded,VIC,car/14951691/mazda/cx-5/vic/hoppers-crossing/suv,2026-02-27T01:56:26,UNCLASSIFIED,[OUT_OF_SCOPE]
2022,Mazda,CX-5,Akera (Awd),Wagon,60858,Automatic,2026-12-03,37970,Diesel,VIC,car/14942307/mazda/cx-5/vic/south-morang/suv,2026-02-27T01:56:26,UNCLASSIFIED,[OUT_OF_SCOPE]
2016,Mazda,CX-9,Touring (Awd),Wagon,131752,Automatic,2026-04-15,22888,Unleaded,VIC,car/14974383/mazda/cx-9/vic/croydon/suv,2026-02-27T01:56:26,UNCLASSIFIED,[OUT_OF_SCOPE]
2023,Mazda,CX-5,G25 Touring (Awd),Wagon,47547,Automatic,,35970,Unleaded,VIC,car/14945733/mazda/cx-5/vic/south-morang/suv,2026-02-27T01:56:26,UNCLASSIFIED,[OUT_OF_SCOPE]
2018,Mazda,CX-8,Sport (Awd) (5Yr),Wagon,171237,Automatic,,21980,Diesel,VIC,car/14930874/mazda/cx-8/vic/springvale/suv,2026-02-27T01:56:26,UNCLASSIFIED,[OUT_OF_SCOPE]
2025,Mazda,CX-5,G35 Akera Turbo (Awd),Wagon,3559,Automatic,2026-04-15,52985,Unleaded,VIC,car/14943970/mazda/cx-5/vic/ravenhall/suv,2026-02-27T01:56:26,UNCLASSIFIED,[OUT_OF_SCOPE]
2022,Mazda,CX-8,Sport (Fwd),Wagon,20000,Automatic,2026-03-07,34990,Unleaded,VIC,car/14839759/mazda/cx-8/vic/moorabbin-airport/suv,2026-02-27T01:56:26,UNCLASSIFIED,[OUT_OF_SCOPE]
2020,Mazda,CX-30,G20 Astina (Fwd),Wagon,97337,Automatic,2026-12-24,25990,Unleaded,VIC,car/14917302/mazda/cx-30/vic/hoppers-crossing/suv,2026-02-27T01:56:26,UNCLASSIFIED,[OUT_OF_SCOPE]
2021,Mazda,MX-30,G20E Evolve Mhev,Wagon,47870,Automatic,,24980,Hybrid,VIC,car/14930873/mazda/mx-30/vic/springvale/suv,2026-02-27T01:56:26,UNCLASSIFIED,[OUT_OF_SCOPE]
2016,Mazda,MX-5,Gt,Roadster,85337,Manual,,29480,Premium,VIC,car/14914602/mazda/mx-5/vic/springvale/convertible,2026-02-27T01:56:26,UNCLASSIFIED,[OUT_OF_SCOPE]
2023,Mazda,CX-5,G25 Akera (Awd),Wagon,37046,Automatic,,42980,Unleaded,VIC,car/14856801/mazda/cx-5/vic/springvale/suv,2026-02-27T01:56:26,UNCLASSIFIED,[OUT_OF_SCOPE]
2023,Mazda,CX-90,G50E Azami Mhev,Wagon,43843,Automatic,2026-08-24,64850,Premium,VIC,car/14956675/mazda/cx-90/vic/ferntree-gully/suv,2026-02-27T01:56:26,UNCLASSIFIED,[OUT_OF_SCOPE]
2013,Mazda,CX-5,Grand Tourer (4X4),Wagon,238386,Automatic,2026-06-03,14950,Unleaded,VIC,car/14964357/mazda/cx-5/vic/ringwood/suv,2026-02-27T01:56:26,UNCLASSIFIED,[OUT_OF_SCOPE]
2019,Mazda,CX-5,Gt (4X4),Wagon,92298,Automatic,2026-05-13,31990,Unleaded,VIC,car/14967695/mazda/cx-5/vic/ferntree-gully/suv,2026-02-27T01:56:26,UNCLASSIFIED,[OUT_OF_SCOPE]
2019,Mazda,2,Gt (5Yr),Hatchback,97217,Automatic,2026-05-25,19990,Unleaded,VIC,car/14913386/mazda/2/vic/ringwood/hatchback,2026-02-27T01:56:26,UNCLASSIFIED,[OUT_OF_SCOPE]
2018,Mazda,CX-5,Maxx Sport (4X2),Wagon,47285,Automatic,,28980,Unleaded,VIC,car/14951405/mazda/cx-5/vic/springvale/suv,2026-02-27T01:56:26,UNCLASSIFIED,[OUT_OF_SCOPE]
2010,Mazda,3,Neo,Sedan,189260,Automatic,2026-02-05,10990,Unleaded,VIC,car/14951785/mazda/3/vic/ringwood/sedan,2026-02-27T01:56:26,UNCLASSIFIED,[OUT_OF_SCOPE]
2014,Mazda,3,Sp25,Hatchback,151466,Automatic,2026-07-04,16999,Unleaded,VIC,car/14963914/mazda/3/vic/ringwood/hatchback,2026-02-27T01:56:26,UNCLASSIFIED,[DISALLOWED_VARIANT]
2021,Mazda,3,G20 Touring,Sedan,32194,Automatic,2026-12-31,28985,Unleaded,VIC,car/14966553/mazda/3/vic/ravenhall/sedan,2026-02-27T01:56:26,UNCLASSIFIED,[OUT_OF_SCOPE]
2017,Mazda,CX-5,Touring (4X4),Wagon,129223,Automatic,2026-11-07,24990,Unleaded,VIC,car/14958260/mazda/cx-5/vic/ringwood/suv,2026-02-27T01:56:26,UNCLASSIFIED,[OUT_OF_SCOPE]
2015,Mazda,3,Sp25 Astina,Hatchback,98472,Automatic,2026-10-08,21950,Unleaded,VIC,car/14957437/mazda/3/vic/ringwood/hatchback,2026-02-27T01:56:26,UNCLASSIFIED,[DISALLOWED_VARIANT]
2017,Mazda,CX-3,Maxx (Fwd),Wagon,85731,Automatic,2026-09-14,21950,Unleaded,VIC,car/14937909/mazda/cx-3/vic/ringwood/suv,2026-02-27T01:56:26,UNCLASSIFIED,[OUT_OF_SCOPE]
2012,Mazda,3,Neo,Hatchback,70290,Automatic,2026-09-25,14990,Unleaded,VIC,car/14953903/mazda/3/vic/ringwood/hatchback,2026-02-27T01:56:26,mazda_3_neo_petrol_auto_hatch_bl,[OK]
2010,Mazda,RX-8,Luxury,Coupe,117152,Manual,2026-05-05,28999,Premium,VIC,car/14932546/mazda/rx-8/vic/ringwood/coupe,2026-02-27T01:56:26,UNCLASSIFIED,[OUT_OF_SCOPE]
2011,Mazda,3,Neo,Hatchback,154703,Automatic,2026-07-01,12990,Unleaded,VIC,car/14895849/mazda/3/vic/ringwood/hatchback,2026-02-27T01:56:26,mazda_3_neo_petrol_auto_hatch_bl,[OK]
2015,Mazda,3,Neo,Hatchback,93145,Automatic,2026-04-10,18999,Unleaded,VIC,car/14973704/mazda/3/vic/ringwood/hatchback,2026-02-27T01:56:26,UNCLASSIFIED,[OUT_OF_SCOPE_YEAR]
2012,Mazda,BT-50,Gt (4X4),Dual Cab Utility,218004,Automatic,2026-09-24,21990,Diesel,VIC,car/14938202/mazda/bt-50/vic/bayswater/dual-cab,2026-02-27T01:56:26,UNCLASSIFIED,[OUT_OF_SCOPE]
2017,Mazda,3,Touring,Sedan,86297,Automatic,2026-04-26,21999,Unleaded,VIC,car/14952996/mazda/3/vic/ringwood/sedan,2026-02-27T01:56:26,UNCLASSIFIED,[OUT_OF_SCOPE]
2015,Mazda,BT-50,Xtr (4X4),Dual Cab Utility,169090,Automatic,2026-06-18,26999,Diesel,VIC,car/14955896/mazda/bt-50/vic/ringwood/dual-cab,2026-02-27T01:56:26,UNCLASSIFIED,[OUT_OF_SCOPE]
2021,Mazda,BT-50,Xt (4X2),Dual Cab Pick-up,380450,Automatic,2026-08-26,19985,Diesel,VIC,car/14962935/mazda/bt-50/vic/ravenhall/dual-cab,2026-02-27T01:56:26,UNCLASSIFIED,[OUT_OF_SCOPE]
2022,Mazda,CX-5,Gt (Awd),Wagon,45000,Automatic,2026-01-09,38490,Unleaded,VIC,car/14922722/mazda/cx-5/vic/moorabbin-airport/suv,2026-02-27T01:56:26,UNCLASSIFIED,[OUT_OF_SCOPE]
2014,Mazda,3,Sp25 Astina,Sedan,180160,Automatic,2026-09-25,16950,Unleaded,VIC,car/14943659/mazda/3/vic/ringwood/sedan,2026-02-27T01:56:26,UNCLASSIFIED,[OUT_OF_SCOPE]
2024,Mazda,CX-3,G20 Touring Sp,Wagon,7231,Automatic,2026-04-01,33395,Unleaded,VIC,car/14961635/mazda/cx-3/vic/burwood/suv,2026-02-27T01:56:26,UNCLASSIFIED,[OUT_OF_SCOPE]
2025,Mazda,CX-60,G40E Evolve Hybrid,Wagon,8805,Automatic,2026-06-30,52990,Hybrid,VIC,car/14962252/mazda/cx-60/vic/brighton/suv,2026-02-27T01:56:26,UNCLASSIFIED,[OUT_OF_SCOPE]
2025,Mazda,3,G20 Pure,Sedan,2314,Automatic,,32990,Unleaded,VIC,car/14937437/mazda/3/vic/camberwell/sedan,2026-02-27T01:56:26,UNCLASSIFIED,[OUT_OF_SCOPE]
2025,Mazda,3,G20 Pure,Hatchback,3094,Automatic,2026-09-30,29888,Unleaded,VIC,car/14962442/mazda/3/vic/airport-west/hatchback,2026-02-27T01:56:26,UNCLASSIFIED,[AMBIG_BADGE]
2024,Mazda,CX-3,G20 Sport,Wagon,19096,Automatic,2026-03-26,27990,Unleaded,VIC,car/14960661/mazda/cx-3/vic/airport-west/suv,2026-02-27T01:56:26,UNCLASSIFIED,[OUT_OF_SCOPE]
2019,Mazda,3,G20 Evolve,Sedan,62569,Automatic,,24990,Unleaded,VIC,car/14853837/mazda/3/vic/frankston/sedan,2026-02-27T01:56:26,UNCLASSIFIED,[OUT_OF_SCOPE]
2020,Mazda,CX-3,Maxx Sport (Fwd),Wagon,100593,Automatic,2026-05-10,21950,Unleaded,VIC,car/14968441/mazda/cx-3/vic/sunbury/suv,2026-02-27T01:56:26,UNCLASSIFIED,[OUT_OF_SCOPE]
2005,Mazda,MPV,,Wagon,211000,Automatic,,7499,Unleaded,VIC,car/14843844/mazda/mpv/vic/dandenong/people-mover,2026-02-27T01:56:26,UNCLASSIFIED,[OUT_OF_SCOPE]
2018,Mazda,CX-9,Azami (Awd),Wagon,104667,Automatic,2026-03-19,31500,Unleaded,VIC,car/14914933/mazda/cx-9/vic/dandenong/suv,2026-02-27T01:56:26,UNCLASSIFIED,[OUT_OF_SCOPE]
2017,Mazda,CX-9,Azami (Awd),Wagon,115735,Automatic,2026-06-30,28990,Unleaded,VIC,car/14896987/mazda/cx-9/vic/frankston/suv,2026-02-27T01:56:26,UNCLASSIFIED,[OUT_OF_SCOPE]
2019,Mazda,CX-3,Akari (Fwd),Wagon,93396,Manual,,20990,Unleaded,VIC,car/14954151/mazda/cx-3/vic/narre-warren/suv,2026-02-27T01:56:26,UNCLASSIFIED,[OUT_OF_SCOPE]
2018,Mazda,3,Maxx Sport (5Yr),Hatchback,130000,Automatic,2026-02-23,17999,Unleaded,VIC,car/14874470/mazda/3/vic/dandenong/hatchback,2026-02-27T01:56:26,UNCLASSIFIED,[OUT_OF_SCOPE_YEAR]
2010,Mazda,3,Maxx Sport,Hatchback,80500,Automatic,2026-05-19,13500,Unleaded,VIC,car/14957806/mazda/3/vic/dandenong/hatchback,2026-02-27T01:56:26,mazda_3_maxx_sport_petrol_auto_hatch_bl,[OK]
2007,Mazda,CX-7,Luxury (4X4),Wagon,130000,Automatic,,9500,Premium,VIC,car/14833806/mazda/cx-7/vic/dandenong/suv,2026-02-27T01:56:26,UNCLASSIFIED,[OUT_OF_SCOPE]
2013,Mazda,CX-5,Maxx Sport (4X2),Wagon,199941,Automatic,2026-04-10,11999,Unleaded,VIC,car/14851214/mazda/cx-5/vic/carrum-downs/suv,2026-02-27T01:56:26,UNCLASSIFIED,[OUT_OF_SCOPE]
2019,Mazda,CX-5,Maxx Sport (4X2),Wagon,60098,Automatic,,27980,Unleaded,VIC,car/14853851/mazda/cx-5/vic/springvale/suv,2026-02-27T01:56:26,UNCLASSIFIED,[OUT_OF_SCOPE]
2012,Mazda,CX-5,Maxx Sport (4X4),Wagon,127764,Automatic,2026-05-18,15888,Diesel,VIC,car/14943653/mazda/cx-5/vic/ringwood/suv,2026-02-27T01:56:26,UNCLASSIFIED,[OUT_OF_SCOPE]
2013,Mazda,CX-5,Maxx Sport (4X2),Wagon,123297,Automatic,2026-08-26,17990,Unleaded,VIC,car/14953891/mazda/cx-5/vic/ringwood/suv,2026-02-27T01:56:26,UNCLASSIFIED,[OUT_OF_SCOPE]
2010,Mazda,3,Neo,Hatchback,163453,Automatic,2026-10-28,11990,Unleaded,VIC,car/14927838/mazda/3/vic/ringwood/hatchback,2026-02-27T01:56:26,mazda_3_neo_petrol_auto_hatch_bl,[OK]
2016,Mazda,CX-9,Gt (Fwd),Wagon,211031,Automatic,2026-08-16,19388,Unleaded,VIC,car/14866474/mazda/cx-9/vic/mulgrave/suv,2026-02-27T01:56:26,UNCLASSIFIED,[OUT_OF_SCOPE]
2004,Mazda,3,Maxx Sport,Sedan,238441,Automatic,2026-05-09,7990,Unleaded,VIC,car/14960573/mazda/3/vic/ringwood/sedan,2026-02-27T01:56:26,UNCLASSIFIED,[OUT_OF_SCOPE]
2017,Mazda,CX-9,Gt (Fwd),Wagon,162623,Automatic,2026-05-27,25999,Unleaded,VIC,car/14967585/mazda/cx-9/vic/ringwood/suv,2026-02-27T01:56:26,UNCLASSIFIED,[OUT_OF_SCOPE]
2022,Mazda,2,G15 Gt,Hatchback,46252,Automatic,2026-05-03,26096,Unleaded,VIC,car/14947401/mazda/2/vic/ringwood/hatchback,2026-02-27T01:56:26,UNCLASSIFIED,[OUT_OF_SCOPE]
2021,Mazda,3,G20 Evolve,Sedan,35442,Automatic,2026-05-24,30970,Unleaded,VIC,car/14969414/mazda/3/vic/keysborough/sedan,2026-02-27T01:56:26,UNCLASSIFIED,[OUT_OF_SCOPE]
2013,Mazda,CX-9,Classic (Fwd),Wagon,203866,Automatic,2026-07-23,12990,Unleaded,VIC,car/14958259/mazda/cx-9/vic/ringwood/suv,2026-02-27T01:56:26,UNCLASSIFIED,[OUT_OF_SCOPE]
2024,Mazda,2,G15 Pure,Hatchback,22006,Automatic,2026-03-20,24888,Unleaded,VIC,car/14960658/mazda/2/vic/airport-west/hatchback,2026-02-27T01:56:26,UNCLASSIFIED,[OUT_OF_SCOPE]
2025,Mazda,Mazda3,G25 Astina,Hatchback,4648,Automatic,2026-06-30,44888,Unleaded,VIC,car/14889589/mazda/mazda3/vic/airport-west/hatchback,2026-02-27T01:56:26,UNCLASSIFIED,[AMBIG_BADGE]
2025,Mazda,CX-60,P50E Evolve Phev,Wagon,9784,Automatic,2026-06-30,56990,Hybrid,VIC,car/14963755/mazda/cx-60/vic/brighton/suv,2026-02-27T01:56:26,UNCLASSIFIED,[OUT_OF_SCOPE]
2025,Mazda,3,G20 Pure,Hatchback,1584,Automatic,2026-09-29,29888,Unleaded,VIC,car/14962409/mazda/3/vic/airport-west/hatchback,2026-02-27T01:56:26,UNCLASSIFIED,[AMBIG_BADGE]
2025,Mazda,BT-50,Gt (4X4),Dual Cab Pick-up,3705,Automatic,2026-09-30,52788,Diesel,VIC,car/14962385/mazda/bt-50/vic/airport-west/dual-cab,2026-02-27T01:56:26,UNCLASSIFIED,[OUT_OF_SCOPE]
2025,Mazda,BT-50,Xt (4X4),Dual Cab Pick-up,5637,Automatic,2026-09-30,49888,Diesel,VIC,car/14949531/mazda/bt-50/vic/airport-west/dual-cab,2026-02-27T01:56:26,UNCLASSIFIED,[OUT_OF_SCOPE]
2023,Mazda,CX-60,P50E Evolve Phev,Wagon,32990,Automatic,,42888,Hybrid,VIC,car/14831988/mazda/cx-60/vic/narre-warren/suv,2026-02-27T01:56:26,UNCLASSIFIED,[OUT_OF_SCOPE]
2023,Mazda,CX-5,G25 Maxx Sport (Awd),Wagon,85852,Automatic,,33888,Unleaded,VIC,car/14970979/mazda/cx-5/vic/sunbury/suv,2026-02-27T01:56:26,UNCLASSIFIED,[OUT_OF_SCOPE]
2023,Mazda,CX-60,P50E Evolve Phev,Wagon,33673,Automatic,,43990,Hybrid,VIC,car/14932154/mazda/cx-60/vic/frankston/suv,2026-02-27T01:56:26,UNCLASSIFIED,[OUT_OF_SCOPE]
2022,Mazda,CX-30,G25 Touring (Awd),Wagon,56927,Automatic,,30990,Unleaded,VIC,car/14965729/mazda/cx-30/vic/frankston/suv,2026-02-27T01:56:26,UNCLASSIFIED,[OUT_OF_SCOPE]
2024,Mazda,3,G20 Touring,Hatchback,6292,Automatic,2026-02-28,33380,Unleaded,VIC,car/14911920/mazda/3/vic/sunbury/hatchback,2026-02-27T01:56:26,UNCLASSIFIED,[AMBIG_BADGE]
2023,Mazda,CX-60,G40E Gt Hybrid,Wagon,36415,Automatic,2026-04-23,52880,Hybrid,VIC,car/14955843/mazda/cx-60/vic/sunbury/suv,2026-02-27T01:56:26,UNCLASSIFIED,[OUT_OF_SCOPE]
2016,Mazda,3,Sp25,Sedan,126412,Automatic,2026-06-27,18800,Unleaded,VIC,car/14973453/mazda/3/vic/ferntree-gully/sedan,2026-02-27T01:56:26,UNCLASSIFIED,[OUT_OF_SCOPE]
2018,Mazda,CX-5,Maxx Sport (4X4),Wagon,89266,Automatic,2026-05-09,23950,Diesel,VIC,car/14827092/mazda/cx-5/vic/seaford/suv,2026-02-27T01:56:26,UNCLASSIFIED,[OUT_OF_SCOPE]
2022,Mazda,CX-9,Sport (Fwd),Wagon,68239,Automatic,,34777,Unleaded,VIC,car/14919182/mazda/cx-9/vic/narre-warren/suv,2026-02-27T01:56:26,UNCLASSIFIED,[OUT_OF_SCOPE]
2016,Mazda,CX-3,Akari (Awd),Wagon,91945,Automatic,2026-03-17,22950,Unleaded,VIC,car/14926404/mazda/cx-3/vic/seaford/suv,2026-02-27T01:56:26,UNCLASSIFIED,[OUT_OF_SCOPE]
2022,Mazda,6,Gt Sp,Sedan,55872,Automatic,,35990,Unleaded,VIC,car/14945088/mazda/6/vic/narre-warren/sedan,2026-02-27T01:56:26,UNCLASSIFIED,[OUT_OF_SCOPE]
2017,Mazda,3,Maxx,Sedan,81705,Automatic,2026-07-10,19950,Unleaded,VIC,car/14833185/mazda/3/vic/sunbury/sedan,2026-02-27T01:56:26,UNCLASSIFIED,[OUT_OF_SCOPE]
2023,Mazda,CX-90,G50E Azami Mhev,Wagon,30821,Automatic,2026-10-10,64880,Premium,VIC,car/14955854/mazda/cx-90/vic/sunbury/suv,2026-02-27T01:56:26,UNCLASSIFIED,[OUT_OF_SCOPE]
2024,Mazda,3,G20 Pure,Hatchback,31999,Automatic,2026-04-13,29000,Unleaded,VIC,car/14958020/mazda/3/vic/dandenong/hatchback,2026-02-27T01:56:26,UNCLASSIFIED,[AMBIG_BADGE]
2020,Mazda,CX-5,Akera (4X4),Wagon,58782,Automatic,2026-04-13,33800,Unleaded,VIC,car/14898781/mazda/cx-5/vic/berwick/suv,2026-02-27T01:56:26,UNCLASSIFIED,[OUT_OF_SCOPE]
2009,Mazda,6,Classic,Wagon,228000,Automatic,2026-03-17,9000,Premium,VIC,car/14928843/mazda/6/vic/dandenong/wagon,2026-02-27T01:56:26,UNCLASSIFIED,[OUT_OF_SCOPE]
2013,Mazda,3,Sp25,Hatchback,175492,Automatic,2026-04-30,13800,Unleaded,VIC,car/14962106/mazda/3/vic/ferntree-gully/hatchback,2026-02-27T01:56:26,UNCLASSIFIED,[DISALLOWED_VARIANT]
2024,Mazda,CX-5,G25 Maxx Sport (Fwd),Wagon,43739,Automatic,,32888,Unleaded,VIC,car/14979142/mazda/cx-5/vic/narre-warren/suv,2026-02-27T01:56:26,UNCLASSIFIED,[OUT_OF_SCOPE]
2021,Mazda,CX-5,Maxx (Fwd),Wagon,50927,Automatic,,29990,Unleaded,VIC,car/14978567/mazda/cx-5/vic/sunbury/suv,2026-02-27T01:56:26,UNCLASSIFIED,[OUT_OF_SCOPE]
2022,Mazda,CX-5,Akera (Awd),Wagon,61379,Automatic,2026-07-07,35990,Unleaded,VIC,car/14978168/mazda/cx-5/vic/seaford/suv,2026-02-27T01:56:26,UNCLASSIFIED,[OUT_OF_SCOPE]
2023,Mazda,CX-8,G25 Touring (Fwd),Wagon,58938,Automatic,2026-06-23,38555,Unleaded,VIC,car/14881173/mazda/cx-8/vic/heidelberg/suv,2026-02-27T01:56:26,UNCLASSIFIED,[OUT_OF_SCOPE]
2023,Mazda,CX-8,D35 Gt Sp (Awd),Wagon,34047,Automatic,,51490,Diesel,VIC,car/14861088/mazda/cx-8/vic/camberwell/suv,2026-02-27T01:56:26,UNCLASSIFIED,[OUT_OF_SCOPE]
2025,Mazda,CX-80,D50E Gt,Wagon,9059,Automatic,2026-03-31,75990,Diesel,VIC,car/14950533/mazda/cx-80/vic/brighton/suv,2026-02-27T01:56:26,UNCLASSIFIED,[OUT_OF_SCOPE]
2022,Mazda,CX-8,Sport (Fwd),Wagon,48256,Automatic,,31590,Unleaded,VIC,car/14896632/mazda/cx-8/vic/laverton-north/suv,2026-02-27T01:56:26,UNCLASSIFIED,[OUT_OF_SCOPE]
2024,Mazda,CX-30,G20 Pure (Fwd),Wagon,24261,Automatic,2026-11-01,30990,Unleaded,VIC,car/14967161/mazda/cx-30/vic/brighton/suv,2026-02-27T01:56:26,UNCLASSIFIED,[OUT_OF_SCOPE]
2025,Mazda,BT-50,Xtr (4X2),Dual Cab Pick-up,2735,Automatic,2026-09-30,51998,Diesel,VIC,car/14887230/mazda/bt-50/vic/airport-west/dual-cab,2026-02-27T01:56:26,UNCLASSIFIED,[OUT_OF_SCOPE]
2017,Mazda,CX-9,Azami (Fwd),Wagon,107932,Automatic,2026-03-08,30990,Unleaded,VIC,car/14887569/mazda/cx-9/vic/mornington/suv,2026-02-27T01:56:26,UNCLASSIFIED,[OUT_OF_SCOPE]
2020,Mazda,CX-5,Akera (4X4),Wagon,62081,Automatic,,33999,Diesel,VIC,car/14957269/mazda/cx-5/vic/berwick/suv,2026-02-27T01:56:26,UNCLASSIFIED,[OUT_OF_SCOPE]
2018,Mazda,CX-5,Maxx Sport (4X4),Wagon,63924,Automatic,,26999,Unleaded,VIC,car/14926411/mazda/cx-5/vic/berwick/suv,2026-02-27T01:56:26,UNCLASSIFIED,[OUT_OF_SCOPE]
2018,Mazda,CX-9,Touring (Fwd) (5Yr),Wagon,96119,Automatic,,28499,Unleaded,VIC,car/14898245/mazda/cx-9/vic/berwick/suv,2026-02-27T01:56:26,UNCLASSIFIED,[OUT_OF_SCOPE]
2020,Mazda,CX-30,G20 Touring (Fwd),Wagon,52114,Automatic,,27999,Unleaded,VIC,car/14918318/mazda/cx-30/vic/berwick/suv,2026-02-27T01:56:26,UNCLASSIFIED,[OUT_OF_SCOPE]
2021,Mazda,MX-30,G20E Astina Mhev,Wagon,89764,Automatic,,23990,Hybrid,VIC,car/14847020/mazda/mx-30/vic/cranbourne/suv,2026-02-27T01:56:26,UNCLASSIFIED,[OUT_OF_SCOPE]
2024,Mazda,CX-90,D50E Azami Mhev,Wagon,11548,Automatic,,74999,Diesel,VIC,car/14983539/mazda/cx-90/vic/berwick/suv,2026-02-27T01:56:26,UNCLASSIFIED,[OUT_OF_SCOPE]
2022,Mazda,CX-5,Maxx Sport (Fwd),Wagon,29991,Automatic,,35490,Unleaded,VIC,car/14980263/mazda/cx-5/vic/cranbourne/suv,2026-02-27T01:56:26,UNCLASSIFIED,[OUT_OF_SCOPE]
2021,Mazda,CX-9,Gt Sp (Fwd),Wagon,74874,Automatic,,39999,Unleaded,VIC,car/14981738/mazda/cx-9/vic/berwick/suv,2026-02-27T01:56:26,UNCLASSIFIED,[OUT_OF_SCOPE]
2017,Mazda,CX-9,Gt (Fwd),Wagon,135837,Automatic,2026-04-25,26990,Unleaded,VIC,car/14982183/mazda/cx-9/vic/berwick/suv,2026-02-27T01:56:26,UNCLASSIFIED,[OUT_OF_SCOPE]
2017,Mazda,CX-9,Touring (Fwd),Wagon,112606,Automatic,2026-11-03,25480,Unleaded,VIC,car/14981155/mazda/cx-9/vic/mornington/suv,2026-02-27T01:56:26,UNCLASSIFIED,[OUT_OF_SCOPE]
2022,Mazda,6,Gt Sp,Wagon,35381,Automatic,,38998,Unleaded,VIC,car/14981260/mazda/6/vic/berwick/wagon,2026-02-27T01:56:26,UNCLASSIFIED,[OUT_OF_SCOPE]
2025,Mazda,CX-60,G40E Azami Hybrid,Wagon,7863,Automatic,2026-08-04,64990,Hybrid,VIC,car/14981229/mazda/cx-60/vic/mornington/suv,2026-02-27T01:56:26,UNCLASSIFIED,[OUT_OF_SCOPE]
2016,Mazda,BT-50,Xtr (4X4),Dual Cab Utility,117479,Automatic,2026-03-30,29888,Diesel,VIC,car/14970082/mazda/bt-50/vic/mornington/dual-cab,2026-02-27T01:56:26,UNCLASSIFIED,[OUT_OF_SCOPE]
2022,Mazda,MX-5,Roadster,Convertible,26780,Automatic,2026-07-14,41990,Premium,VIC,car/14959692/mazda/mx-5/vic/mornington/convertible,2026-02-27T01:56:26,UNCLASSIFIED,[OUT_OF_SCOPE]
2023,Mazda,BT-50,Xt (4X2),Dual Cab Chassis,47797,Automatic,,39388,Diesel,VIC,car/14932307/mazda/bt-50/vic/berwick/dual-cab,2026-02-27T01:56:26,UNCLASSIFIED,[OUT_OF_SCOPE]
2018,Mazda,CX-5,Maxx Sport (4X2),Wagon,50131,Automatic,2026-05-16,27800,Unleaded,VIC,car/14962883/mazda/cx-5/vic/berwick/suv,2026-02-27T01:56:26,UNCLASSIFIED,[OUT_OF_SCOPE]
2024,Mazda,CX-30,G25 Astina (Fwd),Wagon,21968,Automatic,2026-03-17,39990,Unleaded,VIC,car/14954925/mazda/cx-30/vic/frankston/suv,2026-02-27T01:56:26,UNCLASSIFIED,[OUT_OF_SCOPE]
2021,Mazda,CX-9,Touring (Awd),Wagon,61898,Automatic,2026-04-27,36990,Unleaded,VIC,car/14919089/mazda/cx-9/vic/frankston/suv,2026-02-27T01:56:26,UNCLASSIFIED,[OUT_OF_SCOPE]
2023,Mazda,CX-60,P50E Azami Sp Phev,Wagon,26922,Automatic,,54990,Hybrid,VIC,car/14970978/mazda/cx-60/vic/sunbury/suv,2026-02-27T01:56:26,UNCLASSIFIED,[OUT_OF_SCOPE]
2025,Mazda,Mazda3,G20 Pure,Hatchback,10966,Automatic,2026-05-22,30990,Unleaded,VIC,car/14926101/mazda/mazda3/vic/brighton/hatchback,2026-02-27T01:56:26,UNCLASSIFIED,[AMBIG_BADGE]
2025,Mazda,CX-5,G25 Maxx Sport (Fwd),Wagon,4826,Automatic,2026-09-30,37998,Unleaded,VIC,car/14965893/mazda/cx-5/vic/airport-west/suv,2026-02-27T01:56:26,UNCLASSIFIED,[OUT_OF_SCOPE]
2025,Mazda,CX-5,G35 Gt Sp Turbo (Awd),Wagon,10034,Automatic,2026-08-14,52990,Unleaded,VIC,car/14963986/mazda/cx-5/vic/brighton/suv,2026-02-27T01:56:26,UNCLASSIFIED,[OUT_OF_SCOPE]
2024,Mazda,3,G25 Astina,Sedan,9652,Automatic,2026-05-13,38888,Unleaded,VIC,car/14956068/mazda/3/vic/mornington/sedan,2026-02-27T01:56:26,UNCLASSIFIED,[OUT_OF_SCOPE]
2024,Mazda,BT-50,Xtr (4X2),Dual Cab Pick-up,52996,Automatic,2026-09-22,44222,Diesel,VIC,car/14951003/mazda/bt-50/vic/mornington/dual-cab,2026-02-27T01:56:26,UNCLASSIFIED,[OUT_OF_SCOPE]
2023,Mazda,CX-5,G25 Touring (Awd),Wagon,12650,Automatic,,39499,Unleaded,VIC,car/14929673/mazda/cx-5/vic/berwick/suv,2026-02-27T01:56:26,UNCLASSIFIED,[OUT_OF_SCOPE]
2022,Mazda,CX-30,G25 Astina (Awd),Wagon,68366,Automatic,2026-06-30,31888,Unleaded,VIC,car/14921900/mazda/cx-30/vic/mornington/suv,2026-02-27T01:56:26,UNCLASSIFIED,[OUT_OF_SCOPE]
2018,Mazda,CX-5,Gt (4X4),Wagon,100711,Automatic,,27999,Unleaded,VIC,car/14951018/mazda/cx-5/vic/berwick/suv,2026-02-27T01:56:26,UNCLASSIFIED,[OUT_OF_SCOPE]
2021,Mazda,CX-3,Maxx Sport (Fwd),Wagon,18102,Automatic,2026-06-23,27990,Unleaded,VIC,car/14967193/mazda/cx-3/vic/mornington/suv,2026-02-27T01:56:26,UNCLASSIFIED,[OUT_OF_SCOPE]
2024,Mazda,CX-5,G25 Maxx Sport (Fwd),Wagon,43738,Automatic,,33990,Unleaded,VIC,car/14973437/mazda/cx-5/vic/mornington/suv,2026-02-27T01:56:26,UNCLASSIFIED,[OUT_OF_SCOPE]
2021,Mazda,3,G20 Evolve,Hatchback,68871,Automatic,,26880,Unleaded,VIC,car/14937286/mazda/3/vic/berwick/hatchback,2026-02-27T01:56:26,UNCLASSIFIED,[AMBIG_BADGE]
2020,Mazda,CX-8,Sport (Fwd),Wagon,75655,Automatic,,30999,Unleaded,VIC,car/14967319/mazda/cx-8/vic/berwick/suv,2026-02-27T01:56:26,UNCLASSIFIED,[OUT_OF_SCOPE]
2014,Mazda,3,Maxx,Hatchback,157669,Automatic,,14888,Unleaded,VIC,car/14970209/mazda/3/vic/berwick/hatchback,2026-02-27T01:56:26,UNCLASSIFIED,[AMBIG_BADGE]
2024,Mazda,CX-3,G20 Pure,Wagon,40140,Automatic,,27888,Unleaded,VIC,car/14945313/mazda/cx-3/vic/cranbourne/suv,2026-02-27T01:56:26,UNCLASSIFIED,[OUT_OF_SCOPE]
2018,Mazda,CX-5,Maxx Sport (4X4),Wagon,49071,Automatic,,29999,Unleaded,VIC,car/14960714/mazda/cx-5/vic/berwick/suv,2026-02-27T01:56:26,UNCLASSIFIED,[OUT_OF_SCOPE]
2022,Mazda,CX-5,Gt Sp (Awd),Wagon,53953,Automatic,,37999,Unleaded,VIC,car/14934101/mazda/cx-5/vic/berwick/suv,2026-02-27T01:56:26,UNCLASSIFIED,[OUT_OF_SCOPE]
2022,Mazda,2,G15 Evolve,Hatchback,26311,Automatic,,23888,Unleaded,VIC,car/14956004/mazda/2/vic/cranbourne/hatchback,2026-02-27T01:56:26,UNCLASSIFIED,[OUT_OF_SCOPE]
2023,Mazda,BT-50,Gt (4X4),Dual Cab Pick-up,66066,Automatic,2026-11-30,49990,Diesel,VIC,car/14947346/mazda/bt-50/vic/berwick/dual-cab,2026-02-27T01:56:26,UNCLASSIFIED,[OUT_OF_SCOPE]
2022,Mazda,CX-5,Gt Sp (Awd),Wagon,31240,Automatic,,39999,Unleaded,VIC,car/14882876/mazda/cx-5/vic/berwick/suv,2026-02-27T01:56:26,UNCLASSIFIED,[OUT_OF_SCOPE]
2023,Mazda,CX-30,G20 Pure (Fwd),Wagon,49301,Automatic,,28888,Unleaded,VIC,car/14928118/mazda/cx-30/vic/cranbourne/suv,2026-02-27T01:56:26,UNCLASSIFIED,[OUT_OF_SCOPE]
2024,Mazda,CX-5,G25 Maxx Sport (Fwd),Wagon,47008,Automatic,,33888,Unleaded,VIC,car/14936559/mazda/cx-5/vic/cranbourne/suv,2026-02-27T01:56:26,UNCLASSIFIED,[OUT_OF_SCOPE]
2023,Mazda,CX-60,D50E Azami Hybrid,Wagon,7443,Automatic,,57990,Hybrid,VIC,car/14929926/mazda/cx-60/vic/cranbourne/suv,2026-02-27T01:56:26,UNCLASSIFIED,[OUT_OF_SCOPE]
2022,Mazda,CX-9,Gt Sp (Awd),Wagon,40712,Automatic,,44499,Unleaded,VIC,car/14900171/mazda/cx-9/vic/berwick/suv,2026-02-27T01:56:26,UNCLASSIFIED,[OUT_OF_SCOPE]
2020,Mazda,CX-5,Maxx Sport (4X2),Wagon,204908,Automatic,2025-09-17,17999,Unleaded,VIC,car/14728349/mazda/cx-5/vic/braybrook/suv,2026-02-27T01:56:26,UNCLASSIFIED,[OUT_OF_SCOPE]
2011,Mazda,BT-50,Boss B2500 Dx,Cab Chassis,258876,Manual,,9750,Diesel,VIC,car/14864322/mazda/bt-50/vic/footscray/single-cab,2026-02-27T01:56:26,UNCLASSIFIED,[OUT_OF_SCOPE]
2016,Mazda,CX-3,Maxx (Fwd),Wagon,203000,Automatic,2026-05-18,13990,Unleaded,VIC,car/14721939/mazda/cx-3/vic/west-footscray/suv,2026-02-27T01:56:26,UNCLASSIFIED,[OUT_OF_SCOPE]
2013,Mazda,3,Neo,Hatchback,95792,Automatic,,14999,Unleaded,VIC,car/14607386/mazda/3/vic/west-footscray/hatchback,2026-02-27T01:56:26,mazda_3_neo_petrol_auto_hatch_bl,[OK]
2014,Mazda,CX-9,Classic (Fwd),Wagon,166880,Automatic,2026-01-15,12999,Unleaded,VIC,car/14790624/mazda/cx-9/vic/braybrook/suv,2026-02-27T01:56:26,UNCLASSIFIED,[OUT_OF_SCOPE]
2013,Mazda,2,Neo,Hatchback,122095,Automatic,2026-04-15,10990,Unleaded,VIC,car/14969174/mazda/2/vic/preston/hatchback,2026-02-27T01:56:26,UNCLASSIFIED,[OUT_OF_SCOPE]
2007,Mazda,3,Maxx,Sedan,45710,Automatic,,9850,Unleaded,VIC,car/14942224/mazda/3/vic/footscray/sedan,2026-02-27T01:56:26,UNCLASSIFIED,[OUT_OF_SCOPE]
2015,Mazda,CX-5,Maxx Sport (4X4),Wagon,245848,Automatic,,12999,Diesel,VIC,car/14607841/mazda/cx-5/vic/west-footscray/suv,2026-02-27T01:56:26,UNCLASSIFIED,[OUT_OF_SCOPE]
2015,Mazda,CX-3,Maxx (Fwd),Wagon,22343,Automatic,2026-05-12,18990,Unleaded,VIC,car/14757328/mazda/cx-3/vic/coburg-north/suv,2026-02-27T01:56:26,UNCLASSIFIED,[OUT_OF_SCOPE]
2017,Mazda,CX-5,Gt (4X4),Wagon,139948,Automatic,2023-09-30,22999,Diesel,VIC,car/13374120/mazda/cx-5/vic/west-footscray/suv,2026-02-27T01:56:26,UNCLASSIFIED,[OUT_OF_SCOPE]
2009,Mazda,CX-7,Diesel Sports (4X4),Wagon,112000,Manual,,7999,Diesel,VIC,car/14670415/mazda/cx-7/vic/footscray/suv,2026-02-27T01:56:26,UNCLASSIFIED,[OUT_OF_SCOPE]
2016,Mazda,CX-9,Touring (Fwd),Wagon,94145,Automatic,,24999,Unleaded,VIC,car/14894890/mazda/cx-9/vic/berwick/suv,2026-02-27T01:56:26,UNCLASSIFIED,[OUT_OF_SCOPE]
2021,Mazda,BT-50,Xt (4X2),Cab Chassis,59621,Automatic,,30999,Diesel,VIC,car/14885187/mazda/bt-50/vic/berwick/single-cab,2026-02-27T01:56:26,UNCLASSIFIED,[OUT_OF_SCOPE]
2024,Mazda,CX-3,G20 Sport,Wagon,52150,Automatic,,29888,Unleaded,VIC,car/14956089/mazda/cx-3/vic/berwick/suv,2026-02-27T01:56:26,UNCLASSIFIED,[OUT_OF_SCOPE]
2019,Mazda,CX-5,Gt (4X4),Wagon,67406,Automatic,,32388,Unleaded,VIC,car/14958411/mazda/cx-5/vic/berwick/suv,2026-02-27T01:56:26,UNCLASSIFIED,[OUT_OF_SCOPE]
2009,Mazda,3,Maxx,Hatchback,164140,Automatic,2026-12-10,9999,Unleaded,VIC,car/14942400/mazda/3/vic/braybrook/hatchback,2026-02-27T01:56:26,UNCLASSIFIED,[AMBIG_BADGE]
2023,Mazda,3,G25 Astina,Sedan,31346,Automatic,2026-06-12,34380,Unleaded,VIC,car/14959665/mazda/3/vic/melbourne/sedan,2026-02-27T01:56:26,UNCLASSIFIED,[OUT_OF_SCOPE]
2014,Mazda,BT-50,Xt (4X4),Dual Cab Utility,180713,Automatic,2026-01-09,19990,Diesel,VIC,car/14547779/mazda/bt-50/vic/west-footscray/dual-cab,2026-02-27T01:56:26,UNCLASSIFIED,[OUT_OF_SCOPE]
2014,Mazda,2,Neo,Hatchback,97487,Automatic,2026-04-16,14990,Unleaded,VIC,car/14741932/mazda/2/vic/west-footscray/hatchback,2026-02-27T01:56:26,UNCLASSIFIED,[OUT_OF_SCOPE]
2020,Mazda,CX-5,Maxx Sport (4X2),Wagon,106000,Automatic,2025-09-17,24490,Unleaded,VIC,car/14726505/mazda/cx-5/vic/port-melbourne/suv,2026-02-27T01:56:26,UNCLASSIFIED,[OUT_OF_SCOPE]
2022,Mazda,CX-5,Akera (Awd),Wagon,96673,Automatic,2026-05-12,33990,Unleaded,VIC,car/14774266/mazda/cx-5/vic/south-melbourne/suv,2026-02-27T01:56:26,UNCLASSIFIED,[OUT_OF_SCOPE]
2020,Mazda,CX-5,Maxx Sport (4X2),Wagon,78265,Automatic,2025-12-23,26490,Unleaded,VIC,car/14722313/mazda/cx-5/vic/port-melbourne/suv,2026-02-27T01:56:26,UNCLASSIFIED,[OUT_OF_SCOPE]
2008,Mazda,CX-9,Luxury,Wagon,203489,Automatic,2026-05-26,9880,Unleaded,VIC,car/14969564/mazda/cx-9/vic/preston/suv,2026-02-27T01:56:26,UNCLASSIFIED,[OUT_OF_SCOPE]
2018,Mazda,CX-9,Gt (Fwd),Wagon,81224,Automatic,2026-03-05,,Unleaded,VIC,car/14986444/mazda/cx-9/vic/yarraville/suv,2026-02-27T01:56:26,UNCLASSIFIED,[NO_PRICE]
2017,Mazda,CX-9,Azami (Awd),Wagon,209237,Automatic,,22989,Unleaded,VIC,car/14984317/mazda/cx-9/vic/maidstone/suv,2026-02-27T01:56:26,UNCLASSIFIED,[OUT_OF_SCOPE]
2021,Mazda,3,G20 Touring,Hatchback,34917,Automatic,,28990,Unleaded,VIC,car/14984384/mazda/3/vic/elsternwick/hatchback,2026-02-27T01:56:26,UNCLASSIFIED,[AMBIG_BADGE]
2003,Mazda,323,Astina Shades,Hatchback,315768,Automatic,2026-03-19,5999,Unleaded,VIC,car/14985121/mazda/323/vic/braybrook/hatchback,2026-02-27T01:56:26,UNCLASSIFIED,[OUT_OF_SCOPE]
2014,Mazda,CX-9,Luxury (Fwd),Wagon,146858,Automatic,2026-03-24,14999,Unleaded,VIC,car/14985114/mazda/cx-9/vic/braybrook/suv,2026-02-27T01:56:26,UNCLASSIFIED,[OUT_OF_SCOPE]
2006,Mazda,2,Genki,Hatchback,225376,Manual,2026-08-10,5999,Unleaded,VIC,car/14985139/mazda/2/vic/braybrook/hatchback,2026-02-27T01:56:26,UNCLASSIFIED,[OUT_OF_SCOPE]
2011,Mazda,6,Classic,Wagon,314864,Automatic,2026-08-08,6988,Unleaded,VIC,car/14982124/mazda/6/vic/braybrook/wagon,2026-02-27T01:56:26,UNCLASSIFIED,[OUT_OF_SCOPE]
2020,Mazda,3,G20 Pure,Hatchback,41600,Automatic,2026-06-03,27990,Unleaded,VIC,car/14977593/mazda/3/vic/port-melbourne/hatchback,2026-02-27T01:56:26,UNCLASSIFIED,[AMBIG_BADGE]
2014,Mazda,2,Neo,Hatchback,159379,Automatic,,12989,Unleaded,VIC,car/14491264/mazda/2/vic/maidstone/hatchback,2026-02-27T01:56:26,UNCLASSIFIED,[OUT_OF_SCOPE]
2015,Mazda,CX-5,Grand Tourer (4X4),Wagon,168000,Automatic,2025-06-22,19888,Unleaded,VIC,car/14700365/mazda/cx-5/vic/preston/suv,2026-02-27T01:56:26,UNCLASSIFIED,[OUT_OF_SCOPE]
2022,Mazda,CX-8,Touring Sp (Fwd),Wagon,99170,Automatic,2026-06-01,33395,Unleaded,VIC,car/14961811/mazda/cx-8/vic/burwood/suv,2026-02-27T01:56:26,UNCLASSIFIED,[OUT_OF_SCOPE]
2024,Mazda,BT-50,Sp (4X4),Dual Cab Pick-up,10365,Automatic,2026-01-31,64990,Diesel,VIC,car/14950485/mazda/bt-50/vic/brighton/dual-cab,2026-02-27T01:56:26,UNCLASSIFIED,[OUT_OF_SCOPE]
2009,Mazda,3,Sp25,Sedan,245133,Automatic,2026-01-23,7999,Unleaded,VIC,car/14789829/mazda/3/vic/ravenhall/sedan,2026-02-27T01:56:26,UNCLASSIFIED,[OUT_OF_SCOPE]
2005,Mazda,Mazda6,,Sedan,137131,Automatic,2026-09-10,6499,Unleaded,VIC,car/14953376/mazda/mazda6/vic/briar-hill/limousine,2026-02-27T01:56:26,UNCLASSIFIED,[OUT_OF_SCOPE]
2017,Mazda,CX-3,NEO,SUV,182385,,2025-12-05,13990,Other,VIC,car/14817351/mazda/cx-3/vic/ravenhall/suv,2026-02-27T01:56:26,UNCLASSIFIED,[OUT_OF_SCOPE]
2010,Mazda,3,Neo,Sedan,215690,Automatic,,7990,Unleaded,VIC,car/14775814/mazda/3/vic/footscray/sedan,2026-02-27T01:56:26,UNCLASSIFIED,[OUT_OF_SCOPE]
2009,Mazda,3,Maxx Sport,Hatchback,189071,Automatic,2026-02-26,8990,Unleaded,VIC,car/14859109/mazda/3/vic/preston/hatchback,2026-02-27T01:56:26,mazda_3_maxx_sport_petrol_auto_hatch_bl,[OK]
2016,Mazda,CX-9,Touring (Fwd),Wagon,90642,Automatic,2026-02-28,26880,Unleaded,VIC,car/14859006/mazda/cx-9/vic/preston/suv,2026-02-27T01:56:26,UNCLASSIFIED,[OUT_OF_SCOPE]
2010,Mazda,CX-9,Luxury,Wagon,298175,Automatic,2026-01-12,8999,Unleaded,VIC,car/14925537/mazda/cx-9/vic/braybrook/suv,2026-02-27T01:56:26,UNCLASSIFIED,[OUT_OF_SCOPE]
2009,Mazda,2,Neo,Hatchback,158765,Automatic,2026-03-27,8999,Unleaded,VIC,car/14933938/mazda/2/vic/braybrook/hatchback,2026-02-27T01:56:26,UNCLASSIFIED,[OUT_OF_SCOPE]
2019,Mazda,CX-9,Gt (Awd),Wagon,198387,Automatic,2026-04-18,23888,Unleaded,VIC,car/14969223/mazda/cx-9/vic/preston/suv,2026-02-27T01:56:26,UNCLASSIFIED,[OUT_OF_SCOPE]
2008,Mazda,3,Maxx Sport,Sedan,292328,Automatic,2026-04-23,6999,Unleaded,VIC,car/14968687/mazda/3/vic/braybrook/sedan,2026-02-27T01:56:26,UNCLASSIFIED,[OUT_OF_SCOPE]
2013,Mazda,CX-5,Grand Tourer (4X4),Wagon,233894,Automatic,2026-03-09,12999,Unleaded,VIC,car/14968681/mazda/cx-5/vic/braybrook/suv,2026-02-27T01:56:26,UNCLASSIFIED,[OUT_OF_SCOPE]
2015,Mazda,3,Touring,Sedan,178283,Automatic,2026-05-25,14880,Unleaded,VIC,car/14969158/mazda/3/vic/preston/sedan,2026-02-27T01:56:26,UNCLASSIFIED,[OUT_OF_SCOPE]
2013,Mazda,3,Neo,Hatchback,158765,Automatic,2026-02-01,10999,Unleaded,VIC,car/14925533/mazda/3/vic/braybrook/hatchback,2026-02-27T01:56:26,mazda_3_neo_petrol_auto_hatch_bl,[OK]
2024,Mazda,2,G15 Pure,Hatchback,13616,Automatic,2026-04-07,27998,Unleaded,VIC,car/14925698/mazda/2/vic/airport-west/hatchback,2026-02-27T01:56:26,UNCLASSIFIED,[OUT_OF_SCOPE]
2021,Mazda,CX-9,Touring (Awd),Wagon,62054,Automatic,2026-05-02,36777,Unleaded,VIC,car/14957762/mazda/cx-9/vic/heidelberg/suv,2026-02-27T01:56:26,UNCLASSIFIED,[OUT_OF_SCOPE]
2024,Mazda,CX-5,G25 Maxx Sport (Fwd),Wagon,50344,Automatic,2026-09-26,32950,Unleaded,VIC,car/14924517/mazda/cx-5/vic/moorabbin/suv,2026-02-27T01:56:26,UNCLASSIFIED,[OUT_OF_SCOPE]
2022,Mazda,CX-9,Azami (Awd) Le,Wagon,32431,Automatic,,45795,Unleaded,VIC,car/14966520/mazda/cx-9/vic/laverton-north/suv,2026-02-27T01:56:26,UNCLASSIFIED,[OUT_OF_SCOPE]
2020,Mazda,BT-50,Xtr (4X4),Dual Cab Pick-up,96740,Automatic,2026-08-05,38777,Diesel,VIC,car/14954523/mazda/bt-50/vic/heidelberg/dual-cab,2026-02-27T01:56:26,UNCLASSIFIED,[OUT_OF_SCOPE]
2014,Mazda,3,Maxx,Hatchback,92581,Automatic,2026-04-07,18490,Unleaded,VIC,car/14960956/mazda/3/vic/brighton/hatchback,2026-02-27T01:56:26,UNCLASSIFIED,[AMBIG_BADGE]
2018,Mazda,CX-5,Maxx (4X2),Wagon,143092,Automatic,2026-07-26,19990,Unleaded,VIC,car/14708562/mazda/cx-5/vic/murrumbeena/suv,2026-02-27T01:56:26,UNCLASSIFIED,[OUT_OF_SCOPE]
2010,Mazda,3,Neo,Hatchback,210906,Automatic,2025-03-25,9999,Unleaded,VIC,car/14611174/mazda/3/vic/ravenhall/hatchback,2026-02-27T01:56:26,mazda_3_neo_petrol_auto_hatch_bl,[OK]
2012,Mazda,2,Neo,Hatchback,108000,Automatic,,9800,Unleaded,VIC,car/14916930/mazda/2/vic/nunawading/hatchback,2026-02-27T01:56:26,UNCLASSIFIED,[OUT_OF_SCOPE]
2021,Mazda,BT-50,Gt (4X4),Dual Cab Pick-up,126259,Automatic,2026-04-15,41950,Diesel,VIC,car/14437310/mazda/bt-50/vic/bentleigh/dual-cab,2026-02-27T01:56:26,UNCLASSIFIED,[OUT_OF_SCOPE]
2022,Mazda,CX-3,Stouring (Fwd),Wagon,51339,Automatic,2026-08-20,27895,Unleaded,VIC,car/14987010/mazda/cx-3/vic/burwood/suv,2026-02-27T01:56:26,UNCLASSIFIED,[OUT_OF_SCOPE]
2020,Mazda,CX-3,Maxx Sport (Fwd),Wagon,116350,Automatic,2026-07-21,21935,Unleaded,VIC,car/14986767/mazda/cx-3/vic/burwood/suv,2026-02-27T01:56:26,UNCLASSIFIED,[OUT_OF_SCOPE]
2016,Mazda,CX-5,Maxx (4X2),Wagon,174143,Automatic,2026-02-27,14999,Unleaded,VIC,car/14985204/mazda/cx-5/vic/laverton-north/suv,2026-02-27T01:56:26,UNCLASSIFIED,[OUT_OF_SCOPE]
2017,Mazda,3,Sp25 Gt,Hatchback,158176,Automatic,2026-05-28,19450,Unleaded,VIC,car/14811757/mazda/3/vic/burwood/hatchback,2026-02-27T01:56:26,UNCLASSIFIED,[DISALLOWED_VARIANT]
2017,Mazda,CX-5,Maxx (4X4),Wagon,107009,Automatic,2026-10-18,22980,Unleaded,VIC,car/14983402/mazda/cx-5/vic/blackburn/suv,2026-02-27T01:56:26,UNCLASSIFIED,[OUT_OF_SCOPE]
2012,Mazda,3,Neo,Hatchback,131427,Automatic,2026-05-15,11515,Unleaded,VIC,car/14984883/mazda/3/vic/burwood/hatchback,2026-02-27T01:56:26,mazda_3_neo_petrol_auto_hatch_bl,[OK]
2014,Mazda,3,Maxx,Sedan,110863,Automatic,2026-02-28,,Unleaded,VIC,car/14982839/mazda/3/vic/camberwell/sedan,2026-02-27T01:56:26,UNCLASSIFIED,[NO_PRICE]
2021,Mazda,CX-5,Akera (Awd),Wagon,37500,Automatic,2026-09-26,,Unleaded,VIC,car/14981456/mazda/cx-5/vic/camberwell/suv,2026-02-27T01:56:26,UNCLASSIFIED,[NO_PRICE]
2015,Mazda,3,Maxx,Sedan,142000,Automatic,,15800,Unleaded,VIC,car/14973780/mazda/3/vic/nunawading/sedan,2026-02-27T01:56:26,UNCLASSIFIED,[OUT_OF_SCOPE]
2023,Mazda,BT-50,Xtr (4X2),Dual Cab Pick-up,108016,Automatic,,39990,Diesel,VIC,car/14681087/mazda/bt-50/vic/bentleigh/dual-cab,2026-02-27T01:56:26,UNCLASSIFIED,[OUT_OF_SCOPE]
2018,Mazda,2,Neo,Sedan,102256,Manual,2026-05-24,12999,Unleaded,VIC,car/14419499/mazda/2/vic/thomastown/sedan,2026-02-27T01:56:26,UNCLASSIFIED,[OUT_OF_SCOPE]
2015,Mazda,CX-3,S Touring (Fwd),Wagon,102622,Automatic,2026-06-30,18888,Unleaded,VIC,car/14813632/mazda/cx-3/vic/tullamarine/suv,2026-02-27T01:56:26,UNCLASSIFIED,[OUT_OF_SCOPE]
2018,Mazda,CX-3,Maxx (Fwd),Wagon,39367,Automatic,2026-05-26,23995,Unleaded,VIC,car/14925235/mazda/cx-3/vic/burwood/suv,2026-02-27T01:56:26,UNCLASSIFIED,[OUT_OF_SCOPE]
2021,Mazda,CX-5,Akera Turbo (Awd),Wagon,60361,Automatic,2026-03-03,36895,Unleaded,VIC,car/14944116/mazda/cx-5/vic/deer-park/suv,2026-02-27T01:56:26,UNCLASSIFIED,[OUT_OF_SCOPE]
2024,Mazda,CX-3,G20 Akari,Wagon,4317,Automatic,2026-06-30,37990,Unleaded,VIC,car/14967182/mazda/cx-3/vic/brighton/suv,2026-02-27T01:56:26,UNCLASSIFIED,[OUT_OF_SCOPE]
2024,Mazda,2,G15 Pure,Sedan,13598,Automatic,2026-03-26,25998,Unleaded,VIC,car/14945964/mazda/2/vic/airport-west/sedan,2026-02-27T01:56:26,UNCLASSIFIED,[OUT_OF_SCOPE]
2023,Mazda,CX-5,G25 Maxx Sport (Fwd),Wagon,54053,Automatic,2026-10-27,31950,Unleaded,VIC,car/14930247/mazda/cx-5/vic/moorabbin/suv,2026-02-27T01:56:26,UNCLASSIFIED,[OUT_OF_SCOPE]
2017,Hyundai,Santa FE,Highlander Crdi (4X4),Wagon,261468,Automatic,2026-09-18,13990,Diesel,VIC,car/14951945/hyundai/santa-fe/vic/coburg-north/suv,2026-02-27T01:56:26,UNCLASSIFIED,[OUT_OF_SCOPE]
2011,Hyundai,I45,Premium,Sedan,181000,Automatic,,9990,Unleaded,VIC,car/14952103/hyundai/i45/vic/williamstown-north/sedan,2026-02-27T01:56:26,UNCLASSIFIED,[OUT_OF_SCOPE]
2015,Hyundai,Genesis,(Sensory Pack),Sedan,186856,Automatic,,16989,Unleaded,VIC,car/14953231/hyundai/genesis/vic/maidstone/sedan,2026-02-27T01:56:26,UNCLASSIFIED,[OUT_OF_SCOPE]
2022,Hyundai,Kona,N Line (Awd),Wagon,52606,Automatic,2026-02-24,34788,Unleaded,VIC,car/14844706/hyundai/kona/vic/airport-west/suv,2026-02-27T01:56:26,UNCLASSIFIED,[OUT_OF_SCOPE]
2017,Hyundai,Tucson,Active X (Fwd),Wagon,137303,Automatic,2025-12-23,16300,Unleaded,VIC,car/14932597/hyundai/tucson/vic/st-kilda/suv,2026-02-27T01:56:26,UNCLASSIFIED,[OUT_OF_SCOPE]
2010,Hyundai,I30,Sx,Hatchback,212588,Automatic,2026-03-20,6990,Unleaded,VIC,car/14968392/hyundai/i30/vic/coburg-north/hatchback,2026-02-27T01:56:26,UNCLASSIFIED,[AMBIG_BADGE]
2021,Hyundai,I30,Elite,Sedan,63554,Automatic,2026-03-07,26990,Unleaded,VIC,car/14952778/hyundai/i30/vic/essendon-fields/sedan,2026-02-27T01:56:26,UNCLASSIFIED,[OUT_OF_SCOPE]
2001,Hyundai,Sonata,,Sedan,172603,Automatic,2026-05-09,4500,Unleaded,VIC,car/14940253/hyundai/sonata/vic/west-footscray/limousine,2026-02-27T01:56:26,UNCLASSIFIED,[OUT_OF_SCOPE]
2014,Hyundai,I30,Se,Hatchback,122643,Automatic,2025-08-06,12400,Unleaded,VIC,car/14826308/hyundai/i30/vic/st-kilda/hatchback,2026-02-27T01:56:26,UNCLASSIFIED,[AMBIG_BADGE]
2017,Hyundai,I30,Active 1.6 Crdi,Hatchback,112665,Automatic,2026-03-18,15998,Diesel,VIC,car/14911749/hyundai/i30/vic/werribee/hatchback,2026-02-27T01:56:26,UNCLASSIFIED,[OUT_OF_SCOPE]
2011,Hyundai,Santa FE,ELITE CRDI (4X4),SUV,154000,Automatic,,9990,Diesel,VIC,car/14882150/hyundai/santa-fe/vic/footscray/suv,2026-02-27T01:56:26,UNCLASSIFIED,[OUT_OF_SCOPE]
2017,Hyundai,I30,Active,Hatchback,228900,Automatic,2026-05-01,13388,Diesel,VIC,car/14873057/hyundai/i30/vic/braybrook/hatchback,2026-02-27T01:56:26,UNCLASSIFIED,[OUT_OF_SCOPE]
2007,Hyundai,Sonata,,Sedan,244000,Automatic,,5500,Unleaded,VIC,car/14942389/hyundai/sonata/vic/dandenong/sedan,2026-02-27T01:56:26,UNCLASSIFIED,[OUT_OF_SCOPE]
2020,Hyundai,I30,Elite 1.6 Crdi,Hatchback,198000,Automatic,,14499,Diesel,VIC,car/14975231/hyundai/i30/vic/northcote/hatchback,2026-02-27T01:56:26,UNCLASSIFIED,[OUT_OF_SCOPE]
2016,Hyundai,Santa FE,Elite Crdi (4X4),Wagon,238420,Automatic,,14999,Diesel,VIC,car/14875292/hyundai/santa-fe/vic/west-footscray/suv,2026-02-27T01:56:26,UNCLASSIFIED,[OUT_OF_SCOPE]
2006,Hyundai,Tucson,City,Wagon,232453,Automatic,,5490,Unleaded,VIC,car/14845608/hyundai/tucson/vic/west-footscray/suv,2026-02-27T01:56:26,UNCLASSIFIED,[OUT_OF_SCOPE]
2012,Hyundai,I40,Premium,Wagon,117172,Automatic,2026-06-04,10990,Unleaded,VIC,car/14968076/hyundai/i40/vic/coburg-north/wagon,2026-02-27T01:56:26,UNCLASSIFIED,[OUT_OF_SCOPE]
2010,Hyundai,Getz,S,Hatchback,165119,Manual,2026-03-12,4990,Unleaded,VIC,car/14919578/hyundai/getz/vic/coburg-north/hatchback,2026-02-27T01:56:26,UNCLASSIFIED,[OUT_OF_SCOPE]
2015,Hyundai,I20,Active,Hatchback,140472,Automatic,2026-04-15,8999,Unleaded,VIC,car/14958262/hyundai/i20/vic/laverton-north/hatchback,2026-02-27T01:56:26,UNCLASSIFIED,[OUT_OF_SCOPE]
2016,Hyundai,Iload,Crew 6S Twin Swing,Crew Van,191000,Automatic,,13999,Diesel,VIC,car/14947206/hyundai/iload/vic/northcote/van,2026-02-27T01:56:26,UNCLASSIFIED,[OUT_OF_SCOPE]
2013,Hyundai,I30,Tourer Active 1.6 Gdi,Wagon,230100,Automatic,2026-04-15,7990,Unleaded,VIC,car/14960623/hyundai/i30/vic/maidstone/wagon,2026-02-27T01:56:26,UNCLASSIFIED,[OUT_OF_SCOPE]
2011,Hyundai,Accent,Active,Hatchback,222123,Automatic,2025-12-15,6488,Unleaded,VIC,car/14894552/hyundai/accent/vic/alphington/hatchback,2026-02-27T01:56:26,UNCLASSIFIED,[OUT_OF_SCOPE]
2012,Hyundai,I40,Premium,Wagon,161361,Automatic,2026-05-06,8990,Unleaded,VIC,car/14931679/hyundai/i40/vic/maidstone/wagon,2026-02-27T01:56:26,UNCLASSIFIED,[OUT_OF_SCOPE]
2013,Hyundai,Accent,Active,Hatchback,159541,Automatic,,8888,Unleaded,VIC,car/14971040/hyundai/accent/vic/maidstone/hatchback,2026-02-27T01:56:26,UNCLASSIFIED,[OUT_OF_SCOPE]
2012,Hyundai,I30,Active 1.6 Crdi,Hatchback,157000,Manual,2026-08-08,7990,Diesel,VIC,car/14939831/hyundai/i30/vic/williamstown-north/hatchback,2026-02-27T01:56:26,UNCLASSIFIED,[OUT_OF_SCOPE]
2013,Hyundai,Elantra,Elite,Sedan,179000,Automatic,2026-03-22,8990,Unleaded,VIC,car/14953801/hyundai/elantra/vic/williamstown-north/sedan,2026-02-27T01:56:26,UNCLASSIFIED,[OUT_OF_SCOPE]
2017,Hyundai,Tucson,Highlander (Awd),Wagon,155100,Automatic,2026-09-07,18900,Unleaded,VIC,car/14954018/hyundai/tucson/vic/st-kilda/suv,2026-02-27T01:56:26,UNCLASSIFIED,[OUT_OF_SCOPE]
2004,Hyundai,Tucson,,Wagon,189123,Automatic,,5490,Unleaded,VIC,car/14925569/hyundai/tucson/vic/west-footscray/suv,2026-02-27T01:56:26,UNCLASSIFIED,[OUT_OF_SCOPE]
2016,Hyundai,Tucson,Active X (Fwd),Wagon,200834,Automatic,2026-05-10,14288,Unleaded,VIC,car/14854400/hyundai/tucson/vic/braybrook/suv,2026-02-27T01:56:26,UNCLASSIFIED,[OUT_OF_SCOPE]
2021,Hyundai,Santa FE,Elite Mpi (2Wd),Wagon,142692,Automatic,2026-07-29,28950,Unleaded,VIC,car/14896505/hyundai/santa-fe/vic/brighton/suv,2026-02-27T01:56:26,UNCLASSIFIED,[OUT_OF_SCOPE]
2010,Hyundai,Getz,S,Hatchback,160552,Automatic,2026-08-19,6988,Unleaded,VIC,car/14943772/hyundai/getz/vic/braybrook/hatchback,2026-02-27T01:56:26,UNCLASSIFIED,[OUT_OF_SCOPE]
2016,Hyundai,Tucson,Highlander (Awd),Wagon,206419,Automatic,2026-02-18,13888,Diesel,VIC,car/14980230/hyundai/tucson/vic/preston/suv,2026-02-27T01:56:26,UNCLASSIFIED,[OUT_OF_SCOPE]
2014,Hyundai,I20,Active,Hatchback,97805,Automatic,2026-11-24,12990,Unleaded,VIC,car/14869216/hyundai/i20/vic/thomastown/hatchback,2026-02-27T01:56:26,UNCLASSIFIED,[OUT_OF_SCOPE]
2019,Hyundai,Tucson,Active (2Wd),Wagon,240111,Automatic,,11490,Unleaded,VIC,car/14982351/hyundai/tucson/vic/west-footscray/suv,2026-02-27T01:56:26,UNCLASSIFIED,[OUT_OF_SCOPE]
2012,Hyundai,Veloster,Sr Turbo,Coupe,255000,Automatic,,7749,Unleaded,VIC,car/14982999/hyundai/veloster/vic/northcote/hatchback,2026-02-27T01:56:26,UNCLASSIFIED,[OUT_OF_SCOPE]
2022,Hyundai,Staria,Load 2S 2.2D Liftback,Van,144848,Automatic,,29990,Diesel,VIC,car/14908291/hyundai/staria/vic/coburg-north/van,2026-02-27T01:56:26,UNCLASSIFIED,[OUT_OF_SCOPE]
2013,Hyundai,Accent,Active,Sedan,203000,Automatic,,5999,Unleaded,VIC,car/14982990/hyundai/accent/vic/northcote/sedan,2026-02-27T01:56:26,UNCLASSIFIED,[OUT_OF_SCOPE]
2016,Hyundai,I30,Active X,Hatchback,120623,Automatic,2026-03-12,14999,Unleaded,VIC,car/14980907/hyundai/i30/vic/maribyrnong/hatchback,2026-02-27T01:56:26,hyundai_i30_active_petrol_auto_hatch_gd,[OK]
2017,Hyundai,Santa FE,ACTIVE,SUV,112500,,2026-01-09,18999,Other,VIC,car/14831495/hyundai/santa-fe/vic/ravenhall/suv,2026-02-27T01:56:26,UNCLASSIFIED,[OUT_OF_SCOPE]
2016,Hyundai,Tucson,Active X (Fwd),Wagon,166242,Automatic,,15989,Unleaded,VIC,car/14981469/hyundai/tucson/vic/maidstone/suv,2026-02-27T01:56:26,UNCLASSIFIED,[OUT_OF_SCOPE]
2017,Hyundai,Tucson,Active X (Fwd),Wagon,100250,Automatic,2027-01-18,17888,Unleaded,VIC,car/14978773/hyundai/tucson/vic/preston/suv,2026-02-27T01:56:26,UNCLASSIFIED,[OUT_OF_SCOPE]
2024,Hyundai,Venue,,Wagon,27823,Automatic,,22990,Unleaded,VIC,car/14968911/hyundai/venue/vic/essendon-fields/suv,2026-02-27T01:56:26,UNCLASSIFIED,[OUT_OF_SCOPE]
2025,Hyundai,I30,,Sedan,74000,Automatic,2026-03-24,24990,Unleaded,VIC,car/14978887/hyundai/i30/vic/port-melbourne/sedan,2026-02-27T01:56:26,UNCLASSIFIED,[OUT_OF_SCOPE]
2014,Hyundai,Elantra,Premium,Sedan,162028,Automatic,2026-04-08,10990,Unleaded,VIC,car/14976920/hyundai/elantra/vic/coburg-north/sedan,2026-02-27T01:56:26,UNCLASSIFIED,[OUT_OF_SCOPE]
2023,Hyundai,I30,Active,Hatchback,35578,Automatic,2026-04-11,27990,Unleaded,VIC,car/14933021/hyundai/i30/vic/essendon-fields/hatchback,2026-02-27T01:56:26,UNCLASSIFIED,[OUT_OF_SCOPE_YEAR]
2014,Hyundai,Imax,,Wagon,164091,Automatic,2025-12-31,19999,Diesel,VIC,car/14925520/hyundai/imax/vic/braybrook/people-mover,2026-02-27T01:56:26,UNCLASSIFIED,[OUT_OF_SCOPE]
2017,Hyundai,Elantra,Elite 2.0 Mpi,Sedan,137111,Automatic,2027-01-25,14888,Unleaded,VIC,car/14960617/hyundai/elantra/vic/maidstone/sedan,2026-02-27T01:56:26,UNCLASSIFIED,[OUT_OF_SCOPE]
2020,Hyundai,Palisade,Highlander (8 Seat),Wagon,137240,Automatic,2026-06-23,36990,Diesel,VIC,car/14947305/hyundai/palisade/vic/port-melbourne/suv,2026-02-27T01:56:26,UNCLASSIFIED,[OUT_OF_SCOPE]
2025,Hyundai,Palisade,Elite (7 Seat),Wagon,11897,Automatic,,66450,Diesel,VIC,car/14910605/hyundai/palisade/vic/elsternwick/suv,2026-02-27T01:56:26,UNCLASSIFIED,[OUT_OF_SCOPE]
2013,Hyundai,Accent,Active,Hatchback,26990,Automatic,2026-02-27,12888,Unleaded,VIC,car/14858552/hyundai/accent/vic/alphington/hatchback,2026-02-27T01:56:26,UNCLASSIFIED,[OUT_OF_SCOPE]
2013,Hyundai,Elantra,Active,Sedan,220288,Automatic,,8990,Unleaded,VIC,car/14885852/hyundai/elantra/vic/williamstown-north/sedan,2026-02-27T01:56:26,UNCLASSIFIED,[OUT_OF_SCOPE]
2016,Hyundai,Accent,Active,Hatchback,100786,Automatic,,12990,Unleaded,VIC,car/14945419/hyundai/accent/vic/williamstown-north/hatchback,2026-02-27T01:56:26,UNCLASSIFIED,[OUT_OF_SCOPE]
2018,Hyundai,I30,Sr Premium,Hatchback,106037,Automatic,2026-10-23,21990,Unleaded,VIC,car/14959613/hyundai/i30/vic/preston/hatchback,2026-02-27T01:56:26,UNCLASSIFIED,[AMBIG_BADGE]
2016,Hyundai,Santa FE,Sr Crdi (4X4),Wagon,99906,Automatic,2026-12-18,23500,Diesel,VIC,car/14971224/hyundai/santa-fe/vic/port-melbourne/suv,2026-02-27T01:56:26,UNCLASSIFIED,[OUT_OF_SCOPE]
2023,Hyundai,Tucson,N Line (Fwd),Wagon,72314,Automatic,2026-05-29,33990,Unleaded,VIC,car/14937269/hyundai/tucson/vic/preston/suv,2026-02-27T01:56:26,UNCLASSIFIED,[OUT_OF_SCOPE]
2009,Hyundai,I30,Sx,Hatchback,125124,Manual,2025-12-18,8490,Unleaded,VIC,car/14841864/hyundai/i30/vic/oakleigh-south/hatchback,2026-02-27T01:56:26,UNCLASSIFIED,[OUT_OF_SCOPE]
2017,Hyundai,Tucson,Active R-Series (Awd),Wagon,262708,Automatic,2026-02-04,11990,Diesel,VIC,car/14954185/hyundai/tucson/vic/west-footscray/suv,2026-02-27T01:56:26,UNCLASSIFIED,[OUT_OF_SCOPE]
2007,Hyundai,Santa FE,Slx (4X4),Wagon,244975,Automatic,2026-06-13,5500,Unleaded,VIC,car/14941096/hyundai/santa-fe/vic/west-footscray/suv,2026-02-27T01:56:26,UNCLASSIFIED,[OUT_OF_SCOPE]
2021,Hyundai,I30,N Line,Hatchback,54001,Automatic,2026-04-30,26730,Unleaded,VIC,car/14933551/hyundai/i30/vic/berwick/hatchback,2026-02-27T01:56:26,UNCLASSIFIED,[AMBIG_BADGE]
2023,Hyundai,Ioniq 6,Dynamiq 2Wd,Sedan,17861,Automatic,,39950,Electric,VIC,car/14958858/hyundai/ioniq-6/vic/elsternwick/sedan,2026-02-27T01:56:26,UNCLASSIFIED,[OUT_OF_SCOPE]
2008,Hyundai,Santa FE,Elite Crdi (4X4),Wagon,166409,Automatic,,9990,Diesel,VIC,car/14928403/hyundai/santa-fe/vic/williamstown-north/suv,2026-02-27T01:56:26,UNCLASSIFIED,[OUT_OF_SCOPE]
2016,Hyundai,Veloster,Sr Turbo,Coupe,156573,Automatic,,14499,Unleaded,VIC,car/14933243/hyundai/veloster/vic/laverton-north/hatchback,2026-02-27T01:56:26,UNCLASSIFIED,[OUT_OF_SCOPE]
2023,Hyundai,Ioniq 6,Techniq Awd,Sedan,15268,Automatic,,44950,Electric,VIC,car/14948353/hyundai/ioniq-6/vic/elsternwick/sedan,2026-02-27T01:56:26,UNCLASSIFIED,[OUT_OF_SCOPE]
2016,Hyundai,Santa FE,30 Special Edition,Wagon,124067,Automatic,2026-03-22,19990,Unleaded,VIC,car/14932701/hyundai/santa-fe/vic/west-footscray/suv,2026-02-27T01:56:26,UNCLASSIFIED,[OUT_OF_SCOPE]
2024,Hyundai,I30,Active,Hatchback,6654,Automatic,2026-05-20,43980,Unleaded,VIC,car/14954837/hyundai/i30/vic/berwick/hatchback,2026-02-27T01:56:26,UNCLASSIFIED,[OUT_OF_SCOPE_YEAR]
2024,Hyundai,Venue,Elite (Black) Sunroof,Wagon,30911,Automatic,2026-03-02,24990,Unleaded,VIC,car/14834594/hyundai/venue/vic/coburg-north/suv,2026-02-27T01:56:26,UNCLASSIFIED,[OUT_OF_SCOPE]
2016,Hyundai,Veloster,Sr Turbo,Coupe,130546,Automatic,,16989,Unleaded,VIC,car/14889547/hyundai/veloster/vic/maidstone/hatchback,2026-02-27T01:56:26,UNCLASSIFIED,[OUT_OF_SCOPE]
2023,Hyundai,I30,Active,Hatchback,50700,Automatic,2026-02-09,26490,Unleaded,VIC,car/14932044/hyundai/i30/vic/essendon-fields/hatchback,2026-02-27T01:56:26,UNCLASSIFIED,[OUT_OF_SCOPE_YEAR]
2021,Hyundai,Tucson,(Fwd),Wagon,255343,Automatic,2026-02-16,18499,Unleaded,VIC,car/14858231/hyundai/tucson/vic/braybrook/suv,2026-02-27T01:56:26,UNCLASSIFIED,[OUT_OF_SCOPE]
2015,Hyundai,IX35,Active (Fwd),Wagon,118980,Automatic,2026-02-27,15999,Unleaded,VIC,car/14887843/hyundai/ix35/vic/braybrook/suv,2026-02-27T01:56:26,UNCLASSIFIED,[OUT_OF_SCOPE]
2016,Hyundai,Iload,,Van,32505,Automatic,2026-08-02,29990,Diesel,VIC,car/14829447/hyundai/iload/vic/thomastown/van,2026-02-27T01:56:26,UNCLASSIFIED,[OUT_OF_SCOPE]
2018,Hyundai,Tucson,Active (Fwd),Wagon,135845,Automatic,,17989,Unleaded,VIC,car/14945259/hyundai/tucson/vic/maidstone/suv,2026-02-27T01:56:26,UNCLASSIFIED,[OUT_OF_SCOPE]
2023,Hyundai,Ioniq 5,Epiq Awd,Wagon,19208,Automatic,,49950,Electric,VIC,car/14956330/hyundai/ioniq-5/vic/elsternwick/suv,2026-02-27T01:56:26,UNCLASSIFIED,[OUT_OF_SCOPE]
2013,Hyundai,I20,Active,Hatchback,126704,Automatic,2026-06-27,9990,Unleaded,VIC,car/14916233/hyundai/i20/vic/williamstown-north/hatchback,2026-02-27T01:56:26,UNCLASSIFIED,[OUT_OF_SCOPE]
2021,Hyundai,Palisade,Highlander (8 Seat),Wagon,93398,Automatic,2026-06-30,44990,Diesel,VIC,car/14908584/hyundai/palisade/vic/preston/suv,2026-02-27T01:56:26,UNCLASSIFIED,[OUT_OF_SCOPE]
2012,Hyundai,I40,Active,Wagon,196000,Automatic,,9990,Diesel,VIC,car/14918477/hyundai/i40/vic/preston/wagon,2026-02-27T01:56:26,UNCLASSIFIED,[OUT_OF_SCOPE]
2016,Hyundai,Tucson,Active X (Fwd),Wagon,136206,Automatic,,16990,Unleaded,VIC,car/14948798/hyundai/tucson/vic/williamstown-north/suv,2026-02-27T01:56:26,UNCLASSIFIED,[OUT_OF_SCOPE]
2021,Hyundai,Santa FE,Crdi (Awd),Wagon,83696,Automatic,2026-04-10,28990,Diesel,VIC,car/14913373/hyundai/santa-fe/vic/preston/suv,2026-02-27T01:56:26,UNCLASSIFIED,[OUT_OF_SCOPE]
2021,Hyundai,Tucson,(Fwd),Wagon,28496,Automatic,2026-06-30,31480,Unleaded,VIC,car/14958680/hyundai/tucson/vic/south-melbourne/suv,2026-02-27T01:56:26,UNCLASSIFIED,[OUT_OF_SCOPE]
2019,Hyundai,I30,Active,Hatchback,146465,Automatic,2026-02-16,17880,Unleaded,VIC,car/14952602/hyundai/i30/vic/maidstone/hatchback,2026-02-27T01:56:26,UNCLASSIFIED,[OUT_OF_SCOPE_YEAR]
2008,Hyundai,Tucson,City Elite,Wagon,298890,Automatic,2026-03-19,6999,Unleaded,VIC,car/14857638/hyundai/tucson/vic/braybrook/suv,2026-02-27T01:56:26,UNCLASSIFIED,[OUT_OF_SCOPE]
2021,Hyundai,Tucson,Highlander (Awd),Wagon,100515,Automatic,2026-03-16,22880,Unleaded,VIC,car/14943852/hyundai/tucson/vic/berwick/suv,2026-02-27T01:56:26,UNCLASSIFIED,[OUT_OF_SCOPE]
2014,Hyundai,IX35,Highlander (Awd),Wagon,115283,Automatic,2026-04-30,15999,Diesel,VIC,car/14942404/hyundai/ix35/vic/braybrook/suv,2026-02-27T01:56:26,UNCLASSIFIED,[OUT_OF_SCOPE]
2014,Hyundai,IX35,Se (Fwd),Wagon,185794,Automatic,2026-02-26,12888,Unleaded,VIC,car/14973981/hyundai/ix35/vic/preston/suv,2026-02-27T01:56:26,UNCLASSIFIED,[OUT_OF_SCOPE]
2022,Hyundai,Tucson,Highlander N Line (Awd),Wagon,102017,Automatic,2026-02-03,36990,Diesel,VIC,car/14887953/hyundai/tucson/vic/essendon-fields/suv,2026-02-27T01:56:26,UNCLASSIFIED,[OUT_OF_SCOPE]
2021,Hyundai,I30,,Hatchback,66606,Automatic,2026-06-23,24880,Unleaded,VIC,car/14959956/hyundai/i30/vic/melbourne/hatchback,2026-02-27T01:56:26,UNCLASSIFIED,[AMBIG_BADGE]
2024,Hyundai,Kona,Electric Premium N Line,Wagon,22669,Automatic,,47450,Electric,VIC,car/14967107/hyundai/kona/vic/elsternwick/suv,2026-02-27T01:56:26,UNCLASSIFIED,[OUT_OF_SCOPE]
2004,Hyundai,Accent,1.6,Hatchback,179000,Automatic,,4490,Unleaded,VIC,car/14843424/hyundai/accent/vic/west-footscray/hatchback,2026-02-27T01:56:26,UNCLASSIFIED,[OUT_OF_SCOPE]
2024,Hyundai,Santa FE,Hev (Awd),Wagon,51464,Automatic,2026-03-28,64990,Hybrid,VIC,car/14953723/hyundai/santa-fe/vic/preston/suv,2026-02-27T01:56:26,UNCLASSIFIED,[OUT_OF_SCOPE]
2007,Hyundai,Accent,1.6,Sedan,119866,Automatic,2026-04-03,6999,Unleaded,VIC,car/14942398/hyundai/accent/vic/braybrook/sedan,2026-02-27T01:56:26,UNCLASSIFIED,[OUT_OF_SCOPE]
2010,Hyundai,I30,Sx,Hatchback,274431,Manual,2026-08-15,4999,Unleaded,VIC,car/14889587/hyundai/i30/vic/west-footscray/hatchback,2026-02-27T01:56:26,UNCLASSIFIED,[OUT_OF_SCOPE]
2018,Hyundai,Tucson,Go Crdi (Awd),Wagon,181000,Automatic,,16990,Diesel,VIC,car/14925414/hyundai/tucson/vic/footscray/suv,2026-02-27T01:56:26,UNCLASSIFIED,[OUT_OF_SCOPE]
2018,Hyundai,Accent,Sport,Sedan,64117,Automatic,2026-06-26,17990,Unleaded,VIC,car/14943098/hyundai/accent/vic/preston/sedan,2026-02-27T01:56:26,UNCLASSIFIED,[OUT_OF_SCOPE]
2017,Hyundai,Santa FE,Active X,Wagon,99040,Automatic,,20190,Unleaded,VIC,car/14961525/hyundai/santa-fe/vic/laverton-north/suv,2026-02-27T01:56:26,UNCLASSIFIED,[OUT_OF_SCOPE]
2024,Hyundai,Santa FE,Elite Hev (7 Seat),Wagon,29807,Automatic,,59990,Hybrid,VIC,car/14921570/hyundai/santa-fe/vic/elsternwick/suv,2026-02-27T01:56:26,UNCLASSIFIED,[OUT_OF_SCOPE]
2016,Hyundai,Santa FE,Highlander Crdi (4X4),Wagon,163501,Automatic,2026-04-27,19887,Diesel,VIC,car/14959710/hyundai/santa-fe/vic/preston/suv,2026-02-27T01:56:26,UNCLASSIFIED,[OUT_OF_SCOPE]
2020,Hyundai,Kona,Active (Fwd),Wagon,59659,Automatic,2026-03-17,24990,Unleaded,VIC,car/14852790/hyundai/kona/vic/essendon-fields/suv,2026-02-27T01:56:26,UNCLASSIFIED,[OUT_OF_SCOPE]
2022,Hyundai,Venue,Active,Wagon,41866,Automatic,2026-03-06,23490,Unleaded,VIC,car/14938654/hyundai/venue/vic/port-melbourne/suv,2026-02-27T01:56:26,UNCLASSIFIED,[OUT_OF_SCOPE]
2022,Hyundai,Kona,Elite (Fwd),Wagon,73208,Automatic,2026-07-08,25990,Unleaded,VIC,car/14985446/hyundai/kona/vic/preston/suv,2026-02-27T01:56:26,UNCLASSIFIED,[OUT_OF_SCOPE]
2014,Hyundai,Santa FE,Elite Crdi (4X4),Wagon,209000,Automatic,2026-07-14,10990,Diesel,VIC,car/14985215/hyundai/santa-fe/vic/williamstown-north/suv,2026-02-27T01:56:26,UNCLASSIFIED,[OUT_OF_SCOPE]
2023,Hyundai,Sonata,N Line,Sedan,47978,Automatic,2026-02-23,41990,Unleaded,VIC,car/14981569/hyundai/sonata/vic/preston/sedan,2026-02-27T01:56:26,UNCLASSIFIED,[OUT_OF_SCOPE]
2021,Hyundai,Staria,Load 2S 2.2D Liftback,Van,103172,Automatic,,34888,Diesel,VIC,car/14928872/hyundai/staria/vic/tottenham/van,2026-02-27T01:56:26,UNCLASSIFIED,[OUT_OF_SCOPE]
2020,Hyundai,Palisade,Highlander (8 Seat),Wagon,80777,Automatic,2026-02-08,44990,Unleaded,VIC,car/14947339/hyundai/palisade/vic/port-melbourne/suv,2026-02-27T01:56:26,UNCLASSIFIED,[OUT_OF_SCOPE]
2016,Hyundai,Accent,Active,Hatchback,143144,Automatic,2026-02-09,10990,Unleaded,VIC,car/14943950/hyundai/accent/vic/maidstone/hatchback,2026-02-27T01:56:26,UNCLASSIFIED,[OUT_OF_SCOPE]
2015,Hyundai,I30,Active,Hatchback,76617,Manual,,12990,Unleaded,VIC,car/14929152/hyundai/i30/vic/nunawading/hatchback,2026-02-27T01:56:26,UNCLASSIFIED,[OUT_OF_SCOPE]
2015,Hyundai,IX35,Se (Fwd),Wagon,207355,Automatic,2026-06-09,9999,Unleaded,VIC,car/14954100/hyundai/ix35/vic/williamstown-north/suv,2026-02-27T01:56:26,UNCLASSIFIED,[OUT_OF_SCOPE]
2015,Hyundai,Tucson,Active X (Fwd),Wagon,157888,Automatic,,14390,Unleaded,VIC,car/14966381/hyundai/tucson/vic/laverton-north/suv,2026-02-27T01:56:26,UNCLASSIFIED,[OUT_OF_SCOPE]
2009,Hyundai,Tucson,City Sx,Wagon,288426,Automatic,2022-06-30,7500,Unleaded,VIC,car/12428950/hyundai/tucson/vic/west-footscray/suv,2026-02-27T01:56:26,UNCLASSIFIED,[OUT_OF_SCOPE]
2004,Hyundai,Elantra,Elite 2.0 Hvt,Sedan,150000,Automatic,2026-03-29,4999,Unleaded,VIC,car/14952985/hyundai/elantra/vic/nunawading/sedan,2026-02-27T01:56:26,UNCLASSIFIED,[OUT_OF_SCOPE]
2014,Hyundai,IX35,Elite (Awd),Wagon,178988,Automatic,2026-09-25,10990,Unleaded,VIC,car/14962049/hyundai/ix35/vic/oakleigh-south/suv,2026-02-27T01:56:26,UNCLASSIFIED,[OUT_OF_SCOPE]
2011,Hyundai,I30,Sx,Hatchback,150425,Automatic,2025-10-28,9888,Unleaded,VIC,car/14633599/hyundai/i30/vic/werribee/hatchback,2026-02-27T01:56:26,UNCLASSIFIED,[AMBIG_BADGE]
2009,Hyundai,Getz,S,Hatchback,203150,Automatic,2026-05-20,4999,Unleaded,VIC,car/14956791/hyundai/getz/vic/williamstown-north/hatchback,2026-02-27T01:56:26,UNCLASSIFIED,[OUT_OF_SCOPE]
2019,Hyundai,Santa FE,Highlander Crdi Blk-Bge (Awd),Wagon,58691,Automatic,2026-11-28,39990,Diesel,VIC,car/14859324/hyundai/santa-fe/vic/south-melbourne/suv,2026-02-27T01:56:26,UNCLASSIFIED,[OUT_OF_SCOPE]
2024,Hyundai,I30,(Bev),Sedan,20114,Automatic,2026-01-07,28990,Hybrid,VIC,car/14722838/hyundai/i30/vic/essendon-fields/sedan,2026-02-27T01:56:26,UNCLASSIFIED,[OUT_OF_SCOPE]
2010,Hyundai,I30,Sx,Hatchback,190210,Automatic,2026-03-17,8988,Unleaded,VIC,car/14927234/hyundai/i30/vic/braybrook/hatchback,2026-02-27T01:56:26,UNCLASSIFIED,[AMBIG_BADGE]
2019,Hyundai,Santa FE,Highlander Crdi Satin Awd,Wagon,94338,Automatic,,33990,Diesel,VIC,car/14941125/hyundai/santa-fe/vic/elsternwick/suv,2026-02-27T01:56:26,UNCLASSIFIED,[OUT_OF_SCOPE]
2024,Hyundai,Kona,N Line,Wagon,5737,Automatic,2026-01-14,39990,Unleaded,VIC,car/14827412/hyundai/kona/vic/essendon-fields/suv,2026-02-27T01:56:26,UNCLASSIFIED,[OUT_OF_SCOPE]
2023,Hyundai,Kona,Premium,Wagon,32029,Automatic,2026-04-26,35990,Unleaded,VIC,car/14958660/hyundai/kona/vic/south-melbourne/suv,2026-02-27T01:56:26,UNCLASSIFIED,[OUT_OF_SCOPE]
2021,Hyundai,Tucson,Highlander (Fwd),Wagon,82987,Automatic,2026-05-06,34888,Unleaded,VIC,car/14951474/hyundai/tucson/vic/tottenham/suv,2026-02-27T01:56:26,UNCLASSIFIED,[OUT_OF_SCOPE]
2020,Hyundai,Tucson,Active X (2Wd) Black Int,Wagon,71671,Automatic,2026-06-24,26990,Unleaded,VIC,car/14954542/hyundai/tucson/vic/essendon-fields/suv,2026-02-27T01:56:26,UNCLASSIFIED,[OUT_OF_SCOPE]
2023,Hyundai,Ioniq 6,Techniq Awd,Sedan,16142,Automatic,,44950,Electric,VIC,car/14967176/hyundai/ioniq-6/vic/elsternwick/sedan,2026-02-27T01:56:26,UNCLASSIFIED,[OUT_OF_SCOPE]
2024,Hyundai,Kona,Hybrid N Line,Wagon,16513,Automatic,2026-09-30,45333,Hybrid,VIC,car/14959963/hyundai/kona/vic/melbourne/suv,2026-02-27T01:56:26,UNCLASSIFIED,[OUT_OF_SCOPE]
2009,Hyundai,I30,Sx,Hatchback,204165,Automatic,,8750,Unleaded,VIC,car/14954899/hyundai/i30/vic/dandenong/hatchback,2026-02-27T01:56:26,UNCLASSIFIED,[AMBIG_BADGE]
2022,Hyundai,Tucson,Highlander N Line (Awd),Wagon,50104,Automatic,2000-01-01,41990,Unleaded,VIC,car/14921249/hyundai/tucson/vic/preston/suv,2026-02-27T01:56:26,UNCLASSIFIED,[OUT_OF_SCOPE]
2024,Hyundai,Santa FE,Calligraphy (7 Seat) (Blk Int),Wagon,23354,Automatic,2026-06-13,68880,Hybrid,VIC,car/14959964/hyundai/santa-fe/vic/melbourne/suv,2026-02-27T01:56:26,UNCLASSIFIED,[OUT_OF_SCOPE]
2022,Hyundai,Tucson,Highlander N Line (Awd),Wagon,79396,Automatic,,39990,Unleaded,VIC,car/14904738/hyundai/tucson/vic/elsternwick/suv,2026-02-27T01:56:26,UNCLASSIFIED,[OUT_OF_SCOPE]
2015,Hyundai,I30,Tourer Active 1.6 Gdi,Wagon,165600,Automatic,2026-03-17,12488,Unleaded,VIC,car/14926905/hyundai/i30/vic/alphington/wagon,2026-02-27T01:56:26,UNCLASSIFIED,[OUT_OF_SCOPE]
2020,Hyundai,Palisade,Highlander (8 Seat),Wagon,110483,Automatic,2026-04-22,41990,Diesel,VIC,car/14960407/hyundai/palisade/vic/preston/suv,2026-02-27T01:56:26,UNCLASSIFIED,[OUT_OF_SCOPE]
2021,Hyundai,Kona,(Fwd),Wagon,89473,Automatic,2000-01-01,21990,Unleaded,VIC,car/14832144/hyundai/kona/vic/preston/suv,2026-02-27T01:56:26,UNCLASSIFIED,[OUT_OF_SCOPE]
2019,Hyundai,Tucson,Elite (Awd) Beige Int,Wagon,73983,Automatic,,26450,Diesel,VIC,car/14969188/hyundai/tucson/vic/elsternwick/suv,2026-02-27T01:56:26,UNCLASSIFIED,[OUT_OF_SCOPE]
2022,Hyundai,I30,,Hatchback,37639,Automatic,,26990,Unleaded,VIC,car/14970130/hyundai/i30/vic/coburg-north/hatchback,2026-02-27T01:56:26,UNCLASSIFIED,[AMBIG_BADGE]
2017,Hyundai,I30,Sr,Hatchback,79337,Manual,2026-05-22,19500,Unleaded,VIC,car/14826503/hyundai/i30/vic/burwood/hatchback,2026-02-27T01:56:26,UNCLASSIFIED,[OUT_OF_SCOPE]
2020,Hyundai,Santa FE,Active Crdi (Awd),Wagon,89813,Automatic,,25890,Diesel,VIC,car/14842846/hyundai/santa-fe/vic/laverton-north/suv,2026-02-27T01:56:26,UNCLASSIFIED,[OUT_OF_SCOPE]
2016,Hyundai,I30,ACTIVE X,Hatch,106400,,,13490,Other,VIC,car/14499093/hyundai/i30/vic/ravenhall/hatchback,2026-02-27T01:56:26,UNCLASSIFIED,[AMBIG_FUEL]
2022,Hyundai,I30,Active,Sedan,76000,Automatic,2026-09-13,24250,Unleaded,VIC,car/14956867/hyundai/i30/vic/nunawading/sedan,2026-02-27T01:56:26,UNCLASSIFIED,[OUT_OF_SCOPE]
2024,Hyundai,Venue,,Wagon,25661,Automatic,,22990,Unleaded,VIC,car/14968917/hyundai/venue/vic/essendon-fields/suv,2026-02-27T01:56:26,UNCLASSIFIED,[OUT_OF_SCOPE]
2021,Hyundai,Kona,Active (Fwd),Wagon,328899,Automatic,,27999,Unleaded,VIC,car/14578082/hyundai/kona/vic/melton/suv,2026-02-27T01:56:26,UNCLASSIFIED,[OUT_OF_SCOPE]
2015,Hyundai,Tucson,Active X (Fwd),Wagon,88032,Automatic,,16890,Unleaded,VIC,car/14907373/hyundai/tucson/vic/laverton-north/suv,2026-02-27T01:56:26,UNCLASSIFIED,[OUT_OF_SCOPE]
2017,Hyundai,Tucson,Active R-Series (Awd),Wagon,130858,Automatic,,17190,Diesel,VIC,car/14929214/hyundai/tucson/vic/laverton-north/suv,2026-02-27T01:56:26,UNCLASSIFIED,[OUT_OF_SCOPE]
2012,Hyundai,Veloster,+,Coupe,162075,Automatic,2026-01-02,10488,Unleaded,VIC,car/14450477/hyundai/veloster/vic/braybrook/hatchback,2026-02-27T01:56:26,UNCLASSIFIED,[OUT_OF_SCOPE]
2017,Hyundai,Tucson,Active X (Fwd),Wagon,100317,Automatic,2026-10-31,19991,Unleaded,VIC,car/14974657/hyundai/tucson/vic/bundoora/suv,2026-02-27T01:56:26,UNCLASSIFIED,[OUT_OF_SCOPE]
2011,Hyundai,Iload,,Commercial,211957,Manual,2026-03-29,14999,Diesel,VIC,car/14960360/hyundai/iload/vic/briar-hill/van,2026-02-27T01:56:26,UNCLASSIFIED,[OUT_OF_SCOPE]
2017,Hyundai,Veloster,Sr Turbo,Coupe,81397,Automatic,2026-01-26,18990,Unleaded,VIC,car/14676972/hyundai/veloster/vic/bentleigh/hatchback,2026-02-27T01:56:26,UNCLASSIFIED,[OUT_OF_SCOPE]
2013,Hyundai,IX35,Se (Fwd),Wagon,132890,Automatic,2025-10-15,14900,Unleaded,VIC,car/14965944/hyundai/ix35/vic/cheltenham/suv,2026-02-27T01:56:26,UNCLASSIFIED,[OUT_OF_SCOPE]
2019,Hyundai,Iload,3S Liftback,Van,182162,Automatic,,27990,Diesel,VIC,car/14917929/hyundai/iload/vic/coburg-north/van,2026-02-27T01:56:26,UNCLASSIFIED,[OUT_OF_SCOPE]
2008,Hyundai,I30,Sx,Hatchback,184507,Automatic,2026-01-27,8999,Unleaded,VIC,car/14546523/hyundai/i30/vic/deer-park/hatchback,2026-02-27T01:56:26,UNCLASSIFIED,[AMBIG_BADGE]
2009,Hyundai,Tucson,City Elite,Wagon,189900,Automatic,2026-03-14,6990,Unleaded,VIC,car/14932561/hyundai/tucson/vic/thomastown/suv,2026-02-27T01:56:26,UNCLASSIFIED,[OUT_OF_SCOPE]
2019,Hyundai,I30,Active,Hatchback,89000,Automatic,2026-04-21,18300,Unleaded,VIC,car/14951963/hyundai/i30/vic/nunawading/hatchback,2026-02-27T01:56:26,UNCLASSIFIED,[OUT_OF_SCOPE_YEAR]
2024,Hyundai,I30,(Bev),Sedan,29083,Automatic,2026-02-03,27990,Hybrid,VIC,car/14795099/hyundai/i30/vic/essendon-fields/sedan,2026-02-27T01:56:26,UNCLASSIFIED,[OUT_OF_SCOPE]
2013,Hyundai,I30,Elite,Hatchback,157191,Automatic,2026-03-17,13999,Unleaded,VIC,car/14916671/hyundai/i30/vic/sunshine/hatchback,2026-02-27T01:56:26,UNCLASSIFIED,[AMBIG_BADGE]
2023,Hyundai,Ioniq 6,Epiq Awd,Sedan,26880,Automatic,,46950,Electric,VIC,car/14955764/hyundai/ioniq-6/vic/elsternwick/sedan,2026-02-27T01:56:26,UNCLASSIFIED,[OUT_OF_SCOPE]
2025,Hyundai,Santa FE,Hev (Awd),Wagon,16305,Automatic,2026-07-12,57490,Hybrid,VIC,car/14903174/hyundai/santa-fe/vic/melbourne/suv,2026-02-27T01:56:26,UNCLASSIFIED,[OUT_OF_SCOPE]
2023,Hyundai,Palisade,Calligraphy (7 Seat),Wagon,32177,Automatic,2026-08-17,65990,Diesel,VIC,car/14967823/hyundai/palisade/vic/melbourne/suv,2026-02-27T01:56:26,UNCLASSIFIED,[OUT_OF_SCOPE]
2024,Hyundai,Santa FE,Calligraphy (6 Seat) (Grn Int),Wagon,42900,Automatic,2026-07-12,65990,Hybrid,VIC,car/14961306/hyundai/santa-fe/vic/melbourne/suv,2026-02-27T01:56:26,UNCLASSIFIED,[OUT_OF_SCOPE]
2023,Hyundai,Tucson,Highlander (Awd),Wagon,42435,Automatic,2026-04-22,41990,Diesel,VIC,car/14830250/hyundai/tucson/vic/south-melbourne/suv,2026-02-27T01:56:26,UNCLASSIFIED,[OUT_OF_SCOPE]
2022,Hyundai,Santa FE,Highlander Hev (6 Seat),Wagon,35900,Automatic,,51888,Hybrid,VIC,car/14950238/hyundai/santa-fe/vic/tottenham/suv,2026-02-27T01:56:26,UNCLASSIFIED,[OUT_OF_SCOPE]
2020,Hyundai,Tucson,Active X (2Wd) Black Int,Wagon,85810,Automatic,2026-11-30,24890,Unleaded,VIC,car/14984276/hyundai/tucson/vic/bundoora/suv,2026-02-27T01:56:26,UNCLASSIFIED,[OUT_OF_SCOPE]
2011,Hyundai,I30,Sx,Hatchback,163129,Automatic,2026-06-12,6990,Unleaded,VIC,car/14982872/hyundai/i30/vic/oakleigh-south/hatchback,2026-02-27T01:56:26,UNCLASSIFIED,[AMBIG_BADGE]
2017,Hyundai,I30,Active,Hatchback,114315,Automatic,2026-07-30,16725,Unleaded,VIC,car/14982451/hyundai/i30/vic/burwood/hatchback,2026-02-27T01:56:26,hyundai_i30_active_petrol_auto_hatch_pd,[OK]
2009,Hyundai,I30,SX,Hatch,203005,Automatic,2026-01-04,6688,Other,VIC,car/14777829/hyundai/i30/vic/alphington/hatchback,2026-02-27T01:56:26,UNCLASSIFIED,[AMBIG_FUEL]
2020,Hyundai,Iload,3S Liftback,Van,112095,Automatic,,33990,Diesel,VIC,car/14979488/hyundai/iload/vic/coburg-north/van,2026-02-27T01:56:26,UNCLASSIFIED,[OUT_OF_SCOPE]
2019,Hyundai,Iload,3S Liftback,Van,89196,Automatic,,34788,Diesel,VIC,car/14980988/hyundai/iload/vic/airport-west/van,2026-02-27T01:56:26,UNCLASSIFIED,[OUT_OF_SCOPE]
2011,Hyundai,I30,SLX,Hatch,366493,Manual,2022-06-09,4999,Diesel,VIC,car/14596209/hyundai/i30/vic/hoppers-crossing/hatchback,2026-02-27T01:56:26,UNCLASSIFIED,[OUT_OF_SCOPE]
2018,Hyundai,I30,Active,Hatchback,102000,Automatic,2026-05-17,16499,Unleaded,VIC,car/14978783/hyundai/i30/vic/laverton-north/hatchback,2026-02-27T01:56:26,UNCLASSIFIED,[OUT_OF_SCOPE_YEAR]
2022,Hyundai,Tucson,(Fwd),Wagon,83405,Automatic,2026-05-25,26990,Unleaded,VIC,car/14982108/hyundai/tucson/vic/coburg-north/suv,2026-02-27T01:56:26,UNCLASSIFIED,[OUT_OF_SCOPE]
2012,Hyundai,Elantra,Elite,Sedan,170012,Automatic,2026-01-18,12888,Unleaded,VIC,car/14735617/hyundai/elantra/vic/laverton-north/sedan,2026-02-27T01:56:26,UNCLASSIFIED,[OUT_OF_SCOPE]
2017,Hyundai,Kona,Active,Wagon,115421,Automatic,2026-04-24,17999,Unleaded,VIC,car/14978730/hyundai/kona/vic/ravenhall/suv,2026-02-27T01:56:26,UNCLASSIFIED,[OUT_OF_SCOPE]
2019,Hyundai,Accent,Sport,Hatchback,63107,Automatic,2026-04-11,16997,Unleaded,VIC,car/14978659/hyundai/accent/vic/fawkner/hatchback,2026-02-27T01:56:26,UNCLASSIFIED,[OUT_OF_SCOPE]
2019,Hyundai,Elantra,Active,Sedan,164256,Automatic,,15999,Unleaded,VIC,car/14533064/hyundai/elantra/vic/braybrook/sedan,2026-02-27T01:56:26,UNCLASSIFIED,[OUT_OF_SCOPE]
2011,Hyundai,I30,Slx 1.6 Crdi,Hatchback,97502,Manual,2026-04-14,7900,Diesel,VIC,car/14979382/hyundai/i30/vic/cheltenham/hatchback,2026-02-27T01:56:26,UNCLASSIFIED,[OUT_OF_SCOPE]
2021,Hyundai,Venue,Elite (Denim) Two-Tone Roof,Wagon,82087,Automatic,2026-04-23,22777,Unleaded,VIC,car/14978634/hyundai/venue/vic/heidelberg/suv,2026-02-27T01:56:26,UNCLASSIFIED,[OUT_OF_SCOPE]
2013,Hyundai,Santa FE,Active (4X4),Wagon,178800,Automatic,2025-05-06,13988,Unleaded,VIC,car/14711481/hyundai/santa-fe/vic/alphington/suv,2026-02-27T01:56:26,UNCLASSIFIED,[OUT_OF_SCOPE]
2018,Hyundai,I30,Sr,Hatchback,109515,Automatic,2026-04-06,18999,Unleaded,VIC,car/14977733/hyundai/i30/vic/laverton-north/hatchback,2026-02-27T01:56:26,UNCLASSIFIED,[AMBIG_BADGE]
2023,Hyundai,Palisade,Elite (7 Seat),Wagon,12288,Automatic,,62990,Diesel,VIC,car/14977434/hyundai/palisade/vic/camberwell/suv,2026-02-27T01:56:26,UNCLASSIFIED,[OUT_OF_SCOPE]
2019,Hyundai,Santa FE,Highlander Crdi Burg (Awd),Wagon,231376,Automatic,,21999,Diesel,VIC,car/14530438/hyundai/santa-fe/vic/braybrook/suv,2026-02-27T01:56:26,UNCLASSIFIED,[OUT_OF_SCOPE]
2021,Hyundai,Santa FE,Highlander Crdi (Awd),Wagon,68750,Automatic,2026-06-17,41868,Diesel,VIC,car/14962091/hyundai/santa-fe/vic/epping/suv,2026-02-27T01:56:26,UNCLASSIFIED,[OUT_OF_SCOPE]
2021,Hyundai,Santa FE,Active Mpi (2Wd),Wagon,93139,Automatic,2026-06-01,29777,Unleaded,VIC,car/14832516/hyundai/santa-fe/vic/heidelberg/suv,2026-02-27T01:56:26,UNCLASSIFIED,[OUT_OF_SCOPE]
2024,Hyundai,I30,N Premium With Sunroof,Hatchback,10718,Automatic,2026-05-23,52555,Premium,VIC,car/14970560/hyundai/i30/vic/heidelberg/hatchback,2026-02-27T01:56:26,UNCLASSIFIED,[AMBIG_BADGE]
2017,Hyundai,Tucson,Active X (Fwd),Wagon,114185,Automatic,2026-04-10,18800,Unleaded,VIC,car/14918519/hyundai/tucson/vic/burwood/suv,2026-02-27T01:56:26,UNCLASSIFIED,[OUT_OF_SCOPE]
2014,Hyundai,IX35,Se (Fwd),Wagon,229359,Automatic,2026-04-10,9990,Unleaded,VIC,car/14948250/hyundai/ix35/vic/blackburn/suv,2026-02-27T01:56:26,UNCLASSIFIED,[OUT_OF_SCOPE]
2020,Hyundai,I30,N Line,Hatchback,63000,Automatic,2026-07-13,29225,Unleaded,VIC,car/14897775/hyundai/i30/vic/burwood/hatchback,2026-02-27T01:56:26,UNCLASSIFIED,[AMBIG_BADGE]
2023,Hyundai,Tucson,(Fwd),Wagon,60423,Automatic,,27990,Unleaded,VIC,car/14899468/hyundai/tucson/vic/laverton-north/suv,2026-02-27T01:56:26,UNCLASSIFIED,[OUT_OF_SCOPE]
2022,Hyundai,I30,N Premium,Sedan,68835,Manual,2026-05-20,38990,Premium,VIC,car/14985949/hyundai/i30/vic/nunawading/sedan,2026-02-27T01:56:26,UNCLASSIFIED,[OUT_OF_SCOPE]
2024,Hyundai,Palisade,Calligraphy (7 Seat),Wagon,10048,Automatic,2026-07-14,69990,Diesel,VIC,car/14985780/hyundai/palisade/vic/oakleigh/suv,2026-02-27T01:56:26,UNCLASSIFIED,[OUT_OF_SCOPE]
2021,Hyundai,I30,,Hatchback,66778,Manual,2026-08-08,22888,Unleaded,VIC,car/14985288/hyundai/i30/vic/deer-park/hatchback,2026-02-27T01:56:26,UNCLASSIFIED,[OUT_OF_SCOPE]
2020,Hyundai,Santa FE,Elite Crdi (Awd),Wagon,81500,Automatic,2026-03-24,31988,Diesel,VIC,car/14408371/hyundai/santa-fe/vic/donvale/suv,2026-02-27T01:56:26,UNCLASSIFIED,[OUT_OF_SCOPE]
2024,Hyundai,Tucson,Highlander N Line (Awd),Wagon,23276,Automatic,2026-05-29,48490,Diesel,VIC,car/14984598/hyundai/tucson/vic/oakleigh/suv,2026-02-27T01:56:26,UNCLASSIFIED,[OUT_OF_SCOPE]
2023,Hyundai,Kona,Premium N Line,Wagon,44307,Automatic,2026-12-29,39990,Unleaded,VIC,car/14984399/hyundai/kona/vic/oakleigh/suv,2026-02-27T01:56:26,UNCLASSIFIED,[OUT_OF_SCOPE]
2024,Hyundai,Tucson,Elite N Line (Awd),Wagon,30375,Automatic,2025-10-15,41990,Diesel,VIC,car/14572946/hyundai/tucson/vic/essendon-fields/suv,2026-02-27T01:56:26,UNCLASSIFIED,[OUT_OF_SCOPE]
2020,Hyundai,Iload,3S Liftback,Van,112519,Automatic,,33990,Diesel,VIC,car/14980373/hyundai/iload/vic/coburg-north/van,2026-02-27T01:56:26,UNCLASSIFIED,[OUT_OF_SCOPE]
2017,Hyundai,I30,Sr,Hatchback,93526,Automatic,2026-03-29,22969,Unleaded,VIC,car/14971498/hyundai/i30/vic/tullamarine/hatchback,2026-02-27T01:56:26,UNCLASSIFIED,[AMBIG_BADGE]
2015,Hyundai,IX35,Se (Fwd),Wagon,157000,Automatic,,14999,Unleaded,VIC,car/14560647/hyundai/ix35/vic/brooklyn/suv,2026-02-27T01:56:26,UNCLASSIFIED,[OUT_OF_SCOPE]
2018,Hyundai,I30,Sr,Hatchback,36755,Automatic,2026-06-25,25000,Unleaded,VIC,car/14984886/hyundai/i30/vic/burwood/hatchback,2026-02-27T01:56:26,UNCLASSIFIED,[AMBIG_BADGE]
2016,Hyundai,Accent,Active,Hatchback,122889,Automatic,2026-04-15,12555,Unleaded,VIC,car/14984888/hyundai/accent/vic/burwood/hatchback,2026-02-27T01:56:26,UNCLASSIFIED,[OUT_OF_SCOPE]
2018,Hyundai,I30,Active Smartsense,Hatchback,122140,Automatic,,17999,Unleaded,VIC,car/13880893/hyundai/i30/vic/avondale-heights/hatchback,2026-02-27T01:56:26,UNCLASSIFIED,[OUT_OF_SCOPE_YEAR]
2020,Hyundai,Iload,3S Liftback,Van,137438,Automatic,,31990,Diesel,VIC,car/14983498/hyundai/iload/vic/coburg-north/van,2026-02-27T01:56:26,UNCLASSIFIED,[OUT_OF_SCOPE]
2017,Hyundai,Elantra,Active 2.0 Mpi,Sedan,68000,Automatic,2026-10-26,17906,Unleaded,VIC,car/14984122/hyundai/elantra/vic/bundoora/sedan,2026-02-27T01:56:26,UNCLASSIFIED,[OUT_OF_SCOPE]
2013,Hyundai,Accent,Active,Sedan,178781,Automatic,2026-02-28,7999,Unleaded,VIC,car/14815293/hyundai/accent/vic/bayswater-north/sedan,2026-02-27T01:56:26,UNCLASSIFIED,[OUT_OF_SCOPE]
2017,Hyundai,Elantra,Elite 2.0 Mpi,Sedan,159000,Automatic,,14998,Unleaded,VIC,car/14983093/hyundai/elantra/vic/airport-west/sedan,2026-02-27T01:56:26,UNCLASSIFIED,[OUT_OF_SCOPE]
2014,Hyundai,I30,Elite,Hatchback,47454,Automatic,2026-07-16,16998,Unleaded,VIC,car/14984271/hyundai/i30/vic/bundoora/hatchback,2026-02-27T01:56:26,UNCLASSIFIED,[AMBIG_BADGE]
2024,Hyundai,Venue,,Wagon,14990,Automatic,2026-02-10,23990,Unleaded,VIC,car/14797243/hyundai/venue/vic/essendon-fields/suv,2026-02-27T01:56:26,UNCLASSIFIED,[OUT_OF_SCOPE]
2013,Hyundai,I40,Active,Sedan,233584,Automatic,,8990,Unleaded,VIC,car/14983868/hyundai/i40/vic/thomastown/sedan,2026-02-27T01:56:26,UNCLASSIFIED,[OUT_OF_SCOPE]
2019,Hyundai,Tucson,Active X (2Wd) Black Int,Wagon,26766,Automatic,2026-12-31,27995,Unleaded,VIC,car/14946954/hyundai/tucson/vic/burwood/suv,2026-02-27T01:56:26,UNCLASSIFIED,[OUT_OF_SCOPE]
2024,Hyundai,I30,N Line,Hatchback,25382,Automatic,2026-05-08,36555,Unleaded,VIC,car/14844718/hyundai/i30/vic/heidelberg/hatchback,2026-02-27T01:56:26,UNCLASSIFIED,[AMBIG_BADGE]
2018,Hyundai,Santa FE,Active Crdi (Awd),Wagon,139210,Automatic,2025-09-26,20980,Diesel,VIC,car/14935647/hyundai/santa-fe/vic/cheltenham/suv,2026-02-27T01:56:26,UNCLASSIFIED,[OUT_OF_SCOPE]
2016,Hyundai,I30,Active 1.6 Crdi,Hatchback,137853,Automatic,2025-12-16,13488,Diesel,VIC,car/14795985/hyundai/i30/vic/alphington/hatchback,2026-02-27T01:56:26,UNCLASSIFIED,[OUT_OF_SCOPE]
2020,Hyundai,I30,N Line,Hatchback,27425,Manual,2026-12-18,26990,Unleaded,VIC,car/14956464/hyundai/i30/vic/camberwell/hatchback,2026-02-27T01:56:26,UNCLASSIFIED,[OUT_OF_SCOPE]
2023,Hyundai,I30,N Line Premium,Sedan,37661,Automatic,2026-03-16,35888,Unleaded,VIC,car/14944999/hyundai/i30/vic/deer-park/sedan,2026-02-27T01:56:26,UNCLASSIFIED,[OUT_OF_SCOPE]
2016,Hyundai,Veloster,Sr Turbo,Coupe,194281,Automatic,2025-09-10,13999,Unleaded,VIC,car/14603190/hyundai/veloster/vic/deer-park/hatchback,2026-02-27T01:56:26,UNCLASSIFIED,[OUT_OF_SCOPE]
2019,Hyundai,Accent,Sport,Hatchback,55534,Automatic,2026-05-15,17868,Unleaded,VIC,car/14949494/hyundai/accent/vic/epping/hatchback,2026-02-27T01:56:26,UNCLASSIFIED,[OUT_OF_SCOPE]
2014,Hyundai,Elantra,Trophy,Sedan,168874,Automatic,2027-01-20,13950,Unleaded,VIC,car/14967852/hyundai/elantra/vic/moorabbin/sedan,2026-02-27T01:56:26,UNCLASSIFIED,[OUT_OF_SCOPE]
2014,Hyundai,I30,Tourer Active 1.6 Crdi,Wagon,281416,Manual,,5999,Diesel,VIC,car/14268490/hyundai/i30/vic/hoppers-crossing/wagon,2026-02-27T01:56:26,UNCLASSIFIED,[OUT_OF_SCOPE]
2013,Hyundai,Santa FE,Highlander Crdi (4X4),Wagon,157324,Automatic,2026-11-24,23500,Diesel,VIC,car/14903957/hyundai/santa-fe/vic/campbellfield/suv,2026-02-27T01:56:26,UNCLASSIFIED,[OUT_OF_SCOPE]
2015,Hyundai,Santa FE,Elite Crdi (4X4),Wagon,192953,Automatic,2026-03-16,15990,Diesel,VIC,car/14956240/hyundai/santa-fe/vic/thomastown/suv,2026-02-27T01:56:26,UNCLASSIFIED,[OUT_OF_SCOPE]
2024,Hyundai,Venue,,Wagon,30542,Automatic,2026-01-07,22500,Unleaded,VIC,car/14722842/hyundai/venue/vic/essendon-fields/suv,2026-02-27T01:56:26,UNCLASSIFIED,[OUT_OF_SCOPE]
2022,Hyundai,Staria,,Wagon,53831,Automatic,,32990,Unleaded,VIC,car/14959226/hyundai/staria/vic/laverton-north/people-mover,2026-02-27T01:56:26,UNCLASSIFIED,[OUT_OF_SCOPE]
2015,Hyundai,IX35,Se (Fwd),Wagon,203246,Automatic,2026-05-28,11850,Unleaded,VIC,car/14986478/hyundai/ix35/vic/moorabbin/suv,2026-02-27T01:56:26,UNCLASSIFIED,[OUT_OF_SCOPE]
2017,Hyundai,I30,Active,Hatchback,113473,Automatic,,19999,Unleaded,VIC,car/13619701/hyundai/i30/vic/ravenhall/hatchback,2026-02-27T01:56:26,hyundai_i30_active_petrol_auto_hatch_pd,[OK]
2019,Hyundai,I30,Active,Hatchback,146713,Automatic,2026-04-15,17990,Unleaded,VIC,car/14986394/hyundai/i30/vic/derrimut/hatchback,2026-02-27T01:56:26,UNCLASSIFIED,[OUT_OF_SCOPE_YEAR]
2017,Hyundai,Tucson,Active (Fwd),Wagon,187000,Automatic,2016-06-16,14990,Unleaded,VIC,car/14986361/hyundai/tucson/vic/derrimut/suv,2026-02-27T01:56:26,UNCLASSIFIED,[OUT_OF_SCOPE]
2010,Hyundai,I30,Cw Sportswagon 2.0,Wagon,208321,Automatic,2025-11-25,5999,Unleaded,VIC,car/14608052/hyundai/i30/vic/hoppers-crossing/wagon,2026-02-27T01:56:26,UNCLASSIFIED,[OUT_OF_SCOPE]
2020,Hyundai,Iload,3S Liftback,Van,78616,Automatic,,36990,Diesel,VIC,car/14948324/hyundai/iload/vic/coburg-north/van,2026-02-27T01:56:26,UNCLASSIFIED,[OUT_OF_SCOPE]
2022,Hyundai,Palisade,Highlander (7 Seat),Wagon,107745,Automatic,,46990,Diesel,VIC,car/14947103/hyundai/palisade/vic/coburg-north/suv,2026-02-27T01:56:26,UNCLASSIFIED,[OUT_OF_SCOPE]
2020,Hyundai,Iload,6S Liftback,Crew Van,63602,Automatic,,41990,Diesel,VIC,car/14954541/hyundai/iload/vic/coburg-north/van,2026-02-27T01:56:26,UNCLASSIFIED,[OUT_OF_SCOPE]
2024,Hyundai,Tucson,Premium N Line Hybrid (Awd),Wagon,9783,Automatic,2026-08-09,54888,Hybrid,VIC,car/14917587/hyundai/tucson/vic/deer-park/suv,2026-02-27T01:56:26,UNCLASSIFIED,[OUT_OF_SCOPE]
2018,Hyundai,Accent,Sport,Hatchback,86724,Automatic,2026-05-10,16990,Unleaded,VIC,car/14974798/hyundai/accent/vic/camberwell/hatchback,2026-02-27T01:56:26,UNCLASSIFIED,[OUT_OF_SCOPE]
2023,Hyundai,Kona,Elite (Fwd),Wagon,46835,Automatic,2026-05-19,31990,Unleaded,VIC,car/14970566/hyundai/kona/vic/essendon-fields/suv,2026-02-27T01:56:26,UNCLASSIFIED,[OUT_OF_SCOPE]
2021,Hyundai,I30,N Line,Sedan,29000,Automatic,2026-05-23,30990,Unleaded,VIC,car/14960951/hyundai/i30/vic/camberwell/sedan,2026-02-27T01:56:26,UNCLASSIFIED,[OUT_OF_SCOPE]
2019,Hyundai,Iload,3S Liftback,Van,142079,Automatic,,30990,Diesel,VIC,car/14935679/hyundai/iload/vic/coburg-north/van,2026-02-27T01:56:26,UNCLASSIFIED,[OUT_OF_SCOPE]
2022,Hyundai,Tucson,N Line (Fwd),Wagon,59303,Automatic,2026-07-06,35490,Unleaded,VIC,car/14877023/hyundai/tucson/vic/camberwell/suv,2026-02-27T01:56:26,UNCLASSIFIED,[OUT_OF_SCOPE]
2025,Hyundai,Santa FE,Calligraphy (7 Seat) (Brn Int),Wagon,9617,Automatic,2026-09-19,73990,Hybrid,VIC,car/14957554/hyundai/santa-fe/vic/camberwell/suv,2026-02-27T01:56:26,UNCLASSIFIED,[OUT_OF_SCOPE]
2022,Hyundai,I30,N Premium,Sedan,41349,Automatic,2026-07-05,42990,Premium,VIC,car/14911301/hyundai/i30/vic/camberwell/sedan,2026-02-27T01:56:26,UNCLASSIFIED,[OUT_OF_SCOPE]
2021,Hyundai,Tucson,(Fwd),Wagon,105518,Automatic,,26990,Unleaded,VIC,car/14966049/hyundai/tucson/vic/coburg-north/suv,2026-02-27T01:56:26,UNCLASSIFIED,[OUT_OF_SCOPE]
2023,Hyundai,Santa FE,Crdi (Awd),Wagon,62646,Automatic,,38788,Diesel,VIC,car/14914370/hyundai/santa-fe/vic/airport-west/suv,2026-02-27T01:56:26,UNCLASSIFIED,[OUT_OF_SCOPE]
2023,Hyundai,Venue,,Wagon,50000,Automatic,2026-03-23,22690,Unleaded,VIC,car/14922255/hyundai/venue/vic/epping/suv,2026-02-27T01:56:26,UNCLASSIFIED,[OUT_OF_SCOPE]
2024,Hyundai,Tucson,Premium N Line (Awd),Wagon,3781,Automatic,,48990,Unleaded,VIC,car/14948535/hyundai/tucson/vic/laverton-north/suv,2026-02-27T01:56:26,UNCLASSIFIED,[OUT_OF_SCOPE]
2020,Hyundai,Kona,Active (Fwd),Wagon,109299,Automatic,2021-01-01,20888,Unleaded,VIC,car/14963111/hyundai/kona/vic/blackburn/suv,2026-02-27T01:56:26,UNCLASSIFIED,[OUT_OF_SCOPE]
2022,Hyundai,I30,Active,Hatchback,17532,Automatic,2026-07-27,27990,Unleaded,VIC,car/14934640/hyundai/i30/vic/coburg-north/hatchback,2026-02-27T01:56:26,UNCLASSIFIED,[OUT_OF_SCOPE_YEAR]
2020,Hyundai,I30,Go,Hatchback,42679,Automatic,,21590,Unleaded,VIC,car/14939412/hyundai/i30/vic/laverton-north/hatchback,2026-02-27T01:56:26,UNCLASSIFIED,[AMBIG_BADGE]
2019,Hyundai,Santa FE,Highlander Crdi Blk-Bge (Awd),Wagon,78000,Automatic,,33778,Diesel,VIC,car/14454839/hyundai/santa-fe/vic/donvale/suv,2026-02-27T01:56:26,UNCLASSIFIED,[OUT_OF_SCOPE]
2019,Hyundai,Tucson,Active (2Wd),Wagon,189572,Automatic,2026-03-06,16997,Unleaded,VIC,car/14916227/hyundai/tucson/vic/fawkner/suv,2026-02-27T01:56:26,UNCLASSIFIED,[OUT_OF_SCOPE]
2021,Hyundai,Tucson,Highlander (Awd),Wagon,42498,Automatic,2026-04-20,37888,Unleaded,VIC,car/14971346/hyundai/tucson/vic/oakleigh/suv,2026-02-27T01:56:26,UNCLASSIFIED,[OUT_OF_SCOPE]
2017,Hyundai,Iload,,Van,61910,Automatic,,27395,Diesel,VIC,car/14865251/hyundai/iload/vic/laverton-north/van,2026-02-27T01:56:26,UNCLASSIFIED,[OUT_OF_SCOPE]
2024,Hyundai,Tucson,Premium N Line Hybrid (Awd),Wagon,3865,Automatic,2026-03-20,55999,Hybrid,VIC,car/14964316/hyundai/tucson/vic/oakleigh/suv,2026-02-27T01:56:26,UNCLASSIFIED,[OUT_OF_SCOPE]
2021,Hyundai,Santa FE,Highlander Crdi (Awd),Wagon,48035,Automatic,2026-07-20,48777,Diesel,VIC,car/14916156/hyundai/santa-fe/vic/heidelberg/suv,2026-02-27T01:56:26,UNCLASSIFIED,[OUT_OF_SCOPE]
2021,Hyundai,Tucson,Elite (Awd),Wagon,33247,Automatic,2026-10-06,33999,Unleaded,VIC,car/14950193/hyundai/tucson/vic/oakleigh/suv,2026-02-27T01:56:26,UNCLASSIFIED,[OUT_OF_SCOPE]
2009,Hyundai,Tucson,City Sx,Wagon,225000,Automatic,,8499,Unleaded,VIC,car/14948326/hyundai/tucson/vic/brooklyn/suv,2026-02-27T01:56:26,UNCLASSIFIED,[OUT_OF_SCOPE]
2017,Hyundai,I30,Sr,Hatchback,74172,Automatic,2026-09-13,21990,Unleaded,VIC,car/14969038/hyundai/i30/vic/camberwell/hatchback,2026-02-27T01:56:26,UNCLASSIFIED,[AMBIG_BADGE]
2024,Hyundai,Kona,Hybrid N Line,Wagon,34610,Automatic,2026-05-10,39890,Hybrid,VIC,car/14965577/hyundai/kona/vic/essendon-fields/suv,2026-02-27T01:56:26,UNCLASSIFIED,[OUT_OF_SCOPE]
2017,Hyundai,Accent,Sport,Hatchback,52113,Automatic,2026-06-14,15990,Unleaded,VIC,car/14888903/hyundai/accent/vic/airport-west/hatchback,2026-02-27T01:56:26,UNCLASSIFIED,[OUT_OF_SCOPE]
2018,Hyundai,Tucson,Active (Fwd),Wagon,57272,Automatic,2026-04-06,25000,Unleaded,VIC,car/14952355/hyundai/tucson/vic/burwood/suv,2026-02-27T01:56:26,UNCLASSIFIED,[OUT_OF_SCOPE]
2023,Hyundai,Kona,,Wagon,30800,Automatic,2026-04-28,29488,Unleaded,VIC,car/14947859/hyundai/kona/vic/oakleigh/suv,2026-02-27T01:56:26,UNCLASSIFIED,[OUT_OF_SCOPE]
2018,Hyundai,Iload,3S Liftback,Van,86748,Automatic,,33990,Diesel,VIC,car/14955404/hyundai/iload/vic/coburg-north/van,2026-02-27T01:56:26,UNCLASSIFIED,[OUT_OF_SCOPE]
2022,Hyundai,Tucson,(Fwd),Wagon,93760,Automatic,2026-08-24,29777,Unleaded,VIC,car/14970316/hyundai/tucson/vic/heidelberg/suv,2026-02-27T01:56:26,UNCLASSIFIED,[OUT_OF_SCOPE]
2019,Hyundai,I30,Active,Hatchback,91400,Manual,2026-07-25,20888,Unleaded,VIC,car/14930698/hyundai/i30/vic/airport-west/hatchback,2026-02-27T01:56:26,UNCLASSIFIED,[OUT_OF_SCOPE]
2022,Hyundai,Tucson,Elite N Line (Awd),Wagon,30451,Automatic,2026-04-06,39888,Diesel,VIC,car/14971343/hyundai/tucson/vic/oakleigh/suv,2026-02-27T01:56:26,UNCLASSIFIED,[OUT_OF_SCOPE]
2018,Hyundai,I30,Active,Hatchback,45467,Automatic,2026-05-20,21777,Unleaded,VIC,car/14957765/hyundai/i30/vic/heidelberg/hatchback,2026-02-27T01:56:26,UNCLASSIFIED,[OUT_OF_SCOPE_YEAR]
2021,Hyundai,Tucson,Highlander (Fwd),Wagon,38513,Automatic,2026-07-05,36777,Unleaded,VIC,car/14948757/hyundai/tucson/vic/heidelberg/suv,2026-02-27T01:56:26,UNCLASSIFIED,[OUT_OF_SCOPE]
2019,Hyundai,Iload,3S Liftback,Van,105503,Automatic,,32990,Diesel,VIC,car/14961920/hyundai/iload/vic/coburg-north/van,2026-02-27T01:56:26,UNCLASSIFIED,[OUT_OF_SCOPE]
2016,Hyundai,Tucson,Active (Fwd),Wagon,80093,Automatic,2026-10-23,20990,Unleaded,VIC,car/14942671/hyundai/tucson/vic/epping/suv,2026-02-27T01:56:26,UNCLASSIFIED,[OUT_OF_SCOPE]
2021,Hyundai,Palisade,(8 Seat),Wagon,141690,Automatic,2026-04-20,37490,Diesel,VIC,car/14941142/hyundai/palisade/vic/moorabbin-airport/suv,2026-02-27T01:56:26,UNCLASSIFIED,[OUT_OF_SCOPE]
2015,Hyundai,I30,Active,Hatchback,132000,Automatic,2026-04-11,13999,Unleaded,VIC,car/14955057/hyundai/i30/vic/springvale/hatchback,2026-02-27T01:56:26,hyundai_i30_active_petrol_auto_hatch_gd,[OK]
2016,Hyundai,Accent,Sr,Hatchback,223094,Automatic,2026-03-18,9990,Unleaded,VIC,car/14900249/hyundai/accent/vic/ringwood/hatchback,2026-02-27T01:56:26,UNCLASSIFIED,[OUT_OF_SCOPE]
2017,Hyundai,Accent,Active,Hatchback,35560,Automatic,,15999,Unleaded,VIC,car/14951274/hyundai/accent/vic/ringwood/hatchback,2026-02-27T01:56:26,UNCLASSIFIED,[OUT_OF_SCOPE]
2013,Hyundai,IX35,ACTIVE,SUV,195598,Automatic,2026-04-15,8999,Unleaded,VIC,car/14961672/hyundai/ix35/vic/hoppers-crossing/suv,2026-02-27T01:56:26,UNCLASSIFIED,[OUT_OF_SCOPE]
2013,Hyundai,Elantra,Active,Sedan,174764,Automatic,,8990,Unleaded,VIC,car/14961155/hyundai/elantra/vic/dandenong/sedan,2026-02-27T01:56:26,UNCLASSIFIED,[OUT_OF_SCOPE]
2009,Hyundai,Iload,,Van,351625,Manual,2026-04-15,7570,Premium,VIC,car/14972599/hyundai/iload/vic/mordialloc/van,2026-02-27T01:56:26,UNCLASSIFIED,[OUT_OF_SCOPE]
2013,Hyundai,IX35,Highlander (Awd),Wagon,264166,Automatic,2026-01-15,9990,Unleaded,VIC,car/14873254/hyundai/ix35/vic/ringwood/suv,2026-02-27T01:56:26,UNCLASSIFIED,[OUT_OF_SCOPE]
2015,Hyundai,Santa FE,Active (4X4),Wagon,142000,Automatic,,14999,Unleaded,VIC,car/14929274/hyundai/santa-fe/vic/springvale/suv,2026-02-27T01:56:26,UNCLASSIFIED,[OUT_OF_SCOPE]
2014,Hyundai,IX35,Se (Fwd),Wagon,139647,Automatic,2026-11-27,11480,Unleaded,VIC,car/14897970/hyundai/ix35/vic/dandenong/suv,2026-02-27T01:56:26,UNCLASSIFIED,[OUT_OF_SCOPE]
2008,Hyundai,Getz,S,Hatchback,146282,Automatic,,6550,Unleaded,VIC,car/14866355/hyundai/getz/vic/dingley-village/hatchback,2026-02-27T01:56:26,UNCLASSIFIED,[OUT_OF_SCOPE]
2018,Hyundai,Accent,Sport,Hatchback,75022,Manual,2026-05-12,13480,Unleaded,VIC,car/14959767/hyundai/accent/vic/ferntree-gully/hatchback,2026-02-27T01:56:26,UNCLASSIFIED,[OUT_OF_SCOPE]
2011,Hyundai,I30,Sx,Hatchback,137100,Automatic,,7999,Unleaded,VIC,car/14917124/hyundai/i30/vic/dandenong/hatchback,2026-02-27T01:56:26,UNCLASSIFIED,[AMBIG_BADGE]
2007,Hyundai,Getz,S,Hatchback,141051,Automatic,,6450,Unleaded,VIC,car/14957086/hyundai/getz/vic/dingley-village/hatchback,2026-02-27T01:56:26,UNCLASSIFIED,[OUT_OF_SCOPE]
2011,Hyundai,Santa FE,Highlander Crdi (4X4),Wagon,447304,Automatic,2026-03-23,4999,Diesel,VIC,car/14922176/hyundai/santa-fe/vic/hoppers-crossing/suv,2026-02-27T01:56:26,UNCLASSIFIED,[OUT_OF_SCOPE]
2013,Hyundai,IX35,Se (Awd),Wagon,181297,Automatic,,9899,Diesel,VIC,car/14966043/hyundai/ix35/vic/ringwood/suv,2026-02-27T01:56:26,UNCLASSIFIED,[OUT_OF_SCOPE]
2013,Hyundai,I20,Active,Hatchback,238538,Automatic,2026-01-09,6999,Unleaded,VIC,car/14909195/hyundai/i20/vic/hoppers-crossing/hatchback,2026-02-27T01:56:26,UNCLASSIFIED,[OUT_OF_SCOPE]
2015,Hyundai,I20,ACTIVE,Hatch,182604,Manual,2026-02-12,5999,Unleaded,VIC,car/14956936/hyundai/i20/vic/hoppers-crossing/hatchback,2026-02-27T01:56:26,UNCLASSIFIED,[OUT_OF_SCOPE]
2023,Hyundai,Tucson,Elite (Awd),Wagon,62512,Automatic,,32290,Unleaded,VIC,car/14896691/hyundai/tucson/vic/laverton-north/suv,2026-02-27T01:56:26,UNCLASSIFIED,[OUT_OF_SCOPE]
2022,Hyundai,Santa FE,Highlander Crdi (Awd),Wagon,51779,Automatic,2026-11-25,47944,Diesel,VIC,car/14872529/hyundai/santa-fe/vic/bundoora/suv,2026-02-27T01:56:26,UNCLASSIFIED,[OUT_OF_SCOPE]
2016,Hyundai,Accent,ACTIVE,Hatch,185000,Automatic,2026-03-30,8999,Other,VIC,car/14937583/hyundai/accent/vic/hoppers-crossing/hatchback,2026-02-27T01:56:26,UNCLASSIFIED,[OUT_OF_SCOPE]
2016,Hyundai,Veloster,Street Turbo Special Edition,Coupe,132121,Automatic,2026-02-17,15990,Unleaded,VIC,car/14963736/hyundai/veloster/vic/south-morang/hatchback,2026-02-27T01:56:26,UNCLASSIFIED,[OUT_OF_SCOPE]
2019,Hyundai,Kona,Elite (Awd),Wagon,139878,Automatic,2026-06-03,18444,Unleaded,VIC,car/14827834/hyundai/kona/vic/south-morang/suv,2026-02-27T01:56:26,UNCLASSIFIED,[OUT_OF_SCOPE]
2023,Hyundai,I30,N Line Premium,Hatchback,91141,Manual,2026-06-16,30480,Unleaded,VIC,car/14971646/hyundai/i30/vic/south-morang/hatchback,2026-02-27T01:56:26,UNCLASSIFIED,[OUT_OF_SCOPE]
2010,Hyundai,Getz,S,Hatchback,164133,Automatic,2026-06-20,6999,Unleaded,VIC,car/14917999/hyundai/getz/vic/hoppers-crossing/hatchback,2026-02-27T01:56:26,UNCLASSIFIED,[OUT_OF_SCOPE]
2018,Hyundai,Tucson,Active X (Fwd),Wagon,133097,Manual,2026-04-19,16990,Unleaded,VIC,car/14917152/hyundai/tucson/vic/ringwood/suv,2026-02-27T01:56:26,UNCLASSIFIED,[OUT_OF_SCOPE]
2011,Hyundai,Elantra,Active,Sedan,219950,Automatic,2026-10-12,6999,Unleaded,VIC,car/14907787/hyundai/elantra/vic/hoppers-crossing/sedan,2026-02-27T01:56:26,UNCLASSIFIED,[OUT_OF_SCOPE]
2017,Hyundai,Tucson,Highlander R-Series (Awd),Wagon,75620,Automatic,,24999,Diesel,VIC,car/14951275/hyundai/tucson/vic/ringwood/suv,2026-02-27T01:56:26,UNCLASSIFIED,[OUT_OF_SCOPE]
2013,Hyundai,Iload,,Van,281055,Automatic,2026-04-21,14690,Diesel,VIC,car/14960233/hyundai/iload/vic/bayswater/van,2026-02-27T01:56:26,UNCLASSIFIED,[OUT_OF_SCOPE]
2022,Hyundai,Palisade,Highlander (7 Seat),Wagon,26600,Automatic,2026-02-05,53490,Unleaded,VIC,car/14945516/hyundai/palisade/vic/moorabbin-airport/suv,2026-02-27T01:56:26,UNCLASSIFIED,[OUT_OF_SCOPE]
2017,Hyundai,Elantra,Elite 2.0 Mpi,Sedan,145000,Automatic,,14999,Unleaded,VIC,car/14960314/hyundai/elantra/vic/hoppers-crossing/sedan,2026-02-27T01:56:26,UNCLASSIFIED,[OUT_OF_SCOPE]
2013,Hyundai,Santa FE,Highlander Crdi (4X4),Wagon,175000,Automatic,,15900,Diesel,VIC,car/14855974/hyundai/santa-fe/vic/mitcham/suv,2026-02-27T01:56:26,UNCLASSIFIED,[OUT_OF_SCOPE]
2014,Hyundai,I30,Tourer Active 1.6 Gdi,Wagon,146783,Automatic,2026-05-20,13990,Unleaded,VIC,car/14881026/hyundai/i30/vic/ringwood/wagon,2026-02-27T01:56:26,UNCLASSIFIED,[OUT_OF_SCOPE]
2021,Hyundai,Kona,(Fwd),Wagon,82168,Automatic,,23990,Unleaded,VIC,car/14928794/hyundai/kona/vic/mentone/suv,2026-02-27T01:56:26,UNCLASSIFIED,[OUT_OF_SCOPE]
2010,Hyundai,Santa FE,Highlander Crdi (4X4),Wagon,259588,Automatic,2026-01-31,9999,Diesel,VIC,car/14878155/hyundai/santa-fe/vic/hoppers-crossing/suv,2026-02-27T01:56:26,UNCLASSIFIED,[OUT_OF_SCOPE]
2014,Hyundai,Iload,,Van,250337,Automatic,2026-02-02,12999,Diesel,VIC,car/14959465/hyundai/iload/vic/hoppers-crossing/van,2026-02-27T01:56:26,UNCLASSIFIED,[OUT_OF_SCOPE]
2017,Hyundai,Veloster,,Coupe,81003,Automatic,2027-02-20,19999,Unleaded,VIC,car/14962719/hyundai/veloster/vic/ringwood/hatchback,2026-02-27T01:56:26,UNCLASSIFIED,[OUT_OF_SCOPE]
2018,Hyundai,Iload,3S Liftback,Van,279167,Automatic,2026-06-25,13990,Diesel,VIC,car/14969652/hyundai/iload/vic/dandenong/van,2026-02-27T01:56:26,UNCLASSIFIED,[OUT_OF_SCOPE]
2019,Hyundai,Kona,Go (Fwd),Wagon,157285,Automatic,,16999,Unleaded,VIC,car/14837798/hyundai/kona/vic/ringwood/suv,2026-02-27T01:56:26,UNCLASSIFIED,[OUT_OF_SCOPE]
2017,Hyundai,Kona,Highlander (Awd),Wagon,205510,Automatic,2026-05-16,16950,Unleaded,VIC,car/14825670/hyundai/kona/vic/ringwood/suv,2026-02-27T01:56:26,UNCLASSIFIED,[OUT_OF_SCOPE]
2021,Hyundai,Tucson,(Fwd),Wagon,73137,Automatic,2026-01-24,27990,Unleaded,VIC,car/14872461/hyundai/tucson/vic/bentleigh/suv,2026-02-27T01:56:26,UNCLASSIFIED,[OUT_OF_SCOPE]
2020,Hyundai,Tucson,Elite (2Wd),Wagon,29000,Automatic,2026-07-07,31310,Unleaded,VIC,car/14918517/hyundai/tucson/vic/burwood/suv,2026-02-27T01:56:26,UNCLASSIFIED,[OUT_OF_SCOPE]
2018,Hyundai,Sonata,Active,Sedan,34729,Automatic,,20290,Unleaded,VIC,car/14914420/hyundai/sonata/vic/laverton-north/sedan,2026-02-27T01:56:26,UNCLASSIFIED,[OUT_OF_SCOPE]
2019,Hyundai,I30,Fastback N Performance,Fastback,112446,Manual,2026-03-20,23500,Premium,VIC,car/14932352/hyundai/i30/vic/epping/hatchback,2026-02-27T01:56:26,UNCLASSIFIED,[BAD_PARSE]
2009,Hyundai,Getz,Sx,Hatchback,202693,Manual,2026-08-24,5999,Unleaded,VIC,car/14946826/hyundai/getz/vic/deer-park/hatchback,2026-02-27T01:56:26,UNCLASSIFIED,[OUT_OF_SCOPE]
2021,Hyundai,Sonata,N Line,Sedan,95279,Automatic,2026-03-30,31444,Unleaded,VIC,car/14864711/hyundai/sonata/vic/bundoora/sedan,2026-02-27T01:56:26,UNCLASSIFIED,[OUT_OF_SCOPE]
2013,Hyundai,I30,Se,Hatchback,76280,Automatic,2026-10-08,13990,Unleaded,VIC,car/14980728/hyundai/i30/vic/ringwood/hatchback,2026-02-27T01:56:26,UNCLASSIFIED,[AMBIG_BADGE]
2020,Hyundai,I30,,Hatchback,68000,Automatic,2026-04-20,20999,Unleaded,VIC,car/14979478/hyundai/i30/vic/springvale/hatchback,2026-02-27T01:56:26,UNCLASSIFIED,[AMBIG_BADGE]
2018,Hyundai,I30,Sr,Hatchback,110000,Automatic,2026-04-14,19499,Unleaded,VIC,car/14963439/hyundai/i30/vic/springvale/hatchback,2026-02-27T01:56:26,UNCLASSIFIED,[AMBIG_BADGE]
2018,Hyundai,I40,Active Tourer,Wagon,172682,Automatic,2026-05-27,12990,Unleaded,VIC,car/14917136/hyundai/i40/vic/ringwood/wagon,2026-02-27T01:56:26,UNCLASSIFIED,[OUT_OF_SCOPE]
2013,Hyundai,Iload,,Van,142011,Automatic,2026-06-25,23990,Diesel,VIC,car/14976997/hyundai/iload/vic/bayswater/van,2026-02-27T01:56:26,UNCLASSIFIED,[OUT_OF_SCOPE]
2019,Hyundai,I30,Elite,Hatchback,98077,Automatic,2026-10-17,20000,Unleaded,VIC,car/14978760/hyundai/i30/vic/ringwood/hatchback,2026-02-27T01:56:26,UNCLASSIFIED,[AMBIG_BADGE]
2018,Hyundai,I30,Sr Premium,Hatchback,116618,Automatic,2026-06-21,21888,Unleaded,VIC,car/14828408/hyundai/i30/vic/ringwood/hatchback,2026-02-27T01:56:26,UNCLASSIFIED,[AMBIG_BADGE]
2017,Hyundai,Tucson,Active X (Fwd),Wagon,138167,Automatic,2026-04-26,17990,Unleaded,VIC,car/14917227/hyundai/tucson/vic/ringwood/suv,2026-02-27T01:56:26,UNCLASSIFIED,[OUT_OF_SCOPE]
2012,Hyundai,IX35,Highlander (Awd),Wagon,122000,Automatic,,14400,Unleaded,VIC,car/14841231/hyundai/ix35/vic/mitcham/suv,2026-02-27T01:56:26,UNCLASSIFIED,[OUT_OF_SCOPE]
2022,Hyundai,Kona,Elite Electric Std Range,Wagon,54998,Automatic,,29990,Electric,VIC,car/14957296/hyundai/kona/vic/ferntree-gully/suv,2026-02-27T01:56:26,UNCLASSIFIED,[OUT_OF_SCOPE]
2013,Hyundai,I20,Active,Hatchback,117106,Automatic,2026-02-16,11990,Unleaded,VIC,car/14919537/hyundai/i20/vic/ringwood/hatchback,2026-02-27T01:56:26,UNCLASSIFIED,[OUT_OF_SCOPE]
2019,Hyundai,Iload,,Commercial,182605,Automatic,,23990,Diesel,VIC,car/14975307/hyundai/iload/vic/dandenong/van,2026-02-27T01:56:26,UNCLASSIFIED,[OUT_OF_SCOPE]
2016,Hyundai,Tucson,Active X (Fwd),Wagon,105010,Automatic,2026-03-16,19999,Unleaded,VIC,car/14836160/hyundai/tucson/vic/ringwood/suv,2026-02-27T01:56:26,UNCLASSIFIED,[OUT_OF_SCOPE]
2016,Hyundai,Accent,Active,Sedan,102077,Automatic,2026-01-12,13488,Unleaded,VIC,car/14909886/hyundai/accent/vic/ringwood/sedan,2026-02-27T01:56:26,UNCLASSIFIED,[OUT_OF_SCOPE]
2013,Hyundai,I30,Active,Hatchback,68288,Automatic,2026-11-24,15499,Unleaded,VIC,car/14869074/hyundai/i30/vic/ringwood/hatchback,2026-02-27T01:56:26,hyundai_i30_active_petrol_auto_hatch_gd,[OK]
2009,Hyundai,I30,Sx,Hatchback,163630,Automatic,2026-05-03,7888,Unleaded,VIC,car/14953824/hyundai/i30/vic/dandenong/hatchback,2026-02-27T01:56:26,UNCLASSIFIED,[AMBIG_BADGE]
2018,Hyundai,Sonata,Active,Sedan,71940,Automatic,2026-03-18,22999,Unleaded,VIC,car/14946014/hyundai/sonata/vic/ringwood/sedan,2026-02-27T01:56:26,UNCLASSIFIED,[OUT_OF_SCOPE]
2014,Hyundai,Accent,Active,Hatchback,127582,Automatic,2026-07-14,10888,Unleaded,VIC,car/14956005/hyundai/accent/vic/dandenong/hatchback,2026-02-27T01:56:26,UNCLASSIFIED,[OUT_OF_SCOPE]
2014,Hyundai,Veloster,Sr Turbo,Coupe,46872,Automatic,2026-11-13,18990,Unleaded,VIC,car/14958855/hyundai/veloster/vic/moorabbin-airport/hatchback,2026-02-27T01:56:26,UNCLASSIFIED,[OUT_OF_SCOPE]
2022,Hyundai,Kona,Elite (Fwd),Wagon,68200,Automatic,2026-02-28,24490,Unleaded,VIC,car/14922522/hyundai/kona/vic/moorabbin-airport/suv,2026-02-27T01:56:26,UNCLASSIFIED,[OUT_OF_SCOPE]
2017,Hyundai,Kona,Elite (Awd),Wagon,127744,Automatic,,18090,Unleaded,VIC,car/14946718/hyundai/kona/vic/laverton-north/suv,2026-02-27T01:56:26,UNCLASSIFIED,[OUT_OF_SCOPE]
2025,Hyundai,Staria,Load 2S 2.2D Liftback,Van,11403,Automatic,2026-08-25,45888,Diesel,VIC,car/14887717/hyundai/staria/vic/deer-park/van,2026-02-27T01:56:26,UNCLASSIFIED,[OUT_OF_SCOPE]
2018,Hyundai,Tucson,Active X (Fwd),Wagon,202403,Automatic,2026-05-05,14999,Unleaded,VIC,car/14923915/hyundai/tucson/vic/avondale-heights/suv,2026-02-27T01:56:26,UNCLASSIFIED,[OUT_OF_SCOPE]
2020,Hyundai,I30,Elite,Hatchback,102833,Automatic,2026-10-20,21490,Unleaded,VIC,car/14847082/hyundai/i30/vic/camberwell/hatchback,2026-02-27T01:56:26,UNCLASSIFIED,[AMBIG_BADGE]
2021,Hyundai,Santa FE,Highlander Crdi (Awd),Wagon,81276,Automatic,2026-11-26,41990,Diesel,VIC,car/14911422/hyundai/santa-fe/vic/camberwell/suv,2026-02-27T01:56:26,UNCLASSIFIED,[OUT_OF_SCOPE]
2018,Hyundai,Accent,Sport,Hatchback,89709,Automatic,,16490,Unleaded,VIC,car/14962067/hyundai/accent/vic/thomastown/hatchback,2026-02-27T01:56:26,UNCLASSIFIED,[OUT_OF_SCOPE]
2011,Hyundai,Getz,Sx,Hatchback,206471,Automatic,2026-03-30,5999,Unleaded,VIC,car/14966433/hyundai/getz/vic/ringwood/hatchback,2026-02-27T01:56:26,UNCLASSIFIED,[OUT_OF_SCOPE]
2014,Hyundai,IX35,Se (Fwd),Wagon,141450,Automatic,2026-05-11,13990,Unleaded,VIC,car/14971049/hyundai/ix35/vic/ringwood/suv,2026-02-27T01:56:26,UNCLASSIFIED,[OUT_OF_SCOPE]
2012,Hyundai,IX35,Active (Fwd),Wagon,162127,Automatic,2025-12-04,11999,Unleaded,VIC,car/14837797/hyundai/ix35/vic/ringwood/suv,2026-02-27T01:56:26,UNCLASSIFIED,[OUT_OF_SCOPE]
2015,Hyundai,IX35,Active (Fwd),Wagon,166580,Automatic,2026-06-18,11990,Unleaded,VIC,car/14925866/hyundai/ix35/vic/ringwood/suv,2026-02-27T01:56:26,UNCLASSIFIED,[OUT_OF_SCOPE]
2020,Hyundai,Santa FE,Elite Crdi (Awd),Wagon,201000,Automatic,,22900,Diesel,VIC,car/14947189/hyundai/santa-fe/vic/mitcham/suv,2026-02-27T01:56:26,UNCLASSIFIED,[OUT_OF_SCOPE]
2018,Hyundai,Tucson,Go (Fwd),Wagon,90935,Automatic,2026-01-30,21080,Unleaded,VIC,car/14855490/hyundai/tucson/vic/south-morang/suv,2026-02-27T01:56:26,UNCLASSIFIED,[OUT_OF_SCOPE]
2014,Hyundai,Iload,,Van,211409,Manual,2026-04-06,16750,Diesel,VIC,car/14956949/hyundai/iload/vic/bayswater/van,2026-02-27T01:56:26,UNCLASSIFIED,[OUT_OF_SCOPE]
2011,Hyundai,IX35,Active (Fwd),Wagon,207059,Automatic,2026-02-01,8999,Unleaded,VIC,car/14934386/hyundai/ix35/vic/hoppers-crossing/suv,2026-02-27T01:56:26,UNCLASSIFIED,[OUT_OF_SCOPE]
2012,Hyundai,I30,Active,Hatchback,212047,Automatic,2026-02-21,9999,Unleaded,VIC,car/14922366/hyundai/i30/vic/hoppers-crossing/hatchback,2026-02-27T01:56:26,UNCLASSIFIED,[OUT_OF_SCOPE_YEAR]
2020,Hyundai,Iload,3S Liftback,Van,162150,Automatic,2026-02-28,25990,Diesel,VIC,car/14848361/hyundai/iload/vic/moorabbin-airport/van,2026-02-27T01:56:26,UNCLASSIFIED,[OUT_OF_SCOPE]
2022,Hyundai,I30,,Hatchback,63680,Automatic,2026-03-24,22990,Unleaded,VIC,car/14986750/hyundai/i30/vic/south-morang/hatchback,2026-02-27T01:56:26,UNCLASSIFIED,[AMBIG_BADGE]
2013,Hyundai,I30,Tourer Active 1.6 Gdi,Wagon,180294,Automatic,2026-08-31,10990,Unleaded,VIC,car/14986108/hyundai/i30/vic/south-morang/wagon,2026-02-27T01:56:26,UNCLASSIFIED,[OUT_OF_SCOPE]
2015,Hyundai,IX35,Elite (Awd),Wagon,137080,Automatic,2026-02-15,12990,Unleaded,VIC,car/14985876/hyundai/ix35/vic/south-morang/suv,2026-02-27T01:56:26,UNCLASSIFIED,[OUT_OF_SCOPE]
2018,Hyundai,I30,Go,Hatchback,167409,Automatic,2026-08-23,15990,Unleaded,VIC,car/14980228/hyundai/i30/vic/south-morang/hatchback,2026-02-27T01:56:26,UNCLASSIFIED,[AMBIG_BADGE]
2006,Hyundai,Getz,1.6,Hatchback,151074,Automatic,2026-03-27,6999,Unleaded,VIC,car/14976469/hyundai/getz/vic/ringwood/hatchback,2026-02-27T01:56:26,UNCLASSIFIED,[OUT_OF_SCOPE]
2018,Hyundai,I30,Sr,Hatchback,68000,Automatic,2026-04-26,21490,Unleaded,VIC,car/14839760/hyundai/i30/vic/moorabbin-airport/hatchback,2026-02-27T01:56:26,UNCLASSIFIED,[AMBIG_BADGE]
2016,Hyundai,Tucson,Highlander (Awd),Wagon,84668,Automatic,2026-03-23,23780,Diesel,VIC,car/14966724/hyundai/tucson/vic/hoppers-crossing/suv,2026-02-27T01:56:26,UNCLASSIFIED,[OUT_OF_SCOPE]
2012,Hyundai,Veloster,Sr Turbo,Coupe,100048,Automatic,,17777,Unleaded,VIC,car/14980733/hyundai/veloster/vic/ringwood/hatchback,2026-02-27T01:56:26,UNCLASSIFIED,[OUT_OF_SCOPE]
2014,Hyundai,IX35,Trophy (Fwd),Wagon,131000,Automatic,2026-09-30,14990,Unleaded,VIC,car/14980726/hyundai/ix35/vic/ringwood/suv,2026-02-27T01:56:26,UNCLASSIFIED,[OUT_OF_SCOPE]
2023,Hyundai,Tucson,Elite (Awd),Wagon,53880,Automatic,2026-03-08,34990,Diesel,VIC,car/14979573/hyundai/tucson/vic/south-morang/suv,2026-02-27T01:56:26,UNCLASSIFIED,[OUT_OF_SCOPE]
2020,Hyundai,Tucson,Highlander (Awd),Wagon,66658,Automatic,2026-05-18,29555,Unleaded,VIC,car/14875535/hyundai/tucson/vic/heidelberg/suv,2026-02-27T01:56:26,UNCLASSIFIED,[OUT_OF_SCOPE]
2016,Hyundai,Tucson,Highlander (Awd),Wagon,119739,Automatic,2026-01-15,21980,Unleaded,VIC,car/14959724/hyundai/tucson/vic/south-morang/suv,2026-02-27T01:56:26,UNCLASSIFIED,[OUT_OF_SCOPE]
2018,Hyundai,Santa FE,Highlander Crdi (4X4),Wagon,73566,Automatic,,30480,Diesel,VIC,car/14938101/hyundai/santa-fe/vic/south-morang/suv,2026-02-27T01:56:26,UNCLASSIFIED,[OUT_OF_SCOPE]
2017,Hyundai,Tucson,Active X (Fwd),Wagon,113009,Automatic,2026-02-24,19990,Unleaded,VIC,car/14933482/hyundai/tucson/vic/ringwood/suv,2026-02-27T01:56:26,UNCLASSIFIED,[OUT_OF_SCOPE]
2015,Hyundai,Santa FE,Active Crdi (4X4),Wagon,198312,Automatic,2026-04-29,12950,Diesel,VIC,car/14919334/hyundai/santa-fe/vic/ringwood/suv,2026-02-27T01:56:26,UNCLASSIFIED,[OUT_OF_SCOPE]
2016,Hyundai,Tucson,Highlander (Awd),Wagon,274595,Automatic,2026-02-23,12990,Diesel,VIC,car/14951731/hyundai/tucson/vic/dandenong/suv,2026-02-27T01:56:26,UNCLASSIFIED,[OUT_OF_SCOPE]
2025,Hyundai,I30,N Premium,Hatchback,5728,Automatic,2026-07-22,52990,Unleaded,VIC,car/14963048/hyundai/i30/vic/ferntree-gully/hatchback,2026-02-27T01:56:26,UNCLASSIFIED,[AMBIG_BADGE]
2018,Hyundai,Kona,Highlander (Awd),Wagon,71792,Automatic,2026-03-04,23999,Unleaded,VIC,car/14918202/hyundai/kona/vic/werribee/suv,2026-02-27T01:56:26,UNCLASSIFIED,[OUT_OF_SCOPE]
2023,Hyundai,Ioniq 5,Techniq Awd,Wagon,36415,Automatic,2026-04-12,44990,Electric,VIC,car/14957411/hyundai/ioniq-5/vic/ferntree-gully/suv,2026-02-27T01:56:26,UNCLASSIFIED,[OUT_OF_SCOPE]
2024,Hyundai,Kona,Premium,Wagon,10629,Automatic,,39980,Unleaded,VIC,car/14930872/hyundai/kona/vic/springvale/suv,2026-02-27T01:56:26,UNCLASSIFIED,[OUT_OF_SCOPE]
2015,Hyundai,Veloster,Sr Turbo,Coupe,181998,Manual,2026-08-17,12950,Unleaded,VIC,car/14923870/hyundai/veloster/vic/ringwood/hatchback,2026-02-27T01:56:26,UNCLASSIFIED,[OUT_OF_SCOPE]
2022,Hyundai,Kona,Elite Electric Std Range,Wagon,38023,Automatic,2026-08-01,31990,Electric,VIC,car/14974556/hyundai/kona/vic/south-morang/suv,2026-02-27T01:56:26,UNCLASSIFIED,[OUT_OF_SCOPE]
2018,Hyundai,Kona,Highlander,Wagon,55578,Automatic,2026-05-07,25970,Unleaded,VIC,car/14943753/hyundai/kona/vic/ferntree-gully/suv,2026-02-27T01:56:26,UNCLASSIFIED,[OUT_OF_SCOPE]
2016,Hyundai,I30,Active X,Hatchback,125350,Automatic,2026-05-01,16950,Unleaded,VIC,car/14936195/hyundai/i30/vic/ringwood/hatchback,2026-02-27T01:56:26,hyundai_i30_active_petrol_auto_hatch_gd,[OK]
2024,Hyundai,Santa FE,Hev (Awd),Wagon,12843,Automatic,2026-09-30,53990,Hybrid,VIC,car/14914548/hyundai/santa-fe/vic/ferntree-gully/suv,2026-02-27T01:56:26,UNCLASSIFIED,[OUT_OF_SCOPE]
2014,Hyundai,IX35,Se (Fwd),Wagon,161216,Automatic,2026-03-14,13987,Unleaded,VIC,car/14928528/hyundai/ix35/vic/ferntree-gully/suv,2026-02-27T01:56:26,UNCLASSIFIED,[OUT_OF_SCOPE]
2013,Hyundai,IX35,Se (Fwd),Wagon,171501,Automatic,2026-03-18,11999,Unleaded,VIC,car/14934532/hyundai/ix35/vic/ringwood/suv,2026-02-27T01:56:26,UNCLASSIFIED,[OUT_OF_SCOPE]
2022,Hyundai,Venue,Elite (Black) Sunroof,Wagon,41498,Automatic,2026-03-15,25888,Unleaded,VIC,car/14885043/hyundai/venue/vic/ferntree-gully/suv,2026-02-27T01:56:26,UNCLASSIFIED,[OUT_OF_SCOPE]
2023,Hyundai,Santa FE,Highlander Hev (6 Seat),Wagon,45304,Automatic,,52480,Hybrid,VIC,car/14971769/hyundai/santa-fe/vic/south-morang/suv,2026-02-27T01:56:26,UNCLASSIFIED,[OUT_OF_SCOPE]
2012,Hyundai,Santa FE,Highlander Crdi (4X4),Wagon,211769,Automatic,2026-06-30,15750,Diesel,VIC,car/14827805/hyundai/santa-fe/vic/ringwood/suv,2026-02-27T01:56:26,UNCLASSIFIED,[OUT_OF_SCOPE]
2016,Hyundai,Elantra,Sr Turbo,Sedan,142000,Automatic,2026-08-12,15600,Unleaded,VIC,car/14963474/hyundai/elantra/vic/springvale/sedan,2026-02-27T01:56:26,UNCLASSIFIED,[OUT_OF_SCOPE]
2020,Hyundai,Tucson,Active (2Wd),Wagon,50928,Automatic,2026-12-23,27145,Unleaded,VIC,car/14962021/hyundai/tucson/vic/burwood/suv,2026-02-27T01:56:26,UNCLASSIFIED,[OUT_OF_SCOPE]
2013,Hyundai,Santa FE,Highlander Crdi (4X4),Wagon,209611,Automatic,2026-07-15,14998,Diesel,VIC,car/14926124/hyundai/santa-fe/vic/werribee/suv,2026-02-27T01:56:26,UNCLASSIFIED,[OUT_OF_SCOPE]
2014,Hyundai,IX35,Active (Fwd),Wagon,182687,Automatic,2026-01-15,11999,Unleaded,VIC,car/14920085/hyundai/ix35/vic/ringwood/suv,2026-02-27T01:56:26,UNCLASSIFIED,[OUT_OF_SCOPE]
2022,Hyundai,Santa FE,Highlander Crdi (Awd),Wagon,77337,Automatic,2022-03-11,45480,Diesel,VIC,car/14972206/hyundai/santa-fe/vic/south-morang/suv,2026-02-27T01:56:26,UNCLASSIFIED,[OUT_OF_SCOPE]
2015,Hyundai,IX35,Se (Fwd),Wagon,157365,Automatic,2026-03-04,15990,Unleaded,VIC,car/14963534/hyundai/ix35/vic/ringwood/suv,2026-02-27T01:56:26,UNCLASSIFIED,[OUT_OF_SCOPE]
2019,Hyundai,I30,Go,Hatchback,107243,Automatic,2026-07-09,20999,Unleaded,VIC,car/14964201/hyundai/i30/vic/ringwood/hatchback,2026-02-27T01:56:26,UNCLASSIFIED,[AMBIG_BADGE]
2016,Hyundai,Tucson,Active X (Fwd),Wagon,174206,Automatic,2026-10-31,16999,Unleaded,VIC,car/14949904/hyundai/tucson/vic/ringwood/suv,2026-02-27T01:56:26,UNCLASSIFIED,[OUT_OF_SCOPE]
2018,Hyundai,Tucson,Elite (Fwd),Wagon,83800,Automatic,2026-09-18,25490,Unleaded,VIC,car/14972378/hyundai/tucson/vic/moorabbin-airport/suv,2026-02-27T01:56:26,UNCLASSIFIED,[OUT_OF_SCOPE]
2018,Hyundai,I30,N Line Premium,Hatchback,144921,Automatic,2026-04-25,23999,Unleaded,VIC,car/14946530/hyundai/i30/vic/ringwood/hatchback,2026-02-27T01:56:26,UNCLASSIFIED,[AMBIG_BADGE]
2015,Hyundai,Sonata,Premium,Sedan,190256,Automatic,2026-05-27,12990,Unleaded,VIC,car/14865550/hyundai/sonata/vic/ringwood/sedan,2026-02-27T01:56:26,UNCLASSIFIED,[OUT_OF_SCOPE]
2015,Hyundai,Tucson,Active X (Fwd),Wagon,137365,Automatic,2026-04-25,16990,Unleaded,VIC,car/14953859/hyundai/tucson/vic/ringwood/suv,2026-02-27T01:56:26,UNCLASSIFIED,[OUT_OF_SCOPE]
2022,Hyundai,Kona,(Fwd),Wagon,88322,Automatic,2026-02-28,22950,Unleaded,VIC,car/14957205/hyundai/kona/vic/ferntree-gully/suv,2026-02-27T01:56:26,UNCLASSIFIED,[OUT_OF_SCOPE]
2021,Hyundai,Santa FE,Elite Crdi (Awd),Wagon,69530,Automatic,2026-02-17,39980,Diesel,VIC,car/14959847/hyundai/santa-fe/vic/south-morang/suv,2026-02-27T01:56:26,UNCLASSIFIED,[OUT_OF_SCOPE]
2016,Hyundai,I30,Active X,Hatchback,40526,Automatic,2026-04-06,19999,Unleaded,VIC,car/14967160/hyundai/i30/vic/ringwood/hatchback,2026-02-27T01:56:26,hyundai_i30_active_petrol_auto_hatch_gd,[OK]
2024,Hyundai,Kona,Hybrid N Line,Wagon,30117,Automatic,2026-04-30,39900,Hybrid,VIC,car/14971729/hyundai/kona/vic/ringwood/suv,2026-02-27T01:56:26,UNCLASSIFIED,[OUT_OF_SCOPE]
2020,Hyundai,I30,Active,Hatchback,95314,Automatic,2026-02-25,21970,Unleaded,VIC,car/14974176/hyundai/i30/vic/keysborough/hatchback,2026-02-27T01:56:26,UNCLASSIFIED,[OUT_OF_SCOPE_YEAR]
2024,Hyundai,Tucson,Elite (Awd),Wagon,6401,Automatic,,42990,Unleaded,VIC,car/14938835/hyundai/tucson/vic/mentone/suv,2026-02-27T01:56:26,UNCLASSIFIED,[OUT_OF_SCOPE]
2016,Hyundai,Tucson,Active X (Fwd),Wagon,176565,Automatic,2026-03-23,14999,Unleaded,VIC,car/14934206/hyundai/tucson/vic/ringwood/suv,2026-02-27T01:56:26,UNCLASSIFIED,[OUT_OF_SCOPE]
2018,Hyundai,Tucson,Elite (Awd),Wagon,122997,Automatic,2026-02-28,20990,Unleaded,VIC,car/14923171/hyundai/tucson/vic/ringwood/suv,2026-02-27T01:56:26,UNCLASSIFIED,[OUT_OF_SCOPE]
2016,Hyundai,Tucson,Active X (Fwd),Wagon,179154,Automatic,2026-04-30,14998,Unleaded,VIC,car/14936226/hyundai/tucson/vic/werribee/suv,2026-02-27T01:56:26,UNCLASSIFIED,[OUT_OF_SCOPE]
2018,Hyundai,Iload,3S Liftback,Van,118371,Automatic,,25490,Diesel,VIC,car/14950452/hyundai/iload/vic/springvale/van,2026-02-27T01:56:26,UNCLASSIFIED,[OUT_OF_SCOPE]
2019,Hyundai,Tucson,ACTIVE X F,SUV,88228,Automatic,,20390,Unleaded,VIC,car/14865253/hyundai/tucson/vic/laverton-north/suv,2026-02-27T01:56:26,UNCLASSIFIED,[OUT_OF_SCOPE]
2024,Hyundai,Kona,Electric Premium,Wagon,17683,Automatic,2026-05-26,42990,Electric,VIC,car/14976553/hyundai/kona/vic/seaford/suv,2026-02-27T01:56:26,UNCLASSIFIED,[OUT_OF_SCOPE]
2017,Hyundai,Tucson,Active X (Fwd),Wagon,156253,Automatic,,16990,Unleaded,VIC,car/14975952/hyundai/tucson/vic/frankston/suv,2026-02-27T01:56:26,UNCLASSIFIED,[OUT_OF_SCOPE]
2019,Hyundai,Tucson,Active X (Fwd),Wagon,117603,Automatic,2026-08-19,21999,Unleaded,VIC,car/14846702/hyundai/tucson/vic/upper-ferntree-gully/suv,2026-02-27T01:56:26,UNCLASSIFIED,[OUT_OF_SCOPE]
2015,Hyundai,Veloster,Sr Turbo,Coupe,189775,Automatic,2026-07-17,12950,Unleaded,VIC,car/14946598/hyundai/veloster/vic/seaford/hatchback,2026-02-27T01:56:26,UNCLASSIFIED,[OUT_OF_SCOPE]
2017,Hyundai,Tucson,Active X (Fwd),Wagon,128333,Automatic,2026-05-30,16999,Unleaded,VIC,car/14953416/hyundai/tucson/vic/upper-ferntree-gully/suv,2026-02-27T01:56:26,UNCLASSIFIED,[OUT_OF_SCOPE]
2015,Hyundai,I30,Se,Hatchback,164708,Automatic,2026-03-04,11900,Unleaded,VIC,car/14937590/hyundai/i30/vic/dandenong/hatchback,2026-02-27T01:56:26,UNCLASSIFIED,[AMBIG_BADGE]
2015,Hyundai,Accent,Active,Sedan,171444,Automatic,,10000,Unleaded,VIC,car/14939436/hyundai/accent/vic/carrum-downs/sedan,2026-02-27T01:56:26,UNCLASSIFIED,[OUT_OF_SCOPE]
2014,Hyundai,I20,Active,Hatchback,116000,Automatic,,10500,Unleaded,VIC,car/14837317/hyundai/i20/vic/dandenong/hatchback,2026-02-27T01:56:26,UNCLASSIFIED,[OUT_OF_SCOPE]
2009,Hyundai,Getz,Sx,Hatchback,238315,Automatic,2026-03-06,6990,Unleaded,VIC,car/14932473/hyundai/getz/vic/seaford/hatchback,2026-02-27T01:56:26,UNCLASSIFIED,[OUT_OF_SCOPE]
2021,Hyundai,Ioniq,Electric Elite,Hatchback,27000,Automatic,,25999,Electric,VIC,car/14971126/hyundai/ioniq/vic/dandenong/hatchback,2026-02-27T01:56:26,UNCLASSIFIED,[OUT_OF_SCOPE]
2017,Hyundai,I30,Active,Hatchback,73000,Automatic,,17500,Unleaded,VIC,car/14834302/hyundai/i30/vic/dandenong/hatchback,2026-02-27T01:56:26,hyundai_i30_active_petrol_auto_hatch_pd,[OK]
2016,Hyundai,Santa FE,Active (4X4),Wagon,156050,Automatic,2025-06-17,15950,Unleaded,VIC,car/14855117/hyundai/santa-fe/vic/seaford/suv,2026-02-27T01:56:26,UNCLASSIFIED,[OUT_OF_SCOPE]
2015,Hyundai,IX35,Highlander (Awd),Wagon,126000,Automatic,2026-03-03,14500,Diesel,VIC,car/14966033/hyundai/ix35/vic/dandenong/suv,2026-02-27T01:56:26,UNCLASSIFIED,[OUT_OF_SCOPE]
2014,Hyundai,I30,Se,Hatchback,88500,Automatic,,14000,Unleaded,VIC,car/14910586/hyundai/i30/vic/carrum-downs/hatchback,2026-02-27T01:56:26,UNCLASSIFIED,[AMBIG_BADGE]
2015,Hyundai,I20,Active,Hatchback,143189,Automatic,,8000,Unleaded,VIC,car/14964005/hyundai/i20/vic/melton/hatchback,2026-02-27T01:56:26,UNCLASSIFIED,[OUT_OF_SCOPE]
2015,Hyundai,I20,Active,Hatchback,177010,Automatic,2026-04-15,10999,Unleaded,VIC,car/14834410/hyundai/i20/vic/ringwood/hatchback,2026-02-27T01:56:26,UNCLASSIFIED,[OUT_OF_SCOPE]
2015,Hyundai,Veloster,Sr Turbo,Coupe,81272,Automatic,2026-04-15,19985,Unleaded,VIC,car/14965613/hyundai/veloster/vic/ravenhall/hatchback,2026-02-27T01:56:26,UNCLASSIFIED,[OUT_OF_SCOPE]
2021,Hyundai,Tucson,Highlander (Fwd),Wagon,100297,Automatic,2026-08-27,31490,Unleaded,VIC,car/14866410/hyundai/tucson/vic/moorabbin-airport/suv,2026-02-27T01:56:26,UNCLASSIFIED,[OUT_OF_SCOPE]
2015,Hyundai,Santa FE,Active Crdi (4X4),Wagon,155989,Automatic,2026-04-15,16990,Diesel,VIC,car/14842938/hyundai/santa-fe/vic/ringwood/suv,2026-02-27T01:56:26,UNCLASSIFIED,[OUT_OF_SCOPE]
2011,Hyundai,IX35,Active (Fwd),Wagon,116867,Automatic,2026-01-24,13990,Unleaded,VIC,car/14953897/hyundai/ix35/vic/ringwood/suv,2026-02-27T01:56:26,UNCLASSIFIED,[OUT_OF_SCOPE]
2017,Hyundai,I40,Active,Sedan,94155,Automatic,,15990,Diesel,VIC,car/14917569/hyundai/i40/vic/cranbourne/sedan,2026-02-27T01:56:26,UNCLASSIFIED,[OUT_OF_SCOPE]
2021,Hyundai,Tucson,(Fwd),Wagon,78210,Automatic,2026-04-11,28990,Unleaded,VIC,car/14858882/hyundai/tucson/vic/sunbury/suv,2026-02-27T01:56:26,UNCLASSIFIED,[OUT_OF_SCOPE]
2014,Hyundai,IX35,Active (Fwd),Wagon,151000,Automatic,2026-01-15,13500,Unleaded,VIC,car/14970691/hyundai/ix35/vic/dandenong/suv,2026-02-27T01:56:26,UNCLASSIFIED,[OUT_OF_SCOPE]
2021,Hyundai,Tucson,Elite (Awd),Wagon,88989,Automatic,,29990,Unleaded,VIC,car/14955474/hyundai/tucson/vic/frankston/suv,2026-02-27T01:56:26,UNCLASSIFIED,[OUT_OF_SCOPE]
2024,Hyundai,Tucson,Premium N Line (Awd),Wagon,11768,Automatic,,50990,Unleaded,VIC,car/14956057/hyundai/tucson/vic/frankston/suv,2026-02-27T01:56:26,UNCLASSIFIED,[OUT_OF_SCOPE]
2022,Hyundai,Tucson,Highlander (Awd),Wagon,52832,Automatic,2026-05-19,39800,Diesel,VIC,car/14919245/hyundai/tucson/vic/berwick/suv,2026-02-27T01:56:26,UNCLASSIFIED,[OUT_OF_SCOPE]
2022,Hyundai,Staria,,Wagon,86651,Automatic,,33990,Unleaded,VIC,car/14949397/hyundai/staria/vic/narre-warren/people-mover,2026-02-27T01:56:26,UNCLASSIFIED,[OUT_OF_SCOPE]
2016,Hyundai,Santa FE,Highlander Crdi (4X4),Wagon,143239,Automatic,2026-05-04,21800,Diesel,VIC,car/14961836/hyundai/santa-fe/vic/ferntree-gully/suv,2026-02-27T01:56:26,UNCLASSIFIED,[OUT_OF_SCOPE]
2019,Hyundai,Tucson,Highlander (Awd) Beige Int,Wagon,54767,Automatic,2026-05-28,31950,Diesel,VIC,car/14964980/hyundai/tucson/vic/sunbury/suv,2026-02-27T01:56:26,UNCLASSIFIED,[OUT_OF_SCOPE]
2025,Hyundai,Tucson,Premium Hybrid (Awd),Wagon,10903,Automatic,2026-08-15,53990,Hybrid,VIC,car/14963218/hyundai/tucson/vic/seaford/suv,2026-02-27T01:56:26,UNCLASSIFIED,[OUT_OF_SCOPE]
2025,Hyundai,I30,N Premium,Hatchback,4608,Automatic,2026-10-15,51950,Unleaded,VIC,car/14898891/hyundai/i30/vic/sunbury/hatchback,2026-02-27T01:56:26,UNCLASSIFIED,[AMBIG_BADGE]
2024,Hyundai,Tucson,Highlander (Awd),Wagon,6162,Automatic,2026-04-29,50950,Diesel,VIC,car/14960310/hyundai/tucson/vic/sunbury/suv,2026-02-27T01:56:26,UNCLASSIFIED,[OUT_OF_SCOPE]
2013,Hyundai,IX35,Se (Awd),Wagon,237630,Automatic,2026-05-17,9999,Diesel,VIC,car/14937053/hyundai/ix35/vic/upper-ferntree-gully/suv,2026-02-27T01:56:26,UNCLASSIFIED,[OUT_OF_SCOPE]
2018,Hyundai,I30,Active,Hatchback,88260,Automatic,2026-07-06,21999,Unleaded,VIC,car/14824927/hyundai/i30/vic/melton/hatchback,2026-02-27T01:56:26,UNCLASSIFIED,[OUT_OF_SCOPE_YEAR]
2010,Hyundai,Santa FE,Highlander Crdi (4X4),Wagon,251733,Automatic,,8500,Diesel,VIC,car/14864423/hyundai/santa-fe/vic/dandenong/suv,2026-02-27T01:56:26,UNCLASSIFIED,[OUT_OF_SCOPE]
2018,Hyundai,Iload,3S Liftback,Van,99080,Automatic,2026-07-10,29999,Diesel,VIC,car/14930184/hyundai/iload/vic/upper-ferntree-gully/van,2026-02-27T01:56:26,UNCLASSIFIED,[OUT_OF_SCOPE]
2017,Hyundai,Santa FE,Active Crdi (4X4),Wagon,177000,Automatic,2026-02-20,18000,Diesel,VIC,car/14828044/hyundai/santa-fe/vic/dandenong/suv,2026-02-27T01:56:26,UNCLASSIFIED,[OUT_OF_SCOPE]
2016,Hyundai,Tucson,Active (Fwd),Wagon,124000,Automatic,,17500,Unleaded,VIC,car/14935371/hyundai/tucson/vic/dandenong/suv,2026-02-27T01:56:26,UNCLASSIFIED,[OUT_OF_SCOPE]
2013,Hyundai,I20,Active,Hatchback,158150,Manual,2026-05-12,8990,Unleaded,VIC,car/14975634/hyundai/i20/vic/ferntree-gully/hatchback,2026-02-27T01:56:26,UNCLASSIFIED,[OUT_OF_SCOPE]
2023,Hyundai,I30,N Line Premium,Sedan,16157,Automatic,2026-08-22,37950,Unleaded,VIC,car/14982923/hyundai/i30/vic/sunbury/sedan,2026-02-27T01:56:26,UNCLASSIFIED,[OUT_OF_SCOPE]
2020,Hyundai,I30,Elite,Hatchback,32434,Automatic,,25388,Unleaded,VIC,car/14850268/hyundai/i30/vic/berwick/hatchback,2026-02-27T01:56:26,UNCLASSIFIED,[AMBIG_BADGE]
2018,Hyundai,Tucson,Go (Fwd),Wagon,117414,Automatic,,19999,Unleaded,VIC,car/14896058/hyundai/tucson/vic/berwick/suv,2026-02-27T01:56:26,UNCLASSIFIED,[OUT_OF_SCOPE]
2014,Hyundai,Imax,,Wagon,221350,Automatic,2026-11-12,15500,Diesel,VIC,car/14927495/hyundai/imax/vic/bacchus-marsh/people-mover,2026-02-27T01:56:26,UNCLASSIFIED,[OUT_OF_SCOPE]
2024,Hyundai,Kona,Hybrid Premium N Line,Wagon,12721,Automatic,,44888,Hybrid,VIC,car/14892200/hyundai/kona/vic/berwick/suv,2026-02-27T01:56:26,UNCLASSIFIED,[OUT_OF_SCOPE]
2020,Hyundai,I30,N Line,Hatchback,103651,Automatic,,24499,Unleaded,VIC,car/14931818/hyundai/i30/vic/berwick/hatchback,2026-02-27T01:56:26,UNCLASSIFIED,[AMBIG_BADGE]
2021,Hyundai,I30,Active,Sedan,86352,Automatic,,24388,Unleaded,VIC,car/14937221/hyundai/i30/vic/berwick/sedan,2026-02-27T01:56:26,UNCLASSIFIED,[OUT_OF_SCOPE]
2018,Hyundai,I30,Go,Hatchback,64564,Automatic,,21490,Unleaded,VIC,car/14921706/hyundai/i30/vic/cranbourne/hatchback,2026-02-27T01:56:26,UNCLASSIFIED,[AMBIG_BADGE]
2022,Hyundai,Staria,,Wagon,84031,Automatic,,31888,Unleaded,VIC,car/14960860/hyundai/staria/vic/cranbourne/people-mover,2026-02-27T01:56:26,UNCLASSIFIED,[OUT_OF_SCOPE]
2021,Hyundai,I30,,Hatchback,24653,Automatic,2026-03-31,26488,Unleaded,VIC,car/14976481/hyundai/i30/vic/mornington/hatchback,2026-02-27T01:56:26,UNCLASSIFIED,[AMBIG_BADGE]
2021,Hyundai,Tucson,Elite (Awd),Wagon,73183,Automatic,2026-04-30,34990,Diesel,VIC,car/14976473/hyundai/tucson/vic/mornington/suv,2026-02-27T01:56:26,UNCLASSIFIED,[OUT_OF_SCOPE]
2021,Hyundai,I30,N Line Premium,Hatchback,75867,Automatic,,29999,Unleaded,VIC,car/14981065/hyundai/i30/vic/berwick/hatchback,2026-02-27T01:56:26,UNCLASSIFIED,[AMBIG_BADGE]
2022,Hyundai,Tucson,Elite (Awd),Wagon,67181,Automatic,,34888,Diesel,VIC,car/14984082/hyundai/tucson/vic/berwick/suv,2026-02-27T01:56:26,UNCLASSIFIED,[OUT_OF_SCOPE]
2021,Hyundai,Kona,(Fwd),Wagon,107000,Automatic,2026-01-19,19990,Unleaded,VIC,car/14981231/hyundai/kona/vic/mornington/suv,2026-02-27T01:56:26,UNCLASSIFIED,[OUT_OF_SCOPE]
2022,Hyundai,Venue,Active,Wagon,50628,Automatic,,24999,Unleaded,VIC,car/14976943/hyundai/venue/vic/berwick/suv,2026-02-27T01:56:26,UNCLASSIFIED,[OUT_OF_SCOPE]
2024,Hyundai,Santa FE,Hev (Awd),Wagon,33574,Automatic,2026-03-31,68888,Hybrid,VIC,car/14977807/hyundai/santa-fe/vic/mornington/suv,2026-02-27T01:56:26,UNCLASSIFIED,[OUT_OF_SCOPE]
2021,Hyundai,Ioniq,Electric Elite,Hatchback,28847,Automatic,,24888,Electric,VIC,car/14975911/hyundai/ioniq/vic/mornington/hatchback,2026-02-27T01:56:26,UNCLASSIFIED,[OUT_OF_SCOPE]
2018,Hyundai,Kona,Elite,Wagon,106872,Automatic,2026-06-22,19266,Unleaded,VIC,car/14916242/hyundai/kona/vic/mornington/suv,2026-02-27T01:56:26,UNCLASSIFIED,[OUT_OF_SCOPE]
2016,Hyundai,Tucson,Active (Fwd),Wagon,109659,Automatic,2026-06-21,16888,Unleaded,VIC,car/14829972/hyundai/tucson/vic/mornington/suv,2026-02-27T01:56:26,UNCLASSIFIED,[OUT_OF_SCOPE]
2018,Hyundai,I30,Active,Hatchback,99855,Automatic,2026-10-13,19000,Unleaded,VIC,car/14893181/hyundai/i30/vic/bacchus-marsh/hatchback,2026-02-27T01:56:26,UNCLASSIFIED,[OUT_OF_SCOPE_YEAR]
2013,Hyundai,Iload,,Van,232917,Automatic,2026-08-09,14000,Diesel,VIC,car/14883677/hyundai/iload/vic/bacchus-marsh/van,2026-02-27T01:56:26,UNCLASSIFIED,[OUT_OF_SCOPE]
2010,Hyundai,Iload,,Van,366671,Manual,2025-12-07,9999,Diesel,VIC,car/14206675/hyundai/iload/vic/west-footscray/van,2026-02-27T01:56:26,UNCLASSIFIED,[OUT_OF_SCOPE]
2009,Hyundai,Tucson,City Sx,Wagon,146526,Manual,2026-03-14,6999,Unleaded,VIC,car/14968725/hyundai/tucson/vic/braybrook/suv,2026-02-27T01:56:26,UNCLASSIFIED,[OUT_OF_SCOPE]
2023,Hyundai,Venue,Elite (Black) Sunroof,Wagon,53591,Automatic,,24999,Unleaded,VIC,car/14949217/hyundai/venue/vic/berwick/suv,2026-02-27T01:56:26,UNCLASSIFIED,[OUT_OF_SCOPE]
2019,Hyundai,Kona,Go (Fwd),Wagon,68977,Automatic,,23490,Unleaded,VIC,car/14951298/hyundai/kona/vic/cranbourne/suv,2026-02-27T01:56:26,UNCLASSIFIED,[OUT_OF_SCOPE]
2024,Hyundai,I30,N Premium,Hatchback,8627,Automatic,,52499,Unleaded,VIC,car/14956329/hyundai/i30/vic/berwick/hatchback,2026-02-27T01:56:26,UNCLASSIFIED,[AMBIG_BADGE]
2022,Hyundai,I30,Active,Sedan,71256,Automatic,2026-06-27,26480,Unleaded,VIC,car/14944928/hyundai/i30/vic/mornington/sedan,2026-02-27T01:56:26,UNCLASSIFIED,[OUT_OF_SCOPE]
2024,Hyundai,Tucson,Elite Hybrid (Fwd),Wagon,22625,Automatic,,44499,Hybrid,VIC,car/14933772/hyundai/tucson/vic/berwick/suv,2026-02-27T01:56:26,UNCLASSIFIED,[OUT_OF_SCOPE]
2024,Hyundai,Kona,,Wagon,8300,Automatic,,33499,Unleaded,VIC,car/14899867/hyundai/kona/vic/berwick/suv,2026-02-27T01:56:26,UNCLASSIFIED,[OUT_OF_SCOPE]
2016,Hyundai,Tucson,Highlander (Awd),Wagon,140441,Automatic,,17990,Unleaded,VIC,car/14923781/hyundai/tucson/vic/cranbourne/suv,2026-02-27T01:56:26,UNCLASSIFIED,[OUT_OF_SCOPE]
2023,Hyundai,Tucson,N Line (Fwd),Wagon,92292,Automatic,2026-02-15,31990,Unleaded,VIC,car/14961272/hyundai/tucson/vic/mornington/suv,2026-02-27T01:56:26,UNCLASSIFIED,[OUT_OF_SCOPE]
2022,Hyundai,Tucson,Highlander N Line (Awd),Wagon,21327,Automatic,,44999,Diesel,VIC,car/14940318/hyundai/tucson/vic/berwick/suv,2026-02-27T01:56:26,UNCLASSIFIED,[OUT_OF_SCOPE]
2024,Hyundai,Palisade,Calligraphy Black Ink (7 Seat),Wagon,11675,Automatic,2026-06-27,76888,Diesel,VIC,car/14956046/hyundai/palisade/vic/mornington/suv,2026-02-27T01:56:26,UNCLASSIFIED,[OUT_OF_SCOPE]
2025,Hyundai,Santa FE,Hev (2Wd),Wagon,10077,Automatic,,55999,Hybrid,VIC,car/14973561/hyundai/santa-fe/vic/berwick/suv,2026-02-27T01:56:26,UNCLASSIFIED,[OUT_OF_SCOPE]
2018,Hyundai,Iload,3S Liftback,Van,97705,Automatic,,31888,Diesel,VIC,car/14930077/hyundai/iload/vic/berwick/van,2026-02-27T01:56:26,UNCLASSIFIED,[OUT_OF_SCOPE]
2021,Hyundai,Kona,Elite (Fwd),Wagon,14987,Automatic,,29490,Unleaded,VIC,car/14962042/hyundai/kona/vic/cranbourne/suv,2026-02-27T01:56:26,UNCLASSIFIED,[OUT_OF_SCOPE]
2025,Hyundai,Santa FE,Hev (Awd),Wagon,7444,Automatic,,58990,Hybrid,VIC,car/14951297/hyundai/santa-fe/vic/cranbourne/suv,2026-02-27T01:56:26,UNCLASSIFIED,[OUT_OF_SCOPE]
2025,Hyundai,Kona,Premium,Wagon,3811,Automatic,,41499,Unleaded,VIC,car/14934647/hyundai/kona/vic/berwick/suv,2026-02-27T01:56:26,UNCLASSIFIED,[OUT_OF_SCOPE]
2016,Hyundai,Santa FE,Highlander Crdi (4X4),Wagon,95522,Automatic,2026-12-16,24990,Diesel,VIC,car/14961130/hyundai/santa-fe/vic/mornington/suv,2026-02-27T01:56:26,UNCLASSIFIED,[OUT_OF_SCOPE]
2015,Hyundai,IX35,Se (Fwd),Wagon,120227,Automatic,,16990,Unleaded,VIC,car/14924347/hyundai/ix35/vic/cranbourne/suv,2026-02-27T01:56:26,UNCLASSIFIED,[OUT_OF_SCOPE]
2017,Hyundai,Tucson,Active X (Fwd),Wagon,139079,Automatic,2026-04-04,15990,Unleaded,VIC,car/14921910/hyundai/tucson/vic/mornington/suv,2026-02-27T01:56:26,UNCLASSIFIED,[OUT_OF_SCOPE]
2022,Hyundai,Staria,,Wagon,80857,Automatic,,33777,Diesel,VIC,car/14984268/hyundai/staria/vic/elsternwick/people-mover,2026-02-27T01:56:26,UNCLASSIFIED,[OUT_OF_SCOPE]
2018,Hyundai,Tucson,Active X (Fwd),Wagon,142850,Automatic,2026-09-04,18990,Unleaded,VIC,car/14981303/hyundai/tucson/vic/preston/suv,2026-02-27T01:56:26,UNCLASSIFIED,[OUT_OF_SCOPE]
2016,Hyundai,I40,Active,Sedan,196000,Automatic,2026-04-20,11450,Diesel,VIC,car/14978684/hyundai/i40/vic/preston/sedan,2026-02-27T01:56:26,UNCLASSIFIED,[OUT_OF_SCOPE]
2018,Hyundai,I30,Go,Hatchback,165561,Automatic,2026-04-20,15988,Unleaded,VIC,car/14978281/hyundai/i30/vic/braybrook/hatchback,2026-02-27T01:56:26,UNCLASSIFIED,[AMBIG_BADGE]
2012,Hyundai,I30,Cw Sx 2.0,Wagon,103326,Automatic,,11750,Unleaded,VIC,car/14815517/hyundai/i30/vic/footscray/wagon,2026-02-27T01:56:26,UNCLASSIFIED,[OUT_OF_SCOPE]
2011,Hyundai,Imax,,Wagon,321740,Automatic,2026-01-15,13988,Diesel,VIC,car/14769113/hyundai/imax/vic/braybrook/people-mover,2026-02-27T01:56:26,UNCLASSIFIED,[OUT_OF_SCOPE]
2012,Hyundai,I30,Elite 1.6 Crdi,Hatchback,123475,Automatic,,13489,Diesel,VIC,car/14514568/hyundai/i30/vic/maidstone/hatchback,2026-02-27T01:56:26,UNCLASSIFIED,[OUT_OF_SCOPE]
2010,Hyundai,IX35,Highlander (Awd),Wagon,242651,Automatic,,8999,Diesel,VIC,car/13561581/hyundai/ix35/vic/west-footscray/suv,2026-02-27T01:56:26,UNCLASSIFIED,[OUT_OF_SCOPE]
2017,Hyundai,Tucson,Active R-Series (Fwd),Wagon,252717,Automatic,2026-05-09,13990,Diesel,VIC,car/14729204/hyundai/tucson/vic/west-footscray/suv,2026-02-27T01:56:26,UNCLASSIFIED,[OUT_OF_SCOPE]
2019,Hyundai,Iload,3S Twin Swing,Van,215706,Automatic,2026-01-24,23990,Diesel,VIC,car/14738026/hyundai/iload/vic/west-footscray/van,2026-02-27T01:56:26,UNCLASSIFIED,[OUT_OF_SCOPE]
2015,Hyundai,IX35,Se (Fwd),Wagon,139681,Automatic,,14999,Unleaded,VIC,car/14654966/hyundai/ix35/vic/braybrook/suv,2026-02-27T01:56:26,UNCLASSIFIED,[OUT_OF_SCOPE]
2016,Hyundai,Tucson,Active (Fwd),Wagon,211020,Manual,,12999,Unleaded,VIC,car/14620520/hyundai/tucson/vic/west-footscray/suv,2026-02-27T01:56:26,UNCLASSIFIED,[OUT_OF_SCOPE]
2012,Hyundai,Veloster,+,Coupe,44000,Manual,2026-05-24,11990,Unleaded,VIC,car/14702955/hyundai/veloster/vic/coburg-north/hatchback,2026-02-27T01:56:26,UNCLASSIFIED,[OUT_OF_SCOPE]
2012,Hyundai,I30,Slx 1.6 Crdi,Hatchback,113308,Automatic,2026-04-20,9880,Diesel,VIC,car/14919274/hyundai/i30/vic/preston/hatchback,2026-02-27T01:56:26,UNCLASSIFIED,[OUT_OF_SCOPE]
2014,Hyundai,Imax,,Wagon,254791,Automatic,2026-04-15,13990,Premium,VIC,car/14810307/hyundai/imax/vic/west-footscray/people-mover,2026-02-27T01:56:26,UNCLASSIFIED,[OUT_OF_SCOPE]
2015,Hyundai,Santa FE,Active Crdi (4X4),Wagon,199738,Automatic,,9990,Diesel,VIC,car/14702953/hyundai/santa-fe/vic/coburg-north/suv,2026-02-27T01:56:26,UNCLASSIFIED,[OUT_OF_SCOPE]
2014,Hyundai,Accent,Sr,Hatchback,230213,Automatic,2026-01-13,6990,Unleaded,VIC,car/14792987/hyundai/accent/vic/thomastown/hatchback,2026-02-27T01:56:26,UNCLASSIFIED,[OUT_OF_SCOPE]
2015,Hyundai,Genesis,,Sedan,212776,Automatic,,14800,Unleaded,VIC,car/14546302/hyundai/genesis/vic/cheltenham/sedan,2026-02-27T01:56:26,UNCLASSIFIED,[OUT_OF_SCOPE]
2018,Hyundai,I30,Active,Hatchback,136652,Automatic,,16990,Unleaded,VIC,car/14574613/hyundai/i30/vic/preston/hatchback,2026-02-27T01:56:26,UNCLASSIFIED,[OUT_OF_SCOPE_YEAR]
2011,Hyundai,I30,Sx,Hatchback,170072,Automatic,2026-05-20,7999,Unleaded,VIC,car/14942403/hyundai/i30/vic/braybrook/hatchback,2026-02-27T01:56:26,UNCLASSIFIED,[AMBIG_BADGE]
2011,Hyundai,I30,Cw Slx 1.6 Crdi,Wagon,237038,Automatic,2026-03-24,7999,Diesel,VIC,car/14942399/hyundai/i30/vic/braybrook/wagon,2026-02-27T01:56:26,UNCLASSIFIED,[OUT_OF_SCOPE]
2010,Hyundai,Getz,Sx,Hatchback,243596,Manual,2026-10-16,5999,Unleaded,VIC,car/14968723/hyundai/getz/vic/braybrook/hatchback,2026-02-27T01:56:26,UNCLASSIFIED,[OUT_OF_SCOPE]
2011,Hyundai,IX35,Highlander (Awd),Wagon,218758,Automatic,,9850,Unleaded,VIC,car/14942215/hyundai/ix35/vic/footscray/suv,2026-02-27T01:56:26,UNCLASSIFIED,[OUT_OF_SCOPE]
2020,Hyundai,Iload,6S Liftback,Crew Van,209858,Automatic,2026-01-31,25990,Diesel,VIC,car/14734966/hyundai/iload/vic/west-footscray/van,2026-02-27T01:56:26,UNCLASSIFIED,[OUT_OF_SCOPE]
1998,Hyundai,Excel,Sprint,Hatchback,86973,Automatic,2026-06-24,5999,Unleaded,VIC,car/14968705/hyundai/excel/vic/braybrook/hatchback,2026-02-27T01:56:26,UNCLASSIFIED,[OUT_OF_SCOPE]
2016,Hyundai,Accent,Active,Hatchback,192437,Automatic,2025-12-14,9999,Unleaded,VIC,car/14811534/hyundai/accent/vic/braybrook/hatchback,2026-02-27T01:56:26,UNCLASSIFIED,[OUT_OF_SCOPE]
2024,Hyundai,Kona,,Wagon,11812,Automatic,,31490,Unleaded,VIC,car/14822357/hyundai/kona/vic/port-melbourne/suv,2026-02-27T01:56:26,UNCLASSIFIED,[OUT_OF_SCOPE]
2018,Hyundai,Santa FE,Elite Crdi Satin (Awd),Wagon,199165,Automatic,2026-05-24,19880,Diesel,VIC,car/14943073/hyundai/santa-fe/vic/preston/suv,2026-02-27T01:56:26,UNCLASSIFIED,[OUT_OF_SCOPE]
2019,Hyundai,Elantra,Active,Sedan,81814,Automatic,2025-09-29,19999,Unleaded,VIC,car/14728384/hyundai/elantra/vic/braybrook/sedan,2026-02-27T01:56:26,UNCLASSIFIED,[OUT_OF_SCOPE]
2015,Hyundai,Tucson,Active X (Fwd),Wagon,180741,Automatic,,16989,Unleaded,VIC,car/14715014/hyundai/tucson/vic/maidstone/suv,2026-02-27T01:56:26,UNCLASSIFIED,[OUT_OF_SCOPE]
2013,Hyundai,IX35,Se (Fwd),Wagon,181205,Automatic,2026-05-17,13990,Unleaded,VIC,car/14467436/hyundai/ix35/vic/west-footscray/suv,2026-02-27T01:56:26,UNCLASSIFIED,[OUT_OF_SCOPE]
2011,Hyundai,I30,Cw Slx 2.0,Wagon,158664,Automatic,,9950,Unleaded,VIC,car/14924779/hyundai/i30/vic/footscray/wagon,2026-02-27T01:56:26,UNCLASSIFIED,[OUT_OF_SCOPE]
2013,Hyundai,IX35,Se (Fwd),Wagon,114749,Automatic,2026-03-04,13999,Unleaded,VIC,car/14985122/hyundai/ix35/vic/braybrook/suv,2026-02-27T01:56:26,UNCLASSIFIED,[OUT_OF_SCOPE]
2013,Hyundai,IX35,Active (Fwd),Wagon,219496,Automatic,2026-03-28,9999,Unleaded,VIC,car/14985105/hyundai/ix35/vic/braybrook/suv,2026-02-27T01:56:26,UNCLASSIFIED,[OUT_OF_SCOPE]
2022,Hyundai,Tucson,Elite (Fwd),Wagon,45421,Automatic,2026-06-30,33990,Unleaded,VIC,car/14985500/hyundai/tucson/vic/camberwell/suv,2026-02-27T01:56:26,UNCLASSIFIED,[OUT_OF_SCOPE]
2023,Hyundai,Kona,Premium,Wagon,17527,Automatic,2026-11-19,,Unleaded,VIC,car/14985369/hyundai/kona/vic/camberwell/suv,2026-02-27T01:56:26,UNCLASSIFIED,[NO_PRICE]
2012,Hyundai,I20,Active,Hatchback,92859,Manual,2026-07-24,4999,Unleaded,VIC,car/14985202/hyundai/i20/vic/laverton-north/hatchback,2026-02-27T01:56:26,UNCLASSIFIED,[OUT_OF_SCOPE]
2019,Hyundai,I30,Go,Hatchback,43738,Automatic,2027-03-06,21999,Unleaded,VIC,car/14980201/hyundai/i30/vic/highett/hatchback,2026-02-27T01:56:26,UNCLASSIFIED,[AMBIG_BADGE]
2015,Hyundai,IX35,Se (Fwd),Wagon,136666,Automatic,,14888,Unleaded,VIC,car/14981042/hyundai/ix35/vic/oakleigh/suv,2026-02-27T01:56:26,UNCLASSIFIED,[OUT_OF_SCOPE]
2011,Hyundai,Elantra,Active,Sedan,117000,Automatic,,10990,Unleaded,VIC,car/14523368/hyundai/elantra/vic/moorabbin/sedan,2026-02-27T01:56:26,UNCLASSIFIED,[OUT_OF_SCOPE]
2018,Hyundai,I30,Active,Hatchback,97858,Automatic,2026-09-25,17765,Unleaded,VIC,car/14984889/hyundai/i30/vic/burwood/hatchback,2026-02-27T01:56:26,UNCLASSIFIED,[OUT_OF_SCOPE_YEAR]
2022,Hyundai,I30,N Line Premium,Sedan,77584,Automatic,2026-08-19,,Unleaded,VIC,car/14982841/hyundai/i30/vic/camberwell/sedan,2026-02-27T01:56:26,UNCLASSIFIED,[NO_PRICE]
2020,Hyundai,Tucson,Active X (2Wd) Black Int,Wagon,45000,Automatic,,26999,Unleaded,VIC,car/14978938/hyundai/tucson/vic/moorabbin/suv,2026-02-27T01:56:26,UNCLASSIFIED,[OUT_OF_SCOPE]
2013,Hyundai,Santa FE,Highlander Crdi (4X4),Wagon,148000,Automatic,,15999,Diesel,VIC,car/14978939/hyundai/santa-fe/vic/moorabbin/suv,2026-02-27T01:56:26,UNCLASSIFIED,[OUT_OF_SCOPE]
2024,Hyundai,Staria,,Wagon,18045,Automatic,,,Unleaded,VIC,car/14981447/hyundai/staria/vic/camberwell/people-mover,2026-02-27T01:56:26,UNCLASSIFIED,[NO_PRICE]
2021,Hyundai,I30,Active,Sedan,65355,Automatic,2026-03-04,,Unleaded,VIC,car/14981438/hyundai/i30/vic/camberwell/sedan,2026-02-27T01:56:26,UNCLASSIFIED,[NO_PRICE]
2018,Hyundai,I30,N Performance,Hatchback,80380,Manual,2026-12-31,,Premium,VIC,car/14981462/hyundai/i30/vic/camberwell/hatchback,2026-02-27T01:56:26,UNCLASSIFIED,[NO_PRICE]
2010,Hyundai,I20,Premium,Hatchback,214000,Automatic,,7999,Unleaded,VIC,car/14977902/hyundai/i20/vic/brooklyn/hatchback,2026-02-27T01:56:26,UNCLASSIFIED,[OUT_OF_SCOPE]
2012,Hyundai,Veloster,+,Coupe,191920,Automatic,2026-05-10,12999,Unleaded,VIC,car/14592121/hyundai/veloster/vic/avondale-heights/hatchback,2026-02-27T01:56:26,UNCLASSIFIED,[OUT_OF_SCOPE]
2014,Hyundai,IX35,Se (Fwd),Wagon,175801,Automatic,2026-02-28,11999,Unleaded,VIC,car/14637290/hyundai/ix35/vic/sunshine/suv,2026-02-27T01:56:26,UNCLASSIFIED,[OUT_OF_SCOPE]
2021,Hyundai,Kona,(Fwd),Wagon,80179,Automatic,2026-02-09,22990,Unleaded,VIC,car/14768180/hyundai/kona/vic/coburg-north/suv,2026-02-27T01:56:26,UNCLASSIFIED,[OUT_OF_SCOPE]
2015,Hyundai,I30,Sr Premium,Hatchback,165000,Automatic,,14999,Unleaded,VIC,car/14677577/hyundai/i30/vic/brooklyn/hatchback,2026-02-27T01:56:26,UNCLASSIFIED,[AMBIG_BADGE]
2016,Hyundai,Veloster,Sr Turbo,Coupe,125716,Automatic,2025-10-22,13990,Unleaded,VIC,car/14583092/hyundai/veloster/vic/ringwood/hatchback,2026-02-27T01:56:26,UNCLASSIFIED,[OUT_OF_SCOPE]
2012,Hyundai,IX35,Active (Fwd),Wagon,203892,Automatic,,8990,Unleaded,VIC,car/14329168/hyundai/ix35/vic/dingley-village/suv,2026-02-27T01:56:26,UNCLASSIFIED,[OUT_OF_SCOPE]
2021,Hyundai,Kona,Active (Fwd),Wagon,54474,Automatic,2026-04-29,26000,Unleaded,VIC,car/14823344/hyundai/kona/vic/burwood/suv,2026-02-27T01:56:26,UNCLASSIFIED,[OUT_OF_SCOPE]
2010,Hyundai,IX35,Active (Fwd),Wagon,137000,Automatic,,11999,Unleaded,VIC,car/14689917/hyundai/ix35/vic/brooklyn/suv,2026-02-27T01:56:26,UNCLASSIFIED,[OUT_OF_SCOPE]
2011,Hyundai,I30,Sx,Hatchback,236222,Automatic,,6999,Unleaded,VIC,car/14889580/hyundai/i30/vic/moorabbin/hatchback,2026-02-27T01:56:26,UNCLASSIFIED,[AMBIG_BADGE]
2013,Hyundai,IX35,Se (Fwd),Wagon,157000,Automatic,,11999,Unleaded,VIC,car/14966863/hyundai/ix35/vic/moorabbin/suv,2026-02-27T01:56:26,UNCLASSIFIED,[OUT_OF_SCOPE]
2017,Hyundai,Tucson,Active X (Fwd),Wagon,154000,Automatic,,16999,Unleaded,VIC,car/14916777/hyundai/tucson/vic/moorabbin/suv,2026-02-27T01:56:26,UNCLASSIFIED,[OUT_OF_SCOPE]
2009,Hyundai,I30,Sx 1.6 Crdi,Hatchback,178204,Automatic,,6999,Diesel,VIC,car/14903951/hyundai/i30/vic/moorabbin/hatchback,2026-02-27T01:56:26,UNCLASSIFIED,[OUT_OF_SCOPE]
2022,Hyundai,Santa FE,Crdi (Awd),Wagon,78892,Automatic,,32990,Diesel,VIC,car/14743758/hyundai/santa-fe/vic/coburg-north/suv,2026-02-27T01:56:26,UNCLASSIFIED,[OUT_OF_SCOPE]
2017,Hyundai,Iload,3S Liftback,Van,149987,Automatic,,29990,Diesel,VIC,car/14795267/hyundai/iload/vic/coburg-north/van,2026-02-27T01:56:26,UNCLASSIFIED,[OUT_OF_SCOPE]
2023,Hyundai,Kona,Elite (Fwd),Wagon,19901,Automatic,2026-05-24,31777,Unleaded,VIC,car/14987128/hyundai/kona/vic/heidelberg/suv,2026-02-27T01:56:26,UNCLASSIFIED,[OUT_OF_SCOPE]
2014,Hyundai,I40,Premium,Sedan,138348,Automatic,,15900,Diesel,VIC,car/14985802/hyundai/i40/vic/cheltenham/sedan,2026-02-27T01:56:26,UNCLASSIFIED,[OUT_OF_SCOPE]
2017,Toyota,Corolla,Ascent Sport,Hatchback,54123,Automatic,2026-10-12,19990,Unleaded,VIC,car/14937377/toyota/corolla/vic/coburg-north/hatchback,2026-02-27T01:56:26,toyota_corolla_ascent_sport_petrol_auto_hatch_zre18x,[OK]
2013,Toyota,Estima,AERAS,OtherCar,77200,Automatic,2025-11-06,16499,Unleaded,VIC,car/14895465/toyota/estima/vic/st-kilda/othercar,2026-02-27T01:56:26,UNCLASSIFIED,[OUT_OF_SCOPE]
2007,Toyota,Landcruiser,Gxl (4X4),Wagon,515212,Automatic,2026-10-09,27990,Diesel,VIC,car/14970113/toyota/landcruiser/vic/west-footscray/suv,2026-02-27T01:56:26,UNCLASSIFIED,[OUT_OF_SCOPE]
2008,Toyota,Yaris,Yr,Hatchback,110000,Automatic,,8999,Unleaded,VIC,car/14970966/toyota/yaris/vic/dandenong/hatchback,2026-02-27T01:56:26,UNCLASSIFIED,[OUT_OF_SCOPE]
2015,Toyota,HiAce,DX KDH20-S,Commercial,105339,Automatic,,25990,Diesel,VIC,car/14888000/toyota/hiace/vic/st-kilda/van,2026-02-27T01:56:26,UNCLASSIFIED,[OUT_OF_SCOPE]
2009,Toyota,Corolla,Ascent,Hatchback,321522,Automatic,2026-01-02,6688,Unleaded,VIC,car/14830803/toyota/corolla/vic/braybrook/hatchback,2026-02-27T01:56:26,UNCLASSIFIED,[OUT_OF_SCOPE_YEAR]
2010,Toyota,Landcruiser Prado,Gxl (4X4),Wagon,263920,Automatic,2026-01-26,24999,Diesel,VIC,car/14826986/toyota/landcruiser-prado/vic/cranbourne-west/suv,2026-02-27T01:56:26,UNCLASSIFIED,[OUT_OF_SCOPE]
2020,Toyota,Yaris,HYBRID X--S,SUV,106287,Automatic,,17999,Hybrid,VIC,car/14908868/toyota/yaris/vic/st-kilda/suv,2026-02-27T01:56:26,UNCLASSIFIED,[OUT_OF_SCOPE]
2014,Toyota,HiAce,Lwb,Van,577848,Manual,2026-08-25,12488,Diesel,VIC,car/14870537/toyota/hiace/vic/braybrook/van,2026-02-27T01:56:26,UNCLASSIFIED,[OUT_OF_SCOPE]
2021,Toyota,RAV4,Gxl (Awd) Hybrid,Wagon,128518,Automatic,,36990,Hybrid,VIC,car/14922593/toyota/rav4/vic/oakleigh/suv,2026-02-27T01:56:26,UNCLASSIFIED,[OUT_OF_SCOPE]
2007,Toyota,Estima,AERAS,SUV,122103,Automatic,2026-01-21,10990,Other,VIC,car/14951957/toyota/estima/vic/coburg-north/suv,2026-02-27T01:56:26,UNCLASSIFIED,[OUT_OF_SCOPE]
2013,Toyota,Hilux,Sr5 (4X4),Dual Cab Pick-up,137878,Automatic,2026-03-11,29990,Diesel,VIC,car/14945347/toyota/hilux/vic/port-melbourne/dual-cab,2026-02-27T01:56:26,UNCLASSIFIED,[OUT_OF_SCOPE]
2024,Toyota,HiAce,Lwb (4 Door Option),Van,1988,Automatic,2026-05-13,55990,Diesel,VIC,car/14898034/toyota/hiace/vic/nunawading/van,2026-02-27T01:56:26,UNCLASSIFIED,[OUT_OF_SCOPE]
2010,Toyota,RAV4,Cruiser (4X4),Wagon,231906,Automatic,2026-02-16,9990,Unleaded,VIC,car/14968061/toyota/rav4/vic/coburg-north/suv,2026-02-27T01:56:26,UNCLASSIFIED,[OUT_OF_SCOPE]
2008,Toyota,Landcruiser,Vx (4X4),Wagon,334392,Automatic,2026-12-18,37990,Diesel,VIC,car/14929361/toyota/landcruiser/vic/west-footscray/suv,2026-02-27T01:56:26,UNCLASSIFIED,[OUT_OF_SCOPE]
2015,Toyota,HiAce,Commuter,Bus,168393,Automatic,,38990,Diesel,VIC,car/14959607/toyota/hiace/vic/coburg-north/people-mover,2026-02-27T01:56:26,UNCLASSIFIED,[OUT_OF_SCOPE]
2017,Toyota,Kluger,Gx (4X2),Wagon,195030,Automatic,2026-04-18,22990,Unleaded,VIC,car/14903080/toyota/kluger/vic/west-footscray/suv,2026-02-27T01:56:26,UNCLASSIFIED,[OUT_OF_SCOPE]
2011,Toyota,Corolla,Conquest,Hatchback,147000,Automatic,,9999,Unleaded,VIC,car/14940212/toyota/corolla/vic/footscray/hatchback,2026-02-27T01:56:26,UNCLASSIFIED,[AMBIG_BADGE]
2013,Toyota,Corolla,Ascent Sport,Hatchback,170351,Automatic,2026-03-21,14999,Unleaded,VIC,car/14928096/toyota/corolla/vic/laverton-north/hatchback,2026-02-27T01:56:26,UNCLASSIFIED,[OUT_OF_SCOPE_YEAR]
2005,Toyota,Landcruiser,Gxl (4X4),Wagon,253397,Automatic,2026-02-25,46990,Diesel,VIC,car/14929482/toyota/landcruiser/vic/west-footscray/suv,2026-02-27T01:56:26,UNCLASSIFIED,[OUT_OF_SCOPE]
2021,Toyota,C-HR,Koba (2Wd) Hybrid,Wagon,195200,Automatic,2025-12-16,21990,Hybrid,VIC,car/14929516/toyota/c-hr/vic/maidstone/suv,2026-02-27T01:56:26,UNCLASSIFIED,[OUT_OF_SCOPE]
2007,Toyota,Landcruiser Prado,Grande (4X4),Wagon,224000,Automatic,2026-03-23,18990,Unleaded,VIC,car/14948826/toyota/landcruiser-prado/vic/williamstown-north/suv,2026-02-27T01:56:26,UNCLASSIFIED,[OUT_OF_SCOPE]
2019,Toyota,Hilux,Rugged (4X4),Double Cab Pick Up,146023,Automatic,2026-06-23,46990,Diesel,VIC,car/14911610/toyota/hilux/vic/south-melbourne/dual-cab,2026-02-27T01:56:26,UNCLASSIFIED,[OUT_OF_SCOPE]
2004,Toyota,RAV4,Cv (4X4),Wagon,215027,Automatic,2026-09-12,7990,Unleaded,VIC,car/14928971/toyota/rav4/vic/maidstone/suv,2026-02-27T01:56:26,UNCLASSIFIED,[OUT_OF_SCOPE]
2020,Toyota,Landcruiser,Lc200 Sahara (4X4),Wagon,112434,Automatic,,114977,Diesel,VIC,car/14848631/toyota/landcruiser/vic/elsternwick/suv,2026-02-27T01:56:26,UNCLASSIFIED,[OUT_OF_SCOPE]
2006,Toyota,Landcruiser Prado,Gxl (4X4),Wagon,420000,Automatic,2026-07-30,10990,Unleaded,VIC,car/14956122/toyota/landcruiser-prado/vic/williamstown/suv,2026-02-27T01:56:26,UNCLASSIFIED,[OUT_OF_SCOPE]
2021,Toyota,Corolla,AXIO HYBRID EX,Sedan,30000,Automatic,2026-04-08,23990,Unleaded,VIC,car/14953346/toyota/corolla/vic/port-melbourne/limousine,2026-02-27T01:56:26,UNCLASSIFIED,[AMBIG_FUEL]
2005,Toyota,Camry,Altise,Sedan,216810,Automatic,2026-06-19,5990,Unleaded,VIC,car/14937374/toyota/camry/vic/coburg-north/sedan,2026-02-27T01:56:26,UNCLASSIFIED,[AMBIG_BADGE]
2016,Toyota,RAV4,Gx (4X4),Wagon,176103,Automatic,2026-08-21,18990,Diesel,VIC,car/14919562/toyota/rav4/vic/coburg-north/suv,2026-02-27T01:56:26,UNCLASSIFIED,[OUT_OF_SCOPE]
2017,Toyota,Hilux,Sr (4X4),Dual Cab Chassis,102788,Automatic,2026-05-17,37975,Diesel,VIC,car/14941901/toyota/hilux/vic/officer/dual-cab,2026-02-27T01:56:26,UNCLASSIFIED,[OUT_OF_SCOPE]
2018,Toyota,C-HR,(HYBRID) ZYX10 G-LED,SUV,71771,Automatic,,24999,Hybrid,VIC,car/14918182/toyota/c-hr/vic/st-kilda/suv,2026-02-27T01:56:26,UNCLASSIFIED,[OUT_OF_SCOPE]
2014,Toyota,HiAce,Lwb,Van,195102,Automatic,2025-09-30,24999,Diesel,VIC,car/14886225/toyota/hiace/vic/braybrook/van,2026-02-27T01:56:26,UNCLASSIFIED,[OUT_OF_SCOPE]
2003,Toyota,Echo,,Hatchback,228622,Automatic,2026-04-29,7990,Unleaded,VIC,car/14907942/toyota/echo/vic/brighton/hatchback,2026-02-27T01:56:26,UNCLASSIFIED,[OUT_OF_SCOPE]
2020,Toyota,Prius,-S,Hatch,158314,Automatic,,19499,Hybrid,VIC,car/14842923/toyota/prius/vic/st-kilda/hatchback,2026-02-27T01:56:26,UNCLASSIFIED,[OUT_OF_SCOPE]
2010,Toyota,Camry,Sportivo,Sedan,162766,Automatic,2026-04-30,11650,Unleaded,VIC,car/14957394/toyota/camry/vic/preston/sedan,2026-02-27T01:56:26,UNCLASSIFIED,[AMBIG_BADGE]
2020,Toyota,Landcruiser,Gxl,Double Cab Chassis,145348,Manual,2026-01-01,116970,Diesel,VIC,car/14856373/toyota/landcruiser/vic/keysborough/dual-cab,2026-02-27T01:56:26,UNCLASSIFIED,[OUT_OF_SCOPE]
2012,Toyota,Kluger,Grande (Fwd),Wagon,186787,Automatic,2026-05-03,15990,Unleaded,VIC,car/14951923/toyota/kluger/vic/coburg-north/suv,2026-02-27T01:56:26,UNCLASSIFIED,[OUT_OF_SCOPE]
2017,Toyota,Hilux,Sr5 (4X4),Dual Cab Utility,236000,Manual,2026-04-26,35200,Diesel,VIC,car/14962389/toyota/hilux/vic/port-melbourne/dual-cab,2026-02-27T01:56:26,UNCLASSIFIED,[OUT_OF_SCOPE]
2020,Toyota,Landcruiser,GX (4X4),Wagon,134000,Automatic,,44988,Diesel,VIC,car/14830711/toyota/landcruiser/vic/donvale/estatecar,2026-02-27T01:56:26,UNCLASSIFIED,[OUT_OF_SCOPE]
2007,Toyota,Camry,Altise,Sedan,245123,Automatic,,5990,Unleaded,VIC,car/14955967/toyota/camry/vic/west-footscray/sedan,2026-02-27T01:56:26,UNCLASSIFIED,[AMBIG_BADGE]
2020,Toyota,Corolla,TOURING  HYBRID G-X-(S),SUV,119763,Automatic,,18999,Hybrid,VIC,car/14826307/toyota/corolla/vic/st-kilda/suv,2026-02-27T01:56:26,UNCLASSIFIED,[OUT_OF_SCOPE]
2021,Toyota,Kluger,Grande Awd,Wagon,63105,Automatic,,49999,Premium,VIC,car/14958342/toyota/kluger/vic/berwick/suv,2026-02-27T01:56:26,UNCLASSIFIED,[OUT_OF_SCOPE]
2020,Toyota,Corolla,TOURING (HYBRID),SUV,136111,Automatic,,18500,Hybrid,VIC,car/14944311/toyota/corolla/vic/st-kilda/suv,2026-02-27T01:56:26,UNCLASSIFIED,[OUT_OF_SCOPE]
2012,Toyota,Yaris,Yrx,Hatchback,200011,Automatic,,10989,Unleaded,VIC,car/14858531/toyota/yaris/vic/maidstone/hatchback,2026-02-27T01:56:26,UNCLASSIFIED,[OUT_OF_SCOPE]
2014,Toyota,Camry,Altise,Sedan,151900,Automatic,,14000,Unleaded,VIC,car/14842818/toyota/camry/vic/ringwood/sedan,2026-02-27T01:56:26,UNCLASSIFIED,[AMBIG_BADGE]
2013,Toyota,Crown,ROYAL SALOON-HYBRID--S,Sedan,73830,Automatic,,18999,Hybrid,VIC,car/14826296/toyota/crown/vic/st-kilda/limousine,2026-02-27T01:56:26,UNCLASSIFIED,[OUT_OF_SCOPE]
2013,Toyota,Camry,Atara S,Sedan,248155,Automatic,2026-06-21,9990,Unleaded,VIC,car/14973828/toyota/camry/vic/maidstone/sedan,2026-02-27T01:56:26,UNCLASSIFIED,[DISALLOWED_VARIANT]
2024,Toyota,Landcruiser Prado,Kakadu,Wagon,18328,Automatic,,119990,Diesel,VIC,car/14974360/toyota/landcruiser-prado/vic/elsternwick/suv,2026-02-27T01:56:26,UNCLASSIFIED,[OUT_OF_SCOPE]
2019,Toyota,RAV4,Gx (2Wd),Wagon,57695,Manual,2026-07-12,32380,Unleaded,VIC,car/14896890/toyota/rav4/vic/melbourne/suv,2026-02-27T01:56:26,UNCLASSIFIED,[OUT_OF_SCOPE]
2020,Toyota,Hilux,Workmate,Cab Chassis,113100,Automatic,2026-03-30,25880,Unleaded,VIC,car/14971236/toyota/hilux/vic/maidstone/single-cab,2026-02-27T01:56:26,UNCLASSIFIED,[OUT_OF_SCOPE]
2023,Toyota,Landcruiser Prado,Kakadu,Wagon,40123,Automatic,2026-06-25,92990,Diesel,VIC,car/14871431/toyota/landcruiser-prado/vic/south-melbourne/suv,2026-02-27T01:56:26,UNCLASSIFIED,[OUT_OF_SCOPE]
2013,Toyota,Camry,Altise,Sedan,135500,Automatic,2026-01-05,13990,Unleaded,VIC,car/14953763/toyota/camry/vic/maidstone/sedan,2026-02-27T01:56:26,UNCLASSIFIED,[AMBIG_BADGE]
2020,Toyota,Hilux,Sr (4X4),Cab Chassis,193534,Automatic,,31990,Diesel,VIC,car/14971249/toyota/hilux/vic/west-footscray/single-cab,2026-02-27T01:56:26,UNCLASSIFIED,[OUT_OF_SCOPE]
2024,Toyota,COROLLA CROSS PETROL,COROLLA CROSS GX 2.0L PETROL AUTO CVT 5 DOOR HATCH,Hatch,13405,,2026-06-18,41970,Other,VIC,car/14865854/toyota/corolla-cross-petrol/vic/melbourne/hatchback,2026-02-27T01:56:26,UNCLASSIFIED,[OUT_OF_SCOPE]
2021,Toyota,Camry,Ascent Hybrid,Sedan,37400,Automatic,2026-05-08,29990,Hybrid,VIC,car/14960619/toyota/camry/vic/maidstone/sedan,2026-02-27T01:56:26,toyota_camry_ascent_hybrid_auto_sedan_axvh71r,[OK]
2016,Toyota,Yaris,Ascent,Hatchback,134254,Automatic,2026-03-01,13490,Unleaded,VIC,car/14960983/toyota/yaris/vic/tullamarine/hatchback,2026-02-27T01:56:26,UNCLASSIFIED,[OUT_OF_SCOPE]
2024,Toyota,Tundra,,OtherCar,11131,Automatic,,148990,Other,VIC,car/14885067/toyota/tundra/vic/elsternwick/othercar,2026-02-27T01:56:26,UNCLASSIFIED,[OUT_OF_SCOPE]
2022,Toyota,Fortuner,Gx,Wagon,48903,Automatic,2026-05-13,48990,Diesel,VIC,car/14958495/toyota/fortuner/vic/south-melbourne/suv,2026-02-27T01:56:26,UNCLASSIFIED,[OUT_OF_SCOPE]
2014,Toyota,HiAce,Lwb,Van,284718,Automatic,2026-09-01,21999,Diesel,VIC,car/14890461/toyota/hiace/vic/bayswater-north/van,2026-02-27T01:56:26,UNCLASSIFIED,[OUT_OF_SCOPE]
2015,Toyota,RAV4,Cruiser (4X4),Wagon,171254,Automatic,,20989,Unleaded,VIC,car/14961473/toyota/rav4/vic/maidstone/suv,2026-02-27T01:56:26,UNCLASSIFIED,[OUT_OF_SCOPE]
2010,Toyota,Landcruiser Prado,Gxl (4X4),Wagon,225917,Automatic,,28990,Unleaded,VIC,car/14962052/toyota/landcruiser-prado/vic/elsternwick/suv,2026-02-27T01:56:26,UNCLASSIFIED,[OUT_OF_SCOPE]
2021,Toyota,Hilux,Sr (4X4),Double Cab Chassis,124214,Automatic,2026-05-03,41975,Diesel,VIC,car/14918667/toyota/hilux/vic/officer/dual-cab,2026-02-27T01:56:26,UNCLASSIFIED,[OUT_OF_SCOPE]
2023,Toyota,Landcruiser,Lc300 Gxl (4X4),Wagon,72832,Automatic,2026-06-11,102990,Diesel,VIC,car/14849012/toyota/landcruiser/vic/melbourne/suv,2026-02-27T01:56:26,UNCLASSIFIED,[OUT_OF_SCOPE]
2022,Toyota,Kluger,Grande Hybrid Awd,Wagon,29863,Automatic,2026-10-17,66990,Hybrid,VIC,car/14887127/toyota/kluger/vic/south-melbourne/suv,2026-02-27T01:56:26,UNCLASSIFIED,[OUT_OF_SCOPE]
2022,Toyota,Kluger,Grande Hybrid Awd,Wagon,96074,Automatic,,56888,Hybrid,VIC,car/14916090/toyota/kluger/vic/oakleigh/suv,2026-02-27T01:56:26,UNCLASSIFIED,[OUT_OF_SCOPE]
2018,Toyota,Corolla,Ascent,Sedan,162496,Automatic,2025-10-23,16990,Unleaded,VIC,car/14954004/toyota/corolla/vic/maidstone/sedan,2026-02-27T01:56:26,toyota_corolla_ascent_petrol_auto_sedan_zre172r,[OK]
2010,Toyota,Camry,Altise,Sedan,257306,Automatic,,8989,Unleaded,VIC,car/14855988/toyota/camry/vic/maidstone/sedan,2026-02-27T01:56:26,UNCLASSIFIED,[AMBIG_BADGE]
2023,Toyota,Camry,Ascent,Sedan,52910,Automatic,2026-02-28,34998,Premium,VIC,car/14879077/toyota/camry/vic/airport-west/sedan,2026-02-27T01:56:26,UNCLASSIFIED,[OUT_OF_SCOPE_YEAR]
2007,Toyota,Kluger,Kx-S (Fwd),Wagon,236033,Automatic,2025-10-25,11499,Unleaded,VIC,car/14886201/toyota/kluger/vic/braybrook/suv,2026-02-27T01:56:26,UNCLASSIFIED,[OUT_OF_SCOPE]
2010,Toyota,Crown,MAJESTA,Sedan,119144,Automatic,,16999,Unleaded,VIC,car/14962132/toyota/crown/vic/st-kilda/limousine,2026-02-27T01:56:26,UNCLASSIFIED,[OUT_OF_SCOPE]
2012,Toyota,HiAce,Lwb,Van,237131,Automatic,2026-01-15,18999,Unleaded,VIC,car/14917718/toyota/hiace/vic/werribee/van,2026-02-27T01:56:26,UNCLASSIFIED,[OUT_OF_SCOPE]
2010,Toyota,Rukus,Build 1,Wagon,197542,Automatic,2026-09-21,9489,Unleaded,VIC,car/14907930/toyota/rukus/vic/maidstone/wagon,2026-02-27T01:56:26,UNCLASSIFIED,[OUT_OF_SCOPE]
2014,Toyota,HiAce,Lwb,Van,172219,Manual,,23977,Unleaded,VIC,car/14957006/toyota/hiace/vic/elsternwick/van,2026-02-27T01:56:26,UNCLASSIFIED,[OUT_OF_SCOPE]
2016,Toyota,Noah,,Commercial,105500,Automatic,,21995,Hybrid,VIC,car/14905526/toyota/noah/vic/maidstone/van,2026-02-27T01:56:26,UNCLASSIFIED,[OUT_OF_SCOPE]
2022,Toyota,Hilux,Sr Hi-Rider (4X2),Double Cab Pick Up,68195,Automatic,,39990,Diesel,VIC,car/14965579/toyota/hilux/vic/maidstone/dual-cab,2026-02-27T01:56:26,UNCLASSIFIED,[OUT_OF_SCOPE]
2020,Toyota,Crown,G,Sedan,109831,Automatic,,34995,Hybrid,VIC,car/14828499/toyota/crown/vic/maidstone/limousine,2026-02-27T01:56:26,UNCLASSIFIED,[OUT_OF_SCOPE]
2018,Toyota,C-HR,S LED PACKAGE,SUV,88823,Automatic,,22995,Hybrid,VIC,car/14887297/toyota/c-hr/vic/maidstone/suv,2026-02-27T01:56:26,UNCLASSIFIED,[OUT_OF_SCOPE]
2012,Toyota,Aurion,Presara,Sedan,235440,Automatic,2026-02-14,10990,Unleaded,VIC,car/14907928/toyota/aurion/vic/maidstone/sedan,2026-02-27T01:56:26,UNCLASSIFIED,[OUT_OF_SCOPE]
2023,Toyota,Landcruiser,Lc300 Gxl (4X4),Wagon,53315,Automatic,,106888,Diesel,VIC,car/14944133/toyota/landcruiser/vic/tottenham/suv,2026-02-27T01:56:26,UNCLASSIFIED,[OUT_OF_SCOPE]
2019,Toyota,Camry,Sl,Sedan,47000,Automatic,2026-08-30,29990,Unleaded,VIC,car/14945378/toyota/camry/vic/port-melbourne/sedan,2026-02-27T01:56:26,UNCLASSIFIED,[DISALLOWED_VARIANT]
2023,Toyota,Yaris Cross,Gx Hybrid,Wagon,40323,Automatic,,31977,Hybrid,VIC,car/14868469/toyota/yaris-cross/vic/elsternwick/suv,2026-02-27T01:56:26,UNCLASSIFIED,[OUT_OF_SCOPE]
2004,Toyota,Camry,Altise,Sedan,119431,Automatic,2026-09-01,8490,Unleaded,VIC,car/14948849/toyota/camry/vic/oakleigh-south/sedan,2026-02-27T01:56:26,UNCLASSIFIED,[AMBIG_BADGE]
2021,Toyota,RAV4,Gxl (2Wd) Hybrid,Wagon,22900,Automatic,2026-07-07,44990,Hybrid,VIC,car/14852392/toyota/rav4/vic/south-melbourne/suv,2026-02-27T01:56:26,UNCLASSIFIED,[OUT_OF_SCOPE]
2021,Toyota,Corolla,Ascent Sport Hybrid,Sedan,11008,Automatic,2026-07-07,31490,Hybrid,VIC,car/14894656/toyota/corolla/vic/melbourne/sedan,2026-02-27T01:56:26,UNCLASSIFIED,[OUT_OF_SCOPE]
2016,Toyota,Camry,Altise,Sedan,140200,Automatic,2026-06-27,15990,Unleaded,VIC,car/14919240/toyota/camry/vic/maidstone/sedan,2026-02-27T01:56:26,UNCLASSIFIED,[AMBIG_BADGE]
2013,Toyota,RAV4,Gx (4X4),Wagon,171948,Automatic,2026-11-14,17990,Unleaded,VIC,car/14929362/toyota/rav4/vic/west-footscray/suv,2026-02-27T01:56:26,UNCLASSIFIED,[OUT_OF_SCOPE]
2019,Toyota,Corolla,Ascent Sport (Hybrid),Sedan,23871,Automatic,2026-04-20,28490,Hybrid,VIC,car/14841252/toyota/corolla/vic/south-melbourne/sedan,2026-02-27T01:56:26,UNCLASSIFIED,[OUT_OF_SCOPE]
2018,Toyota,Hilux,Sr (4X4),Dual Cab Chassis,132017,Automatic,,36975,Diesel,VIC,car/14964823/toyota/hilux/vic/officer/dual-cab,2026-02-27T01:56:26,UNCLASSIFIED,[OUT_OF_SCOPE]
2024,Toyota,COROLLA CROSS PETROL,COROLLA CROSS GX 2.0L PETROL AUTO CVT 5 DOOR HATCH,Hatch,19679,,,39880,Other,VIC,car/14871694/toyota/corolla-cross-petrol/vic/melbourne/hatchback,2026-02-27T01:56:26,UNCLASSIFIED,[OUT_OF_SCOPE]
2020,Toyota,HiAce,Slwb,Van,161946,Automatic,,39990,Diesel,VIC,car/14960614/toyota/hiace/vic/maidstone/van,2026-02-27T01:56:26,UNCLASSIFIED,[OUT_OF_SCOPE]
2021,Toyota,RAV4,Gxl (2Wd) Hybrid,Wagon,23781,Automatic,,44999,Hybrid,VIC,car/14913335/toyota/rav4/vic/oakleigh/suv,2026-02-27T01:56:26,UNCLASSIFIED,[OUT_OF_SCOPE]
2023,Toyota,C-HR,Koba (2Wd),Wagon,70650,Automatic,,33888,Premium,VIC,car/14825825/toyota/c-hr/vic/tottenham/suv,2026-02-27T01:56:26,UNCLASSIFIED,[OUT_OF_SCOPE]
2024,Toyota,GR Corolla,Gts,Hatchback,4525,Manual,2026-05-07,64990,Premium,VIC,car/14890996/toyota/gr-corolla/vic/melbourne/hatchback,2026-02-27T01:56:26,UNCLASSIFIED,[OUT_OF_SCOPE]
2011,Toyota,Landcruiser Prado,Gxl (4X4),Wagon,253869,Manual,,31975,Diesel,VIC,car/14910432/toyota/landcruiser-prado/vic/officer/suv,2026-02-27T01:56:26,UNCLASSIFIED,[OUT_OF_SCOPE]
2008,Toyota,Yaris,Yrs,Hatchback,202685,Manual,2026-10-15,6388,Unleaded,VIC,car/14923170/toyota/yaris/vic/braybrook/hatchback,2026-02-27T01:56:26,UNCLASSIFIED,[OUT_OF_SCOPE]
2016,Toyota,Hilux,Sr,Cab Chassis,256638,Manual,,16990,Diesel,VIC,car/14937290/toyota/hilux/vic/elsternwick/single-cab,2026-02-27T01:56:26,UNCLASSIFIED,[OUT_OF_SCOPE]
2024,Toyota,Kluger,Gx Hybrid Awd,Wagon,22194,Automatic,2026-03-17,59470,Hybrid,VIC,car/14910515/toyota/kluger/vic/keysborough/suv,2026-02-27T01:56:26,UNCLASSIFIED,[OUT_OF_SCOPE]
2021,Toyota,Landcruiser Prado,Gx,Wagon,238185,Automatic,2026-10-28,41990,Diesel,VIC,car/14841710/toyota/landcruiser-prado/vic/west-footscray/suv,2026-02-27T01:56:26,UNCLASSIFIED,[OUT_OF_SCOPE]
2024,Toyota,COROLLA CROSS PETROL,COROLLA CROSS GX 2.0L PETROL AUTO CVT 5 DOOR HATCH,Hatch,25108,,2026-06-18,37990,Other,VIC,car/14864441/toyota/corolla-cross-petrol/vic/melbourne/hatchback,2026-02-27T01:56:26,UNCLASSIFIED,[OUT_OF_SCOPE]
2020,Toyota,Corolla,HYBRID EX,Sedan,66738,Automatic,,20995,Hybrid,VIC,car/14902689/toyota/corolla/vic/maidstone/limousine,2026-02-27T01:56:26,UNCLASSIFIED,[OUT_OF_SCOPE]
2020,Toyota,RAV4,Cruiser 2Wd Hybrid,Wagon,95411,Automatic,2026-04-07,41990,Hybrid,VIC,car/14876585/toyota/rav4/vic/south-melbourne/suv,2026-02-27T01:56:26,UNCLASSIFIED,[OUT_OF_SCOPE]
2016,Toyota,Hilux,SR,Ute Tray,166043,Automatic,2026-08-17,34990,Other,VIC,car/14970091/toyota/hilux/vic/south-melbourne/pickup,2026-02-27T01:56:26,UNCLASSIFIED,[OUT_OF_SCOPE]
2018,Toyota,C-HR,HV S LED EDITION,SUV,115255,Automatic,,22995,Hybrid,VIC,car/14885957/toyota/c-hr/vic/maidstone/suv,2026-02-27T01:56:26,UNCLASSIFIED,[OUT_OF_SCOPE]
2011,Toyota,Corolla,Levin Zr,Hatchback,96066,Automatic,2026-03-31,15880,Unleaded,VIC,car/14935961/toyota/corolla/vic/maidstone/hatchback,2026-02-27T01:56:26,UNCLASSIFIED,[DISALLOWED_VARIANT]
2014,Toyota,Kluger,Gx (4X4),Wagon,259452,Automatic,,17989,Unleaded,VIC,car/14983297/toyota/kluger/vic/maidstone/suv,2026-02-27T01:56:26,UNCLASSIFIED,[OUT_OF_SCOPE]
2022,Toyota,Yaris Cross,GX,SUV,14576,,,32777,Other,VIC,car/14983656/toyota/yaris-cross/vic/melbourne/suv,2026-02-27T01:56:26,UNCLASSIFIED,[OUT_OF_SCOPE]
2009,Toyota,Corolla,Ascent,Sedan,279000,Automatic,,5999,Unleaded,VIC,car/14983000/toyota/corolla/vic/northcote/sedan,2026-02-27T01:56:26,toyota_corolla_ascent_petrol_auto_sedan_zre152r,[OK]
2022,Toyota,RAV4,Edge (Awd) Hybrid,Wagon,58340,Automatic,,49999,Hybrid,VIC,car/14897285/toyota/rav4/vic/oakleigh/suv,2026-02-27T01:56:26,UNCLASSIFIED,[OUT_OF_SCOPE]
2019,Toyota,Corolla,Ascent,Sedan,68774,Automatic,2026-03-04,22990,Unleaded,VIC,car/14982673/toyota/corolla/vic/preston/sedan,2026-02-27T01:56:26,toyota_corolla_ascent_petrol_auto_sedan_zre172r,[OK]
2019,Toyota,RAV4,Gxl (2Wd),Wagon,141418,Automatic,2026-03-19,28800,Unleaded,VIC,car/14982860/toyota/rav4/vic/port-melbourne/suv,2026-02-27T01:56:26,UNCLASSIFIED,[OUT_OF_SCOPE]
2016,Toyota,Camry,Altise,Sedan,228048,Automatic,2026-06-27,12990,Unleaded,VIC,car/14919239/toyota/camry/vic/maidstone/sedan,2026-02-27T01:56:26,UNCLASSIFIED,[AMBIG_BADGE]
2022,Toyota,RAV4,Gx (Awd) Hybrid,Wagon,144301,Automatic,,34990,Hybrid,VIC,car/14981273/toyota/rav4/vic/melbourne/suv,2026-02-27T01:56:26,UNCLASSIFIED,[OUT_OF_SCOPE]
2019,Toyota,Kluger,Gxl (4X2),Wagon,77597,Automatic,,36990,Unleaded,VIC,car/14979737/toyota/kluger/vic/maidstone/suv,2026-02-27T01:56:26,UNCLASSIFIED,[OUT_OF_SCOPE]
2024,Toyota,Yaris Cross,Urban Hybrid,Wagon,8378,Automatic,,43999,Hybrid,VIC,car/14886460/toyota/yaris-cross/vic/oakleigh/suv,2026-02-27T01:56:26,UNCLASSIFIED,[OUT_OF_SCOPE]
2024,Toyota,Corolla,Ascent Sport,Hatchback,31651,Automatic,2026-06-13,31888,Unleaded,VIC,car/14981887/toyota/corolla/vic/tottenham/hatchback,2026-02-27T01:56:26,toyota_corolla_ascent_sport_petrol_auto_hatch_mzea12r,[OK]
2008,Toyota,Hilux,WORKMATE TGN16R 08 UPGRADE,Ute Tray,215501,Automatic,2026-12-23,11990,Unleaded,VIC,car/14979195/toyota/hilux/vic/west-footscray/pickup,2026-02-27T01:56:26,UNCLASSIFIED,[OUT_OF_SCOPE]
2011,Toyota,Hilux,Sr (4X4),Cab Chassis,294230,Automatic,2026-05-03,16555,Diesel,VIC,car/14968458/toyota/hilux/vic/mordialloc/single-cab,2026-02-27T01:56:26,UNCLASSIFIED,[OUT_OF_SCOPE]
2020,Toyota,RAV4,Gxl Awd Hybrid,Wagon,93700,Automatic,,38990,Hybrid,VIC,car/14975656/toyota/rav4/vic/elsternwick/suv,2026-02-27T01:56:26,UNCLASSIFIED,[OUT_OF_SCOPE]
2022,Toyota,Kluger,Gxl Hybrid Awd,Wagon,108152,Automatic,2026-10-10,51990,Hybrid,VIC,car/14976725/toyota/kluger/vic/melbourne/suv,2026-02-27T01:56:26,UNCLASSIFIED,[OUT_OF_SCOPE]
2019,Toyota,RAV4,Cruiser Awd Hybrid,Wagon,114899,Automatic,,39999,Hybrid,VIC,car/14911343/toyota/rav4/vic/oakleigh/suv,2026-02-27T01:56:26,UNCLASSIFIED,[OUT_OF_SCOPE]
2014,Toyota,Prius C,Hybrid,Hatchback,210566,Automatic,2026-04-15,11990,Hybrid,VIC,car/14976918/toyota/prius-c/vic/coburg-north/hatchback,2026-02-27T01:56:26,UNCLASSIFIED,[OUT_OF_SCOPE]
2013,Toyota,HiAce,Commuter,Bus,93312,Automatic,2026-03-05,34990,Unleaded,VIC,car/14977744/toyota/hiace/vic/maidstone/people-mover,2026-02-27T01:56:26,UNCLASSIFIED,[OUT_OF_SCOPE]
2021,Toyota,Hilux,Sr (4X4),Double Cab Chassis,150204,Automatic,,39975,Diesel,VIC,car/14964829/toyota/hilux/vic/officer/dual-cab,2026-02-27T01:56:26,UNCLASSIFIED,[OUT_OF_SCOPE]
2016,Toyota,Corolla,Sx,Sedan,120286,Manual,2025-11-20,13989,Unleaded,VIC,car/14975694/toyota/corolla/vic/maidstone/sedan,2026-02-27T01:56:26,UNCLASSIFIED,[OUT_OF_SCOPE]
2012,Toyota,Prius,ZVW30R,Hatch,112749,Automatic,,14995,Hybrid,VIC,car/14919637/toyota/prius/vic/maidstone/hatchback,2026-02-27T01:56:26,UNCLASSIFIED,[OUT_OF_SCOPE]
2024,Toyota,COROLLA CROSS PETROL,COROLLA CROSS GX 2.0L PETROL AUTO CVT 5 DOOR HATCH,Hatch,16268,,,39980,Other,VIC,car/14868141/toyota/corolla-cross-petrol/vic/melbourne/hatchback,2026-02-27T01:56:26,UNCLASSIFIED,[OUT_OF_SCOPE]
2016,Toyota,HiAce,Lwb,Van,157078,Automatic,2026-03-30,30888,Diesel,VIC,car/14965838/toyota/hiace/vic/tottenham/van,2026-02-27T01:56:26,UNCLASSIFIED,[OUT_OF_SCOPE]
2019,Toyota,Hilux,Workmate,Cab Chassis,80149,Automatic,2027-01-08,28990,Unleaded,VIC,car/14971252/toyota/hilux/vic/south-melbourne/single-cab,2026-02-27T01:56:26,UNCLASSIFIED,[OUT_OF_SCOPE]
2020,Toyota,Corolla,HYBRID EX,Sedan,89972,Automatic,,19995,Hybrid,VIC,car/14923726/toyota/corolla/vic/maidstone/limousine,2026-02-27T01:56:26,UNCLASSIFIED,[OUT_OF_SCOPE]
2024,Toyota,RAV4,Xse (Awd) Hybrid Premium Paint,Wagon,15211,Automatic,2026-11-07,59990,Hybrid,VIC,car/14871751/toyota/rav4/vic/south-melbourne/suv,2026-02-27T01:56:26,UNCLASSIFIED,[OUT_OF_SCOPE]
2013,Toyota,Corolla,Ascent Sport,Hatchback,182670,Automatic,2026-09-20,12990,Unleaded,VIC,car/14987274/toyota/corolla/vic/maidstone/hatchback,2026-02-27T01:56:26,UNCLASSIFIED,[OUT_OF_SCOPE_YEAR]
2012,Toyota,Corolla,Ascent,Hatchback,124174,Automatic,2026-10-30,11888,Unleaded,VIC,car/14986469/toyota/corolla/vic/preston/hatchback,2026-02-27T01:56:26,UNCLASSIFIED,[OUT_OF_SCOPE_YEAR]
2006,Toyota,Corolla,Ascent,Wagon,295000,Automatic,,3999,Unleaded,VIC,car/14986059/toyota/corolla/vic/northcote/wagon,2026-02-27T01:56:26,UNCLASSIFIED,[OUT_OF_SCOPE]
2025,Toyota,Corolla,Ascent Sport Hybrid,Hatchback,28914,Automatic,,35555,Hybrid,VIC,car/14913333/toyota/corolla/vic/oakleigh/hatchback,2026-02-27T01:56:26,toyota_corolla_ascent_sport_hybrid_auto_hatch_zwe219r,[OK]
2022,Toyota,RAV4,Gx (2Wd) Hybrid,Wagon,38744,Automatic,2026-08-11,41433,Hybrid,VIC,car/14985499/toyota/rav4/vic/melbourne/suv,2026-02-27T01:56:26,UNCLASSIFIED,[OUT_OF_SCOPE]
2007,Toyota,Camry,Altise,Sedan,255000,Automatic,,5999,Unleaded,VIC,car/14985245/toyota/camry/vic/northcote/sedan,2026-02-27T01:56:26,UNCLASSIFIED,[AMBIG_BADGE]
2010,Toyota,Aurion,Touring Se,Sedan,161727,Automatic,2026-01-15,12990,Unleaded,VIC,car/14891696/toyota/aurion/vic/nunawading/sedan,2026-02-27T01:56:26,UNCLASSIFIED,[OUT_OF_SCOPE]
2019,Toyota,Corolla,Ascent Sport (Hybrid),Sedan,23341,Automatic,,29555,Hybrid,VIC,car/14979984/toyota/corolla/vic/melbourne/sedan,2026-02-27T01:56:26,UNCLASSIFIED,[OUT_OF_SCOPE]
2020,Toyota,RAV4,Gx (2Wd),Wagon,92292,Automatic,2026-05-27,32888,Unleaded,VIC,car/14976069/toyota/rav4/vic/tottenham/suv,2026-02-27T01:56:26,UNCLASSIFIED,[OUT_OF_SCOPE]
2024,Toyota,Corolla Cross,Gx 2Wd,Wagon,20957,Automatic,2026-04-09,37970,Unleaded,VIC,car/14910512/toyota/corolla-cross/vic/keysborough/suv,2026-02-27T01:56:26,UNCLASSIFIED,[OUT_OF_SCOPE]
2022,Toyota,Landcruiser Prado,Gxl,Wagon,132184,Automatic,,59990,Diesel,VIC,car/14975467/toyota/landcruiser-prado/vic/elsternwick/suv,2026-02-27T01:56:26,UNCLASSIFIED,[OUT_OF_SCOPE]
2023,Toyota,Kluger,Gxl Hybrid Awd,Wagon,49448,Automatic,,64990,Hybrid,VIC,car/14975465/toyota/kluger/vic/elsternwick/suv,2026-02-27T01:56:26,UNCLASSIFIED,[OUT_OF_SCOPE]
2022,Toyota,Hilux,Sr5 (4X4),Dual Cab Utility,51846,Manual,2026-05-27,44980,Diesel,VIC,car/14979372/toyota/hilux/vic/berwick/dual-cab,2026-02-27T01:56:26,UNCLASSIFIED,[OUT_OF_SCOPE]
2018,Toyota,Landcruiser Prado,Vx (4X4),Wagon,85744,Automatic,,66888,Diesel,VIC,car/14965839/toyota/landcruiser-prado/vic/tottenham/suv,2026-02-27T01:56:26,UNCLASSIFIED,[OUT_OF_SCOPE]
2022,Toyota,Camry,Ascent,Sedan,88085,Automatic,,30990,Premium,VIC,car/14980024/toyota/camry/vic/elsternwick/sedan,2026-02-27T01:56:26,toyota_camry_ascent_petrol_auto_sedan_asv70r,[OK]
2024,Toyota,Corolla,Ascent Sport Hybrid,Hatchback,10031,Automatic,2026-05-25,46990,Hybrid,VIC,car/14954842/toyota/corolla/vic/berwick/hatchback,2026-02-27T01:56:26,toyota_corolla_ascent_sport_hybrid_auto_hatch_zwe219r,[OK]
1997,Toyota,Camry,Csi,Sedan,263388,Automatic,2027-02-04,4990,Unleaded,VIC,car/14980095/toyota/camry/vic/west-footscray/sedan,2026-02-27T01:56:26,UNCLASSIFIED,[AMBIG_BADGE]
2022,Toyota,Fortuner,Gx,Wagon,53162,Automatic,2026-05-25,48888,Diesel,VIC,car/14963537/toyota/fortuner/vic/south-melbourne/suv,2026-02-27T01:56:26,UNCLASSIFIED,[OUT_OF_SCOPE]
2022,Toyota,Corolla,Ascent Sport Hybrid,Hatchback,45585,Automatic,,29999,Hybrid,VIC,car/14838100/toyota/corolla/vic/oakleigh/hatchback,2026-02-27T01:56:26,toyota_corolla_ascent_sport_hybrid_auto_hatch_zwe211r,[OK]
2017,Toyota,Corolla,Ascent Sport,Hatchback,77932,Automatic,2026-04-16,18990,Unleaded,VIC,car/14983237/toyota/corolla/vic/port-melbourne/hatchback,2026-02-27T01:56:26,toyota_corolla_ascent_sport_petrol_auto_hatch_zre18x,[OK]
2018,Toyota,Camry,Ascent,Sedan,114353,Automatic,,22977,Unleaded,VIC,car/14868419/toyota/camry/vic/elsternwick/sedan,2026-02-27T01:56:26,toyota_camry_ascent_petrol_auto_sedan_asv70r,[OK]
2022,Toyota,Corolla Cross,Atmos Awd Hybrid,Wagon,14781,Automatic,,49990,Hybrid,VIC,car/14885068/toyota/corolla-cross/vic/elsternwick/suv,2026-02-27T01:56:26,UNCLASSIFIED,[OUT_OF_SCOPE]
2013,Toyota,Mark X,PREMIUM,Sedan,46420,Automatic,,17995,Unleaded,VIC,car/14885953/toyota/mark-x/vic/maidstone/limousine,2026-02-27T01:56:26,UNCLASSIFIED,[OUT_OF_SCOPE]
2022,Toyota,Hilux,Sr5 (4X4),Double Cab Pick Up,96859,Automatic,,57990,Diesel,VIC,car/14940953/toyota/hilux/vic/elsternwick/dual-cab,2026-02-27T01:56:26,UNCLASSIFIED,[OUT_OF_SCOPE]
2021,Toyota,C-HR,Koba (2Wd) Hybrid,Wagon,38647,Automatic,,37990,Hybrid,VIC,car/14888327/toyota/c-hr/vic/elsternwick/suv,2026-02-27T01:56:26,UNCLASSIFIED,[OUT_OF_SCOPE]
2025,Toyota,Yaris Cross,Gx Hybrid,Wagon,4183,Automatic,,37990,Hybrid,VIC,car/14934840/toyota/yaris-cross/vic/elsternwick/suv,2026-02-27T01:56:26,UNCLASSIFIED,[OUT_OF_SCOPE]
2022,Toyota,RAV4,Edge (Awd) Hybrid,Wagon,56153,Automatic,,51977,Hybrid,VIC,car/14864771/toyota/rav4/vic/elsternwick/suv,2026-02-27T01:56:26,UNCLASSIFIED,[OUT_OF_SCOPE]
2023,Toyota,Kluger,Gxl Hybrid Awd,Wagon,40556,Automatic,,54590,Hybrid,VIC,car/14963787/toyota/kluger/vic/melbourne/suv,2026-02-27T01:56:26,UNCLASSIFIED,[OUT_OF_SCOPE]
2015,Toyota,Kluger,Grande (4X4),Wagon,210877,Automatic,2026-03-25,23990,Unleaded,VIC,car/14864593/toyota/kluger/vic/west-footscray/suv,2026-02-27T01:56:26,UNCLASSIFIED,[OUT_OF_SCOPE]
2023,Toyota,Fortuner,Gx,Wagon,60385,Automatic,,50000,Diesel,VIC,car/14839787/toyota/fortuner/vic/epping/suv,2026-02-27T01:56:26,UNCLASSIFIED,[OUT_OF_SCOPE]
2023,Toyota,Hilux,Sr5 (4X4),Double Cab Pick Up,798,Automatic,,69990,Hybrid,VIC,car/14946654/toyota/hilux/vic/elsternwick/dual-cab,2026-02-27T01:56:26,UNCLASSIFIED,[OUT_OF_SCOPE]
2023,Toyota,Hilux,Workmate (4X2),Cab Chassis,54298,Manual,2026-05-29,28990,Unleaded,VIC,car/14952943/toyota/hilux/vic/south-melbourne/single-cab,2026-02-27T01:56:26,UNCLASSIFIED,[OUT_OF_SCOPE]
2020,Toyota,Hilux,Sr5+ (4X4),Double Cab Pick Up,119492,Manual,2026-01-29,48990,Diesel,VIC,car/14837303/toyota/hilux/vic/bentleigh/dual-cab,2026-02-27T01:56:26,UNCLASSIFIED,[OUT_OF_SCOPE]
2018,Toyota,C-HR,G LED EDITION,SUV,104113,Automatic,,23995,Hybrid,VIC,car/14838483/toyota/c-hr/vic/maidstone/suv,2026-02-27T01:56:26,UNCLASSIFIED,[OUT_OF_SCOPE]
2018,Toyota,Yaris,Ascent,Hatchback,79855,Automatic,2026-07-02,19888,Unleaded,VIC,car/14965837/toyota/yaris/vic/tottenham/hatchback,2026-02-27T01:56:26,UNCLASSIFIED,[OUT_OF_SCOPE]
2007,Toyota,Corolla,Levin Zr,Hatchback,127000,Automatic,,11000,Unleaded,VIC,car/14915823/toyota/corolla/vic/dandenong/hatchback,2026-02-27T01:56:26,UNCLASSIFIED,[DISALLOWED_VARIANT]
2024,Toyota,Corolla,Zr,Hatchback,15143,Automatic,,41990,Unleaded,VIC,car/14904627/toyota/corolla/vic/elsternwick/hatchback,2026-02-27T01:56:26,UNCLASSIFIED,[DISALLOWED_VARIANT]
2018,Toyota,C-HR,G ZYX10,SUV,91549,Automatic,,24200,Hybrid,VIC,car/14962352/toyota/c-hr/vic/st-kilda/suv,2026-02-27T01:56:26,UNCLASSIFIED,[OUT_OF_SCOPE]
2024,Toyota,Kluger,Gx Hybrid Awd,Wagon,20656,Automatic,2026-04-14,59470,Hybrid,VIC,car/14910510/toyota/kluger/vic/keysborough/suv,2026-02-27T01:56:26,UNCLASSIFIED,[OUT_OF_SCOPE]
2021,Toyota,Corolla,Zr,Hatchback,30846,Automatic,,30990,Unleaded,VIC,car/14969043/toyota/corolla/vic/williamstown-north/hatchback,2026-02-27T01:56:26,UNCLASSIFIED,[DISALLOWED_VARIANT]
2022,Toyota,Landcruiser Prado,Vx,Wagon,59703,Automatic,2026-12-30,78990,Diesel,VIC,car/14968082/toyota/landcruiser-prado/vic/coburg-north/suv,2026-02-27T01:56:26,UNCLASSIFIED,[OUT_OF_SCOPE]
2008,Toyota,Aurion,Prodigy,Sedan,164749,Automatic,2026-06-04,9490,Unleaded,VIC,car/14828009/toyota/aurion/vic/oakleigh-south/sedan,2026-02-27T01:56:26,UNCLASSIFIED,[OUT_OF_SCOPE]
2018,Toyota,C-HR,(HYBRID) -S,SUV,87824,Automatic,,24400,Hybrid,VIC,car/14826274/toyota/c-hr/vic/st-kilda/suv,2026-02-27T01:56:26,UNCLASSIFIED,[OUT_OF_SCOPE]
2020,Toyota,Corolla,TOURING (HYBRID) G-X-H,SUV,151923,Automatic,,18400,Hybrid,VIC,car/14973312/toyota/corolla/vic/st-kilda/suv,2026-02-27T01:56:26,UNCLASSIFIED,[OUT_OF_SCOPE]
2017,Toyota,Camry,Rz S.E.,Sedan,162050,Automatic,,18888,Unleaded,VIC,car/14926635/toyota/camry/vic/oakleigh/sedan,2026-02-27T01:56:26,UNCLASSIFIED,[AMBIG_BADGE]
2019,Toyota,Yaris,Ascent,Hatchback,84000,Automatic,2026-05-02,17800,Unleaded,VIC,car/14967401/toyota/yaris/vic/port-melbourne/hatchback,2026-02-27T01:56:26,UNCLASSIFIED,[OUT_OF_SCOPE]
2024,Toyota,GR Yaris,Gts,Hatchback,10664,Manual,,61990,Premium,VIC,car/14919067/toyota/gr-yaris/vic/elsternwick/hatchback,2026-02-27T01:56:26,UNCLASSIFIED,[OUT_OF_SCOPE]
2023,Toyota,Fortuner,GXL,SUV,42225,Automatic,2026-07-27,54990,Other,VIC,car/14924725/toyota/fortuner/vic/melbourne/suv,2026-02-27T01:56:26,UNCLASSIFIED,[OUT_OF_SCOPE]
2022,Toyota,Hilux,Sr Hi-Rider (4X2),Double Cab Pick Up,61228,Manual,,41990,Diesel,VIC,car/14937424/toyota/hilux/vic/elsternwick/dual-cab,2026-02-27T01:56:26,UNCLASSIFIED,[OUT_OF_SCOPE]
2023,Toyota,Hilux,Sr (4X4),Double Cab Pick Up,116975,Automatic,2026-06-30,47990,Diesel,VIC,car/14893163/toyota/hilux/vic/south-melbourne/dual-cab,2026-02-27T01:56:26,UNCLASSIFIED,[OUT_OF_SCOPE]
2007,Toyota,Corolla,Ascent,Hatchback,140100,Automatic,2026-12-24,9990,Unleaded,VIC,car/14987260/toyota/corolla/vic/maidstone/hatchback,2026-02-27T01:56:26,UNCLASSIFIED,[OUT_OF_SCOPE_YEAR]
2017,Toyota,Landcruiser,Vx (4X4),Wagon,194248,Automatic,,79990,Diesel,VIC,car/14987261/toyota/landcruiser/vic/maidstone/suv,2026-02-27T01:56:26,UNCLASSIFIED,[OUT_OF_SCOPE]
2024,Toyota,GR Corolla,Gts,Hatchback,15657,Automatic,2026-06-30,68333,Premium,VIC,car/14918087/toyota/gr-corolla/vic/melbourne/hatchback,2026-02-27T01:56:26,UNCLASSIFIED,[OUT_OF_SCOPE]
2023,Toyota,Hilux,Sr (4X4),Cab Chassis,39516,Automatic,,45990,Diesel,VIC,car/14969401/toyota/hilux/vic/elsternwick/single-cab,2026-02-27T01:56:26,UNCLASSIFIED,[OUT_OF_SCOPE]
2020,Toyota,RAV4,Cruiser 2Wd Hybrid,Wagon,216500,Automatic,2026-06-25,34888,Hybrid,VIC,car/14946993/toyota/rav4/vic/tottenham/suv,2026-02-27T01:56:26,UNCLASSIFIED,[OUT_OF_SCOPE]
2019,Toyota,Hilux,Sr5 (4X4),X Cab Pickup,166760,Automatic,2026-04-29,47990,Diesel,VIC,car/14896021/toyota/hilux/vic/tullamarine/extra-cab,2026-02-27T01:56:26,UNCLASSIFIED,[OUT_OF_SCOPE]
2012,Toyota,Aurion,At-X,Sedan,257846,Automatic,2025-09-30,11999,Unleaded,VIC,car/14886218/toyota/aurion/vic/braybrook/sedan,2026-02-27T01:56:26,UNCLASSIFIED,[OUT_OF_SCOPE]
2022,Toyota,RAV4,Gx (Awd) Hybrid,Wagon,41089,Automatic,,40888,Hybrid,VIC,car/14878011/toyota/rav4/vic/tottenham/suv,2026-02-27T01:56:26,UNCLASSIFIED,[OUT_OF_SCOPE]
2020,Toyota,RAV4,Cruiser 2Wd Hybrid,Wagon,93511,Automatic,,41888,Hybrid,VIC,car/14923975/toyota/rav4/vic/oakleigh/suv,2026-02-27T01:56:26,UNCLASSIFIED,[OUT_OF_SCOPE]
2001,Toyota,Camry,Conquest,Sedan,199897,Automatic,2026-02-14,5999,Unleaded,VIC,car/14925536/toyota/camry/vic/braybrook/sedan,2026-02-27T01:56:26,UNCLASSIFIED,[AMBIG_BADGE]
2022,Toyota,Hilux,Sr5 (4X4),Double Cab Pick Up,67979,Manual,2026-08-17,58990,Diesel,VIC,car/14967824/toyota/hilux/vic/south-melbourne/dual-cab,2026-02-27T01:56:26,UNCLASSIFIED,[OUT_OF_SCOPE]
2022,Toyota,Hilux,Sr5 (4X4),Double Cab Chassis,74258,Automatic,,61888,Diesel,VIC,car/14922144/toyota/hilux/vic/oakleigh/dual-cab,2026-02-27T01:56:26,UNCLASSIFIED,[OUT_OF_SCOPE]
2023,Toyota,Hilux,Sr (4X4),Double Cab Chassis,108254,Automatic,,47990,Diesel,VIC,car/14960678/toyota/hilux/vic/elsternwick/dual-cab,2026-02-27T01:56:26,UNCLASSIFIED,[OUT_OF_SCOPE]
2020,Toyota,C-HR,Koba (2Wd) (Hybrid),Hatchback,29619,Automatic,,32990,Hybrid,VIC,car/14961537/toyota/c-hr/vic/south-melbourne/suv,2026-02-27T01:56:26,UNCLASSIFIED,[OUT_OF_SCOPE]
2018,Toyota,Camry,Ascent,Sedan,53363,Automatic,2026-11-05,28970,Unleaded,VIC,car/14894815/toyota/camry/vic/keysborough/sedan,2026-02-27T01:56:26,toyota_camry_ascent_petrol_auto_sedan_asv70r,[OK]
2025,Toyota,Corolla,Ascent Sport Hybrid,Hatchback,17138,Automatic,2026-06-19,35770,Hybrid,VIC,car/14959658/toyota/corolla/vic/melbourne/hatchback,2026-02-27T01:56:26,toyota_corolla_ascent_sport_hybrid_auto_hatch_zwe219r,[OK]
2007,Toyota,Aurion,At-X,Sedan,97495,Automatic,,11990,Unleaded,VIC,car/14949409/toyota/aurion/vic/elsternwick/sedan,2026-02-27T01:56:26,UNCLASSIFIED,[OUT_OF_SCOPE]
2024,Toyota,Tundra,Limited,Dual Cab Pick-up,25293,Automatic,2026-07-24,134970,Hybrid,VIC,car/14910508/toyota/tundra/vic/keysborough/dual-cab,2026-02-27T01:56:26,UNCLASSIFIED,[OUT_OF_SCOPE]
2022,Toyota,Kluger,Gxl Awd,Wagon,82436,Automatic,,45990,Premium,VIC,car/14951076/toyota/kluger/vic/elsternwick/suv,2026-02-27T01:56:26,UNCLASSIFIED,[OUT_OF_SCOPE]
2023,Toyota,Camry,Ascent,Sedan,73314,Automatic,,34888,Premium,VIC,car/14854013/toyota/camry/vic/tottenham/sedan,2026-02-27T01:56:26,UNCLASSIFIED,[OUT_OF_SCOPE_YEAR]
2022,Toyota,Corolla,Ascent Sport Hybrid,Hatchback,29210,Automatic,,31999,Hybrid,VIC,car/14910628/toyota/corolla/vic/oakleigh/hatchback,2026-02-27T01:56:26,toyota_corolla_ascent_sport_hybrid_auto_hatch_zwe211r,[OK]
2023,Toyota,C-HR,Koba (2Wd),Wagon,70154,Automatic,2000-01-01,32990,Premium,VIC,car/14832140/toyota/c-hr/vic/preston/suv,2026-02-27T01:56:26,UNCLASSIFIED,[OUT_OF_SCOPE]
2020,Toyota,Corolla,HYBRID GX,Sedan,107554,Automatic,,23495,Hybrid,VIC,car/14910638/toyota/corolla/vic/maidstone/limousine,2026-02-27T01:56:26,UNCLASSIFIED,[OUT_OF_SCOPE]
2024,Toyota,Corolla,Ascent Sport,Hatchback,56459,Automatic,,28990,Unleaded,VIC,car/14961838/toyota/corolla/vic/preston/hatchback,2026-02-27T01:56:26,toyota_corolla_ascent_sport_petrol_auto_hatch_mzea12r,[OK]
2023,Toyota,RAV4,Edge (Awd) Hybrid,Wagon,72001,Automatic,2026-06-07,53990,Hybrid,VIC,car/14959656/toyota/rav4/vic/melbourne/suv,2026-02-27T01:56:26,UNCLASSIFIED,[OUT_OF_SCOPE]
2022,Toyota,Fortuner,Gx,Wagon,70304,Automatic,,48690,Diesel,VIC,car/14839788/toyota/fortuner/vic/epping/suv,2026-02-27T01:56:26,UNCLASSIFIED,[OUT_OF_SCOPE]
2024,Toyota,RAV4,Cruiser (2Wd) Hybrid,Wagon,6566,Automatic,2026-04-24,59480,Hybrid,VIC,car/14884967/toyota/rav4/vic/melbourne/suv,2026-02-27T01:56:26,UNCLASSIFIED,[OUT_OF_SCOPE]
2024,Toyota,Yaris,Zr Hybrid,Hatchback,9951,Automatic,,38990,Hybrid,VIC,car/14929676/toyota/yaris/vic/elsternwick/hatchback,2026-02-27T01:56:26,UNCLASSIFIED,[OUT_OF_SCOPE]
2019,Toyota,Kluger,Gxl (4X2),Wagon,112851,Automatic,,34888,Unleaded,VIC,car/14864541/toyota/kluger/vic/oakleigh/suv,2026-02-27T01:56:26,UNCLASSIFIED,[OUT_OF_SCOPE]
2021,Toyota,HiAce,Lwb Gl (Colours),Van,41547,Automatic,2026-04-06,57990,Diesel,VIC,car/14973928/toyota/hiace/vic/preston/van,2026-02-27T01:56:26,UNCLASSIFIED,[OUT_OF_SCOPE]
2024,Toyota,RAV4,Cruiser (Awd) Hybrid,Wagon,16799,Automatic,2026-06-12,61990,Hybrid,VIC,car/14960792/toyota/rav4/vic/melbourne/suv,2026-02-27T01:56:26,UNCLASSIFIED,[OUT_OF_SCOPE]
2024,Toyota,Kluger,Gx 2Wd,Wagon,20182,Automatic,2026-09-26,47970,Unleaded,VIC,car/14867243/toyota/kluger/vic/keysborough/suv,2026-02-27T01:56:26,UNCLASSIFIED,[OUT_OF_SCOPE]
2023,Toyota,Hilux,Gr-Sport (4X4),Double Cab Pick Up,15701,Automatic,2026-09-28,78380,Diesel,VIC,car/14900984/toyota/hilux/vic/melbourne/dual-cab,2026-02-27T01:56:26,UNCLASSIFIED,[OUT_OF_SCOPE]
2002,Toyota,Echo,,Sedan,363255,Automatic,2026-01-14,5999,Unleaded,VIC,car/14858211/toyota/echo/vic/braybrook/sedan,2026-02-27T01:56:26,UNCLASSIFIED,[OUT_OF_SCOPE]
2024,Toyota,Kluger,Grande 2Wd,Wagon,11728,Automatic,2026-01-08,64970,Unleaded,VIC,car/14843906/toyota/kluger/vic/keysborough/suv,2026-02-27T01:56:26,UNCLASSIFIED,[OUT_OF_SCOPE]
2022,Toyota,C-HR,Koba (Awd),Wagon,91463,Automatic,,33990,Premium,VIC,car/14969183/toyota/c-hr/vic/elsternwick/suv,2026-02-27T01:56:26,UNCLASSIFIED,[OUT_OF_SCOPE]
2021,Toyota,Camry,Sx,Sedan,91278,Automatic,2026-04-17,34990,Unleaded,VIC,car/14945575/toyota/camry/vic/melbourne/sedan,2026-02-27T01:56:26,UNCLASSIFIED,[DISALLOWED_VARIANT]
2010,Toyota,Camry,Altise,Sedan,302000,Automatic,,5999,Unleaded,VIC,car/14952542/toyota/camry/vic/dandenong/sedan,2026-02-27T01:56:26,UNCLASSIFIED,[AMBIG_BADGE]
2022,Toyota,86,Gts,Coupe,44566,Automatic,,54900,Premium,VIC,car/14955434/toyota/86/vic/south-melbourne/coupe,2026-02-27T01:56:26,UNCLASSIFIED,[OUT_OF_SCOPE]
2009,Toyota,Yaris,Yr,Hatchback,255542,Automatic,2026-03-31,8999,Unleaded,VIC,car/14968724/toyota/yaris/vic/braybrook/hatchback,2026-02-27T01:56:26,UNCLASSIFIED,[OUT_OF_SCOPE]
2024,Toyota,Kluger,Gxl 2Wd,Wagon,12033,Automatic,2026-02-13,57970,Unleaded,VIC,car/14894816/toyota/kluger/vic/keysborough/suv,2026-02-27T01:56:26,UNCLASSIFIED,[OUT_OF_SCOPE]
2023,Toyota,Camry,Ascent,Sedan,55337,Automatic,,39888,Premium,VIC,car/14960194/toyota/camry/vic/tottenham/sedan,2026-02-27T01:56:26,UNCLASSIFIED,[OUT_OF_SCOPE_YEAR]
2024,Toyota,RAV4,Gx (2Wd) Hybrid,Wagon,41823,Automatic,,46990,Hybrid,VIC,car/14887671/toyota/rav4/vic/elsternwick/suv,2026-02-27T01:56:26,UNCLASSIFIED,[OUT_OF_SCOPE]
2006,Toyota,Kluger,Grande (4X4),Wagon,321226,Automatic,2026-05-18,9988,Unleaded,VIC,car/14923128/toyota/kluger/vic/braybrook/suv,2026-02-27T01:56:26,UNCLASSIFIED,[OUT_OF_SCOPE]
2024,Toyota,Kluger,Gxl Hybrid Awd,Wagon,52967,Automatic,2026-08-06,62990,Hybrid,VIC,car/14951778/toyota/kluger/vic/melbourne/suv,2026-02-27T01:56:26,UNCLASSIFIED,[OUT_OF_SCOPE]
2007,Toyota,Hilux,Sr (4X4),Dual Cab Pick-up,282713,Automatic,2026-07-05,17990,Diesel,VIC,car/14961016/toyota/hilux/vic/tullamarine/dual-cab,2026-02-27T01:56:26,UNCLASSIFIED,[OUT_OF_SCOPE]
2016,Toyota,Aqua,S,Hatch,101454,Automatic,,15995,Hybrid,VIC,car/14902690/toyota/aqua/vic/maidstone/hatchback,2026-02-27T01:56:26,UNCLASSIFIED,[OUT_OF_SCOPE]
2023,Toyota,Corolla Cross,Gx 2Wd Hybrid,Wagon,37500,Automatic,2026-06-22,39490,Hybrid,VIC,car/14961533/toyota/corolla-cross/vic/south-melbourne/suv,2026-02-27T01:56:26,UNCLASSIFIED,[OUT_OF_SCOPE]
2022,Toyota,Corolla,Ascent Sport Hybrid,Hatchback,64010,Automatic,,28688,Hybrid,VIC,car/14876095/toyota/corolla/vic/airport-west/hatchback,2026-02-27T01:56:26,toyota_corolla_ascent_sport_hybrid_auto_hatch_zwe211r,[OK]
2025,Toyota,RAV4,Gx (2Wd) Hybrid,Wagon,30890,Automatic,,46950,Hybrid,VIC,car/14899922/toyota/rav4/vic/elsternwick/suv,2026-02-27T01:56:26,UNCLASSIFIED,[OUT_OF_SCOPE]
2025,Toyota,RAV4,Gx (2Wd) Hybrid,Wagon,30172,Automatic,,46990,Hybrid,VIC,car/14887672/toyota/rav4/vic/elsternwick/suv,2026-02-27T01:56:26,UNCLASSIFIED,[OUT_OF_SCOPE]
2018,Toyota,C-HR,(2Wd),Wagon,119532,Automatic,2026-04-19,24970,Premium,VIC,car/14918067/toyota/c-hr/vic/keysborough/suv,2026-02-27T01:56:26,UNCLASSIFIED,[OUT_OF_SCOPE]
2024,Toyota,Corolla,Sx,Sedan,26038,Automatic,2026-07-29,32490,Unleaded,VIC,car/14929859/toyota/corolla/vic/melbourne/sedan,2026-02-27T01:56:26,UNCLASSIFIED,[DISALLOWED_VARIANT]
2024,Toyota,RAV4,Edge (Awd) Hybrid,Wagon,18245,Automatic,,64990,Hybrid,VIC,car/14909186/toyota/rav4/vic/elsternwick/suv,2026-02-27T01:56:26,UNCLASSIFIED,[OUT_OF_SCOPE]
2024,Toyota,RAV4,Cruiser (2Wd) Hybrid,Wagon,14112,Automatic,2026-02-07,59470,Hybrid,VIC,car/14902247/toyota/rav4/vic/keysborough/suv,2026-02-27T01:56:26,UNCLASSIFIED,[OUT_OF_SCOPE]
2022,Toyota,HiAce,Slwb,Van,69412,Automatic,,56888,Diesel,VIC,car/14928353/toyota/hiace/vic/tottenham/van,2026-02-27T01:56:26,UNCLASSIFIED,[OUT_OF_SCOPE]
2021,Toyota,Camry,Ascent,Sedan,10802,Automatic,,35880,Unleaded,VIC,car/14960189/toyota/camry/vic/melbourne/sedan,2026-02-27T01:56:26,toyota_camry_ascent_petrol_auto_sedan_asv70r,[OK]
2015,Toyota,Yaris,Ascent,Hatchback,16475,Automatic,2026-02-26,18500,Unleaded,VIC,car/14958696/toyota/yaris/vic/mordialloc/hatchback,2026-02-27T01:56:26,UNCLASSIFIED,[OUT_OF_SCOPE]
2023,Toyota,Kluger,Gx 2Wd,Wagon,37137,Automatic,,43450,Unleaded,VIC,car/14882131/toyota/kluger/vic/elsternwick/suv,2026-02-27T01:56:26,UNCLASSIFIED,[OUT_OF_SCOPE]
2024,Toyota,Kluger,Gxl Hybrid Awd,Wagon,51513,Automatic,,64990,Hybrid,VIC,car/14968858/toyota/kluger/vic/elsternwick/suv,2026-02-27T01:56:26,UNCLASSIFIED,[OUT_OF_SCOPE]
2020,Toyota,Yaris Cross,Gx,Wagon,40650,Automatic,2026-02-26,26998,Unleaded,VIC,car/14865482/toyota/yaris-cross/vic/airport-west/suv,2026-02-27T01:56:26,UNCLASSIFIED,[OUT_OF_SCOPE]
2024,Toyota,RAV4,Cruiser (Awd) Hybrid,Wagon,16282,Automatic,2026-06-07,60880,Hybrid,VIC,car/14932776/toyota/rav4/vic/melbourne/suv,2026-02-27T01:56:26,UNCLASSIFIED,[OUT_OF_SCOPE]
2024,Toyota,Camry,Ascent,Sedan,35075,Automatic,,36977,Premium,VIC,car/14916251/toyota/camry/vic/elsternwick/sedan,2026-02-27T01:56:26,UNCLASSIFIED,[OUT_OF_SCOPE_YEAR]
2024,Toyota,Yaris,ZR HYBRID,Hatch,5122,,2026-12-23,38990,Hybrid,VIC,car/14954944/toyota/yaris/vic/melbourne/hatchback,2026-02-27T01:56:26,UNCLASSIFIED,[OUT_OF_SCOPE]
2019,Toyota,Corolla,4WD HYBRID S,Sedan,124231,Automatic,,20499,Hybrid,VIC,car/14955591/toyota/corolla/vic/st-kilda/limousine,2026-02-27T01:56:26,UNCLASSIFIED,[OUT_OF_SCOPE]
2009,Toyota,Crown,,Sedan,112000,Automatic,,19990,Premium,VIC,car/14961981/toyota/crown/vic/cranbourne-west/limousine,2026-02-27T01:56:26,UNCLASSIFIED,[OUT_OF_SCOPE]
2022,Toyota,Hilux,Workmate (4X4),Cab Chassis,78428,Manual,2026-11-15,41990,Diesel,VIC,car/14921816/toyota/hilux/vic/melbourne/single-cab,2026-02-27T01:56:26,UNCLASSIFIED,[OUT_OF_SCOPE]
2023,Toyota,RAV4,Edge (Awd) Hybrid,Wagon,86024,Automatic,2026-05-20,53990,Hybrid,VIC,car/14959946/toyota/rav4/vic/melbourne/suv,2026-02-27T01:56:26,UNCLASSIFIED,[OUT_OF_SCOPE]
2009,Toyota,Crown,,Sedan,113000,Automatic,,18990,Premium,VIC,car/14869650/toyota/crown/vic/cranbourne-west/limousine,2026-02-27T01:56:26,UNCLASSIFIED,[OUT_OF_SCOPE]
2021,Toyota,RAV4,Gxl (2Wd),Wagon,89996,Automatic,2026-06-23,34990,Unleaded,VIC,car/14950922/toyota/rav4/vic/south-melbourne/suv,2026-02-27T01:56:26,UNCLASSIFIED,[OUT_OF_SCOPE]
2024,Toyota,Camry,Ascent,Sedan,55490,Automatic,,32990,Premium,VIC,car/14961824/toyota/camry/vic/preston/sedan,2026-02-27T01:56:26,UNCLASSIFIED,[OUT_OF_SCOPE_YEAR]
2008,Toyota,Kluger,Kx-S (Fwd),Wagon,186274,Automatic,,13888,Unleaded,VIC,car/14903425/toyota/kluger/vic/oakleigh/suv,2026-02-27T01:56:26,UNCLASSIFIED,[OUT_OF_SCOPE]
2022,Toyota,Hilux,Sr (4X4),Double Cab Chassis,81041,Automatic,2026-07-27,48990,Diesel,VIC,car/14941210/toyota/hilux/vic/south-melbourne/dual-cab,2026-02-27T01:56:26,UNCLASSIFIED,[OUT_OF_SCOPE]
2020,Toyota,RAV4,Gxl 2Wd Hybrid,Wagon,30925,Automatic,2026-08-20,41990,Hybrid,VIC,car/14974373/toyota/rav4/vic/melbourne/suv,2026-02-27T01:56:26,UNCLASSIFIED,[OUT_OF_SCOPE]
2025,Toyota,Corolla Cross,Atmos 2Wd Hybrid,Wagon,1000,Automatic,2026-03-21,53470,Hybrid,VIC,car/14914761/toyota/corolla-cross/vic/keysborough/suv,2026-02-27T01:56:26,UNCLASSIFIED,[OUT_OF_SCOPE]
2024,Toyota,COROLLA CROSS PETROL,COROLLA CROSS GX 2.0L PETROL AUTO CVT 5 DOOR HATCH,Hatch,12263,,2026-08-03,39990,Other,VIC,car/14941483/toyota/corolla-cross-petrol/vic/melbourne/hatchback,2026-02-27T01:56:26,UNCLASSIFIED,[OUT_OF_SCOPE]
2025,Toyota,RAV4,Edge (Awd) Hybrid,Wagon,12286,Automatic,,64990,Hybrid,VIC,car/14946404/toyota/rav4/vic/elsternwick/suv,2026-02-27T01:56:26,UNCLASSIFIED,[OUT_OF_SCOPE]
2007,Toyota,Crown,,Sedan,107000,Automatic,,23990,Premium,VIC,car/14970133/toyota/crown/vic/cranbourne-west/limousine,2026-02-27T01:56:26,UNCLASSIFIED,[OUT_OF_SCOPE]
2023,Toyota,Corolla,Ascent Sport,Hatchback,63828,Automatic,,27999,Unleaded,VIC,car/14960090/toyota/corolla/vic/elsternwick/hatchback,2026-02-27T01:56:26,toyota_corolla_ascent_sport_petrol_auto_hatch_mzea12r,[OK]
2024,Toyota,RAV4,Gx (2Wd) Hybrid,Wagon,60804,Automatic,,43990,Hybrid,VIC,car/14965950/toyota/rav4/vic/elsternwick/suv,2026-02-27T01:56:26,UNCLASSIFIED,[OUT_OF_SCOPE]
2016,Toyota,Landcruiser Prado,Gxl (4X4),Wagon,220000,Automatic,,32499,Diesel,VIC,car/14921402/toyota/landcruiser-prado/vic/laverton-north/suv,2026-02-27T01:56:26,UNCLASSIFIED,[OUT_OF_SCOPE]
2024,Toyota,Camry,Ascent,Sedan,48380,Automatic,2026-03-12,38388,Premium,VIC,car/14902282/toyota/camry/vic/tottenham/sedan,2026-02-27T01:56:26,UNCLASSIFIED,[OUT_OF_SCOPE_YEAR]
2022,Toyota,Kluger,Gx 2Wd,Wagon,85491,Automatic,2026-08-19,39888,Premium,VIC,car/14902284/toyota/kluger/vic/tottenham/suv,2026-02-27T01:56:26,UNCLASSIFIED,[OUT_OF_SCOPE]
2024,Toyota,Corolla,Ascent Sport Hybrid,Hatchback,51161,Automatic,2000-01-01,31990,Hybrid,VIC,car/14957426/toyota/corolla/vic/preston/hatchback,2026-02-27T01:56:26,toyota_corolla_ascent_sport_hybrid_auto_hatch_zwe219r,[OK]
2024,Toyota,COROLLA CROSS PETROL,COROLLA CROSS GX 2.0L PETROL AUTO CVT 5 DOOR HATCH,Hatch,16076,,2026-07-27,39770,Other,VIC,car/14926336/toyota/corolla-cross-petrol/vic/melbourne/hatchback,2026-02-27T01:56:26,UNCLASSIFIED,[OUT_OF_SCOPE]
2006,Toyota,Estima,AERAS G,OtherCar,163562,,2023-12-30,11999,Unleaded,VIC,car/13127981/toyota/estima/vic/west-footscray/othercar,2026-02-27T01:56:26,UNCLASSIFIED,[OUT_OF_SCOPE]
2024,Toyota,RAV4,Edge (Awd) Hybrid,Wagon,27080,Automatic,,63990,Hybrid,VIC,car/14941379/toyota/rav4/vic/elsternwick/suv,2026-02-27T01:56:26,UNCLASSIFIED,[OUT_OF_SCOPE]
2021,Toyota,Corolla,Zr Hybrid,Hatchback,55985,Automatic,2026-04-08,34990,Hybrid,VIC,car/14951194/toyota/corolla/vic/south-melbourne/hatchback,2026-02-27T01:56:26,UNCLASSIFIED,[DISALLOWED_VARIANT]
2012,Toyota,Landcruiser Prado,Gxl (4X4),Wagon,257981,Manual,2023-08-29,27999,Diesel,VIC,car/13009586/toyota/landcruiser-prado/vic/hoppers-crossing/suv,2026-02-27T01:56:26,UNCLASSIFIED,[OUT_OF_SCOPE]
2024,Toyota,Corolla Cross,Gx 2Wd Hybrid,Wagon,50462,Automatic,,39990,Hybrid,VIC,car/14949407/toyota/corolla-cross/vic/elsternwick/suv,2026-02-27T01:56:26,UNCLASSIFIED,[OUT_OF_SCOPE]
2021,Toyota,Corolla,Ascent Sport,Sedan,76314,Automatic,,25990,Unleaded,VIC,car/14937426/toyota/corolla/vic/elsternwick/sedan,2026-02-27T01:56:26,UNCLASSIFIED,[DISALLOWED_VARIANT]
2009,Toyota,Crown,MAJESTA G TYPE F PACKAGE,OtherCar,121424,,,22500,Other,VIC,car/14730867/toyota/crown/vic/epping/othercar,2026-02-27T01:56:26,UNCLASSIFIED,[OUT_OF_SCOPE]
2021,Toyota,Hilux,Workmate,Cab Chassis,62166,Manual,,28990,Unleaded,VIC,car/14947329/toyota/hilux/vic/elsternwick/single-cab,2026-02-27T01:56:26,UNCLASSIFIED,[OUT_OF_SCOPE]
2023,Toyota,YARIS CROSS HYBRID,YARIS CROSS HYBRID URBAN 1.5L AUTO CVT HATCH,Hatch,19921,,2026-06-07,38990,Hybrid,VIC,car/14959498/toyota/yaris-cross-hybrid/vic/melbourne/hatchback,2026-02-27T01:56:26,UNCLASSIFIED,[OUT_OF_SCOPE]
2007,Toyota,Corolla,Ascent,Hatchback,242510,Manual,2025-06-27,4990,Unleaded,VIC,car/14392907/toyota/corolla/vic/ringwood/hatchback,2026-02-27T01:56:26,UNCLASSIFIED,[OUT_OF_SCOPE]
2022,Toyota,Kluger,Grande 2Wd,Wagon,50291,Automatic,2026-04-28,55888,Premium,VIC,car/14959965/toyota/kluger/vic/melbourne/suv,2026-02-27T01:56:26,UNCLASSIFIED,[OUT_OF_SCOPE]
2003,Toyota,Camry,Altise,Sedan,382072,Automatic,2026-01-27,5498,Unleaded,VIC,car/14923184/toyota/camry/vic/braybrook/sedan,2026-02-27T01:56:26,UNCLASSIFIED,[AMBIG_BADGE]
2023,Toyota,Kluger,Grande Hybrid Awd,Wagon,29890,Automatic,,74950,Hybrid,VIC,car/14545873/toyota/kluger/vic/elsternwick/suv,2026-02-27T01:56:26,UNCLASSIFIED,[OUT_OF_SCOPE]
2021,Toyota,RAV4,Gxl (2Wd) Hybrid,Wagon,43041,Automatic,2026-07-05,40980,Hybrid,VIC,car/14889481/toyota/rav4/vic/melbourne/suv,2026-02-27T01:56:26,UNCLASSIFIED,[OUT_OF_SCOPE]
2021,Toyota,Landcruiser Prado,Kakadu,Wagon,120348,Automatic,,73990,Diesel,VIC,car/14955145/toyota/landcruiser-prado/vic/elsternwick/suv,2026-02-27T01:56:26,UNCLASSIFIED,[OUT_OF_SCOPE]
2016,Toyota,Hilux,Sr (4X4),Dual Cab Chassis,117584,Automatic,2026-01-31,42990,Diesel,VIC,car/14778433/toyota/hilux/vic/tullamarine/dual-cab,2026-02-27T01:56:26,UNCLASSIFIED,[OUT_OF_SCOPE]
2024,Toyota,Corolla,Ascent Sport Hybrid,Hatchback,22498,Automatic,2026-06-28,33380,Hybrid,VIC,car/14894121/toyota/corolla/vic/melbourne/hatchback,2026-02-27T01:56:26,toyota_corolla_ascent_sport_hybrid_auto_hatch_zwe219r,[OK]
2020,Toyota,Camry,Sl,Sedan,39622,Automatic,,42990,Unleaded,VIC,car/14948974/toyota/camry/vic/elsternwick/sedan,2026-02-27T01:56:26,UNCLASSIFIED,[DISALLOWED_VARIANT]
2021,Toyota,RAV4,Gxl (2Wd) Hybrid,Wagon,33524,Automatic,2026-08-03,42450,Hybrid,VIC,car/14941489/toyota/rav4/vic/melbourne/suv,2026-02-27T01:56:26,UNCLASSIFIED,[OUT_OF_SCOPE]
2022,Toyota,Hilux,Sr (4X4),Double Cab Pick Up,93952,Automatic,,47990,Diesel,VIC,car/14945473/toyota/hilux/vic/elsternwick/dual-cab,2026-02-27T01:56:26,UNCLASSIFIED,[OUT_OF_SCOPE]
2018,Toyota,Hilux,Workmate,Cab Chassis,286000,Manual,,15999,Diesel,VIC,car/14631519/toyota/hilux/vic/brooklyn/single-cab,2026-02-27T01:56:26,UNCLASSIFIED,[OUT_OF_SCOPE]
2021,Toyota,RAV4,Gx (Awd) Hybrid,Wagon,11347,Automatic,2026-07-29,43490,Hybrid,VIC,car/14871752/toyota/rav4/vic/south-melbourne/suv,2026-02-27T01:56:26,UNCLASSIFIED,[OUT_OF_SCOPE]
2024,Toyota,Corolla Cross,Atmos 2Wd Hybrid,Wagon,35130,Automatic,,48990,Hybrid,VIC,car/14928703/toyota/corolla-cross/vic/south-melbourne/suv,2026-02-27T01:56:26,UNCLASSIFIED,[OUT_OF_SCOPE]
2012,Toyota,Camry,Hybrid H,Sedan,170000,Automatic,2026-01-29,15990,Hybrid,VIC,car/14817997/toyota/camry/vic/nunawading/sedan,2026-02-27T01:56:26,UNCLASSIFIED,[AMBIG_BADGE]
2024,Toyota,Corolla,Ascent Sport,Hatchback,31088,Automatic,2026-03-18,31888,Unleaded,VIC,car/14955356/toyota/corolla/vic/tottenham/hatchback,2026-02-27T01:56:26,toyota_corolla_ascent_sport_petrol_auto_hatch_mzea12r,[OK]
2021,Toyota,RAV4,Gx (2Wd) Hybrid,Wagon,63093,Automatic,2026-08-27,40388,Hybrid,VIC,car/14921549/toyota/rav4/vic/tottenham/suv,2026-02-27T01:56:26,UNCLASSIFIED,[OUT_OF_SCOPE]
2019,Toyota,Hilux,Sr (4X4),Double Cab Chassis,199883,Manual,2026-02-10,38990,Diesel,VIC,car/14802595/toyota/hilux/vic/tullamarine/dual-cab,2026-02-27T01:56:26,UNCLASSIFIED,[OUT_OF_SCOPE]
2024,Toyota,Yaris Cross,Gx Hybrid,Wagon,3833,Automatic,,36990,Hybrid,VIC,car/14828003/toyota/yaris-cross/vic/south-melbourne/suv,2026-02-27T01:56:26,UNCLASSIFIED,[OUT_OF_SCOPE]
2018,Toyota,Kluger,Gxl (4X2),Wagon,111890,Automatic,,33990,Unleaded,VIC,car/14934839/toyota/kluger/vic/elsternwick/suv,2026-02-27T01:56:26,UNCLASSIFIED,[OUT_OF_SCOPE]
2024,Toyota,Camry,Ascent,Sedan,13890,Automatic,,39950,Premium,VIC,car/14767160/toyota/camry/vic/elsternwick/sedan,2026-02-27T01:56:26,UNCLASSIFIED,[OUT_OF_SCOPE_YEAR]
2022,Toyota,Kluger,Gx Hybrid Awd,Wagon,15495,Automatic,,54990,Hybrid,VIC,car/14970093/toyota/kluger/vic/melbourne/suv,2026-02-27T01:56:26,UNCLASSIFIED,[OUT_OF_SCOPE]
2017,Toyota,C-HR,(2Wd),Wagon,104500,Automatic,2025-12-09,22990,Premium,VIC,car/14941127/toyota/c-hr/vic/maidstone/suv,2026-02-27T01:56:26,UNCLASSIFIED,[OUT_OF_SCOPE]
2019,Toyota,HiAce,Commuter (12 Seats),Bus,75753,Automatic,,59990,Diesel,VIC,car/14137939/toyota/hiace/vic/coburg-north/people-mover,2026-02-27T01:56:26,UNCLASSIFIED,[OUT_OF_SCOPE]
2021,Toyota,Camry,Ascent,Sedan,22863,Automatic,2026-02-10,35490,Unleaded,VIC,car/14955330/toyota/camry/vic/melbourne/sedan,2026-02-27T01:56:26,toyota_camry_ascent_petrol_auto_sedan_asv70r,[OK]
2023,Toyota,RAV4,Edge (Awd) Hybrid,Wagon,44539,Automatic,,58888,Hybrid,VIC,car/14946992/toyota/rav4/vic/tottenham/suv,2026-02-27T01:56:26,UNCLASSIFIED,[OUT_OF_SCOPE]
2024,Toyota,Kluger,Gxl Hybrid Awd,Wagon,31890,Automatic,,68950,Hybrid,VIC,car/14595099/toyota/kluger/vic/elsternwick/suv,2026-02-27T01:56:26,UNCLASSIFIED,[OUT_OF_SCOPE]
2024,Toyota,RAV4,Gx (2Wd) Hybrid,Wagon,10527,Automatic,2026-05-10,46990,Hybrid,VIC,car/14922035/toyota/rav4/vic/south-melbourne/suv,2026-02-27T01:56:26,UNCLASSIFIED,[OUT_OF_SCOPE]
2021,Toyota,Yaris Cross,URBAN,SUV,45568,,2026-05-23,31490,Other,VIC,car/14928348/toyota/yaris-cross/vic/melbourne/suv,2026-02-27T01:56:26,UNCLASSIFIED,[OUT_OF_SCOPE]
2025,Toyota,RAV4,Cruiser (2Wd) Hybrid,Wagon,11934,Automatic,2026-04-04,60990,Hybrid,VIC,car/14964971/toyota/rav4/vic/melbourne/suv,2026-02-27T01:56:26,UNCLASSIFIED,[OUT_OF_SCOPE]
2021,Toyota,C-HR,Koba (2Wd),Wagon,52292,Automatic,,32990,Premium,VIC,car/14949271/toyota/c-hr/vic/south-melbourne/suv,2026-02-27T01:56:26,UNCLASSIFIED,[OUT_OF_SCOPE]
2019,Toyota,Hilux,Sr (4X4),Cab Chassis,115777,Manual,2026-04-17,33915,Diesel,VIC,car/14384846/toyota/hilux/vic/brighton/single-cab,2026-02-27T01:56:26,UNCLASSIFIED,[OUT_OF_SCOPE]
2021,Toyota,RAV4,Gxl (2Wd) Hybrid,Wagon,97118,Automatic,2026-04-08,37990,Hybrid,VIC,car/14958662/toyota/rav4/vic/south-melbourne/suv,2026-02-27T01:56:26,UNCLASSIFIED,[OUT_OF_SCOPE]
2022,Toyota,Kluger,Gxl Hybrid Awd,Wagon,57605,Automatic,,63990,Hybrid,VIC,car/14914656/toyota/kluger/vic/elsternwick/suv,2026-02-27T01:56:26,UNCLASSIFIED,[OUT_OF_SCOPE]
2008,Toyota,Kluger,Kx-R (Fwd) 5 Seat,Wagon,338207,Automatic,2025-08-23,6999,Unleaded,VIC,car/14526467/toyota/kluger/vic/hoppers-crossing/suv,2026-02-27T01:56:26,UNCLASSIFIED,[OUT_OF_SCOPE]
2024,Toyota,RAV4,Gx (2Wd) Hybrid,Wagon,57447,Automatic,,43990,Hybrid,VIC,car/14946403/toyota/rav4/vic/elsternwick/suv,2026-02-27T01:56:26,UNCLASSIFIED,[OUT_OF_SCOPE]
2020,Toyota,RAV4,Gx 2Wd Hybrid,Wagon,66539,Automatic,2026-06-02,37490,Hybrid,VIC,car/14966789/toyota/rav4/vic/melbourne/suv,2026-02-27T01:56:26,UNCLASSIFIED,[OUT_OF_SCOPE]
2016,Toyota,Hilux,Sr (4X4),Cab Chassis,221191,Automatic,2026-03-22,25990,Diesel,VIC,car/14530949/toyota/hilux/vic/bayswater/single-cab,2026-02-27T01:56:26,UNCLASSIFIED,[OUT_OF_SCOPE]
2022,Toyota,C-HR,Koba (2Wd),Wagon,52583,Automatic,,34888,Premium,VIC,car/14835007/toyota/c-hr/vic/tottenham/suv,2026-02-27T01:56:26,UNCLASSIFIED,[OUT_OF_SCOPE]
2022,Toyota,RAV4,Gx (Awd) Hybrid,Wagon,70880,Automatic,,40388,Hybrid,VIC,car/14883707/toyota/rav4/vic/tottenham/suv,2026-02-27T01:56:26,UNCLASSIFIED,[OUT_OF_SCOPE]
2016,Toyota,Landcruiser,Sahara (4X4),Wagon,235885,Automatic,,69977,Unleaded,VIC,car/14810075/toyota/landcruiser/vic/elsternwick/suv,2026-02-27T01:56:26,UNCLASSIFIED,[OUT_OF_SCOPE]
2022,Toyota,RAV4,Gx (Awd) Hybrid,Wagon,58570,Automatic,2025-10-13,39490,Hybrid,VIC,car/14921078/toyota/rav4/vic/port-melbourne/suv,2026-02-27T01:56:26,UNCLASSIFIED,[OUT_OF_SCOPE]
2022,Toyota,RAV4,Gx (Awd) Hybrid,Wagon,74118,Automatic,,39888,Hybrid,VIC,car/14917499/toyota/rav4/vic/tottenham/suv,2026-02-27T01:56:26,UNCLASSIFIED,[OUT_OF_SCOPE]
2012,Toyota,HiAce,Lwb,Van,147952,Automatic,,26000,Diesel,VIC,car/14592855/toyota/hiace/vic/epping/van,2026-02-27T01:56:26,UNCLASSIFIED,[OUT_OF_SCOPE]
2023,Toyota,RAV4,Gx (2Wd),Wagon,55124,Automatic,,39990,Unleaded,VIC,car/14920177/toyota/rav4/vic/elsternwick/suv,2026-02-27T01:56:26,UNCLASSIFIED,[OUT_OF_SCOPE]
2022,Toyota,RAV4,Gx (Awd) Hybrid,Wagon,68876,Automatic,,40990,Hybrid,VIC,car/14911228/toyota/rav4/vic/elsternwick/suv,2026-02-27T01:56:26,UNCLASSIFIED,[OUT_OF_SCOPE]
2018,Toyota,Corolla,Zr,Hatchback,32967,Automatic,,24490,Unleaded,VIC,car/14755511/toyota/corolla/vic/laverton-north/hatchback,2026-02-27T01:56:26,UNCLASSIFIED,[DISALLOWED_VARIANT]
2025,Toyota,RAV4,Gx (2Wd) Hybrid,Wagon,27649,Automatic,,46990,Hybrid,VIC,car/14960680/toyota/rav4/vic/elsternwick/suv,2026-02-27T01:56:26,UNCLASSIFIED,[OUT_OF_SCOPE]
2024,Toyota,Corolla Cross,Gx 2Wd,Wagon,17116,Automatic,2026-08-17,38990,Unleaded,VIC,car/14919078/toyota/corolla-cross/vic/south-melbourne/suv,2026-02-27T01:56:26,UNCLASSIFIED,[OUT_OF_SCOPE]
2023,Toyota,RAV4,Cruiser (2Wd) Hybrid,Wagon,37691,Automatic,2026-05-14,54990,Hybrid,VIC,car/14957339/toyota/rav4/vic/south-melbourne/suv,2026-02-27T01:56:26,UNCLASSIFIED,[OUT_OF_SCOPE]
2018,Toyota,Hilux,Sr (4X4),Double Cab Pick Up,127250,Automatic,2026-08-17,38990,Diesel,VIC,car/14943515/toyota/hilux/vic/south-melbourne/dual-cab,2026-02-27T01:56:26,UNCLASSIFIED,[OUT_OF_SCOPE]
2007,Toyota,Camry,Altise,Sedan,186073,Automatic,2026-03-29,8999,Unleaded,VIC,car/14523197/toyota/camry/vic/altona-north/sedan,2026-02-27T01:56:26,UNCLASSIFIED,[AMBIG_BADGE]
2016,Toyota,RAV4,Gx (2Wd),Wagon,119890,Automatic,,23990,Unleaded,VIC,car/14960679/toyota/rav4/vic/elsternwick/suv,2026-02-27T01:56:26,UNCLASSIFIED,[OUT_OF_SCOPE]
2022,Toyota,RAV4,Gx (2Wd) Hybrid,Wagon,19953,Automatic,,41888,Hybrid,VIC,car/14878010/toyota/rav4/vic/tottenham/suv,2026-02-27T01:56:26,UNCLASSIFIED,[OUT_OF_SCOPE]
2015,Toyota,Hilux,Workmate,Cab Chassis,241000,Manual,,14999,Unleaded,VIC,car/14582912/toyota/hilux/vic/brooklyn/single-cab,2026-02-27T01:56:26,UNCLASSIFIED,[OUT_OF_SCOPE]
2021,Toyota,RAV4,Gx (Awd) Hybrid,Wagon,85845,Automatic,2026-08-17,37990,Hybrid,VIC,car/14919077/toyota/rav4/vic/south-melbourne/suv,2026-02-27T01:56:26,UNCLASSIFIED,[OUT_OF_SCOPE]
2023,Toyota,Fortuner,GX,SUV,57834,Automatic,,52990,Diesel,VIC,car/14969310/toyota/fortuner/vic/elsternwick/suv,2026-02-27T01:56:26,UNCLASSIFIED,[OUT_OF_SCOPE]
2018,Toyota,Corolla,Hybrid,Hatchback,142775,Automatic,2026-02-06,19990,Hybrid,VIC,car/14803329/toyota/corolla/vic/altona-north/hatchback,2026-02-27T01:56:26,UNCLASSIFIED,[AMBIG_BADGE]
2015,Toyota,Corolla,Ascent,Hatchback,177018,Automatic,,15989,Unleaded,VIC,car/14942998/toyota/corolla/vic/maidstone/hatchback,2026-02-27T01:56:26,toyota_corolla_ascent_petrol_auto_hatch_zre18x,[OK]
2021,Toyota,HiAce,Lwb (4 Door Option),Van,83344,Automatic,,46990,Diesel,VIC,car/14899550/toyota/hiace/vic/elsternwick/van,2026-02-27T01:56:26,UNCLASSIFIED,[OUT_OF_SCOPE]
2023,Toyota,Corolla,Zr Hybrid,Hatchback,8136,Automatic,,36590,Hybrid,VIC,car/14684383/toyota/corolla/vic/laverton-north/hatchback,2026-02-27T01:56:26,UNCLASSIFIED,[DISALLOWED_VARIANT]
2024,Toyota,Corolla,Ascent Sport,Sedan,15983,Automatic,2026-07-21,32990,Unleaded,VIC,car/14852393/toyota/corolla/vic/south-melbourne/sedan,2026-02-27T01:56:26,UNCLASSIFIED,[DISALLOWED_VARIANT]
2023,Toyota,RAV4,Cruiser (2Wd) Hybrid,Wagon,47113,Automatic,2026-08-31,53990,Hybrid,VIC,car/14851358/toyota/rav4/vic/south-melbourne/suv,2026-02-27T01:56:26,UNCLASSIFIED,[OUT_OF_SCOPE]
2011,Toyota,Yaris,Yr,Hatchback,140381,Manual,,8990,Unleaded,VIC,car/14235901/toyota/yaris/vic/oakleigh-south/hatchback,2026-02-27T01:56:26,UNCLASSIFIED,[OUT_OF_SCOPE]
2023,Toyota,Fortuner,GXL,SUV,51297,Automatic,2026-08-03,54590,Other,VIC,car/14939773/toyota/fortuner/vic/melbourne/suv,2026-02-27T01:56:26,UNCLASSIFIED,[OUT_OF_SCOPE]
2023,Toyota,Camry,Ascent,Sedan,65286,Automatic,,35888,Premium,VIC,car/14872852/toyota/camry/vic/tottenham/sedan,2026-02-27T01:56:26,UNCLASSIFIED,[OUT_OF_SCOPE_YEAR]
2020,Toyota,Camry,Ascent Hybrid,Sedan,50907,Automatic,,32999,Hybrid,VIC,car/14559152/toyota/camry/vic/melton/sedan,2026-02-27T01:56:26,toyota_camry_ascent_hybrid_auto_sedan_axvh71r,[OK]
2020,Toyota,RAV4,Gx 2Wd Hybrid,Wagon,55601,Automatic,,39950,Hybrid,VIC,car/14848830/toyota/rav4/vic/elsternwick/suv,2026-02-27T01:56:26,UNCLASSIFIED,[OUT_OF_SCOPE]
2013,Toyota,RAV4,Gxl (2Wd),Wagon,86178,Automatic,2026-09-30,19990,Unleaded,VIC,car/14966417/toyota/rav4/vic/nunawading/suv,2026-02-27T01:56:26,UNCLASSIFIED,[OUT_OF_SCOPE]
2010,Toyota,Hilux,Sr,Dual Cab Pick-up,312413,Automatic,2026-03-26,10999,Unleaded,VIC,car/14911356/toyota/hilux/vic/avondale-heights/dual-cab,2026-02-27T01:56:26,UNCLASSIFIED,[OUT_OF_SCOPE]
2016,Toyota,Noah,ZRR80,SUV,64093,Automatic,,19990,Unleaded,VIC,car/14970304/toyota/noah/vic/fawkner/suv,2026-02-27T01:56:26,UNCLASSIFIED,[OUT_OF_SCOPE]
2008,Toyota,Camry,Altise,Sedan,199890,Automatic,2026-06-30,8490,Unleaded,VIC,car/14809170/toyota/camry/vic/cranbourne-west/sedan,2026-02-27T01:56:26,UNCLASSIFIED,[AMBIG_BADGE]
2024,Toyota,Camry,Ascent,Sedan,51525,Automatic,2026-05-31,29990,Premium,VIC,car/14948576/toyota/camry/vic/cheltenham/sedan,2026-02-27T01:56:26,UNCLASSIFIED,[OUT_OF_SCOPE_YEAR]
2012,Toyota,Camry,Altise,Sedan,198470,Automatic,2026-02-20,9999,Unleaded,VIC,car/14954161/toyota/camry/vic/deer-park/sedan,2026-02-27T01:56:26,UNCLASSIFIED,[AMBIG_BADGE]
2011,Toyota,Kluger,Kx-S (4X4),Wagon,115360,Automatic,2026-03-25,19888,Unleaded,VIC,car/14800927/toyota/kluger/vic/alphington/suv,2026-02-27T01:56:26,UNCLASSIFIED,[OUT_OF_SCOPE]
2011,Toyota,Yaris,Yrx,Hatchback,29154,Automatic,2026-07-12,13999,Unleaded,VIC,car/14964100/toyota/yaris/vic/avondale-heights/hatchback,2026-02-27T01:56:26,UNCLASSIFIED,[OUT_OF_SCOPE]
2005,Toyota,HiAce,Lwb,Van,467673,Automatic,,11999,Diesel,VIC,car/14855506/toyota/hiace/vic/ravenhall/van,2026-02-27T01:56:26,UNCLASSIFIED,[OUT_OF_SCOPE]
2019,Toyota,HiAce,GDH201,Commercial,175570,Automatic,,29500,Other,VIC,car/14592826/toyota/hiace/vic/epping/van,2026-02-27T01:56:26,UNCLASSIFIED,[OUT_OF_SCOPE]
2016,Toyota,Estima,AERAS F,SUV,233614,Automatic,2026-05-29,8999,Unleaded,VIC,car/14848772/toyota/estima/vic/altona-north/suv,2026-02-27T01:56:26,UNCLASSIFIED,[OUT_OF_SCOPE]
2015,Toyota,Hilux,Sr5 (4X4),Dual Cab Utility,259000,Automatic,,29999,Diesel,VIC,car/14969236/toyota/hilux/vic/brooklyn/dual-cab,2026-02-27T01:56:26,UNCLASSIFIED,[OUT_OF_SCOPE]
2008,Toyota,Prius,Hybrid,Hatchback,109418,Automatic,2026-06-23,12499,Hybrid,VIC,car/14681554/toyota/prius/vic/werribee/hatchback,2026-02-27T01:56:26,UNCLASSIFIED,[OUT_OF_SCOPE]
2007,Toyota,RAV4,Cruiser L (4X4),Wagon,185236,Manual,2026-03-14,10999,Unleaded,VIC,car/14965629/toyota/rav4/vic/avondale-heights/suv,2026-02-27T01:56:26,UNCLASSIFIED,[OUT_OF_SCOPE]
2007,Toyota,Hilux,Sr5 (4X4),X Cab Pickup,245185,Manual,2026-01-15,19999,Diesel,VIC,car/14940955/toyota/hilux/vic/ravenhall/extra-cab,2026-02-27T01:56:26,UNCLASSIFIED,[OUT_OF_SCOPE]
2010,Toyota,Corolla,Ascent,Sedan,148345,Automatic,2026-04-09,11990,Unleaded,VIC,car/14809745/toyota/corolla/vic/maidstone/sedan,2026-02-27T01:56:26,toyota_corolla_ascent_petrol_auto_sedan_zre152r,[OK]
1994,Toyota,Supra,,Liftback,160125,,,129888,,VIC,car/14916632/toyota/supra/vic/laverton-north/hatchback,2026-02-27T01:56:26,UNCLASSIFIED,[OUT_OF_SCOPE]
2021,Toyota,RAV4,Gxl (2Wd) Hybrid,Wagon,124607,Automatic,,36950,Hybrid,VIC,car/14761847/toyota/rav4/vic/elsternwick/suv,2026-02-27T01:56:26,UNCLASSIFIED,[OUT_OF_SCOPE]
2017,Toyota,Yaris,Ascent,Hatchback,130000,Manual,2026-04-12,11250,Unleaded,VIC,car/14917045/toyota/yaris/vic/nunawading/hatchback,2026-02-27T01:56:26,UNCLASSIFIED,[OUT_OF_SCOPE]
2025,Toyota,Camry,Ascent Sport Hybrid,Sedan,3508,Automatic,,47990,Hybrid,VIC,car/14970135/toyota/camry/vic/nunawading/sedan,2026-02-27T01:56:26,UNCLASSIFIED,[DISALLOWED_VARIANT]
2023,Toyota,Camry,Ascent,Sedan,54924,Automatic,,29990,Premium,VIC,car/14966407/toyota/camry/vic/cheltenham/sedan,2026-02-27T01:56:26,UNCLASSIFIED,[OUT_OF_SCOPE_YEAR]
2019,Toyota,HiAce,Slwb,Van,175943,Automatic,,52990,Diesel,VIC,car/14682672/toyota/hiace/vic/coburg-north/van,2026-02-27T01:56:26,UNCLASSIFIED,[OUT_OF_SCOPE]
2013,Toyota,Hilux,Sr5 (4X4),Dual Cab Pick-up,397449,Automatic,2026-03-21,19990,Diesel,VIC,car/14931053/toyota/hilux/vic/oakleigh-south/dual-cab,2026-02-27T01:56:26,UNCLASSIFIED,[OUT_OF_SCOPE]
2001,Toyota,Corolla,Ascent Seca,Liftback,309569,Automatic,2026-03-07,4999,Unleaded,VIC,car/14942673/toyota/corolla/vic/avondale-heights/hatchback,2026-02-27T01:56:26,UNCLASSIFIED,[BAD_PARSE]
2022,Toyota,Hilux,Sr (4X4),Double Cab Pick Up,45704,Automatic,,52888,Diesel,VIC,car/14820591/toyota/hilux/vic/oakleigh/dual-cab,2026-02-27T01:56:26,UNCLASSIFIED,[OUT_OF_SCOPE]
2023,Toyota,Landcruiser,Lc300 Sahara Zx (4X4),Wagon,34000,Automatic,2026-11-24,142990,Diesel,VIC,car/14901874/toyota/landcruiser/vic/nunawading/suv,2026-02-27T01:56:26,UNCLASSIFIED,[OUT_OF_SCOPE]
2017,Toyota,Prius-C,Hybrid,Hatchback,84533,Automatic,,19990,Hybrid,VIC,car/14682720/toyota/prius-c/vic/coburg-north/hatchback,2026-02-27T01:56:26,UNCLASSIFIED,[OUT_OF_SCOPE]
2011,Toyota,Aurion,Touring Se,Sedan,290980,Automatic,,8999,Unleaded,VIC,car/14913353/toyota/aurion/vic/brooklyn/sedan,2026-02-27T01:56:26,UNCLASSIFIED,[OUT_OF_SCOPE]
2014,Toyota,Aurion,At-X,Sedan,73514,Automatic,2026-03-20,16990,Unleaded,VIC,car/14966795/toyota/aurion/vic/brighton/sedan,2026-02-27T01:56:26,UNCLASSIFIED,[OUT_OF_SCOPE]
2018,Toyota,C-HR,,Wagon,81739,Automatic,,26990,Hybrid,VIC,car/14511077/toyota/c-hr/vic/cranbourne-west/estatecar,2026-02-27T01:56:26,UNCLASSIFIED,[OUT_OF_SCOPE]
2009,Toyota,Corolla,Ascent,Sedan,33439,Automatic,2026-03-24,12999,Unleaded,VIC,car/14973505/toyota/corolla/vic/avondale-heights/sedan,2026-02-27T01:56:26,toyota_corolla_ascent_petrol_auto_sedan_zre152r,[OK]
2020,Toyota,HiAce,Slwb Commuter (12 Seats),Bus,37042,Automatic,,58977,Diesel,VIC,car/14651157/toyota/hiace/vic/elsternwick/people-mover,2026-02-27T01:56:26,UNCLASSIFIED,[OUT_OF_SCOPE]
2012,Toyota,HiAce,Lwb,Van,382202,Manual,2026-05-10,17999,Diesel,VIC,car/14970229/toyota/hiace/vic/avondale-heights/van,2026-02-27T01:56:26,UNCLASSIFIED,[OUT_OF_SCOPE]
2015,Toyota,Camry,Altise,Sedan,200321,Automatic,2026-03-12,12990,Unleaded,VIC,car/14876732/toyota/camry/vic/thomastown/sedan,2026-02-27T01:56:26,UNCLASSIFIED,[AMBIG_BADGE]
2015,Toyota,Hilux,Sr (4X4),Dual Cab Chassis,336596,Manual,2026-04-01,16999,Diesel,VIC,car/14333176/toyota/hilux/vic/avondale-heights/dual-cab,2026-02-27T01:56:26,UNCLASSIFIED,[OUT_OF_SCOPE]
2011,Toyota,Corolla,Ascent Sport,Hatchback,218118,Manual,,7999,Unleaded,VIC,car/14966700/toyota/corolla/vic/laverton-north/hatchback,2026-02-27T01:56:26,UNCLASSIFIED,[OUT_OF_SCOPE]
2004,Toyota,Landcruiser Prado,Vx (4X4),Wagon,332738,Automatic,,14999,Unleaded,VIC,car/14925251/toyota/landcruiser-prado/vic/ravenhall/suv,2026-02-27T01:56:26,UNCLASSIFIED,[OUT_OF_SCOPE]
2023,Toyota,Landcruiser,Lc300 Sahara (4X4),Wagon,81000,Automatic,2026-04-15,134999,Diesel,VIC,car/14974347/toyota/landcruiser/vic/williamstown-north/suv,2026-02-27T01:56:26,UNCLASSIFIED,[OUT_OF_SCOPE]
2010,Toyota,Aurion,Prodigy,Sedan,208284,Automatic,,10999,Unleaded,VIC,car/13075970/toyota/aurion/vic/west-footscray/sedan,2026-02-27T01:56:26,UNCLASSIFIED,[OUT_OF_SCOPE]
2004,Toyota,Kluger,Cv (4X4),Wagon,178960,Automatic,2026-05-17,7990,Unleaded,VIC,car/14953576/toyota/kluger/vic/blackburn/suv,2026-02-27T01:56:26,UNCLASSIFIED,[OUT_OF_SCOPE]
2008,Toyota,RAV4,Cv (4X4),Wagon,232456,Automatic,2026-02-20,9990,Unleaded,VIC,car/14927471/toyota/rav4/vic/thomastown/suv,2026-02-27T01:56:26,UNCLASSIFIED,[OUT_OF_SCOPE]
2022,Toyota,Corolla,Ascent Sport Hybrid,Sedan,156939,Automatic,2026-04-28,23990,Hybrid,VIC,car/14819802/toyota/corolla/vic/maidstone/sedan,2026-02-27T01:56:26,UNCLASSIFIED,[OUT_OF_SCOPE]
2023,Toyota,Kluger,Gxl Hybrid Awd,Wagon,25999,Automatic,2026-04-28,55777,Hybrid,VIC,car/14964449/toyota/kluger/vic/heidelberg/suv,2026-02-27T01:56:26,UNCLASSIFIED,[OUT_OF_SCOPE]
2014,Toyota,Camry,Altise,Sedan,145000,Automatic,2026-04-14,14900,Unleaded,VIC,car/14667735/toyota/camry/vic/cranbourne-west/sedan,2026-02-27T01:56:26,UNCLASSIFIED,[AMBIG_BADGE]
2024,Toyota,Camry,Ascent,Sedan,54953,Automatic,2026-04-26,29990,Premium,VIC,car/14949611/toyota/camry/vic/cheltenham/sedan,2026-02-27T01:56:26,UNCLASSIFIED,[OUT_OF_SCOPE_YEAR]
2019,Toyota,Landcruiser,Lc200 Sahara (4X4),Wagon,78477,Automatic,2026-07-08,114990,Diesel,VIC,car/14870409/toyota/landcruiser/vic/camberwell/suv,2026-02-27T01:56:26,UNCLASSIFIED,[OUT_OF_SCOPE]
2009,Toyota,Yaris,Yrs,Sedan,176022,Automatic,2025-10-22,9999,Unleaded,VIC,car/14729527/toyota/yaris/vic/werribee/sedan,2026-02-27T01:56:26,UNCLASSIFIED,[OUT_OF_SCOPE]
2015,Toyota,Yaris,Ascent,Hatchback,102876,Manual,,11990,Unleaded,VIC,car/14950921/toyota/yaris/vic/laverton-north/hatchback,2026-02-27T01:56:26,UNCLASSIFIED,[OUT_OF_SCOPE]
2005,Toyota,Camry,Altise,Sedan,145268,Automatic,,7888,Unleaded,VIC,car/14825984/toyota/camry/vic/mitcham/sedan,2026-02-27T01:56:26,UNCLASSIFIED,[AMBIG_BADGE]
2012,Toyota,HiAce,Lwb,Van,117412,Automatic,2025-09-14,24999,Unleaded,VIC,car/14770455/toyota/hiace/vic/deer-park/van,2026-02-27T01:56:26,UNCLASSIFIED,[OUT_OF_SCOPE]
2022,Toyota,Noah,(HYBRID) ZWR90 8 SEATER,SUV,95363,Automatic,2026-04-05,39990,Hybrid,VIC,car/14899494/toyota/noah/vic/fawkner/suv,2026-02-27T01:56:26,UNCLASSIFIED,[OUT_OF_SCOPE]
2022,Toyota,RAV4,Gx (Awd) Hybrid,Wagon,16139,Automatic,,43190,Hybrid,VIC,car/14956909/toyota/rav4/vic/laverton-north/suv,2026-02-27T01:56:26,UNCLASSIFIED,[OUT_OF_SCOPE]
2020,Toyota,RAV4,Cruiser (Awd) Hybrid,Wagon,87090,Automatic,,41999,Hybrid,VIC,car/14755010/toyota/rav4/vic/melton/suv,2026-02-27T01:56:26,UNCLASSIFIED,[OUT_OF_SCOPE]
2022,Toyota,Raize,Z (HYBRID) A202A,SUV,54831,Automatic,,28888,Hybrid,VIC,car/14890325/toyota/raize/vic/murrumbeena/suv,2026-02-27T01:56:26,UNCLASSIFIED,[OUT_OF_SCOPE]
2020,Toyota,Camry,Ascent,Sedan,62905,Automatic,,24999,Unleaded,VIC,car/14828394/toyota/camry/vic/laverton-north/sedan,2026-02-27T01:56:26,toyota_camry_ascent_petrol_auto_sedan_asv70r,[OK]
2024,Toyota,Tundra,Limited,Dual Cab Pick-up,23731,Automatic,2026-05-17,139888,Hybrid,VIC,car/14918440/toyota/tundra/vic/deer-park/dual-cab,2026-02-27T01:56:26,UNCLASSIFIED,[OUT_OF_SCOPE]
2016,Toyota,Corolla,Ascent,Sedan,148160,Automatic,2026-02-18,15999,Unleaded,VIC,car/14841834/toyota/corolla/vic/sunshine/sedan,2026-02-27T01:56:26,toyota_corolla_ascent_petrol_auto_sedan_zre172r,[OK]
2006,Toyota,Yaris,Yr,Hatchback,153278,Automatic,2026-01-18,8999,Unleaded,VIC,car/14767632/toyota/yaris/vic/werribee/hatchback,2026-02-27T01:56:26,UNCLASSIFIED,[OUT_OF_SCOPE]
2022,Toyota,Corolla Cross,Gx 2Wd Hybrid,Wagon,29328,Automatic,2027-02-13,36990,Hybrid,VIC,car/14939732/toyota/corolla-cross/vic/nunawading/suv,2026-02-27T01:56:26,UNCLASSIFIED,[OUT_OF_SCOPE]
2018,Toyota,Corolla,Ascent Sport (Hybrid),Hatchback,43761,Automatic,,24990,Hybrid,VIC,car/14971209/toyota/corolla/vic/coburg-north/hatchback,2026-02-27T01:56:26,UNCLASSIFIED,[OUT_OF_SCOPE_YEAR]
2017,Toyota,RAV4,Gxl (2Wd),Wagon,57716,Automatic,,27499,Unleaded,VIC,car/14803755/toyota/rav4/vic/berwick/suv,2026-02-27T01:56:26,UNCLASSIFIED,[OUT_OF_SCOPE]
2015,Toyota,Corolla,Sx,Hatchback,108727,Automatic,2026-10-08,21200,Unleaded,VIC,car/14872499/toyota/corolla/vic/epping/hatchback,2026-02-27T01:56:26,UNCLASSIFIED,[DISALLOWED_VARIANT]
2020,Toyota,Corolla,TOURING (HYBRID) ZWE211W,SUV,98863,Automatic,,20990,Hybrid,VIC,car/14970256/toyota/corolla/vic/fawkner/suv,2026-02-27T01:56:26,UNCLASSIFIED,[OUT_OF_SCOPE]
2021,Toyota,Hilux,Workmate,Double Cab Pick Up,39022,Automatic,2026-03-10,35490,Unleaded,VIC,car/14794641/toyota/hilux/vic/ferntree-gully/dual-cab,2026-02-27T01:56:26,UNCLASSIFIED,[OUT_OF_SCOPE]
2015,Toyota,HiAce,Lwb,Van,220925,Automatic,,24990,Unleaded,VIC,car/14924984/toyota/hiace/vic/coburg-north/van,2026-02-27T01:56:26,UNCLASSIFIED,[OUT_OF_SCOPE]
2020,Toyota,Corolla,AXIO (HYBRID) NKE165,Sedan,109998,Automatic,,17990,Hybrid,VIC,car/14970260/toyota/corolla/vic/fawkner/limousine,2026-02-27T01:56:26,UNCLASSIFIED,[OUT_OF_SCOPE]
2022,Toyota,Camry,Ascent + Sat Nav Hybrid,Sedan,62987,Automatic,,35999,Hybrid,VIC,car/14607430/toyota/camry/vic/melton/sedan,2026-02-27T01:56:26,toyota_camry_ascent_hybrid_auto_sedan_axvh71r,[OK]
2003,Toyota,Camry,SPORTIVO,Sedan,379676,Automatic,2026-03-30,4999,Unleaded,VIC,car/14960359/toyota/camry/vic/briar-hill/limousine,2026-02-27T01:56:26,UNCLASSIFIED,[AMBIG_BADGE]
2019,Toyota,Corolla,Zr,Hatchback,47336,Automatic,2026-06-04,28888,Unleaded,VIC,car/14916504/toyota/corolla/vic/mitcham/hatchback,2026-02-27T01:56:26,UNCLASSIFIED,[DISALLOWED_VARIANT]
2016,Toyota,Fortuner,Gxl,Wagon,103771,Automatic,2026-05-18,36990,Diesel,VIC,car/14773433/toyota/fortuner/vic/ferntree-gully/suv,2026-02-27T01:56:26,UNCLASSIFIED,[OUT_OF_SCOPE]
2021,Toyota,Hilux,Sr5 (4X4),X Cab Pickup,55255,Automatic,,52195,Diesel,VIC,car/14896642/toyota/hilux/vic/laverton-north/extra-cab,2026-02-27T01:56:26,UNCLASSIFIED,[OUT_OF_SCOPE]
2017,Toyota,Yaris,Ascent,Hatchback,69470,Automatic,2026-09-07,18995,Unleaded,VIC,car/14966184/toyota/yaris/vic/burwood/hatchback,2026-02-27T01:56:26,UNCLASSIFIED,[OUT_OF_SCOPE]
2024,Toyota,Kluger,Grande Awd,Wagon,15650,Automatic,,72977,Unleaded,VIC,car/14822946/toyota/kluger/vic/elsternwick/suv,2026-02-27T01:56:26,UNCLASSIFIED,[OUT_OF_SCOPE]
2011,Toyota,Crown,A TYPE,Sedan,44162,Automatic,,24290,Other,VIC,car/14922258/toyota/crown/vic/epping/limousine,2026-02-27T01:56:26,UNCLASSIFIED,[OUT_OF_SCOPE]
2024,Toyota,Kluger,Gx 2Wd,Wagon,27046,Automatic,,49999,Unleaded,VIC,car/14965621/toyota/kluger/vic/oakleigh/suv,2026-02-27T01:56:26,UNCLASSIFIED,[OUT_OF_SCOPE]
2017,Toyota,HiAce,Lwb,Van,201289,Manual,,24990,Diesel,VIC,car/14933271/toyota/hiace/vic/coburg-north/van,2026-02-27T01:56:26,UNCLASSIFIED,[OUT_OF_SCOPE]
2020,Toyota,Camry,Ascent Sport (Hybrid),Sedan,82890,Automatic,,28998,Hybrid,VIC,car/14799036/toyota/camry/vic/airport-west/sedan,2026-02-27T01:56:26,UNCLASSIFIED,[DISALLOWED_VARIANT]
2023,Toyota,Corolla,Ascent Sport Hybrid,Hatchback,47957,Automatic,,28190,Hybrid,VIC,car/14966387/toyota/corolla/vic/laverton-north/hatchback,2026-02-27T01:56:26,UNCLASSIFIED,[OUT_OF_SCOPE_YEAR]
2000,Toyota,Landcruiser Prado,Gxl (4X4),Wagon,462600,Manual,2026-01-18,6999,Unleaded,VIC,car/14808321/toyota/landcruiser-prado/vic/maidstone/suv,2026-02-27T01:56:26,UNCLASSIFIED,[OUT_OF_SCOPE]
2024,Toyota,RAV4,Cruiser (2Wd) Hybrid,Wagon,14036,Automatic,2026-06-20,59490,Hybrid,VIC,car/14911611/toyota/rav4/vic/camberwell/suv,2026-02-27T01:56:26,UNCLASSIFIED,[OUT_OF_SCOPE]
2020,Toyota,Corolla,Ascent Sport (Hybrid),Hatchback,31693,Automatic,,28990,Hybrid,VIC,car/14904565/toyota/corolla/vic/nunawading/hatchback,2026-02-27T01:56:26,toyota_corolla_ascent_sport_hybrid_auto_hatch_zwe211r,[OK]
2019,Toyota,C-HR,Koba (2Wd),Wagon,100774,Automatic,,23290,Premium,VIC,car/14662915/toyota/c-hr/vic/laverton-north/suv,2026-02-27T01:56:26,UNCLASSIFIED,[OUT_OF_SCOPE]
2016,Toyota,Kluger,Grande (4X4),Wagon,135410,Automatic,,32990,Unleaded,VIC,car/14869311/toyota/kluger/vic/coburg-north/suv,2026-02-27T01:56:26,UNCLASSIFIED,[OUT_OF_SCOPE]
2011,Toyota,Corolla,Ascent Sport,Sedan,190321,Automatic,2026-04-03,9990,Unleaded,VIC,car/14951027/toyota/corolla/vic/thomastown/sedan,2026-02-27T01:56:26,UNCLASSIFIED,[DISALLOWED_VARIANT]
2016,Toyota,HiAce,Lwb,Van,188311,Automatic,2026-06-08,29997,Diesel,VIC,car/14819729/toyota/hiace/vic/fawkner/van,2026-02-27T01:56:26,UNCLASSIFIED,[OUT_OF_SCOPE]
2018,Toyota,Yaris,Ascent,Hatchback,54426,Automatic,,17795,Unleaded,VIC,car/14871370/toyota/yaris/vic/laverton-north/hatchback,2026-02-27T01:56:26,UNCLASSIFIED,[OUT_OF_SCOPE]
2021,Toyota,Hilux,Workmate,Cab Chassis,86151,Automatic,,35990,Unleaded,VIC,car/14678796/toyota/hilux/vic/coburg-north/single-cab,2026-02-27T01:56:26,UNCLASSIFIED,[OUT_OF_SCOPE]
2020,Toyota,Prius,ZVW55,Hatch,152961,Automatic,,20490,Hybrid,VIC,car/14919888/toyota/prius/vic/fawkner/hatchback,2026-02-27T01:56:26,UNCLASSIFIED,[OUT_OF_SCOPE]
2020,Toyota,RAV4,Gxl (2Wd),Wagon,148883,Automatic,,29990,Unleaded,VIC,car/14837788/toyota/rav4/vic/coburg-north/suv,2026-02-27T01:56:26,UNCLASSIFIED,[OUT_OF_SCOPE]
2021,Toyota,Landcruiser,Lc300 Sahara Zx (4X4),Wagon,75890,Automatic,,129950,Diesel,VIC,car/14711403/toyota/landcruiser/vic/elsternwick/suv,2026-02-27T01:56:26,UNCLASSIFIED,[OUT_OF_SCOPE]
2021,Toyota,Corolla,Ascent Sport,Sedan,69899,Automatic,,23990,Unleaded,VIC,car/14948543/toyota/corolla/vic/laverton-north/sedan,2026-02-27T01:56:26,UNCLASSIFIED,[DISALLOWED_VARIANT]
2017,Toyota,Hilux,Sr (4X4),Dual Cab Chassis,309000,Manual,2026-03-03,29990,Diesel,VIC,car/14933250/toyota/hilux/vic/tullamarine/dual-cab,2026-02-27T01:56:26,UNCLASSIFIED,[OUT_OF_SCOPE]
2018,Toyota,RAV4,Cruiser (4X4),Wagon,134339,Automatic,2026-04-30,29997,Unleaded,VIC,car/14889108/toyota/rav4/vic/fawkner/suv,2026-02-27T01:56:26,UNCLASSIFIED,[OUT_OF_SCOPE]
2019,Toyota,Kluger,Gx (4X2),Wagon,38103,Automatic,2026-06-03,38250,Unleaded,VIC,car/14894529/toyota/kluger/vic/burwood/suv,2026-02-27T01:56:26,UNCLASSIFIED,[OUT_OF_SCOPE]
2018,Toyota,Hilux,Sr5 (4X4),Double Cab Pick Up,144080,Automatic,2026-03-24,45990,Diesel,VIC,car/14814737/toyota/hilux/vic/tullamarine/dual-cab,2026-02-27T01:56:26,UNCLASSIFIED,[OUT_OF_SCOPE]
2021,Toyota,Fortuner,Gxl,Wagon,65433,Automatic,,49990,Diesel,VIC,car/14942064/toyota/fortuner/vic/nunawading/suv,2026-02-27T01:56:26,UNCLASSIFIED,[OUT_OF_SCOPE]
2016,Toyota,Hilux,Sr (4X4),Dual Cab Chassis,98700,Automatic,2026-04-19,46990,Diesel,VIC,car/14887501/toyota/hilux/vic/vermont/dual-cab,2026-02-27T01:56:26,UNCLASSIFIED,[OUT_OF_SCOPE]
2017,Toyota,HiAce,Commuter (12 Seats),Bus,82952,Automatic,,48990,Diesel,VIC,car/14119004/toyota/hiace/vic/coburg-north/people-mover,2026-02-27T01:56:26,UNCLASSIFIED,[OUT_OF_SCOPE]
2020,Toyota,Camry,Sx,Sedan,49531,Automatic,2026-01-08,32788,Unleaded,VIC,car/14888637/toyota/camry/vic/airport-west/sedan,2026-02-27T01:56:26,UNCLASSIFIED,[DISALLOWED_VARIANT]
2017,Toyota,HiAce,Commuter,Bus,80206,Automatic,,55990,Diesel,VIC,car/14509347/toyota/hiace/vic/coburg-north/people-mover,2026-02-27T01:56:26,UNCLASSIFIED,[OUT_OF_SCOPE]
2018,Toyota,HiAce,Commuter (12 Seats),Bus,37782,Automatic,,48990,Diesel,VIC,car/14835196/toyota/hiace/vic/coburg-north/people-mover,2026-02-27T01:56:26,UNCLASSIFIED,[OUT_OF_SCOPE]
2018,Toyota,Hilux,Sr5 (4X4),Dual Cab Utility,108600,Automatic,2026-04-16,43950,Diesel,VIC,car/14886261/toyota/hilux/vic/burwood/dual-cab,2026-02-27T01:56:26,UNCLASSIFIED,[OUT_OF_SCOPE]
2025,Toyota,Camry,Ascent Hybrid,Sedan,15890,Automatic,,46950,Hybrid,VIC,car/14627080/toyota/camry/vic/elsternwick/sedan,2026-02-27T01:56:26,UNCLASSIFIED,[OUT_OF_SCOPE_YEAR]
2019,Toyota,HiAce,Slwb,Van,143369,Automatic,,42990,Diesel,VIC,car/14867346/toyota/hiace/vic/coburg-north/van,2026-02-27T01:56:26,UNCLASSIFIED,[OUT_OF_SCOPE]
2018,Toyota,Yaris,Ascent,Hatchback,69112,Automatic,2026-02-28,17998,Unleaded,VIC,car/14967979/toyota/yaris/vic/airport-west/hatchback,2026-02-27T01:56:26,UNCLASSIFIED,[OUT_OF_SCOPE]
2012,Toyota,Camry,Atara S,Sedan,81262,Automatic,2026-03-11,16499,Unleaded,VIC,car/14786744/toyota/camry/vic/werribee/sedan,2026-02-27T01:56:26,UNCLASSIFIED,[DISALLOWED_VARIANT]
2018,Toyota,Corolla,Ascent Sport,Hatchback,156125,Automatic,2026-10-12,18990,Unleaded,VIC,car/14839135/toyota/corolla/vic/bentleigh/hatchback,2026-02-27T01:56:26,toyota_corolla_ascent_sport_petrol_auto_hatch_zre18x,[OK]
2023,Toyota,Hilux,Sr5 Hi-Rider (4X2),Double Cab Pick Up,86,Automatic,2026-12-22,59777,Diesel,VIC,car/14886180/toyota/hilux/vic/heidelberg/dual-cab,2026-02-27T01:56:26,UNCLASSIFIED,[OUT_OF_SCOPE]
2012,Toyota,Crown,MAJESTA (HYBRID),Sedan,116104,Automatic,,23999,Hybrid,VIC,car/14411997/toyota/crown/vic/cranbourne-west/limousine,2026-02-27T01:56:26,UNCLASSIFIED,[OUT_OF_SCOPE]
2020,Toyota,RAV4,Gx (2Wd),Wagon,26635,Automatic,2026-04-03,34888,Unleaded,VIC,car/14838618/toyota/rav4/vic/burwood/suv,2026-02-27T01:56:26,UNCLASSIFIED,[OUT_OF_SCOPE]
2016,Toyota,RAV4,Gx (4X4),Wagon,150239,Automatic,2026-06-30,21990,Diesel,VIC,car/14948024/toyota/rav4/vic/brighton/suv,2026-02-27T01:56:26,UNCLASSIFIED,[OUT_OF_SCOPE]
2014,Toyota,Corolla,Ascent Sport,Hatchback,109803,Manual,,16990,Unleaded,VIC,car/14832915/toyota/corolla/vic/coburg-north/hatchback,2026-02-27T01:56:26,UNCLASSIFIED,[OUT_OF_SCOPE]
2016,Toyota,Landcruiser Prado,Gxl (4X4),Wagon,109733,Automatic,,48990,Diesel,VIC,car/14930659/toyota/landcruiser-prado/vic/nunawading/suv,2026-02-27T01:56:26,UNCLASSIFIED,[OUT_OF_SCOPE]
2015,Toyota,Kluger,Grande (4X4),Wagon,132359,Automatic,,26777,Unleaded,VIC,car/14784315/toyota/kluger/vic/elsternwick/suv,2026-02-27T01:56:26,UNCLASSIFIED,[OUT_OF_SCOPE]
2018,Toyota,Landcruiser Prado,Gxl (4X4),Wagon,79827,Automatic,2026-02-01,56944,Diesel,VIC,car/14872653/toyota/landcruiser-prado/vic/bundoora/suv,2026-02-27T01:56:26,UNCLASSIFIED,[OUT_OF_SCOPE]
2008,Toyota,Kluger,Kx-R (Fwd) 7 Seat,Wagon,172000,Automatic,,12500,Unleaded,VIC,car/14805515/toyota/kluger/vic/dandenong/suv,2026-02-27T01:56:26,UNCLASSIFIED,[OUT_OF_SCOPE]
2017,Toyota,Landcruiser Prado,Gxl (4X4),Wagon,74183,Automatic,2026-07-31,54888,Diesel,VIC,car/14954529/toyota/landcruiser-prado/vic/deer-park/suv,2026-02-27T01:56:26,UNCLASSIFIED,[OUT_OF_SCOPE]
2025,Toyota,Fortuner,Gxl,Wagon,18579,Automatic,,63888,Diesel,VIC,car/14955242/toyota/fortuner/vic/oakleigh/suv,2026-02-27T01:56:26,UNCLASSIFIED,[OUT_OF_SCOPE]
2016,Toyota,Hilux,Workmate,Cab Chassis,213602,Manual,2026-04-17,17790,Unleaded,VIC,car/14772446/toyota/hilux/vic/bayswater/single-cab,2026-02-27T01:56:26,UNCLASSIFIED,[OUT_OF_SCOPE]
2023,Toyota,RAV4,Edge (Awd),Wagon,15917,Automatic,2026-02-28,58888,Unleaded,VIC,car/14852932/toyota/rav4/vic/deer-park/suv,2026-02-27T01:56:26,UNCLASSIFIED,[OUT_OF_SCOPE]
2019,Toyota,Camry,Ascent,Sedan,86220,Automatic,2026-05-08,29777,Unleaded,VIC,car/14887578/toyota/camry/vic/heidelberg/sedan,2026-02-27T01:56:26,toyota_camry_ascent_petrol_auto_sedan_asv70r,[OK]
2007,Toyota,Corolla,Conquest,Sedan,138643,Automatic,2026-01-17,12999,Unleaded,VIC,car/14811816/toyota/corolla/vic/werribee/sedan,2026-02-27T01:56:26,UNCLASSIFIED,[AMBIG_BADGE]
2021,Toyota,RAV4,Gx (2Wd),Wagon,85320,Automatic,,27490,Unleaded,VIC,car/14952048/toyota/rav4/vic/laverton-north/suv,2026-02-27T01:56:26,UNCLASSIFIED,[OUT_OF_SCOPE]
2018,Toyota,Camry,Ascent,Sedan,96254,Automatic,,24990,Unleaded,VIC,car/14826792/toyota/camry/vic/coburg-north/sedan,2026-02-27T01:56:26,toyota_camry_ascent_petrol_auto_sedan_asv70r,[OK]
2019,Toyota,Camry,Ascent Sport,Sedan,79000,Automatic,2026-07-28,26990,Unleaded,VIC,car/14803507/toyota/camry/vic/nunawading/sedan,2026-02-27T01:56:26,UNCLASSIFIED,[DISALLOWED_VARIANT]
2020,Toyota,Hilux,Sr (4X4),Double Cab Pick Up,165977,Automatic,2026-04-28,39990,Diesel,VIC,car/14954829/toyota/hilux/vic/altona-north/dual-cab,2026-02-27T01:56:26,UNCLASSIFIED,[OUT_OF_SCOPE]
2023,Toyota,Hilux,Sr5 Hi-Rider (4X2),Double Cab Pick Up,10568,Automatic,,56990,Diesel,VIC,car/14911608/toyota/hilux/vic/camberwell/dual-cab,2026-02-27T01:56:26,UNCLASSIFIED,[OUT_OF_SCOPE]
2020,Toyota,HiAce,Slwb Commuter (12 Seats),Bus,86608,Automatic,,62990,Diesel,VIC,car/14421227/toyota/hiace/vic/coburg-north/people-mover,2026-02-27T01:56:26,UNCLASSIFIED,[OUT_OF_SCOPE]
2016,Toyota,RAV4,Gx (4X4),Wagon,82508,Automatic,2026-06-30,25999,Diesel,VIC,car/14935059/toyota/rav4/vic/highett/suv,2026-02-27T01:56:26,UNCLASSIFIED,[OUT_OF_SCOPE]
2017,Toyota,Hilux,Sr5 (4X4),Dual Cab Utility,260000,Automatic,2026-03-16,34990,Diesel,VIC,car/14977930/toyota/hilux/vic/tullamarine/dual-cab,2026-02-27T01:56:26,UNCLASSIFIED,[OUT_OF_SCOPE]
2020,Toyota,RAV4,Gx Awd Hybrid,Wagon,105085,Automatic,2026-06-30,30868,Hybrid,VIC,car/14978017/toyota/rav4/vic/epping/suv,2026-02-27T01:56:26,UNCLASSIFIED,[OUT_OF_SCOPE]
2016,Toyota,Vellfire,Z,Commercial,54637,Automatic,,40988,Other,VIC,car/14846565/toyota/vellfire/vic/epping/van,2026-02-27T01:56:26,UNCLASSIFIED,[OUT_OF_SCOPE]
2023,Toyota,Supra,Gts,Coupe,36790,Manual,,89999,Premium,VIC,car/14804719/toyota/supra/vic/berwick/coupe,2026-02-27T01:56:26,UNCLASSIFIED,[OUT_OF_SCOPE]
2021,Toyota,Landcruiser Prado,Gxl,Wagon,191544,Automatic,2026-05-24,47990,Diesel,VIC,car/14940152/toyota/landcruiser-prado/vic/altona-north/suv,2026-02-27T01:56:26,UNCLASSIFIED,[OUT_OF_SCOPE]
2005,Toyota,Alphard,WELCAB,Commercial,150360,Automatic,,14990,Other,VIC,car/14939015/toyota/alphard/vic/blackburn/van,2026-02-27T01:56:26,UNCLASSIFIED,[OUT_OF_SCOPE]
2016,Toyota,Hilux,Sr5 (4X4),X Cab Utility,99383,Manual,2025-12-21,47990,Diesel,VIC,car/14681350/toyota/hilux/vic/tullamarine/extra-cab,2026-02-27T01:56:26,UNCLASSIFIED,[OUT_OF_SCOPE]
2017,Toyota,HiAce,KDH206,Commercial,159266,Automatic,,29990,Other,VIC,car/14956238/toyota/hiace/vic/epping/van,2026-02-27T01:56:26,UNCLASSIFIED,[OUT_OF_SCOPE]
2021,Toyota,Corolla,Ascent Sport Hybrid,Hatchback,37700,Automatic,,28990,Hybrid,VIC,car/14853863/toyota/corolla/vic/nunawading/hatchback,2026-02-27T01:56:26,toyota_corolla_ascent_sport_hybrid_auto_hatch_zwe211r,[OK]
2023,Toyota,Corolla Cross,Gx 2Wd,Wagon,58890,Automatic,,35950,Unleaded,VIC,car/14558275/toyota/corolla-cross/vic/elsternwick/suv,2026-02-27T01:56:26,UNCLASSIFIED,[OUT_OF_SCOPE]
2015,Toyota,Corolla,Sx,Hatchback,10564,Automatic,2026-07-17,23990,Unleaded,VIC,car/14963654/toyota/corolla/vic/oakleigh/hatchback,2026-02-27T01:56:26,UNCLASSIFIED,[DISALLOWED_VARIANT]
2022,Toyota,RAV4,Gx (Awd) Hybrid,Wagon,135055,Automatic,,36990,Hybrid,VIC,car/14861091/toyota/rav4/vic/camberwell/suv,2026-02-27T01:56:26,UNCLASSIFIED,[OUT_OF_SCOPE]
2005,Toyota,HiAce,Commuter,Bus,297800,Manual,2026-02-20,17999,Diesel,VIC,car/14587422/toyota/hiace/vic/avondale-heights/people-mover,2026-02-27T01:56:26,UNCLASSIFIED,[OUT_OF_SCOPE]
2019,Toyota,RAV4,Gx (2Wd),Wagon,89737,Automatic,,29090,Unleaded,VIC,car/14938043/toyota/rav4/vic/laverton-north/suv,2026-02-27T01:56:26,UNCLASSIFIED,[OUT_OF_SCOPE]
2019,Toyota,HiAce,TRH200,OtherCar,68724,Automatic,,34500,Other,VIC,car/14956235/toyota/hiace/vic/epping/othercar,2026-02-27T01:56:26,UNCLASSIFIED,[OUT_OF_SCOPE]
2024,Toyota,Camry,Ascent,Sedan,37186,Automatic,,36990,Premium,VIC,car/14602094/toyota/camry/vic/elsternwick/sedan,2026-02-27T01:56:26,UNCLASSIFIED,[OUT_OF_SCOPE_YEAR]
2022,Toyota,Hilux,Sr5 (4X4),X Cab Pickup,23936,Automatic,,61888,Diesel,VIC,car/14940699/toyota/hilux/vic/oakleigh/extra-cab,2026-02-27T01:56:26,UNCLASSIFIED,[OUT_OF_SCOPE]
2025,Toyota,Corolla Cross,Gx 2Wd Hybrid,Wagon,10710,Automatic,,42990,Hybrid,VIC,car/14955644/toyota/corolla-cross/vic/nunawading/suv,2026-02-27T01:56:26,UNCLASSIFIED,[OUT_OF_SCOPE]
2006,Toyota,Crown,,Sedan,51800,Automatic,,17490,Premium,VIC,car/14810650/toyota/crown/vic/cranbourne-west/limousine,2026-02-27T01:56:26,UNCLASSIFIED,[OUT_OF_SCOPE]
2021,Toyota,Hilux,Sr Hi-Rider,Double Cab Pick Up,70153,Automatic,,43888,Diesel,VIC,car/14970643/toyota/hilux/vic/oakleigh/dual-cab,2026-02-27T01:56:26,UNCLASSIFIED,[OUT_OF_SCOPE]
2024,Toyota,Corolla,Ascent Sport Hybrid,Hatchback,14807,Automatic,2026-08-13,35777,Hybrid,VIC,car/14961956/toyota/corolla/vic/heidelberg/hatchback,2026-02-27T01:56:26,toyota_corolla_ascent_sport_hybrid_auto_hatch_zwe219r,[OK]
2025,Toyota,YARIS CROSS HYBRID,YARIS CROSS HYBRID GXL 1.5L AUTO CVT HATCH,Hatch,4706,,2026-09-30,37990,Hybrid,VIC,car/14974801/toyota/yaris-cross-hybrid/vic/camberwell/hatchback,2026-02-27T01:56:26,UNCLASSIFIED,[OUT_OF_SCOPE]
2021,Toyota,HiAce,Slwb Commuter (12 Seats),Bus,123456,Automatic,,56998,Diesel,VIC,car/14970941/toyota/hiace/vic/airport-west/people-mover,2026-02-27T01:56:26,UNCLASSIFIED,[OUT_OF_SCOPE]
2022,Toyota,GR Yaris,Gr,Hatchback,30481,Manual,2026-02-28,45880,Premium,VIC,car/14860290/toyota/gr-yaris/vic/deer-park/hatchback,2026-02-27T01:56:26,UNCLASSIFIED,[OUT_OF_SCOPE]
2022,Toyota,Yaris Cross,Gx Hybrid,Wagon,62287,Automatic,2026-05-29,31788,Hybrid,VIC,car/14962392/toyota/yaris-cross/vic/airport-west/suv,2026-02-27T01:56:26,UNCLASSIFIED,[OUT_OF_SCOPE]
2024,Toyota,Corolla,Ascent Sport Hybrid,Sedan,52828,Automatic,,30444,Hybrid,VIC,car/14912904/toyota/corolla/vic/bundoora/sedan,2026-02-27T01:56:26,UNCLASSIFIED,[OUT_OF_SCOPE]
2024,Toyota,Yaris Cross,Gx Hybrid,Wagon,7703,Automatic,2026-03-22,36990,Hybrid,VIC,car/14960947/toyota/yaris-cross/vic/camberwell/suv,2026-02-27T01:56:26,UNCLASSIFIED,[OUT_OF_SCOPE]
2018,Toyota,HiAce,Commuter (12 Seats),Bus,176282,Automatic,,52990,Diesel,VIC,car/14974572/toyota/hiace/vic/coburg-north/people-mover,2026-02-27T01:56:26,UNCLASSIFIED,[OUT_OF_SCOPE]
2024,Toyota,Corolla,Ascent Sport Hybrid,Hatchback,49305,Automatic,2026-04-27,31888,Hybrid,VIC,car/14923341/toyota/corolla/vic/laverton-north/hatchback,2026-02-27T01:56:26,toyota_corolla_ascent_sport_hybrid_auto_hatch_zwe219r,[OK]
2024,Toyota,Corolla,Ascent Sport,Sedan,43939,Automatic,,27450,Unleaded,VIC,car/14931717/toyota/corolla/vic/moorabbin/sedan,2026-02-27T01:56:26,UNCLASSIFIED,[DISALLOWED_VARIANT]
2022,Toyota,Corolla,Ascent Sport Hybrid,Sedan,66536,Automatic,,27990,Hybrid,VIC,car/14965117/toyota/corolla/vic/coburg-north/sedan,2026-02-27T01:56:26,UNCLASSIFIED,[OUT_OF_SCOPE]
2020,Toyota,Corolla,TOURING (HYBRID) ZWE211W,SUV,106000,Automatic,,20990,Hybrid,VIC,car/14970259/toyota/corolla/vic/fawkner/suv,2026-02-27T01:56:26,UNCLASSIFIED,[OUT_OF_SCOPE]
2022,Toyota,RAV4,Gx (Awd) Hybrid,Wagon,113337,Automatic,2026-02-28,35880,Hybrid,VIC,car/14840804/toyota/rav4/vic/deer-park/suv,2026-02-27T01:56:26,UNCLASSIFIED,[OUT_OF_SCOPE]
2016,Toyota,Hilux,Sr5 (4X4),Dual Cab Utility,138051,Automatic,,44888,Diesel,VIC,car/14952423/toyota/hilux/vic/laverton-north/dual-cab,2026-02-27T01:56:26,UNCLASSIFIED,[OUT_OF_SCOPE]
2022,Toyota,C-HR,Gxl (2Wd),Wagon,110920,Automatic,2026-05-03,26444,Premium,VIC,car/14851789/toyota/c-hr/vic/bundoora/suv,2026-02-27T01:56:26,UNCLASSIFIED,[OUT_OF_SCOPE]
2018,Toyota,HiAce,Commuter,Bus,98000,Automatic,2026-06-29,44990,Diesel,VIC,car/14822255/toyota/hiace/vic/nunawading/people-mover,2026-02-27T01:56:26,UNCLASSIFIED,[OUT_OF_SCOPE]
2023,Toyota,HiAce,Lwb,Van,13589,Automatic,2026-04-16,55990,Diesel,VIC,car/14960946/toyota/hiace/vic/camberwell/van,2026-02-27T01:56:26,UNCLASSIFIED,[OUT_OF_SCOPE]
2023,Toyota,Yaris,Ascent Sport,Hatchback,59517,Automatic,,23090,Unleaded,VIC,car/14938051/toyota/yaris/vic/laverton-north/hatchback,2026-02-27T01:56:26,UNCLASSIFIED,[OUT_OF_SCOPE]
2012,Toyota,Hilux,Sr,Dual Cab Pick-up,304000,Manual,,14999,Diesel,VIC,car/14547116/toyota/hilux/vic/brooklyn/dual-cab,2026-02-27T01:56:26,UNCLASSIFIED,[OUT_OF_SCOPE]
2020,Toyota,Corolla,Ascent Sport (Hybrid),Sedan,39147,Automatic,,28990,Hybrid,VIC,car/14962369/toyota/corolla/vic/coburg-north/sedan,2026-02-27T01:56:26,UNCLASSIFIED,[OUT_OF_SCOPE]
2022,Toyota,RAV4,Edge (Awd),Wagon,86390,Automatic,,44888,Unleaded,VIC,car/14955239/toyota/rav4/vic/oakleigh/suv,2026-02-27T01:56:26,UNCLASSIFIED,[OUT_OF_SCOPE]
2009,Toyota,Crown,ATHLETE,Sedan,93189,Automatic,,22990,Other,VIC,car/14969323/toyota/crown/vic/epping/limousine,2026-02-27T01:56:26,UNCLASSIFIED,[OUT_OF_SCOPE]
2023,Toyota,Kluger,Gxl 2Wd,Wagon,82801,Automatic,2027-01-31,49990,Unleaded,VIC,car/14957343/toyota/kluger/vic/camberwell/suv,2026-02-27T01:56:26,UNCLASSIFIED,[OUT_OF_SCOPE]
2023,Toyota,Corolla,Ascent Sport Hybrid,Hatchback,18614,Automatic,,33990,Hybrid,VIC,car/14937933/toyota/corolla/vic/nunawading/hatchback,2026-02-27T01:56:26,UNCLASSIFIED,[OUT_OF_SCOPE_YEAR]
2023,Toyota,RAV4,Gx (2Wd),Wagon,47061,Automatic,,38990,Unleaded,VIC,car/14927750/toyota/rav4/vic/camberwell/suv,2026-02-27T01:56:26,UNCLASSIFIED,[OUT_OF_SCOPE]
2023,Toyota,Landcruiser,Lc300 Gxl (4X4),Wagon,64939,Automatic,2026-06-22,103555,Diesel,VIC,car/14881174/toyota/landcruiser/vic/heidelberg/suv,2026-02-27T01:56:26,UNCLASSIFIED,[OUT_OF_SCOPE]
2022,Toyota,Corolla,Ascent Sport Hybrid,Sedan,90803,Automatic,2026-05-15,27995,Hybrid,VIC,car/14925342/toyota/corolla/vic/burwood/sedan,2026-02-27T01:56:26,UNCLASSIFIED,[OUT_OF_SCOPE]
2021,Toyota,RAV4,Gxl (2Wd) Hybrid,Wagon,15005,Automatic,,44490,Hybrid,VIC,car/14832832/toyota/rav4/vic/camberwell/suv,2026-02-27T01:56:26,UNCLASSIFIED,[OUT_OF_SCOPE]
2023,Toyota,RAV4,Gx (2Wd),Wagon,48186,Automatic,,38990,Unleaded,VIC,car/14930876/toyota/rav4/vic/camberwell/suv,2026-02-27T01:56:26,UNCLASSIFIED,[OUT_OF_SCOPE]
2023,Toyota,Corolla,Ascent Sport Hybrid,Hatchback,20866,Automatic,,33990,Hybrid,VIC,car/14937931/toyota/corolla/vic/nunawading/hatchback,2026-02-27T01:56:26,UNCLASSIFIED,[OUT_OF_SCOPE_YEAR]
2022,Toyota,RAV4,Gx (Awd) Hybrid,Wagon,96290,Automatic,,38990,Hybrid,VIC,car/14955639/toyota/rav4/vic/nunawading/suv,2026-02-27T01:56:26,UNCLASSIFIED,[OUT_OF_SCOPE]
2021,Toyota,Hilux,Sr5 (4X4),Double Cab Pick Up,156000,Automatic,2026-06-21,44999,Diesel,VIC,car/14947861/toyota/hilux/vic/oakleigh/dual-cab,2026-02-27T01:56:26,UNCLASSIFIED,[OUT_OF_SCOPE]
2022,Toyota,RAV4,Gxl (2Wd) Hybrid,Wagon,56839,Automatic,2026-07-14,42990,Hybrid,VIC,car/14911616/toyota/rav4/vic/camberwell/suv,2026-02-27T01:56:26,UNCLASSIFIED,[OUT_OF_SCOPE]
2020,Toyota,RAV4,Gxl 2Wd Hybrid,Wagon,70864,Automatic,2026-07-22,38990,Hybrid,VIC,car/14961310/toyota/rav4/vic/camberwell/suv,2026-02-27T01:56:26,UNCLASSIFIED,[OUT_OF_SCOPE]
2013,Toyota,Camry,Atara Sl,Sedan,141678,Automatic,,19990,Unleaded,VIC,car/14945989/toyota/camry/vic/nunawading/sedan,2026-02-27T01:56:26,UNCLASSIFIED,[DISALLOWED_VARIANT]
2024,Toyota,C-HR,Koba Hybrid,Wagon,13284,Automatic,,53388,Hybrid,VIC,car/14941785/toyota/c-hr/vic/oakleigh/suv,2026-02-27T01:56:26,UNCLASSIFIED,[OUT_OF_SCOPE]
2020,Toyota,RAV4,Edge (Awd),Wagon,68245,Automatic,,38690,Unleaded,VIC,car/14902655/toyota/rav4/vic/laverton-north/suv,2026-02-27T01:56:26,UNCLASSIFIED,[OUT_OF_SCOPE]
2020,Toyota,HiAce,Lwb Gl (Colours),Van,53972,Automatic,2026-07-30,49777,Diesel,VIC,car/14939829/toyota/hiace/vic/heidelberg/van,2026-02-27T01:56:26,UNCLASSIFIED,[OUT_OF_SCOPE]
2021,Toyota,RAV4,Gx (2Wd) Hybrid,Wagon,61878,Automatic,2026-07-05,38444,Hybrid,VIC,car/14848287/toyota/rav4/vic/bundoora/suv,2026-02-27T01:56:26,UNCLASSIFIED,[OUT_OF_SCOPE]
2021,Toyota,Fortuner,Gx,Wagon,87960,Automatic,,46990,Diesel,VIC,car/14881856/toyota/fortuner/vic/camberwell/suv,2026-02-27T01:56:26,UNCLASSIFIED,[OUT_OF_SCOPE]
2022,Toyota,RAV4,Gx (2Wd) Hybrid,Wagon,91300,Automatic,,38888,Hybrid,VIC,car/14970889/toyota/rav4/vic/oakleigh/suv,2026-02-27T01:56:26,UNCLASSIFIED,[OUT_OF_SCOPE]
2024,Toyota,Hilux,Rogue 48V (4X4),Double Cab Pick Up,26123,Automatic,,67795,Hybrid,VIC,car/14916531/toyota/hilux/vic/laverton-north/dual-cab,2026-02-27T01:56:26,UNCLASSIFIED,[OUT_OF_SCOPE]
2020,Toyota,RAV4,Gx Awd Hybrid,Wagon,35256,Automatic,2026-08-29,41788,Hybrid,VIC,car/14887527/toyota/rav4/vic/airport-west/suv,2026-02-27T01:56:26,UNCLASSIFIED,[OUT_OF_SCOPE]
2022,Toyota,RAV4,Gx (Awd) Hybrid,Wagon,92199,Automatic,2026-02-04,41888,Hybrid,VIC,car/14927240/toyota/rav4/vic/deer-park/suv,2026-02-27T01:56:26,UNCLASSIFIED,[OUT_OF_SCOPE]
2024,Toyota,Corolla Cross,Gx 2Wd,Wagon,21447,Automatic,2026-07-22,39555,Unleaded,VIC,car/14913961/toyota/corolla-cross/vic/heidelberg/suv,2026-02-27T01:56:26,UNCLASSIFIED,[OUT_OF_SCOPE]
2022,Toyota,Corolla,Ascent Sport Hybrid,Hatchback,26829,Automatic,,31999,Hybrid,VIC,car/14939793/toyota/corolla/vic/oakleigh/hatchback,2026-02-27T01:56:26,toyota_corolla_ascent_sport_hybrid_auto_hatch_zwe211r,[OK]
2020,Toyota,Camry,Ascent,Sedan,126767,Automatic,2026-05-18,27895,Unleaded,VIC,car/14923033/toyota/camry/vic/burwood/sedan,2026-02-27T01:56:26,toyota_camry_ascent_petrol_auto_sedan_asv70r,[OK]
2022,Toyota,Corolla,Ascent Sport Hybrid,Hatchback,23525,Automatic,2026-05-11,31777,Hybrid,VIC,car/14926334/toyota/corolla/vic/heidelberg/hatchback,2026-02-27T01:56:26,toyota_corolla_ascent_sport_hybrid_auto_hatch_zwe211r,[OK]
2020,Toyota,Corolla,Ascent Sport (Hybrid),Hatchback,39632,Automatic,2026-08-13,29555,Hybrid,VIC,car/14970090/toyota/corolla/vic/heidelberg/hatchback,2026-02-27T01:56:26,toyota_corolla_ascent_sport_hybrid_auto_hatch_zwe211r,[OK]
2017,Toyota,Corolla,Hybrid,Hatchback,69449,Automatic,,23888,Hybrid,VIC,car/14970200/toyota/corolla/vic/oakleigh/hatchback,2026-02-27T01:56:26,UNCLASSIFIED,[AMBIG_BADGE]
2023,Toyota,HiAce,GDH201,Commercial,52087,Automatic,,44900,Other,VIC,car/14956236/toyota/hiace/vic/epping/van,2026-02-27T01:56:26,UNCLASSIFIED,[OUT_OF_SCOPE]
2023,Toyota,Yaris Cross,Gx Hybrid,Wagon,11536,Automatic,2026-09-04,36990,Hybrid,VIC,car/14948537/toyota/yaris-cross/vic/camberwell/suv,2026-02-27T01:56:26,UNCLASSIFIED,[OUT_OF_SCOPE]
2019,Toyota,RAV4,Cruiser 2Wd Hybrid,Wagon,71367,Automatic,2026-05-02,38777,Hybrid,VIC,car/14969042/toyota/rav4/vic/heidelberg/suv,2026-02-27T01:56:26,UNCLASSIFIED,[OUT_OF_SCOPE]
2022,Toyota,Corolla,Ascent Sport Hybrid,Hatchback,68427,Automatic,2026-02-28,30888,Hybrid,VIC,car/14938267/toyota/corolla/vic/deer-park/hatchback,2026-02-27T01:56:26,toyota_corolla_ascent_sport_hybrid_auto_hatch_zwe211r,[OK]
2022,Toyota,RAV4,Gx (2Wd) Hybrid,Wagon,43491,Automatic,,42990,Hybrid,VIC,car/14913604/toyota/rav4/vic/nunawading/suv,2026-02-27T01:56:26,UNCLASSIFIED,[OUT_OF_SCOPE]
2023,Toyota,Corolla,Zr Hybrid,Hatchback,29258,Automatic,2026-05-09,39777,Hybrid,VIC,car/14970561/toyota/corolla/vic/heidelberg/hatchback,2026-02-27T01:56:26,UNCLASSIFIED,[DISALLOWED_VARIANT]
2019,Toyota,RAV4,Gxl 2Wd Hybrid,Wagon,31356,Automatic,2026-08-13,39777,Hybrid,VIC,car/14969194/toyota/rav4/vic/heidelberg/suv,2026-02-27T01:56:26,UNCLASSIFIED,[OUT_OF_SCOPE]
2024,Toyota,Corolla,Zr Hybrid,Hatchback,3928,Automatic,,45888,Hybrid,VIC,car/14955238/toyota/corolla/vic/oakleigh/hatchback,2026-02-27T01:56:26,UNCLASSIFIED,[DISALLOWED_VARIANT]
2022,Toyota,RAV4,Gx (2Wd) Hybrid,Wagon,34999,Automatic,,42990,Hybrid,VIC,car/14918005/toyota/rav4/vic/nunawading/suv,2026-02-27T01:56:26,UNCLASSIFIED,[OUT_OF_SCOPE]
2017,Toyota,Prius-C,Hybrid,Hatchback,106052,Automatic,,19990,Hybrid,VIC,car/14920613/toyota/prius-c/vic/coburg-north/hatchback,2026-02-27T01:56:26,UNCLASSIFIED,[OUT_OF_SCOPE]
2022,Toyota,Kluger,Gx 2Wd,Wagon,55224,Automatic,2026-08-01,47888,Unleaded,VIC,car/14954952/toyota/kluger/vic/deer-park/suv,2026-02-27T01:56:26,UNCLASSIFIED,[OUT_OF_SCOPE]
2023,Toyota,Hilux,Gr-Sport (4X4),Double Cab Pick Up,81129,Automatic,,72888,Diesel,VIC,car/14917592/toyota/hilux/vic/deer-park/dual-cab,2026-02-27T01:56:26,UNCLASSIFIED,[OUT_OF_SCOPE]
2024,Toyota,Kluger,Gx Hybrid Awd,Wagon,19111,Automatic,,59790,Hybrid,VIC,car/14847094/toyota/kluger/vic/camberwell/suv,2026-02-27T01:56:26,UNCLASSIFIED,[OUT_OF_SCOPE]
2021,Toyota,C-HR,Gxl (2Wd),Wagon,111275,Automatic,,23990,Premium,VIC,car/14913607/toyota/c-hr/vic/nunawading/suv,2026-02-27T01:56:26,UNCLASSIFIED,[OUT_OF_SCOPE]
2019,Toyota,Landcruiser,Lc200 Vx (4X4),Wagon,100828,Automatic,2026-07-02,102888,Diesel,VIC,car/14965533/toyota/landcruiser/vic/oakleigh/suv,2026-02-27T01:56:26,UNCLASSIFIED,[OUT_OF_SCOPE]
2023,Toyota,Hilux,Sr (4X4),Cab Chassis,89000,Automatic,2026-03-30,45888,Diesel,VIC,car/14954960/toyota/hilux/vic/deer-park/single-cab,2026-02-27T01:56:26,UNCLASSIFIED,[OUT_OF_SCOPE]
2022,Toyota,Camry,Ascent,Sedan,55790,Automatic,2026-01-20,34990,Premium,VIC,car/14955224/toyota/camry/vic/brighton/sedan,2026-02-27T01:56:26,toyota_camry_ascent_petrol_auto_sedan_asv70r,[OK]
2020,Toyota,C-HR,Koba (2Wd) Hybrid,Wagon,61824,Automatic,,34990,Hybrid,VIC,car/14943506/toyota/c-hr/vic/camberwell/suv,2026-02-27T01:56:26,UNCLASSIFIED,[OUT_OF_SCOPE]
2019,Toyota,Corolla,Ascent Sport (Hybrid),Sedan,110450,Automatic,2026-05-28,28888,Hybrid,VIC,car/14957969/toyota/corolla/vic/deer-park/sedan,2026-02-27T01:56:26,UNCLASSIFIED,[OUT_OF_SCOPE]
2024,Toyota,Corolla Cross,Gxl 2Wd Hybrid,Wagon,26413,Automatic,,47990,Hybrid,VIC,car/14937450/toyota/corolla-cross/vic/camberwell/suv,2026-02-27T01:56:26,UNCLASSIFIED,[OUT_OF_SCOPE]
2022,Toyota,Kluger,Gx Hybrid Awd,Wagon,33022,Automatic,,52888,Hybrid,VIC,car/14969756/toyota/kluger/vic/oakleigh/suv,2026-02-27T01:56:26,UNCLASSIFIED,[OUT_OF_SCOPE]
2023,Toyota,RAV4,Gx (2Wd) Hybrid,Wagon,103507,Automatic,,38888,Hybrid,VIC,car/14954963/toyota/rav4/vic/deer-park/suv,2026-02-27T01:56:26,UNCLASSIFIED,[OUT_OF_SCOPE]
2021,Toyota,Corolla,Ascent Sport Hybrid,Hatchback,131517,Automatic,2026-03-01,25888,Hybrid,VIC,car/14954955/toyota/corolla/vic/deer-park/hatchback,2026-02-27T01:56:26,toyota_corolla_ascent_sport_hybrid_auto_hatch_zwe211r,[OK]
2024,Toyota,Corolla,Ascent Sport Hybrid,Hatchback,51586,Automatic,,30444,Hybrid,VIC,car/14858229/toyota/corolla/vic/bundoora/hatchback,2026-02-27T01:56:26,toyota_corolla_ascent_sport_hybrid_auto_hatch_zwe219r,[OK]
2019,Toyota,HiAce,Lwb,Van,110761,Automatic,2026-02-28,47888,Diesel,VIC,car/14929759/toyota/hiace/vic/deer-park/van,2026-02-27T01:56:26,UNCLASSIFIED,[OUT_OF_SCOPE]
2019,Toyota,RAV4,Gx (2Wd),Wagon,97452,Automatic,,32990,Unleaded,VIC,car/14938055/toyota/rav4/vic/nunawading/suv,2026-02-27T01:56:26,UNCLASSIFIED,[OUT_OF_SCOPE]
2022,Toyota,Kluger,Grande Hybrid Awd,Wagon,65620,Automatic,2026-11-04,61777,Hybrid,VIC,car/14897642/toyota/kluger/vic/heidelberg/suv,2026-02-27T01:56:26,UNCLASSIFIED,[OUT_OF_SCOPE]
2010,Toyota,Camry,Altise,Sedan,148350,Automatic,2026-09-30,9990,Unleaded,VIC,car/14954946/toyota/camry/vic/dandenong/sedan,2026-02-27T01:56:26,UNCLASSIFIED,[AMBIG_BADGE]
2020,Toyota,Crown,SC PACKAGE,Sedan,105794,Automatic,,31995,Hybrid,VIC,car/14957888/toyota/crown/vic/mordialloc/limousine,2026-02-27T01:56:26,UNCLASSIFIED,[OUT_OF_SCOPE]
2007,Toyota,Landcruiser,Sahara (4X4),Wagon,198617,Automatic,2026-03-09,46990,Diesel,VIC,car/14963687/toyota/landcruiser/vic/ringwood/suv,2026-02-27T01:56:26,UNCLASSIFIED,[OUT_OF_SCOPE]
2024,Toyota,Kluger,Gx Awd,Wagon,45175,Automatic,,51880,Unleaded,VIC,car/14954953/toyota/kluger/vic/deer-park/suv,2026-02-27T01:56:26,UNCLASSIFIED,[OUT_OF_SCOPE]
2009,Toyota,RAV4,Cv (4X4),Wagon,179225,Automatic,2026-07-06,12999,Unleaded,VIC,car/14936275/toyota/rav4/vic/altona-north/suv,2026-02-27T01:56:26,UNCLASSIFIED,[OUT_OF_SCOPE]
2019,Toyota,Yaris,Zr,Hatchback,23274,Automatic,,21195,Unleaded,VIC,car/14869038/toyota/yaris/vic/laverton-north/hatchback,2026-02-27T01:56:26,UNCLASSIFIED,[OUT_OF_SCOPE]
2025,Toyota,Yaris,Ascent Sport Hybrid,Hatchback,2226,Automatic,,32888,Hybrid,VIC,car/14955240/toyota/yaris/vic/oakleigh/hatchback,2026-02-27T01:56:26,UNCLASSIFIED,[OUT_OF_SCOPE]
2019,Toyota,Camry,Ascent,Sedan,42445,Automatic,2026-09-27,27990,Unleaded,VIC,car/14854293/toyota/camry/vic/camberwell/sedan,2026-02-27T01:56:26,toyota_camry_ascent_petrol_auto_sedan_asv70r,[OK]
2016,Toyota,RAV4,Gxl (2Wd),Wagon,104954,Automatic,,25990,Unleaded,VIC,car/14925845/toyota/rav4/vic/nunawading/suv,2026-02-27T01:56:26,UNCLASSIFIED,[OUT_OF_SCOPE]
2023,Toyota,Camry,Ascent,Sedan,57448,Automatic,2026-02-28,35888,Premium,VIC,car/14844064/toyota/camry/vic/deer-park/sedan,2026-02-27T01:56:26,UNCLASSIFIED,[OUT_OF_SCOPE_YEAR]
2024,Toyota,Corolla Cross,Gx 2Wd,Wagon,25277,Automatic,2026-06-22,37777,Unleaded,VIC,car/14872668/toyota/corolla-cross/vic/heidelberg/suv,2026-02-27T01:56:26,UNCLASSIFIED,[OUT_OF_SCOPE]
2019,Toyota,Hilux,Sr Hi-Rider,Double Cab Pick Up,167155,Automatic,,36990,Diesel,VIC,car/14849041/toyota/hilux/vic/coburg-north/dual-cab,2026-02-27T01:56:26,UNCLASSIFIED,[OUT_OF_SCOPE]
2023,Toyota,Kluger,Gxl Hybrid Awd,Wagon,26294,Automatic,,64888,Hybrid,VIC,car/14954527/toyota/kluger/vic/deer-park/suv,2026-02-27T01:56:26,UNCLASSIFIED,[OUT_OF_SCOPE]
2025,Toyota,Corolla Cross,Atmos Awd Hybrid,Wagon,12667,Automatic,,55888,Hybrid,VIC,car/14957424/toyota/corolla-cross/vic/oakleigh/suv,2026-02-27T01:56:26,UNCLASSIFIED,[OUT_OF_SCOPE]
2016,Toyota,Camry,Atara S,Sedan,79896,Automatic,2026-11-18,22250,Unleaded,VIC,car/14912825/toyota/camry/vic/burwood/sedan,2026-02-27T01:56:26,UNCLASSIFIED,[DISALLOWED_VARIANT]
2022,Toyota,Kluger,Grande Hybrid Awd,Wagon,70592,Automatic,2026-08-05,61777,Hybrid,VIC,car/14957338/toyota/kluger/vic/heidelberg/suv,2026-02-27T01:56:26,UNCLASSIFIED,[OUT_OF_SCOPE]
2023,Toyota,Camry,Ascent,Sedan,78472,Automatic,2025-12-07,35880,Premium,VIC,car/14844022/toyota/camry/vic/deer-park/sedan,2026-02-27T01:56:26,UNCLASSIFIED,[OUT_OF_SCOPE_YEAR]
2022,Toyota,Hilux,Sr (4X4),Double Cab Pick Up,103863,Automatic,,48888,Diesel,VIC,car/14954959/toyota/hilux/vic/deer-park/dual-cab,2026-02-27T01:56:26,UNCLASSIFIED,[OUT_OF_SCOPE]
2004,Toyota,Camry,ALTISE,Sedan,249762,Automatic,2026-06-17,5999,Unleaded,VIC,car/14904599/toyota/camry/vic/hoppers-crossing/limousine,2026-02-27T01:56:26,UNCLASSIFIED,[AMBIG_BADGE]
2005,Toyota,RAV4,Cruiser (4X4),Wagon,278197,Automatic,2026-03-27,6888,Unleaded,VIC,car/14940063/toyota/rav4/vic/ringwood/suv,2026-02-27T01:56:26,UNCLASSIFIED,[OUT_OF_SCOPE]
2014,Toyota,Kluger,Grande (4X4),Wagon,149666,Automatic,,25980,Unleaded,VIC,car/14884958/toyota/kluger/vic/springvale/suv,2026-02-27T01:56:26,UNCLASSIFIED,[OUT_OF_SCOPE]
2008,Toyota,Landcruiser Prado,GRANDE 4X4,SUV,353768,Automatic,2026-04-23,15990,Diesel,VIC,car/14928987/toyota/landcruiser-prado/vic/ringwood/suv,2026-02-27T01:56:26,UNCLASSIFIED,[OUT_OF_SCOPE]
2018,Toyota,Landcruiser Prado,Gxl (4X4),Wagon,102907,Automatic,2026-03-11,57970,Diesel,VIC,car/14967209/toyota/landcruiser-prado/vic/keysborough/suv,2026-02-27T01:56:26,UNCLASSIFIED,[OUT_OF_SCOPE]
2012,Toyota,Landcruiser Prado,Altitude (4X4),Wagon,243633,Automatic,2026-10-15,29990,Diesel,VIC,car/14902575/toyota/landcruiser-prado/vic/bayswater/suv,2026-02-27T01:56:26,UNCLASSIFIED,[OUT_OF_SCOPE]
2010,Toyota,Hilux,Workmate,Cab Chassis,236000,Manual,2026-09-29,12999,Unleaded,VIC,car/14948245/toyota/hilux/vic/ringwood/single-cab,2026-02-27T01:56:26,UNCLASSIFIED,[OUT_OF_SCOPE]
2018,Toyota,Hilux,Sr5+ (4X4),Dual Cab Utility,144345,Automatic,,39990,Diesel,VIC,car/14835969/toyota/hilux/vic/springvale/dual-cab,2026-02-27T01:56:26,UNCLASSIFIED,[OUT_OF_SCOPE]
1991,Toyota,Landcruiser,Sahara (4X4),Wagon,206577,Automatic,,27999,Unleaded,VIC,car/14922249/toyota/landcruiser/vic/bayswater-north/suv,2026-02-27T01:56:26,UNCLASSIFIED,[OUT_OF_SCOPE]
2004,Toyota,Camry,Altise,Sedan,163047,Automatic,,6990,Unleaded,VIC,car/14948322/toyota/camry/vic/dingley-village/sedan,2026-02-27T01:56:26,UNCLASSIFIED,[AMBIG_BADGE]
2019,Toyota,Hilux,Sr5 (4X4),Double Cab Pick Up,44531,Automatic,2026-06-23,57480,Diesel,VIC,car/14959854/toyota/hilux/vic/south-morang/dual-cab,2026-02-27T01:56:26,UNCLASSIFIED,[OUT_OF_SCOPE]
2017,Toyota,Corolla,Fielder (Hybrid),Wagon,211150,,,10999,,VIC,car/14959072/toyota/corolla/vic/dandenong/wagon,2026-02-27T01:56:26,UNCLASSIFIED,[OUT_OF_SCOPE]
2006,Toyota,Estima,Aeras G,Wagon,112528,,,11990,,VIC,car/14961917/toyota/estima/vic/dingley-village/wagon,2026-02-27T01:56:26,UNCLASSIFIED,[OUT_OF_SCOPE]
2005,Toyota,Corolla,Conquest Seca,Hatchback,192043,Automatic,,6300,Unleaded,VIC,car/14948323/toyota/corolla/vic/dingley-village/hatchback,2026-02-27T01:56:26,UNCLASSIFIED,[AMBIG_BADGE]
2015,Toyota,Hilux,Workmate,Cab Chassis,121258,Automatic,2026-05-26,19999,Unleaded,VIC,car/14932925/toyota/hilux/vic/werribee/single-cab,2026-02-27T01:56:26,UNCLASSIFIED,[OUT_OF_SCOPE]
2003,Toyota,Landcruiser Prado,Grande (4X4),Wagon,438810,Automatic,2026-04-26,12990,Unleaded,VIC,car/14830069/toyota/landcruiser-prado/vic/ringwood/suv,2026-02-27T01:56:26,UNCLASSIFIED,[OUT_OF_SCOPE]
2014,Toyota,Kluger,Gx (4X2),Wagon,154468,Automatic,2026-03-26,20000,Unleaded,VIC,car/14916925/toyota/kluger/vic/dandenong/suv,2026-02-27T01:56:26,UNCLASSIFIED,[OUT_OF_SCOPE]
2002,Toyota,Camry,Ateva,Sedan,170466,Automatic,,6250,Unleaded,VIC,car/14967605/toyota/camry/vic/dingley-village/sedan,2026-02-27T01:56:26,UNCLASSIFIED,[AMBIG_BADGE]
2021,Toyota,Hilux,Rogue (4X4),Double Cab Pick Up,107097,Automatic,2026-10-23,69970,Diesel,VIC,car/14965652/toyota/hilux/vic/keysborough/dual-cab,2026-02-27T01:56:26,UNCLASSIFIED,[OUT_OF_SCOPE]
2011,Toyota,FJ Cruiser,,Wagon,165229,Automatic,2026-06-21,37690,Premium,VIC,car/14964765/toyota/fj-cruiser/vic/bayswater/suv,2026-02-27T01:56:26,UNCLASSIFIED,[OUT_OF_SCOPE]
2018,Toyota,Corolla,Fielder (Hybrid),Wagon,79050,,,17999,,VIC,car/14944074/toyota/corolla/vic/dandenong/wagon,2026-02-27T01:56:26,UNCLASSIFIED,[OUT_OF_SCOPE]
2013,Toyota,Corolla,Ascent,Hatchback,93893,Automatic,2026-03-18,16990,Unleaded,VIC,car/14953862/toyota/corolla/vic/ringwood/hatchback,2026-02-27T01:56:26,toyota_corolla_ascent_petrol_auto_hatch_zre18x,[OK]
2022,Toyota,RAV4,Gx (2Wd),Wagon,81042,Automatic,2026-03-31,32500,Unleaded,VIC,car/14917226/toyota/rav4/vic/ringwood/suv,2026-02-27T01:56:26,UNCLASSIFIED,[OUT_OF_SCOPE]
2021,Toyota,Hilux,Sr5 (4X4),Double Cab Pick Up,124300,Manual,2025-12-30,45990,Diesel,VIC,car/14877686/toyota/hilux/vic/moorabbin-airport/dual-cab,2026-02-27T01:56:26,UNCLASSIFIED,[OUT_OF_SCOPE]
2016,Toyota,RAV4,Gxl (2Wd),Wagon,98046,Automatic,,26980,Unleaded,VIC,car/14837897/toyota/rav4/vic/springvale/suv,2026-02-27T01:56:26,UNCLASSIFIED,[OUT_OF_SCOPE]
2008,Toyota,Aurion,Prodigy,Sedan,184767,Automatic,2026-07-15,7888,Unleaded,VIC,car/14975208/toyota/aurion/vic/dandenong/sedan,2026-02-27T01:56:26,UNCLASSIFIED,[OUT_OF_SCOPE]
2008,Toyota,RAV4,Cruiser (4X4),Wagon,203000,Automatic,,11999,Unleaded,VIC,car/14958934/toyota/rav4/vic/hoppers-crossing/suv,2026-02-27T01:56:26,UNCLASSIFIED,[OUT_OF_SCOPE]
2015,Toyota,Corolla,ASCENT,Hatch,116050,Automatic,2026-04-15,14999,Unleaded,VIC,car/14911473/toyota/corolla/vic/hoppers-crossing/hatchback,2026-02-27T01:56:26,toyota_corolla_ascent_petrol_auto_hatch_zre18x,[OK]
2005,Toyota,Corolla,Ascent Seca,Hatchback,242328,Automatic,2026-02-19,6999,Unleaded,VIC,car/14871212/toyota/corolla/vic/ringwood/hatchback,2026-02-27T01:56:26,UNCLASSIFIED,[OUT_OF_SCOPE_YEAR]
2008,Toyota,Tarago,ULTIMA,SUV,272539,Automatic,2026-02-28,9999,Premium,VIC,car/14886431/toyota/tarago/vic/hoppers-crossing/suv,2026-02-27T01:56:26,UNCLASSIFIED,[OUT_OF_SCOPE]
2012,Toyota,HiAce,Lwb,Van,264712,Automatic,2026-07-10,22999,Unleaded,VIC,car/14914989/toyota/hiace/vic/bayswater-north/van,2026-02-27T01:56:26,UNCLASSIFIED,[OUT_OF_SCOPE]
2018,Toyota,Landcruiser,Sahara (4X4),Wagon,150000,Automatic,2026-06-22,94990,Diesel,VIC,car/14907712/toyota/landcruiser/vic/ferntree-gully/suv,2026-02-27T01:56:26,UNCLASSIFIED,[OUT_OF_SCOPE]
2007,Toyota,Corolla,Ascent,Wagon,167605,Automatic,2026-02-12,8488,Unleaded,VIC,car/14881132/toyota/corolla/vic/dandenong/wagon,2026-02-27T01:56:26,UNCLASSIFIED,[OUT_OF_SCOPE]
2008,Toyota,Hilux,SR5,Ute Tray,300000,Automatic,,27999,Diesel,VIC,car/14973243/toyota/hilux/vic/hoppers-crossing/pickup,2026-02-27T01:56:26,UNCLASSIFIED,[OUT_OF_SCOPE]
2007,Toyota,Hilux,Sr (4X4),Dual Cab Pick-up,488643,Manual,2026-06-18,12990,Diesel,VIC,car/14903257/toyota/hilux/vic/bayswater/dual-cab,2026-02-27T01:56:26,UNCLASSIFIED,[OUT_OF_SCOPE]
2016,Toyota,Estima,ACR50 8 SEATER,SUV,108040,Automatic,,28990,Unleaded,VIC,car/14935866/toyota/estima/vic/clayton-south/suv,2026-02-27T01:56:26,UNCLASSIFIED,[OUT_OF_SCOPE]
2007,Toyota,Aurion,Prodigy,Sedan,98600,Automatic,2026-06-08,9999,Unleaded,VIC,car/14947418/toyota/aurion/vic/boronia/sedan,2026-02-27T01:56:26,UNCLASSIFIED,[OUT_OF_SCOPE]
2017,Toyota,Hilux,Sr (4X4),X Cab Utility,151000,Manual,2026-08-01,39990,Diesel,VIC,car/14955539/toyota/hilux/vic/mill-park/extra-cab,2026-02-27T01:56:26,UNCLASSIFIED,[OUT_OF_SCOPE]
2019,Toyota,Camry,Ascent (Hybrid),Sedan,125000,Automatic,2026-04-07,24999,Hybrid,VIC,car/14944073/toyota/camry/vic/dandenong/sedan,2026-02-27T01:56:26,toyota_camry_ascent_hybrid_auto_sedan_axvh71r,[OK]
2013,Toyota,Crown,ROYAL SALOON,Sedan,81228,Automatic,,19999,Hybrid,VIC,car/14958291/toyota/crown/vic/mordialloc/limousine,2026-02-27T01:56:26,UNCLASSIFIED,[OUT_OF_SCOPE]
2014,Toyota,HiAce,Commuter,Bus,122430,Automatic,2026-04-10,34990,Unleaded,VIC,car/14953906/toyota/hiace/vic/ringwood/people-mover,2026-02-27T01:56:26,UNCLASSIFIED,[OUT_OF_SCOPE]
2018,Toyota,Prius,A PREMIUM,Hatch,85236,Automatic,,23995,Hybrid,VIC,car/14958289/toyota/prius/vic/mordialloc/hatchback,2026-02-27T01:56:26,UNCLASSIFIED,[OUT_OF_SCOPE]
2013,Toyota,HiAce,Lwb,Van,295585,Manual,2026-03-16,18990,Diesel,VIC,car/14856045/toyota/hiace/vic/ringwood/van,2026-02-27T01:56:26,UNCLASSIFIED,[OUT_OF_SCOPE]
2009,Toyota,Kluger,Kx-S (4X4),Wagon,227414,Automatic,2026-05-29,12355,Unleaded,VIC,car/14964712/toyota/kluger/vic/dandenong/suv,2026-02-27T01:56:26,UNCLASSIFIED,[OUT_OF_SCOPE]
2021,Toyota,Landcruiser,Lc300 Vx (4X4),Wagon,65734,Automatic,2026-03-18,117950,Diesel,VIC,car/14912843/toyota/landcruiser/vic/ferntree-gully/suv,2026-02-27T01:56:26,UNCLASSIFIED,[OUT_OF_SCOPE]
2021,Toyota,Kluger,Gxl Awd,Wagon,76997,Automatic,,41998,Premium,VIC,car/14965977/toyota/kluger/vic/ringwood/suv,2026-02-27T01:56:26,UNCLASSIFIED,[OUT_OF_SCOPE]
2022,Toyota,HiAce,Lwb,Van,54243,Automatic,2026-04-28,47888,Diesel,VIC,car/14898340/toyota/hiace/vic/croydon/van,2026-02-27T01:56:26,UNCLASSIFIED,[OUT_OF_SCOPE]
2025,Toyota,Hilux,Sr 48V (4X4),Double Cab Pick Up,1160,Automatic,2027-01-23,64970,Diesel,VIC,car/14951550/toyota/hilux/vic/keysborough/dual-cab,2026-02-27T01:56:26,UNCLASSIFIED,[OUT_OF_SCOPE]
2006,Toyota,Hilux,Sr5 (4X4),Dual Cab Pick-up,268375,Automatic,2026-04-29,21999,Diesel,VIC,car/14914346/toyota/hilux/vic/bayswater-north/dual-cab,2026-02-27T01:56:26,UNCLASSIFIED,[OUT_OF_SCOPE]
2008,Toyota,Aurion,Presara,Sedan,171683,Automatic,,10990,Unleaded,VIC,car/14965924/toyota/aurion/vic/dandenong/sedan,2026-02-27T01:56:26,UNCLASSIFIED,[OUT_OF_SCOPE]
2012,Toyota,Aqua,G,Hatch,53020,Automatic,,13995,Hybrid,VIC,car/14955653/toyota/aqua/vic/mordialloc/hatchback,2026-02-27T01:56:26,UNCLASSIFIED,[OUT_OF_SCOPE]
2025,Toyota,Camry,Sl Hybrid,Sedan,8957,Automatic,2026-03-21,58970,Hybrid,VIC,car/14953613/toyota/camry/vic/keysborough/sedan,2026-02-27T01:56:26,UNCLASSIFIED,[DISALLOWED_VARIANT]
2017,Toyota,Hilux,Sr5 (4X4),Dual Cab Utility,95976,Automatic,2023-11-29,42950,Diesel,VIC,car/14870911/toyota/hilux/vic/dandenong/dual-cab,2026-02-27T01:56:26,UNCLASSIFIED,[OUT_OF_SCOPE]
2022,Toyota,Corolla,Ascent Sport Hybrid,Hatchback,89690,Automatic,,24990,Hybrid,VIC,car/14835944/toyota/corolla/vic/springvale/hatchback,2026-02-27T01:56:26,toyota_corolla_ascent_sport_hybrid_auto_hatch_zwe211r,[OK]
2008,Toyota,Hilux,Sr (4X4),Dual Cab Pick-up,430154,Manual,2025-10-31,12990,Diesel,VIC,car/14876016/toyota/hilux/vic/bayswater/dual-cab,2026-02-27T01:56:26,UNCLASSIFIED,[OUT_OF_SCOPE]
2014,Toyota,Yaris,Ascent,Hatchback,152324,Manual,2026-07-15,11999,Unleaded,VIC,car/14837165/toyota/yaris/vic/ringwood/hatchback,2026-02-27T01:56:26,UNCLASSIFIED,[OUT_OF_SCOPE]
2022,Toyota,RAV4,Gx (2Wd),Wagon,77965,Automatic,2026-04-08,32888,Unleaded,VIC,car/14917156/toyota/rav4/vic/ringwood/suv,2026-02-27T01:56:26,UNCLASSIFIED,[OUT_OF_SCOPE]
1998,Toyota,Camry,Csi,Wagon,253597,Automatic,2026-03-31,6990,Unleaded,VIC,car/14940750/toyota/camry/vic/ringwood/wagon,2026-02-27T01:56:26,UNCLASSIFIED,[OUT_OF_SCOPE]
2012,Toyota,Corolla,Ascent,Hatchback,229950,Automatic,2026-05-14,9999,Unleaded,VIC,car/14953641/toyota/corolla/vic/bayswater/hatchback,2026-02-27T01:56:26,UNCLASSIFIED,[OUT_OF_SCOPE_YEAR]
2017,Toyota,Corolla,Zr,Hatchback,131040,Automatic,2026-02-24,20989,Unleaded,VIC,car/14889679/toyota/corolla/vic/ringwood/hatchback,2026-02-27T01:56:26,UNCLASSIFIED,[DISALLOWED_VARIANT]
2021,Toyota,RAV4,Gx (Awd) Hybrid,Wagon,106166,Automatic,2026-02-23,33490,Hybrid,VIC,car/14865194/toyota/rav4/vic/moorabbin-airport/suv,2026-02-27T01:56:26,UNCLASSIFIED,[OUT_OF_SCOPE]
2022,Toyota,Landcruiser Prado,Vx,Wagon,47991,Automatic,,83970,Diesel,VIC,car/14971571/toyota/landcruiser-prado/vic/keysborough/suv,2026-02-27T01:56:26,UNCLASSIFIED,[OUT_OF_SCOPE]
2007,Toyota,Alphard,AX,SUV,128990,Automatic,2026-03-10,15950,Unleaded,VIC,car/14955905/toyota/alphard/vic/dandenong/suv,2026-02-27T01:56:26,UNCLASSIFIED,[OUT_OF_SCOPE]
2020,Toyota,Corolla,N/A,SUV,101161,Automatic,,18495,Hybrid,VIC,car/14958355/toyota/corolla/vic/mordialloc/suv,2026-02-27T01:56:26,UNCLASSIFIED,[OUT_OF_SCOPE]
2019,Toyota,C-HR,S LED PACKAGE,SUV,68526,Automatic,,25995,Hybrid,VIC,car/14958287/toyota/c-hr/vic/mordialloc/suv,2026-02-27T01:56:26,UNCLASSIFIED,[OUT_OF_SCOPE]
2017,Toyota,Camry,Atara S,Sedan,93093,Automatic,2026-02-06,20999,Unleaded,VIC,car/14837164/toyota/camry/vic/ringwood/sedan,2026-02-27T01:56:26,UNCLASSIFIED,[DISALLOWED_VARIANT]
2014,Toyota,Camry,Rz S.E.,Sedan,204815,Automatic,2026-01-15,12999,Unleaded,VIC,car/14971782/toyota/camry/vic/hoppers-crossing/sedan,2026-02-27T01:56:26,UNCLASSIFIED,[AMBIG_BADGE]
2013,Toyota,Corolla,AXIO (HYBRID),Sedan,255187,Automatic,2026-06-19,9990,Other,VIC,car/14964420/toyota/corolla/vic/hoppers-crossing/limousine,2026-02-27T01:56:26,UNCLASSIFIED,[OUT_OF_SCOPE]
2018,Toyota,Kluger,Gx (4X2),Wagon,124532,Automatic,,28980,Unleaded,VIC,car/14914835/toyota/kluger/vic/springvale/suv,2026-02-27T01:56:26,UNCLASSIFIED,[OUT_OF_SCOPE]
2013,Toyota,Crown,ROYAL SALOON,Sedan,86781,Automatic,,19999,Hybrid,VIC,car/14955631/toyota/crown/vic/mordialloc/limousine,2026-02-27T01:56:26,UNCLASSIFIED,[OUT_OF_SCOPE]
2014,Toyota,RAV4,Gx (4X4),Wagon,219766,Automatic,2026-04-13,16950,Diesel,VIC,car/14899919/toyota/rav4/vic/ringwood/suv,2026-02-27T01:56:26,UNCLASSIFIED,[OUT_OF_SCOPE]
2009,Toyota,RAV4,Cruiser (4X4),Wagon,121870,Automatic,2025-12-29,18999,Unleaded,VIC,car/14920072/toyota/rav4/vic/ringwood/suv,2026-02-27T01:56:26,UNCLASSIFIED,[OUT_OF_SCOPE]
2009,Toyota,Camry,Altise,Sedan,229500,Automatic,2026-04-09,6999,Unleaded,VIC,car/14971845/toyota/camry/vic/dandenong/sedan,2026-02-27T01:56:26,UNCLASSIFIED,[AMBIG_BADGE]
2010,Toyota,Aurion,At-X,Sedan,142224,Automatic,2026-07-26,11990,Unleaded,VIC,car/14881017/toyota/aurion/vic/ringwood/sedan,2026-02-27T01:56:26,UNCLASSIFIED,[OUT_OF_SCOPE]
2017,Toyota,Camry,Atara Sx,Sedan,98734,Automatic,,20000,Unleaded,VIC,car/14921992/toyota/camry/vic/dandenong/sedan,2026-02-27T01:56:26,UNCLASSIFIED,[DISALLOWED_VARIANT]
2014,Toyota,Crown,ROYAL,Sedan,85700,Automatic,,19999,Hybrid,VIC,car/14955628/toyota/crown/vic/mordialloc/limousine,2026-02-27T01:56:26,UNCLASSIFIED,[OUT_OF_SCOPE]
2014,Toyota,Corolla,Ascent,Hatchback,144534,Automatic,,14980,Unleaded,VIC,car/14970276/toyota/corolla/vic/springvale/hatchback,2026-02-27T01:56:26,toyota_corolla_ascent_petrol_auto_hatch_zre18x,[OK]
2003,Toyota,RAV4,Cruiser (4X4),Wagon,243701,Automatic,2026-03-07,8999,Unleaded,VIC,car/14951176/toyota/rav4/vic/ringwood/suv,2026-02-27T01:56:26,UNCLASSIFIED,[OUT_OF_SCOPE]
2015,Toyota,Yaris,Ascent,Hatchback,68235,Automatic,,17980,Unleaded,VIC,car/14961534/toyota/yaris/vic/springvale/hatchback,2026-02-27T01:56:26,UNCLASSIFIED,[OUT_OF_SCOPE]
2019,Toyota,Landcruiser Prado,Gxl (4X4),Wagon,246247,Automatic,2026-08-09,42990,Diesel,VIC,car/14878516/toyota/landcruiser-prado/vic/bayswater/suv,2026-02-27T01:56:26,UNCLASSIFIED,[OUT_OF_SCOPE]
2020,Toyota,Corolla,,SUV,117171,Automatic,2026-03-10,24999,Other,VIC,car/14856277/toyota/corolla/vic/ringwood/suv,2026-02-27T01:56:26,UNCLASSIFIED,[OUT_OF_SCOPE]
2016,Toyota,Hilux,Sr (4X4),Dual Cab Chassis,260639,Automatic,2026-02-17,28970,Diesel,VIC,car/14966266/toyota/hilux/vic/keysborough/dual-cab,2026-02-27T01:56:26,UNCLASSIFIED,[OUT_OF_SCOPE]
2003,Toyota,Echo,,Sedan,170232,Automatic,2026-03-06,8990,Unleaded,VIC,car/14928474/toyota/echo/vic/ringwood/sedan,2026-02-27T01:56:26,UNCLASSIFIED,[OUT_OF_SCOPE]
2018,Toyota,Hilux,Workmate,Cab Chassis,75791,Manual,2025-01-01,24480,Diesel,VIC,car/14839583/toyota/hilux/vic/ferntree-gully/single-cab,2026-02-27T01:56:26,UNCLASSIFIED,[OUT_OF_SCOPE]
2017,Toyota,Sienta,HYBRID G,Commercial,85823,Automatic,,17995,Hybrid,VIC,car/14955634/toyota/sienta/vic/mordialloc/van,2026-02-27T01:56:26,UNCLASSIFIED,[OUT_OF_SCOPE]
2025,Toyota,Corolla Cross,Atmos Awd Hybrid,Wagon,6109,Automatic,2026-10-08,56970,Hybrid,VIC,car/14971573/toyota/corolla-cross/vic/keysborough/suv,2026-02-27T01:56:26,UNCLASSIFIED,[OUT_OF_SCOPE]
2003,Toyota,Landcruiser Prado,GXL 4X4,SUV,406136,Automatic,2026-05-22,16990,Diesel,VIC,car/14925865/toyota/landcruiser-prado/vic/ringwood/suv,2026-02-27T01:56:26,UNCLASSIFIED,[OUT_OF_SCOPE]
2012,Toyota,RAV4,Cv (2Wd),Wagon,218322,Automatic,2026-01-31,12999,Unleaded,VIC,car/14936570/toyota/rav4/vic/ringwood/suv,2026-02-27T01:56:26,UNCLASSIFIED,[OUT_OF_SCOPE]
2019,Toyota,Kluger,Gxl (4X4),Wagon,79380,Automatic,,38980,Unleaded,VIC,car/14924261/toyota/kluger/vic/springvale/suv,2026-02-27T01:56:26,UNCLASSIFIED,[OUT_OF_SCOPE]
2023,Toyota,Landcruiser,Lc300 Sahara Zx (4X4),Wagon,38936,Automatic,2026-07-26,145970,Diesel,VIC,car/14954919/toyota/landcruiser/vic/keysborough/suv,2026-02-27T01:56:26,UNCLASSIFIED,[OUT_OF_SCOPE]
2021,Toyota,C-HR,Koba (2Wd),Wagon,32872,Automatic,,32840,Premium,VIC,car/14892532/toyota/c-hr/vic/springvale/suv,2026-02-27T01:56:26,UNCLASSIFIED,[OUT_OF_SCOPE]
2025,Toyota,Fortuner,Gxl,Wagon,7343,Automatic,2026-06-02,65970,Diesel,VIC,car/14962131/toyota/fortuner/vic/keysborough/suv,2026-02-27T01:56:26,UNCLASSIFIED,[OUT_OF_SCOPE]
2022,Toyota,Probox,GX,SUV,97912,Automatic,,15995,Hybrid,VIC,car/14958362/toyota/probox/vic/mordialloc/suv,2026-02-27T01:56:26,UNCLASSIFIED,[OUT_OF_SCOPE]
2020,Toyota,Corolla,Ascent Sport,Hatchback,79463,Automatic,2026-09-27,24480,Unleaded,VIC,car/14967987/toyota/corolla/vic/south-morang/hatchback,2026-02-27T01:56:26,toyota_corolla_ascent_sport_petrol_auto_hatch_mzea12r,[OK]
2008,Toyota,Estima,AERAS,Commercial,125624,Automatic,,13995,Unleaded,VIC,car/14958361/toyota/estima/vic/mordialloc/van,2026-02-27T01:56:26,UNCLASSIFIED,[OUT_OF_SCOPE]
2008,Toyota,Aurion,At-X,Sedan,256000,Automatic,,8999,Unleaded,VIC,car/14834502/toyota/aurion/vic/ringwood/sedan,2026-02-27T01:56:26,UNCLASSIFIED,[OUT_OF_SCOPE]
2015,Toyota,Kluger,Gx (4X2),Wagon,221304,Automatic,2026-05-06,18990,Unleaded,VIC,car/14925727/toyota/kluger/vic/dandenong/suv,2026-02-27T01:56:26,UNCLASSIFIED,[OUT_OF_SCOPE]
2019,Toyota,C-HR,(HYBRID) ZYX10,SUV,90579,Automatic,,27490,Unleaded,VIC,car/14899417/toyota/c-hr/vic/clayton-south/suv,2026-02-27T01:56:26,UNCLASSIFIED,[OUT_OF_SCOPE]
2022,Toyota,Hilux,Sr (4X4),Double Cab Chassis,104688,Automatic,2026-01-25,44990,Diesel,VIC,car/14869165/toyota/hilux/vic/hoppers-crossing/dual-cab,2026-02-27T01:56:26,UNCLASSIFIED,[OUT_OF_SCOPE]
2019,Toyota,Corolla,Zr (Hybrid),Hatchback,64638,Automatic,,30980,Hybrid,VIC,car/14873011/toyota/corolla/vic/springvale/hatchback,2026-02-27T01:56:26,UNCLASSIFIED,[DISALLOWED_VARIANT]
2018,Toyota,Camry,Sx,Sedan,63593,Automatic,2026-04-04,30990,Unleaded,VIC,car/14868697/toyota/camry/vic/hoppers-crossing/sedan,2026-02-27T01:56:26,UNCLASSIFIED,[DISALLOWED_VARIANT]
2021,Toyota,Probox,DX COMFORT,SUV,135304,Automatic,,16495,Hybrid,VIC,car/14955641/toyota/probox/vic/mordialloc/suv,2026-02-27T01:56:26,UNCLASSIFIED,[OUT_OF_SCOPE]
2017,Toyota,Sienta,HYBRID G,Commercial,89940,Automatic,,18995,Hybrid,VIC,car/14955632/toyota/sienta/vic/mordialloc/van,2026-02-27T01:56:26,UNCLASSIFIED,[OUT_OF_SCOPE]
2024,Toyota,BZ4X,Awd,Wagon,3292,Automatic,2026-04-30,47970,Electric,VIC,car/14922670/toyota/bz4x/vic/keysborough/suv,2026-02-27T01:56:26,UNCLASSIFIED,[OUT_OF_SCOPE]
2009,Toyota,Corolla,Edge,Hatchback,112222,Automatic,2026-04-16,12999,Unleaded,VIC,car/14953157/toyota/corolla/vic/bayswater/hatchback,2026-02-27T01:56:26,UNCLASSIFIED,[AMBIG_BADGE]
2020,Toyota,Corolla,HYBRID EX,SUV,89165,Automatic,,20995,Hybrid,VIC,car/14958376/toyota/corolla/vic/mordialloc/suv,2026-02-27T01:56:26,UNCLASSIFIED,[OUT_OF_SCOPE]
2021,Toyota,Kluger,Gx 2Wd,Wagon,93553,Automatic,2026-03-28,38990,Premium,VIC,car/14917184/toyota/kluger/vic/ringwood/suv,2026-02-27T01:56:26,UNCLASSIFIED,[OUT_OF_SCOPE]
2012,Toyota,Landcruiser,Gxl (4X4),Wagon,237506,Automatic,2026-05-10,57970,Diesel,VIC,car/14971574/toyota/landcruiser/vic/keysborough/suv,2026-02-27T01:56:26,UNCLASSIFIED,[OUT_OF_SCOPE]
2023,Toyota,Hilux,Workmate Hi-Rider (4X2),Double Cab Pick Up,56605,Automatic,,40990,Diesel,VIC,car/14922418/toyota/hilux/vic/hoppers-crossing/dual-cab,2026-02-27T01:56:26,UNCLASSIFIED,[OUT_OF_SCOPE]
2024,Toyota,Hilux,Rogue (4X4),Double Cab Pick Up,40239,Automatic,2026-09-25,69480,Hybrid,VIC,car/14963196/toyota/hilux/vic/south-morang/dual-cab,2026-02-27T01:56:26,UNCLASSIFIED,[OUT_OF_SCOPE]
2021,Toyota,Camry,Sl Hybrid,Sedan,26960,Automatic,,43990,Hybrid,VIC,car/14970564/toyota/camry/vic/mentone/sedan,2026-02-27T01:56:26,UNCLASSIFIED,[DISALLOWED_VARIANT]
2021,Toyota,Corolla,HYBRID EX,SUV,116255,Automatic,,19995,Hybrid,VIC,car/14955640/toyota/corolla/vic/mordialloc/suv,2026-02-27T01:56:26,UNCLASSIFIED,[OUT_OF_SCOPE]
2021,Toyota,Corolla,HYBRID EX,SUV,118970,Automatic,,20995,Hybrid,VIC,car/14855847/toyota/corolla/vic/point-cook/suv,2026-02-27T01:56:26,UNCLASSIFIED,[OUT_OF_SCOPE]
2017,Toyota,Camry,Atara S,Sedan,99330,Automatic,2026-05-28,21990,Unleaded,VIC,car/14917233/toyota/camry/vic/ringwood/sedan,2026-02-27T01:56:26,UNCLASSIFIED,[DISALLOWED_VARIANT]
2011,Toyota,Corolla,Ascent Sport,Hatchback,176593,Automatic,2026-08-07,9990,Unleaded,VIC,car/14979341/toyota/corolla/vic/dingley-village/hatchback,2026-02-27T01:56:26,UNCLASSIFIED,[OUT_OF_SCOPE_YEAR]
2020,Toyota,Yaris,G,Hatch,79955,Automatic,,20990,Other,VIC,car/14980731/toyota/yaris/vic/ringwood/hatchback,2026-02-27T01:56:26,UNCLASSIFIED,[OUT_OF_SCOPE]
2002,Toyota,Corolla,Ascent Seca,Hatchback,106851,Automatic,2026-05-07,8998,Unleaded,VIC,car/14977827/toyota/corolla/vic/ringwood/hatchback,2026-02-27T01:56:26,UNCLASSIFIED,[OUT_OF_SCOPE_YEAR]
2010,Toyota,Corolla,Ascent,Hatchback,172501,Automatic,2026-05-11,11990,Unleaded,VIC,car/14975919/toyota/corolla/vic/ringwood/hatchback,2026-02-27T01:56:26,UNCLASSIFIED,[OUT_OF_SCOPE_YEAR]
2022,Toyota,Landcruiser,Lc300 Sahara (4X4),Wagon,94602,Automatic,2026-06-17,122970,Diesel,VIC,car/14978632/toyota/landcruiser/vic/keysborough/suv,2026-02-27T01:56:26,UNCLASSIFIED,[OUT_OF_SCOPE]
2025,Toyota,RAV4,Gxl (2Wd) Hybrid,Wagon,7965,Automatic,2026-04-22,51990,Hybrid,VIC,car/14976866/toyota/rav4/vic/hoppers-crossing/suv,2026-02-27T01:56:26,UNCLASSIFIED,[OUT_OF_SCOPE]
2022,Toyota,Corolla,Ascent Sport Hybrid,Hatchback,39126,Automatic,,29990,Hybrid,VIC,car/14977854/toyota/corolla/vic/mentone/hatchback,2026-02-27T01:56:26,toyota_corolla_ascent_sport_hybrid_auto_hatch_zwe211r,[OK]
2006,Toyota,HiAce,Lwb,Van,431858,Manual,2026-08-01,9999,Unleaded,VIC,car/14977715/toyota/hiace/vic/ringwood/van,2026-02-27T01:56:26,UNCLASSIFIED,[OUT_OF_SCOPE]
2016,Toyota,HiAce,Lwb,Van,218139,Automatic,,25990,Diesel,VIC,car/14976722/toyota/hiace/vic/dandenong/van,2026-02-27T01:56:26,UNCLASSIFIED,[OUT_OF_SCOPE]
1991,Toyota,Landcruiser,Gxl (4X4),Wagon,375709,Automatic,2026-05-04,44990,Diesel,VIC,car/14976618/toyota/landcruiser/vic/bayswater/suv,2026-02-27T01:56:26,UNCLASSIFIED,[OUT_OF_SCOPE]
2012,Toyota,Landcruiser Prado,Gxl (4X4),Wagon,321000,Automatic,2026-07-15,22999,Diesel,VIC,car/14960164/toyota/landcruiser-prado/vic/boronia/suv,2026-02-27T01:56:26,UNCLASSIFIED,[OUT_OF_SCOPE]
2012,Toyota,Kluger,Kx-R (Fwd) 7 Seat,Wagon,211086,Automatic,2026-03-26,18990,Unleaded,VIC,car/14939908/toyota/kluger/vic/ringwood/suv,2026-02-27T01:56:26,UNCLASSIFIED,[OUT_OF_SCOPE]
2015,Toyota,Crown,ROYAL SALOON,Sedan,114353,Automatic,,21995,Hybrid,VIC,car/14945300/toyota/crown/vic/mordialloc/limousine,2026-02-27T01:56:26,UNCLASSIFIED,[OUT_OF_SCOPE]
2020,Toyota,Landcruiser,Lc200 Sahara (4X4),Wagon,73456,Automatic,2026-10-30,124970,Diesel,VIC,car/14936619/toyota/landcruiser/vic/keysborough/suv,2026-02-27T01:56:26,UNCLASSIFIED,[OUT_OF_SCOPE]
2013,Toyota,Crown,ATHLETE,Sedan,98371,Automatic,,22995,Hybrid,VIC,car/14955630/toyota/crown/vic/mordialloc/limousine,2026-02-27T01:56:26,UNCLASSIFIED,[OUT_OF_SCOPE]
2009,Toyota,Kluger,Kx-R (Fwd) 7 Seat,Wagon,251896,Automatic,2026-02-26,9990,Unleaded,VIC,car/14963686/toyota/kluger/vic/ringwood/suv,2026-02-27T01:56:26,UNCLASSIFIED,[OUT_OF_SCOPE]
2023,Toyota,Corolla Cross,Atmos Two-Tone 2Wd Hybrid,Wagon,31850,Automatic,2026-08-25,47970,Hybrid,VIC,car/14966264/toyota/corolla-cross/vic/keysborough/suv,2026-02-27T01:56:26,UNCLASSIFIED,[OUT_OF_SCOPE]
2019,Toyota,C-HR,Koba (Awd),Hatchback,101511,Automatic,2026-03-05,26888,Premium,VIC,car/14872001/toyota/c-hr/vic/ferntree-gully/suv,2026-02-27T01:56:26,UNCLASSIFIED,[OUT_OF_SCOPE]
2017,Toyota,C-HR,(2Wd),Wagon,54421,Automatic,,23980,Premium,VIC,car/14890641/toyota/c-hr/vic/springvale/suv,2026-02-27T01:56:26,UNCLASSIFIED,[OUT_OF_SCOPE]
2015,Toyota,Prius,ZVW40 7 SEATER,SUV,91047,Automatic,,21990,Unleaded,VIC,car/14983009/toyota/prius/vic/clayton-south/suv,2026-02-27T01:56:26,UNCLASSIFIED,[OUT_OF_SCOPE]
2016,Toyota,Camry,Altise,Sedan,151289,Automatic,2026-09-28,15888,Unleaded,VIC,car/14982938/toyota/camry/vic/dandenong/sedan,2026-02-27T01:56:26,UNCLASSIFIED,[AMBIG_BADGE]
2022,Toyota,RAV4,Gx (Awd) Hybrid,Wagon,118143,Automatic,2026-09-30,35990,Hybrid,VIC,car/14982434/toyota/rav4/vic/south-morang/suv,2026-02-27T01:56:26,UNCLASSIFIED,[OUT_OF_SCOPE]
2022,Toyota,RAV4,Gx (Awd) Hybrid,Wagon,118130,Automatic,2026-09-30,35990,Hybrid,VIC,car/14982435/toyota/rav4/vic/south-morang/suv,2026-02-27T01:56:26,UNCLASSIFIED,[OUT_OF_SCOPE]
2015,Toyota,Camry,Altise,Sedan,84736,Automatic,2026-04-20,20990,Unleaded,VIC,car/14967476/toyota/camry/vic/hoppers-crossing/sedan,2026-02-27T01:56:26,UNCLASSIFIED,[AMBIG_BADGE]
2018,Toyota,C-HR,Koba (2Wd),Wagon,53622,Automatic,2026-05-18,26888,Premium,VIC,car/14980921/toyota/c-hr/vic/croydon/suv,2026-02-27T01:56:26,UNCLASSIFIED,[OUT_OF_SCOPE]
2010,Toyota,Camry,Altise,Sedan,94382,Automatic,2026-04-30,14990,Unleaded,VIC,car/14980729/toyota/camry/vic/ringwood/sedan,2026-02-27T01:56:26,UNCLASSIFIED,[AMBIG_BADGE]
2022,Toyota,Landcruiser,Lc300 Sahara (4X4),Wagon,107576,Automatic,2027-02-07,116808,Diesel,VIC,car/14979121/toyota/landcruiser/vic/mulgrave/suv,2026-02-27T01:56:26,UNCLASSIFIED,[OUT_OF_SCOPE]
2022,Toyota,Hilux,Sr (4X4),Double Cab Pick Up,121102,Automatic,,46888,Diesel,VIC,car/14980920/toyota/hilux/vic/croydon/dual-cab,2026-02-27T01:56:26,UNCLASSIFIED,[OUT_OF_SCOPE]
2016,Toyota,Landcruiser,Gxl (4X4),Wagon,281991,Automatic,2026-04-30,67970,Diesel,VIC,car/14981413/toyota/landcruiser/vic/keysborough/suv,2026-02-27T01:56:26,UNCLASSIFIED,[OUT_OF_SCOPE]
2002,Toyota,Echo,,Hatchback,262200,Manual,2026-04-10,4990,Unleaded,VIC,car/14979760/toyota/echo/vic/ringwood/hatchback,2026-02-27T01:56:26,UNCLASSIFIED,[OUT_OF_SCOPE]
2019,Toyota,Fortuner,Gxl,Wagon,81071,Automatic,2026-02-09,45970,Diesel,VIC,car/14978244/toyota/fortuner/vic/keysborough/suv,2026-02-27T01:56:26,UNCLASSIFIED,[OUT_OF_SCOPE]
2013,Toyota,Yaris,Yr,Hatchback,44800,Manual,,14990,Unleaded,VIC,car/14978598/toyota/yaris/vic/mentone/hatchback,2026-02-27T01:56:26,UNCLASSIFIED,[OUT_OF_SCOPE]
2006,Toyota,Hilux,Sr5 (4X4),Dual Cab Pick-up,387050,Manual,,19987,Diesel,VIC,car/14979627/toyota/hilux/vic/ferntree-gully/dual-cab,2026-02-27T01:56:26,UNCLASSIFIED,[OUT_OF_SCOPE]
2021,Toyota,RAV4,Cruiser (2Wd) Hybrid,Wagon,80072,Automatic,2026-08-19,43970,Hybrid,VIC,car/14981842/toyota/rav4/vic/keysborough/suv,2026-02-27T01:56:26,UNCLASSIFIED,[OUT_OF_SCOPE]
2011,Toyota,Hilux,Sr5 (4X4),Dual Cab Pick-up,197427,Manual,2026-04-07,31390,Diesel,VIC,car/14979865/toyota/hilux/vic/bayswater/dual-cab,2026-02-27T01:56:26,UNCLASSIFIED,[OUT_OF_SCOPE]
2018,Toyota,Corolla,Ascent Sport,Hatchback,69557,Automatic,,22990,Unleaded,VIC,car/14980898/toyota/corolla/vic/mentone/hatchback,2026-02-27T01:56:26,toyota_corolla_ascent_sport_petrol_auto_hatch_zre18x,[OK]
2002,Toyota,Tarago,Glx,Wagon,194995,Automatic,2026-08-08,8990,Unleaded,VIC,car/14978988/toyota/tarago/vic/ringwood/people-mover,2026-02-27T01:56:26,UNCLASSIFIED,[OUT_OF_SCOPE]
2021,Toyota,Kluger,Grande Hybrid Awd,Wagon,21737,Automatic,2026-09-02,64990,Hybrid,VIC,car/14979702/toyota/kluger/vic/ferntree-gully/suv,2026-02-27T01:56:26,UNCLASSIFIED,[OUT_OF_SCOPE]
2017,Toyota,Corolla,Sx,Hatchback,133886,Automatic,2026-03-22,19999,Unleaded,VIC,car/14978626/toyota/corolla/vic/ringwood/hatchback,2026-02-27T01:56:26,UNCLASSIFIED,[DISALLOWED_VARIANT]
2020,Toyota,Alphard,EXECUTIVE LOUNGE S,OtherCar,86190,Automatic,,61888,Other,VIC,car/14917177/toyota/alphard/vic/ringwood/othercar,2026-02-27T01:56:26,UNCLASSIFIED,[OUT_OF_SCOPE]
2022,Toyota,Landcruiser,Lc300 Gr-S (4X4),Wagon,54205,Automatic,2026-04-29,142970,Diesel,VIC,car/14958625/toyota/landcruiser/vic/keysborough/suv,2026-02-27T01:56:26,UNCLASSIFIED,[OUT_OF_SCOPE]
2022,Toyota,Kluger,Grande 2Wd,Wagon,41450,Automatic,2026-03-15,54440,Premium,VIC,car/14883904/toyota/kluger/vic/south-morang/suv,2026-02-27T01:56:26,UNCLASSIFIED,[OUT_OF_SCOPE]
2018,Toyota,Corolla,Ascent Sport,Hatchback,72300,Automatic,2026-04-06,19990,Unleaded,VIC,car/14986670/toyota/corolla/vic/bayswater/hatchback,2026-02-27T01:56:26,toyota_corolla_ascent_sport_petrol_auto_hatch_zre18x,[OK]
2020,Toyota,Camry,Ascent Sport (Hybrid),Sedan,154190,Automatic,,25990,Hybrid,VIC,car/14986589/toyota/camry/vic/south-morang/sedan,2026-02-27T01:56:26,UNCLASSIFIED,[DISALLOWED_VARIANT]
2020,Toyota,RAV4,Cruiser 2Wd Hybrid,Wagon,47852,Automatic,2026-07-09,44800,Hybrid,VIC,car/14986315/toyota/rav4/vic/mulgrave/suv,2026-02-27T01:56:26,UNCLASSIFIED,[OUT_OF_SCOPE]
2016,Toyota,Hilux,Workmate (4X4),Cab Chassis,179529,Manual,2026-09-13,22990,Diesel,VIC,car/14986109/toyota/hilux/vic/south-morang/single-cab,2026-02-27T01:56:26,UNCLASSIFIED,[OUT_OF_SCOPE]
2021,Toyota,RAV4,Cruiser (2Wd) Hybrid,Wagon,112600,Automatic,2026-04-09,41970,Hybrid,VIC,car/14985270/toyota/rav4/vic/keysborough/suv,2026-02-27T01:56:26,UNCLASSIFIED,[OUT_OF_SCOPE]
2022,Toyota,Fortuner,Crusade,Wagon,87121,Automatic,2026-04-24,54990,Diesel,VIC,car/14975497/toyota/fortuner/vic/hoppers-crossing/suv,2026-02-27T01:56:26,UNCLASSIFIED,[OUT_OF_SCOPE]
2022,Toyota,Yaris Cross,Urban Hybrid (Awd),Wagon,56418,Automatic,2026-02-20,34990,Hybrid,VIC,car/14979960/toyota/yaris-cross/vic/south-morang/suv,2026-02-27T01:56:26,UNCLASSIFIED,[OUT_OF_SCOPE]
2021,Toyota,HiAce,Slwb Commuter (12 Seats),Bus,114172,Automatic,2026-02-17,49480,Diesel,VIC,car/14984450/toyota/hiace/vic/south-morang/people-mover,2026-02-27T01:56:26,UNCLASSIFIED,[OUT_OF_SCOPE]
2018,Toyota,Hilux,Sr5 (4X4),Double Cab Pick Up,175770,Automatic,2026-09-02,43987,Diesel,VIC,car/14980955/toyota/hilux/vic/ferntree-gully/dual-cab,2026-02-27T01:56:26,UNCLASSIFIED,[OUT_OF_SCOPE]
2018,Toyota,Corolla,Ascent,Hatchback,83096,Automatic,,21990,Unleaded,VIC,car/14981060/toyota/corolla/vic/hoppers-crossing/hatchback,2026-02-27T01:56:26,toyota_corolla_ascent_petrol_auto_hatch_zre18x,[OK]
2023,Toyota,Hilux,Sr (4X4),Double Cab Chassis,62115,Automatic,2026-11-15,52888,Diesel,VIC,car/14980934/toyota/hilux/vic/croydon/dual-cab,2026-02-27T01:56:26,UNCLASSIFIED,[OUT_OF_SCOPE]
2021,Toyota,Landcruiser Prado,Vx,Wagon,15234,Automatic,2026-06-03,79990,Diesel,VIC,car/14981061/toyota/landcruiser-prado/vic/hoppers-crossing/suv,2026-02-27T01:56:26,UNCLASSIFIED,[OUT_OF_SCOPE]
2020,Toyota,C-HR,Koba (2Wd),Wagon,99223,Automatic,2026-03-29,26888,Premium,VIC,car/14981059/toyota/c-hr/vic/ringwood/suv,2026-02-27T01:56:26,UNCLASSIFIED,[OUT_OF_SCOPE]
2021,Toyota,Kluger,Gx Hybrid Awd,Wagon,54618,Automatic,,46899,Hybrid,VIC,car/14969316/toyota/kluger/vic/ringwood/suv,2026-02-27T01:56:26,UNCLASSIFIED,[OUT_OF_SCOPE]
2020,Toyota,C-HR,Koba (2Wd) Hybrid,Wagon,81410,Automatic,2025-12-04,29990,Hybrid,VIC,car/14841083/toyota/c-hr/vic/moorabbin-airport/suv,2026-02-27T01:56:26,UNCLASSIFIED,[OUT_OF_SCOPE]
2022,Toyota,Kluger,Gxl Hybrid Awd,Wagon,96540,Automatic,,50950,Hybrid,VIC,car/14905055/toyota/kluger/vic/south-morang/suv,2026-02-27T01:56:26,UNCLASSIFIED,[OUT_OF_SCOPE]
2012,Toyota,Kluger,Altitude (Fwd) 7 Seat,Wagon,228513,Automatic,2026-06-20,14690,Unleaded,VIC,car/14984768/toyota/kluger/vic/bayswater/suv,2026-02-27T01:56:26,UNCLASSIFIED,[OUT_OF_SCOPE]
2019,Toyota,Kluger,Gxl (4X2),Wagon,73610,Automatic,2026-05-21,35888,Unleaded,VIC,car/14940934/toyota/kluger/vic/mulgrave/suv,2026-02-27T01:56:26,UNCLASSIFIED,[OUT_OF_SCOPE]
2018,Toyota,HiAce,Lwb,Van,272709,Automatic,2026-06-02,24990,Diesel,VIC,car/14927190/toyota/hiace/vic/dandenong/van,2026-02-27T01:56:26,UNCLASSIFIED,[OUT_OF_SCOPE]
2011,Toyota,Aurion,At-X,Sedan,149076,Automatic,2026-02-15,12999,Unleaded,VIC,car/14954566/toyota/aurion/vic/ringwood/sedan,2026-02-27T01:56:26,UNCLASSIFIED,[OUT_OF_SCOPE]
2017,Toyota,C-HR,Koba (2Wd),Wagon,46343,Automatic,,24950,Premium,VIC,car/14857584/toyota/c-hr/vic/dandenong/suv,2026-02-27T01:56:26,UNCLASSIFIED,[OUT_OF_SCOPE]
2014,Toyota,Corolla,Ascent Sport,Hatchback,89593,Automatic,,18480,Unleaded,VIC,car/14913650/toyota/corolla/vic/springvale/hatchback,2026-02-27T01:56:26,toyota_corolla_ascent_sport_petrol_auto_hatch_zre18x,[OK]
2018,Toyota,Kluger,Gxl (4X2),Wagon,132846,Automatic,2025-12-29,30970,Unleaded,VIC,car/14945618/toyota/kluger/vic/south-morang/suv,2026-02-27T01:56:26,UNCLASSIFIED,[OUT_OF_SCOPE]
2015,Toyota,Aqua,S,Hatch,86014,Automatic,,15995,Hybrid,VIC,car/14958322/toyota/aqua/vic/mordialloc/hatchback,2026-02-27T01:56:26,UNCLASSIFIED,[OUT_OF_SCOPE]
2015,Toyota,Corolla,Sx,Sedan,163987,Automatic,2026-03-31,17990,Unleaded,VIC,car/14973652/toyota/corolla/vic/ringwood/sedan,2026-02-27T01:56:26,UNCLASSIFIED,[DISALLOWED_VARIANT]
2008,Toyota,Kluger,Kx-R (Fwd) 5 Seat,Wagon,387545,Automatic,2026-03-30,8990,Unleaded,VIC,car/14952903/toyota/kluger/vic/ringwood/suv,2026-02-27T01:56:26,UNCLASSIFIED,[OUT_OF_SCOPE]
2014,Toyota,Yaris,Yr,Hatchback,78469,Automatic,2026-04-08,16970,Unleaded,VIC,car/14958624/toyota/yaris/vic/keysborough/hatchback,2026-02-27T01:56:26,UNCLASSIFIED,[OUT_OF_SCOPE]
2017,Toyota,Corolla,Sx,Sedan,125821,Automatic,2026-03-16,19000,Unleaded,VIC,car/14842071/toyota/corolla/vic/dandenong/sedan,2026-02-27T01:56:26,UNCLASSIFIED,[DISALLOWED_VARIANT]
2017,Toyota,Corolla,Zr,Hatchback,98790,Automatic,2025-12-29,21888,Unleaded,VIC,car/14929703/toyota/corolla/vic/ringwood/hatchback,2026-02-27T01:56:26,UNCLASSIFIED,[DISALLOWED_VARIANT]
2023,Toyota,Landcruiser Prado,Vx,Wagon,59998,Automatic,2026-12-07,82999,Diesel,VIC,car/14954712/toyota/landcruiser-prado/vic/ringwood/suv,2026-02-27T01:56:26,UNCLASSIFIED,[OUT_OF_SCOPE]
2004,Toyota,Camry,Ateva,Sedan,167582,Automatic,,9990,Unleaded,VIC,car/14895169/toyota/camry/vic/ringwood/sedan,2026-02-27T01:56:26,UNCLASSIFIED,[AMBIG_BADGE]
2020,Toyota,Hilux,Sr5 (4X4),Double Cab Pick Up,52542,Manual,2026-10-29,52990,Diesel,VIC,car/14918126/toyota/hilux/vic/south-morang/dual-cab,2026-02-27T01:56:26,UNCLASSIFIED,[OUT_OF_SCOPE]
2021,Toyota,Kluger,Gx 2Wd,Wagon,130186,Automatic,,34990,Premium,VIC,car/14919093/toyota/kluger/vic/mentone/suv,2026-02-27T01:56:26,UNCLASSIFIED,[OUT_OF_SCOPE]
2018,Toyota,RAV4,Gxl (4X4),Wagon,113732,Automatic,,26980,Unleaded,VIC,car/14926288/toyota/rav4/vic/springvale/suv,2026-02-27T01:56:26,UNCLASSIFIED,[OUT_OF_SCOPE]
2018,Toyota,C-HR,G,SUV,110206,Automatic,,23995,Hybrid,VIC,car/14955650/toyota/c-hr/vic/mordialloc/suv,2026-02-27T01:56:26,UNCLASSIFIED,[OUT_OF_SCOPE]
2024,Toyota,RAV4,Cruiser (2Wd) Hybrid,Wagon,20101,Automatic,,61990,Hybrid,VIC,car/14963909/toyota/rav4/vic/mentone/suv,2026-02-27T01:56:26,UNCLASSIFIED,[OUT_OF_SCOPE]
2022,Toyota,Corolla,Ascent Sport Hybrid,Sedan,19605,Automatic,,30990,Hybrid,VIC,car/14847292/toyota/corolla/vic/mentone/sedan,2026-02-27T01:56:26,UNCLASSIFIED,[OUT_OF_SCOPE]
2022,Toyota,Corolla,Ascent Sport Hybrid,Sedan,16725,Automatic,,30990,Hybrid,VIC,car/14970056/toyota/corolla/vic/ferntree-gully/sedan,2026-02-27T01:56:26,UNCLASSIFIED,[OUT_OF_SCOPE]
2024,Toyota,Landcruiser,Lc300 Gr-S (4X4),Wagon,31643,Automatic,2026-06-14,152970,Diesel,VIC,car/14967212/toyota/landcruiser/vic/keysborough/suv,2026-02-27T01:56:26,UNCLASSIFIED,[OUT_OF_SCOPE]
2019,Toyota,HiAce,Commuter (12 Seats),Bus,69183,Automatic,,61888,Diesel,VIC,car/14973926/toyota/hiace/vic/croydon/people-mover,2026-02-27T01:56:26,UNCLASSIFIED,[OUT_OF_SCOPE]
2022,Toyota,Corolla,HYBRID EX,Sedan,24193,Automatic,,25995,Hybrid,VIC,car/14958379/toyota/corolla/vic/mordialloc/limousine,2026-02-27T01:56:26,UNCLASSIFIED,[OUT_OF_SCOPE]
2012,Toyota,Prius,ZVW30R,Hatch,94474,Automatic,,17995,Hybrid,VIC,car/14958377/toyota/prius/vic/mordialloc/hatchback,2026-02-27T01:56:26,UNCLASSIFIED,[OUT_OF_SCOPE]
2021,Toyota,Hilux,Rugged X (4X4),Double Cab Pick Up,96197,Automatic,2026-10-20,59970,Diesel,VIC,car/14955537/toyota/hilux/vic/south-morang/dual-cab,2026-02-27T01:56:26,UNCLASSIFIED,[OUT_OF_SCOPE]
2023,Toyota,C-HR,Koba (2Wd),Wagon,52855,Automatic,,35480,Premium,VIC,car/14968107/toyota/c-hr/vic/south-morang/suv,2026-02-27T01:56:26,UNCLASSIFIED,[OUT_OF_SCOPE]
2025,Toyota,RAV4,Gx (Awd) Hybrid,Wagon,11820,Automatic,2026-05-22,50970,Hybrid,VIC,car/14962142/toyota/rav4/vic/keysborough/suv,2026-02-27T01:56:26,UNCLASSIFIED,[OUT_OF_SCOPE]
2025,Toyota,HiAce,Slwb Barn Door,Van,10326,Automatic,2026-11-10,66990,Diesel,VIC,car/14896799/toyota/hiace/vic/hoppers-crossing/van,2026-02-27T01:56:26,UNCLASSIFIED,[OUT_OF_SCOPE]
2024,Toyota,Yaris Cross,Gx Hybrid,Wagon,24027,Automatic,2026-02-04,34990,Hybrid,VIC,car/14843817/toyota/yaris-cross/vic/hoppers-crossing/suv,2026-02-27T01:56:26,UNCLASSIFIED,[OUT_OF_SCOPE]
2017,Toyota,C-HR,Koba (Awd),Wagon,62446,Automatic,,26490,Premium,VIC,car/14905170/toyota/c-hr/vic/springvale/suv,2026-02-27T01:56:26,UNCLASSIFIED,[OUT_OF_SCOPE]
2016,Toyota,Corolla,Ascent,Hatchback,83076,Automatic,2027-01-20,19970,Unleaded,VIC,car/14953614/toyota/corolla/vic/keysborough/hatchback,2026-02-27T01:56:26,toyota_corolla_ascent_petrol_auto_hatch_zre18x,[OK]
2021,Toyota,Landcruiser,Gxl,Wagon,78853,Manual,2026-07-24,99990,Diesel,VIC,car/14877451/toyota/landcruiser/vic/hoppers-crossing/suv,2026-02-27T01:56:26,UNCLASSIFIED,[OUT_OF_SCOPE]
2023,Toyota,C-HR,Koba (2Wd),Wagon,52450,Automatic,,37470,Premium,VIC,car/14947436/toyota/c-hr/vic/keysborough/suv,2026-02-27T01:56:26,UNCLASSIFIED,[OUT_OF_SCOPE]
2012,Toyota,RAV4,Cruiser (2Wd),Wagon,171512,Automatic,2026-05-17,16888,Unleaded,VIC,car/14962032/toyota/rav4/vic/mulgrave/suv,2026-02-27T01:56:26,UNCLASSIFIED,[OUT_OF_SCOPE]
2022,Toyota,Raize,HYBRID G,SUV,73550,Automatic,,24995,Hybrid,VIC,car/14955636/toyota/raize/vic/mordialloc/suv,2026-02-27T01:56:26,UNCLASSIFIED,[OUT_OF_SCOPE]
2018,Toyota,Corolla,Ascent Sport,Hatchback,164387,Automatic,2026-05-23,18990,Unleaded,VIC,car/14974131/toyota/corolla/vic/hoppers-crossing/hatchback,2026-02-27T01:56:26,toyota_corolla_ascent_sport_petrol_auto_hatch_zre18x,[OK]
2024,Toyota,Corolla Cross,Atmos 2Wd Hybrid,Wagon,8753,Automatic,,54990,Hybrid,VIC,car/14964111/toyota/corolla-cross/vic/hoppers-crossing/suv,2026-02-27T01:56:26,UNCLASSIFIED,[OUT_OF_SCOPE]
2024,Toyota,RAV4,Gx (2Wd) Hybrid,Wagon,26949,Automatic,2026-01-01,43950,Hybrid,VIC,car/14957298/toyota/rav4/vic/ferntree-gully/suv,2026-02-27T01:56:26,UNCLASSIFIED,[OUT_OF_SCOPE]
2022,Toyota,RAV4,Gx (2Wd) Hybrid Nav,Wagon,50000,Automatic,2026-05-19,39000,Hybrid,VIC,car/14963498/toyota/rav4/vic/springvale/suv,2026-02-27T01:56:26,UNCLASSIFIED,[OUT_OF_SCOPE]
2020,Toyota,Corolla,Ascent Sport (Hybrid),Sedan,29226,Automatic,2026-08-01,29990,Hybrid,VIC,car/14974552/toyota/corolla/vic/south-morang/sedan,2026-02-27T01:56:26,UNCLASSIFIED,[OUT_OF_SCOPE]
2023,Toyota,Hilux,Workmate (4X2),Cab Chassis,49860,Automatic,2026-10-02,30990,Unleaded,VIC,car/14964307/toyota/hilux/vic/ferntree-gully/single-cab,2026-02-27T01:56:26,UNCLASSIFIED,[OUT_OF_SCOPE]
2024,Toyota,Camry,Ascent,Sedan,46062,Automatic,2026-04-08,35990,Premium,VIC,car/14967990/toyota/camry/vic/south-morang/sedan,2026-02-27T01:56:26,UNCLASSIFIED,[OUT_OF_SCOPE_YEAR]
2023,Toyota,Kluger,Gxl 2Wd,Wagon,114099,Automatic,2026-08-15,43480,Unleaded,VIC,car/14948939/toyota/kluger/vic/ferntree-gully/suv,2026-02-27T01:56:26,UNCLASSIFIED,[OUT_OF_SCOPE]
2018,Toyota,Camry,Ascent Sport,Sedan,89182,Automatic,2026-06-30,25480,Unleaded,VIC,car/14967989/toyota/camry/vic/south-morang/sedan,2026-02-27T01:56:26,UNCLASSIFIED,[DISALLOWED_VARIANT]
2024,Toyota,Corolla,Ascent Sport Hybrid,Hatchback,13395,Automatic,2026-12-30,33888,Hybrid,VIC,car/14934721/toyota/corolla/vic/croydon/hatchback,2026-02-27T01:56:26,toyota_corolla_ascent_sport_hybrid_auto_hatch_zwe219r,[OK]
2024,Toyota,RAV4,Cruiser (2Wd) Hybrid,Wagon,20077,Automatic,2026-03-31,56888,Hybrid,VIC,car/14958678/toyota/rav4/vic/croydon/suv,2026-02-27T01:56:26,UNCLASSIFIED,[OUT_OF_SCOPE]
2020,Toyota,Corolla,Ascent Sport (Hybrid),Sedan,23210,Automatic,,31990,Hybrid,VIC,car/14971072/toyota/corolla/vic/mentone/sedan,2026-02-27T01:56:26,UNCLASSIFIED,[OUT_OF_SCOPE]
2025,Toyota,Yaris Cross,Gx Hybrid,Wagon,22178,Automatic,,35990,Hybrid,VIC,car/14964078/toyota/yaris-cross/vic/hoppers-crossing/suv,2026-02-27T01:56:26,UNCLASSIFIED,[OUT_OF_SCOPE]
2024,Toyota,Corolla,Ascent Sport,Hatchback,25325,Automatic,2026-03-18,30990,Unleaded,VIC,car/14969958/toyota/corolla/vic/ferntree-gully/hatchback,2026-02-27T01:56:26,toyota_corolla_ascent_sport_petrol_auto_hatch_mzea12r,[OK]
2021,Toyota,Kluger,Gxl Hybrid Awd,Wagon,44762,Automatic,2026-03-16,55000,Hybrid,VIC,car/14934689/toyota/kluger/vic/dandenong/suv,2026-02-27T01:56:26,UNCLASSIFIED,[OUT_OF_SCOPE]
2018,Toyota,Camry,Ascent (Hybrid),Sedan,55241,Automatic,,29980,Hybrid,VIC,car/14961536/toyota/camry/vic/springvale/sedan,2026-02-27T01:56:26,toyota_camry_ascent_hybrid_auto_sedan_axvh71r,[OK]
2022,Toyota,RAV4,Gx (2Wd) Hybrid,Wagon,39262,Automatic,,41990,Hybrid,VIC,car/14970565/toyota/rav4/vic/mentone/suv,2026-02-27T01:56:26,UNCLASSIFIED,[OUT_OF_SCOPE]
2025,Toyota,GR Yaris,Gt,Hatchback,4219,Manual,2025-04-20,60970,Premium,VIC,car/14919606/toyota/gr-yaris/vic/keysborough/hatchback,2026-02-27T01:56:26,UNCLASSIFIED,[OUT_OF_SCOPE]
2020,Toyota,Camry,Ascent Sport (Hybrid),Sedan,84230,Automatic,2026-02-10,30990,Hybrid,VIC,car/14904116/toyota/camry/vic/moorabbin-airport/sedan,2026-02-27T01:56:26,UNCLASSIFIED,[DISALLOWED_VARIANT]
2021,Toyota,RAV4,Gxl (2Wd) Hybrid,Wagon,43156,Automatic,,41990,Hybrid,VIC,car/14963908/toyota/rav4/vic/mentone/suv,2026-02-27T01:56:26,UNCLASSIFIED,[OUT_OF_SCOPE]
2022,Toyota,Corolla,Ascent Sport,Hatchback,69816,Automatic,2026-11-22,26990,Unleaded,VIC,car/14978141/toyota/corolla/vic/camberwell/hatchback,2026-02-27T01:56:26,toyota_corolla_ascent_sport_petrol_auto_hatch_mzea12r,[OK]
2011,Toyota,Corolla,Ascent,Hatchback,22222,Automatic,2026-09-01,16777,Unleaded,VIC,car/14978636/toyota/corolla/vic/heidelberg/hatchback,2026-02-27T01:56:26,UNCLASSIFIED,[OUT_OF_SCOPE_YEAR]
2021,Toyota,Hilux,Sr (4X4),Double Cab Pick Up,190000,Automatic,2026-05-10,43990,Diesel,VIC,car/14977899/toyota/hilux/vic/tullamarine/dual-cab,2026-02-27T01:56:26,UNCLASSIFIED,[OUT_OF_SCOPE]
2025,Toyota,Kluger,Gxl Hybrid Awd,Wagon,9276,Automatic,,72888,Hybrid,VIC,car/14978195/toyota/kluger/vic/oakleigh/suv,2026-02-27T01:56:26,UNCLASSIFIED,[OUT_OF_SCOPE]
1999,Toyota,Landcruiser,Rv (4X4),Wagon,368267,Automatic,2026-05-10,9990,Unleaded,VIC,car/14976754/toyota/landcruiser/vic/fawkner/suv,2026-02-27T01:56:26,UNCLASSIFIED,[OUT_OF_SCOPE]
2024,Toyota,Yaris Cross,Urban Hybrid,Wagon,6206,Automatic,2026-10-22,42970,Hybrid,VIC,car/14947438/toyota/yaris-cross/vic/keysborough/suv,2026-02-27T01:56:26,UNCLASSIFIED,[OUT_OF_SCOPE]
2024,Toyota,RAV4,Gxl (Awd) Hybrid,Wagon,6485,Automatic,2027-02-03,54970,Hybrid,VIC,car/14960920/toyota/rav4/vic/keysborough/suv,2026-02-27T01:56:26,UNCLASSIFIED,[OUT_OF_SCOPE]
2018,Toyota,Corolla,Ascent Sport,Hatchback,89895,Automatic,2026-02-26,21970,Unleaded,VIC,car/14966265/toyota/corolla/vic/keysborough/hatchback,2026-02-27T01:56:26,toyota_corolla_ascent_sport_petrol_auto_hatch_zre18x,[OK]
2024,Toyota,RAV4,Edge (Awd) Hybrid,Wagon,52995,Automatic,,56990,Hybrid,VIC,car/14928391/toyota/rav4/vic/mentone/suv,2026-02-27T01:56:26,UNCLASSIFIED,[OUT_OF_SCOPE]
2019,Toyota,Camry,Ascent,Sedan,94669,Automatic,2026-01-01,26990,Unleaded,VIC,car/14971179/toyota/camry/vic/ferntree-gully/sedan,2026-02-27T01:56:26,toyota_camry_ascent_petrol_auto_sedan_asv70r,[OK]
2023,Toyota,RAV4,Gx (2Wd),Wagon,60281,Automatic,2026-03-07,36990,Unleaded,VIC,car/14957299/toyota/rav4/vic/ferntree-gully/suv,2026-02-27T01:56:26,UNCLASSIFIED,[OUT_OF_SCOPE]
2017,Toyota,Corolla,Ascent,Hatchback,159459,Automatic,2026-04-14,16950,Unleaded,VIC,car/14930197/toyota/corolla/vic/ringwood/hatchback,2026-02-27T01:56:26,toyota_corolla_ascent_petrol_auto_hatch_zre18x,[OK]
2020,Toyota,Corolla,HYBRID G-X,SUV,119152,Automatic,,20995,Hybrid,VIC,car/14955637/toyota/corolla/vic/mordialloc/suv,2026-02-27T01:56:26,UNCLASSIFIED,[OUT_OF_SCOPE]
2021,Toyota,RAV4,Cruiser (Awd) Hybrid,Wagon,133174,Automatic,2026-02-28,42970,Hybrid,VIC,car/14967208/toyota/rav4/vic/keysborough/suv,2026-02-27T01:56:26,UNCLASSIFIED,[OUT_OF_SCOPE]
2022,Toyota,Camry,Ascent,Sedan,23588,Automatic,2026-05-03,36990,Premium,VIC,car/14959539/toyota/camry/vic/ferntree-gully/sedan,2026-02-27T01:56:26,toyota_camry_ascent_petrol_auto_sedan_asv70r,[OK]
2015,Toyota,Kluger,Grande (4X4),Wagon,98819,Automatic,2026-05-19,34999,Unleaded,VIC,car/14963445/toyota/kluger/vic/ringwood/suv,2026-02-27T01:56:26,UNCLASSIFIED,[OUT_OF_SCOPE]
2023,Toyota,HiAce,Lwb Barn Door,Van,44748,Automatic,2026-04-13,55970,Diesel,VIC,car/14953406/toyota/hiace/vic/keysborough/van,2026-02-27T01:56:26,UNCLASSIFIED,[OUT_OF_SCOPE]
2024,Toyota,HiAce,Lwb (4 Door Option),Van,79509,Automatic,2026-07-16,52990,Diesel,VIC,car/14968116/toyota/hiace/vic/south-morang/van,2026-02-27T01:56:26,UNCLASSIFIED,[OUT_OF_SCOPE]
2023,Toyota,Yaris Cross,Gx Hybrid,Wagon,87197,Automatic,,30990,Hybrid,VIC,car/14974685/toyota/yaris-cross/vic/south-morang/suv,2026-02-27T01:56:26,UNCLASSIFIED,[OUT_OF_SCOPE]
2020,Toyota,RAV4,Gx 2Wd Hybrid,Wagon,48845,Automatic,2026-03-27,36990,Hybrid,VIC,car/14937066/toyota/rav4/vic/hoppers-crossing/suv,2026-02-27T01:56:26,UNCLASSIFIED,[OUT_OF_SCOPE]
2020,Toyota,RAV4,Cruiser (2Wd),Wagon,29433,Automatic,2026-09-12,41990,Unleaded,VIC,car/14885222/toyota/rav4/vic/hoppers-crossing/suv,2026-02-27T01:56:26,UNCLASSIFIED,[OUT_OF_SCOPE]
2023,Toyota,Hilux,Sr5 (4X4),Double Cab Pick Up,96171,Automatic,2026-03-21,63490,Diesel,VIC,car/14963642/toyota/hilux/vic/ferntree-gully/dual-cab,2026-02-27T01:56:26,UNCLASSIFIED,[OUT_OF_SCOPE]
2022,Toyota,RAV4,Gx (2Wd) Hybrid,Wagon,20447,Automatic,,42990,Hybrid,VIC,car/14970563/toyota/rav4/vic/mentone/suv,2026-02-27T01:56:26,UNCLASSIFIED,[OUT_OF_SCOPE]
2024,Toyota,Landcruiser,Lc300 Gxl (4X4),Wagon,58583,Automatic,2026-04-19,104990,Diesel,VIC,car/14859830/toyota/landcruiser/vic/ferntree-gully/suv,2026-02-27T01:56:26,UNCLASSIFIED,[OUT_OF_SCOPE]
2024,Toyota,Camry,Ascent,Sedan,51316,Automatic,2026-05-26,36460,Premium,VIC,car/14945732/toyota/camry/vic/south-morang/sedan,2026-02-27T01:56:26,UNCLASSIFIED,[OUT_OF_SCOPE_YEAR]
2016,Toyota,Corolla,Zr,Sedan,64537,Automatic,2026-04-13,22975,Unleaded,VIC,car/14982664/toyota/corolla/vic/burwood/sedan,2026-02-27T01:56:26,UNCLASSIFIED,[DISALLOWED_VARIANT]
2020,Toyota,Camry,Ascent,Sedan,39619,Automatic,2026-06-08,27972,Unleaded,VIC,car/14979256/toyota/camry/vic/brighton/sedan,2026-02-27T01:56:26,toyota_camry_ascent_petrol_auto_sedan_asv70r,[OK]
2017,Toyota,RAV4,Gxl (2Wd),Wagon,122672,Automatic,2026-08-14,26990,Unleaded,VIC,car/14981453/toyota/rav4/vic/camberwell/suv,2026-02-27T01:56:26,UNCLASSIFIED,[OUT_OF_SCOPE]
2019,Toyota,RAV4,Gxl Awd Hybrid,Wagon,45070,Automatic,2026-11-29,40990,Hybrid,VIC,car/14981424/toyota/rav4/vic/camberwell/suv,2026-02-27T01:56:26,UNCLASSIFIED,[OUT_OF_SCOPE]
2003,Toyota,Hilux,Sr5 (4X4),Dual Cab Pick-up,347285,Manual,,14999,Diesel,VIC,car/14978725/toyota/hilux/vic/ravenhall/dual-cab,2026-02-27T01:56:26,UNCLASSIFIED,[OUT_OF_SCOPE]
2021,Toyota,Prius,I-Tech (Hybrid),Hatchback,23040,Automatic,,37888,Hybrid,VIC,car/14837146/toyota/prius/vic/camberwell/hatchback,2026-02-27T01:56:26,UNCLASSIFIED,[OUT_OF_SCOPE]
2019,Toyota,Yaris,Ascent,Hatchback,28225,Automatic,2026-09-24,23990,Unleaded,VIC,car/14973997/toyota/yaris/vic/ringwood/hatchback,2026-02-27T01:56:26,UNCLASSIFIED,[OUT_OF_SCOPE]
2019,Toyota,Landcruiser,Lc200 Sahara (4X4),Wagon,195440,Automatic,2026-07-30,91480,Diesel,VIC,car/14928694/toyota/landcruiser/vic/ferntree-gully/suv,2026-02-27T01:56:26,UNCLASSIFIED,[OUT_OF_SCOPE]
2023,Toyota,RAV4,Gx (2Wd) Hybrid,Wagon,104794,Automatic,,38490,Hybrid,VIC,car/14932341/toyota/rav4/vic/moorabbin-airport/suv,2026-02-27T01:56:26,UNCLASSIFIED,[OUT_OF_SCOPE]
2005,Toyota,Camry,Altise,Sedan,202059,Automatic,2026-03-30,9990,Unleaded,VIC,car/14927839/toyota/camry/vic/ringwood/sedan,2026-02-27T01:56:26,UNCLASSIFIED,[AMBIG_BADGE]
2024,Toyota,C-HR,Gxl Hybrid,Wagon,29252,Automatic,2026-04-30,43970,Hybrid,VIC,car/14933883/toyota/c-hr/vic/keysborough/suv,2026-02-27T01:56:26,UNCLASSIFIED,[OUT_OF_SCOPE]
2020,Toyota,RAV4,Cruiser (2Wd) Hybrid,Wagon,45627,Automatic,,46970,Hybrid,VIC,car/14971568/toyota/rav4/vic/keysborough/suv,2026-02-27T01:56:26,UNCLASSIFIED,[OUT_OF_SCOPE]
2025,Toyota,Yaris Cross,Gx Hybrid,Wagon,6446,Automatic,,37990,Hybrid,VIC,car/14877723/toyota/yaris-cross/vic/mentone/suv,2026-02-27T01:56:26,UNCLASSIFIED,[OUT_OF_SCOPE]
2018,Toyota,Corolla,Ascent Sport,Hatchback,107303,Automatic,2026-04-16,21999,Unleaded,VIC,car/14963915/toyota/corolla/vic/ringwood/hatchback,2026-02-27T01:56:26,toyota_corolla_ascent_sport_petrol_auto_hatch_zre18x,[OK]
2008,Toyota,Crown,GRS204,Sedan,72047,Automatic,,17990,Unleaded,VIC,car/14942226/toyota/crown/vic/clayton-south/limousine,2026-02-27T01:56:26,UNCLASSIFIED,[OUT_OF_SCOPE]
2024,Toyota,RAV4,Cruiser (2Wd) Hybrid,Wagon,18199,Automatic,2026-09-04,60970,Hybrid,VIC,car/14953408/toyota/rav4/vic/keysborough/suv,2026-02-27T01:56:26,UNCLASSIFIED,[OUT_OF_SCOPE]
2024,Toyota,RAV4,Gx (2Wd) Hybrid,Wagon,23212,Automatic,2026-10-17,46970,Hybrid,VIC,car/14954917/toyota/rav4/vic/keysborough/suv,2026-02-27T01:56:26,UNCLASSIFIED,[OUT_OF_SCOPE]
2020,Toyota,Fortuner,Crusade,Wagon,42891,Automatic,,54460,Diesel,VIC,car/14932217/toyota/fortuner/vic/south-morang/suv,2026-02-27T01:56:26,UNCLASSIFIED,[OUT_OF_SCOPE]
2019,Toyota,RAV4,Edge Awd,Wagon,33174,Automatic,2026-06-27,43888,Unleaded,VIC,car/14956335/toyota/rav4/vic/mulgrave/suv,2026-02-27T01:56:26,UNCLASSIFIED,[OUT_OF_SCOPE]
2022,Toyota,RAV4,Gx (2Wd) Hybrid,Wagon,27887,Automatic,,41460,Hybrid,VIC,car/14928936/toyota/rav4/vic/south-morang/suv,2026-02-27T01:56:26,UNCLASSIFIED,[OUT_OF_SCOPE]
2020,Toyota,Camry,Ascent,Sedan,22602,Automatic,2026-02-05,31970,Unleaded,VIC,car/14942218/toyota/camry/vic/south-morang/sedan,2026-02-27T01:56:26,toyota_camry_ascent_petrol_auto_sedan_asv70r,[OK]
2024,Toyota,Camry,Ascent,Sedan,48283,Automatic,,37970,Premium,VIC,car/14969417/toyota/camry/vic/keysborough/sedan,2026-02-27T01:56:26,UNCLASSIFIED,[OUT_OF_SCOPE_YEAR]
2024,Toyota,RAV4,Gx (2Wd) Hybrid,Wagon,12417,Automatic,2026-04-23,47970,Hybrid,VIC,car/14933887/toyota/rav4/vic/keysborough/suv,2026-02-27T01:56:26,UNCLASSIFIED,[OUT_OF_SCOPE]
2023,Toyota,Corolla,Ascent Sport Hybrid,Hatchback,85089,Automatic,,28990,Hybrid,VIC,car/14948466/toyota/corolla/vic/hoppers-crossing/hatchback,2026-02-27T01:56:26,UNCLASSIFIED,[OUT_OF_SCOPE_YEAR]
2022,Toyota,Fortuner,GX,SUV,38179,Automatic,,50990,Diesel,VIC,car/14970450/toyota/fortuner/vic/mentone/suv,2026-02-27T01:56:26,UNCLASSIFIED,[OUT_OF_SCOPE]
2022,Toyota,HiAce,Lwb,Van,73934,Automatic,,48480,Diesel,VIC,car/14968264/toyota/hiace/vic/south-morang/van,2026-02-27T01:56:26,UNCLASSIFIED,[OUT_OF_SCOPE]
2022,Toyota,Corolla,Ascent Sport Hybrid,Sedan,62600,Automatic,2026-08-01,29888,Hybrid,VIC,car/14984843/toyota/corolla/vic/deer-park/sedan,2026-02-27T01:56:26,UNCLASSIFIED,[OUT_OF_SCOPE]
2020,Toyota,Corolla,Ascent Sport Hybrid,Hatchback,93989,Automatic,2026-03-19,25888,Hybrid,VIC,car/14984823/toyota/corolla/vic/deer-park/hatchback,2026-02-27T01:56:26,toyota_corolla_ascent_sport_hybrid_auto_hatch_zwe211r,[OK]
2018,Toyota,Kluger,Grande (4X4),Wagon,120667,Automatic,2026-05-14,37777,Unleaded,VIC,car/14982595/toyota/kluger/vic/heidelberg/suv,2026-02-27T01:56:26,UNCLASSIFIED,[OUT_OF_SCOPE]
2011,Toyota,Tarago,Glx V6,Wagon,142000,Automatic,2026-08-31,19990,Premium,VIC,car/14981668/toyota/tarago/vic/camberwell/people-mover,2026-02-27T01:56:26,UNCLASSIFIED,[OUT_OF_SCOPE]
2020,Toyota,Corolla,Sx (Hybrid),Hatchback,49663,Automatic,2026-04-22,28495,Hybrid,VIC,car/14982448/toyota/corolla/vic/burwood/hatchback,2026-02-27T01:56:26,UNCLASSIFIED,[DISALLOWED_VARIANT]
2024,Toyota,Corolla,Sx Hybrid,Hatchback,24023,Automatic,2027-01-18,36990,Hybrid,VIC,car/14981233/toyota/corolla/vic/oakleigh/hatchback,2026-02-27T01:56:26,UNCLASSIFIED,[DISALLOWED_VARIANT]
2021,Toyota,RAV4,Gx (Awd) Hybrid,Wagon,87557,Automatic,2026-11-11,37990,Hybrid,VIC,car/14913408/toyota/rav4/vic/hoppers-crossing/suv,2026-02-27T01:56:26,UNCLASSIFIED,[OUT_OF_SCOPE]
2020,Toyota,Fortuner,Crusade,Wagon,79663,Automatic,2027-01-21,49990,Diesel,VIC,car/14969303/toyota/fortuner/vic/hoppers-crossing/suv,2026-02-27T01:56:26,UNCLASSIFIED,[OUT_OF_SCOPE]
2017,Toyota,Yaris,Ascent,Hatchback,107723,Automatic,2026-05-30,18999,Unleaded,VIC,car/14961441/toyota/yaris/vic/ringwood/hatchback,2026-02-27T01:56:26,UNCLASSIFIED,[OUT_OF_SCOPE]
2022,Toyota,Yaris Cross,Gxl Hybrid,Wagon,73689,Automatic,2026-06-22,31970,Hybrid,VIC,car/14918070/toyota/yaris-cross/vic/keysborough/suv,2026-02-27T01:56:26,UNCLASSIFIED,[OUT_OF_SCOPE]
2020,Toyota,RAV4,Gx 2Wd Hybrid,Wagon,77155,Automatic,,36990,Hybrid,VIC,car/14940399/toyota/rav4/vic/hoppers-crossing/suv,2026-02-27T01:56:26,UNCLASSIFIED,[OUT_OF_SCOPE]
2022,Toyota,RAV4,Gx (Awd) Hybrid,Wagon,90895,Automatic,,38990,Hybrid,VIC,car/14940406/toyota/rav4/vic/hoppers-crossing/suv,2026-02-27T01:56:26,UNCLASSIFIED,[OUT_OF_SCOPE]
2025,Toyota,Yaris Cross,Gx Hybrid,Wagon,16602,Automatic,,37989,Hybrid,VIC,car/14860698/toyota/yaris-cross/vic/mentone/suv,2026-02-27T01:56:26,UNCLASSIFIED,[OUT_OF_SCOPE]
2023,Toyota,RAV4,Gxl (2Wd) Hybrid,Wagon,45700,Automatic,,45990,Hybrid,VIC,car/14926882/toyota/rav4/vic/hoppers-crossing/suv,2026-02-27T01:56:26,UNCLASSIFIED,[OUT_OF_SCOPE]
2020,Toyota,RAV4,G Z,SUV,19933,Automatic,,43995,Hybrid,VIC,car/14957891/toyota/rav4/vic/mordialloc/suv,2026-02-27T01:56:26,UNCLASSIFIED,[OUT_OF_SCOPE]
2019,Toyota,Camry,Ascent,Sedan,48951,Automatic,2026-07-11,29888,Unleaded,VIC,car/14943536/toyota/camry/vic/croydon/sedan,2026-02-27T01:56:26,toyota_camry_ascent_petrol_auto_sedan_asv70r,[OK]
2024,Toyota,RAV4,Edge (Awd) Hybrid,Wagon,28167,Automatic,2026-02-18,61990,Hybrid,VIC,car/14941824/toyota/rav4/vic/hoppers-crossing/suv,2026-02-27T01:56:26,UNCLASSIFIED,[OUT_OF_SCOPE]
2024,Toyota,Corolla Cross,Atmos 2Wd Hybrid,Wagon,9946,Automatic,,53990,Hybrid,VIC,car/14858991/toyota/corolla-cross/vic/mentone/suv,2026-02-27T01:56:26,UNCLASSIFIED,[OUT_OF_SCOPE]
2019,Toyota,RAV4,Gxl 2Wd Hybrid,Wagon,97000,Automatic,,34998,Hybrid,VIC,car/14929272/toyota/rav4/vic/springvale/suv,2026-02-27T01:56:26,UNCLASSIFIED,[OUT_OF_SCOPE]
2021,Toyota,RAV4,Gx (Awd) Hybrid,Wagon,76938,Automatic,,38990,Hybrid,VIC,car/14941149/toyota/rav4/vic/hoppers-crossing/suv,2026-02-27T01:56:26,UNCLASSIFIED,[OUT_OF_SCOPE]
2022,Toyota,Corolla,Ascent Sport Hybrid,Hatchback,56052,Automatic,2026-02-26,28990,Hybrid,VIC,car/14941150/toyota/corolla/vic/hoppers-crossing/hatchback,2026-02-27T01:56:26,toyota_corolla_ascent_sport_hybrid_auto_hatch_zwe211r,[OK]
2014,Toyota,Hilux,Sr (4X4),Dual Cab Pick-up,241728,Automatic,2026-06-21,26999,Diesel,VIC,car/14950837/toyota/hilux/vic/ringwood/dual-cab,2026-02-27T01:56:26,UNCLASSIFIED,[OUT_OF_SCOPE]
2014,Toyota,Corolla,Levin Zr,Hatchback,228842,Automatic,2026-04-08,15970,Unleaded,VIC,car/14974175/toyota/corolla/vic/keysborough/hatchback,2026-02-27T01:56:26,UNCLASSIFIED,[DISALLOWED_VARIANT]
2022,Toyota,C-HR,Koba (2Wd) Hybrid,Wagon,71819,Automatic,2026-04-29,36970,Hybrid,VIC,car/14931942/toyota/c-hr/vic/keysborough/suv,2026-02-27T01:56:26,UNCLASSIFIED,[OUT_OF_SCOPE]
2024,Toyota,Camry,Ascent,Sedan,57607,Automatic,2026-04-20,36970,Premium,VIC,car/14920603/toyota/camry/vic/keysborough/sedan,2026-02-27T01:56:26,UNCLASSIFIED,[OUT_OF_SCOPE_YEAR]
2019,Toyota,Camry,Ascent,Sedan,65661,Automatic,2026-06-24,30270,Unleaded,VIC,car/14976304/toyota/camry/vic/burwood/sedan,2026-02-27T01:56:26,toyota_camry_ascent_petrol_auto_sedan_asv70r,[OK]
2024,Toyota,Camry,Ascent,Sedan,41720,Automatic,2026-06-13,35000,Premium,VIC,car/14976305/toyota/camry/vic/burwood/sedan,2026-02-27T01:56:26,UNCLASSIFIED,[OUT_OF_SCOPE_YEAR]
2011,Toyota,Yaris,Yr,Hatchback,211032,Automatic,2026-04-14,6990,Unleaded,VIC,car/14976313/toyota/yaris/vic/thomastown/hatchback,2026-02-27T01:56:26,UNCLASSIFIED,[OUT_OF_SCOPE]
2025,Toyota,Corolla,Ascent Sport Hev,Sedan,8248,Automatic,2026-03-14,37888,Hybrid,VIC,car/14984845/toyota/corolla/vic/deer-park/sedan,2026-02-27T01:56:26,UNCLASSIFIED,[OUT_OF_SCOPE]
2023,Toyota,RAV4,Cruiser (2Wd) Hybrid,Wagon,34049,Automatic,2026-06-28,55888,Hybrid,VIC,car/14984846/toyota/rav4/vic/deer-park/suv,2026-02-27T01:56:26,UNCLASSIFIED,[OUT_OF_SCOPE]
2024,Toyota,Hilux,Rogue 48V (4X4),Double Cab Pick Up,9158,Automatic,2026-03-12,76888,Hybrid,VIC,car/14984844/toyota/hilux/vic/deer-park/dual-cab,2026-02-27T01:56:26,UNCLASSIFIED,[OUT_OF_SCOPE]
2018,Toyota,Voxy,HYBRID,SUV,121700,Automatic,,29990,Other,VIC,car/14975292/toyota/voxy/vic/dandenong/suv,2026-02-27T01:56:26,UNCLASSIFIED,[OUT_OF_SCOPE]
2015,Toyota,Vellfire,2.5V,SUV,86200,Automatic,,35990,Other,VIC,car/14950792/toyota/vellfire/vic/dandenong/suv,2026-02-27T01:56:26,UNCLASSIFIED,[OUT_OF_SCOPE]
2019,Toyota,Crown,RS,Sedan,115993,Automatic,,38390,Other,VIC,car/14881355/toyota/crown/vic/dandenong/limousine,2026-02-27T01:56:26,UNCLASSIFIED,[OUT_OF_SCOPE]
2018,Toyota,Landcruiser,Workmate (4X4),Cab Chassis,254323,Manual,2026-03-22,44999,Diesel,VIC,car/14872262/toyota/landcruiser/vic/dandenong-south/single-cab,2026-02-27T01:56:26,UNCLASSIFIED,[OUT_OF_SCOPE]
2024,Toyota,Landcruiser Prado,Altitude,Wagon,39128,Automatic,,104990,Diesel,VIC,car/14970972/toyota/landcruiser-prado/vic/sunbury/suv,2026-02-27T01:56:26,UNCLASSIFIED,[OUT_OF_SCOPE]
2020,Toyota,Landcruiser,Lc200 Vx (4X4),Wagon,184390,Automatic,,93990,Diesel,VIC,car/14871913/toyota/landcruiser/vic/frankston/suv,2026-02-27T01:56:26,UNCLASSIFIED,[OUT_OF_SCOPE]
2024,Toyota,Tundra,Limited,Dual Cab Pick-up,30,Automatic,,163800,Hybrid,VIC,car/14937027/toyota/tundra/vic/narre-warren/dual-cab,2026-02-27T01:56:26,UNCLASSIFIED,[OUT_OF_SCOPE]
2007,Toyota,Landcruiser,Workmate (4X4) 3 Seat,,469296,Manual,2026-02-15,36990,Diesel,VIC,car/14924823/toyota/landcruiser/vic/seaford/suv,2026-02-27T01:56:26,UNCLASSIFIED,[OUT_OF_SCOPE]
2004,Toyota,Corolla,Ascent Seca,Hatchback,250000,Automatic,2026-10-29,6499,Unleaded,VIC,car/14909149/toyota/corolla/vic/dandenong/hatchback,2026-02-27T01:56:26,UNCLASSIFIED,[OUT_OF_SCOPE_YEAR]
2016,Toyota,Hilux,Sr5 (4X4),Dual Cab Utility,258806,Automatic,2026-02-24,29990,Diesel,VIC,car/14924162/toyota/hilux/vic/seaford/dual-cab,2026-02-27T01:56:26,UNCLASSIFIED,[OUT_OF_SCOPE]
2021,Toyota,Landcruiser,Gxl,Wagon,39583,Manual,,124990,Diesel,VIC,car/14928494/toyota/landcruiser/vic/frankston/suv,2026-02-27T01:56:26,UNCLASSIFIED,[OUT_OF_SCOPE]
2017,Toyota,Kluger,Grande (4X4),Wagon,165843,Automatic,,29990,Unleaded,VIC,car/14846763/toyota/kluger/vic/frankston/suv,2026-02-27T01:56:26,UNCLASSIFIED,[OUT_OF_SCOPE]
2012,Toyota,Corolla,ASCENT SPORT,Hatch,156697,Manual,,11990,Unleaded,VIC,car/14847055/toyota/corolla/vic/seaford/hatchback,2026-02-27T01:56:26,UNCLASSIFIED,[OUT_OF_SCOPE]
2017,Toyota,Landcruiser,WORKMATE,Ute Tray,326029,Manual,2026-02-24,57999,Diesel,VIC,car/14968979/toyota/landcruiser/vic/dandenong-south/pickup,2026-02-27T01:56:26,UNCLASSIFIED,[OUT_OF_SCOPE]
2025,Toyota,Landcruiser,Lc79 Gxl + Diff Locks,Double Cab Chassis,21,Manual,,184990,Diesel,VIC,car/14876411/toyota/landcruiser/vic/narre-warren/dual-cab,2026-02-27T01:56:26,UNCLASSIFIED,[OUT_OF_SCOPE]
2022,Toyota,Landcruiser Prado,Vx,Wagon,181419,Automatic,,62990,Diesel,VIC,car/14882973/toyota/landcruiser-prado/vic/frankston/suv,2026-02-27T01:56:26,UNCLASSIFIED,[OUT_OF_SCOPE]
2019,Toyota,Landcruiser Prado,Vx (4X4),Wagon,186000,Automatic,2026-03-26,51950,Diesel,VIC,car/14896780/toyota/landcruiser-prado/vic/seaford/suv,2026-02-27T01:56:26,UNCLASSIFIED,[OUT_OF_SCOPE]
2014,Toyota,Corolla,Ascent,Hatchback,131156,Automatic,2026-03-27,16888,Unleaded,VIC,car/14928395/toyota/corolla/vic/ringwood/hatchback,2026-02-27T01:56:26,toyota_corolla_ascent_petrol_auto_hatch_zre18x,[OK]
2022,Toyota,Kluger,Gx Hybrid Awd,Wagon,49281,Automatic,,49990,Hybrid,VIC,car/14859673/toyota/kluger/vic/mentone/suv,2026-02-27T01:56:26,UNCLASSIFIED,[OUT_OF_SCOPE]
2023,Toyota,Fortuner,Crusade,Wagon,58379,Automatic,2026-07-21,63970,Diesel,VIC,car/14971566/toyota/fortuner/vic/keysborough/suv,2026-02-27T01:56:26,UNCLASSIFIED,[OUT_OF_SCOPE]
2019,Toyota,Camry,Ascent,Sedan,95332,Automatic,2026-04-13,24777,Unleaded,VIC,car/14963354/toyota/camry/vic/heidelberg/sedan,2026-02-27T01:56:26,toyota_camry_ascent_petrol_auto_sedan_asv70r,[OK]
2022,Toyota,HiAce,Slwb,Van,121966,Automatic,2026-04-06,49888,Diesel,VIC,car/14892667/toyota/hiace/vic/deer-park/van,2026-02-27T01:56:26,UNCLASSIFIED,[OUT_OF_SCOPE]
2022,Toyota,Kluger,Gxl Hybrid Awd,Wagon,95100,Automatic,,52990,Hybrid,VIC,car/14878574/toyota/kluger/vic/narre-warren/suv,2026-02-27T01:56:26,UNCLASSIFIED,[OUT_OF_SCOPE]
2018,Toyota,Landcruiser,WORKMATE (4X4),Ute Tray,151038,Manual,2026-05-17,62888,Diesel,VIC,car/14937493/toyota/landcruiser/vic/dandenong-south/pickup,2026-02-27T01:56:26,UNCLASSIFIED,[OUT_OF_SCOPE]
2018,Toyota,Landcruiser,Gxl (4X4),Double Cab Chassis,235305,Manual,,79990,Diesel,VIC,car/14918381/toyota/landcruiser/vic/frankston/dual-cab,2026-02-27T01:56:26,UNCLASSIFIED,[OUT_OF_SCOPE]
2010,Toyota,Corolla,Ascent,Hatchback,129500,Automatic,2026-06-13,12500,Unleaded,VIC,car/14971948/toyota/corolla/vic/dandenong/hatchback,2026-02-27T01:56:26,UNCLASSIFIED,[OUT_OF_SCOPE_YEAR]
2021,Toyota,RAV4,Gxl (Awd) Hybrid,Wagon,74484,Automatic,,41990,Hybrid,VIC,car/14892926/toyota/rav4/vic/frankston/suv,2026-02-27T01:56:26,UNCLASSIFIED,[OUT_OF_SCOPE]
2019,Toyota,Landcruiser,Lc200 Gx (4X4),Wagon,311374,Automatic,,44999,Diesel,VIC,car/14871966/toyota/landcruiser/vic/dandenong-south/suv,2026-02-27T01:56:26,UNCLASSIFIED,[OUT_OF_SCOPE]
2016,Toyota,Landcruiser Prado,Vx (4X4),Wagon,132408,Automatic,,50990,Diesel,VIC,car/14963470/toyota/landcruiser-prado/vic/narre-warren/suv,2026-02-27T01:56:26,UNCLASSIFIED,[OUT_OF_SCOPE]
2022,Toyota,Landcruiser,Gxl,Cab Chassis,103879,Manual,,89990,Diesel,VIC,car/14940443/toyota/landcruiser/vic/frankston/single-cab,2026-02-27T01:56:26,UNCLASSIFIED,[OUT_OF_SCOPE]
2013,Toyota,Camry,Hybrid Hl,Sedan,265729,Automatic,2026-02-20,14999,Hybrid,VIC,car/14951760/toyota/camry/vic/upper-ferntree-gully/sedan,2026-02-27T01:56:26,UNCLASSIFIED,[AMBIG_BADGE]
2008,Toyota,Crown,ROYAL SALOON,Sedan,105447,Automatic,,15490,Other,VIC,car/14847913/toyota/crown/vic/dandenong/limousine,2026-02-27T01:56:26,UNCLASSIFIED,[OUT_OF_SCOPE]
2022,Toyota,Granvia,Vx (6 Seats),Wagon,73129,Automatic,,67500,Diesel,VIC,car/14898250/toyota/granvia/vic/narre-warren/people-mover,2026-02-27T01:56:26,UNCLASSIFIED,[OUT_OF_SCOPE]
2016,Toyota,Corolla,Ascent,Hatchback,130000,Automatic,2026-04-06,17500,Unleaded,VIC,car/14882444/toyota/corolla/vic/dandenong/hatchback,2026-02-27T01:56:26,toyota_corolla_ascent_petrol_auto_hatch_zre18x,[OK]
2010,Toyota,Hilux,Workmate,Cab Chassis,177000,Automatic,2026-10-15,15499,Unleaded,VIC,car/14833805/toyota/hilux/vic/dandenong/single-cab,2026-02-27T01:56:26,UNCLASSIFIED,[OUT_OF_SCOPE]
2024,Toyota,Hilux,Rogue 48V (4X4),Double Cab Pick Up,22610,Automatic,,73990,Hybrid,VIC,car/14961710/toyota/hilux/vic/frankston/dual-cab,2026-02-27T01:56:26,UNCLASSIFIED,[OUT_OF_SCOPE]
2018,Toyota,HiAce,Lwb Crew,Van,195282,Automatic,,30888,Diesel,VIC,car/14954271/toyota/hiace/vic/narre-warren/van,2026-02-27T01:56:26,UNCLASSIFIED,[OUT_OF_SCOPE]
2021,Toyota,Hilux,Workmate (4X4),Double Cab Chassis,220747,Automatic,2026-05-18,28888,Diesel,VIC,car/14868366/toyota/hilux/vic/dandenong-south/dual-cab,2026-02-27T01:56:26,UNCLASSIFIED,[OUT_OF_SCOPE]
2024,Toyota,Hilux,Workmate (4X4),Double Cab Pick Up,19113,Manual,,46990,Diesel,VIC,car/14974168/toyota/hilux/vic/frankston/dual-cab,2026-02-27T01:56:26,UNCLASSIFIED,[OUT_OF_SCOPE]
2010,Toyota,Vellfire,Z,SUV,81780,Automatic,,19990,Other,VIC,car/14902100/toyota/vellfire/vic/dandenong/suv,2026-02-27T01:56:26,UNCLASSIFIED,[OUT_OF_SCOPE]
2023,Toyota,RAV4,Gx (2Wd),Wagon,29867,Automatic,2026-07-30,38777,Unleaded,VIC,car/14937447/toyota/rav4/vic/heidelberg/suv,2026-02-27T01:56:26,UNCLASSIFIED,[OUT_OF_SCOPE]
2016,Toyota,Landcruiser,Gxl (4X4),Wagon,159986,Automatic,2026-11-16,79490,Diesel,VIC,car/14967686/toyota/landcruiser/vic/bentleigh/suv,2026-02-27T01:56:26,UNCLASSIFIED,[OUT_OF_SCOPE]
2019,Toyota,Yaris,Ascent,Hatchback,52252,Automatic,2026-05-12,19990,Unleaded,VIC,car/14948745/toyota/yaris/vic/bentleigh/hatchback,2026-02-27T01:56:26,UNCLASSIFIED,[OUT_OF_SCOPE]
2007,Toyota,Aurion,Sportivo Zr6,Sedan,243000,Automatic,,9999,Unleaded,VIC,car/14919133/toyota/aurion/vic/brooklyn/sedan,2026-02-27T01:56:26,UNCLASSIFIED,[OUT_OF_SCOPE]
2020,Toyota,Corolla,Ascent Sport (Hybrid),Hatchback,150000,Automatic,2026-01-10,22000,Hybrid,VIC,car/14851150/toyota/corolla/vic/epping/hatchback,2026-02-27T01:56:26,toyota_corolla_ascent_sport_hybrid_auto_hatch_zwe211r,[OK]
2022,Toyota,RAV4,Gxl (2Wd) Hybrid,Wagon,93833,Automatic,,40990,Hybrid,VIC,car/14979138/toyota/rav4/vic/narre-warren/suv,2026-02-27T01:56:26,UNCLASSIFIED,[OUT_OF_SCOPE]
2017,Toyota,Corolla,Ascent Sport,Hatchback,70286,Automatic,,21990,Unleaded,VIC,car/14978568/toyota/corolla/vic/sunbury/hatchback,2026-02-27T01:56:26,toyota_corolla_ascent_sport_petrol_auto_hatch_zre18x,[OK]
2020,Toyota,Landcruiser Prado,Kakadu,Wagon,73461,Automatic,2026-07-28,76990,Diesel,VIC,car/14981167/toyota/landcruiser-prado/vic/frankston/suv,2026-02-27T01:56:26,UNCLASSIFIED,[OUT_OF_SCOPE]
2023,Toyota,Yaris Cross,Gx Hybrid,Wagon,52895,Automatic,,32990,Hybrid,VIC,car/14979140/toyota/yaris-cross/vic/narre-warren/suv,2026-02-27T01:56:26,UNCLASSIFIED,[OUT_OF_SCOPE]
2019,Toyota,Hilux,SR5,Ute Tray,197787,Automatic,2026-03-07,38888,Diesel,VIC,car/14979849/toyota/hilux/vic/dandenong-south/pickup,2026-02-27T01:56:26,UNCLASSIFIED,[OUT_OF_SCOPE]
2014,Toyota,Prius V,I-Tech,Wagon,146906,Automatic,2026-04-09,19999,Hybrid,VIC,car/14979800/toyota/prius-v/vic/upper-ferntree-gully/wagon,2026-02-27T01:56:26,UNCLASSIFIED,[OUT_OF_SCOPE]
2016,Toyota,Hilux,Sr5 (4X4),Dual Cab Utility,289973,Automatic,,28888,Diesel,VIC,car/14892745/toyota/hilux/vic/dandenong-south/dual-cab,2026-02-27T01:56:26,UNCLASSIFIED,[OUT_OF_SCOPE]
2016,Toyota,Corolla,Ascent Sport,Hatchback,83884,Automatic,,19990,Unleaded,VIC,car/14978196/toyota/corolla/vic/narre-warren/hatchback,2026-02-27T01:56:26,toyota_corolla_ascent_sport_petrol_auto_hatch_zre18x,[OK]
2023,Toyota,Camry,Ascent,Sedan,38375,Automatic,2026-05-31,35990,Premium,VIC,car/14976555/toyota/camry/vic/seaford/sedan,2026-02-27T01:56:26,UNCLASSIFIED,[OUT_OF_SCOPE_YEAR]
2018,Toyota,Hilux,SR,Ute Tray,200041,Manual,,34888,Diesel,VIC,car/14976897/toyota/hilux/vic/dandenong-south/pickup,2026-02-27T01:56:26,UNCLASSIFIED,[OUT_OF_SCOPE]
2025,Toyota,Corolla,Ascent Sport Hybrid,Hatchback,2996,Automatic,,36990,Hybrid,VIC,car/14977171/toyota/corolla/vic/frankston/hatchback,2026-02-27T01:56:26,toyota_corolla_ascent_sport_hybrid_auto_hatch_zwe219r,[OK]
2017,Toyota,Hilux,Workmate,Cab Chassis,234908,Automatic,2026-05-23,17888,Unleaded,VIC,car/14976896/toyota/hilux/vic/dandenong-south/single-cab,2026-02-27T01:56:26,UNCLASSIFIED,[OUT_OF_SCOPE]
2020,Toyota,GR Yaris,Gr,Hatchback,99111,Manual,,36990,Premium,VIC,car/14953590/toyota/gr-yaris/vic/sunbury/hatchback,2026-02-27T01:56:26,UNCLASSIFIED,[OUT_OF_SCOPE]
2021,Toyota,Hilux,SR,Ute Tray,285352,Automatic,2025-12-20,27999,Diesel,VIC,car/14851683/toyota/hilux/vic/dandenong-south/pickup,2026-02-27T01:56:26,UNCLASSIFIED,[OUT_OF_SCOPE]
2008,Toyota,Corolla,Ascent,Sedan,233000,Automatic,2026-03-28,8000,Unleaded,VIC,car/14961073/toyota/corolla/vic/dandenong/sedan,2026-02-27T01:56:26,UNCLASSIFIED,[OUT_OF_SCOPE_YEAR]
2024,Toyota,Corolla,Ascent Sport Hybrid,Sedan,23821,Automatic,,34990,Hybrid,VIC,car/14973676/toyota/corolla/vic/frankston/sedan,2026-02-27T01:56:26,UNCLASSIFIED,[OUT_OF_SCOPE]
2021,Toyota,RAV4,Gxl (2Wd) Hybrid,Wagon,50678,Automatic,2026-04-11,39800,Hybrid,VIC,car/14911307/toyota/rav4/vic/berwick/suv,2026-02-27T01:56:26,UNCLASSIFIED,[OUT_OF_SCOPE]
2020,Toyota,Landcruiser,Lc200 Sahara (4X4),Wagon,130493,Automatic,,110990,Diesel,VIC,car/14954149/toyota/landcruiser/vic/narre-warren/suv,2026-02-27T01:56:26,UNCLASSIFIED,[OUT_OF_SCOPE]
2019,Toyota,Prius,PLUG-IN HYBRID,Hatch,119284,Automatic,,25990,Other,VIC,car/14919924/toyota/prius/vic/dandenong/hatchback,2026-02-27T01:56:26,UNCLASSIFIED,[OUT_OF_SCOPE]
2024,Toyota,Hilux,Rogue 48V (4X4),Double Cab Pick Up,18422,Automatic,,74990,Hybrid,VIC,car/14834888/toyota/hilux/vic/narre-warren/dual-cab,2026-02-27T01:56:26,UNCLASSIFIED,[OUT_OF_SCOPE]
2025,Toyota,RAV4,Xse (2Wd) Hybrid Premium Paint,Wagon,19284,Automatic,2026-03-14,60888,Hybrid,VIC,car/14944556/toyota/rav4/vic/deer-park/suv,2026-02-27T01:56:26,UNCLASSIFIED,[OUT_OF_SCOPE]
2024,Toyota,Yaris Cross,Gx Hybrid (Awd),Wagon,4104,Automatic,,38888,Hybrid,VIC,car/14939792/toyota/yaris-cross/vic/oakleigh/suv,2026-02-27T01:56:26,UNCLASSIFIED,[OUT_OF_SCOPE]
2023,Toyota,Landcruiser,Lc300 Sahara Zx (4X4),Wagon,41572,Automatic,2026-06-29,142888,Diesel,VIC,car/14919278/toyota/landcruiser/vic/deer-park/suv,2026-02-27T01:56:26,UNCLASSIFIED,[OUT_OF_SCOPE]
2021,Toyota,RAV4,Cruiser (Awd) Hybrid,Wagon,50276,Automatic,2026-07-08,47555,Hybrid,VIC,car/14928861/toyota/rav4/vic/heidelberg/suv,2026-02-27T01:56:26,UNCLASSIFIED,[OUT_OF_SCOPE]
2023,Toyota,Corolla,Ascent Sport Hybrid,Sedan,55723,Automatic,,29977,Hybrid,VIC,car/14970759/toyota/corolla/vic/bundoora/sedan,2026-02-27T01:56:26,UNCLASSIFIED,[OUT_OF_SCOPE]
2024,Toyota,GR86,Gts,Coupe,16620,Automatic,2026-07-12,48990,Premium,VIC,car/14911617/toyota/gr86/vic/camberwell/coupe,2026-02-27T01:56:26,UNCLASSIFIED,[OUT_OF_SCOPE]
2018,Toyota,Hilux,SR,Ute Tray,258926,Manual,,29888,Diesel,VIC,car/14986406/toyota/hilux/vic/dandenong-south/pickup,2026-02-27T01:56:26,UNCLASSIFIED,[OUT_OF_SCOPE]
2017,Toyota,Hilux,Workmate,Cab Chassis,202570,Automatic,,17888,Unleaded,VIC,car/14986083/toyota/hilux/vic/dandenong-south/single-cab,2026-02-27T01:56:26,UNCLASSIFIED,[OUT_OF_SCOPE]
2017,Toyota,Hilux,SR HI-RIDER,Ute Tray,286321,Automatic,,24888,Diesel,VIC,car/14985907/toyota/hilux/vic/dandenong-south/pickup,2026-02-27T01:56:26,UNCLASSIFIED,[OUT_OF_SCOPE]
2020,Toyota,HiAce,Lwb Gl (Colours),Van,91707,Automatic,,47990,Diesel,VIC,car/14985429/toyota/hiace/vic/narre-warren/van,2026-02-27T01:56:26,UNCLASSIFIED,[OUT_OF_SCOPE]
2018,Toyota,HiAce,Commuter,Bus,28950,Automatic,,53990,Diesel,VIC,car/14985436/toyota/hiace/vic/narre-warren/people-mover,2026-02-27T01:56:26,UNCLASSIFIED,[OUT_OF_SCOPE]
2018,Toyota,Noah,HYBRID,SUV,113340,Automatic,,29990,Other,VIC,car/14983453/toyota/noah/vic/dandenong/suv,2026-02-27T01:56:26,UNCLASSIFIED,[OUT_OF_SCOPE]
2017,Toyota,Hilux,SR5,Ute Tray,130176,Automatic,,38888,Diesel,VIC,car/14983429/toyota/hilux/vic/dandenong-south/pickup,2026-02-27T01:56:26,UNCLASSIFIED,[OUT_OF_SCOPE]
2025,Toyota,GR86,Gts,Coupe,7924,Manual,,49990,Premium,VIC,car/14984460/toyota/gr86/vic/frankston/coupe,2026-02-27T01:56:26,UNCLASSIFIED,[OUT_OF_SCOPE]
2020,Toyota,HiAce,Lwb Gl (Colours),Van,81735,Automatic,,47990,Diesel,VIC,car/14984446/toyota/hiace/vic/frankston/van,2026-02-27T01:56:26,UNCLASSIFIED,[OUT_OF_SCOPE]
2023,Toyota,Camry,Ascent,Sedan,25775,Automatic,2026-05-31,36990,Premium,VIC,car/14976337/toyota/camry/vic/seaford/sedan,2026-02-27T01:56:26,UNCLASSIFIED,[OUT_OF_SCOPE_YEAR]
2021,Toyota,Hilux,Sr5 (4X4),Double Cab Pick Up,62070,Automatic,,58990,Diesel,VIC,car/14984801/toyota/hilux/vic/frankston/dual-cab,2026-02-27T01:56:26,UNCLASSIFIED,[OUT_OF_SCOPE]
2022,Toyota,C-HR,Koba (2Wd) Hybrid,Wagon,37322,Automatic,,39990,Hybrid,VIC,car/14984024/toyota/c-hr/vic/frankston/suv,2026-02-27T01:56:26,UNCLASSIFIED,[OUT_OF_SCOPE]
2022,Toyota,Corolla,Zr Hybrid,Hatchback,42795,Automatic,2026-12-28,37950,Hybrid,VIC,car/14982971/toyota/corolla/vic/sunbury/hatchback,2026-02-27T01:56:26,UNCLASSIFIED,[DISALLOWED_VARIANT]
2016,Toyota,RAV4,Gx (2Wd),Wagon,165388,Automatic,,15990,Unleaded,VIC,car/14984234/toyota/rav4/vic/dandenong/suv,2026-02-27T01:56:26,UNCLASSIFIED,[OUT_OF_SCOPE]
2024,Toyota,Camry,Ascent,Sedan,16094,Automatic,,36990,Premium,VIC,car/14984244/toyota/camry/vic/frankston/sedan,2026-02-27T01:56:26,UNCLASSIFIED,[OUT_OF_SCOPE_YEAR]
2021,Toyota,Hilux,WORKMATE,Ute Tray,132168,Automatic,,25888,Unleaded,VIC,car/14984289/toyota/hilux/vic/dandenong-south/pickup,2026-02-27T01:56:26,UNCLASSIFIED,[OUT_OF_SCOPE]
2025,Toyota,RAV4,Cruiser (2Wd) Hybrid,Wagon,3723,Automatic,2026-11-24,59950,Hybrid,VIC,car/14982969/toyota/rav4/vic/sunbury/suv,2026-02-27T01:56:26,UNCLASSIFIED,[OUT_OF_SCOPE]
2021,Toyota,Fortuner,Crusade,Wagon,114801,Automatic,2026-07-15,47800,Diesel,VIC,car/14981336/toyota/fortuner/vic/berwick/suv,2026-02-27T01:56:26,UNCLASSIFIED,[OUT_OF_SCOPE]
2017,Toyota,Landcruiser,Sahara (4X4),Wagon,167105,Automatic,2026-03-16,88800,Diesel,VIC,car/14981338/toyota/landcruiser/vic/berwick/suv,2026-02-27T01:56:26,UNCLASSIFIED,[OUT_OF_SCOPE]
2018,Toyota,Camry,Ascent,Sedan,93159,Automatic,,24990,Unleaded,VIC,car/14979548/toyota/camry/vic/sunbury/sedan,2026-02-27T01:56:26,toyota_camry_ascent_petrol_auto_sedan_asv70r,[OK]
2020,Toyota,HiAce,GDH206V,Commercial,193410,Automatic,,33900,Other,VIC,car/14956237/toyota/hiace/vic/epping/van,2026-02-27T01:56:26,UNCLASSIFIED,[OUT_OF_SCOPE]
2022,Toyota,RAV4,Gx (2Wd),Wagon,38267,Automatic,2026-04-16,38777,Unleaded,VIC,car/14969041/toyota/rav4/vic/heidelberg/suv,2026-02-27T01:56:26,UNCLASSIFIED,[OUT_OF_SCOPE]
2008,Toyota,Landcruiser,Gx (4X4),Cab Chassis,342429,Manual,2026-06-30,34890,Diesel,VIC,car/14925075/toyota/landcruiser/vic/essendon-fields/single-cab,2026-02-27T01:56:26,UNCLASSIFIED,[OUT_OF_SCOPE]
2022,Toyota,Camry,Ascent,Sedan,24871,Automatic,2026-06-10,34500,Premium,VIC,car/14852604/toyota/camry/vic/burwood/sedan,2026-02-27T01:56:26,toyota_camry_ascent_petrol_auto_sedan_asv70r,[OK]
2021,Toyota,Kluger,Gx 2Wd,Wagon,126753,Automatic,2026-04-29,35888,Premium,VIC,car/14970714/toyota/kluger/vic/deer-park/suv,2026-02-27T01:56:26,UNCLASSIFIED,[OUT_OF_SCOPE]
2020,Toyota,HiAce,Commuter (12 Seats),Bus,111675,Automatic,2026-05-08,54777,Diesel,VIC,car/14939827/toyota/hiace/vic/heidelberg/people-mover,2026-02-27T01:56:26,UNCLASSIFIED,[OUT_OF_SCOPE]
2024,Toyota,Fortuner,Gx,Wagon,66057,Automatic,,52990,Diesel,VIC,car/14920234/toyota/fortuner/vic/sunbury/suv,2026-02-27T01:56:26,UNCLASSIFIED,[OUT_OF_SCOPE]
2016,Toyota,Camry,Atara Sl,Sedan,164000,Automatic,2026-05-09,18498,Unleaded,VIC,car/14974847/toyota/camry/vic/dandenong/sedan,2026-02-27T01:56:26,UNCLASSIFIED,[DISALLOWED_VARIANT]
2018,Toyota,Hilux,Rugged X (4X4),Dual Cab Utility,88229,Automatic,,51990,Diesel,VIC,car/14940442/toyota/hilux/vic/frankston/dual-cab,2026-02-27T01:56:26,UNCLASSIFIED,[OUT_OF_SCOPE]
2018,Toyota,Sienta,HYBRID,SUV,98525,Automatic,,22990,Other,VIC,car/14901929/toyota/sienta/vic/dandenong/suv,2026-02-27T01:56:26,UNCLASSIFIED,[OUT_OF_SCOPE]
2019,Toyota,Kluger,Gxl (4X2),Wagon,78797,Automatic,,37990,Unleaded,VIC,car/14916231/toyota/kluger/vic/frankston/suv,2026-02-27T01:56:26,UNCLASSIFIED,[OUT_OF_SCOPE]
2021,Toyota,RAV4,Gxl (2Wd) Hybrid,Wagon,67053,Automatic,2026-03-07,39999,Hybrid,VIC,car/14852825/toyota/rav4/vic/melton/suv,2026-02-27T01:56:26,UNCLASSIFIED,[OUT_OF_SCOPE]
2022,Toyota,Corolla,Ascent Sport Hybrid,Hatchback,61105,Automatic,,29990,Hybrid,VIC,car/14973544/toyota/corolla/vic/frankston/hatchback,2026-02-27T01:56:26,toyota_corolla_ascent_sport_hybrid_auto_hatch_zwe211r,[OK]
2025,Toyota,GR86,Gts,Coupe,860,Automatic,,53990,Premium,VIC,car/14961882/toyota/gr86/vic/narre-warren/coupe,2026-02-27T01:56:26,UNCLASSIFIED,[OUT_OF_SCOPE]
2019,Toyota,Landcruiser,Lc200 Vx (4X4),Wagon,151246,Automatic,,93990,Diesel,VIC,car/14924216/toyota/landcruiser/vic/frankston/suv,2026-02-27T01:56:26,UNCLASSIFIED,[OUT_OF_SCOPE]
2015,Toyota,Corolla,Ascent Sport,Hatchback,159084,Automatic,2026-05-29,15999,Unleaded,VIC,car/14927724/toyota/corolla/vic/dandenong/hatchback,2026-02-27T01:56:26,toyota_corolla_ascent_sport_petrol_auto_hatch_zre18x,[OK]
2022,Toyota,Kluger,Gx Awd,Wagon,65456,Automatic,,41999,Premium,VIC,car/14932346/toyota/kluger/vic/melton/suv,2026-02-27T01:56:26,UNCLASSIFIED,[OUT_OF_SCOPE]
2021,Toyota,RAV4,Gxl (Awd) Hybrid,Wagon,157290,Automatic,,34990,Hybrid,VIC,car/14896125/toyota/rav4/vic/frankston/suv,2026-02-27T01:56:26,UNCLASSIFIED,[OUT_OF_SCOPE]
2018,Toyota,Fortuner,Crusade,Wagon,74889,Automatic,,46333,Diesel,VIC,car/14907283/toyota/fortuner/vic/narre-warren/suv,2026-02-27T01:56:26,UNCLASSIFIED,[OUT_OF_SCOPE]
2024,Toyota,Hilux,Sr5 48V (4X4),Double Cab Chassis,20330,Automatic,,69990,Hybrid,VIC,car/14911399/toyota/hilux/vic/frankston/dual-cab,2026-02-27T01:56:26,UNCLASSIFIED,[OUT_OF_SCOPE]
2022,Toyota,Corolla,Ascent Sport Hybrid,Sedan,77663,Automatic,,28500,Hybrid,VIC,car/14851781/toyota/corolla/vic/narre-warren/sedan,2026-02-27T01:56:26,UNCLASSIFIED,[OUT_OF_SCOPE]
2019,Toyota,Landcruiser Prado,Gxl (4X4),Wagon,147091,Automatic,,56990,Diesel,VIC,car/14945081/toyota/landcruiser-prado/vic/narre-warren/suv,2026-02-27T01:56:26,UNCLASSIFIED,[OUT_OF_SCOPE]
2017,Toyota,Hilux,SR,Ute Tray,289059,Automatic,2026-10-03,24888,Diesel,VIC,car/14959470/toyota/hilux/vic/dandenong-south/pickup,2026-02-27T01:56:26,UNCLASSIFIED,[OUT_OF_SCOPE]
2017,Toyota,Prius,PLUG-IN HYBRID,Hatch,69700,Automatic,,26990,Other,VIC,car/14887803/toyota/prius/vic/dandenong/hatchback,2026-02-27T01:56:26,UNCLASSIFIED,[OUT_OF_SCOPE]
2017,Toyota,Hilux,SR,Ute Tray,274988,Manual,,28888,Diesel,VIC,car/14972126/toyota/hilux/vic/dandenong-south/pickup,2026-02-27T01:56:26,UNCLASSIFIED,[OUT_OF_SCOPE]
2018,Toyota,C-HR,(2Wd),Wagon,21625,Automatic,2026-03-18,32995,Premium,VIC,car/14970734/toyota/c-hr/vic/bundoora/suv,2026-02-27T01:56:26,UNCLASSIFIED,[OUT_OF_SCOPE]
2020,Toyota,RAV4,Gxl (2Wd),Wagon,89075,Automatic,2026-10-27,33380,Unleaded,VIC,car/14940530/toyota/rav4/vic/burwood/suv,2026-02-27T01:56:26,UNCLASSIFIED,[OUT_OF_SCOPE]
2024,Toyota,RAV4,Cruiser (Awd) Hybrid,Wagon,36987,Automatic,,59990,Hybrid,VIC,car/14933858/toyota/rav4/vic/frankston/suv,2026-02-27T01:56:26,UNCLASSIFIED,[OUT_OF_SCOPE]
2024,Toyota,Yaris Cross,Gx Hybrid,Wagon,45683,Automatic,2026-08-06,35990,Hybrid,VIC,car/14953594/toyota/yaris-cross/vic/sunbury/suv,2026-02-27T01:56:26,UNCLASSIFIED,[OUT_OF_SCOPE]
2024,Toyota,RAV4,Gx (2Wd) Hybrid,Wagon,48073,Automatic,,44990,Hybrid,VIC,car/14932153/toyota/rav4/vic/frankston/suv,2026-02-27T01:56:26,UNCLASSIFIED,[OUT_OF_SCOPE]
2024,Toyota,Corolla,Ascent Sport Hybrid,Hatchback,16426,Automatic,,35990,Hybrid,VIC,car/14963331/toyota/corolla/vic/frankston/hatchback,2026-02-27T01:56:26,toyota_corolla_ascent_sport_hybrid_auto_hatch_zwe219r,[OK]
2022,Toyota,Kluger,Gx 2Wd,Wagon,60121,Automatic,,43999,Premium,VIC,car/14971163/toyota/kluger/vic/melton/suv,2026-02-27T01:56:26,UNCLASSIFIED,[OUT_OF_SCOPE]
2016,Toyota,Vellfire,3.5Z,SUV,76435,Automatic,,39990,Other,VIC,car/14947337/toyota/vellfire/vic/dandenong/suv,2026-02-27T01:56:26,UNCLASSIFIED,[OUT_OF_SCOPE]
2022,Toyota,GR Yaris,Gr,Hatchback,52328,Manual,,44333,Premium,VIC,car/14913041/toyota/gr-yaris/vic/narre-warren/hatchback,2026-02-27T01:56:26,UNCLASSIFIED,[OUT_OF_SCOPE]
2025,Toyota,Fortuner,Gx,Wagon,10530,Automatic,,59990,Diesel,VIC,car/14918599/toyota/fortuner/vic/frankston/suv,2026-02-27T01:56:26,UNCLASSIFIED,[OUT_OF_SCOPE]
2024,Toyota,Corolla,Ascent Sport Hybrid,Hatchback,17120,Automatic,,35990,Hybrid,VIC,car/14832500/toyota/corolla/vic/frankston/hatchback,2026-02-27T01:56:26,toyota_corolla_ascent_sport_hybrid_auto_hatch_zwe219r,[OK]
2019,Toyota,Camry,Ascent (Hybrid),Sedan,131277,Automatic,2026-04-23,25999,Hybrid,VIC,car/14973910/toyota/camry/vic/dandenong/sedan,2026-02-27T01:56:26,toyota_camry_ascent_hybrid_auto_sedan_axvh71r,[OK]
2024,Toyota,RAV4,Cruiser (Awd) Hybrid,Wagon,10854,Automatic,2026-03-22,58880,Hybrid,VIC,car/14920509/toyota/rav4/vic/sunbury/suv,2026-02-27T01:56:26,UNCLASSIFIED,[OUT_OF_SCOPE]
2023,Toyota,Kluger,Gx 2Wd,Wagon,37640,Automatic,,45990,Unleaded,VIC,car/14963468/toyota/kluger/vic/narre-warren/suv,2026-02-27T01:56:26,UNCLASSIFIED,[OUT_OF_SCOPE]
2019,Toyota,Corolla,Ascent Sport,Hatchback,91037,Automatic,2026-08-21,24999,Unleaded,VIC,car/14911675/toyota/corolla/vic/melton/hatchback,2026-02-27T01:56:26,toyota_corolla_ascent_sport_petrol_auto_hatch_mzea12r,[OK]
2021,Toyota,Fortuner,Gx,Wagon,87827,Automatic,,45990,Diesel,VIC,car/14956824/toyota/fortuner/vic/narre-warren/suv,2026-02-27T01:56:26,UNCLASSIFIED,[OUT_OF_SCOPE]
2015,Toyota,Vellfire,2.5,SUV,69304,Automatic,,36990,Other,VIC,car/14950001/toyota/vellfire/vic/dandenong/suv,2026-02-27T01:56:26,UNCLASSIFIED,[OUT_OF_SCOPE]
2020,Toyota,Landcruiser,Workmate (4X4),Cab Chassis,233370,Manual,,59888,Diesel,VIC,car/14943895/toyota/landcruiser/vic/dandenong-south/single-cab,2026-02-27T01:56:26,UNCLASSIFIED,[OUT_OF_SCOPE]
2012,Toyota,Landcruiser,Gxl (4X4),Wagon,93330,Automatic,,74990,Diesel,VIC,car/14943931/toyota/landcruiser/vic/frankston/suv,2026-02-27T01:56:26,UNCLASSIFIED,[OUT_OF_SCOPE]
2017,Toyota,C-HR,(Awd),Wagon,66099,Automatic,,26990,Premium,VIC,car/14893311/toyota/c-hr/vic/frankston/suv,2026-02-27T01:56:26,UNCLASSIFIED,[OUT_OF_SCOPE]
2018,Toyota,Kluger,Gxl (4X2),Wagon,159480,Automatic,2026-05-28,29800,Unleaded,VIC,car/14946142/toyota/kluger/vic/berwick/suv,2026-02-27T01:56:26,UNCLASSIFIED,[OUT_OF_SCOPE]
2020,Toyota,Hilux,Sr5 (4X4),Double Cab Pick Up,114504,Automatic,,51990,Diesel,VIC,car/14960062/toyota/hilux/vic/narre-warren/dual-cab,2026-02-27T01:56:26,UNCLASSIFIED,[OUT_OF_SCOPE]
2023,Toyota,Camry,Ascent,Sedan,66528,Automatic,,33990,Premium,VIC,car/14864813/toyota/camry/vic/frankston/sedan,2026-02-27T01:56:26,UNCLASSIFIED,[OUT_OF_SCOPE_YEAR]
2022,Toyota,RAV4,Gx (2Wd) Hybrid,Wagon,83546,Automatic,,38990,Hybrid,VIC,car/14953596/toyota/rav4/vic/sunbury/suv,2026-02-27T01:56:26,UNCLASSIFIED,[OUT_OF_SCOPE]
2019,Toyota,Camry,Ascent Sport,Sedan,34556,Automatic,,28777,Unleaded,VIC,car/14921326/toyota/camry/vic/narre-warren/sedan,2026-02-27T01:56:26,UNCLASSIFIED,[DISALLOWED_VARIANT]
2024,Toyota,RAV4,Gxl (2Wd) Hybrid,Wagon,27073,Automatic,,48990,Hybrid,VIC,car/14920385/toyota/rav4/vic/frankston/suv,2026-02-27T01:56:26,UNCLASSIFIED,[OUT_OF_SCOPE]
2019,Toyota,Corolla,Zr,Hatchback,87813,Automatic,2026-01-29,26490,Unleaded,VIC,car/14956558/toyota/corolla/vic/sunbury/hatchback,2026-02-27T01:56:26,UNCLASSIFIED,[DISALLOWED_VARIANT]
2022,Toyota,Kluger,Gx Awd,Wagon,29562,Automatic,2026-03-02,48990,Premium,VIC,car/14936946/toyota/kluger/vic/frankston/suv,2026-02-27T01:56:26,UNCLASSIFIED,[OUT_OF_SCOPE]
2021,Toyota,RAV4,Gxl (2Wd) Hybrid,Wagon,59715,Automatic,,40990,Hybrid,VIC,car/14930124/toyota/rav4/vic/frankston/suv,2026-02-27T01:56:26,UNCLASSIFIED,[OUT_OF_SCOPE]
2023,Toyota,Camry,Ascent,Sedan,78538,Automatic,,32990,Premium,VIC,car/14871914/toyota/camry/vic/frankston/sedan,2026-02-27T01:56:26,UNCLASSIFIED,[OUT_OF_SCOPE_YEAR]
2024,Toyota,C-HR,Gxl Hybrid,Wagon,32631,Automatic,,42990,Hybrid,VIC,car/14932149/toyota/c-hr/vic/frankston/suv,2026-02-27T01:56:26,UNCLASSIFIED,[OUT_OF_SCOPE]
2024,Toyota,RAV4,Gx (2Wd) Hybrid,Wagon,54466,Automatic,,42990,Hybrid,VIC,car/14968890/toyota/rav4/vic/frankston/suv,2026-02-27T01:56:26,UNCLASSIFIED,[OUT_OF_SCOPE]
2021,Toyota,RAV4,Gxl (2Wd) Hybrid,Wagon,31000,Automatic,,44990,Hybrid,VIC,car/14871295/toyota/rav4/vic/frankston/suv,2026-02-27T01:56:26,UNCLASSIFIED,[OUT_OF_SCOPE]
2021,Toyota,Hilux,SR,Ute Tray,180476,Automatic,2026-05-19,37888,Diesel,VIC,car/14943556/toyota/hilux/vic/dandenong-south/pickup,2026-02-27T01:56:26,UNCLASSIFIED,[OUT_OF_SCOPE]
2023,Toyota,RAV4,Cruiser (Awd) Hybrid,Wagon,31294,Automatic,,57990,Hybrid,VIC,car/14911393/toyota/rav4/vic/frankston/suv,2026-02-27T01:56:26,UNCLASSIFIED,[OUT_OF_SCOPE]
2024,Toyota,RAV4,Gx (2Wd) Hybrid,Wagon,53809,Automatic,,44500,Hybrid,VIC,car/14931497/toyota/rav4/vic/narre-warren/suv,2026-02-27T01:56:26,UNCLASSIFIED,[OUT_OF_SCOPE]
2024,Toyota,RAV4,Gx (Awd) Hybrid,Wagon,53331,Automatic,,44500,Hybrid,VIC,car/14882848/toyota/rav4/vic/narre-warren/suv,2026-02-27T01:56:26,UNCLASSIFIED,[OUT_OF_SCOPE]
2023,Toyota,Hilux,Sr (4X4),Double Cab Pick Up,80972,Automatic,,52990,Diesel,VIC,car/14965696/toyota/hilux/vic/narre-warren/dual-cab,2026-02-27T01:56:26,UNCLASSIFIED,[OUT_OF_SCOPE]
2020,Toyota,RAV4,Gx 2Wd Hybrid,Wagon,133262,Automatic,,32999,Hybrid,VIC,car/14961676/toyota/rav4/vic/melton/suv,2026-02-27T01:56:26,UNCLASSIFIED,[OUT_OF_SCOPE]
2019,Toyota,RAV4,Gx (2Wd),Wagon,110026,Automatic,,30999,Unleaded,VIC,car/14959138/toyota/rav4/vic/melton/suv,2026-02-27T01:56:26,UNCLASSIFIED,[OUT_OF_SCOPE]
2024,Toyota,RAV4,Gx (2Wd) Hybrid,Wagon,53070,Automatic,,44990,Hybrid,VIC,car/14911392/toyota/rav4/vic/frankston/suv,2026-02-27T01:56:26,UNCLASSIFIED,[OUT_OF_SCOPE]
2023,Toyota,Corolla Cross,Gx 2Wd,Wagon,62603,Automatic,,33990,Unleaded,VIC,car/14931498/toyota/corolla-cross/vic/narre-warren/suv,2026-02-27T01:56:26,UNCLASSIFIED,[OUT_OF_SCOPE]
2024,Toyota,Kluger,Gx Hybrid Awd,Wagon,22214,Automatic,,58333,Hybrid,VIC,car/14868304/toyota/kluger/vic/narre-warren/suv,2026-02-27T01:56:26,UNCLASSIFIED,[OUT_OF_SCOPE]
2019,Toyota,Corolla,Ascent Sport,Hatchback,65300,Automatic,,25990,Unleaded,VIC,car/14840559/toyota/corolla/vic/frankston/hatchback,2026-02-27T01:56:26,toyota_corolla_ascent_sport_petrol_auto_hatch_mzea12r,[OK]
2023,Toyota,Corolla Cross,Gx 2Wd Hybrid,Wagon,66145,Automatic,,37990,Hybrid,VIC,car/14949394/toyota/corolla-cross/vic/narre-warren/suv,2026-02-27T01:56:26,UNCLASSIFIED,[OUT_OF_SCOPE]
2023,Toyota,Landcruiser,Lc300 Gxl (4X4),Wagon,40990,Automatic,,103990,Diesel,VIC,car/14824801/toyota/landcruiser/vic/narre-warren/suv,2026-02-27T01:56:26,UNCLASSIFIED,[OUT_OF_SCOPE]
2024,Toyota,Camry,Ascent,Sedan,55092,Automatic,,36990,Premium,VIC,car/14950764/toyota/camry/vic/narre-warren/sedan,2026-02-27T01:56:26,UNCLASSIFIED,[OUT_OF_SCOPE_YEAR]
2024,Toyota,RAV4,Gxl (Awd) Hybrid,Wagon,12571,Automatic,,55990,Hybrid,VIC,car/14956210/toyota/rav4/vic/narre-warren/suv,2026-02-27T01:56:26,UNCLASSIFIED,[OUT_OF_SCOPE]
2022,Toyota,RAV4,Gx (Awd) Hybrid,Wagon,86178,Automatic,,39990,Hybrid,VIC,car/14843750/toyota/rav4/vic/frankston/suv,2026-02-27T01:56:26,UNCLASSIFIED,[OUT_OF_SCOPE]
2024,Toyota,RAV4,Gx (2Wd) Hybrid,Wagon,48108,Automatic,,44990,Hybrid,VIC,car/14866230/toyota/rav4/vic/frankston/suv,2026-02-27T01:56:26,UNCLASSIFIED,[OUT_OF_SCOPE]
2024,Toyota,HiAce,Lwb (4 Door Option),Van,17621,Automatic,,56333,Diesel,VIC,car/14892859/toyota/hiace/vic/narre-warren/van,2026-02-27T01:56:26,UNCLASSIFIED,[OUT_OF_SCOPE]
2023,Toyota,Corolla,Zr Hybrid,Hatchback,55466,Automatic,,36990,Hybrid,VIC,car/14919183/toyota/corolla/vic/narre-warren/hatchback,2026-02-27T01:56:26,UNCLASSIFIED,[DISALLOWED_VARIANT]
2021,Toyota,Camry,Ascent,Sedan,100518,Automatic,,29990,Premium,VIC,car/14924684/toyota/camry/vic/frankston/sedan,2026-02-27T01:56:26,toyota_camry_ascent_petrol_auto_sedan_asv70r,[OK]
2021,Toyota,RAV4,Gx (Awd) Hybrid,Wagon,132481,Automatic,,34990,Hybrid,VIC,car/14967036/toyota/rav4/vic/frankston/suv,2026-02-27T01:56:26,UNCLASSIFIED,[OUT_OF_SCOPE]
2020,Toyota,Camry,Ascent,Sedan,31415,Automatic,,32990,Unleaded,VIC,car/14945533/toyota/camry/vic/frankston/sedan,2026-02-27T01:56:26,toyota_camry_ascent_petrol_auto_sedan_asv70r,[OK]
2021,Toyota,RAV4,Gx (2Wd) Hybrid,Wagon,72360,Automatic,2026-04-12,38990,Hybrid,VIC,car/14956565/toyota/rav4/vic/sunbury/suv,2026-02-27T01:56:26,UNCLASSIFIED,[OUT_OF_SCOPE]
2024,Toyota,Kluger,Gx Hybrid Awd,Wagon,12278,Automatic,,60888,Hybrid,VIC,car/14887879/toyota/kluger/vic/narre-warren/suv,2026-02-27T01:56:26,UNCLASSIFIED,[OUT_OF_SCOPE]
2023,Toyota,Kluger,Gx Hybrid Awd,Wagon,66401,Automatic,,53500,Hybrid,VIC,car/14841765/toyota/kluger/vic/narre-warren/suv,2026-02-27T01:56:26,UNCLASSIFIED,[OUT_OF_SCOPE]
2018,Toyota,Hilux,WORKMATE (4X4),Ute Tray,133261,Automatic,2026-04-27,32888,Diesel,VIC,car/14924237/toyota/hilux/vic/dandenong-south/pickup,2026-02-27T01:56:26,UNCLASSIFIED,[OUT_OF_SCOPE]
2023,Toyota,RAV4,Gx (Awd) Hybrid,Wagon,71180,Automatic,,42990,Hybrid,VIC,car/14971202/toyota/rav4/vic/narre-warren/suv,2026-02-27T01:56:26,UNCLASSIFIED,[OUT_OF_SCOPE]
2023,Toyota,Hilux,Sr5 (4X4),Double Cab Pick Up,53882,Automatic,,59990,Hybrid,VIC,car/14940796/toyota/hilux/vic/frankston/dual-cab,2026-02-27T01:56:26,UNCLASSIFIED,[OUT_OF_SCOPE]
2023,Toyota,Kluger,Gx Hybrid Awd,Wagon,54101,Automatic,,55500,Hybrid,VIC,car/14891865/toyota/kluger/vic/narre-warren/suv,2026-02-27T01:56:26,UNCLASSIFIED,[OUT_OF_SCOPE]
2024,Toyota,Corolla,Ascent Sport Hybrid,Hatchback,52230,Automatic,,30444,Hybrid,VIC,car/14838863/toyota/corolla/vic/bundoora/hatchback,2026-02-27T01:56:26,toyota_corolla_ascent_sport_hybrid_auto_hatch_zwe219r,[OK]
2025,Toyota,Kluger,Gxl Hybrid Awd,Wagon,5518,Automatic,,74980,Hybrid,VIC,car/14930177/toyota/kluger/vic/oakleigh/suv,2026-02-27T01:56:26,UNCLASSIFIED,[OUT_OF_SCOPE]
2025,Toyota,GR Corolla,Gts,Hatchback,14115,Automatic,,65990,Premium,VIC,car/14950364/toyota/gr-corolla/vic/nunawading/hatchback,2026-02-27T01:56:26,UNCLASSIFIED,[OUT_OF_SCOPE]
2020,Toyota,Hilux,Sr (4X4),Double Cab Pick Up,74121,Automatic,2026-03-25,49990,Diesel,VIC,car/14928022/toyota/hilux/vic/tullamarine/dual-cab,2026-02-27T01:56:26,UNCLASSIFIED,[OUT_OF_SCOPE]
2024,Toyota,Kluger,Gxl Hybrid Awd,Wagon,8309,Automatic,,73980,Hybrid,VIC,car/14930176/toyota/kluger/vic/oakleigh/suv,2026-02-27T01:56:26,UNCLASSIFIED,[OUT_OF_SCOPE]
2024,Toyota,Corolla Cross,Gx 2Wd,Wagon,45646,Automatic,,37450,Unleaded,VIC,car/14945355/toyota/corolla-cross/vic/moorabbin/suv,2026-02-27T01:56:26,UNCLASSIFIED,[OUT_OF_SCOPE]
2023,Toyota,Landcruiser,Lc79 Gxl,Double Cab Chassis,39191,Manual,,123999,Diesel,VIC,car/14847882/toyota/landcruiser/vic/berwick/dual-cab,2026-02-27T01:56:26,UNCLASSIFIED,[OUT_OF_SCOPE]
2018,Toyota,Camry,Ascent Sport (Hybrid),Sedan,180290,Automatic,,23888,Hybrid,VIC,car/14909425/toyota/camry/vic/cranbourne/sedan,2026-02-27T01:56:26,UNCLASSIFIED,[DISALLOWED_VARIANT]
2022,Toyota,Landcruiser,Lc300 Sahara (4X4),Wagon,10193,Automatic,,140990,Diesel,VIC,car/14961211/toyota/landcruiser/vic/cranbourne/suv,2026-02-27T01:56:26,UNCLASSIFIED,[OUT_OF_SCOPE]
2023,Toyota,Landcruiser,Lc300 Gr-S (4X4),Wagon,82209,Automatic,,137990,Diesel,VIC,car/14907535/toyota/landcruiser/vic/cranbourne/suv,2026-02-27T01:56:26,UNCLASSIFIED,[OUT_OF_SCOPE]
2020,Toyota,Corolla,Zr (Hybrid),Hatchback,102922,Automatic,2026-04-30,27490,Hybrid,VIC,car/14897008/toyota/corolla/vic/mornington/hatchback,2026-02-27T01:56:26,UNCLASSIFIED,[DISALLOWED_VARIANT]
2023,Toyota,Landcruiser,Lc300 Sahara Zx (4X4),Wagon,96033,Automatic,2026-05-28,128888,Diesel,VIC,car/14950104/toyota/landcruiser/vic/mornington/suv,2026-02-27T01:56:26,UNCLASSIFIED,[OUT_OF_SCOPE]
2009,Toyota,Landcruiser,Sahara (4X4),Wagon,239893,Automatic,2026-06-06,51800,Diesel,VIC,car/14839333/toyota/landcruiser/vic/mornington/suv,2026-02-27T01:56:26,UNCLASSIFIED,[OUT_OF_SCOPE]
2022,Toyota,Landcruiser,Lc300 Vx (4X4),Wagon,79245,Automatic,,114999,Diesel,VIC,car/14856242/toyota/landcruiser/vic/berwick/suv,2026-02-27T01:56:26,UNCLASSIFIED,[OUT_OF_SCOPE]
2020,Toyota,Hilux,Sr5 (4X4),Double Cab Pick Up,137811,Automatic,2026-06-22,43990,Diesel,VIC,car/14969686/toyota/hilux/vic/mornington/dual-cab,2026-02-27T01:56:26,UNCLASSIFIED,[OUT_OF_SCOPE]
2013,Toyota,Landcruiser Prado,Gxl (4X4),Wagon,88814,Automatic,,44490,Diesel,VIC,car/14963472/toyota/landcruiser-prado/vic/cranbourne/suv,2026-02-27T01:56:26,UNCLASSIFIED,[OUT_OF_SCOPE]
2023,Toyota,Landcruiser,Lc79 Gxl,Double Cab Chassis,31691,Automatic,,97990,Diesel,VIC,car/14964543/toyota/landcruiser/vic/cranbourne/dual-cab,2026-02-27T01:56:26,UNCLASSIFIED,[OUT_OF_SCOPE]
2009,Toyota,Aurion,Sportivo Zr6,Sedan,148977,Automatic,2026-12-30,14990,Unleaded,VIC,car/14933956/toyota/aurion/vic/mornington/sedan,2026-02-27T01:56:26,UNCLASSIFIED,[OUT_OF_SCOPE]
2000,Toyota,Landcruiser,Gxl (4X4),Wagon,352707,Manual,,22800,Unleaded,VIC,car/14840739/toyota/landcruiser/vic/mornington/suv,2026-02-27T01:56:26,UNCLASSIFIED,[OUT_OF_SCOPE]
2022,Toyota,Landcruiser Prado,Gxl Flat Tailgate,Wagon,90158,Automatic,2026-06-10,47740,Diesel,VIC,car/14908882/toyota/landcruiser-prado/vic/berwick/suv,2026-02-27T01:56:26,UNCLASSIFIED,[OUT_OF_SCOPE]
2024,Toyota,BZ4X,2Wd,Wagon,700,Automatic,,54990,Electric,VIC,car/14877781/toyota/bz4x/vic/narre-warren/suv,2026-02-27T01:56:26,UNCLASSIFIED,[OUT_OF_SCOPE]
2023,Toyota,RAV4,Cruiser (2Wd),Wagon,84904,Automatic,,42888,Unleaded,VIC,car/14860856/toyota/rav4/vic/narre-warren/suv,2026-02-27T01:56:26,UNCLASSIFIED,[OUT_OF_SCOPE]
2014,Toyota,Camry,Altise,Sedan,129514,Automatic,2026-06-06,15990,Unleaded,VIC,car/14919298/toyota/camry/vic/ferntree-gully/sedan,2026-02-27T01:56:26,UNCLASSIFIED,[AMBIG_BADGE]
2024,Toyota,Yaris Cross,Gxl Hybrid,Wagon,23436,Automatic,,37333,Hybrid,VIC,car/14839160/toyota/yaris-cross/vic/narre-warren/suv,2026-02-27T01:56:26,UNCLASSIFIED,[OUT_OF_SCOPE]
2024,Toyota,Kluger,Gx Hybrid Awd,Wagon,7186,Automatic,,59990,Hybrid,VIC,car/14867600/toyota/kluger/vic/narre-warren/suv,2026-02-27T01:56:26,UNCLASSIFIED,[OUT_OF_SCOPE]
2024,Toyota,Kluger,Gx Hybrid Awd,Wagon,39175,Automatic,,57333,Hybrid,VIC,car/14896748/toyota/kluger/vic/narre-warren/suv,2026-02-27T01:56:26,UNCLASSIFIED,[OUT_OF_SCOPE]
2024,Toyota,Corolla,Ascent Sport Hybrid,Hatchback,9495,Automatic,2026-08-05,35990,Hybrid,VIC,car/14952945/toyota/corolla/vic/camberwell/hatchback,2026-02-27T01:56:26,toyota_corolla_ascent_sport_hybrid_auto_hatch_zwe219r,[OK]
2024,Toyota,Corolla,Ascent Sport Hybrid,Sedan,19754,Automatic,2026-04-28,34555,Hybrid,VIC,car/14957552/toyota/corolla/vic/heidelberg/sedan,2026-02-27T01:56:26,UNCLASSIFIED,[OUT_OF_SCOPE]
2024,Toyota,Corolla,Sx,Sedan,20185,Automatic,2026-06-16,33555,Unleaded,VIC,car/14865781/toyota/corolla/vic/heidelberg/sedan,2026-02-27T01:56:26,UNCLASSIFIED,[DISALLOWED_VARIANT]
2024,Toyota,RAV4,Gx (2Wd) Hybrid,Wagon,40850,Automatic,,44990,Hybrid,VIC,car/14937929/toyota/rav4/vic/nunawading/suv,2026-02-27T01:56:26,UNCLASSIFIED,[OUT_OF_SCOPE]
2024,Toyota,Yaris Cross,Urban Hybrid (Awd),Wagon,16915,Automatic,2026-05-26,42777,Hybrid,VIC,car/14837369/toyota/yaris-cross/vic/heidelberg/suv,2026-02-27T01:56:26,UNCLASSIFIED,[OUT_OF_SCOPE]
2024,Toyota,Corolla,Ascent Sport,Sedan,16025,Automatic,,31990,Unleaded,VIC,car/14948753/toyota/corolla/vic/camberwell/sedan,2026-02-27T01:56:26,UNCLASSIFIED,[DISALLOWED_VARIANT]
2018,Toyota,HiAce,Lwb,Van,134829,Automatic,,30999,Unleaded,VIC,car/14980984/toyota/hiace/vic/berwick/van,2026-02-27T01:56:26,UNCLASSIFIED,[OUT_OF_SCOPE]
2016,Toyota,Landcruiser,Gxl (4X4),Wagon,145809,Automatic,2026-03-23,79990,Diesel,VIC,car/14976911/toyota/landcruiser/vic/mornington/suv,2026-02-27T01:56:26,UNCLASSIFIED,[OUT_OF_SCOPE]
2024,Toyota,Corolla,Ascent Sport Hybrid,Hatchback,49628,Automatic,,31990,Hybrid,VIC,car/14976910/toyota/corolla/vic/mornington/hatchback,2026-02-27T01:56:26,toyota_corolla_ascent_sport_hybrid_auto_hatch_zwe219r,[OK]
2021,Toyota,Landcruiser,Lc200 Gx (4X4),Wagon,180649,Automatic,,71990,Diesel,VIC,car/14976734/toyota/landcruiser/vic/mornington/suv,2026-02-27T01:56:26,UNCLASSIFIED,[OUT_OF_SCOPE]
2022,Toyota,RAV4,Gx (2Wd),Wagon,95001,Automatic,2026-04-20,26780,Unleaded,VIC,car/14973495/toyota/rav4/vic/berwick/suv,2026-02-27T01:56:26,UNCLASSIFIED,[OUT_OF_SCOPE]
2021,Toyota,RAV4,Gx Awd Hybrid,Wagon,84001,Automatic,2026-11-26,20930,Hybrid,VIC,car/14930942/toyota/rav4/vic/berwick/suv,2026-02-27T01:56:26,UNCLASSIFIED,[OUT_OF_SCOPE]
2014,Toyota,RAV4,Gx (2Wd),Wagon,140123,Automatic,,19888,Unleaded,VIC,car/14970441/toyota/rav4/vic/berwick/suv,2026-02-27T01:56:26,UNCLASSIFIED,[OUT_OF_SCOPE]
2022,Toyota,C-HR,Koba (2Wd),Wagon,55560,Automatic,,34777,Premium,VIC,car/14898138/toyota/c-hr/vic/cranbourne/suv,2026-02-27T01:56:26,UNCLASSIFIED,[OUT_OF_SCOPE]
2014,Toyota,Landcruiser,Vx (4X4),Wagon,322000,Automatic,,54800,Diesel,VIC,car/14971717/toyota/landcruiser/vic/mornington/suv,2026-02-27T01:56:26,UNCLASSIFIED,[OUT_OF_SCOPE]
2024,Toyota,RAV4,Gx (2Wd) Hybrid,Wagon,40122,Automatic,,45888,Hybrid,VIC,car/14971899/toyota/rav4/vic/cranbourne/suv,2026-02-27T01:56:26,UNCLASSIFIED,[OUT_OF_SCOPE]
2021,Toyota,Kluger,Gxl Awd,Wagon,91254,Automatic,,42490,Premium,VIC,car/14871873/toyota/kluger/vic/cranbourne/suv,2026-02-27T01:56:26,UNCLASSIFIED,[OUT_OF_SCOPE]
2025,Toyota,RAV4,Cruiser (2Wd) Hev,Wagon,6971,Automatic,,61888,Hybrid,VIC,car/14914311/toyota/rav4/vic/berwick/suv,2026-02-27T01:56:26,UNCLASSIFIED,[OUT_OF_SCOPE]
2005,Toyota,Landcruiser Prado,KAKADU,SUV,437000,Automatic,,28800,Diesel,VIC,car/14839332/toyota/landcruiser-prado/vic/mornington/suv,2026-02-27T01:56:26,UNCLASSIFIED,[OUT_OF_SCOPE]
2015,Toyota,Hilux,Sr5 (4X4),Dual Cab Utility,220939,Automatic,,35777,Diesel,VIC,car/14969968/toyota/hilux/vic/cranbourne/dual-cab,2026-02-27T01:56:26,UNCLASSIFIED,[OUT_OF_SCOPE]
2024,Toyota,Landcruiser Prado,Gxl,Wagon,19603,Automatic,,89999,Diesel,VIC,car/14921242/toyota/landcruiser-prado/vic/berwick/suv,2026-02-27T01:56:26,UNCLASSIFIED,[OUT_OF_SCOPE]
2022,Toyota,Hilux,Sr5 (4X4),Double Cab Pick Up,64142,Automatic,,58490,Diesel,VIC,car/14892635/toyota/hilux/vic/cranbourne/dual-cab,2026-02-27T01:56:26,UNCLASSIFIED,[OUT_OF_SCOPE]
2025,Toyota,RAV4,Gxl (2Wd) Hybrid,Wagon,3065,Automatic,,53990,Hybrid,VIC,car/14973397/toyota/rav4/vic/cranbourne/suv,2026-02-27T01:56:26,UNCLASSIFIED,[OUT_OF_SCOPE]
2023,Toyota,Camry,Ascent,Sedan,63357,Automatic,2025-03-19,33990,Premium,VIC,car/14850450/toyota/camry/vic/mornington/sedan,2026-02-27T01:56:26,UNCLASSIFIED,[OUT_OF_SCOPE_YEAR]
2023,Toyota,RAV4,Xse (Awd) Hybrid Premium Paint,Wagon,46255,Automatic,,49990,Hybrid,VIC,car/14891094/toyota/rav4/vic/cranbourne/suv,2026-02-27T01:56:26,UNCLASSIFIED,[OUT_OF_SCOPE]
2023,Toyota,Landcruiser,Lc76 Gxl + Diff Locks,Wagon,10,Manual,,141990,Diesel,VIC,car/14865987/toyota/landcruiser/vic/cranbourne/suv,2026-02-27T01:56:26,UNCLASSIFIED,[OUT_OF_SCOPE]
2024,Toyota,Corolla,Ascent Sport,Sedan,16882,Automatic,2026-06-04,32555,Unleaded,VIC,car/14837919/toyota/corolla/vic/heidelberg/sedan,2026-02-27T01:56:26,UNCLASSIFIED,[DISALLOWED_VARIANT]
2024,Toyota,Corolla,Ascent Sport,Sedan,19041,Automatic,2026-08-10,31777,Unleaded,VIC,car/14957550/toyota/corolla/vic/heidelberg/sedan,2026-02-27T01:56:26,UNCLASSIFIED,[DISALLOWED_VARIANT]
2022,Toyota,RAV4,Cruiser (Awd) Hybrid,Wagon,59132,Automatic,,50888,Hybrid,VIC,car/14941581/toyota/rav4/vic/oakleigh/suv,2026-02-27T01:56:26,UNCLASSIFIED,[OUT_OF_SCOPE]
2024,Toyota,Corolla,Ascent Sport,Hatchback,26279,Automatic,2026-06-19,32555,Unleaded,VIC,car/14953711/toyota/corolla/vic/heidelberg/hatchback,2026-02-27T01:56:26,toyota_corolla_ascent_sport_petrol_auto_hatch_mzea12r,[OK]
2021,Toyota,Camry,Ascent Sport Hybrid,Sedan,75385,Automatic,2026-04-29,34990,Hybrid,VIC,car/14953045/toyota/camry/vic/camberwell/sedan,2026-02-27T01:56:26,UNCLASSIFIED,[DISALLOWED_VARIANT]
2022,Toyota,Yaris,Sx Hybrid,Hatchback,147447,Automatic,,24888,Hybrid,VIC,car/14939789/toyota/yaris/vic/oakleigh/hatchback,2026-02-27T01:56:26,UNCLASSIFIED,[OUT_OF_SCOPE]
2022,Toyota,Yaris,Sx Hybrid,Hatchback,35805,Automatic,,28999,Hybrid,VIC,car/14986061/toyota/yaris/vic/berwick/hatchback,2026-02-27T01:56:26,UNCLASSIFIED,[OUT_OF_SCOPE]
2021,Toyota,Hilux,Workmate (4X2),Cab Chassis,67024,Automatic,2026-01-01,39980,Unleaded,VIC,car/14986153/toyota/hilux/vic/berwick/single-cab,2026-02-27T01:56:26,UNCLASSIFIED,[OUT_OF_SCOPE]
2021,Toyota,Fortuner,Crusade,Wagon,85001,Automatic,2026-04-16,49490,Diesel,VIC,car/14921895/toyota/fortuner/vic/mornington/suv,2026-02-27T01:56:26,UNCLASSIFIED,[OUT_OF_SCOPE]
2015,Toyota,Hilux,Sr5 (4X4),Dual Cab Pick-up,169338,Automatic,,38888,Diesel,VIC,car/14979900/toyota/hilux/vic/cranbourne/dual-cab,2026-02-27T01:56:26,UNCLASSIFIED,[OUT_OF_SCOPE]
2020,Toyota,Hilux,Sr (4X4),Double Cab Chassis,81293,Automatic,,42975,Diesel,VIC,car/14979898/toyota/hilux/vic/officer/dual-cab,2026-02-27T01:56:26,UNCLASSIFIED,[OUT_OF_SCOPE]
2017,Toyota,Camry,Rz S.E.,Sedan,194205,Automatic,2026-07-24,16990,Unleaded,VIC,car/14976226/toyota/camry/vic/mornington/sedan,2026-02-27T01:56:26,UNCLASSIFIED,[AMBIG_BADGE]
2019,Toyota,HiAce,Slwb,Van,140915,Automatic,2026-01-30,44990,Diesel,VIC,car/14876123/toyota/hiace/vic/mornington/van,2026-02-27T01:56:26,UNCLASSIFIED,[OUT_OF_SCOPE]
2024,Toyota,Landcruiser,Lc79 Gxl,Double Cab Chassis,83,Manual,,143990,Diesel,VIC,car/14877628/toyota/landcruiser/vic/cranbourne/dual-cab,2026-02-27T01:56:26,UNCLASSIFIED,[OUT_OF_SCOPE]
2019,Toyota,Hilux,Rogue (4X4),Double Cab Pick Up,114357,Automatic,,50999,Diesel,VIC,car/14983085/toyota/hilux/vic/berwick/dual-cab,2026-02-27T01:56:26,UNCLASSIFIED,[OUT_OF_SCOPE]
2024,Toyota,Tundra,Limited,Dual Cab Pick-up,10677,Automatic,,144998,Hybrid,VIC,car/14983503/toyota/tundra/vic/berwick/dual-cab,2026-02-27T01:56:26,UNCLASSIFIED,[OUT_OF_SCOPE]
2020,Toyota,HiAce,Lwb Gl (Colours),Van,109202,Automatic,,43990,Diesel,VIC,car/14983379/toyota/hiace/vic/cranbourne/van,2026-02-27T01:56:26,UNCLASSIFIED,[OUT_OF_SCOPE]
2022,Toyota,Landcruiser,Gxl,Wagon,32086,Manual,,114998,Diesel,VIC,car/14983504/toyota/landcruiser/vic/berwick/suv,2026-02-27T01:56:26,UNCLASSIFIED,[OUT_OF_SCOPE]
2021,Toyota,Landcruiser Prado,Gxl,Wagon,82591,Automatic,,65990,Diesel,VIC,car/14983377/toyota/landcruiser-prado/vic/cranbourne/suv,2026-02-27T01:56:26,UNCLASSIFIED,[OUT_OF_SCOPE]
2020,Toyota,Hilux,Sr (4X4),Double Cab Chassis,131820,Automatic,,42999,Diesel,VIC,car/14983369/toyota/hilux/vic/berwick/dual-cab,2026-02-27T01:56:26,UNCLASSIFIED,[OUT_OF_SCOPE]
2018,Toyota,Corolla,Ascent Sport,Hatchback,30011,Automatic,2026-06-22,23990,Unleaded,VIC,car/14983731/toyota/corolla/vic/mornington/hatchback,2026-02-27T01:56:26,toyota_corolla_ascent_sport_petrol_auto_hatch_zre18x,[OK]
2024,Toyota,C-HR,Gxl Hybrid,Wagon,31068,Automatic,2026-05-13,41990,Hybrid,VIC,car/14981107/toyota/c-hr/vic/mornington/suv,2026-02-27T01:56:26,UNCLASSIFIED,[OUT_OF_SCOPE]
2012,Toyota,Hilux,Sr5 (4X4),Dual Cab Pick-up,291569,Automatic,2026-05-28,27975,Diesel,VIC,car/14982263/toyota/hilux/vic/officer/dual-cab,2026-02-27T01:56:26,UNCLASSIFIED,[OUT_OF_SCOPE]
2024,Toyota,RAV4,Gx (2Wd) Hybrid,Wagon,27114,Automatic,,46990,Hybrid,VIC,car/14981210/toyota/rav4/vic/cranbourne/suv,2026-02-27T01:56:26,UNCLASSIFIED,[OUT_OF_SCOPE]
2024,Toyota,RAV4,Gx (2Wd) Hybrid,Wagon,48273,Automatic,,44888,Hybrid,VIC,car/14979141/toyota/rav4/vic/cranbourne/suv,2026-02-27T01:56:26,UNCLASSIFIED,[OUT_OF_SCOPE]
2015,Toyota,Corolla,Ascent Sport,Hatchback,121103,Automatic,2026-05-05,14990,Unleaded,VIC,car/14981151/toyota/corolla/vic/mornington/hatchback,2026-02-27T01:56:26,toyota_corolla_ascent_sport_petrol_auto_hatch_zre18x,[OK]
2024,Toyota,Corolla,Ascent Sport Hybrid,Sedan,51086,Automatic,,30444,Hybrid,VIC,car/14852836/toyota/corolla/vic/bundoora/sedan,2026-02-27T01:56:26,UNCLASSIFIED,[OUT_OF_SCOPE]
2025,Toyota,HiAce,Lwb,Van,480,Automatic,,62990,Diesel,VIC,car/14846271/toyota/hiace/vic/camberwell/van,2026-02-27T01:56:26,UNCLASSIFIED,[OUT_OF_SCOPE]
2021,Toyota,Corolla,Ascent Sport (Hybrid),Sedan,71075,Automatic,,28990,Hybrid,VIC,car/14973822/toyota/corolla/vic/oakleigh/sedan,2026-02-27T01:56:26,UNCLASSIFIED,[OUT_OF_SCOPE]
2023,Toyota,RAV4,Gx (2Wd) Hybrid,Wagon,49838,Automatic,,51998,Hybrid,VIC,car/14961269/toyota/rav4/vic/airport-west/suv,2026-02-27T01:56:26,UNCLASSIFIED,[OUT_OF_SCOPE]
2022,Toyota,Hilux,Workmate (4X2),Cab Chassis,54455,Automatic,2026-07-05,31980,Unleaded,VIC,car/14950123/toyota/hilux/vic/brighton/single-cab,2026-02-27T01:56:26,UNCLASSIFIED,[OUT_OF_SCOPE]
2021,Toyota,RAV4,Gxl (2Wd),Wagon,71334,Automatic,,33890,Unleaded,VIC,car/14870889/toyota/rav4/vic/laverton-north/suv,2026-02-27T01:56:26,UNCLASSIFIED,[OUT_OF_SCOPE]
2023,Toyota,Landcruiser,Lc300 Sahara (4X4),Wagon,17958,Automatic,,142999,Diesel,VIC,car/14930030/toyota/landcruiser/vic/berwick/suv,2026-02-27T01:56:26,UNCLASSIFIED,[OUT_OF_SCOPE]
2014,Toyota,Corolla,Ascent Sport,Hatchback,83723,Automatic,,18499,Unleaded,VIC,car/14923755/toyota/corolla/vic/berwick/hatchback,2026-02-27T01:56:26,toyota_corolla_ascent_sport_petrol_auto_hatch_zre18x,[OK]
2024,Toyota,Landcruiser,Lc300 Vx (4X4),Wagon,33644,Automatic,,138490,Diesel,VIC,car/14946644/toyota/landcruiser/vic/cranbourne/suv,2026-02-27T01:56:26,UNCLASSIFIED,[OUT_OF_SCOPE]
2018,Toyota,C-HR,Koba (2Wd),Wagon,25287,Automatic,,27999,Premium,VIC,car/14875789/toyota/c-hr/vic/berwick/suv,2026-02-27T01:56:26,UNCLASSIFIED,[OUT_OF_SCOPE]
2013,Toyota,RAV4,Gx (4X4),Wagon,103662,Automatic,,22888,Unleaded,VIC,car/14925707/toyota/rav4/vic/cranbourne/suv,2026-02-27T01:56:26,UNCLASSIFIED,[OUT_OF_SCOPE]
2022,Toyota,Hilux,Workmate Hi-Rider (4X2),Cab Chassis,19544,Manual,,35499,Diesel,VIC,car/14958412/toyota/hilux/vic/berwick/single-cab,2026-02-27T01:56:26,UNCLASSIFIED,[OUT_OF_SCOPE]
2014,Toyota,Kluger,Gxl (4X4),Wagon,166101,Automatic,,26490,Unleaded,VIC,car/14956087/toyota/kluger/vic/cranbourne/suv,2026-02-27T01:56:26,UNCLASSIFIED,[OUT_OF_SCOPE]
2022,Toyota,HiAce,Slwb,Van,79227,Automatic,2026-03-27,55990,Diesel,VIC,car/14909664/toyota/hiace/vic/mornington/van,2026-02-27T01:56:26,UNCLASSIFIED,[OUT_OF_SCOPE]
2012,Toyota,Camry,Altise,Sedan,103370,Automatic,,19490,Unleaded,VIC,car/14957661/toyota/camry/vic/cranbourne/sedan,2026-02-27T01:56:26,UNCLASSIFIED,[AMBIG_BADGE]
2013,Toyota,86,Gts,Coupe,96040,Manual,,26990,Premium,VIC,car/14975337/toyota/86/vic/cranbourne/coupe,2026-02-27T01:56:26,UNCLASSIFIED,[OUT_OF_SCOPE]
2019,Toyota,Fortuner,Crusade,Wagon,97290,Automatic,,44499,Diesel,VIC,car/14949136/toyota/fortuner/vic/berwick/suv,2026-02-27T01:56:26,UNCLASSIFIED,[OUT_OF_SCOPE]
2017,Toyota,RAV4,Gx (2Wd),Wagon,137381,Automatic,,22388,Unleaded,VIC,car/14958278/toyota/rav4/vic/berwick/suv,2026-02-27T01:56:26,UNCLASSIFIED,[OUT_OF_SCOPE]
2021,Toyota,Landcruiser Prado,Gxl,Wagon,172898,Automatic,,55990,Diesel,VIC,car/14958448/toyota/landcruiser-prado/vic/cranbourne/suv,2026-02-27T01:56:26,UNCLASSIFIED,[OUT_OF_SCOPE]
2015,Toyota,Landcruiser Prado,Gxl (4X4),Wagon,212350,Automatic,2026-08-14,37990,Diesel,VIC,car/14974772/toyota/landcruiser-prado/vic/mornington/suv,2026-02-27T01:56:26,UNCLASSIFIED,[OUT_OF_SCOPE]
2024,Toyota,Landcruiser,Lc300 Gxl (4X4),Wagon,52902,Automatic,,107490,Diesel,VIC,car/14850889/toyota/landcruiser/vic/cranbourne/suv,2026-02-27T01:56:26,UNCLASSIFIED,[OUT_OF_SCOPE]
2025,Toyota,Hilux,Gr-Sport (4X4),Double Cab Pick Up,1420,Automatic,,92888,Diesel,VIC,car/14940712/toyota/hilux/vic/cranbourne/dual-cab,2026-02-27T01:56:26,UNCLASSIFIED,[OUT_OF_SCOPE]
2022,Toyota,Corolla,Ascent Sport,Sedan,49971,Automatic,,26499,Unleaded,VIC,car/14867055/toyota/corolla/vic/berwick/sedan,2026-02-27T01:56:26,UNCLASSIFIED,[DISALLOWED_VARIANT]
2019,Toyota,HiAce,Lwb,Van,142657,Automatic,,39490,Diesel,VIC,car/14883764/toyota/hiace/vic/cranbourne/van,2026-02-27T01:56:26,UNCLASSIFIED,[OUT_OF_SCOPE]
2023,Toyota,Landcruiser,Lc300 Gxl (4X4),Wagon,46794,Automatic,,103990,Diesel,VIC,car/14828772/toyota/landcruiser/vic/cranbourne/suv,2026-02-27T01:56:26,UNCLASSIFIED,[OUT_OF_SCOPE]
2009,Toyota,Hilux,Sr (4X4),Dual Cab Chassis,127987,Manual,,21975,Diesel,VIC,car/14986330/toyota/hilux/vic/officer/dual-cab,2026-02-27T01:56:26,UNCLASSIFIED,[OUT_OF_SCOPE]
2021,Toyota,RAV4,Gx (Awd) Hybrid,Wagon,98144,Automatic,,37888,Hybrid,VIC,car/14973820/toyota/rav4/vic/oakleigh/suv,2026-02-27T01:56:26,UNCLASSIFIED,[OUT_OF_SCOPE]
2025,Toyota,Corolla,Ascent Sport Hybrid,Hatchback,12994,Automatic,,35990,Hybrid,VIC,car/14950366/toyota/corolla/vic/nunawading/hatchback,2026-02-27T01:56:26,toyota_corolla_ascent_sport_hybrid_auto_hatch_zwe219r,[OK]
2022,Toyota,Corolla,Ascent Sport Hybrid,Hatchback,25898,Automatic,,29290,Hybrid,VIC,car/14966504/toyota/corolla/vic/laverton-north/hatchback,2026-02-27T01:56:26,toyota_corolla_ascent_sport_hybrid_auto_hatch_zwe211r,[OK]
2022,Toyota,Yaris Cross,Gx Hybrid,Wagon,100441,Automatic,2026-04-30,27490,Hybrid,VIC,car/14947857/toyota/yaris-cross/vic/oakleigh/suv,2026-02-27T01:56:26,UNCLASSIFIED,[OUT_OF_SCOPE]
2024,Toyota,Kluger,Grande Hybrid Awd,Wagon,31123,Automatic,2026-03-25,76888,Hybrid,VIC,car/14957971/toyota/kluger/vic/deer-park/suv,2026-02-27T01:56:26,UNCLASSIFIED,[OUT_OF_SCOPE]
2024,Toyota,RAV4,Gx (2Wd) Hybrid,Wagon,49263,Automatic,,44888,Hybrid,VIC,car/14933811/toyota/rav4/vic/cranbourne/suv,2026-02-27T01:56:26,UNCLASSIFIED,[OUT_OF_SCOPE]
2024,Toyota,Tundra,Limited,Dual Cab Pick-up,3391,Automatic,,157888,Hybrid,VIC,car/14935621/toyota/tundra/vic/cranbourne/dual-cab,2026-02-27T01:56:26,UNCLASSIFIED,[OUT_OF_SCOPE]
2024,Toyota,RAV4,Cruiser (Awd) Hybrid,Wagon,20321,Automatic,2025-11-30,59990,Hybrid,VIC,car/14941770/toyota/rav4/vic/mornington/suv,2026-02-27T01:56:26,UNCLASSIFIED,[OUT_OF_SCOPE]
2022,Toyota,Landcruiser,Lc300 Vx (4X4),Wagon,47983,Automatic,2026-08-23,128990,Diesel,VIC,car/14958815/toyota/landcruiser/vic/mornington/suv,2026-02-27T01:56:26,UNCLASSIFIED,[OUT_OF_SCOPE]
2022,Toyota,Hilux,Sr Hi-Rider (4X2),Double Cab Pick Up,45947,Manual,,40388,Diesel,VIC,car/14941171/toyota/hilux/vic/berwick/dual-cab,2026-02-27T01:56:26,UNCLASSIFIED,[OUT_OF_SCOPE]
2024,Toyota,RAV4,Gx (2Wd) Hybrid,Wagon,17944,Automatic,,45999,Hybrid,VIC,car/14930328/toyota/rav4/vic/berwick/suv,2026-02-27T01:56:26,UNCLASSIFIED,[OUT_OF_SCOPE]
2024,Toyota,Camry,Ascent,Sedan,25315,Automatic,,34490,Premium,VIC,car/14932107/toyota/camry/vic/cranbourne/sedan,2026-02-27T01:56:26,UNCLASSIFIED,[OUT_OF_SCOPE_YEAR]
2023,Toyota,Corolla,Ascent Sport,Hatchback,34069,Automatic,,28499,Unleaded,VIC,car/14894164/toyota/corolla/vic/berwick/hatchback,2026-02-27T01:56:26,toyota_corolla_ascent_sport_petrol_auto_hatch_mzea12r,[OK]
2022,Toyota,Yaris Cross,Gx,Wagon,109744,Automatic,,24499,Unleaded,VIC,car/14930032/toyota/yaris-cross/vic/berwick/suv,2026-02-27T01:56:26,UNCLASSIFIED,[OUT_OF_SCOPE]
2024,Toyota,Corolla,Ascent Sport Hybrid,Hatchback,24992,Automatic,,34490,Hybrid,VIC,car/14967719/toyota/corolla/vic/cranbourne/hatchback,2026-02-27T01:56:26,toyota_corolla_ascent_sport_hybrid_auto_hatch_zwe219r,[OK]
2019,Toyota,Corolla,Ascent,Sedan,39874,Automatic,,23888,Unleaded,VIC,car/14942156/toyota/corolla/vic/berwick/sedan,2026-02-27T01:56:26,toyota_corolla_ascent_petrol_auto_sedan_zre172r,[OK]
2020,Toyota,GR Yaris,Gr,Hatchback,46182,Manual,,39888,Premium,VIC,car/14894051/toyota/gr-yaris/vic/cranbourne/hatchback,2026-02-27T01:56:26,UNCLASSIFIED,[OUT_OF_SCOPE]
2024,Toyota,HiAce,Slwb Barn Door,Van,43701,Automatic,2026-10-31,64990,Diesel,VIC,car/14897158/toyota/hiace/vic/mornington/van,2026-02-27T01:56:26,UNCLASSIFIED,[OUT_OF_SCOPE]
2024,Toyota,Yaris,Ascent Sport Hybrid,Hatchback,13183,Automatic,,31490,Hybrid,VIC,car/14974281/toyota/yaris/vic/cranbourne/hatchback,2026-02-27T01:56:26,UNCLASSIFIED,[OUT_OF_SCOPE]
2025,Toyota,GR86,Gts,Coupe,4068,Manual,,52490,Premium,VIC,car/14971695/toyota/gr86/vic/cranbourne/coupe,2026-02-27T01:56:26,UNCLASSIFIED,[OUT_OF_SCOPE]
2024,Toyota,RAV4,Gx (2Wd) Hybrid,Wagon,39993,Automatic,,45990,Hybrid,VIC,car/14975339/toyota/rav4/vic/cranbourne/suv,2026-02-27T01:56:26,UNCLASSIFIED,[OUT_OF_SCOPE]
2023,Toyota,Corolla,Ascent Sport Hybrid,Sedan,82308,Automatic,2025-12-22,29990,Hybrid,VIC,car/14848748/toyota/corolla/vic/mornington/sedan,2026-02-27T01:56:26,UNCLASSIFIED,[OUT_OF_SCOPE]
2022,Toyota,Landcruiser,Lc300 Vx (4X4),Wagon,80855,Automatic,,116999,Diesel,VIC,car/14934793/toyota/landcruiser/vic/berwick/suv,2026-02-27T01:56:26,UNCLASSIFIED,[OUT_OF_SCOPE]
2023,Toyota,RAV4,Cruiser (Awd) Hybrid,Wagon,38275,Automatic,,55888,Hybrid,VIC,car/14882883/toyota/rav4/vic/berwick/suv,2026-02-27T01:56:26,UNCLASSIFIED,[OUT_OF_SCOPE]
2021,Toyota,RAV4,Cruiser (Awd) Hybrid,Wagon,80741,Automatic,,44999,Hybrid,VIC,car/14961070/toyota/rav4/vic/berwick/suv,2026-02-27T01:56:26,UNCLASSIFIED,[OUT_OF_SCOPE]
2024,Toyota,RAV4,Gx (Awd) Hybrid,Wagon,45594,Automatic,,45990,Hybrid,VIC,car/14973439/toyota/rav4/vic/mornington/suv,2026-02-27T01:56:26,UNCLASSIFIED,[OUT_OF_SCOPE]
2020,Toyota,RAV4,Gxl Awd Hybrid,Wagon,63565,Automatic,,43990,Hybrid,VIC,car/14963477/toyota/rav4/vic/cranbourne/suv,2026-02-27T01:56:26,UNCLASSIFIED,[OUT_OF_SCOPE]
2021,Toyota,RAV4,Cruiser (2Wd) Hybrid,Wagon,102513,Automatic,,40888,Hybrid,VIC,car/14963670/toyota/rav4/vic/berwick/suv,2026-02-27T01:56:26,UNCLASSIFIED,[OUT_OF_SCOPE]
2018,Toyota,Corolla,Ascent,Sedan,29259,Automatic,,24499,Unleaded,VIC,car/14929671/toyota/corolla/vic/berwick/sedan,2026-02-27T01:56:26,toyota_corolla_ascent_petrol_auto_sedan_zre172r,[OK]
2022,Toyota,Corolla,Sx Hybrid,Hatchback,48704,Automatic,,33490,Hybrid,VIC,car/14949400/toyota/corolla/vic/cranbourne/hatchback,2026-02-27T01:56:26,UNCLASSIFIED,[DISALLOWED_VARIANT]
2022,Toyota,RAV4,Cruiser (2Wd),Wagon,71260,Automatic,,41490,Unleaded,VIC,car/14895940/toyota/rav4/vic/cranbourne/suv,2026-02-27T01:56:26,UNCLASSIFIED,[OUT_OF_SCOPE]
2022,Toyota,Yaris Cross,Gx,Wagon,13517,Automatic,,32888,Unleaded,VIC,car/14972243/toyota/yaris-cross/vic/berwick/suv,2026-02-27T01:56:26,UNCLASSIFIED,[OUT_OF_SCOPE]
2020,Toyota,Corolla,Zr (Hybrid),Hatchback,17637,Automatic,,34999,Hybrid,VIC,car/14924535/toyota/corolla/vic/berwick/hatchback,2026-02-27T01:56:26,UNCLASSIFIED,[DISALLOWED_VARIANT]
2024,Toyota,Corolla,Ascent Sport Hybrid,Hatchback,19777,Automatic,,33490,Hybrid,VIC,car/14885056/toyota/corolla/vic/cranbourne/hatchback,2026-02-27T01:56:26,toyota_corolla_ascent_sport_hybrid_auto_hatch_zwe219r,[OK]
2020,Toyota,Camry,Ascent Sport (Hybrid),Sedan,81830,Automatic,,30499,Hybrid,VIC,car/14937615/toyota/camry/vic/berwick/sedan,2026-02-27T01:56:26,UNCLASSIFIED,[DISALLOWED_VARIANT]
2020,Toyota,Hilux,Sr5 (4X4),Double Cab Pick Up,87020,Automatic,,54990,Diesel,VIC,car/14943128/toyota/hilux/vic/cranbourne/dual-cab,2026-02-27T01:56:26,UNCLASSIFIED,[OUT_OF_SCOPE]
2022,Toyota,HiAce,Slwb,Van,68643,Automatic,,57490,Diesel,VIC,car/14936556/toyota/hiace/vic/cranbourne/van,2026-02-27T01:56:26,UNCLASSIFIED,[OUT_OF_SCOPE]
2022,Toyota,RAV4,Gx (2Wd) Hybrid,Wagon,55902,Automatic,,39990,Hybrid,VIC,car/14909980/toyota/rav4/vic/cranbourne/suv,2026-02-27T01:56:26,UNCLASSIFIED,[OUT_OF_SCOPE]
2019,Toyota,Hilux,Sr5 (4X4),Double Cab Pick Up,106601,Automatic,,49999,Diesel,VIC,car/14936743/toyota/hilux/vic/berwick/dual-cab,2026-02-27T01:56:26,UNCLASSIFIED,[OUT_OF_SCOPE]
2021,Toyota,Corolla,Zr Hybrid,Hatchback,121936,Automatic,,31990,Hybrid,VIC,car/14943421/toyota/corolla/vic/cranbourne/hatchback,2026-02-27T01:56:26,UNCLASSIFIED,[DISALLOWED_VARIANT]
2024,Toyota,C-HR,Gxl Hybrid,Wagon,29540,Automatic,,42990,Hybrid,VIC,car/14933806/toyota/c-hr/vic/cranbourne/suv,2026-02-27T01:56:26,UNCLASSIFIED,[OUT_OF_SCOPE]
2025,Toyota,Camry,Ascent Hybrid,Sedan,14997,Automatic,,43490,Hybrid,VIC,car/14956003/toyota/camry/vic/cranbourne/sedan,2026-02-27T01:56:26,UNCLASSIFIED,[OUT_OF_SCOPE_YEAR]
2021,Toyota,RAV4,Gxl (Awd) Hybrid,Wagon,97983,Automatic,,37990,Hybrid,VIC,car/14931413/toyota/rav4/vic/mornington/suv,2026-02-27T01:56:26,UNCLASSIFIED,[OUT_OF_SCOPE]
2020,Toyota,RAV4,Gxl (2Wd),Wagon,94833,Automatic,,32499,Unleaded,VIC,car/14929898/toyota/rav4/vic/berwick/suv,2026-02-27T01:56:26,UNCLASSIFIED,[OUT_OF_SCOPE]
2022,Toyota,Kluger,Gx Hybrid Awd,Wagon,76994,Automatic,,46999,Hybrid,VIC,car/14940941/toyota/kluger/vic/berwick/suv,2026-02-27T01:56:26,UNCLASSIFIED,[OUT_OF_SCOPE]
2021,Toyota,Kluger,Gx Hybrid Awd,Wagon,31607,Automatic,,49990,Hybrid,VIC,car/14966906/toyota/kluger/vic/mornington/suv,2026-02-27T01:56:26,UNCLASSIFIED,[OUT_OF_SCOPE]
2019,Toyota,RAV4,Cruiser Awd Hybrid,Wagon,87297,Automatic,,40999,Hybrid,VIC,car/14966769/toyota/rav4/vic/berwick/suv,2026-02-27T01:56:26,UNCLASSIFIED,[OUT_OF_SCOPE]
2019,Toyota,RAV4,Gxl Awd Hybrid,Wagon,60983,Automatic,2026-07-17,39990,Hybrid,VIC,car/14942830/toyota/rav4/vic/mornington/suv,2026-02-27T01:56:26,UNCLASSIFIED,[OUT_OF_SCOPE]
2022,Toyota,Yaris Cross,Gx Hybrid,Wagon,73653,Automatic,,29999,Hybrid,VIC,car/14947716/toyota/yaris-cross/vic/berwick/suv,2026-02-27T01:56:26,UNCLASSIFIED,[OUT_OF_SCOPE]
2022,Toyota,Corolla,Ascent Sport Hybrid,Hatchback,80770,Automatic,2026-04-24,27990,Hybrid,VIC,car/14966908/toyota/corolla/vic/mornington/hatchback,2026-02-27T01:56:26,toyota_corolla_ascent_sport_hybrid_auto_hatch_zwe211r,[OK]
2019,Toyota,Yaris,Zr,Hatchback,29741,Automatic,,22990,Unleaded,VIC,car/14960857/toyota/yaris/vic/cranbourne/hatchback,2026-02-27T01:56:26,UNCLASSIFIED,[OUT_OF_SCOPE]
2019,Toyota,Camry,Sl,Sedan,78623,Automatic,,32999,Unleaded,VIC,car/14941467/toyota/camry/vic/berwick/sedan,2026-02-27T01:56:26,UNCLASSIFIED,[DISALLOWED_VARIANT]
2024,Toyota,RAV4,Gx (2Wd) Hybrid,Wagon,47885,Automatic,,44490,Hybrid,VIC,car/14923784/toyota/rav4/vic/cranbourne/suv,2026-02-27T01:56:26,UNCLASSIFIED,[OUT_OF_SCOPE]
2023,Toyota,Hilux,Sr5 (4X4),Double Cab Pick Up,14187,Automatic,,66999,Hybrid,VIC,car/14958408/toyota/hilux/vic/berwick/dual-cab,2026-02-27T01:56:26,UNCLASSIFIED,[OUT_OF_SCOPE]
2021,Toyota,RAV4,Gx (Awd) Hybrid,Wagon,149962,Automatic,,32990,Hybrid,VIC,car/14951921/toyota/rav4/vic/cranbourne/suv,2026-02-27T01:56:26,UNCLASSIFIED,[OUT_OF_SCOPE]
2020,Toyota,RAV4,Gx 2Wd Hybrid,Wagon,58431,Automatic,,39490,Hybrid,VIC,car/14971902/toyota/rav4/vic/cranbourne/suv,2026-02-27T01:56:26,UNCLASSIFIED,[OUT_OF_SCOPE]
2023,Toyota,Corolla,Ascent Sport Hybrid,Hatchback,44321,Automatic,,32490,Hybrid,VIC,car/14969970/toyota/corolla/vic/cranbourne/hatchback,2026-02-27T01:56:26,UNCLASSIFIED,[OUT_OF_SCOPE_YEAR]
2019,Toyota,Camry,Ascent,Sedan,59204,Automatic,2026-04-24,26990,Unleaded,VIC,car/14946489/toyota/camry/vic/mornington/sedan,2026-02-27T01:56:26,toyota_camry_ascent_petrol_auto_sedan_asv70r,[OK]
2023,Toyota,Kluger,Gx Hybrid Awd,Wagon,61849,Automatic,2026-02-27,51990,Hybrid,VIC,car/14839271/toyota/kluger/vic/mornington/suv,2026-02-27T01:56:26,UNCLASSIFIED,[OUT_OF_SCOPE]
2018,Toyota,Corolla,Sx (Hybrid),Hatchback,61457,Automatic,,26499,Hybrid,VIC,car/14950342/toyota/corolla/vic/berwick/hatchback,2026-02-27T01:56:26,UNCLASSIFIED,[DISALLOWED_VARIANT]
2022,Toyota,Corolla,Ascent Sport Hybrid,Hatchback,18231,Automatic,,32888,Hybrid,VIC,car/14941595/toyota/corolla/vic/berwick/hatchback,2026-02-27T01:56:26,toyota_corolla_ascent_sport_hybrid_auto_hatch_zwe211r,[OK]
2022,Toyota,Landcruiser,Lc300 Vx (4X4),Wagon,108977,Automatic,2026-05-16,119990,Diesel,VIC,car/14942185/toyota/landcruiser/vic/mornington/suv,2026-02-27T01:56:26,UNCLASSIFIED,[OUT_OF_SCOPE]
2024,Toyota,Corolla,Ascent Sport Hybrid,Hatchback,46427,Automatic,,32990,Hybrid,VIC,car/14969969/toyota/corolla/vic/cranbourne/hatchback,2026-02-27T01:56:26,toyota_corolla_ascent_sport_hybrid_auto_hatch_zwe219r,[OK]
2024,Toyota,Corolla,Ascent Sport Hybrid,Hatchback,11640,Automatic,,37490,Hybrid,VIC,car/14969526/toyota/corolla/vic/cranbourne/hatchback,2026-02-27T01:56:26,toyota_corolla_ascent_sport_hybrid_auto_hatch_zwe219r,[OK]
2022,Toyota,Corolla,Ascent Sport Hybrid,Hatchback,19661,Automatic,,32888,Hybrid,VIC,car/14941590/toyota/corolla/vic/berwick/hatchback,2026-02-27T01:56:26,toyota_corolla_ascent_sport_hybrid_auto_hatch_zwe211r,[OK]
2019,Toyota,Kluger,Gxl (4X4),Wagon,118097,Automatic,2026-06-30,35595,Unleaded,VIC,car/14924760/toyota/kluger/vic/mornington/suv,2026-02-27T01:56:26,UNCLASSIFIED,[OUT_OF_SCOPE]
2023,Toyota,Kluger,Gx Hybrid Awd,Wagon,60813,Automatic,,51990,Hybrid,VIC,car/14927429/toyota/kluger/vic/cranbourne/suv,2026-02-27T01:56:26,UNCLASSIFIED,[OUT_OF_SCOPE]
2024,Toyota,Kluger,Gx Hybrid Awd,Wagon,30242,Automatic,,57990,Hybrid,VIC,car/14968230/toyota/kluger/vic/cranbourne/suv,2026-02-27T01:56:26,UNCLASSIFIED,[OUT_OF_SCOPE]
2024,Toyota,Camry,Ascent,Sedan,77293,Automatic,2026-02-16,35990,Premium,VIC,car/14833849/toyota/camry/vic/mornington/sedan,2026-02-27T01:56:26,UNCLASSIFIED,[OUT_OF_SCOPE_YEAR]
2024,Toyota,Camry,Ascent,Sedan,62690,Automatic,,34777,Premium,VIC,car/14838628/toyota/camry/vic/cranbourne/sedan,2026-02-27T01:56:26,UNCLASSIFIED,[OUT_OF_SCOPE_YEAR]
2025,Toyota,RAV4,Gx (2Wd) Hybrid,Wagon,53004,Automatic,2026-06-16,45990,Hybrid,VIC,car/14954477/toyota/rav4/vic/mornington/suv,2026-02-27T01:56:26,UNCLASSIFIED,[OUT_OF_SCOPE]
2019,Toyota,Kluger,Gx (4X4),Wagon,104328,Automatic,,34490,Unleaded,VIC,car/14971900/toyota/kluger/vic/cranbourne/suv,2026-02-27T01:56:26,UNCLASSIFIED,[OUT_OF_SCOPE]
2020,Toyota,Camry,Ascent Sport (Hybrid),Sedan,92418,Automatic,,32490,Hybrid,VIC,car/14957005/toyota/camry/vic/cranbourne/sedan,2026-02-27T01:56:26,UNCLASSIFIED,[DISALLOWED_VARIANT]
2020,Toyota,C-HR,Koba (2Wd),Wagon,92315,Automatic,,28888,Premium,VIC,car/14950171/toyota/c-hr/vic/cranbourne/suv,2026-02-27T01:56:26,UNCLASSIFIED,[OUT_OF_SCOPE]
2022,Toyota,Kluger,Grande 2Wd,Wagon,36992,Automatic,,57990,Premium,VIC,car/14968231/toyota/kluger/vic/cranbourne/suv,2026-02-27T01:56:26,UNCLASSIFIED,[OUT_OF_SCOPE]
2024,Toyota,C-HR,Gxl Hybrid,Wagon,32815,Automatic,2026-03-19,42990,Hybrid,VIC,car/14921755/toyota/c-hr/vic/mornington/suv,2026-02-27T01:56:26,UNCLASSIFIED,[OUT_OF_SCOPE]
2021,Toyota,Camry,Ascent,Sedan,103675,Automatic,2026-04-16,29990,Premium,VIC,car/14966909/toyota/camry/vic/mornington/sedan,2026-02-27T01:56:26,toyota_camry_ascent_petrol_auto_sedan_asv70r,[OK]
2022,Toyota,Kluger,Gxl Hybrid Awd,Wagon,66195,Automatic,2026-05-18,55990,Hybrid,VIC,car/14945744/toyota/kluger/vic/mornington/suv,2026-02-27T01:56:26,UNCLASSIFIED,[OUT_OF_SCOPE]
2022,Toyota,Kluger,Gxl Hybrid Awd,Wagon,51612,Automatic,,56490,Hybrid,VIC,car/14877629/toyota/kluger/vic/cranbourne/suv,2026-02-27T01:56:26,UNCLASSIFIED,[OUT_OF_SCOPE]
2019,Toyota,Camry,Ascent,Sedan,44553,Automatic,,31888,Unleaded,VIC,car/14956215/toyota/camry/vic/cranbourne/sedan,2026-02-27T01:56:26,toyota_camry_ascent_petrol_auto_sedan_asv70r,[OK]
2019,Toyota,Camry,Ascent Sport (Hybrid),Sedan,128111,Automatic,,29888,Hybrid,VIC,car/14972708/toyota/camry/vic/cranbourne/sedan,2026-02-27T01:56:26,UNCLASSIFIED,[DISALLOWED_VARIANT]
2021,Toyota,RAV4,Gxl (2Wd) Hybrid,Wagon,79647,Automatic,2026-04-23,39990,Hybrid,VIC,car/14966905/toyota/rav4/vic/mornington/suv,2026-02-27T01:56:26,UNCLASSIFIED,[OUT_OF_SCOPE]
2021,Toyota,Corolla,Ascent Sport Hybrid,Sedan,83133,Automatic,2026-03-19,27990,Hybrid,VIC,car/14866077/toyota/corolla/vic/mornington/sedan,2026-02-27T01:56:26,UNCLASSIFIED,[OUT_OF_SCOPE]
2024,Toyota,RAV4,Gx (2Wd) Hybrid,Wagon,46656,Automatic,,45490,Hybrid,VIC,car/14956088/toyota/rav4/vic/cranbourne/suv,2026-02-27T01:56:26,UNCLASSIFIED,[OUT_OF_SCOPE]
2024,Toyota,C-HR,Gxl Hybrid,Wagon,21648,Automatic,,43490,Hybrid,VIC,car/14945304/toyota/c-hr/vic/cranbourne/suv,2026-02-27T01:56:26,UNCLASSIFIED,[OUT_OF_SCOPE]
2006,Toyota,Tarago,Ultima,Wagon,232613,Automatic,,10999,Unleaded,VIC,car/14161621/toyota/tarago/vic/west-footscray/people-mover,2026-02-27T01:56:26,UNCLASSIFIED,[OUT_OF_SCOPE]
2002,Toyota,Estima,Aeras,Wagon,212012,,,9999,,VIC,car/14607530/toyota/estima/vic/west-footscray/people-mover,2026-02-27T01:56:26,UNCLASSIFIED,[OUT_OF_SCOPE]
2010,Toyota,Corolla,Ascent,Sedan,205632,Automatic,,9999,Unleaded,VIC,car/14620529/toyota/corolla/vic/west-footscray/sedan,2026-02-27T01:56:26,toyota_corolla_ascent_petrol_auto_sedan_zre152r,[OK]
1999,Toyota,Landcruiser,VX LTD,SUV,256875,Automatic,,39995,Diesel,VIC,car/14699818/toyota/landcruiser/vic/maidstone/suv,2026-02-27T01:56:26,UNCLASSIFIED,[OUT_OF_SCOPE]
2022,Toyota,Yaris Cross,Urban,Wagon,87500,Automatic,,23499,Unleaded,VIC,car/14770881/toyota/yaris-cross/vic/west-footscray/suv,2026-02-27T01:56:26,UNCLASSIFIED,[OUT_OF_SCOPE]
2017,Toyota,RAV4,Gxl (2Wd),Wagon,193368,Automatic,,19999,Unleaded,VIC,car/14620485/toyota/rav4/vic/west-footscray/suv,2026-02-27T01:56:26,UNCLASSIFIED,[OUT_OF_SCOPE]
2012,Toyota,Camry,Hybrid H,Sedan,169036,Automatic,2026-04-05,14990,Hybrid,VIC,car/14810823/toyota/camry/vic/coburg-north/sedan,2026-02-27T01:56:26,UNCLASSIFIED,[AMBIG_BADGE]
2014,Toyota,RAV4,Gx (2Wd),Wagon,271343,Automatic,,13999,Unleaded,VIC,car/14765937/toyota/rav4/vic/west-footscray/suv,2026-02-27T01:56:26,UNCLASSIFIED,[OUT_OF_SCOPE]
2007,Toyota,RAV4,Cruiser (4X4),Wagon,181128,Automatic,2024-07-17,13999,Unleaded,VIC,car/13370156/toyota/rav4/vic/west-footscray/suv,2026-02-27T01:56:26,UNCLASSIFIED,[OUT_OF_SCOPE]
2016,Toyota,Landcruiser,Gxl (4X4),Wagon,241186,Automatic,,37500,Diesel,VIC,car/13448850/toyota/landcruiser/vic/west-footscray/suv,2026-02-27T01:56:26,UNCLASSIFIED,[OUT_OF_SCOPE]
2007,Toyota,Aurion,At-X,Sedan,266850,Automatic,2025-11-17,6990,Unleaded,VIC,car/14715857/toyota/aurion/vic/west-footscray/sedan,2026-02-27T01:56:26,UNCLASSIFIED,[OUT_OF_SCOPE]
2015,Toyota,Yaris,Ascent,Hatchback,168227,Manual,2025-12-30,9990,Unleaded,VIC,car/14819458/toyota/yaris/vic/preston/hatchback,2026-02-27T01:56:26,UNCLASSIFIED,[OUT_OF_SCOPE]
2020,Toyota,Landcruiser,Lc200 Sahara (4X4),Wagon,97042,Automatic,,120999,Diesel,VIC,car/14875147/toyota/landcruiser/vic/berwick/suv,2026-02-27T01:56:26,UNCLASSIFIED,[OUT_OF_SCOPE]
2023,Toyota,Kluger,Gx Hybrid Awd,Wagon,55644,Automatic,,50990,Hybrid,VIC,car/14824802/toyota/kluger/vic/cranbourne/suv,2026-02-27T01:56:26,UNCLASSIFIED,[OUT_OF_SCOPE]
2022,Toyota,Fortuner,Gx,Wagon,75662,Automatic,,48888,Diesel,VIC,car/14956090/toyota/fortuner/vic/berwick/suv,2026-02-27T01:56:26,UNCLASSIFIED,[OUT_OF_SCOPE]
2024,Toyota,Granvia,Vx (6 Seats),Wagon,39572,Automatic,,83990,Diesel,VIC,car/14918194/toyota/granvia/vic/cranbourne/people-mover,2026-02-27T01:56:26,UNCLASSIFIED,[OUT_OF_SCOPE]
2024,Toyota,C-HR,Gxl Hybrid,Wagon,42269,Automatic,,40990,Hybrid,VIC,car/14868119/toyota/c-hr/vic/cranbourne/suv,2026-02-27T01:56:26,UNCLASSIFIED,[OUT_OF_SCOPE]
2017,Toyota,Corolla,Ascent,Sedan,156825,Automatic,2026-03-21,17990,Unleaded,VIC,car/14789515/toyota/corolla/vic/west-footscray/sedan,2026-02-27T01:56:26,toyota_corolla_ascent_petrol_auto_sedan_zre172r,[OK]
2014,Toyota,Kluger,Gx (4X2),Wagon,207708,Automatic,2026-01-30,19989,Unleaded,VIC,car/14659625/toyota/kluger/vic/maidstone/suv,2026-02-27T01:56:26,UNCLASSIFIED,[OUT_OF_SCOPE]
2016,Toyota,Landcruiser,Gx (4X4),Wagon,145167,Automatic,2026-01-03,42990,Diesel,VIC,car/14801896/toyota/landcruiser/vic/west-footscray/suv,2026-02-27T01:56:26,UNCLASSIFIED,[OUT_OF_SCOPE]
2014,Toyota,Hilux,Workmate,Dual Cab Pick-up,217162,Manual,2026-02-25,14799,Unleaded,VIC,car/14767641/toyota/hilux/vic/braybrook/dual-cab,2026-02-27T01:56:26,UNCLASSIFIED,[OUT_OF_SCOPE]
2020,Toyota,Prius,A,Hatch,105238,Automatic,2026-05-24,22995,Hybrid,VIC,car/14791181/toyota/prius/vic/maidstone/hatchback,2026-02-27T01:56:26,UNCLASSIFIED,[OUT_OF_SCOPE]
2010,Toyota,Hilux,Workmate,Dual Cab Pick-up,160439,Manual,2026-04-17,13388,Unleaded,VIC,car/14769061/toyota/hilux/vic/braybrook/dual-cab,2026-02-27T01:56:26,UNCLASSIFIED,[OUT_OF_SCOPE]
2012,Toyota,Kluger,Kx-R (Fwd) 7 Seat,Wagon,267941,Automatic,2026-01-30,12988,Unleaded,VIC,car/14817314/toyota/kluger/vic/braybrook/suv,2026-02-27T01:56:26,UNCLASSIFIED,[OUT_OF_SCOPE]
2018,Toyota,Kluger,Gx (4X4),Wagon,190908,Automatic,2026-02-12,25990,Unleaded,VIC,car/14796499/toyota/kluger/vic/west-footscray/suv,2026-02-27T01:56:26,UNCLASSIFIED,[OUT_OF_SCOPE]
2020,Toyota,Probox,DX COMFORT,SUV,90876,Automatic,,15995,Hybrid,VIC,car/14756688/toyota/probox/vic/maidstone/suv,2026-02-27T01:56:26,UNCLASSIFIED,[OUT_OF_SCOPE]
2014,Toyota,Corolla,Ascent Sport,Hatchback,222553,Manual,2025-12-26,10999,Unleaded,VIC,car/14728393/toyota/corolla/vic/braybrook/hatchback,2026-02-27T01:56:26,UNCLASSIFIED,[OUT_OF_SCOPE]
1998,Toyota,Landcruiser Prado,TX,SUV,167640,Automatic,,29995,Diesel,VIC,car/14699799/toyota/landcruiser-prado/vic/maidstone/suv,2026-02-27T01:56:26,UNCLASSIFIED,[OUT_OF_SCOPE]
2011,Toyota,Yaris,Yr,Hatchback,234873,Automatic,2026-03-15,8288,Unleaded,VIC,car/14728415/toyota/yaris/vic/braybrook/hatchback,2026-02-27T01:56:26,UNCLASSIFIED,[OUT_OF_SCOPE]
2008,Toyota,Crown,ATHLETE,Sedan,95956,Automatic,,14995,Unleaded,VIC,car/14699797/toyota/crown/vic/maidstone/limousine,2026-02-27T01:56:26,UNCLASSIFIED,[OUT_OF_SCOPE]
2010,Toyota,Crown,Majesta (Hybrid),Sedan,64990,,,16800,,VIC,car/14755796/toyota/crown/vic/st-kilda/sedan,2026-02-27T01:56:26,UNCLASSIFIED,[OUT_OF_SCOPE]
2022,Toyota,Camry,Ascent Sport Hybrid,Sedan,86529,Automatic,,32450,Hybrid,VIC,car/14804098/toyota/camry/vic/elsternwick/sedan,2026-02-27T01:56:26,UNCLASSIFIED,[DISALLOWED_VARIANT]
2022,Toyota,Corolla Cross,HYBRID G,SUV,55974,Automatic,,34995,Hybrid,VIC,car/14758601/toyota/corolla-cross/vic/maidstone/suv,2026-02-27T01:56:26,UNCLASSIFIED,[OUT_OF_SCOPE]
2011,Toyota,Kluger,Grande (4X4),Wagon,182917,Automatic,,19990,Unleaded,VIC,car/14808010/toyota/kluger/vic/west-footscray/suv,2026-02-27T01:56:26,UNCLASSIFIED,[OUT_OF_SCOPE]
2019,Toyota,Vellfire,HYBRID X TOYOTA SAFETY SENSE,Commercial,97486,Automatic,2027-02-26,42995,Hybrid,VIC,car/14498581/toyota/vellfire/vic/maidstone/van,2026-02-27T01:56:26,UNCLASSIFIED,[OUT_OF_SCOPE]
2010,Toyota,Mark X,PREMIUM,Sedan,73767,Automatic,,14995,Unleaded,VIC,car/14789897/toyota/mark-x/vic/maidstone/limousine,2026-02-27T01:56:26,UNCLASSIFIED,[OUT_OF_SCOPE]
2017,Toyota,Camry,Atara Sx,Sedan,213299,Automatic,,16999,Unleaded,VIC,car/14607455/toyota/camry/vic/west-footscray/sedan,2026-02-27T01:56:26,UNCLASSIFIED,[DISALLOWED_VARIANT]
2016,Toyota,Sienta,HYBRID G,Commercial,64790,Automatic,,16995,Hybrid,VIC,car/14373978/toyota/sienta/vic/maidstone/van,2026-02-27T01:56:26,UNCLASSIFIED,[OUT_OF_SCOPE]
2020,Toyota,Corolla,WXB FULL OPTION,SUV,100383,Automatic,,24995,Hybrid,VIC,car/14758543/toyota/corolla/vic/maidstone/suv,2026-02-27T01:56:26,UNCLASSIFIED,[OUT_OF_SCOPE]
2007,Toyota,Corolla,Ascent Sport Seca,Hatchback,186781,Automatic,,8990,Unleaded,VIC,car/14940061/toyota/corolla/vic/footscray/hatchback,2026-02-27T01:56:26,UNCLASSIFIED,[OUT_OF_SCOPE_YEAR]
2015,Toyota,Hilux,Workmate,Cab Chassis,186349,Automatic,2025-12-17,18989,Unleaded,VIC,car/14688276/toyota/hilux/vic/maidstone/single-cab,2026-02-27T01:56:26,UNCLASSIFIED,[OUT_OF_SCOPE]
2015,Toyota,Hilux,Sr5 (4X4),Dual Cab Utility,150933,Automatic,2026-01-22,37990,Diesel,VIC,car/14513955/toyota/hilux/vic/west-footscray/dual-cab,2026-02-27T01:56:26,UNCLASSIFIED,[OUT_OF_SCOPE]
2007,Toyota,Estima,G,Commercial,71384,Automatic,,15995,Unleaded,VIC,car/14791202/toyota/estima/vic/maidstone/van,2026-02-27T01:56:26,UNCLASSIFIED,[OUT_OF_SCOPE]
2013,Toyota,HiAce,Lwb,Van,321030,Manual,2026-07-15,12990,Diesel,VIC,car/14711372/toyota/hiace/vic/coburg-north/van,2026-02-27T01:56:26,UNCLASSIFIED,[OUT_OF_SCOPE]
2022,Toyota,Corolla,HYBRID EX,SUV,101417,Automatic,,19995,Hybrid,VIC,car/14699811/toyota/corolla/vic/maidstone/suv,2026-02-27T01:56:26,UNCLASSIFIED,[OUT_OF_SCOPE]
2011,Toyota,Rukus,Build 1,Wagon,224102,Automatic,,7990,Unleaded,VIC,car/14734974/toyota/rukus/vic/footscray/wagon,2026-02-27T01:56:26,UNCLASSIFIED,[OUT_OF_SCOPE]
2021,Toyota,RAV4,Edge (Awd) Hybrid,Wagon,61893,Automatic,2026-05-28,48888,Hybrid,VIC,car/14809435/toyota/rav4/vic/south-melbourne/suv,2026-02-27T01:56:26,UNCLASSIFIED,[OUT_OF_SCOPE]
2017,Toyota,Hilux,Sr (4X4),Dual Cab Utility,60981,Automatic,,41990,Diesel,VIC,car/14767326/toyota/hilux/vic/preston/dual-cab,2026-02-27T01:56:26,UNCLASSIFIED,[OUT_OF_SCOPE]
2012,Toyota,Kluger,Altitude (4X4) 7 Seat,Wagon,229223,Automatic,2026-06-25,14800,Unleaded,VIC,car/14969566/toyota/kluger/vic/preston/suv,2026-02-27T01:56:26,UNCLASSIFIED,[OUT_OF_SCOPE]
2022,Toyota,Corolla,Ascent Sport,Hatchback,50850,Automatic,,28990,Unleaded,VIC,car/14985622/toyota/corolla/vic/elsternwick/hatchback,2026-02-27T01:56:26,toyota_corolla_ascent_sport_petrol_auto_hatch_mzea12r,[OK]
2024,Toyota,COROLLA CROSS HYBRID,COROLLA CROSS HYBRID ATMOS AWD 2.0L AUTO CVT 5 DOOR HATCH,Hatch,11800,,,,Hybrid,VIC,car/14985492/toyota/corolla-cross-hybrid/vic/south-melbourne/hatchback,2026-02-27T01:56:26,UNCLASSIFIED,[NO_PRICE]
2008,Toyota,Landcruiser Prado,Gxl (4X4),Wagon,311368,Automatic,2026-03-11,19999,Diesel,VIC,car/14985145/toyota/landcruiser-prado/vic/braybrook/suv,2026-02-27T01:56:26,UNCLASSIFIED,[OUT_OF_SCOPE]
2021,Toyota,RAV4,Xse (2Wd) Hybrid,Wagon,39938,Automatic,,49990,Hybrid,VIC,car/14984383/toyota/rav4/vic/elsternwick/suv,2026-02-27T01:56:26,UNCLASSIFIED,[OUT_OF_SCOPE]
2020,Toyota,HiAce,HIACE BUS SLWB 2.8L T DIESEL AUTOMATIC,OtherCar,134608,Automatic,2026-05-26,58990,Other,VIC,car/14984056/toyota/hiace/vic/melbourne/othercar,2026-02-27T01:56:26,UNCLASSIFIED,[OUT_OF_SCOPE]
2025,Toyota,Corolla,Sx Hybrid,Hatchback,5971,Automatic,2026-07-11,39990,Hybrid,VIC,car/14984663/toyota/corolla/vic/melbourne/hatchback,2026-02-27T01:56:26,UNCLASSIFIED,[DISALLOWED_VARIANT]
2022,Toyota,RAV4,Gxl (2Wd) Hybrid,Wagon,45755,Automatic,,44888,Hybrid,VIC,car/14981888/toyota/rav4/vic/tottenham/suv,2026-02-27T01:56:26,UNCLASSIFIED,[OUT_OF_SCOPE]
2004,Toyota,RAV4,Cv (4X4),Wagon,287983,Automatic,,6990,Unleaded,VIC,car/14978667/toyota/rav4/vic/footscray/suv,2026-02-27T01:56:26,UNCLASSIFIED,[OUT_OF_SCOPE]
2013,Toyota,Corolla,Ascent,Sedan,228431,Automatic,2026-06-21,10988,Unleaded,VIC,car/14982140/toyota/corolla/vic/braybrook/sedan,2026-02-27T01:56:26,toyota_corolla_ascent_petrol_auto_sedan_zre152r,[OK]
2003,Toyota,Corolla,Conquest Seca,Hatchback,267131,Automatic,,6990,Unleaded,VIC,car/14978663/toyota/corolla/vic/footscray/hatchback,2026-02-27T01:56:26,UNCLASSIFIED,[AMBIG_BADGE]
2006,Toyota,Camry,Sportivo,Sedan,208356,Automatic,,6990,Unleaded,VIC,car/14981833/toyota/camry/vic/footscray/sedan,2026-02-27T01:56:26,UNCLASSIFIED,[AMBIG_BADGE]
2014,Toyota,Camry,Atara S,Sedan,186836,Automatic,2026-08-28,13990,Unleaded,VIC,car/14975715/toyota/camry/vic/preston/sedan,2026-02-27T01:56:26,UNCLASSIFIED,[DISALLOWED_VARIANT]
2011,Toyota,Rukus,Build 3,Wagon,239691,Automatic,,9650,Unleaded,VIC,car/14924745/toyota/rukus/vic/footscray/wagon,2026-02-27T01:56:26,UNCLASSIFIED,[OUT_OF_SCOPE]
2014,Toyota,RAV4,Gxl (2Wd),Wagon,183399,Automatic,2025-05-29,19990,Unleaded,VIC,car/14488877/toyota/rav4/vic/west-footscray/suv,2026-02-27T01:56:26,UNCLASSIFIED,[OUT_OF_SCOPE]
2013,Toyota,Hilux,Workmate,Cab Chassis,167324,Manual,,18990,Diesel,VIC,car/14937291/toyota/hilux/vic/elsternwick/single-cab,2026-02-27T01:56:26,UNCLASSIFIED,[OUT_OF_SCOPE]
2003,Toyota,Echo,,Hatchback,128732,Manual,,5650,Unleaded,VIC,car/14922771/toyota/echo/vic/footscray/hatchback,2026-02-27T01:56:26,UNCLASSIFIED,[OUT_OF_SCOPE]
2020,Toyota,Probox,G L,SUV,92770,Automatic,,,Hybrid,VIC,car/14919636/toyota/probox/vic/maidstone/suv,2026-02-27T01:56:26,UNCLASSIFIED,[NO_PRICE]
2015,Toyota,Prius,Hybrid,Hatchback,113333,Automatic,,18995,Hybrid,VIC,car/14791196/toyota/prius/vic/maidstone/hatchback,2026-02-27T01:56:26,UNCLASSIFIED,[OUT_OF_SCOPE]
2015,Toyota,Crown,ROYAL,Sedan,101964,Automatic,,19995,Hybrid,VIC,car/14384757/toyota/crown/vic/maidstone/limousine,2026-02-27T01:56:26,UNCLASSIFIED,[OUT_OF_SCOPE]
2010,Toyota,RAV4,Cv (4X4),Wagon,193123,Automatic,2026-04-01,10888,Unleaded,VIC,car/14936534/toyota/rav4/vic/alphington/suv,2026-02-27T01:56:26,UNCLASSIFIED,[OUT_OF_SCOPE]
2022,Toyota,Hilux,Sr5 (4X4),Double Cab Pick Up,192616,Automatic,2025-10-03,47990,Diesel,VIC,car/14707679/toyota/hilux/vic/west-footscray/dual-cab,2026-02-27T01:56:26,UNCLASSIFIED,[OUT_OF_SCOPE]
2010,Toyota,Corolla,Ascent,Hatchback,212298,Automatic,2026-10-29,9500,Unleaded,VIC,car/14921616/toyota/corolla/vic/preston/hatchback,2026-02-27T01:56:26,UNCLASSIFIED,[OUT_OF_SCOPE_YEAR]
2020,Toyota,Corolla,Touring (Hybrid),Wagon,140000,,,21600,,VIC,car/14752737/toyota/corolla/vic/st-kilda/wagon,2026-02-27T01:56:26,UNCLASSIFIED,[OUT_OF_SCOPE]
2017,Toyota,Noah,HYBRID X,Commercial,103511,Automatic,,23995,Hybrid,VIC,car/14466733/toyota/noah/vic/maidstone/van,2026-02-27T01:56:26,UNCLASSIFIED,[OUT_OF_SCOPE]
2016,Toyota,Sienta,HYBRID G,Commercial,100780,Automatic,,16995,Hybrid,VIC,car/14384751/toyota/sienta/vic/maidstone/van,2026-02-27T01:56:26,UNCLASSIFIED,[OUT_OF_SCOPE]
2011,Toyota,Rukus,Build 1,Wagon,175654,Automatic,,11990,Unleaded,VIC,car/14719080/toyota/rukus/vic/footscray/wagon,2026-02-27T01:56:26,UNCLASSIFIED,[OUT_OF_SCOPE]
2018,Toyota,Prius,S,Hatch,91067,Automatic,,21995,Hybrid,VIC,car/14797783/toyota/prius/vic/maidstone/hatchback,2026-02-27T01:56:26,UNCLASSIFIED,[OUT_OF_SCOPE]
2011,Toyota,Yaris,Yrx,Sedan,279485,Automatic,,7650,Unleaded,VIC,car/14966408/toyota/yaris/vic/footscray/sedan,2026-02-27T01:56:26,UNCLASSIFIED,[OUT_OF_SCOPE]
2007,Toyota,RAV4,Cruiser (4X4),Wagon,191710,Automatic,,12450,Unleaded,VIC,car/14789623/toyota/rav4/vic/footscray/suv,2026-02-27T01:56:26,UNCLASSIFIED,[OUT_OF_SCOPE]
2000,Toyota,Corolla,Ascent Seca,Liftback,253763,Automatic,,5750,Unleaded,VIC,car/14942231/toyota/corolla/vic/footscray/hatchback,2026-02-27T01:56:26,UNCLASSIFIED,[BAD_PARSE]
2012,Toyota,Aqua,G,Hatch,86336,Automatic,,13995,Hybrid,VIC,car/14758575/toyota/aqua/vic/maidstone/hatchback,2026-02-27T01:56:26,UNCLASSIFIED,[OUT_OF_SCOPE]
2024,Toyota,GR86,Gts,Coupe,26025,Automatic,2026-05-28,44990,Premium,VIC,car/14824721/toyota/gr86/vic/melbourne/coupe,2026-02-27T01:56:26,UNCLASSIFIED,[OUT_OF_SCOPE]
2018,Toyota,Hilux,Sr5 Hi-Rider,Double Cab Pick Up,126612,Automatic,,40990,Diesel,VIC,car/14986651/toyota/hilux/vic/elsternwick/dual-cab,2026-02-27T01:56:26,UNCLASSIFIED,[OUT_OF_SCOPE]
2016,Toyota,Yaris,Ascent,Hatchback,53066,Automatic,,,Unleaded,VIC,car/14986335/toyota/yaris/vic/elsternwick/hatchback,2026-02-27T01:56:26,UNCLASSIFIED,[NO_PRICE]
2020,Toyota,RAV4,Gx (2Wd),Wagon,111759,Automatic,,,Unleaded,VIC,car/14985618/toyota/rav4/vic/elsternwick/suv,2026-02-27T01:56:26,UNCLASSIFIED,[NO_PRICE]
2021,Toyota,Landcruiser Prado,Gxl,Wagon,79104,Automatic,,65990,Diesel,VIC,car/14985619/toyota/landcruiser-prado/vic/elsternwick/suv,2026-02-27T01:56:26,UNCLASSIFIED,[OUT_OF_SCOPE]
2018,Toyota,Kluger,Gx (4X4),Wagon,190908,Automatic,,28990,Unleaded,VIC,car/14789499/toyota/kluger/vic/west-footscray/suv,2026-02-27T01:56:26,UNCLASSIFIED,[OUT_OF_SCOPE]
2021,Toyota,Corolla,HYBRID EX,SUV,112238,Automatic,,19995,Hybrid,VIC,car/14625364/toyota/corolla/vic/maidstone/suv,2026-02-27T01:56:26,UNCLASSIFIED,[OUT_OF_SCOPE]
2024,Toyota,Corolla,Ascent Sport,Sedan,13367,Automatic,2026-06-03,31990,Unleaded,VIC,car/14819272/toyota/corolla/vic/south-melbourne/sedan,2026-02-27T01:56:26,UNCLASSIFIED,[DISALLOWED_VARIANT]
2018,Toyota,C-HR,G,Wagon,87850,,,25400,,VIC,car/14762948/toyota/c-hr/vic/st-kilda/wagon,2026-02-27T01:56:26,UNCLASSIFIED,[OUT_OF_SCOPE]
2023,Toyota,Landcruiser,Lc300 Gxl (4X4),Wagon,49689,Automatic,2026-06-03,104990,Diesel,VIC,car/14784841/toyota/landcruiser/vic/south-melbourne/suv,2026-02-27T01:56:26,UNCLASSIFIED,[OUT_OF_SCOPE]
2022,Toyota,RAV4,Gx (2Wd) Hybrid,Wagon,58232,Automatic,,40990,Hybrid,VIC,car/14951073/toyota/rav4/vic/elsternwick/suv,2026-02-27T01:56:26,UNCLASSIFIED,[OUT_OF_SCOPE]
2018,Toyota,C-HR,HYBRID G,SUV,105262,Automatic,,23995,Hybrid,VIC,car/14625353/toyota/c-hr/vic/maidstone/suv,2026-02-27T01:56:26,UNCLASSIFIED,[OUT_OF_SCOPE]
2023,Toyota,Kluger,Gx 2Wd,Wagon,41074,Automatic,,42450,Unleaded,VIC,car/14793890/toyota/kluger/vic/elsternwick/suv,2026-02-27T01:56:26,UNCLASSIFIED,[OUT_OF_SCOPE]
2023,Toyota,Kluger,Gx 2Wd,Wagon,49164,Automatic,,42450,Unleaded,VIC,car/14793821/toyota/kluger/vic/elsternwick/suv,2026-02-27T01:56:26,UNCLASSIFIED,[OUT_OF_SCOPE]
2009,Toyota,Landcruiser Prado,Gxl (4X4),Wagon,372005,Automatic,2026-03-12,17990,Diesel,VIC,car/14662688/toyota/landcruiser-prado/vic/preston/suv,2026-02-27T01:56:26,UNCLASSIFIED,[OUT_OF_SCOPE]
2021,Toyota,Corolla,HYBRID EX,Sedan,74038,Automatic,,20995,Hybrid,VIC,car/14625358/toyota/corolla/vic/maidstone/limousine,2026-02-27T01:56:26,UNCLASSIFIED,[OUT_OF_SCOPE]
2021,Toyota,RAV4,Gxl (Awd) Hybrid,Wagon,33417,Automatic,2026-05-28,41490,Hybrid,VIC,car/14752659/toyota/rav4/vic/south-melbourne/suv,2026-02-27T01:56:26,UNCLASSIFIED,[OUT_OF_SCOPE]
2018,Toyota,C-HR,G,SUV,108938,Automatic,,23995,Hybrid,VIC,car/14625352/toyota/c-hr/vic/maidstone/suv,2026-02-27T01:56:26,UNCLASSIFIED,[OUT_OF_SCOPE]
2021,Toyota,RAV4,Gx (Awd) Hybrid,Wagon,37349,Automatic,,39450,Hybrid,VIC,car/14820553/toyota/rav4/vic/elsternwick/suv,2026-02-27T01:56:26,UNCLASSIFIED,[OUT_OF_SCOPE]
2021,Toyota,RAV4,Gx (Awd) Hybrid,Wagon,38306,Automatic,2026-06-19,41490,Hybrid,VIC,car/14804535/toyota/rav4/vic/south-melbourne/suv,2026-02-27T01:56:26,UNCLASSIFIED,[OUT_OF_SCOPE]
2012,Toyota,Aurion,At-X,Sedan,257500,Automatic,2025-05-15,9990,Unleaded,VIC,car/14300663/toyota/aurion/vic/west-footscray/sedan,2026-02-27T01:56:26,UNCLASSIFIED,[OUT_OF_SCOPE]
2022,Toyota,RAV4,Gxl (Awd) Hybrid,Wagon,60584,Automatic,2026-06-08,42490,Hybrid,VIC,car/14804533/toyota/rav4/vic/south-melbourne/suv,2026-02-27T01:56:26,UNCLASSIFIED,[OUT_OF_SCOPE]
