event_date,event,url,price,previous_price,price_change,year,make,model,variant,body_type,odometer,transmission,rego,fuel_type,location
2026-01-25T15:33:31,listed,car/14810823/toyota/camry/vic/coburg-north/sedan,14990.0,,,2012,Toyota,Camry,Hybrid H,Sedan,169036,Automatic,2026-04-05,Hybrid,VIC
2026-01-25T15:33:31,listed,car/14887683/toyota/camry/vic/maidstone/sedan,3999.0,,,1999,Toyota,Camry,Csi,Sedan,180626,Automatic,2026-03-27,Unleaded,VIC
2026-01-25T15:33:31,listed,car/14903080/toyota/kluger/vic/west-footscray/suv,22990.0,,,2017,Toyota,Kluger,Gx (4X2),Wagon,195030,Automatic,2026-04-18,Unleaded,VIC
2026-01-25T15:33:31,listed,car/14867243/toyota/kluger/vic/keysborough/suv,48888.0,,,2024,Toyota,Kluger,Gx 2Wd,Wagon,20182,Automatic,2026-09-26,Unleaded,VIC
2026-01-25T15:33:31,listed,car/14889753/toyota/corolla/vic/west-footscray/hatchback,3999.0,,,2005,Toyota,Corolla,Conquest Seca,Hatchback,284330,Automatic,2026-10-12,Unleaded,VIC
2026-01-25T15:33:31,listed,car/14882828/toyota/camry/vic/west-footscray/sedan,21990.0,,,2020,Toyota,Camry,Ascent Sport,Sedan,156022,Automatic,2026-03-20,Unleaded,VIC
2026-01-25T15:33:31,listed,car/14778433/toyota/hilux/vic/tullamarine/dual-cab,42990.0,,,2016,Toyota,Hilux,Sr (4X4),Dual Cab Chassis,117584,Automatic,2026-01-31,Diesel,VIC
2026-01-25T15:33:31,listed,car/14765937/toyota/rav4/vic/west-footscray/suv,13999.0,,,2014,Toyota,RAV4,Gx (2Wd),Wagon,271343,Automatic,,Unleaded,VIC
2026-01-25T15:33:31,listed,car/14819458/toyota/yaris/vic/preston/hatchback,9990.0,,,2015,Toyota,Yaris,Ascent,Hatchback,168227,Manual,2025-12-30,Unleaded,VIC
2026-01-25T15:33:31,listed,car/14886209/toyota/corolla/vic/clayton-south/suv,23990.0,,,2020,Toyota,Corolla,ZWE211,SUV,79848,Automatic,,Unleaded,VIC
2026-01-25T15:33:31,listed,car/14887772/toyota/rav4/vic/braybrook/suv,6999.0,,,2005,Toyota,RAV4,Cruiser (4X4),Wagon,349308,Manual,2026-09-01,Unleaded,VIC
2026-01-25T15:33:31,listed,car/14857694/toyota/tarago/vic/coburg-north/people-mover,7990.0,,,2011,Toyota,Tarago,Gli,Wagon,269988,Automatic,2026-04-01,Unleaded,VIC
2026-01-25T15:33:31,listed,car/14911829/toyota/camry/vic/ringwood/sedan,12990.0,,,2011,Toyota,Camry,Touring Se,Sedan,181080,Automatic,2026-03-28,Unleaded,VIC
2026-01-25T15:33:31,listed,car/14867355/toyota/alphard/vic/st-kilda/suv,46000.0,,,2021,Toyota,Alphard,(HYBRID)--S,SUV,83662,Automatic,,Hybrid,VIC
2026-01-25T15:33:31,listed,car/14895465/toyota/estima/vic/st-kilda/othercar,16499.0,,,2013,Toyota,Estima,AERAS,OtherCar,77200,Automatic,2025-11-06,Unleaded,VIC
2026-01-25T15:33:31,listed,car/14858354/toyota/rav4/vic/ringwood/suv,19990.0,,,2014,Toyota,RAV4,Gx (2Wd),Wagon,143249,Automatic,2026-02-28,Unleaded,VIC
2026-01-25T15:33:31,listed,car/14902979/toyota/aurion/vic/northcote/sedan,9499.0,,,2010,Toyota,Aurion,Sportivo Zr6,Sedan,149000,Automatic,,Unleaded,VIC
2026-01-25T15:33:31,listed,car/14905513/toyota/corolla/vic/northcote/sedan,10499.0,,,2010,Toyota,Corolla,Ascent,Sedan,122000,Automatic,,Unleaded,VIC
2026-01-25T15:33:31,listed,car/14821148/toyota/rav4/vic/mordialloc/suv,12990.0,,,2014,Toyota,RAV4,Gxl (4X4),Wagon,284851,Automatic,2025-11-30,Diesel,VIC
2026-01-25T15:33:31,listed,car/14915704/toyota/hilux/vic/northcote/extra-cab,15999.0,,,2008,Toyota,Hilux,Sr5 (4X4),X Cab Pickup,249000,Manual,,Diesel,VIC
2026-01-25T15:33:31,listed,car/14815457/toyota/86/vic/maidstone/coupe,19990.0,,,2013,Toyota,86,Gt,Coupe,136100,Manual,2025-12-13,Premium,VIC
2026-01-25T15:33:31,listed,car/14808321/toyota/landcruiser-prado/vic/maidstone/suv,9999.0,,,2000,Toyota,Landcruiser Prado,Gxl (4X4),Wagon,462600,Manual,2026-01-18,Unleaded,VIC
2026-01-25T15:33:31,listed,car/14773928/toyota/hilux/vic/alphington/single-cab,9988.0,,,2014,Toyota,Hilux,Workmate,Cab Chassis,314324,Manual,2026-10-20,Unleaded,VIC
2026-01-25T15:33:31,listed,car/14894547/toyota/landcruiser/vic/alphington/suv,9888.0,,,1998,Toyota,Landcruiser,Gxl (4X4),Wagon,560261,Manual,2026-01-15,Diesel,VIC
2026-01-25T15:33:31,listed,car/14810075/toyota/landcruiser/vic/elsternwick/suv,70977.0,,,2016,Toyota,Landcruiser,Sahara (4X4),Wagon,235885,Automatic,,Unleaded,VIC
2026-01-25T15:33:31,listed,car/14908256/toyota/yaris/vic/williamstown-north/hatchback,8990.0,,,2013,Toyota,Yaris,Yr,Hatchback,134744,Manual,2026-07-14,Unleaded,VIC
2026-01-25T15:33:31,listed,car/14801896/toyota/landcruiser/vic/west-footscray/suv,42990.0,,,2016,Toyota,Landcruiser,Gx (4X4),Wagon,145167,Automatic,2026-01-03,Diesel,VIC
2026-01-25T15:33:31,listed,car/14817314/toyota/kluger/vic/braybrook/suv,13488.0,,,2012,Toyota,Kluger,Kx-R (Fwd) 7 Seat,Wagon,267941,Automatic,2026-01-30,Unleaded,VIC
2026-01-25T15:33:31,listed,car/14811005/toyota/corolla/vic/braybrook/sedan,7688.0,,,2007,Toyota,Corolla,Ascent,Sedan,199897,Automatic,2025-12-19,Unleaded,VIC
2026-01-25T15:33:31,listed,car/14856277/toyota/corolla/vic/ringwood/suv,24999.0,,,2020,Toyota,Corolla,,SUV,117171,Automatic,2026-03-10,Other,VIC
2026-01-25T15:33:31,listed,car/14826307/toyota/corolla/vic/st-kilda/suv,18999.0,,,2020,Toyota,Corolla,TOURING  HYBRID G-X-(S),SUV,119763,Automatic,,Hybrid,VIC
2026-01-25T15:33:31,listed,car/14767641/toyota/hilux/vic/braybrook/dual-cab,14799.0,,,2014,Toyota,Hilux,Workmate,Dual Cab Pick-up,217162,Manual,2026-02-25,Unleaded,VIC
2026-01-25T15:33:31,listed,car/14857967/toyota/yaris/vic/oakleigh/hatchback,31777.0,,,2025,Toyota,Yaris,Ascent Sport Hybrid,Hatchback,9703,Automatic,,Hybrid,VIC
2026-01-25T15:33:31,listed,car/14879412/toyota/hiace/vic/footscray/people-mover,26990.0,,,2008,Toyota,HiAce,Commuter,Bus,145000,Automatic,,Unleaded,VIC
2026-01-25T15:33:31,listed,car/14785030/toyota/camry/vic/footscray/sedan,29880.0,,,2019,Toyota,Camry,Ascent (Hybrid),Sedan,13000,Automatic,,Hybrid,VIC
2026-01-25T15:33:31,listed,car/14809170/toyota/camry/vic/cranbourne-west/sedan,8990.0,,,2008,Toyota,Camry,Altise,Sedan,199890,Automatic,2026-06-30,Unleaded,VIC
2026-01-25T15:33:31,listed,car/14826296/toyota/crown/vic/st-kilda/limousine,18999.0,,,2013,Toyota,Crown,ROYAL SALOON-HYBRID--S,Sedan,73830,Automatic,,Hybrid,VIC
2026-01-25T15:33:31,listed,car/14908868/toyota/yaris/vic/st-kilda/suv,17999.0,,,2020,Toyota,Yaris,HYBRID X--S,SUV,106287,Automatic,,Hybrid,VIC
2026-01-25T15:33:31,listed,car/14784463/toyota/rav4/vic/oakleigh/suv,38999.0,,,2020,Toyota,RAV4,Gx Awd Hybrid,Wagon,58428,Automatic,,Hybrid,VIC
2026-01-25T15:33:31,listed,car/14901550/toyota/hiace/vic/st-kilda/van,27300.0,,,2019,Toyota,HiAce,,Commercial,143760,Automatic,,Unleaded,VIC
2026-01-25T15:33:31,listed,car/14826274/toyota/c-hr/vic/st-kilda/suv,24900.0,,,2018,Toyota,C-HR,(HYBRID) -S,SUV,87824,Automatic,,Hybrid,VIC
2026-01-25T15:33:31,listed,car/14817997/toyota/camry/vic/nunawading/sedan,15990.0,,,2012,Toyota,Camry,Hybrid H,Sedan,170000,Automatic,2026-01-29,Hybrid,VIC
2026-01-25T15:33:31,listed,car/14837779/toyota/rav4/vic/south-melbourne/suv,24888.0,,,2018,Toyota,RAV4,Gxl (4X4),Wagon,121500,Automatic,2026-06-22,Unleaded,VIC
2026-01-25T15:33:31,listed,car/14888000/toyota/hiace/vic/st-kilda/van,25990.0,,,2015,Toyota,HiAce,DX KDH20-S,Commercial,105339,Automatic,,Diesel,VIC
2026-01-25T15:33:31,listed,car/14828009/toyota/aurion/vic/oakleigh-south/sedan,9490.0,,,2008,Toyota,Aurion,Prodigy,Sedan,164749,Automatic,2026-06-04,Unleaded,VIC
2026-01-25T15:33:31,listed,car/14826293/toyota/corolla/vic/st-kilda/suv,20500.0,,,2020,Toyota,Corolla,TOURING (HYBRID) -S,SUV,86322,Automatic,,Hybrid,VIC
2026-01-25T15:33:31,listed,car/14898028/toyota/vitz/vic/maidstone/hatchback,14990.0,,,2018,Toyota,Vitz,F (Hybrid),Hatchback,97191,,2025-11-30,,VIC
2026-01-25T15:33:31,listed,car/14887295/toyota/corolla/vic/maidstone/suv,16995.0,,,2020,Toyota,Corolla,HYBRID EX,SUV,120260,Automatic,,Unleaded,VIC
2026-01-25T15:33:31,listed,car/14810821/toyota/rav4/vic/alphington/suv,7688.0,,,2010,Toyota,RAV4,Cruiser (4X4),Wagon,322980,Automatic,2026-01-29,Unleaded,VIC
2026-01-25T15:33:31,listed,car/14891390/toyota/corolla/vic/maidstone/hatchback,7990.0,,,2010,Toyota,Corolla,Ascent,Hatchback,266735,Automatic,2026-02-15,Unleaded,VIC
2026-01-25T15:33:31,listed,car/14871431/toyota/landcruiser-prado/vic/south-melbourne/suv,93990.0,,,2023,Toyota,Landcruiser Prado,Kakadu,Wagon,40123,Automatic,2026-03-25,Diesel,VIC
2026-01-25T15:33:31,listed,car/14902582/toyota/yaris/vic/maidstone/sedan,6990.0,,,2008,Toyota,Yaris,Yrs,Sedan,218959,Automatic,2026-09-13,Unleaded,VIC
2026-01-25T15:33:31,listed,car/14800927/toyota/kluger/vic/alphington/suv,19888.0,,,2011,Toyota,Kluger,Kx-S (4X4),Wagon,115360,Automatic,2026-03-25,Unleaded,VIC
2026-01-25T15:33:31,listed,car/14907928/toyota/aurion/vic/maidstone/sedan,11990.0,,,2012,Toyota,Aurion,Presara,Sedan,235440,Automatic,2026-02-14,Unleaded,VIC
2026-01-25T15:33:31,listed,car/14819802/toyota/corolla/vic/maidstone/sedan,23990.0,,,2022,Toyota,Corolla,Ascent Sport Hybrid,Sedan,156939,Automatic,,Hybrid,VIC
2026-01-25T15:33:31,listed,car/14822255/toyota/hiace/vic/nunawading/people-mover,44990.0,,,2018,Toyota,HiAce,Commuter,Bus,98000,Automatic,2026-06-29,Diesel,VIC
2026-01-25T15:33:31,listed,car/14814242/toyota/rav4/vic/melbourne/suv,56990.0,,,2024,Toyota,RAV4,Cruiser (2Wd) Hybrid,Wagon,23737,Automatic,2026-04-09,Hybrid,VIC
2026-01-25T15:33:31,listed,car/14830803/toyota/corolla/vic/braybrook/hatchback,6688.0,,,2009,Toyota,Corolla,Ascent,Hatchback,321522,Automatic,2026-01-02,Unleaded,VIC
2026-01-25T15:33:31,listed,car/14894814/toyota/rav4/vic/keysborough/suv,48970.0,,,2024,Toyota,RAV4,Gx (Awd) Hybrid,Wagon,9004,Automatic,2026-09-16,Hybrid,VIC
2026-01-25T15:33:31,listed,car/14826313/toyota/c-hr/vic/st-kilda/suv,25500.0,,,2018,Toyota,C-HR,(HYBRID)  -(S),SUV,72471,Automatic,,Hybrid,VIC
2026-01-25T15:33:31,listed,car/14811924/toyota/paseo/vic/braybrook/coupe,6999.0,,,1997,Toyota,Paseo,,Coupe,346720,Manual,2026-01-25,Unleaded,VIC
2026-01-25T15:33:31,listed,car/14826986/toyota/landcruiser-prado/vic/cranbourne-west/suv,24990.0,,,2010,Toyota,Landcruiser Prado,Gxl (4X4),Wagon,263920,Automatic,2026-01-26,Diesel,VIC
2026-01-25T15:33:31,listed,car/14826272/toyota/c-hr/vic/st-kilda/suv,24900.0,,,2018,Toyota,C-HR,(HYBRID),SUV,82800,Automatic,,Hybrid,VIC
2026-01-25T15:33:31,listed,car/14912820/toyota/corolla/vic/st-kilda/suv,19499.0,,,2020,Toyota,Corolla,TOURING (HYBRID)-S,SUV,162321,Automatic,,Hybrid,VIC
2026-01-25T15:33:31,listed,car/14807423/toyota/yaris/vic/oakleigh/hatchback,7333.0,,,2007,Toyota,Yaris,Yr,Hatchback,167480,Manual,,Unleaded,VIC
2026-01-25T15:33:31,listed,car/14780371/toyota/rav4/vic/braybrook/suv,7688.0,,,2003,Toyota,RAV4,Cruiser (4X4),Wagon,334754,Automatic,2026-03-27,Unleaded,VIC
2026-01-25T15:33:31,listed,car/14767326/toyota/hilux/vic/preston/dual-cab,41990.0,,,2017,Toyota,Hilux,Sr (4X4),Dual Cab Utility,60981,Automatic,,Diesel,VIC
2026-01-25T15:33:31,listed,car/14814737/toyota/hilux/vic/tullamarine/dual-cab,45990.0,,,2018,Toyota,Hilux,Sr5 (4X4),Double Cab Pick Up,144080,Automatic,2026-03-24,Diesel,VIC
2026-01-25T15:33:31,listed,car/14859114/toyota/corolla/vic/coburg-north/hatchback,26990.0,,,2020,Toyota,Corolla,Zr,Hatchback,81988,Automatic,2026-11-28,Unleaded,VIC
2026-01-25T15:33:31,listed,car/14916903/toyota/corolla/vic/northcote/wagon,5499.0,,,2005,Toyota,Corolla,Ascent,Wagon,219000,Automatic,,Unleaded,VIC
2026-01-25T15:33:31,listed,car/14809262/toyota/landcruiser/vic/keysborough/suv,119970.0,,,2021,Toyota,Landcruiser,Lc300 Sahara (4X4),Wagon,55667,Automatic,2025-12-01,Diesel,VIC
2026-01-25T15:33:31,listed,car/14770881/toyota/yaris-cross/vic/west-footscray/suv,23999.0,,,2022,Toyota,Yaris Cross,Urban,Wagon,87500,Automatic,,Unleaded,VIC
2026-01-25T15:33:31,listed,car/14829530/toyota/landcruiser/vic/elsternwick/suv,124990.0,,,2020,Toyota,Landcruiser,Lc200 Sahara (4X4),Wagon,74681,Automatic,,Diesel,VIC
2026-01-25T15:33:31,listed,car/14888334/toyota/landcruiser-prado/vic/elsternwick/suv,71990.0,,,2019,Toyota,Landcruiser Prado,Vx (4X4),Wagon,46186,Automatic,,Diesel,VIC
2026-01-25T15:33:31,listed,car/14909030/toyota/rav4/vic/melbourne/suv,22990.0,,,2013,Toyota,RAV4,GXL,SUV,86221,,2026-04-18,Other,VIC
2026-01-25T15:33:31,listed,car/14889336/toyota/hilux/vic/maidstone/dual-cab,18880.0,,,2011,Toyota,Hilux,Sr (4X4),Dual Cab Pick-up,238598,Manual,2026-02-16,Diesel,VIC
2026-01-25T15:33:31,listed,car/14828499/toyota/crown/vic/maidstone/limousine,34995.0,,,2020,Toyota,Crown,N/A,Sedan,109831,Automatic,,Unleaded,VIC
2026-01-25T15:33:31,listed,car/14841106/toyota/hiace/vic/maidstone/people-mover,32990.0,,,2013,Toyota,HiAce,Commuter,Bus,140600,Automatic,2026-06-01,Unleaded,VIC
2026-01-25T15:33:31,listed,car/14817406/toyota/rav4/vic/south-melbourne/suv,44990.0,,,2020,Toyota,RAV4,Edge Awd,Wagon,27976,Automatic,2026-05-25,Unleaded,VIC
2026-01-25T15:33:31,listed,car/14915378/toyota/kluger/vic/melbourne/suv,56990.0,,,2024,Toyota,Kluger,GX,SUV,12,Automatic,2026-04-30,Other,VIC
2026-01-25T15:33:31,listed,car/14886211/toyota/camry/vic/braybrook/sedan,9999.0,,,2009,Toyota,Camry,Altise,Sedan,159987,Automatic,2026-07-30,Unleaded,VIC
2026-01-25T15:33:31,listed,car/14908375/toyota/hilux/vic/officer/dual-cab,44975.0,,,2022,Toyota,Hilux,Sr (4X4),Double Cab Chassis,106978,Automatic,,Diesel,VIC
2026-01-25T15:33:31,listed,car/14910638/toyota/corolla/vic/maidstone/limousine,23495.0,,,2020,Toyota,Corolla,HYBRID GX,Sedan,107554,Automatic,,Unleaded,VIC
2026-01-25T15:33:31,listed,car/14842923/toyota/prius/vic/st-kilda/hatchback,19499.0,,,2020,Toyota,Prius,-S,Hatch,158314,Automatic,,Hybrid,VIC
2026-01-25T15:33:31,listed,car/14838101/toyota/corolla/vic/oakleigh/sedan,28888.0,,,2021,Toyota,Corolla,Ascent Sport Hybrid,Sedan,57576,Automatic,,Hybrid,VIC
2026-01-25T15:33:31,listed,car/14769061/toyota/hilux/vic/braybrook/dual-cab,13988.0,,,2010,Toyota,Hilux,Workmate,Dual Cab Pick-up,160439,Manual,2026-04-17,Unleaded,VIC
2026-01-25T15:33:31,listed,car/14803455/toyota/yaris-cross/vic/maidstone/suv,24990.0,,,2020,Toyota,Yaris Cross,Gx,Wagon,76404,Automatic,,Unleaded,VIC
2026-01-25T15:33:31,listed,car/14842818/toyota/camry/vic/ringwood/sedan,14000.0,,,2014,Toyota,Camry,Altise,Sedan,151900,Automatic,,Unleaded,VIC
2026-01-25T15:33:31,listed,car/14899922/toyota/rav4/vic/elsternwick/suv,46950.0,,,2025,Toyota,RAV4,Gx (2Wd) Hybrid,Wagon,30890,Automatic,,Hybrid,VIC
2026-01-25T15:33:31,listed,car/14916684/toyota/kluger/vic/maidstone/suv,12500.0,,,2012,Toyota,Kluger,Grande (Fwd),Wagon,270483,Automatic,,Unleaded,VIC
2026-01-25T15:33:31,listed,car/14894813/toyota/corolla/vic/keysborough/hatchback,25970.0,,,2019,Toyota,Corolla,Ascent Sport,Hatchback,39149,Automatic,2026-07-31,Unleaded,VIC
2026-01-25T15:33:31,listed,car/14870537/toyota/hiace/vic/braybrook/van,12988.0,,,2014,Toyota,HiAce,Lwb,Van,577848,Manual,2026-08-25,Diesel,VIC
2026-01-25T15:33:31,listed,car/14810520/toyota/yaris/vic/elsternwick/sedan,11777.0,,,2008,Toyota,Yaris,Yrs,Sedan,105744,Automatic,,Unleaded,VIC
2026-01-25T15:33:31,listed,car/14843912/toyota/hilux/vic/keysborough/dual-cab,66970.0,,,2025,Toyota,Hilux,Sr5 48V (4X4),Double Cab Pick Up,2914,Automatic,2026-09-01,Hybrid,VIC
2026-01-25T15:33:31,listed,car/14791212/toyota/corolla/vic/maidstone/suv,18995.0,,,2020,Toyota,Corolla,N/A,SUV,81396,Automatic,,Unleaded,VIC
2026-01-25T15:33:31,listed,car/14808010/toyota/kluger/vic/west-footscray/suv,19990.0,,,2011,Toyota,Kluger,Grande (4X4),Wagon,182917,Automatic,,Unleaded,VIC
2026-01-25T15:33:31,listed,car/14918774/toyota/alphard/vic/clayton-south/suv,23990.0,,,2012,Toyota,Alphard,ANH20 8 SEATER,SUV,62092,Automatic,,Unleaded,VIC
2026-01-25T15:33:31,listed,car/14864846/toyota/kluger/vic/south-melbourne/suv,37990.0,,,2018,Toyota,Kluger,Gxl (4X2),Wagon,76301,Automatic,,Unleaded,VIC
2026-01-25T15:33:31,listed,car/14885067/toyota/tundra/vic/elsternwick/othercar,148990.0,,,2024,Toyota,Tundra,,OtherCar,11121,Automatic,,Other,VIC
2026-01-25T15:33:31,listed,car/14900984/toyota/hilux/vic/melbourne/dual-cab,79490.0,,,2023,Toyota,Hilux,Gr-Sport (4X4),Double Cab Pick Up,15452,Automatic,2026-09-28,Diesel,VIC
2026-01-25T15:33:31,listed,car/14809745/toyota/corolla/vic/maidstone/sedan,10990.0,,,2010,Toyota,Corolla,Ascent,Sedan,148345,Automatic,2026-04-09,Unleaded,VIC
2026-01-25T15:33:31,listed,car/14848631/toyota/landcruiser/vic/elsternwick/suv,116777.0,,,2020,Toyota,Landcruiser,Lc200 Sahara (4X4),Wagon,112434,Automatic,,Diesel,VIC
2026-01-25T15:33:31,listed,car/14841932/toyota/fortuner/vic/tottenham/suv,57888.0,,,2023,Toyota,Fortuner,Gxl,Wagon,48805,Automatic,,Diesel,VIC
2026-01-25T15:33:31,listed,car/14887127/toyota/kluger/vic/south-melbourne/suv,67880.0,,,2022,Toyota,Kluger,Grande Hybrid Awd,Wagon,27983,Automatic,2026-10-17,Hybrid,VIC
2026-01-25T15:33:31,listed,car/14885837/toyota/camry/vic/maidstone/sedan,15500.0,,,2014,Toyota,Camry,Atara Sx,Sedan,143950,Automatic,,Unleaded,VIC
2026-01-25T15:33:31,listed,car/14886200/toyota/rav4/vic/braybrook/suv,17999.0,,,2014,Toyota,RAV4,Gxl (4X4),Wagon,187719,Automatic,,Unleaded,VIC
2026-01-25T15:33:31,listed,car/14841710/toyota/landcruiser-prado/vic/west-footscray/suv,41990.0,,,2021,Toyota,Landcruiser Prado,Gx,Wagon,238185,Automatic,2026-10-28,Diesel,VIC
2026-01-25T15:33:31,listed,car/14830069/toyota/landcruiser-prado/vic/ringwood/suv,14990.0,,,2003,Toyota,Landcruiser Prado,GRANDE 4X4,SUV,438810,Automatic,2026-04-26,Unleaded,VIC
2026-01-25T15:33:31,listed,car/14796499/toyota/kluger/vic/west-footscray/suv,28990.0,,,2018,Toyota,Kluger,Gx (4X4),Wagon,190908,Automatic,2026-02-12,Unleaded,VIC
2026-01-25T15:33:31,listed,car/14894947/toyota/hiace/vic/elsternwick/van,42990.0,,,2021,Toyota,HiAce,Lwb Gl (Colours),Van,117004,Automatic,,Diesel,VIC
2026-01-25T15:33:31,listed,car/14802595/toyota/hilux/vic/tullamarine/dual-cab,38990.0,,,2019,Toyota,Hilux,Sr (4X4),Double Cab Chassis,199883,Manual,2026-02-10,Diesel,VIC
2026-01-25T15:33:31,listed,car/14905526/toyota/noah/vic/maidstone/van,21995.0,,,2016,Toyota,Noah,,Commercial,105500,Automatic,,Unleaded,VIC
2026-01-25T15:33:31,listed,car/14887673/toyota/corolla/vic/elsternwick/sedan,9990.0,,,2007,Toyota,Corolla,Conquest,Sedan,207908,Automatic,,Unleaded,VIC
2026-01-25T15:33:31,listed,car/14894815/toyota/camry/vic/keysborough/sedan,30970.0,,,2018,Toyota,Camry,Ascent,Sedan,53363,Automatic,2026-11-05,Unleaded,VIC
2026-01-25T15:33:31,listed,car/14886225/toyota/hiace/vic/braybrook/van,24999.0,,,2014,Toyota,HiAce,Lwb,Van,195102,Automatic,2025-09-30,Diesel,VIC
2026-01-25T15:33:31,listed,car/14853127/toyota/rav4/vic/south-melbourne/suv,58888.0,,,2024,Toyota,RAV4,Cruiser (2Wd) Hybrid,Wagon,16716,Automatic,2026-03-28,Hybrid,VIC
2026-01-25T15:33:31,listed,car/14910432/toyota/landcruiser-prado/vic/officer/suv,31975.0,,,2011,Toyota,Landcruiser Prado,Gxl (4X4),Wagon,253869,Manual,,Diesel,VIC
2026-01-25T15:33:31,listed,car/14902284/toyota/kluger/vic/tottenham/suv,40888.0,,,2022,Toyota,Kluger,Gx 2Wd,Wagon,85491,Automatic,2026-08-19,Premium,VIC
2026-01-25T15:33:31,listed,car/14858531/toyota/yaris/vic/maidstone/hatchback,11989.0,,,2012,Toyota,Yaris,Yrx,Hatchback,200011,Automatic,,Unleaded,VIC
2026-01-25T15:33:31,listed,car/14892296/toyota/camry/vic/keysborough/sedan,26970.0,,,2018,Toyota,Camry,Ascent,Sedan,108667,Automatic,2026-03-01,Unleaded,VIC
2026-01-25T15:33:31,listed,car/14826270/toyota/camry/vic/st-kilda/sedan,25500.0,,,2018,Toyota,Camry,Ascent,Sedan,151287,Automatic,2025-10-17,Unleaded,VIC
2026-01-25T15:33:31,listed,car/14820553/toyota/rav4/vic/elsternwick/suv,39750.0,,,2021,Toyota,RAV4,Gx (Awd) Hybrid,Wagon,37349,Automatic,,Hybrid,VIC
2026-01-25T15:33:31,listed,car/14890947/toyota/hilux/vic/tullamarine/dual-cab,37990.0,,,2017,Toyota,Hilux,Sr5 (4X4),Dual Cab Utility,190011,Automatic,2026-03-21,Diesel,VIC
2026-01-25T15:33:31,listed,car/14872951/toyota/hilux/vic/elsternwick/dual-cab,69990.0,,,2021,Toyota,Hilux,Rugged X (4X4),Double Cab Pick Up,69653,Automatic,,Diesel,VIC
2026-01-25T15:33:31,listed,car/14885953/toyota/mark-x/vic/maidstone/limousine,17995.0,,,2013,Toyota,Mark X,PREMIUM,Sedan,46420,Automatic,,Unleaded,VIC
2026-01-25T15:33:31,listed,car/14885068/toyota/corolla-cross/vic/elsternwick/suv,49990.0,,,2022,Toyota,Corolla Cross,Atmos Awd Hybrid,Wagon,14781,Automatic,,Hybrid,VIC
2026-01-25T15:33:31,listed,car/14857698/toyota/hilux/vic/melbourne/pickup,39490.0,,,2021,Toyota,Hilux,WORKMATE,Ute Tray,112302,Automatic,2026-06-17,Other,VIC
2026-01-25T15:33:31,listed,car/14897064/toyota/camry/vic/elsternwick/sedan,49990.0,,,2023,Toyota,Camry,Sl Hybrid,Sedan,31378,Automatic,,Hybrid,VIC
2026-01-25T15:33:31,listed,car/14891171/toyota/hilux/vic/tottenham/dual-cab,51888.0,,,2018,Toyota,Hilux,Rogue (4X4),Dual Cab Utility,110677,Automatic,2026-02-26,Diesel,VIC
2026-01-25T15:33:31,listed,car/14809744/toyota/corolla/vic/maidstone/sedan,7990.0,,,2007,Toyota,Corolla,Ascent,Sedan,201150,Automatic,2026-02-03,Unleaded,VIC
2026-01-25T15:33:31,listed,car/14910684/toyota/hilux/vic/tottenham/dual-cab,50888.0,,,2022,Toyota,Hilux,Sr5 Hi-Rider (4X2),Double Cab Pick Up,30811,Automatic,2026-08-15,Diesel,VIC
2026-01-25T15:33:31,listed,car/14886201/toyota/kluger/vic/braybrook/suv,11499.0,,,2007,Toyota,Kluger,Kx-S (Fwd),Wagon,236033,Automatic,2025-10-25,Unleaded,VIC
2026-01-25T15:33:31,listed,car/14871751/toyota/rav4/vic/south-melbourne/suv,59990.0,,,2024,Toyota,RAV4,Xse (Awd) Hybrid Premium Paint,Wagon,15211,Automatic,2026-11-07,Hybrid,VIC
2026-01-25T15:33:31,listed,car/14843906/toyota/kluger/vic/keysborough/suv,67970.0,,,2024,Toyota,Kluger,Grande 2Wd,Wagon,11728,Automatic,2026-01-08,Unleaded,VIC
2026-01-25T15:33:31,listed,car/14915165/toyota/corolla/vic/elsternwick/hatchback,12990.0,,,2011,Toyota,Corolla,Ascent Sport,Hatchback,157038,Automatic,,Unleaded,VIC
2026-01-25T15:33:31,listed,car/14887297/toyota/c-hr/vic/maidstone/suv,22995.0,,,2018,Toyota,C-HR,S LED PACKAGE,SUV,88823,Automatic,,Unleaded,VIC
2026-01-25T15:33:31,listed,car/14803507/toyota/camry/vic/nunawading/sedan,26990.0,,,2019,Toyota,Camry,Ascent Sport,Sedan,79000,Automatic,2026-07-28,Unleaded,VIC
2026-01-25T15:33:31,listed,car/14864593/toyota/kluger/vic/west-footscray/suv,23990.0,,,2015,Toyota,Kluger,Grande (4X4),Wagon,210877,Automatic,2026-03-25,Unleaded,VIC
2026-01-25T15:33:31,listed,car/14871215/toyota/rav4/vic/maidstone/suv,16489.0,,,2016,Toyota,RAV4,Gx (2Wd),Wagon,218452,Automatic,,Unleaded,VIC
2026-01-25T15:33:31,listed,car/14852990/toyota/landcruiser-prado/vic/officer/suv,36975.0,,,2017,Toyota,Landcruiser Prado,Gxl (4X4),Wagon,220566,Automatic,2026-09-05,Diesel,VIC
2026-01-25T15:33:31,listed,car/14911879/toyota/crown/vic/st-kilda/limousine,15500.0,,,2009,Toyota,Crown,(HYBRID)---(S),Sedan,93001,Automatic,,Hybrid,VIC
2026-01-25T15:33:31,listed,car/14851108/toyota/rav4/vic/south-melbourne/suv,58990.0,,,2024,Toyota,RAV4,Cruiser (2Wd) Hybrid,Wagon,14643,Automatic,2026-12-18,Hybrid,VIC
2026-01-25T15:33:31,listed,car/14921478/toyota/hilux/vic/officer/dual-cab,36975.0,,,2018,Toyota,Hilux,Sr (4X4),Dual Cab Chassis,171003,Manual,2026-09-30,Diesel,VIC
2026-01-25T15:33:31,listed,car/14869252/toyota/yaris/vic/melbourne/hatchback,18490.0,,,2017,Toyota,Yaris,Ascent,Hatchback,94537,Automatic,2026-05-28,Unleaded,VIC
2026-01-25T15:33:31,listed,car/14855988/toyota/camry/vic/maidstone/sedan,8989.0,,,2010,Toyota,Camry,Altise,Sedan,257306,Automatic,,Unleaded,VIC
2026-01-25T15:33:31,listed,car/14919088/toyota/hilux/vic/officer/dual-cab,37975.0,,,2017,Toyota,Hilux,Sr (4X4),Dual Cab Chassis,110112,Automatic,,Diesel,VIC
2026-01-25T15:33:31,listed,car/14841252/toyota/corolla/vic/south-melbourne/sedan,28990.0,,,2019,Toyota,Corolla,Ascent Sport (Hybrid),Sedan,23871,Automatic,2026-04-20,Hybrid,VIC
2026-01-25T15:33:31,listed,car/14784315/toyota/kluger/vic/elsternwick/suv,28777.0,,,2015,Toyota,Kluger,Grande (4X4),Wagon,132359,Automatic,,Unleaded,VIC
2026-01-25T15:33:31,listed,car/14884838/toyota/hilux/vic/thomastown/dual-cab,36990.0,,,2019,Toyota,Hilux,Sr Hi-Rider,Double Cab Pick Up,126805,Automatic,,Diesel,VIC
2026-01-25T15:33:31,listed,car/14826319/toyota/corolla/vic/st-kilda/suv,23900.0,,,2021,Toyota,Corolla,SEDAN(HYBRID) --S,SUV,132715,Automatic,,Hybrid,VIC
2026-01-25T15:33:31,listed,car/14899918/toyota/hilux/vic/maidstone/dual-cab,29990.0,,,2015,Toyota,Hilux,Sr5 (4X4),Dual Cab Pick-up,214400,Automatic,2026-01-30,Diesel,VIC
2026-01-25T15:33:31,listed,car/14785399/toyota/camry/vic/maidstone/sedan,24990.0,,,2020,Toyota,Camry,Ascent Sport (Hybrid),Sedan,154190,Automatic,,Hybrid,VIC
2026-01-25T15:33:31,listed,car/14897798/toyota/crown/vic/maidstone/limousine,34995.0,,,2018,Toyota,Crown,RS,Sedan,145620,Automatic,,Unleaded,VIC
2026-01-25T15:33:31,listed,car/14889293/toyota/c-hr/vic/elsternwick/suv,35990.0,,,2020,Toyota,C-HR,Koba (2Wd) Hybrid,Wagon,47371,Automatic,,Hybrid,VIC
2026-01-25T15:33:31,listed,car/14849564/toyota/corolla/vic/elsternwick/sedan,7977.0,,,2001,Toyota,Corolla,Ascent,Sedan,153538,Automatic,,Unleaded,VIC
2026-01-25T15:33:31,listed,car/14911610/toyota/hilux/vic/south-melbourne/dual-cab,47990.0,,,2019,Toyota,Hilux,Rugged (4X4),Double Cab Pick Up,146023,Automatic,2026-06-23,Diesel,VIC
2026-01-25T15:33:31,listed,car/14809435/toyota/rav4/vic/south-melbourne/suv,48888.0,,,2021,Toyota,RAV4,Edge (Awd) Hybrid,Wagon,61893,Automatic,2026-05-28,Hybrid,VIC
2026-01-25T15:33:31,listed,car/14766206/toyota/yaris-cross/vic/elsternwick/suv,37977.0,,,2025,Toyota,Yaris Cross,Gxl Hybrid,Wagon,2565,Automatic,,Hybrid,VIC
2026-01-25T15:33:31,listed,car/14865854/toyota/corolla-cross-petrol/vic/melbourne/hatchback,41970.0,,,2024,Toyota,COROLLA CROSS PETROL,COROLLA CROSS GX 2.0L PETROL AUTO CVT 5 DOOR HATCH,Hatch,13405,,2026-06-18,Other,VIC
2026-01-25T15:33:31,listed,car/14827123/toyota/hilux/vic/nunawading/single-cab,26490.0,,,2022,Toyota,Hilux,Workmate (4X2),Cab Chassis,53000,Manual,2026-10-28,Unleaded,VIC
2026-01-25T15:33:31,listed,car/14804533/toyota/rav4/vic/south-melbourne/suv,43990.0,,,2022,Toyota,RAV4,Gxl (Awd) Hybrid,Wagon,60584,Automatic,2026-06-08,Hybrid,VIC
2026-01-25T15:33:31,listed,car/14915176/toyota/rav4/vic/melbourne/suv,60990.0,,,2024,Toyota,RAV4,Cruiser (Awd) Hybrid,Wagon,16295,Automatic,,Hybrid,VIC
2026-01-25T15:33:31,listed,car/14885274/toyota/landcruiser/vic/keysborough/suv,103970.0,,,2022,Toyota,Landcruiser,Lc300 Vx (4X4),Wagon,159619,Automatic,2026-02-03,Diesel,VIC
2026-01-25T15:33:31,listed,car/14911423/toyota/yaris-cross-hybrid/vic/melbourne/hatchback,36990.0,,,2025,Toyota,YARIS CROSS HYBRID,YARIS CROSS HYBRID GX 1.5L AUTO CVT HATCH,Hatch,9210,,2026-04-24,Hybrid,VIC
2026-01-25T15:33:31,listed,car/14867960/toyota/corolla/vic/port-melbourne/hatchback,23490.0,,,2018,Toyota,Corolla,Ascent Sport,Hatchback,20700,Automatic,2026-09-01,Unleaded,VIC
2026-01-25T15:33:31,listed,car/14891441/toyota/fortuner/vic/oakleigh/suv,52999.0,,,2023,Toyota,Fortuner,Gxl,Wagon,63210,Automatic,,Diesel,VIC
2026-01-25T15:33:31,listed,car/14858211/toyota/echo/vic/braybrook/sedan,5999.0,,,2002,Toyota,Echo,,Sedan,363255,Automatic,2026-01-14,Unleaded,VIC
2026-01-25T15:33:31,listed,car/14907930/toyota/rukus/vic/maidstone/wagon,10989.0,,,2010,Toyota,Rukus,Build 1,Wagon,197542,Automatic,2026-09-21,Unleaded,VIC
2026-01-25T15:33:31,listed,car/14808815/toyota/landcruiser/vic/keysborough/suv,101970.0,,,2021,Toyota,Landcruiser,Lc200 Vx (4X4),Wagon,107768,Automatic,2026-05-19,Diesel,VIC
2026-01-25T15:33:31,listed,car/14889486/toyota/camry/vic/melbourne/sedan,35380.0,,,2022,Toyota,Camry,Ascent Sport Hybrid,Sedan,66957,Automatic,2026-07-05,Hybrid,VIC
2026-01-25T15:33:31,listed,car/14824721/toyota/gr86/vic/melbourne/coupe,44990.0,,,2024,Toyota,GR86,Gts,Coupe,26025,Automatic,2026-05-28,Premium,VIC
2026-01-25T15:33:31,listed,car/14894816/toyota/kluger/vic/keysborough/suv,59888.0,,,2024,Toyota,Kluger,Gxl 2Wd,Wagon,11994,Automatic,2026-02-13,Unleaded,VIC
2026-01-25T15:33:31,listed,car/14886330/toyota/aurion/vic/braybrook/sedan,7999.0,,,2008,Toyota,Aurion,At-X,Sedan,232449,Automatic,2025-11-21,Unleaded,VIC
2026-01-25T15:33:31,listed,car/14903618/toyota/kluger/vic/south-melbourne/suv,31900.0,,,2019,Toyota,Kluger,Gx (4X2),Wagon,110501,Automatic,,Unleaded,VIC
2026-01-25T15:33:31,listed,car/14825513/toyota/landcruiser/vic/ringwood/suv,36999.0,,,2002,Toyota,Landcruiser,Gxv (4X4),Wagon,356192,Automatic,2026-10-23,Diesel,VIC
2026-01-25T15:33:31,listed,car/14905401/toyota/hiace/vic/preston/othercar,28888.0,,,2014,Toyota,HiAce,COMMUTER KDH223R MY14,OtherCar,268034,Automatic,,Diesel,VIC
2026-01-25T15:33:31,listed,car/14859671/toyota/landcruiser/vic/elsternwick/suv,119990.0,,,2024,Toyota,Landcruiser,Lc300 Gxl (4X4),Wagon,14803,Automatic,,Diesel,VIC
2026-01-25T15:33:31,listed,car/14791202/toyota/estima/vic/maidstone/van,15995.0,,,2007,Toyota,Estima,G,Commercial,71384,Automatic,,Unleaded,VIC
2026-01-25T15:33:31,listed,car/14806564/toyota/corolla-cross/vic/south-melbourne/suv,46990.0,,,2024,Toyota,Corolla Cross,Gxl Awd Hybrid,Wagon,17789,Automatic,2026-10-10,Hybrid,VIC
2026-01-25T15:33:31,listed,car/14868469/toyota/yaris-cross/vic/elsternwick/suv,33990.0,,,2023,Toyota,Yaris Cross,Gx Hybrid,Wagon,40323,Automatic,,Hybrid,VIC
2026-01-25T15:33:31,listed,car/14896890/toyota/rav4/vic/melbourne/suv,33990.0,,,2019,Toyota,RAV4,Gx (2Wd),Wagon,57695,Manual,2026-07-12,Unleaded,VIC
2026-01-25T15:33:31,listed,car/14846767/toyota/supra/vic/south-melbourne/coupe,117990.0,,,2024,Toyota,Supra,Gts,Coupe,14121,Automatic,2026-07-04,Premium,VIC
2026-01-25T15:33:31,listed,car/14919240/toyota/camry/vic/maidstone/sedan,15990.0,,,2016,Toyota,Camry,Altise,Sedan,140200,Automatic,2026-06-27,Unleaded,VIC
2026-01-25T15:33:31,listed,car/14924725/toyota/fortuner/vic/melbourne/suv,54990.0,,,2023,Toyota,Fortuner,GXL,SUV,42225,Automatic,,Other,VIC
2026-01-25T15:33:31,listed,car/14923121/toyota/gr86/vic/melbourne/coupe,45990.0,,,2023,Toyota,GR86,Gts,Coupe,7751,Manual,2026-12-27,Premium,VIC
2026-01-25T15:33:31,listed,car/14915823/toyota/corolla/vic/dandenong/hatchback,12500.0,,,2007,Toyota,Corolla,Levin Zr,Hatchback,127000,Automatic,,Unleaded,VIC
2026-01-25T15:33:31,listed,car/14921862/toyota/c-hr/vic/williamstown-north/suv,22990.0,,,2019,Toyota,C-HR,Koba (2Wd),Wagon,96548,Automatic,2026-04-03,Premium,VIC
2026-01-25T15:33:31,listed,car/14919569/toyota/86/vic/coburg-north/coupe,19990.0,,,2012,Toyota,86,Gts,Coupe,137605,Automatic,2026-02-08,Premium,VIC
2026-01-25T15:33:31,listed,car/14864541/toyota/kluger/vic/oakleigh/suv,35888.0,,,2019,Toyota,Kluger,Gxl (4X2),Wagon,112851,Automatic,,Unleaded,VIC
2026-01-25T15:33:31,listed,car/14923312/toyota/avensis/vic/williamstown/people-mover,4990.0,,,2006,Toyota,Avensis,Verso Glx,Wagon,175997,Automatic,2026-10-15,Unleaded,VIC
2026-01-25T15:33:31,listed,car/14919178/toyota/prius-c/vic/maidstone/hatchback,19990.0,,,2017,Toyota,Prius-C,Hybrid,Hatchback,36536,Automatic,2026-03-24,Hybrid,VIC
2026-01-25T15:33:31,listed,car/14868647/toyota/fortuner/vic/oakleigh/suv,67999.0,,,2024,Toyota,Fortuner,Crusade,Wagon,15808,Automatic,,Diesel,VIC
2026-01-25T15:33:31,listed,car/14917500/toyota/camry/vic/tottenham/sedan,39888.0,,,2024,Toyota,Camry,Ascent,Sedan,52084,Automatic,2026-04-08,Premium,VIC
2026-01-25T15:33:31,listed,car/14917499/toyota/rav4/vic/tottenham/suv,41888.0,,,2022,Toyota,RAV4,Gx (Awd) Hybrid,Wagon,74118,Automatic,,Hybrid,VIC
2026-01-25T15:33:31,listed,car/14868742/toyota/corolla/vic/essendon-fields/sedan,19990.0,,,2015,Toyota,Corolla,Ascent,Sedan,90346,Automatic,2026-08-15,Unleaded,VIC
2026-01-25T15:33:31,listed,car/14918182/toyota/c-hr/vic/st-kilda/suv,24999.0,,,2018,Toyota,C-HR,(HYBRID) ZYX10 G-LED,SUV,71771,Automatic,,Hybrid,VIC
2026-01-25T15:33:31,listed,car/14920489/toyota/camry/vic/melbourne/sedan,28990.0,,,2019,Toyota,Camry,Ascent,Sedan,76164,Automatic,2026-07-21,Unleaded,VIC
2026-01-25T15:33:31,listed,car/14809256/toyota/hiace/vic/keysborough/people-mover,91470.0,,,2024,Toyota,HiAce,Slwb Commuter (12 Seats),Bus,2855,Automatic,2026-05-19,Diesel,VIC
2026-01-25T15:33:31,listed,car/14928971/toyota/rav4/vic/maidstone/suv,7990.0,,,2004,Toyota,RAV4,Cv (4X4),Wagon,215027,Automatic,2026-09-12,Unleaded,VIC
2026-01-25T15:33:31,listed,car/14928968/toyota/hiace/vic/maidstone/van,22880.0,,,2017,Toyota,HiAce,Lwb,Van,185594,Automatic,2026-02-28,Unleaded,VIC
2026-01-25T15:33:31,listed,car/14820591/toyota/hilux/vic/oakleigh/dual-cab,54999.0,,,2022,Toyota,Hilux,Sr (4X4),Double Cab Pick Up,45704,Automatic,,Diesel,VIC
2026-01-25T15:33:31,listed,car/14904626/toyota/camry/vic/elsternwick/sedan,37990.0,,,2023,Toyota,Camry,Ascent,Sedan,35755,Automatic,,Premium,VIC
2026-01-25T15:33:31,listed,car/14924932/toyota/hilux/vic/south-melbourne/single-cab,22990.0,,,2020,Toyota,Hilux,Workmate,Cab Chassis,116218,Manual,2026-12-14,Unleaded,VIC
2026-01-25T15:33:31,listed,car/14921078/toyota/rav4/vic/port-melbourne/suv,41990.0,,,2022,Toyota,RAV4,Gx (Awd) Hybrid,Wagon,58570,Automatic,2025-10-13,Hybrid,VIC
2026-01-25T15:33:31,listed,car/14921566/toyota/rav4/vic/elsternwick/suv,29990.0,,,2018,Toyota,RAV4,Gxl (2Wd),Wagon,64681,Automatic,,Unleaded,VIC
2026-01-25T15:33:31,listed,car/14892294/toyota/kluger/vic/keysborough/suv,26970.0,,,2014,Toyota,Kluger,Grande (4X4),Wagon,150817,Automatic,2026-09-19,Unleaded,VIC
2026-01-25T15:33:31,listed,car/14920238/toyota/corolla/vic/maidstone/hatchback,15990.0,,,2014,Toyota,Corolla,Ascent,Hatchback,143200,Automatic,,Unleaded,VIC
2026-01-25T15:33:31,listed,car/14923128/toyota/kluger/vic/braybrook/suv,8988.0,,,2006,Toyota,Kluger,Grande (4X4),Wagon,321226,Automatic,2026-05-18,Unleaded,VIC
2026-01-25T15:33:31,listed,car/14918667/toyota/hilux/vic/officer/dual-cab,41975.0,,,2021,Toyota,Hilux,Sr (4X4),Double Cab Chassis,124214,Automatic,,Diesel,VIC
2026-01-25T15:33:31,listed,car/14921816/toyota/hilux/vic/melbourne/single-cab,42990.0,,,2022,Toyota,Hilux,Workmate (4X4),Cab Chassis,78428,Manual,2026-11-15,Diesel,VIC
2026-01-25T15:33:31,listed,car/14921573/toyota/hilux/vic/south-melbourne/dual-cab,41990.0,,,2022,Toyota,Hilux,Sr5 Hi-Rider (4X2),Double Cab Pick Up,118952,Automatic,2026-09-29,Diesel,VIC
2026-01-25T15:33:31,listed,car/14838100/toyota/corolla/vic/oakleigh/hatchback,30999.0,,,2022,Toyota,Corolla,Ascent Sport Hybrid,Hatchback,45585,Automatic,,Hybrid,VIC
2026-01-25T15:33:31,listed,car/14927721/toyota/c-hr/vic/maidstone/suv,23995.0,,,2018,Toyota,C-HR,S LED EDITION,SUV,48821,Automatic,,Unleaded,VIC
2026-01-25T15:33:31,listed,car/14922939/toyota/kluger/vic/tottenham/suv,45888.0,,,2023,Toyota,Kluger,Gx 2Wd,Wagon,52179,Automatic,,Unleaded,VIC
2026-01-25T15:33:31,listed,car/14908882/toyota/landcruiser-prado/vic/berwick/suv,52780.0,,,2022,Toyota,Landcruiser Prado,Gxl Flat Tailgate,Wagon,90158,Automatic,2026-06-10,Diesel,VIC
2026-01-25T15:33:31,listed,car/14922035/toyota/rav4/vic/south-melbourne/suv,47990.0,,,2024,Toyota,RAV4,Gx (2Wd) Hybrid,Wagon,10274,Automatic,2026-05-10,Hybrid,VIC
2026-01-25T15:33:31,listed,car/14919181/toyota/camry/vic/maidstone/sedan,22990.0,,,2016,Toyota,Camry,Atara Sl,Sedan,70088,Automatic,2026-12-30,Unleaded,VIC
2026-01-25T15:33:31,listed,car/14805515/toyota/kluger/vic/dandenong/suv,12500.0,,,2008,Toyota,Kluger,Kx-R (Fwd) 7 Seat,Wagon,172000,Automatic,,Unleaded,VIC
2026-01-25T15:33:31,listed,car/14928353/toyota/hiace/vic/tottenham/van,58888.0,,,2022,Toyota,HiAce,Slwb,Van,69406,Automatic,,Diesel,VIC
2026-01-25T15:33:31,listed,car/14922977/toyota/hilux/vic/elsternwick/dual-cab,39990.0,,,2022,Toyota,Hilux,Sr Hi-Rider (4X2),Double Cab Pick Up,38566,Manual,,Diesel,VIC
2026-01-25T15:33:31,listed,car/14899919/toyota/rav4/vic/ringwood/suv,17950.0,,,2014,Toyota,RAV4,Gx (4X4),Wagon,219766,Automatic,2026-01-13,Diesel,VIC
2026-01-25T15:33:31,listed,car/14921852/toyota/camry/vic/preston/sedan,8450.0,,,2012,Toyota,Camry,Altise,Sedan,268426,Automatic,2026-04-15,Unleaded,VIC
2026-01-25T15:33:31,listed,car/14919583/toyota/kluger/vic/coburg-north/suv,9990.0,,,2010,Toyota,Kluger,Kx-R (Fwd) 7 Seat,Wagon,236250,Automatic,2026-06-06,Unleaded,VIC
2026-01-25T15:33:31,listed,car/14918469/toyota/hilux/vic/elsternwick/single-cab,26990.0,,,2020,Toyota,Hilux,Workmate,Cab Chassis,115200,Automatic,,Unleaded,VIC
2026-01-25T15:33:31,listed,car/14918087/toyota/gr-corolla/vic/melbourne/hatchback,69990.0,,,2024,Toyota,GR Corolla,Gts,Hatchback,15657,Automatic,2026-03-31,Premium,VIC
2026-01-25T15:33:31,listed,car/14844322/toyota/esquire/vic/clayton-south/suv,27990.0,,,2017,Toyota,Esquire,GI PREMIUM ZWR80,SUV,114385,Automatic,,Unleaded,VIC
2026-01-25T15:33:31,listed,car/14918881/toyota/hiace/vic/footscray/van,15999.0,,,2009,Toyota,HiAce,Lwb,Van,260000,Automatic,,Diesel,VIC
2026-01-25T15:33:31,listed,car/14928884/toyota/hilux/vic/west-footscray/dual-cab,26990.0,,,2011,Toyota,Hilux,Sr5 (4X4),Dual Cab Pick-up,169148,Automatic,2026-08-09,Diesel,VIC
2026-01-25T15:33:31,listed,car/14915588/toyota/kluger/vic/ringwood/suv,29990.0,,,2018,Toyota,Kluger,Gx (4X2),Wagon,148938,Automatic,2026-02-19,Unleaded,VIC
2026-01-25T15:33:31,listed,car/14922036/toyota/yaris-cross/vic/south-melbourne/suv,31990.0,,,2020,Toyota,Yaris Cross,Gx Hybrid,Wagon,32100,Automatic,2026-05-08,Hybrid,VIC
2026-01-25T15:33:31,listed,car/14926336/toyota/corolla-cross-petrol/vic/melbourne/hatchback,40333.0,,,2024,Toyota,COROLLA CROSS PETROL,COROLLA CROSS GX 2.0L PETROL AUTO CVT 5 DOOR HATCH,Hatch,16076,,,Other,VIC
2026-01-25T15:33:31,listed,car/14823146/toyota/rav4/vic/ringwood/suv,9990.0,,,2002,Toyota,RAV4,Cruiser (4X4),Wagon,218166,Automatic,2026-07-31,Unleaded,VIC
2026-01-25T15:33:31,listed,car/14928159/toyota/crown/vic/maidstone/limousine,12995.0,,,2006,Toyota,Crown,ATHLETE,Sedan,94149,Automatic,,Unleaded,VIC
2026-01-25T15:33:31,listed,car/14924726/toyota/corolla/vic/melbourne/hatchback,29490.0,,,2022,Toyota,Corolla,Ascent Sport Hybrid,Hatchback,39905,Automatic,,Hybrid,VIC
2026-01-25T15:33:31,listed,car/14868736/toyota/camry/vic/ringwood/sedan,9990.0,,,2006,Toyota,Camry,Sportivo,Sedan,185234,Automatic,2026-04-28,Unleaded,VIC
2026-01-25T15:33:31,listed,car/14925719/toyota/rav4/vic/elsternwick/suv,40750.0,,,2022,Toyota,RAV4,Gx (2Wd) Hybrid,Wagon,29642,Automatic,,Hybrid,VIC
2026-01-25T15:33:31,listed,car/14920053/toyota/rav4/vic/elsternwick/suv,40750.0,,,2022,Toyota,RAV4,Gx (2Wd) Hybrid,Wagon,30223,Automatic,,Hybrid,VIC
2026-01-25T15:33:31,listed,car/14799170/toyota/camry/vic/oakleigh/sedan,30999.0,,,2020,Toyota,Camry,Ascent,Sedan,49380,Automatic,,Unleaded,VIC
2026-01-25T15:33:31,listed,car/14919239/toyota/camry/vic/maidstone/sedan,12990.0,,,2016,Toyota,Camry,Altise,Sedan,228048,Automatic,2026-06-27,Unleaded,VIC
2026-01-25T15:33:31,listed,car/14921549/toyota/rav4/vic/tottenham/suv,40888.0,,,2021,Toyota,RAV4,Gx (2Wd) Hybrid,Wagon,63093,Automatic,2026-08-27,Hybrid,VIC
2026-01-25T15:33:31,listed,car/14888681/toyota/landcruiser-prado/vic/essendon-fields/suv,58990.0,,,2019,Toyota,Landcruiser Prado,Gxl (4X4),Wagon,71115,Automatic,2026-01-25,Diesel,VIC
2026-01-25T15:33:31,listed,car/14928076/toyota/camry/vic/west-footscray/sedan,9990.0,,,2011,Toyota,Camry,Luxury Hybrid,Sedan,189290,Automatic,,Hybrid,VIC
2026-01-25T15:33:31,listed,car/14918090/toyota/rav4/vic/melbourne/suv,61990.0,,,2024,Toyota,RAV4,Cruiser (Awd) Hybrid,Wagon,10333,Automatic,2026-03-21,Hybrid,VIC
2026-01-25T15:33:31,listed,car/14919067/toyota/gr-yaris/vic/elsternwick/hatchback,61990.0,,,2024,Toyota,GR Yaris,Gts,Hatchback,10664,Manual,,Premium,VIC
2026-01-25T15:33:31,listed,car/14917794/toyota/c-hr/vic/melbourne/suv,24990.0,,,2017,Toyota,C-HR,C-HR KOBA AWD 1.2L PETROL CVT WAGON,SUV,113091,,2026-07-09,Other,VIC
2026-01-25T15:33:31,listed,car/14871315/toyota/prius/vic/oakleigh/hatchback,12999.0,,,2010,Toyota,Prius,Hybrid,Hatchback,187388,Automatic,,Hybrid,VIC
2026-01-25T15:33:31,listed,car/14919588/toyota/aurion/vic/coburg-north/sedan,9990.0,,,2008,Toyota,Aurion,Sportivo Zr6,Sedan,189043,Automatic,2026-10-07,Unleaded,VIC
2026-01-25T15:33:31,listed,car/14921073/toyota/camry/vic/tottenham/sedan,40888.0,,,2024,Toyota,Camry,Ascent Hybrid,Sedan,45883,Automatic,,Hybrid,VIC
2026-01-25T15:33:31,listed,car/14886460/toyota/yaris-cross/vic/oakleigh/suv,44444.0,,,2024,Toyota,Yaris Cross,Urban Hybrid,Wagon,8378,Automatic,,Hybrid,VIC
2026-01-25T15:33:31,listed,car/14919557/toyota/kluger/vic/melbourne/suv,48990.0,,,2019,Toyota,Kluger,Grande (4X4),Wagon,25652,Automatic,,Unleaded,VIC
2026-01-25T15:33:31,listed,car/14919283/toyota/landcruiser/vic/tottenham/suv,155888.0,,,2024,Toyota,Landcruiser,Lc300 Sahara Zx (4X4),Wagon,3335,Automatic,2026-11-29,Diesel,VIC
2026-01-25T15:33:31,listed,car/14856373/toyota/landcruiser/vic/keysborough/dual-cab,123970.0,,,2020,Toyota,Landcruiser,Gxl,Double Cab Chassis,145348,Manual,2026-01-01,Diesel,VIC
2026-01-25T15:33:31,listed,car/14917934/toyota/corolla/vic/melbourne/sedan,29990.0,,,2022,Toyota,Corolla,Ascent Sport Hybrid,Sedan,48462,Automatic,2026-05-17,Hybrid,VIC
2026-01-25T15:33:31,listed,car/14920177/toyota/rav4/vic/elsternwick/suv,39990.0,,,2023,Toyota,RAV4,Gx (2Wd),Wagon,55124,Automatic,,Unleaded,VIC
2026-01-25T15:33:31,listed,car/14928336/toyota/prius/vic/clayton-south/hatchback,16490.0,,,2014,Toyota,Prius,ZVW30,Hatch,90108,Automatic,,Unleaded,VIC
2026-01-25T15:33:31,listed,car/14917935/toyota/landcruiser/vic/south-melbourne/suv,116990.0,,,2022,Toyota,Landcruiser,Lc300 Vx (4X4),Wagon,92287,Automatic,,Diesel,VIC
2026-01-25T15:33:31,listed,car/14919562/toyota/rav4/vic/coburg-north/suv,18990.0,,,2016,Toyota,RAV4,Gx (4X4),Wagon,176103,Automatic,2026-08-21,Diesel,VIC
2026-01-25T15:33:31,listed,car/14926909/toyota/hilux/vic/officer/dual-cab,39975.0,,,2019,Toyota,Hilux,Sr (4X4),Double Cab Chassis,94606,Automatic,,Diesel,VIC
2026-01-25T15:33:31,listed,car/14917791/toyota/lc-military/vic/melbourne/pickup,148990.0,,,2025,Toyota,LC MILITARY,LC MILITARY GXL 4.5L T DIESEL MANUAL DUAL CAB CHASSIS,Ute Tray,7736,Manual,,Other,VIC
2026-01-25T15:33:31,listed,car/14917326/toyota/kluger/vic/elsternwick/suv,43750.0,,,2023,Toyota,Kluger,Gx Awd,Wagon,38266,Automatic,,Unleaded,VIC
2026-01-25T15:33:31,listed,car/14773433/toyota/fortuner/vic/ferntree-gully/suv,36990.0,,,2016,Toyota,Fortuner,Gxl,Wagon,103771,Automatic,2026-05-18,Diesel,VIC
2026-01-25T15:33:31,listed,car/14918465/toyota/corolla-cross/vic/elsternwick/suv,43990.0,,,2023,Toyota,Corolla Cross,ATMOS,SUV,21610,,,Unleaded,VIC
2026-01-25T15:33:31,listed,car/14878010/toyota/rav4/vic/tottenham/suv,44888.0,,,2022,Toyota,RAV4,Gx (2Wd) Hybrid,Wagon,19953,Automatic,,Hybrid,VIC
2026-01-25T15:33:31,listed,car/14812174/toyota/kluger/vic/tottenham/suv,49388.0,,,2021,Toyota,Kluger,Gxl Hybrid Awd,Wagon,107529,Automatic,2026-01-21,Hybrid,VIC
2026-01-25T15:33:31,listed,car/14791196/toyota/prius/vic/maidstone/hatchback,18995.0,,,2015,Toyota,Prius,Hybrid,Hatchback,113333,Automatic,,Hybrid,VIC
2026-01-25T15:33:31,listed,car/14843907/toyota/rav4/vic/keysborough/suv,59970.0,,,2024,Toyota,RAV4,Edge (Awd) Hybrid,Wagon,14350,Automatic,2026-01-08,Hybrid,VIC
2026-01-25T15:33:31,listed,car/14831749/toyota/yaris-cross/vic/elsternwick/suv,36990.0,,,2023,Toyota,Yaris Cross,Gxl Hybrid,Wagon,14545,Automatic,,Hybrid,VIC
2026-01-25T15:33:31,listed,car/14864771/toyota/rav4/vic/elsternwick/suv,54990.0,,,2022,Toyota,RAV4,Edge (Awd) Hybrid,Wagon,56117,Automatic,,Hybrid,VIC
2026-01-25T15:33:31,listed,car/14921091/toyota/hiace/vic/berwick/people-mover,32990.0,,,2025,Toyota,HiAce,Commuter (12 Seats),Bus,30,Automatic,2025-12-19,Diesel,VIC
2026-01-25T15:33:31,listed,car/14804098/toyota/camry/vic/elsternwick/sedan,32750.0,,,2022,Toyota,Camry,Ascent Sport Hybrid,Sedan,86529,Automatic,,Hybrid,VIC
2026-01-25T15:33:31,listed,car/14829100/toyota/c-hr/vic/tottenham/suv,36888.0,,,2023,Toyota,C-HR,Koba (2Wd),Wagon,57828,Automatic,,Premium,VIC
2026-01-25T15:33:31,listed,car/14917377/toyota/aurion/vic/ringwood/sedan,10990.0,,,2008,Toyota,Aurion,At-X,Sedan,159967,Automatic,2026-04-15,Unleaded,VIC
2026-01-25T15:33:31,listed,car/14871694/toyota/corolla-cross-petrol/vic/melbourne/hatchback,39880.0,,,2024,Toyota,COROLLA CROSS PETROL,COROLLA CROSS GX 2.0L PETROL AUTO CVT 5 DOOR HATCH,Hatch,19679,,,Other,VIC
2026-01-25T15:33:31,listed,car/14868419/toyota/camry/vic/elsternwick/sedan,24990.0,,,2018,Toyota,Camry,Ascent,Sedan,114171,Automatic,,Unleaded,VIC
2026-01-25T15:33:31,listed,car/14803329/toyota/corolla/vic/altona-north/hatchback,20990.0,,,2018,Toyota,Corolla,Hybrid,Hatchback,142775,Automatic,2026-02-06,Hybrid,VIC
2026-01-25T15:33:31,listed,car/14791182/toyota/corolla/vic/maidstone/suv,18995.0,,,2020,Toyota,Corolla,HYBRID EX,SUV,95821,Automatic,,Unleaded,VIC
2026-01-25T15:33:31,listed,car/14789515/toyota/corolla/vic/west-footscray/sedan,17990.0,,,2017,Toyota,Corolla,Ascent,Sedan,156825,Automatic,2026-03-21,Unleaded,VIC
2026-01-25T15:33:31,listed,car/14869650/toyota/crown/vic/cranbourne-west/limousine,19990.0,,,2009,Toyota,Crown,,Sedan,113000,Automatic,,Premium,VIC
2026-01-25T15:33:31,listed,car/14911300/toyota/camry/vic/melbourne/sedan,30990.0,,,2018,Toyota,Camry,Ascent Sport (Hybrid),Sedan,40831,Automatic,2026-07-18,Hybrid,VIC
2026-01-25T15:33:31,listed,car/14824102/toyota/camry/vic/braybrook/sedan,7999.0,,,2006,Toyota,Camry,Altise,Sedan,239897,Automatic,2026-01-15,Unleaded,VIC
2026-01-25T15:33:31,listed,car/14798527/toyota/landcruiser-prado/vic/altona-north/suv,27990.0,,,2013,Toyota,Landcruiser Prado,Gxl (4X4),Wagon,262392,Automatic,2025-12-05,Diesel,VIC
2026-01-25T15:33:31,listed,car/14898157/toyota/fortuner/vic/melbourne/suv,46555.0,,,2021,Toyota,Fortuner,Gx,Wagon,75173,Automatic,2026-04-02,Diesel,VIC
2026-01-25T15:33:31,listed,car/14789897/toyota/mark-x/vic/maidstone/limousine,14995.0,,,2010,Toyota,Mark X,PREMIUM,Sedan,73767,Automatic,,Unleaded,VIC
2026-01-25T15:33:31,listed,car/14835007/toyota/c-hr/vic/tottenham/suv,36388.0,,,2022,Toyota,C-HR,Koba (2Wd),Wagon,52583,Automatic,,Premium,VIC
2026-01-25T15:33:31,listed,car/14872864/toyota/gr-yaris/vic/south-melbourne/hatchback,44990.0,,,2021,Toyota,GR Yaris,Gr,Hatchback,69925,Manual,2026-05-25,Premium,VIC
2026-01-25T15:33:31,listed,car/14869581/toyota/aurion/vic/ringwood/sedan,11999.0,,,2008,Toyota,Aurion,At-X,Sedan,165623,Automatic,2026-09-13,Unleaded,VIC
2026-01-25T15:33:31,listed,car/14822946/toyota/kluger/vic/elsternwick/suv,74990.0,,,2024,Toyota,Kluger,Grande Awd,Wagon,15489,Automatic,,Unleaded,VIC
2026-01-25T15:33:31,listed,car/14886218/toyota/aurion/vic/braybrook/sedan,11999.0,,,2012,Toyota,Aurion,At-X,Sedan,257846,Automatic,2025-09-30,Unleaded,VIC
2026-01-25T15:33:31,listed,car/14893028/toyota/hilux/vic/officer/dual-cab,41975.0,,,2018,Toyota,Hilux,Sr (4X4),Dual Cab Chassis,69214,Automatic,,Diesel,VIC
2026-01-25T15:33:31,listed,car/14890996/toyota/gr-corolla/vic/melbourne/hatchback,65990.0,,,2024,Toyota,GR Corolla,Gts,Hatchback,4525,Manual,2026-05-07,Premium,VIC
2026-01-25T15:33:31,listed,car/14888327/toyota/c-hr/vic/elsternwick/suv,37990.0,,,2021,Toyota,C-HR,Koba (2Wd) Hybrid,Wagon,38647,Automatic,,Hybrid,VIC
2026-01-25T15:33:31,listed,car/14770455/toyota/hiace/vic/deer-park/van,25999.0,,,2012,Toyota,HiAce,Lwb,Van,117412,Automatic,2025-09-14,Unleaded,VIC
2026-01-25T15:33:31,listed,car/14899552/toyota/hiace/vic/elsternwick/van,45990.0,,,2020,Toyota,HiAce,Lwb (4 Door Option),Van,83150,Automatic,,Diesel,VIC
2026-01-25T15:33:31,listed,car/14883560/toyota/kluger/vic/melbourne/suv,60990.0,,,2021,Toyota,Kluger,Grande Hybrid Awd,Wagon,63552,Automatic,2026-06-29,Hybrid,VIC
2026-01-25T15:33:31,listed,car/14914117/toyota/aurion/vic/ringwood/sedan,12990.0,,,2010,Toyota,Aurion,Sportivo Zr6,Sedan,202481,Automatic,2026-04-14,Unleaded,VIC
2026-01-25T15:33:31,listed,car/14897197/toyota/rav4/vic/melbourne/suv,32490.0,,,2019,Toyota,RAV4,Gx (2Wd),Wagon,63652,Manual,2026-07-12,Unleaded,VIC
2026-01-25T15:33:31,listed,car/14909616/toyota/corolla/vic/elsternwick/sedan,31990.0,,,2024,Toyota,Corolla,Ascent Sport Hybrid,Sedan,55897,Automatic,,Hybrid,VIC
2026-01-25T15:33:31,listed,car/14834966/toyota/rav4/vic/donvale/suv,36988.0,,,2022,Toyota,RAV4,Gx (2Wd) Fss + Navigation Hybr,Wagon,89000,Automatic,,Hybrid,VIC
2026-01-25T15:33:31,listed,car/14825826/toyota/c-hr/vic/tottenham/suv,36888.0,,,2023,Toyota,C-HR,Koba (2Wd),Wagon,57332,Automatic,,Premium,VIC
2026-01-25T15:33:31,listed,car/14902689/toyota/corolla/vic/maidstone/limousine,20995.0,,,2020,Toyota,Corolla,HYBRID EX,Sedan,66738,Automatic,,Unleaded,VIC
2026-01-25T15:33:31,listed,car/14796681/toyota/corolla/vic/ringwood/hatchback,27899.0,,,2022,Toyota,Corolla,Ascent Sport Hybrid,Hatchback,78651,Automatic,2026-04-25,Hybrid,VIC
2026-01-25T15:33:31,listed,car/14808811/toyota/hilux/vic/melbourne/dual-cab,45880.0,,,2022,Toyota,Hilux,Sr (4X4),Double Cab Chassis,105959,Automatic,2026-05-20,Diesel,VIC
2026-01-25T15:33:31,listed,car/14913510/toyota/corolla/vic/melbourne/hatchback,34990.0,,,2023,Toyota,Corolla,Ascent Sport,Hatchback,837,Automatic,2026-11-14,Unleaded,VIC
2026-01-25T15:33:31,listed,car/14767160/toyota/camry/vic/elsternwick/sedan,39950.0,,,2024,Toyota,Camry,Ascent,Sedan,34358,Automatic,,Premium,VIC
2026-01-25T15:33:31,listed,car/14911576/toyota/corolla/vic/elsternwick/sedan,29990.0,,,2020,Toyota,Corolla,Zr,Sedan,34624,Automatic,,Unleaded,VIC
2026-01-25T15:33:31,listed,car/14827693/toyota/corolla/vic/ringwood/sedan,15450.0,,,2015,Toyota,Corolla,Ascent,Sedan,164337,Automatic,2026-05-19,Unleaded,VIC
2026-01-25T15:33:31,listed,car/14868141/toyota/corolla-cross-petrol/vic/melbourne/hatchback,41880.0,,,2024,Toyota,COROLLA CROSS PETROL,COROLLA CROSS GX 2.0L PETROL AUTO CVT 5 DOOR HATCH,Hatch,16268,,,Other,VIC
2026-01-25T15:33:31,listed,car/14883556/toyota/hilux/vic/south-melbourne/dual-cab,50990.0,,,2023,Toyota,Hilux,Sr (4X4),Double Cab Pick Up,80153,Automatic,2026-06-30,Diesel,VIC
2026-01-25T15:33:31,listed,car/14821822/toyota/camry/vic/oakleigh/sedan,35888.0,,,2020,Toyota,Camry,Sl,Sedan,91010,Automatic,,Unleaded,VIC
2026-01-25T15:33:31,listed,car/14876186/toyota/rav4/vic/melbourne/suv,49490.0,,,2024,Toyota,RAV4,Gxl (2Wd) Hybrid,Wagon,17137,Automatic,2026-06-24,Hybrid,VIC
2026-01-25T15:33:31,listed,car/14884967/toyota/rav4/vic/melbourne/suv,59490.0,,,2024,Toyota,RAV4,Cruiser (2Wd) Hybrid,Wagon,6566,Automatic,2026-04-24,Hybrid,VIC
2026-01-25T15:33:31,listed,car/14830711/toyota/landcruiser/vic/donvale/estatecar,46499.0,,,2020,Toyota,Landcruiser,GX (4X4),Wagon,134000,Automatic,,Diesel,VIC
2026-01-25T15:33:31,listed,car/14777176/toyota/c-hr/vic/maidstone/suv,23995.0,,,2018,Toyota,C-HR,S LED PACKAGE,SUV,99743,Automatic,,Unleaded,VIC
2026-01-25T15:33:31,listed,car/14793821/toyota/kluger/vic/elsternwick/suv,42750.0,,,2023,Toyota,Kluger,Gx 2Wd,Wagon,49164,Automatic,,Unleaded,VIC
2026-01-25T15:33:31,listed,car/14799172/toyota/corolla/vic/oakleigh/hatchback,31499.0,,,2022,Toyota,Corolla,Ascent Sport Hybrid,Hatchback,18091,Automatic,,Hybrid,VIC
2026-01-25T15:33:31,listed,car/14914592/toyota/rav4/vic/elsternwick/suv,39750.0,,,2022,Toyota,RAV4,Gx (2Wd) Hybrid,Wagon,40713,Automatic,,Hybrid,VIC
2026-01-25T15:33:31,listed,car/14878008/toyota/landcruiser-prado/vic/tottenham/suv,60888.0,,,2022,Toyota,Landcruiser Prado,Gx,Wagon,73399,Automatic,,Diesel,VIC
2026-01-25T15:33:31,listed,car/14889447/toyota/corolla/vic/ringwood/hatchback,9950.0,,,2008,Toyota,Corolla,Ascent,Hatchback,184237,Automatic,2026-04-15,Unleaded,VIC
2026-01-25T15:33:31,listed,car/14793890/toyota/kluger/vic/elsternwick/suv,42750.0,,,2023,Toyota,Kluger,Gx 2Wd,Wagon,41074,Automatic,,Unleaded,VIC
2026-01-25T15:33:31,listed,car/14791194/toyota/probox/vic/maidstone/suv,15995.0,,,2020,Toyota,Probox,HYBRID DX COMFORT,SUV,100077,Automatic,,Unleaded,VIC
2026-01-25T15:33:31,listed,car/14867865/toyota/corolla/vic/tullamarine/hatchback,24990.0,,,2020,Toyota,Corolla,Ascent Sport (Hybrid),Hatchback,85407,Automatic,2026-02-28,Hybrid,VIC
2026-01-25T15:33:31,listed,car/14838483/toyota/c-hr/vic/maidstone/suv,23995.0,,,2018,Toyota,C-HR,G LED EDITION,SUV,104113,Automatic,,Unleaded,VIC
2026-01-25T15:33:31,listed,car/14885957/toyota/c-hr/vic/maidstone/suv,22995.0,,,2018,Toyota,C-HR,HV S LED EDITION,SUV,115255,Automatic,,Unleaded,VIC
2026-01-25T15:33:31,listed,car/14902282/toyota/camry/vic/tottenham/sedan,39888.0,,,2024,Toyota,Camry,Ascent,Sedan,47015,Automatic,2026-03-12,Premium,VIC
2026-01-25T15:33:31,listed,car/14904627/toyota/corolla/vic/elsternwick/hatchback,41990.0,,,2024,Toyota,Corolla,Zr,Hatchback,15143,Automatic,,Unleaded,VIC
2026-01-25T15:33:31,listed,car/14763517/toyota/hilux/vic/tullamarine/dual-cab,43990.0,,,2018,Toyota,Hilux,Sr (4X4),Double Cab Pick Up,122000,Automatic,2026-01-24,Diesel,VIC
2026-01-25T15:33:31,listed,car/14897821/toyota/rav4/vic/south-melbourne/suv,43990.0,,,2021,Toyota,RAV4,Gxl (Awd) Hybrid,Wagon,45622,Automatic,2026-05-18,Hybrid,VIC
2026-01-25T15:33:31,listed,car/14852394/toyota/rav4/vic/south-melbourne/suv,59990.0,,,2024,Toyota,RAV4,Cruiser (2Wd) Hybrid,Wagon,15647,Automatic,2026-03-10,Hybrid,VIC
2026-01-25T15:33:31,listed,car/14803716/toyota/yaris/vic/dandenong/hatchback,12500.0,,,2015,Toyota,Yaris,Zr,Hatchback,71000,Automatic,,Unleaded,VIC
2026-01-25T15:33:31,listed,car/14875298/toyota/corolla/vic/melbourne/hatchback,29490.0,,,2021,Toyota,Corolla,Ascent Sport,Hatchback,17136,Automatic,2026-06-24,Unleaded,VIC
2026-01-25T15:33:31,listed,car/14849012/toyota/landcruiser/vic/melbourne/suv,103991.0,,,2023,Toyota,Landcruiser,Lc300 Gxl (4X4),Wagon,72832,Automatic,2026-06-11,Diesel,VIC
2026-01-25T15:33:31,listed,car/14891758/toyota/landcruiser-prado/vic/altona-north/suv,27999.0,,,2011,Toyota,Landcruiser Prado,Gxl (4X4),Wagon,223000,Automatic,,Diesel,VIC
2026-01-25T15:33:31,listed,car/14911856/toyota/c-hr/vic/south-melbourne/suv,36990.0,,,2021,Toyota,C-HR,Koba (2Wd) Hybrid,Wagon,40868,Automatic,2026-01-19,Hybrid,VIC
2026-01-25T15:33:31,listed,car/14902690/toyota/aqua/vic/maidstone/hatchback,15995.0,,,2016,Toyota,Aqua,S,Hatch,101454,Automatic,,Unleaded,VIC
2026-01-25T15:33:31,listed,car/14875401/toyota/crown/vic/clayton-south/limousine,17490.0,,,2006,Toyota,Crown,GRS184,Sedan,56871,Automatic,,Unleaded,VIC
2026-01-25T15:33:31,listed,car/14887672/toyota/rav4/vic/elsternwick/suv,46990.0,,,2025,Toyota,RAV4,Gx (2Wd) Hybrid,Wagon,30136,Automatic,,Hybrid,VIC
2026-01-25T15:33:31,listed,car/14887671/toyota/rav4/vic/elsternwick/suv,46990.0,,,2024,Toyota,RAV4,Gx (2Wd) Hybrid,Wagon,41813,Automatic,,Hybrid,VIC
2026-01-25T15:33:31,listed,car/14877567/toyota/corolla/vic/melbourne/hatchback,28990.0,,,2023,Toyota,Corolla,Ascent Sport,Hatchback,49136,Automatic,2026-06-30,Unleaded,VIC
2026-01-25T15:33:31,listed,car/14864441/toyota/corolla-cross-petrol/vic/melbourne/hatchback,39450.0,,,2024,Toyota,COROLLA CROSS PETROL,COROLLA CROSS GX 2.0L PETROL AUTO CVT 5 DOOR HATCH,Hatch,25108,,2026-06-18,Other,VIC
2026-01-25T15:33:31,listed,car/14899417/toyota/c-hr/vic/clayton-south/suv,27490.0,,,2019,Toyota,C-HR,(HYBRID) ZYX10,SUV,90579,Automatic,,Unleaded,VIC
2026-01-25T15:33:31,listed,car/14845654/toyota/corolla/vic/elsternwick/hatchback,38990.0,,,2021,Toyota,Corolla,Zr Hybrid,Hatchback,30451,Automatic,,Hybrid,VIC
2026-01-25T15:33:31,listed,car/14911197/toyota/corolla/vic/elsternwick/hatchback,28990.0,,,2022,Toyota,Corolla,Ascent Sport Hybrid,Hatchback,75354,Automatic,,Hybrid,VIC
2026-01-25T15:33:31,listed,car/14890995/toyota/rav4/vic/melbourne/suv,37690.0,,,2021,Toyota,RAV4,Gxl (2Wd),Wagon,55369,Automatic,2026-07-06,Unleaded,VIC
2026-01-25T15:33:31,listed,car/14869679/toyota/corolla/vic/south-melbourne/hatchback,32990.0,,,2023,Toyota,Corolla,Ascent Sport Hybrid,Hatchback,24493,Automatic,2026-05-20,Hybrid,VIC
2026-01-25T15:33:31,listed,car/14398844/toyota/kluger/vic/elsternwick/suv,67950.0,,,2023,Toyota,Kluger,Grande Awd,Wagon,43890,Automatic,,Unleaded,VIC
2026-01-25T15:33:31,listed,car/14893163/toyota/hilux/vic/south-melbourne/dual-cab,47990.0,,,2023,Toyota,Hilux,Sr (4X4),Double Cab Pick Up,116975,Automatic,2026-06-30,Diesel,VIC
2026-01-25T15:33:31,listed,car/14899549/toyota/hiace/vic/elsternwick/van,45990.0,,,2020,Toyota,HiAce,Lwb (4 Door Option),Van,81735,Automatic,,Diesel,VIC
2026-01-25T15:33:31,listed,car/14692700/toyota/corolla/vic/ringwood/sedan,20999.0,,,2019,Toyota,Corolla,Ascent,Sedan,110201,Automatic,2026-04-10,Unleaded,VIC
2026-01-25T15:33:31,listed,car/14894658/toyota/corolla/vic/melbourne/hatchback,33490.0,,,2024,Toyota,Corolla,Ascent Sport Hybrid,Hatchback,23468,Automatic,2026-06-08,Hybrid,VIC
2026-01-25T15:33:31,listed,car/14894656/toyota/corolla/vic/melbourne/sedan,32490.0,,,2021,Toyota,Corolla,Ascent Sport Hybrid,Sedan,11008,Automatic,2026-07-07,Hybrid,VIC
2026-01-25T15:33:31,listed,car/14662915/toyota/c-hr/vic/laverton-north/suv,23495.0,,,2019,Toyota,C-HR,,SUV,100774,Automatic,,Unleaded,VIC
2026-01-25T15:33:31,listed,car/14868816/toyota/corolla/vic/tottenham/hatchback,28388.0,,,2022,Toyota,Corolla,Ascent Sport Hybrid,Hatchback,98236,Automatic,,Hybrid,VIC
2026-01-25T15:33:31,listed,car/14911227/toyota/rav4/vic/elsternwick/suv,61990.0,,,2024,Toyota,RAV4,Cruiser (Awd) Hybrid,Wagon,11486,Automatic,,Hybrid,VIC
2026-01-25T15:33:31,listed,car/14592855/toyota/hiace/vic/epping/van,26000.0,,,2012,Toyota,HiAce,Lwb,Van,147952,Automatic,,Diesel,VIC
2026-01-25T15:33:31,listed,car/14897201/toyota/c-hr/vic/melbourne/suv,38490.0,,,2022,Toyota,C-HR,Koba (2Wd) Hybrid,Wagon,27594,Automatic,2026-07-12,Hybrid,VIC
2026-01-25T15:33:31,listed,car/14909186/toyota/rav4/vic/elsternwick/suv,64990.0,,,2024,Toyota,RAV4,Edge (Awd) Hybrid,Wagon,18245,Automatic,,Hybrid,VIC
2026-01-25T15:33:31,listed,car/14761772/toyota/corolla/vic/elsternwick/hatchback,30977.0,,,2024,Toyota,Corolla,Ascent Sport Hybrid,Hatchback,48075,Automatic,,Hybrid,VIC
2026-01-25T15:33:31,listed,car/14839280/toyota/rav4/vic/melbourne/suv,44490.0,,,2022,Toyota,RAV4,Gxl (Awd) Hybrid,Wagon,49073,Automatic,2026-06-05,Hybrid,VIC
2026-01-25T15:33:31,listed,car/14854013/toyota/camry/vic/tottenham/sedan,38888.0,,,2023,Toyota,Camry,Ascent,Sedan,73314,Automatic,,Premium,VIC
2026-01-25T15:33:31,listed,car/14333176/toyota/hilux/vic/avondale-heights/dual-cab,17999.0,,,2015,Toyota,Hilux,Sr (4X4),Dual Cab Chassis,336596,Manual,2026-04-01,Diesel,VIC
2026-01-25T15:33:31,listed,car/14829099/toyota/camry/vic/tottenham/sedan,27888.0,,,2019,Toyota,Camry,Ascent Sport,Sedan,61445,Automatic,2026-05-20,Unleaded,VIC
2026-01-25T15:33:31,listed,car/14784841/toyota/landcruiser/vic/south-melbourne/suv,108888.0,,,2023,Toyota,Landcruiser,Lc300 Gxl (4X4),Wagon,49689,Automatic,2026-06-03,Diesel,VIC
2026-01-25T15:33:31,listed,car/14916251/toyota/camry/vic/elsternwick/sedan,38990.0,,,2024,Toyota,Camry,Ascent,Sedan,35075,Automatic,,Premium,VIC
2026-01-25T15:33:31,listed,car/14730867/toyota/crown/vic/epping/othercar,22500.0,,,2009,Toyota,Crown,MAJESTA G TYPE F PACKAGE,OtherCar,121424,,,Other,VIC
2026-01-25T15:33:31,listed,car/14896461/toyota/corolla/vic/tottenham/hatchback,26888.0,,,2022,Toyota,Corolla,Ascent Sport,Hatchback,52369,Automatic,,Unleaded,VIC
2026-01-25T15:33:31,listed,car/14894121/toyota/corolla/vic/melbourne/hatchback,33880.0,,,2024,Toyota,Corolla,Ascent Sport Hybrid,Hatchback,22498,Automatic,2026-06-28,Hybrid,VIC
2026-01-25T15:33:31,listed,car/14235901/toyota/yaris/vic/oakleigh-south/hatchback,8990.0,,,2011,Toyota,Yaris,Yr,Hatchback,140381,Manual,2025-01-01,Unleaded,VIC
2026-01-25T15:33:31,listed,car/14868820/toyota/corolla/vic/tottenham/sedan,28388.0,,,2022,Toyota,Corolla,Ascent Sport Hybrid,Sedan,99534,Automatic,,Hybrid,VIC
2026-01-25T15:33:31,listed,car/14828003/toyota/yaris-cross/vic/south-melbourne/suv,37490.0,,,2024,Toyota,Yaris Cross,Gx Hybrid,Wagon,3833,Automatic,,Hybrid,VIC
2026-01-25T15:33:31,listed,car/14681754/toyota/hilux/vic/werribee/dual-cab,21927.0,,,2008,Toyota,Hilux,Sr5 (4X4),Dual Cab Pick-up,235532,Manual,2025-10-08,Diesel,VIC
2026-01-25T15:33:31,listed,car/14872852/toyota/camry/vic/tottenham/sedan,38888.0,,,2023,Toyota,Camry,Ascent,Sedan,65286,Automatic,,Premium,VIC
2026-01-25T15:33:31,listed,car/14887955/toyota/yaris-cross/vic/south-melbourne/suv,33990.0,,,2021,Toyota,Yaris Cross,Gx Hybrid,Wagon,34708,Automatic,2026-09-02,Hybrid,VIC
2026-01-25T15:33:31,listed,car/14411997/toyota/crown/vic/cranbourne-west/limousine,23999.0,,,2012,Toyota,Crown,MAJESTA (HYBRID),Sedan,116104,Automatic,,Hybrid,VIC
2026-01-25T15:33:31,listed,car/14883707/toyota/rav4/vic/tottenham/suv,41388.0,,,2022,Toyota,RAV4,Gx (Awd) Hybrid,Wagon,70880,Automatic,,Hybrid,VIC
2026-01-25T15:33:31,listed,car/14892278/toyota/corolla/vic/tottenham/hatchback,25888.0,,,2019,Toyota,Corolla,Ascent Sport,Hatchback,44826,Automatic,2026-03-30,Unleaded,VIC
2026-01-25T15:33:31,listed,car/14678796/toyota/hilux/vic/coburg-north/single-cab,36990.0,,,2021,Toyota,Hilux,Workmate,Cab Chassis,86151,Automatic,,Unleaded,VIC
2026-01-25T15:33:31,listed,car/14914656/toyota/kluger/vic/elsternwick/suv,63990.0,,,2022,Toyota,Kluger,Gxl Hybrid Awd,Wagon,57605,Automatic,,Hybrid,VIC
2026-01-25T15:33:31,listed,car/14889481/toyota/rav4/vic/melbourne/suv,41990.0,,,2021,Toyota,RAV4,Gxl (2Wd) Hybrid,Wagon,42583,Automatic,2026-07-05,Hybrid,VIC
2026-01-25T15:33:31,listed,car/14547070/toyota/aurion/vic/ringwood/sedan,6990.0,,,2009,Toyota,Aurion,At-X,Sedan,280969,Automatic,2025-12-04,Unleaded,VIC
2026-01-25T15:33:31,listed,car/14876585/toyota/rav4/vic/south-melbourne/suv,42990.0,,,2020,Toyota,RAV4,Cruiser 2Wd Hybrid,Wagon,95411,Automatic,2026-04-07,Hybrid,VIC
2026-01-25T15:33:31,listed,car/14852392/toyota/rav4/vic/south-melbourne/suv,44990.0,,,2021,Toyota,RAV4,Gxl (2Wd) Hybrid,Wagon,22900,Automatic,2026-07-07,Hybrid,VIC
2026-01-25T15:33:31,listed,car/14778016/toyota/rav4/vic/elsternwick/suv,41777.0,,,2023,Toyota,RAV4,Gx (2Wd) Hybrid,Wagon,47827,Automatic,,Hybrid,VIC
2026-01-25T15:33:31,listed,car/14797783/toyota/prius/vic/maidstone/hatchback,21995.0,,,2018,Toyota,Prius,S,Hatch,91067,Automatic,,Unleaded,VIC
2026-01-25T15:33:31,listed,car/14431762/toyota/hilux/vic/ringwood/extra-cab,13996.0,,,2012,Toyota,Hilux,Sr,X Cab Pickup,241334,Automatic,2025-06-28,Unleaded,VIC
2026-01-25T15:33:31,listed,car/14804535/toyota/rav4/vic/south-melbourne/suv,42990.0,,,2021,Toyota,RAV4,Gx (Awd) Hybrid,Wagon,38306,Automatic,2026-03-19,Hybrid,VIC
2026-01-25T15:33:31,listed,car/14911195/toyota/corolla/vic/elsternwick/hatchback,28990.0,,,2024,Toyota,Corolla,Ascent Sport,Hatchback,50150,Automatic,,Unleaded,VIC
2026-01-25T15:33:31,listed,car/14627080/toyota/camry/vic/elsternwick/sedan,46950.0,,,2025,Toyota,Camry,Ascent Hybrid,Sedan,13890,Automatic,,Hybrid,VIC
2026-01-25T15:33:31,listed,car/14818685/toyota/rav4/vic/melbourne/suv,41470.0,,,2022,Toyota,RAV4,Gx (Awd) Hybrid,Wagon,58291,Automatic,2026-05-26,Hybrid,VIC
2026-01-25T15:33:31,listed,car/14790825/toyota/rav4/vic/elsternwick/suv,41950.0,,,2023,Toyota,RAV4,Gx (2Wd) Hybrid,Wagon,50054,Automatic,,Hybrid,VIC
2026-01-25T15:33:31,listed,car/14722069/toyota/camry/vic/oakleigh/sedan,32999.0,,,2021,Toyota,Camry,Ascent,Sedan,23974,Automatic,,Premium,VIC
2026-01-25T15:33:31,listed,car/14848830/toyota/rav4/vic/elsternwick/suv,39990.0,,,2020,Toyota,RAV4,Gx 2Wd Hybrid,Wagon,55223,Automatic,,Hybrid,VIC
2026-01-25T15:33:31,listed,car/14911196/toyota/corolla/vic/elsternwick/hatchback,31990.0,,,2023,Toyota,Corolla,Ascent Sport Hybrid,Hatchback,50895,Automatic,,Hybrid,VIC
2026-01-25T15:33:31,listed,car/14608497/toyota/hiace/vic/ringwood/people-mover,19999.0,,,2002,Toyota,HiAce,Commuter,Bus,193125,Automatic,2026-03-30,Unleaded,VIC
2026-01-25T15:33:31,listed,car/14851358/toyota/rav4/vic/south-melbourne/suv,54990.0,,,2023,Toyota,RAV4,Cruiser (2Wd) Hybrid,Wagon,44576,Automatic,2026-08-31,Hybrid,VIC
2026-01-25T15:33:31,listed,car/14849244/toyota/camry/vic/tottenham/sedan,28888.0,,,2020,Toyota,Camry,Ascent Sport,Sedan,92342,Automatic,,Unleaded,VIC
2026-01-25T15:33:31,listed,car/14592826/toyota/hiace/vic/epping/van,29500.0,,,2019,Toyota,HiAce,GDH201,Commercial,175570,Automatic,,Other,VIC
2026-01-25T15:33:31,listed,car/14901584/toyota/corolla/vic/south-melbourne/hatchback,28990.0,,,2021,Toyota,Corolla,Ascent Sport,Hatchback,38874,Automatic,2026-09-21,Unleaded,VIC
2026-01-25T15:33:31,listed,car/14818686/toyota/camry/vic/melbourne/sedan,30880.0,,,2020,Toyota,Camry,Ascent,Sedan,55858,Automatic,2026-06-26,Unleaded,VIC
2026-01-25T15:33:31,listed,car/13127981/toyota/estima/vic/west-footscray/othercar,11999.0,,,2006,Toyota,Estima,AERAS G,OtherCar,163562,,2023-12-30,Unleaded,VIC
2026-01-25T15:33:31,listed,car/14895030/toyota/camry/vic/melbourne/sedan,33380.0,,,2021,Toyota,Camry,Ascent,Sedan,44506,Automatic,2026-07-07,Premium,VIC
2026-01-25T15:33:31,listed,car/14822593/toyota/kluger/vic/deer-park/suv,8999.0,,,2007,Toyota,Kluger,Kx-S (Fwd),Wagon,324224,Automatic,2025-11-30,Unleaded,VIC
2026-01-25T15:33:31,listed,car/14838774/toyota/kluger/vic/avondale-heights/suv,24999.0,,,2015,Toyota,Kluger,Grande (4X4),Wagon,157865,Automatic,2026-03-06,Unleaded,VIC
2026-01-25T15:33:31,listed,car/14891931/toyota/corolla/vic/nunawading/hatchback,9750.0,,,2011,Toyota,Corolla,Levin Zr,Hatchback,113000,Manual,2026-07-12,Unleaded,VIC
2026-01-25T15:33:31,listed,car/14545873/toyota/kluger/vic/elsternwick/suv,74950.0,,,2023,Toyota,Kluger,Grande Hybrid Awd,Wagon,13915,Automatic,,Hybrid,VIC
2026-01-25T15:33:31,listed,car/14814463/toyota/landcruiser/vic/brooklyn/suv,14999.0,,,2004,Toyota,Landcruiser,Gxl (4X4),Wagon,381000,Automatic,,Unleaded,VIC
2026-01-25T15:33:31,listed,car/14807840/toyota/camry/vic/laverton-north/sedan,17999.0,,,2016,Toyota,Camry,Atara Sl Hybrid,Sedan,153589,Automatic,2026-02-05,Hybrid,VIC
2026-01-25T15:33:31,listed,car/14522185/toyota/hilux/vic/deer-park/single-cab,14999.0,,,2008,Toyota,Hilux,Sr,Pickup,205918,Automatic,2025-06-30,Unleaded,VIC
2026-01-25T15:33:31,listed,car/14852399/toyota/landcruiser-prado/vic/briar-hill/suv,11999.0,,,2004,Toyota,Landcruiser Prado,GXL,SUV,386888,Automatic,2026-03-25,Unleaded,VIC
2026-01-25T15:33:31,listed,car/14852397/toyota/hiace/vic/south-melbourne/van,56990.0,,,2020,Toyota,HiAce,Lwb Gl (Colours),Van,65388,Automatic,,Diesel,VIC
2026-01-25T15:33:31,listed,car/14119004/toyota/hiace/vic/coburg-north/people-mover,48990.0,,,2017,Toyota,HiAce,Commuter (12 Seats),Bus,82952,Automatic,,Diesel,VIC
2026-01-25T15:33:31,listed,car/14852396/toyota/hilux/vic/south-melbourne/single-cab,48990.0,,,2022,Toyota,Hilux,Sr (4X4),Cab Chassis,21516,Automatic,2026-07-20,Diesel,VIC
2026-01-25T15:33:31,listed,car/14852393/toyota/corolla/vic/south-melbourne/sedan,32990.0,,,2024,Toyota,Corolla,Ascent Sport,Sedan,15983,Automatic,2026-07-21,Unleaded,VIC
2026-01-25T15:33:31,listed,car/14719227/toyota/corolla/vic/ferntree-gully/hatchback,29488.0,,,2022,Toyota,Corolla,Ascent Sport Hybrid,Hatchback,57935,Automatic,2026-04-13,Hybrid,VIC
2026-01-25T15:33:31,listed,car/14853968/toyota/c-hr/vic/tottenham/suv,34888.0,,,2020,Toyota,C-HR,Koba (2Wd) Hybrid,Wagon,84107,Automatic,2026-01-27,Hybrid,VIC
2026-01-25T15:33:31,listed,car/14825825/toyota/c-hr/vic/tottenham/suv,35888.0,,,2023,Toyota,C-HR,Koba (2Wd),Wagon,70650,Automatic,,Premium,VIC
2026-01-25T15:33:31,listed,car/14526467/toyota/kluger/vic/hoppers-crossing/suv,6999.0,,,2008,Toyota,Kluger,Kx-R (Fwd) 5 Seat,Wagon,338207,Automatic,2025-08-23,Unleaded,VIC
2026-01-25T15:33:31,listed,car/14871752/toyota/rav4/vic/south-melbourne/suv,43990.0,,,2021,Toyota,RAV4,Gx (Awd) Hybrid,Wagon,11347,Automatic,2026-07-29,Hybrid,VIC
2026-01-25T15:33:31,listed,car/14878011/toyota/rav4/vic/tottenham/suv,43888.0,,,2022,Toyota,RAV4,Gx (Awd) Hybrid,Wagon,41089,Automatic,,Hybrid,VIC
2026-01-25T15:33:31,listed,car/14388891/toyota/corolla/vic/brooklyn/sedan,6999.0,,,2002,Toyota,Corolla,Ultima,Sedan,242000,Automatic,,Unleaded,VIC
2026-01-25T15:33:31,listed,car/14891897/toyota/camry/vic/tottenham/sedan,25888.0,,,2018,Toyota,Camry,Ascent,Sedan,116021,Automatic,2026-01-26,Unleaded,VIC
2026-01-25T15:33:31,listed,car/14917045/toyota/yaris/vic/nunawading/hatchback,11999.0,,,2017,Toyota,Yaris,Ascent,Hatchback,130000,Manual,2026-04-12,Unleaded,VIC
2026-01-25T15:33:31,listed,car/14855506/toyota/hiace/vic/ravenhall/van,11999.0,,,2005,Toyota,HiAce,Lwb,Van,467673,Automatic,,Diesel,VIC
2026-01-25T15:33:31,listed,car/14910597/toyota/yaris/vic/burwood/hatchback,12555.0,,,2013,Toyota,Yaris,Yr,Hatchback,47908,Manual,2026-03-20,Unleaded,VIC
2026-01-25T15:33:31,listed,car/14719171/toyota/hilux/vic/ringwood/dual-cab,42999.0,,,2018,Toyota,Hilux,Sr5 (4X4),Double Cab Pick Up,162535,Automatic,2026-04-11,Diesel,VIC
2026-01-25T15:33:31,listed,car/14869247/toyota/rav4/vic/fawkner/suv,8499.0,,,2009,Toyota,RAV4,Cv (4X4),Wagon,253940,Automatic,2026-01-15,Unleaded,VIC
2026-01-25T15:33:31,listed,car/13009586/toyota/landcruiser-prado/vic/hoppers-crossing/suv,27999.0,,,2012,Toyota,Landcruiser Prado,Gxl (4X4),Wagon,257981,Manual,2023-08-29,Diesel,VIC
2026-01-25T15:33:31,listed,car/14767913/toyota/hilux/vic/williamstown-north/dual-cab,22999.0,,,2012,Toyota,Hilux,Sr (4X4),Dual Cab Chassis,324600,Manual,2026-04-05,Diesel,VIC
2026-01-25T15:33:31,listed,car/14646980/toyota/corolla/vic/elsternwick/hatchback,29977.0,,,2023,Toyota,Corolla,Sx Hybrid,Hatchback,73194,Automatic,,Hybrid,VIC
2026-01-25T15:33:31,listed,car/14876350/toyota/landcruiser-prado/vic/derrimut/suv,37990.0,,,2014,Toyota,Landcruiser Prado,Gxl (4X4),Wagon,231000,Automatic,2026-06-19,Diesel,VIC
2026-01-25T15:33:31,listed,car/14875297/toyota/corolla/vic/mentone/hatchback,11990.0,,,2001,Toyota,Corolla,Ascent Seca,Hatchback,57608,Automatic,,Unleaded,VIC
2026-01-25T15:33:31,listed,car/14576957/toyota/camry/vic/bundoora/sedan,33444.0,,,2023,Toyota,Camry,Ascent,Sedan,59755,Automatic,,Premium,VIC
2026-01-25T15:33:31,listed,car/14791050/toyota/alphard/vic/fawkner/suv,54990.0,,,2021,Toyota,Alphard,S (HYBRID) AYH30W,SUV,38000,Automatic,,Hybrid,VIC
2026-01-25T15:33:31,listed,car/14818428/toyota/corolla/vic/thomastown/sedan,12888.0,,,2016,Toyota,Corolla,Ascent,Sedan,240393,Automatic,2026-09-07,Unleaded,VIC
2026-01-25T15:33:31,listed,car/14558275/toyota/corolla-cross/vic/elsternwick/suv,35950.0,,,2023,Toyota,Corolla Cross,Gx 2Wd,Wagon,58890,Automatic,,Unleaded,VIC
2026-01-25T15:33:31,listed,car/14908815/toyota/esquire/vic/fawkner/suv,25990.0,,,2018,Toyota,Esquire,G HYBRID ZWR80,SUV,106893,Automatic,,Hybrid,VIC
2026-01-25T15:33:31,listed,car/14847920/toyota/landcruiser/vic/williamstown-north/suv,149999.0,,,2023,Toyota,Landcruiser,Lc300 Sahara (4X4),Wagon,81700,Automatic,2026-04-15,Diesel,VIC
2026-01-25T15:33:31,listed,car/14637361/toyota/hiace/vic/epping/van,28000.0,,,2018,Toyota,HiAce,GDH201,Commercial,196381,Automatic,,Other,VIC
2026-01-25T15:33:31,listed,car/14911356/toyota/hilux/vic/avondale-heights/dual-cab,10999.0,,,2010,Toyota,Hilux,Sr,Dual Cab Pick-up,312413,Automatic,2026-03-26,Unleaded,VIC
2026-01-25T15:33:31,listed,car/14828233/toyota/camry/vic/nunawading/sedan,24990.0,,,2019,Toyota,Camry,Ascent,Sedan,89000,Automatic,2026-02-21,Unleaded,VIC
2026-01-25T15:33:31,listed,car/14788415/toyota/landcruiser-prado/vic/altona-north/suv,9999.0,,,2004,Toyota,Landcruiser Prado,Gxl (4X4),Wagon,427000,Automatic,2026-04-28,Unleaded,VIC
2026-01-25T15:33:31,listed,car/14903425/toyota/kluger/vic/oakleigh/suv,15388.0,,,2008,Toyota,Kluger,Kx-S (Fwd),Wagon,186266,Automatic,,Unleaded,VIC
2026-01-25T15:33:31,listed,car/14576956/toyota/camry/vic/bundoora/sedan,33444.0,,,2023,Toyota,Camry,Ascent,Sedan,62325,Automatic,,Premium,VIC
2026-01-25T15:33:31,listed,car/14914428/toyota/corolla/vic/laverton-north/hatchback,14490.0,,,2014,Toyota,Corolla,Ascent Sport,Hatchback,146267,Automatic,,Unleaded,VIC
2026-01-25T15:33:31,listed,car/14582912/toyota/hilux/vic/brooklyn/single-cab,14999.0,,,2015,Toyota,Hilux,Workmate,Cab Chassis,241000,Manual,,Unleaded,VIC
2026-01-25T15:33:31,listed,car/14905208/toyota/corolla/vic/nunawading/hatchback,8250.0,,,2005,Toyota,Corolla,Conquest Seca,Hatchback,153000,Automatic,2026-02-10,Unleaded,VIC
2026-01-25T15:33:31,listed,car/14678146/toyota/camry/vic/bundoora/sedan,33750.0,,,2023,Toyota,Camry,Ascent,Sedan,52523,Automatic,,Premium,VIC
2026-01-25T15:33:31,listed,car/14848772/toyota/estima/vic/altona-north/suv,9999.0,,,2016,Toyota,Estima,AERAS F,SUV,233614,Automatic,2026-03-29,Unleaded,VIC
2026-01-25T15:33:31,listed,car/14806096/toyota/kluger/vic/sunshine/suv,23999.0,,,2019,Toyota,Kluger,Gx (4X4),Wagon,216878,Automatic,2026-09-30,Unleaded,VIC
2026-01-25T15:33:31,listed,car/14595099/toyota/kluger/vic/elsternwick/suv,68950.0,,,2024,Toyota,Kluger,Gxl Hybrid Awd,Wagon,31890,Automatic,,Hybrid,VIC
2026-01-25T15:33:31,listed,car/14811075/toyota/camry/vic/nunawading/sedan,24990.0,,,2017,Toyota,Camry,Atara Sl Hybrid,Sedan,112605,Automatic,,Hybrid,VIC
2026-01-25T15:33:31,listed,car/14869249/toyota/hilux/vic/heidelberg/dual-cab,60777.0,,,2021,Toyota,Hilux,Rugged X (4X4),Double Cab Pick Up,93559,Automatic,2026-06-23,Diesel,VIC
2026-01-25T15:33:31,listed,car/14755010/toyota/rav4/vic/melton/suv,41999.0,,,2020,Toyota,RAV4,Cruiser (Awd) Hybrid,Wagon,87090,Automatic,,Hybrid,VIC
2026-01-25T15:33:31,listed,car/14876732/toyota/camry/vic/thomastown/sedan,13990.0,,,2015,Toyota,Camry,Altise,Sedan,200321,Automatic,2026-03-12,Unleaded,VIC
2026-01-25T15:33:31,listed,car/14809509/toyota/hiace/vic/briar-hill/van,24999.0,,,2013,Toyota,HiAce,,Commercial,102612,Automatic,2025-12-20,Other,VIC
2026-01-25T15:33:31,listed,car/14547116/toyota/hilux/vic/brooklyn/dual-cab,14999.0,,,2012,Toyota,Hilux,Sr,Dual Cab Pick-up,304000,Manual,,Diesel,VIC
2026-01-25T15:33:31,listed,car/14872499/toyota/corolla/vic/epping/hatchback,21200.0,,,2015,Toyota,Corolla,Sx,Hatchback,108727,Automatic,2026-10-08,Unleaded,VIC
2026-01-25T15:33:31,listed,car/14909004/toyota/rav4/vic/essendon-fields/suv,37490.0,,,2022,Toyota,RAV4,Gx (2Wd),Wagon,38267,Automatic,2026-04-16,Unleaded,VIC
2026-01-25T15:33:31,listed,car/14888717/toyota/rav4/vic/burwood/suv,20895.0,,,2014,Toyota,RAV4,Gxl (2Wd),Wagon,149398,Automatic,2026-05-26,Unleaded,VIC
2026-01-25T15:33:31,listed,car/14836666/toyota/86/vic/burwood/coupe,30000.0,,,2014,Toyota,86,Gts,Coupe,41694,Manual,2026-05-25,Premium,VIC
2026-01-25T15:33:31,listed,car/14733216/toyota/camry/vic/ringwood/sedan,27999.0,,,2020,Toyota,Camry,Sx,Sedan,143170,Automatic,2026-04-16,Unleaded,VIC
2026-01-25T15:33:31,listed,car/14819728/toyota/landcruiser-prado/vic/fawkner/suv,31997.0,,,2012,Toyota,Landcruiser Prado,Gxl (4X4),Wagon,201073,Automatic,2026-02-13,Diesel,VIC
2026-01-25T15:33:31,listed,car/14825984/toyota/camry/vic/mitcham/sedan,7888.0,,,2005,Toyota,Camry,Altise,Sedan,145268,Automatic,,Unleaded,VIC
2026-01-25T15:33:31,listed,car/14616706/toyota/prius-c/vic/ravenhall/hatchback,18695.0,,,2017,Toyota,Prius-C,Hybrid,Hatchback,104452,Automatic,2026-03-09,Hybrid,VIC
2026-01-25T15:33:31,listed,car/14912398/toyota/alphard/vic/bentleigh/wagon,44990.0,,,2017,Toyota,Alphard,X (Hybrid),Wagon,73232,,2026-05-29,,VIC
2026-01-25T15:33:31,listed,car/14901874/toyota/landcruiser/vic/nunawading/suv,142990.0,,,2023,Toyota,Landcruiser,Lc300 Sahara Zx (4X4),Wagon,34000,Automatic,2026-11-24,Diesel,VIC
2026-01-25T15:33:31,listed,car/14711403/toyota/landcruiser/vic/elsternwick/suv,129950.0,,,2021,Toyota,Landcruiser,Lc300 Sahara Zx (4X4),Wagon,75890,Automatic,,Diesel,VIC
2026-01-25T15:33:31,listed,car/14899494/toyota/noah/vic/fawkner/suv,39990.0,,,2022,Toyota,Noah,(HYBRID) ZWR90 8 SEATER,SUV,95363,Automatic,2026-04-05,Hybrid,VIC
2026-01-25T15:33:31,listed,car/14798968/toyota/landcruiser/vic/preston/single-cab,88990.0,,,2022,Toyota,Landcruiser,Gxl,Cab Chassis,53857,Manual,2000-01-01,Diesel,VIC
2026-01-25T15:33:31,listed,car/14744523/toyota/corolla/vic/maidstone/sedan,11990.0,,,2008,Toyota,Corolla,Ascent,Sedan,96358,Automatic,2026-02-14,Unleaded,VIC
2026-01-25T15:33:31,listed,car/14882919/toyota/kluger/vic/brighton/suv,41990.0,,,2019,Toyota,Kluger,Grande (4X2),Wagon,62942,Automatic,2026-01-31,Unleaded,VIC
2026-01-25T15:33:31,listed,car/14742257/toyota/corolla/vic/laverton-north/hatchback,26699.0,,,2024,Toyota,Corolla,Ascent Sport,Hatchback,31296,Automatic,,Unleaded,VIC
2026-01-25T15:33:31,listed,car/14840734/toyota/landcruiser-prado/vic/ravenhall/suv,15999.0,,,2006,Toyota,Landcruiser Prado,Gxl (4X4),Wagon,358199,Automatic,,Diesel,VIC
2026-01-25T15:33:31,listed,car/14831532/toyota/hilux/vic/thomastown/single-cab,17990.0,,,2014,Toyota,Hilux,Workmate,Cab Chassis,154184,Automatic,2026-02-28,Unleaded,VIC
2026-01-25T15:33:31,listed,car/14667735/toyota/camry/vic/cranbourne-west/sedan,14900.0,,,2014,Toyota,Camry,Altise,Sedan,145000,Automatic,2026-04-14,Unleaded,VIC
2026-01-25T15:33:31,listed,car/14816355/toyota/landcruiser/vic/fawkner/suv,39990.0,,,1999,Toyota,Landcruiser,HDJ101,SUV,141291,Automatic,,Diesel,VIC
2026-01-25T15:33:31,listed,car/14916632/toyota/supra/vic/laverton-north/hatchback,129888.0,,,1994,Toyota,Supra,,Liftback,160125,,,,VIC
2026-01-25T15:33:31,listed,car/14877821/toyota/hilux/vic/camberwell/dual-cab,57990.0,,,2021,Toyota,Hilux,Rugged X (4X4),Double Cab Pick Up,113314,Automatic,2026-05-25,Diesel,VIC
2026-01-25T15:33:31,listed,car/14746909/toyota/prius/vic/ringwood/hatchback,13499.0,,,2009,Toyota,Prius,I-Tech Hybrid,Hatchback,119263,Automatic,2026-01-24,Hybrid,VIC
2026-01-25T15:33:31,listed,car/14887501/toyota/hilux/vic/vermont/dual-cab,46990.0,,,2016,Toyota,Hilux,Sr (4X4),Dual Cab Chassis,98700,Automatic,2026-01-19,Diesel,VIC
2026-01-25T15:33:31,listed,car/14881172/toyota/landcruiser/vic/heidelberg/suv,96777.0,,,2018,Toyota,Landcruiser,Lc200 Vx (4X4),Wagon,97410,Automatic,2026-04-30,Diesel,VIC
2026-01-25T15:33:31,listed,car/14810650/toyota/crown/vic/cranbourne-west/limousine,17490.0,,,2006,Toyota,Crown,,Sedan,51800,Automatic,,Premium,VIC
2026-01-25T15:33:31,listed,car/14869920/toyota/landcruiser-prado/vic/airport-west/suv,74888.0,,,2021,Toyota,Landcruiser Prado,Vx,Wagon,42000,Automatic,,Diesel,VIC
2026-01-25T15:33:31,listed,car/14673644/toyota/yaris/vic/oakleigh-south/hatchback,14490.0,,,2014,Toyota,Yaris,Ascent,Hatchback,107171,Automatic,2025-09-27,Unleaded,VIC
2026-01-25T15:33:31,listed,car/14832915/toyota/corolla/vic/coburg-north/hatchback,17990.0,,,2014,Toyota,Corolla,Ascent Sport,Hatchback,109803,Manual,,Unleaded,VIC
2026-01-25T15:33:31,listed,car/14858042/toyota/landcruiser-prado/vic/laverton-north/suv,31999.0,,,2015,Toyota,Landcruiser Prado,Gxl (4X4),Wagon,266000,Automatic,2025-12-23,Diesel,VIC
2026-01-25T15:33:31,listed,car/14552474/toyota/prius-c/vic/cranbourne-west/hatchback,16999.0,,,2016,Toyota,Prius-C,Hybrid,Hatchback,115428,Automatic,2025-08-15,Hybrid,VIC
2026-01-25T15:33:31,listed,car/14841834/toyota/corolla/vic/sunshine/sedan,15999.0,,,2016,Toyota,Corolla,Ascent,Sedan,148160,Automatic,2026-02-18,Unleaded,VIC
2026-01-25T15:33:31,listed,car/14907942/toyota/echo/vic/brighton/hatchback,7990.0,,,2003,Toyota,Echo,,Hatchback,228622,Automatic,2026-04-29,Unleaded,VIC
2026-01-25T15:33:31,listed,car/14718623/toyota/corolla-cross/vic/laverton-north/suv,32199.0,,,2023,Toyota,Corolla Cross,Gx 2Wd,Wagon,27174,Automatic,,Unleaded,VIC
2026-01-25T15:33:31,listed,car/14916697/toyota/hilux/vic/derrimut/dual-cab,14990.0,,,2006,Toyota,Hilux,Sr5 (4X4),Dual Cab Pick-up,379226,Manual,2026-04-13,Diesel,VIC
2026-01-25T15:33:31,listed,car/14869311/toyota/kluger/vic/coburg-north/suv,32990.0,,,2016,Toyota,Kluger,Grande (4X4),Wagon,135410,Automatic,,Unleaded,VIC
2026-01-25T15:33:31,listed,car/14137939/toyota/hiace/vic/coburg-north/people-mover,59990.0,,,2019,Toyota,HiAce,Commuter (12 Seats),Bus,75753,Automatic,,Diesel,VIC
2026-01-25T15:33:31,listed,car/14850046/toyota/prius/vic/laverton-north/hatchback,9499.0,,,2007,Toyota,Prius,Hybrid,Hatchback,137000,Automatic,2026-06-30,Hybrid,VIC
2026-01-25T15:33:31,listed,car/14911198/toyota/corolla/vic/elsternwick/hatchback,31990.0,,,2023,Toyota,Corolla,Ascent Sport Hybrid,Hatchback,57588,Automatic,,Hybrid,VIC
2026-01-25T15:33:31,listed,car/14819729/toyota/hiace/vic/fawkner/van,29997.0,,,2016,Toyota,HiAce,Lwb,Van,188311,Automatic,2026-06-08,Diesel,VIC
2026-01-25T15:33:31,listed,car/14812953/toyota/camry/vic/heidelberg/sedan,29777.0,,,2019,Toyota,Camry,Ascent Sport (Hybrid),Sedan,73874,Automatic,2026-08-26,Hybrid,VIC
2026-01-25T15:33:31,listed,car/14754099/toyota/hilux/vic/ringwood/dual-cab,25990.0,,,2018,Toyota,Hilux,Workmate,Dual Cab Utility,166705,Automatic,2026-05-25,Unleaded,VIC
2026-01-25T15:33:31,listed,car/14814347/toyota/aurion/vic/laverton-north/sedan,21295.0,,,2017,Toyota,Aurion,Presara,Sedan,84868,Automatic,,Unleaded,VIC
2026-01-25T15:33:31,listed,car/14907924/toyota/aurion/vic/coburg-north/sedan,14990.0,,,2013,Toyota,Aurion,Prodigy,Sedan,129667,Automatic,2026-10-23,Unleaded,VIC
2026-01-25T15:33:31,listed,car/14729527/toyota/yaris/vic/werribee/sedan,9999.0,,,2009,Toyota,Yaris,Yrs,Sedan,176022,Automatic,2025-10-22,Unleaded,VIC
2026-01-25T15:33:31,listed,car/14864690/toyota/camry/vic/moorabbin/sedan,8999.0,,,2013,Toyota,Camry,Altise,Sedan,291000,Automatic,,Unleaded,VIC
2026-01-25T15:33:31,listed,car/14832835/toyota/hilux/vic/camberwell/single-cab,22888.0,,,2020,Toyota,Hilux,Workmate,Cab Chassis,112235,Manual,2026-04-08,Unleaded,VIC
2026-01-25T15:33:31,listed,car/14681554/toyota/prius/vic/werribee/hatchback,13591.0,,,2008,Toyota,Prius,Hybrid,Hatchback,109418,Automatic,2026-06-23,Hybrid,VIC
2026-01-25T15:33:31,listed,car/14778710/toyota/hilux/vic/deer-park/dual-cab,58888.0,,,2022,Toyota,Hilux,Rogue (4X4),Double Cab Pick Up,68698,Automatic,2026-06-24,Diesel,VIC
2026-01-25T15:33:31,listed,car/14752089/toyota/landcruiser/vic/officer/single-cab,39975.0,,,2011,Toyota,Landcruiser,Workmate (4X4),Cab Chassis,325594,Manual,2026-01-15,Diesel,VIC
2026-01-25T15:33:31,listed,car/14822289/toyota/hiace/vic/ravenhall/van,15999.0,,,2005,Toyota,HiAce,Lwb,Van,218391,Automatic,2026-04-07,Diesel,VIC
2026-01-25T15:33:31,listed,car/14607430/toyota/camry/vic/melton/sedan,35999.0,,,2022,Toyota,Camry,Ascent + Sat Nav Hybrid,Sedan,62987,Automatic,,Hybrid,VIC
2026-01-25T15:33:31,listed,car/14891696/toyota/aurion/vic/nunawading/sedan,12990.0,,,2010,Toyota,Aurion,Touring Se,Sedan,161727,Automatic,2026-01-15,Unleaded,VIC
2026-01-25T15:33:31,listed,car/14902597/toyota/camry/vic/fawkner/sedan,10997.0,,,2009,Toyota,Camry,Ateva,Sedan,162799,Automatic,2026-11-30,Unleaded,VIC
2026-01-25T15:33:31,listed,car/14392907/toyota/corolla/vic/ringwood/hatchback,4990.0,,,2007,Toyota,Corolla,Ascent,Hatchback,242510,Manual,2025-06-27,Unleaded,VIC
2026-01-25T15:33:31,listed,car/14878066/toyota/landcruiser/vic/blackburn/suv,125990.0,,,2023,Toyota,Landcruiser,Lc300 Vx (4X4),Wagon,36969,Automatic,2026-09-13,Diesel,VIC
2026-01-25T15:33:31,listed,car/14791034/toyota/corolla/vic/fawkner/limousine,23490.0,,,2020,Toyota,Corolla,HYBRID ZWE214,Sedan,74642,Automatic,,Hybrid,VIC
2026-01-25T15:33:31,listed,car/14911415/toyota/fortuner/vic/deer-park/suv,42888.0,,,2018,Toyota,Fortuner,Crusade,Wagon,125214,Automatic,2026-02-15,Diesel,VIC
2026-01-25T15:33:31,listed,car/14824907/toyota/corolla/vic/altona-north/sedan,9999.0,,,2010,Toyota,Corolla,Ascent,Sedan,194676,Automatic,2026-04-29,Unleaded,VIC
2026-01-25T15:33:31,listed,car/14758784/toyota/hilux/vic/berwick/single-cab,27999.0,,,2020,Toyota,Hilux,Workmate,Cab Chassis,55554,Automatic,,Unleaded,VIC
2026-01-25T15:33:31,listed,car/14889215/toyota/hilux/vic/heidelberg/single-cab,26777.0,,,2020,Toyota,Hilux,Workmate,Cab Chassis,90989,Automatic,2026-03-21,Unleaded,VIC
2026-01-25T15:33:31,listed,car/14870409/toyota/landcruiser/vic/camberwell/suv,114990.0,,,2019,Toyota,Landcruiser,Lc200 Sahara (4X4),Wagon,78477,Automatic,2026-07-08,Diesel,VIC
2026-01-25T15:33:31,listed,car/14384846/toyota/hilux/vic/brighton/single-cab,33915.0,,,2019,Toyota,Hilux,Sr (4X4),Cab Chassis,115777,Manual,2026-04-17,Diesel,VIC
2026-01-25T15:33:31,listed,car/14913353/toyota/aurion/vic/brooklyn/sedan,8999.0,,,2011,Toyota,Aurion,Touring Se,Sedan,290980,Automatic,,Unleaded,VIC
2026-01-25T15:33:31,listed,car/14889108/toyota/rav4/vic/fawkner/suv,29997.0,,,2018,Toyota,RAV4,Cruiser (4X4),Wagon,134339,Automatic,2026-04-30,Unleaded,VIC
2026-01-25T15:33:31,listed,car/13224807/toyota/86/vic/ringwood/sportscar,28178.0,,,2015,Toyota,86,BLACKLINE EDITION,Coupe,137636,Manual,2025-04-20,Other,VIC
2026-01-25T15:33:31,listed,car/14798027/toyota/kluger/vic/essendon-fields/suv,50888.0,,,2023,Toyota,Kluger,Gx Hybrid Awd,Wagon,44591,Automatic,2026-06-13,Hybrid,VIC
2026-01-25T15:33:31,listed,car/14509347/toyota/hiace/vic/coburg-north/people-mover,55990.0,,,2017,Toyota,HiAce,Commuter,Bus,80206,Automatic,,Diesel,VIC
2026-01-25T15:33:31,listed,car/14913333/toyota/corolla/vic/oakleigh/hatchback,35888.0,,,2025,Toyota,Corolla,Ascent Sport Hybrid,Hatchback,28900,Automatic,,Hybrid,VIC
2026-01-25T15:33:31,listed,car/14651157/toyota/hiace/vic/elsternwick/people-mover,59990.0,,,2020,Toyota,HiAce,Slwb Commuter (12 Seats),Bus,37042,Automatic,,Diesel,VIC
2026-01-25T15:33:31,listed,car/14858060/toyota/landcruiser/vic/bentleigh/dual-cab,93390.0,,,2021,Toyota,Landcruiser,Workmate,Double Cab Chassis,36844,Manual,2026-09-26,Diesel,VIC
2026-01-25T15:33:31,listed,car/14916503/toyota/rav4/vic/laverton-north/suv,30895.0,,,2020,Toyota,RAV4,Gx (2Wd),Wagon,49662,Automatic,,Unleaded,VIC
2026-01-25T15:33:31,listed,car/14756785/toyota/corolla/vic/ringwood/hatchback,19999.0,,,2014,Toyota,Corolla,Ascent,Hatchback,97101,Automatic,2026-07-14,Unleaded,VIC
2026-01-25T15:33:31,listed,car/14786903/toyota/aurion/vic/murrumbeena/sedan,10990.0,,,2013,Toyota,Aurion,Prodigy,Sedan,212069,Automatic,,Unleaded,VIC
2026-01-25T15:33:31,listed,car/14913058/toyota/corolla/vic/cheltenham/sedan,24990.0,,,2022,Toyota,Corolla,Ascent Sport Hybrid,Sedan,97548,Automatic,,Hybrid,VIC
2026-01-25T15:33:31,listed,car/14894261/toyota/corolla/vic/coburg-north/sedan,30390.0,,,2022,Toyota,Corolla,Ascent Sport Hybrid,Sedan,33250,Automatic,,Hybrid,VIC
2026-01-25T15:33:31,listed,car/14690988/toyota/corolla/vic/ringwood/hatchback,28499.0,,,2019,Toyota,Corolla,Zr,Hatchback,30040,Automatic,2026-06-26,Unleaded,VIC
2026-01-25T15:33:31,listed,car/14910627/toyota/rav4/vic/oakleigh/suv,64888.0,,,2025,Toyota,RAV4,Edge (Awd) Hybrid,Wagon,4950,Automatic,,Hybrid,VIC
2026-01-25T15:33:31,listed,car/14782951/toyota/c-hr/vic/essendon-fields/suv,26350.0,,,2019,Toyota,C-HR,(2Wd),Wagon,41315,Automatic,2026-02-14,Premium,VIC
2026-01-25T15:33:31,listed,car/14672526/toyota/kluger/vic/melton/suv,34999.0,,,2018,Toyota,Kluger,Gx (4X4),Wagon,84655,Automatic,2026-06-29,Unleaded,VIC
2026-01-25T15:33:31,listed,car/14872202/toyota/corolla/vic/essendon-fields/hatchback,36490.0,,,2025,Toyota,Corolla,Ascent Sport Hybrid,Hatchback,16069,Automatic,2026-03-19,Hybrid,VIC
2026-01-25T15:33:31,listed,car/14911617/toyota/gr86/vic/camberwell/coupe,48990.0,,,2024,Toyota,GR86,Gts,Coupe,16620,Automatic,2026-07-12,Premium,VIC
2026-01-25T15:33:31,listed,car/14684383/toyota/corolla/vic/laverton-north/hatchback,37990.0,,,2023,Toyota,Corolla,Zr Hybrid,Hatchback,8136,Automatic,,Hybrid,VIC
2026-01-25T15:33:31,listed,car/14894529/toyota/kluger/vic/burwood/suv,38600.0,,,2019,Toyota,Kluger,Gx (4X2),Wagon,38103,Automatic,2026-03-03,Unleaded,VIC
2026-01-25T15:33:31,listed,car/14778128/toyota/gr86/vic/heidelberg/coupe,49777.0,,,2024,Toyota,GR86,Gts,Coupe,12362,Automatic,2026-03-05,Premium,VIC
2026-01-25T15:33:31,listed,car/14576958/toyota/camry/vic/bundoora/sedan,33444.0,,,2023,Toyota,Camry,Ascent,Sedan,50833,Automatic,2025-11-29,Premium,VIC
2026-01-25T15:33:31,listed,car/14896567/toyota/kluger/vic/essendon-fields/suv,55990.0,,,2022,Toyota,Kluger,Grande 2Wd,Wagon,50291,Automatic,2026-04-28,Premium,VIC
2026-01-25T15:33:31,listed,car/14824866/toyota/hilux/vic/camberwell/dual-cab,31490.0,,,2020,Toyota,Hilux,Workmate,Double Cab Pick Up,66783,Automatic,2026-07-28,Unleaded,VIC
2026-01-25T15:33:31,listed,car/14742248/toyota/corolla/vic/laverton-north/hatchback,28799.0,,,2024,Toyota,Corolla,Ascent Sport,Hatchback,15867,Automatic,,Unleaded,VIC
2026-01-25T15:33:31,listed,car/14871370/toyota/yaris/vic/laverton-north/hatchback,17990.0,,,2018,Toyota,Yaris,Ascent,Hatchback,54426,Automatic,,Unleaded,VIC
2026-01-25T15:33:31,listed,car/14872653/toyota/landcruiser-prado/vic/bundoora/suv,57300.0,,,2018,Toyota,Landcruiser Prado,Gxl (4X4),Wagon,79363,Automatic,2026-02-01,Diesel,VIC
2026-01-25T15:33:31,listed,car/14146077/toyota/landcruiser-prado/vic/ringwood/suv,12990.0,,,2007,Toyota,Landcruiser Prado,GX 4X4,SUV,389687,Manual,2025-06-23,Diesel,VIC
2026-01-25T15:33:31,listed,car/14858991/toyota/corolla-cross/vic/mentone/suv,53990.0,,,2024,Toyota,Corolla Cross,Atmos 2Wd Hybrid,Wagon,9946,Automatic,,Hybrid,VIC
2026-01-25T15:33:31,listed,car/14896634/toyota/camry/vic/laverton-north/sedan,20290.0,,,2017,Toyota,Camry,Rz S.E.,Sedan,85403,Automatic,,Unleaded,VIC
2026-01-25T15:33:31,listed,car/14839135/toyota/corolla/vic/bentleigh/hatchback,18990.0,,,2018,Toyota,Corolla,Ascent Sport,Hatchback,156125,Automatic,2026-10-12,Unleaded,VIC
2026-01-25T15:33:31,listed,car/14908791/toyota/crown/vic/fawkner/limousine,18990.0,,,2012,Toyota,Crown,ATHLETE GRS204,Sedan,84729,Automatic,,Unleaded,VIC
2026-01-25T15:33:31,listed,car/14682664/toyota/hiace/vic/coburg-north/van,42990.0,,,2021,Toyota,HiAce,Lwb (4 Door Option),Van,132232,Automatic,,Diesel,VIC
2026-01-25T15:33:31,listed,car/14912825/toyota/camry/vic/burwood/sedan,22975.0,,,2016,Toyota,Camry,Atara S,Sedan,79896,Automatic,2026-11-18,Unleaded,VIC
2026-01-25T15:33:31,listed,car/14760875/toyota/prius/vic/ringwood/hatchback,14899.0,,,2010,Toyota,Prius,I-Tech Hybrid,Hatchback,169274,Automatic,2026-04-29,Hybrid,VIC
2026-01-25T15:33:31,listed,car/14886180/toyota/hilux/vic/heidelberg/dual-cab,59777.0,,,2023,Toyota,Hilux,Sr5 Hi-Rider (4X2),Double Cab Pick Up,86,Automatic,2026-12-22,Diesel,VIC
2026-01-25T15:33:31,listed,car/14889937/toyota/camry/vic/altona-north/sedan,7499.0,,,2004,Toyota,Camry,Altise,Sedan,219773,Automatic,2026-05-18,Unleaded,VIC
2026-01-25T15:33:31,listed,car/14523197/toyota/camry/vic/altona-north/sedan,8999.0,,,2007,Toyota,Camry,Altise,Sedan,186073,Automatic,2026-03-29,Unleaded,VIC
2026-01-25T15:33:31,listed,car/14902270/toyota/gr86/vic/camberwell/coupe,47990.0,,,2024,Toyota,GR86,Gts,Coupe,7543,Automatic,2026-04-22,Premium,VIC
2026-01-25T15:33:31,listed,car/14794991/toyota/camry/vic/brooklyn/sedan,17999.0,,,2016,Toyota,Camry,Rz S.E.,Sedan,191000,Automatic,,Unleaded,VIC
2026-01-25T15:33:31,listed,car/14926277/toyota/rav4/vic/moorabbin/suv,5995.0,,,2006,Toyota,RAV4,Cv Sport,Wagon,318000,Automatic,,Unleaded,VIC
2026-01-25T15:33:31,listed,car/14896530/toyota/rav4/vic/preston/suv,26990.0,,,2017,Toyota,RAV4,Gx (2Wd),Wagon,80215,Automatic,2000-01-01,Unleaded,VIC
2026-01-25T15:33:31,listed,car/14890325/toyota/raize/vic/murrumbeena/suv,28888.0,,,2022,Toyota,Raize,Z (HYBRID) A202A,SUV,54831,Automatic,,Hybrid,VIC
2026-01-25T15:33:31,listed,car/14530949/toyota/hilux/vic/bayswater/single-cab,25990.0,,,2016,Toyota,Hilux,Sr (4X4),Cab Chassis,221191,Automatic,2026-03-22,Diesel,VIC
2026-01-25T15:33:31,listed,car/14911611/toyota/rav4/vic/camberwell/suv,59990.0,,,2024,Toyota,RAV4,Cruiser (2Wd) Hybrid,Wagon,14036,Automatic,2026-06-20,Hybrid,VIC
2026-01-25T15:33:31,listed,car/14899670/toyota/hilux/vic/coburg-north/single-cab,35990.0,,,2022,Toyota,Hilux,Workmate (4X2),Cab Chassis,45979,Automatic,,Unleaded,VIC
2026-01-25T15:33:31,listed,car/14759398/toyota/hilux/vic/berwick/extra-cab,51888.0,,,2021,Toyota,Hilux,Sr5 (4X4),X Cab Pickup,73256,Automatic,,Diesel,VIC
2026-01-25T15:33:31,listed,car/14864962/toyota/c-hr/vic/nunawading/suv,28990.0,,,2019,Toyota,C-HR,Koba (Awd),Hatchback,84339,Automatic,,Premium,VIC
2026-01-25T15:33:31,listed,car/14912319/toyota/hilux/vic/deer-park/dual-cab,51888.0,,,2022,Toyota,Hilux,Sr (4X4),Double Cab Chassis,83902,Automatic,,Diesel,VIC
2026-01-25T15:33:31,listed,car/14910232/toyota/kluger/vic/essendon-fields/suv,41690.0,,,2019,Toyota,Kluger,Grande (4X4),Wagon,51547,Automatic,2026-12-18,Unleaded,VIC
2026-01-25T15:33:31,listed,car/14489989/toyota/camry/vic/cranbourne-west/sedan,22999.0,,,2018,Toyota,Camry,Ascent,Sedan,96000,Automatic,,Unleaded,VIC
2026-01-25T15:33:31,listed,car/14838647/toyota/c-hr/vic/blackburn/suv,22890.0,,,2018,Toyota,C-HR,(2Wd),Wagon,91716,Automatic,2026-03-05,Premium,VIC
2026-01-25T15:33:31,listed,car/14852932/toyota/rav4/vic/deer-park/suv,60888.0,,,2023,Toyota,RAV4,Edge (Awd),Wagon,15917,Automatic,,Unleaded,VIC
2026-01-25T15:33:31,listed,car/14878494/toyota/corolla/vic/moorabbin/sedan,9995.0,,,2011,Toyota,Corolla,Ascent,Sedan,185000,Automatic,2026-03-16,Unleaded,VIC
2026-01-25T15:33:31,listed,car/14838618/toyota/rav4/vic/burwood/suv,34888.0,,,2020,Toyota,RAV4,Gx (2Wd),Wagon,26635,Automatic,2026-04-03,Unleaded,VIC
2026-01-25T15:33:31,listed,car/14853860/toyota/corolla/vic/nunawading/sedan,28990.0,,,2021,Toyota,Corolla,Ascent Sport (Hybrid),Sedan,48972,Automatic,,Hybrid,VIC
2026-01-25T15:33:31,listed,car/14761847/toyota/rav4/vic/elsternwick/suv,37990.0,,,2021,Toyota,RAV4,Gxl (2Wd) Hybrid,Wagon,124607,Automatic,,Hybrid,VIC
2026-01-25T15:33:31,listed,car/14791024/toyota/sienta/vic/fawkner/suv,16990.0,,,2016,Toyota,Sienta,(HYBRID) NHP170 7 SEATER,SUV,105146,Automatic,,Hybrid,VIC
2026-01-25T15:33:31,listed,car/14818781/toyota/sienta/vic/campbellfield/estatecar,28500.0,,,2010,Toyota,Sienta,,Wagon,117495,Automatic,,Premium,VIC
2026-01-25T15:33:31,listed,car/14632748/toyota/camry/vic/ringwood/sedan,19999.0,,,2016,Toyota,Camry,Atara S,Sedan,91535,Automatic,2026-01-25,Unleaded,VIC
2026-01-25T15:33:31,listed,car/14865299/toyota/landcruiser/vic/airport-west/suv,138888.0,,,2023,Toyota,Landcruiser,Lc300 Sahara Zx (4X4),Wagon,64777,Automatic,2026-01-10,Diesel,VIC
2026-01-25T15:33:31,listed,car/14849360/toyota/yaris/vic/burwood/hatchback,16725.0,,,2016,Toyota,Yaris,Ascent,Hatchback,49768,Manual,2026-03-06,Unleaded,VIC
2026-01-25T15:33:31,listed,car/13075970/toyota/aurion/vic/west-footscray/sedan,10999.0,,,2010,Toyota,Aurion,Prodigy,Sedan,208284,Automatic,,Unleaded,VIC
2026-01-25T15:33:31,listed,car/14826792/toyota/camry/vic/coburg-north/sedan,24990.0,,,2018,Toyota,Camry,Ascent,Sedan,96254,Automatic,,Unleaded,VIC
2026-01-25T15:33:31,listed,car/14896021/toyota/hilux/vic/tullamarine/extra-cab,48990.0,,,2019,Toyota,Hilux,Sr5 (4X4),X Cab Pickup,166760,Automatic,2026-04-29,Diesel,VIC
2026-01-25T15:33:31,listed,car/14550086/toyota/aurion/vic/ringwood/sedan,10499.0,,,2014,Toyota,Aurion,At-X,Sedan,226590,Automatic,2026-04-15,Unleaded,VIC
2026-01-25T15:33:31,listed,car/14912904/toyota/corolla/vic/bundoora/sedan,30996.0,,,2024,Toyota,Corolla,Ascent Sport Hybrid,Sedan,52828,Automatic,,Hybrid,VIC
2026-01-25T15:33:31,listed,car/14924371/toyota/landcruiser-prado/vic/nunawading/suv,76990.0,,,2023,Toyota,Landcruiser Prado,Gxl,Wagon,20674,Automatic,,Diesel,VIC
2026-01-25T15:33:31,listed,car/14924210/toyota/crown/vic/fawkner/limousine,16990.0,,,2009,Toyota,Crown,MAJESTA URS206,Sedan,64500,Automatic,,Unleaded,VIC
2026-01-25T15:33:31,listed,car/14922258/toyota/crown/vic/epping/limousine,24290.0,,,2011,Toyota,Crown,A TYPE,Sedan,44162,Automatic,,Other,VIC
2026-01-25T15:33:31,listed,car/14421227/toyota/hiace/vic/coburg-north/people-mover,62990.0,,,2020,Toyota,HiAce,Slwb Commuter (12 Seats),Bus,86608,Automatic,,Diesel,VIC
2026-01-25T15:33:31,listed,car/14923341/toyota/corolla/vic/laverton-north/hatchback,31888.0,,,2024,Toyota,Corolla,Ascent Sport Hybrid,Hatchback,49305,Automatic,2026-04-27,Hybrid,VIC
2026-01-25T15:33:31,listed,car/14920671/toyota/corolla-cross/vic/oakleigh/suv,49888.0,,,2025,Toyota,Corolla Cross,Gxl Awd Hybrid,Wagon,39,Automatic,,Hybrid,VIC
2026-01-25T15:33:31,listed,car/14559152/toyota/camry/vic/melton/sedan,32999.0,,,2020,Toyota,Camry,Ascent Hybrid,Sedan,50907,Automatic,,Hybrid,VIC
2026-01-25T15:33:31,listed,car/14918518/toyota/corolla/vic/burwood/hatchback,31310.0,,,2024,Toyota,Corolla,Ascent Sport,Hatchback,8782,Automatic,2026-05-03,Unleaded,VIC
2026-01-25T15:33:31,listed,car/14919378/toyota/landcruiser-prado/vic/williamstown-north/suv,19999.0,,,2009,Toyota,Landcruiser Prado,Gxl (4X4),Wagon,298790,Automatic,2026-04-22,Diesel,VIC
2026-01-25T15:33:31,listed,car/14754624/toyota/corolla/vic/bayswater-north/hatchback,10999.0,,,2006,Toyota,Corolla,Ascent Seca,Hatchback,1348,Automatic,2026-03-21,Unleaded,VIC
2026-01-25T15:33:31,listed,car/14927751/toyota/landcruiser-prado/vic/camberwell/suv,77990.0,,,2021,Toyota,Landcruiser Prado,Kakadu,Wagon,72000,Automatic,2026-08-03,Diesel,VIC
2026-01-25T15:33:31,listed,car/14919133/toyota/aurion/vic/brooklyn/sedan,9999.0,,,2007,Toyota,Aurion,Sportivo Zr6,Sedan,243000,Automatic,,Unleaded,VIC
2026-01-25T15:33:31,listed,car/14602094/toyota/camry/vic/elsternwick/sedan,39950.0,,,2024,Toyota,Camry,Ascent,Sedan,24794,Automatic,,Premium,VIC
2026-01-25T15:33:31,listed,car/14927750/toyota/rav4/vic/camberwell/suv,38990.0,,,2023,Toyota,RAV4,Gx (2Wd),Wagon,47061,Automatic,,Unleaded,VIC
2026-01-25T15:33:31,listed,car/14928022/toyota/hilux/vic/tullamarine/dual-cab,49990.0,,,2020,Toyota,Hilux,Sr (4X4),Double Cab Pick Up,74121,Automatic,2026-03-25,Diesel,VIC
2026-01-25T15:33:31,listed,car/14511077/toyota/c-hr/vic/cranbourne-west/estatecar,26990.0,,,2018,Toyota,C-HR,,Wagon,81739,Automatic,,Hybrid,VIC
2026-01-25T15:33:31,listed,car/14918157/toyota/yaris-cross/vic/nunawading/suv,32990.0,,,2021,Toyota,Yaris Cross,Urban Cross,Wagon,25009,Automatic,2026-04-04,Unleaded,VIC
2026-01-25T15:33:31,listed,car/14918159/toyota/yaris-cross/vic/nunawading/suv,32990.0,,,2021,Toyota,Yaris Cross,Urban Cross,Wagon,25009,Automatic,2026-04-04,Unleaded,VIC
2026-01-25T15:33:31,listed,car/14711735/toyota/c-hr/vic/elsternwick/suv,23777.0,,,2019,Toyota,C-HR,Koba (Awd),Hatchback,105866,Automatic,,Premium,VIC
2026-01-25T15:33:31,listed,car/14886261/toyota/hilux/vic/burwood/dual-cab,44855.0,,,2018,Toyota,Hilux,Sr5 (4X4),Dual Cab Utility,108600,Automatic,2026-04-16,Diesel,VIC
2026-01-25T15:33:31,listed,car/14888443/toyota/corolla/vic/essendon-fields/hatchback,33990.0,,,2021,Toyota,Corolla,Zr Hybrid,Hatchback,55985,Automatic,2026-04-08,Hybrid,VIC
2026-01-25T15:33:31,listed,car/14818962/toyota/voxy/vic/campbellfield/estatecar,48500.0,,,2015,Toyota,Voxy,,Wagon,100123,Automatic,,Premium,VIC
2026-01-25T15:33:31,listed,car/14917007/toyota/yaris/vic/nunawading/hatchback,19990.0,,,2018,Toyota,Yaris,Ascent,Hatchback,46259,Automatic,,Unleaded,VIC
2026-01-25T15:33:31,listed,car/14820969/toyota/camry/vic/laverton-north/sedan,27399.0,,,2019,Toyota,Camry,Ascent Sport,Sedan,34268,Automatic,,Unleaded,VIC
2026-01-25T15:33:31,listed,car/14838863/toyota/corolla/vic/bundoora/hatchback,30444.0,,,2024,Toyota,Corolla,Ascent Sport Hybrid,Hatchback,52230,Automatic,,Hybrid,VIC
2026-01-25T15:33:31,listed,car/14806818/toyota/rav4/vic/mentone/suv,49990.0,,,2022,Toyota,RAV4,Cruiser (2Wd) Hybrid,Wagon,56890,Automatic,,Hybrid,VIC
2026-01-25T15:33:31,listed,car/14837146/toyota/prius/vic/camberwell/hatchback,37888.0,,,2021,Toyota,Prius,I-Tech (Hybrid),Hatchback,23040,Automatic,,Hybrid,VIC
2026-01-25T15:33:31,listed,car/14854841/toyota/rav4/vic/laverton-north/suv,26290.0,,,2018,Toyota,RAV4,Gxl (2Wd),Wagon,72125,Automatic,,Unleaded,VIC
2026-01-25T15:33:31,listed,car/14909123/toyota/corolla/vic/thomastown/hatchback,25980.0,,,2021,Toyota,Corolla,Zr,Hatchback,86262,Automatic,2026-01-16,Unleaded,VIC
2026-01-25T15:33:31,listed,car/14681350/toyota/hilux/vic/tullamarine/extra-cab,47990.0,,,2016,Toyota,Hilux,Sr5 (4X4),X Cab Utility,99383,Manual,2025-12-21,Diesel,VIC
2026-01-25T15:33:31,listed,car/14913448/toyota/yaris/vic/nunawading/hatchback,31990.0,,,2025,Toyota,Yaris,Ascent Sport Hybrid,Hatchback,148,Automatic,,Hybrid,VIC
2026-01-25T15:33:31,listed,car/14591717/toyota/vellfire/vic/bentleigh/othercar,55990.0,,,2015,Toyota,Vellfire,EXECUTIVE LOUNGE HYBRID 4WD,OtherCar,60522,Automatic,2026-01-20,Other,VIC
2026-01-25T15:33:31,listed,car/14896698/toyota/camry/vic/laverton-north/sedan,34590.0,,,2020,Toyota,Camry,Sl,Sedan,50600,Automatic,,Unleaded,VIC
2026-01-25T15:33:31,listed,car/14770175/toyota/rav4/vic/mentone/suv,61990.0,,,2024,Toyota,RAV4,Cruiser (Awd) Hybrid,Wagon,10877,Automatic,,Hybrid,VIC
2026-01-25T15:33:31,listed,car/14734442/toyota/corolla/vic/ringwood/hatchback,25990.0,,,2018,Toyota,Corolla,Ascent Sport (Hybrid),Hatchback,37543,Automatic,2026-02-07,Hybrid,VIC
2026-01-25T15:33:31,listed,car/14854916/toyota/prius-c/vic/laverton-north/hatchback,11999.0,,,2012,Toyota,Prius C,Hybrid,Hatchback,180000,Automatic,2026-02-23,Hybrid,VIC
2026-01-25T15:33:31,listed,car/14911608/toyota/hilux/vic/camberwell/dual-cab,56990.0,,,2023,Toyota,Hilux,Sr5 Hi-Rider (4X2),Double Cab Pick Up,10568,Automatic,,Diesel,VIC
2026-01-25T15:33:31,listed,car/14670445/toyota/corolla/vic/elsternwick/hatchback,28777.0,,,2022,Toyota,Corolla,Ascent Sport Hybrid,Hatchback,73871,Automatic,,Hybrid,VIC
2026-01-25T15:33:31,listed,car/14837303/toyota/hilux/vic/bentleigh/dual-cab,48990.0,,,2020,Toyota,Hilux,Sr5+ (4X4),Double Cab Pick Up,119492,Manual,2026-01-29,Diesel,VIC
2026-01-25T15:33:31,listed,car/14908334/toyota/rav4/vic/essendon-fields/suv,51990.0,,,2023,Toyota,RAV4,Edge (Awd),Wagon,86024,Automatic,2026-02-20,Unleaded,VIC
2026-01-25T15:33:31,listed,car/14858229/toyota/corolla/vic/bundoora/hatchback,30444.0,,,2024,Toyota,Corolla,Ascent Sport Hybrid,Hatchback,51586,Automatic,,Hybrid,VIC
2026-01-25T15:33:31,listed,car/14876531/toyota/rav4/vic/nunawading/suv,50990.0,,,2024,Toyota,RAV4,Gxl (2Wd) Hybrid,Wagon,17785,Automatic,,Hybrid,VIC
2026-01-25T15:33:31,listed,car/14847718/toyota/fortuner/vic/heidelberg/suv,54777.0,,,2023,Toyota,Fortuner,Gxl,Wagon,42189,Automatic,2026-06-11,Diesel,VIC
2026-01-25T15:33:31,listed,car/14913337/toyota/yaris/vic/oakleigh/hatchback,32888.0,,,2024,Toyota,Yaris,Ascent Sport Hybrid,Hatchback,3596,Automatic,,Hybrid,VIC
2026-01-25T15:33:31,listed,car/14881174/toyota/landcruiser/vic/heidelberg/suv,104777.0,,,2023,Toyota,Landcruiser,Lc300 Gxl (4X4),Wagon,64939,Automatic,2026-06-22,Diesel,VIC
2026-01-25T15:33:31,listed,car/14876095/toyota/corolla/vic/airport-west/hatchback,28688.0,,,2022,Toyota,Corolla,Ascent Sport Hybrid,Hatchback,64010,Automatic,,Hybrid,VIC
2026-01-25T15:33:31,listed,car/14899395/toyota/camry/vic/nunawading/sedan,34990.0,,,2021,Toyota,Camry,Ascent,Sedan,36399,Automatic,,Premium,VIC
2026-01-25T15:33:31,listed,car/14853863/toyota/corolla/vic/nunawading/hatchback,30990.0,,,2021,Toyota,Corolla,Ascent Sport Hybrid,Hatchback,37700,Automatic,,Hybrid,VIC
2026-01-25T15:33:31,listed,car/14844546/toyota/hilux/vic/coburg-north/dual-cab,26990.0,,,2019,Toyota,Hilux,Workmate,Double Cab Pick Up,151141,Automatic,,Unleaded,VIC
2026-01-25T15:33:31,listed,car/14887578/toyota/camry/vic/heidelberg/sedan,29777.0,,,2019,Toyota,Camry,Ascent,Sedan,86220,Automatic,2026-05-08,Unleaded,VIC
2026-01-25T15:33:31,listed,car/14834238/toyota/corolla/vic/deer-park/sedan,27888.0,,,2022,Toyota,Corolla,Ascent Sport Hybrid,Sedan,92297,Automatic,,Hybrid,VIC
2026-01-25T15:33:31,listed,car/14897642/toyota/kluger/vic/heidelberg/suv,61777.0,,,2022,Toyota,Kluger,Grande Hybrid Awd,Wagon,65620,Automatic,2026-11-04,Hybrid,VIC
2026-01-25T15:33:31,listed,car/14897214/toyota/rav4/vic/essendon-fields/suv,38990.0,,,2020,Toyota,RAV4,Gxl 2Wd Hybrid,Wagon,69085,Automatic,2026-04-22,Hybrid,VIC
2026-01-25T15:33:31,listed,car/14846531/toyota/corolla/vic/camberwell/hatchback,30490.0,,,2024,Toyota,Corolla,Ascent Sport Hybrid,Hatchback,49535,Automatic,,Hybrid,VIC
2026-01-25T15:33:31,listed,car/14887527/toyota/rav4/vic/airport-west/suv,41788.0,,,2020,Toyota,RAV4,Gx Awd Hybrid,Wagon,35256,Automatic,2026-08-29,Hybrid,VIC
2026-01-25T15:33:31,listed,car/14778130/toyota/yaris-cross/vic/heidelberg/suv,37777.0,,,2024,Toyota,Yaris Cross,Gx Hybrid (Awd),Wagon,18834,Automatic,2026-04-28,Hybrid,VIC
2026-01-25T15:33:31,listed,car/14870411/toyota/rav4/vic/camberwell/suv,35990.0,,,2021,Toyota,RAV4,Gxl (2Wd),Wagon,78637,Automatic,,Unleaded,VIC
2026-01-25T15:33:31,listed,car/14916389/toyota/corolla/vic/mentone/sedan,16990.0,,,2019,Toyota,Corolla,Sx,Sedan,195106,Automatic,,Unleaded,VIC
2026-01-25T15:33:31,listed,car/14892667/toyota/hiace/vic/deer-park/van,51888.0,,,2022,Toyota,HiAce,Slwb,Van,121966,Automatic,2026-04-06,Diesel,VIC
2026-01-25T15:33:31,listed,car/14879077/toyota/camry/vic/airport-west/sedan,34998.0,,,2023,Toyota,Camry,Ascent,Sedan,52910,Automatic,2026-02-28,Premium,VIC
2026-01-25T15:33:31,listed,car/14913605/toyota/corolla/vic/nunawading/hatchback,26990.0,,,2019,Toyota,Corolla,Ascent Sport,Hatchback,36266,Automatic,,Unleaded,VIC
2026-01-25T15:33:31,listed,car/14772962/toyota/fortuner/vic/laverton-north/suv,46299.0,,,2023,Toyota,Fortuner,Gx,Wagon,55134,Automatic,,Diesel,VIC
2026-01-25T15:33:31,listed,car/14847316/toyota/rav4/vic/nunawading/suv,42990.0,,,2021,Toyota,RAV4,Gx (2Wd) Hybrid,Wagon,47627,Automatic,,Hybrid,VIC
2026-01-25T15:33:31,listed,car/14916090/toyota/kluger/vic/oakleigh/suv,57788.0,,,2022,Toyota,Kluger,Grande Hybrid Awd,Wagon,95834,Automatic,,Hybrid,VIC
2026-01-25T15:33:31,listed,car/14800718/toyota/corolla/vic/nunawading/hatchback,29990.0,,,2021,Toyota,Corolla,Ascent Sport Hybrid,Hatchback,31739,Automatic,2026-09-13,Hybrid,VIC
2026-01-25T15:33:31,listed,car/14832832/toyota/rav4/vic/camberwell/suv,44490.0,,,2021,Toyota,RAV4,Gxl (2Wd) Hybrid,Wagon,15005,Automatic,,Hybrid,VIC
2026-01-25T15:33:31,listed,car/14847094/toyota/kluger/vic/camberwell/suv,59790.0,,,2024,Toyota,Kluger,Gx Hybrid Awd,Wagon,19111,Automatic,,Hybrid,VIC
2026-01-25T15:33:31,listed,car/14916246/toyota/rav4/vic/heidelberg/suv,31777.0,,,2018,Toyota,RAV4,Gx (4X4),Wagon,20168,Automatic,2026-07-20,Unleaded,VIC
2026-01-25T15:33:31,listed,car/14844022/toyota/camry/vic/deer-park/sedan,37888.0,,,2023,Toyota,Camry,Ascent,Sedan,78472,Automatic,2025-12-07,Premium,VIC
2026-01-25T15:33:31,listed,car/14911616/toyota/rav4/vic/camberwell/suv,43990.0,,,2022,Toyota,RAV4,Gxl (2Wd) Hybrid,Wagon,56839,Automatic,2026-07-14,Hybrid,VIC
2026-01-25T15:33:31,listed,car/14840802/toyota/kluger/vic/deer-park/suv,45888.0,,,2022,Toyota,Kluger,Gx 2Wd,Wagon,24591,Automatic,,Premium,VIC
2026-01-25T15:33:31,listed,car/14910631/toyota/camry/vic/oakleigh/sedan,33888.0,,,2022,Toyota,Camry,Ascent,Sedan,45318,Automatic,,Premium,VIC
2026-01-25T15:33:31,listed,car/14909031/toyota/hilux/vic/essendon-fields/dual-cab,58549.0,,,2022,Toyota,Hilux,Rugged X (4X4),Double Cab Pick Up,99000,Automatic,2026-02-28,Diesel,VIC
2026-01-25T15:33:31,listed,car/14871756/toyota/rav4/vic/essendon-fields/suv,38888.0,,,2021,Toyota,RAV4,Gxl (2Wd),Wagon,89996,Automatic,2026-03-23,Unleaded,VIC
2026-01-25T15:33:31,listed,car/14881816/toyota/c-hr/vic/nunawading/suv,36990.0,,,2022,Toyota,C-HR,Koba (2Wd),Wagon,39142,Automatic,,Premium,VIC
2026-01-25T15:33:31,listed,car/14899400/toyota/rav4/vic/nunawading/suv,39990.0,,,2020,Toyota,RAV4,Gx (Awd) Hybrid,Wagon,58723,Automatic,,Hybrid,VIC
2026-01-25T15:33:31,listed,car/14820931/toyota/corolla/vic/laverton-north/hatchback,25795.0,,,2019,Toyota,Corolla,Ascent Sport (Hybrid),Hatchback,28595,Automatic,,Hybrid,VIC
2026-01-25T15:33:31,listed,car/14913606/toyota/corolla/vic/nunawading/hatchback,32990.0,,,2022,Toyota,Corolla,Ascent Sport Hybrid,Hatchback,14627,Automatic,,Hybrid,VIC
2026-01-25T15:33:31,listed,car/14878017/toyota/rav4/vic/heidelberg/suv,40555.0,,,2021,Toyota,RAV4,Gx (Awd) Hybrid,Wagon,47761,Automatic,2026-06-22,Hybrid,VIC
2026-01-25T15:33:31,listed,car/14865272/toyota/camry/vic/laverton-north/sedan,27395.0,,,2022,Toyota,Camry,Ascent,Sedan,44565,Automatic,,Premium,VIC
2026-01-25T15:33:31,listed,car/14859792/toyota/kluger/vic/mentone/suv,52990.0,,,2022,Toyota,Kluger,Gx Hybrid Awd,Wagon,51399,Automatic,,Hybrid,VIC
2026-01-25T15:33:31,listed,car/14769241/toyota/rav4/vic/nunawading/suv,36450.0,,,2021,Toyota,RAV4,Gx (2Wd) Hybrid,Wagon,83469,Automatic,2026-01-14,Hybrid,VIC
2026-01-25T15:33:31,listed,car/14829485/toyota/camry/vic/nunawading/sedan,32450.0,,,2022,Toyota,Camry,Ascent,Sedan,66775,Automatic,,Premium,VIC
2026-01-25T15:33:31,listed,car/14877723/toyota/yaris-cross/vic/mentone/suv,38990.0,,,2025,Toyota,Yaris Cross,GX,SUV,6446,,,Hybrid,VIC
2026-01-25T15:33:31,listed,car/14840800/toyota/corolla/vic/deer-park/hatchback,23888.0,,,2020,Toyota,Corolla,Ascent Sport Hybrid,Hatchback,139627,Automatic,,Hybrid,VIC
2026-01-25T15:33:31,listed,car/14810060/toyota/rav4/vic/nunawading/suv,46990.0,,,2024,Toyota,RAV4,Gx (2Wd) Hybrid,Wagon,12846,Automatic,2026-03-17,Hybrid,VIC
2026-01-25T15:33:31,listed,car/14816365/toyota/camry/vic/nunawading/sedan,31990.0,,,2022,Toyota,Camry,Ascent,Sedan,81291,Automatic,2025-11-11,Premium,VIC
2026-01-25T15:33:31,listed,car/14802558/toyota/rav4/vic/camberwell/suv,42990.0,,,2021,Toyota,RAV4,Gxl (2Wd) Hybrid,Wagon,28727,Automatic,2026-06-04,Hybrid,VIC
2026-01-25T15:33:31,listed,car/14899391/toyota/camry/vic/nunawading/sedan,31990.0,,,2018,Toyota,Camry,Ascent,Sedan,32113,Automatic,,Unleaded,VIC
2026-01-25T15:33:31,listed,car/14841260/toyota/rav4/vic/mentone/suv,61990.0,,,2024,Toyota,RAV4,Cruiser (Awd) Hybrid,Wagon,8641,Automatic,,Hybrid,VIC
2026-01-25T15:33:31,listed,car/14913335/toyota/rav4/vic/oakleigh/suv,45888.0,,,2021,Toyota,RAV4,Gxl (2Wd) Hybrid,Wagon,23781,Automatic,,Hybrid,VIC
2026-01-25T15:33:31,listed,car/14913869/toyota/corolla/vic/mentone/hatchback,12990.0,,,2011,Toyota,Corolla,Ascent Sport,Hatchback,160112,Automatic,,Unleaded,VIC
2026-01-25T15:33:31,listed,car/14806819/toyota/rav4/vic/mentone/suv,39990.0,,,2021,Toyota,RAV4,Gx (Awd) Hybrid,Wagon,65509,Automatic,,Hybrid,VIC
2026-01-25T15:33:31,listed,car/14913338/toyota/corolla/vic/oakleigh/hatchback,31777.0,,,2022,Toyota,Corolla,Ascent Sport Hybrid,Hatchback,32880,Automatic,,Hybrid,VIC
2026-01-25T15:33:31,listed,car/14849041/toyota/hilux/vic/coburg-north/dual-cab,36990.0,,,2019,Toyota,Hilux,Sr Hi-Rider,Double Cab Pick Up,167155,Automatic,,Diesel,VIC
2026-01-25T15:33:31,listed,car/14855619/toyota/rav4/vic/nunawading/suv,39990.0,,,2022,Toyota,RAV4,Gx (2Wd),Wagon,8472,Automatic,2026-12-28,Unleaded,VIC
2026-01-25T15:33:31,listed,car/14847721/toyota/camry/vic/heidelberg/sedan,32777.0,,,2021,Toyota,Camry,Ascent,Sedan,46249,Automatic,2026-06-11,Unleaded,VIC
2026-01-25T15:33:31,listed,car/14846529/toyota/yaris-cross/vic/camberwell/suv,37490.0,,,2024,Toyota,Yaris Cross,Gxl Hybrid,Wagon,17213,Automatic,2026-04-08,Hybrid,VIC
2026-01-25T15:33:31,listed,car/14910628/toyota/corolla/vic/oakleigh/hatchback,32888.0,,,2022,Toyota,Corolla,Ascent Sport Hybrid,Hatchback,29208,Automatic,,Hybrid,VIC
2026-01-25T15:33:31,listed,car/14839690/toyota/kluger/vic/dandenong/suv,28888.0,,,2016,Toyota,Kluger,Grande (4X4),Wagon,102547,Automatic,2026-03-11,Unleaded,VIC
2026-01-25T15:33:31,listed,car/14782160/toyota/crown/vic/dandenong/sedan,14990.0,,,2009,Toyota,Crown,Majesta (Hybrid),Sedan,110100,,,,VIC
2026-01-25T15:33:31,listed,car/14890461/toyota/hiace/vic/bayswater-north/van,21999.0,,,2014,Toyota,HiAce,Lwb,Van,284718,Automatic,2026-09-01,Diesel,VIC
2026-01-25T15:33:31,listed,car/14907686/toyota/camry/vic/hoppers-crossing/limousine,7999.0,,,2013,Toyota,Camry,ATARA SX,Sedan,317095,Automatic,2026-04-17,Unleaded,VIC
2026-01-25T15:33:31,listed,car/14830911/toyota/yaris/vic/hoppers-crossing/hatchback,5999.0,,,2007,Toyota,Yaris,Yr,Hatchback,221652,Automatic,2026-02-19,Unleaded,VIC
2026-01-25T15:33:31,listed,car/14803230/toyota/estima/vic/point-cook/van,15995.0,,,2011,Toyota,Estima,X,Commercial,96161,Automatic,,Unleaded,VIC
2026-01-25T15:33:31,listed,car/14792257/toyota/landcruiser/vic/ringwood/suv,42000.0,,,2003,Toyota,Landcruiser,Gxl (4X4),Wagon,392000,Automatic,,Diesel,VIC
2026-01-25T15:33:31,listed,car/14848026/toyota/corolla/vic/hoppers-crossing/limousine,21999.0,,,2020,Toyota,Corolla,ASCENT SPORT HYBRID,Sedan,105653,Automatic,2026-03-10,Unleaded,VIC
2026-01-25T15:33:31,listed,car/14828152/toyota/c-hr/vic/springvale/suv,19999.0,,,2017,Toyota,C-HR,(2Wd),Wagon,138000,Automatic,2026-01-26,Premium,VIC
2026-01-25T15:33:31,listed,car/14912938/toyota/kluger/vic/dingley-village/suv,9990.0,,,2008,Toyota,Kluger,Kx-S (4X4),Wagon,257105,Automatic,2026-09-13,Unleaded,VIC
2026-01-25T15:33:31,listed,car/14897994/toyota/yaris/vic/dandenong/hatchback,9888.0,,,2013,Toyota,Yaris,Yr,Hatchback,108325,Automatic,2026-02-14,Unleaded,VIC
2026-01-25T15:33:31,listed,car/14819113/toyota/voxy/vic/campbellfield/estatecar,58500.0,,,2017,Toyota,Voxy,,Wagon,60123,Automatic,,Premium,VIC
2026-01-25T15:33:31,listed,car/14819864/toyota/rav4/vic/deer-park/suv,42888.0,,,2022,Toyota,RAV4,Gx (Awd) Hybrid,Wagon,69523,Automatic,2025-12-14,Hybrid,VIC
2026-01-25T15:33:31,listed,car/14839787/toyota/fortuner/vic/epping/suv,50000.0,,,2023,Toyota,Fortuner,Gx,Wagon,60385,Automatic,,Diesel,VIC
2026-01-25T15:33:31,listed,car/14832140/toyota/c-hr/vic/preston/suv,35990.0,,,2023,Toyota,C-HR,Koba (2Wd),Wagon,70154,Automatic,2000-01-01,Premium,VIC
2026-01-25T15:33:31,listed,car/14909536/toyota/yaris/vic/altona-north/hatchback,14999.0,,,2011,Toyota,Yaris,Yr,Hatchback,56763,Automatic,2026-06-03,Unleaded,VIC
2026-01-25T15:33:31,listed,car/14865482/toyota/yaris-cross/vic/airport-west/suv,28998.0,,,2020,Toyota,Yaris Cross,Gx,Wagon,40650,Automatic,2026-02-26,Unleaded,VIC
2026-01-25T15:33:31,listed,car/14856045/toyota/hiace/vic/ringwood/van,19999.0,,,2013,Toyota,HiAce,Lwb,Van,295585,Manual,2026-03-16,Diesel,VIC
2026-01-25T15:33:31,listed,car/14916733/toyota/aurion/vic/dandenong/sedan,7990.0,,,2008,Toyota,Aurion,At-X,Sedan,194588,Automatic,,Unleaded,VIC
2026-01-25T15:33:31,listed,car/14803570/toyota/hilux/vic/hoppers-crossing/single-cab,24990.0,,,2019,Toyota,Hilux,Workmate,Cab Chassis,94800,Manual,2026-02-26,Diesel,VIC
2026-01-25T15:33:31,listed,car/14818734/toyota/kluger/vic/dandenong/suv,11990.0,,,2012,Toyota,Kluger,Kx-R (Fwd) 7 Seat,Wagon,254794,Automatic,,Unleaded,VIC
2026-01-25T15:33:31,listed,car/14832651/toyota/corolla/vic/dandenong/wagon,7990.0,,,2007,Toyota,Corolla,Levin,Wagon,184152,Manual,2026-03-11,Unleaded,VIC
2026-01-25T15:33:31,listed,car/14837897/toyota/rav4/vic/springvale/suv,26980.0,,,2016,Toyota,RAV4,Gxl (2Wd),Wagon,98046,Automatic,,Unleaded,VIC
2026-01-25T15:33:31,listed,car/14877686/toyota/hilux/vic/moorabbin-airport/dual-cab,47990.0,,,2021,Toyota,Hilux,Sr5 (4X4),Double Cab Pick Up,124300,Manual,2025-12-30,Diesel,VIC
2026-01-25T15:33:31,listed,car/14911825/toyota/landcruiser-prado/vic/bayswater/suv,22990.0,,,2010,Toyota,Landcruiser Prado,GX 4X4,SUV,324469,Automatic,2026-06-11,Diesel,VIC
2026-01-25T15:33:31,listed,car/14807573/toyota/camry/vic/hoppers-crossing/sedan,5999.0,,,2004,Toyota,Camry,Altise,Sedan,279000,Automatic,,Unleaded,VIC
2026-01-25T15:33:31,listed,car/14851861/toyota/rav4/vic/ringwood/suv,13888.0,,,2013,Toyota,RAV4,Gxl (4X4),Wagon,265527,Automatic,2026-02-28,Unleaded,VIC
2026-01-25T15:33:31,listed,car/14905500/toyota/hiace/vic/dandenong/van,29888.0,,,2010,Toyota,HiAce,Slwb,Van,131176,Automatic,,Diesel,VIC
2026-01-25T15:33:31,listed,car/14914702/toyota/corolla/vic/dandenong/hatchback,10990.0,,,2017,Toyota,Corolla,Ascent Sport,Hatchback,344230,Automatic,2026-05-30,Unleaded,VIC
2026-01-25T15:33:31,listed,car/14914616/toyota/rav4/vic/keysborough/suv,59970.0,,,2025,Toyota,RAV4,Cruiser (2Wd) Hybrid,Wagon,10490,Automatic,2026-08-28,Hybrid,VIC
2026-01-25T15:33:31,listed,car/14911473/toyota/corolla/vic/hoppers-crossing/hatchback,14999.0,,,2015,Toyota,Corolla,ASCENT,Hatch,116050,Automatic,2026-04-15,Unleaded,VIC
2026-01-25T15:33:31,listed,car/14866883/toyota/hilux/vic/bayswater/dual-cab,22990.0,,,2012,Toyota,Hilux,Sr (4X4),Dual Cab Pick-up,332541,Manual,2026-06-12,Diesel,VIC
2026-01-25T15:33:31,listed,car/14881010/toyota/rav4/vic/ringwood/suv,31990.0,,,2022,Toyota,RAV4,Gx (2Wd),Wagon,71834,Automatic,2026-03-01,Unleaded,VIC
2026-01-25T15:33:31,listed,car/14811816/toyota/corolla/vic/werribee/sedan,12999.0,,,2007,Toyota,Corolla,Conquest,Sedan,138643,Automatic,2026-01-17,Unleaded,VIC
2026-01-25T15:33:31,listed,car/14895169/toyota/camry/vic/ringwood/sedan,9990.0,,,2004,Toyota,Camry,Ateva,Sedan,167582,Automatic,,Unleaded,VIC
2026-01-25T15:33:31,listed,car/14904599/toyota/camry/vic/hoppers-crossing/limousine,5999.0,,,2004,Toyota,Camry,ALTISE,Sedan,249762,Automatic,2026-06-17,Unleaded,VIC
2026-01-25T15:33:31,listed,car/14864772/toyota/camry/vic/werribee/sedan,17999.0,,,2018,Toyota,Camry,Ascent,Sedan,155800,Automatic,2025-12-23,Unleaded,VIC
2026-01-25T15:33:31,listed,car/14786744/toyota/camry/vic/werribee/sedan,16499.0,,,2012,Toyota,Camry,Atara S,Sedan,81262,Automatic,2026-03-11,Unleaded,VIC
2026-01-25T15:33:31,listed,car/14852947/toyota/kluger/vic/ferntree-gully/suv,37790.0,,,2018,Toyota,Kluger,Grande (4X4),Wagon,97621,Automatic,2026-05-04,Unleaded,VIC
2026-01-25T15:33:31,listed,car/14821145/toyota/corolla/vic/ringwood/hatchback,18899.0,,,2016,Toyota,Corolla,Ascent Sport,Hatchback,128732,Automatic,2026-03-10,Unleaded,VIC
2026-01-25T15:33:31,listed,car/14892474/toyota/86/vic/south-morang/coupe,21444.0,,,2013,Toyota,86,Gts,Coupe,168102,Manual,2026-01-15,Premium,VIC
2026-01-25T15:33:31,listed,car/14916848/toyota/rav4/vic/dingley-village/suv,10450.0,,,2007,Toyota,RAV4,Cruiser (4X4),Wagon,214000,Automatic,,Unleaded,VIC
2026-01-25T15:33:31,listed,car/14916925/toyota/kluger/vic/dandenong/suv,20000.0,,,2014,Toyota,Kluger,Gx (4X2),Wagon,154468,Automatic,2026-03-26,Unleaded,VIC
2026-01-25T15:33:31,listed,car/14910508/toyota/tundra/vic/keysborough/dual-cab,137970.0,,,2024,Toyota,Tundra,Limited,Dual Cab Pick-up,25293,Automatic,2026-04-24,Hybrid,VIC
2026-01-25T15:33:31,listed,car/14871212/toyota/corolla/vic/ringwood/hatchback,6999.0,,,2005,Toyota,Corolla,Ascent Seca,Hatchback,242328,Automatic,2026-02-19,Unleaded,VIC
2026-01-25T15:33:31,listed,car/14881355/toyota/crown/vic/dandenong/limousine,38390.0,,,2019,Toyota,Crown,RS,Sedan,115993,Automatic,,Other,VIC
2026-01-25T15:33:31,listed,car/14794878/toyota/kluger/vic/dandenong/suv,10950.0,,,2008,Toyota,Kluger,Kx-S (Fwd),Wagon,222900,Automatic,2025-10-28,Unleaded,VIC
2026-01-25T15:33:31,listed,car/14835969/toyota/hilux/vic/springvale/dual-cab,39990.0,,,2018,Toyota,Hilux,Sr5+ (4X4),Dual Cab Utility,144345,Automatic,,Diesel,VIC
2026-01-25T15:33:31,listed,car/14902575/toyota/landcruiser-prado/vic/bayswater/suv,29990.0,,,2012,Toyota,Landcruiser Prado,Altitude (4X4),Wagon,243633,Automatic,2026-10-15,Diesel,VIC
2026-01-25T15:33:31,listed,car/14837165/toyota/yaris/vic/ringwood/hatchback,12499.0,,,2014,Toyota,Yaris,Ascent,Hatchback,152324,Manual,2026-07-15,Unleaded,VIC
2026-01-25T15:33:31,listed,car/14907712/toyota/landcruiser/vic/ferntree-gully/suv,94990.0,,,2018,Toyota,Landcruiser,Sahara (4X4),Wagon,150000,Automatic,2026-06-22,Diesel,VIC
2026-01-25T15:33:31,listed,car/14841063/toyota/kluger/vic/dandenong/suv,29888.0,,,2018,Toyota,Kluger,Gx (4X4),Wagon,87534,Automatic,2026-06-29,Unleaded,VIC
2026-01-25T15:33:31,listed,car/14881029/toyota/corolla/vic/ringwood/hatchback,21990.0,,,2015,Toyota,Corolla,Ascent,Hatchback,24013,Automatic,,Unleaded,VIC
2026-01-25T15:33:31,listed,car/14914625/toyota/rav4/vic/keysborough/suv,17970.0,,,2016,Toyota,RAV4,Gxl (2Wd),Wagon,243335,Automatic,2026-04-03,Unleaded,VIC
2026-01-25T15:33:31,listed,car/14917225/toyota/rav4/vic/ringwood/suv,32888.0,,,2022,Toyota,RAV4,Gx (2Wd),Wagon,73634,Automatic,2026-03-28,Unleaded,VIC
2026-01-25T15:33:31,listed,car/14803348/toyota/crown/vic/dandenong/limousine,18490.0,,,2012,Toyota,Crown,HYBRID,Sedan,103797,Automatic,,Other,VIC
2026-01-25T15:33:31,listed,car/14914761/toyota/corolla-cross/vic/keysborough/suv,54970.0,,,2025,Toyota,Corolla Cross,Atmos 2Wd Hybrid,Wagon,1000,Automatic,2026-03-21,Hybrid,VIC
2026-01-25T15:33:31,listed,car/14823038/toyota/hiace/vic/ringwood/people-mover,28888.0,,,2009,Toyota,HiAce,Commuter,Bus,141488,Automatic,,Diesel,VIC
2026-01-25T15:33:31,listed,car/14871033/toyota/camry/vic/ringwood/sedan,15899.0,,,2012,Toyota,Camry,Altise,Sedan,113180,Automatic,2026-03-15,Unleaded,VIC
2026-01-25T15:33:31,listed,car/14881015/toyota/camry/vic/ringwood/sedan,15990.0,,,2015,Toyota,Camry,Altise,Sedan,169262,Automatic,2026-10-15,Unleaded,VIC
2026-01-25T15:33:31,listed,car/14886431/toyota/tarago/vic/hoppers-crossing/suv,9999.0,,,2008,Toyota,Tarago,ULTIMA,SUV,272539,Automatic,2026-02-28,Premium,VIC
2026-01-25T15:33:31,listed,car/14842071/toyota/corolla/vic/dandenong/sedan,19000.0,,,2017,Toyota,Corolla,Sx,Sedan,125821,Automatic,2026-03-16,Unleaded,VIC
2026-01-25T15:33:31,listed,car/14882330/toyota/kluger/vic/south-morang/suv,39480.0,,,2019,Toyota,Kluger,Gxl (4X4),Wagon,87268,Automatic,2026-03-04,Unleaded,VIC
2026-01-25T15:33:31,listed,car/14767632/toyota/yaris/vic/werribee/hatchback,9423.0,,,2006,Toyota,Yaris,Yr,Hatchback,153278,Automatic,2026-01-18,Unleaded,VIC
2026-01-25T15:33:31,listed,car/14876016/toyota/hilux/vic/bayswater/dual-cab,14990.0,,,2008,Toyota,Hilux,Sr (4X4),Dual Cab Pick-up,430154,Manual,2025-10-31,Diesel,VIC
2026-01-25T15:33:31,listed,car/14917166/toyota/corolla/vic/ringwood/hatchback,11990.0,,,2008,Toyota,Corolla,Conquest,Hatchback,108099,Automatic,2025-09-23,Unleaded,VIC
2026-01-25T15:33:31,listed,car/14881132/toyota/corolla/vic/dandenong/wagon,8488.0,,,2007,Toyota,Corolla,Ascent,Wagon,167605,Automatic,2026-02-12,Unleaded,VIC
2026-01-25T15:33:31,listed,car/14820165/toyota/c-hr/vic/hoppers-crossing/suv,46990.0,,,2025,Toyota,C-HR,Gxl Hybrid,Wagon,2020,Automatic,,Hybrid,VIC
2026-01-25T15:33:31,listed,car/14816000/toyota/camry/vic/ringwood/sedan,17990.0,,,2016,Toyota,Camry,Atara S,Sedan,157500,Automatic,2025-12-18,Unleaded,VIC
2026-01-25T15:33:31,listed,car/14884983/toyota/rav4/vic/croydon/suv,32888.0,,,2019,Toyota,RAV4,Gxl (2Wd),Wagon,69663,Automatic,2026-10-31,Unleaded,VIC
2026-01-25T15:33:31,listed,car/14870911/toyota/hilux/vic/dandenong/dual-cab,42950.0,,,2017,Toyota,Hilux,Sr5 (4X4),Dual Cab Utility,95976,Automatic,2023-11-29,Diesel,VIC
2026-01-25T15:33:31,listed,car/14902100/toyota/vellfire/vic/dandenong/suv,19990.0,,,2010,Toyota,Vellfire,Z,SUV,81780,Automatic,,Other,VIC
2026-01-25T15:33:31,listed,car/14890641/toyota/c-hr/vic/springvale/suv,25980.0,,,2017,Toyota,C-HR,,SUV,54421,Automatic,,Unleaded,VIC
2026-01-25T15:33:31,listed,car/14914346/toyota/hilux/vic/bayswater-north/dual-cab,21999.0,,,2006,Toyota,Hilux,Sr5 (4X4),Dual Cab Pick-up,268375,Automatic,2026-04-29,Diesel,VIC
2026-01-25T15:33:31,listed,car/14811893/toyota/kluger/vic/springvale/suv,32480.0,,,2018,Toyota,Kluger,Gxl (4X2),Wagon,106388,Automatic,,Unleaded,VIC
2026-01-25T15:33:31,listed,car/14903257/toyota/hilux/vic/bayswater/dual-cab,14990.0,,,2007,Toyota,Hilux,Sr (4X4),Dual Cab Pick-up,488643,Manual,2026-06-18,Diesel,VIC
2026-01-25T15:33:31,listed,car/14815556/toyota/hiace/vic/dandenong/people-mover,27990.0,,,2014,Toyota,HiAce,Commuter,Bus,234684,Automatic,,Diesel,VIC
2026-01-25T15:33:31,listed,car/14916711/toyota/kluger/vic/bayswater/suv,27990.0,,,2018,Toyota,Kluger,Gxl (4X2),Wagon,165814,Automatic,2026-04-28,Unleaded,VIC
2026-01-25T15:33:31,listed,car/14881017/toyota/aurion/vic/ringwood/sedan,11990.0,,,2010,Toyota,Aurion,At-X,Sedan,142224,Automatic,2026-07-26,Unleaded,VIC
2026-01-25T15:33:31,listed,car/14914626/toyota/fj-cruiser/vic/keysborough/suv,59970.0,,,2016,Toyota,FJ Cruiser,,Wagon,82312,Automatic,2026-04-16,Premium,VIC
2026-01-25T15:33:31,listed,car/14917184/toyota/kluger/vic/ringwood/suv,38990.0,,,2021,Toyota,Kluger,Gx 2Wd,Wagon,93553,Automatic,2026-03-28,Premium,VIC
2026-01-25T15:33:31,listed,car/14816241/toyota/hiace/vic/moorabbin-airport/van,42990.0,,,2020,Toyota,HiAce,Lwb (5 Seats),Crew Van,108768,Automatic,2026-01-16,Diesel,VIC
2026-01-25T15:33:31,listed,car/14834502/toyota/aurion/vic/ringwood/sedan,8999.0,,,2008,Toyota,Aurion,At-X,Sedan,256000,Automatic,,Unleaded,VIC
2026-01-25T15:33:31,listed,car/14806597/toyota/rav4/vic/hoppers-crossing/suv,10999.0,,,2006,Toyota,RAV4,Cv (4X4),Wagon,252626,Automatic,2025-09-04,Unleaded,VIC
2026-01-25T15:33:31,listed,car/14878516/toyota/landcruiser-prado/vic/bayswater/suv,42990.0,,,2019,Toyota,Landcruiser Prado,Gxl (4X4),Wagon,246247,Automatic,2026-08-09,Diesel,VIC
2026-01-25T15:33:31,listed,car/14928423/toyota/yaris/vic/ringwood/hatchback,11003.0,,,2014,Toyota,Yaris,Yr,Hatchback,93151,Automatic,,Unleaded,VIC
2026-01-25T15:33:31,listed,car/14897130/toyota/rav4/vic/ferntree-gully/suv,33970.0,,,2019,Toyota,RAV4,Gxl 2Wd Hybrid,Wagon,96857,Automatic,2026-06-28,Hybrid,VIC
2026-01-25T15:33:31,listed,car/14811894/toyota/rav4/vic/springvale/suv,54980.0,,,2024,Toyota,RAV4,Cruiser (2Wd) Hybrid,Wagon,20140,Automatic,,Hybrid,VIC
2026-01-25T15:33:31,listed,car/14900604/toyota/kluger/vic/south-morang/suv,58480.0,,,2021,Toyota,Kluger,Grande Hybrid Awd,Wagon,60200,Automatic,2026-08-23,Hybrid,VIC
2026-01-25T15:33:31,listed,car/14883904/toyota/kluger/vic/south-morang/suv,56480.0,,,2022,Toyota,Kluger,Grande 2Wd,Wagon,41450,Automatic,2026-03-15,Premium,VIC
2026-01-25T15:33:31,listed,car/14857584/toyota/c-hr/vic/dandenong/suv,24950.0,,,2017,Toyota,C-HR,Koba (2Wd),Wagon,46343,Automatic,,Premium,VIC
2026-01-25T15:33:31,listed,car/14772446/toyota/hilux/vic/bayswater/single-cab,17790.0,,,2016,Toyota,Hilux,Workmate,Cab Chassis,213602,Manual,2026-04-17,Unleaded,VIC
2026-01-25T15:33:31,listed,car/14917156/toyota/rav4/vic/ringwood/suv,32888.0,,,2022,Toyota,RAV4,Gx (2Wd),Wagon,77965,Automatic,2026-04-08,Unleaded,VIC
2026-01-25T15:33:31,listed,car/14889069/toyota/yaris/vic/ringwood/hatchback,17899.0,,,2016,Toyota,Yaris,Ascent,Hatchback,94080,Automatic,2026-05-30,Unleaded,VIC
2026-01-25T15:33:31,listed,car/14914989/toyota/hiace/vic/bayswater-north/van,22999.0,,,2012,Toyota,HiAce,Lwb,Van,264712,Automatic,2026-07-10,Unleaded,VIC
2026-01-25T15:33:31,listed,car/14909484/toyota/corolla/vic/south-morang/hatchback,11480.0,,,2010,Toyota,Corolla,Ascent,Hatchback,170158,Automatic,2026-02-20,Unleaded,VIC
2026-01-25T15:33:31,listed,car/14896098/toyota/hilux/vic/hoppers-crossing/single-cab,29990.0,,,2021,Toyota,Hilux,Workmate,Cab Chassis,53072,Automatic,2026-10-20,Unleaded,VIC
2026-01-25T15:33:31,listed,car/14824598/toyota/landcruiser-prado/vic/hoppers-crossing/suv,44990.0,,,2018,Toyota,Landcruiser Prado,Gx (4X4),Wagon,148756,Automatic,,Diesel,VIC
2026-01-25T15:33:31,listed,car/14873011/toyota/corolla/vic/springvale/hatchback,31980.0,,,2019,Toyota,Corolla,Zr (Hybrid),Hatchback,64638,Automatic,,Hybrid,VIC
2026-01-25T15:33:31,listed,car/14901941/toyota/hilux/vic/keysborough/extra-cab,56970.0,,,2023,Toyota,Hilux,Sr (4X4),X Cab Cab Chassis,30574,Manual,2026-07-06,Diesel,VIC
2026-01-25T15:33:31,listed,car/14917216/toyota/corolla/vic/ringwood/hatchback,24888.0,,,2020,Toyota,Corolla,Ascent Sport,Hatchback,47070,Automatic,2026-01-10,Unleaded,VIC
2026-01-25T15:33:31,listed,car/14896799/toyota/hiace/vic/hoppers-crossing/van,67990.0,,,2025,Toyota,HiAce,Slwb Barn Door,Van,10326,Automatic,2026-11-10,Diesel,VIC
2026-01-25T15:33:31,listed,car/14925722/toyota/kluger/vic/croydon/suv,31888.0,,,2018,Toyota,Kluger,Gxl (4X2),Wagon,101727,Automatic,2026-04-20,Unleaded,VIC
2026-01-25T15:33:31,listed,car/14922362/toyota/kluger/vic/springvale/suv,24999.0,,,2015,Toyota,Kluger,Grande (4X4),Wagon,162000,Automatic,2026-10-29,Unleaded,VIC
2026-01-25T15:33:31,listed,car/14921807/toyota/corolla/vic/hoppers-crossing/sedan,8999.0,,,2008,Toyota,Corolla,Ultima,Sedan,136234,Automatic,2026-01-30,Unleaded,VIC
2026-01-25T15:33:31,listed,car/14928667/toyota/rav4/vic/ringwood/suv,11990.0,,,2004,Toyota,RAV4,Cv (4X4),Wagon,151558,Automatic,2026-08-07,Unleaded,VIC
2026-01-25T15:33:31,listed,car/14926632/toyota/hiace/vic/bayswater-north/van,39998.0,,,2001,Toyota,HiAce,,Commercial,204063,Manual,2026-07-02,Unleaded,VIC
2026-01-25T15:33:31,listed,car/14927190/toyota/hiace/vic/dandenong/van,25990.0,,,2018,Toyota,HiAce,Lwb,Van,272709,Automatic,2026-06-02,Diesel,VIC
2026-01-25T15:33:31,listed,car/14925964/toyota/hilux/vic/croydon/dual-cab,25888.0,,,2017,Toyota,Hilux,Workmate (4X4),Dual Cab Utility,127930,Automatic,2026-10-30,Diesel,VIC
2026-01-25T15:33:31,listed,car/14923189/toyota/hilux/vic/mordialloc/dual-cab,21990.0,,,2015,Toyota,Hilux,Sr Hi-Rider,Dual Cab Utility,267850,Manual,2026-05-02,Diesel,VIC
2026-01-25T15:33:31,listed,car/14919924/toyota/prius/vic/dandenong/hatchback,25990.0,,,2019,Toyota,Prius,PLUG-IN HYBRID,Hatch,119284,Automatic,,Other,VIC
2026-01-25T15:33:31,listed,car/14924457/toyota/hilux/vic/keysborough/dual-cab,52970.0,,,2022,Toyota,Hilux,Sr5 (4X4),Double Cab Chassis,168553,Automatic,2026-06-01,Diesel,VIC
2026-01-25T15:33:31,listed,car/14924569/toyota/corolla/vic/dandenong/hatchback,10888.0,,,2014,Toyota,Corolla,Ascent Sport,Hatchback,127582,Automatic,2026-11-25,Unleaded,VIC
2026-01-25T15:33:31,listed,car/14922249/toyota/landcruiser/vic/bayswater-north/suv,29999.0,,,1991,Toyota,Landcruiser,Sahara (4X4),Wagon,206577,Automatic,,Unleaded,VIC
2026-01-25T15:33:31,listed,car/14920245/toyota/kluger/vic/dandenong/suv,19990.0,,,2018,Toyota,Kluger,Gx (4X2),Wagon,245325,Automatic,,Unleaded,VIC
2026-01-25T15:33:31,listed,car/14921129/toyota/fortuner/vic/hoppers-crossing/suv,39990.0,,,2021,Toyota,Fortuner,Gx,Wagon,148612,Automatic,,Diesel,VIC
2026-01-25T15:33:31,listed,car/14920798/toyota/landcruiser-prado/vic/ringwood/suv,12999.0,,,1998,Toyota,Landcruiser Prado,GXL 4X4,SUV,276155,Automatic,2026-04-13,Unleaded,VIC
2026-01-25T15:33:31,listed,car/14921992/toyota/camry/vic/dandenong/sedan,20000.0,,,2017,Toyota,Camry,Atara Sx,Sedan,98734,Automatic,,Unleaded,VIC
2026-01-25T15:33:31,listed,car/14918332/toyota/camry/vic/ferntree-gully/sedan,19990.0,,,2017,Toyota,Camry,Altise,Sedan,100018,Automatic,2026-05-28,Unleaded,VIC
2026-01-25T15:33:31,listed,car/14918126/toyota/hilux/vic/south-morang/dual-cab,54990.0,,,2020,Toyota,Hilux,Sr5 (4X4),Double Cab Pick Up,52542,Manual,2026-10-29,Diesel,VIC
2026-01-25T15:33:31,listed,car/14929001/toyota/camry/vic/dingley-village/sedan,9990.0,,,2012,Toyota,Camry,Altise,Sedan,193487,Automatic,2026-04-15,Unleaded,VIC
2026-01-25T15:33:31,listed,car/14928376/toyota/rav4/vic/bayswater/suv,17499.0,,,2012,Toyota,RAV4,Cv (2Wd),Wagon,110776,Automatic,2026-12-04,Unleaded,VIC
2026-01-25T15:33:31,listed,car/14815732/toyota/corolla/vic/boronia/hatchback,26999.0,,,2020,Toyota,Corolla,Ascent Sport Hybrid,Hatchback,41272,Automatic,2026-04-15,Hybrid,VIC
2026-01-25T15:33:31,listed,car/14918067/toyota/c-hr/vic/keysborough/suv,24970.0,,,2018,Toyota,C-HR,(2Wd),Wagon,119532,Automatic,2026-04-19,Premium,VIC
2026-01-25T15:33:31,listed,car/14917734/toyota/corolla/vic/hoppers-crossing/hatchback,21990.0,,,2017,Toyota,Corolla,Ascent,Hatchback,73962,Automatic,2026-02-28,Unleaded,VIC
2026-01-25T15:33:31,listed,car/14918069/toyota/camry/vic/keysborough/sedan,36970.0,,,2024,Toyota,Camry,Ascent,Sedan,52431,Automatic,2026-04-19,Premium,VIC
2026-01-25T15:33:31,listed,car/14917909/toyota/camry/vic/dandenong/sedan,6990.0,,,2010,Toyota,Camry,Altise,Sedan,297562,Automatic,,Unleaded,VIC
2026-01-25T15:33:31,listed,car/14919606/toyota/gr-yaris/vic/keysborough/hatchback,61970.0,,,2025,Toyota,GR Yaris,Gt,Hatchback,4219,Manual,2025-04-20,Premium,VIC
2026-01-25T15:33:31,listed,car/14919142/toyota/hiace/vic/dandenong/van,21990.0,,,2015,Toyota,HiAce,Lwb,Van,238058,Manual,2026-03-10,Diesel,VIC
2026-01-25T15:33:31,listed,car/14920028/toyota/rav4/vic/keysborough/suv,59970.0,,,2025,Toyota,RAV4,Cruiser (2Wd) Hybrid,Wagon,12205,Automatic,2026-06-16,Hybrid,VIC
2026-01-25T15:33:31,listed,car/14928474/toyota/echo/vic/ringwood/sedan,8990.0,,,2003,Toyota,Echo,,Sedan,170232,Automatic,2026-03-06,Unleaded,VIC
2026-01-25T15:33:31,listed,car/14928687/toyota/kluger/vic/south-morang/suv,10990.0,,,2008,Toyota,Kluger,Kx-R (4X4) 5 Seat,Wagon,200963,Automatic,2026-11-26,Unleaded,VIC
2026-01-25T15:33:31,listed,car/14928686/toyota/camry/vic/south-morang/sedan,12990.0,,,2011,Toyota,Camry,Altise,Sedan,145100,Automatic,2026-07-15,Unleaded,VIC
2026-01-25T15:33:31,listed,car/14927839/toyota/camry/vic/ringwood/sedan,9990.0,,,2005,Toyota,Camry,Altise,Sedan,202059,Automatic,2026-03-30,Unleaded,VIC
2026-01-25T15:33:31,listed,car/14925727/toyota/kluger/vic/dandenong/suv,19990.0,,,2015,Toyota,Kluger,Gx (4X2),Wagon,221304,Automatic,2026-02-06,Unleaded,VIC
2026-01-25T15:33:31,listed,car/14922673/toyota/landcruiser/vic/keysborough/suv,92970.0,,,2018,Toyota,Landcruiser,Sahara (4X4),Wagon,183357,Automatic,,Diesel,VIC
2026-01-25T15:33:31,listed,car/14928936/toyota/rav4/vic/south-morang/suv,42990.0,,,2022,Toyota,RAV4,Gx (2Wd) Hybrid,Wagon,27887,Automatic,,Hybrid,VIC
2026-01-25T15:33:31,listed,car/14928165/toyota/yaris/vic/dandenong/sedan,9990.0,,,2010,Toyota,Yaris,Yrs,Sedan,87245,Automatic,,Unleaded,VIC
2026-01-25T15:33:31,listed,car/14920603/toyota/camry/vic/keysborough/sedan,36970.0,,,2024,Toyota,Camry,Ascent,Sedan,57568,Automatic,2026-04-20,Premium,VIC
2026-01-25T15:33:31,listed,car/14910512/toyota/corolla-cross/vic/keysborough/suv,39970.0,,,2024,Toyota,Corolla Cross,Gx 2Wd,Wagon,20957,Automatic,2026-04-09,Unleaded,VIC
2026-01-25T15:33:31,listed,car/14875784/toyota/rav4/vic/mulgrave/suv,44788.0,,,2020,Toyota,RAV4,Cruiser Awd Hybrid,Wagon,51608,Automatic,2026-06-25,Hybrid,VIC
2026-01-25T15:33:31,listed,car/14883045/toyota/rav4/vic/hoppers-crossing/suv,42990.0,,,2020,Toyota,RAV4,Cruiser Awd Hybrid,Wagon,76703,Automatic,2026-05-14,Hybrid,VIC
2026-01-25T15:33:31,listed,car/14846477/toyota/kluger/vic/hoppers-crossing/suv,79990.0,,,2025,Toyota,Kluger,Grande Hybrid Awd,Wagon,13839,Automatic,2026-02-24,Hybrid,VIC
2026-01-25T15:33:31,listed,car/14847913/toyota/crown/vic/dandenong/limousine,15490.0,,,2008,Toyota,Crown,ROYAL SALOON,Sedan,105447,Automatic,,Other,VIC
2026-01-25T15:33:31,listed,car/14885219/toyota/rav4/vic/hoppers-crossing/suv,36990.0,,,2022,Toyota,RAV4,Gx (2Wd),Wagon,50852,Automatic,2026-01-30,Unleaded,VIC
2026-01-25T15:33:31,listed,car/14806099/toyota/camry/vic/ringwood/sedan,11990.0,,,2009,Toyota,Camry,Altise,Sedan,128668,Automatic,2025-11-27,Unleaded,VIC
2026-01-25T15:33:31,listed,car/14889679/toyota/corolla/vic/ringwood/hatchback,20999.0,,,2017,Toyota,Corolla,Zr,Hatchback,131040,Automatic,2026-02-24,Unleaded,VIC
2026-01-25T15:33:31,listed,car/14905055/toyota/kluger/vic/south-morang/suv,52990.0,,,2022,Toyota,Kluger,Gxl Hybrid Awd,Wagon,96540,Automatic,,Hybrid,VIC
2026-01-25T15:33:31,listed,car/14770728/toyota/crown/vic/dandenong/limousine,16490.0,,,2008,Toyota,Crown,ROYAL SALOON,Sedan,53734,Automatic,,Other,VIC
2026-01-25T15:33:31,listed,car/14877451/toyota/landcruiser/vic/hoppers-crossing/suv,110000.0,,,2021,Toyota,Landcruiser,Gxl,Wagon,78853,Manual,2026-07-24,Diesel,VIC
2026-01-25T15:33:31,listed,car/14839583/toyota/hilux/vic/ferntree-gully/single-cab,25970.0,,,2018,Toyota,Hilux,Workmate,Cab Chassis,75791,Manual,2025-01-01,Diesel,VIC
2026-01-25T15:33:31,listed,car/14794641/toyota/hilux/vic/ferntree-gully/dual-cab,34990.0,,,2021,Toyota,Hilux,Workmate,Double Cab Pick Up,38000,Automatic,2026-03-10,Unleaded,VIC
2026-01-25T15:33:31,listed,car/14803226/toyota/probox/vic/point-cook/suv,16495.0,,,2020,Toyota,Probox,DX COMFORT,SUV,81747,Automatic,,Unleaded,VIC
2026-01-25T15:33:31,listed,car/14848229/toyota/hiace/vic/south-morang/people-mover,57990.0,,,2019,Toyota,HiAce,Commuter (12 Seats),Bus,40208,Automatic,,Diesel,VIC
2026-01-25T15:33:31,listed,car/14803220/toyota/aqua/vic/point-cook/hatchback,15995.0,,,2016,Toyota,Aqua,S,Hatch,33912,Automatic,2026-04-23,Unleaded,VIC
2026-01-25T15:33:31,listed,car/14791964/toyota/yaris-cross/vic/hoppers-crossing/suv,28990.0,,,2023,Toyota,Yaris Cross,Gx Hybrid,Wagon,100531,Automatic,,Hybrid,VIC
2026-01-25T15:33:31,listed,car/14908503/toyota/c-hr/vic/springvale/suv,29980.0,,,2019,Toyota,C-HR,(2Wd),Wagon,37990,Automatic,,Premium,VIC
2026-01-25T15:33:31,listed,car/14904902/toyota/rav4/vic/hoppers-crossing/suv,42990.0,,,2021,Toyota,RAV4,Cruiser (2Wd) Hybrid,Wagon,70831,Automatic,2026-04-17,Hybrid,VIC
2026-01-25T15:33:31,listed,car/14902247/toyota/rav4/vic/keysborough/suv,59970.0,,,2024,Toyota,RAV4,Cruiser (2Wd) Hybrid,Wagon,13384,Automatic,2026-02-07,Hybrid,VIC
2026-01-25T15:33:31,listed,car/14910509/toyota/corolla/vic/keysborough/hatchback,36470.0,,,2024,Toyota,Corolla,Ascent Sport Hybrid,Hatchback,4371,Automatic,2026-05-06,Hybrid,VIC
2026-01-25T15:33:31,listed,car/14910516/toyota/corolla-cross/vic/keysborough/suv,39970.0,,,2024,Toyota,Corolla Cross,Gx 2Wd,Wagon,25102,Automatic,2026-04-14,Unleaded,VIC
2026-01-25T15:33:31,listed,car/14797011/toyota/landcruiser-prado/vic/hoppers-crossing/suv,46990.0,,,2019,Toyota,Landcruiser Prado,Gx (4X4),Wagon,119376,Automatic,,Diesel,VIC
2026-01-25T15:33:31,listed,car/14821197/toyota/kluger/vic/south-morang/suv,68970.0,,,2022,Toyota,Kluger,Grande Hybrid Awd,Wagon,29087,Automatic,2026-05-19,Hybrid,VIC
2026-01-25T15:33:31,listed,car/14904999/toyota/corolla/vic/springvale/hatchback,24449.0,,,2021,Toyota,Corolla,Ascent Sport + Navi Hybrid,Hatchback,106000,Automatic,,Hybrid,VIC
2026-01-25T15:33:31,listed,car/14881002/toyota/landcruiser-prado/vic/ringwood/suv,50990.0,,,2021,Toyota,Landcruiser Prado,Gx,Wagon,121598,Automatic,2026-02-21,Diesel,VIC
2026-01-25T15:33:31,listed,car/14835944/toyota/corolla/vic/springvale/hatchback,24990.0,,,2022,Toyota,Corolla,Ascent Sport Hybrid,Hatchback,89690,Automatic,,Hybrid,VIC
2026-01-25T15:33:31,listed,car/14917226/toyota/rav4/vic/ringwood/suv,32500.0,,,2022,Toyota,RAV4,Gx (2Wd),Wagon,81042,Automatic,2026-03-31,Unleaded,VIC
2026-01-25T15:33:31,listed,car/14855831/toyota/camry/vic/ferntree-gully/sedan,38987.0,,,2023,Toyota,Camry,Ascent Sport Hybrid,Sedan,51262,Automatic,,Hybrid,VIC
2026-01-25T15:33:31,listed,car/14894344/toyota/c-hr/vic/hoppers-crossing/suv,34780.0,,,2021,Toyota,C-HR,Koba (2Wd) Hybrid,Wagon,49091,Automatic,2026-04-22,Hybrid,VIC
2026-01-25T15:33:31,listed,car/14865194/toyota/rav4/vic/moorabbin-airport/suv,35990.0,,,2021,Toyota,RAV4,Gx (Awd) Hybrid,Wagon,106166,Automatic,2026-02-23,Hybrid,VIC
2026-01-25T15:33:31,listed,car/14912843/toyota/landcruiser/vic/ferntree-gully/suv,121350.0,,,2021,Toyota,Landcruiser,Lc300 Vx (4X4),Wagon,65734,Automatic,2026-03-18,Diesel,VIC
2026-01-25T15:33:31,listed,car/14904116/toyota/camry/vic/moorabbin-airport/sedan,33490.0,,,2020,Toyota,Camry,Ascent Sport (Hybrid),Sedan,84230,Automatic,2026-02-10,Hybrid,VIC
2026-01-25T15:33:31,listed,car/14917233/toyota/camry/vic/ringwood/sedan,21990.0,,,2017,Toyota,Camry,Atara S,Sedan,99330,Automatic,2026-02-28,Unleaded,VIC
2026-01-25T15:33:31,listed,car/14910286/toyota/hilux/vic/south-morang/dual-cab,59990.0,,,2023,Toyota,Hilux,Sr (4X4),Double Cab Chassis,17905,Automatic,2026-02-26,Diesel,VIC
2026-01-25T15:33:31,listed,car/14892216/toyota/landcruiser-prado/vic/ferntree-gully/suv,59888.0,,,2019,Toyota,Landcruiser Prado,Gx (4X4),Wagon,89664,Automatic,2026-06-27,Diesel,VIC
2026-01-25T15:33:31,listed,car/14887803/toyota/prius/vic/dandenong/hatchback,26990.0,,,2017,Toyota,Prius,PLUG-IN HYBRID,Hatch,69700,Automatic,,Other,VIC
2026-01-25T15:33:31,listed,car/14910511/toyota/camry/vic/keysborough/sedan,33970.0,,,2021,Toyota,Camry,Ascent,Sedan,64975,Automatic,2026-09-13,Premium,VIC
2026-01-25T15:33:31,listed,car/14869165/toyota/hilux/vic/hoppers-crossing/dual-cab,46990.0,,,2022,Toyota,Hilux,Sr (4X4),Double Cab Chassis,104688,Automatic,2026-01-25,Diesel,VIC
2026-01-25T15:33:31,listed,car/14785344/toyota/corolla/vic/ringwood/othercar,28990.0,,,2021,Toyota,Corolla,,OtherCar,43637,,,Other,VIC
2026-01-25T15:33:31,listed,car/14792603/toyota/hilux/vic/moorabbin-airport/single-cab,24490.0,,,2020,Toyota,Hilux,Workmate Hi-Rider,Cab Chassis,150890,Manual,2026-01-30,Diesel,VIC
2026-01-25T15:33:31,listed,car/14907560/toyota/kluger/vic/mulgrave/suv,31888.0,,,2017,Toyota,Kluger,Gxl (4X2),Wagon,116400,Automatic,2026-12-21,Unleaded,VIC
2026-01-25T15:33:31,listed,car/14910513/toyota/corolla/vic/keysborough/hatchback,35470.0,,,2024,Toyota,Corolla,Ascent Sport Hybrid,Hatchback,13190,Automatic,2026-04-14,Hybrid,VIC
2026-01-25T15:33:31,listed,car/14824726/toyota/camry/vic/springvale/sedan,27990.0,,,2019,Toyota,Camry,Ascent (Hybrid),Sedan,90615,Automatic,,Hybrid,VIC
2026-01-25T15:33:31,listed,car/14818732/toyota/corolla/vic/croydon/sedan,27688.0,,,2022,Toyota,Corolla,Ascent Sport Hybrid,Sedan,84500,Automatic,,Hybrid,VIC
2026-01-25T15:33:31,listed,car/14855847/toyota/corolla/vic/point-cook/suv,20995.0,,,2021,Toyota,Corolla,HYBRID EX,SUV,118970,Automatic,,Unleaded,VIC
2026-01-25T15:33:31,listed,car/14910515/toyota/kluger/vic/keysborough/suv,61970.0,,,2024,Toyota,Kluger,Gx Hybrid Awd,Wagon,22194,Automatic,2026-03-17,Hybrid,VIC
2026-01-25T15:33:31,listed,car/14910506/toyota/yaris/vic/keysborough/hatchback,32970.0,,,2024,Toyota,Yaris,Ascent Sport Hybrid,Hatchback,5590,Automatic,2026-01-21,Hybrid,VIC
2026-01-25T15:33:31,listed,car/14854002/toyota/camry/vic/hoppers-crossing/sedan,25990.0,,,2019,Toyota,Camry,Ascent Sport,Sedan,104978,Automatic,2026-02-09,Unleaded,VIC
2026-01-25T15:33:31,listed,car/14910507/toyota/yaris-cross/vic/keysborough/suv,38970.0,,,2025,Toyota,Yaris Cross,Gxl Hybrid,Wagon,9013,Automatic,2026-04-09,Hybrid,VIC
2026-01-25T15:33:31,listed,car/14881013/toyota/rav4/vic/ringwood/suv,31990.0,,,2022,Toyota,RAV4,Gx (2Wd),Wagon,102174,Automatic,2025-12-28,Unleaded,VIC
2026-01-25T15:33:31,listed,car/14870966/toyota/kluger/vic/hoppers-crossing/suv,53990.0,,,2023,Toyota,Kluger,Gx Hybrid Awd,Wagon,45435,Automatic,,Hybrid,VIC
2026-01-25T15:33:31,listed,car/14859830/toyota/landcruiser/vic/ferntree-gully/suv,109990.0,,,2024,Toyota,Landcruiser,Lc300 Gxl (4X4),Wagon,58583,Automatic,2026-04-19,Diesel,VIC
2026-01-25T15:33:31,listed,car/14898340/toyota/hiace/vic/croydon/van,48888.0,,,2022,Toyota,HiAce,Lwb,Van,54243,Automatic,2026-04-28,Diesel,VIC
2026-01-25T15:33:31,listed,car/14809173/toyota/crown/vic/dandenong/limousine,17490.0,,,2009,Toyota,Crown,HYBRID,Sedan,85224,Automatic,,Other,VIC
2026-01-25T15:33:31,listed,car/14846763/toyota/kluger/vic/frankston/suv,30990.0,,,2017,Toyota,Kluger,Grande (4X4),Wagon,165843,Automatic,,Unleaded,VIC
2026-01-25T15:33:31,listed,car/14876411/toyota/landcruiser/vic/narre-warren/dual-cab,188990.0,,,2025,Toyota,Landcruiser,Lc79 Gxl + Diff Locks,Double Cab Chassis,21,Manual,,Diesel,VIC
2026-01-25T15:33:31,listed,car/14855119/toyota/hilux/vic/seaford/dual-cab,63950.0,,,2024,Toyota,Hilux,Sr5 48V (4X4),Double Cab Chassis,32183,Automatic,2026-03-15,Hybrid,VIC
2026-01-25T15:33:31,listed,car/14868697/toyota/camry/vic/hoppers-crossing/sedan,30990.0,,,2018,Toyota,Camry,Sx,Sedan,63593,Automatic,2026-04-04,Unleaded,VIC
2026-01-25T15:33:31,listed,car/14790829/toyota/crown/vic/dandenong/limousine,15490.0,,,2008,Toyota,Crown,ROYAL SALOON,Sedan,107624,Automatic,,Other,VIC
2026-01-25T15:33:31,listed,car/14804375/toyota/kluger/vic/moorabbin-airport/suv,35990.0,,,2019,Toyota,Kluger,Gxl (4X2),Wagon,94800,Automatic,2025-12-06,Unleaded,VIC
2026-01-25T15:33:31,listed,car/14837164/toyota/camry/vic/ringwood/sedan,22499.0,,,2017,Toyota,Camry,Atara S,Sedan,93093,Automatic,2026-02-06,Unleaded,VIC
2026-01-25T15:33:31,listed,car/14841083/toyota/c-hr/vic/moorabbin-airport/suv,32490.0,,,2020,Toyota,C-HR,Koba (2Wd) Hybrid,Wagon,81410,Automatic,2025-12-04,Hybrid,VIC
2026-01-25T15:33:31,listed,car/14905170/toyota/c-hr/vic/springvale/suv,26980.0,,,2017,Toyota,C-HR,Koba (Awd),Wagon,62446,Automatic,,Premium,VIC
2026-01-25T15:33:31,listed,car/14884958/toyota/kluger/vic/springvale/suv,28980.0,,,2014,Toyota,Kluger,Grande (4X4),Wagon,149666,Automatic,,Unleaded,VIC
2026-01-25T15:33:31,listed,car/14872001/toyota/c-hr/vic/ferntree-gully/suv,27888.0,,,2019,Toyota,C-HR,Koba (Awd),Hatchback,101511,Automatic,2026-03-05,Premium,VIC
2026-01-25T15:33:31,listed,car/14913650/toyota/corolla/vic/springvale/hatchback,18980.0,,,2014,Toyota,Corolla,Ascent Sport,Hatchback,89456,Automatic,,Unleaded,VIC
2026-01-25T15:33:31,listed,car/14892532/toyota/c-hr/vic/springvale/suv,35990.0,,,2021,Toyota,C-HR,Koba (2Wd),Wagon,32872,Automatic,,Premium,VIC
2026-01-25T15:33:31,listed,car/14913409/toyota/corolla/vic/hoppers-crossing/hatchback,25990.0,,,2020,Toyota,Corolla,Ascent Sport (Hybrid),Hatchback,90003,Automatic,2026-01-16,Hybrid,VIC
2026-01-25T15:33:31,listed,car/14843817/toyota/yaris-cross/vic/hoppers-crossing/suv,35990.0,,,2024,Toyota,Yaris Cross,Gx Hybrid,Wagon,24027,Automatic,2026-02-04,Hybrid,VIC
2026-01-25T15:33:31,listed,car/14906486/toyota/c-hr/vic/hoppers-crossing/suv,25990.0,,,2018,Toyota,C-HR,Koba (2Wd),Wagon,84067,Automatic,2026-02-22,Premium,VIC
2026-01-25T15:33:31,listed,car/14914835/toyota/kluger/vic/springvale/suv,29980.0,,,2018,Toyota,Kluger,Gx (4X2),Wagon,124532,Automatic,,Unleaded,VIC
2026-01-25T15:33:31,listed,car/14857574/toyota/corolla/vic/moorabbin-airport/hatchback,29490.0,,,2023,Toyota,Corolla,Ascent Sport Hybrid,Hatchback,68327,Automatic,2025-11-29,Hybrid,VIC
2026-01-25T15:33:31,listed,car/14910510/toyota/kluger/vic/keysborough/suv,61970.0,,,2024,Toyota,Kluger,Gx Hybrid Awd,Wagon,20656,Automatic,2026-04-14,Hybrid,VIC
2026-01-25T15:33:31,listed,car/14870357/toyota/kluger/vic/hoppers-crossing/suv,54990.0,,,2024,Toyota,Kluger,Gx Hybrid Awd,Wagon,50306,Automatic,,Hybrid,VIC
2026-01-25T15:33:31,listed,car/14895227/toyota/hilux/vic/dandenong-south/pickup,18999.0,,,2019,Toyota,Hilux,WORKMATE,Ute Tray,177045,Manual,,Diesel,VIC
2026-01-25T15:33:31,listed,car/14872262/toyota/landcruiser/vic/dandenong-south/single-cab,46999.0,,,2018,Toyota,Landcruiser,Workmate (4X4),Cab Chassis,254323,Manual,,Diesel,VIC
2026-01-25T15:33:31,listed,car/14896970/toyota/landcruiser/vic/frankston/suv,145990.0,,,2024,Toyota,Landcruiser,Lc300 Sahara Zx (4X4),Wagon,34148,Automatic,2026-05-16,Diesel,VIC
2026-01-25T15:33:31,listed,car/14840719/toyota/corolla/vic/seaford/hatchback,8990.0,,,2009,Toyota,Corolla,Edge,Hatchback,248375,Automatic,2026-01-20,Unleaded,VIC
2026-01-25T15:33:31,listed,car/14789013/toyota/kluger/vic/dandenong/suv,7990.0,,,2008,Toyota,Kluger,Kx-R (Fwd) 7 Seat,Wagon,300748,Automatic,,Unleaded,VIC
2026-01-25T15:33:31,listed,car/14784815/toyota/landcruiser/vic/dandenong-south/pickup,58999.0,,,2016,Toyota,Landcruiser,WORKMATE,Ute Tray,254746,Manual,,Diesel,VIC
2026-01-25T15:33:31,listed,car/14892804/toyota/hilux/vic/dandenong-south/pickup,26999.0,,,2019,Toyota,Hilux,SR (4X4),Ute Tray,304672,Manual,,Diesel,VIC
2026-01-25T15:33:31,listed,car/14864131/toyota/landcruiser/vic/dandenong-south/suv,68888.0,,,2019,Toyota,Landcruiser,Lc200 Gx (4X4),Wagon,125570,Automatic,,Diesel,VIC
2026-01-25T15:33:31,listed,car/14854119/toyota/landcruiser/vic/dandenong-south/pickup,64999.0,,,2020,Toyota,Landcruiser,WORKMATE,Ute Tray,198565,Manual,,Diesel,VIC
2026-01-25T15:33:31,listed,car/14872952/toyota/hilux/vic/dandenong-south/pickup,24999.0,,,2017,Toyota,Hilux,SR,Ute Tray,303456,Manual,,Diesel,VIC
2026-01-25T15:33:31,listed,car/14780386/toyota/kluger/vic/dandenong/suv,14500.0,,,2009,Toyota,Kluger,Grande (4X4),Wagon,160000,Automatic,,Unleaded,VIC
2026-01-25T15:33:31,listed,car/14903063/toyota/corolla/vic/ferntree-gully/hatchback,5990.0,,,2002,Toyota,Corolla,Ascent Seca,Hatchback,298700,Automatic,2026-03-29,Unleaded,VIC
2026-01-25T15:33:31,listed,car/14897384/toyota/corolla/vic/dandenong/sedan,12500.0,,,2010,Toyota,Corolla,Ascent,Sedan,147000,Automatic,2026-06-29,Unleaded,VIC
2026-01-25T15:33:31,listed,car/14885479/toyota/corolla/vic/dandenong/sedan,8500.0,,,2010,Toyota,Corolla,Ascent,Sedan,258000,Automatic,2026-06-20,Unleaded,VIC
2026-01-25T15:33:31,listed,car/14839860/toyota/landcruiser/vic/dandenong-south/single-cab,39999.0,,,2011,Toyota,Landcruiser,Workmate (4X4),Cab Chassis,245750,Manual,,Diesel,VIC
2026-01-25T15:33:31,listed,car/14882444/toyota/corolla/vic/dandenong/hatchback,17500.0,,,2016,Toyota,Corolla,Ascent,Hatchback,130000,Automatic,2026-04-06,Unleaded,VIC
2026-01-25T15:33:31,listed,car/14869355/toyota/hilux/vic/narre-warren/dual-cab,40990.0,,,2018,Toyota,Hilux,Rugged X (4X4),Dual Cab Utility,203977,Automatic,,Diesel,VIC
2026-01-25T15:33:31,listed,car/14909149/toyota/corolla/vic/dandenong/hatchback,6499.0,,,2004,Toyota,Corolla,Ascent Seca,Hatchback,250000,Automatic,2026-10-29,Unleaded,VIC
2026-01-25T15:33:31,listed,car/14847055/toyota/corolla/vic/seaford/hatchback,11990.0,,,2012,Toyota,Corolla,ASCENT SPORT,Hatch,156697,Manual,,Unleaded,VIC
2026-01-25T15:33:31,listed,car/14864882/toyota/hilux/vic/dandenong-south/dual-cab,25999.0,,,2016,Toyota,Hilux,Sr (4X4),Dual Cab Chassis,250377,Automatic,,Diesel,VIC
2026-01-25T15:33:31,listed,car/14892745/toyota/hilux/vic/dandenong-south/dual-cab,31999.0,,,2016,Toyota,Hilux,Sr5 (4X4),Dual Cab Utility,289973,Automatic,,Diesel,VIC
2026-01-25T15:33:31,listed,car/14871913/toyota/landcruiser/vic/frankston/suv,93990.0,,,2020,Toyota,Landcruiser,Lc200 Vx (4X4),Wagon,184390,Automatic,,Diesel,VIC
2026-01-25T15:33:31,listed,car/14833805/toyota/hilux/vic/dandenong/single-cab,15499.0,,,2010,Toyota,Hilux,Workmate,Cab Chassis,177000,Automatic,2026-10-15,Unleaded,VIC
2026-01-25T15:33:31,listed,car/14911675/toyota/corolla/vic/melton/hatchback,24999.0,,,2019,Toyota,Corolla,Ascent Sport,Hatchback,91037,Automatic,2026-08-21,Unleaded,VIC
2026-01-25T15:33:31,listed,car/14821860/toyota/landcruiser-70-series/vic/dandenong-south/pickup,62999.0,,,2021,Toyota,Landcruiser 70 Series,WORKMATE,Ute Tray,172516,Manual,2026-02-20,Diesel,VIC
2026-01-25T15:33:31,listed,car/14792585/toyota/vitz/vic/carrum-downs/hatchback,18990.0,,,2019,Toyota,Vitz,F (HYBRID),Hatch,29707,Automatic,,Hybrid,VIC
2026-01-25T15:33:31,listed,car/14837135/toyota/corolla/vic/frankston/hatchback,22990.0,,,2017,Toyota,Corolla,Hybrid,Hatchback,61964,Automatic,,Hybrid,VIC
2026-01-25T15:33:31,listed,car/14907088/toyota/landcruiser/vic/dandenong-south/dual-cab,63999.0,,,2015,Toyota,Landcruiser,Workmate (4X4),Double Cab Chassis,224915,Manual,,Diesel,VIC
2026-01-25T15:33:31,listed,car/14864993/toyota/landcruiser-70-series/vic/dandenong-south/pickup,56999.0,,,2020,Toyota,Landcruiser 70 Series,WORKMATE,Ute Tray,237744,Manual,,Diesel,VIC
2026-01-25T15:33:31,listed,car/14858968/toyota/corolla/vic/sunbury/hatchback,34990.0,,,2022,Toyota,Corolla,Zr Hybrid,Hatchback,50419,Automatic,2026-02-28,Hybrid,VIC
2026-01-25T15:33:31,listed,car/14815605/toyota/corolla/vic/dandenong/sedan,6500.0,,,2006,Toyota,Corolla,Ascent,Sedan,282000,Automatic,2026-02-01,Unleaded,VIC
2026-01-25T15:33:31,listed,car/14784814/toyota/landcruiser/vic/dandenong-south/pickup,54999.0,,,2017,Toyota,Landcruiser,WORKMATE (4X4),Ute Tray,103309,Manual,2026-03-16,Diesel,VIC
2026-01-25T15:33:31,listed,car/14770978/toyota/rav4/vic/seaford/suv,18990.0,,,2013,Toyota,RAV4,Gxl (4X4),Wagon,137960,Automatic,2026-08-07,Diesel,VIC
2026-01-25T15:33:31,listed,car/14840382/toyota/landcruiser/vic/dandenong-south/single-cab,39999.0,,,2010,Toyota,Landcruiser,Workmate (4X4),Cab Chassis,274951,Manual,,Diesel,VIC
2026-01-25T15:33:31,listed,car/14826420/toyota/landcruiser/vic/dandenong-south/pickup,39999.0,,,2016,Toyota,Landcruiser,WORKMATE,Ute Tray,374166,Manual,,Diesel,VIC
2026-01-25T15:33:31,listed,car/14801749/toyota/corolla/vic/dandenong/hatchback,6899.0,,,2006,Toyota,Corolla,Ascent Seca,Hatchback,250000,Automatic,2025-12-27,Unleaded,VIC
2026-01-25T15:33:31,listed,car/14871825/toyota/hilux/vic/sunbury/dual-cab,52990.0,,,2020,Toyota,Hilux,Sr5 (4X4),Double Cab Pick Up,89051,Automatic,2026-01-18,Diesel,VIC
2026-01-25T15:33:31,listed,car/14871966/toyota/landcruiser/vic/dandenong-south/suv,49999.0,,,2019,Toyota,Landcruiser,Lc200 Gx (4X4),Wagon,311374,Automatic,,Diesel,VIC
2026-01-25T15:33:31,listed,car/14898250/toyota/granvia/vic/narre-warren/people-mover,68990.0,,,2022,Toyota,Granvia,Vx (6 Seats),Wagon,73129,Automatic,,Diesel,VIC
2026-01-25T15:33:31,listed,car/14926760/toyota/yaris/vic/camberwell/hatchback,19990.0,,,2019,Toyota,Yaris,Ascent,Hatchback,66508,Automatic,2026-03-16,Unleaded,VIC
2026-01-25T15:33:31,listed,car/14926116/toyota/hilux/vic/heidelberg/dual-cab,56777.0,,,2021,Toyota,Hilux,Sr5 (4X4),Double Cab Pick Up,72983,Automatic,2026-04-10,Diesel,VIC
2026-01-25T15:33:31,listed,car/14925845/toyota/rav4/vic/nunawading/suv,27990.0,,,2016,Toyota,RAV4,Gxl (2Wd),Wagon,104853,Automatic,,Unleaded,VIC
2026-01-25T15:33:31,listed,car/14926762/toyota/rav4/vic/camberwell/suv,35990.0,,,2022,Toyota,RAV4,Gx (2Wd) Hybrid,Wagon,114004,Automatic,,Hybrid,VIC
2026-01-25T15:33:31,listed,car/14924934/toyota/yaris/vic/camberwell/hatchback,18990.0,,,2016,Toyota,Yaris,Ascent,Hatchback,72327,Automatic,2026-04-20,Unleaded,VIC
2026-01-25T15:33:31,listed,car/14924442/toyota/camry/vic/nunawading/sedan,27990.0,,,2022,Toyota,Camry,Ascent,Sedan,94691,Automatic,,Premium,VIC
2026-01-25T15:33:31,listed,car/14918552/toyota/camry/vic/narre-warren/sedan,34888.0,,,2023,Toyota,Camry,Ascent,Sedan,55305,Automatic,,Premium,VIC
2026-01-25T15:33:31,listed,car/14912868/toyota/corolla/vic/dandenong/sedan,8000.0,,,2007,Toyota,Corolla,Ascent,Sedan,259000,Automatic,2026-01-08,Unleaded,VIC
2026-01-25T15:33:31,listed,car/14897779/toyota/camry/vic/narre-warren/sedan,34990.0,,,2024,Toyota,Camry,Ascent,Sedan,52490,Automatic,,Premium,VIC
2026-01-25T15:33:31,listed,car/14864359/toyota/hiace/vic/dandenong-south/van,27999.0,,,2016,Toyota,HiAce,KDH221R,Commercial,160244,Automatic,,Diesel,VIC
2026-01-25T15:33:31,listed,car/14871905/toyota/yaris-cross/vic/frankston/suv,36990.0,,,2025,Toyota,Yaris Cross,Gx Hybrid,Wagon,18143,Automatic,,Hybrid,VIC
2026-01-25T15:33:31,listed,car/14875218/toyota/hilux/vic/narre-warren/single-cab,25990.0,,,2021,Toyota,Hilux,Workmate,Cab Chassis,90393,Manual,,Unleaded,VIC
2026-01-25T15:33:31,listed,car/14815153/toyota/landcruiser/vic/narre-warren/suv,135333.0,,,2022,Toyota,Landcruiser,Lc300 Sahara Zx (4X4),Wagon,35121,Automatic,,Diesel,VIC
2026-01-25T15:33:31,listed,car/14908969/toyota/kluger/vic/narre-warren/suv,69990.0,,,2022,Toyota,Kluger,Grande Hybrid Awd,Wagon,40082,Automatic,,Hybrid,VIC
2026-01-25T15:33:31,listed,car/14911395/toyota/hilux/vic/frankston/dual-cab,44990.0,,,2022,Toyota,Hilux,Sr (4X4),Double Cab Chassis,150070,Automatic,,Diesel,VIC
2026-01-25T15:33:31,listed,car/14898253/toyota/hilux/vic/narre-warren/dual-cab,59990.0,,,2019,Toyota,Hilux,Rugged X (4X4),Double Cab Pick Up,29865,Automatic,,Diesel,VIC
2026-01-25T15:33:31,listed,car/14851839/toyota/rav4/vic/frankston/suv,35990.0,,,2022,Toyota,RAV4,Gx (2Wd),Wagon,64572,Automatic,,Unleaded,VIC
2026-01-25T15:33:31,listed,car/14789284/toyota/hilux/vic/melton/dual-cab,39999.0,,,2017,Toyota,Hilux,Trd White (4X4),Dual Cab Utility,176257,Automatic,,Diesel,VIC
2026-01-25T15:33:31,listed,car/14883544/toyota/hilux/vic/frankston/single-cab,35990.0,,,2025,Toyota,Hilux,Workmate (4X2),Cab Chassis,6833,Manual,,Unleaded,VIC
2026-01-25T15:33:31,listed,car/14864494/toyota/aurion/vic/upper-ferntree-gully/sedan,10500.0,,,2007,Toyota,Aurion,Presara,Sedan,164315,Automatic,2026-02-28,Unleaded,VIC
2026-01-25T15:33:31,listed,car/14916198/toyota/kluger/vic/cranbourne-west/suv,13990.0,,,2013,Toyota,Kluger,Kx-R (Fwd) 5 Seat,Wagon,225000,Automatic,,Unleaded,VIC
2026-01-25T15:33:31,listed,car/14882973/toyota/landcruiser-prado/vic/frankston/suv,62990.0,,,2022,Toyota,Landcruiser Prado,Vx,Wagon,181419,Automatic,,Diesel,VIC
2026-01-25T15:33:31,listed,car/14813673/toyota/hilux/vic/melton/dual-cab,34999.0,,,2018,Toyota,Hilux,Sr Hi-Rider,Dual Cab Utility,134315,Automatic,2026-07-22,Diesel,VIC
2026-01-25T15:33:31,listed,car/14892925/toyota/corolla/vic/frankston/hatchback,26990.0,,,2019,Toyota,Corolla,Ascent Sport (Hybrid),Hatchback,66756,Automatic,,Hybrid,VIC
2026-01-25T15:33:31,listed,car/14856428/toyota/landcruiser/vic/dandenong-south/suv,54999.0,,,2018,Toyota,Landcruiser,GXL,SUV,375014,Automatic,,Diesel,VIC
2026-01-25T15:33:31,listed,car/14837136/toyota/landcruiser/vic/frankston/suv,128490.0,,,2021,Toyota,Landcruiser,Lc300 Sahara (4X4),Wagon,41789,Automatic,,Diesel,VIC
2026-01-25T15:33:31,listed,car/14924684/toyota/camry/vic/frankston/sedan,29990.0,,,2021,Toyota,Camry,Ascent,Sedan,100518,Automatic,,Premium,VIC
2026-01-25T15:33:31,listed,car/14928494/toyota/landcruiser/vic/frankston/suv,124990.0,,,2021,Toyota,Landcruiser,Gxl,Wagon,39583,Manual,,Diesel,VIC
2026-01-25T15:33:31,listed,car/14927036/toyota/landcruiser-prado/vic/seaford/suv,31950.0,,,2016,Toyota,Landcruiser Prado,Gxl (4X4),Wagon,215323,Automatic,2026-02-24,Diesel,VIC
2026-01-25T15:33:31,listed,car/14924237/toyota/hilux/vic/dandenong-south/pickup,35888.0,,,2018,Toyota,Hilux,WORKMATE (4X4),Ute Tray,133261,Automatic,,Diesel,VIC
2026-01-25T15:33:31,listed,car/14921324/toyota/corolla/vic/narre-warren/hatchback,28990.0,,,2024,Toyota,Corolla,Ascent Sport,Hatchback,50839,Automatic,,Unleaded,VIC
2026-01-25T15:33:31,listed,car/14923886/toyota/kluger/vic/frankston/suv,49990.0,,,2023,Toyota,Kluger,Gx Hybrid Awd,Wagon,71621,Automatic,,Hybrid,VIC
2026-01-25T15:33:31,listed,car/14926332/toyota/camry/vic/berwick/sedan,25800.0,,,2018,Toyota,Camry,Sx,Sedan,104454,Automatic,2026-09-07,Unleaded,VIC
2026-01-25T15:33:31,listed,car/14919250/toyota/corolla/vic/melton/hatchback,24999.0,,,2020,Toyota,Corolla,Ascent Sport,Hatchback,79424,Automatic,2026-03-10,Unleaded,VIC
2026-01-25T15:33:31,listed,car/14924162/toyota/hilux/vic/seaford/dual-cab,29990.0,,,2016,Toyota,Hilux,Sr5 (4X4),Dual Cab Utility,258806,Automatic,2026-02-24,Diesel,VIC
2026-01-25T15:33:31,listed,car/14920234/toyota/fortuner/vic/sunbury/suv,52990.0,,,2024,Toyota,Fortuner,Gx,Wagon,66057,Automatic,,Diesel,VIC
2026-01-25T15:33:31,listed,car/14921325/toyota/camry/vic/narre-warren/sedan,17990.0,,,2017,Toyota,Camry,Altise,Sedan,154466,Automatic,,Unleaded,VIC
2026-01-25T15:33:31,listed,car/14922480/toyota/hilux/vic/ferntree-gully/dual-cab,39800.0,,,2014,Toyota,Hilux,Sr5 Black (4X4),Dual Cab Pick-up,138667,Manual,2026-12-31,Diesel,VIC
2026-01-25T15:33:31,listed,car/14922785/toyota/hilux/vic/dandenong-south/pickup,29888.0,,,2017,Toyota,Hilux,SR,Ute Tray,293855,Manual,2026-06-07,Diesel,VIC
2026-01-25T15:33:31,listed,car/14924884/toyota/landcruiser/vic/dandenong-south/pickup,62999.0,,,2017,Toyota,Landcruiser,WORKMATE (4X4),Ute Tray,93411,Manual,,Diesel,VIC
2026-01-25T15:33:31,listed,car/14921527/toyota/kluger/vic/melton/suv,39999.0,,,2022,Toyota,Kluger,Grande Awd,Wagon,136807,Automatic,,Premium,VIC
2026-01-25T15:33:31,listed,car/14919326/toyota/yaris/vic/seaford/hatchback,8990.0,,,2018,Toyota,Yaris,Ascent,Hatchback,307464,Automatic,2026-04-24,Unleaded,VIC
2026-01-25T15:33:31,listed,car/14918340/toyota/yaris-cross/vic/narre-warren/suv,33990.0,,,2024,Toyota,Yaris Cross,Gx Hybrid,Wagon,47431,Automatic,,Hybrid,VIC
2026-01-25T15:33:31,listed,car/14928386/toyota/rav4/vic/dandenong/suv,18999.0,,,2013,Toyota,RAV4,Cruiser (4X4),Wagon,180157,Automatic,2027-01-02,Diesel,VIC
2026-01-25T15:33:31,listed,car/14928379/toyota/corolla/vic/dandenong/hatchback,11999.0,,,2010,Toyota,Corolla,Ascent,Hatchback,167000,Automatic,2025-07-20,Unleaded,VIC
2026-01-25T15:33:31,listed,car/14920385/toyota/rav4/vic/frankston/suv,48990.0,,,2024,Toyota,RAV4,Gxl (2Wd) Hybrid,Wagon,27073,Automatic,,Hybrid,VIC
2026-01-25T15:33:31,listed,car/14913038/toyota/corolla/vic/narre-warren/hatchback,15990.0,,,2015,Toyota,Corolla,Ascent,Hatchback,157092,Automatic,,Unleaded,VIC
2026-01-25T15:33:31,listed,car/14767677/toyota/rav4/vic/frankston/suv,35490.0,,,2019,Toyota,RAV4,Gxl (2Wd),Wagon,30667,Automatic,,Unleaded,VIC
2026-01-25T15:33:31,listed,car/14896780/toyota/landcruiser-prado/vic/seaford/suv,51950.0,,,2019,Toyota,Landcruiser Prado,Vx (4X4),Wagon,186000,Automatic,2026-03-26,Diesel,VIC
2026-01-25T15:33:31,listed,car/14890803/toyota/hilux/vic/dandenong-south/pickup,28999.0,,,2018,Toyota,Hilux,SR (4X4),Ute Tray,235434,Manual,,Diesel,VIC
2026-01-25T15:33:31,listed,car/14824800/toyota/landcruiser/vic/narre-warren/suv,128990.0,,,2022,Toyota,Landcruiser,Lc300 Sahara (4X4),Wagon,46881,Automatic,,Diesel,VIC
2026-01-25T15:33:31,listed,car/14841725/toyota/landcruiser/vic/dandenong-south/suv,57999.0,,,2017,Toyota,Landcruiser,GXL (4X4),SUV,363828,Automatic,2026-05-20,Diesel,VIC
2026-01-25T15:33:31,listed,car/14883413/toyota/hilux/vic/frankston/dual-cab,65990.0,,,2022,Toyota,Hilux,Rugged X (4X4),Double Cab Pick Up,43332,Automatic,2026-03-11,Diesel,VIC
2026-01-25T15:33:31,listed,car/14892334/toyota/hilux/vic/dandenong-south/pickup,28888.0,,,2018,Toyota,Hilux,SR,Ute Tray,240808,Manual,,Diesel,VIC
2026-01-25T15:33:31,listed,car/14907283/toyota/fortuner/vic/narre-warren/suv,47990.0,,,2018,Toyota,Fortuner,Crusade,Wagon,74889,Automatic,,Diesel,VIC
2026-01-25T15:33:31,listed,car/14917304/toyota/rav4/vic/narre-warren/suv,36990.0,,,2022,Toyota,RAV4,Gx (Awd) Hybrid,Wagon,102000,Automatic,,Hybrid,VIC
2026-01-25T15:33:31,listed,car/14919298/toyota/camry/vic/ferntree-gully/sedan,15990.0,,,2014,Toyota,Camry,Altise,Sedan,129514,Automatic,2026-06-06,Unleaded,VIC
2026-01-25T15:33:31,listed,car/14918600/toyota/hilux/vic/frankston/dual-cab,52990.0,,,2021,Toyota,Hilux,Sr5 (4X4),Double Cab Chassis,123709,Automatic,,Diesel,VIC
2026-01-25T15:33:31,listed,car/14920509/toyota/rav4/vic/sunbury/suv,61950.0,,,2024,Toyota,RAV4,Cruiser (Awd) Hybrid,Wagon,10854,Automatic,2026-03-22,Hybrid,VIC
2026-01-25T15:33:31,listed,car/14920697/toyota/rav4/vic/narre-warren/suv,40990.0,,,2021,Toyota,RAV4,Gx (Awd) Hybrid,Wagon,53725,Automatic,,Hybrid,VIC
2026-01-25T15:33:31,listed,car/14918599/toyota/fortuner/vic/frankston/suv,59990.0,,,2025,Toyota,Fortuner,Gx,Wagon,10530,Automatic,,Diesel,VIC
2026-01-25T15:33:31,listed,car/14918598/toyota/rav4/vic/frankston/suv,58990.0,,,2024,Toyota,RAV4,Cruiser (Awd) Hybrid,Wagon,32918,Automatic,,Hybrid,VIC
2026-01-25T15:33:31,listed,car/14918288/toyota/landcruiser/vic/dandenong-south/dual-cab,64999.0,,,2015,Toyota,Landcruiser,Workmate (4X4),Double Cab Chassis,183264,Manual,,Diesel,VIC
2026-01-25T15:33:31,listed,car/14894366/toyota/hilux/vic/dandenong-south/pickup,39999.0,,,2020,Toyota,Hilux,SR,Ute Tray,76825,Automatic,,Diesel,VIC
2026-01-25T15:33:31,listed,car/14921326/toyota/camry/vic/narre-warren/sedan,28990.0,,,2019,Toyota,Camry,Ascent Sport,Sedan,34556,Automatic,,Unleaded,VIC
2026-01-25T15:33:31,listed,car/14927724/toyota/corolla/vic/dandenong/hatchback,15999.0,,,2015,Toyota,Corolla,Ascent Sport,Hatchback,159084,Automatic,2026-05-29,Unleaded,VIC
2026-01-25T15:33:31,listed,car/14924131/toyota/camry/vic/nunawading/sedan,9999.0,,,2010,Toyota,Camry,Hybrid,Sedan,267000,Automatic,2026-03-15,Hybrid,VIC
2026-01-25T15:33:31,listed,car/14926346/toyota/corolla/vic/heidelberg/hatchback,29777.0,,,2022,Toyota,Corolla,Ascent Sport Hybrid,Hatchback,41423,Automatic,2026-05-11,Hybrid,VIC
2026-01-25T15:33:31,listed,car/14928514/toyota/hilux/vic/moorabbin/dual-cab,44888.0,,,2017,Toyota,Hilux,Sr5 (4X4),Dual Cab Utility,164787,Automatic,2026-02-26,Diesel,VIC
2026-01-25T15:33:31,listed,car/14925342/toyota/corolla/vic/burwood/sedan,27995.0,,,2022,Toyota,Corolla,Ascent Sport Hybrid,Sedan,90803,Automatic,2026-05-15,Hybrid,VIC
2026-01-25T15:33:31,listed,car/14927284/toyota/corolla/vic/moorabbin/hatchback,14888.0,,,2013,Toyota,Corolla,Ascent Sport,Hatchback,124989,Automatic,2026-01-29,Unleaded,VIC
2026-01-25T15:33:31,listed,car/14925232/toyota/kluger/vic/burwood/suv,35480.0,,,2018,Toyota,Kluger,Gxl (4X4),Wagon,100736,Automatic,2026-07-16,Unleaded,VIC
2026-01-25T15:33:31,listed,car/14819056/toyota/hiace/vic/frankston/people-mover,52990.0,,,2020,Toyota,HiAce,Commuter (12 Seats),Bus,120097,Automatic,,Diesel,VIC
2026-01-25T15:33:31,listed,car/14833993/toyota/rav4/vic/narre-warren/suv,59990.0,,,2024,Toyota,RAV4,Edge (Awd) Hybrid,Wagon,25881,Automatic,,Hybrid,VIC
2026-01-25T15:33:31,listed,car/14882848/toyota/rav4/vic/narre-warren/suv,44990.0,,,2024,Toyota,RAV4,Gx (Awd) Hybrid,Wagon,53331,Automatic,,Hybrid,VIC
2026-01-25T15:33:31,listed,car/14866523/toyota/kluger/vic/narre-warren/suv,68990.0,,,2024,Toyota,Kluger,Gxl Hybrid Awd,Wagon,8758,Automatic,,Hybrid,VIC
2026-01-25T15:33:31,listed,car/14903636/toyota/hiace/vic/frankston/van,49990.0,,,2021,Toyota,HiAce,Lwb,Van,45550,Automatic,2026-09-08,Diesel,VIC
2026-01-25T15:33:31,listed,car/14889793/toyota/corolla/vic/frankston/hatchback,28990.0,,,2022,Toyota,Corolla,Ascent Sport Hybrid,Hatchback,55281,Automatic,,Hybrid,VIC
2026-01-25T15:33:31,listed,car/14875255/toyota/camry/vic/frankston/sedan,34990.0,,,2022,Toyota,Camry,Ascent,Sedan,30177,Automatic,,Premium,VIC
2026-01-25T15:33:31,listed,car/14851683/toyota/hilux/vic/dandenong-south/pickup,31999.0,,,2021,Toyota,Hilux,SR,Ute Tray,285352,Automatic,2025-12-20,Diesel,VIC
2026-01-25T15:33:31,listed,car/14808678/toyota/hilux/vic/frankston/single-cab,19990.0,,,2012,Toyota,Hilux,Sr,Cab Chassis,153728,Manual,,Diesel,VIC
2026-01-25T15:33:31,listed,car/14834888/toyota/hilux/vic/narre-warren/dual-cab,74990.0,,,2024,Toyota,Hilux,Rogue 48V (4X4),Double Cab Pick Up,18422,Automatic,,Hybrid,VIC
2026-01-25T15:33:31,listed,car/14900052/toyota/rav4/vic/frankston/suv,42990.0,,,2021,Toyota,RAV4,Cruiser (Awd) Hybrid,Wagon,107244,Automatic,,Hybrid,VIC
2026-01-25T15:33:31,listed,car/14891637/toyota/landcruiser/vic/sunbury/suv,104990.0,,,2023,Toyota,Landcruiser,Lc300 Vx (4X4),Wagon,130856,Automatic,,Diesel,VIC
2026-01-25T15:33:31,listed,car/14790950/toyota/rav4/vic/sunbury/suv,36990.0,,,2021,Toyota,RAV4,Gxl (2Wd),Wagon,75126,Automatic,2026-04-07,Unleaded,VIC
2026-01-25T15:33:31,listed,car/14877630/toyota/hiace/vic/narre-warren/people-mover,117990.0,,,2020,Toyota,HiAce,Commuter (12 Seats),Bus,42178,Automatic,,Diesel,VIC
2026-01-25T15:33:31,listed,car/14852825/toyota/rav4/vic/melton/suv,39999.0,,,2021,Toyota,RAV4,Gxl (2Wd) Hybrid,Wagon,67053,Automatic,2026-03-07,Hybrid,VIC
2026-01-25T15:33:31,listed,car/14844778/toyota/c-hr/vic/sunbury/suv,31880.0,,,2022,Toyota,C-HR,Gxl (2Wd),Wagon,17001,Automatic,2026-04-07,Premium,VIC
2026-01-25T15:33:31,listed,car/14896443/toyota/rav4/vic/frankston/suv,19990.0,,,2016,Toyota,RAV4,Gx (4X4),Wagon,180914,Automatic,,Diesel,VIC
2026-01-25T15:33:31,listed,car/14892754/toyota/landcruiser/vic/dandenong-south/pickup,59888.0,,,2019,Toyota,Landcruiser,WORKMATE (4X4),Ute Tray,179974,Manual,,Diesel,VIC
2026-01-25T15:33:31,listed,car/14904732/toyota/kluger/vic/narre-warren/suv,42500.0,,,2022,Toyota,Kluger,Gxl Awd,Wagon,117712,Automatic,,Premium,VIC
2026-01-25T15:33:31,listed,car/14865110/toyota/hilux/vic/dandenong-south/pickup,29999.0,,,2018,Toyota,Hilux,SR,Ute Tray,233116,Manual,,Diesel,VIC
2026-01-25T15:33:31,listed,car/14927471/toyota/rav4/vic/thomastown/suv,10490.0,,,2008,Toyota,RAV4,Cv (4X4),Wagon,232456,Automatic,2026-02-20,Unleaded,VIC
2026-01-25T15:33:31,listed,car/14923992/toyota/hilux/vic/essendon-fields/dual-cab,39990.0,,,2017,Toyota,Hilux,Sr (4X4),Dual Cab Utility,133062,Automatic,2026-03-05,Diesel,VIC
2026-01-25T15:33:31,listed,car/14927361/toyota/corolla/vic/burwood/hatchback,23995.0,,,2018,Toyota,Corolla,Ascent Sport,Hatchback,53359,Automatic,2026-05-19,Unleaded,VIC
2026-01-25T15:33:31,listed,car/14923913/toyota/kluger/vic/avondale-heights/suv,16999.0,,,2015,Toyota,Kluger,Gx (4X2),Wagon,245154,Automatic,2026-06-02,Unleaded,VIC
2026-01-25T15:33:31,listed,car/14921402/toyota/landcruiser-prado/vic/laverton-north/suv,32999.0,,,2016,Toyota,Landcruiser Prado,Gxl (4X4),Wagon,220000,Automatic,,Diesel,VIC
2026-01-25T15:33:31,listed,car/14922144/toyota/hilux/vic/oakleigh/dual-cab,63588.0,,,2022,Toyota,Hilux,Sr5 (4X4),Double Cab Chassis,74258,Automatic,,Diesel,VIC
2026-01-25T15:33:31,listed,car/14868366/toyota/hilux/vic/dandenong-south/pickup,33999.0,,,2021,Toyota,Hilux,WORKMATE,Ute Tray,220747,Automatic,,Diesel,VIC
2026-01-25T15:33:31,listed,car/14911307/toyota/rav4/vic/berwick/suv,41800.0,,,2021,Toyota,RAV4,Gxl (2Wd) Hybrid,Wagon,50678,Automatic,2026-01-11,Hybrid,VIC
2026-01-25T15:33:31,listed,car/14866052/toyota/camry/vic/frankston/sedan,33990.0,,,2023,Toyota,Camry,Ascent,Sedan,67742,Automatic,,Premium,VIC
2026-01-25T15:33:31,listed,car/14871295/toyota/rav4/vic/frankston/suv,44990.0,,,2021,Toyota,RAV4,Gxl (2Wd) Hybrid,Wagon,31000,Automatic,,Hybrid,VIC
2026-01-25T15:33:31,listed,car/14887879/toyota/kluger/vic/narre-warren/suv,61990.0,,,2024,Toyota,Kluger,Gx Hybrid Awd,Wagon,12278,Automatic,,Hybrid,VIC
2026-01-25T15:33:31,listed,car/14892926/toyota/rav4/vic/frankston/suv,41990.0,,,2021,Toyota,RAV4,Gxl (Awd) Hybrid,Wagon,74484,Automatic,,Hybrid,VIC
2026-01-25T15:33:31,listed,car/14911392/toyota/rav4/vic/frankston/suv,44990.0,,,2024,Toyota,RAV4,Gx (2Wd) Hybrid,Wagon,53070,Automatic,,Hybrid,VIC
2026-01-25T15:33:31,listed,car/14868304/toyota/kluger/vic/narre-warren/suv,58990.0,,,2024,Toyota,Kluger,Gx Hybrid Awd,Wagon,22214,Automatic,,Hybrid,VIC
2026-01-25T15:33:31,listed,car/14850693/toyota/corolla/vic/narre-warren/hatchback,34990.0,,,2024,Toyota,Corolla,Ascent Sport Hybrid,Hatchback,9174,Automatic,,Hybrid,VIC
2026-01-25T15:33:31,listed,car/14903422/toyota/corolla/vic/narre-warren/hatchback,30990.0,,,2023,Toyota,Corolla,Ascent Sport Hybrid,Hatchback,46334,Automatic,,Hybrid,VIC
2026-01-25T15:33:31,listed,car/14867600/toyota/kluger/vic/narre-warren/suv,62500.0,,,2024,Toyota,Kluger,Gx Hybrid Awd,Wagon,7186,Automatic,,Hybrid,VIC
2026-01-25T15:33:31,listed,car/14878574/toyota/kluger/vic/narre-warren/suv,55990.0,,,2022,Toyota,Kluger,Gxl Hybrid Awd,Wagon,95100,Automatic,,Hybrid,VIC
2026-01-25T15:33:31,listed,car/14871914/toyota/camry/vic/frankston/sedan,32990.0,,,2023,Toyota,Camry,Ascent,Sedan,78538,Automatic,,Premium,VIC
2026-01-25T15:33:31,listed,car/14911399/toyota/hilux/vic/frankston/dual-cab,71990.0,,,2024,Toyota,Hilux,Sr5 48V (4X4),Double Cab Chassis,20330,Automatic,,Hybrid,VIC
2026-01-25T15:33:31,listed,car/14832500/toyota/corolla/vic/frankston/hatchback,35990.0,,,2024,Toyota,Corolla,Ascent Sport Hybrid,Hatchback,17120,Automatic,,Hybrid,VIC
2026-01-25T15:33:31,listed,car/14851781/toyota/corolla/vic/narre-warren/sedan,28990.0,,,2022,Toyota,Corolla,Ascent Sport Hybrid,Sedan,77663,Automatic,,Hybrid,VIC
2026-01-25T15:33:31,listed,car/14896125/toyota/rav4/vic/frankston/suv,34990.0,,,2021,Toyota,RAV4,Gxl (Awd) Hybrid,Wagon,157290,Automatic,,Hybrid,VIC
2026-01-25T15:33:31,listed,car/14788337/toyota/hiace/vic/narre-warren/people-mover,63500.0,,,2021,Toyota,HiAce,Slwb Commuter (12 Seats),Bus,65190,Automatic,,Diesel,VIC
2026-01-25T15:33:31,listed,car/14913041/toyota/gr-yaris/vic/narre-warren/hatchback,45990.0,,,2022,Toyota,GR Yaris,Gr,Hatchback,52328,Manual,,Premium,VIC
2026-01-25T15:33:31,listed,car/14911393/toyota/rav4/vic/frankston/suv,58990.0,,,2023,Toyota,RAV4,Cruiser (Awd) Hybrid,Wagon,31244,Automatic,,Hybrid,VIC
2026-01-25T15:33:31,listed,car/14924292/toyota/c-hr/vic/nunawading/suv,33990.0,,,2020,Toyota,C-HR,Koba (2Wd) Hybrid,Wagon,79177,Automatic,,Hybrid,VIC
2026-01-25T15:33:31,listed,car/14923033/toyota/camry/vic/burwood/sedan,26726.0,,,2020,Toyota,Camry,Ascent,Sedan,126767,Automatic,2026-05-18,Unleaded,VIC
2026-01-25T15:33:31,listed,car/14922592/toyota/rav4/vic/oakleigh/suv,33888.0,,,2020,Toyota,RAV4,Gx (2Wd),Wagon,79514,Automatic,,Unleaded,VIC
2026-01-25T15:33:31,listed,car/14926337/toyota/rav4/vic/heidelberg/suv,43777.0,,,2022,Toyota,RAV4,Gxl (2Wd) Hybrid,Wagon,25047,Automatic,2026-07-23,Hybrid,VIC
2026-01-25T15:33:31,listed,car/14924926/toyota/corolla/vic/camberwell/hatchback,18990.0,,,2015,Toyota,Corolla,Ascent Sport,Hatchback,106518,Automatic,2026-07-05,Unleaded,VIC
2026-01-25T15:33:31,listed,car/14926339/toyota/rav4/vic/heidelberg/suv,28777.0,,,2018,Toyota,RAV4,Gxl (2Wd),Wagon,85646,Automatic,2026-05-28,Unleaded,VIC
2026-01-25T15:33:31,listed,car/14916231/toyota/kluger/vic/frankston/suv,37990.0,,,2019,Toyota,Kluger,Gxl (4X2),Wagon,78797,Automatic,,Unleaded,VIC
2026-01-25T15:33:31,listed,car/14903500/toyota/corolla/vic/frankston/hatchback,24990.0,,,2020,Toyota,Corolla,Ascent Sport (Hybrid),Hatchback,103252,Automatic,,Hybrid,VIC
2026-01-25T15:33:31,listed,car/14813089/toyota/rav4/vic/frankston/suv,33990.0,,,2020,Toyota,RAV4,Gxl (2Wd),Wagon,80963,Automatic,,Unleaded,VIC
2026-01-25T15:33:31,listed,car/14843750/toyota/rav4/vic/frankston/suv,39990.0,,,2022,Toyota,RAV4,Gx (Awd) Hybrid,Wagon,86178,Automatic,,Hybrid,VIC
2026-01-25T15:33:31,listed,car/14869357/toyota/rav4/vic/narre-warren/suv,42990.0,,,2024,Toyota,RAV4,Gx (2Wd) Hybrid,Wagon,55360,Automatic,,Hybrid,VIC
2026-01-25T15:33:31,listed,car/14841765/toyota/kluger/vic/narre-warren/suv,53500.0,,,2023,Toyota,Kluger,Gx Hybrid Awd,Wagon,66401,Automatic,,Hybrid,VIC
2026-01-25T15:33:31,listed,car/14877781/toyota/bz4x/vic/narre-warren/suv,53990.0,,,2024,Toyota,BZ4X,2Wd,Wagon,700,Automatic,,Electric,VIC
2026-01-25T15:33:31,listed,car/14833990/toyota/rav4/vic/narre-warren/suv,53990.0,,,2024,Toyota,RAV4,Xse (2Wd) Hybrid Premium Paint,Wagon,25450,Automatic,,Hybrid,VIC
2026-01-25T15:33:31,listed,car/14824801/toyota/landcruiser/vic/narre-warren/suv,108500.0,,,2023,Toyota,Landcruiser,Lc300 Gxl (4X4),Wagon,40990,Automatic,,Diesel,VIC
2026-01-25T15:33:31,listed,car/14825941/toyota/camry/vic/narre-warren/sedan,37990.0,,,2024,Toyota,Camry,Ascent,Sedan,32697,Automatic,,Premium,VIC
2026-01-25T15:33:31,listed,car/14775379/toyota/rav4/vic/sunbury/suv,41780.0,,,2021,Toyota,RAV4,Gxl (2Wd) Hybrid,Wagon,56120,Automatic,2026-05-21,Hybrid,VIC
2026-01-25T15:33:31,listed,car/14788493/toyota/camry/vic/narre-warren/sedan,31333.0,,,2021,Toyota,Camry,Ascent,Sedan,73796,Automatic,,Premium,VIC
2026-01-25T15:33:31,listed,car/14898828/toyota/yaris-cross/vic/narre-warren/suv,31500.0,,,2022,Toyota,Yaris Cross,Gxl Hybrid,Wagon,67000,Automatic,,Hybrid,VIC
2026-01-25T15:33:31,listed,car/14801239/toyota/landcruiser/vic/narre-warren/suv,106990.0,,,2023,Toyota,Landcruiser,Lc300 Gxl (4X4),Wagon,48840,Automatic,,Diesel,VIC
2026-01-25T15:33:31,listed,car/14868191/toyota/camry/vic/narre-warren/sedan,31500.0,,,2021,Toyota,Camry,Ascent,Sedan,86332,Automatic,,Premium,VIC
2026-01-25T15:33:31,listed,car/14896972/toyota/hilux/vic/frankston/dual-cab,49990.0,,,2022,Toyota,Hilux,Sr (4X4),Double Cab Pick Up,57001,Automatic,2026-07-05,Diesel,VIC
2026-01-25T15:33:31,listed,car/14866230/toyota/rav4/vic/frankston/suv,44990.0,,,2024,Toyota,RAV4,Gx (2Wd) Hybrid,Wagon,48108,Automatic,,Hybrid,VIC
2026-01-25T15:33:31,listed,car/14767675/toyota/rav4/vic/frankston/suv,39990.0,,,2022,Toyota,RAV4,Gx (Awd) Hybrid,Wagon,78788,Automatic,,Hybrid,VIC
2026-01-25T15:33:31,listed,car/14864813/toyota/camry/vic/frankston/sedan,33990.0,,,2023,Toyota,Camry,Ascent,Sedan,66528,Automatic,,Premium,VIC
2026-01-25T15:33:31,listed,car/14891865/toyota/kluger/vic/narre-warren/suv,61500.0,,,2023,Toyota,Kluger,Gx Hybrid Awd,Wagon,54101,Automatic,,Hybrid,VIC
2026-01-25T15:33:31,listed,car/14914311/toyota/rav4/vic/berwick/suv,61888.0,,,2025,Toyota,RAV4,Cruiser (2Wd) Hev,Wagon,6971,Automatic,,Hybrid,VIC
2026-01-25T15:33:31,listed,car/14822955/toyota/landcruiser/vic/cranbourne/suv,167777.0,,,2025,Toyota,Landcruiser,Lc300 Sahara Zx (4X4),Wagon,2487,Automatic,,Diesel,VIC
2026-01-25T15:33:31,listed,car/14840739/toyota/landcruiser/vic/mornington/suv,22800.0,,,2000,Toyota,Landcruiser,Gxl (4X4),Wagon,352707,Manual,,Unleaded,VIC
2026-01-25T15:33:31,listed,car/14884731/toyota/landcruiser/vic/berwick/suv,108888.0,,,2016,Toyota,Landcruiser,Sahara (4X4),Wagon,76352,Automatic,,Diesel,VIC
2026-01-25T15:33:31,listed,car/14890975/toyota/rav4/vic/mornington/suv,15990.0,,,2018,Toyota,RAV4,Gxl (2Wd),Wagon,246904,Automatic,2026-04-19,Unleaded,VIC
2026-01-25T15:33:31,listed,car/14834146/toyota/corolla/vic/frankston/hatchback,26990.0,,,2023,Toyota,Corolla,Ascent Sport,Hatchback,58206,Automatic,2026-06-03,Unleaded,VIC
2026-01-25T15:33:31,listed,car/14819781/toyota/kluger/vic/narre-warren/suv,25990.0,,,2015,Toyota,Kluger,Gx (4X2),Wagon,132105,Automatic,,Unleaded,VIC
2026-01-25T15:33:31,listed,car/14839160/toyota/yaris-cross/vic/narre-warren/suv,37333.0,,,2024,Toyota,Yaris Cross,Gxl Hybrid,Wagon,23436,Automatic,,Hybrid,VIC
2026-01-25T15:33:31,listed,car/14804435/toyota/camry/vic/sunbury/sedan,29990.0,,,2020,Toyota,Camry,Ascent Sport (Hybrid),Sedan,130001,Automatic,2026-02-12,Hybrid,VIC
2026-01-25T15:33:31,listed,car/14810619/toyota/landcruiser/vic/narre-warren/suv,127990.0,,,2022,Toyota,Landcruiser,Lc300 Sahara (4X4),Wagon,60995,Automatic,,Diesel,VIC
2026-01-25T15:33:31,listed,car/14790557/toyota/kluger/vic/narre-warren/suv,52888.0,,,2023,Toyota,Kluger,Gx Hybrid Awd,Wagon,51483,Automatic,,Hybrid,VIC
2026-01-25T15:33:31,listed,car/14835211/toyota/c-hr/vic/frankston/suv,42990.0,,,2023,Toyota,C-HR,Koba (2Wd) Hybrid,Wagon,31978,Automatic,,Hybrid,VIC
2026-01-25T15:33:31,listed,car/14790561/toyota/camry/vic/narre-warren/sedan,37888.0,,,2024,Toyota,Camry,Ascent,Sedan,37380,Automatic,,Premium,VIC
2026-01-25T15:33:31,listed,car/14873950/toyota/fortuner/vic/frankston/suv,50490.0,,,2023,Toyota,Fortuner,Gx,Wagon,40382,Automatic,,Diesel,VIC
2026-01-25T15:33:31,listed,car/14817377/toyota/camry/vic/frankston/sedan,37490.0,,,2024,Toyota,Camry,Ascent,Sedan,29774,Automatic,,Premium,VIC
2026-01-25T15:33:31,listed,car/14794862/toyota/rav4/vic/narre-warren/suv,39333.0,,,2022,Toyota,RAV4,Gx (2Wd) Hybrid,Wagon,54414,Automatic,,Hybrid,VIC
2026-01-25T15:33:31,listed,car/14875256/toyota/corolla/vic/frankston/hatchback,35990.0,,,2024,Toyota,Corolla,Ascent Sport Hybrid,Hatchback,10926,Automatic,,Hybrid,VIC
2026-01-25T15:33:31,listed,car/14893248/toyota/kluger/vic/narre-warren/suv,82500.0,,,2024,Toyota,Kluger,Grande Hybrid Awd,Wagon,11706,Automatic,,Hybrid,VIC
2026-01-25T15:33:31,listed,car/14893311/toyota/c-hr/vic/frankston/suv,26990.0,,,2017,Toyota,C-HR,(Awd),Wagon,66099,Automatic,,Premium,VIC
2026-01-25T15:33:31,listed,car/14840559/toyota/corolla/vic/frankston/hatchback,25990.0,,,2019,Toyota,Corolla,Ascent Sport,Hatchback,65140,Automatic,,Unleaded,VIC
2026-01-25T15:33:31,listed,car/14919284/toyota/hilux/vic/deer-park/dual-cab,58888.0,,,2021,Toyota,Hilux,Sr5 (4X4),Double Cab Pick Up,87270,Automatic,2026-02-04,Diesel,VIC
2026-01-25T15:33:31,listed,car/14920056/toyota/corolla/vic/nunawading/sedan,15500.0,,,2013,Toyota,Corolla,Ascent Sport,Sedan,123000,Automatic,2026-02-19,Unleaded,VIC
2026-01-25T15:33:31,listed,car/14917755/toyota/yaris/vic/nunawading/hatchback,12990.0,,,2012,Toyota,Yaris,Yrx,Hatchback,154190,Automatic,,Unleaded,VIC
2026-01-25T15:33:31,listed,car/14918440/toyota/tundra/vic/deer-park/dual-cab,142888.0,,,2024,Toyota,Tundra,Limited,Dual Cab Pick-up,23731,Automatic,2026-05-17,Hybrid,VIC
2026-01-25T15:33:31,listed,car/14921394/toyota/hilux/vic/bundoora/dual-cab,71955.0,,,2025,Toyota,Hilux,Sr5 48V (4X4),Double Cab Pick Up,2032,Automatic,2026-11-14,Hybrid,VIC
2026-01-25T15:33:31,listed,car/14926105/toyota/yaris-cross/vic/heidelberg/suv,39777.0,,,2024,Toyota,Yaris Cross,Gxl Hybrid,Wagon,5081,Automatic,2026-12-13,Hybrid,VIC
2026-01-25T15:33:31,listed,car/14891094/toyota/rav4/vic/cranbourne/suv,52990.0,,,2023,Toyota,RAV4,Xse (Awd) Hybrid Premium Paint,Wagon,44575,Automatic,,Hybrid,VIC
2026-01-25T15:33:31,listed,car/14816272/toyota/rav4/vic/berwick/suv,36388.0,,,2020,Toyota,RAV4,Gxl 2Wd Hybrid,Wagon,76849,Automatic,,Hybrid,VIC
2026-01-25T15:33:31,listed,car/14899905/toyota/hiace/vic/cranbourne/othercar,78490.0,,,2020,Toyota,HiAce,,OtherCar,43623,Automatic,,Diesel,VIC
2026-01-25T15:33:31,listed,car/14875789/toyota/c-hr/vic/berwick/suv,28499.0,,,2018,Toyota,C-HR,Koba (2Wd),Wagon,25287,Automatic,,Premium,VIC
2026-01-25T15:33:31,listed,car/14883240/toyota/landcruiser-prado/vic/mornington/suv,84990.0,,,2023,Toyota,Landcruiser Prado,Vx,Wagon,22549,Automatic,2026-03-31,Diesel,VIC
2026-01-25T15:33:31,listed,car/14890393/toyota/landcruiser/vic/berwick/suv,119999.0,,,2020,Toyota,Landcruiser,Lc200 Sahara (4X4),Wagon,85784,Automatic,,Diesel,VIC
2026-01-25T15:33:31,listed,car/14870845/toyota/hilux/vic/berwick/dual-cab,15888.0,,,2009,Toyota,Hilux,Sr5,Dual Cab Pick-up,374863,Automatic,,Unleaded,VIC
2026-01-25T15:33:31,listed,car/14872820/toyota/landcruiser-prado/vic/mornington/suv,47990.0,,,2020,Toyota,Landcruiser Prado,Gxl,Wagon,171664,Automatic,2026-02-06,Diesel,VIC
2026-01-25T15:33:31,listed,car/14834474/toyota/landcruiser/vic/cranbourne/suv,113990.0,,,2019,Toyota,Landcruiser,Lc200 Sahara (4X4),Wagon,138053,Automatic,,Diesel,VIC
2026-01-25T15:33:31,listed,car/14865987/toyota/landcruiser/vic/cranbourne/suv,143990.0,,,2023,Toyota,Landcruiser,Lc76 Gxl + Diff Locks,Wagon,10,Manual,,Diesel,VIC
2026-01-25T15:33:31,listed,car/14877628/toyota/landcruiser/vic/cranbourne/dual-cab,144990.0,,,2024,Toyota,Landcruiser,Lc79 Gxl,Double Cab Chassis,83,Manual,,Diesel,VIC
2026-01-25T15:33:31,listed,car/14820329/toyota/hilux/vic/cranbourne/single-cab,25990.0,,,2021,Toyota,Hilux,Workmate,Cab Chassis,84937,Manual,,Unleaded,VIC
2026-01-25T15:33:31,listed,car/14904377/toyota/landcruiser-prado/vic/berwick/suv,76999.0,,,2021,Toyota,Landcruiser Prado,Kakadu,Wagon,63285,Automatic,,Diesel,VIC
2026-01-25T15:33:31,listed,car/14909426/toyota/kluger/vic/cranbourne/suv,42990.0,,,2019,Toyota,Kluger,Grande (4X4),Wagon,106666,Automatic,,Unleaded,VIC
2026-01-25T15:33:31,listed,car/14907980/toyota/fortuner/vic/cranbourne/suv,64990.0,,,2025,Toyota,Fortuner,Gxl,Wagon,1048,Automatic,,Diesel,VIC
2026-01-25T15:33:31,listed,car/14892866/toyota/corolla/vic/berwick/hatchback,19888.0,,,2013,Toyota,Corolla,Ascent Sport,Hatchback,67726,Automatic,,Unleaded,VIC
2026-01-25T15:33:31,listed,car/14839333/toyota/landcruiser/vic/mornington/suv,51800.0,,,2009,Toyota,Landcruiser,Sahara (4X4),Wagon,239893,Automatic,2026-06-06,Diesel,VIC
2026-01-25T15:33:31,listed,car/14811031/toyota/rav4/vic/cranbourne/suv,16490.0,,,2013,Toyota,RAV4,Gxl (4X4),Wagon,172266,Manual,,Diesel,VIC
2026-01-25T15:33:31,listed,car/14853153/toyota/landcruiser-prado/vic/mornington/suv,89990.0,,,2022,Toyota,Landcruiser Prado,Kakadu,Wagon,35940,Automatic,2026-02-11,Diesel,VIC
2026-01-25T15:33:31,listed,car/14803241/toyota/hilux/vic/burwood/dual-cab,43995.0,,,2017,Toyota,Hilux,Sr (4X4),Dual Cab Utility,64335,Automatic,2026-03-06,Diesel,VIC
2026-01-25T15:33:31,listed,car/14810059/toyota/c-hr/vic/nunawading/suv,49450.0,,,2024,Toyota,C-HR,Koba Hybrid,Wagon,14318,Automatic,2026-01-07,Hybrid,VIC
2026-01-25T15:33:31,listed,car/14919146/toyota/corolla/vic/camberwell/hatchback,26990.0,,,2018,Toyota,Corolla,Ascent Sport (Hybrid),Hatchback,93913,Automatic,2026-06-16,Hybrid,VIC
2026-01-25T15:33:31,listed,car/14919280/toyota/corolla/vic/deer-park/sedan,23888.0,,,2016,Toyota,Corolla,Ascent,Sedan,91651,Automatic,,Unleaded,VIC
2026-01-25T15:33:31,listed,car/14918005/toyota/rav4/vic/nunawading/suv,42990.0,,,2022,Toyota,RAV4,Gx (2Wd) Hybrid,Wagon,34991,Automatic,,Hybrid,VIC
2026-01-25T15:33:31,listed,car/14919279/toyota/landcruiser-prado/vic/deer-park/suv,44888.0,,,2017,Toyota,Landcruiser Prado,Gxl (4X4),Wagon,167021,Automatic,2026-05-04,Diesel,VIC
2026-01-25T15:33:31,listed,car/14921242/toyota/landcruiser-prado/vic/berwick/suv,89999.0,,,2024,Toyota,Landcruiser Prado,Gxl,Wagon,19603,Automatic,,Diesel,VIC
2026-01-25T15:33:31,listed,car/14924608/toyota/corolla-cross/vic/cranbourne/suv,44990.0,,,2024,Toyota,Corolla Cross,Gxl Awd Hybrid,Wagon,9458,Automatic,,Hybrid,VIC
2026-01-25T15:33:31,listed,car/14921895/toyota/fortuner/vic/mornington/suv,49888.0,,,2021,Toyota,Fortuner,Crusade,Wagon,85001,Automatic,2026-04-16,Diesel,VIC
2026-01-25T15:33:31,listed,car/14921239/toyota/corolla/vic/berwick/sedan,28999.0,,,2022,Toyota,Corolla,Ascent Sport Hybrid,Sedan,41058,Automatic,,Hybrid,VIC
2026-01-25T15:33:31,listed,car/14918194/toyota/granvia/vic/cranbourne/people-mover,84990.0,,,2024,Toyota,Granvia,Vx (6 Seats),Wagon,39572,Automatic,,Diesel,VIC
2026-01-25T15:33:31,listed,car/14899903/toyota/rav4/vic/cranbourne/suv,54990.0,,,2023,Toyota,RAV4,Cruiser (Awd) Hybrid,Wagon,47896,Automatic,,Hybrid,VIC
2026-01-25T15:33:31,listed,car/14850697/toyota/hilux/vic/cranbourne/dual-cab,91490.0,,,2024,Toyota,Hilux,Gr-Sport (4X4),Double Cab Pick Up,1569,Automatic,,Diesel,VIC
2026-01-25T15:33:31,listed,car/14876123/toyota/hiace/vic/mornington/van,44990.0,,,2019,Toyota,HiAce,Slwb,Van,140915,Automatic,2026-01-30,Diesel,VIC
2026-01-25T15:33:31,listed,car/14894373/toyota/landcruiser-prado/vic/cranbourne/suv,55990.0,,,2021,Toyota,Landcruiser Prado,Gx,Wagon,85370,Automatic,,Diesel,VIC
2026-01-25T15:33:31,listed,car/14904871/toyota/kluger/vic/berwick/suv,56999.0,,,2021,Toyota,Kluger,Grande Hybrid Awd,Wagon,73540,Automatic,,Hybrid,VIC
2026-01-25T15:33:31,listed,car/14839332/toyota/landcruiser-prado/vic/mornington/suv,28800.0,,,2005,Toyota,Landcruiser Prado,KAKADU,SUV,437000,Automatic,,Diesel,VIC
2026-01-25T15:33:31,listed,car/14804719/toyota/supra/vic/berwick/coupe,92999.0,,,2023,Toyota,Supra,Gts,Coupe,36790,Manual,,Premium,VIC
2026-01-25T15:33:31,listed,car/14853875/toyota/rav4/vic/berwick/suv,37499.0,,,2021,Toyota,RAV4,Cruiser (2Wd) Hybrid,Wagon,142147,Automatic,,Hybrid,VIC
2026-01-25T15:33:31,listed,car/14882853/toyota/landcruiser-prado/vic/cranbourne/suv,58990.0,,,2021,Toyota,Landcruiser Prado,Gxl,Wagon,147552,Automatic,,Diesel,VIC
2026-01-25T15:33:31,listed,car/14840131/toyota/hilux/vic/berwick/dual-cab,47999.0,,,2020,Toyota,Hilux,Sr5 (4X4),Double Cab Pick Up,114517,Automatic,,Diesel,VIC
2026-01-25T15:33:31,listed,car/14803755/toyota/rav4/vic/berwick/suv,29888.0,,,2017,Toyota,RAV4,Gxl (2Wd),Wagon,57716,Automatic,,Unleaded,VIC
2026-01-25T15:33:31,listed,car/14794825/toyota/landcruiser/vic/berwick/suv,112999.0,,,2023,Toyota,Landcruiser,Lc300 Sahara Zx (4X4),Wagon,147687,Automatic,,Diesel,VIC
2026-01-25T15:33:31,listed,car/14838605/toyota/kluger/vic/berwick/suv,36999.0,,,2019,Toyota,Kluger,Gxl Black Edition (Awd),Wagon,106456,Automatic,,Unleaded,VIC
2026-01-25T15:33:31,listed,car/14825316/toyota/kluger/vic/berwick/suv,36999.0,,,2019,Toyota,Kluger,Gxl (4X2),Wagon,69573,Automatic,,Unleaded,VIC
2026-01-25T15:33:31,listed,car/14860698/toyota/yaris-cross/vic/mentone/suv,38990.0,,,2025,Toyota,Yaris Cross,GX,SUV,16602,,,Hybrid,VIC
2026-01-25T15:33:31,listed,car/14832266/toyota/hilux/vic/heidelberg/dual-cab,49777.0,,,2019,Toyota,Hilux,Sr5 (4X4),Double Cab Pick Up,93409,Automatic,2026-11-26,Diesel,VIC
2026-01-25T15:33:31,listed,car/14925987/toyota/hilux/vic/berwick/single-cab,31999.0,,,2022,Toyota,Hilux,Workmate (4X2),Cab Chassis,34232,Automatic,,Unleaded,VIC
2026-01-25T15:33:31,listed,car/14923784/toyota/rav4/vic/cranbourne/suv,44990.0,,,2024,Toyota,RAV4,Gx (2Wd) Hybrid,Wagon,47885,Automatic,,Hybrid,VIC
2026-01-25T15:33:31,listed,car/14924968/toyota/camry/vic/mornington/sedan,24988.0,,,2020,Toyota,Camry,Ascent,Sedan,172634,Automatic,2026-04-14,Unleaded,VIC
2026-01-25T15:33:31,listed,car/14927429/toyota/kluger/vic/cranbourne/suv,53888.0,,,2023,Toyota,Kluger,Gx Hybrid Awd,Wagon,60804,Automatic,,Hybrid,VIC
2026-01-25T15:33:31,listed,car/14925705/toyota/rav4/vic/cranbourne/suv,35490.0,,,2022,Toyota,RAV4,Gxl (Awd) Hybrid,Wagon,142681,Automatic,,Hybrid,VIC
2026-01-25T15:33:31,listed,car/14923782/toyota/rav4/vic/cranbourne/suv,47990.0,,,2020,Toyota,RAV4,Cruiser Awd Hybrid,Wagon,54219,Automatic,,Hybrid,VIC
2026-01-25T15:33:31,listed,car/14921755/toyota/c-hr/vic/mornington/suv,42990.0,,,2024,Toyota,C-HR,Gxl Hybrid,Wagon,32815,Automatic,,Hybrid,VIC
2026-01-25T15:33:31,listed,car/14924535/toyota/corolla/vic/berwick/hatchback,36999.0,,,2020,Toyota,Corolla,Zr (Hybrid),Hatchback,17637,Automatic,,Hybrid,VIC
2026-01-25T15:33:31,listed,car/14923755/toyota/corolla/vic/berwick/hatchback,19999.0,,,2014,Toyota,Corolla,Ascent Sport,Hatchback,83723,Automatic,,Unleaded,VIC
2026-01-25T15:33:31,listed,car/14924760/toyota/kluger/vic/mornington/suv,35999.0,,,2019,Toyota,Kluger,Gxl (4X4),Wagon,118097,Automatic,2026-06-30,Unleaded,VIC
2026-01-25T15:33:31,listed,car/14921238/toyota/hilux/vic/berwick/dual-cab,47999.0,,,2021,Toyota,Hilux,Sr (4X4),Double Cab Chassis,98306,Automatic,,Diesel,VIC
2026-01-25T15:33:31,listed,car/14921480/toyota/fj-cruiser/vic/cranbourne/suv,39990.0,,,2014,Toyota,FJ Cruiser,,Wagon,174772,Automatic,,Premium,VIC
2026-01-25T15:33:31,listed,car/14921757/toyota/camry/vic/mornington/sedan,24990.0,,,2018,Toyota,Camry,Ascent,Sedan,95407,Automatic,2026-04-03,Unleaded,VIC
2026-01-25T15:33:31,listed,car/14921707/toyota/corolla/vic/cranbourne/hatchback,24990.0,,,2016,Toyota,Corolla,Ascent Sport,Hatchback,25364,Automatic,,Unleaded,VIC
2026-01-25T15:33:31,listed,car/14922837/toyota/corolla/vic/mornington/hatchback,20990.0,,,2019,Toyota,Corolla,Ascent Sport (Hybrid),Hatchback,128936,Automatic,2026-02-07,Hybrid,VIC
2026-01-25T15:33:31,listed,car/14921756/toyota/hilux/vic/mornington/dual-cab,31990.0,,,2017,Toyota,Hilux,Sr Hi-Rider,Dual Cab Utility,130212,Automatic,2026-06-11,Diesel,VIC
2026-01-25T15:33:31,listed,car/14925710/toyota/fortuner/vic/cranbourne/suv,40888.0,,,2024,Toyota,Fortuner,Gx,Wagon,157715,Automatic,,Diesel,VIC
2026-01-25T15:33:31,listed,car/14925832/toyota/corolla/vic/berwick/hatchback,36999.0,,,2023,Toyota,Corolla,Zr,Hatchback,43007,Automatic,,Unleaded,VIC
2026-01-25T15:33:31,listed,car/14923979/toyota/rav4/vic/cranbourne/suv,20990.0,,,2018,Toyota,RAV4,Gx (2Wd),Wagon,168309,Automatic,,Unleaded,VIC
2026-01-25T15:33:31,listed,car/14810430/toyota/kluger/vic/cranbourne/suv,58990.0,,,2022,Toyota,Kluger,Gxl Hybrid Awd,Wagon,44324,Automatic,,Hybrid,VIC
2026-01-25T15:33:31,listed,car/14871873/toyota/kluger/vic/cranbourne/suv,43990.0,,,2021,Toyota,Kluger,Gxl Awd,Wagon,91254,Automatic,,Premium,VIC
2026-01-25T15:33:31,listed,car/14810389/toyota/fortuner/vic/cranbourne/suv,46990.0,,,2023,Toyota,Fortuner,Gx,Wagon,54300,Automatic,,Diesel,VIC
2026-01-25T15:33:31,listed,car/14904901/toyota/hilux/vic/cranbourne/dual-cab,61888.0,,,2023,Toyota,Hilux,Sr5 (4X4),Double Cab Pick Up,49993,Automatic,,Hybrid,VIC
2026-01-25T15:33:31,listed,car/14897158/toyota/hiace/vic/mornington/van,64990.0,,,2024,Toyota,HiAce,Slwb Barn Door,Van,43701,Automatic,2026-10-31,Diesel,VIC
2026-01-25T15:33:31,listed,car/14836046/toyota/landcruiser/vic/cranbourne/dual-cab,106990.0,,,2023,Toyota,Landcruiser,Lc79 Workmate,Double Cab Chassis,20227,Manual,,Diesel,VIC
2026-01-25T15:33:31,listed,car/14869277/toyota/fortuner/vic/berwick/suv,60990.0,,,2023,Toyota,Fortuner,Crusade,Wagon,37857,Automatic,2026-05-12,Diesel,VIC
2026-01-25T15:33:31,listed,car/14843091/toyota/rav4/vic/cranbourne/suv,57490.0,,,2024,Toyota,RAV4,Cruiser (Awd) Hybrid,Wagon,29639,Automatic,,Hybrid,VIC
2026-01-25T15:33:31,listed,car/14850889/toyota/landcruiser/vic/cranbourne/suv,110990.0,,,2024,Toyota,Landcruiser,Lc300 Gxl (4X4),Wagon,52902,Automatic,,Diesel,VIC
2026-01-25T15:33:31,listed,car/14883764/toyota/hiace/vic/cranbourne/van,40990.0,,,2019,Toyota,HiAce,Lwb,Van,142657,Automatic,,Diesel,VIC
2026-01-25T15:33:31,listed,car/14837835/toyota/hilux/vic/cranbourne/single-cab,28990.0,,,2021,Toyota,Hilux,Workmate,Cab Chassis,34001,Manual,,Unleaded,VIC
2026-01-25T15:33:31,listed,car/14848748/toyota/corolla/vic/mornington/sedan,29990.0,,,2023,Toyota,Corolla,Ascent Sport Hybrid,Sedan,82308,Automatic,2025-12-22,Hybrid,VIC
2026-01-25T15:33:31,listed,car/14855801/toyota/corolla-cross/vic/cranbourne/suv,39490.0,,,2024,Toyota,Corolla Cross,Gx 2Wd,Wagon,16191,Automatic,,Unleaded,VIC
2026-01-25T15:33:31,listed,car/14810463/toyota/c-hr/vic/cranbourne/suv,26490.0,,,2019,Toyota,C-HR,(2Wd),Wagon,58092,Automatic,,Premium,VIC
2026-01-25T15:33:31,listed,car/14917962/toyota/corolla/vic/berwick/hatchback,23999.0,,,2018,Toyota,Corolla,Ascent Sport,Hatchback,71478,Manual,,Unleaded,VIC
2026-01-25T15:33:31,listed,car/14917877/toyota/rav4/vic/cranbourne/suv,37490.0,,,2019,Toyota,RAV4,Edge Awd,Wagon,70979,Automatic,,Unleaded,VIC
2026-01-25T15:33:31,listed,car/14917967/toyota/landcruiser/vic/berwick/suv,131999.0,,,2021,Toyota,Landcruiser,Lc200 Sahara (4X4),Wagon,70324,Automatic,,Diesel,VIC
2026-01-25T15:33:31,listed,car/14928832/toyota/landcruiser/vic/officer/dual-cab,89975.0,,,2013,Toyota,Landcruiser,Workmate (4X4),Double Cab Chassis,231767,Manual,,Diesel,VIC
2026-01-25T15:33:31,listed,car/14925707/toyota/rav4/vic/cranbourne/suv,24990.0,,,2013,Toyota,RAV4,Gx (4X4),Wagon,103662,Automatic,,Unleaded,VIC
2026-01-25T15:33:31,listed,car/14902273/toyota/gr86/vic/camberwell/coupe,48990.0,,,2024,Toyota,GR86,Gts,Coupe,10338,Automatic,2026-08-08,Premium,VIC
2026-01-25T15:33:31,listed,car/14797301/toyota/rav4/vic/camberwell/suv,59990.0,,,2024,Toyota,RAV4,Cruiser (2Wd) Hybrid,Wagon,5369,Automatic,2026-07-24,Hybrid,VIC
2026-01-25T15:33:31,listed,car/14828772/toyota/landcruiser/vic/cranbourne/suv,108490.0,,,2023,Toyota,Landcruiser,Lc300 Gxl (4X4),Wagon,46794,Automatic,,Diesel,VIC
2026-01-25T15:33:31,listed,car/14886256/toyota/hiace/vic/cranbourne/van,58490.0,,,2024,Toyota,HiAce,Lwb (4 Door Option),Van,15568,Automatic,,Diesel,VIC
2026-01-25T15:33:31,listed,car/14852501/toyota/hilux/vic/berwick/single-cab,36888.0,,,2023,Toyota,Hilux,Workmate Hi-Rider (4X2),Cab Chassis,8243,Manual,,Diesel,VIC
2026-01-25T15:33:31,listed,car/14884474/toyota/hiace/vic/mornington/people-mover,54990.0,,,2019,Toyota,HiAce,Commuter (12 Seats),Bus,91450,Automatic,2026-03-01,Diesel,VIC
2026-01-25T15:33:31,listed,car/14893946/toyota/corolla/vic/cranbourne/sedan,31990.0,,,2023,Toyota,Corolla,Ascent Sport Hybrid,Sedan,60396,Automatic,,Hybrid,VIC
2026-01-25T15:33:31,listed,car/14873757/toyota/hilux/vic/berwick/dual-cab,45499.0,,,2021,Toyota,Hilux,Sr (4X4),Double Cab Pick Up,90000,Automatic,,Diesel,VIC
2026-01-25T15:33:31,listed,car/14837539/toyota/hilux/vic/cranbourne/dual-cab,60490.0,,,2023,Toyota,Hilux,Sr5 (4X4),Double Cab Chassis,37781,Automatic,,Hybrid,VIC
2026-01-25T15:33:31,listed,car/14909665/toyota/hilux/vic/mornington/dual-cab,46990.0,,,2022,Toyota,Hilux,Sr (4X4),Double Cab Chassis,105354,Automatic,,Diesel,VIC
2026-01-25T15:33:31,listed,car/14867055/toyota/corolla/vic/berwick/sedan,26999.0,,,2022,Toyota,Corolla,Ascent Sport,Sedan,49971,Automatic,,Unleaded,VIC
2026-01-25T15:33:31,listed,car/14894051/toyota/gr-yaris/vic/cranbourne/hatchback,39990.0,,,2020,Toyota,GR Yaris,Gr,Hatchback,46182,Manual,,Premium,VIC
2026-01-25T15:33:31,listed,car/14894164/toyota/corolla/vic/berwick/hatchback,29499.0,,,2023,Toyota,Corolla,Ascent Sport,Hatchback,34069,Automatic,,Unleaded,VIC
2026-01-25T15:33:31,listed,car/14885055/toyota/yaris-cross/vic/cranbourne/suv,34990.0,,,2024,Toyota,Yaris Cross,Gx Hybrid,Wagon,29348,Automatic,,Hybrid,VIC
2026-01-25T15:33:31,listed,car/14909664/toyota/hiace/vic/mornington/van,55990.0,,,2022,Toyota,HiAce,Slwb,Van,79227,Automatic,2026-03-27,Diesel,VIC
2026-01-25T15:33:31,listed,car/14810257/toyota/gr86/vic/cranbourne/coupe,47888.0,,,2024,Toyota,GR86,Gts,Coupe,2990,Manual,,Premium,VIC
2026-01-25T15:33:31,listed,car/14882883/toyota/rav4/vic/berwick/suv,55888.0,,,2023,Toyota,RAV4,Cruiser (Awd) Hybrid,Wagon,38275,Automatic,,Hybrid,VIC
2026-01-25T15:33:31,listed,car/14847882/toyota/landcruiser/vic/berwick/dual-cab,128888.0,,,2023,Toyota,Landcruiser,Lc79 Gxl,Double Cab Chassis,39191,Manual,,Diesel,VIC
2026-01-25T15:33:31,listed,car/14852405/toyota/hiace/vic/cranbourne/van,56490.0,,,2021,Toyota,HiAce,Slwb,Van,38137,Automatic,,Diesel,VIC
2026-01-25T15:33:31,listed,car/14907535/toyota/landcruiser/vic/cranbourne/suv,141888.0,,,2023,Toyota,Landcruiser,Lc300 Gr-S (4X4),Wagon,82209,Automatic,,Diesel,VIC
2026-01-25T15:33:31,listed,car/14856242/toyota/landcruiser/vic/berwick/suv,114999.0,,,2022,Toyota,Landcruiser,Lc300 Vx (4X4),Wagon,79245,Automatic,,Diesel,VIC
2026-01-25T15:33:31,listed,car/14861091/toyota/rav4/vic/camberwell/suv,36990.0,,,2022,Toyota,RAV4,Gx (Awd) Hybrid,Wagon,135055,Automatic,,Hybrid,VIC
2026-01-25T15:33:31,listed,car/14852604/toyota/camry/vic/burwood/sedan,35000.0,,,2022,Toyota,Camry,Ascent,Sedan,24871,Automatic,2026-06-10,Premium,VIC
2026-01-25T15:33:31,listed,car/14848287/toyota/rav4/vic/bundoora/suv,38444.0,,,2021,Toyota,RAV4,Gx (2Wd) Hybrid,Wagon,61878,Automatic,2026-07-05,Hybrid,VIC
2026-01-25T15:33:31,listed,car/14879417/toyota/yaris/vic/laverton-north/hatchback,22290.0,,,2019,Toyota,Yaris,Zr,Hatchback,23274,Automatic,,Unleaded,VIC
2026-01-25T15:33:31,listed,car/14896078/toyota/rav4/vic/oakleigh/suv,55555.0,,,2023,Toyota,RAV4,Xse (Awd) Hybrid Premium Paint,Wagon,13859,Automatic,,Hybrid,VIC
2026-01-25T15:33:31,listed,car/14881888/toyota/landcruiser-prado/vic/bundoora/suv,45400.0,,,2015,Toyota,Landcruiser Prado,Gxl (4X4),Wagon,128957,Automatic,2026-01-14,Diesel,VIC
2026-01-25T15:33:31,listed,car/14911954/toyota/corolla/vic/cranbourne/hatchback,23490.0,,,2015,Toyota,Corolla,Ascent Sport,Hatchback,59751,Automatic,,Unleaded,VIC
2026-01-25T15:33:31,listed,car/14877629/toyota/kluger/vic/cranbourne/suv,58333.0,,,2022,Toyota,Kluger,Gxl Hybrid Awd,Wagon,51612,Automatic,,Hybrid,VIC
2026-01-25T15:33:31,listed,car/14786138/toyota/kluger/vic/mornington/suv,48888.0,,,2021,Toyota,Kluger,Gx Hybrid Awd,Wagon,50277,Automatic,2026-03-02,Hybrid,VIC
2026-01-25T15:33:31,listed,car/14866077/toyota/corolla/vic/mornington/sedan,27990.0,,,2021,Toyota,Corolla,Ascent Sport Hybrid,Sedan,83133,Automatic,2026-03-19,Hybrid,VIC
2026-01-25T15:33:31,listed,car/14911504/toyota/kluger/vic/cranbourne/suv,50888.0,,,2021,Toyota,Kluger,Gx Hybrid Awd,Wagon,51591,Automatic,,Hybrid,VIC
2026-01-25T15:33:31,listed,car/14898138/toyota/c-hr/vic/cranbourne/suv,38888.0,,,2022,Toyota,C-HR,Koba (2Wd),Wagon,55560,Automatic,,Premium,VIC
2026-01-25T15:33:31,listed,car/14909980/toyota/rav4/vic/cranbourne/suv,42990.0,,,2022,Toyota,RAV4,Gx (2Wd) Hybrid,Wagon,55902,Automatic,,Hybrid,VIC
2026-01-25T15:33:31,listed,car/14911501/toyota/corolla/vic/cranbourne/hatchback,29990.0,,,2022,Toyota,Corolla,Ascent Sport Hybrid,Hatchback,53532,Automatic,,Hybrid,VIC
2026-01-25T15:33:31,listed,car/14885056/toyota/corolla/vic/cranbourne/hatchback,35990.0,,,2024,Toyota,Corolla,Ascent Sport Hybrid,Hatchback,17244,Automatic,,Hybrid,VIC
2026-01-25T15:33:31,listed,car/14909979/toyota/hilux/vic/cranbourne/single-cab,25990.0,,,2020,Toyota,Hilux,Workmate,Cab Chassis,157165,Automatic,,Unleaded,VIC
2026-01-25T15:33:31,listed,car/14909425/toyota/camry/vic/cranbourne/sedan,25990.0,,,2018,Toyota,Camry,Ascent Sport (Hybrid),Sedan,180290,Automatic,,Hybrid,VIC
2026-01-25T15:33:31,listed,car/14854018/toyota/hiace/vic/cranbourne/people-mover,57490.0,,,2021,Toyota,HiAce,Slwb Commuter (12 Seats),Bus,91457,Automatic,,Diesel,VIC
2026-01-25T15:33:31,listed,car/14813046/toyota/corolla/vic/cranbourne/hatchback,32888.0,,,2024,Toyota,Corolla,Ascent Sport Hybrid,Hatchback,24890,Automatic,,Hybrid,VIC
2026-01-25T15:33:31,listed,car/14909076/toyota/corolla/vic/cranbourne/hatchback,30990.0,,,2023,Toyota,Corolla,Ascent Sport Hybrid,Hatchback,47527,Automatic,,Hybrid,VIC
2026-01-25T15:33:31,listed,car/14865204/toyota/c-hr/vic/mornington/suv,27888.0,,,2018,Toyota,C-HR,Koba (2Wd),Wagon,49072,Automatic,2026-01-25,Premium,VIC
2026-01-25T15:33:31,listed,car/14894050/toyota/rav4/vic/cranbourne/suv,35990.0,,,2022,Toyota,RAV4,Gx (Awd) Hybrid,Wagon,127720,Automatic,,Hybrid,VIC
2026-01-25T15:33:31,listed,car/14839271/toyota/kluger/vic/mornington/suv,51990.0,,,2023,Toyota,Kluger,Gx Hybrid Awd,Wagon,61849,Automatic,2026-02-27,Hybrid,VIC
2026-01-25T15:33:31,listed,car/14914557/toyota/hilux/vic/cranbourne/dual-cab,56888.0,,,2023,Toyota,Hilux,Sr (4X4),Double Cab Pick Up,73217,Automatic,,Diesel,VIC
2026-01-25T15:33:31,listed,car/14897008/toyota/corolla/vic/mornington/hatchback,29288.0,,,2020,Toyota,Corolla,Zr (Hybrid),Hatchback,102922,Automatic,2026-04-30,Hybrid,VIC
2026-01-25T15:33:31,listed,car/14892635/toyota/hilux/vic/cranbourne/dual-cab,62990.0,,,2022,Toyota,Hilux,Sr5 (4X4),Double Cab Pick Up,64142,Automatic,,Diesel,VIC
2026-01-25T15:33:31,listed,car/14889294/toyota/yaris-cross/vic/heidelberg/suv,35777.0,,,2022,Toyota,Yaris Cross,Urban Hybrid,Wagon,33133,Automatic,2026-05-25,Hybrid,VIC
2026-01-25T15:33:31,listed,car/14850369/toyota/rav4/vic/essendon-fields/suv,40888.0,,,2019,Toyota,RAV4,Cruiser 2Wd Hybrid,Wagon,55500,Automatic,2026-03-06,Hybrid,VIC
2026-01-25T15:33:31,listed,car/14824708/toyota/rav4/vic/nunawading/suv,41990.0,,,2021,Toyota,RAV4,Gxl (2Wd) Hybrid,Wagon,47186,Automatic,2026-06-29,Hybrid,VIC
2026-01-25T15:33:31,listed,car/14911343/toyota/rav4/vic/oakleigh/suv,41888.0,,,2019,Toyota,RAV4,Cruiser Awd Hybrid,Wagon,114891,Automatic,,Hybrid,VIC
2026-01-25T15:33:31,listed,car/14871505/toyota/landcruiser/vic/nunawading/suv,116490.0,,,2021,Toyota,Landcruiser,Lc300 Vx (4X4),Wagon,72950,Automatic,,Diesel,VIC
2026-01-25T15:33:31,listed,car/14498581/toyota/vellfire/vic/maidstone/van,42995.0,,,2019,Toyota,Vellfire,HYBRID X TOYOTA SAFETY SENSE,Commercial,97486,Automatic,,Unleaded,VIC
2026-01-25T15:33:31,listed,car/14762984/toyota/c-hr/vic/st-kilda/wagon,26500.0,,,2019,Toyota,C-HR,G,Wagon,51400,,,,VIC
2026-01-25T15:33:31,listed,car/14743556/toyota/hiace/vic/maidstone/people-mover,22989.0,,,2012,Toyota,HiAce,Commuter,Bus,230942,Automatic,2026-01-23,Unleaded,VIC
2026-01-25T15:33:31,listed,car/13370156/toyota/rav4/vic/west-footscray/suv,13999.0,,,2007,Toyota,RAV4,Cruiser (4X4),Wagon,181128,Automatic,2024-07-17,Unleaded,VIC
2026-01-25T15:33:31,listed,car/14709977/toyota/rav4/vic/coburg-north/suv,9990.0,,,2013,Toyota,RAV4,Gxl (2Wd),Wagon,261023,Automatic,2025-09-06,Unleaded,VIC
2026-01-25T15:33:31,listed,car/14808550/toyota/rav4/vic/mornington/suv,36490.0,,,2019,Toyota,RAV4,Gx 2Wd Hybrid,Wagon,66613,Automatic,2026-02-11,Hybrid,VIC
2026-01-25T15:33:31,listed,car/14894559/toyota/c-hr/vic/cranbourne/suv,38888.0,,,2021,Toyota,C-HR,Koba (2Wd) Hybrid,Wagon,68922,Automatic,,Hybrid,VIC
2026-01-25T15:33:31,listed,car/14833849/toyota/camry/vic/mornington/sedan,35990.0,,,2024,Toyota,Camry,Ascent,Sedan,77293,Automatic,2026-02-16,Premium,VIC
2026-01-25T15:33:31,listed,car/14903942/toyota/kluger/vic/cranbourne/suv,74990.0,,,2024,Toyota,Kluger,Gxl Hybrid Awd,Wagon,1417,Automatic,,Hybrid,VIC
2026-01-25T15:33:31,listed,car/14895940/toyota/rav4/vic/cranbourne/suv,42990.0,,,2022,Toyota,RAV4,Cruiser (2Wd),Wagon,71260,Automatic,,Unleaded,VIC
2026-01-25T15:33:31,listed,car/14898134/toyota/c-hr/vic/cranbourne/suv,40990.0,,,2022,Toyota,C-HR,Koba (2Wd) Hybrid,Wagon,19452,Automatic,,Hybrid,VIC
2026-01-25T15:33:31,listed,car/14886459/toyota/corolla/vic/cranbourne/hatchback,16490.0,,,2014,Toyota,Corolla,Ascent,Hatchback,152593,Automatic,,Unleaded,VIC
2026-01-25T15:33:31,listed,car/14810443/toyota/corolla-cross/vic/cranbourne/suv,41990.0,,,2023,Toyota,Corolla Cross,Gxl 2Wd Hybrid,Wagon,34391,Automatic,,Hybrid,VIC
2026-01-25T15:33:31,listed,car/14838628/toyota/camry/vic/cranbourne/sedan,35990.0,,,2024,Toyota,Camry,Ascent,Sedan,62690,Automatic,,Premium,VIC
2026-01-25T15:33:31,listed,car/14912896/toyota/hiace/vic/mornington/people-mover,54990.0,,,2019,Toyota,HiAce,Commuter (12 Seats),Bus,95652,Automatic,2026-03-19,Diesel,VIC
2026-01-25T15:33:31,listed,car/14868119/toyota/c-hr/vic/cranbourne/suv,42990.0,,,2024,Toyota,C-HR,Gxl Hybrid,Wagon,42269,Automatic,,Hybrid,VIC
2026-01-25T15:33:31,listed,car/14824802/toyota/kluger/vic/cranbourne/suv,53333.0,,,2023,Toyota,Kluger,Gx Hybrid Awd,Wagon,55644,Automatic,,Hybrid,VIC
2026-01-25T15:33:31,listed,car/14898571/toyota/yaris-cross/vic/cranbourne/suv,44490.0,,,2024,Toyota,Yaris Cross,Urban Hybrid,Wagon,2933,Automatic,,Hybrid,VIC
2026-01-25T15:33:31,listed,car/14850450/toyota/camry/vic/mornington/sedan,33990.0,,,2023,Toyota,Camry,Ascent,Sedan,63357,Automatic,2025-03-19,Premium,VIC
2026-01-25T15:33:31,listed,car/14840804/toyota/rav4/vic/deer-park/suv,37888.0,,,2022,Toyota,RAV4,Gx (Awd) Hybrid,Wagon,113337,Automatic,,Hybrid,VIC
2026-01-25T15:33:31,listed,car/14854815/toyota/corolla/vic/laverton-north/hatchback,24490.0,,,2019,Toyota,Corolla,Ascent Sport (Hybrid),Hatchback,60350,Automatic,,Hybrid,VIC
2026-01-25T15:33:31,listed,car/14786504/toyota/hiace/vic/preston/people-mover,57990.0,,,2019,Toyota,HiAce,Commuter (12 Seats),Bus,43991,Automatic,2000-01-01,Diesel,VIC
2026-01-25T15:33:31,listed,car/14896642/toyota/hilux/vic/laverton-north/extra-cab,54095.0,,,2021,Toyota,Hilux,Sr5 (4X4),X Cab Pickup,55255,Automatic,,Diesel,VIC
2026-01-25T15:33:31,listed,car/14869678/toyota/rav4/vic/camberwell/suv,56490.0,,,2023,Toyota,RAV4,Cruiser (Awd) Hybrid,Wagon,29751,Automatic,2026-05-10,Hybrid,VIC
2026-01-25T15:33:31,listed,car/14913961/toyota/corolla-cross/vic/heidelberg/suv,39777.0,,,2024,Toyota,Corolla Cross,Gx 2Wd,Wagon,21447,Automatic,2026-07-22,Unleaded,VIC
2026-01-25T15:33:31,listed,car/14699818/toyota/landcruiser/vic/maidstone/suv,39995.0,,,1999,Toyota,Landcruiser,VX LTD,SUV,256875,Automatic,,Diesel,VIC
2026-01-25T15:33:31,listed,car/14662688/toyota/landcruiser-prado/vic/preston/suv,17990.0,,,2009,Toyota,Landcruiser Prado,Gxl (4X4),Wagon,372005,Automatic,2026-03-12,Diesel,VIC
2026-01-25T15:33:31,listed,car/14607530/toyota/estima/vic/west-footscray/people-mover,9999.0,,,2002,Toyota,Estima,Aeras,Wagon,212012,,,,VIC
2026-01-25T15:33:31,listed,car/14604085/toyota/kluger/vic/maidstone/suv,20489.0,,,2014,Toyota,Kluger,Grande (4X4),Wagon,225737,Automatic,,Unleaded,VIC
2026-01-25T15:33:31,listed,car/14728393/toyota/corolla/vic/braybrook/hatchback,10999.0,,,2014,Toyota,Corolla,Ascent Sport,Hatchback,222553,Manual,2025-12-26,Unleaded,VIC
2026-01-25T15:33:31,listed,car/14552416/toyota/crown/vic/maidstone/limousine,18995.0,,,2014,Toyota,Crown,ROYAL SALOON,Sedan,71339,Automatic,,Unleaded,VIC
2026-01-25T15:33:31,listed,car/14822820/toyota/yaris/vic/preston/hatchback,5990.0,,,2008,Toyota,Yaris,Yr,Hatchback,182418,Automatic,2026-03-15,Unleaded,VIC
2026-01-25T15:33:31,listed,car/14756688/toyota/probox/vic/maidstone/suv,15995.0,,,2020,Toyota,Probox,DX COMFORT,SUV,90876,Automatic,,Unleaded,VIC
2026-01-25T15:33:31,listed,car/14161621/toyota/tarago/vic/west-footscray/people-mover,10999.0,,,2006,Toyota,Tarago,Ultima,Wagon,232613,Automatic,,Unleaded,VIC
2026-01-25T15:33:31,listed,car/14755804/toyota/crown/vic/st-kilda/limousine,13800.0,,,2008,Toyota,Crown,,Sedan,139900,Automatic,,Unleaded,VIC
2026-01-25T15:33:31,listed,car/14642585/toyota/alphard/vic/maidstone/van,44995.0,,,2021,Toyota,Alphard,X,Commercial,142952,Automatic,,Unleaded,VIC
2026-01-25T15:33:31,listed,car/14728415/toyota/yaris/vic/braybrook/hatchback,8488.0,,,2011,Toyota,Yaris,Yr,Hatchback,234873,Automatic,2026-03-15,Unleaded,VIC
2026-01-25T15:33:31,listed,car/14498585/toyota/noah/vic/maidstone/van,19995.0,,,2015,Toyota,Noah,HYBRID X DELIGHT PLUS,Commercial,102445,Automatic,,Unleaded,VIC
2026-01-25T15:33:31,listed,car/13448850/toyota/landcruiser/vic/west-footscray/suv,37500.0,,,2016,Toyota,Landcruiser,Gxl (4X4),Wagon,241186,Automatic,,Diesel,VIC
2026-01-25T15:33:31,listed,car/14755796/toyota/crown/vic/st-kilda/sedan,16800.0,,,2010,Toyota,Crown,Majesta (Hybrid),Sedan,64990,,,,VIC
2026-01-25T15:33:31,listed,car/14620485/toyota/rav4/vic/west-footscray/suv,19999.0,,,2017,Toyota,RAV4,Gxl (2Wd),Wagon,193368,Automatic,,Unleaded,VIC
2026-01-25T15:33:31,listed,car/14828394/toyota/camry/vic/laverton-north/sedan,25695.0,,,2020,Toyota,Camry,Ascent,Sedan,62905,Automatic,,Unleaded,VIC
2026-01-25T15:33:31,listed,car/14860290/toyota/gr-yaris/vic/deer-park/hatchback,47888.0,,,2022,Toyota,GR Yaris,Gr,Hatchback,30481,Manual,,Premium,VIC
2026-01-25T15:33:31,listed,car/14822698/toyota/yaris-cross/vic/essendon-fields/suv,37990.0,,,2023,Toyota,Yaris Cross,Urban Hybrid,Wagon,19921,Automatic,2026-03-07,Hybrid,VIC
2026-01-25T15:33:31,listed,car/14881856/toyota/fortuner/vic/camberwell/suv,46990.0,,,2021,Toyota,Fortuner,Gx,Wagon,87960,Automatic,,Diesel,VIC
2026-01-25T15:33:31,listed,car/14842854/toyota/camry/vic/laverton-north/sedan,31295.0,,,2021,Toyota,Camry,Ascent Hybrid,Sedan,46579,Automatic,,Hybrid,VIC
2026-01-25T15:33:31,listed,car/14859673/toyota/kluger/vic/mentone/suv,52990.0,,,2022,Toyota,Kluger,Gx Hybrid Awd,Wagon,49281,Automatic,,Hybrid,VIC
2026-01-25T15:33:31,listed,car/14922771/toyota/echo/vic/footscray/hatchback,5990.0,,,2003,Toyota,Echo,,Hatchback,128732,Manual,,Unleaded,VIC
2026-01-25T15:33:31,listed,car/14928869/toyota/camry/vic/tottenham/sedan,40888.0,,,2024,Toyota,Camry,Ascent,Sedan,52256,Automatic,,Premium,VIC
2026-01-25T15:33:31,listed,car/14923170/toyota/yaris/vic/braybrook/hatchback,6988.0,,,2008,Toyota,Yaris,Yrs,Hatchback,202685,Manual,2026-10-15,Unleaded,VIC
2026-01-25T15:33:31,listed,car/14921616/toyota/corolla/vic/preston/hatchback,9500.0,,,2010,Toyota,Corolla,Ascent,Hatchback,212298,Automatic,2026-10-29,Unleaded,VIC
2026-01-25T15:33:31,listed,car/14927357/toyota/rav4/vic/braybrook/suv,11988.0,,,2009,Toyota,RAV4,Cruiser L (4X4),Wagon,146553,Automatic,2026-02-06,Unleaded,VIC
2026-01-25T15:33:31,listed,car/14928949/toyota/corolla/vic/south-melbourne/hatchback,30880.0,,,2023,Toyota,Corolla,Ascent Sport Hybrid,Hatchback,53578,Automatic,,Hybrid,VIC
2026-01-25T15:33:31,listed,car/14928870/toyota/corolla/vic/tottenham/hatchback,28888.0,,,2022,Toyota,Corolla,Ascent Sport Hybrid,Hatchback,38583,Automatic,2026-05-23,Hybrid,VIC
2026-01-25T15:33:31,listed,car/14925536/toyota/camry/vic/braybrook/sedan,5999.0,,,2001,Toyota,Camry,Conquest,Sedan,199897,Automatic,2026-02-14,Unleaded,VIC
2026-01-25T15:33:31,listed,car/14923726/toyota/corolla/vic/maidstone/limousine,,,,2020,Toyota,Corolla,HYBRID EX,Sedan,89972,Automatic,,Unleaded,VIC
2026-01-25T15:33:31,listed,car/14925273/toyota/estima/vic/maidstone/van,,,,2010,Toyota,Estima,G,Commercial,98339,Automatic,,Unleaded,VIC
2026-01-25T15:33:31,listed,car/14920741/toyota/aqua/vic/maidstone/hatchback,,,,2015,Toyota,Aqua,S,Hatch,67764,Automatic,,Unleaded,VIC
2026-01-25T15:33:31,listed,car/14925288/toyota/hilux/vic/balwyn/dual-cab,,,,2025,Toyota,Hilux,Rogue 48V (4X4),Double Cab Pick Up,7329,Automatic,2026-03-18,Hybrid,VIC
2026-01-25T15:33:31,listed,car/14928394/toyota/fj-cruiser/vic/balwyn/suv,,,,2014,Toyota,FJ Cruiser,,Wagon,121686,Automatic,2026-04-03,Premium,VIC
2026-01-25T15:33:31,listed,car/14620529/toyota/corolla/vic/west-footscray/sedan,9999.0,,,2010,Toyota,Corolla,Ascent,Sedan,205632,Automatic,,Unleaded,VIC
2026-01-25T15:33:31,listed,car/14513955/toyota/hilux/vic/west-footscray/dual-cab,37990.0,,,2015,Toyota,Hilux,Sr5 (4X4),Dual Cab Utility,150933,Automatic,2026-01-22,Diesel,VIC
2026-01-25T15:33:31,listed,car/14760395/toyota/crown/vic/st-kilda/limousine,15300.0,,,2008,Toyota,Crown,,Sedan,93400,Automatic,,Unleaded,VIC
2026-01-25T15:33:31,listed,car/14715857/toyota/aurion/vic/west-footscray/sedan,7990.0,,,2007,Toyota,Aurion,At-X,Sedan,266850,Automatic,2025-11-17,Unleaded,VIC
2026-01-25T15:33:31,listed,car/14900646/toyota/avensis/vic/footscray/people-mover,6450.0,,,2006,Toyota,Avensis,Verso Glx,Wagon,268391,Automatic,,Unleaded,VIC
2026-01-25T15:33:31,listed,car/14488877/toyota/rav4/vic/west-footscray/suv,19990.0,,,2014,Toyota,RAV4,Gxl (2Wd),Wagon,183399,Automatic,2025-05-29,Unleaded,VIC
2026-01-25T15:33:31,listed,car/14730074/toyota/yaris-cross-hybrid/vic/melbourne/hatchback,43490.0,,,2024,Toyota,YARIS CROSS HYBRID,YARIS CROSS HYBRID URBAN 1.5L AUTO CVT HATCH,Hatch,2059,,2026-04-11,Hybrid,VIC
2026-01-25T15:33:31,listed,car/14813973/toyota/landcruiser/vic/nunawading/suv,118990.0,,,2021,Toyota,Landcruiser,Lc300 Sahara (4X4),Wagon,84780,Automatic,2026-06-15,Diesel,VIC
2026-01-25T15:33:31,listed,car/14823019/toyota/hiace/vic/heidelberg/van,62555.0,,,2025,Toyota,HiAce,Lwb (4 Door Option),Van,45,Automatic,2026-05-25,Diesel,VIC
2026-01-25T15:33:31,listed,car/14778126/toyota/gr86/vic/heidelberg/coupe,47555.0,,,2024,Toyota,GR86,Gts,Coupe,11278,Automatic,2026-05-08,Premium,VIC
2026-01-25T15:33:31,listed,car/14864141/toyota/hiace/vic/essendon-fields/van,54890.0,,,2024,Toyota,HiAce,Lwb Barn Door,Van,13589,Automatic,2026-04-16,Diesel,VIC
2026-01-25T15:33:31,listed,car/14847292/toyota/corolla/vic/mentone/sedan,31990.0,,,2022,Toyota,Corolla,Ascent Sport Hybrid,Sedan,19605,Automatic,,Hybrid,VIC
2026-01-25T15:33:31,listed,car/14785765/toyota/corolla/vic/preston/sedan,17990.0,,,2017,Toyota,Corolla,Ascent,Sedan,119613,Automatic,2026-03-25,Unleaded,VIC
2026-01-25T15:33:31,listed,car/14699797/toyota/crown/vic/maidstone/limousine,14995.0,,,2008,Toyota,Crown,ATHLETE,Sedan,95956,Automatic,,Unleaded,VIC
2026-01-25T15:33:31,listed,car/14659625/toyota/kluger/vic/maidstone/suv,20489.0,,,2014,Toyota,Kluger,Gx (4X2),Wagon,207708,Automatic,2026-01-30,Unleaded,VIC
2026-01-25T15:33:31,listed,car/14848445/toyota/camry/vic/preston/sedan,6500.0,,,2007,Toyota,Camry,Sportivo,Sedan,286202,Automatic,2026-03-29,Unleaded,VIC
2026-01-25T15:33:31,listed,car/14758575/toyota/aqua/vic/maidstone/hatchback,13995.0,,,2012,Toyota,Aqua,G,Hatch,86336,Automatic,,Unleaded,VIC
2026-01-25T15:33:31,listed,car/14734974/toyota/rukus/vic/footscray/wagon,7990.0,,,2011,Toyota,Rukus,Build 1,Wagon,224102,Automatic,,Unleaded,VIC
2026-01-25T15:33:31,listed,car/14699799/toyota/landcruiser-prado/vic/maidstone/suv,29995.0,,,1998,Toyota,Landcruiser Prado,TX,SUV,167640,Automatic,,Diesel,VIC
2026-01-25T15:33:31,listed,car/14920514/toyota/landcruiser-prado/vic/tottenham/suv,53888.0,,,2018,Toyota,Landcruiser Prado,Gxl (4X4),Wagon,133591,Automatic,,Diesel,VIC
2026-01-25T15:33:31,listed,car/14919637/toyota/prius/vic/maidstone/hatchback,,,,2012,Toyota,Prius,ZVW30R,Hatch,112749,Automatic,,Unleaded,VIC
2026-01-25T15:33:31,listed,car/14919295/toyota/camry/vic/preston/sedan,15880.0,,,2016,Toyota,Camry,Altise Hybrid,Sedan,105568,Automatic,2026-12-12,Hybrid,VIC
2026-01-25T15:33:31,listed,car/14919636/toyota/probox/vic/maidstone/suv,,,,2020,Toyota,Probox,G L,SUV,92770,Automatic,,Unleaded,VIC
2026-01-25T15:33:31,listed,car/14928348/toyota/yaris-cross/vic/melbourne/suv,31990.0,,,2021,Toyota,Yaris Cross,URBAN,SUV,45568,,2026-05-23,Other,VIC
2026-01-25T15:33:31,listed,car/14928703/toyota/corolla-cross-hybrid/vic/south-melbourne/hatchback,48990.0,,,2024,Toyota,COROLLA CROSS HYBRID,COROLLA CROSS HYBRID ATMOS 2WD 2.0L AUTO CVT 5 DOOR HATCH,Hatch,34875,,,Hybrid,VIC
2026-01-25T15:33:31,listed,car/14924944/toyota/landcruiser-prado/vic/tottenham/suv,40888.0,,,2012,Toyota,Landcruiser Prado,Gxl (4X4),Wagon,96936,Automatic,2026-02-28,Diesel,VIC
2026-01-25T15:33:31,listed,car/14924745/toyota/rukus/vic/footscray/wagon,9650.0,,,2011,Toyota,Rukus,Build 3,Wagon,239691,Automatic,,Unleaded,VIC
2026-01-25T15:33:31,listed,car/14928873/toyota/hilux/vic/tottenham/dual-cab,59888.0,,,2021,Toyota,Hilux,Rogue (4X4),Double Cab Pick Up,62820,Automatic,2026-05-19,Diesel,VIC
2026-01-25T15:33:31,listed,car/14921563/toyota/rav4/vic/preston/suv,18888.0,,,2017,Toyota,RAV4,Gx (4X4),Wagon,182303,Automatic,2026-10-31,Unleaded,VIC
2026-01-25T15:33:31,listed,car/14923184/toyota/camry/vic/braybrook/sedan,5498.0,,,2003,Toyota,Camry,Altise,Sedan,382072,Automatic,2026-01-27,Unleaded,VIC
2026-01-25T15:33:31,listed,car/14914432/toyota/rav4/vic/laverton-north/suv,30990.0,,,2021,Toyota,RAV4,Gx (2Wd),Wagon,85320,Automatic,,Unleaded,VIC
2026-01-25T15:33:31,listed,car/14877333/toyota/rav4/vic/laverton-north/suv,33990.0,,,2020,Toyota,RAV4,Gx Awd Hybrid,Wagon,94200,Automatic,,Hybrid,VIC
2026-01-25T15:33:31,listed,car/14870889/toyota/rav4/vic/laverton-north/suv,34590.0,,,2021,Toyota,RAV4,Gxl (2Wd),Wagon,71334,Automatic,,Unleaded,VIC
2026-01-25T15:33:31,listed,car/14907440/toyota/landcruiser-prado/vic/nunawading/suv,78990.0,,,2022,Toyota,Landcruiser Prado,Vx,Wagon,46768,Automatic,2026-02-04,Diesel,VIC
2026-01-25T15:33:31,listed,car/14828380/toyota/camry/vic/laverton-north/sedan,28890.0,,,2021,Toyota,Camry,Ascent Hybrid,Sedan,95665,Automatic,,Hybrid,VIC
2026-01-25T15:33:31,listed,car/14711372/toyota/hiace/vic/coburg-north/van,16990.0,,,2013,Toyota,HiAce,Lwb,Van,321030,Manual,2026-07-15,Diesel,VIC
2026-01-25T15:33:31,listed,car/14707679/toyota/hilux/vic/west-footscray/dual-cab,47990.0,,,2022,Toyota,Hilux,Sr5 (4X4),Double Cab Pick Up,192616,Automatic,2025-10-03,Diesel,VIC
2026-01-25T15:33:31,listed,car/14384751/toyota/sienta/vic/maidstone/van,16995.0,,,2016,Toyota,Sienta,HYBRID G,Commercial,100780,Automatic,,Unleaded,VIC
2026-01-25T15:33:31,listed,car/14447433/toyota/corolla/vic/maidstone/suv,21995.0,,,2021,Toyota,Corolla,HYBRID GX,SUV,111639,Automatic,,Unleaded,VIC
2026-01-25T15:33:31,listed,car/14704298/toyota/hiace/vic/melbourne/people-mover,51990.0,,,2018,Toyota,HiAce,Commuter,Bus,44937,Manual,2026-06-03,Diesel,VIC
2026-01-25T15:33:31,listed,car/14625364/toyota/corolla/vic/maidstone/suv,19995.0,,,2021,Toyota,Corolla,HYBRID EX,SUV,112238,Automatic,,Unleaded,VIC
2026-01-25T15:33:31,listed,car/14384757/toyota/crown/vic/maidstone/limousine,19995.0,,,2015,Toyota,Crown,ROYAL,Sedan,101964,Automatic,,Unleaded,VIC
2026-01-25T15:33:31,listed,car/14758601/toyota/corolla-cross/vic/maidstone/suv,34995.0,,,2022,Toyota,Corolla Cross,HYBRID G,SUV,55974,Automatic,,Unleaded,VIC
2026-01-25T15:33:31,listed,car/14758543/toyota/corolla/vic/maidstone/suv,24995.0,,,2020,Toyota,Corolla,WXB FULL OPTION,SUV,100383,Automatic,,Unleaded,VIC
2026-01-25T15:33:31,listed,car/14625358/toyota/corolla/vic/maidstone/limousine,20995.0,,,2021,Toyota,Corolla,HYBRID EX,Sedan,74038,Automatic,,Unleaded,VIC
2026-01-25T15:33:31,listed,car/14699811/toyota/corolla/vic/maidstone/suv,19995.0,,,2022,Toyota,Corolla,HYBRID EX,SUV,101417,Automatic,,Unleaded,VIC
2026-01-25T15:33:31,listed,car/14762948/toyota/c-hr/vic/st-kilda/wagon,25400.0,,,2018,Toyota,C-HR,G,Wagon,87850,,,,VIC
2026-01-25T15:33:31,listed,car/14373978/toyota/sienta/vic/maidstone/van,16995.0,,,2016,Toyota,Sienta,HYBRID G,Commercial,64790,Automatic,,Unleaded,VIC
2026-01-25T15:33:31,listed,car/14300663/toyota/aurion/vic/west-footscray/sedan,9990.0,,,2012,Toyota,Aurion,At-X,Sedan,257500,Automatic,2025-05-15,Unleaded,VIC
2026-01-25T15:33:31,listed,car/14719797/toyota/rukus/vic/footscray/wagon,10990.0,,,2010,Toyota,Rukus,Build 1,Wagon,165451,Automatic,,Unleaded,VIC
2026-01-25T15:33:31,listed,car/14466733/toyota/noah/vic/maidstone/van,23995.0,,,2017,Toyota,Noah,HYBRID X,Commercial,103511,Automatic,,Unleaded,VIC
2026-01-25T15:33:31,listed,car/14607455/toyota/camry/vic/west-footscray/sedan,16999.0,,,2017,Toyota,Camry,Atara Sx,Sedan,213299,Automatic,,Unleaded,VIC
2026-01-25T15:33:31,listed,car/14607983/toyota/kluger/vic/elsternwick/suv,42750.0,,,2023,Toyota,Kluger,Gx Awd,Wagon,49336,Automatic,,Unleaded,VIC
2026-01-25T15:33:31,listed,car/14913567/toyota/rav4/vic/essendon-fields/suv,52990.0,,,2023,Toyota,RAV4,Edge (Awd) Hybrid,Wagon,72001,Automatic,2026-03-07,Hybrid,VIC
2026-01-25T15:33:31,listed,car/14881107/toyota/corolla/vic/laverton-north/hatchback,21490.0,,,2018,Toyota,Corolla,Sx,Hatchback,85638,Automatic,,Unleaded,VIC
2026-01-25T15:33:31,listed,car/14910884/toyota/kluger/vic/laverton-north/suv,21890.0,,,2016,Toyota,Kluger,Gx (4X2),Wagon,141517,Automatic,,Unleaded,VIC
2026-01-25T15:33:31,listed,car/14881168/toyota/rav4/vic/heidelberg/suv,52555.0,,,2024,Toyota,RAV4,Gxl (Awd) Hybrid,Wagon,17902,Automatic,2026-06-22,Hybrid,VIC
2026-01-25T15:33:31,listed,car/14791576/toyota/hiace/vic/essendon-fields/people-mover,57880.0,,,2019,Toyota,HiAce,Commuter (12 Seats),Bus,47346,Automatic,2026-03-23,Diesel,VIC
2026-01-25T15:33:31,listed,car/14905128/toyota/c-hr/vic/airport-west/suv,34998.0,,,2022,Toyota,C-HR,Koba (2Wd) Hybrid,Wagon,72580,Automatic,,Hybrid,VIC
2026-01-25T15:33:31,listed,car/14789499/toyota/kluger/vic/west-footscray/suv,28990.0,,,2018,Toyota,Kluger,Gx (4X4),Wagon,190908,Automatic,,Unleaded,VIC
2026-01-25T15:33:31,listed,car/14719080/toyota/rukus/vic/footscray/wagon,11990.0,,,2011,Toyota,Rukus,Build 1,Wagon,175654,Automatic,,Unleaded,VIC
2026-01-25T15:33:31,listed,car/14433175/toyota/camry/vic/west-footscray/sedan,18990.0,,,2015,Toyota,Camry,Altise,Sedan,110579,Automatic,2025-07-15,Unleaded,VIC
2026-01-25T15:33:31,listed,car/14719089/toyota/rav4/vic/footscray/suv,7650.0,,,2004,Toyota,RAV4,Cv (4X4),Wagon,287866,Automatic,,Unleaded,VIC
2026-01-25T15:33:31,listed,car/14718442/toyota/camry/vic/south-melbourne/sedan,34990.0,,,2024,Toyota,Camry,Ascent,Sedan,24319,Automatic,2026-04-02,Premium,VIC
2026-01-25T15:33:31,listed,car/14876597/toyota/hiace/vic/elsternwick/van,42990.0,,,2020,Toyota,HiAce,Lwb Gl (Colours),Van,105369,Automatic,,Diesel,VIC
2026-01-25T15:33:31,listed,car/14886384/toyota/corolla/vic/braybrook/sedan,7999.0,,,2007,Toyota,Corolla,Ascent Sport,Sedan,174597,Automatic,2026-02-28,Unleaded,VIC
2026-01-25T15:33:31,listed,car/14752659/toyota/rav4/vic/south-melbourne/suv,42480.0,,,2021,Toyota,RAV4,Gxl (Awd) Hybrid,Wagon,33417,Automatic,2026-05-28,Hybrid,VIC
2026-01-25T15:33:31,listed,car/14729176/toyota/yaris-cross/vic/melbourne/suv,41880.0,,,2024,Toyota,Yaris Cross,Urban Hybrid,Wagon,11674,Automatic,2026-03-09,Hybrid,VIC
2026-01-25T15:33:31,listed,car/14688276/toyota/hilux/vic/maidstone/single-cab,18989.0,,,2015,Toyota,Hilux,Workmate,Cab Chassis,186349,Automatic,2025-12-17,Unleaded,VIC
2026-01-25T15:33:31,listed,car/14761235/toyota/hilux/vic/braybrook/dual-cab,14499.0,,,2009,Toyota,Hilux,Sr,Dual Cab Pick-up,254318,Manual,2025-12-19,Diesel,VIC
2026-01-25T15:33:31,listed,car/14665420/toyota/hilux/vic/preston/single-cab,34990.0,,,2022,Toyota,Hilux,Workmate (4X2),Cab Chassis,141224,Manual,2026-06-03,Unleaded,VIC
2026-01-25T15:33:31,listed,car/14625352/toyota/c-hr/vic/maidstone/suv,23995.0,,,2018,Toyota,C-HR,G,SUV,108938,Automatic,,Unleaded,VIC
2026-01-25T15:33:31,listed,car/14752737/toyota/corolla/vic/st-kilda/wagon,21600.0,,,2020,Toyota,Corolla,Touring (Hybrid),Wagon,140000,,,,VIC
2026-01-25T15:33:31,listed,car/14827502/toyota/hiace/vic/camberwell/van,51888.0,,,2019,Toyota,HiAce,Lwb,Van,96774,Automatic,2026-10-02,Diesel,VIC
2026-01-25T15:33:31,listed,car/14902655/toyota/rav4/vic/laverton-north/suv,39590.0,,,2020,Toyota,RAV4,Edge (Awd),Wagon,68245,Automatic,,Unleaded,VIC
2026-01-25T15:33:31,listed,car/14907439/toyota/landcruiser-prado/vic/nunawading/suv,78990.0,,,2022,Toyota,Landcruiser Prado,Vx,Wagon,46768,Automatic,2026-02-04,Diesel,VIC
2026-01-25T15:33:31,listed,car/14871714/toyota/yaris/vic/preston/hatchback,26990.0,,,2021,Toyota,Yaris,Zr,Hatchback,27827,Automatic,2026-11-08,Unleaded,VIC
2026-01-25T15:33:31,listed,car/14859094/toyota/camry/vic/laverton-north/sedan,33500.0,,,2022,Toyota,Camry,Ascent Hybrid,Sedan,47183,Automatic,,Hybrid,VIC
2026-01-25T15:33:31,listed,car/14902277/toyota/rav4/vic/camberwell/suv,36990.0,,,2021,Toyota,RAV4,Gx (Awd) Hybrid,Wagon,79500,Automatic,2026-06-20,Hybrid,VIC
2026-01-25T15:33:31,listed,car/14654734/toyota/hiace/vic/brooklyn/van,14999.0,,,2005,Toyota,HiAce,Lwb,Van,228000,Manual,,Unleaded,VIC
2026-01-25T15:33:31,listed,car/14886909/toyota/hilux/vic/cheltenham/dual-cab,27900.0,,,2018,Toyota,Hilux,Workmate,Double Cab Pick Up,65870,Automatic,2026-07-01,Unleaded,VIC
2026-01-25T15:33:31,listed,car/14645575/toyota/kluger/vic/avondale-heights/suv,11999.0,,,2007,Toyota,Kluger,Kx-S (Fwd),Wagon,229628,Automatic,2026-01-25,Unleaded,VIC
2026-01-25T15:33:31,listed,car/14632358/toyota/hilux/vic/derrimut/dual-cab,44990.0,,,2016,Toyota,Hilux,Sr (4X4),Dual Cab Utility,174164,Automatic,2026-01-04,Diesel,VIC
2026-01-25T15:33:31,listed,car/14662980/toyota/c-hr/vic/sunshine/suv,18999.0,,,2018,Toyota,C-HR,(2Wd),Wagon,167044,Automatic,2025-12-18,Premium,VIC
2026-01-25T15:33:31,listed,car/14743746/toyota/crown/vic/murrumbeena/suv,58888.0,,,2023,Toyota,Crown,G AZSH35,SUV,6710,Automatic,,Hybrid,VIC
2026-01-25T15:33:31,listed,car/14697289/toyota/crown/vic/fawkner/limousine,23990.0,,,2015,Toyota,Crown,AWS210,Sedan,99000,Automatic,,Hybrid,VIC
2026-01-25T15:33:31,listed,car/14645062/toyota/landcruiser-prado/vic/ravenhall/suv,20999.0,,,2009,Toyota,Landcruiser Prado,Gxl (4X4),Wagon,309518,Manual,2025-11-29,Diesel,VIC
2026-01-25T15:33:31,listed,car/14587422/toyota/hiace/vic/avondale-heights/people-mover,17999.0,,,2005,Toyota,HiAce,Commuter,Bus,297800,Manual,2026-02-20,Diesel,VIC
2026-01-25T15:33:31,listed,car/14756628/toyota/landcruiser/vic/blackburn/suv,45990.0,,,2008,Toyota,Landcruiser,Sahara (4X4),Wagon,198396,Automatic,2026-03-09,Diesel,VIC
2026-01-25T15:33:31,listed,car/14659714/toyota/hiace/vic/ravenhall/people-mover,10999.0,,,1999,Toyota,HiAce,Commuter,Bus,371500,Automatic,2026-01-31,Unleaded,VIC
2026-01-25T15:33:31,listed,car/14576722/toyota/hilux/vic/avondale-heights/single-cab,14999.0,,,2017,Toyota,Hilux,Workmate,Cab Chassis,221791,Manual,2026-02-11,Unleaded,VIC
2026-01-25T15:33:31,listed,car/14636173/toyota/landcruiser-prado/vic/williamstown-north/suv,37999.0,,,2018,Toyota,Landcruiser Prado,Gxl (4X4),Wagon,281120,Automatic,2026-02-18,Diesel,VIC
2026-01-25T15:33:31,listed,car/14745924/toyota/landcruiser/vic/ravenhall/suv,24999.0,,,2005,Toyota,Landcruiser,(4X4),Wagon,333435,Manual,,Diesel,VIC
2026-01-25T15:33:31,listed,car/14625353/toyota/c-hr/vic/maidstone/suv,23995.0,,,2018,Toyota,C-HR,HYBRID G,SUV,105262,Automatic,,Unleaded,VIC
2026-01-25T15:33:31,listed,car/14892954/toyota/rav4/vic/camberwell/suv,50990.0,,,2023,Toyota,RAV4,Cruiser (2Wd) Hybrid,Wagon,61930,Automatic,,Hybrid,VIC
2026-01-25T15:33:31,listed,car/14865781/toyota/corolla/vic/heidelberg/sedan,33555.0,,,2024,Toyota,Corolla,Sx,Sedan,20185,Automatic,2026-06-16,Unleaded,VIC
2026-01-25T15:33:31,listed,car/14837369/toyota/yaris-cross/vic/heidelberg/suv,43777.0,,,2024,Toyota,Yaris Cross,Urban Hybrid (Awd),Wagon,16915,Automatic,2026-05-26,Hybrid,VIC
2026-01-25T15:33:31,listed,car/14865785/toyota/kluger/vic/heidelberg/suv,54777.0,,,2023,Toyota,Kluger,Gx Hybrid Awd,Wagon,54592,Automatic,2026-06-16,Hybrid,VIC
2026-01-25T15:33:31,listed,car/14870898/toyota/camry/vic/laverton-north/sedan,33590.0,,,2023,Toyota,Camry,Ascent Hybrid,Sedan,56178,Automatic,,Hybrid,VIC
2026-01-25T15:33:31,listed,car/14914240/toyota/rav4/vic/nunawading/suv,64990.0,,,2025,Toyota,RAV4,Edge (Awd) Hybrid,Wagon,15555,Automatic,,Hybrid,VIC
2026-01-25T15:33:31,listed,car/14697295/toyota/sienta/vic/fawkner/suv,16790.0,,,2016,Toyota,Sienta,(HYBRID) G NHP170,SUV,103000,Automatic,,Hybrid,VIC
2026-01-25T15:33:31,listed,car/14603866/toyota/landcruiser-prado/vic/ravenhall/suv,34999.0,,,2013,Toyota,Landcruiser Prado,Kakadu (4X4),Wagon,280295,Automatic,2026-04-15,Diesel,VIC
2026-01-25T15:33:31,listed,car/14755511/toyota/corolla/vic/laverton-north/hatchback,24099.0,,,2018,Toyota,Corolla,Zr,Hatchback,32967,Automatic,,Unleaded,VIC
2026-01-25T15:33:31,listed,car/14887294/toyota/rav4/vic/cheltenham/suv,16900.0,,,2010,Toyota,RAV4,Cruiser (4X4),Wagon,123351,Automatic,2026-06-30,Unleaded,VIC
2026-01-25T15:33:31,listed,car/14608138/toyota/tarago/vic/avondale-heights/people-mover,11999.0,,,2007,Toyota,Tarago,Glx,Wagon,200420,Automatic,2025-11-30,Unleaded,VIC
2026-01-25T15:33:31,listed,car/14696553/toyota/rav4/vic/murrumbeena/suv,19990.0,,,2015,Toyota,RAV4,Gx (4X4),Wagon,147103,Automatic,2026-01-12,Unleaded,VIC
2026-01-25T15:33:31,listed,car/14883439/toyota/hiace/vic/briar-hill/van,11999.0,,,2000,Toyota,HiAce,LWB,Commercial,444224,Automatic,2026-09-14,Diesel,VIC
2026-01-25T15:33:31,listed,car/14831094/toyota/hilux/vic/thomastown/extra-cab,15999.0,,,2011,Toyota,Hilux,Sr,X Cab Pickup,227778,Automatic,,Unleaded,VIC
2026-01-25T15:33:31,listed,car/14704287/toyota/kluger/vic/essendon-fields/suv,30800.0,,,2015,Toyota,Kluger,Grande (4X4),Wagon,121200,Automatic,2026-06-26,Unleaded,VIC
2026-01-25T15:33:31,listed,car/14828715/toyota/corolla/vic/nunawading/hatchback,13999.0,,,2013,Toyota,Corolla,Ascent Sport,Hatchback,147000,Automatic,2026-04-19,Unleaded,VIC
2026-01-25T15:33:31,listed,car/14696800/toyota/landcruiser/vic/brooklyn/suv,15999.0,,,2004,Toyota,Landcruiser,Gxl (4X4),Wagon,293000,Automatic,,Unleaded,VIC
2026-01-25T15:33:31,listed,car/14678990/toyota/landcruiser-prado/vic/ravenhall/suv,14999.0,,,2004,Toyota,Landcruiser Prado,Gxl (4X4),Wagon,276596,Manual,2025-10-22,Unleaded,VIC
2026-01-25T15:33:31,listed,car/14280937/toyota/alphard/vic/fawkner/suv,67990.0,,,2020,Toyota,Alphard,SR (HYBRID) AYH30,SUV,79849,Automatic,1906-11-04,Hybrid,VIC
2026-01-25T15:33:31,listed,car/14630046/toyota/hilux/vic/altona-north/single-cab,11999.0,,,2011,Toyota,Hilux,Workmate,Cab Chassis,234643,Manual,2026-03-29,Unleaded,VIC
2026-01-25T15:33:31,listed,car/14715315/toyota/kluger/vic/altona-north/suv,10999.0,,,2008,Toyota,Kluger,Grande (4X4),Wagon,222586,Automatic,2026-03-29,Unleaded,VIC
2026-01-25T15:33:31,listed,car/14852836/toyota/corolla/vic/bundoora/sedan,30444.0,,,2024,Toyota,Corolla,Ascent Sport Hybrid,Sedan,51086,Automatic,,Hybrid,VIC
2026-01-25T15:33:31,listed,car/14881167/toyota/prius-c/vic/laverton-north/hatchback,24295.0,,,2020,Toyota,Prius-C,Hybrid,Hatchback,22999,Automatic,,Hybrid,VIC
2026-01-25T15:33:31,listed,car/14913603/toyota/rav4/vic/nunawading/suv,43990.0,,,2023,Toyota,RAV4,Gx (2Wd) Hybrid,Wagon,51574,Automatic,,Hybrid,VIC
2026-01-25T15:33:31,listed,car/14896279/toyota/camry/vic/thomastown/sedan,25990.0,,,2019,Toyota,Camry,Ascent,Sedan,125216,Automatic,2026-03-20,Unleaded,VIC
2026-01-25T15:33:31,listed,car/14910632/toyota/rav4/vic/oakleigh/suv,48999.0,,,2024,Toyota,RAV4,Gx (Awd) Hybrid,Wagon,8356,Automatic,,Hybrid,VIC
2026-01-25T18:47:02,listed,car/14929272/toyota/rav4/vic/springvale/suv,34998.0,,,2019,Toyota,RAV4,Gxl 2Wd Hybrid,Wagon,97000,Automatic,,Hybrid,VIC
2026-01-25T18:47:02,listed,car/14920613/toyota/prius-c/vic/coburg-north/hatchback,19990.0,,,2017,Toyota,Prius-C,Hybrid,Hatchback,106052,Automatic,,Hybrid,VIC
2026-01-25T18:47:02,listed,car/14924984/toyota/hiace/vic/coburg-north/van,24990.0,,,2015,Toyota,HiAce,Lwb,Van,220925,Automatic,,Unleaded,VIC
2026-01-25T18:47:02,listed,car/14924983/toyota/corolla/vic/coburg-north/hatchback,25490.0,,,2021,Toyota,Corolla,Ascent Sport Hybrid,Hatchback,96491,Automatic,,Hybrid,VIC
2026-01-25T18:47:02,listed,car/14923442/toyota/rav4/vic/epping/suv,53868.0,,,2024,Toyota,RAV4,Xse (2Wd) Hybrid Premium Paint,Wagon,47896,Automatic,2026-05-29,Hybrid,VIC
2026-01-25T18:47:02,listed,car/14928096/toyota/corolla/vic/laverton-north/hatchback,14999.0,,,2013,Toyota,Corolla,Ascent Sport,Hatchback,170351,Automatic,2026-03-21,Unleaded,VIC
2026-01-25T18:47:02,listed,car/14919888/toyota/prius/vic/fawkner/hatchback,20490.0,,,2020,Toyota,Prius,ZVW55,Hatch,154000,Automatic,,Hybrid,VIC
2026-01-25T18:47:02,listed,car/14801632/toyota/hiace/vic/coburg-north/people-mover,56990.0,,,2020,Toyota,HiAce,Slwb Commuter (12 Seats),Bus,116315,Automatic,,Diesel,VIC
2026-01-25T18:47:02,listed,car/14853235/toyota/camry/vic/moorabbin/sedan,33450.0,,,2023,Toyota,Camry,Ascent,Sedan,53011,Automatic,,Premium,VIC
2026-01-25T18:47:02,listed,car/14801164/toyota/camry/vic/laverton-north/sedan,28690.0,,,2020,Toyota,Camry,Ascent Sport (Hybrid),Sedan,91931,Automatic,,Hybrid,VIC
2026-01-25T18:47:02,listed,car/14851789/toyota/c-hr/vic/bundoora/suv,26444.0,,,2022,Toyota,C-HR,Gxl (2Wd),Wagon,110920,Automatic,2026-05-03,Premium,VIC
2026-01-25T18:47:02,listed,car/14885439/toyota/corolla/vic/camberwell/sedan,31888.0,,,2022,Toyota,Corolla,Ascent Sport Hybrid,Sedan,15163,Automatic,,Hybrid,VIC
2026-01-25T18:47:02,listed,car/14916504/toyota/corolla/vic/mitcham/hatchback,28888.0,,,2019,Toyota,Corolla,Zr,Hatchback,47336,Automatic,2026-06-04,Unleaded,VIC
2026-01-25T18:47:02,listed,car/14837914/toyota/rav4/vic/heidelberg/suv,45777.0,,,2024,Toyota,RAV4,Gx (2Wd) Hybrid,Wagon,21116,Automatic,2026-05-28,Hybrid,VIC
2026-01-25T18:47:02,listed,car/14909530/toyota/hiace/vic/heidelberg/people-mover,65777.0,,,2021,Toyota,HiAce,Slwb Commuter (12 Seats),Bus,27135,Automatic,2026-04-22,Diesel,VIC
2026-01-25T18:47:02,listed,car/14910630/toyota/hilux/vic/oakleigh/pickup,63888.0,,,2022,Toyota,Hilux,SR5,Ute Tray,62430,Automatic,,Diesel,VIC
2026-01-25T18:47:02,listed,car/14913336/toyota/rav4/vic/oakleigh/suv,46588.0,,,2024,Toyota,RAV4,Gx (2Wd) Hybrid,Wagon,27695,Automatic,,Hybrid,VIC
2026-01-25T18:47:02,listed,car/14771699/toyota/rav4/vic/laverton-north/suv,52390.0,,,2023,Toyota,RAV4,Cruiser (Awd) Hybrid,Wagon,17172,Automatic,,Hybrid,VIC
2026-01-25T18:47:02,listed,car/14851150/toyota/corolla/vic/epping/hatchback,22000.0,,,2020,Toyota,Corolla,Ascent Sport (Hybrid),Hatchback,150000,Automatic,2026-01-10,Hybrid,VIC
2026-01-25T18:47:02,listed,car/14872668/toyota/corolla-cross/vic/heidelberg/suv,38777.0,,,2024,Toyota,Corolla Cross,Gx 2Wd,Wagon,25277,Automatic,2026-06-22,Unleaded,VIC
2026-01-25T18:47:02,listed,car/14881171/toyota/corolla/vic/heidelberg/sedan,32555.0,,,2022,Toyota,Corolla,Ascent Sport Hybrid,Sedan,12196,Automatic,2026-06-23,Hybrid,VIC
2026-01-25T18:47:02,listed,car/14855621/toyota/rav4/vic/nunawading/suv,39990.0,,,2022,Toyota,RAV4,Gx (2Wd),Wagon,8472,Automatic,2026-12-28,Unleaded,VIC
2026-01-25T18:47:02,listed,car/14837665/toyota/rav4/vic/heidelberg/suv,35777.0,,,2021,Toyota,RAV4,Gx (2Wd) Hybrid,Wagon,97603,Automatic,2026-06-03,Hybrid,VIC
2026-01-25T18:47:02,listed,car/14898518/toyota/corolla/vic/nunawading/sedan,26990.0,,,2021,Toyota,Corolla,Ascent Sport,Sedan,37100,Automatic,,Unleaded,VIC
2026-01-25T18:47:02,listed,car/14907506/toyota/camry/vic/essendon-fields/sedan,25888.0,,,2019,Toyota,Camry,Ascent,Sedan,95332,Automatic,2026-04-13,Unleaded,VIC
2026-01-25T18:47:02,listed,car/14903939/toyota/yaris/vic/mentone/hatchback,23990.0,,,2020,Toyota,Yaris,Sx,Hatchback,59547,Automatic,,Unleaded,VIC
2026-01-25T18:47:02,listed,car/14837919/toyota/corolla/vic/heidelberg/sedan,32555.0,,,2024,Toyota,Corolla,Ascent Sport,Sedan,16882,Automatic,2026-06-04,Unleaded,VIC
2026-01-25T18:47:02,listed,car/14904565/toyota/corolla/vic/nunawading/hatchback,29990.0,,,2020,Toyota,Corolla,Ascent Sport (Hybrid),Hatchback,31621,Automatic,,Hybrid,VIC
2026-01-25T18:47:02,listed,car/14851685/toyota/hilux/vic/coburg-north/single-cab,26990.0,,,2019,Toyota,Hilux,Workmate,Cab Chassis,130918,Automatic,,Unleaded,VIC
2026-01-25T18:47:02,listed,car/14897285/toyota/rav4/vic/oakleigh/suv,50999.0,,,2022,Toyota,RAV4,Edge (Awd) Hybrid,Wagon,58340,Automatic,,Hybrid,VIC
2026-01-25T18:47:02,listed,car/14872666/toyota/rav4/vic/heidelberg/suv,59555.0,,,2024,Toyota,RAV4,Cruiser (2Wd) Hybrid,Wagon,11777,Automatic,2026-06-16,Hybrid,VIC
2026-01-25T18:47:02,listed,car/14837788/toyota/rav4/vic/coburg-north/suv,30990.0,,,2020,Toyota,RAV4,Gxl (2Wd),Wagon,148883,Automatic,,Unleaded,VIC
2026-01-25T18:47:02,listed,car/14913910/toyota/rav4/vic/deer-park/suv,54888.0,,,2023,Toyota,RAV4,Cruiser (2Wd) Hybrid,Wagon,65986,Automatic,,Hybrid,VIC
2026-01-25T18:47:02,listed,car/14846271/toyota/hiace/vic/camberwell/van,62990.0,,,2025,Toyota,HiAce,Lwb,Van,480,Automatic,,Diesel,VIC
2026-01-25T18:47:02,listed,car/14780038/toyota/camry/vic/ringwood/sedan,3500.0,,,2013,Toyota,Camry,Altise,Sedan,283332,Automatic,,Unleaded,VIC
2026-01-25T18:47:02,listed,car/14418509/toyota/rav4/vic/ringwood/suv,11450.0,,,2006,Toyota,RAV4,Cv (4X4),Wagon,179527,Automatic,2025-10-21,Unleaded,VIC
2026-01-25T18:47:02,listed,car/14910637/toyota/aqua/vic/point-cook/hatchback,,,,2015,Toyota,Aqua,S,Hatch,86014,Automatic,,Unleaded,VIC
2026-01-25T18:47:02,listed,car/14664610/toyota/yaris/vic/dingley-village/sedan,7990.0,,,2008,Toyota,Yaris,Yrs,Sedan,154173,Automatic,,Unleaded,VIC
2026-01-25T18:47:02,listed,car/13931455/toyota/rav4/vic/hoppers-crossing/suv,15999.0,,,2016,Toyota,RAV4,Gxl (4X4),Wagon,302002,Manual,2024-10-15,Diesel,VIC
2026-01-25T18:47:02,listed,car/14744819/toyota/kluger/vic/ringwood/suv,15999.0,,,2011,Toyota,Kluger,Grande (4X4),Wagon,232448,Automatic,2026-01-06,Unleaded,VIC
2026-01-25T18:47:02,listed,car/14705261/toyota/yaris/vic/ringwood/hatchback,13990.0,,,2012,Toyota,Yaris,Yr,Hatchback,127840,Automatic,2026-04-15,Unleaded,VIC
2026-01-25T18:47:02,listed,car/14757564/toyota/estima/vic/point-cook/van,13995.0,,,2008,Toyota,Estima,AERAS,Commercial,125624,Automatic,,Unleaded,VIC
2026-01-25T18:47:02,listed,car/14510304/toyota/hilux/vic/hoppers-crossing/pickup,11999.0,,,2009,Toyota,Hilux,SR,Ute Tray,305528,Manual,2025-08-11,Diesel,VIC
2026-01-25T18:47:02,listed,car/14757517/toyota/crown/vic/point-cook/limousine,34995.0,,,2020,Toyota,Crown,SC PACKAGE,Sedan,105794,Automatic,,Unleaded,VIC
2026-01-25T18:47:02,listed,car/14705190/toyota/rav4/vic/ringwood/suv,22990.0,,,2017,Toyota,RAV4,Gx (2Wd),Wagon,134858,Automatic,2026-05-03,Unleaded,VIC
2026-01-25T18:47:02,listed,car/14705188/toyota/corolla/vic/ringwood/hatchback,18990.0,,,2013,Toyota,Corolla,Ascent Sport,Hatchback,128356,Automatic,2026-04-12,Unleaded,VIC
2026-01-25T18:47:02,listed,car/14579302/toyota/corolla/vic/ringwood/hatchback,12888.0,,,2007,Toyota,Corolla,Conquest,Hatchback,148441,Automatic,2026-04-30,Unleaded,VIC
2026-01-25T18:47:02,listed,car/14579282/toyota/c-hr/vic/ringwood/othercar,27450.0,,,2018,Toyota,C-HR,,OtherCar,70671,,,Other,VIC
2026-01-25T18:47:02,listed,car/14397637/toyota/kluger/vic/hoppers-crossing/suv,9999.0,,,2010,Toyota,Kluger,Kx-R (Fwd) 7 Seat,Wagon,305017,Automatic,2025-07-24,Unleaded,VIC
2026-01-25T18:47:02,listed,car/13195559/toyota/86/vic/hoppers-crossing/sportscar,20999.0,,,2013,Toyota,86,GTS,Coupe,283669,Automatic,2023-07-26,Premium,VIC
2026-01-25T18:47:02,listed,car/13939171/toyota/voxy/vic/moorabbin-airport/suv,57490.0,,,2023,Toyota,Voxy,HYBRID S-Z,SUV,197,Automatic,,Hybrid,VIC
2026-01-25T18:47:02,listed,car/14426129/toyota/raize/vic/point-cook/suv,24995.0,,,2022,Toyota,Raize,HYBRID G,SUV,73550,Automatic,,Unleaded,VIC
2026-01-25T18:47:02,listed,car/14656349/toyota/hilux/vic/springvale/dual-cab,48999.0,,,2019,Toyota,Hilux,Rugged X (4X4),Double Cab Pick Up,108000,Automatic,2026-04-23,Diesel,VIC
2026-01-25T18:47:02,listed,car/14705263/toyota/vitz/vic/ringwood/othercar,18888.0,,,2020,Toyota,Vitz,,OtherCar,63521,,,Other,VIC
2026-01-25T18:47:02,listed,car/14716276/toyota/c-hr/vic/moorabbin-airport/suv,27990.0,,,2019,Toyota,C-HR,Koba (Awd),Hatchback,34123,Automatic,2026-07-25,Premium,VIC
2026-01-25T18:47:02,listed,car/14697301/toyota/c-hr/vic/fawkner/suv,24990.0,,,2018,Toyota,C-HR,(HYBRID) ZYX10,SUV,93000,Automatic,,Hybrid,VIC
2026-01-25T18:47:02,listed,car/14757563/toyota/probox/vic/point-cook/suv,15995.0,,,2022,Toyota,Probox,GX,SUV,97912,Automatic,,Unleaded,VIC
2026-01-25T18:47:02,listed,car/14705233/toyota/rav4/vic/ringwood/suv,19990.0,,,2013,Toyota,RAV4,Cruiser (4X4),Wagon,182353,Automatic,2026-03-27,Unleaded,VIC
2026-01-25T18:47:02,listed,car/14705220/toyota/c-hr/vic/ringwood/suv,25990.0,,,2017,Toyota,C-HR,Koba (Awd),Wagon,74746,Automatic,2025-11-16,Premium,VIC
2026-01-25T18:47:02,listed,car/14757554/toyota/prius/vic/point-cook/hatchback,24995.0,,,2018,Toyota,Prius,A PREMIUM,Hatch,85236,Automatic,,Unleaded,VIC
2026-01-25T18:47:02,listed,car/14731086/toyota/c-hr/vic/point-cook/suv,25995.0,,,2019,Toyota,C-HR,S LED PACKAGE,SUV,68526,Automatic,,Other,VIC
2026-01-25T18:47:02,listed,car/14705273/toyota/rav4/vic/ringwood/suv,19990.0,,,2014,Toyota,RAV4,Gxl (2Wd),Wagon,154082,Automatic,2026-03-30,Unleaded,VIC
2026-01-25T18:47:02,listed,car/14764861/toyota/c-hr/vic/point-cook/suv,23995.0,,,2018,Toyota,C-HR,S LED PACKAGE,SUV,87343,Automatic,,Unleaded,VIC
2026-01-25T18:47:02,listed,car/14718808/toyota/hilux/vic/hoppers-crossing/pickup,12499.0,,,2008,Toyota,Hilux,SR,Ute Tray,251918,Automatic,2026-03-07,Unleaded,VIC
2026-01-25T18:47:02,listed,car/14919093/toyota/kluger/vic/mentone/suv,36990.0,,,2021,Toyota,Kluger,Gx 2Wd,Wagon,130186,Automatic,,Premium,VIC
2026-01-25T18:47:02,listed,car/14929030/toyota/rav4/vic/ravenhall/suv,14985.0,,,2015,Toyota,RAV4,Gx (4X4),Wagon,225994,Automatic,2027-01-26,Unleaded,VIC
2026-01-25T18:47:02,listed,car/14928987/toyota/landcruiser-prado/vic/ringwood/suv,12999.0,,,2008,Toyota,Landcruiser Prado,GRANDE 4X4,SUV,353768,Automatic,2026-04-23,Diesel,VIC
2026-01-25T18:47:02,listed,car/14928395/toyota/corolla/vic/ringwood/hatchback,16990.0,,,2014,Toyota,Corolla,Ascent,Hatchback,131156,Automatic,2026-03-27,Unleaded,VIC
2026-01-25T18:47:02,listed,car/14919094/toyota/kluger/vic/mentone/suv,36990.0,,,2021,Toyota,Kluger,Gx 2Wd,Wagon,130436,Automatic,,Premium,VIC
2026-01-25T18:47:02,listed,car/14928391/toyota/rav4/vic/mentone/suv,56990.0,,,2024,Toyota,RAV4,Edge (Awd) Hybrid,Wagon,52601,Automatic,,Hybrid,VIC
2026-01-25T18:47:02,listed,car/14632431/toyota/c-hr/vic/burwood/suv,38380.0,,,2021,Toyota,C-HR,Gr-S (2Wd) Hybrid,Wagon,59117,Automatic,2026-03-18,Hybrid,VIC
2026-01-25T18:47:02,listed,car/14640418/toyota/c-hr/vic/murrumbeena/suv,28990.0,,,2020,Toyota,C-HR,Koba (2Wd),Wagon,93000,Automatic,2025-10-20,Premium,VIC
2026-01-25T18:47:02,listed,car/14705213/toyota/camry/vic/ringwood/sedan,12990.0,,,2008,Toyota,Camry,Altise,Sedan,155357,Automatic,2026-06-17,Unleaded,VIC
2026-01-25T18:47:02,listed,car/14727617/toyota/alphard/vic/murrumbeena/suv,67888.0,,,2020,Toyota,Alphard,EXECUTIVE LOUNGE S AYH30,SUV,49575,Automatic,,Hybrid,VIC
2026-01-25T18:47:02,listed,car/14793468/toyota/corolla/vic/deer-park/hatchback,5999.0,,,1994,Toyota,Corolla,Csi Ltd,Hatchback,237754,Manual,,Unleaded,VIC
2026-01-25T18:47:02,listed,car/14710952/toyota/hilux/vic/moorabbin-airport/single-cab,24990.0,,,2021,Toyota,Hilux,Workmate,Cab Chassis,75300,Automatic,2025-11-18,Unleaded,VIC
2026-01-25T18:47:02,listed,car/14923495/toyota/kluger/vic/nunawading/suv,29800.0,,,2015,Toyota,Kluger,Grande (4X4),Wagon,118000,Automatic,,Unleaded,VIC
2026-01-25T18:47:02,listed,car/14927034/toyota/estima/vic/moorabbin/othercar,7999.0,,,2001,Toyota,Estima,,OtherCar,265000,Automatic,,Other,VIC
2026-01-25T18:47:02,listed,car/14925715/toyota/aqua/vic/point-cook/hatchback,,,,2015,Toyota,Aqua,S,Hatch,41991,Automatic,,Unleaded,VIC
2026-01-25T18:47:02,listed,car/14925251/toyota/landcruiser-prado/vic/ravenhall/suv,14999.0,,,2004,Toyota,Landcruiser Prado,Vx (4X4),Wagon,332738,Automatic,,Unleaded,VIC
2026-01-25T18:47:02,listed,car/14924261/toyota/kluger/vic/springvale/suv,38980.0,,,2019,Toyota,Kluger,Gxl (4X4),Wagon,79380,Automatic,,Unleaded,VIC
2026-01-25T18:47:02,listed,car/14925717/toyota/rav4/vic/mentone/suv,36990.0,,,2020,Toyota,RAV4,Cruiser (2Wd),Wagon,43047,Automatic,,Unleaded,VIC
2026-01-25T18:47:02,listed,car/14925270/toyota/aqua/vic/point-cook/hatchback,,,,2012,Toyota,Aqua,G,Hatch,53020,Automatic,,Unleaded,VIC
2026-01-25T18:47:02,listed,car/14927069/toyota/estima-import/vic/ringwood/othercar,16999.0,,,2013,Toyota,ESTIMA IMPORT,,OtherCar,125454,Automatic,2026-03-19,Unleaded,VIC
2026-01-25T18:47:02,listed,car/14921261/toyota/landcruiser/vic/mentone/suv,99990.0,,,2017,Toyota,Landcruiser,Vx (4X4),Wagon,84091,Automatic,,Diesel,VIC
2026-01-25T18:47:02,listed,car/14919629/toyota/alphard/vic/point-cook/van,,,,2013,Toyota,Alphard,SR,Commercial,124563,Automatic,,Unleaded,VIC
2026-01-25T18:47:02,listed,car/14920178/toyota/camry/vic/mentone/sedan,,,,2023,Toyota,Camry,Ascent,Sedan,52209,Automatic,,Premium,VIC
2026-01-25T18:47:02,sold,car/14919588/toyota/aurion/vic/coburg-north/sedan,9990,9990,,2008,Toyota,Aurion,Sportivo Zr6,Sedan,189043,Automatic,2026-10-07,Unleaded,VIC
2026-01-25T18:47:02,sold,car/14789515/toyota/corolla/vic/west-footscray/sedan,17990,17990,,2017,Toyota,Corolla,Ascent,Sedan,156825,Automatic,2026-03-21,Unleaded,VIC
2026-01-25T18:47:02,sold,car/14824102/toyota/camry/vic/braybrook/sedan,7999,7999,,2006,Toyota,Camry,Altise,Sedan,239897,Automatic,2026-01-15,Unleaded,VIC
2026-01-25T18:47:02,sold,car/14886218/toyota/aurion/vic/braybrook/sedan,11999,11999,,2012,Toyota,Aurion,At-X,Sedan,257846,Automatic,2025-09-30,Unleaded,VIC
2026-01-25T18:47:02,sold,car/14889447/toyota/corolla/vic/ringwood/hatchback,9950,9950,,2008,Toyota,Corolla,Ascent,Hatchback,184237,Automatic,2026-04-15,Unleaded,VIC
2026-01-25T18:47:02,sold,car/14595099/toyota/kluger/vic/elsternwick/suv,68950,68950,,2024,Toyota,Kluger,Gxl Hybrid Awd,Wagon,31890,Automatic,,Hybrid,VIC
2026-01-25T18:47:02,sold,car/14552474/toyota/prius-c/vic/cranbourne-west/hatchback,16999,16999,,2016,Toyota,Prius-C,Hybrid,Hatchback,115428,Automatic,2025-08-15,Hybrid,VIC
2026-01-25T18:47:02,sold,car/14576958/toyota/camry/vic/bundoora/sedan,33444,33444,,2023,Toyota,Camry,Ascent,Sedan,50833,Automatic,2025-11-29,Premium,VIC
2026-01-25T18:47:02,sold,car/14818962/toyota/voxy/vic/campbellfield/estatecar,48500,48500,,2015,Toyota,Voxy,,Wagon,100123,Automatic,,Premium,VIC
2026-01-25T18:47:02,sold,car/14854916/toyota/prius-c/vic/laverton-north/hatchback,11999,11999,,2012,Toyota,Prius C,Hybrid,Hatchback,180000,Automatic,2026-02-23,Hybrid,VIC
2026-01-25T18:47:02,sold,car/14922362/toyota/kluger/vic/springvale/suv,24999,24999,,2015,Toyota,Kluger,Grande (4X4),Wagon,162000,Automatic,2026-10-29,Unleaded,VIC
2026-01-25T18:47:02,sold,car/14806099/toyota/camry/vic/ringwood/sedan,11990,11990,,2009,Toyota,Camry,Altise,Sedan,128668,Automatic,2025-11-27,Unleaded,VIC
2026-01-25T18:47:02,sold,car/14889679/toyota/corolla/vic/ringwood/hatchback,20999,20999,,2017,Toyota,Corolla,Zr,Hatchback,131040,Automatic,2026-02-24,Unleaded,VIC
2026-01-25T18:47:02,sold,car/14881002/toyota/landcruiser-prado/vic/ringwood/suv,50990,50990,,2021,Toyota,Landcruiser Prado,Gx,Wagon,121598,Automatic,2026-02-21,Diesel,VIC
2026-01-25T18:47:02,sold,car/14917226/toyota/rav4/vic/ringwood/suv,32500,32500,,2022,Toyota,RAV4,Gx (2Wd),Wagon,81042,Automatic,2026-03-31,Unleaded,VIC
2026-01-25T18:47:02,sold,car/14917233/toyota/camry/vic/ringwood/sedan,21990,21990,,2017,Toyota,Camry,Atara S,Sedan,99330,Automatic,2026-02-28,Unleaded,VIC
2026-01-25T18:47:02,sold,car/14922771/toyota/echo/vic/footscray/hatchback,5990,5990,,2003,Toyota,Echo,,Hatchback,128732,Manual,,Unleaded,VIC
2026-01-25T18:47:02,sold,car/14928869/toyota/camry/vic/tottenham/sedan,40888,40888,,2024,Toyota,Camry,Ascent,Sedan,52256,Automatic,,Premium,VIC
2026-01-25T18:47:02,sold,car/14923170/toyota/yaris/vic/braybrook/hatchback,6988,6988,,2008,Toyota,Yaris,Yrs,Hatchback,202685,Manual,2026-10-15,Unleaded,VIC
2026-01-25T18:47:02,sold,car/14921616/toyota/corolla/vic/preston/hatchback,9500,9500,,2010,Toyota,Corolla,Ascent,Hatchback,212298,Automatic,2026-10-29,Unleaded,VIC
2026-01-25T18:47:02,sold,car/14785765/toyota/corolla/vic/preston/sedan,17990,17990,,2017,Toyota,Corolla,Ascent,Sedan,119613,Automatic,2026-03-25,Unleaded,VIC
2026-01-25T18:47:02,sold,car/14699797/toyota/crown/vic/maidstone/limousine,14995,14995,,2008,Toyota,Crown,ATHLETE,Sedan,95956,Automatic,,Unleaded,VIC
2026-01-25T18:47:02,sold,car/14659625/toyota/kluger/vic/maidstone/suv,20489,20489,,2014,Toyota,Kluger,Gx (4X2),Wagon,207708,Automatic,2026-01-30,Unleaded,VIC
2026-01-25T18:47:02,sold,car/14848445/toyota/camry/vic/preston/sedan,6500,6500,,2007,Toyota,Camry,Sportivo,Sedan,286202,Automatic,2026-03-29,Unleaded,VIC
2026-01-25T18:47:02,sold,car/14758575/toyota/aqua/vic/maidstone/hatchback,13995,13995,,2012,Toyota,Aqua,G,Hatch,86336,Automatic,,Unleaded,VIC
2026-01-25T18:47:02,sold,car/14734974/toyota/rukus/vic/footscray/wagon,7990,7990,,2011,Toyota,Rukus,Build 1,Wagon,224102,Automatic,,Unleaded,VIC
2026-01-25T18:47:02,sold,car/14699799/toyota/landcruiser-prado/vic/maidstone/suv,29995,29995,,1998,Toyota,Landcruiser Prado,TX,SUV,167640,Automatic,,Diesel,VIC
2026-01-25T18:47:02,sold,car/14920514/toyota/landcruiser-prado/vic/tottenham/suv,53888,53888,,2018,Toyota,Landcruiser Prado,Gxl (4X4),Wagon,133591,Automatic,,Diesel,VIC
2026-01-25T18:47:02,sold,car/14919637/toyota/prius/vic/maidstone/hatchback,,,,2012,Toyota,Prius,ZVW30R,Hatch,112749,Automatic,,Unleaded,VIC
2026-01-25T18:47:02,sold,car/14919295/toyota/camry/vic/preston/sedan,15880,15880,,2016,Toyota,Camry,Altise Hybrid,Sedan,105568,Automatic,2026-12-12,Hybrid,VIC
2026-01-25T18:47:02,sold,car/14919636/toyota/probox/vic/maidstone/suv,,,,2020,Toyota,Probox,G L,SUV,92770,Automatic,,Unleaded,VIC
2026-01-25T18:47:02,sold,car/14928348/toyota/yaris-cross/vic/melbourne/suv,31990,31990,,2021,Toyota,Yaris Cross,URBAN,SUV,45568,,2026-05-23,Other,VIC
2026-01-25T18:47:02,sold,car/14928703/toyota/corolla-cross-hybrid/vic/south-melbourne/hatchback,48990,48990,,2024,Toyota,COROLLA CROSS HYBRID,COROLLA CROSS HYBRID ATMOS 2WD 2.0L AUTO CVT 5 DOOR HATCH,Hatch,34875,,,Hybrid,VIC
2026-01-25T18:47:02,sold,car/14924944/toyota/landcruiser-prado/vic/tottenham/suv,40888,40888,,2012,Toyota,Landcruiser Prado,Gxl (4X4),Wagon,96936,Automatic,2026-02-28,Diesel,VIC
2026-01-25T18:47:02,sold,car/14924745/toyota/rukus/vic/footscray/wagon,9650,9650,,2011,Toyota,Rukus,Build 3,Wagon,239691,Automatic,,Unleaded,VIC
2026-01-25T18:47:02,sold,car/14928873/toyota/hilux/vic/tottenham/dual-cab,59888,59888,,2021,Toyota,Hilux,Rogue (4X4),Double Cab Pick Up,62820,Automatic,2026-05-19,Diesel,VIC
2026-01-25T18:47:02,sold,car/14921563/toyota/rav4/vic/preston/suv,18888,18888,,2017,Toyota,RAV4,Gx (4X4),Wagon,182303,Automatic,2026-10-31,Unleaded,VIC
2026-01-25T18:47:02,sold,car/14923184/toyota/camry/vic/braybrook/sedan,5498,5498,,2003,Toyota,Camry,Altise,Sedan,382072,Automatic,2026-01-27,Unleaded,VIC
2026-01-25T18:47:02,sold,car/14711372/toyota/hiace/vic/coburg-north/van,16990,16990,,2013,Toyota,HiAce,Lwb,Van,321030,Manual,2026-07-15,Diesel,VIC
2026-01-25T18:47:02,sold,car/14707679/toyota/hilux/vic/west-footscray/dual-cab,47990,47990,,2022,Toyota,Hilux,Sr5 (4X4),Double Cab Pick Up,192616,Automatic,2025-10-03,Diesel,VIC
2026-01-25T18:47:02,sold,car/14384751/toyota/sienta/vic/maidstone/van,16995,16995,,2016,Toyota,Sienta,HYBRID G,Commercial,100780,Automatic,,Unleaded,VIC
2026-01-25T18:47:02,sold,car/14447433/toyota/corolla/vic/maidstone/suv,21995,21995,,2021,Toyota,Corolla,HYBRID GX,SUV,111639,Automatic,,Unleaded,VIC
2026-01-25T18:47:02,sold,car/14704298/toyota/hiace/vic/melbourne/people-mover,51990,51990,,2018,Toyota,HiAce,Commuter,Bus,44937,Manual,2026-06-03,Diesel,VIC
2026-01-25T18:47:02,sold,car/14625364/toyota/corolla/vic/maidstone/suv,19995,19995,,2021,Toyota,Corolla,HYBRID EX,SUV,112238,Automatic,,Unleaded,VIC
2026-01-25T18:47:02,sold,car/14384757/toyota/crown/vic/maidstone/limousine,19995,19995,,2015,Toyota,Crown,ROYAL,Sedan,101964,Automatic,,Unleaded,VIC
2026-01-25T18:47:02,sold,car/14758601/toyota/corolla-cross/vic/maidstone/suv,34995,34995,,2022,Toyota,Corolla Cross,HYBRID G,SUV,55974,Automatic,,Unleaded,VIC
2026-01-25T18:47:02,sold,car/14758543/toyota/corolla/vic/maidstone/suv,24995,24995,,2020,Toyota,Corolla,WXB FULL OPTION,SUV,100383,Automatic,,Unleaded,VIC
2026-01-25T18:47:02,sold,car/14625358/toyota/corolla/vic/maidstone/limousine,20995,20995,,2021,Toyota,Corolla,HYBRID EX,Sedan,74038,Automatic,,Unleaded,VIC
2026-01-25T18:47:02,sold,car/14699811/toyota/corolla/vic/maidstone/suv,19995,19995,,2022,Toyota,Corolla,HYBRID EX,SUV,101417,Automatic,,Unleaded,VIC
2026-01-25T18:47:02,sold,car/14762948/toyota/c-hr/vic/st-kilda/wagon,25400,25400,,2018,Toyota,C-HR,G,Wagon,87850,,,,VIC
2026-01-25T18:47:02,sold,car/14373978/toyota/sienta/vic/maidstone/van,16995,16995,,2016,Toyota,Sienta,HYBRID G,Commercial,64790,Automatic,,Unleaded,VIC
2026-01-25T18:47:02,sold,car/14300663/toyota/aurion/vic/west-footscray/sedan,9990,9990,,2012,Toyota,Aurion,At-X,Sedan,257500,Automatic,2025-05-15,Unleaded,VIC
2026-01-25T18:47:02,sold,car/14719797/toyota/rukus/vic/footscray/wagon,10990,10990,,2010,Toyota,Rukus,Build 1,Wagon,165451,Automatic,,Unleaded,VIC
2026-01-25T18:47:02,sold,car/14466733/toyota/noah/vic/maidstone/van,23995,23995,,2017,Toyota,Noah,HYBRID X,Commercial,103511,Automatic,,Unleaded,VIC
2026-01-25T18:47:02,sold,car/14607455/toyota/camry/vic/west-footscray/sedan,16999,16999,,2017,Toyota,Camry,Atara Sx,Sedan,213299,Automatic,,Unleaded,VIC
2026-01-25T18:47:02,sold,car/14607983/toyota/kluger/vic/elsternwick/suv,42750,42750,,2023,Toyota,Kluger,Gx Awd,Wagon,49336,Automatic,,Unleaded,VIC
2026-01-25T18:47:02,sold,car/14789499/toyota/kluger/vic/west-footscray/suv,28990,28990,,2018,Toyota,Kluger,Gx (4X4),Wagon,190908,Automatic,,Unleaded,VIC
2026-01-25T18:47:02,sold,car/14719080/toyota/rukus/vic/footscray/wagon,11990,11990,,2011,Toyota,Rukus,Build 1,Wagon,175654,Automatic,,Unleaded,VIC
2026-01-25T18:47:02,sold,car/14433175/toyota/camry/vic/west-footscray/sedan,18990,18990,,2015,Toyota,Camry,Altise,Sedan,110579,Automatic,2025-07-15,Unleaded,VIC
2026-01-25T18:47:02,sold,car/14719089/toyota/rav4/vic/footscray/suv,7650,7650,,2004,Toyota,RAV4,Cv (4X4),Wagon,287866,Automatic,,Unleaded,VIC
2026-01-25T18:47:02,sold,car/14718442/toyota/camry/vic/south-melbourne/sedan,34990,34990,,2024,Toyota,Camry,Ascent,Sedan,24319,Automatic,2026-04-02,Premium,VIC
2026-01-25T18:47:02,sold,car/14876597/toyota/hiace/vic/elsternwick/van,42990,42990,,2020,Toyota,HiAce,Lwb Gl (Colours),Van,105369,Automatic,,Diesel,VIC
2026-01-25T18:47:02,sold,car/14886384/toyota/corolla/vic/braybrook/sedan,7999,7999,,2007,Toyota,Corolla,Ascent Sport,Sedan,174597,Automatic,2026-02-28,Unleaded,VIC
2026-01-25T18:47:02,sold,car/14752659/toyota/rav4/vic/south-melbourne/suv,42480,42480,,2021,Toyota,RAV4,Gxl (Awd) Hybrid,Wagon,33417,Automatic,2026-05-28,Hybrid,VIC
2026-01-25T18:47:02,sold,car/14729176/toyota/yaris-cross/vic/melbourne/suv,41880,41880,,2024,Toyota,Yaris Cross,Urban Hybrid,Wagon,11674,Automatic,2026-03-09,Hybrid,VIC
2026-01-25T18:47:02,sold,car/14688276/toyota/hilux/vic/maidstone/single-cab,18989,18989,,2015,Toyota,Hilux,Workmate,Cab Chassis,186349,Automatic,2025-12-17,Unleaded,VIC
2026-01-25T18:47:02,sold,car/14761235/toyota/hilux/vic/braybrook/dual-cab,14499,14499,,2009,Toyota,Hilux,Sr,Dual Cab Pick-up,254318,Manual,2025-12-19,Diesel,VIC
2026-01-25T18:47:02,sold,car/14665420/toyota/hilux/vic/preston/single-cab,34990,34990,,2022,Toyota,Hilux,Workmate (4X2),Cab Chassis,141224,Manual,2026-06-03,Unleaded,VIC
2026-01-25T18:47:02,sold,car/14625352/toyota/c-hr/vic/maidstone/suv,23995,23995,,2018,Toyota,C-HR,G,SUV,108938,Automatic,,Unleaded,VIC
2026-01-25T18:47:02,sold,car/14752737/toyota/corolla/vic/st-kilda/wagon,21600,21600,,2020,Toyota,Corolla,Touring (Hybrid),Wagon,140000,,,,VIC
2026-01-25T18:47:02,sold,car/14625353/toyota/c-hr/vic/maidstone/suv,23995,23995,,2018,Toyota,C-HR,HYBRID G,SUV,105262,Automatic,,Unleaded,VIC
2026-01-28T04:26:19,price_change,car/14819458/toyota/yaris/vic/preston/hatchback,10000.0,9990,10.0,2015,Toyota,Yaris,Ascent,Hatchback,168227,Manual,2025-12-30,Unleaded,VIC
2026-01-28T04:26:19,price_change,car/14891931/toyota/corolla/vic/nunawading/hatchback,9500.0,9750,-250.0,2011,Toyota,Corolla,Levin Zr,Hatchback,113000,Manual,2026-07-12,Unleaded,VIC
2026-01-28T04:26:19,price_change,car/14924131/toyota/camry/vic/nunawading/sedan,9500.0,9999,-499.0,2010,Toyota,Camry,Hybrid,Sedan,267000,Automatic,2026-03-15,Hybrid,VIC
2026-01-28T04:26:19,price_change,car/14921852/toyota/camry/vic/preston/sedan,8888.0,8450,438.0,2012,Toyota,Camry,Altise,Sedan,268426,Automatic,2026-04-15,Unleaded,VIC
2026-01-28T04:26:19,price_change,car/14905401/toyota/hiace/vic/preston/othercar,27888.0,28888,-1000.0,2014,Toyota,HiAce,COMMUTER KDH223R MY14,OtherCar,268034,Automatic,,Diesel,VIC
2026-01-28T04:26:19,listed,car/14929489/toyota/corolla/vic/preston/hatchback,14990.0,,,2017,Toyota,Corolla,Ascent,Hatchback,187000,Automatic,2026-04-04,Unleaded,VIC
2026-01-28T04:26:19,listed,car/14931025/toyota/corolla/vic/northcote/sedan,10499.0,,,2011,Toyota,Corolla,Ascent,Sedan,129000,Automatic,,Unleaded,VIC
2026-01-28T04:26:19,listed,car/14929465/toyota/rav4/vic/nunawading/suv,22990.0,,,2018,Toyota,RAV4,Gx (4X4),Wagon,146356,Automatic,,Unleaded,VIC
2026-01-28T04:26:19,listed,car/14929492/toyota/yaris/vic/preston/hatchback,14990.0,,,2014,Toyota,Yaris,Ascent,Hatchback,63400,Automatic,2026-08-30,Unleaded,VIC
2026-01-28T04:26:19,price_change,car/14920056/toyota/corolla/vic/nunawading/sedan,15250.0,15500,-250.0,2013,Toyota,Corolla,Ascent Sport,Sedan,123000,Automatic,2026-02-19,Unleaded,VIC
2026-01-28T04:26:19,price_change,car/14881168/toyota/rav4/vic/heidelberg/suv,51777.0,52555,-778.0,2024,Toyota,RAV4,Gxl (Awd) Hybrid,Wagon,17902,Automatic,2026-06-22,Hybrid,VIC
2026-01-28T04:26:19,price_change,car/14823019/toyota/hiace/vic/heidelberg/van,61777.0,62555,-778.0,2025,Toyota,HiAce,Lwb (4 Door Option),Van,45,Automatic,2026-05-25,Diesel,VIC
2026-01-28T04:26:19,listed,car/14898034/toyota/hiace/vic/nunawading/van,55990.0,,,2024,Toyota,HiAce,Lwb (4 Door Option),Van,1988,Automatic,2026-05-13,Diesel,VIC
2026-01-28T04:26:19,price_change,car/14878017/toyota/rav4/vic/heidelberg/suv,39777.0,40555,-778.0,2021,Toyota,RAV4,Gx (Awd) Hybrid,Wagon,47761,Automatic,2026-06-22,Hybrid,VIC
2026-01-28T04:26:19,price_change,car/14847721/toyota/camry/vic/heidelberg/sedan,31555.0,32777,-1222.0,2021,Toyota,Camry,Ascent,Sedan,46249,Automatic,2026-06-11,Unleaded,VIC
2026-01-28T04:26:19,price_change,car/14919088/toyota/hilux/vic/officer/dual-cab,36975.0,37975,-1000.0,2017,Toyota,Hilux,Sr (4X4),Dual Cab Chassis,110112,Automatic,,Diesel,VIC
2026-01-28T04:26:19,relisted,car/14919588/toyota/aurion/vic/coburg-north/sedan,9990.0,9990,,2008,Toyota,Aurion,Sportivo Zr6,Sedan,189043,Automatic,2026-10-07,Unleaded,VIC
2026-01-28T04:26:19,price_change,car/14892474/toyota/86/vic/south-morang/coupe,20444.0,21444,-1000.0,2013,Toyota,86,Gts,Coupe,168102,Manual,2026-01-15,Premium,VIC
2026-01-28T04:26:19,price_change,car/14576957/toyota/camry/vic/bundoora/sedan,33200.0,33444,-244.0,2023,Toyota,Camry,Ascent,Sedan,59755,Automatic,,Premium,VIC
2026-01-28T04:26:19,price_change,car/14917791/toyota/lc-military/vic/melbourne/pickup,147990.0,148990,-1000.0,2025,Toyota,LC MILITARY,LC MILITARY GXL 4.5L T DIESEL MANUAL DUAL CAB CHASSIS,Ute Tray,7736,Manual,,Other,VIC
2026-01-28T04:26:19,relisted,car/14595099/toyota/kluger/vic/elsternwick/suv,68950.0,68950,,2024,Toyota,Kluger,Gxl Hybrid Awd,Wagon,31890,Automatic,,Hybrid,VIC
2026-01-28T04:26:19,relisted,car/14576958/toyota/camry/vic/bundoora/sedan,33200.0,33444,-244.0,2023,Toyota,Camry,Ascent,Sedan,50833,Automatic,2025-11-29,Premium,VIC
2026-01-28T04:26:19,price_change,car/14576958/toyota/camry/vic/bundoora/sedan,33200.0,33444,-244.0,2023,Toyota,Camry,Ascent,Sedan,50833,Automatic,2025-11-29,Premium,VIC
2026-01-28T04:26:19,relisted,car/14917233/toyota/camry/vic/ringwood/sedan,21990.0,21990,,2017,Toyota,Camry,Atara S,Sedan,99330,Automatic,2026-02-28,Unleaded,VIC
2026-01-28T04:26:19,price_change,car/14431762/toyota/hilux/vic/ringwood/extra-cab,13999.0,13996,3.0,2012,Toyota,Hilux,Sr,X Cab Pickup,241334,Automatic,2025-06-28,Unleaded,VIC
2026-01-28T04:26:19,listed,car/14743637/toyota/corolla/vic/laverton-north/hatchback,26499.0,,,2021,Toyota,Corolla,Sx Hybrid,Hatchback,60362,Automatic,,Hybrid,VIC
2026-01-28T04:26:19,relisted,car/14889679/toyota/corolla/vic/ringwood/hatchback,20999.0,20999,,2017,Toyota,Corolla,Zr,Hatchback,131040,Automatic,2026-02-24,Unleaded,VIC
2026-01-28T04:26:19,relisted,car/14881002/toyota/landcruiser-prado/vic/ringwood/suv,50990.0,50990,,2021,Toyota,Landcruiser Prado,Gx,Wagon,121598,Automatic,2026-02-21,Diesel,VIC
2026-01-28T04:26:19,listed,car/14867346/toyota/hiace/vic/coburg-north/van,43990.0,,,2019,Toyota,HiAce,Slwb,Van,143369,Automatic,,Diesel,VIC
2026-01-28T04:26:19,listed,car/14895079/toyota/hilux/vic/coburg-north/dual-cab,30990.0,,,2020,Toyota,Hilux,Workmate,Double Cab Pick Up,118943,Automatic,,Unleaded,VIC
2026-01-28T04:26:19,listed,car/14859826/toyota/landcruiser-prado/vic/ferntree-gully/suv,59990.0,,,2022,Toyota,Landcruiser Prado,Gxl,Wagon,90831,Automatic,2026-04-27,Diesel,VIC
2026-01-28T04:26:19,price_change,car/14927284/toyota/corolla/vic/moorabbin/hatchback,15990.0,14888,1102.0,2013,Toyota,Corolla,Ascent Sport,Hatchback,124989,Automatic,2026-01-29,Unleaded,VIC
2026-01-28T04:26:19,price_change,car/14925964/toyota/hilux/vic/croydon/dual-cab,26888.0,25888,1000.0,2017,Toyota,Hilux,Workmate (4X4),Dual Cab Utility,124000,Automatic,2026-10-30,Diesel,VIC
2026-01-28T04:26:19,price_change,car/14770455/toyota/hiace/vic/deer-park/van,24999.0,25999,-1000.0,2012,Toyota,HiAce,Lwb,Van,117412,Automatic,2025-09-14,Unleaded,VIC
2026-01-28T04:26:19,listed,car/14929855/toyota/corolla/vic/melbourne/sedan,33990.0,,,2024,Toyota,Corolla,Ascent Sport Hybrid,Sedan,21367,Automatic,,Hybrid,VIC
2026-01-28T04:26:19,listed,car/14929859/toyota/corolla/vic/melbourne/sedan,32990.0,,,2024,Toyota,Corolla,Sx,Sedan,26030,Automatic,,Unleaded,VIC
2026-01-28T04:26:19,listed,car/14930133/toyota/yaris/vic/clayton-south/hatchback,14880.0,,,2017,Toyota,Yaris,Ascent,Hatchback,124469,Automatic,,Unleaded,VIC
2026-01-28T04:26:19,listed,car/14930283/toyota/corolla/vic/melbourne/hatchback,18990.0,,,2014,Toyota,Corolla,Ascent Sport,Hatchback,95288,Automatic,2026-07-29,Unleaded,VIC
2026-01-28T04:26:19,listed,car/14930486/toyota/corolla/vic/melbourne/hatchback,21990.0,,,2017,Toyota,Corolla,Ascent,Hatchback,49088,Automatic,2026-12-20,Unleaded,VIC
2026-01-28T04:26:19,listed,car/14930487/toyota/hilux/vic/south-melbourne/single-cab,29990.0,,,2022,Toyota,Hilux,Workmate (4X2),Cab Chassis,90792,Automatic,2026-09-28,Unleaded,VIC
2026-01-28T04:26:19,listed,car/14930705/toyota/hilux/vic/airport-west/single-cab,31788.0,,,2022,Toyota,Hilux,Workmate Hi-Rider (4X2),Cab Chassis,13150,Manual,2026-03-07,Diesel,VIC
2026-01-28T04:26:19,listed,car/14931053/toyota/hilux/vic/oakleigh-south/dual-cab,19990.0,,,2013,Toyota,Hilux,Sr5 (4X4),Dual Cab Pick-up,397449,Automatic,2026-03-21,Diesel,VIC
2026-01-28T04:26:19,listed,car/14929516/toyota/c-hr/vic/maidstone/suv,22990.0,,,2021,Toyota,C-HR,Koba (2Wd) Hybrid,Wagon,195200,Automatic,2025-12-16,Hybrid,VIC
2026-01-28T04:26:19,listed,car/14929339/toyota/landcruiser/vic/moorabbin/suv,34990.0,,,2011,Toyota,Landcruiser,Altitude Se,Wagon,489991,Automatic,2026-08-18,Diesel,VIC
2026-01-28T04:26:19,relisted,car/14928348/toyota/yaris-cross/vic/melbourne/suv,31990.0,31990,,2021,Toyota,Yaris Cross,URBAN,SUV,45568,,2026-05-23,Other,VIC
2026-01-28T04:26:19,listed,car/14929676/toyota/yaris/vic/elsternwick/hatchback,38990.0,,,2024,Toyota,Yaris,ZR HYBRID,Hatch,9951,,,Hybrid,VIC
2026-01-28T04:26:19,listed,car/14910630/toyota/hilux/vic/oakleigh/dual-cab,63888.0,,,2022,Toyota,Hilux,Sr5 (4X4),Double Cab Chassis,63488,Automatic,,Diesel,VIC
2026-01-28T04:26:19,listed,car/14847856/toyota/camry/vic/melbourne/sedan,30990.0,,,2021,Toyota,Camry,Ascent Sport Hybrid,Sedan,138626,Automatic,2026-03-03,Hybrid,VIC
2026-01-28T04:26:19,listed,car/14835196/toyota/hiace/vic/coburg-north/people-mover,48990.0,,,2018,Toyota,HiAce,Commuter (12 Seats),Bus,37782,Automatic,,Diesel,VIC
2026-01-28T04:26:19,listed,car/14900855/toyota/rav4/vic/coburg-north/suv,33990.0,,,2020,Toyota,RAV4,Gxl Awd Hybrid,Wagon,139325,Automatic,,Hybrid,VIC
2026-01-28T04:26:19,price_change,car/14678146/toyota/camry/vic/bundoora/sedan,33444.0,33750,-306.0,2023,Toyota,Camry,Ascent,Sedan,52523,Automatic,,Premium,VIC
2026-01-28T04:26:19,listed,car/14911769/toyota/landcruiser/vic/ferntree-gully/suv,53987.0,,,2009,Toyota,Landcruiser,Gxl (4X4),Wagon,213137,Automatic,,Diesel,VIC
2026-01-28T04:26:19,listed,car/14908335/toyota/kluger/vic/essendon-fields/suv,55888.0,,,2023,Toyota,Kluger,Gx Hybrid Awd,Wagon,25999,Automatic,2025-12-10,Hybrid,VIC
2026-01-28T04:26:19,price_change,car/14916848/toyota/rav4/vic/dingley-village/suv,9990.0,10450,-460.0,2007,Toyota,RAV4,Cruiser (4X4),Wagon,214000,Automatic,,Unleaded,VIC
2026-01-28T04:26:19,price_change,car/14907930/toyota/rukus/vic/maidstone/wagon,9989.0,10989,-1000.0,2010,Toyota,Rukus,Build 1,Wagon,197542,Automatic,2026-09-21,Unleaded,VIC
2026-01-28T04:26:19,listed,car/14843916/toyota/landcruiser/vic/keysborough/dual-cab,88888.0,,,2024,Toyota,Landcruiser,Lc79 Workmate,Double Cab Chassis,1588,Automatic,2026-01-31,Diesel,VIC
2026-01-28T04:26:19,relisted,car/14789515/toyota/corolla/vic/west-footscray/sedan,17990.0,17990,,2017,Toyota,Corolla,Ascent,Sedan,156825,Automatic,2026-03-21,Unleaded,VIC
2026-01-28T04:26:19,price_change,car/14864359/toyota/hiace/vic/dandenong-south/van,24999.0,27999,-3000.0,2016,Toyota,HiAce,KDH221R,Commercial,160244,Automatic,,Diesel,VIC
2026-01-28T04:26:19,price_change,car/14852932/toyota/rav4/vic/deer-park/suv,58888.0,60888,-2000.0,2023,Toyota,RAV4,Edge (Awd),Wagon,15917,Automatic,,Unleaded,VIC
2026-01-28T04:26:19,price_change,car/14928096/toyota/corolla/vic/laverton-north/hatchback,13999.0,14999,-1000.0,2013,Toyota,Corolla,Ascent Sport,Hatchback,170351,Automatic,2026-03-21,Unleaded,VIC
2026-01-28T04:26:19,listed,car/14922670/toyota/bz4x/vic/keysborough/suv,49970.0,,,2024,Toyota,BZ4X,Awd,Wagon,3233,Automatic,2026-04-30,Electric,VIC
2026-01-28T04:26:19,listed,car/14922671/toyota/corolla-cross/vic/keysborough/suv,41970.0,,,2024,Toyota,Corolla Cross,Gx 2Wd Hybrid,Wagon,22296,Automatic,2026-01-14,Hybrid,VIC
2026-01-28T04:26:19,listed,car/14922669/toyota/corolla-cross/vic/keysborough/suv,50970.0,,,2025,Toyota,Corolla Cross,Gxl 2Wd Hybrid,Wagon,8771,Automatic,2026-02-28,Hybrid,VIC
2026-01-28T04:26:19,listed,car/14916531/toyota/hilux/vic/laverton-north/dual-cab,68290.0,,,2024,Toyota,Hilux,Rogue 48V (4X4),Double Cab Pick Up,26123,Automatic,,Hybrid,VIC
2026-01-28T04:26:19,listed,car/14929687/toyota/kluger/vic/dandenong/suv,15990.0,,,2012,Toyota,Kluger,Kx-R (Fwd) 7 Seat,Wagon,139969,Automatic,,Unleaded,VIC
2026-01-28T04:26:19,listed,car/14929362/toyota/rav4/vic/west-footscray/suv,17990.0,,,2013,Toyota,RAV4,Gx (4X4),Wagon,171948,Automatic,2026-11-14,Unleaded,VIC
2026-01-28T04:26:19,listed,car/14929442/toyota/rav4/vic/maidstone/suv,11989.0,,,2011,Toyota,RAV4,Cv (2Wd),Wagon,277821,Automatic,,Unleaded,VIC
2026-01-28T04:26:19,listed,car/14929482/toyota/landcruiser/vic/west-footscray/suv,49990.0,,,2005,Toyota,Landcruiser,Gxl (4X4),Wagon,253397,Automatic,2026-02-25,Diesel,VIC
2026-01-28T04:26:19,listed,car/14928503/toyota/landcruiser-prado/vic/keysborough/suv,93970.0,,,2025,Toyota,Landcruiser Prado,Gxl,Wagon,19944,Automatic,2026-03-07,Diesel,VIC
2026-01-28T04:26:19,listed,car/14923356/toyota/rav4/vic/altona-north/suv,12999.0,,,2010,Toyota,RAV4,Cv (2Wd),Wagon,187352,Automatic,2026-06-11,Unleaded,VIC
2026-01-28T04:26:19,listed,car/14927208/toyota/hilux/vic/keysborough/single-cab,28888.0,,,2022,Toyota,Hilux,Workmate (4X2),Cab Chassis,90652,Automatic,2026-05-31,Unleaded,VIC
2026-01-28T04:26:19,listed,car/14923353/toyota/corolla/vic/altona-north/sedan,6999.0,,,2006,Toyota,Corolla,Ascent,Sedan,224926,Automatic,2020-05-29,Unleaded,VIC
2026-01-28T04:26:19,listed,car/14929361/toyota/landcruiser/vic/west-footscray/suv,39990.0,,,2008,Toyota,Landcruiser,Vx (4X4),Wagon,334392,Automatic,2026-12-18,Diesel,VIC
2026-01-28T04:26:19,listed,car/14923354/toyota/yaris/vic/altona-north/hatchback,7999.0,,,2005,Toyota,Yaris,Yrs,Hatchback,155945,Automatic,2026-06-13,Unleaded,VIC
2026-01-28T04:26:19,relisted,car/14886218/toyota/aurion/vic/braybrook/sedan,11999.0,11999,,2012,Toyota,Aurion,At-X,Sedan,257846,Automatic,2025-09-30,Unleaded,VIC
2026-01-28T04:26:19,price_change,car/14796499/toyota/kluger/vic/west-footscray/suv,25990.0,28990,-3000.0,2018,Toyota,Kluger,Gx (4X4),Wagon,190908,Automatic,2026-02-12,Unleaded,VIC
2026-01-28T04:26:19,relisted,car/14824102/toyota/camry/vic/braybrook/sedan,7999.0,7999,,2006,Toyota,Camry,Altise,Sedan,239897,Automatic,2026-01-15,Unleaded,VIC
2026-01-28T04:26:19,listed,car/14867683/toyota/rav4/vic/deer-park/suv,61888.0,,,2024,Toyota,RAV4,Cruiser (Awd) Hybrid,Wagon,28487,Automatic,2026-01-20,Hybrid,VIC
2026-01-28T04:26:19,listed,car/14828186/toyota/c-hr/vic/laverton-north/suv,23495.0,,,2019,Toyota,C-HR,,SUV,100774,Automatic,,Unleaded,VIC
2026-01-28T04:26:19,relisted,car/14818962/toyota/voxy/vic/campbellfield/estatecar,48500.0,48500,,2015,Toyota,Voxy,,Wagon,100123,Automatic,,Premium,VIC
2026-01-28T04:26:19,price_change,car/14881167/toyota/prius-c/vic/laverton-north/hatchback,24195.0,24295,-100.0,2020,Toyota,Prius-C,Hybrid,Hatchback,22999,Automatic,,Hybrid,VIC
2026-01-28T04:26:19,listed,car/14883914/toyota/kluger/vic/tottenham/suv,52888.0,,,2023,Toyota,Kluger,Gx Hybrid Awd,Wagon,56394,Automatic,,Hybrid,VIC
2026-01-28T04:26:19,price_change,car/14840802/toyota/kluger/vic/deer-park/suv,44888.0,45888,-1000.0,2022,Toyota,Kluger,Gx 2Wd,Wagon,24591,Automatic,,Premium,VIC
2026-01-28T04:26:19,price_change,car/14834238/toyota/corolla/vic/deer-park/sedan,26880.0,27888,-1008.0,2022,Toyota,Corolla,Ascent Sport Hybrid,Sedan,92297,Automatic,,Hybrid,VIC
2026-01-28T04:26:19,listed,car/14903089/toyota/corolla/vic/laverton-north/hatchback,37990.0,,,2023,Toyota,Corolla,Zr Hybrid,Hatchback,8136,Automatic,,Hybrid,VIC
2026-01-28T04:26:19,listed,car/14833297/toyota/camry/vic/laverton-north/sedan,31295.0,,,2021,Toyota,Camry,Ascent Hybrid,Sedan,46579,Automatic,,Hybrid,VIC
2026-01-28T04:26:19,listed,car/14819061/toyota/voxy/vic/campbellfield/estatecar,28500.0,,,2010,Toyota,Voxy,,Wagon,124295,Automatic,,Premium,VIC
2026-01-28T04:26:19,listed,car/14890238/toyota/rav4/vic/tottenham/suv,23888.0,,,2017,Toyota,RAV4,Gxl (2Wd),Wagon,149406,Automatic,2026-05-01,Unleaded,VIC
2026-01-28T04:26:19,listed,car/14818728/toyota/camry/vic/deer-park/sedan,36888.0,,,2022,Toyota,Camry,Ascent,Sedan,24959,Automatic,,Premium,VIC
2026-01-28T04:26:19,price_change,car/14819864/toyota/rav4/vic/deer-park/suv,41888.0,42888,-1000.0,2022,Toyota,RAV4,Gx (Awd) Hybrid,Wagon,69523,Automatic,2025-12-14,Hybrid,VIC
2026-01-28T04:26:19,price_change,car/14840800/toyota/corolla/vic/deer-park/hatchback,22888.0,23888,-1000.0,2020,Toyota,Corolla,Ascent Sport Hybrid,Hatchback,139627,Automatic,,Hybrid,VIC
2026-01-28T04:26:19,price_change,car/14919280/toyota/corolla/vic/deer-park/sedan,21880.0,23888,-2008.0,2016,Toyota,Corolla,Ascent,Sedan,91651,Automatic,,Unleaded,VIC
2026-01-28T04:26:19,price_change,car/14853875/toyota/rav4/vic/berwick/suv,36999.0,37499,-500.0,2021,Toyota,RAV4,Cruiser (2Wd) Hybrid,Wagon,142147,Automatic,,Hybrid,VIC
2026-01-28T04:26:19,listed,car/14929671/toyota/corolla/vic/berwick/sedan,24999.0,,,2018,Toyota,Corolla,Ascent,Sedan,29259,Automatic,,Unleaded,VIC
2026-01-28T04:26:19,listed,car/14929898/toyota/rav4/vic/berwick/suv,32999.0,,,2020,Toyota,RAV4,Gxl (2Wd),Wagon,94833,Automatic,,Unleaded,VIC
2026-01-28T04:26:19,listed,car/14930030/toyota/landcruiser/vic/berwick/suv,143999.0,,,2023,Toyota,Landcruiser,Lc300 Sahara (4X4),Wagon,17880,Automatic,,Diesel,VIC
2026-01-28T04:26:19,listed,car/14930032/toyota/yaris-cross/vic/berwick/suv,24999.0,,,2022,Toyota,Yaris Cross,Gx,Wagon,109744,Automatic,,Unleaded,VIC
2026-01-28T04:26:19,listed,car/14930124/toyota/rav4/vic/frankston/suv,40990.0,,,2021,Toyota,RAV4,Gxl (2Wd) Hybrid,Wagon,59715,Automatic,,Hybrid,VIC
2026-01-28T04:26:19,listed,car/14930328/toyota/rav4/vic/berwick/suv,45999.0,,,2024,Toyota,RAV4,Gx (2Wd) Hybrid,Wagon,17935,Automatic,,Hybrid,VIC
2026-01-28T04:26:19,listed,car/14930942/toyota/rav4/vic/berwick/suv,21780.0,,,2021,Toyota,RAV4,Gx Awd Hybrid,Wagon,84001,Automatic,2026-11-26,Hybrid,VIC
2026-01-28T04:26:19,listed,car/14923980/toyota/kluger/vic/cranbourne/suv,40888.0,,,2021,Toyota,Kluger,Gx Awd,Wagon,84890,Automatic,,Premium,VIC
2026-01-28T04:26:19,listed,car/14928251/toyota/hilux/vic/frankston/dual-cab,50990.0,,,2022,Toyota,Hilux,Sr (4X4),Double Cab Pick Up,68987,Automatic,,Diesel,VIC
2026-01-28T04:26:19,listed,car/14928250/toyota/hilux/vic/frankston/dual-cab,48990.0,,,2021,Toyota,Hilux,Sr5 (4X4),Double Cab Pick Up,149409,Automatic,,Diesel,VIC
2026-01-28T04:26:19,listed,car/14915017/toyota/landcruiser-prado/vic/cranbourne/suv,61888.0,,,2021,Toyota,Landcruiser Prado,Gxl,Wagon,98486,Automatic,,Diesel,VIC
2026-01-28T04:26:19,price_change,car/14869277/toyota/fortuner/vic/berwick/suv,59990.0,60990,-1000.0,2023,Toyota,Fortuner,Crusade,Wagon,37857,Automatic,2026-05-12,Diesel,VIC
2026-01-28T04:26:19,listed,car/14856349/toyota/corolla/vic/melbourne/hatchback,28490.0,,,2023,Toyota,Corolla,Ascent Sport,Hatchback,52243,Automatic,2026-06-15,Unleaded,VIC
2026-01-28T04:26:19,listed,car/14808990/toyota/corolla/vic/frankston/hatchback,20990.0,,,2018,Toyota,Corolla,Ascent,Hatchback,102952,Automatic,,Unleaded,VIC
2026-01-28T04:26:19,price_change,car/14818732/toyota/corolla/vic/croydon/sedan,26888.0,27688,-800.0,2022,Toyota,Corolla,Ascent Sport Hybrid,Sedan,84500,Automatic,2026-06-04,Hybrid,VIC
2026-01-28T04:26:19,listed,car/14806924/toyota/c-hr/vic/hoppers-crossing/suv,33990.0,,,2020,Toyota,C-HR,Koba (2Wd) Hybrid,Wagon,83623,Automatic,,Hybrid,VIC
2026-01-28T04:26:19,listed,car/14929921/toyota/hilux/vic/officer/dual-cab,38975.0,,,2018,Toyota,Hilux,Sr (4X4),Dual Cab Chassis,94769,Automatic,,Diesel,VIC
2026-01-28T04:26:19,listed,car/14930232/toyota/kluger/vic/melton/suv,38999.0,,,2022,Toyota,Kluger,Gx 2Wd,Wagon,97055,Automatic,,Premium,VIC
2026-01-28T04:26:19,listed,car/14930312/toyota/hiace/vic/mornington/van,55990.0,,,2025,Toyota,HiAce,Lwb (4 Door) Barn Door,Van,30877,Automatic,2026-03-05,Diesel,VIC
2026-01-28T04:26:19,listed,car/14930769/toyota/hilux/vic/officer/dual-cab,37975.0,,,2017,Toyota,Hilux,Sr (4X4),Dual Cab Chassis,104589,Automatic,,Diesel,VIC
2026-01-28T04:26:19,listed,car/14928692/toyota/hilux/vic/mornington/dual-cab,45990.0,,,2022,Toyota,Hilux,Sr (4X4),Double Cab Chassis,147648,Automatic,,Diesel,VIC
2026-01-28T04:26:19,price_change,car/14924968/toyota/camry/vic/mornington/sedan,24788.0,24988,-200.0,2020,Toyota,Camry,Ascent,Sedan,172634,Automatic,2026-04-14,Unleaded,VIC
2026-01-28T04:26:19,price_change,car/14921895/toyota/fortuner/vic/mornington/suv,49788.0,49888,-100.0,2021,Toyota,Fortuner,Crusade,Wagon,85001,Automatic,2026-04-16,Diesel,VIC
2026-01-28T04:26:19,listed,car/14792555/toyota/corolla/vic/airport-west/hatchback,26788.0,,,2021,Toyota,Corolla,Ascent Sport Hybrid,Hatchback,65376,Automatic,,Hybrid,VIC
2026-01-28T04:26:19,listed,car/14929799/toyota/hilux/vic/officer/dual-cab,42975.0,,,2021,Toyota,Hilux,Sr (4X4),Double Cab Chassis,108041,Automatic,,Diesel,VIC
2026-01-28T04:26:19,price_change,car/14917794/toyota/c-hr/vic/melbourne/suv,23990.0,24990,-1000.0,2017,Toyota,C-HR,C-HR KOBA AWD 1.2L PETROL CVT WAGON,SUV,113091,,2026-07-09,Other,VIC
2026-01-28T04:26:19,relisted,car/14665420/toyota/hilux/vic/preston/single-cab,34990.0,34990,,2022,Toyota,Hilux,Workmate (4X2),Cab Chassis,141224,Manual,2026-06-03,Unleaded,VIC
2026-01-28T04:26:19,listed,car/14899533/toyota/corolla/vic/burwood/hatchback,24888.0,,,2019,Toyota,Corolla,Ascent Sport (Hybrid),Hatchback,69919,Automatic,2026-01-07,Hybrid,VIC
2026-01-28T04:26:19,listed,car/14719412/toyota/camry/vic/burwood/sedan,31777.0,,,2022,Toyota,Camry,Ascent,Sedan,44491,Automatic,2026-02-25,Premium,VIC
2026-01-28T04:26:19,listed,car/14930367/toyota/camry/vic/nunawading/sedan,24990.0,,,2018,Toyota,Camry,Ascent Sport,Sedan,89812,Automatic,2026-02-26,Unleaded,VIC
2026-01-28T04:26:19,listed,car/14930366/toyota/camry/vic/nunawading/sedan,24990.0,,,2018,Toyota,Camry,Ascent Sport,Sedan,89812,Automatic,2026-02-26,Unleaded,VIC
2026-01-28T04:26:19,listed,car/14930659/toyota/landcruiser-prado/vic/nunawading/suv,48990.0,,,2016,Toyota,Landcruiser Prado,Gxl (4X4),Wagon,109719,Automatic,,Diesel,VIC
2026-01-28T04:26:19,listed,car/14930876/toyota/rav4/vic/camberwell/suv,38990.0,,,2023,Toyota,RAV4,Gx (2Wd),Wagon,48186,Automatic,,Unleaded,VIC
2026-01-28T04:26:19,listed,car/14926347/toyota/corolla/vic/heidelberg/hatchback,30777.0,,,2022,Toyota,Corolla,Ascent Sport Hybrid,Hatchback,31923,Automatic,2026-05-16,Hybrid,VIC
2026-01-28T04:26:19,listed,car/14926334/toyota/corolla/vic/heidelberg/hatchback,31777.0,,,2022,Toyota,Corolla,Ascent Sport Hybrid,Hatchback,23525,Automatic,2026-05-11,Hybrid,VIC
2026-01-28T04:26:19,listed,car/14928861/toyota/rav4/vic/heidelberg/suv,47555.0,,,2021,Toyota,RAV4,Cruiser (Awd) Hybrid,Wagon,50276,Automatic,2026-07-08,Hybrid,VIC
2026-01-28T04:26:19,listed,car/14926530/toyota/corolla/vic/nunawading/sedan,23990.0,,,2018,Toyota,Corolla,Ascent,Sedan,25359,Automatic,,Unleaded,VIC
2026-01-28T04:26:19,relisted,car/14921616/toyota/corolla/vic/preston/hatchback,9500.0,9500,,2010,Toyota,Corolla,Ascent,Hatchback,212298,Automatic,2026-10-29,Unleaded,VIC
2026-01-28T04:26:19,relisted,car/14919295/toyota/camry/vic/preston/sedan,15880.0,15880,,2016,Toyota,Camry,Altise Hybrid,Sedan,105568,Automatic,2026-12-12,Hybrid,VIC
2026-01-28T04:26:19,listed,car/14879076/toyota/landcruiser/vic/ringwood/pickup,49990.0,,,1975,Toyota,Landcruiser,FJ45 4WD,Ute Tray,114794,Manual,,Unleaded,VIC
2026-01-28T04:26:19,relisted,car/14785765/toyota/corolla/vic/preston/sedan,17990.0,17990,,2017,Toyota,Corolla,Ascent,Sedan,119613,Automatic,2026-03-25,Unleaded,VIC
2026-01-28T04:26:19,listed,car/14881897/toyota/kluger/vic/nunawading/suv,18000.0,,,2015,Toyota,Kluger,Gxl (4X4),Wagon,229000,Automatic,,Unleaded,VIC
2026-01-28T04:26:19,listed,car/14913607/toyota/c-hr/vic/nunawading/suv,26990.0,,,2021,Toyota,C-HR,Gxl (2Wd),Wagon,111275,Automatic,,Premium,VIC
2026-01-28T04:26:19,listed,car/14913604/toyota/rav4/vic/nunawading/suv,41990.0,,,2022,Toyota,RAV4,Gx (2Wd) Hybrid,Wagon,43491,Automatic,,Hybrid,VIC
2026-01-28T04:26:19,listed,car/14860923/toyota/camry/vic/nunawading/sedan,7800.0,,,2006,Toyota,Camry,Altise,Sedan,161000,Automatic,,Unleaded,VIC
2026-01-28T04:26:19,listed,car/14920626/toyota/corolla/vic/nunawading/hatchback,25990.0,,,2019,Toyota,Corolla,Ascent Sport,Hatchback,44610,Automatic,,Unleaded,VIC
2026-01-28T04:26:19,listed,car/14579286/toyota/c-hr/vic/ringwood/othercar,27888.0,,,2018,Toyota,C-HR,,OtherCar,78735,,,Other,VIC
2026-01-28T04:26:19,relisted,car/14699797/toyota/crown/vic/maidstone/limousine,14995.0,14995,,2008,Toyota,Crown,ATHLETE,Sedan,95956,Automatic,,Unleaded,VIC
2026-01-28T04:26:19,listed,car/14756363/toyota/vitz/vic/murrumbeena/hatchback,16888.0,,,2017,Toyota,Vitz,F (HYBRID) NHP130,Hatch,85625,Automatic,,Hybrid,VIC
2026-01-28T04:26:19,listed,car/14912400/toyota/rav4/vic/bentleigh/suv,17990.0,,,2012,Toyota,RAV4,Cruiser (4X4),Wagon,120336,Automatic,,Unleaded,VIC
2026-01-28T04:26:19,relisted,car/14919637/toyota/prius/vic/maidstone/hatchback,,,,2012,Toyota,Prius,ZVW30R,Hatch,112749,Automatic,,Unleaded,VIC
2026-01-28T04:26:19,listed,car/14865174/toyota/camry/vic/moorabbin/sedan,6999.0,,,2008,Toyota,Camry,Altise,Sedan,245000,Automatic,,Unleaded,VIC
2026-01-28T04:26:19,listed,car/14705138/toyota/camry/vic/ringwood/sedan,14990.0,,,2013,Toyota,Camry,Altise,Sedan,176323,Automatic,2025-11-30,Unleaded,VIC
2026-01-28T04:26:19,listed,car/14912397/toyota/aurion/vic/oakleigh-south/sedan,14990.0,,,2012,Toyota,Aurion,Sportivo Sx6,Sedan,153738,Automatic,2026-03-18,Unleaded,VIC
2026-01-28T04:26:19,listed,car/14923366/toyota/corolla/vic/oakleigh/hatchback,19888.0,,,2018,Toyota,Corolla,Ascent Sport,Hatchback,139975,Automatic,,Unleaded,VIC
2026-01-28T04:26:19,listed,car/14923975/toyota/rav4/vic/oakleigh/suv,42888.0,,,2020,Toyota,RAV4,Cruiser 2Wd Hybrid,Wagon,93486,Automatic,,Hybrid,VIC
2026-01-28T04:26:19,listed,car/14926635/toyota/camry/vic/oakleigh/sedan,19999.0,,,2017,Toyota,Camry,Rz S.E.,Sedan,161431,Automatic,,Unleaded,VIC
2026-01-28T04:26:19,relisted,car/14922771/toyota/echo/vic/footscray/hatchback,5990.0,5990,,2003,Toyota,Echo,,Hatchback,128732,Manual,,Unleaded,VIC
2026-01-28T04:26:19,listed,car/14925075/toyota/landcruiser/vic/essendon-fields/single-cab,36890.0,,,2008,Toyota,Landcruiser,Gx (4X4),Cab Chassis,342300,Manual,2026-06-30,Diesel,VIC
2026-01-28T04:26:19,listed,car/14925865/toyota/landcruiser-prado/vic/ringwood/suv,16990.0,,,2003,Toyota,Landcruiser Prado,GXL 4X4,SUV,406136,Automatic,2026-05-22,Diesel,VIC
2026-01-28T04:26:19,listed,car/14922146/toyota/corolla/vic/oakleigh/hatchback,35888.0,,,2025,Toyota,Corolla,Ascent Sport Hybrid,Hatchback,24027,Automatic,,Hybrid,VIC
2026-01-28T04:26:19,relisted,car/14924745/toyota/rukus/vic/footscray/wagon,9650.0,9650,,2011,Toyota,Rukus,Build 3,Wagon,239691,Automatic,,Unleaded,VIC
2026-01-28T04:26:19,listed,car/14926636/toyota/hilux/vic/oakleigh/single-cab,28888.0,,,2021,Toyota,Hilux,Workmate,Cab Chassis,55174,Automatic,,Unleaded,VIC
2026-01-28T04:26:19,listed,car/14928694/toyota/landcruiser/vic/ferntree-gully/suv,,,,2019,Toyota,Landcruiser,Lc200 Sahara (4X4),Wagon,195402,Automatic,2026-07-30,Diesel,VIC
2026-01-28T04:26:19,listed,car/14928703/toyota/corolla-cross/vic/south-melbourne/suv,48990.0,,,2024,Toyota,Corolla Cross,Atmos 2Wd Hybrid,Wagon,34875,Automatic,,Hybrid,VIC
2026-01-28T04:26:19,listed,car/14579295/toyota/corolla-cross/vic/ringwood/suv,35990.0,,,2022,Toyota,Corolla Cross,HYBRID G,SUV,59910,Automatic,,Other,VIC
2026-01-28T04:26:19,listed,car/14750911/toyota/camry/vic/ringwood/sedan,25990.0,,,2021,Toyota,Camry,Ascent,Sedan,87515,Automatic,2025-11-18,Premium,VIC
2026-01-28T04:26:19,listed,car/14696757/toyota/kluger/vic/springvale/suv,24000.0,,,2015,Toyota,Kluger,Gxl (4X2),Wagon,145000,Automatic,2026-05-26,Unleaded,VIC
2026-01-28T04:26:19,relisted,car/14876597/toyota/hiace/vic/elsternwick/van,42990.0,42990,,2020,Toyota,HiAce,Lwb Gl (Colours),Van,105369,Automatic,,Diesel,VIC
2026-01-28T04:26:19,listed,car/14929703/toyota/corolla/vic/ringwood/hatchback,21888.0,,,2017,Toyota,Corolla,Zr,Hatchback,98790,Automatic,2025-12-29,Unleaded,VIC
2026-01-28T04:26:19,listed,car/14929935/toyota/kluger/vic/ringwood/suv,16990.0,,,2012,Toyota,Kluger,Kx-R (Fwd) 7 Seat,Wagon,164563,Automatic,2026-02-21,Unleaded,VIC
2026-01-28T04:26:19,listed,car/14930176/toyota/kluger/vic/oakleigh/suv,73980.0,,,2024,Toyota,Kluger,Gxl Hybrid Awd,Wagon,7250,Automatic,,Hybrid,VIC
2026-01-28T04:26:19,listed,car/14930177/toyota/kluger/vic/oakleigh/suv,74980.0,,,2025,Toyota,Kluger,Gxl Hybrid Awd,Wagon,5518,Automatic,,Hybrid,VIC
2026-01-28T04:26:19,listed,car/14930197/toyota/corolla/vic/ringwood/hatchback,18950.0,,,2017,Toyota,Corolla,Ascent,Hatchback,159459,Automatic,2026-04-14,Unleaded,VIC
2026-01-28T04:26:19,listed,car/14930484/toyota/rav4/vic/south-melbourne/suv,55990.0,,,2023,Toyota,RAV4,Cruiser (Awd) Hybrid,Wagon,30322,Automatic,2026-05-23,Hybrid,VIC
2026-01-28T04:26:19,price_change,car/14928987/toyota/landcruiser-prado/vic/ringwood/suv,14999.0,12999,2000.0,2008,Toyota,Landcruiser Prado,GRANDE 4X4,SUV,353768,Automatic,2026-04-23,Diesel,VIC
2026-01-28T04:26:19,listed,car/14924655/toyota/yaris/vic/fawkner/othercar,8999.0,,,2008,Toyota,Yaris,,OtherCar,158320,,2026-02-19,Other,VIC
2026-01-28T04:26:19,listed,car/14924550/toyota/kluger/vic/ringwood/suv,18990.0,,,2011,Toyota,Kluger,Kx-S (Fwd),Wagon,180520,Automatic,2026-07-15,Unleaded,VIC
2026-01-28T04:26:19,listed,car/14928695/toyota/landcruiser/vic/ferntree-gully/suv,131990.0,,,2019,Toyota,Landcruiser,Lc200 Sahara (4X4),Wagon,65740,Automatic,2027-01-13,Diesel,VIC
2026-01-28T04:26:19,listed,car/14926288/toyota/rav4/vic/springvale/suv,26980.0,,,2018,Toyota,RAV4,Gxl (4X4),Wagon,113732,Automatic,,Unleaded,VIC
2026-01-28T04:26:19,listed,car/14922593/toyota/rav4/vic/oakleigh/suv,38888.0,,,2021,Toyota,RAV4,Gxl (Awd) Hybrid,Wagon,127652,Automatic,,Hybrid,VIC
2026-01-28T04:26:19,listed,car/14926850/toyota/rav4/vic/ringwood/suv,21999.0,,,2016,Toyota,RAV4,Gx (2Wd),Wagon,137282,Automatic,2026-11-06,Unleaded,VIC
2026-01-28T04:26:19,sold,car/14765937/toyota/rav4/vic/west-footscray/suv,13999,13999,,2014,Toyota,RAV4,Gx (2Wd),Wagon,271343,Automatic,,Unleaded,VIC
2026-01-28T04:26:19,sold,car/14887772/toyota/rav4/vic/braybrook/suv,6999,6999,,2005,Toyota,RAV4,Cruiser (4X4),Wagon,349308,Manual,2026-09-01,Unleaded,VIC
2026-01-28T04:26:19,sold,car/14894547/toyota/landcruiser/vic/alphington/suv,9888,9888,,1998,Toyota,Landcruiser,Gxl (4X4),Wagon,560261,Manual,2026-01-15,Diesel,VIC
2026-01-28T04:26:19,sold,car/14767641/toyota/hilux/vic/braybrook/dual-cab,14799,14799,,2014,Toyota,Hilux,Workmate,Dual Cab Pick-up,217162,Manual,2026-02-25,Unleaded,VIC
2026-01-28T04:26:19,sold,car/14837779/toyota/rav4/vic/south-melbourne/suv,24888,24888,,2018,Toyota,RAV4,Gxl (4X4),Wagon,121500,Automatic,2026-06-22,Unleaded,VIC
2026-01-28T04:26:19,sold,car/14838101/toyota/corolla/vic/oakleigh/sedan,28888,28888,,2021,Toyota,Corolla,Ascent Sport Hybrid,Sedan,57576,Automatic,,Hybrid,VIC
2026-01-28T04:26:19,sold,car/14769061/toyota/hilux/vic/braybrook/dual-cab,13988,13988,,2010,Toyota,Hilux,Workmate,Dual Cab Pick-up,160439,Manual,2026-04-17,Unleaded,VIC
2026-01-28T04:26:19,sold,car/14853127/toyota/rav4/vic/south-melbourne/suv,58888,58888,,2024,Toyota,RAV4,Cruiser (2Wd) Hybrid,Wagon,16716,Automatic,2026-03-28,Hybrid,VIC
2026-01-28T04:26:19,sold,car/14902284/toyota/kluger/vic/tottenham/suv,40888,40888,,2022,Toyota,Kluger,Gx 2Wd,Wagon,85491,Automatic,2026-08-19,Premium,VIC
2026-01-28T04:26:19,sold,car/14910684/toyota/hilux/vic/tottenham/dual-cab,50888,50888,,2022,Toyota,Hilux,Sr5 Hi-Rider (4X2),Double Cab Pick Up,30811,Automatic,2026-08-15,Diesel,VIC
2026-01-28T04:26:19,sold,car/14849564/toyota/corolla/vic/elsternwick/sedan,7977,7977,,2001,Toyota,Corolla,Ascent,Sedan,153538,Automatic,,Unleaded,VIC
2026-01-28T04:26:19,sold,car/14915176/toyota/rav4/vic/melbourne/suv,60990,60990,,2024,Toyota,RAV4,Cruiser (Awd) Hybrid,Wagon,16295,Automatic,,Hybrid,VIC
2026-01-28T04:26:19,sold,car/14885274/toyota/landcruiser/vic/keysborough/suv,103970,103970,,2022,Toyota,Landcruiser,Lc300 Vx (4X4),Wagon,159619,Automatic,2026-02-03,Diesel,VIC
2026-01-28T04:26:19,sold,car/14806564/toyota/corolla-cross/vic/south-melbourne/suv,46990,46990,,2024,Toyota,Corolla Cross,Gxl Awd Hybrid,Wagon,17789,Automatic,2026-10-10,Hybrid,VIC
2026-01-28T04:26:19,sold,car/14868742/toyota/corolla/vic/essendon-fields/sedan,19990,19990,,2015,Toyota,Corolla,Ascent,Sedan,90346,Automatic,2026-08-15,Unleaded,VIC
2026-01-28T04:26:19,sold,car/14921566/toyota/rav4/vic/elsternwick/suv,29990,29990,,2018,Toyota,RAV4,Gxl (2Wd),Wagon,64681,Automatic,,Unleaded,VIC
2026-01-28T04:26:19,sold,car/14921573/toyota/hilux/vic/south-melbourne/dual-cab,41990,41990,,2022,Toyota,Hilux,Sr5 Hi-Rider (4X2),Double Cab Pick Up,118952,Automatic,2026-09-29,Diesel,VIC
2026-01-28T04:26:19,sold,car/14921091/toyota/hiace/vic/berwick/people-mover,32990,32990,,2025,Toyota,HiAce,Commuter (12 Seats),Bus,30,Automatic,2025-12-19,Diesel,VIC
2026-01-28T04:26:19,sold,car/14767160/toyota/camry/vic/elsternwick/sedan,39950,39950,,2024,Toyota,Camry,Ascent,Sedan,34358,Automatic,,Premium,VIC
2026-01-28T04:26:19,sold,car/14662915/toyota/c-hr/vic/laverton-north/suv,23495,23495,,2019,Toyota,C-HR,,SUV,100774,Automatic,,Unleaded,VIC
2026-01-28T04:26:19,sold,car/14868820/toyota/corolla/vic/tottenham/sedan,28388,28388,,2022,Toyota,Corolla,Ascent Sport Hybrid,Sedan,99534,Automatic,,Hybrid,VIC
2026-01-28T04:26:19,sold,car/14895030/toyota/camry/vic/melbourne/sedan,33380,33380,,2021,Toyota,Camry,Ascent,Sedan,44506,Automatic,2026-07-07,Premium,VIC
2026-01-28T04:26:19,sold,car/14807840/toyota/camry/vic/laverton-north/sedan,17999,17999,,2016,Toyota,Camry,Atara Sl Hybrid,Sedan,153589,Automatic,2026-02-05,Hybrid,VIC
2026-01-28T04:26:19,sold,car/14767913/toyota/hilux/vic/williamstown-north/dual-cab,22999,22999,,2012,Toyota,Hilux,Sr (4X4),Dual Cab Chassis,324600,Manual,2026-04-05,Diesel,VIC
2026-01-28T04:26:19,sold,car/14914428/toyota/corolla/vic/laverton-north/hatchback,14490,14490,,2014,Toyota,Corolla,Ascent Sport,Hatchback,146267,Automatic,,Unleaded,VIC
2026-01-28T04:26:19,sold,car/14616706/toyota/prius-c/vic/ravenhall/hatchback,18695,18695,,2017,Toyota,Prius-C,Hybrid,Hatchback,104452,Automatic,2026-03-09,Hybrid,VIC
2026-01-28T04:26:19,sold,car/14744523/toyota/corolla/vic/maidstone/sedan,11990,11990,,2008,Toyota,Corolla,Ascent,Sedan,96358,Automatic,2026-02-14,Unleaded,VIC
2026-01-28T04:26:19,sold,car/14718623/toyota/corolla-cross/vic/laverton-north/suv,32199,32199,,2023,Toyota,Corolla Cross,Gx 2Wd,Wagon,27174,Automatic,,Unleaded,VIC
2026-01-28T04:26:19,sold,car/14907924/toyota/aurion/vic/coburg-north/sedan,14990,14990,,2013,Toyota,Aurion,Prodigy,Sedan,129667,Automatic,2026-10-23,Unleaded,VIC
2026-01-28T04:26:19,sold,car/14889215/toyota/hilux/vic/heidelberg/single-cab,26777,26777,,2020,Toyota,Hilux,Workmate,Cab Chassis,90989,Automatic,2026-03-21,Unleaded,VIC
2026-01-28T04:26:19,sold,car/14798027/toyota/kluger/vic/essendon-fields/suv,50888,50888,,2023,Toyota,Kluger,Gx Hybrid Awd,Wagon,44591,Automatic,2026-06-13,Hybrid,VIC
2026-01-28T04:26:19,sold,car/14690988/toyota/corolla/vic/ringwood/hatchback,28499,28499,,2019,Toyota,Corolla,Zr,Hatchback,30040,Automatic,2026-06-26,Unleaded,VIC
2026-01-28T04:26:19,sold,car/14684383/toyota/corolla/vic/laverton-north/hatchback,37990,37990,,2023,Toyota,Corolla,Zr Hybrid,Hatchback,8136,Automatic,,Hybrid,VIC
2026-01-28T04:26:19,sold,car/14791024/toyota/sienta/vic/fawkner/suv,16990,16990,,2016,Toyota,Sienta,(HYBRID) NHP170 7 SEATER,SUV,105146,Automatic,,Hybrid,VIC
2026-01-28T04:26:19,sold,car/14826792/toyota/camry/vic/coburg-north/sedan,24990,24990,,2018,Toyota,Camry,Ascent,Sedan,96254,Automatic,,Unleaded,VIC
2026-01-28T04:26:19,sold,car/14924371/toyota/landcruiser-prado/vic/nunawading/suv,76990,76990,,2023,Toyota,Landcruiser Prado,Gxl,Wagon,20674,Automatic,,Diesel,VIC
2026-01-28T04:26:19,sold,car/14711735/toyota/c-hr/vic/elsternwick/suv,23777,23777,,2019,Toyota,C-HR,Koba (Awd),Hatchback,105866,Automatic,,Premium,VIC
2026-01-28T04:26:19,sold,car/14854841/toyota/rav4/vic/laverton-north/suv,26290,26290,,2018,Toyota,RAV4,Gxl (2Wd),Wagon,72125,Automatic,,Unleaded,VIC
2026-01-28T04:26:19,sold,car/14844546/toyota/hilux/vic/coburg-north/dual-cab,26990,26990,,2019,Toyota,Hilux,Workmate,Double Cab Pick Up,151141,Automatic,,Unleaded,VIC
2026-01-28T04:26:19,sold,car/14800718/toyota/corolla/vic/nunawading/hatchback,29990,29990,,2021,Toyota,Corolla,Ascent Sport Hybrid,Hatchback,31739,Automatic,2026-09-13,Hybrid,VIC
2026-01-28T04:26:19,sold,car/14769241/toyota/rav4/vic/nunawading/suv,36450,36450,,2021,Toyota,RAV4,Gx (2Wd) Hybrid,Wagon,83469,Automatic,2026-01-14,Hybrid,VIC
2026-01-28T04:26:19,sold,car/14829485/toyota/camry/vic/nunawading/sedan,32450,32450,,2022,Toyota,Camry,Ascent,Sedan,66775,Automatic,,Premium,VIC
2026-01-28T04:26:19,sold,car/14810060/toyota/rav4/vic/nunawading/suv,46990,46990,,2024,Toyota,RAV4,Gx (2Wd) Hybrid,Wagon,12846,Automatic,2026-03-17,Hybrid,VIC
2026-01-28T04:26:19,sold,car/14816365/toyota/camry/vic/nunawading/sedan,31990,31990,,2022,Toyota,Camry,Ascent,Sedan,81291,Automatic,2025-11-11,Premium,VIC
2026-01-28T04:26:19,sold,car/14802558/toyota/rav4/vic/camberwell/suv,42990,42990,,2021,Toyota,RAV4,Gxl (2Wd) Hybrid,Wagon,28727,Automatic,2026-06-04,Hybrid,VIC
2026-01-28T04:26:19,sold,car/14849041/toyota/hilux/vic/coburg-north/dual-cab,36990,36990,,2019,Toyota,Hilux,Sr Hi-Rider,Double Cab Pick Up,167155,Automatic,,Diesel,VIC
2026-01-28T04:26:19,sold,car/14897994/toyota/yaris/vic/dandenong/hatchback,9888,9888,,2013,Toyota,Yaris,Yr,Hatchback,108325,Automatic,2026-02-14,Unleaded,VIC
2026-01-28T04:26:19,sold,car/14767632/toyota/yaris/vic/werribee/hatchback,9423,9423,,2006,Toyota,Yaris,Yr,Hatchback,153278,Automatic,2026-01-18,Unleaded,VIC
2026-01-28T04:26:19,sold,car/14889069/toyota/yaris/vic/ringwood/hatchback,17899,17899,,2016,Toyota,Yaris,Ascent,Hatchback,94080,Automatic,2026-05-30,Unleaded,VIC
2026-01-28T04:26:19,sold,car/14815732/toyota/corolla/vic/boronia/hatchback,26999,26999,,2020,Toyota,Corolla,Ascent Sport Hybrid,Hatchback,41272,Automatic,2026-04-15,Hybrid,VIC
2026-01-28T04:26:19,sold,car/14928686/toyota/camry/vic/south-morang/sedan,12990,12990,,2011,Toyota,Camry,Altise,Sedan,145100,Automatic,2026-07-15,Unleaded,VIC
2026-01-28T04:26:19,sold,car/14908503/toyota/c-hr/vic/springvale/suv,29980,29980,,2019,Toyota,C-HR,(2Wd),Wagon,37990,Automatic,,Premium,VIC
2026-01-28T04:26:19,sold,car/14904902/toyota/rav4/vic/hoppers-crossing/suv,42990,42990,,2021,Toyota,RAV4,Cruiser (2Wd) Hybrid,Wagon,70831,Automatic,2026-04-17,Hybrid,VIC
2026-01-28T04:26:19,sold,car/14855831/toyota/camry/vic/ferntree-gully/sedan,38987,38987,,2023,Toyota,Camry,Ascent Sport Hybrid,Sedan,51262,Automatic,,Hybrid,VIC
2026-01-28T04:26:19,sold,car/14785344/toyota/corolla/vic/ringwood/othercar,28990,28990,,2021,Toyota,Corolla,,OtherCar,43637,,,Other,VIC
2026-01-28T04:26:19,sold,car/14854002/toyota/camry/vic/hoppers-crossing/sedan,25990,25990,,2019,Toyota,Camry,Ascent Sport,Sedan,104978,Automatic,2026-02-09,Unleaded,VIC
2026-01-28T04:26:19,sold,car/14913650/toyota/corolla/vic/springvale/hatchback,18980,18980,,2014,Toyota,Corolla,Ascent Sport,Hatchback,89456,Automatic,,Unleaded,VIC
2026-01-28T04:26:19,sold,car/14913409/toyota/corolla/vic/hoppers-crossing/hatchback,25990,25990,,2020,Toyota,Corolla,Ascent Sport (Hybrid),Hatchback,90003,Automatic,2026-01-16,Hybrid,VIC
2026-01-28T04:26:19,sold,car/14914835/toyota/kluger/vic/springvale/suv,29980,29980,,2018,Toyota,Kluger,Gx (4X2),Wagon,124532,Automatic,,Unleaded,VIC
2026-01-28T04:26:19,sold,car/14897384/toyota/corolla/vic/dandenong/sedan,12500,12500,,2010,Toyota,Corolla,Ascent,Sedan,147000,Automatic,2026-06-29,Unleaded,VIC
2026-01-28T04:26:19,sold,car/14885479/toyota/corolla/vic/dandenong/sedan,8500,8500,,2010,Toyota,Corolla,Ascent,Sedan,258000,Automatic,2026-06-20,Unleaded,VIC
2026-01-28T04:26:19,sold,car/14921324/toyota/corolla/vic/narre-warren/hatchback,28990,28990,,2024,Toyota,Corolla,Ascent Sport,Hatchback,50839,Automatic,,Unleaded,VIC
2026-01-28T04:26:19,sold,car/14923886/toyota/kluger/vic/frankston/suv,49990,49990,,2023,Toyota,Kluger,Gx Hybrid Awd,Wagon,71621,Automatic,,Hybrid,VIC
2026-01-28T04:26:19,sold,car/14921325/toyota/camry/vic/narre-warren/sedan,17990,17990,,2017,Toyota,Camry,Altise,Sedan,154466,Automatic,,Unleaded,VIC
2026-01-28T04:26:19,sold,car/14924884/toyota/landcruiser/vic/dandenong-south/pickup,62999,62999,,2017,Toyota,Landcruiser,WORKMATE (4X4),Ute Tray,93411,Manual,,Diesel,VIC
2026-01-28T04:26:19,sold,car/14767677/toyota/rav4/vic/frankston/suv,35490,35490,,2019,Toyota,RAV4,Gxl (2Wd),Wagon,30667,Automatic,,Unleaded,VIC
2026-01-28T04:26:19,sold,car/14866523/toyota/kluger/vic/narre-warren/suv,68990,68990,,2024,Toyota,Kluger,Gxl Hybrid Awd,Wagon,8758,Automatic,,Hybrid,VIC
2026-01-28T04:26:19,sold,car/14889793/toyota/corolla/vic/frankston/hatchback,28990,28990,,2022,Toyota,Corolla,Ascent Sport Hybrid,Hatchback,55281,Automatic,,Hybrid,VIC
2026-01-28T04:26:19,sold,car/14767675/toyota/rav4/vic/frankston/suv,39990,39990,,2022,Toyota,RAV4,Gx (Awd) Hybrid,Wagon,78788,Automatic,,Hybrid,VIC
2026-01-28T04:26:19,sold,car/14817377/toyota/camry/vic/frankston/sedan,37490,37490,,2024,Toyota,Camry,Ascent,Sedan,29774,Automatic,,Premium,VIC
2026-01-28T04:26:19,sold,car/14816272/toyota/rav4/vic/berwick/suv,36388,36388,,2020,Toyota,RAV4,Gxl 2Wd Hybrid,Wagon,76849,Automatic,,Hybrid,VIC
2026-01-28T04:26:19,sold,car/14810059/toyota/c-hr/vic/nunawading/suv,49450,49450,,2024,Toyota,C-HR,Koba Hybrid,Wagon,14318,Automatic,2026-01-07,Hybrid,VIC
2026-01-28T04:26:19,sold,car/14896078/toyota/rav4/vic/oakleigh/suv,55555,55555,,2023,Toyota,RAV4,Xse (Awd) Hybrid Premium Paint,Wagon,13859,Automatic,,Hybrid,VIC
2026-01-28T04:26:19,sold,car/14762984/toyota/c-hr/vic/st-kilda/wagon,26500,26500,,2019,Toyota,C-HR,G,Wagon,51400,,,,VIC
2026-01-28T04:26:19,sold,car/14743556/toyota/hiace/vic/maidstone/people-mover,22989,22989,,2012,Toyota,HiAce,Commuter,Bus,230942,Automatic,2026-01-23,Unleaded,VIC
2026-01-28T04:26:19,sold,car/13370156/toyota/rav4/vic/west-footscray/suv,13999,13999,,2007,Toyota,RAV4,Cruiser (4X4),Wagon,181128,Automatic,2024-07-17,Unleaded,VIC
2026-01-28T04:26:19,sold,car/14607530/toyota/estima/vic/west-footscray/people-mover,9999,9999,,2002,Toyota,Estima,Aeras,Wagon,212012,,,,VIC
2026-01-28T04:26:19,sold,car/14604085/toyota/kluger/vic/maidstone/suv,20489,20489,,2014,Toyota,Kluger,Grande (4X4),Wagon,225737,Automatic,,Unleaded,VIC
2026-01-28T04:26:19,sold,car/14728393/toyota/corolla/vic/braybrook/hatchback,10999,10999,,2014,Toyota,Corolla,Ascent Sport,Hatchback,222553,Manual,2025-12-26,Unleaded,VIC
2026-01-28T04:26:19,sold,car/14161621/toyota/tarago/vic/west-footscray/people-mover,10999,10999,,2006,Toyota,Tarago,Ultima,Wagon,232613,Automatic,,Unleaded,VIC
2026-01-28T04:26:19,sold,car/14755804/toyota/crown/vic/st-kilda/limousine,13800,13800,,2008,Toyota,Crown,,Sedan,139900,Automatic,,Unleaded,VIC
2026-01-28T04:26:19,sold,car/14728415/toyota/yaris/vic/braybrook/hatchback,8488,8488,,2011,Toyota,Yaris,Yr,Hatchback,234873,Automatic,2026-03-15,Unleaded,VIC
2026-01-28T04:26:19,sold,car/13448850/toyota/landcruiser/vic/west-footscray/suv,37500,37500,,2016,Toyota,Landcruiser,Gxl (4X4),Wagon,241186,Automatic,,Diesel,VIC
2026-01-28T04:26:19,sold,car/14620485/toyota/rav4/vic/west-footscray/suv,19999,19999,,2017,Toyota,RAV4,Gxl (2Wd),Wagon,193368,Automatic,,Unleaded,VIC
2026-01-28T04:26:19,sold,car/14842854/toyota/camry/vic/laverton-north/sedan,31295,31295,,2021,Toyota,Camry,Ascent Hybrid,Sedan,46579,Automatic,,Hybrid,VIC
2026-01-28T04:26:19,sold,car/14927357/toyota/rav4/vic/braybrook/suv,11988,11988,,2009,Toyota,RAV4,Cruiser L (4X4),Wagon,146553,Automatic,2026-02-06,Unleaded,VIC
2026-01-28T04:26:19,sold,car/14928870/toyota/corolla/vic/tottenham/hatchback,28888,28888,,2022,Toyota,Corolla,Ascent Sport Hybrid,Hatchback,38583,Automatic,2026-05-23,Hybrid,VIC
2026-01-28T04:26:19,sold,car/14925536/toyota/camry/vic/braybrook/sedan,5999,5999,,2001,Toyota,Camry,Conquest,Sedan,199897,Automatic,2026-02-14,Unleaded,VIC
2026-01-28T04:26:19,sold,car/14920741/toyota/aqua/vic/maidstone/hatchback,,,,2015,Toyota,Aqua,S,Hatch,67764,Automatic,,Unleaded,VIC
2026-01-28T04:26:19,sold,car/14620529/toyota/corolla/vic/west-footscray/sedan,9999,9999,,2010,Toyota,Corolla,Ascent,Sedan,205632,Automatic,,Unleaded,VIC
2026-01-28T04:26:19,sold,car/14513955/toyota/hilux/vic/west-footscray/dual-cab,37990,37990,,2015,Toyota,Hilux,Sr5 (4X4),Dual Cab Utility,150933,Automatic,2026-01-22,Diesel,VIC
2026-01-28T04:26:19,sold,car/14760395/toyota/crown/vic/st-kilda/limousine,15300,15300,,2008,Toyota,Crown,,Sedan,93400,Automatic,,Unleaded,VIC
2026-01-28T04:26:19,sold,car/14715857/toyota/aurion/vic/west-footscray/sedan,7990,7990,,2007,Toyota,Aurion,At-X,Sedan,266850,Automatic,2025-11-17,Unleaded,VIC
2026-01-28T04:26:19,sold,car/14488877/toyota/rav4/vic/west-footscray/suv,19990,19990,,2014,Toyota,RAV4,Gxl (2Wd),Wagon,183399,Automatic,2025-05-29,Unleaded,VIC
2026-01-28T04:26:19,sold,car/14730074/toyota/yaris-cross-hybrid/vic/melbourne/hatchback,43490,43490,,2024,Toyota,YARIS CROSS HYBRID,YARIS CROSS HYBRID URBAN 1.5L AUTO CVT HATCH,Hatch,2059,,2026-04-11,Hybrid,VIC
2026-01-28T04:26:19,sold,car/14907440/toyota/landcruiser-prado/vic/nunawading/suv,78990,78990,,2022,Toyota,Landcruiser Prado,Vx,Wagon,46768,Automatic,2026-02-04,Diesel,VIC
2026-01-28T04:26:19,sold,car/14828380/toyota/camry/vic/laverton-north/sedan,28890,28890,,2021,Toyota,Camry,Ascent Hybrid,Sedan,95665,Automatic,,Hybrid,VIC
2026-01-28T04:26:19,sold,car/14907439/toyota/landcruiser-prado/vic/nunawading/suv,78990,78990,,2022,Toyota,Landcruiser Prado,Vx,Wagon,46768,Automatic,2026-02-04,Diesel,VIC
2026-01-28T04:26:19,sold,car/14654734/toyota/hiace/vic/brooklyn/van,14999,14999,,2005,Toyota,HiAce,Lwb,Van,228000,Manual,,Unleaded,VIC
2026-01-28T04:26:19,sold,car/14645575/toyota/kluger/vic/avondale-heights/suv,11999,11999,,2007,Toyota,Kluger,Kx-S (Fwd),Wagon,229628,Automatic,2026-01-25,Unleaded,VIC
2026-01-28T04:26:19,sold,car/14632358/toyota/hilux/vic/derrimut/dual-cab,44990,44990,,2016,Toyota,Hilux,Sr (4X4),Dual Cab Utility,174164,Automatic,2026-01-04,Diesel,VIC
2026-01-28T04:26:19,sold,car/14662980/toyota/c-hr/vic/sunshine/suv,18999,18999,,2018,Toyota,C-HR,(2Wd),Wagon,167044,Automatic,2025-12-18,Premium,VIC
2026-01-28T04:26:19,sold,car/14645062/toyota/landcruiser-prado/vic/ravenhall/suv,20999,20999,,2009,Toyota,Landcruiser Prado,Gxl (4X4),Wagon,309518,Manual,2025-11-29,Diesel,VIC
2026-01-28T04:26:19,sold,car/14587422/toyota/hiace/vic/avondale-heights/people-mover,17999,17999,,2005,Toyota,HiAce,Commuter,Bus,297800,Manual,2026-02-20,Diesel,VIC
2026-01-28T04:26:19,sold,car/14659714/toyota/hiace/vic/ravenhall/people-mover,10999,10999,,1999,Toyota,HiAce,Commuter,Bus,371500,Automatic,2026-01-31,Unleaded,VIC
2026-01-28T04:26:19,sold,car/14576722/toyota/hilux/vic/avondale-heights/single-cab,14999,14999,,2017,Toyota,Hilux,Workmate,Cab Chassis,221791,Manual,2026-02-11,Unleaded,VIC
2026-01-28T04:26:19,sold,car/14636173/toyota/landcruiser-prado/vic/williamstown-north/suv,37999,37999,,2018,Toyota,Landcruiser Prado,Gxl (4X4),Wagon,281120,Automatic,2026-02-18,Diesel,VIC
2026-01-28T04:26:19,sold,car/14745924/toyota/landcruiser/vic/ravenhall/suv,24999,24999,,2005,Toyota,Landcruiser,(4X4),Wagon,333435,Manual,,Diesel,VIC
2026-01-28T04:26:19,sold,car/14697295/toyota/sienta/vic/fawkner/suv,16790,16790,,2016,Toyota,Sienta,(HYBRID) G NHP170,SUV,103000,Automatic,,Hybrid,VIC
2026-01-28T04:26:19,sold,car/14603866/toyota/landcruiser-prado/vic/ravenhall/suv,34999,34999,,2013,Toyota,Landcruiser Prado,Kakadu (4X4),Wagon,280295,Automatic,2026-04-15,Diesel,VIC
2026-01-28T04:26:19,sold,car/14608138/toyota/tarago/vic/avondale-heights/people-mover,11999,11999,,2007,Toyota,Tarago,Glx,Wagon,200420,Automatic,2025-11-30,Unleaded,VIC
2026-01-28T04:26:19,sold,car/14696800/toyota/landcruiser/vic/brooklyn/suv,15999,15999,,2004,Toyota,Landcruiser,Gxl (4X4),Wagon,293000,Automatic,,Unleaded,VIC
2026-01-28T04:26:19,sold,car/14678990/toyota/landcruiser-prado/vic/ravenhall/suv,14999,14999,,2004,Toyota,Landcruiser Prado,Gxl (4X4),Wagon,276596,Manual,2025-10-22,Unleaded,VIC
2026-01-28T04:26:19,sold,car/14630046/toyota/hilux/vic/altona-north/single-cab,11999,11999,,2011,Toyota,Hilux,Workmate,Cab Chassis,234643,Manual,2026-03-29,Unleaded,VIC
2026-01-28T04:26:19,sold,car/14715315/toyota/kluger/vic/altona-north/suv,10999,10999,,2008,Toyota,Kluger,Grande (4X4),Wagon,222586,Automatic,2026-03-29,Unleaded,VIC
2026-01-28T04:26:19,sold,car/14801632/toyota/hiace/vic/coburg-north/people-mover,56990,56990,,2020,Toyota,HiAce,Slwb Commuter (12 Seats),Bus,116315,Automatic,,Diesel,VIC
2026-01-28T04:26:19,sold,car/14910630/toyota/hilux/vic/oakleigh/pickup,63888,63888,,2022,Toyota,Hilux,SR5,Ute Tray,62430,Automatic,,Diesel,VIC
2026-01-28T04:26:19,sold,car/14771699/toyota/rav4/vic/laverton-north/suv,52390,52390,,2023,Toyota,RAV4,Cruiser (Awd) Hybrid,Wagon,17172,Automatic,,Hybrid,VIC
2026-01-28T04:26:19,sold,car/14851685/toyota/hilux/vic/coburg-north/single-cab,26990,26990,,2019,Toyota,Hilux,Workmate,Cab Chassis,130918,Automatic,,Unleaded,VIC
2026-01-28T04:26:19,sold,car/14837788/toyota/rav4/vic/coburg-north/suv,30990,30990,,2020,Toyota,RAV4,Gxl (2Wd),Wagon,148883,Automatic,,Unleaded,VIC
2026-01-28T04:26:19,sold,car/14780038/toyota/camry/vic/ringwood/sedan,3500,3500,,2013,Toyota,Camry,Altise,Sedan,283332,Automatic,,Unleaded,VIC
2026-01-28T04:26:19,sold,car/14910637/toyota/aqua/vic/point-cook/hatchback,,,,2015,Toyota,Aqua,S,Hatch,86014,Automatic,,Unleaded,VIC
2026-01-28T04:26:19,sold,car/14664610/toyota/yaris/vic/dingley-village/sedan,7990,7990,,2008,Toyota,Yaris,Yrs,Sedan,154173,Automatic,,Unleaded,VIC
2026-01-28T04:26:19,sold,car/13931455/toyota/rav4/vic/hoppers-crossing/suv,15999,15999,,2016,Toyota,RAV4,Gxl (4X4),Wagon,302002,Manual,2024-10-15,Diesel,VIC
2026-01-28T04:26:19,sold,car/14744819/toyota/kluger/vic/ringwood/suv,15999,15999,,2011,Toyota,Kluger,Grande (4X4),Wagon,232448,Automatic,2026-01-06,Unleaded,VIC
2026-01-28T04:26:19,sold,car/14757564/toyota/estima/vic/point-cook/van,13995,13995,,2008,Toyota,Estima,AERAS,Commercial,125624,Automatic,,Unleaded,VIC
2026-01-28T04:26:19,sold,car/14510304/toyota/hilux/vic/hoppers-crossing/pickup,11999,11999,,2009,Toyota,Hilux,SR,Ute Tray,305528,Manual,2025-08-11,Diesel,VIC
2026-01-28T04:26:19,sold,car/14757517/toyota/crown/vic/point-cook/limousine,34995,34995,,2020,Toyota,Crown,SC PACKAGE,Sedan,105794,Automatic,,Unleaded,VIC
2026-01-28T04:26:19,sold,car/14705190/toyota/rav4/vic/ringwood/suv,22990,22990,,2017,Toyota,RAV4,Gx (2Wd),Wagon,134858,Automatic,2026-05-03,Unleaded,VIC
2026-01-28T04:26:19,sold,car/14397637/toyota/kluger/vic/hoppers-crossing/suv,9999,9999,,2010,Toyota,Kluger,Kx-R (Fwd) 7 Seat,Wagon,305017,Automatic,2025-07-24,Unleaded,VIC
2026-01-28T04:26:19,sold,car/13195559/toyota/86/vic/hoppers-crossing/sportscar,20999,20999,,2013,Toyota,86,GTS,Coupe,283669,Automatic,2023-07-26,Premium,VIC
2026-01-28T04:26:19,sold,car/13939171/toyota/voxy/vic/moorabbin-airport/suv,57490,57490,,2023,Toyota,Voxy,HYBRID S-Z,SUV,197,Automatic,,Hybrid,VIC
2026-01-28T04:26:19,sold,car/14426129/toyota/raize/vic/point-cook/suv,24995,24995,,2022,Toyota,Raize,HYBRID G,SUV,73550,Automatic,,Unleaded,VIC
2026-01-28T04:26:19,sold,car/14716276/toyota/c-hr/vic/moorabbin-airport/suv,27990,27990,,2019,Toyota,C-HR,Koba (Awd),Hatchback,34123,Automatic,2026-07-25,Premium,VIC
2026-01-28T04:26:19,sold,car/14757563/toyota/probox/vic/point-cook/suv,15995,15995,,2022,Toyota,Probox,GX,SUV,97912,Automatic,,Unleaded,VIC
2026-01-28T04:26:19,sold,car/14705233/toyota/rav4/vic/ringwood/suv,19990,19990,,2013,Toyota,RAV4,Cruiser (4X4),Wagon,182353,Automatic,2026-03-27,Unleaded,VIC
2026-01-28T04:26:19,sold,car/14757554/toyota/prius/vic/point-cook/hatchback,24995,24995,,2018,Toyota,Prius,A PREMIUM,Hatch,85236,Automatic,,Unleaded,VIC
2026-01-28T04:26:19,sold,car/14731086/toyota/c-hr/vic/point-cook/suv,25995,25995,,2019,Toyota,C-HR,S LED PACKAGE,SUV,68526,Automatic,,Other,VIC
2026-01-28T04:26:19,sold,car/14705273/toyota/rav4/vic/ringwood/suv,19990,19990,,2014,Toyota,RAV4,Gxl (2Wd),Wagon,154082,Automatic,2026-03-30,Unleaded,VIC
2026-01-28T04:26:19,sold,car/14764861/toyota/c-hr/vic/point-cook/suv,23995,23995,,2018,Toyota,C-HR,S LED PACKAGE,SUV,87343,Automatic,,Unleaded,VIC
2026-01-28T04:26:19,sold,car/14718808/toyota/hilux/vic/hoppers-crossing/pickup,12499,12499,,2008,Toyota,Hilux,SR,Ute Tray,251918,Automatic,2026-03-07,Unleaded,VIC
2026-01-28T04:26:19,sold,car/14929030/toyota/rav4/vic/ravenhall/suv,14985,14985,,2015,Toyota,RAV4,Gx (4X4),Wagon,225994,Automatic,2027-01-26,Unleaded,VIC
2026-01-28T04:26:19,sold,car/14928391/toyota/rav4/vic/mentone/suv,56990,56990,,2024,Toyota,RAV4,Edge (Awd) Hybrid,Wagon,52601,Automatic,,Hybrid,VIC
2026-01-28T04:26:19,sold,car/14793468/toyota/corolla/vic/deer-park/hatchback,5999,5999,,1994,Toyota,Corolla,Csi Ltd,Hatchback,237754,Manual,,Unleaded,VIC
2026-01-28T04:26:19,sold,car/14710952/toyota/hilux/vic/moorabbin-airport/single-cab,24990,24990,,2021,Toyota,Hilux,Workmate,Cab Chassis,75300,Automatic,2025-11-18,Unleaded,VIC
2026-01-28T04:26:19,sold,car/14925715/toyota/aqua/vic/point-cook/hatchback,,,,2015,Toyota,Aqua,S,Hatch,41991,Automatic,,Unleaded,VIC
2026-01-28T04:26:19,sold,car/14925251/toyota/landcruiser-prado/vic/ravenhall/suv,14999,14999,,2004,Toyota,Landcruiser Prado,Vx (4X4),Wagon,332738,Automatic,,Unleaded,VIC
2026-01-28T04:26:19,sold,car/14925270/toyota/aqua/vic/point-cook/hatchback,,,,2012,Toyota,Aqua,G,Hatch,53020,Automatic,,Unleaded,VIC
2026-01-28T04:26:19,sold,car/14919629/toyota/alphard/vic/point-cook/van,,,,2013,Toyota,Alphard,SR,Commercial,124563,Automatic,,Unleaded,VIC
2026-01-28T04:26:19,sold,car/14920178/toyota/camry/vic/mentone/sedan,,,,2023,Toyota,Camry,Ascent,Sedan,52209,Automatic,,Premium,VIC
