year,make,model,variant,body_type,no_of_seats,build_date,compliance_date,vin,rego_no,rego_state,rego_expiry,no_of_plates,no_of_cylinders,engine_capacity,fuel_type,transmission,odometer_reading,odometer_unit,exterior_colour,interior_colour,key,spare_key,owners_manual,service_history,engine_turns_over,location,url,general_condition,features_list,bids,price,time_remaining_or_date_sold,status,manual_carsales_min,manual_carsales_max,manual_carsales_avg,manual_carsales_sold_30d,carsales_skipped
2021.0,Toyota,HiLux,SR5,Utility,,,,,,,,1.0,,,,Automatic,35000,km,,,,,,,,VIC,https://www.grays.com/lot/12345-2021-toyota-hilux,Drives well. Minor scratches on tub.,,3.0,45000.0,1d 4h 20m,active,,,,,False
2018.0,Hyundai,i30,Premium,Hatchback,,,,,,,,2.0,,,,Automatic,62000,km,,,,,,,,NSW,https://www.grays.com/lot/24567-2018-hyundai-i30,Excellent service history; two keys.,,5.0,16500.0,18h 15m,active,,,,,False
2009.0,Toyota,Hilux,150 ser RWD Manual - 5 Speed Ute,Ute,3.0,,11/2009,MR0CX12GX00049457,,,"Sold Unregistered, Without Plates",,4.0,2694cc,Petrol,Manual - 5 Speed,"213,813 Kms",km,White,Grey,Yes,No,,No,Yes,QLD,https://www.grays.com/lot/0060-50713621/motor-vehicles-motor-cycles/2009-toyota-hilux-150-ser-rwd-manual-5-speed-ute,"Comments: Tow Bar,","Air Conditioning, CD Player, Drivers Airbag, Location: Bald Hills QLD 4036",0.0,9.0,6d 10h 55m3s,active,,,,,False
2015.0,Toyota,Hilux,Workmate 4 x 2 Turbo Diesel Single Cab Ute (Ex. Fleet),Cab Chassis,2.0,2015-08,2015-08,MR0EB3CB900440170,,,"Sold Unregistered, Without Plates",2.0,4.0,2.4,Diesel,Manual,219207,km,White,Black,Yes,No,Yes,Partial,Yes,QLD,https://www.grays.com/lot/0001-50713734/motor-vehicles-motor-cycles/2015-toyota-hilux-workmate-4-x-2-turbo-diesel-single-cab-ute-ex-fleet,"Seat Torn rhf,
Front Seat worn lhs,
Dents or marks on body consistent with age and kilometres.
Door card Worn.
Paint fading on Tray cab","Air Conditioning, CD Player, Central Locking, Cruise Control, Driver Airbag, Electric Windows, MP3 Capability, Power Steering, Crash Test Star Rating 5, Location: 131-153 Main Beach Road, Pinkenba, QLD, 4008, Key No: K-87 GV363086",84.0,6700.0,1d 2h 45m0s,active,,,,,False
2008.0,Audi,A6,3.0 TFSI Quattro C6 Automatic Sedan,Sedan,5.0,2008-10,2009-05,WAUZZZ4F19N015863,No plates,VIC,"Sold Unregistered, Without Plates",,6.0,3,Petrol,Automatic,122309,km,Black,Black,Yes,No,Yes,Partial,Yes,NSW,https://www.grays.com/lot/0001-10351453/motor-vehicles-motor-cycles/2008-audi-a6-3-0-tfsi-quattro-c6-automatic-sedan,Please refer to the photos or arrange inspection to view the condition of this vehicle.,"Air Conditioning, Central Locking, Climate Control, Cruise Control, Driver Airbag, Electric Windows, Leather Trim, MP3 Capability, Park Distance Control Front, Park Distance Control Rear, Power Steering, Satellite navigation system, Sunroof, Crash Test Star Rating 5, Location: Rear of 5 Holbeche Road, Arndell Park, NSW, 2148, Key No: 154 (362801)",41.0,2409.0,12h 11m49s,active,,,,,False
2023.0,Toyota,Hilux,4x4 SR GUN126R Turbo Diesel Automatic Crew Cab Chassis,Crew Cab Chassis,5.0,2023-07,2023-09,MR0KA3CD306801302,565IO9,QLD,"Sold Unregistered, Without Plates",0.0,4.0,2.8,Diesel,Automatic,0000,km,White,Black,Yes,Yes,Yes,Partial,No,NSW,https://www.grays.com/lot/0001-10351585/motor-vehicles-motor-cycles/2023-toyota-hilux-4x4-sr-gun126r-turbo-diesel-automatic-crew-cab-chassis,Please refer to the photos or arrange inspection to view the condition of this vehicle.,"Air Conditioning, Bull Bar, Central Locking, Cruise Control, Driver Airbag, Electric Windows, Hill Holder System, MP3 Capability, Power Steering, Crash Test Star Rating 5, Location: Rear of 5 Holbeche Road, Arndell Park, NSW, 2148, Key No: 960 (362563)",168.0,18200.0,1d 2h 9m40s,active,,,,,False
2007.0,Holden,Rodeo,LX 4X2 TD RA Turbo Diesel Manual Dual Cab,Dual Cab,5.0,2007-07,2007-08,MPATFR85H7H574174,AQ51YJ,NSW,"Sold Unregistered, Without Plates",0.0,4.0,3,Diesel,Manual,372984,km,Black,Grey,Yes,Yes,Yes,No,Yes,NSW,https://www.grays.com/lot/0001-10351620/motor-vehicles-motor-cycles/2007-holden-rodeo-lx-4x2-td-ra-turbo-diesel-manual-dual-cab,Please refer to the photos or arrange inspection to view the condition of this vehicle.,"Air Conditioning, CD Player, Central Locking, Cruise Control, Driver Airbag, Electric Windows, Power Steering, Location: Rear of 5 Holbeche Road, Arndell Park, NSW, 2148, Key No: 324 (363916)",7.0,609.0,1d 2h 36m52s,active,,,,,False
2008.0,Volvo,C30,T5 Automatic Hatchback,Hatchback,4.0,2008-10,2009-01,YV1MK675992137478,DO74QT,NSW,"Sold Unregistered, Without Plates",,5.0,2.5,Petrol,Automatic,212181,km,Red,Black,Yes,Yes,Yes,Yes,Yes,NSW,https://www.grays.com/lot/0001-10351622/motor-vehicles-motor-cycles/2008-volvo-c30-t5-automatic-hatchback,Please refer to the photos or arrange inspection to view the condition of this vehicle.,"Air Conditioning, CD Player, Central Locking, Cruise Control, Driver Airbag, Electric Windows, Leather Trim, Park Distance Control Rear, Power Steering, Crash Test Star Rating 5, Location: Rear of 5 Holbeche Road, Arndell Park, NSW, 2148, Key No: 348 (364083)",13.0,709.0,3d 12h 10m38s,active,,,,,False
2014.0,Nissan,Pathfinder,ST-L R52 CVT 7 Seats Wagon,Wagon,7.0,2014-02,Unable to locate,5N1AR2MN1EC664837,CTV92A,NSW,"Sold Unregistered, Without Plates",0.0,6.0,3.5,Petrol,CVT,293997,km,White,Black,Yes,Yes,Yes,Partial,No,NSW,https://www.grays.com/lot/0001-10351658/motor-vehicles-motor-cycles/2014-nissan-pathfinder-st-l-r52-cvt-7-seats-wagon,"Please refer to the photos or arrange inspection to view the condition of this vehicle.
Non-runner, tilt tray required for collection","Air Conditioning, Central Locking, Climate Control, Driver Airbag, Electric Windows, Heated Front Seats, Hill Holder System, Leather Trim, MP3 Capability, Power Steering, Reversing Camera, Roof Rail, Satellite navigation system, Sunroof, Third Row Seat, Crash Test Star Rating 5, Location: Rear of 5 Holbeche Road, Arndell Park, NSW, 2148, Key No: 309 (364054)",10.0,609.0,19h 1m50s,active,,,,,False
2016.0,Toyota,Hilux,4x4 SR5 GUN126R Automatic Dual Cab (WOVR - Inspected),Dual Cab Chassis,5.0,2016-09,Unable to locate,MR0HA3CD500705197,No plates,NSW,"Sold Unregistered, Without Plates",0.0,4.0,2.8,Diesel,Automatic,79587,km,White,Black,Yes,Yes,Yes,No,Yes,NSW,https://www.grays.com/lot/0001-10351676/motor-vehicles-motor-cycles/2016-toyota-hilux-4x4-sr5-gun126r-automatic-dual-cab-wovr-inspected,Large Dent on Passenger side rear door,"Air Conditioning, Auto Control, Bull bar, Central Locking, Cruise Control, Driver Airbag, Electric Windows, MP3 Capability, Power Steering, Crash Test Star Rating 5, Location: Rear of 5 Holbeche Road, Arndell Park, NSW, 2148, Key No: 378 (363886)",85.0,12600.0,18h 41m26s,active,,,,,False
2022.0,Mazda,CX-5,GT SP KF Automatic Wagon,Wagon,5.0,2022-06,2022-09,JM0KF4WLA00777426,DF20HF,NSW,"Sold Unregistered, Without Plates",,4.0,2.5,Petrol,Automatic,102264,km,Blue,Black,Yes,Yes,Yes,Yes,Yes,NSW,https://www.grays.com/lot/0001-10351697/motor-vehicles-motor-cycles/2022-mazda-cx-5-gt-sp-kf-automatic-wagon,Please refer to the photos or arrange inspection to view the condition of this vehicle.,"Air Conditioning, Bluetooth Capability, Climate Control, Cruise Control, Driver Airbag, Electric Windows, Heated Front Seats, Hill Holder System, Leather trim, MP3 Capability, Park Distance Control Front, Park Distance Control Rear, Power Steering, Reversing Camera, Satellite navigation system, Sunroof, Crash Test Star Rating 5, Location: Rear of 5 Holbeche Road, Arndell Park, NSW, 2148, Key No: 283 (363544)",47.0,22250.0,18h 36m39s,active,,,,,False
2021.0,Toyota,Kluger,4X2 GX GSU70R Automatic - 8 Speed 7 Seats Wagon,Wagon,7.0,2021-11,2022-04,5TDLZ3AH00S094290,DD56WD,NSW,"Sold Unregistered, Without Plates",,6.0,3.5,Petrol,Automatic - 8 Speed,99222,km,Silver,Black,Yes,Yes,Yes,Partial,Yes,NSW,https://www.grays.com/lot/0001-10351703/motor-vehicles-motor-cycles/2021-toyota-kluger-4x2-gx-gsu70r-automatic-8-speed-7-seats-wagon,Please refer to the photos or arrange inspection to view the condition of this vehicle.,"Air Conditioning, Central Locking, Cruise Control, Driver Airbag, Electric Windows, Hill Holder System, MP3 Capability, Park Distance Control Front, Park Distance Control Rear, Power Steering, Reversing Camera, Third Row Seat, Crash Test Star Rating 5, Location: Rear of 5 Holbeche Road, Arndell Park, NSW, 2148, Key No: 368 (364098)",32.0,23600.0,18h 34m52s,active,,,,,False
2016.0,Audi,Q7,3.0 TDI Quattro 4M Turbo Diesel Auto - 8 Speed 7 Seats Wagon,Wagon,7.0,2016-02,2016-05,WAUZZZ4M9GD047932,FWH15U,NSW,"Sold Unregistered, Without Plates",0.0,6.0,3,Diesel,Automatic - 8 Speed,259674,km,Blue,Black,Yes,Yes,Yes,Yes,Yes,NSW,https://www.grays.com/lot/0001-10351704/motor-vehicles-motor-cycles/2016-audi-q7-3-0-tdi-quattro-4m-turbo-diesel-auto-8-speed-7-seats-wagon,Please refer to the photos or arrange inspection to view the condition of this vehicle.,"Air Conditioning, Auto Control, Central Locking, Driver Airbag, Electric Windows, Hill Holder System, Leather Trim, MP3 Capability, Park Distance Control Front, Park Distance Control Rear, Power Steering, Reversing Camera, Roof Rail, Satellite Navigation System, Sunroof, Third Row Seat, Location: Rear of 5 Holbeche Road, Arndell Park, NSW, 2148, Key No: 308 (364165)",32.0,6800.0,18h 34m26s,active,,,,,False
,Amarok,TDI550,HIGHLINE 2H Automatic (WOVR - Statutory Write-off),Dual Cab Chassis,5.0,Unable to locate,2018-02,WV1ZZZ2HZKH001518,No plates,NSW,"Sold Unregistered, Without Plates",0.0,6.0,3,Diesel,Automatic - 8 Speed,91383,km,White,Grey,Yes,No,Yes,No,Yes,NSW,https://www.grays.com/lot/0001-10351705/motor-vehicles-motor-cycles/volkswagen-amarok-tdi550-highline-2h-automatic-wovr-statutory-write-off,Please refer to the photos or arrange inspection to view the condition of this vehicle.,"Air Conditioning, Auto Control, CD Player, Central Locking, Climate Control, Cruise Control, Driver Airbag, Electric Windows, Hill Holder System, MP3 Capability, Power Steering, Reversing Camera",16.0,1500.0,17h 4m6s,active,,,,,False
2017.0,BMW,X5,sDrive 25d F15 Turbo Diesel Automatic - 8 Speed Wagon,Wagon,5.0,2017-12,2018-03,WBAKT420X00W35776,DVF36M,NSW,"Sold Unregistered, Without Plates",0.0,4.0,2,Diesel,Automatic - 8 Speed,130070,km,White,Black,Yes,Yes,No,Yes,Yes,NSW,https://www.grays.com/lot/0001-10351706/motor-vehicles-motor-cycles/2017-bmw-x5-sdrive-25d-f15-turbo-diesel-automatic-8-speed-wagon,Please refer to the photos or arrange inspection to view the condition of this vehicle.,"Air Conditioning, CD Player, Central Locking, Driver Airbag, Electric Windows, Hill Holder System, Leather Trim, MP3 Capability, Power Steering, Reversing Camera, Roof Rail, Satellite navigation system, Sunroof, Location: Rear of 5 Holbeche Road, Arndell Park, NSW, 2148, Key No: 393",149.0,15600.0,18h 33m34s,active,,,,,False
2014.0,SsangYong,Korando,S Automatic Wagon,Wagon,5.0,2014-03,2014-08,KPTB0A18SEP164133,1ET6CC,VIC,12-11-2025 - Registration will only be transferred to the registered bidder who must hold a valid VIC Drivers Licence otherwise vehicle will be sold unregistered.,2.0,4.0,2,Petrol,Automatic,122270,km,White,Black Leather,Yes,No,Yes,Yes,Yes,VIC,https://www.grays.com/lot/0001-21059326/motor-vehicles-motor-cycles/2014-ssangyong-korando-s-automatic-wagon,"Dents or marks on body consistent with age and kilometres.
Medium Dent on Driver side rear door
Medium Scuff on Rear bumper
Front Seat worn Driver seat","Air Conditioning, CD Player, Cruise Control, Driver Airbag, Electric Windows, Heated Front Seats, Hill Holder System, Leather Trim, MP3 Capability, Park Distance Control Rear, Power Steering, Roof Rail, Location: 140-152 National Drive, Dandenong South, VIC, 3175, Key No: 140 (359807)",18.0,1009.0,18h 29m56s,active,,,,,False
2022.0,Mazda,BT-50,4X4 XT RG04 Turbo Diesel Automatic Crew Cab Chassis,Crew Cab Chassis,5.0,2022-05,2022-06,MP2TFS40JNT026372,CBY055,VIC,04-03-2026 - Registration will only be transferred to the registered bidder who must hold a valid VIC Drivers Licence otherwise vehicle will be sold unregistered.,2.0,4.0,3,Diesel,Automatic,108308,km,White,Black,Yes,Yes,Yes,Partial,Yes,VIC,https://www.grays.com/lot/0001-21059769/motor-vehicles-motor-cycles/2022-mazda-bt-50-4x4-xt-rg04-turbo-diesel-automatic-crew-cab-chassis,"Corrosion visible Bonnet
Dents or marks on body consistent with age and kilometres.
Front Seat worn driver seat","Air Conditioning, Auto Control, Bull bar, Cruise Control, Driver Airbag, Electric Windows, Hill Holder System, MP3 Capability, Power Steering, Reversing Camera, Roof rack, Crash Test Star Rating 5, Key No: 63 (363328)",125.0,19300.0,18h 27m41s,active,,,,,False
2013.0,BMW,320d,M-Sport Package F30 T/D Auto - 8 Speed Sedan,Sedan,5.0,2013-07,2013-09,WBA3D36040NP78585,1AB5HF,VIC,"Sold Unregistered, Without Plates",0.0,4.0,2,Diesel,Automatic - 8 Speed,240613,km,Grey,Black Leather,Yes,No,Yes,Partial,Yes,VIC,https://www.grays.com/lot/0001-21059772/motor-vehicles-motor-cycles/2013-bmw-320d-m-sport-package-f30-t-d-auto-8-speed-sedan,"Seat Torn Driver seat
Dents or marks on body consistent with age and kilometres.","Air Conditioning, CD Player, Climate Control, Cruise Control, Driver Airbag, Electric Windows, Leather Trim, MP3 Capability, Park Distance Control Front, Park Distance Control Rear, Power Steering, Satellite Navigation System, Sunroof, Crash Test Star Rating 5, Location: 140-152 National Drive, Dandenong South, VIC, 3175, Key No: 746 (363889)",22.0,3100.0,11h 10m29s,active,,,,,False
2010.0,Toyota,Hilux,SR (4x4) KUN26R Turbo Diesel Manual Dual Cab,Dual Cab,5.0,2010-09,2010-09,MR0FZ22G601040472,No Plates,VIC,"Sold Unregistered, Without Plates",0.0,4.0,3,Diesel,Manual,264365,km,White,Grey,Yes,No,Yes,No,Yes,VIC,https://www.grays.com/lot/0001-21059934/motor-vehicles-motor-cycles/2010-toyota-hilux-sr-4x4-kun26r-turbo-diesel-manual-dual-cab,"Dents or marks on body consistent with age and kilometres.
Medium Dent on Various Locations
Clutch Requires attention
Damaged Rear Taillights","Bluetooth Capability, Bull Bar, CD Player, Central Locking, Driver Airbag, Electric Windows, MP3 Capability, Nudge Bar, Power Steering, Crash Test Star Rating 4, Location: 451 Palmers Road, (Enter from K&S Freighters on Palmers Road), Truganina, VIC, 3026, Key No: 49B",19.0,2600.0,15h 43m3s,active,,,,,False
2018.0,Toyota,Rav,4 FWD GX ZSA42R CVT Wagon,Wagon,5.0,2018-07,2018-07,JTMZDREV10J171130,No Plates,VIC,"Sold Unregistered, Without Plates",0.0,4.0,2,Petrol,CVT,74520,km,White,Black,Yes,No,No,Unknown,Yes,VIC,https://www.grays.com/lot/0001-21059935/motor-vehicles-motor-cycles/2018-toyota-rav-4-fwd-gx-zsa42r-cvt-wagon,Dents or marks on body consistent with age and kilometres.,"Air Conditioning, Bluetooth Capability, CD Player, Central Locking, Cruise Control, Driver Airbag, Electric Windows, MP3 Capability, Park Distance Control Rear, Power Steering, Reversing Camera, Crash Test Star Rating 5, Location: 451 Palmers Road, (Enter from K&S Freighters on Palmers Road), Truganina, VIC, 3026, Key No: 107B",66.0,14200.0,15h 42m34s,active,,,,,False
2018.0,Toyota,Camry,ASCENT HYBRID AXVH71R Automatic Sedan,Sedan,5.0,2018-04,2018-04,JTNB23HK603007765,No Plates,VIC,"Sold Unregistered, Without Plates",0.0,4.0,2.5,Hybrid,Automatic,57542,km,Champagne,Grey,Yes,Yes,Yes,No,Yes,VIC,https://www.grays.com/lot/0001-21059936/motor-vehicles-motor-cycles/2018-toyota-camry-ascent-hybrid-axvh71r-automatic-sedan,Dents or marks on body consistent with age and kilometres.,"Air Conditioning, Bluetooth Capability, CD Player, Central Locking, Climate Control, Cruise Control, Driver Airbag, Electric Windows, MP3 Capability, Power Steering, Reversing Camera, Crash Test Star Rating 5, Location: 451 Palmers Road, (Enter from K&S Freighters on Palmers Road), Truganina, VIC, 3026, Key No: 8B",216.0,18000.0,15h 42m1s,active,,,,,False
2018.0,Toyota,Hilux,4X2 WORKMATE TGN121R Automatic Dual Cab,Dual Cab,5.0,2018-12,2019-01,MR0EX3CD601372682,No Plates,VIC,"Sold Unregistered, Without Plates",0.0,4.0,2.7,Petrol,Automatic,58116,km,White,Grey,Yes,No,Yes,No,Yes,VIC,https://www.grays.com/lot/0001-21059937/motor-vehicles-motor-cycles/2018-toyota-hilux-4x2-workmate-tgn121r-automatic-dual-cab,"Dents or marks on body consistent with age and kilometres.
Large Dent on Various locations","Air Conditioning, Bluetooth Capability, CD Player, Central Locking, Cruise Control, Driver Airbag, Electric Windows, MP3 Capability, Power Steering, Reversing Camera, Crash Test Star Rating 5, Location: 451 Palmers Road, (Enter from K&S Freighters on Palmers Road), Truganina, VIC, 3026, Key No: 60B",140.0,9400.0,15h 41m51s,active,,,,,False
2011.0,BMW,1,Series Convertible 118d E88 Turbo Diesel Automatic Convertible,Convertible,4.0,Unable to locate,2011-01,WBAUM92040VP41744,1QA3JB,VIC,25-01-2026 - Registration will only be transferred to the registered bidder who must hold a valid VIC Drivers Licence otherwise vehicle will be sold unregistered.,2.0,4.0,2,Diesel,Automatic,173747,km,Black,Beige Leather,Yes,Yes,Yes,Partial,Yes,VIC,https://www.grays.com/lot/0001-21059960/motor-vehicles-motor-cycles/2011-bmw-1-series-convertible-118d-e88-turbo-diesel-automatic-convertible,"Dents or marks on body consistent with age and kilometres.
Large Scratch on Rear bumper
Paint cracked rear bumper","Air Conditioning, CD Player, Central Locking, Climate Control, Cruise Control, Driver Airbag, Electric Windows, Leather Trim, MP3 Capability, Park Distance Control Front, Park Distance Control Rear, Power Steering, Satellite Navigation System, Location: 140-152 National Drive, Dandenong South, VIC, 3175, Key No: 1212 (364239)",47.0,4400.0,15h 37m36s,active,,,,,False
2021.0,Audi,Q3,40 TFSI Quattro Automatic Wagon,Wagon,5.0,2021-08,2021-11,WAUZZZF38N1017615,BSH359,VIC,26-11-2025 - Registration will only be transferred to the registered bidder who must hold a valid VIC Drivers Licence otherwise vehicle will be sold unregistered.,2.0,4.0,2,Petrol,Automatic,33465,km,Grey,Black Leather,Yes,Yes,Yes,Yes,Yes,VIC,https://www.grays.com/lot/0001-21059979/motor-vehicles-motor-cycles/2021-audi-q3-40-tfsi-quattro-automatic-wagon,"Medium Scratch on Bonnet
Dents or marks on body consistent with age and kilometres.","Air Conditioning, Auto Control, Central Locking, Climate Control, Driver Airbag, `Flightdeck Service Plan Year 5’ expiring in March 2027, Electric Windows, Heated Front Seats, Hill Holder System, Leather Trim, MP3 Capability, Park Distance Control Front, Park Distance Control Rear, Power Steering, Reversing Camera, Satellite Navigation System, Sunroof, Crash Test Star Rating 5, Location: 140-152 National Drive, Dandenong South, VIC, 3175, Key No: 342 (364091)",20.0,25400.0,15h 32m19s,active,,,,,False
2012.0,Honda,INSIGHT,VTI 2ND GEN CVT Hatchback,Hatchback,5.0,2012-12,2013-07,JHMZE2850DS200407,1SN4EN,VIC,14-12-2025 - Registration will only be transferred to the registered bidder who must hold a valid VIC Drivers Licence otherwise vehicle will be sold unregistered.,2.0,4.0,1.3,Hybrid,CVT,238976,km,Silver,Black,Yes,Yes,No,Partial,Yes,VIC,https://www.grays.com/lot/0001-21059980/motor-vehicles-motor-cycles/2012-honda-insight-vti-2nd-gen-cvt-hatchback,"Dents or marks on body consistent with age and kilometres.
Medium Scratch on Lhf guard
Paint cracked Front and rear bar","Air Conditioning, Bluetooth Capability, CD Player, Driver Airbag, Electric Windows, Hill Holder System, MP3 Capability, Power Steering, Crash Test Star Rating 5, Location: 140-152 National Drive, Dandenong South, VIC, 3175, Key No: 722 (364174)",19.0,1109.0,15h 32m4s,active,,,,,False
2021.0,Toyota,Hilux,4x4 SR GUN126R Turbo Diesel Automatic Crew Cab Chassis,Cab Chassis,5.0,2021-11,2021-11,MR0KA3CD501265885,No plates,QLD,"Sold Unregistered, Without Plates",0.0,4.0,2.8,Diesel,Automatic,128473,km,White,Black,Yes,Yes,Yes,Yes,Yes,VIC,https://www.grays.com/lot/0001-21059984/motor-vehicles-motor-cycles/2021-toyota-hilux-4x4-sr-gun126r-turbo-diesel-automatic-crew-cab-chassis,"Medium Scratch on Around vehicle
Paint fading various panels
Dents or marks on body consistent with age and kilometres.","Air Conditioning, Central Locking, Cruise Control, Driver Airbag, Electric Windows, Hill Holder System, MP3 Capability, Power Steering, Reversing Camera, Crash Test Star Rating 5, Location: 140-152 National Drive, Dandenong South, VIC, 3175, Key No: 1195 (364166)",212.0,32100.0,15h 30m54s,active,,,,,False
2015.0,Mercedes,Benz,CLA 45 CLA45 AMG AWD C117 7 auto Coupe,Coupe,5.0,2015-02,2015-04,WDD1173522N195505,1ZD4SW,VIC,29-11-2025 - Registration will only be transferred to the registered bidder who must hold a valid VIC Drivers Licence otherwise vehicle will be sold unregistered.,2.0,4.0,2,Petrol,7 auto,117967,km,White,Black,Yes,No,No,Partial,Yes,VIC,https://www.grays.com/lot/0001-21059986/motor-vehicles-motor-cycles/2015-mercedes-benz-cla-45-cla45-amg-awd-c117-7-auto-coupe,"Dents or marks on body consistent with age and kilometres.
Medium Scratch on Around vehicle
Large Scratch on Right rear passenger door","Air Conditioning, CD Player, Central Locking, Driver Airbag, Electric Windows, Heated Front Seats, Hill Holder System, Leather Trim, MP3 Capability, Parking Assist System, Power Steering, Reversing Camera, Sunroof, Crash Test Star Rating 5, Location: 140-152 National Drive, Dandenong South, VIC, 3175, Key No: 423 (364082)",151.0,16300.0,15h 30m29s,active,30300.0,33500.0,,105.0,False
2003.0,Mercedes,Benz,C-Class C 200 Kompressor Classic W203 Automatic Sedan,Sedan,5.0,2003-11,2003-12,WDC2030422R133723,1VH3CJ,VIC,23-12-2025 - Registration will only be transferred to the registered bidder who must hold a valid VIC Drivers Licence otherwise vehicle will be sold unregistered.,2.0,4.0,1.8,Petrol,Automatic,253888,km,Silver,Grey,Yes,No,Yes,Partial,Yes,VIC,https://www.grays.com/lot/0001-21059989/motor-vehicles-motor-cycles/2003-mercedes-benz-c-class-c-200-kompressor-classic-w203-automatic-sedan,"Dents or marks on body consistent with age and kilometres.
Medium Scuff on Around vehicle
Paint fading various panels","Air Conditioning, Central Locking, Climate Control, Cruise Control, Driver Airbag, Electric Windows, Leather Trim, Park distance control front, Park Distance Control Rear, Power Steering, Crash Test Star Rating 5, Location: 140-152 National Drive, Dandenong South, VIC, 3175, Key No: 1065 (364192)",3.0,209.0,15h 29m20s,active,,,,,False
2019.0,Toyota,Kluger,4X4 GX GSU55R Automatic - 8 Speed 7 Seats Wagon,Wagon,7.0,2019-07,2019-09,5TDBZ3FH80S714176,CV18ZF,NSW,"Sold Unregistered, Without Plates",2.0,6.0,3.5,Petrol,Automatic - 8 Speed,100215,km,Silver,Black,Yes,Yes,Yes,Yes,Yes,VIC,https://www.grays.com/lot/0001-21060019/motor-vehicles-motor-cycles/2019-toyota-kluger-4x4-gx-gsu55r-automatic-8-speed-7-seats-wagon,Dents or marks on body consistent with age and kilometres.,"Air Conditioning, Auto Control, CD Player, Central Locking, Driver Airbag, Electric Windows, Hill Holder System, MP3 Capability, Park Distance Control Rear, Power Steering, Reversing Camera, Roof Rail/Roof Rack, Third Row Seat, Crash Test Star Rating 5, Location: 140-152 National Drive, Dandenong South, VIC, 3175, Key No: 1058 (363691)",81.0,20400.0,15h 22m46s,active,,,,,False
2007.0,Mitsubishi,Outlander,VR ZG Automatic Wagon,Wagon,5.0,2007-11,2008-06,JMFXLCW6W8Z000668,WLZ601,VIC,"Sold Unregistered, Without Plates",2.0,6.0,3,Petrol,Automatic,308688,km,Black,Black,Yes,No,No,No,No,VIC,https://www.grays.com/lot/0001-21060023/motor-vehicles-motor-cycles/2007-mitsubishi-outlander-vr-zg-automatic-wagon,"Dents or marks on body consistent with age and kilometres.
Engine overheating, tow advisable.
Front bumper Cracked bumper.
Paint fading Around vehicle
Medium Dent on Around vehicle
Corrosion visible Around vehicle
Windscreen Chipped or Cracked.
Front Seat worn all seats","Air Conditioning, CD Player, Central Locking, Cruise Control, Driver Airbag, Electric Windows, MP3 Capability, Power Steering, Roof Rail, Location: 140-152 National Drive, Dandenong South, VIC, 3175, Key No: 699 (362580)",1.0,9.0,15h 22m22s,active,,,,,False
2012.0,Kia,Cerato,Si TD Automatic Hatchback,Hatchback,5.0,2012-05,2012-06,KNAFT512MD5656729,1BS2RZ,VIC,"Sold Unregistered, Without Plates",2.0,4.0,2,Petrol,Automatic,165179,km,White,Black,Yes,No,Yes,Yes,Yes,VIC,https://www.grays.com/lot/0001-21060024/motor-vehicles-motor-cycles/2012-kia-cerato-si-td-automatic-hatchback,"Engine idling rough
Large Dent on Roof
Corrosion visible Around vehicle
Damaged Lhr
Engine noise observed.
Other Warning light ON
Dents or marks on body consistent with age and kilometres.","Air Conditioning, CD Player, Central Locking, Cruise Control, Driver Airbag, Electric Windows, MP3 Capability, Power Steering, Crash Test Star Rating 4, Location: 140-152 National Drive, Dandenong South, VIC, 3175, Key No: 585 (362566)",2.0,109.0,15h 22m1s,active,,,,,False
2007.0,Honda,Odyssey,Luxury Automatic 7 Seats People Mover,People Mover,7.0,2007-05,2007-07,JHMRB18508C200593,UXX666,VIC,"Sold Unregistered, Without Plates",1.0,4.0,2.4,Petrol,Automatic,319629,km,Grey,Black Leather,Yes,No,No,No,Yes,VIC,https://www.grays.com/lot/0001-21060026/motor-vehicles-motor-cycles/2007-honda-odyssey-luxury-automatic-7-seats-people-mover,"Dents or marks on body consistent with age and kilometres.
Engine light ON
Steering requires attention.
Medium Dent on Around vehicle
Medium Scratch on Around vehicle
Corrosion visible Around vehicle
Seat Torn Front seats
Passenger side rear door Door not Working","Air Conditioning, Driver Airbag, Electric Windows, Heated Front Seats, Leather Trim, Power Steering, Sunroof, Third Row Seat, Crash Test Star Rating 4, Location: 140-152 National Drive, Dandenong South, VIC, 3175, Key No: 466a (362573)",2.0,9.0,15h 21m43s,active,,,,,False
2008.0,Holden,Astra,CD AH Automatic Hatchback,Hatchback,5.0,2008-05,2008-07,W0L0AHL4885134867,No Plates,QLD,"Sold Unregistered, Without Plates",0.0,4.0,1.8,Petrol,Automatic,188275,km,Red,Grey,Yes,Yes,Yes,Yes,Yes,VIC,https://www.grays.com/lot/0001-21060027/motor-vehicles-motor-cycles/2008-holden-astra-cd-ah-automatic-hatchback,"Dents or marks on body consistent with age and kilometres.
Medium Scratch on Around vehicle
Front Seat worn both","Air Conditioning, CD Player, Driver Airbag, Electric Windows, MP3 Capability, Power Steering, Crash Test Star Rating 4, Location: 140-152 National Drive, Dandenong South, VIC, 3175, Key No: 251 (362628)",6.0,509.0,15h 21m32s,active,,,,,False
2001.0,Holden,Commodore,Acclaim VX Automatic Sedan,Sedan,5.0,2001-06,2001-06,6H8VXK69A1L740829,10I1PB,VIC,"Sold Unregistered, Without Plates",2.0,6.0,3.8,Petrol,Automatic,314825,km,Green,Grey,Yes,No,No,No,No,VIC,https://www.grays.com/lot/0001-21060028/motor-vehicles-motor-cycles/2001-holden-commodore-acclaim-vx-automatic-sedan,"Large Scratch on Around vehicle
Paint peeling Around vehicle
Windscreen Chipped or Cracked.","Air Conditioning, Power Steering, Location: 140-152 National Drive, Dandenong South, VIC, 3175, Key No: 500s (362753)",1.0,9.0,15h 21m12s,active,,,,,False
2015.0,Nissan,Navara,4X4 ST-X NP300 Turbo Diesel Manual Dual Cab,Dual Cab Chassis,5.0,2015-04,2015-06,MNTCB4D23A0003409,1ZJ7SR,VIC,13-12-2025 - Registration will only be transferred to the registered bidder who must hold a valid VIC Drivers Licence otherwise vehicle will be sold unregistered.,2.0,4.0,2.3,Diesel,Manual,"165346 - Odometer discrepancy detected, see attached history report.",km,White,Black Leather,Yes,No,Yes,Partial,Yes,VIC,https://www.grays.com/lot/0001-21060046/motor-vehicles-motor-cycles/2015-nissan-navara-4x4-st-x-np300-turbo-diesel-manual-dual-cab,"Seat Torn Driver seat
Paint peeling Tailgate
Medium Dent on Around vehicle
Corrosion visible Around vehicle
Windscreen Chipped or Cracked.
Corrosion visible various areas
Dents or marks on body consistent with age and kilometres.","Air Conditioning, Auto Control, Bluetooth Capability, CD Player, Central Locking, Climate Control, Cruise Control, Driver Airbag, Electric Windows, Heated Front Seats, Hill Holder System, Leather Trim, MP3 Capability, Nudge Bar, Park Distance Control Rear, Power Steering, Reversing Camera, Roof Rail/Roof Rack, Satellite Navigation System, Sunroof, Crash Test Star Rating 5, Location: 140-152 National Drive, Dandenong South, VIC, 3175, Key No: 649 (363060)",3.0,9500.0,15h 24m51s,active,,,,,False
2011.0,Holden,Barina,TK Automatic Sedan,Sedan,5.0,2011-02,2011-03,KL3SA696JBB211176,ZSK463,VIC,10-01-2026 - Registration will only be transferred to the registered bidder who must hold a valid VIC Drivers Licence otherwise vehicle will be sold unregistered.,2.0,4.0,1.6,Petrol,Automatic,212996,km,Silver,Grey,Yes,Yes,Yes,Partial,Yes,VIC,https://www.grays.com/lot/0001-21060053/motor-vehicles-motor-cycles/2011-holden-barina-tk-automatic-sedan,Dents or marks on body consistent with age and kilometres.,"Air Conditioning, CD Player, Central Locking, Driver Airbag, Electric Windows, MP3 Capability, Power Steering, Location: 140-152 National Drive, Dandenong South, VIC, 3175, Key No: 389 (362987)",7.0,409.0,15h 17m29s,active,,,,,False
2015.0,Hyundai,i40,Premium VF Turbo Diesel Automatic Wagon,Wagon,5.0,2015-08,2015-10,KMHLC81UVGU115743,1RH9BV,VIC,12-11-2025 - Registration will only be transferred to the registered bidder who must hold a valid VIC Drivers Licence otherwise vehicle will be sold unregistered.,2.0,4.0,1.7,Diesel,Automatic,164474,km,White,Black Leather,Yes,No,Yes,Yes,Yes,VIC,https://www.grays.com/lot/0001-21060056/motor-vehicles-motor-cycles/2015-hyundai-i40-premium-vf-turbo-diesel-automatic-wagon,"Dents or marks on body consistent with age and kilometres.
Front Cracked bumper.
Medium Scratch Around vehicle","Air Conditioning, CD Player, Central Locking, Climate Control, Cruise Control, Driver Airbag, Electric Windows, Heated Front Seats, Hill Holder System, Leather Trim, MP3 Capability, Park Distance Control Front, Park Distance Control Rear, Power Steering, Reversing Camera, Satellite Navigation System, Sunroof, Crash Test Star Rating 5, Location: 140-152 National Drive, Dandenong South, VIC, 3175, Key No: 1224 (364262)",38.0,6964.0,15h 17m4s,active,13200.0,16500.0,,21.0,False
2012.0,Toyota,LandCruiser,Prado GXL KDJ150R T/D Auto (WOVR-REPAIRABLE),Wagon,7.0,2012-07,2012-08,JTEBH3FJ30K081580,No plates,VIC,"Sold Unregistered, Without Plates",0.0,4.0,3,Diesel,Automatic,331957,km,Grey,Black,Yes,No,No,No,Yes,VIC,https://www.grays.com/lot/0001-21060059/motor-vehicles-motor-cycles/2012-toyota-landcruiser-prado-gxl-kdj150r-t-d-auto-wovr-repairable,"Engine noise observed.
Engine idling rough
Dents or marks on body consistent with age and kilometres.
Medium Scuff on Rear bumper
Paint peeling Bonnet
Engine light ON
Traction control light ON","Air Conditioning, Auto Control, Bluetooth Capability, Bull bar, Central Locking, Driver Airbag, Electric Windows, Hill Holder System, MP3 Capability, Power Steering, Reversing Camera, Roof Rail, Third Row Seat, Crash Test Star Rating 5, Location: 140-152 National Drive, Dandenong South, VIC, 3175, Key No: 466 (364316)",18.0,3700.0,15h 16m30s,active,,,,,False
2013.0,Volkswagen,Tiguan,118 TSI 5N Manual Wagon,Wagon,5.0,2013-02,2013-05,WVGZZZ5NZDW083076,No Plates,VIC,"Sold Unregistered, Without Plates",0.0,4.0,1.4,Petrol,Manual,134967 - Odometer discrepancy detected. See attached Car History Report.,km,White,Black,Yes,Yes,Yes,Yes,Yes,VIC,https://www.grays.com/lot/0001-21060060/motor-vehicles-motor-cycles/2013-volkswagen-tiguan-118-tsi-5n-manual-wagon,"Engine light ON
Engine idling rough
Dents or marks on body consistent with age and kilometres.","Air Conditioning, CD Player, Central Locking, Driver Airbag, Electric Windows, Hill Holder System, MP3 Capability, Power Steering, Roof Rail, Crash Test Star Rating 5, Location: 140-152 National Drive, Dandenong South, VIC, 3175, Key No: 314 (364359)",50.0,2609.0,15h 15m52s,active,,,,,False
2013.0,Toyota,Hiace,SUPER LWB KDH221R Turbo Diesel Automatic Van,Van,3.0,2013-10,2013-10,JTFPT22P800012156,1GX4QI,VIC,25-11-2026 - Registration will only be transferred to the registered bidder who must hold a valid VIC Drivers Licence otherwise vehicle will be sold unregistered.,2.0,4.0,3,Diesel,Automatic,437420,km,White,Black,Yes,No,No,No,Yes,VIC,https://www.grays.com/lot/0001-21060061/motor-vehicles-motor-cycles/2013-toyota-hiace-super-lwb-kdh221r-turbo-diesel-automatic-van,"Dents or marks on body consistent with age and kilometres.
Carpet worn in places.
Front Cracked bumper.
Seat Torn drivers seat","Air Conditioning, Central Locking, Driver Airbag, Electric Windows, MP3 Capability, Power Steering, Reversing Camera, Crash Test Star Rating 3, Location: 140-152 National Drive, Dandenong South, VIC, 3175, Key No: 158 (364334)",48.0,3209.0,14h 40m24s,active,,,,,False
2005.0,Nissan,Pulsar,ST N16 Automatic Hatchback,Hatchback,5.0,2005-03,2005-04,SJNFBAN16A0581990,1XH6TS,VIC,03-02-2026 - Registration will only be transferred to the registered bidder who must hold a valid VIC Drivers Licence otherwise vehicle will be sold unregistered.,2.0,4.0,1.8,Petrol,Automatic,232551,km,White,Grey,Yes,No,Yes,Partial,Yes,VIC,https://www.grays.com/lot/0001-21060065/motor-vehicles-motor-cycles/2005-nissan-pulsar-st-n16-automatic-hatchback,"Dents or marks on body consistent with age and kilometres.
Engine light ON
Corrosion visible Around vehicle
Medium Scratch on Around vehicle
Damaged Passenger side rear tail light
Medium Dent on Around vehicle
Medium Scuff on Around vehicle
Front Seat worn driver seat","Air Conditioning, CD Player, Central Locking, Driver Airbag, Power Steering, Crash Test Star Rating 3, Location: 140-152 National Drive, Dandenong South, VIC, 3175, Key No: 1089 (364400)",1.0,9.0,15h 14m44s,active,,,,,False
2013.0,Subaru,Outback,2.5i Premium B5A CVT Wagon,Wagon,5.0,2013-11,2014-01,JF2BRMKC5EG062162,1AZ1ND,,"Sold Unregistered, Without Plates",2.0,4.0,2.5,Petrol,CVT,307296,km,Grey,Black Leather,Yes,Yes,No,Partial,Yes,VIC,https://www.grays.com/lot/0001-21060076/motor-vehicles-motor-cycles/2013-subaru-outback-2-5i-premium-b5a-cvt-wagon,"Dents or marks, wear and tear consistent with age and kilometres.
Medium Scuff, Scratch on various panels
Steering wheel worn.
Steering wheel worn.","Air conditioning, Bluetooth Capability, Cd player, Central Locking, Climate Control, Cruise Control, Driver Airbag, Electric windows, Leather trim, Power steering, Reversing camera, Roof Rail, Satellite navigation system, Sunroof, Crash Test Star Rating 5, Location: 140-152 National Drive, Dandenong South, VIC, 3175, Key No: 1153 (364505)",11.0,909.0,15h 14m33s,active,,,,,False
2012.0,Volvo,XC60,T5 Automatic Wagon,Wagon,5.0,2012-02,2012-06,YV1DZ475BC2319196,ZEB661,VIC,26-07-2026 - Registration will only be transferred to the registered bidder who must hold a valid VIC Drivers Licence otherwise vehicle will be sold unregistered.,2.0,4.0,2,Petrol,Automatic,223461,km,Black,Black Leather,Yes,Yes,Yes,No,Yes,VIC,https://www.grays.com/lot/0001-21060077/motor-vehicles-motor-cycles/2012-volvo-xc60-t5-automatic-wagon,Dents or marks on body consistent with age and kilometres.,"Air Conditioning, Bluetooth Capability, CD Player, Central Locking, Climate Control, Cruise Control, Driver Airbag, Electric Windows, Heated Front Seats, Leather Trim, MP3 Capability, Park Distance Control Rear, Power Steering, Reversing Camera, Roof Rail, Crash Test Star Rating 5, Location: 140-152 National Drive, Dandenong South, VIC, 3175, Key No: 632 (364467)",15.0,909.0,15h 14m6s,active,,,,,False
2012.0,Jeep,Grand,Cherokee Laredo WK Turbo Diesel Automatic Wagon,Wagon,5.0,2012-12,2013-02,1C4RJFEM1DC622615,2DU9XT,VIC,21-01-2026 - Registration will only be transferred to the registered bidder who must hold a valid VIC Drivers Licence otherwise vehicle will be sold unregistered.,2.0,6.0,3,Diesel,Automatic,300970,km,Silver,Black,Yes,Yes,Yes,Partial,Yes,VIC,https://www.grays.com/lot/0001-21060078/motor-vehicles-motor-cycles/2012-jeep-grand-cherokee-laredo-wk-turbo-diesel-automatic-wagon,Dents or marks on body consistent with age and kilometres.,"Air Conditioning, Auto Control, Bluetooth Capability, CD Player, Central Locking, Climate Control, Cruise Control, Driver Airbag, Electric Windows, Heated Front Seats, Hill Holder System, MP3 Capability, Power Steering, Reversing Camera, Roof Rail, Crash Test Star Rating 4, Location: 140-152 National Drive, Dandenong South, VIC, 3175, Key No: 1005 (364343)",8.0,1300.0,15h 13m57s,active,,,,,False
2011.0,Toyota,Corolla,Ascent ZRE152R Automatic Sedan,Sedan,5.0,2011-06,2011-07,JTNBU56E10J064924,YNX934,VIC,19-08-2026 - Registration will only be transferred to the registered bidder who must hold a valid VIC Drivers Licence otherwise vehicle will be sold unregistered.,2.0,4.0,1.8,Petrol,Automatic,139148,km,Grey,Black,Yes,Yes,Yes,Partial,Yes,VIC,https://www.grays.com/lot/0001-21060079/motor-vehicles-motor-cycles/2011-toyota-corolla-ascent-zre152r-automatic-sedan,"Dents or marks on body consistent with age and kilometres.
Medium Dent on Around vehicle
Damaged Passenger side rear tail light
Medium Scratch on Around vehicle","Air Conditioning, CD Player, Central Locking, Driver Airbag, Electric Windows, MP3 Capability, Power Steering, Crash Test Star Rating 5, Location: 140-152 National Drive, Dandenong South, VIC, 3175, Key No: 418 (364345)",38.0,5200.0,15h 13m48s,active,,,,,False
2004.0,Mitsubishi,Triton,4X2 GL MK Manual Cab Chassis,Cab Chassis,3.0,2004-03,2004-05,MMB0NK6504D055552,SZL944,VIC,10-08-2026 - Registration will only be transferred to the registered bidder who must hold a valid VIC Drivers Licence otherwise vehicle will be sold unregistered.,2.0,4.0,2.4,Petrol,Manual,318698,km,White,Grey,Yes,No,Yes,Partial,Yes,VIC,https://www.grays.com/lot/0001-21060081/motor-vehicles-motor-cycles/2004-mitsubishi-triton-4x2-gl-mk-manual-cab-chassis,"Dents or marks on body consistent with age and kilometres.
Corrosion visible All around vehicle
Large Scuff on Tray","Air conditioning, Power steering, Location: 140-152 National Drive, Dandenong South, VIC, 3175, Key No: 1090",6.0,409.0,15h 13m32s,active,,,,,False
2012.0,Toyota,Rav,4 CV 2WD ACA38R Automatic Wagon,Wagon,5.0,2012-07,2012-08,JTMZD33V80D034250,ZLZ806,VIC,31-12-2025 - Registration will only be transferred to the registered bidder who must hold a valid VIC Drivers Licence otherwise vehicle will be sold unregistered.,2.0,4.0,2.4,Petrol,Automatic,107931,km,Black,Grey,Yes,Yes,No,Yes,Yes,VIC,https://www.grays.com/lot/0001-21060082/motor-vehicles-motor-cycles/2012-toyota-rav-4-cv-2wd-aca38r-automatic-wagon,"Dents or marks on body consistent with age and kilometres.
Medium Scuff, Paint Fading on Various Panels.
Comment: Sun visor broken on driver sideInterior: Wear and tear consistent with age and kilometres travelled with Steering wheel worn
Comment: Sun visor broken on driver side
Interior: Wear and tear consistent with age and kilometres travelled with Steering wheel worn","Air conditioning, Cd player, Driver Airbag, Electric windows, Power steering, Roof Rail, Crash Test Star Rating 4, Location: 140-152 National Drive, Dandenong South, VIC, 3175, Key No: 630 (364485)",45.0,5400.0,15h 13m15s,active,,,,,False
2006.0,Volkswagen,Golf,Turbo Diesel Automatic Hatchback,,5.0,2006-09,2007-01,WVWZZZ1K7U008210,No plates,,"Sold Unregistered, Without Plates",2.0,4.0,2,Diesel,Automatic,209502,km,Silver,Black,Yes,Yes,No,No,Yes,VIC,https://www.grays.com/lot/0001-21060083/motor-vehicles-motor-cycles/2006-volkswagen-golf-turbo-diesel-automatic-hatchback,"Dents or marks on body consistent with age and kilometres.
Medium Scratch on Around vehicle
Paint peeling Roof spoiler","Air conditioning, CD player, Driver Airbag, Electric windows, Power steering, Location: 140-152 National Drive, Dandenong South, VIC, 3175, Key No: 437 (364408)",6.0,509.0,15h 12m58s,active,,,,,False
2012.0,Subaru,Forester,X S3 Automatic Wagon,Wagon,5.0,2012-08,2013-03,JF2SHMKS5CG092752,ZRV010,VIC,10-01-2026 - Registration will only be transferred to the registered bidder who must hold a valid VIC Drivers Licence otherwise vehicle will be sold unregistered.,2.0,4.0,2.5,Petrol,Automatic,232499,km,Silver,Black Leather,Yes,No,No,Partial,Yes,VIC,https://www.grays.com/lot/0001-21060085/motor-vehicles-motor-cycles/2012-subaru-forester-x-s3-automatic-wagon,"Engine Smoke visible
Dents or marks on body consistent with age and kilometres.
Paint fading, medium scuff various panels
Interior: Wear and tear consistent with age and kilometres travelled.
Interior: Wear and tear consistent with age and kilometres travelled.","Air Conditioning, CD Player, Central Locking, Cruise Control, Driver Airbag, Electric Windows, MP3 Capability, Park distance control rear, Power Steering, Roof Rail, Crash Test Star Rating 5, Location: 140-152 National Drive, Dandenong South, VIC, 3175, Key No: 1030 (364420)",12.0,709.0,15h 12m44s,active,,,,,False
2012.0,Toyota,Rav,4 CRUISER 2WD ACA38R Automatic Wagon,Wagon,5.0,2012-09,2012-10,JTMZD31V505243183,ZQM537,VIC,19-03-2026 - Registration will only be transferred to the registered bidder who must hold a valid VIC Drivers Licence otherwise vehicle will be sold unregistered.,2.0,4.0,2.4,Petrol,Automatic,158959,km,Red,Grey,Yes,Yes,Yes,Yes,Yes,VIC,https://www.grays.com/lot/0001-21060086/motor-vehicles-motor-cycles/2012-toyota-rav-4-cruiser-2wd-aca38r-automatic-wagon,"Dents or marks on body consistent with age and kilometres.
Large Scratch on Driver side back door
Large Dent on Rear quarter panel passenger side
Large Scratch on Rear door passenger side","Air Conditioning, Bluetooth Capability, CD Player, Central Locking, Climate Control, Cruise Control, Driver Airbag, Electric Windows, Hill Holder System, MP3 Capability, Power Steering, Roof Rail, Crash Test Star Rating 4, Location: 140-152 National Drive, Dandenong South, VIC, 3175, Key No: 104 (364414)",37.0,5509.0,15h 12m35s,active,,,,,False
2012.0,Hyundai,i30cw,SX FD Turbo Diesel Automatic Wagon,Wagon,5.0,2012-01,2012-09,KMHDB81SMCU148251,1MT9NA,VIC,24-04-2026 - Registration will only be transferred to the registered bidder who must hold a valid VIC Drivers Licence otherwise vehicle will be sold unregistered.,2.0,4.0,1.6,Diesel,Automatic,245395,km,Silver,Black,Yes,Yes,Yes,Partial,Yes,VIC,https://www.grays.com/lot/0001-21060087/motor-vehicles-motor-cycles/2012-hyundai-i30cw-sx-fd-turbo-diesel-automatic-wagon,"Dents or marks on body consistent with age and kilometres.
Paint peeling Roof
Dents or marks on body consistent with age and kilometres.
Medium Dent on Medium to large dents all around vehicle
Paint cracked various panels
Medium Scuff on various panels","Air Conditioning, Bluetooth Capability, CD Player, Driver Airbag, Electric Windows, MP3 Capability, Power Steering, Roof Rail, Crash Test Star Rating 4, Location: 140-152 National Drive, Dandenong South, VIC, 3175, Key No: 139 (364411)",1.0,1500.0,15h 11m53s,active,,,,,False
2018.0,LDV,T60,LUXE Turbo Diesel Automatic Dual Cab,Dual Cab,5.0,2018-06,2018-08,LSFAM11A3JA080677,No plates,VIC,"Sold Unregistered, Without Plates",0.0,4.0,2.8,Diesel,Automatic,145655,km,Grey,Black Leather,Yes,No,Yes,Partial,Yes,VIC,https://www.grays.com/lot/0001-21060088/motor-vehicles-motor-cycles/2018-ldv-t60-luxe-turbo-diesel-automatic-dual-cab,"Front Seat worn Leather peeling drivers seat
Paint cracked various panels
Damaged rear license plate lights
Medium Dent on various panels
Dents or marks on body consistent with age and kilometres.","Air Conditioning, Auto Control, Central Locking, Cruise Control, Driver Airbag, Electric Windows, Heated Front Seats, Hill Holder System, Leather Trim, MP3 Capability, Park distance control front, Park Distance Control Rear, Power Steering, Reversing Camera, Roof rack, Location: 140-152 National Drive, Dandenong South, VIC, 3175, Key No: 376 (364421)",40.0,5105.0,15h 11m43s,active,,,,,False
2012.0,Honda,Civic,VTi-L 9TH GEN Automatic Sedan,Sedan,5.0,2012-03,2012-05,JHMFB2650CS206619,ZCQ595,VIC,13-12-2025 - Registration will only be transferred to the registered bidder who must hold a valid VIC Drivers Licence otherwise vehicle will be sold unregistered.,2.0,4.0,1.8,Petrol,Automatic,241153,km,White,Grey,Yes,Yes,Yes,Partial,Yes,VIC,https://www.grays.com/lot/0001-21060089/motor-vehicles-motor-cycles/2012-honda-civic-vti-l-9th-gen-automatic-sedan,"Medium Scratch on Around vehicle
Corrosion visible Around vehicle
Front Seat worn driver seat
Dents or marks on body consistent with age and kilometres.","Air Conditioning, CD Player, Central Locking, Climate Control, Cruise Control, Driver Airbag, Electric Windows, MP3 Capability, Park Distance Control Rear, Power Steering, Crash Test Star Rating 5, Location: 140-152 National Drive, Dandenong South, VIC, 3175, Key No: 423 (364427)",32.0,2709.0,15h 11m14s,active,,,,,False
2013.0,Holden,Sportwagon,Z-SERIES VE II Automatic Wagon,Wagon,5.0,2013-02,2013-02,6G1EK8E47CL717469,1HP6IN,,"Sold Unregistered, Without Plates",2.0,6.0,3.6,LPG,Automatic,164992,km,White,Grey,Yes,Yes,Yes,Yes,Yes,VIC,https://www.grays.com/lot/0001-21060091/motor-vehicles-motor-cycles/2013-holden-sportwagon-z-series-ve-ii-automatic-wagon,"Dents or marks on body consistent with age and kilometres.
Medium Scuff on Front bumper","Air conditioning, Electric windows, Park distance control rear, Power steering, Crash Test Star Rating 5, Location: 140-152 National Drive, Dandenong South, VIC, 3175, Key No: 492 (364500)",52.0,3309.0,15h 11m7s,active,,,,,False
2013.0,Volkswagen,Golf,90TSI Trendline A6 Automatic Wagon,Wagon,5.0,2013-04,2013-07,WVWZZZ1KZDM677702,AAW482,,"Sold Unregistered, Without Plates",2.0,4.0,1.4,Petrol,Automatic,194871,km,White,Black,Yes,Yes,Yes,Partial,Yes,VIC,https://www.grays.com/lot/0001-21060092/motor-vehicles-motor-cycles/2013-volkswagen-golf-90tsi-trendline-a6-automatic-wagon,"Dents or marks on body consistent with age and kilometres.
Medium Scratch on Passenger side rear door
Medium Dent on various panels
Interior: Wear and tear consistent with age and kilometres travelled.
Interior: Wear and tear consistent with age and kilometres travelled.","Air conditioning, Cd player, Driver Airbag, Electric windows, Power steering, Roof Rail, Location: 140-152 National Drive, Dandenong South, VIC, 3175, Key No: 750 (364497)",42.0,2300.0,15h 11m5s,active,,,,,False
,Benz,280,SE Automatic Sedan,,5.0,Unable to locate,1971-09,10805722003700,No plates,,"Sold Unregistered, Without Plates",0.0,8.0,3.5,Petrol,Automatic,64091,km,White,Blue,Yes,No,No,No,No,VIC,https://www.grays.com/lot/0001-21060095/motor-vehicles-motor-cycles/mercedes-benz-280-se-automatic-sedan,"Dents or marks on body consistent with age and kilometres.
Corrosion visible Around vehicle
Dash Torn or Cracked
Paint cracked Around vehicle","Location: 140-152 National Drive, Dandenong South, VIC, 3175, Key No: 1276S",37.0,1909.0,1d 15h 10m44s,active,,,,,False
2010.0,Mazda,CX-7,Classic Automatic Wagon,Wagon,5.0,2010-11,2010-11,JM0ER10L200222325,2DT7AW,VIC,19-02-2026 - Registration will only be transferred to the registered bidder who must hold a valid VIC Drivers Licence otherwise vehicle will be sold unregistered.,2.0,4.0,2.5,Petrol,Automatic,182217,km,Grey,Black,Yes,Yes,Yes,Partial,Yes,VIC,https://www.grays.com/lot/0001-21060097/motor-vehicles-motor-cycles/2010-mazda-cx-7-classic-automatic-wagon,"Dents or marks on body consistent with age and kilometres.
Front Cracked bumper.","Air Conditioning, CD Player, Cruise Control, Driver Airbag, Electric Windows, MP3 Capability, Park Distance Control Rear, Power Steering, Reversing Camera, Crash Test Star Rating 5, Location: 140-152 National Drive, Dandenong South, VIC, 3175, Key No: 488 (364415)",40.0,3410.0,15h 10m34s,active,,,,,False
2013.0,Volvo,XC60,T5 TEKNIK Automatic Wagon,Wagon,5.0,2013-10,2014-04,YV1DZ47HBE2549552,No plates,VIC,"Sold Unregistered, Without Plates - Registration will only be transferred to the registered bidder who must hold a valid VIC Drivers Licence otherwise vehicle will be sold unregistered.",2.0,4.0,2,Petrol,Automatic,160943,km,Silver,Black Leather,Yes,Yes,Yes,Yes,Yes,VIC,https://www.grays.com/lot/0001-21060098/motor-vehicles-motor-cycles/2013-volvo-xc60-t5-teknik-automatic-wagon,Medium Scratch on Rhf,"Air Conditioning, Bluetooth Capability, CD Player, Central Locking, Climate Control, Cruise Control, Driver Airbag, Electric Windows, Heated Front Seats, Leather Trim, MP3 Capability, Park Distance Control Rear, Power Steering, Reversing Camera, Roof Rail, Satellite Navigation System, Crash Test Star Rating 5, Location: 140-152 National Drive, Dandenong South, VIC, 3175, Key No: 516 (364470)",13.0,3800.0,15h 10m9s,active,,,,,False
2009.0,Mercedes,Benz,C350 CDI Elegance W204 Turbo Diesel Automatic Sedan,Sedan,5.0,2009-08,2009-09,WDD2040222A323009,1QK8VX,VIC,23-12-2025 - Registration will only be transferred to the registered bidder who must hold a valid VIC Drivers Licence otherwise vehicle will be sold unregistered.,2.0,6.0,3,Diesel,Automatic,159680,km,Silver,Black Leather,Yes,Yes,Yes,Yes,Yes,VIC,https://www.grays.com/lot/0001-21060099/motor-vehicles-motor-cycles/2009-mercedes-benz-c350-cdi-elegance-w204-turbo-diesel-automatic-sedan,"Dents or marks on body consistent with age and kilometres.
Medium Scratch on Around vehicle","Air Conditioning, CD Player, Central Locking, Climate Control, Driver Airbag, Electric Windows, Leather Trim, Park Distance Control Front, Park Distance Control Rear, Power Steering, Reversing Camera, Satellite Navigation System, Sunroof, Crash Test Star Rating 5, Location: 140-152 National Drive, Dandenong South, VIC, 3175, Key No: 419 (364479)",19.0,4133.0,15h 9m44s,active,,,,,False
2013.0,Ford,Kuga,AWD Titanium TF Turbo Diesel Automatic Wagon,Wagon,5.0,2013-10,2013-12,WF0AXXWPMADK67791,No Plates,VIC,"Sold Unregistered, Without Plates",0.0,4.0,2,Diesel,Automatic,147564,km,Blue,Black Leather,Yes,Yes,Yes,Yes,Yes,VIC,https://www.grays.com/lot/0001-21060101/motor-vehicles-motor-cycles/2013-ford-kuga-awd-titanium-tf-turbo-diesel-automatic-wagon,"Paint peeling Around vehicle
Dents or marks on body consistent with age and kilometres.","Air Conditioning, CD Player, Driver Airbag, Electric Windows, Heated Front Seats, Hill Holder System, Leather Trim, MP3 Capability, Park Distance Control Front, Park Distance Control Rear, Power Steering, Reversing Camera, Roof Rail, Sunroof, Crash Test Star Rating 5, Location: 140-152 National Drive, Dandenong South, VIC, 3175, Key No: 259 (364325)",15.0,1309.0,15h 9m34s,active,,,,,False
2008.0,Ford,Mondeo,TDCi MA Turbo Diesel Automatic Hatchback,Hatchback,5.0,2008-06,2008-08,WF0EXXGBBE8K56376,WLB233,VIC,30-12-2025 - Registration will only be transferred to the registered bidder who must hold a valid VIC Drivers Licence otherwise vehicle will be sold unregistered.,2.0,4.0,2,Diesel,Automatic,240430,km,Black,Black,Yes,Yes,Yes,Yes,Yes,VIC,https://www.grays.com/lot/0001-21060105/motor-vehicles-motor-cycles/2008-ford-mondeo-tdci-ma-turbo-diesel-automatic-hatchback,"Dents or marks on body consistent with age and kilometres.
Medium Dent on All over the body
Medium Scratch on Medium to large in few spots
Medium Scuff on Small to medium in few spots
Rear bumper Cracked bumper.","Air Conditioning, CD Player, Central Locking, Driver Airbag, Electric Windows, MP3 Capability, Power Steering, Crash Test Star Rating 5, Location: 140-152 National Drive, Dandenong South, VIC, 3175, Key No: 492 (363558)",6.0,509.0,15h 9m27s,active,,,,,False
2006.0,Suzuki,Grand,Vitara V6 JT Automatic Wagon,Wagon,5.0,2006-08,2007-03,JSAJTD94V00200799,USE476,VIC,15-01-2026 - Registration will only be transferred to the registered bidder who must hold a valid VIC Drivers Licence otherwise vehicle will be sold unregistered.,2.0,6.0,2.7,Petrol,Automatic,196313,km,Blue,Black Leather,Yes,Yes,Yes,Yes,Yes,VIC,https://www.grays.com/lot/0001-21060110/motor-vehicles-motor-cycles/2006-suzuki-grand-vitara-v6-jt-automatic-wagon,"Dents or marks on body consistent with age and kilometres.
Paint fading Spare tyre cover
Large Dent on Passenger door
Hail damage visible.
Paint peeling side mirror panel
Medium Scuff on various areas
Medium Dent on various panels","Air Conditioning, CD Player, Central Locking, Climate Control, Driver Airbag, Electric Windows, Leather Trim, Power Steering, Roof Rail, Location: 140-152 National Drive, Dandenong South, VIC, 3175, Key No: 649 (364235)",21.0,1250.0,15h 9m2s,active,,,,,False
2016.0,Land,Rover,Discovery Sport SD4 SE Turbo Diesel Automatic Wagon,Wagon,5.0,2016-04,2016-06,SALCA2AE4GH619060,2DM1IZ,VIC,29-09-2026 - Registration will only be transferred to the registered bidder who must hold a valid VIC Drivers Licence otherwise vehicle will be sold unregistered.,2.0,4.0,2.2,Diesel,Automatic,122511,km,Black,Black Leather,Yes,Yes,Yes,Yes,Yes,VIC,https://www.grays.com/lot/0001-21060114/motor-vehicles-motor-cycles/2016-land-rover-discovery-sport-sd4-se-turbo-diesel-automatic-wagon,"Dents or marks on body consistent with age and kilometres.
Door Handle requires attention.
Medium Dent on Back door driver side","Air Conditioning, Auto Control, Central Locking, Cruise Control, Driver Airbag, Electric Windows, Hill Holder System, Leather Trim, MP3 Capability, Park Distance Control Rear, Power Steering, Reversing Camera, Satellite Navigation System, Sunroof, Crash Test Star Rating 5, Location: 140-152 National Drive, Dandenong South, VIC, 3175, Key No: 1069 (362323)",86.0,7900.0,15h 8m57s,active,14900.0,17500.0,,141.0,False
2009.0,Ford,Falcon,XR8 FG Automatic Sedan,Sedan,5.0,2009-07,2009-07,6FPAAAJGSW9A61272,,,"Sold Unregistered, Without Plates",0.0,8.0,5.4,Premium Unleaded,Automatic,278796,km,Charcoal,Black,Yes,Yes,Yes,Partial,Yes,QLD,https://www.grays.com/lot/0001-50517464/motor-vehicles-motor-cycles/2009-ford-falcon-xr8-fg-automatic-sedan,"Front Seat worn Both
Dents or marks on body consistent with age and kilometres.","Air Conditioning, CD Player, Central Locking, Cruise Control, Driver Airbag, Electric Windows, Leather Trim, MP3 Capability, Power Steering, Crash Test Star Rating 5, Location: 131-153 Main Beach Road, Pinkenba, QLD, 4008, Key No: K-354 GV364041",66.0,8600.0,16h 8m46s,active,,,,,False
2013.0,Peugeot,4008,Active FWD Manual Wagon,Wagon,5.0,2013-05,2013-08,VF3BUAFZ7DZ804218,,,"Sold Unregistered, Without Plates",0.0,4.0,2,Petrol,Manual,251374,km,Silver,Black Leather,Yes,Yes,Yes,Partial,Yes,QLD,https://www.grays.com/lot/0001-50517481/motor-vehicles-motor-cycles/2013-peugeot-4008-active-fwd-manual-wagon,"Seat Torn Rhf,
Back Seat worn.
Dents or marks on body consistent with age and kilometres.
Medium Scratch on rhf door, rear bumper,","Air Conditioning, CD Player, Central Locking, Cruise Control, Driver Airbag, Electric Windows, MP3 Capability, Park Distance Control Rear, Power Steering, Reversing Camera, Roof Rail, Location: 131-153 Main Beach Road, Pinkenba, QLD, 4008, Key No: K-405 GV364266",29.0,1509.0,16h 1m59s,active,,,,,False
2016.0,Ford,Ranger,XLT 4X4 PX II Turbo Diesel Manual Ute,Ute,4.0,2016-04,2016-05,MNAUM2F50GW570032,,,"Sold Unregistered, Without Plates",0.0,5.0,3.2,Diesel,Manual,185677,km,Grey,Tan,Yes,No,Yes,Partial,Yes,QLD,https://www.grays.com/lot/0001-50517482/motor-vehicles-motor-cycles/2016-ford-ranger-xlt-4x4-px-ii-turbo-diesel-manual-ute,"Dents or marks on body consistent with age and kilometres.
Medium Scratch on LHF guard
Other Warning light ON","Air Conditioning, Auto Control, Driver Airbag, Hill Holder System, MP3 Capability, Power Steering, Reversing Camera, Satellite Navigation System, Crash Test Star Rating 5, Location: 131-153 Main Beach Road, Pinkenba, QLD, 4008, Key No: K-177 GV364102",190.0,10200.0,16h 1m37s,active,,,,,False
,2013,Volkswagen,Multivan TDi 340 T5 TD AT 7 Seats PeopleMover,People Mover,7.0,2013-08,2013-10,WV2ZZZ7HZEH023918,,,"Sold Unregistered, Without Plates",0.0,4.0,2,Diesel,Automatic,263293,km,Silver,Grey,Yes,No,Yes,Partial,Yes,QLD,https://www.grays.com/lot/0001-50517483/motor-vehicles-motor-cycles/at-2013-volkswagen-multivan-tdi-340-t5-td-at-7-seats-peoplemover,"Engine noise observed.
Engine lacks power
Seat Torn rhf,
Back Seat Stains.
Dents or marks on body consistent with age and kilometres.
Large Dent on rhf guard plus door, lhr guard plus bumper,
Door Mirror Broken rhf door missing,
Windscreen Chipped or Cracked.","Air Conditioning, Central Locking, Climate Control, Driver Airbag, Hill Holder System, Power Steering, Third Row Seat, Location: 131-153 Main Beach Road, Pinkenba, QLD, 4008, Key No: K-175 GV364106",49.0,2509.0,16h 1m17s,active,,,,,False
2015.0,Mazda,3,Touring BM Automatic Sedan,Sedan,5.0,2015-06,2015-07,JM0BM527810187815,,,"Sold Unregistered, Without Plates",0.0,4.0,2,Petrol,Automatic,177335,km,Red,Black Leather,Yes,Yes,Yes,Partial,Yes,QLD,https://www.grays.com/lot/0001-50517484/motor-vehicles-motor-cycles/2015-mazda-3-touring-bm-automatic-sedan,"Transmission Requires attention Strongly recommend inspection by qualified third party
Seat Torn rhf, lhf,
Dents or marks on body consistent with age and kilometres.
Large Scratch on lhr door plus guard, front bumper,
Paint fading front bumper, door mirrors,","Air Conditioning, CD Player, Central Locking, Climate Control, Cruise Control, Driver Airbag, Electric Windows, Hill Holder System, Leather Trim, MP3 Capability, Park Distance Control Rear, Power Steering, Reversing Camera, Roof Rail/Roof Rack, Satellite Navigation System, Crash Test Star Rating 5, Location: 131-153 Main Beach Road, Pinkenba, QLD, 4008, Key No: K-351 GV364045",16.0,2200.0,16h 0m59s,active,,,,,False
2012.0,Holden,Commodore,SV6 VE Automatic Sedan,Sedan,5.0,2012-04,2012-04,6G1EK5E34CL652232,,,"Sold Unregistered, Without Plates",0.0,6.0,3.6,Petrol,Automatic,254382,km,Red,Black,Yes,Yes,Yes,No,Yes,QLD,https://www.grays.com/lot/0001-50517485/motor-vehicles-motor-cycles/2012-holden-commodore-sv6-ve-automatic-sedan,"Hood Lining Sagging
Door card Damaged.
Airbag light ON
Engine light ON
Seat Torn RHF
Front Seat Stains Both
Back Seat Stains.
Paint fading Various panels
Paint peeling Various panels","Air Conditioning, Driver Airbag, Electric Windows, Power Steering, Reversing Camera, Crash Test Star Rating 5, Location: 131-153 Main Beach Road, Pinkenba, QLD, 4008, Key No: K-206 GV363292",5.0,500.0,16h 0m40s,active,,,,,False
2012.0,Honda,Accord,Euro 8TH GEN Manual Sedan,Sedan,5.0,2012-04,2012-07,JHMCU2540DC204124,,,"Sold Unregistered, Without Plates",0.0,4.0,2.4,Petrol,Manual,262419,km,Red,Black,Yes,Yes,No,Partial,Yes,QLD,https://www.grays.com/lot/0001-50517486/motor-vehicles-motor-cycles/2012-honda-accord-euro-8th-gen-manual-sedan,"Engine noise observed.
Door card Worn.
Hood Lining Sagging
Paint fading Various panels
Dents or marks on body consistent with age and kilometres.
Paint cracked Front bumper
Large Scuff on Front bumper, LHR and LHF door
Medium Scuff on RHF door
Front Seat Stains Drivers
Carpet worn in places.","Air Conditioning, CD Player, Central Locking, Cruise Control, Driver Airbag, Electric Windows, MP3 Capability, Power Steering, Crash Test Star Rating 5, Location: 131-153 Main Beach Road, Pinkenba, QLD, 4008, Key No: K-209 GV363275",5.0,409.0,16h 0m31s,active,,,,,False
2004.0,Volkswagen,Polo,Elite 9N Manual Hatchback,Hatchback,5.0,2004-09,2005-06,WVWZZZ9NZ5U006738,,,"Sold Unregistered, Without Plates",0.0,4.0,1.4,Petrol,Manual,252027,km,Black,Black,Yes,No,No,No,No,QLD,https://www.grays.com/lot/0001-50517488/motor-vehicles-motor-cycles/2004-volkswagen-polo-elite-9n-manual-hatchback,"Door card Damaged.
Paint fading Roof
Large Scratch on RHF bumper
Medium Dent on LHR door
Dents or marks on body consistent with age and kilometres.
Medium Scuff on various panels
Medium Scratch on various panels","Air Conditioning, Driver Airbag, Power Steering, Crash Test Star Rating 4, Location: 131-153 Main Beach Road, Pinkenba, QLD, 4008, Key No: K-249 GV363708",2.0,9.0,16h 0m10s,active,,,,,False
2012.0,Citroen,C4,Exclusive Turbo Diesel Automatic Hatchback,Hatchback,5.0,2012-02,2012-05,VF7NC9HR8CY533854,,,"Sold Unregistered, Without Plates",0.0,4.0,1.6,Diesel,Automatic,105619,km,White,Black Leather,Yes,No,Yes,Partial,Yes,QLD,https://www.grays.com/lot/0001-50517489/motor-vehicles-motor-cycles/2012-citroen-c4-exclusive-turbo-diesel-automatic-hatchback,"Dents or marks on body consistent with age and kilometres.
Engine Oil Leak
Front Seat worn Both
Paint fading tail gate spoiler,","Air Conditioning, Bluetooth Capability, CD Player, Central Locking, Climate Control, Driver Airbag, Electric Windows, Hill Holder System, MP3 Capability, Power Steering, Crash Test Star Rating 5, Location: 131-153 Main Beach Road, Pinkenba, QLD, 4008, Key No: K-285 GV363834",7.0,609.0,16h 0m7s,active,,,,,False
2021.0,MG,HS,ESSENCE ANFIELD EDIT Automatic Wagon,Wagon,5.0,2021-10,2022-06,LSJA24U96MN171163,,,"Sold Unregistered, Without Plates",0.0,4.0,1.5,Petrol,Automatic,63528,km,Black,Brown Leather,Yes,No,No,Partial,Yes,QLD,https://www.grays.com/lot/0001-50517490/motor-vehicles-motor-cycles/2021-mg-hs-essence-anfield-edit-automatic-wagon,"Windscreen Chipped or Cracked.
Large Dent on Bonnet
Front Cracked bumper.
Other Warning light ON","Air Conditioning, Central Locking, Climate Control, Driver Airbag, Electric Windows, Heated Front Seats, Hill Holder System, Leather Trim, MP3 Capability, Park Distance Control Rear, Power Steering, Reversing Camera, Roof Rail, Satellite Navigation System, Sunroof, Crash Test Star Rating 5, Location: 131-153 Main Beach Road, Pinkenba, QLD, 4008, Key No: K-215 GV363274",52.0,4100.0,15h 59m40s,active,,,,,False
2012.0,Land,Rover,Range Rover Sport 3.0 SD6 Silver Pack Turbo Diesel AT Wagon,Wagon,5.0,2012-12,2013-02,SALLSAAF3DA795196,,,"Sold Unregistered, Without Plates",0.0,6.0,3,Diesel,Automatic,190482,km,Brown,Beige Leather,Yes,No,Yes,Partial,Yes,QLD,https://www.grays.com/lot/0001-50517493/motor-vehicles-motor-cycles/2012-land-rover-range-rover-sport-3-0-sd6-silver-pack-turbo-diesel-at-wagon,"Hood Lining Sagging
Seat Torn RHF
Front Seat worn LHF
Damaged RH taillight
Dents or marks on body consistent with age and kilometres.
Dents or marks on body consistent with age and kilometres.","Air Conditioning, Auto Control, CD Player, Central Locking, Climate Control, Cruise Control, Driver Airbag, Electric Windows, Leather Trim, MP3 Capability, Park Distance Control Rear, Power Steering, Reversing Camera, Roof Rail, Satellite Navigation System, Location: 131-153 Main Beach Road, Pinkenba, QLD, 4008, Key No: K-88 GV363105",47.0,5200.0,15h 59m19s,active,,,,,False
2014.0,Jeep,Patriot,Limited 4WD Automatic - 6 Speed Wagon,Wagon,5.0,06/2014,01/2015,1C4NJREB9ED851473,,,"Sold Unregistered, Without Plates",,4.0,2.4 litre,Petrol,Automatic - 6 Speed,"144,850 Kms",km,Blue,Black,Yes,No,Yes,Partial,Yes,,https://www.grays.com/lot/0001-50517494/motor-vehicles-motor-cycles/2014-jeep-patriot-limited-4wd-automatic-6-speed-wagon,"Comments: ABS Brakes, Multi Function Steering Wheel, Tow Bar,
Interior Damage: Audio unit not working; Exterior Damage: Scratches, damage, windscreen star chips.;","Air Conditioning, Alloy Wheels, Remote Central Locking, Cruise Control, Drivers Airbag, DVD Player, Electric Windows, Leather Trim, Nudge Bar, Power Steering, Roof Racks, Location: Townville",2.0,109.0,15h 59m7s,active,,,,,False
2014.0,Ford,Fiesta,Sport WZ Manual Hatchback,Hatchback,5.0,2014-02,2014-03,MNB8XXARJ8EY25554,,,"Sold Unregistered, Without Plates",0.0,3.0,1,Petrol,Manual,203424,km,Dark Blue,Black,Yes,No,Yes,Partial,Yes,QLD,https://www.grays.com/lot/0001-50517495/motor-vehicles-motor-cycles/2014-ford-fiesta-sport-wz-manual-hatchback,"Engine light ON
Engine idling rough
Seat Torn Rhf
Windscreen Chipped or Cracked.
Paint fading Rear spoiler
Dents or marks on body consistent with age and kilometres.","Air Conditioning, CD Player, Climate Control, Cruise Control, Driver Airbag, Electric Windows, Hill Holder System, Leather Trim, MP3 Capability, Power Steering, Crash Test Star Rating 5, Location: 131-153 Main Beach Road, Pinkenba, QLD, 4008, Key No: K-247 GV363439",1.0,9.0,15h 58m53s,active,,,,,False
2014.0,Jeep,Patriot,Limited MK Automatic Wagon,Wagon,5.0,2014-06,2014-12,1C4NJREB7ED901125,,,"Sold Unregistered, Without Plates",0.0,4.0,2.4,Petrol,Automatic,121931,km,Black,Black Leather,Yes,No,Yes,Yes,Yes,QLD,https://www.grays.com/lot/0001-50517496/motor-vehicles-motor-cycles/2014-jeep-patriot-limited-mk-automatic-wagon,"Door card Worn.
Windscreen Chipped or Cracked.
Paint fading Various panels
Paint cracked Front bumper
Medium Scratch on Bonnet and rear bumper
Medium Dent on Front bumper
Other Warning light ON","Air Conditioning, Bluetooth Capability, CD Player, Central Locking, Climate Control, Cruise Control, Driver Airbag, Electric Windows, Heated Front Seats, Leather Trim, MP3 Capability, Power Steering, Roof Rail, Satellite Navigation System, N/I, Location: 131-153 Main Beach Road, Pinkenba, QLD, 4008, Key No: K-419 GV356794",6.0,2379.0,15h 58m43s,active,,,,,False
2015.0,Holden,Cruze,CD JH Manual Sedan,Sedan,5.0,2015-06,2015-06,6G1PD5EM8FL135581,,,"Sold Unregistered, Without Plates",2.0,4.0,1.8,Petrol,Manual,108671,km,Grey,Black,Yes,Yes,No,No,Yes,QLD,https://www.grays.com/lot/0001-50517497/motor-vehicles-motor-cycles/2015-holden-cruze-cd-jh-manual-sedan,"Medium Scuff on Lh rear guard
Medium Scratch on Rh front bumper
Dents or marks on body consistent with age and kilometres.
Paint fading Multiple panels","Air Conditioning, Bluetooth Capability, CD Player, Central Locking, Cruise Control, Driver Airbag, Electric Windows, MP3 Capability, Park Distance Control Rear, Power Steering, Crash Test Star Rating 5, Location: 131-153 Main Beach Road, Pinkenba, QLD, 4008, Key No: K-408 GV356862",8.0,600.0,15h 58m32s,active,,,,,False
2009.0,Mercedes,Benz,E-Class E250 Elegance C207 Automatic Coupe,Coupe,4.0,2009-11,2009-12,WDD2073472F026606,,,"Sold Unregistered, Without Plates",0.0,4.0,1.8,Petrol,Automatic,105472,km,Silver,Black,Yes,Yes,No,Partial,Yes,QLD,https://www.grays.com/lot/0001-50517498/motor-vehicles-motor-cycles/2009-mercedes-benz-e-class-e250-elegance-c207-automatic-coupe,"Dents or marks on body consistent with age and kilometres.
Engine noise observed.
Front Seat worn Both
Engine light ON","Air Conditioning, CD Player, Climate Control, Cruise Control, Driver Airbag, Electric Windows, Hill Holder System, Leather Trim, MP3 Capability, Park Distance Control Front, Park Distance Control Rear, Power Steering, Satellite Navigation System, Sunroof, Location: 131-153 Main Beach Road, Pinkenba, QLD, 4008, Key No: K-398 GV362585",24.0,3450.0,15h 58m10s,active,,,,,False
2015.0,Jeep,Grand,Cherokee Limited WK Turbo Diesel Automatic - 8 Speed Wagon,Wagon,5.0,2015-09,2017-01,1C4RJFFM3FC160964,,,"Sold Unregistered, Without Plates",2.0,6.0,3,Diesel,Automatic - 8 Speed,175375,km,Black,Black Leather,Yes,Yes,Yes,Yes,Yes,QLD,https://www.grays.com/lot/0001-50517499/motor-vehicles-motor-cycles/2015-jeep-grand-cherokee-limited-wk-turbo-diesel-automatic-8-speed-wagon,"Windscreen Chipped or Cracked.
Engine Water Leak
Dents or marks on body consistent with age and kilometres.","Air Conditioning, Auto Control, Electric Windows, Heated Front Seats, Hill Holder System, Leather Trim, Power Steering, Reversing Camera, Roof Rail, Satellite Navigation System, Crash Test Star Rating 4, Location: 131-153 Main Beach Road, Pinkenba, QLD, 4008, Key No: K-134 GV362899",38.0,3200.0,15h 58m3s,active,,,,,False
2010.0,Mazda,CX-7,CLASSIC SPORTS Automatic Wagon,Wagon,5.0,2010-04,2010-04,JM0ER103200210130,,,"Sold Unregistered, Without Plates",0.0,4.0,2.3,Petrol,Automatic,222566,km,Purple,Black,Yes,Yes,Yes,Partial,Yes,QLD,https://www.grays.com/lot/0001-50517500/motor-vehicles-motor-cycles/2010-mazda-cx-7-classic-sports-automatic-wagon,"Dents or marks on body consistent with age and kilometres.
Front Seat worn Both
Large Scuff on rear bumper,
Paint fading roof","Air Conditioning, CD Player, Central Locking, Cruise Control, Driver Airbag, Electric Windows, MP3 Capability, Power Steering, Reversing Camera, Crash Test Star Rating 5, Location: 131-153 Main Beach Road, Pinkenba, QLD, 4008, Key No: K-181 GV363504",3.0,209.0,15h 57m42s,active,,,,,False
2011.0,Renault,Koleos,Dynamique CVT Wagon,Wagon,5.0,2011-09,2011-11,VF1VY0C02BC394012,,,"Sold Unregistered, Without Plates",0.0,4.0,2.5,Petrol,CVT,162902,km,Grey,Black Leather,Yes,Yes,Yes,Partial,Yes,QLD,https://www.grays.com/lot/0001-50517501/motor-vehicles-motor-cycles/2011-renault-koleos-dynamique-cvt-wagon,"Seat Torn Driver
Dents or marks on body consistent with age and kilometres.
Paint peeling Boot door","Air Conditioning, Driver Airbag, Leather Trim, MP3 Capability, Power Steering, Satellite Navigation System, Crash Test Star Rating 5, Location: 131-153 Main Beach Road, Pinkenba, QLD, 4008, Key No: K-359 GV363918",18.0,1109.0,15h 57m34s,active,,,,,False
2019.0,MG,MG3,EXCITE Automatic Hatchback,Hatchback,5.0,2019-06,2019-12,LSJZ14U99KS065343,,,"Sold Unregistered, Without Plates",0.0,4.0,1.5,Petrol,Automatic,94994,km,White,Grey,Yes,Yes,No,No,Yes,QLD,https://www.grays.com/lot/0001-50517502/motor-vehicles-motor-cycles/2019-mg-mg3-excite-automatic-hatchback,"Front Seat worn Both
Dents or marks on body consistent with age and kilometres.","Air Conditioning, Bluetooth Capability, Central Locking, Climate Control, Cruise Control, Driver Airbag, Electric Windows, Hill Holder System, MP3 Capability, Park Distance Control Rear, Power Steering, Reversing Camera, Location: 131-153 Main Beach Road, Pinkenba, QLD, 4008, Key No: K-266 GV363605",94.0,5400.0,15h 57m20s,active,,,,,False
2014.0,Hyundai,iX35,SE FWD LM Automatic Wagon,Wagon,5.0,2014-03,2014-06,TMAJU81FMEJ578777,,,"Sold Unregistered, Without Plates",0.0,4.0,2,Petrol,Automatic,115933,km,Dark Blue,Black Leather,Yes,Yes,Yes,Partial,Yes,QLD,https://www.grays.com/lot/0001-50517504/motor-vehicles-motor-cycles/2014-hyundai-ix35-se-fwd-lm-automatic-wagon,"Engine Oil Leak
Seat Torn Driver
Dents or marks on body consistent with age and kilometres.
Medium Scuff on LHF bumper
Medium Scratch on LHR guard
Paint fading Spoiler","Air Conditioning, Auto Control, CD Player, Central Locking, Cruise Control, Driver Airbag, Electric Windows, Heated Front Seats, Hill Holder System, Leather Trim, MP3 Capability, Park Distance Control Rear, Power Steering, Reversing Camera, Roof Rail, Crash Test Star Rating 5, Location: 131-153 Main Beach Road, Pinkenba, QLD, 4008, Key No: K-168 GV363721",36.0,2209.0,15h 56m50s,active,,,,,False
2016.0,BMW,X1,sDrive18d F48 TD AT - 8 Speed Wagon (WOVR-INSPECTED),Wagon,5.0,2016-03,2017-02,WBAHT720505F42326,,,"Sold Unregistered, Without Plates",0.0,4.0,2,Diesel,Automatic - 8 Speed,106119,km,Dark Grey,Black Leather,Yes,No,No,Partial,Yes,QLD,https://www.grays.com/lot/0001-50517505/motor-vehicles-motor-cycles/2016-bmw-x1-sdrive18d-f48-td-at-8-speed-wagon-wovr-inspected,"Dents or marks on body consistent with age and kilometres.
Windscreen Chipped or Cracked.
Damaged RHR Tail light","Air Conditioning, CD Player, Central Locking, Climate Control, Cruise Control, Driver Airbag, Electric Windows, Leather Trim, MP3 Capability, Park Distance Control Front, Park Distance Control Rear, Parking Assist System, Power Steering, Reversing Camera, Roof Rail, Satellite Navigation System, Sunroof, Crash Test Star Rating 5, Location: 131-153 Main Beach Road, Pinkenba, QLD, 4008, Key No: K-686 GV362248",38.0,3358.0,15h 56m24s,active,,,,,False
2011.0,Volkswagen,Touareg,150TDI 7P Turbo Diesel Automatic - 8 Speed Wagon,Wagon,5.0,2011-07,2011-09,WVGZZZ7PZCD001021,,,"Sold Unregistered, Without Plates",0.0,6.0,3,Diesel,Automatic - 8 Speed,243895,km,Dark Grey,Black Leather,Yes,No,Yes,Partial,Yes,QLD,https://www.grays.com/lot/0001-50517506/motor-vehicles-motor-cycles/2011-volkswagen-touareg-150tdi-7p-turbo-diesel-automatic-8-speed-wagon,"Engine idling rough
Airbag light ON
Other Warning light ON
Paint fading Roof
Dents or marks on body consistent with age and kilometres.
Rear Cracked bumper.
Engine light ON","Air Conditioning, Auto Control, Central Locking, Driver Airbag, Electric Windows, Heated Front Seats, Hill Holder System, Leather Trim, MP3 Capability, Park Distance Control Front, Park Distance Control Rear, Power Steering, Roof Rail, Sunroof, Location: 131-153 Main Beach Road, Pinkenba, QLD, 4008, Key No: K-246 GV363437",2.0,109.0,15h 56m19s,active,,,,,False
2003.0,BMW,3,Series 320Ci E46 Automatic Coupe,Coupe,5.0,2003-09,2004-01,WBABD12070PM20567,,,"Sold Unregistered, Without Plates",0.0,6.0,2.2,Petrol,Automatic,129031,km,Black,Black Leather,No,No,No,No,Yes,QLD,https://www.grays.com/lot/0001-50517507/motor-vehicles-motor-cycles/2003-bmw-3-series-320ci-e46-automatic-coupe,"Engine noise observed.
Engine idling rough
Engine lacks power
Seat Torn Rhf
Front Seat worn Both
Dents or marks on body consistent with age and kilometres.
Paint fading Bonnet
Front Cracked bumper.
Other Warning light ON","Air Conditioning, CD Player, Cruise Control, Driver Airbag, Electric Windows, Leather Trim, Power Steering, Sunroof, Location: 131-153 Main Beach Road, Pinkenba, QLD, 4008, Key No: K-186 GV363767",1.0,9.0,15h 56m7s,active,,,,,False
2011.0,Hyundai,Accent,Elite RB Manual Hatchback,Hatchback,5.0,2011-10,2011-11,KMHCU51DLCU027835,,,"Sold Unregistered, Without Plates",2.0,4.0,1.6,Petrol,Manual,243188,km,Light Blue,Black,Yes,No,No,No,Yes,QLD,https://www.grays.com/lot/0001-50517508/motor-vehicles-motor-cycles/2011-hyundai-accent-elite-rb-manual-hatchback,"Gear Knob Broken
Front Seat Stains Both
Dents or marks on body consistent with age and kilometres.
Paint peeling Various panels
Paint fading Various panels
Large Scuff on Front bumper
Large Scratch on Lhs of vehicle
Medium Scuff on various panels","Air Conditioning, CD Player, Central Locking, Driver Airbag, Electric Windows, MP3 Capability, Power Steering, Crash Test Star Rating 5, Location: 131-153 Main Beach Road, Pinkenba, QLD, 4008, Key No: K-290 GV363777",2.0,109.0,15h 56m0s,active,,,,,False
2005.0,Mitsubishi,Challenger,PA Manual Wagon,Wagon,5.0,2005-07,2005-09,JMF0NK9606J000124,,,"Sold Unregistered, Without Plates",0.0,6.0,3,Petrol,Manual,263299,km,Silver,Grey,Yes,Yes,No,Partial,Yes,QLD,https://www.grays.com/lot/0001-50517509/motor-vehicles-motor-cycles/2005-mitsubishi-challenger-pa-manual-wagon,"Dents or marks on body consistent with age and kilometres.
Medium Dent on Lhr guard
Large Scuff on Rhf and RHR flares
Large Scratch on Lhr door and guard
Airbag light ON
Paint fading various panels","Air Conditioning, Bull bar, CD Player, Cruise Control, Driver Airbag, Electric Windows, MP3 capability, Power Steering, Roof Racks, Location: 131-153 Main Beach Road, Pinkenba, QLD, 4008, Key No: K-296 GV363762",1.0,9.0,2d 18h 23m28s,active,,,,,False
2000.0,Ford,Festiva,GLXi WF Manual Hatchback,Hatchback,5.0,2000-01,2000-01,KNADB1225Y6395494,,,"Sold Unregistered, Without Plates",2.0,4.0,1.5,Petrol,Manual,224346,km,Silver,Grey,Yes,Yes,Yes,Partial,Yes,QLD,https://www.grays.com/lot/0001-50517510/motor-vehicles-motor-cycles/2000-ford-festiva-glxi-wf-manual-hatchback,"Front Seat Stains Both
Dents or marks on body consistent with age and kilometres.
Paint fading Various panels
Engine Oil Leak
Large Scratch on Rhf door,
Both Cracked bumper.
Large Scuff on RHR corner of bumper,","Air Conditioning, Power Steering, Location: 131-153 Main Beach Road, Pinkenba, QLD, 4008, Key No: K-307 GV363827",1.0,9.0,15h 35m49s,active,,,,,False
2013.0,Ford,Focus,Sport LW II Automatic Hatchback,Hatchback,5.0,2013-07,2013-08,MPB1XXMXB1DA44313,,,"Sold Unregistered, Without Plates",0.0,4.0,2,Petrol,Automatic,191104,km,Silver,Grey,Yes,Yes,Yes,Partial,Yes,QLD,https://www.grays.com/lot/0001-50517511/motor-vehicles-motor-cycles/2013-ford-focus-sport-lw-ii-automatic-hatchback,"Transmission Requires attention Strongly recommend inspection by qualified third party
Front Seat worn Both
Dents or marks on body consistent with age and kilometres.
Large Scuff on rhr door plus guard, rear bumper, front bumper,
Large Dent on rear bumper,
Paint fading on tail gate, door mirrors, spoiler roof
Medium Scratch on various panels","Air Conditioning, CD Player, Climate Control, Cruise Control, Driver Airbag, Electric Windows, Hill Holder System, MP3 Capability, Park Distance Control Rear, Power Steering, Reversing Camera, Satellite Navigation System, Crash Test Star Rating 5, Location: 131-153 Main Beach Road, Pinkenba, QLD, 4008, Key No: K-295 GV363816",1.0,9.0,15h 35m38s,active,,,,,False
2010.0,Volkswagen,Passat,3.2 V6 FSI Highline 3C Automatic Wagon,Wagon,5.0,2010-07,2010-09,WVWZZZ3CZAE187384,,,"Sold Unregistered, Without Plates",0.0,6.0,3.2,Premium Unleaded,Automatic,188201,km,Dark Grey,Black Leather,Yes,No,No,No,Yes,QLD,https://www.grays.com/lot/0001-50517512/motor-vehicles-motor-cycles/2010-volkswagen-passat-3-2-v6-fsi-highline-3c-automatic-wagon,"Seat Torn Rhf seat
Front Seat worn Both
Door card Worn.
Dents or marks on body consistent with age and kilometres.
Paint fading Rear bumper
Medium Dent on LHF guard
Medium Scratch on LHF door, rear bumper","Air Conditioning, Climate Control, Cruise Control, Driver Airbag, Electric Windows, Heated Front Seats, Hill Holder System, Leather Trim, MP3 Capability, Park Distance Control Front, Park Distance Control Rear, Power Steering, Roof Rail, Location: 131-153 Main Beach Road, Pinkenba, QLD, 4008, Key No: K-289 GV363745",11.0,509.0,15h 35m27s,active,,,,,False
,Ducato,Extra,Long Wheel Base Medium Roof Turbo Diesel Automatic Van,Van,4.0,Unable to locate,2009-03,ZFA25000001497827,,,"Sold Unregistered, Without Plates",0.0,4.0,3,Diesel,Automatic - 4 Speed,95486,km,White,Grey,Yes,No,No,No,Yes,QLD,https://www.grays.com/lot/0001-50517513/motor-vehicles-motor-cycles/fiat-ducato-extra-long-wheel-base-medium-roof-turbo-diesel-automatic-van,"Paint peeling RH front guard
Dents or marks on body consistent with age and kilometres.
Paint peeling LH front guard.","Nudge Bar, Power Steering, Location: 131-153 Main Beach Road, Pinkenba, QLD, 4008, Key No: K-195 GV363251",29.0,30100.0,15h 35m13s,active,,,,,False
2012.0,Nissan,Pulsar,ST B17 CVT Sedan,Sedan,5.0,2012-12,2013-01,MNTBAAB17A0002479,,,"Sold Unregistered, Without Plates",0.0,4.0,1.8,Petrol,CVT,112484,km,Silver,Grey,Yes,Yes,Yes,Yes,Yes,QLD,https://www.grays.com/lot/0001-50517514/motor-vehicles-motor-cycles/2012-nissan-pulsar-st-b17-cvt-sedan,"Front Seat worn Both
Dents or marks on body consistent with age and kilometres.
Large Scratch on front bumper, rear bumper,","Air Conditioning, CD Player, Cruise Control, Driver Airbag, Electric Windows, MP3 Capability, Park Distance Control Rear, Power Steering, Crash Test Star Rating 5, Location: 131-153 Main Beach Road, Pinkenba, QLD, 4008, Key No: K-438 GV364365",28.0,2800.0,15h 34m51s,active,,,,,False
,Super,Snipe,Automatic Sedan,,6.0,Unable to locate,Unable to locate,B8081512,,,"Sold Unregistered, Without Plates",0.0,6.0,3,Petrol,Automatic - 4 Speed,21974,km,Green,Brown,Yes,No,No,No,Yes,QLD,https://www.grays.com/lot/0001-50517515/motor-vehicles-motor-cycles/humber-super-snipe-automatic-sedan,"Front Seat worn Front bench
Door card Damaged.
Engine Oil Leak
Dents or marks on body consistent with age and kilometres.
Paint fading All panels
Windscreen Chipped or Cracked.","Location: 131-153 Main Beach Road, Pinkenba, QLD, 4008, Key No: K-120 GV362959",13.0,1600.0,15h 34m31s,active,,,,,False
2022.0,MG,ZST,Vibe CVT Wagon,Wagon,5.0,2022-08,2023-02,LSJW74U99NZ253146,,,"Sold Unregistered, Without Plates",0.0,4.0,1.5,Petrol,CVT,53243,km,Red,Black,Yes,Yes,Yes,Yes,Yes,QLD,https://www.grays.com/lot/0001-50517516/motor-vehicles-motor-cycles/2022-mg-zst-vibe-cvt-wagon,"Large Scratch on LHF bumper
Dents or marks on body consistent with age and kilometres.","Air Conditioning, Central Locking, Climate Control, Cruise Control, Driver Airbag, Electric Windows, Hill Holder System, Leather Trim, MP3 Capability, Park Distance Control Rear, Power Steering, Reversing Camera, Roof Rail, Satellite Navigation System, Crash Test Star Rating 4, Location: 131-153 Main Beach Road, Pinkenba, QLD, 4008, Key No: K-406 GV364270",90.0,8200.0,15h 34m1s,active,,,,,False
2012.0,Holden,Captiva,FWD Series II,Wagon,5.0,05/2013,06/2013,KL3DF26UJCB034330,,,"Sold Unregistered, Without Plates",0.0,4.0,2.4litre,Petrol,Manual - 6 Speed,"237,982 Kms",km,Gold,,Yes,Yes,Yes,Partial,Yes,,https://www.grays.com/lot/0001-50517517/motor-vehicles-motor-cycles/2012-holden-captiva-fwd-series-ii,"Comments: ABS Brakes, Multi Function Steering Wheel,
Interior Damage: Window tint damaged, Passenger Handle Broken,Rear Seat Wear; Exterior Damage: Front Left Door Damage,Door side cover missing; Engine & Mechanical: Engine Light On,","Air Conditioning, Alloy Wheels, CD Player, Remote Central Locking, Drivers Airbag, Electric Windows, Power Steering, Sunroof, Location: 13-17 Lorna Court, Bohle",1.0,9.0,15h 33m49s,active,,,,,False
2011.0,Suzuki,Alto,GL GF Manual Hatchback,Hatchback,4.0,2011-11,2012-01,MA3GFC31S00470546,,,"Sold Unregistered, Without Plates",0.0,3.0,1,Petrol,Manual,147881,km,White,Grey,Yes,No,Yes,Yes,Yes,QLD,https://www.grays.com/lot/0001-50517518/motor-vehicles-motor-cycles/2011-suzuki-alto-gl-gf-manual-hatchback,"Controls Missing Radio Volume Dial
Driver Door Exterior Handle Not Opening Door not Working
Dents or marks on body consistent with age and kilometres.","Air Conditioning, CD Player, Driver Airbag, Electric Windows, MP3 Capability, Power Steering, Crash Test Star Rating 4, Location: 131-153 Main Beach Road, Pinkenba, QLD, 4008, Key No: K-437 GV364439",4.0,309.0,15h 33m26s,active,,,,,False
,Cherokee,Longitude,(4x4) KL Automatic Wagon,Wagon,5.0,Unable to locate,2014-12,1C4PJMGS7FW554989,,,"Sold Unregistered, Without Plates",0.0,6.0,3.2,Petrol,Automatic,"201726 - Odometer discrepancy detected, see attached history report.",km,Dark Grey,Grey,Yes,Yes,Yes,Partial,Yes,QLD,https://www.grays.com/lot/0001-50517519/motor-vehicles-motor-cycles/jeep-cherokee-longitude-4x4-kl-automatic-wagon,"Engine Smoke visible
Engine idling rough
Engine lacks power
Dents or marks on body consistent with age and kilometres.
Front Seat worn Both
Back Seat Stains.
Large Scuff on Lhr door plus guard,
Large Dent on front bumper,
Other Warning light ON","Air Conditioning, Central Locking, Cruise Control, Driver Airbag, Electric Windows, Hill Holder System, MP3 Capability, Park Distance Control Rear, Power Steering, Reversing Camera, Roof Rail, Location: 131-153 Main Beach Road, Pinkenba, QLD, 4008, Key No: K-179 GV363484",1.0,9.0,15h 33m9s,active,,,,,False
2004.0,Mazda,MPV,F Automatic 7 Seats People Mover,People Mover,7.0,2004-06,2004-08,JM0LW10J300301167,,,"Sold Unregistered, Without Plates",0.0,6.0,3,Petrol,Automatic,216350,km,Silver,Grey,Yes,No,No,No,Yes,QLD,https://www.grays.com/lot/0001-50517520/motor-vehicles-motor-cycles/2004-mazda-mpv-f-automatic-7-seats-people-mover,"Paint fading Over vehicle
Engine overheating, tow advisable.
Dents or marks on body consistent with age and kilometres.
Flat Battery. Jump start or towing required
Engine light ON
Suspension requires attention
Steering requires attention.
Transmission Requires attention Strongly recommend inspection by qualified third party
Windscreen chipped or cracked","Air Conditioning, CD Player, Central Locking, Climate Control, Cruise Control, Driver Airbag, Electric Windows, Power Steering, Third Row Seat, Location: 131-153 Main Beach Road, Pinkenba, QLD, 4008, Key No: K-760 GV340552",0.0,9.0,15h 33m1s,active,,,,,False
2015.0,Toyota,Corolla,LEVIN SX ZRE182R CVT Hatchback,Hatchback,5.0,2015-01,2015-01,JTNKU3JE40J092356,,,"Sold Unregistered, Without Plates",2.0,4.0,1.8,Petrol,CVT,184627,km,White,Grey,Yes,No,Yes,Partial,Yes,QLD,https://www.grays.com/lot/0001-50517521/motor-vehicles-motor-cycles/2015-toyota-corolla-levin-sx-zre182r-cvt-hatchback,"Front Seat worn Both
Dents or marks on body consistent with age and kilometres.
Large Scuff on Rear bumper, front bumper,
Transmission whine when warm
Large Dent on lhr guard, hatch,","Air Conditioning, Bluetooth Capability, CD Player, Climate Control, Cruise Control, Driver Airbag, Electric Windows, Hill Holder System, MP3 Capability, Power Steering, Reversing Camera, Satellite Navigation System, Crash Test Star Rating 5, Location: 131-153 Main Beach Road, Pinkenba, QLD, 4008, Key No: K-183 GV363516",123.0,7900.0,15h 32m44s,active,,,,,False
2012.0,Ford,Focus,Ambiente LW II Automatic Sedan,Sedan,5.0,2012-09,2012-10,MPB2XXMXB2CL10618,,,"Sold Unregistered, Without Plates",0.0,4.0,1.6,Petrol,Automatic,173573,km,White,Grey,Yes,No,Yes,Partial,Yes,QLD,https://www.grays.com/lot/0001-50517522/motor-vehicles-motor-cycles/2012-ford-focus-ambiente-lw-ii-automatic-sedan,"Dents or marks on body consistent with age and kilometres.
Paint peeling on Boot and Roof","Air Conditioning, CD Player, Central Locking, Cruise Control, Driver Airbag, Electric Windows, Hill Holder System, MP3 Capability, Power Steering, Crash Test Star Rating 5, Location: 131-153 Main Beach Road, Pinkenba, QLD, 4008, Key No: K-420 GV364322",12.0,609.0,15h 32m14s,active,,,,,False
2015.0,Renault,Megane,GT-LINE Automatic Hatchback,Hatchback,5.0,2015-07,2016-03,VF1BZ3603F0721338,,,"Sold Unregistered, Without Plates",0.0,4.0,1.2,Petrol,Automatic,93796,km,White,Grey,Yes,Yes,Yes,Partial,Yes,QLD,https://www.grays.com/lot/0001-50517523/motor-vehicles-motor-cycles/2015-renault-megane-gt-line-automatic-hatchback,"Engine idling rough
Engine lacks power
Dents or marks on body consistent with age and kilometres.
Large Scuff on rear bumper,","Air Conditioning, Bluetooth Capability, CD Player, Climate Control, Cruise Control, Driver Airbag, Electric Windows, Hill Holder System, Leather Trim, MP3 Capability, Park Distance Control Front, Park Distance Control Rear, Power Steering, Reversing Camera, Satellite Navigation System, Location: 131-153 Main Beach Road, Pinkenba, QLD, 4008, Key No: K-421 GV364309",23.0,1209.0,15h 32m6s,active,,,,,False
2010.0,BMW,1,Series 118i E87 Automatic Hatchback,Hatchback,5.0,Unable to locate,2010-10,WBAUE72060E017717,,,"Sold Unregistered, Without Plates",0.0,4.0,2,Petrol,Automatic,98402,km,Silver,Black Leather,Yes,Yes,Yes,Partial,Yes,QLD,https://www.grays.com/lot/0001-50517524/motor-vehicles-motor-cycles/2010-bmw-1-series-118i-e87-automatic-hatchback,"Dents or marks on body consistent with age and kilometres.
Front Seat worn Both
Engine light ON
Paint cracked rh side bonnet","Air Conditioning, CD Player, Climate Control, Driver Airbag, Electric Windows, Leather Trim, Park Distance Control Front, Park Distance Control Rear, Power Steering, Sunroof, Location: 131-153 Main Beach Road, Pinkenba, QLD, 4008, Key No: K-574 GV361055",4.0,309.0,15h 31m58s,active,,,,,False
2022.0,LDV,T60,Max PRO TD AT - 8 Speed Dual Cab (WOVR-INSPECTED),Dual Cab Chassis,5.0,2022-07,2022-09,LSFAM11C5NA118742,,,"Sold Unregistered, Without Plates",0.0,4.0,2,Diesel,Automatic - 8 Speed,55331,km,Grey,Black,Yes,No,No,No,Yes,QLD,https://www.grays.com/lot/0001-50517525/motor-vehicles-motor-cycles/2022-ldv-t60-max-pro-td-at-8-speed-dual-cab-wovr-inspected,"Medium Dent on Left Rear Door and Tray
Dents or marks on body consistent with age and kilometres.","Air Conditioning, Auto Control, Central Locking, Cruise Control, Driver Airbag, Electric Windows, Hill Holder System, MP3 Capability, Power Steering, Reversing Camera, Crash Test Star Rating 5, Location: 131-153 Main Beach Road, Pinkenba, QLD, 4008, Key No: K-392 GV364332",239.0,14300.0,15h 31m50s,active,,,,,False
2013.0,Holden,CAPTIVA,LX FWD Automatic Wagon,Wagon,7.0,04/2013,06/2013,KL3CD266JDB041611,,,"Sold Unregistered, Without Plates",,4.0,2.2,Diesel,Automatic,"226,073 Kms",km,Silver,Black,Yes,No,Yes,Yes,Yes,QLD,https://www.grays.com/lot/0001-50517526/motor-vehicles-motor-cycles/2013-holden-captiva-lx-fwd-automatic-wagon,"Comments: ABS Brakes, Multi Function Steering Wheel, Side Steps, Tow Bar,
Interior Damage: SIGNS OF MOULD, DAMAGED TINT; Exterior Damage: SCRATCHES, PAINT FADE, DRIVERS EXT DOOHANDLE DIFFERENT, PASSENGER HANDLE BROKEN; Engine & Mechanical: LOW FUEL LIGHT ON,","Air Conditioning, Alloy Wheels, Bluetooth Capability, CD Player, Remote Central Locking, Climate Control, Cruise Control, Drivers Airbag, Electric Windows, Leather Trim, Power Steering, Reverse Camera, Roof Racks, Satellite Navigation, Sunroof, Third row seat",2.0,109.0,15h 31m36s,active,,,,,False
2016.0,Mazda,CX-5,Maxx KE Manual Wagon,Wagon,5.0,2016-09,2016-09,JM0KE107200400311,,,"Sold Unregistered, Without Plates",2.0,4.0,2,Petrol,Manual,105723,km,Silver,Black,Yes,Yes,Yes,Partial,Yes,QLD,https://www.grays.com/lot/0001-50517527/motor-vehicles-motor-cycles/2016-mazda-cx-5-maxx-ke-manual-wagon,"Dents or marks on body consistent with age and kilometres.
Front Seat worn Driver Seat
Paint fading Roof, Bonnet","Air Conditioning, CD Player, Central Locking, Cruise Control, Driver Airbag, Electric Windows, Hill Holder System, MP3 Capability, Power Steering, Reversing Camera, Crash Test Star Rating 5, Location: 131-153 Main Beach Road, Pinkenba, QLD, 4008, Key No: K-403 GV364263",51.0,3109.0,15h 31m28s,active,,,,,False
2012.0,Mercedes,Benz,ML250 BlueTEC W166 Turbo Diesel Automatic Wagon,Wagon,5.0,2012-03,2012-04,WDC1660042A055935,,,"Sold Unregistered, Without Plates",0.0,4.0,2.1,Diesel,Automatic,263814,km,Grey,Black,Yes,Yes,Yes,No,Yes,QLD,https://www.grays.com/lot/0001-50517528/motor-vehicles-motor-cycles/2012-mercedes-benz-ml250-bluetec-w166-turbo-diesel-automatic-wagon,"Dents or marks on body consistent with age and kilometres.
Medium Dent on Driver Door, Front Right Quater Panel
Paint fading various panels","Air Conditioning, Auto Control, CD Player, Central Locking, Climate Control, Driver Airbag, Electric Windows, Hill Holder System, Leather Trim, MP3 Capability, Park Distance Control Front, Park Distance Control Rear, Power Steering, Reversing Camera, Roof Rail, Satellite Navigation System, Sunroof, Location: 131-153 Main Beach Road, Pinkenba, QLD, 4008, Key No: K-459 GV364475",10.0,1000.0,15h 31m17s,active,,,,,False
2013.0,Mazda,6,Atenza GJ Turbo Diesel Automatic Wagon,Wagon,5.0,2013-01,2013-01,JM0GJ102100104736,,,"Sold Unregistered, Without Plates",2.0,4.0,2.2,Diesel,Automatic,"175327 - Odometer discrepancy detected, see attached history report.",km,Black,Black,Yes,Yes,Yes,Yes,Yes,QLD,https://www.grays.com/lot/0001-50517529/motor-vehicles-motor-cycles/2013-mazda-6-atenza-gj-turbo-diesel-automatic-wagon,"Other Warning light ON
Dents or marks on body consistent with age and kilometres.
Medium Scratch on Left Side Doors and Panels","Air Conditioning, Bluetooth Capability, Central Locking, Climate Control, Cruise Control, Driver Airbag, Electric Windows, Heated Front Seats, Hill Holder System, Leather Trim, MP3 Capability, Park Distance Control Front, Park Distance Control Rear, Power Steering, Reversing Camera, Roof Rail, Sunroof, Crash Test Star Rating 5, Location: 131-153 Main Beach Road, Pinkenba, QLD, 4008, Key No: K-428 GV364337",15.0,1209.0,15h 31m7s,active,,,,,False
2009.0,Holden,Cruze,CD JG Manual Sedan,Sedan,5.0,2009-12,2010-01,KL3JF695JAK608617,,,"Sold Unregistered, Without Plates",0.0,4.0,1.8,Petrol,Manual,165850,km,Gold,Grey,Yes,Yes,Yes,Partial,Yes,QLD,https://www.grays.com/lot/0001-50517530/motor-vehicles-motor-cycles/2009-holden-cruze-cd-jg-manual-sedan,Dents or marks on body consistent with age and kilometres.,"Air Conditioning, CD Player, Central Locking, Cruise Control, Driver Airbag, Electric Windows, MP3 Capability, Power Steering, Crash Test Star Rating 5, Location: 131-153 Main Beach Road, Pinkenba, QLD, 4008, Key No: K-434 GV364456",15.0,809.0,15h 30m51s,active,,,,,False
2006.0,Toyota,LandCruiser,Prado GXL KDJ120R Turbo Diesel AT 8 Seats Wagon,Wagon,8.0,2006-10,2006-10,JTEBZ29J400121664,,,"Sold Unregistered, Without Plates",0.0,4.0,3,Diesel,Automatic,396118,km,Blue,Grey,Yes,Yes,Yes,Partial,Yes,QLD,https://www.grays.com/lot/0001-50517531/motor-vehicles-motor-cycles/2006-toyota-landcruiser-prado-gxl-kdj120r-turbo-diesel-at-8-seats-wagon,"Door card Damaged.
Large Scratch on LHR door
Paint peeling Bonnet, RHF, RHR doors
Large Scuff on RHR bumper
rear Cracked bumper.
Paint fading on various panels
Medium Scratch on various panels","Air Conditioning, Bull Bar, CD Player, Cruise Control, Driver Airbag, Electric Windows, MP3 Capability, Power Steering, Roof Rail, Third Row Seat, Crash Test Star Rating 4, Location: 131-153 Main Beach Road, Pinkenba, QLD, 4008, Key No: K-433 GV364453",32.0,3009.0,15h 30m10s,active,,,,,False
2014.0,Audi,Q3,2.0 TFSI quattro 8U Automatic Wagon,Wagon,5.0,2014-12,2015-02,WAUZZZ8U0ER146519,,,"Sold Unregistered, Without Plates",2.0,4.0,2,Petrol,Automatic,99189,km,Silver,Black Leather,Yes,No,Yes,Partial,Yes,QLD,https://www.grays.com/lot/0001-50517532/motor-vehicles-motor-cycles/2014-audi-q3-2-0-tfsi-quattro-8u-automatic-wagon,"Hood Lining Sagging
Dents or marks on body consistent with age and kilometres.","Air Conditioning, CD Player, Central Locking, Driver Airbag, Electric Windows, Hill Holder System, Leather Trim, MP3 Capability, Park Distance Control Front, Park Distance Control Rear, Power Steering, Reversing Camera, Roof Rail, Satellite Navigation System, Crash Test Star Rating 5, Location: 131-153 Main Beach Road, Pinkenba, QLD, 4008, Key No: K-447 GV364445",53.0,3800.0,15h 30m3s,active,,,,,False
2010.0,Mazda,3,Maxx BL Automatic Hatchback,Hatchback,5.0,2010-01,2010-01,JM0BL10F100147362,,,"Sold Unregistered, Without Plates",0.0,4.0,2,Petrol,Automatic,265139,km,Red,Grey,Yes,No,No,No,Yes,QLD,https://www.grays.com/lot/0001-50517533/motor-vehicles-motor-cycles/2010-mazda-3-maxx-bl-automatic-hatchback,"Engine light ON
Front Seat worn Both
Back Seat worn.
Dents or marks on body consistent with age and kilometres.
Large Scuff on front bumper, rear bumper,","Air Conditioning, CD Player, Cruise Control, Driver Airbag, Electric Windows, MP3 Capability, Park Distance Control Rear, Power Steering, Crash Test Star Rating 5, Location: 131-153 Main Beach Road, Pinkenba, QLD, 4008, Key No: K-422 GV364299",9.0,500.0,15h 29m54s,active,,,,,False
2018.0,Land,Rover,Discovery Sport Si4 SE 177KW L550 9 auto Wagon,Wagon,5.0,2018-12,2019-03,SALCA2AX3KH804128,,,"Sold Unregistered, Without Plates",2.0,4.0,2,Petrol,9 auto,71150,km,Dark Grey,Black Leather,Yes,Yes,Yes,Partial,Yes,QLD,https://www.grays.com/lot/0001-50517534/motor-vehicles-motor-cycles/2018-land-rover-discovery-sport-si4-se-177kw-l550-9-auto-wagon,"Front Seat worn Both
Dents or marks on body consistent with age and kilometres.
Engine light ON
Front Seat worn driver seat","Air Conditioning, Auto Control, Central Locking, Climate Control, Cruise Control, Driver Airbag, Electric Windows, Heated Front Seats, Hill Holder System, Leather Trim, MP3 Capability, Park Distance Control Front, Park Distance Control Rear, Power Steering, Reversing Camera, Roof Rail, Satellite Navigation System, Crash Test Star Rating 5, Location: 131-153 Main Beach Road, Pinkenba, QLD, 4008, Key No: K-429 GV364339",29.0,15400.0,15h 29m22s,active,,,,,False
2012.0,Ford,Ranger,XL 4X4 PX Turbo Diesel Manual Dual Cab,Dual Cab,5.0,2012-03,2012-04,MNAUMFF50CW113744,,,"Sold Unregistered, Without Plates",2.0,5.0,3.2,Diesel,Manual,184114,km,White,Black,Yes,Yes,Yes,Partial,Yes,QLD,https://www.grays.com/lot/0001-50713743/motor-vehicles-motor-cycles/2012-ford-ranger-xl-4x4-px-turbo-diesel-manual-dual-cab,"Dents or marks on body consistent with age and kilometres.
Engine overheating, tow advisable.
Engine Smoke visible","Air Conditioning, Bull Bar, CD Player, Central Locking, Cruise Control, Driver Airbag, Electric Windows, Hill Holder System, MP3 Capability, Power Steering, Crash Test Star Rating 5, Location: 131-153 Main Beach Road, Pinkenba, QLD, 4008, Key No: K-329 GV363868",13.0,1101.0,15h 28m8s,active,,,,,False
,Transit,LWB,RWD MID ROOF VM Turbo Diesel Manual Van,Panel Van (Food Van),3.0,Unable to locate,2008-09,WF0XXXTTFX8D65591,,,"Sold Unregistered, Without Plates",2.0,4.0,2.4,Diesel,Manual,200541,km,White,Grey,Yes,Yes,Yes,Partial,Yes,QLD,https://www.grays.com/lot/0001-50713764/motor-vehicles-motor-cycles/ford-transit-lwb-rwd-mid-roof-vm-turbo-diesel-manual-van,"Seat Torn RHF
Carpet worn in places.
Medium Dent on RHF guard
Paint fading Various panels
Dents or marks on body consistent with age and kilometres.
Brakes require attention, Recommend towing on collection","Air Conditioning, CD Player, Central Locking, Driver Airbag, Electric Windows, Power Steering, Crash Test Star Rating 3, Location: 131-153 Main Beach Road, Pinkenba, QLD, 4008, Key No: K-142 GV362996",33.0,3800.0,11h 54m0s,active,,,,,False
2016.0,Audi,Q7,3.0 TDI Quattro 4M Automatic 7 Seats Wagon (WOVR - Inspected),Wagon,7.0,2016-06,2016-09,WAUZZZ4M2HD004535,,,"Sold Unregistered, Without Plates",0.0,6.0,3,Diesel,Automatic - 8 Speed,208724,km,White,Black Leather,Yes,No,Yes,No,Yes,QLD,https://www.grays.com/lot/0001-50713768/motor-vehicles-motor-cycles/2016-audi-q7-3-0-tdi-quattro-4m-automatic-7-seats-wagon-wovr-inspected,"Dents or marks on body consistent with age and kilometres.
Paint cracked LHR guard
Medium Dent on LHR door
Medium Scuff on LHR guard
Damaged LH bottom taillight","Air Conditioning, Auto Control, Bluetooth Capability, CD Player, Central Locking, Climate Control, Driver Airbag, Electric Windows, Hill Holder System, Leather Trim, MP3 Capability, Park Distance Control Front, Park Distance Control Rear, Power Steering, Reversing Camera, Roof Rail, Satellite Navigation System, Third Row Seat, Crash Test Star Rating 5, Location: 131-153 Main Beach Road, Pinkenba, QLD, 4008, Key No: K-105 GV362912",26.0,3650.0,13h 53m25s,active,,,,,False
2015.0,Mazda,BT-50,4X2 XT Turbo Diesel Automatic Dual Cab,Dual Cab,5.0,2015-05,2015-06,MM0UP0YF100443184,,,"Sold Unregistered, Without Plates",0.0,5.0,3.2,Diesel,Automatic,139927,km,Blue,Grey,Yes,No,Yes,Partial,Yes,QLD,https://www.grays.com/lot/0001-50713771/motor-vehicles-motor-cycles/2015-mazda-bt-50-4x2-xt-turbo-diesel-automatic-dual-cab,"Front Seat worn Both
Dents or marks on body consistent with age and kilometres.
Large Scuff on front bumper,
Large Dent on rhr guard,
Medium Dent on various panels","Air Conditioning, Cruise Control, Driver Airbag, Electric Windows, Hill Holder System, MP3 Capability, Power Steering, Reversing Camera, Crash Test Star Rating 5, Location: 131-153 Main Beach Road, Pinkenba, QLD, 4008, Key No: K-353 GV364055",46.0,5400.0,14h 53m3s,active,,,,,False
2018.0,Hyundai,i30,GO PD Automatic Hatchback,Hatchback,5.0,2018-11,2019-04,KMHH351EMKU093412,,,"Sold Unregistered, Without Plates",2.0,4.0,2,Petrol,Automatic,82381,km,White,Black,Yes,No,No,No***SERVICE PRINTOUT AVAILABLE - PLEASE REFER TO IMAGES***,Yes,QLD,https://www.grays.com/lot/0001-50713776/motor-vehicles-motor-cycles/2018-hyundai-i30-go-pd-automatic-hatchback,"Large Dent on LHR door
Dents or marks on body consistent with age and kilometres.
Front Seat Marks both seats
Medium Scuff on various panels
Paint peeling various areas","Air Conditioning, Central Locking, Cruise Control, Driver Airbag, Electric Windows, Hill Holder System, MP3 Capability, Power Steering, Reversing Camera, Crash Test Star Rating 5, Location: 131-153 Main Beach Road, Pinkenba, QLD, 4008, Key No: K-261 GV363602",51.0,13000.0,13h 52m34s,active,,,,,False
2013.0,Mitsubishi,Triton,4X4 GLX MN T/D Auto Dual Cab,Dual Cab,5.0,2013-09,2013-10,MMAJRKB40ED005981,,,"Sold Unregistered, Without Plates",0.0,4.0,2.5,Diesel,Automatic,318086,km,White,Grey,Yes,No,Yes,Yes,Yes,QLD,https://www.grays.com/lot/0001-50713777/motor-vehicles-motor-cycles/2013-mitsubishi-triton-4x4-glx-mn-t-d-auto-dual-cab,"Paint peeling Various panels
Body/panel damage Tailgate
Damaged RH bottom taillight
Medium Dent on RH rear door and LH rear guard
Large Scuff on RH rear guard
Dents or marks on body consistent with age and kilometres.
Seat Torn RH front
Front Seat worn Drivers
Front Seat Stains Both
Engine Oil Leak
Door card Worn.
Windscreen Chipped or Cracked.","Air Conditioning, Bluetooth Capability, Central Locking, Cruise Control, Driver Airbag, Electric Windows, MP3 Capability, Power Steering, Roof Rail, Crash Test Star Rating 4, Location: 131-153 Main Beach Road, Pinkenba, QLD, 4008, Key No: K-248 GV355974",50.0,3150.0,14h 52m23s,active,,,,,False
2014.0,Hyundai,iMAX,TQ Automatic 8 Seats People Mover,People Mover,8.0,2014-12,2015-01,KMHWH81RMFU706929,,,"Sold Unregistered, Without Plates",0.0,4.0,2.4,Petrol,Automatic,237193,km,White,Grey,Yes,No,No,No,Yes,QLD,https://www.grays.com/lot/0001-50713779/motor-vehicles-motor-cycles/2014-hyundai-imax-tq-automatic-8-seats-people-mover,"Engine light ON
Door card Worn.
Seat Torn RH front
Back Seat Stains.
Front Seat Stains Passengers
Carpet worn in places.
Dents or marks on body consistent with age and kilometres.
Medium Scuff on LH front guard and front bumper
Large Scratch on LH front guard
Medium Dent on LH rear door
Damaged LH taillight
Suspension requires attention","Air Conditioning, CD Player, Central Locking, Driver Airbag, Electric Windows, MP3 Capability, Nudge Bar, Park Distance Control Rear, Power Steering, Roof Rail, Third Row Seat, Crash Test Star Rating 4, Location: 131-153 Main Beach Road, Pinkenba, QLD, 4008, Key No: K-409 GV356786",4.0,2300.0,14h 52m18s,active,,,,,False
2019.0,Ford,Ranger,RAPTOR 4X4 PX III Turbo Diesel Automatic Dual Cab,Dual Cab,5.0,2019-03,2019-04,MPBUMFE60KX218840,,,"Sold Unregistered, Without Plates",0.0,4.0,2,Diesel,Automatic,118191,km,Grey,Black,Yes,Yes,Yes,Yes,Yes,QLD,https://www.grays.com/lot/0001-50713780/motor-vehicles-motor-cycles/2019-ford-ranger-raptor-4x4-px-iii-turbo-diesel-automatic-dual-cab,"Front Seat Stains Rhf
Dents or marks on body consistent with age and kilometres.","Air Conditioning, Auto Control, Bluetooth Capability, CD Player, Central Locking, Cruise Control, Driver Airbag, Electric Windows, Heated Front Seats, Hill Holder System, Leather Trim, MP3 Capability, Park Distance Control Rear, Power Steering, Reversing Camera, Satellite Navigation System, Crash Test Star Rating 5, Location: 131-153 Main Beach Road, Pinkenba, QLD, 4008, Key No: K-349 GV364036",91.0,31400.0,14h 52m9s,active,,,,,False
2014.0,Land,Rover,Range Rover Evoque TD4 PURE TECH Turbo Diesel Auto Wagon,Wagon,5.0,2014-04,2014-06,SALVA2AC1EH943068,,,"Sold Unregistered, Without Plates",2.0,4.0,2.2,Diesel,Automatic,184282,km,Grey,Black Leather,Yes,No,No,No,Yes,QLD,https://www.grays.com/lot/0001-50713785/motor-vehicles-motor-cycles/2014-land-rover-range-rover-evoque-td4-pure-tech-turbo-diesel-auto-wagon,"Front Seat worn Both
Large Scratch on RHF door
Dents or marks on body consistent with age and kilometres.
Front Cracked bumper.
Large Scuff on LHF,LHR doors
Medium Scuff on LHF guard
Dash Torn or Cracked","Air Conditioning, Auto Control, Cruise Control, Driver Airbag, Electric Windows, Hill Holder System, Leather Trim, MP3 Capability, Park Distance Control Front, Park Distance Control Rear, Power Steering, Reversing Camera, Roof Rail, Crash Test Star Rating 4, Location: 131-153 Main Beach Road, Pinkenba, QLD, 4008, Key No: K-242 GV363392",44.0,2809.0,13h 51m58s,active,,,,,False
2014.0,Mazda,CX-5,Grand Touring KE Turbo Diesel Automatic Wagon,Wagon,5.0,2014-01,2014-01,JM0KE102100237368,,,"Sold Unregistered, Without Plates",0.0,4.0,2.2,Diesel,Automatic,159271,km,White,Black Leather,Yes,Yes,Yes,No,Yes,QLD,https://www.grays.com/lot/0001-50713786/motor-vehicles-motor-cycles/2014-mazda-cx-5-grand-touring-ke-turbo-diesel-automatic-wagon,"Engine/Exhaust Smoke visible
Dents or marks on body consistent with age and kilometres.","Air Conditioning, CD Player, Central Locking, Climate Control, Cruise Control, Driver Airbag, Electric Windows, Heated Front Seats, Hill Holder System, Leather Trim, MP3 Capability, Park Distance Control Front, Park Distance Control Rear, Power Steering, Reversing Camera, Satellite Navigation System, Sunroof, Crash Test Star Rating 5, Location: 131-153 Main Beach Road, Pinkenba, QLD, 4008, Key No: K-450",10.0,1250.0,13h 51m51s,active,,,,,False
2002.0,Honda,Jazz,VTi GD CVT Hatchback,Hatchback,5.0,2002-11,2003-01,JHMGD38503S202003,,,"Sold Unregistered, Without Plates",0.0,4.0,1.5,Petrol,CVT,196595,km,Blue,Grey,Yes,No,Yes,Yes,Yes,QLD,https://www.grays.com/lot/0001-50713787/motor-vehicles-motor-cycles/2002-honda-jazz-vti-gd-cvt-hatchback,"Engine idling rough
Dents or marks on body consistent with age and kilometres.
Medium Dent on Left Front Door
Paint fading Roof and Doors
Engine noise observed.
Medium Dent on Tailgate","Air Conditioning, CD Player, Central Locking, Driver Airbag, Electric Windows, Power Steering, Crash Test Star Rating 4, Location: 131-153 Main Beach Road, Pinkenba, QLD, 4008, Key No: K-423 GV364328",6.0,509.0,13h 51m38s,active,,,,,False
1992.0,Toyota,4,Runner RV6 VZN130 Manual Wagon,Wagon,5.0,1992-07,1992-08,JT711VND007005234,,,"Sold Unregistered, Without Plates",2.0,6.0,3,Petrol,Manual,413907,km,Dark Blue,Grey,Yes,No,Yes,Partial,Yes,QLD,https://www.grays.com/lot/0001-50713788/motor-vehicles-motor-cycles/1992-toyota-4-runner-rv6-vzn130-manual-wagon,"Seat Torn RHF
Large Dent on Tailgate
Dents or marks on body consistent with age and kilometres.
Corrosion visible various areas
Medium Scratch on front bumper.
Engine runs rough.","Air Conditioning, Power Steering, Location: 131-153 Main Beach Road, Pinkenba, QLD, 4008, Key No: K-91 GV363107",23.0,1209.0,13h 51m16s,active,,,,,False
2012.0,Nissan,Navara,4X4 ST D40 Turbo Diesel Manual Dual Cab,Dual Cab Chassis,5.0,2012-02,2012-07,VSKCVND40A0466975,,,"Sold Unregistered, Without Plates",0.0,4.0,2.5,Diesel,Manual,"216888 - Odometer discrepancy detected, see attached history report.",km,Silver,Grey,Yes,No,Yes,Partial,Yes,QLD,https://www.grays.com/lot/0001-50713789/motor-vehicles-motor-cycles/2012-nissan-navara-4x4-st-d40-turbo-diesel-manual-dual-cab,"Dents or marks on body consistent with age and kilometres.
Seat Torn Driver seat
Medium Scuff on various panels
Paint fading various panels
Large Dent on various panels
Medium Scratch on various panels
Back Seat Stains.","Air Conditioning, Bull Bar, CD Player, Climate Control, Cruise Control, Driver Airbag, Electric Windows, MP3 Capability, Power Steering, Location: 131-153 Main Beach Road, Pinkenba, QLD, 4008, Key No: K-402 GV364253",4.0,309.0,14h 50m55s,active,,,,,False
2015.0,Holden,Colorado,4X4 LTZ RG Turbo Diesel Automatic Dual Cab,Dual Cab,5.0,2015-04,2015-06,MMU148MK0FH628137,,,"Sold Unregistered, Without Plates",0.0,4.0,2.8,Diesel,Automatic,117252,km,Black,Grey,Yes,No,Yes,No,Yes,QLD,https://www.grays.com/lot/0001-50713791/motor-vehicles-motor-cycles/2015-holden-colorado-4x4-ltz-rg-turbo-diesel-automatic-dual-cab,"Front Seat worn Both
Back Seat worn.
Large Scuff on rhr door,
Body/panel damage front bumper plus lhf guard,
Door Mirror Broken Driver side
Dents or marks on body consistent with age and kilometres.","Air Conditioning, Cruise Control, Driver Airbag, Electric Windows, MP3 Capability, Power Steering, Roof Rail, Crash Test Star Rating 5, Location: 131-153 Main Beach Road, Pinkenba, QLD, 4008, Key No: K-427 GV364349",54.0,2909.0,14h 50m45s,active,,,,,False
2019.0,Toyota,Hilux,4x4 SR GUN126R TD AT Dual Cab (QLD RWC 27/11/25),Dual Cab Chassis,5.0,2019-08,2019-09,MR0KA3CD401237558,,,"Sold Unregistered, Without Plates",0.0,4.0,2.8,Diesel,Automatic,119182,km,White,Black,Yes,Yes,Yes,Yes,Yes,QLD,https://www.grays.com/lot/0001-50713792/motor-vehicles-motor-cycles/2019-toyota-hilux-4x4-sr-gun126r-td-at-dual-cab-qld-rwc-27-11-25,Dents or marks on body consistent with age and kilometres.,"Air Conditioning, Bull Bar, CD Player, Central Locking, Cruise Control, Driver Airbag, Electric Windows, MP3 Capability, Power Steering, Reversing Camera, Crash Test Star Rating 5, Location: 131-153 Main Beach Road, Pinkenba, QLD, 4008, Key No: K-458 GV364462",299.0,29100.0,14h 50m34s,active,,,,,False
2015.0,Holden,Trax,LS FWD Manual - 5 Speed Hatchback,Hatchback,5.0,12/2015,02/2016,KL3BF7659GB603919,,,"Sold Unregistered, Without Plates",,4.0,1.8L,Petrol,Manual - 5 Speed,"76,506 Kms",km,Black,Black,Yes,Yes,Yes,Unknown,Yes,,https://www.grays.com/lot/0001-60049656/motor-vehicles-motor-cycles/2015-holden-trax-ls-fwd-manual-5-speed-hatchback,"Comment: ABS Brakes, Multi Function Steering Wheel,","Air Conditioning, Bluetooth Capability, Remote Central Locking, Electric Windows, Park Assist, Location: NT - 38 Toupein Road, Yarrawonga",7.0,609.0,13h 49m47s,active,,,,,False
2007.0,Mitsubishi,Triton,4X4 GLX-R DOUBLE CAB ML Automatic Dual Cab,Dual Cab Chassis,5.0,2007 - 05,2007 - 06,MMBJRKB907D122693,,,"Sold Unregistered, Without Plates",,6.0,3.5,Petrol,Automatic,196806,km,Grey,Multi,Yes,No,Yes,Yes,Yes,SA,https://www.grays.com/lot/0001-60049667/motor-vehicles-motor-cycles/2007-mitsubishi-triton-4x4-glx-r-double-cab-ml-automatic-dual-cab,"Engine light ON
Transmission Requires attention Strongly recommend inspection by qualified third party
Engine lacks power","Air Conditioning, Bluetooth Capability, CD Player, Central Locking, Driver Airbag, Electric Windows, MP3 Capability, Nudge Bar, Power Steering, Crash Test Star Rating 4, Location: 3 Maxwell Road, Pooraka, SA, 5095, Key No: 50",29.0,2300.0,13h 48m13s,active,,,,,False
2004.0,Subaru,Outback,2.5i Luxury B4A Automatic Wagon,Wagon,5.0,Unable to locate,2004 - 04,JF2BP9KLA4G011452,,,"Sold Unregistered, Without Plates",,4.0,2.5,Petrol,Automatic,196043,km,Silver,Black Leather,Yes,Yes,Yes,Yes,Yes,SA,https://www.grays.com/lot/0001-60049682/motor-vehicles-motor-cycles/2004-subaru-outback-2-5i-luxury-b4a-automatic-wagon,Please refer to the photos or arrange inspection to view the condition of this vehicle.,"Air Conditioning, CD Player, Central Locking, Climate Control, Cruise Control, Driver Airbag, Electric Windows, Leather Trim, Power Steering, Roof Rail, Sunroof, Location: 3 Maxwell Road, Pooraka, SA, 5095, Key No: 7B",3.0,209.0,13h 45m52s,active,,,,,False
2012.0,Nissan,Dualis,Ti J10 Manual Wagon,Wagon,5.0,2012-05,2012-07,SJNFBAJ10A2545652,,,"Sold Unregistered, Without Plates",,4.0,2,Petrol,Manual,308523,km,Black,Multi,Yes,No,Yes,Yes,Yes,SA,https://www.grays.com/lot/0001-60049684/motor-vehicles-motor-cycles/2012-nissan-dualis-ti-j10-manual-wagon,Please refer to the photos or arrange inspection to view the condition of this vehicle.,"Air Conditioning, Bluetooth Capability, CD Player, Central Locking, Cruise Control, Driver Airbag, Electric Windows, Heated Front Seats, Leather Trim, MP3 Capability, Power Steering, Panoramic roof, Crash Test Star Rating 5, Location: 3 Maxwell Road, Pooraka, SA, 5095, Key No: 41",2.0,9.0,13h 45m26s,active,,,,,False
2021.0,Kia,Sportage,SX 2WD NQ5 Automatic Wagon,Wagon,5.0,2021-11,Unable to locate,KNAPU81DMN7024183,,,"Sold Unregistered, Without Plates",,4.0,2,Petrol,Automatic,171896,km,White,Multi,Yes,Yes,No,Yes,Yes,SA,https://www.grays.com/lot/0001-60049685/motor-vehicles-motor-cycles/2021-kia-sportage-sx-2wd-nq5-automatic-wagon,Please refer to the photos or arrange inspection to view the condition of this vehicle.,"Air Conditioning, Auto Control, Bluetooth Capability, Central Locking, Climate Control, Cruise Control, Driver Airbag, Electric Windows, Hill Holder System, MP3 Capability, Park Distance Control Front, Park Distance Control Rear, Power Steering, Reversing Camera, Roof Rail, Navigation, Crash Test Star Rating 5, Location: 3 Maxwell Road, Pooraka, SA, 5095, Key No: FWH6",148.0,15100.0,13h 45m19s,active,,,,,False
2015.0,Holden,Commodore,Evoke VF Automatic Sedan,Sedan,5.0,2015-04,2015-04,6G1FA5E57FL125315,,,"Sold Unregistered, Without Plates",,6.0,3,Petrol,Automatic,215045,km,Silver,Multi,Yes,Yes,Yes,Yes,Yes,SA,https://www.grays.com/lot/0001-60049688/motor-vehicles-motor-cycles/2015-holden-commodore-evoke-vf-automatic-sedan,Please refer to the photos or arrange inspection to view the condition of this vehicle.,"Air Conditioning, Bluetooth Capability, CD Player, Central Locking, Climate Control, Cruise Control, Driver Airbag, Electric Windows, Hill Holder System, MP3 Capability, Park Distance Control Front, Park Distance Control Rear, Parking Assist System, Power Steering, Reversing Camera, Crash Test Star Rating 5, Location: 3 Maxwell Road, Pooraka, SA, 5095, Key No: 11A",14.0,6000.0,13h 44m56s,active,,,,,False
2009.0,Toyota,Camry,Altise ACV40R Automatic Sedan,Sedan,5.0,2009 - 06,2009 - 06,6T153BK400X082202,,,"Sold Unregistered, Without Plates",,4.0,2.4,Petrol,Automatic,208045,km,Silver,Multi,Yes,Yes,Yes,Yes,Yes,SA,https://www.grays.com/lot/0001-60049689/motor-vehicles-motor-cycles/2009-toyota-camry-altise-acv40r-automatic-sedan,Please refer to the photos or arrange inspection to view the condition of this vehicle.,"Air Conditioning, CD Player, Central Locking, Cruise Control, Driver Airbag, Electric Windows, MP3 Capability, Park Distance Control Rear, Power Steering, Crash Test Star Rating 5, Location: 3 Maxwell Road, Pooraka, SA, 5095, Key No: 4",33.0,1709.0,13h 44m42s,active,,,,,False
2008.0,Kia,Rio,EX JB Manual Hatchback,Hatchback,5.0,2008 - 11,2008 - 12,KNADE243296477544,,,"Sold Unregistered, Without Plates",,4.0,1.6,Petrol,Manual,202608,km,Blue,Multi,Yes,Yes,Yes,Yes,Yes,SA,https://www.grays.com/lot/0001-60049690/motor-vehicles-motor-cycles/2008-kia-rio-ex-jb-manual-hatchback,Please refer to the photos or arrange inspection to view the condition of this vehicle.,"Air Conditioning, Bluetooth capability, CD Player, Central Locking, Driver Airbag, Electric Windows, MP3 Capability, Power Steering, Crash Test Star Rating 3, Location: 3 Maxwell Road, Pooraka, SA, 5095, Key No: 16",3.0,109.0,13h 44m27s,active,,,,,False
2015.0,Holden,Cruze,SRi JH Automatic Sedan,Sedan,5.0,2015 - 02,2015 - 02,6G1PE5EN5FL115004,,,"Sold Unregistered, Without Plates",,4.0,1.6,Petrol,Automatic,142118,km,Silver,Black,Yes,No,No,No,Yes,SA,https://www.grays.com/lot/0001-60049693/motor-vehicles-motor-cycles/2015-holden-cruze-sri-jh-automatic-sedan,Transmission Requires attention Strongly recommend inspection by qualified third party,"Air Conditioning, Bluetooth Capability, CD Player, Central Locking, Cruise Control, Driver Airbag, Electric Windows, Leather Trim, MP3 Capability, Park Distance Control Rear, Power Steering, Crash Test Star Rating 5, Location: 3 Maxwell Road, Pooraka, SA, 5095, Key No: 30",0.0,9.0,13h 43m40s,active,,,,,False
2003.0,Suzuki,XL-7,Automatic 7 Seats Wagon,Wagon,7.0,2003-05,2003-07,JSAHTX92V00173074,,,"Sold Unregistered, Without Plates",,6.0,2.7,Petrol,Automatic,275367,km,Silver,Multi,Yes,Yes,Yes,Yes,Yes,SA,https://www.grays.com/lot/0001-60049694/motor-vehicles-motor-cycles/2003-suzuki-xl-7-automatic-7-seats-wagon,Please refer to the photos or arrange inspection to view the condition of this vehicle.,"Air Conditioning, CD player, Driver Airbag, Power Steering, Roof Rail & Roof Racks, Sunroof, Location: 3 Maxwell Road, Pooraka, SA, 5095, Key No: 51",7.0,609.0,13h 43m26s,active,,,,,False
2013.0,Ford,Territory,TX SZ Turbo Diesel Automatic 7 Seats Wagon,Wagon,7.0,2013 - 03,2013 - 02,6FPAAAJGATDU25723,,,"Sold Unregistered, Without Plates",,6.0,2.7,Diesel,Automatic,299463,km,Black,Multi,Yes,Yes,Yes,Yes,Yes,SA,https://www.grays.com/lot/0001-60049695/motor-vehicles-motor-cycles/2013-ford-territory-tx-sz-turbo-diesel-automatic-7-seats-wagon,Please refer to the photos or arrange inspection to view the condition of this vehicle.,"Air conditioning, Drivers airbag, Electric Windows, Park distance control rear, Power steering, Crash Test Star Rating 5, Location: 3 Maxwell Road, Pooraka, SA, 5095, Key No: 4B",15.0,1209.0,13h 43m13s,active,,,,,False
2016.0,Mitsubishi,Triton,4X4 EXCEED MQ Turbo Diesel Automatic Dual Cab,Dual Cab Chassis,5.0,2016 - 11,2016 - 11,MMAJYKL10HH003643,,,"Sold Unregistered, Without Plates",,4.0,2.4,Diesel,Automatic,253940,km,White,Black Leather,Yes,Yes,Yes,No,Yes,SA,https://www.grays.com/lot/0001-60049696/motor-vehicles-motor-cycles/2016-mitsubishi-triton-4x4-exceed-mq-turbo-diesel-automatic-dual-cab,Please refer to the photos or arrange inspection to view the condition of this vehicle.,"Air conditioning, Bluetooth capability, TJM Bullbar, Drivers airbag, UHF radio, Electric Windows, Heated Seats, Winch, TJM Snorkel, Power Steering, Reverse Camera, EGR Canopy, GPS, Spotlights, Crash Test Star Rating 5, Location: 3 Maxwell Road, Pooraka, SA, 5095, Key No: 62",95.0,7600.0,13h 43m2s,active,,,,,False
2011.0,Toyota,LandCruiser,Prado GX KDJ150R Turbo Diesel Automatic Wagon,Wagon,5.0,2011-08,2011-09,JTEBH3FJX0K059009,,,"Sold Unregistered, Without Plates",,4.0,3,Diesel,Automatic,383781,km,White,Multi,Yes,No,Yes,Yes,Yes,SA,https://www.grays.com/lot/0001-60049697/motor-vehicles-motor-cycles/2011-toyota-landcruiser-prado-gx-kdj150r-turbo-diesel-automatic-wagon,Please refer to the photos or arrange inspection to view the condition of this vehicle.,"Air conditioning, Bluetooth, Bull Bar with spotlights, CD Player, Central locking, Drivers airbag, Electric windows, MP3 capability, Power steering, Roof racks, Crash Test Star Rating 5, Location: 3 Maxwell Road, Pooraka, SA, 5095, Key No: 61",23.0,8100.0,13h 42m50s,active,,,,,False
1997.0,Holden,Commodore,Executive VT Supercharged Automatic Sedan,Sedan,5.0,1997 - 11,1997 - 11,6H8VTK69HWL287941,,,"Sold Unregistered, Without Plates",,6.0,3.8,Petrol,Automatic,293459,km,Multi,Multi,Yes,No,No,No,Yes,SA,https://www.grays.com/lot/0001-60049699/motor-vehicles-motor-cycles/1997-holden-commodore-executive-vt-supercharged-automatic-sedan,"Traction control light ON
ABS light ON
Engine noise - exhaust leak.","Air conditioning, Bluetooth capability, CD Player, Central Locking, Driver Airbag, MP3 capability, Power Steering, Sunroof, Location: 3 Maxwell Road, Pooraka, SA, 5095, Key No: 11",9.0,809.0,13h 42m33s,active,,,,,False
2009.0,Subaru,Liberty,2.5 GT PREMIUM B5 Automatic Sedan,Sedan,5.0,2009 - 12,2010 - 02,JF1BM9KV3AG005094,,,"Sold Unregistered, Without Plates",,4.0,2.5,Petrol,Automatic,231374,km,Silver,Black Leather,Yes,No,No,No,Yes,SA,https://www.grays.com/lot/0001-60049700/motor-vehicles-motor-cycles/2009-subaru-liberty-2-5-gt-premium-b5-automatic-sedan,Please refer to the photos or arrange inspection to view the condition of this vehicle.,"Air Conditioning, Bluetooth Capability, CD Player, Central Locking, Climate Control, Cruise Control, Driver Airbag, DVD player, Electric Windows, Hill Holder System, Leather Trim, MP3 Capability, Power Steering, Reversing Camera, Navigation, Sunroof, Crash Test Star Rating 5, Location: 3 Maxwell Road, Pooraka, SA, 5095, Key No: 21",28.0,2800.0,13h 42m14s,active,,,,,False
2013.0,Holden,Calais,V VF Automatic Sedan,Sedan,5.0,2013-06,2013-06,6G1FJ5E36EL909014,,,"Sold Unregistered, Without Plates",,6.0,3.6,Petrol,Automatic,216863,km,White,Multi,Yes,Yes,Yes,Yes,Yes,SA,https://www.grays.com/lot/0001-60049701/motor-vehicles-motor-cycles/2013-holden-calais-v-vf-automatic-sedan,Please refer to the photos or arrange inspection to view the condition of this vehicle.,"Air Conditioning, Bluetooth Capability, CD Player, Central Locking, Climate Control, Cruise Control, Driver Airbag, Electric Windows, Heated Front Seats, Hill Holder System, Leather Trim, MP3 Capability, Park Distance Control Front, Park Distance Control Rear, Parking Assist System, Power Steering, Reversing Camera, Navigation, Sunroof, Crash Test Star Rating 5, Location: 3 Maxwell Road, Pooraka, SA, 5095, Key No: 10A",25.0,10000.0,13h 42m0s,active,,,,,False
2013.0,Nissan,Pathfinder,ST (4x4) R52 CVT 7 Seats Wagon,Wagon,7.0,2013-12,2014-08,5N1AR2MM0EC654663,1IST090,WA,15-02-2026 - Registration will only be transferred to the registered bidder who must hold a valid WA Licence otherwise vehicle will be sold unregistered. Vehicle Sold Without Roadworthy,2.0,6.0,3.5,Petrol,CVT,332276,km,White,Black,Yes,No,Yes,Partial,Yes,WA,https://www.grays.com/lot/0001-9065492/motor-vehicles-motor-cycles/2013-nissan-pathfinder-st-4x4-r52-cvt-7-seats-wagon,"Dents or marks on body consistent with age and kilometres.
Windscreen Chipped or Cracked.
Damaged Driver side indicator
Paint cracked Boot
Corrosion visible Various locations
Airbag light ON
Other Warning light ON","Air Conditioning, CD Player, Driver Airbag, Electric Windows, MP3 Capability, Power Steering, Reversing Camera, Roof Rail, Third Row Seat, Crash Test Star Rating 5, Location: 6 Spartan Street, Jandakot, WA, 6164, Key No: 50C",16.0,1009.0,15h 59m22s,active,,,,,False
2006.0,Volkswagen,Transporter,2.0 T5 Manual Van,Van,2.0,Unable to locate,2006-02,WV1ZZZ7HZ6H011511,Unlicensed,QLD,"Sold Unregistered, Without Plates",0.0,4.0,2,Petrol,Manual,270259,km,White,Charcoal,Yes,No,No,No,Yes,WA,https://www.grays.com/lot/0001-9065509/motor-vehicles-motor-cycles/2006-volkswagen-transporter-2-0-t5-manual-van,"Dents or marks on body consistent with age and kilometres.
Windscreen Chipped or Cracked.
Corrosion visible Various locations
Medium Dent on Various panels
Medium Scratch on Various panels
Paint fading Various panels
Front Seat worn Drivers seat
Hood Lining Sagging","Air Conditioning, Driver Airbag, Power Steering, Location: 6 Spartan Street, Jandakot, WA, 6164, Key No: 3D",6.0,509.0,15h 57m4s,active,,,,,False
2012.0,Suzuki,Swift,RE2 FZ Manual Hatchback,Hatchback,5.0,2012-12,2013-03,JSAFZC82S00136443,1EGH521,WA,04-03-2026 - Registration will only be transferred to the registered bidder who must hold a valid WA Licence otherwise vehicle will be sold unregistered. Vehicle Sold Without Roadworthy,2.0,4.0,1.4,Petrol,Manual,173319,km,Red,Grey,Yes,No,Yes,Partial,Yes,WA,https://www.grays.com/lot/0001-9065512/motor-vehicles-motor-cycles/2012-suzuki-swift-re2-fz-manual-hatchback,"Dents or marks on body consistent with age and kilometres.
Paint peeling various panels
Windscreen Chipped or Cracked.","Air Conditioning, Bluetooth Capability, CD Player, Central Locking, Driver Airbag, Electric Windows, MP3 Capability, Power Steering, Crash Test Star Rating 5, Location: 6 Spartan Street, Jandakot, WA, 6164, Key No: 29B",39.0,2700.0,15h 56m51s,active,,,,,False
2007.0,BMW,118i,118i E87 Automatic Hatchback,Hatchback,5.0,Unable to locate,2007-05,WBAUF32010PS95161,1COA426,WA,27-02-2026 - Registration will only be transferred to the registered bidder who must hold a valid WA Licence otherwise vehicle will be sold unregistered. Vehicle Sold Without Roadworthy,2.0,4.0,2,Petrol,Automatic,187112,km,Silver,Black Leather,Yes,No,Yes,Partial,Yes,WA,https://www.grays.com/lot/0001-9065513/motor-vehicles-motor-cycles/2007-bmw-118i-118i-e87-automatic-hatchback,"Dents or marks on body consistent with age and kilometres.
Hood Lining Sagging
Paint peeling Boot
Rear Bumper Disjointed Cracked bumper.
Medium Scuff on Passenger Skirt Guard / Rear Quarter &amp;amp;amp;amp;amp;amp;amp;amp;amp; Rear Bumper
Other Warning light ON
Windscreen Chipped or Cracked.","Air Conditioning, CD Player, Central Locking, Climate Control, Driver Airbag, Electric Windows, Power Steering, Location: 6 Spartan Street, Jandakot, WA, 6164, Key No: 28B",8.0,709.0,15h 56m32s,active,,,,,False
1980.0,Nissan,Datsun,280ZX S130 Automatic T- top coupe,,4.0,Unable to locate,1980-08,HGS130170468,1IVB911,WA,29-11-2025 - Registration will only be transferred to the registered bidder who must hold a valid WA Licence otherwise vehicle will be sold unregistered. Vehicle Sold Without Roadworthy,2.0,6.0,2.8,Petrol,Automatic,197063,km,Black,Grey,Yes,No,No,No,Yes,WA,https://www.grays.com/lot/0001-9065526/motor-vehicles-motor-cycles/1980-nissan-datsun-280zx-s130-automatic-t-top-coupe,"Corrosion visible Various panels
Paint peeling Various panels
Engine idling rough
Dash Torn or Cracked
Brakes feel spongey.
Front Seat worn driver seat
Carpet worn in places.
Windscreen Chipped or Cracked.
Damaged cracked fog lights
Medium Dent on various panels
Paint cracked various panels","Air Conditioning, CD Player, Electric windows, Leather Trim, Power Steering, T-top removable roof, Location: 6 Spartan Street, Jandakot, WA, 6164, Key No: 33A",93.0,9500.0,1d 19h 32m25s,active,,,,,False
2009.0,Volkswagen,Transporter,LWB 2.5 TDI 128kW T5 T/D Auto Van,Van,2.0,Unable to locate,2009-12,WV1ZZZ7HZ9H164207,Unlicensed,WA,"Sold Unregistered, Without Plates",0.0,5.0,2.5,Diesel,Automatic,258221,km,Silver,Grey,Yes,Yes,No,Partial,Yes,WA,https://www.grays.com/lot/0001-9065528/motor-vehicles-motor-cycles/2009-volkswagen-transporter-lwb-2-5-tdi-128kw-t5-t-d-auto-van,"Seat Torn Driver’s
Dents or marks on body consistent with age and kilometres.
Windscreen Chipped or Cracked.
Paint peeling Various panels
Medium Dent on Various panels
Medium Scuff on Various panels","Air Conditioning, CD Player, Central Locking, Cruise Control, Driver Airbag, Power Steering, Crash Test Star Rating 4, Location: 6 Spartan Street, Jandakot, WA, 6164, Key No: 8D",8.0,709.0,2d 19h 32m15s,active,,,,,False
2008.0,Volkswagen,Transporter,Pop Top Camper Converted LWB 2.5 TDI T5 Auto,Van,2.0,Unable to locate,2008-09,WV1ZZZ7HZ8H048370,1GHX935,WA,10-03-2026 - Registration will only be transferred to the registered bidder who must hold a valid WA Licence otherwise vehicle will be sold unregistered. Vehicle Sold Without Roadworthy,2.0,5.0,2.5,Diesel,Automatic,119924,km,White,Grey,Yes,Yes,No,Partial,Yes,WA,https://www.grays.com/lot/0001-9065529/motor-vehicles-motor-cycles/2008-volkswagen-transporter-pop-top-camper-converted-lwb-2-5-tdi-t5-auto,"Dents or marks on body consistent with age and kilometres.
Windscreen Chipped or Cracked.
Door card Worn.
Medium Scuff on various panels
Paint peeling front bumper","Air Conditioning, Central Locking, Driver Airbag, Electric Windows, Hill Holder System, MP3 Capability, Power Steering, Camper roof extension, Crash Test Star Rating 4, Location: 6 Spartan Street, Jandakot, WA, 6164, Key No: 19D",92.0,14400.0,13h 3m36s,active,,,,,False
2017.0,Hyundai,Tucson,Active X TL Manual Wagon,Wagon,5.0,2017-05,2017-08,KMHJ3814LJU495427,1GIY288,WA,27-02-2026 - Registration will only be transferred to the registered bidder who must hold a valid WA Licence otherwise vehicle will be sold unregistered. Vehicle Sold Without Roadworthy,2.0,4.0,2,Petrol,Manual,180095,km,Maroon,Black Leather,Yes,Yes,Yes,Yes,Yes,WA,https://www.grays.com/lot/0001-9065531/motor-vehicles-motor-cycles/2017-hyundai-tucson-active-x-tl-manual-wagon,"Engine noise observed.
Engine Smoke visible
Engine Oil Leak
Dents or marks on body consistent with age and kilometres.
Paint peeling Various panels
Seat Torn Driver’s
Medium Dent on Various panels
Large Scratch on Driver door","Air Conditioning, Auto Control, Central Locking, Cruise Control, Driver Airbag, Electric Windows, Hill Holder System, Leather Trim, MP3 Capability, Power Steering, Reversing Camera, Roof Rail, Crash Test Star Rating 5, Location: 6 Spartan Street, Jandakot, WA, 6164, Key No: 6D",74.0,4009.0,13h 3m23s,active,,,,,False
2008.0,Subaru,Forester,X S3 Automatic Wagon,Wagon,5.0,2008-06,2008-07,JF2SH9KL59G010858,1CVW750,WA,27-01-2026 - Registration will only be transferred to the registered bidder who must hold a valid WA Licence otherwise vehicle will be sold unregistered. Vehicle Sold Without Roadworthy,2.0,4.0,2.5,Petrol,Automatic,307193,km,Silver,Charcoal,Yes,No,Yes,Partial,Yes,WA,https://www.grays.com/lot/0001-9065532/motor-vehicles-motor-cycles/2008-subaru-forester-x-s3-automatic-wagon,"Engine light ON
Traction control light ON
Other Warning light ON
Engine noise observed.
Dents or marks on body consistent with age and kilometres.
Large Scuff on Passenger side
Large Dent on Passenger side","Air Conditioning, Driver Airbag, Electric Windows, MP3 Capability, Power Steering, Roof Rail, Crash Test Star Rating 5, Location: 6 Spartan Street, Jandakot, WA, 6164, Key No: 2D",12.0,509.0,13h 3m8s,active,,,,,False
2010.0,Ford,Falcon,FG Automatic Cab Chassis,Cab Chassis,2.0,2010-03,2010-03,6FPAAAJGCMAS20471,1DIG595,WA,30-01-2026 - Registration will only be transferred to the registered bidder who must hold a valid WA Licence otherwise vehicle will be sold unregistered. Vehicle Sold Without Roadworthy,2.0,6.0,4,LPG,Automatic,282329,km,White,Charcoal,Yes,No,No,No,Yes,WA,https://www.grays.com/lot/0001-9065534/motor-vehicles-motor-cycles/2010-ford-falcon-fg-automatic-cab-chassis,"Dents or marks on body consistent with age and kilometres.
Windscreen Chipped or Cracked.
Medium Dent on Various panels
Paint fading Various panels","Air Conditioning, CD Player, Central Locking, Driver Airbag, Electric Windows, MP3 Capability, Power Steering, Crash Test Star Rating 4, Location: 6 Spartan Street, Jandakot, WA, 6164, Key No: 7D",23.0,1509.0,13h 2m56s,active,,,,,False
2015.0,Volkswagen,Touareg,V6 TDI 7P Turbo Diesel Automatic - 8 Speed Wagon,Wagon,5.0,2015-05,2016-01,WVGZZZ7PZGD000136,AL15WA,WA,13-09-2026 - Registration will only be transferred to the registered bidder who must hold a valid WA Licence otherwise vehicle will be sold unregistered. Vehicle Sold Without Roadworthy,2.0,6.0,3,Diesel,Automatic - 8 Speed,157847,km,Black,Black Leather,Yes,No,Yes,Partial,Yes,WA,https://www.grays.com/lot/0001-9065535/motor-vehicles-motor-cycles/2015-volkswagen-touareg-v6-tdi-7p-turbo-diesel-automatic-8-speed-wagon,"Dents or marks on body consistent with age and kilometres.
Windscreen Chipped or Cracked.
Medium Scratch on Various panels
Medium Dent on Various panels","Air Conditioning, Auto Control, Central Locking, Climate Control, Driver Airbag, Electric Windows, Heated Front Seats, Hill Holder System, Leather Trim, MP3 Capability, Power Steering, Reversing Camera, Roof Rail, Location: 6 Spartan Street, Jandakot, WA, 6164, Key No: 9D",58.0,14800.0,13h 2m41s,active,,,,,False
2006.0,Kia,Grand,Carnival VQ Automatic 8 Seats People Mover,People Mover,8.0,2006-11,2007-08,KNAMB763376145457,1CQH601,WA,12-12-2025 - Registration will only be transferred to the registered bidder who must hold a valid WA Licence otherwise vehicle will be sold unregistered. Vehicle Sold Without Roadworthy,2.0,6.0,3.8,Petrol,Automatic,361279,km,Red,Grey,Yes,Yes,Yes,Partial,Yes,WA,https://www.grays.com/lot/0001-9065536/motor-vehicles-motor-cycles/2006-kia-grand-carnival-vq-automatic-8-seats-people-mover,"Dents or marks on body consistent with age and kilometres.
Windscreen Chipped or Cracked.
Engine light ON
Medium Scratch on Various panels
Medium Scuff on Rear left quater panel
Seat Torn drivers seat
Paint peeling rear panel","Air Conditioning, CD Player, Cruise Control, Driver Airbag, Electric Windows, Power Steering, Roof Rail, Third Row Seat, Location: 6 Spartan Street, Jandakot, WA, 6164, Key No: 18D",4.0,209.0,13h 2m22s,active,,,,,False
2013.0,Isuzu,D-MAX,4X4 LS-T Hi-Ride Turbo Diesel Automatic Dual Cab,Dual Cab,5.0,2013-04,2014-03,MPATFS85JDT004917,1IME954,WA,"Sold Unregistered, Without Plates",1.0,4.0,3,Diesel,Automatic,290039,km,Black,Tan,Yes,Yes,Yes,Partial,Yes,WA,https://www.grays.com/lot/0001-9065537/motor-vehicles-motor-cycles/2013-isuzu-d-max-4x4-ls-t-hi-ride-turbo-diesel-automatic-dual-cab,"Dents or marks on body consistent with age and kilometres.
Windscreen Chipped or Cracked.
Medium Scratch on Various panels","Air Conditioning, Auto Control, Central Locking, Driver Airbag, Electric Windows, MP3 Capability, Power Steering, Reversing Camera, Crash Test Star Rating 4, Location: 6 Spartan Street, Jandakot, WA, 6164, Key No: 12D",80.0,6700.0,13h 2m5s,active,,,,,False
2010.0,Mitsubishi,Triton,4X4 GL-R MN Turbo Diesel Automatic Dual Cab,Dual Cab,5.0,2010-04,2010-06,MMAJRKB40AD015924,1DKL249,WA,15-08-2026 - Registration will only be transferred to the registered bidder who must hold a valid WA Licence otherwise vehicle will be sold unregistered. Vehicle Sold Without Roadworthy,2.0,4.0,2.5,Diesel,Automatic,295110,km,Grey,Grey,Yes,No,No,Partial,Yes,WA,https://www.grays.com/lot/0001-9065538/motor-vehicles-motor-cycles/2010-mitsubishi-triton-4x4-gl-r-mn-turbo-diesel-automatic-dual-cab,"Engine Smoke visible
Dents or marks on body consistent with age and kilometres.
Medium Dent on Various panels
Medium Scratch on Various panels
Damaged Rear left tail light
Paint fading Various panels","Air Conditioning, CD Player, Central Locking, Cruise Control, Driver Airbag, Electric Windows, MP3 Capability, Nudge Bar, Power Steering, Crash Test Star Rating 4, Location: 6 Spartan Street, Jandakot, WA, 6164, Key No: 15D",18.0,1309.0,13h 1m34s,active,,,,,False
2010.0,Subaru,Tribeca,3.6R PREMIUM B9 Automatic 7 Seats Wagon,Wagon,7.0,2010-01,2010-03,4S4WXFKU5AS027780,1DGU749,WA,21-12-2025 - Registration will only be transferred to the registered bidder who must hold a valid WA Licence otherwise vehicle will be sold unregistered. Vehicle Sold Without Roadworthy,2.0,6.0,3.6,Petrol,Automatic,195866,km,Dark Grey,Black Leather,Yes,No,Yes,Partial,Yes,WA,https://www.grays.com/lot/0001-9065539/motor-vehicles-motor-cycles/2010-subaru-tribeca-3-6r-premium-b9-automatic-7-seats-wagon,"Engine noise observed.
Seat Torn Driver
Dents or marks on body consistent with age and kilometres.
Medium Scratch on Passenger rear quarter panel","Air Conditioning, CD Player, Driver Airbag, Electric Windows, Heated Front Seats, Leather Trim, MP3 Capability, Power Steering, Reversing Camera, Sunroof, Third Row Seat, Crash Test Star Rating 5, Location: 6 Spartan Street, Jandakot, WA, 6164, Key No: 1D",5.0,409.0,13h 1m21s,active,,,,,False
2011.0,Hyundai,iX35,ELITE AWD LM Automatic Wagon,Wagon,5.0,2011-04,2011-05,KMHJU81CSBU298721,1DQC872,WA,21-12-2025 - Registration will only be transferred to the registered bidder who must hold a valid WA Licence otherwise vehicle will be sold unregistered. Vehicle Sold Without Roadworthy,2.0,4.0,2.4,Petrol,Automatic,242279,km,White,Black Leather,Yes,No,Yes,Partial,Yes,WA,https://www.grays.com/lot/0001-9065540/motor-vehicles-motor-cycles/2011-hyundai-ix35-elite-awd-lm-automatic-wagon,"Dents or marks on body consistent with age and kilometres.
Medium Dent on Various panels
Front Seat worn Drivers seat
Medium Scuff on Rear left quater
Paint peeling Clear coat peeling on bonnet
Windscreen Chipped or Cracked.","Air Conditioning, Auto Control, Bluetooth Capability, CD Player, Cruise Control, Driver Airbag, Electric Windows, Hill Holder System, Leather Trim, MP3 Capability, Power Steering, Roof Rail, Location: 6 Spartan Street, Jandakot, WA, 6164, Key No: 13D",27.0,1509.0,13h 0m51s,active,,,,,False
2013.0,Nissan,Juke,ST F15 CVT Wagon (WOVR-INSPECTED),Wagon,5.0,2013-11,2014-07,SJNFBAF15A6465649,1GUR782,WA,16-12-2025 - Registration will only be transferred to the registered bidder who must hold a valid WA Licence otherwise vehicle will be sold unregistered. Vehicle Sold Without Roadworthy,2.0,4.0,1.6,Petrol,CVT,75382,km,Silver,Charcoal,Yes,Yes,Yes,No,Yes,WA,https://www.grays.com/lot/0001-9065541/motor-vehicles-motor-cycles/2013-nissan-juke-st-f15-cvt-wagon-wovr-inspected,"Dents or marks on body consistent with age and kilometres.
Engine idling rough
Engine misfiring
Engine light ON
Medium Dent on Various panels
Front Seat worn drivers seat","Air Conditioning, CD Player, Central Locking, Cruise Control, Driver Airbag, Electric Windows, MP3 Capability, Power Steering, Crash Test Star Rating 5, Location: 6 Spartan Street, Jandakot, WA, 6164, Key No: 17D",5.0,409.0,13h 0m35s,active,,,,,False
2013.0,Volkswagen,Golf,90TSI Comfortline A7 Automatic Hatchback,Hatchback,5.0,2013-04,2013-06,WVWZZZAUZDP071494,1EHM699,WA,17-01-2026 - Registration will only be transferred to the registered bidder who must hold a valid WA Licence otherwise vehicle will be sold unregistered. Vehicle Sold Without Roadworthy,2.0,4.0,1.4,Petrol,Automatic,235088,km,Black,Charcoal,Yes,No,Yes,Partial,Yes,WA,https://www.grays.com/lot/0001-9065542/motor-vehicles-motor-cycles/2013-volkswagen-golf-90tsi-comfortline-a7-automatic-hatchback,"Dents or marks on body consistent with age and kilometres.
Medium Scratch on Various panels
Other Warning light ON
Medium Dent on Various panels
Paint peeling hood","Air Conditioning, CD Player, Central Locking, Cruise Control, Driver Airbag, Electric Windows, Hill Holder System, MP3 Capability, Park Distance Control Front, Park Distance Control Rear, Power Steering, Reversing Camera, Crash Test Star Rating 5, Location: 6 Spartan Street, Jandakot, WA, 6164, Key No: 20D",25.0,2109.0,13h 0m20s,active,,,,,False
2002.0,Audi,A4,3.0 Quattro B6 Automatic Sedan,Sedan,5.0,2002-07,2002-11,WAUZZZ8E43A126696,Unlicensed,WA,"Sold Unregistered, Without Plates",0.0,6.0,3,Petrol,Automatic,143057,km,Silver,Black Leather,Yes,No,Yes,Partial,Yes,WA,https://www.grays.com/lot/0001-9065549/motor-vehicles-motor-cycles/2002-audi-a4-3-0-quattro-b6-automatic-sedan,"Dents or marks on body consistent with age and kilometres.
Medium Dent on Various panels
Medium Scratch on Various panels
Front bumper Cracked bumper.
Engine Oil Leak
Paint fading Various panels
Front Seat worn drivers seat leather peeling off","Air Conditioning, Central Locking, Driver Airbag, Electric Windows, Leather Trim, Park Distance Control Rear, Power Steering, Sunroof - Not tested, Location: 6 Spartan Street, Jandakot, WA, 6164, Key No: 10D",9.0,609.0,12h 59m45s,active,,,,,False
2011.0,BMW,3,Series 325i E90 Automatic Sedan,Sedan,5.0,2011-04,2011-06,WBAPH16070NM99562,1IUV584,WA,15-02-2026 - Registration will only be transferred to the registered bidder who must hold a valid WA Licence otherwise vehicle will be sold unregistered. Vehicle Sold Without Roadworthy,2.0,6.0,2.5,Petrol,Automatic,229119,km,Dark Blue,Black Leather,Yes,Yes,Yes,Yes,Yes,WA,https://www.grays.com/lot/0001-9065550/motor-vehicles-motor-cycles/2011-bmw-3-series-325i-e90-automatic-sedan,Dents or marks on body consistent with age and kilometres.,"Air Conditioning, CD Player, Central Locking, Climate Control, Cruise Control, Driver Airbag, Electric Windows, Leather Trim, Park Distance Control Front, Power Steering, Satellite Navigation System, Sunroof, Crash Test Star Rating 5, Location: 6 Spartan Street, Jandakot, WA, 6164, Key No: 23D",52.0,3309.0,12h 59m21s,active,,,,,False
2012.0,Holden,Commodore,Sportwagon Omega VE Auto Wagon (WOVR-INSPECTED),Wagon,5.0,2012-04,2012-04,6G1EK8E51CL648142,1ITP523,WA,07-01-2026 - Registration will only be transferred to the registered bidder who must hold a valid WA Licence otherwise vehicle will be sold unregistered. Vehicle Sold Without Roadworthy,2.0,6.0,3,Petrol,Automatic,104049,km,White,Grey,Yes,No,No,No,Yes,WA,https://www.grays.com/lot/0001-9065551/motor-vehicles-motor-cycles/2012-holden-commodore-sportwagon-omega-ve-auto-wagon-wovr-inspected,"Dents or marks on body consistent with age and kilometres.
Paint fading Bonnet
Front Seat worn Drivers seat
Medium Scratch on Various panels","Air Conditioning, Bluetooth Capability, Central Locking, Cruise Control, Driver Airbag, Electric Windows, Park Distance Control Rear, Power Steering, Crash Test Star Rating 5, Location: 6 Spartan Street, Jandakot, WA, 6164, Key No: 21D",27.0,1309.0,12h 59m4s,active,,,,,False
2004.0,Nissan,Pulsar,ST N16 Manual Sedan,Sedan,5.0,2004-06,2004-07,JN1CBAN16A0502219,1CEJ153,WA,14-02-2026 - Registration will only be transferred to the registered bidder who must hold a valid WA Licence otherwise vehicle will be sold unregistered. Vehicle Sold Without Roadworthy,2.0,4.0,1.8,Petrol,Manual,101781,km,Champagne,Grey,Yes,Yes,No,Partial,Yes,WA,https://www.grays.com/lot/0001-9065552/motor-vehicles-motor-cycles/2004-nissan-pulsar-st-n16-manual-sedan,"Dents or marks on body consistent with age and kilometres.
Medium Scratch on Various panels
Medium Scuff on various panels","Air Conditioning, CD Player, Central Locking, Driver Airbag, Power Steering, Crash Test Star Rating 3, Location: 6 Spartan Street, Jandakot, WA, 6164, Key No: 25D",12.0,750.0,12h 58m51s,active,,,,,False
2005.0,Chrysler,PT,Cruiser ROUTE 66 LIMITED ED. Manual Hatchback,Hatchback,5.0,2005-11,2006-03,1A8F4N8B96T245378,1CRL955,WA,15-03-2026 - Registration will only be transferred to the registered bidder who must hold a valid WA Licence otherwise vehicle will be sold unregistered. Vehicle Sold Without Roadworthy,2.0,4.0,2.4,Petrol,Manual,153679,km,Black,Grey,Yes,No,No,Partial,Yes,WA,https://www.grays.com/lot/0001-9065553/motor-vehicles-motor-cycles/2005-chrysler-pt-cruiser-route-66-limited-ed-manual-hatchback,"Dents or marks on body consistent with age and kilometres.
Paint fading Various panels
Medium Dent on Various panels
Medium Scratch on Various panels
Paint peeling Various panels","Air Conditioning, CD Player, Central Locking, Driver Airbag, Electric Windows, MP3 Capability, Power Steering, Location: 6 Spartan Street, Jandakot, WA, 6164, Key No: 24D",6.0,500.0,12h 58m27s,active,,,,,False
2002.0,Kia,Rio,BC Automatic Sedan,Sedan,5.0,2002-01,2002-08,KNADC223326171822,Unlicensed,WA,"Sold Unregistered, Without Plates",2.0,4.0,1.5,Petrol,Automatic,181239,km,Gold,Charcoal,Yes,No,No,No,Yes,WA,https://www.grays.com/lot/0001-9065555/motor-vehicles-motor-cycles/2002-kia-rio-bc-automatic-sedan,"Dents or marks on body consistent with age and kilometres.
Corrosion visible Various panels
Rear Cracked bumper.
Dents or marks on body consistent with age and kilometres.
Front Seat Stains Both
Paint peeling Side mirror left","Air Conditioning, Central Locking, Driver Airbag, Power Steering, Location: 6 Spartan Street, Jandakot, WA, 6164, Key No: 26D",1.0,9.0,12h 58m16s,active,,,,,False
2017.0,Land,Rover,Range Rover Evoque TD4 SE 110KW T/D Auto Wagon,Wagon,5.0,2017-09,2018-01,SALVA2AN3JH274782,1IPJ817,WA,08-03-2026 - Registration will only be transferred to the registered bidder who must hold a valid WA Licence otherwise vehicle will be sold unregistered. Vehicle Sold Without Roadworthy,2.0,4.0,2,Diesel,Automatic,214923,km,White,Tan Leather,Yes,No,Yes,No,Yes,WA,https://www.grays.com/lot/0001-9065557/motor-vehicles-motor-cycles/2017-land-rover-range-rover-evoque-td4-se-110kw-t-d-auto-wagon,"Front Seat worn Driver’s
Dents or marks on body consistent with age and kilometres.","Air Conditioning, Auto Control, Central Locking, Climate Control, Cruise Control, Driver Airbag, Electric Windows, Hill Holder System, Leather Trim, MP3 Capability, Park Distance Control Front, Park Distance Control Rear, Power Steering, Reversing Camera, Satellite Navigation System, Crash Test Star Rating 4, Location: 6 Spartan Street, Jandakot, WA, 6164, Key No: 34D",64.0,10500.0,12h 57m45s,active,,,,,False
2017.0,Mazda,CX-5,Maxx Sport KF Turbo Diesel Automatic Wagon,Wagon,5.0,2017-10,2017-11,JM0KF4W2A00140401,1IUO895,WA,13-06-2026 - Registration will only be transferred to the registered bidder who must hold a valid WA Licence otherwise vehicle will be sold unregistered. Vehicle Sold Without Roadworthy,2.0,4.0,2.2,Diesel,Automatic,184053,km,White,Black,Yes,Yes,Yes,Partial,Yes,WA,https://www.grays.com/lot/0001-9065558/motor-vehicles-motor-cycles/2017-mazda-cx-5-maxx-sport-kf-turbo-diesel-automatic-wagon,"Dents or marks on body consistent with age and kilometres.
Medium Scratch on Various panels","Air Conditioning, Central Locking, Climate Control, Cruise Control, Driver Airbag, Electric Windows, Hill Holder System, MP3 Capability, Park Distance Control Rear, Power Steering, Reversing Camera, Satellite Navigation System, Crash Test Star Rating 5, Location: 6 Spartan Street, Jandakot, WA, 6164, Key No: 32C",202.0,12000.0,12h 57m28s,active,,,,,False
2017.0,Land,Rover,Discovery Sport TD4 180 SE T/D Auto 7 Seats Wagon,Wagon,7.0,2017-07,2017-08,SALCA2AN2HH719918,1IUH016,WA,29-04-2026 - Registration will only be transferred to the registered bidder who must hold a valid WA Licence otherwise vehicle will be sold unregistered. Vehicle Sold Without Roadworthy,2.0,4.0,2,Diesel,Automatic,138724,km,White,Black Leather,Yes,Yes,Yes,No,Yes,WA,https://www.grays.com/lot/0001-9065559/motor-vehicles-motor-cycles/2017-land-rover-discovery-sport-td4-180-se-t-d-auto-7-seats-wagon,"Dents or marks on body consistent with age and kilometres.
Engine noise observed.
Medium Dent on Rear left
Medium Scuff on Rear left quater","Air Conditioning, Auto Control, Central Locking, Cruise Control, Driver Airbag, Electric Windows, Hill Holder System, Leather Trim, MP3 Capability, Park Distance Control Rear, Power Steering, Reversing Camera, Third Row Seat, Crash Test Star Rating 5, Location: 6 Spartan Street, Jandakot, WA, 6164, Key No: 28D",78.0,10100.0,12h 57m16s,active,,,,,False
2004.0,Hyundai,Accent,LS Automatic Hatchback,Hatchback,5.0,2004-12,2005-01,KMHCG51CR5U267076,1IMO004,WA,14-02-2026 - Registration will only be transferred to the registered bidder who must hold a valid WA Licence otherwise vehicle will be sold unregistered. Vehicle Sold Without Roadworthy,2.0,4.0,1.6,Petrol,Automatic,180894,km,Light Blue,Grey,Yes,Yes,Yes,No,Yes,WA,https://www.grays.com/lot/0001-9065560/motor-vehicles-motor-cycles/2004-hyundai-accent-ls-automatic-hatchback,"Dents or marks on body consistent with age and kilometres.
Medium Dent on Various panels
Body/panel damage Front left corner
Engine Oil Leak
Medium Scratch on Various panels
Damaged Front left headlight
Medium Scuff on Various panels
Paint fading Various panels","Air Conditioning, CD Player, Driver Airbag, Electric Windows, MP3 Capability, Power Steering, Location: 6 Spartan Street, Jandakot, WA, 6164, Key No: 27D",3.0,209.0,12h 56m58s,active,,,,,False
2021.0,LDV,G10,+ Automatic - 8 Speed Van,Van,2.0,2021-07,2021-11,LSKG4AL19MA123464,1IUY283,WA,"24-11-2025, Please note this vehicle license has expired, but can be paid until 24/02/2026. Vehicle license must be renewed online before this date and time of collection, otherwise this vehicle will be sold unregistered, without plates. Registration will only be transferred to the registered bidder who must hold a valid WA Licence otherwise vehicle will be sold unregistered. Vehicle Sold Without Roadworthy",2.0,4.0,2,Petrol,Automatic - 8 Speed,75823,km,White,Black Leather,Yes,Yes,Yes,Partial,Yes,WA,https://www.grays.com/lot/0001-9065561/motor-vehicles-motor-cycles/2021-ldv-g10-automatic-8-speed-van,"Dents or marks on body consistent with age and kilometres.
Medium Scratch on Various panels
Medium Dent on Various panels","Air Conditioning, Central Locking, Cruise Control, Driver Airbag, Electric Windows, MP3 Capability, Park Distance Control Rear, Power Steering, Reversing Camera, Crash Test Star Rating 3, Location: 6 Spartan Street, Jandakot, WA, 6164, Key No: 22D",39.0,5900.0,12h 56m42s,active,,,,,False
2016.0,Land,Rover,Discovery Sport TD4 180 HSE Turbo Diesel 9 auto Wagon,Wagon,5.0,2016-07,2016-10,SALCA2AN4HH636734,1HFW467,WA,11-02-2026 - Registration will only be transferred to the registered bidder who must hold a valid WA Licence otherwise vehicle will be sold unregistered. Vehicle Sold Without Roadworthy,2.0,4.0,2,Diesel,9 auto,118287,km,White,Cream Leather,Yes,No,Yes,No,Yes,WA,https://www.grays.com/lot/0001-9065562/motor-vehicles-motor-cycles/2016-land-rover-discovery-sport-td4-180-hse-turbo-diesel-9-auto-wagon,"Dents or marks on body consistent with age and kilometres.
Windscreen Chipped or Cracked.
Engine Smoke visible
Medium Dent on Various panels
Medium Scratch on Various panels
Engine light ON
Front Seat worn driver side","Air Conditioning, Auto Control, Central Locking, Climate Control, Cruise Control, Driver Airbag, Electric Windows, Heated Front Seats, Hill Holder System, Leather Trim, MP3 Capability, Park Distance Control Rear, Power Steering, Reversing Camera, Satellite Navigation System, Crash Test Star Rating 5, Location: 6 Spartan Street, Jandakot, WA, 6164, Key No: 21B",47.0,6000.0,12h 56m25s,active,,,,,False
2008.0,Ford,Mondeo,TDCi MA Turbo Diesel Automatic Hatchback,Hatchback,5.0,2008-07,2008-09,WF0EXXGBBE8D80121,Unlicensed - Plates to be removed,WA,"Sold Unregistered, Without Plates",0.0,4.0,2,Diesel,Automatic,176558,km,Black,Charcoal,Yes,Yes,Yes,Partial,Yes,WA,https://www.grays.com/lot/0001-9065565/motor-vehicles-motor-cycles/2008-ford-mondeo-tdci-ma-turbo-diesel-automatic-hatchback,"Dents or marks on body consistent with age and kilometres.
Door card Worn.
Medium Scratch on Various panels
Paint peeling Front left quater
Paint fading roof
Paint cracked rear left fender","Air Conditioning, CD Player, Central Locking, Cruise Control, Driver Airbag, Electric Windows, MP3 Capability, Park Distance Control Front, Park Distance Control Rear, Power Steering, Crash Test Star Rating 5, Location: 6 Spartan Street, Jandakot, WA, 6164, Key No: 29D",4.0,209.0,12h 56m3s,active,,,,,False
2009.0,Holden,Commodore,Sportwagon SS V-SERIES VE Automatic Wagon,Wagon,5.0,2009-06,2009-06,6G1EP85Y09L339881,1GTR372,WA,17-03-2026 - Registration will only be transferred to the registered bidder who must hold a valid WA Licence otherwise vehicle will be sold unregistered. Vehicle Sold Without Roadworthy,2.0,8.0,6,Petrol,Automatic,289853,km,White,Black Leather,Yes,No,Yes,Partial,Yes,WA,https://www.grays.com/lot/0001-9065567/motor-vehicles-motor-cycles/2009-holden-commodore-sportwagon-ss-v-series-ve-automatic-wagon,"Dents or marks on body consistent with age and kilometres.
Door card Damaged.
Front Seat worn Both seats
Windscreen Chipped or Cracked.","Air Conditioning, CD Player, Driver Airbag, Leather Trim, Power Steering, Crash Test Star Rating 5, Location: 6 Spartan Street, Jandakot, WA, 6164, Key No: 33F",57.0,4500.0,12h 56m1s,active,,,,,False
2018.0,ABARTH,595,Series 4 Automatic Hatchback,Hatchback,4.0,2018-09,2019-01,ZFA3120000JA75603,1GVL378,WA,19-11-2025 - Registration will only be transferred to the registered bidder who must hold a valid WA Licence otherwise vehicle will be sold unregistered. Vehicle Sold Without Roadworthy,2.0,4.0,1.4,Petrol,Automatic,70535,km,White,Black,Yes,Yes,Yes,Partial,Yes,WA,https://www.grays.com/lot/0001-9065568/motor-vehicles-motor-cycles/2018-abarth-595-series-4-automatic-hatchback,"Dents or marks on body consistent with age and kilometres.
Windscreen Chipped or Cracked.","Air Conditioning, Central Locking, Driver Airbag, Electric Windows, Hill Holder System, MP3 Capability, Park Distance Control Rear, Power Steering, Location: 6 Spartan Street, Jandakot, WA, 6164, Key No: 2G",65.0,7200.0,12h 55m41s,active,,,,,False
2016.0,Maserati,Ghibli,Automatic - 8 Speed Sedan,Sedan,5.0,Unable to locate,2016-01,ZAMSS57D001178445,1GCP659,WA,27-02-2026 - Registration will only be transferred to the registered bidder who must hold a valid WA Licence otherwise vehicle will be sold unregistered. Vehicle Sold Without Roadworthy,2.0,6.0,3,Petrol,Automatic - 8 Speed,93701,km,Black,Cream Leather,Yes,Yes,Yes,Partial,Yes,WA,https://www.grays.com/lot/0001-9065569/motor-vehicles-motor-cycles/2016-maserati-ghibli-automatic-8-speed-sedan,"Dents or marks on body consistent with age and kilometres.
Windscreen Chipped or Cracked.
Medium Scratch on Rear right quater panel","Air Conditioning, CD Player, Central Locking, Cruise Control, Driver Airbag, Electric Windows, Hill Holder System, Leather Trim, MP3 Capability, Park Distance Control Front, Park Distance Control Rear, Power Steering, Reversing Camera, Sunroof, Crash Test Star Rating 5, Location: 6 Spartan Street, Jandakot, WA, 6164, Key No: 27C",177.0,20100.0,12h 55m31s,active,,,,,False
2021.0,Toyota,Hilux,4x4 SR GUN126R Turbo Diesel Automatic Crew Cab Chassis,Crew Cab Chassis,5.0,2021-07,2021-07,MR0KA3CDX01262707,1HLH534,WA,28-01-2026 - Registration will only be transferred to the registered bidder who must hold a valid WA Licence otherwise vehicle will be sold unregistered. Vehicle Sold Without Roadworthy,2.0,4.0,2.8,Diesel,Automatic,107061,km,White,Charcoal,Yes,Yes,Yes,Yes,Yes,WA,https://www.grays.com/lot/0001-9065572/motor-vehicles-motor-cycles/2021-toyota-hilux-4x4-sr-gun126r-turbo-diesel-automatic-crew-cab-chassis,"Dents or marks on body consistent with age and kilometres.
Medium Scratch on Various panels","Air Conditioning, Bull Bar, Cruise Control, Driver Airbag, Electric Windows, Hill Holder System, MP3 Capability, Power Steering, Crash Test Star Rating 5, Location: 6 Spartan Street, Jandakot, WA, 6164, Key No: 32D",99.0,21100.0,12h 55m16s,active,,,,,False
,Q7,3.0,TDI quattro Turbo Diesel Automatic - 8 Speed 7 Seats Wagon,Wagon,7.0,Unable to locate,2011-02,WAUZZZ4L1BD020711,NBL95N,NSW,"Sold Unregistered, Without Plates",0.0,6.0,3,Diesel,Automatic - 8 Speed,197989,km,Black,Black,Yes,No,No,No,Yes,NSW,https://www.grays.com/lot/0001-10351710/motor-vehicles-motor-cycles/audi-q7-3-0-tdi-quattro-turbo-diesel-automatic-8-speed-7-seats-wagon,Please refer to the photos or arrange inspection to view the condition of this vehicle.,"Air Conditioning, CD Player, Central Locking, Climate Control, Driver Airbag, Electric Windows, Leather Trim, MP3 Capability, Power Steering, Reversing Camera, Roof Rail, Satellite navigation system, Sunroof, Third Row Seat, Crash Test Star Rating 4, Location: Rear of 5 Holbeche Road, Arndell Park, NSW, 2148, Key No: 314",,,,active,,,,,False
2015.0,Nissan,Navara,4X2 ST NP300 Turbo Diesel Automatic Dual Cab,Dual Cab,5.0,2015-08,2015-11,MNTCB2D23A0001833,EWW04Z,NSW,"Sold Unregistered, Without Plates",,4.0,2.3,Diesel,Automatic,170476,km,White,Grey,Yes,Yes,Yes,Partial,Yes,NSW,https://www.grays.com/lot/0001-10351711/motor-vehicles-motor-cycles/2015-nissan-navara-4x2-st-np300-turbo-diesel-automatic-dual-cab,Please refer to the photos or arrange inspection to view the condition of this vehicle.,"Air Conditioning, CD Player, Central Locking, Cruise Control, Driver Airbag, Electric Windows, MP3 Capability, Power Steering, Reversing Camera, Location: Rear of 5 Holbeche Road, Arndell Park, NSW, 2148, Key No: 104 (362716)",,,,active,,,,,False
2014.0,Holden,Caprice,V WN Automatic Sedan,Sedan,5.0,2014-06,2014-06,6G1NP5E2XEL992528,CZF26G,,20-01-2026-Registration will only be transferred to the registered bidder who must hold a valid NSW License otherwise vehicle will be sold unregistered.,0.0,8.0,6,Petrol,Automatic,183034,km,Green,Black,Yes,No,Yes,Partial,Yes,NSW,https://www.grays.com/lot/0001-10351715/motor-vehicles-motor-cycles/2014-holden-caprice-v-wn-automatic-sedan,Please refer to the photos or arrange inspection to view the condition of this vehicle.,"Air Conditioning, CD Player, Central Locking, Driver Airbag, Electric Windows, Heated Front Seats, Hill Holder System, Leather Trim, MP3 Capability, Parking Assist System, Power Steering, Reversing Camera, Satellite navigation system, Sunroof, Crash Test Star Rating 5, Location: Rear of 5 Holbeche Road, Arndell Park, NSW, 2148, Key No: 205 (363565)",,,,active,,,,,False
2014.0,Mitsubishi,Outlander,PHEV 4WD ZJ CVT Direct Drive Wagon,Wagon,5.0,2014-04,2016-01,JMFXDGG2WEZ001335,FTY45P,NSW,"Sold Unregistered, Without Plates",0.0,4.0,2,Hybrid,CVT Direct Drive,134353,km,Grey,Black,Yes,No,No,No,Yes,NSW,https://www.grays.com/lot/0001-10351718/motor-vehicles-motor-cycles/2014-mitsubishi-outlander-phev-4wd-zj-cvt-direct-drive-wagon,Please refer to the photos or arrange inspection to view the condition of this vehicle.,"Air Conditioning, CD Player, Climate Control, Cruise Control, Driver Airbag, Electric Windows, Hill Holder System, MP3 Capability, Park Distance Control Rear, Power Steering, Reversing Camera, Roof Rail, Satellite Navigation System, Crash Test Star Rating 5, Location: Rear of 5 Holbeche Road, Arndell Park, NSW, 2148, Key No: 463 (361748)",,,,active,,,,,False
2015.0,Land,Rover,Range Rover Sport 3.0 TDV6 S L494 Automatic 7 Seats Wagon,Wagon,7.0,2015-04,2015-05,SALWA2KE6FA529587,No plates,NSW,"Sold Unregistered, Without Plates",,6.0,3,Diesel,Automatic - 8 Speed,182780,km,White,Black,Yes,Yes,Yes,Yes,Yes,NSW,https://www.grays.com/lot/0001-10351719/motor-vehicles-motor-cycles/2015-land-rover-range-rover-sport-3-0-tdv6-s-l494-automatic-7-seats-wagon,Please refer to the photos or arrange inspection to view the condition of this vehicle.,"Air Conditioning, Auto Control, Bluetooth Capability, CD Player, Central Locking, Climate Control, Cruise Control, Driver Airbag, Electric Windows, Hill Holder System, Leather trim, MP3 Capability, Park Distance Control Front, Park Distance Control Rear, Power Steering, Reversing Camera, Satellite navigation system, Third Row Seat, Location: Rear of 5 Holbeche Road, Arndell Park, NSW, 2148, Key No: 032",,,,active,,,,,False
2004.0,Mazda,3,Neo BK Automatic Hatchback,Hatchback,5.0,2004-01,2004-02,JM0BK10F100106287,DM61XA,NSW,"Sold Unregistered, Without Plates",,4.0,2,Petrol,Automatic,193196,km,Orange,Grey,Yes,No,Yes,Partial,Yes,NSW,https://www.grays.com/lot/0001-10351726/motor-vehicles-motor-cycles/2004-mazda-3-neo-bk-automatic-hatchback,Please refer to the photos or arrange inspection to view the condition of this vehicle.,"Air Conditioning, CD Player, Cruise Control, Driver Airbag, Power Steering, Location: Rear of 5 Holbeche Road, Arndell Park, NSW, 2148, Key No: 243 (363404)",,,,active,,,,,False
,Maloo,R8,VE Automatic Ute,Ute,2.0,10/05/2011,2011/04,6G1EP4EW0BL543027,No plates,NSW,"Sold Unregistered, Without Plates",0.0,8.0,6.2,Petrol,Automatic,159427,km,Black,Black,Yes,No,No,Yes,Yes,NSW,https://www.grays.com/lot/0001-10912983/motor-vehicles-motor-cycles/hsv-maloo-r8-ve-automatic-ute,"Dents or marks on body consistent with age and kilometres.
Engine light ON
Dents or marks on body consistent with age and kilometres.
Front Seat worn Wear on front seats consistent with age and kilometres","Air Conditioning, Bluetooth Capability, CD Player, Central Locking, Climate Control, Cruise Control, Driver Airbag, Electric Windows, MP3 Capability, Park Distance Control Rear, Power Steering, Yes, Roof Rail, Location: 230 Old Maitland Rd, Hexham, NSW, 2322, Key No: 02",,,,active,,,,,False
2013.0,Audi,Q7,3.0 TDI quattro S Line 4L T/D Auto 8 Speed 7 Seats Wagon,Wagon,7.0,2013-11,2014-01,WAUZZZ4L9ED019116,No plates,NSW,"Sold Unregistered, Without Plates",0.0,6.0,3,Diesel,Automatic - 8 Speed,186215,km,White,Black,Yes,No,Yes,Yes,Yes,NSW,https://www.grays.com/lot/0001-10912985/motor-vehicles-motor-cycles/2013-audi-q7-3-0-tdi-quattro-s-line-4l-t-d-auto-8-speed-7-seats-wagon,"Please refer to the photos or arrange inspection to view the condition of this vehicle.
Interior: Various marks and stains consistent with age and klm’s.
Exterior: Various marks and scratches consistent with age and klm’sMultiple small dents on bonnet possible hail","Air Conditioning, Bluetooth Capability, CD Player, Central Locking, Climate Control, Cruise Control, Driver Airbag, Electric Windows, Leather Trim, MP3 Capability, Power Steering, Reversing Camera, Roof Rail, Satellite Navigation System, Sunroof, Third Row Seat, Crash Test Star Rating 4, Location: 230 Old Maitland Rd, Hexham, NSW, 2322",,,,active,,,,,False
2016.0,Audi,Q3,2.0 TDI Quattro Q3 8U Turbo Diesel Automatic Wagon,Wagon,5.0,2016-10,2017-01,WAUZZZ8UXHR039188,No plates,NSW,"Sold Unregistered, Without Plates",0.0,4.0,2,Diesel,Automatic,122324,km,White,Black,Yes,Yes,Yes,No,Yes,NSW,https://www.grays.com/lot/0001-10912986/motor-vehicles-motor-cycles/2016-audi-q3-2-0-tdi-quattro-q3-8u-turbo-diesel-automatic-wagon,"Dents or marks on body consistent with age and kilometres.
.
Medium Scratch on Front bumper
Medium Scratch on Drivers door
Medium Scratch on Driver side rear door
Medium Scratch on Passenger door
Medium Dent on Passenger door
Body/panel damage Passenger side rear door
Medium Scratch on Passenger side front quarter panel
Controls inoperable Infotainment screen not turning on","Air Conditioning, Bluetooth Capability, CD Player, Central Locking, Climate Control, Cruise Control, Driver Airbag, Electric Windows, Leather Trim, MP3 Capability, Park Distance Control Front, Park Distance Control Rear, Power Steering, Reversing Camera, Roof Rail, Satellite Navigation System, Sunroof, Crash Test Star Rating 5, Location: 230 Old Maitland Rd, Hexham, NSW, 2322",,,,active,,,,,False
2008.0,Mini,COOPER,CABRIO R56 Manual Convertible,Convertible,4.0,2008-12,2009-02,WMWMR32050TG07015,No plates,NSW,"Sold Unregistered, Without Plates",0.0,4.0,1.6,Petrol,Manual,122434,km,Black,Tan,Yes,No,Yes,Yes,Yes,NSW,https://www.grays.com/lot/0001-10912987/motor-vehicles-motor-cycles/2008-mini-cooper-cabrio-r56-manual-convertible,"Dents or marks on body consistent with age and kilometres.
Holes drilled into front bumper.
Cracked front bumper.","Air Conditioning, CD Player, Central Locking, Cruise Control, Driver Airbag, Electric Windows, MP3 Capability, Park Distance Control Rear, Power Steering, Location: 230 Old Maitland Rd, Hexham, NSW, 2322",,,,active,,,,,False
2018.0,Volkswagen,Tiguan,110TSI COMFORTLINE MK2 Automatic SUV,SUV,5.0,2018/01,2018/04,WVGZZZ5NZJW389273,EJW27N,NSW,"Sold Unregistered, Without Plates",0.0,4.0,1.4,Petrol,Automatic,164036,km,Blue,Black,Yes,Yes,Yes,Yes,Yes,NSW,https://www.grays.com/lot/0001-10912989/motor-vehicles-motor-cycles/2018-volkswagen-tiguan-110tsi-comfortline-mk2-automatic-suv,"Dents or marks on body consistent with age and kilometres.
Medium Scratch on All Door Handles
Medium Scratch on Roof","Air Conditioning, Bluetooth Capability, CD Player, Central Locking, Climate Control, Cruise Control, Driver Airbag, Electric Windows, Hill Holder System, MP3 Capability, Park Distance Control Front, Park Distance Control Rear, Parking Assist System, Power Steering, Reversing Camera, Roof Rail, Crash Test Star Rating 5, Location: 230 Old Maitland Rd, Hexham, NSW, 2322",,,,active,,,,,False
2002.0,Nissan,Patrol,ST (4x4) GU II Turbo Diesel Automatic 7 Seats Wagon,Wagon,7.0,2002-11,2002-12,JN1TESY61A0345163,1VG6CT,VIC,12-01-2026 - Registration will only be transferred to the registered bidder who must hold a valid VIC Drivers Licence otherwise vehicle will be sold unregistered.,2.0,4.0,3,Diesel,Automatic,283700,km,White,Grey,Yes,No,No,No,Yes,VIC,https://www.grays.com/lot/0001-21058963/motor-vehicles-motor-cycles/2002-nissan-patrol-st-4x4-gu-ii-turbo-diesel-automatic-7-seats-wagon,"Dents or marks on body consistent with age and kilometres.
Corrosion visible Around vehicle
Medium Dent on Around vehicle
Front Seat worn Driver seat","Air Conditioning, CD Player, Central Locking, Driver Airbag, Electric Windows, Power Steering, Third Row Seat, Location: 140-152 National Drive, Dandenong South, VIC, 3175, Key No: 960 (362540)",,,,active,,,,,False
2017.0,Land,Rover,Discovery 2.0 SD4 SE SERIES 5 Auto - 8 Speed 7 Seats Wagon,Wagon,7.0,2017-05,2017-07,SALRA2AN1HA018032,ARO681,VIC,"Sold Unregistered, Without Plates - Registration will only be transferred to the registered bidder who must hold a valid VIC Drivers Licence otherwise vehicle will be sold unregistered.",2.0,4.0,2,Diesel,Automatic - 8 Speed,98345,km,White,Black Leather,Yes,No,No,No,No,VIC,https://www.grays.com/lot/0001-21059915/motor-vehicles-motor-cycles/2017-land-rover-discovery-2-0-sd4-se-series-5-auto-8-speed-7-seats-wagon,"Dents or marks on body consistent with age and kilometres.
Front Seat worn drivers seat","Air Conditioning, Auto Control, Central Locking, Cruise Control, Driver Airbag, Electric Windows, Hill Holder System, Leather Trim, MP3 Capability, Park Distance Control Front, Park Distance Control Rear, Power Steering, Third Row Seat, Location: 140-152 National Drive, Dandenong South, VIC, 3175, Key No: 1262S (363936)",,,,active,,,,,False
2014.0,Subaru,Tribeca,3.6R PREMIUM B9 Automatic 7 Seats Wagon,Wagon,7.0,Unable to locate,2014-05,4S4WXFKU5DS037106,1BX6VU,VIC,05-06-2026 - Registration will only be transferred to the registered bidder who must hold a valid VIC Drivers Licence otherwise vehicle will be sold unregistered.,2.0,6.0,3.6,Petrol,Automatic,216225,km,White,Black,Yes,Yes,No,No,Yes,VIC,https://www.grays.com/lot/0001-21059971/motor-vehicles-motor-cycles/2014-subaru-tribeca-3-6r-premium-b9-automatic-7-seats-wagon,"Engine light ON
Traction control light ON
Engine Smoke visible
Medium Scratch Various Panels.","CD Player, Driver Airbag, Electric Windows, Heated Front Seats, Leather Trim, MP3 Capability, Power Steering, Reversing Camera, Roof Rail, Sunroof, Third Row Seat, Crash Test Star Rating 5, Location: 140-152 National Drive, Dandenong South, VIC, 3175, Key No: 1113 (364318)",,,,active,,,,,False
1997.0,Ford,Falcon,GT EL Automatic Sedan,Sedan,5.0,1997-04,1997-04,6FPAAAJGSWVB39872,No plates,VIC,"Sold Unregistered, Without Plates",0.0,8.0,4.9,Petrol,Automatic,112408,km,Green,Grey,Yes,Yes,Yes,No,No,VIC,https://www.grays.com/lot/0001-21059981/motor-vehicles-motor-cycles/1997-ford-falcon-gt-el-automatic-sedan,"Dents or marks on body consistent with age and kilometres.
Flat Battery. Jump start or towing required.
Bubbles in clear coat.","Air Conditioning, Bull Bar, CD Player, Central Locking, Climate Control, Cruise Control, Driver Airbag, Electric Windows, Leather Trim, Power Steering, Location: 140-152 National Drive, Dandenong South, VIC, 3175, Key No: 1831 (361996)",,,,active,,,,,False
2014.0,Mercedes,Benz,CLA 200 CLA200 C117 WOVR-INSPECTED,Coupe,5.0,2014-06,2014-08,WDD1173432N114663,DIZ989,VIC,13-01-2026 - Registration will only be transferred to the registered bidder who must hold a valid VIC Drivers Licence otherwise vehicle will be sold unregistered.,2.0,4.0,1.6,Petrol,Automatic,"103248 Odometer discrepancy detected, see attached history report",km,White,Black Leather,Yes,No,Yes,Partial,Yes,VIC,https://www.grays.com/lot/0001-21060066/motor-vehicles-motor-cycles/2014-mercedes-benz-cla-200-cla200-c117-wovr-inspected,Dents or marks on body consistent with age and kilometres.,"Air Conditioning, CD Player, Climate Control, Driver Airbag, Electric Windows, Hill Holder System, MP3 Capability, Parking Assist System, Power Steering, Reversing Camera, Satellite navigation system, Crash Test Star Rating 5, Location: 140-152 National Drive, Dandenong South, VIC, 3175, Key No: 1075 (364443)",,,,active,,,,,False
2017.0,Mazda,BT-50,4X4 XT Turbo Diesel Automatic Dual Cab,Dual Cab,5.0,2017-01,2017-02,MM0UR0YG100688426,No plates,NSW,"Sold Unregistered, Without Plates",0.0,5.0,3.2,Diesel,Automatic,96826,km,White,Black,Yes,No,Yes,Yes,Yes,VIC,https://www.grays.com/lot/0001-21060067/motor-vehicles-motor-cycles/2017-mazda-bt-50-4x4-xt-turbo-diesel-automatic-dual-cab,"Dents or marks on body consistent with age and kilometres.
Seat Torn Back seat
Medium Scratch on various panels
Corrosion visible on boot","Air Conditioning, Auto Control, Bull bar, CD Player, Central Locking, Cruise Control, Driver Airbag, Electric Windows, Hill Holder System, MP3 Capability, Power Steering, Crash Test Star Rating 5, Location: 140-152 National Drive, Dandenong South, VIC, 3175, Key No: 993 (364437)",,,,active,,,,,False
2016.0,Mazda,BT-50,4X2 XT Turbo Diesel Automatic Cab Chassis,Cab Chassis,2.0,2016-10,2016-11,MM0UR0YE100650285,No plates,VIC,"Sold Unregistered, Without Plates",0.0,4.0,2.2,Diesel,Automatic,60872,km,White,Black,Yes,Yes,Yes,Yes,Yes,VIC,https://www.grays.com/lot/0001-21060068/motor-vehicles-motor-cycles/2016-mazda-bt-50-4x2-xt-turbo-diesel-automatic-cab-chassis,"Dents or marks on body consistent with age and kilometres.
Medium Scratch on various panels","Air Conditioning, Bluetooth Capability, CD Player, Cruise Control, Driver Airbag, Electric Windows, Hill Holder System, MP3 Capability, Power Steering, Crash Test Star Rating 5, Location: 140-152 National Drive, Dandenong South, VIC, 3175, Key No: 1013 (364370)",,,,active,,,,,False
2003.0,Mitsubishi,Challenger,PA Automatic Wagon,Wagon,5.0,2003-04,2003-05,JMF0RK9603J001573,No plates,WA,"Sold Unregistered, Without Plates",0.0,6.0,3,Petrol,Automatic,290930,km,White,Grey,Yes,No,Yes,Partial,Yes,VIC,https://www.grays.com/lot/0001-21060069/motor-vehicles-motor-cycles/2003-mitsubishi-challenger-pa-automatic-wagon,"Dents or marks on body consistent with age and kilometres.
Front Seat Stains Both
Paint fading Around vehicle
Medium Scratch on Boot door
Large Scratch on Crack in rear wheel arch passenger side
Door card Worn.
rear bumper Cracked bumper.","Air Conditioning, Bluetooth Capability, Central Locking, Cruise Control, Driver Airbag, Electric Windows, MP3 Capability, Power Steering, Roof Rail/Roof Rack, Location: 140-152 National Drive, Dandenong South, VIC, 3175, Key No: 361 (363957)",,,,active,,,,,False
2009.0,Mercedes,Benz,C200 Classic W204 Automatic Sedan,Sedan,5.0,2009-05,2009-06,WDD2040412A294536,MCOLLI,VIC,"Sold Unregistered, Without Plates",0.0,4.0,1.8,Petrol,Automatic,82196,km,Silver,Black,Yes,No,Yes,Partial,Yes,VIC,https://www.grays.com/lot/0001-21060070/motor-vehicles-motor-cycles/2009-mercedes-benz-c200-classic-w204-automatic-sedan,"Medium Scratch on Around vehicle
Medium Scratch on Around vehicle
Dents or marks on body consistent with age and kilometres.
Dents or marks on body consistent with age and kilometres.","Air Conditioning, CD Player, Central Locking, Climate Control, Driver Airbag, Electric Windows, Hill Holder System, MP3 Capability, Power Steering, Reversing Camera, Sunroof, Crash Test Star Rating 5, Location: 140-152 National Drive, Dandenong South, VIC, 3175, Key No: 1020 (364464)",,,,active,,,,,False
2017.0,Toyota,Yaris,Ascent NCP130R Automatic Hatchback,Hatchback,5.0,2017-03,2017-04,JTDKW3D360D590100,1KE5FW,VIC,26-01-2026 - Registration will only be transferred to the registered bidder who must hold a valid VIC Drivers Licence otherwise vehicle will be sold unregistered.,2.0,4.0,1.3,Petrol,Automatic,"82638 Odometer discrepancy detected, see attached history report",km,White,Black,Yes,Yes,No,No,Yes,VIC,https://www.grays.com/lot/0001-21060071/motor-vehicles-motor-cycles/2017-toyota-yaris-ascent-ncp130r-automatic-hatchback,"Dents or marks on body consistent with age and kilometres.
Seat Torn Driver seat
Carpet worn in places.
Door card Worn.","Air Conditioning, Bluetooth Capability, CD Player, Central Locking, Cruise Control, Driver Airbag, Electric Windows, MP3 Capability, Power Steering, Reversing Camera, Crash Test Star Rating 5, Location: 140-152 National Drive, Dandenong South, VIC, 3175, Key No: 221 (364315)",,,,active,,,,,False
2000.0,Nissan,Patrol,ST 3.0 GU II Turbo Diesel Automatic 7 Seats Wagon,Wagon,7.0,2000-09,2000-11,JN1TESY61A0304542,2CQ8RN,VIC,03-12-2025 - Registration will only be transferred to the registered bidder who must hold a valid VIC Drivers Licence otherwise vehicle will be sold unregistered.,2.0,4.0,3,Diesel,Automatic,"300115 Odometer discrepancy detected, see attached history report",km,Silver,Grey,Yes,No,No,No,Yes,VIC,https://www.grays.com/lot/0001-21060072/motor-vehicles-motor-cycles/2000-nissan-patrol-st-3-0-gu-ii-turbo-diesel-automatic-7-seats-wagon,"Front Seat Stains Both
Seat Torn Driver seat
Back Seat Stains.
Dents or marks on body consistent with age and kilometres.
Paint fading All around vehicle
Corrosion visible Bonnet","Air Conditioning, Bull bar, Electric Windows, Power Steering, Third Row Seat, Location: 140-152 National Drive, Dandenong South, VIC, 3175, Key No: 224 (363930)",,,,active,,,,,False
2011.0,Mercedes,Benz,E-Class E250 ELEGANCE C207 Automatic Coupe,Coupe,4.0,2011-05,2012-03,WDD2073472F130327,YVE337,VIC,29-12-2025 - Registration will only be transferred to the registered bidder who must hold a valid VIC Drivers Licence otherwise vehicle will be sold unregistered.,2.0,4.0,1.8,Petrol,Automatic,262121,km,Black,Black Leather,Yes,No,Yes,Partial,Yes,VIC,https://www.grays.com/lot/0001-21060073/motor-vehicles-motor-cycles/2011-mercedes-benz-e-class-e250-elegance-c207-automatic-coupe,"Airbag light ON
Large Dent on Rear bar
Dents or marks on body consistent with age and kilometres.
Seat Torn LHR seat","Air Conditioning, CD Player, Climate Control, Cruise Control, Driver Airbag, Electric Windows, Hill Holder System, Leather Trim, MP3 Capability, Park distance control front, Park Distance Control Rear, Parking Assist System, Power Steering, Satellite Navigation System, Sunroof, Location: 140-152 National Drive, Dandenong South, VIC, 3175, Key No: 245 (364384)",,,,active,,,,,False
2008.0,Mercedes,Benz,B-Class B180 CDI W245 Turbo Diesel CVT Hatchback,Hatchback,5.0,2008-01,2008-03,WDD2452072J343869,WIC573,VIC,27-03-2026 - Registration will only be transferred to the registered bidder who must hold a valid VIC Drivers Licence otherwise vehicle will be sold unregistered.,2.0,4.0,2,Diesel,CVT,276012,km,Black,Black Leather,Yes,Yes,No,Yes,Yes,VIC,https://www.grays.com/lot/0001-21060080/motor-vehicles-motor-cycles/2008-mercedes-benz-b-class-b180-cdi-w245-turbo-diesel-cvt-hatchback,"Dents or marks on body consistent with age and kilometres.
Windscreen Chipped or Cracked.
Medium Dent on Around vehicle
Medium Scratch on Around vehicle","Air Conditioning, CD Player, Cruise Control, Driver Airbag, Electric Windows, Leather Trim, Park Distance Control Rear, Power Steering, Reversing Camera, Satellite Navigation System, Sunroof, Crash Test Star Rating 5, Location: 140-152 National Drive, Dandenong South, VIC, 3175, Key No: 781 (364396)",,,,active,,,,,False
2002.0,Toyota,Caldina,Automatic Wagon,,5.0,2002-11,2010-01,6U900ST2460003132,No plates,,"Sold Unregistered, Without Plates",0.0,4.0,2,Turbo Petrol,Automatic,202299,km,White,Black,Yes,No,No,No,Yes,VIC,https://www.grays.com/lot/0001-21060096/motor-vehicles-motor-cycles/2002-toyota-caldina-automatic-wagon,"Dents or marks on body consistent with age and kilometres.
Medium Scuff on Around vehicle
Radio Not Working
Corrosion visible Around vehicle","Air Conditioning, CD Player, Driver Airbag, Electric Windows, Power Steering, Location: 140-152 National Drive, Dandenong South, VIC, 3175, Key No: 956 (362688)",,,,active,,,,,False
2012.0,Hyundai,iLOAD,TQ Turbo Diesel Automatic Van,Van,3.0,2012-06,2012-07,KMFWBX7KMCU491850,No plates,VIC,"Sold Unregistered, Without Plates",0.0,4.0,2.5,Diesel,Automatic,224023,km,White,Grey,Yes,No,Yes,Partial,Yes,VIC,https://www.grays.com/lot/0001-21060102/motor-vehicles-motor-cycles/2012-hyundai-iload-tq-turbo-diesel-automatic-van,Dents or marks on body consistent with age and kilometres.,"Air Conditioning, CD Player, Driver Airbag, Electric Windows, MP3 Capability, Power Steering, Crash Test Star Rating 4, Location: 140-152 National Drive, Dandenong South, VIC, 3175, Key No: 769 (358705)",,,,active,,,,,False
2011.0,Toyota,Kluger,4X4 KX-S GSU45R Automatic 7 Seats Wagon,Wagon,7.0,2011-12,2012-01,JTEES41A202192360,2CJ3JZ,VIC,14-01-2026 - Registration will only be transferred to the registered bidder who must hold a valid VIC Drivers Licence otherwise vehicle will be sold unregistered.,2.0,6.0,3.5,Petrol,Automatic,216238,km,Blue,Black Leather,Yes,Yes,Yes,Partial,Yes,VIC,https://www.grays.com/lot/0001-21060104/motor-vehicles-motor-cycles/2011-toyota-kluger-4x4-kx-s-gsu45r-automatic-7-seats-wagon,"Dents or marks on body consistent with age and kilometres.
Back Seat worn.
Large Scratch on Large scrape with scratches on LH rear passenger door
Door Mirror Broken LH side mirror cracked
Large Scuff on Front bumper
Paint peeling Sun damage with cracks and peeling on multiple spots around vehicle","Air Conditioning, Auto Control, CD Player, Driver Airbag, Electric Windows, Heated Front Seats, Hill Holder System, Leather Trim, MP3 Capability, Nudge Bar, Power Steering, Roof Rail, Third Row Seat, Crash Test Star Rating 5, Location: 140-152 National Drive, Dandenong South, VIC, 3175, Key No: 58 (364341)",,,,active,,,,,False
2016.0,Toyota,Landcruiser,Prado KAKADU GDJ150R Turbo Diesel Auto 7 Sts Wagon,Wagon,7.0,2016-06,2016-07,JTEBR3FJ60K029907,2DW5XS,VIC,19-02-2026 - Registration will only be transferred to the registered bidder who must hold a valid VIC Drivers Licence otherwise vehicle will be sold unregistered.,2.0,4.0,2.8,Diesel,Automatic,155311,km,Silver,Black Leather,Yes,No,Yes,Yes,Yes,VIC,https://www.grays.com/lot/0001-21060106/motor-vehicles-motor-cycles/2016-toyota-landcruiser-prado-kakadu-gdj150r-turbo-diesel-auto-7-sts-wagon,"Dents or marks on body consistent with age and kilometres.
Paint fading Driver door
Other Warning light ON","Air Conditioning, Auto Control, CD Player, Central Locking, Cruise Control, Driver Airbag, Electric Windows, Heated Front Seats, Hill Holder System, Leather Trim, MP3 Capability, Park Distance Control Front, Park Distance Control Rear, Power Steering, Reversing Camera, Roof Rail, Sunroof, Third Row Seat, Crash Test Star Rating 5, Location: 140-152 National Drive, Dandenong South, VIC, 3175, Key No: 544 (364294)",,,,active,,,,,False
2011.0,Nissan,X-Trail,ST-L T31 CVT Wagon,Wagon,5.0,2011-12,2012-03,JN1TANT31A0111726,1RQ8CJ,VIC,06-04-2026 - Registration will only be transferred to the registered bidder who must hold a valid VIC Drivers Licence otherwise vehicle will be sold unregistered.,2.0,4.0,2.5,Petrol,CVT,322635,km,Grey,Black Leather,Yes,Yes,Yes,Partial,Yes,VIC,https://www.grays.com/lot/0001-21060112/motor-vehicles-motor-cycles/2011-nissan-x-trail-st-l-t31-cvt-wagon,"Dents or marks on body consistent with age and kilometres.
Engine noise observed.","Air Conditioning, Auto Control, CD Player, Central Locking, Driver Airbag, Electric Windows, Hill Holder System, MP3 Capability, Power Steering, Reversing Camera, Roof Rail, Crash Test Star Rating 4, Location: 140-152 National Drive, Dandenong South, VIC, 3175, Key No: 76 (364071)",,,,active,,,,,False
2013.0,Holden,Cruze,CD JH Manual Hatchback,Hatchback,5.0,2013-05,2013-05,6G1PD6EMXEL905686,No plates,VIC,"Sold Unregistered, Without Plates",0.0,4.0,1.8,Petrol,Manual,91690,km,Silver,Black,Yes,Yes,No,Partial,Yes,VIC,https://www.grays.com/lot/0001-21060118/motor-vehicles-motor-cycles/2013-holden-cruze-cd-jh-manual-hatchback,"Door Mirror Broken Driver side
Hail damage visible.
Dents or marks on body consistent with age and kilometres.
Large Scuff on Passenger back door and wheel arch
Paint fading All around vehicle","Air Conditioning, Central Locking, Cruise Control, Driver Airbag, Electric Windows, MP3 Capability, Power Steering, Crash Test Star Rating 5, Location: 140-152 National Drive, Dandenong South, VIC, 3175, Key No: 989 (363846)",,,,active,,,,,False
2011.0,Jeep,Grand,Cherokee Limited WK Automatic Wagon,Wagon,5.0,2011-05,2011-11,1J4R25GG5BC710346,AMM861,VIC,18-11-2025 - Registration will only be transferred to the registered bidder who must hold a valid VIC Drivers Licence otherwise vehicle will be sold unregistered.,2.0,6.0,3.6,Petrol,Automatic,194511,km,Grey,Black Leather,Yes,Yes,No,No,Yes,VIC,https://www.grays.com/lot/0001-21060121/motor-vehicles-motor-cycles/2011-jeep-grand-cherokee-limited-wk-automatic-wagon,"Dents or marks on body consistent with age and kilometres.
Large Dent on Left front panel
Medium Scratch on In few spots
Medium Scuff on In few spots
Medium Dent on In few spots","Air Conditioning, Auto Control, CD Player, Central Locking, Climate Control, Cruise Control, Driver Airbag, Electric Windows, Heated Front Seats, Hill Holder System, Leather Trim, MP3 Capability, Park Distance Control Front, Park Distance Control Rear, Power Steering, Reversing Camera, Roof Rail, N/I, Location: 140-152 National Drive, Dandenong South, VIC, 3175, Key No: 704 (363560)",,,,active,,,,,False
2006.0,Mazda,6,Classic GG Manual Sedan,Sedan,5.0,2006-07,2006-07,JM0GG103200527240,2CM2KR,VIC,05-01-2026 - Registration will only be transferred to the registered bidder who must hold a valid VIC Drivers Licence otherwise vehicle will be sold unregistered.,2.0,4.0,2.3,Petrol,Manual,337812,km,Grey,Black,Yes,Yes,Yes,No,Yes,VIC,https://www.grays.com/lot/0001-21060122/motor-vehicles-motor-cycles/2006-mazda-6-classic-gg-manual-sedan,"Driveline requires attention, recommend inspection by qualified third party
Paint fading Around vehicle
Medium Scuff on Around vehicle
Front Seat worn driver side
Dents or marks on body consistent with age and kilometres.","Air Conditioning, CD Player, Central locking, Cruise Control, Driver airbag, Electric windows, Mp3 capability, Power steering, Crash Test Star Rating 4, Location: 140-152 National Drive, Dandenong South, VIC, 3175, Key No: 662 (364480)",,,,active,,,,,False
2009.0,Hyundai,Getz,SX TB Automatic Hatchback,Hatchback,5.0,2009-04,2009-07,KMHBT51BR9U919578,XDQ571,VIC,17-07-2026 - Registration will only be transferred to the registered bidder who must hold a valid VIC Drivers Licence otherwise vehicle will be sold unregistered.,2.0,4.0,1.6,Petrol,Automatic,198695,km,Red,Black,Yes,Yes,Yes,Partial,Yes,VIC,https://www.grays.com/lot/0001-21060123/motor-vehicles-motor-cycles/2009-hyundai-getz-sx-tb-automatic-hatchback,"Dents or marks on body consistent with age and kilometres.
Damaged Left rear taillight
Paint peeling Door mirrors and door handles
Medium Scratch on Around vehicle","Air Conditioning, Driver Airbag, Electric Windows, Power Steering, Location: 140-152 National Drive, Dandenong South, VIC, 3175, Key No: 495 (364489)",,,,active,,,,,False
2003.0,Jeep,Cherokee,Limited KJ Automatic Wagon,Wagon,5.0,2003-05,2003-08,1J8GM58K03W693202,ZTT446,VIC,16-05-2026 - Registration will only be transferred to the registered bidder who must hold a valid VIC Drivers Licence otherwise vehicle will be sold unregistered.,2.0,6.0,3.7,Petrol,Automatic,205453,km,Blue,Beige Leather,Yes,Yes,Yes,Partial,Yes,VIC,https://www.grays.com/lot/0001-21060124/motor-vehicles-motor-cycles/2003-jeep-cherokee-limited-kj-automatic-wagon,"Dents or marks on body consistent with age and kilometres.
Paint peeling All around vehicle
Front Seat worn Both
Seat Torn Driver seat
Paint fading on various panels
Medium Scuff on various panels
Interior: Wear and tear consistent with age and kilometres travelled with Steering wheel worn
Interior: Wear and tear consistent with age and kilometres travelled with Steering wheel worn","Air Conditioning, Cruise Control, Driver Airbag, Electric Windows, Leather Trim, Nudge bar, Park Distance Control Rear, Power Steering, Reversing camera, Roof Rail, Sunroof, Location: 140-152 National Drive, Dandenong South, VIC, 3175, Key No: 263 (364455)",,,,active,,,,,False
2007.0,Mazda,6,Sports GY Automatic Wagon,Wagon,5.0,2007-03,2007-04,JM0GY103200304581,UWJ671,VIC,22-03-2026 - Registration will only be transferred to the registered bidder who must hold a valid VIC Drivers Licence otherwise vehicle will be sold unregistered.,2.0,4.0,2.3,Petrol,Automatic,286185,km,Black,Black,Yes,Yes,Yes,Partial,Yes,VIC,https://www.grays.com/lot/0001-21060125/motor-vehicles-motor-cycles/2007-mazda-6-sports-gy-automatic-wagon,"Carpet worn in places.
Medium Scratch on Around vehicle
Paint fading Roof spoiler and rear bumper
Windscreen Chipped or Cracked.
Medium Scuff on Around vehicle","Air Conditioning, CD Player, Cruise Control, Driver Airbag, Electric Windows, MP3 Capability, Power Steering, Roof Rail, Crash Test Star Rating 4, Location: 140-152 National Drive, Dandenong South, VIC, 3175, Key No: 394 (364548)",,,,active,,,,,False
2013.0,Ford,Kuga,AWD TREND TF Automatic Wagon,Wagon,5.0,2013-02,2013-04,WF0AXXWPMADU08004,ZSW555,VIC,15-04-2026 - Registration will only be transferred to the registered bidder who must hold a valid VIC Drivers Licence otherwise vehicle will be sold unregistered.,2.0,4.0,1.6,Petrol,Automatic,155827,km,Silver,Black,Yes,Yes,No,Partial,Yes,VIC,https://www.grays.com/lot/0001-21060128/motor-vehicles-motor-cycles/2013-ford-kuga-awd-trend-tf-automatic-wagon,"Dents or marks on body consistent with age and kilometres.
Windscreen Chipped or Cracked.
Large Scuff on Front left bumper","Air Conditioning, CD Player, Central Locking, Climate Control, Cruise Control, Driver Airbag, Electric Windows, Park Distance Control Rear, Power Steering, Roof Rail, Crash Test Star Rating 5, Location: 140-152 National Drive, Dandenong South, VIC, 3175, Key No: 570 (364511)",,,,active,,,,,False
2016.0,Kia,Carnival,S YP Automatic 8 Seats People Mover,People Mover,8.0,2016-04,2016-05,KNAMB811MG6224724,1NJ8AX,VIC,03-01-2026 - Registration will only be transferred to the registered bidder who must hold a valid VIC Drivers Licence otherwise vehicle will be sold unregistered.,2.0,6.0,3.3,Petrol,Automatic,339764,km,Silver,Cream,Yes,No,Yes,Partial,Yes,VIC,https://www.grays.com/lot/0001-21060129/motor-vehicles-motor-cycles/2016-kia-carnival-s-yp-automatic-8-seats-people-mover,"Back Seat Stains, Driver seat worn.
Dents, marks, scratches on body consistent with age and kilometres.
Front bumper Cracked.
Paint peeling various panels
Mirror signal light requires attention","Air Conditioning, Bluetooth Capability, CD Player, Central Locking, Climate Control, Cruise Control, Driver Airbag, Electric Windows, Hill Holder System, MP3 Capability, Park Distance Control Rear, Power Steering, Reversing Camera, Roof Rail, Third Row Seat, Crash Test Star Rating 4, Location: 140-152 National Drive, Dandenong South, VIC, 3175, Key No: 589 (363780)",,,,active,,,,,False
2011.0,Land,Rover,Range Rover Sport 3.0 TDV6 Turbo Diesel Automatic Wagon,Wagon,5.0,2011-04,2011-06,SALLSAAF3BA701047,YKC256,VIC,28-06-2026 - Registration will only be transferred to the registered bidder who must hold a valid VIC Drivers Licence otherwise vehicle will be sold unregistered.,2.0,6.0,3,Diesel,Automatic,324154,km,Silver,Cream Leather,Yes,Yes,Yes,Partial,Yes,VIC,https://www.grays.com/lot/0001-21060130/motor-vehicles-motor-cycles/2011-land-rover-range-rover-sport-3-0-tdv6-turbo-diesel-automatic-wagon,"Engine idling rough
Door card Damaged. Right rear taillight requires attention.
Dents or marks on body consistent with age and kilometres.
Other Warning light ON
Paint fading on various panels","Air Conditioning, CD Player, Central Locking, Climate Control, Cruise Control, Driver Airbag, Electric Windows, Leather Trim, Park distance control front, Park Distance Control Rear, Power Steering, Reversing Camera, Roof Rail, Satellite Navigation System, Sunroof, Location: 140-152 National Drive, Dandenong South, VIC, 3175, Key No: 718 (364495)",,,,active,,,,,False
2011.0,Audi,Q5,2.0 TFSI Quattro 8R Automatic Wagon,Wagon,5.0,2011-12,2012-02,WAUZZZ8R4CA067524,1OR3FE,VIC,04-04-2026 - Registration will only be transferred to the registered bidder who must hold a valid VIC Drivers Licence otherwise vehicle will be sold unregistered.,2.0,4.0,2,Premium Unleaded,Automatic,117063,km,Grey,Black Leather,Yes,Yes,Yes,Yes,Yes,VIC,https://www.grays.com/lot/0001-21060131/motor-vehicles-motor-cycles/2011-audi-q5-2-0-tfsi-quattro-8r-automatic-wagon,"Dents or marks on body consistent with age and kilometres.
Medium Scuff on Rhr bar","Air Conditioning, Auto Control, Central Locking, Climate Control, Driver Airbag, Electric Windows, Leather Trim, Mp3 capability, Power Steering, Roof Rail, Satellite Navigation System, Crash Test Star Rating 5, Location: 140-152 National Drive, Dandenong South, VIC, 3175, Key No: 302 (364556)",,,,active,,,,,False
2015.0,Holden,Captiva,7 LTZ AWD CG II Turbo Diesel Automatic 7 Seats Wagon,Wagon,7.0,2015-12,2016-02,KL3CD2669GB507773,AGV228,VIC,08-10-2026 - Registration will only be transferred to the registered bidder who must hold a valid VIC Drivers Licence otherwise vehicle will be sold unregistered.,2.0,4.0,2.2,Diesel,Automatic,56582,km,Grey,Black Leather,Yes,Yes,Yes,Yes,Yes,VIC,https://www.grays.com/lot/0001-21060132/motor-vehicles-motor-cycles/2015-holden-captiva-7-ltz-awd-cg-ii-turbo-diesel-automatic-7-seats-wagon,"Dents or marks on body consistent with age and kilometres.
Paint peeling on roof
Paint fading various panels","Air Conditioning, Auto Control, Climate Control, Cruise Control, Driver airbag, Electric windows, Leather Trim, MP3 Capability, Park distance control front, Park Distance Control Rear, Parking Assist System, Power steering, Reversing Camera, Roof Rail, Sunroof, Third Row Seat, Location: 140-152 National Drive, Dandenong South, VIC, 3175, Key No: 317 (364492)",,,,active,,,,,False
2010.0,Holden,Commodore,SV6 VE Automatic Wagon,Wagon,5.0,2010-09,2010-09,6G1EK8EV7BL506182,YFE715,VIC,28-20-2026 - Registration will only be transferred to the registered bidder who must hold a valid VIC Drivers Licence otherwise vehicle will be sold unregistered.,2.0,6.0,3.6,Petrol,Automatic,172529,km,Silver,Black,Yes,Yes,Yes,Partial,Yes,VIC,https://www.grays.com/lot/0001-21060133/motor-vehicles-motor-cycles/2010-holden-commodore-sv6-ve-automatic-wagon,"Hood Lining Sagging
Medium Dent, Scuff on Rear bumper and RHF bumper
Dents or marks, wear and tear consistent with age and kilometres.","Air Conditioning, CD Player, Central Locking, Cruise Control, Driver Airbag, Electric Windows, Park distance control front, Park Distance Control Rear, Power Steering, Roof Rail, Crash Test Star Rating 5, Location: 140-152 National Drive, Dandenong South, VIC, 3175, Key No: 350 (364499)",,,,active,,,,,False
2008.0,Toyota,Aurion,AT-X GSV40R Automatic Sedan,Sedan,5.0,2008-01,2008-01,6T153KK400X302380,1VR1NU,,"Sold Unregistered, Without Plates",2.0,6.0,3.5,Petrol,Automatic,298831,km,Blue,Black,Yes,Yes,Yes,No,Yes,VIC,https://www.grays.com/lot/0001-21060134/motor-vehicles-motor-cycles/2008-toyota-aurion-at-x-gsv40r-automatic-sedan,"Controls Broken Bonnet release
Dents or marks on body consistent with age and kilometres.
Paint fading Around vehicle
Large Scratch on Left rear passenger door and rear quarter","Air Conditioning, Central Locking, Driver Airbag, Electric Windows, Power Steering, Crash Test Star Rating 4, Location: 140-152 National Drive, Dandenong South, VIC, 3175, Key No: 232 (364503)",,,,active,,,,,False
2011.0,Toyota,Rav,4 CV 2WD ACA38R Manual Wagon,Wagon,5.0,2011-03,2011-03,JTMZD33V605189583,PYJ036,VIC,05-01-2026 - Registration will only be transferred to the registered bidder who must hold a valid VIC Drivers Licence otherwise vehicle will be sold unregistered.,2.0,4.0,2.4,Petrol,Manual,237760,km,Blue,Black,Yes,Yes,Yes,Partial,Yes,VIC,https://www.grays.com/lot/0001-21060135/motor-vehicles-motor-cycles/2011-toyota-rav-4-cv-2wd-aca38r-manual-wagon,"Dents or marks on body consistent with age and kilometres.
Medium Scuff on various panels
Paint fading on various panels","Air conditioning, CD Player, Central locking, Climate Control, Cruise Control, Driver airbag, Electric windows, Mp3 capability, Power steering, Crash Test Star Rating 4, Location: 140-152 National Drive, Dandenong South, VIC, 3175, Key No: 645 (364502)",,,,active,,,,,False
2014.0,Ford,Kuga,TREND AWD TF II Automatic Wagon,Wagon,5.0,2014-10,2014-12,WF0AXXWPMAER87679,1EB7JQ,VIC,18-11-2025 - Registration will only be transferred to the registered bidder who must hold a valid VIC Drivers Licence otherwise vehicle will be sold unregistered.,2.0,4.0,2,Petrol,Automatic,230991,km,Black,Black Leather,Yes,No,Yes,Partial,Yes,VIC,https://www.grays.com/lot/0001-21060136/motor-vehicles-motor-cycles/2014-ford-kuga-trend-awd-tf-ii-automatic-wagon,"Dents or marks on body consistent with age and kilometres.
Corrosion visible Bonnet
Paint fading roof","Air Conditioning, CD Player, Central Locking, Climate Control, Cruise Control, Driver Airbag, Electric Windows, Hill Holder System, Leather Trim, MP3 Capability, Park Distance Control Rear, Power Steering, Roof Rail, Crash Test Star Rating 5, Location: 140-152 National Drive, Dandenong South, VIC, 3175, Key No: 1138 (364424)",,,,active,,,,,False
2005.0,Holden,Astra,CDXi AH Manual Hatchback,Hatchback,5.0,2005-01,2005-03,W0L0AHL4855101584,1VU1GH,VIC,22-04-2026 - Registration will only be transferred to the registered bidder who must hold a valid VIC Drivers Licence otherwise vehicle will be sold unregistered.,2.0,4.0,1.8,Petrol,Manual,280066,km,Gold,Black,Yes,No,Yes,Partial,Yes,VIC,https://www.grays.com/lot/0001-21060137/motor-vehicles-motor-cycles/2005-holden-astra-cdxi-ah-manual-hatchback,"Paint fading Around exterior
Medium Dent on Around exterior
Medium Scuff on Rear bumper
Front Seat worn Driver seat
Medium Scratch on various panels
Dents or marks on body consistent with age and kilometres.","Air Conditioning, CD Player, Cruise Control, Driver Airbag, Electric Windows, Leather Trim, Power Steering, Crash Test Star Rating 5, Location: 140-152 National Drive, Dandenong South, VIC, 3175, Key No: 1070 (364528)",,,,active,,,,,False
2019.0,Mitsubishi,Eclipse,Cross YA Automatic SUV,,5.0,2019-07,2019-07,JMFXTGK1WLZ00025,1TU9VL,VIC,29-12-2025 - Registration will only be transferred to the registered bidder who must hold a valid VIC Drivers Licence otherwise vehicle will be sold unregistered.,2.0,4.0,1.5,Petrol,Automatic,96089,km,Blue,Black,Yes,Yes,No,No,Yes,VIC,https://www.grays.com/lot/0001-21060138/motor-vehicles-motor-cycles/2019-mitsubishi-eclipse-cross-ya-automatic-suv,"Engine Smoke visible
Dents or marks on body consistent with age and kilometres.
Medium Scratch on Drivers door","Air Conditioning, Central Locking, Cruise Control, Driver Airbag, Electric Windows, Park Distance Control Rear, Power Steering, Reversing Camera, Roof Rail, Location: 140-152 National Drive, Dandenong South, VIC, 3175, Key No: 74 (364529)",,,,active,,,,,False
2015.0,Mazda,CX-5,Grand Touring KE Turbo Diesel Automatic Wagon,Wagon,5.0,2015-09,2015-10,JM0KE102200340074,AGN939,,16-12-2025 - Registration will only be transferred to the registered bidder who must hold a valid VIC Drivers Licence otherwise vehicle will be sold unregistered.,2.0,4.0,2.2,Diesel,Automatic,120333,km,Silver,Black Leather,Yes,Yes,Yes,Yes,Yes,VIC,https://www.grays.com/lot/0001-21060139/motor-vehicles-motor-cycles/2015-mazda-cx-5-grand-touring-ke-turbo-diesel-automatic-wagon,"Engine idling rough
Dents or marks on body consistent with age and kilometres.
Engine Smoke visible","Air Conditioning, CD Player, Central Locking, Cruise Control, Driver Airbag, Electric Windows, Heated Front Seats, Hill Holder System, Leather Trim, MP3 Capability, Park Distance Control Front, Park Distance Control Rear, Power Steering, Roof Rail/Roof Rack, Satellite Navigation System, Sunroof, Crash Test Star Rating 5, Location: 140-152 National Drive, Dandenong South, VIC, 3175, Key No: 491 (363719)",,,,active,,,,,False
2014.0,Volkswagen,Tiguan,132 TSI PACIFIC 5N Automatic Wagon,Wagon,5.0,2014-04,2014-06,WVGZZZ5NZEW107543,1CA2UC,VIC,15-01-2026 - Registration will only be transferred to the registered bidder who must hold a valid VIC Drivers Licence otherwise vehicle will be sold unregistered.,2.0,4.0,2,Petrol,Automatic,189866,km,Black,Black Leather,Yes,No,Yes,Partial,Yes,VIC,https://www.grays.com/lot/0001-21060140/motor-vehicles-motor-cycles/2014-volkswagen-tiguan-132-tsi-pacific-5n-automatic-wagon,"Engine idling rough
Engine light ON
Dents or marks on body consistent with age and kilometres.
Large Scratch on Driver door
Medium Dent on Passenger door
Large Scuff on Front and Rear bumper
Door Mirror Broken Driver
Interior: Wear and tear consistent with age and kilometres travelled with Steering wheel and driver seat worn.
Interior: Wear and tear consistent with age and kilometres travelled with Steering wheel and driver seat worn.","Air Conditioning, Bluetooth Capability, CD Player, Central Locking, Climate Control, Cruise Control, Driver Airbag, Electric Windows, Hill Holder System, MP3 Capability, Park Distance Control Front, Park Distance Control Rear, Parking Assist System, Power Steering, Roof Rail, Crash Test Star Rating 5, Location: 140-152 National Drive, Dandenong South, VIC, 3175, Key No: 454 (364468)",,,,active,,,,,False
2005.0,Holden,Rodeo,DX 2.4 RA Manual Cab Chassis,Cab Chassis,3.0,2005-11,2005-12,MPATFR32J5H594175,WYT455,VIC,01-01-2026 - Registration will only be transferred to the registered bidder who must hold a valid VIC Drivers Licence otherwise vehicle will be sold unregistered.,2.0,4.0,2.4,Petrol,Manual,337348,km,White,Grey,Yes,No,Yes,Partial,Yes,VIC,https://www.grays.com/lot/0001-21060141/motor-vehicles-motor-cycles/2005-holden-rodeo-dx-2-4-ra-manual-cab-chassis,"Engine idling rough
Large Dent on Rhf guard
Damaged Rh indicator
Corrosion visible Around vehicle
Dents or marks on body consistent with age and kilometres.","Air conditioning, CD Player, Power steering, Location: 140-152 National Drive, Dandenong South, VIC, 3175, Key No: 227 (363759)",,,,active,,,,,False
2002.0,Ford,Falcon,Forte AU III Automatic Sedan,Sedan,5.0,2002-08,2002-08,6FPAAAJGSW2P75149,SPE498,VIC,05-12-2025 - Registration will only be transferred to the registered bidder who must hold a valid VIC Drivers Licence otherwise vehicle will be sold unregistered.,2.0,6.0,4,Petrol,Automatic,212279,km,White,Grey,Yes,Yes,Yes,Partial,Yes,VIC,https://www.grays.com/lot/0001-21060142/motor-vehicles-motor-cycles/2002-ford-falcon-forte-au-iii-automatic-sedan,"Engine noise observed.
Front passenger seat torn
Hood Lining Sagging
Dents or marks on body consistent with age and kilometres.
Minor corrosion visible Roof
Windscreen Chipped or Cracked.
Comment: Exhaust rattle, centre console lid requires attention, rat droppings present in vehicle
Comment: Exhaust rattle, centre console lid requires attention, rat droppings present in vehicle","Air Conditioning, CD Player, Central Locking, Cruise Control, Driver airbag, Electric Windows, Power Steering, Crash Test Star Rating 3, Location: 140-152 National Drive, Dandenong South, VIC, 3175, Key No: 459 (364513)",,,,active,,,,,False
2015.0,Hyundai,iLOAD,TQ Turbo Diesel Manual Van,Van,3.0,2015-09,2015-12,KMFWBX7KLGU777041,1ZR6QQ,VIC,28-02-2026 - Registration will only be transferred to the registered bidder who must hold a valid VIC Drivers Licence otherwise vehicle will be sold unregistered.,2.0,4.0,2.5,Diesel,Manual,185594,km,White,Grey,Yes,No,Yes,Partial,Yes,VIC,https://www.grays.com/lot/0001-21060143/motor-vehicles-motor-cycles/2015-hyundai-iload-tq-turbo-diesel-manual-van,"Dents or marks on body consistent with age and kilometres.
Medium Scuff on Front bumper","Air Conditioning, Driver Airbag, Electric Windows, MP3 Capability, Power Steering, Crash Test Star Rating 4, Location: 140-152 National Drive, Dandenong South, VIC, 3175, Key No: 569 (364535)",,,,active,,,,,False
2007.0,Mercedes,Benz,C200 Kompressor Classic W204 Automatic Sedan,Sedan,5.0,2007-10,2008-01,WDD2040412A090180,2BL5CD,VIC,08-11-2025 - Registration will only be transferred to the registered bidder who must hold a valid VIC Drivers Licence otherwise vehicle will be sold unregistered.,2.0,4.0,1.8,Petrol,Automatic,156347,km,White,Grey,Yes,No,Yes,Partial,Yes,VIC,https://www.grays.com/lot/0001-21060144/motor-vehicles-motor-cycles/2007-mercedes-benz-c200-kompressor-classic-w204-automatic-sedan,"Other Warning light ON
Dents or marks on body consistent with age and kilometres.
Paint peeling All around vehicle","Air conditioning, Cd player, Electric windows, Leather trim, Park distance control rear, Power steering, Satellite Navigation System, Crash Test Star Rating 5, Location: 140-152 National Drive, Dandenong South, VIC, 3175, Key No: 1082 (364508)",,,,active,,,,,False
2004.0,Jeep,Cherokee,Sport KJ Manual Wagon,Wagon,5.0,2004-03,2005-03,1J8GM48114W257297,UFE662,VIC,28-12-2025 - Registration will only be transferred to the registered bidder who must hold a valid VIC Drivers Licence otherwise vehicle will be sold unregistered.,2.0,4.0,2.4,Petrol,Manual,206158,km,Blue,Black,Yes,Yes,Yes,Partial,Yes,VIC,https://www.grays.com/lot/0001-21060145/motor-vehicles-motor-cycles/2004-jeep-cherokee-sport-kj-manual-wagon,"Seat Torn Drivers
Medium Scratch on Around vehicle
Dents or marks on body consistent with age and kilometres.
Paint peeling various panels
Paint fading various panels","Air conditioning, CD Player, Central locking, Driver airbag, Electric windows, Power Steering, Roof Rail, Location: 140-152 National Drive, Dandenong South, VIC, 3175, Key No: 501 (364486)",,,,active,,,,,False
2013.0,Volkswagen,Golf,GTI PERFORMANCE A7 Automatic Hatchback,Hatchback,5.0,2013-12,2014-03,WVWZZZAUZEW219794,2DR2EN,VIC,09-10-2026 - Registration will only be transferred to the registered bidder who must hold a valid VIC Drivers Licence otherwise vehicle will be sold unregistered.,2.0,4.0,2,Petrol,Automatic,175303,km,White,Black Leather,Yes,Yes,Yes,Partial,Yes,VIC,https://www.grays.com/lot/0001-21060146/motor-vehicles-motor-cycles/2013-volkswagen-golf-gti-performance-a7-automatic-hatchback,"Dents or marks wear and tear consistent with age and kilometres.
Seat Torn Driver seat","Air conditioning, Central Locking, Climate Control, Cruise control, Driver Airbag, Electric windows, Leather trim, Park distance control front, Park distance control rear, Power steering, Reversing camera, Satellite navigation system, Crash Test Star Rating 5, Location: 140-152 National Drive, Dandenong South, VIC, 3175, Key No: 109 (364515)",,,,active,,,,,False
2007.0,Mercedes-Benz,C220,Automatic Sedan,,5.0,2007-08,2007-10,WDD2040082A062760,WBE529,VIC,26-01-2026 - Registration will only be transferred to the registered bidder who must hold a valid VIC Drivers Licence otherwise vehicle will be sold unregistered.,2.0,4.0,0,Turbo Diesel,Automatic,233330,km,Black,Black,Yes,No,Yes,Partial,Yes,VIC,https://www.grays.com/lot/0001-21060150/motor-vehicles-motor-cycles/2007-mercedes-benz-c220-automatic-sedan,"Dents or marks on body consistent with age and kilometres.
Paint fading Around vehicle","Air conditioning, CD Player, Driver airbag, Electric windows, Power steering, Location: 140-152 National Drive, Dandenong South, VIC, 3175, Key No: 979 (364592)",,,,active,,,,,False
2008.0,BMW,X5,3.0si E70 Automatic Wagon,Wagon,5.0,2008-11,2009-02,WBAFE42090LK97944,WVG166,VIC,26-11-2025 - Registration will only be transferred to the registered bidder who must hold a valid VIC Drivers Licence otherwise vehicle will be sold unregistered.,2.0,6.0,3,Petrol,Automatic,238671,km,Silver,Black Leather,Yes,Yes,Yes,Partial,Yes,VIC,https://www.grays.com/lot/0001-21060151/motor-vehicles-motor-cycles/2008-bmw-x5-3-0si-e70-automatic-wagon,"Dents or marks on body consistent with age and kilometres.
Medium Dent, scuffs Various areas
Large Scratch on Front bumper, Rear bumper cracked
Minor engine noise observed.
Windscreen Chipped.","Air Conditioning, Auto Control, CD Player, Climate Control, Cruise Control, Driver Airbag, Electric Windows, Hill Holder System, Leather Trim, MP3 Capability, Park Distance Control Front, Park Distance Control Rear, Power Steering, Reversing Camera, Roof Rail, Satellite Navigation System, Sunroof, Location: 140-152 National Drive, Dandenong South, VIC, 3175, Key No: 128 (363557)",,,,active,,,,,False
2007.0,Toyota,Aurion,Prodigy GSV40R Automatic Sedan,Sedan,5.0,2007-07,2007-07,6T153KK400X290609,UYR263,VIC,30-08-2026 - Registration will only be transferred to the registered bidder who must hold a valid VIC Drivers Licence otherwise vehicle will be sold unregistered.,2.0,6.0,3.5,Petrol,Automatic,118225,km,Black,Black Leather,Yes,Yes,Yes,Partial,Yes,VIC,https://www.grays.com/lot/0001-21060152/motor-vehicles-motor-cycles/2007-toyota-aurion-prodigy-gsv40r-automatic-sedan,"Body/panel damage Rhr
Front Cracked bumper.
Dents or marks on body consistent with age and kilometres.
Paint fading Rear bar","Air Conditioning, Central Locking, Climate Control, Driver Airbag, Electric Windows, Leather Trim, Power Steering, Reversing Camera, Satellite Navigation System, Crash Test Star Rating 4, Location: 140-152 National Drive, Dandenong South, VIC, 3175, Key No: 87 (364552)",,,,active,,,,,False
2011.0,Mini,Cooper,R56 LCI Automatic Hatchback,Hatchback,4.0,2011-03,2011-05,WMWSU32010T041308,1TA8KW,VIC,03-02-2026 - Registration will only be transferred to the registered bidder who must hold a valid VIC Drivers Licence otherwise vehicle will be sold unregistered.,2.0,4.0,1.6,Petrol,Automatic,154296,km,Cream,Black,Yes,Yes,Yes,Yes,Yes,VIC,https://www.grays.com/lot/0001-21060153/motor-vehicles-motor-cycles/2011-mini-cooper-r56-lci-automatic-hatchback,Please refer to the photos or arrange inspection to view the condition of this vehicle.,"Air Conditioning, Bluetooth Capability, CD Player, Central Locking, Climate Control, Cruise Control, Driver Airbag, Electric Windows, MP3 Capability, Park Distance Control Rear, Power Steering, Crash Test Star Rating 5, Location: 140-152 National Drive, Dandenong South, VIC, 3175, Key No: 624 (364578)",,,,active,,,,,False
2015.0,Nissan,Qashqai,TS J11 Turbo Diesel CVT Wagon,Wagon,5.0,2015-02,2015-04,SJNFDAJ11A1322634,1FO2FO,VIC,23-09-2025 - Registration will only be transferred to the registered bidder who must hold a valid VIC Drivers Licence otherwise vehicle will be sold unregistered.,2.0,4.0,1.6,Diesel,CVT,230304,km,Silver,Black,Yes,Yes,Yes,Yes,Yes,VIC,https://www.grays.com/lot/0001-21060154/motor-vehicles-motor-cycles/2015-nissan-qashqai-ts-j11-turbo-diesel-cvt-wagon,"Windscreen Cracked.
Medium Dents, Scratches and marks on body consistent with age and kilometres.
Comment: Tailgate struts need attention
Comment: Tailgate struts need attention","Air Conditioning, CD Player, Central Locking, Climate Control, Cruise Control, Driver Airbag, Electric Windows, Hill Holder System, MP3 Capability, Power Steering, Reversing Camera, Crash Test Star Rating 5, Location: 140-152 National Drive, Dandenong South, VIC, 3175, Key No: 1036 (363883)",,,,active,,,,,False
2013.0,Nissan,Pulsar,Ti B17 CVT Sedan,Sedan,5.0,2013-02,Unable to read,MNTBAAB17A0005947,1SX7LV,VIC,23-01-2026 - Registration will only be transferred to the registered bidder who must hold a valid VIC Drivers Licence otherwise vehicle will be sold unregistered.,2.0,4.0,1.8,Petrol,CVT,85843,km,Silver,Black Leather,Yes,No,No,No,Yes,VIC,https://www.grays.com/lot/0001-21060156/motor-vehicles-motor-cycles/2013-nissan-pulsar-ti-b17-cvt-sedan,Dents or marks on body consistent with age and kilometres.,"Air Conditioning, Bluetooth Capability, CD Player, Central Locking, Climate Control, Cruise Control, Driver Airbag, Electric Windows, Leather Trim, MP3 Capability, Power Steering, Reversing Camera, Sunroof, Crash Test Star Rating 5, Location: 140-152 National Drive, Dandenong South, VIC, 3175, Key No: 380 (363835)",,,,active,,,,,False
2004.0,Toyota,Echo,NCP12R Manual Sedan,Sedan,5.0,2004-12,2005-01,JTDBT133800370690,THJ957,VIC,14-10-2025 - Registration will only be transferred to the registered bidder who must hold a valid VIC Drivers Licence otherwise vehicle will be sold unregistered.,2.0,4.0,1.5,Petrol,Manual,285017,km,Blue,Grey,Yes,No,Yes,Partial,Yes,VIC,https://www.grays.com/lot/0001-21060158/motor-vehicles-motor-cycles/2004-toyota-echo-ncp12r-manual-sedan,"Dents or marks on body consistent with age and kilometres.
Paint fading Roof,bonnet,boot door
Medium Dent on Front bumper scratches
Paint fading various parts
Windscreen Chipped or Cracked.
Clutch Plate requires attention.","Air Conditioning, CD Player, Driver Airbag, MP3 Capability, Park Distance Control Rear, Power Steering, Location: 140-152 National Drive, Dandenong South, VIC, 3175, Key No: 374",,,,active,,,,,False
2004.0,Nissan,X-Trail,TI Luxury T30 Automatic Wagon,Wagon,5.0,2004-02,2004-03,JN1TBNT30A0034445,No plates,,"Sold Unregistered, Without Plates",0.0,4.0,2.5,Petrol,Automatic,178181,km,Champagne,Black Leather,Yes,No,Yes,Yes,Yes,VIC,https://www.grays.com/lot/0001-21060165/motor-vehicles-motor-cycles/2004-nissan-x-trail-ti-luxury-t30-automatic-wagon,"Dents or marks on body consistent with age and kilometres.
Large Scratch on Front bumper left
Medium Dent on Rear bumper","Air Conditioning, Bluetooth Capability, CD Player, Driver Airbag, Electric Windows, Leather Trim, Power Steering, Roof Rail, Sunroof, Crash Test Star Rating 4, Location: 140-152 National Drive, Dandenong South, VIC, 3175, Key No: 532 (363800)",,,,active,,,,,False
2013.0,Toyota,Camry,Atara S ASV50R Automatic Sedan,Sedan,5.0,2013-05,2013-05,6T1BF3FKX0X030955,1TR8AO,VIC,14-01-2026 - Registration will only be transferred to the registered bidder who must hold a valid VIC Drivers Licence otherwise vehicle will be sold unregistered.,2.0,4.0,2.5,Petrol,Automatic,287420,km,Silver,Grey,Yes,Yes,No,No,Yes,VIC,https://www.grays.com/lot/0001-21060166/motor-vehicles-motor-cycles/2013-toyota-camry-atara-s-asv50r-automatic-sedan,Dents or marks on body consistent with age and kilometres.,"Air Conditioning, CD Player, Central Locking, Driver Airbag, Electric Windows, MP3 Capability, Power Steering, Reversing Camera, Crash Test Star Rating 5, Location: 140-152 National Drive, Dandenong South, VIC, 3175, Key No: 256 (364448)",,,,active,,,,,False
2008.0,Mitsubishi,Lancer,ES CJ CVT Sedan,Sedan,5.0,2008-05,2008-06,JMFSTCY4A8U011536,No plates,VIC,"Sold Unregistered, Without Plates",0.0,4.0,2,Petrol,CVT,222995,km,Gold,Black,Yes,No,Yes,No,Yes,VIC,https://www.grays.com/lot/0001-21060167/motor-vehicles-motor-cycles/2008-mitsubishi-lancer-es-cj-cvt-sedan,"Paint peeling All around vehicle
Dents or marks on body consistent with age and kilometres.","Air Conditioning, Driver Airbag, Electric Windows, MP3 Capability, Power Steering, Crash Test Star Rating 4, Location: 140-152 National Drive, Dandenong South, VIC, 3175, Key No: 242 (363832)",,,,active,,,,,False
2014.0,Jeep,Cherokee,SPORT 4X2 KL 9 auto Wagon,Wagon,5.0,2014-10,2014-12,1C4PJLEB4FW568183,2DA2LI,VIC,21-01-2026 - Registration will only be transferred to the registered bidder who must hold a valid VIC Drivers Licence otherwise vehicle will be sold unregistered.,2.0,4.0,2.4,Petrol,9 auto,142754,km,Red,Black,Yes,No,Yes,Partial,Yes,VIC,https://www.grays.com/lot/0001-21060168/motor-vehicles-motor-cycles/2014-jeep-cherokee-sport-4x2-kl-9-auto-wagon,"Airbag light ON
Dents or marks on body consistent with age and kilometres.
Medium Dent on RHR rear door
Medium Scratch on Front bumper","Air Conditioning, Central Locking, Cruise Control, Driver Airbag, Electric Windows, Hill Holder System, MP3 Capability, Power Steering, Reversing Camera, Crash Test Star Rating 5, Location: 140-152 National Drive, Dandenong South, VIC, 3175, Key No: 515 (364067)",,,,active,,,,,False
2011.0,Hyundai,i20,Active PB Automatic Hatchback,Hatchback,5.0,2011-06,2011-10,MALBB31CMBM025002,YSN636,VIC,28-02-2026 - Registration will only be transferred to the registered bidder who must hold a valid VIC Drivers Licence otherwise vehicle will be sold unregistered.,2.0,4.0,1.4,Petrol,Automatic,193355,km,Silver,Grey,Yes,No,Yes,No,Yes,VIC,https://www.grays.com/lot/0001-21060169/motor-vehicles-motor-cycles/2011-hyundai-i20-active-pb-automatic-hatchback,"Medium Scratch on Rear bar
Paint cracked Rear bar
Airbag light ON
Dents or marks on body consistent with age and kilometres.","Air Conditioning, CD Player, Central Locking, Driver Airbag, Electric Windows, MP3 Capability, Power Steering, Crash Test Star Rating 4, Location: 140-152 National Drive, Dandenong South, VIC, 3175, Key No: 47 (364653)",,,,active,,,,,False
2016.0,Renault,Master,L3H2 BUS Turbo Diesel Automatic 13 Seats Bus,Bus,13.0,2016-02,2017-03,VF1VCF5VEG0733500,No Plates,,"Sold Unregistered, Without Plates",0.0,4.0,2.3,Diesel,Automatic,448466,km,White,Black,Yes,No,No,Yes,Yes,VIC,https://www.grays.com/lot/0001-21060170/motor-vehicles-motor-cycles/2016-renault-master-l3h2-bus-turbo-diesel-automatic-13-seats-bus,"Engine Smoke visible
Dents or marks on body consistent with age and kilometres.
Medium Scratch on Various parts on panels
Seat Torn Driver seat
Large Dent on Driver side
Rear bumper Cracked bumper.
Paint fading Various parts on panels","Air Conditioning, Bluetooth Capability, CD Player, Central Locking, Cruise Control, Driver Airbag, Electric Windows, Hill Holder System, MP3 Capability, Park Distance Control Rear, Power Steering, Location: 140-152 National Drive, Dandenong South, VIC, 3175, Key No: 963 (355691)",,,,active,,,,,False
2009.0,BMW,320i,320i EXEC. E90 Automatic Sedan,Sedan,5.0,2009-05,2009-06,WBAPG56070NM14472,No plates,VIC,"Sold Unregistered, Without Plates",0.0,4.0,2,Petrol,Automatic,135313,km,Black,Black Leather,Yes,No,Yes,Partial,Yes,VIC,https://www.grays.com/lot/0001-21060171/motor-vehicles-motor-cycles/2009-bmw-320i-320i-exec-e90-automatic-sedan,Engine light on. Dents or marks on body consistent with age and kilometres.,"Air Conditioning, CD Player, Climate Control, Driver Airbag, Electric Windows, Leather Trim, MP3 Capability, Power Steering, Sunroof, Crash Test Star Rating 5, Location: 140-152 National Drive, Dandenong South, VIC, 3175, Key No: 758 (363764)",,,,active,,,,,False
2006.0,Ford,Falcon,XR6 BF Automatic Sedan,Sedan,5.0,2006-08,2006-08,6FPAAAJGSW6P34236,No plates,VIC,"Sold Unregistered, Without Plates",0.0,6.0,4,Petrol,Automatic,373146,km,Grey,Black,Yes,No,No,No,Yes,VIC,https://www.grays.com/lot/0001-21060173/motor-vehicles-motor-cycles/2006-ford-falcon-xr6-bf-automatic-sedan,"Dents or marks on body consistent with age and kilometres.
Paint fading Around vehicle
Engine light ON
Engine noise observed.
Medium Dent on Around vehicle
Corrosion visible Around vehicle
Seat Torn Driver seat
Dents or marks on body consistent with age and kilometres.","Air Conditioning, CD Player, Central Locking, Cruise Control, Driver Airbag, Electric Windows, Power Steering, Crash Test Star Rating 4, Location: 140-152 National Drive, Dandenong South, VIC, 3175, Key No: 685 (364660)",,,,active,,,,,False
1999.0,Toyota,Hiace,LWB RZH113R Manual Van (WOVR- INSPECTED),Van,3.0,1999-09,1999-09,JT721UHB100036374,1OE2VQ,VIC,09-11-2026 - Registration will only be transferred to the registered bidder who must hold a valid VIC Drivers Licence otherwise vehicle will be sold unregistered.,2.0,4.0,2.4,Petrol,Manual,"460,674",km,White,Grey,Yes,No,No,No,Yes,VIC,https://www.grays.com/lot/0001-21060176/motor-vehicles-motor-cycles/1999-toyota-hiace-lwb-rzh113r-manual-van-wovr-inspected,"Seat Torn Driver seat
Dents or marks on body consistent with age and kilometres.
Corrosion visible All around vehicle
Large Scratch on Back quarter panel driver side
Medium Dent on various panels
Medium Scratch on various panels
Paint cracked various panels","Air Conditioning, Bull Bar, Power Steering, Location: 140-152 National Drive, Dandenong South, VIC, 3175, Key No: 271 (364347)",,,,active,,,,,False
2004.0,Toyota,Camry,Ateva ACV36R Automatic Sedan,Sedan,5.0,2004-10,2004-10,6T153BK360X063073,No Plates,VIC,"Sold Unregistered, Without Plates",0.0,4.0,2.4,Petrol,Automatic,"167,582",km,Silver,Grey,Yes,No,No,No,Yes,VIC,https://www.grays.com/lot/0001-21060177/motor-vehicles-motor-cycles/2004-toyota-camry-ateva-acv36r-automatic-sedan,"Dents or marks on body consistent with age and kilometres.
Radio Not Working
Other Warning light ON
Windscreen Chipped or Cracked.
Paint peeling Around vehicle
Corrosion visible Around vehicle
Medium Dent on Around vehicle
Medium Scratch on door panel
Interior: Battery warning light on, carpet dirty and worn
Exterior: Side mirror damaged and side indicators require attention, and drivers window requires attention.","Air Conditioning, CD Player, Cruise Control, Driver Airbag, Electric Windows, Park Distance Control Rear, Power Steering, Crash Test Star Rating 4, Location: 140-152 National Drive, Dandenong South, VIC, 3175, Key No: 791 (364340)",,,,active,,,,,False
2015.0,Mazda,CX-9,LUXURY FWD Automatic 7 Seats Wagon,Wagon,7.0,2015-10,2015-10,JM0TB10A5G0439982,1GR1FO,VIC,01-02-2026 - Registration will only be transferred to the registered bidder who must hold a valid VIC Drivers Licence otherwise vehicle will be sold unregistered.,2.0,6.0,3.7,Petrol,Automatic,162581,km,Grey,Black Leather,Yes,No,No,Partial,Yes,VIC,https://www.grays.com/lot/0001-21060194/motor-vehicles-motor-cycles/2015-mazda-cx-9-luxury-fwd-automatic-7-seats-wagon,"Carpet worn in places.
Dents or marks on body consistent with age and kilometres.
Front Seat Marks driver seat","Air Conditioning, CD Player, Climate Control, Cruise Control, Driver Airbag, Electric Windows, Heated Front Seats, Leather Trim, MP3 Capability, Power Steering, Reversing Camera, Roof Rail, Satellite navigation system, Sunroof, Third Row Seat, Location: 140-152 National Drive, Dandenong South, VIC, 3175, Key No: 1057 (364606)",,,,active,,,,,False
2012.0,Subaru,Forester,X S3 Automatic Wagon,Wagon,5.0,2012-01,2012-05,JF2SHMKS5CG085115,ZCV941,VIC,26-12-2025 - Registration will only be transferred to the registered bidder who must hold a valid VIC Drivers Licence otherwise vehicle will be sold unregistered.,2.0,4.0,2.5,Petrol,Automatic,220738,km,White,Black,Yes,No,Yes,Yes,Yes,VIC,https://www.grays.com/lot/0001-21060195/motor-vehicles-motor-cycles/2012-subaru-forester-x-s3-automatic-wagon,"Dents or marks on body consistent with age and kilometres.
Medium Scratch on Around vehicle
Corrosion visible on roof.","Air Conditioning, CD Player, Cruise Control, Driver Airbag, Electric Windows, MP3 Capability, Park Distance Control Rear, Power Steering, Roof Rail, Crash Test Star Rating 5, Location: 140-152 National Drive, Dandenong South, VIC, 3175, Key No: 234 (364656)",,,,active,,,,,False
2011.0,Mitsubishi,ASX,2WD XA CVT Wagon,Wagon,5.0,2011-02,2011-05,JMFXTGA2WBZ004201,YHE248,VIC,26-11-2025 - Registration will only be transferred to the registered bidder who must hold a valid VIC Drivers Licence otherwise vehicle will be sold unregistered.,2.0,4.0,2,Petrol,CVT,243649,km,Blue,Grey,Yes,No,Yes,Partial,Yes,VIC,https://www.grays.com/lot/0001-21060196/motor-vehicles-motor-cycles/2011-mitsubishi-asx-2wd-xa-cvt-wagon,"Dents or marks on body consistent with age and kilometres.
Medium Scratch on Around vehicle
Exterior: Passenger mirror case cracked.","Air Conditioning, CD Player, Climate Control, Cruise Control, Driver Airbag, Electric Windows, Hill Holder System, MP3 Capability, Park Distance Control Rear, Power Steering, Roof Rail, Crash Test Star Rating 5, Location: 140-152 National Drive, Dandenong South, VIC, 3175, Key No: 282 (364430)",,,,active,,,,,False
2005.0,Kia,Sportage,V6 KM Automatic Wagon,Wagon,5.0,2005-09,2006-03,KNAJE553867167150,UBB955,VIC,28-12-2025 - Registration will only be transferred to the registered bidder who must hold a valid VIC Drivers Licence otherwise vehicle will be sold unregistered.,2.0,6.0,2.7,Petrol,Automatic,285319,km,Red,Black Leather,Yes,No,Yes,Partial,Yes,VIC,https://www.grays.com/lot/0001-21060197/motor-vehicles-motor-cycles/2005-kia-sportage-v6-km-automatic-wagon,"Dents or marks on body consistent with age and kilometres.
Paint peeling Around vehicle
Front Seat worn driver side","Air conditioning, CD Player, Central locking, Cruise Control, Driver airbag, Electric Windows, Leather Trim, Mp3 capability, Power steering, Roof Rail, Sunroof, Location: 140-152 National Drive, Dandenong South, VIC, 3175, Key No: 189 (364504)",,,,active,,,,,False
2013.0,Ford,Falcon,XR6 FG II Automatic Sedan,Sedan,5.0,2013-11,2013-11,6FPAAAJGSWDD50987,1EG3BL,VIC,15-01-2026 - Registration will only be transferred to the registered bidder who must hold a valid VIC Drivers Licence otherwise vehicle will be sold unregistered.,2.0,6.0,4,Petrol,Automatic,199540,km,White,Black,Yes,Yes,No,No,Yes,VIC,https://www.grays.com/lot/0001-21060199/motor-vehicles-motor-cycles/2013-ford-falcon-xr6-fg-ii-automatic-sedan,"Front Seat worn Drivers
Dents or marks on body consistent with age and kilometres.
Corrosion visible Rhr door","Air Conditioning, CD Player, Central Locking, Driver Airbag, Electric Windows, MP3 Capability, Power Steering, Crash Test Star Rating 5, Location: 140-152 National Drive, Dandenong South, VIC, 3175, Key No: 268 (364627)",,,,active,,,,,False
2018.0,Ford,Escape,TREND FWD ZG Automatic Wagon,Wagon,5.0,2018-02,2018-04,WF0AXXWPMAJY81972,1LV3SG,VIC,02-02-2026 - Registration will only be transferred to the registered bidder who must hold a valid VIC Drivers Licence otherwise vehicle will be sold unregistered.,2.0,4.0,1.5,Petrol,Automatic,135504,km,Blue,Grey,Yes,No,No,No,Yes,VIC,https://www.grays.com/lot/0001-21060200/motor-vehicles-motor-cycles/2018-ford-escape-trend-fwd-zg-automatic-wagon,"Engine light ON
Other Warning light ON
Front and Back seat stains.
Dents or marks on body consistent with age and kilometres.
Medium Scratch on passenger side of vehicle
Transmission Requires attention Strongly recommend inspection by qualified third party
Exterior: Brakes require attention. Car carrier required for pick up.
Exterior: Brakes require attention. Car carrier required for pick up.","Air Conditioning, Bluetooth Capability, CD Player, Central Locking, Climate Control, Cruise Control, Driver Airbag, Electric Windows, Hill Holder System, MP3 Capability, Park Distance Control Rear, Power Steering, Reversing Camera, Roof Rail, Satellite Navigation System, Crash Test Star Rating 5, Location: 140-152 National Drive, Dandenong South, VIC, 3175, Key No: 217 (364600)",,,,active,,,,,False
2016.0,Mazda,CX-5,Grand Touring KE Turbo Diesel Automatic Wagon,Wagon,5.0,2016-01,2016-02,JM0KE102200360326,1US3NP,VIC,08-04-2026 - Registration will only be transferred to the registered bidder who must hold a valid VIC Drivers Licence otherwise vehicle will be sold unregistered.,2.0,4.0,2.2,Diesel,Automatic,"115674 - Odometer discrepancy detected, see attached history report",km,Blue,Black Leather,Yes,Yes,Yes,Yes,Yes,VIC,https://www.grays.com/lot/0001-21060201/motor-vehicles-motor-cycles/2016-mazda-cx-5-grand-touring-ke-turbo-diesel-automatic-wagon,"Large Scuff on Lhr door
Dents or marks on body consistent with age and kilometres.","Air Conditioning, Bluetooth Capability, CD Player, Central Locking, Climate Control, Cruise Control, Driver Airbag, Electric Windows, Heated Front Seats, Hill Holder System, Leather Trim, MP3 Capability, Park Distance Control Front, Park Distance Control Rear, Power Steering, Reversing Camera, Roof rack, Sunroof, Crash Test Star Rating 5, Location: 140-152 National Drive, Dandenong South, VIC, 3175, Key No: 538 (361356)",,,,active,,,,,False
2015.0,Mitsubishi,Lancer,ES SPORT CF CVT Sedan,Sedan,5.0,2015-11,2016-02,JMFSTCY4AGU001594,GORGAR,VIC,13-02-2026 - Registration will only be transferred to the registered bidder who must hold a valid VIC Drivers Licence otherwise vehicle will be sold unregistered.,2.0,4.0,2,Petrol,CVT,88025,km,White,Black,Yes,Yes,Yes,Partial,Yes,VIC,https://www.grays.com/lot/0001-21060202/motor-vehicles-motor-cycles/2015-mitsubishi-lancer-es-sport-cf-cvt-sedan,Dents or marks on body consistent with age and kilometres.,"CD Player, Central Locking, Driver Airbag, Electric Windows, Hill Holder System, MP3 Capability, Power Steering, Reversing Camera, Crash Test Star Rating 5, Location: 140-152 National Drive, Dandenong South, VIC, 3175, Key No: 63",,,,active,,,,,False
2014.0,Volkswagen,Amarok,TDi420 Highline 2H T/D Automatic - 8 Speed Dual Cab,Dual Cab Chassis,5.0,Unable to locate,2014-09,WV1ZZZ2HZEA043556,1LG2UK,VIC,15-04-2026 - Registration will only be transferred to the registered bidder who must hold a valid VIC Drivers Licence otherwise vehicle will be sold unregistered.,2.0,4.0,2,Diesel,Automatic - 8 Speed,226399,km,Black,Grey,Yes,Yes,No,No,Yes,VIC,https://www.grays.com/lot/0001-21060203/motor-vehicles-motor-cycles/2014-volkswagen-amarok-tdi420-highline-2h-t-d-automatic-8-speed-dual-cab,"Paint fading Around vehicle
Dents or marks on body consistent with age and kilometres.
Interior: Exterior light fault lights on
Interior: Exterior light fault lights on","Air Conditioning, CD Player, Central Locking, Climate Control, Cruise Control, Driver Airbag, Electric Windows, Hill Holder System, MP3 Capability, Park Distance Control Front, Park Distance Control Rear, Power Steering, Reversing camera, Roof Rail, Satellite navigation system, Crash Test Star Rating 5, Location: 140-152 National Drive, Dandenong South, VIC, 3175, Key No: 580 (364603)",,,,active,,,,,False
2014.0,Audi,Q7,3.0 TDI Quattro Turbo Diesel Automatic - 8 Speed 7 Seats Wagon,Wagon,7.0,2014-06,2014-08,WAUZZZ4L3FD002815,ACJ883,VIC,19-09-2026 - Registration will only be transferred to the registered bidder who must hold a valid VIC Drivers Licence otherwise vehicle will be sold unregistered.,2.0,6.0,3,Diesel,Automatic - 8 Speed,148697,km,Black,Black Leather,Yes,Yes,Yes,Partial,Yes,VIC,https://www.grays.com/lot/0001-21060207/motor-vehicles-motor-cycles/2014-audi-q7-3-0-tdi-quattro-turbo-diesel-automatic-8-speed-7-seats-wagon,"Dents, marks, scratches on body consistent with age and kilometres.","Air Conditioning, Auto Control, CD Player, Climate Control, Driver Airbag, Electric Windows, Hill Holder System, Leather Trim, MP3 Capability, Park Distance Control Front, Park Distance Control Rear, Power Steering, Reversing Camera, Roof Rail, Satellite Navigation System, Sunroof, Third Row Seat, Crash Test Star Rating 4, Location: 140-152 National Drive, Dandenong South, VIC, 3175, Key No: 320 (364554)",,,,active,,,,,False
2013.0,Mitsubishi,Mirage,ES LA CVT Hatchback,Hatchback,5.0,2013-01,2013-02,MMAXTA03AEH002102,121SXI,QLD,"Sold Unregistered, Without Plates",0.0,3.0,1.2,Petrol,CVT,116225,km,Red,Grey,Yes,No,Yes,Partial,Yes,VIC,https://www.grays.com/lot/0001-21060208/motor-vehicles-motor-cycles/2013-mitsubishi-mirage-es-la-cvt-hatchback,"Dents, marks, scratches on body consistent with age and kilometres.
Windscreen Chipped.
Paint peeling Front bumper
Left rear brake light requires attention.","Air Conditioning, CD Player, Driver Airbag, Electric Windows, Hill Holder System, MP3 Capability, Power Steering, Crash Test Star Rating 5, Location: 140-152 National Drive, Dandenong South, VIC, 3175, Key No: 730 (364642)",,,,active,,,,,False
2010.0,Mitsubishi,ASX,ASPIRE XA CVT Wagon (WOVR REPAIRABLE),Wagon,5.0,2010-10,2010-11,JMFXTGA2WBZ001975,YAL300,VIC,29-11-2025 - Registration will only be transferred to the registered bidder who must hold a valid VIC Drivers Licence otherwise vehicle will be sold unregistered.,2.0,4.0,2,Petrol,CVT,186906,km,Blue,Black Leather,Yes,Yes,Yes,Partial,Yes,VIC,https://www.grays.com/lot/0001-21060209/motor-vehicles-motor-cycles/2010-mitsubishi-asx-aspire-xa-cvt-wagon-wovr-repairable,"Dents or marks on body consistent with age and kilometres.
Hail damage visible.
Corrosion visible Bonnet, RHR Boot
Comment: This vehicle is listed on the Written Off Vehicle Register (WOVR). Details of the status can be found in the PPSR attached at the bottom of this description. Please refer to your relevant state-based road authority to determine whether this vehicle will require inspection or will be able to be registered based on the recorded WOVR status.This vehicle does not come with any additional documentation, repair receipts, etc.Interior: Steering wheel worn
Comment: This vehicle is listed on the Written Off Vehicle Register (WOVR). Details of the status can be found in the PPSR attached at the bottom of this description. Please refer to your relevant state-based road authority to determine whether this vehicle will require inspection or will be able to be registered based on the recorded WOVR status.This vehicle does not come with any additional documentation, repair receipts, etc.
Interior: Steering wheel worn","Air Conditioning, Central Locking, Cruise Control, Driver Airbag, Electric Windows, Heated Front Seats, Hill Holder System, Leather Trim, MP3 Capability, Park Distance Control Rear, Power Steering, Roof Rail, Sunroof, Location: 140-152 National Drive, Dandenong South, VIC, 3175, Key No: 215 (364644)",,,,active,,,,,False
2013.0,Jeep,Grand,Cherokee OVERLAND WK Turbo Diesel Automatic - 8 Speed Wagon,Wagon,5.0,2013-12,2014-02,1C4RJFGM8EC368612,1YA3GW,VIC,12-01-2026 - Registration will only be transferred to the registered bidder who must hold a valid VIC Drivers Licence otherwise vehicle will be sold unregistered.,2.0,6.0,3,Diesel,Automatic - 8 Speed,56790,km,White,Black Leather,Yes,Yes,Yes,Yes,Yes,VIC,https://www.grays.com/lot/0001-21060210/motor-vehicles-motor-cycles/2013-jeep-grand-cherokee-overland-wk-turbo-diesel-automatic-8-speed-wagon,Dents or marks on body consistent with age and kilometres.,"Air Conditioning, Auto Control, Central Locking, Climate Control, Cruise Control, Driver Airbag, Electric Windows, Heated Front Seats, Hill Holder System, Leather Trim, MP3 Capability, Park Distance Control Front, Park Distance Control Rear, Power Steering, Reversing Camera, Roof Rail, Sunroof, Crash Test Star Rating 4, Location: 140-152 National Drive, Dandenong South, VIC, 3175, Key No: 1175 (364555)",,,,active,,,,,False
2015.0,Holden,Commodore,Evoke Evoke VF Automatic Wagon,Wagon,5.0,2015-06,2015-06,6G1FA8E49FL135790,1NR1CD,VIC,28-11-2025 - Registration will only be transferred to the registered bidder who must hold a valid VIC Drivers Licence otherwise vehicle will be sold unregistered.,2.0,6.0,3.6,LPG,Automatic,279192,km,White,Grey,Yes,Yes,Yes,Partial,Yes,VIC,https://www.grays.com/lot/0001-21060211/motor-vehicles-motor-cycles/2015-holden-commodore-evoke-evoke-vf-automatic-wagon,"Dents or marks on body consistent with age and kilometres.
Front bumper Cracked","Air Conditioning, Central Locking, Driver Airbag, Electric Windows, Hill Holder System, MP3 Capability, Parking Assist System, Power Steering, Reversing Camera, Crash Test Star Rating 5, Location: 140-152 National Drive, Dandenong South, VIC, 3175, Key No: 703 (363278)",,,,active,,,,,False
2013.0,Alfa,Romeo,Giulietta Progression Automatic Hatchback,Hatchback,5.0,2013-04,2014-05,ZAR94000007212683,ACW018,VIC,"Sold Unregistered, Without Plates",0.0,4.0,1.4,Petrol,Automatic,122526,km,Black,Black,Yes,Yes,Yes,Yes,Yes,VIC,https://www.grays.com/lot/0001-21060212/motor-vehicles-motor-cycles/2013-alfa-romeo-giulietta-progression-automatic-hatchback,"Dents, marks, scratches on body consistent with age and kilometres.","Air Conditioning, CD Player, Central Locking, Cruise Control, Driver Airbag, Electric Windows, Hill Holder System, MP3 Capability, Power Steering, Crash Test Star Rating 5, Location: 140-152 National Drive, Dandenong South, VIC, 3175, Key No: 676 (364665)",,,,active,,,,,False
2015.0,Mercedes,Benz,CLA 200 d CLA200 CDI C117 Turbo Diesel Automatic Coupe,Coupe,5.0,2015-10,2016-02,WDD1173082N305263,AJO816,VIC,18-02-2026 - Registration will only be transferred to the registered bidder who must hold a valid VIC Drivers Licence otherwise vehicle will be sold unregistered.,2.0,4.0,2.2,Diesel,Automatic,178310,km,White,Black,Yes,Yes,Yes,No,Yes,VIC,https://www.grays.com/lot/0001-21060214/motor-vehicles-motor-cycles/2015-mercedes-benz-cla-200-d-cla200-cdi-c117-turbo-diesel-automatic-coupe,"Dents, marks, scratches on body consistent with age and kilometres.
Paint fading Roof front section
Windscreen Chipped.","Air Conditioning, Climate Control, Driver Airbag, Electric Windows, Hill Holder System, MP3 Capability, Parking Assist System, Power Steering, Reversing Camera, Satellite Navigation System, Sunroof, Crash Test Star Rating 5, Location: 140-152 National Drive, Dandenong South, VIC, 3175, Key No: 1190 (364638)",,,,active,,,,,False
2007.0,Jaguar,X-TYPE,2.1 LE X400 Automatic Sedan,Sedan,5.0,2007-09,2008-01,SAJAG51S28YJ35475,DOV982,VIC,08-01-2026 - Registration will only be transferred to the registered bidder who must hold a valid VIC Drivers Licence otherwise vehicle will be sold unregistered.,2.0,6.0,2.1,Petrol,Automatic,181912,km,Blue,Tan,Yes,Yes,Yes,Yes,Yes,VIC,https://www.grays.com/lot/0001-21060220/motor-vehicles-motor-cycles/2007-jaguar-x-type-2-1-le-x400-automatic-sedan,"Dents or marks on body consistent with age and kilometres.
Large Scuff on Passenger side rear wheel arch","Air Conditioning, Central Locking, Driver Airbag, Electric Windows, Leather Trim, Park Distance Control Rear, Power Steering, Location: 140-152 National Drive, Dandenong South, VIC, 3175, Key No: 313 (364037)",,,,active,,,,,False
2008.0,Hyundai,Tiburon,V6 GK Manual Coupe,Coupe,5.0,2008-09,2010-01,KMHHN61FR8U297338,,,"Sold Unregistered, Without Plates",0.0,6.0,2.7,Petrol,Manual,213051,km,Silver,Black,Yes,No,No,No,Yes,QLD,https://www.grays.com/lot/0001-50517538/motor-vehicles-motor-cycles/2008-hyundai-tiburon-v6-gk-manual-coupe,"Front Cracked bumper.
Dents or marks on body consistent with age and kilometres.
Large Scratch on LHF guard
Damaged LHR
Large Scuff on LHR bumper
Large Scratch on LH door and LH rear guard
Medium Scuff on RHR guard
Corrosion visible left rear bumper
Damaged left rear light
Paint cracked front and back bumper","Air Conditioning, CD Player, Cruise Control, Driver Airbag, Electric Windows, Leather Trim, MP3 Capability, Park Distance Control Rear, Power Steering, Sunroof, Location: 131-153 Main Beach Road, Pinkenba, QLD, 4008, Key No: K-244 GV363426",,,,active,,,,,False
2007.0,Nissan,350Z,ROADSTER TOURING Z33 Manual Convertible,Convertible,2.0,2007-01,2007-02,JN12AAZ33A0255284,,,"Sold Unregistered, Without Plates",0.0,6.0,3.5,Petrol,Manual,165988,km,Black,Black Leather,Yes,No,No,No,Yes,QLD,https://www.grays.com/lot/0001-50713745/motor-vehicles-motor-cycles/2007-nissan-350z-roadster-touring-z33-manual-convertible,"Front Seat worn Driver
Dents or marks on body consistent with age and kilometres.
Airbag light ON","Air Conditioning, CD Player, Central Locking, Cruise Control, Driver Airbag, Electric Windows, Heated Front Seats, Leather Trim, Power Steering, Location: 131-153 Main Beach Road, Pinkenba, QLD, 4008, Key No: K-280 GV363699",,,,active,,,,,False
2006.0,Mazda,3,MPS SPORT PACK BK Manual Hatchback,Hatchback,5.0,2006-06,Unable to locate,JM0BK103200301614,,,"Sold Unregistered, Without Plates",1.0,4.0,2.3,Petrol,Manual,183088,km,Black,Black Leather,Yes,No,Yes,No,Yes,QLD,https://www.grays.com/lot/0001-50713760/motor-vehicles-motor-cycles/2006-mazda-3-mps-sport-pack-bk-manual-hatchback,"Front Seat worn Both
Back Seat worn.
Hail damage visible.
Engine light ON
Airbag light ON","Central Locking, Driver Airbag, Leather Trim, MP3 Capability, Power Steering, Reversing Camera, Crash Test Star Rating 4, Location: 131-153 Main Beach Road, Pinkenba, QLD, 4008, Key No: K-375 (364112)",,,,active,,,,,False
2008.0,Mercedes,Benz,CLK-Class 63 AMG A209 Auto WOVR-INSPECTED,Convertible,4.0,2008-07,2009-06,WDB2094772T102375,,,"Sold Unregistered, Without Plates",0.0,8.0,6.2,Petrol,Automatic,83157,km,Black,Black Leather,Yes,No,No,No,Yes,QLD,https://www.grays.com/lot/0001-50713761/motor-vehicles-motor-cycles/2008-mercedes-benz-clk-class-63-amg-a209-auto-wovr-inspected,"Dents or marks on body consistent with age and kilometres.
Seat Torn RHF","Air Conditioning, CD Player, Climate Control, Cruise Control, Driver Airbag, Electric Windows, 2490, Leather Trim, Park Distance Control Front, Park Distance Control Rear, Power Steering, Convertible, Location: 131-153 Main Beach Road, Pinkenba, QLD, 4008, Key No: K-620 GV361331",,,,active,,,,,False
2020.0,Volkswagen,T-Roc,140TSI Sport Automatic Wagon (WOVR - Repairable),Wagon,5.0,2020-08,2020-11,WVGZZZA1ZMV004138,,,"Sold Unregistered, Without Plates",0.0,4.0,2,Petrol,Automatic,10675,km,Black,Black,Yes,Yes,Yes,No,Yes,QLD,https://www.grays.com/lot/0001-50713784/motor-vehicles-motor-cycles/2020-volkswagen-t-roc-140tsi-sport-automatic-wagon-wovr-repairable,"Engine light ON
Other Warning light ON","Air Conditioning, Auto Control, Central Locking, Cruise Control, Driver Airbag, Electric Windows, Hill Holder System, MP3 Capability, Park Distance Control Rear, Power Steering, Roof Rail, Satellite Navigation System, Crash Test Star Rating 5, Location: 131-153 Main Beach Road, Pinkenba, QLD, 4008, Key No: K-391 GV364178",,,,active,,,,,False
2014.0,Ford,Ranger,XL 4X2 PX T/D Manual Cab Chassis,Cab Chassis,3.0,2014-02,2014-03,MNALMAE80EW249620,,,"Sold Unregistered, Without Plates",2.0,4.0,2.2,Diesel,Manual,292904,km,White,Black,Yes,No,Yes,Partial,Yes,QLD,https://www.grays.com/lot/0001-50713794/motor-vehicles-motor-cycles/2014-ford-ranger-xl-4x2-px-t-d-manual-cab-chassis,"Dents or marks on body consistent with age and kilometres.
Medium Scuff on LHF guard","Air Conditioning, CD Player, Central Locking, Cruise Control, Driver Airbag, Electric Windows, Hill Holder System, MP3 Capability, Power Steering, Crash Test Star Rating 4, Location: 131-153 Main Beach Road, Pinkenba, QLD, 4008, Key No: K-371 GV364125",,,,active,,,,,False
1998.0,Toyota,Coaster,Deluxe Camper Van Long HZB50R Manual Bus,Bus,4.0,1998-05,1998-06,JT743PB5108004062,,,"Sold Unregistered, Without Plates",0.0,6.0,4.2,Diesel,Manual,668618,km,White,Tan,Yes,Yes,Yes,Partial,Yes,QLD,https://www.grays.com/lot/0001-50713805/motor-vehicles-motor-cycles/1998-toyota-coaster-deluxe-camper-van-long-hzb50r-manual-bus,"Engine Oil Leak
Front Seat worn Both
Dents or marks on body consistent with age and kilometres.
Large Dent on rhf guard, rhr guard, rear bumper,","Air Conditioning, Power Steering, Location: 131-153 Main Beach Road, Pinkenba, QLD, 4008, Key No: K-342 GV364063",,,,active,,,,,False
2016.0,Ford,Ranger,XL 4X4 PX II Turbo Diesel Manual Cab Chassis,Cab Chassis,5.0,2016 - 09,2016 - 09,MNAUMAF50GW618718,,,"Sold Unregistered, Without Plates",,5.0,3.2,Diesel,Manual,215974,km,White,Multi,Yes,No,Yes,No,Yes,SA,https://www.grays.com/lot/0001-60049702/motor-vehicles-motor-cycles/2016-ford-ranger-xl-4x4-px-ii-turbo-diesel-manual-cab-chassis,Please refer to the photos or arrange inspection to view the condition of this vehicle.,"Air Conditioning, Auto Control, Bluetooth Capability, Bull Bar, CD Player, Central Locking, Cruise Control, Driver Airbag, Electric Windows, Hill Holder System, MP3 Capability, Snorkel, Power Steering, Crash Test Star Rating 5, Location: 3 Maxwell Road, Pooraka, SA, 5095, Key No: 55",,,,active,,,,,False
2014.0,Toyota,86,GTS ZN6 Manual Coupe,Coupe,4.0,2014-04,2014-04,JF1ZN6K81EG022833,,,"Sold Unregistered, Without Plates",,4.0,2,Petrol,Manual,134862,km,Orange,Multi,Yes,No,Yes,Yes,Yes,SA,https://www.grays.com/lot/0001-60049703/motor-vehicles-motor-cycles/2014-toyota-86-gts-zn6-manual-coupe,Please refer to the photos or arrange inspection to view the condition of this vehicle.,"Air Conditioning, Bluetooth Capability, Central Locking, Climate Control, Cruise Control, Driver Airbag, Electric Windows, Heated Front Seats, Leather Trim, MP3 Capability, Power Steering, Reverse camera, Navigation, Crash Test Star Rating 5, Location: 3 Maxwell Road, Pooraka, SA, 5095, Key No: 4A",,,,active,,,,,False
2009.0,Toyota,Landcruiser,Workmate VDJ79R Turbo Diesel Manual Cab Chassis,Cab Chassis,3.0,2009 - 07,2009 - 08,JTELV71J800012343,,,"Sold Unregistered, Without Plates",,8.0,4.5,Diesel,Manual,233814,km,White,Multi,Yes,Yes,Yes,No,Yes,SA,https://www.grays.com/lot/0001-60049705/motor-vehicles-motor-cycles/2009-toyota-landcruiser-workmate-vdj79r-turbo-diesel-manual-cab-chassis,Please refer to the photos or arrange inspection to view the condition of this vehicle.,"Air conditioning, Bluetooth capability, Bull Bar, Drivers airbag, Snorkel, Power Steering, Reverse camera, Navigation (Google maps), Location: 3 Maxwell Road, Pooraka, SA, 5095, Key No: WH9",,,,active,,,,,False
2013.0,Mitsubishi,Lancer,ES CJ CVT Sedan,Sedan,5.0,2013 - 07,2013 - 09,JMFSTCY4AEU003844,,,"Sold Unregistered, Without Plates",,4.0,2,Petrol,CVT,195639,km,White,Multi,Yes,No,No,No,Yes,SA,https://www.grays.com/lot/0001-60049706/motor-vehicles-motor-cycles/2013-mitsubishi-lancer-es-cj-cvt-sedan,Please refer to the photos or arrange inspection to view the condition of this vehicle.,"Air Conditioning, CD Player, Central Locking, Cruise Control, Driver Airbag, Electric Windows, MP3 Capability, Power Steering, Crash Test Star Rating 5, Location: 3 Maxwell Road, Pooraka, SA, 5095, Key No: 6",,,,active,,,,,False
,Benz,Vito,119P Long Automatic 8 Seats People Mover,People Mover,8.0,Unable to locate,2005 - 12,WDF63970323138767,,,"Sold Unregistered, Without Plates",,6.0,3.2,Petrol,Automatic,265173,km,Other,Multi,Yes,No,Yes,Yes,Yes,SA,https://www.grays.com/lot/0001-60049707/motor-vehicles-motor-cycles/mercedes-benz-vito-119p-long-automatic-8-seats-people-mover,"Engine noise observed.
Engine Smoke visible","Air Conditioning, CD Player, Central Locking, 614, Driver Airbag, Electric Windows, Power Steering, Third Row Seat, Location: 3 Maxwell Road, Pooraka, SA, 5095, Key No: 56",,,,active,,,,,False
,XC90,Automatic,Wagon,,0.0,Unable to locate,Unable to locate,YV1CZ59G741048541,,,"Sold Unregistered, Without Plates",,0.0,0,Petrol,Automatic - 4 Speed,00000,km,Silver,Other,No,No,No,No,No,SA,https://www.grays.com/lot/0001-60049710/motor-vehicles-motor-cycles/volvo-xc90-automatic-wagon,Please refer to the photos or arrange inspection to view the condition of this vehicle.,"Location: 3 Maxwell Road, Pooraka, SA, 5095, Key No: FY",,,,active,,,,,False
2021.0,Toyota,Hilux,4x4 SR GUN126R Turbo Diesel Automatic Crew Cab Chassis,Crew Cab Chassis,5.0,2021-07,2021-07,MR0KA3CD201262765,1HJM737,WA,27-02-2026 - Registration will only be transferred to the registered bidder who must hold a valid WA Licence otherwise vehicle will be sold unregistered. Vehicle Sold Without Roadworthy,2.0,4.0,2.8,Diesel,Automatic,105915,km,White,Charcoal,Yes,Yes,Yes,Yes,Yes,WA,https://www.grays.com/lot/0001-9065582/motor-vehicles-motor-cycles/2021-toyota-hilux-4x4-sr-gun126r-turbo-diesel-automatic-crew-cab-chassis,"Dents or marks on body consistent with age and kilometres.
Medium Scratch on Various panels
Front Seat worn both","Air Conditioning, Bull Bar, Central Locking, Cruise Control, Driver Airbag, Electric Windows, Hill Holder System, MP3 Capability, Power Steering, Crash Test Star Rating 5, Location: 6 Spartan Street, Jandakot, WA, 6164, Key No: 31D",,,,active,,,,,False
2022.0,Toyota,Hilux,4x4 SR GUN126R Turbo Diesel Automatic Crew Cab Chassis,Crew Cab Chassis,5.0,2022-01,2022-02,MR0KA3CD601316780,1HOT492,WA,06-04-2026 - Registration will only be transferred to the registered bidder who must hold a valid WA Licence otherwise vehicle will be sold unregistered. Vehicle Sold Without Roadworthy,2.0,4.0,2.8,Diesel,Automatic,68524,km,White,Grey,Yes,Yes,Yes,Yes,Yes,WA,https://www.grays.com/lot/0001-9065585/motor-vehicles-motor-cycles/2022-toyota-hilux-4x4-sr-gun126r-turbo-diesel-automatic-crew-cab-chassis,"Dents or marks on body consistent with age and kilometres.
Front Seat worn both
Paint peeling on various panels
Paint fading on various panels","Air Conditioning, Bull Bar, Central Locking, Cruise Control, Driver Airbag, Electric Windows, MP3 Capability, Power Steering, Crash Test Star Rating 5, Location: 6 Spartan Street, Jandakot, WA, 6164, Key No: 33D",,,,active,,,,,False
2020.0,Toyota,Hilux,4x4 SR GUN126R Turbo Diesel Automatic Crew Cab Chassis,Crew Cab Chassis,5.0,2020-10,2020-11,MR0KA3CDX01312490,1HFN519,WA,23-05-2026 - Registration will only be transferred to the registered bidder who must hold a valid WA Licence otherwise vehicle will be sold unregistered. Vehicle Sold Without Roadworthy,2.0,4.0,2.8,Diesel,Automatic,197090,km,White,Charcoal,Yes,Yes,Yes,No,Yes,WA,https://www.grays.com/lot/0001-9065587/motor-vehicles-motor-cycles/2020-toyota-hilux-4x4-sr-gun126r-turbo-diesel-automatic-crew-cab-chassis,"Dents or marks on body consistent with age and kilometres.
Medium Dent on Rear left door
Medium Scratch on Rear left door","Air Conditioning, Bull Bar, Central Locking, Cruise Control, Driver Airbag, Electric Windows, Hill Holder System, MP3 Capability, Power Steering, Reversing Camera, Crash Test Star Rating 5, Location: 6 Spartan Street, Jandakot, WA, 6164, Key No: 45D",,,,active,,,,,False
2017.0,Mitsubishi,Eclipse,Cross EXCEED AWD YA CVT Wagon,Wagon,5.0,2017-11,2017-11,JMFXTGK1WJZ000646,1GUJ289,WA,07-02-2026 - Registration will only be transferred to the registered bidder who must hold a valid WA Licence otherwise vehicle will be sold unregistered. Vehicle Sold Without Roadworthy,2.0,4.0,1.5,Petrol,CVT,182397,km,Black,Black Leather,Yes,No,Yes,No,Yes,WA,https://www.grays.com/lot/0001-9065589/motor-vehicles-motor-cycles/2017-mitsubishi-eclipse-cross-exceed-awd-ya-cvt-wagon,"Dents or marks on body consistent with age and kilometres.
Medium Scratch on Various panels
Paint fading Various panels
Engine light ON","Air Conditioning, Central Locking, Climate Control, Cruise Control, Driver Airbag, Electric Windows, Heated Front Seats, Hill Holder System, Leather Trim, MP3 Capability, Park Distance Control Front, Park Distance Control Rear, Power Steering, Reversing Camera, Roof Rail, Sunroof, Crash Test Star Rating 5, Location: 6 Spartan Street, Jandakot, WA, 6164, Key No: 41D",,,,active,,,,,False
2007.0,BMW,X5,4.8i E70 Automatic Wagon,Wagon,5.0,2007-07,2008-02,WBAFE82050LJ52701,1IUL392,WA,17-12-2025 - Registration will only be transferred to the registered bidder who must hold a valid WA Licence otherwise vehicle will be sold unregistered. Vehicle Sold Without Roadworthy,2.0,8.0,4.8,Petrol,Automatic,243291,km,Silver,Black Leather,Yes,Yes,Yes,Yes,Yes,WA,https://www.grays.com/lot/0001-9065591/motor-vehicles-motor-cycles/2007-bmw-x5-4-8i-e70-automatic-wagon,"Dents or marks on body consistent with age and kilometres.
Damaged Rear drivers
Door card Damaged.
Front Seat worn Drivers
Seat Torn Drivers","Air Conditioning, CD Player, Central Locking, Driver Airbag, Electric Windows, Leather Trim, MP3 Capability, Park Distance Control Front, Park Distance Control Rear, Power Steering, Reversing Camera, Roof Rail/Roof Rack, Satellite Navigation System, Sunroof - not tested, Location: 6 Spartan Street, Jandakot, WA, 6164, Key No: 46D",,,,active,,,,,False
2005.0,Audi,A4,2.0 TFSI B7 CVT Sedan,Sedan,5.0,2005-09,2006-01,WAUZZZ8E46A088648,1ITQ441,WA,29-04-2026 - Registration will only be transferred to the registered bidder who must hold a valid WA Licence otherwise vehicle will be sold unregistered. Vehicle Sold Without Roadworthy,2.0,4.0,2,Petrol,CVT,174138,km,Dark Grey,Cream Leather,Yes,Yes,Yes,Partial,Yes,WA,https://www.grays.com/lot/0001-9065592/motor-vehicles-motor-cycles/2005-audi-a4-2-0-tfsi-b7-cvt-sedan,"Dents or marks on body consistent with age and kilometres.
Medium Scratch on Various panels
Engine Water Leak
Front Seat worn drivers seat","Air Conditioning, Bluetooth Capability, Driver Airbag, Electric Windows, Leather Trim, Power Steering, Reversing Camera, Sunroof, Location: 6 Spartan Street, Jandakot, WA, 6164, Key No: 48D",,,,active,,,,,False
2006.0,Nissan,Patrol,ST 3.0 GU II Turbo Diesel Manual 7 Seats Wagon,Wagon,7.0,Unable to locate,2006-01,JN1TESY61A0374031,1EJV307,WA,05-09-2026 - Registration will only be transferred to the registered bidder who must hold a valid WA Licence otherwise vehicle will be sold unregistered. Vehicle Sold Without Roadworthy,2.0,4.0,3,Diesel,Manual,244810,km,White,Charcoal,Yes,No,Yes,Partial,Yes,WA,https://www.grays.com/lot/0001-9065596/motor-vehicles-motor-cycles/2006-nissan-patrol-st-3-0-gu-ii-turbo-diesel-manual-7-seats-wagon,"Dents or marks on body consistent with age and kilometres.
Corrosion visible Various locations
Engine Oil Leak
Dash Torn or Cracked
Paint peeling Various panels
Airbag light ON
Engine Smoke visible
Seats Removed","Air Conditioning, Bull Bar, Driver Airbag, Electric Windows, Power Steering, Roof Rail/Roof Rack, Crash Test Star Rating 3, Location: 6 Spartan Street, Jandakot, WA, 6164, Key No: 6E",,,,active,,,,,False
2010.0,BMW,3,Series 323i E90 Automatic Sedan,Sedan,5.0,2010-06,2010-09,WBAPG76050NM63696,1EMP036,WA,02-01-2026 - Registration will only be transferred to the registered bidder who must hold a valid WA Licence otherwise vehicle will be sold unregistered. Vehicle Sold Without Roadworthy,2.0,6.0,2.5,Petrol,Automatic,151239,km,Black,Cream Leather,Yes,Yes,Yes,Partial,Yes,WA,https://www.grays.com/lot/0001-9065597/motor-vehicles-motor-cycles/2010-bmw-3-series-323i-e90-automatic-sedan,"Dents or marks on body consistent with age and kilometres.
Door card Worn.
Back Seat Marks.
Airbag light ON
Front Seat worn drivers seat
Paint fading various panels
Medium Scratch on rear panel","Air Conditioning, CD Player, Central Locking, Climate Control, Driver Airbag, Electric Windows, Leather Trim, MP3 Capability, Park Distance Control Front, Park Distance Control Rear, Power Steering, Satellite Navigation System, Crash Test Star Rating 5, Location: 6 Spartan Street, Jandakot, WA, 6164, Key No: 5E",,,,active,,,,,False
2014.0,Ford,Kuga,AWD Titanium TF Turbo Diesel Automatic Wagon,Wagon,5.0,2014-05,2014-08,WF0AXXWPMAEJ69055,1EST116,WA,01-01-2026 - Registration will only be transferred to the registered bidder who must hold a valid WA Licence otherwise vehicle will be sold unregistered. Vehicle Sold Without Roadworthy,2.0,4.0,2,Diesel,Automatic,147173,km,White,Black Leather,Yes,Yes,Yes,Partial,Yes,WA,https://www.grays.com/lot/0001-9065598/motor-vehicles-motor-cycles/2014-ford-kuga-awd-titanium-tf-turbo-diesel-automatic-wagon,"Dents or marks on body consistent with age and kilometres.
Windscreen Chipped or Cracked.","Air Conditioning, CD Player, Central Locking, Driver Airbag, Electric Windows, Leather Trim, Park Distance Control Front, Park Distance Control Rear, Reversing Camera, Roof Rail, Sunroof, Crash Test Star Rating 5, Location: 6 Spartan Street, Jandakot, WA, 6164, Key No: 44D",,,,active,,,,,False
2013.0,Volkswagen,Tiguan,132 TSI PACIFIC 5N Automatic Wagon,Wagon,5.0,2013-11,2014-02,WVGZZZ5NZEW056122,A63344,WA,04-03-2026 - Registration will only be transferred to the registered bidder who must hold a valid WA Licence otherwise vehicle will be sold unregistered. Vehicle Sold Without Roadworthy,2.0,4.0,2,Petrol,Automatic,222209,km,Dark Blue,Charcoal,Yes,Yes,Yes,Yes,Yes,WA,https://www.grays.com/lot/0001-9065599/motor-vehicles-motor-cycles/2013-volkswagen-tiguan-132-tsi-pacific-5n-automatic-wagon,"Dents or marks on body consistent with age and kilometres.
Front Seat worn Drivers
Medium Dent on Boot
Medium Dent on Drivers rear quarter panel
Back Seat Marks.
Front Seat Marks driver seat","Air Conditioning, CD Player, Driver Airbag, Electric Windows, MP3 Capability, Park Distance Control Front, Park Distance Control Rear, Power Steering, Roof Rail, Crash Test Star Rating 5, Location: 6 Spartan Street, Jandakot, WA, 6164, Key No: 4E",,,,active,,,,,False
2009.0,Volkswagen,Golf,103TDI Comfortline A6 Turbo Diesel Manual Hatchback,Hatchback,5.0,2009-03,2009-06,WVWZZZ1KZ9W510237,1DCU496,WA,05-01-2026 - Registration will only be transferred to the registered bidder who must hold a valid WA Licence otherwise vehicle will be sold unregistered. Vehicle Sold Without Roadworthy,2.0,4.0,2,Diesel,Manual,147357,km,Dark Grey,Charcoal,Yes,Yes,Yes,Partial,Yes,WA,https://www.grays.com/lot/0001-9065600/motor-vehicles-motor-cycles/2009-volkswagen-golf-103tdi-comfortline-a6-turbo-diesel-manual-hatchback,"ABS light ON
Traction control light ON
Front Seat worn Drivers
Back Seat Marks.
Door card Damaged.
Hood Lining Sagging
Medium Scuff on Rear passenger quarter panel
Medium Scratch on Passenger side
Large Scuff on Front bumper","Air Conditioning, CD Player, Central Locking, Driver Airbag, Electric Windows, MP3 Capability, Power Steering, Satellite Navigation System, Crash Test Star Rating 5, Location: 6 Spartan Street, Jandakot, WA, 6164, Key No: 3E",,,,active,,,,,False
2016.0,Toyota,Hilux,4x4 SR GUN126R Turbo Diesel Automatic Dual Cab,Dual Cab,5.0,2016-16,2016-10,MR0KA3CD601194390,No,VIC,"Sold Unregistered, Without Plates",0.0,4.0,2.8,Diesel,Automatic,222941,km,White,Grey,Yes,No,Yes,Yes,Yes,VIC,https://www.grays.com/lot/0001-21060193/motor-vehicles-motor-cycles/2016-toyota-hilux-4x4-sr-gun126r-turbo-diesel-automatic-dual-cab,"Dents or marks on body consistent with age and kilometres.
Door Mirror Broken Drivers Side Mirror Broken
Medium Dent on Bonnet","Yes, Bluetooth Capability, Central Locking, Yes, Driver Airbag, MP3 Capability, Power Steering, Yes, Crash Test Star Rating 5, Location: 451 Palmers Road, (Enter from K&S Freighters on Palmers Road), Truganina, VIC, 3026, Key No: 86B",,,,active,,,,,False
2005.0,Toyota,Hilux,SR (4x4) KUN26R Turbo Diesel Manual Dual Cab,Dual Cab,5.0,2005-03,2005-04,MR0FZ22G001000744,,,"Sold Unregistered, Without Plates",0.0,4.0,3,Diesel,Manual,362309,km,White,Grey,Yes,No,No,No,Yes,QLD,https://www.grays.com/lot/0001-50713770/motor-vehicles-motor-cycles/2005-toyota-hilux-sr-4x4-kun26r-turbo-diesel-manual-dual-cab,"Seat Torn rhf,
Back Seat worn.
Dents or marks on body consistent with age and kilometres.
Windscreen Chipped or Cracked.
Large Scuff on rhf guard,
Large Dent on rhf door, rhr door,
Damaged rhf guard,
Paint cracked various panels
Paint fading various panels","Air Conditioning, Bull Bar, CD Player, Driver Airbag, Electric Windows, MP3 Capability, Nudge Bar, Power Steering, Crash Test Star Rating 4, Location: 131-153 Main Beach Road, Pinkenba, QLD, 4008, Key No: K-401 GV364255",,,,active,,,,,False
