year,make,model,variant,body_type,transmission,fuel_type,odometer_reading,no_of_seats,vin,rego_no,rego_expiry,no_of_cylinders,engine_capacity,exterior_colour,interior_colour,key,spare_key,owners_manual,service_history,engine_turns_over,location,url,general_condition,bids,price,date_sold
2013,MAZDA,Cx-5,maxx sport ke,Wagon,Automatic,Diesel,195756,5.0,JM0KE102100203892,No plates,Unregistered,4,2.2,Silver,Black,Yes,Yes,Yes,Yes,Yes,qld,https://www.grays.com/lot/0001-50711139/motor-vehicles-motor-cycles/2013-mazda-cx-5-maxx-sport-ke-turbo-diesel-automatic-wagon,"paint fading bonnet, spoiler, roof medium dent on rh side of rear bumper dents or marks on body consistent with age and kilometres. interior: driver door handle damaged marks in boot seat tear rhf",78,6534,2025-03-09
2013,HYUNDAI,Ix35,se fwd lm,Wagon,Automatic,Petrol,178188,5.0,TMAJU81FMEJ504590,RO14277,05-08-2025,4,2,Silver,Black Leather,Yes,Yes,Yes,Yes,Yes,wa,https://www.grays.com/lot/0001-9057517/motor-vehicles-motor-cycles/2013-hyundai-ix35-se-fwd-lm-automatic-wagon,engine noise observed. dents or marks on body consistent with age and kilometres. engine light on seat torn driver,75,5420,2025-03-09
2020,HYUNDAI,I30,active pd,Hatchback,Automatic,Petrol,55152,5.0,KMHH351EMLU145530,1SR5PD,30-11-2025,4,2,White,Black,Yes,Yes,Yes,Yes,Yes,vic,https://www.grays.com/lot/0001-21044998/motor-vehicles-motor-cycles/2020-hyundai-i30-active-pd-automatic-hatchback,dents or marks on body consistent with age and kilometres. paint fading spoiler,33,18200,2025-03-10
2015,MAZDA,Cx-5,maxx sport ke,Wagon,Automatic,Diesel,142609,5.0,JM0KE102200355097,DDD82Y,Unregistered,4,2.2,White,Black,Yes,Yes,Yes,Yes,Yes,nsw,https://www.grays.com/lot/0001-10347528/motor-vehicles-motor-cycles/2015-mazda-cx-5-maxx-sport-ke-turbo-diesel-automatic-wagon,dents or marks on body consistent with age and kilometres. hail damage visible. large scratch on passenger side front guard,90,10400,2025-03-10
2017,TOYOTA,Corolla,ascent sport zre182r,Hatchback,CVT,Petrol,266650,5.0,JTNKU3JE40J559341,1JY9DC,12-04-2025,4,1.8,White,Black,Yes,Yes,Yes,Yes,Yes,vic,https://www.grays.com/lot/0001-21044985/motor-vehicles-motor-cycles/2017-toyota-corolla-ascent-sport-zre182r-cvt-hatchback,dents or marks on body consistent with age and kilometres.,99,9300,2025-03-11
2010,HYUNDAI,Getz,sx tb,Hatchback,Automatic,Petrol,136134,5.0,KMHBT51BMBU037310,YOU919,22-09-2025,4,1.6,Silver,Black,Yes,Yes,Yes,Yes,Yes,vic,https://www.grays.com/lot/0001-21044905/motor-vehicles-motor-cycles/2010-hyundai-getz-sx-tb-automatic-hatchback,dents or marks on body consistent with age and kilometres. abs light on traction control light on,28,3050,2025-03-11
2014,HYUNDAI,I30,active gd,Hatchback,Automatic,Petrol,130259,5.0,KMHD251EMEU223932,1EPO033,Unregistered,4,1.8,Silver,Charcoal,Yes,Yes,Yes,No,Yes,wa,https://www.grays.com/lot/0001-9057550/motor-vehicles-motor-cycles/2014-hyundai-i30-active-gd-automatic-hatchback,flat battery. jump start or towing required engine noise observed. dents or marks on body consistent with age and kilometres. left rear passenger door door not working paint fading various panels carpet worn in places.,60,5409,2025-03-11
2015,HYUNDAI,I30,active gd,Hatchback,Automatic,Petrol,154600,5.0,KMHD251EMGU255347,No plates,Unregistered,4,1.8,Red,Grey,Yes,No,Yes,Yes,Yes,nsw,https://www.grays.com/lot/0001-10347540/motor-vehicles-motor-cycles/2015-hyundai-i30-active-gd-automatic-hatchback,paint peeling rear roof spoiler.,92,7100,2025-03-11
2013,HYUNDAI,Ix35,se fwd lm,Wagon,Automatic,Petrol,148628,5.0,TMAJU81BMDJ409345,1EGE338,25-04-2025,4,2,Grey,Black Leather,Yes,No,Yes,Yes,Yes,wa,https://www.grays.com/lot/0001-9057555/motor-vehicles-motor-cycles/2013-hyundai-ix35-se-fwd-lm-automatic-wagon,glovebox marks seat torn driver’s front seat worn all around medium scuff on rear right quarter dents or marks on body consistent with age and kilometres. medium dent on body paint fading front left quarter,82,6000,2025-03-11
2011,MAZDA,3,neo bl,Hatchback,Automatic,Petrol,120052,5.0,JM0BL10F100225935,YHZ823,20-04-2025,4,2,Blue,Black,Yes,Yes,Yes,No,Yes,vic,https://www.grays.com/lot/0001-21044938/motor-vehicles-motor-cycles/2011-mazda-3-neo-bl-automatic-hatchback,light hail damage visible. medium scratch on bonnet engine light on dents or marks on body consistent with age and kilometres.,68,5709,2025-03-11
2012,MAZDA,Cx-5,maxx sport ke,Wagon,Automatic,Diesel,255257,5.0,JM0KE102100120732,ZGS366,01-04-2025,4,2.2,Blue,Black,Yes,Yes,Yes,Yes,Yes,vic,https://www.grays.com/lot/0001-21044945/motor-vehicles-motor-cycles/2012-mazda-cx-5-maxx-sport-ke-turbo-diesel-automatic-wagon,dents or marks on body consistent with age and kilometres. front seat worn drivers,68,6100,2025-03-11
2014,MAZDA,Cx-5,maxx sport ke,Wagon,Automatic,Diesel,181242,5.0,JM0KE102100256594,no plates,Unregistered,4,2.2,Blue,Black,Yes,Yes,Yes,Yes,Yes,vic,https://www.grays.com/lot/0001-21045039/motor-vehicles-motor-cycles/2014-mazda-cx-5-maxx-sport-ke-turbo-diesel-automatic-wagon,"medium scratch on doors, rear bumper,front fender and bumper medium dent on rear passenger door",73,6900,2025-03-11
2014,MAZDA,Cx-5,maxx sport ke,Wagon,Automatic,Diesel,183879,5.0,JM0KE102100251832,1BR3GN,27-02-2025,4,2.2,White,Black,Yes,No,Yes,Yes,Yes,vic,https://www.grays.com/lot/0001-21045057/motor-vehicles-motor-cycles/2014-mazda-cx-5-maxx-sport-ke-turbo-diesel-automatic-wagon,dents or marks on body consistent with age and kilometres.,53,8755,2025-03-11
2017,HYUNDAI,I30,active pd,Hatchback,Automatic,Petrol,116895,5.0,KMHH351EMJU005318,no plates,Unregistered,4,2,Blue,Charcoal,Yes,Yes,Yes,Yes,Yes,wa,https://www.grays.com/lot/0001-9057631/motor-vehicles-motor-cycles/2017-hyundai-i30-active-pd-automatic-hatchback,"dents or marks on body engine knock - bottom end knock, engine requires attention",111,9500,2025-03-12
2012,MAZDA,Cx-5,maxx sport ke,Wagon,Automatic,Diesel,222791,5.0,JM0KE102100121776,1EAB662,01-05-2025,4,2.2,Red,Charcoal,Yes,Yes,Yes,Yes,Yes,wa,https://www.grays.com/lot/0001-9057635/motor-vehicles-motor-cycles/2012-mazda-cx-5-maxx-sport-ke-turbo-diesel-automatic-wagon,dents or marks on body consistent with age and kilometres. paint peeling roof medium scratch on l/h front guard,99,7000,2025-03-12
2018,TOYOTA,Camry,ascent hybrid axvh71r,Sedan,Automatic,Hybrid,57542,5.0,JTNB23HK603007765,No Plates,Unregistered,4.0,2.5,Champagne,Grey,Yes,Yes,Yes,No,Yes,vic,https://www.grays.com/lot/0001-21059936/motor-vehicles-motor-cycles/2018-toyota-camry-ascent-hybrid-axvh71r-automatic-sedan,dents or marks on body consistent with age and kilometres.,258,20100,2025-03-12
2011,TOYOTA,Corolla,ascent zre152r,Sedan,Automatic,Petrol,139148,5.0,JTNBU56E10J064924,YNX934,19-08-2026,4.0,1.8,Grey,Black,Yes,Yes,Yes,Partial,Yes,vic,https://www.grays.com/lot/0001-21060079/motor-vehicles-motor-cycles/2011-toyota-corolla-ascent-zre152r-automatic-sedan,dents or marks on body consistent with age and kilometres. medium dent on around vehicle damaged passenger side rear tail light medium scratch on around vehicle,58,7000,2025-03-12
2014,MAZDA,Cx-5,maxx sport ke,Wagon,Automatic,Diesel,205989,5.0,JM0KE102100256206,2AH2QW,27-05-2025,4,2.2,Grey,Black,Yes,No,Yes,No,Yes,vic,https://www.grays.com/lot/0001-21045178/motor-vehicles-motor-cycles/2014-mazda-cx-5-maxx-sport-ke-turbo-diesel-automatic-wagon,large scratch on front bumper dents or marks on body consistent with age and kilometres.,60,9000,2025-03-16
2012,MAZDA,3,neo bl,Hatchback,Automatic,Petrol,97473,5.0,JM0BL10F200345063,1DYL181,25-04-2025,4,2,Blue,Charcoal,Yes,Yes,Yes,Yes,Yes,wa,https://www.grays.com/lot/0001-9057816/motor-vehicles-motor-cycles/2012-mazda-3-neo-bl-automatic-hatchback,dents or marks on body consistent with age and kilometres. paint fading roof,86,8100,2025-03-17
2014,TOYOTA,Corolla,ascent zre182r,Hatchback,CVT,Petrol,193733,5.0,JTNKU3JE20J083803,1GM5XW,15-07-2025,4.0,1.8,White,Black,Yes,Yes,Yes,Yes,Yes,vic,https://www.grays.com/lot/0001-21045293/motor-vehicles-motor-cycles/2014-toyota-corolla-ascent-zre182r-cvt-hatchback,paint cracked rear bar dents or marks on body consistent with age and kilometres. controls broken heater and air conditioning / blower fan,119,8600,2025-03-17
2020,TOYOTA,Hilux,sr (4x4) gun126r,Crew Cab Chassis,Automatic,Diesel,98456,5.0,MR0KA3CD801247154,1HCX037,26-04-2025,4,2.8,White,Grey,Yes,Yes,Yes,Yes,Yes,wa,https://www.grays.com/lot/0001-9057749/motor-vehicles-motor-cycles/2020-toyota-hilux-sr-4x4-gun126r-turbo-diesel-automatic-crew-cab-chassis,dents or marks on body consistent with age and kilometres. door card worn. corrosion visible tub large dent on front bumper,80,23600,2025-03-18
2014,HYUNDAI,I30,active gd,Hatchback,Automatic,Petrol,131094,5.0,KMHD251EMEU217030,1EZO469,23-06-2025,4,1.8,Grey,Grey,Yes,Yes,Yes,Yes,Yes,wa,https://www.grays.com/lot/0001-9057883/motor-vehicles-motor-cycles/2014-hyundai-i30-active-gd-automatic-hatchback,glovebox marks dents or marks on body consistent with age and kilometres. medium scuff on body medium scratch on body engine smoke visible,77,5401,2025-03-19
2018,TOYOTA,Hilux,4x4 sr gun126r,Crew Cab Chassis,Automatic,Diesel,184807,5.0,MR0KA3CD801213523,1HLD760,23-07-2025,4,2.8,White,Grey,Yes,No,Yes,No,Yes,wa,https://www.grays.com/lot/0001-9057839/motor-vehicles-motor-cycles/2018-toyota-hilux-4x4-sr-gun126r-turbo-diesel-automatic-crew-cab-chassis,glovebox marks seat torn driver’s dents or marks on body consistent with age and kilometres. large dent on panel between tray and rear passenger door,209,19300,2025-03-19
2012,MAZDA,Cx-5,maxx sport ke,Wagon,Automatic,Diesel,145428,5.0,JM0KE102100119820,1GSO478,30-01-2025,4,2.2,Red,Black,Yes,Yes,Yes,Yes,Yes,wa,https://www.grays.com/lot/0001-9057882/motor-vehicles-motor-cycles/2012-mazda-cx-5-maxx-sport-ke-turbo-diesel-automatic-wagon,glovebox marks front seat worn all around dents or marks on body consistent with age and kilometres. paint peeling body medium scratch on body medium scuff on body,81,7100,2025-03-19
2013,MAZDA,Cx-5,maxx sport ke,Wagon,Automatic,Diesel,219298,5.0,JM0KE102100228476,No plates,Unregistered,4,2.2,Red,Black,Yes,Yes,Yes,Yes,Yes,qld,https://www.grays.com/lot/0001-50514359/motor-vehicles-motor-cycles/2013-mazda-cx-5-maxx-sport-ke-turbo-diesel-automatic-wagon,medium dent on rear bumper front seat worn driver seat door card worn. door mirror broken rh side mirror cracked medium scratch on rh side mirror dents or marks on body consistent with age and kilometres. paint fading multiple panels,49,4800,2025-03-19
2014,MAZDA,Cx-5,maxx sport ke,Wagon,Automatic,Diesel,75582,5.0,JM0KE102100239511,No plates,Unregistered,4,2.2,Silver,Black,Yes,Yes,Yes,Yes,Yes,qld,https://www.grays.com/lot/0001-50514317/motor-vehicles-motor-cycles/2014-mazda-cx-5-maxx-sport-ke-turbo-diesel-automatic-wagon,dents or marks on body consistent with age and kilometres.,68,6509,2025-03-19
2015,HYUNDAI,Ix35,se fwd lm,Wagon,Automatic,Petrol,156862,5.0,TMAJU81FMFJ769228,1FV8VX,27-08-2025,4,2,Silver,Black Leather,Yes,No,No,No,Yes,vic,https://www.grays.com/lot/0001-21045253/motor-vehicles-motor-cycles/2015-hyundai-ix35-se-fwd-lm-automatic-wagon,dents or marks on body consistent with age and kilometres. dents or marks on body consistent with age and kilometres. large dent on left side doors large scratch on lhf guard,70,6600,2025-03-19
2011,HYUNDAI,Ix35,elite (awd) lm,Wagon,Automatic,Petrol,205946,5.0,KMHJU81CSCU441186,1DVN363,Unregistered,4,2.4,Red,Black Leather,Yes,No,Yes,No,Yes,wa,https://www.grays.com/lot/0001-9057934/motor-vehicles-motor-cycles/2011-hyundai-ix35-elite-awd-lm-automatic-wagon,front seat worn all around dents or marks on body consistent with age and kilometres. paint peeling body medium scuff on body front (disjointed) cracked bumper.,39,3700,2025-03-20
2013,HYUNDAI,Ix35,se fwd lm,Wagon,Automatic,Petrol,178188,5.0,TMAJU81FMEJ504590,RO14277,05-08-2025,4,2,Silver,Black Leather,Yes,Yes,Yes,Yes,Yes,wa,https://www.grays.com/lot/0001-9057943/motor-vehicles-motor-cycles/2013-hyundai-ix35-se-fwd-lm-automatic-wagon,engine noise observed. dents or marks on body consistent with age and kilometres. engine light on seat torn driver,46,3109,2025-03-20
2012,MAZDA,Cx-5,maxx sport ke,Wagon,Automatic,Diesel,264039,5.0,JM0KE102100107176,1HZA141,02-03-2025,4,2.2,Silver,Charcoal,Yes,Yes,Yes,Yes,Yes,wa,https://www.grays.com/lot/0001-9057941/motor-vehicles-motor-cycles/2012-mazda-cx-5-maxx-sport-ke-turbo-diesel-automatic-wagon,paint fading various panels large dent on rear bumper seat torn driver,70,6000,2025-03-20
2015,HYUNDAI,Ix35,elite awd lm,Wagon,Automatic,Petrol,221028,5.0,KMHJU81GSFU112941,DMP23Z,Unregistered,4,2.4,Dark Grey,Black Leather,Yes,No,Yes,Yes,Yes,nsw,https://www.grays.com/lot/0001-10910535/motor-vehicles-motor-cycles/2015-hyundai-ix35-elite-awd-lm-automatic-wagon,engine noise observed. engine light on,62,4900,2025-03-23
2011,TOYOTA,Yaris,yr ncp90r,Hatchback,Automatic,Petrol,235627,5.0,JTDKW923105187545,ZBY901,01-04-2025,4,1.3,White,Grey,Yes,No,Yes,Yes,Yes,vic,https://www.grays.com/lot/0001-21045592/motor-vehicles-motor-cycles/2011-toyota-yaris-yr-ncp90r-automatic-hatchback,medium scuff on front and rear bumper dents or marks on body consistent with age and kilometres. engine noise observed. engine noise observed. front seat worn drivers,36,3200,2025-03-23
2008,TOYOTA,Corolla,ascent zre152r,Sedan,Automatic,Petrol,129182,5.0,JTNBU52E10J007807,No plates,Unregistered,4,1.8,Silver,Grey,Yes,No,Yes,Yes,Yes,nsw,https://www.grays.com/lot/0001-10347641/motor-vehicles-motor-cycles/2008-toyota-corolla-ascent-zre152r-automatic-sedan,"body/panel damage bonnet, roof, driver side front guard, bootlid, rear doors and quarter panels front and rear cracked bumper. damaged tail lights door mirror broken passenger side large dent on driver side sill panel hail damage visible.",32,3150,2025-03-25
2007,TOYOTA,Corolla,ascent zre152r,Sedan,Automatic,Petrol,271748,5.0,JTNBU52E80J002376,No plates,Unregistered,4,1.8,Red,Black,Yes,Yes,Yes,Yes,Yes,nsw,https://www.grays.com/lot/0001-10347869/motor-vehicles-motor-cycles/2007-toyota-corolla-ascent-zre152r-automatic-sedan,"dents or marks on body consistent with age and kilometres. paint peeling roof, bonnet, bootlid, front guards, front bumper bar large scratch on passenger side rear door engine light on",19,1509,2025-03-25
2006,HYUNDAI,Getz,1.4 tb,Hatchback,Manual,Petrol,276567,5.0,KMHBT31DR7U161326,No plates,Unregistered,4,1.4,Red,Grey,Yes,No,No,No,Yes,wa,https://www.grays.com/lot/0001-9058041/motor-vehicles-motor-cycles/2006-hyundai-getz-1-4-tb-manual-hatchback,dents or marks on body consistent with age and kilometres. paint peeling various panels engine smoke visible large dent on fender medium scuff on quarter panel,5,409,2025-03-25
2021,TOYOTA,Hilux,sr (4x4) gun126r,Crew Cab Chassis,Automatic,Diesel,100920,5.0,MR0KA3CD001255216,1HHG410,07-04-2025,4,2.8,White,Grey,Yes,Yes,Yes,Yes,Yes,wa,https://www.grays.com/lot/0001-9057959/motor-vehicles-motor-cycles/2021-toyota-hilux-sr-4x4-gun126r-turbo-diesel-automatic-crew-cab-chassis,corrosion visible various panels dents or marks on body consistent with age and kilometres.,114,29800,2025-03-25
2020,TOYOTA,Hilux,sr (4x4) gun126r,Crew Cab Chassis,Automatic,Diesel,104143,5.0,MR0KA3CD301248986,1HEB927,08-05-2025,4,2.8,White,Grey,Yes,Yes,Yes,Yes,Yes,wa,https://www.grays.com/lot/0001-9057964/motor-vehicles-motor-cycles/2020-toyota-hilux-sr-4x4-gun126r-turbo-diesel-automatic-crew-cab-chassis,corrosion visible various areas dents or marks on body consistent with age and kilometres.,159,28600,2025-03-25
2021,TOYOTA,Hilux,sr (4x4) gun126r,Crew Cab Chassis,Automatic,Diesel,90771,5.0,MR0KA3CD301257395,1HHU420,02-05-2025,4,2.8,White,Grey,Yes,Yes,Yes,Yes,Yes,wa,https://www.grays.com/lot/0001-9057962/motor-vehicles-motor-cycles/2021-toyota-hilux-sr-4x4-gun126r-turbo-diesel-automatic-crew-cab-chassis,dents or marks on body consistent with age and kilometres. corrosion visible various areas,19,25200,2025-03-25
2020,TOYOTA,Hilux,sr (4x4) gun126r,Crew Cab Chassis,Automatic,Diesel,125906,5.0,MR0KA3CD401248981,1HFA136,08-06-2025,4,2.8,White,Grey,Yes,Yes,Yes,Yes,Yes,wa,https://www.grays.com/lot/0001-9057957/motor-vehicles-motor-cycles/2020-toyota-hilux-sr-4x4-gun126r-turbo-diesel-automatic-crew-cab-chassis,dents or marks on body consistent with age and kilometres. windscreen chipped or cracked. corrosion visible various areas,89,21505,2025-03-25
2020,TOYOTA,Hilux,sr (4x4) gun126r,Crew Cab Chassis,Automatic,Diesel,57466,5.0,MR0KA3CD901251584,1HFN505,07-05-2025,4,2.8,White,Grey,Yes,Yes,Yes,Yes,Yes,wa,https://www.grays.com/lot/0001-9057963/motor-vehicles-motor-cycles/2020-toyota-hilux-sr-4x4-gun126r-turbo-diesel-automatic-crew-cab-chassis,dents or marks on body consistent with age and kilometres. corrosion visible rear tray,61,26000,2025-03-25
2015,MAZDA,Cx-5,maxx sport ke,Wagon,Automatic,Diesel,238785,5.0,JM0KE102200322539,AVM760,10-07-2025,4,2.2,White,Black,Yes,No,Yes,No,Yes,vic,https://www.grays.com/lot/0001-21045769/motor-vehicles-motor-cycles/2015-mazda-cx-5-maxx-sport-ke-turbo-diesel-automatic-wagon,dents or marks on body consistent with age and kilometres. engine idling rough medium scratch on front bumper,48,3501,2025-03-25
2015,TOYOTA,Camry,altise asv50r,Sedan,Automatic,Petrol,242107,5.0,6T1BF3FK90X069309,1FD5KW,16-07-2025,4,2.5,Silver,Black,Yes,No,No,No,Yes,vic,https://www.grays.com/lot/0001-21045744/motor-vehicles-motor-cycles/2015-toyota-camry-altise-asv50r-automatic-sedan,"front bar, rear bar cracked bumper. body/panel damage rear bar, boot, lh quarter panel, large dent on rhr door damaged rh twilight lens cracked, medium scratch on rhf door, rhr door, front bar, rear bar",75,6409,2025-03-25
2017,HYUNDAI,I30,active pd,Hatchback,Automatic,Petrol,212493,5.0,KMHH351EMJU029670,1KY5UQ,07-06-2025,4,2,White,Black,Yes,Yes,Yes,Yes,Yes,vic,https://www.grays.com/lot/0001-21045900/motor-vehicles-motor-cycles/2017-hyundai-i30-active-pd-automatic-hatchback,dents or marks on body consistent with age and kilometres. windscreen chipped or cracked. corrosion visible bonnet,30,8100,2025-03-26
2020,TOYOTA,Hilux,sr (4x4) gun126r,Crew Cab Chassis,Automatic,Diesel,119309,5.0,MR0KA3CD501249718,1HFO256,10-04-2025,4,2.8,White,Black,Yes,Yes,Yes,Yes,Yes,wa,https://www.grays.com/lot/0001-9058171/motor-vehicles-motor-cycles/2020-toyota-hilux-sr-4x4-gun126r-turbo-diesel-automatic-crew-cab-chassis,dents or marks on body consistent with age and kilometres. medium scuff on various panels,144,23500,2025-03-26
2021,TOYOTA,Hilux,sr (4x4) gun126r,Crew Cab Chassis,Automatic,Diesel,113949,5.0,MR0KA3CD701257321,1HHC151,06-04-2025,4,2.8,White,Grey,Yes,Yes,Yes,Yes,Yes,wa,https://www.grays.com/lot/0001-9058173/motor-vehicles-motor-cycles/2021-toyota-hilux-sr-4x4-gun126r-turbo-diesel-automatic-crew-cab-chassis,door card worn. medium scratch on rh rear door dents or marks on body consistent with age and kilometres.,87,24600,2025-03-26
2022,TOYOTA,Hilux,sr (4x4) gun126r,Crew Cab Chassis,Automatic,Diesel,113479,5.0,MR0KA3CD801318840,1HRB369,01-09-2025,4,2.8,White,Black,Yes,Yes,Yes,Yes,Yes,wa,https://www.grays.com/lot/0001-9058175/motor-vehicles-motor-cycles/2022-toyota-hilux-sr-4x4-gun126r-turbo-diesel-automatic-crew-cab-chassis,dents or marks on body consistent with age and kilometres. medium scuff on various panels,270,30500,2025-03-26
2020,TOYOTA,Hilux,sr (4x4) gun126r,Crew Cab Chassis,Automatic,Diesel,148721,5.0,MR0KA3CDX01247057,1HEB948,03-05-2025,4,2.8,White,Grey,Yes,Yes,Yes,Yes,Yes,wa,https://www.grays.com/lot/0001-9058037/motor-vehicles-motor-cycles/2020-toyota-hilux-sr-4x4-gun126r-turbo-diesel-automatic-crew-cab-chassis,dents or marks on body consistent with age and kilometres. corrosion visible various areas,222,23500,2025-03-26
2020,TOYOTA,Hilux,sr (4x4) gun126r,Crew Cab Chassis,Automatic,Diesel,107745,5.0,MR0KA3CDX01254493,1HFD242,20-04-2025,4,2.8,White,Grey,Yes,Yes,Yes,Yes,Yes,wa,https://www.grays.com/lot/0001-9058172/motor-vehicles-motor-cycles/2020-toyota-hilux-sr-4x4-gun126r-turbo-diesel-automatic-crew-cab-chassis,dents or marks on body consistent with age and kilometres. front (disjointed) cracked bumper.,111,25600,2025-03-26
2015,HYUNDAI,Ix35,se fwd lm,Wagon,Automatic,Petrol,264434,5.0,TMAJU81FMFJ762623,1PO3JN,14-03-2025,4,2,White,Black Leather,Yes,Yes,Yes,Yes,Yes,vic,https://www.grays.com/lot/0001-21045870/motor-vehicles-motor-cycles/2015-hyundai-ix35-se-fwd-lm-automatic-wagon,dents or marks on body consistent with age and kilometres. engine smoke visible,34,3109,2025-03-26
2021,TOYOTA,Hilux,sr (4x4) gun126r,Crew Cab Chassis,Automatic,Diesel,113855,5.0,MR0KA3CD801255691,1HGY369,18-06-2025,4,2.8,White,Charcoal,Yes,Yes,Yes,Yes,Yes,wa,https://www.grays.com/lot/0001-9058198/motor-vehicles-motor-cycles/2021-toyota-hilux-sr-4x4-gun126r-turbo-diesel-automatic-crew-cab-chassis,dents or marks on body consistent with age and kilometres. medium scuff on various panels,110,27300,2025-03-27
2008,TOYOTA,Corolla,ascent zre152r,Sedan,Automatic,Petrol,110904,5.0,JTNBU52E80J019114,AW52VG,Unregistered,4,1.8,Light Blue,Black,Yes,No,No,No,Yes,nsw,https://www.grays.com/lot/0001-10910646/motor-vehicles-motor-cycles/2008-toyota-corolla-ascent-zre152r-automatic-sedan,"large dent on left front guard, sill &amp; door. medium dent on roof dents or marks on body consistent with age and kilometres.",18,2700,2025-03-30
2014,HYUNDAI,I30,active gd,Hatchback,Automatic,Petrol,132256,5.0,KMHD251EMEU216977,1CT2RR,22-08-2025,4,1.8,Red,Black Leather,Yes,Yes,Yes,Yes,Yes,vic,https://www.grays.com/lot/0001-21046040/motor-vehicles-motor-cycles/2014-hyundai-i30-active-gd-automatic-hatchback,dents or marks on body consistent with age and kilometres. engine noise observed.,50,6100,2025-03-30
2015,HYUNDAI,Ix35,se fwd lm,Wagon,Automatic,Petrol,156862,5.0,TMAJU81FMFJ769228,1FV8VX,27-08-2025,4,2,Silver,Black Leather,Yes,No,No,No,Yes,vic,https://www.grays.com/lot/0001-21046063/motor-vehicles-motor-cycles/2015-hyundai-ix35-se-fwd-lm-automatic-wagon,dents or marks on body consistent with age and kilometres. dents or marks on body consistent with age and kilometres. large dent on left side doors large scratch on lhf guard,18,5990,2025-03-30
2011,MAZDA,3,neo bl,Hatchback,Automatic,Petrol,179235,5.0,JM0BL10F100217624,YFF055,09-06-2025,4,2,Red,Black,Yes,Yes,Yes,Yes,Yes,vic,https://www.grays.com/lot/0001-21046024/motor-vehicles-motor-cycles/2011-mazda-3-neo-bl-automatic-hatchback,dents or marks on body consistent with age and kilometres. paint fading roof/ panel across all vehicle medium scratch on next to fuel cap,63,6200,2025-03-30
2016,MAZDA,Cx-5,maxx sport ke,Wagon,Automatic,Diesel,149826,5.0,JM0KE102200357670,1GT2FG,20-05-2025,4,2.2,White,Tan Leather,Yes,No,Yes,Yes,Yes,vic,https://www.grays.com/lot/0001-21046008/motor-vehicles-motor-cycles/2016-mazda-cx-5-maxx-sport-ke-turbo-diesel-automatic-wagon,door mirror broken passenger side dents or marks on body consistent with age and kilometres.,188,12501,2025-03-30
2011,TOYOTA,Yaris,yr ncp90r,Hatchback,Automatic,Petrol,235627,5.0,JTDKW923105187545,ZBY901,01-04-2025,4,1.3,White,Grey,Yes,No,Yes,Yes,Yes,vic,https://www.grays.com/lot/0001-21046054/motor-vehicles-motor-cycles/2011-toyota-yaris-yr-ncp90r-automatic-hatchback,medium scuff on front and rear bumper dents or marks on body consistent with age and kilometres. engine noise observed. engine noise observed. front seat worn drivers,52,3509,2025-03-30
2010,TOYOTA,Yaris,yr ncp90r,Hatchback,Automatic,Petrol,304172,5.0,JTDJW923605159994,XYV137,29-10-2025,4,1.3,White,Grey,Yes,Yes,Yes,Yes,Yes,vic,https://www.grays.com/lot/0001-21046324/motor-vehicles-motor-cycles/2010-toyota-yaris-yr-ncp90r-automatic-hatchback,"front seat worn drivers seat large dent on rhr quarter panel, dents or marks on body consistent with age and kilometres. large scratch on rear bar,front bar, quarter panel rear bar cracked bumper.",29,2309,2025-03-31
2017,TOYOTA,Camry,altise asv50r,Sedan,Automatic,Petrol,101926,5.0,6T1BF3FK90X115494,2CF4SZ,17-06-2025,4,2.5,White,Black,Yes,No,Yes,Yes,Yes,vic,https://www.grays.com/lot/0001-21046292/motor-vehicles-motor-cycles/2017-toyota-camry-altise-asv50r-automatic-sedan,dents or marks on body consistent with age and kilometres.,160,14700,2025-03-31
2014,MAZDA,Cx-5,maxx sport ke,Wagon,Automatic,Diesel,205989,5.0,JM0KE102100256206,2AH2QW,27-05-2025,4,2.2,Grey,Black,Yes,No,Yes,No,Yes,vic,https://www.grays.com/lot/0001-21046205/motor-vehicles-motor-cycles/2014-mazda-cx-5-maxx-sport-ke-turbo-diesel-automatic-wagon,large scratch on front bumper dents or marks on body consistent with age and kilometres.,80,6058,2025-03-31
2012,TOYOTA,Corolla,ascent zre152r,Sedan,Automatic,Petrol,278585,5.0,JTNBU56E50J102672,1GX6SS,15-04-2025,4,1.8,Silver,Black,Yes,No,Yes,Yes,Yes,vic,https://www.grays.com/lot/0001-21046389/motor-vehicles-motor-cycles/2012-toyota-corolla-ascent-zre152r-automatic-sedan,dents or marks on body consistent with age and kilometres. large dent on on the front bumper seat torn front passenger seat hail damage visible.,57,4809,2025-03-31
2019,TOYOTA,Camry,ascent sport hybrid axvh71r,Sedan,CVT,Hybrid,132120,5.0,JTNB23HKX03035715,BY178V,20-05-2025,4,2.5,White,Grey,Yes,No,No,No,Yes,wa,https://www.grays.com/lot/0001-9058334/motor-vehicles-motor-cycles/2019-toyota-camry-ascent-sport-hybrid-axvh71r-cvt-sedan,engine light on other warning light on dents or marks on body consistent with age and kilometres. medium scratch on various panels front (disjointed) cracked bumper.,150,19600,2025-04-01
2012,MAZDA,Cx-5,maxx sport ke,Wagon,Automatic,Diesel,264039,5.0,JM0KE102100107176,1HZA141,02-03-2025,4,2.2,Silver,Charcoal,Yes,Yes,Yes,Yes,Yes,wa,https://www.grays.com/lot/0001-9058423/motor-vehicles-motor-cycles/2012-mazda-cx-5-maxx-sport-ke-turbo-diesel-automatic-wagon,paint fading various panels large dent on rear bumper seat torn driver,70,5509,2025-04-03
2013,MAZDA,Cx-5,maxx sport ke,Wagon,Automatic,Diesel,149697,5.0,JM0KE102100234784,1BG6NZ,24-05-2025,4,2.2,Silver,Black,Yes,No,Yes,Yes,Yes,vic,https://www.grays.com/lot/0001-21046676/motor-vehicles-motor-cycles/2013-mazda-cx-5-maxx-sport-ke-turbo-diesel-automatic-wagon,dents or marks on body consistent with age and kilometres.,72,10400,2025-04-06
2017,TOYOTA,Camry,altise asv50r,Sedan,Automatic,Petrol,145500,5.0,6T1BF3FK60X109653,CL19MI,Unregistered,4,2.5,White,Black,Yes,No,Yes,Yes,Yes,nsw,https://www.grays.com/lot/0001-10348102/motor-vehicles-motor-cycles/2017-toyota-camry-altise-asv50r-automatic-sedan,dents or marks on body consistent with age and kilometres. front cracked bumper.,108,12500,2025-04-07
2005,TOYOTA,Yaris,yr ncp90r,Hatchback,Automatic,Petrol,422228,5.0,JTDJW923605008315,1ZC8AP,22-07-2025,4,1.3,Blue,Black,Yes,Yes,No,Yes,Yes,vic,https://www.grays.com/lot/0001-21046588/motor-vehicles-motor-cycles/2005-toyota-yaris-yr-ncp90r-automatic-hatchback,"front bar cracked bumper. body/panel damage lhf quarter panel, lh door, front bar. large scratch on rh door, front bar, rear bar, lhr quarter panel paint peeling entire car. windscreen chipped or cracked. large dent on front bumper",15,1020,2025-04-08
2020,TOYOTA,Hilux,sr (4x4) gun126r,Crew Cab Chassis,Automatic,Diesel,122868,5.0,MR0KA3CD401254537,1HFW270,08-05-2025,4,2.8,White,Grey,Yes,Yes,Yes,Yes,Yes,wa,https://www.grays.com/lot/0001-9058480/motor-vehicles-motor-cycles/2020-toyota-hilux-sr-4x4-gun126r-turbo-diesel-automatic-crew-cab-chassis,door card worn. large scratch on rh front sill medium scratch on lh rear door and lh front bumper dents or marks on body consistent with age and kilometres.,135,29400,2025-04-08
2014,MAZDA,Cx-5,maxx sport ke,Wagon,Automatic,Diesel,192281,5.0,JM0KE102100242712,1INO592,15-07-2025,4,2.2,Grey,Grey,Yes,Yes,Yes,Yes,Yes,wa,https://www.grays.com/lot/0001-9058438/motor-vehicles-motor-cycles/2014-mazda-cx-5-maxx-sport-ke-turbo-diesel-automatic-wagon,"engine noise observed. engine overheating, tow advisable. dents or marks on body consistent with age and kilometres. paint peeling roof",32,2609,2025-04-08
2007,TOYOTA,Corolla,ascent zre152r,Sedan,Automatic,Petrol,251084,5.0,JTNBU52E402007701,YDI834,01-04-2025,4,1.8,Red,Black,Yes,Yes,Yes,Yes,Yes,vic,https://www.grays.com/lot/0001-21046798/motor-vehicles-motor-cycles/2007-toyota-corolla-ascent-zre152r-automatic-sedan,dents or marks on body consistent with age and kilometres. medium scratch on behind the rear left passenger door paint fading on the roof large dent on on the rear bumper,45,4009,2025-04-09
2013,TOYOTA,Corolla,ascent zre152r,Sedan,Automatic,Petrol,347714,5.0,JTNBU56E20J102922,No plates,Unregistered,4,1.8,White,Black,Yes,No,No,No,Yes,qld,https://www.grays.com/lot/0001-50514633/motor-vehicles-motor-cycles/2013-toyota-corolla-ascent-zre152r-automatic-sedan,marks in boot large scratch on lh rear door and guard paint peeling front bumper dents or marks on body consistent with age and kilometres. door card worn.,13,3100,2025-04-09
2012,TOYOTA,Corolla,ascent zre152r,Sedan,Automatic,Petrol,343816,5.0,JTNBU56EX0J101002,No plates,Unregistered,4,1.8,White,Grey,Yes,No,No,No,Yes,qld,https://www.grays.com/lot/0001-50514631/motor-vehicles-motor-cycles/2012-toyota-corolla-ascent-zre152r-automatic-sedan,paint peeling multiple panels marks in boot dents or marks on body consistent with age and kilometres. large dent on lh rear door medium scratch on lh rear guard and lh front bumper medium dent on rh front guard,39,3500,2025-04-09
2013,TOYOTA,Corolla,ascent sport zre182r,Hatchback,CVT,Petrol,184999,5.0,JTNKU3JE80J044696,1ZC7CQ,06-07-2025,4,1.8,Black,Black,Yes,Yes,Yes,Yes,Yes,vic,https://www.grays.com/lot/0001-21046943/motor-vehicles-motor-cycles/2013-toyota-corolla-ascent-sport-zre182r-cvt-hatchback,dents or marks on body consistent with age and kilometres.,128,9500,2025-04-09
2013,HYUNDAI,I30,active gd,Hatchback,Automatic,Petrol,222984,5.0,KMHD251EMEU139465,DKW33G,Unregistered,4,1.8,Silver,Black,Yes,Yes,Yes,Yes,Yes,nsw,https://www.grays.com/lot/0001-10348164/motor-vehicles-motor-cycles/2013-hyundai-i30-active-gd-automatic-hatchback,dents or marks on body consistent with age and kilometres. paint fading roof large dent on driver side front guard engine noise observed.,34,3109,2025-04-09
2012,TOYOTA,Corolla,ascent zre152r,Sedan,Automatic,Petrol,278585,5.0,JTNBU56E50J102672,1GX6SS,15-04-2025,4,1.8,Silver,Black,Yes,No,Yes,Yes,Yes,vic,https://www.grays.com/lot/0001-21047001/motor-vehicles-motor-cycles/2012-toyota-corolla-ascent-zre152r-automatic-sedan,dents or marks on body consistent with age and kilometres. large dent on on the front bumper seat torn front passenger seat hail damage visible.,42,4200,2025-04-10
2013,TOYOTA,Corolla,ascent zre182r,Hatchback,CVT,Petrol,256741,5.0,JTNKU3JE60J034765,1EU5UA,15-07-2025,4,1.8,White,Black,Yes,Yes,Yes,Yes,Yes,vic,https://www.grays.com/lot/0001-21047009/motor-vehicles-motor-cycles/2013-toyota-corolla-ascent-zre182r-cvt-hatchback,dents or marks on body consistent with age and kilometres. medium scratch on front and rear bumper,90,7106,2025-04-10
2012,MAZDA,Cx-5,maxx sport ke,Wagon,Automatic,Diesel,100590,5.0,JM0KE102100104788,YZL937,12-04-2025,4,2.2,White,Black,Yes,No,Yes,Yes,Yes,vic,https://www.grays.com/lot/0001-21047078/motor-vehicles-motor-cycles/2012-mazda-cx-5-maxx-sport-ke-turbo-diesel-automatic-wagon,dents or marks on body consistent with age and kilometres. large scuff on various parts of vehicle medium dent on various parts of vehicle,53,11000,2025-04-13
2014,MAZDA,Cx-5,maxx sport ke,Wagon,Automatic,Diesel,149688,5.0,JM0KE102100253096,1CR6OO,13-02-2025,4,2.2,Dark Grey,Black Leather,Yes,Yes,Yes,Yes,Yes,vic,https://www.grays.com/lot/0001-21047037/motor-vehicles-motor-cycles/2014-mazda-cx-5-maxx-sport-ke-turbo-diesel-automatic-wagon,dents or marks on body consistent with age and kilometres. body/panel damage front left passenger has bad damage large dent on passenger door engine noise observed.,64,4800,2025-04-13
2018,TOYOTA,Corolla,ascent zre172r,Sedan,CVT,Petrol,129601,5.0,MR053REH205308349,1MN9GB,30-06-2025,4.0,1.8,White,Black,Yes,Yes,Yes,Yes,Yes,vic,https://www.grays.com/lot/0001-21046822/motor-vehicles-motor-cycles/2018-toyota-corolla-ascent-zre172r-cvt-sedan-ex-gov,dents or marks on body consistent with age and kilometres. medium dent on rear bumper,136,14300,2025-04-13
2011,TOYOTA,Yaris,yr ncp90r,Hatchback,Automatic,Petrol,235627,5.0,JTDKW923105187545,ZBY901,01-04-2025,4,1.3,White,Grey,Yes,No,Yes,Yes,Yes,vic,https://www.grays.com/lot/0001-21047111/motor-vehicles-motor-cycles/2011-toyota-yaris-yr-ncp90r-automatic-hatchback,medium scuff on front and rear bumper dents or marks on body consistent with age and kilometres. engine noise observed. engine noise observed. front seat worn drivers,40,3209,2025-04-14
2015,HYUNDAI,Ix35,se fwd lm,Wagon,Automatic,Petrol,251903,5.0,TMAJU81FMFJ748883,1DP3MK,29-06-2025,4,2,Grey,Black,Yes,Yes,Yes,Yes,Yes,vic,https://www.grays.com/lot/0001-21047159/motor-vehicles-motor-cycles/2015-hyundai-ix35-se-fwd-lm-automatic-wagon,dents or marks on body consistent with age and kilometres.,54,5700,2025-04-14
2019,TOYOTA,Camry,ascent sport hybrid axvh71r,Sedan,CVT,Hybrid,132120,5.0,JTNB23HKX03035715,BY178V,20-05-2025,4,2.5,White,Grey,Yes,No,No,No,Yes,wa,https://www.grays.com/lot/0001-9058673/motor-vehicles-motor-cycles/2019-toyota-camry-ascent-sport-hybrid-axvh71r-cvt-sedan,engine light on other warning light on dents or marks on body consistent with age and kilometres. medium scratch on various panels front (disjointed) cracked bumper.,105,18900,2025-04-15
2018,TOYOTA,Hilux,4x4 sr gun126r,Crew Cab Chassis,Automatic,Diesel,81506,5.0,MR0KA3CD601222897,DM80BR,Unregistered,4,2.8,White,Black,Yes,Yes,Yes,No,Yes,nsw,https://www.grays.com/lot/0001-10348207/motor-vehicles-motor-cycles/2018-toyota-hilux-4x4-sr-gun126r-turbo-diesel-automatic-crew-cab-chassis,"large dent on driver side front guard windscreen chipped or cracked. corrosion visible underbody components, doors, sill panels, bonnet, front guards seat torn drivers seat large scratch on doors damaged passenger side front bullbar blinker missing",225,18700,2025-04-15
2018,TOYOTA,Hilux,4x4 sr gun126r,Crew Cab Chassis,Automatic,Diesel,78827,5.0,MR0KA3CD801222772,DM58BC,Unregistered,4,2.8,White,Black,Yes,No,No,No,Yes,nsw,https://www.grays.com/lot/0001-10348208/motor-vehicles-motor-cycles/2018-toyota-hilux-4x4-sr-gun126r-turbo-diesel-automatic-crew-cab-chassis,"body/panel damage bonnet, sill panels, passenger side front guard damaged passenger side front foglight, bulbs missing in headlights engine noise observed. corrosion visible sill panels, front guards",209,17700,2025-04-15
2012,TOYOTA,Camry,altise asv50r,Sedan,Automatic,Petrol,280548,5.0,6T1BF3FK70X023302,1TR8AX,14-07-2025,4,2.5,White,Black,Yes,Yes,No,No,Yes,vic,https://www.grays.com/lot/0001-21047335/motor-vehicles-motor-cycles/2012-toyota-camry-altise-asv50r-automatic-sedan,dents or marks on body consistent with age and kilometres. dents or marks on body consistent with age and kilometres. engine smoke visible,54,4150,2025-04-15
2012,TOYOTA,Camry,altise asv50r,Sedan,Automatic,Petrol,270865,5.0,6T1BF3FK30X013835,ZDY723,03-08-2025,4,2.5,Grey,Black,Yes,Yes,Yes,Yes,Yes,vic,https://www.grays.com/lot/0001-21047198/motor-vehicles-motor-cycles/2012-toyota-camry-altise-asv50r-automatic-sedan,large scratch on both driver and passenger sides hail damage visible. dents or marks on body consistent with age and kilometres. medium scratch on front bumper,57,4200,2025-04-15
2020,TOYOTA,Hilux,sr (4x4) gun126r,Crew Cab Chassis,Automatic,Diesel,141019,5.0,MR0KA3CD301310421,1HCU645,13-06-2025,4,2.8,White,Black,Yes,Yes,Yes,Yes,Yes,wa,https://www.grays.com/lot/0001-9058739/motor-vehicles-motor-cycles/2020-toyota-hilux-sr-4x4-gun126r-turbo-diesel-automatic-crew-cab-chassis,dents or marks on body consistent with age and kilometres.,106,25000,2025-04-16
2020,TOYOTA,Hilux,sr (4x4) gun126r dual,Cab Chassis,Automatic,Diesel,80225,5.0,MR0KA3CD401253520,1HGK136,24-06-2025,4,2.8,White,Black,Yes,Yes,Yes,Yes,Yes,wa,https://www.grays.com/lot/0001-9058752/motor-vehicles-motor-cycles/2020-toyota-hilux-sr-4x4-gun126r-turbo-diesel-automatic-dual-cab-chassis,"dents or marks on body consistent with age and kilometres. paint peeling tray, above driver wheel glovebox marks",140,26901,2025-04-16
2021,TOYOTA,Hilux,sr (4x4) gun126r,Crew Cab Chassis,Automatic,Diesel,160874,5.0,MR0KA3CD701259862,1HMB720,26-07-2025,4,2.8,White,Grey,Yes,Yes,Yes,Yes,Yes,wa,https://www.grays.com/lot/0001-9058791/motor-vehicles-motor-cycles/2021-toyota-hilux-sr-4x4-gun126r-turbo-diesel-automatic-crew-cab-chassis,dents or marks on body consistent with age and kilometres.,130,28105,2025-04-16
2020,TOYOTA,Hilux,sr (4x4) gun126r,Crew Cab Chassis,Automatic,Diesel,141271,5.0,MR0KA3CD701311006,1HDH960,28-07-2025,4,2.8,White,Grey,Yes,Yes,Yes,Yes,Yes,wa,https://www.grays.com/lot/0001-9058788/motor-vehicles-motor-cycles/2020-toyota-hilux-sr-4x4-gun126r-turbo-diesel-automatic-crew-cab-chassis,dents or marks on body consistent with age and kilometres.,246,24470,2025-04-16
2007,TOYOTA,Corolla,ascent zre152r,Sedan,Automatic,Petrol,330010,5.0,JTNBU52EX0J005358,1DFG316,31-08-2025,4,1.8,Grey,Grey,Yes,Yes,Yes,Yes,Yes,wa,https://www.grays.com/lot/0001-9058748/motor-vehicles-motor-cycles/2007-toyota-corolla-ascent-zre152r-automatic-sedan,dents or marks on body consistent with age and kilometres. paint fading bonnet medium scuff on various panels front (disjointed) cracked bumper. medium scratch on boot,44,2809,2025-04-16
2018,HYUNDAI,I30,active pd,Hatchback,Automatic,Petrol,141096,5.0,KMHH351EMJU061328,No plates,Unregistered,4,2,Grey,Grey,Yes,No,Yes,Yes,Yes,qld,https://www.grays.com/lot/0001-50514804/motor-vehicles-motor-cycles/2018-hyundai-i30-active-pd-automatic-hatchback,engine light on engine lacks power dents or marks on body consistent with age and kilometres. windscreen chipped or cracked. hail damage visible.,99,8600,2025-04-16
2012,HYUNDAI,I30,active gd,Hatchback,Automatic,Petrol,143057,5.0,KMHD251EMDU058711,ZIT013,27-12-2025,4,1.8,Grey,Black,Yes,Yes,Yes,Yes,Yes,vic,https://www.grays.com/lot/0001-21047519/motor-vehicles-motor-cycles/2012-hyundai-i30-active-gd-automatic-hatchback,dents or marks on body consistent with age and kilometres..engine noise observed.,46,5500,2025-04-23
2020,TOYOTA,Hilux,sr (4x4) gun126r,Crew Cab Chassis,Automatic,Diesel,122868,5.0,MR0KA3CD401254537,1HFW270,08-05-2025,4,2.8,White,Grey,Yes,Yes,Yes,Yes,Yes,wa,https://www.grays.com/lot/0001-9058901/motor-vehicles-motor-cycles/2020-toyota-hilux-sr-4x4-gun126r-turbo-diesel-automatic-crew-cab-chassis,door card worn. large scratch on rh front sill medium scratch on lh rear door and lh front bumper dents or marks on body consistent with age and kilometres.,148,27700,2025-04-23
2014,MAZDA,Cx-5,maxx sport ke,Wagon,Automatic,Diesel,192281,5.0,JM0KE102100242712,1INO592,15-07-2025,4,2.2,Grey,Grey,Yes,Yes,Yes,Yes,Yes,wa,https://www.grays.com/lot/0001-9058861/motor-vehicles-motor-cycles/2014-mazda-cx-5-maxx-sport-ke-turbo-diesel-automatic-wagon,"engine noise observed. engine overheating, tow advisable. dents or marks on body consistent with age and kilometres. paint peeling roof",33,3209,2025-04-23
2012,HYUNDAI,Ix35,elite (awd) lm,Wagon,Automatic,Petrol,215093,5.0,KMHJU81CSCU463032,BP37TU,Unregistered,4,2.4,White,Black,Yes,No,Yes,Yes,Yes,nsw,https://www.grays.com/lot/0001-10910921/motor-vehicles-motor-cycles/2012-hyundai-ix35-elite-awd-lm-automatic-wagon,flat battery. jump start or towing required engine noise observed. dents or marks on body consistent with age and kilometres.,23,1609,2025-04-27
2012,TOYOTA,Camry,altise asv50r,Sedan,Automatic,Petrol,280548,5.0,6T1BF3FK70X023302,1TR8AX,14-07-2025,4,2.5,White,Black,Yes,Yes,No,No,Yes,vic,https://www.grays.com/lot/0001-21047721/motor-vehicles-motor-cycles/2012-toyota-camry-altise-asv50r-automatic-sedan,dents or marks on body consistent with age and kilometres engine smoke visible,55,5400,2025-04-27
2012,TOYOTA,Camry,altise asv50r,Sedan,Automatic,Petrol,270865,5.0,6T1BF3FK30X013835,ZDY723,03-08-2025,4,2.5,Grey,Black,Yes,Yes,Yes,Yes,Yes,vic,https://www.grays.com/lot/0001-21047800/motor-vehicles-motor-cycles/2012-toyota-camry-altise-asv50r-automatic-sedan,large scratch on both driver and passenger sides hail damage visible. dents or marks on body consistent with age and kilometres. medium scratch on front bumper,49,4100,2025-04-28
2013,MAZDA,Cx-5,maxx sport ke,Wagon,Automatic,Diesel,232293,5.0,JM0KE102100205892,ZVO397,02-04-2025,4,2.2,Red,Black,Yes,Yes,Yes,No,Yes,vic,https://www.grays.com/lot/0001-21047742/motor-vehicles-motor-cycles/2013-mazda-cx-5-maxx-sport-ke-turbo-diesel-automatic-wagon,dents or marks on body consistent with age and kilometres.,47,5700,2025-04-28
2012,HYUNDAI,I30,active gd,Hatchback,Automatic,Petrol,197583,5.0,KMHD251EMDU058576,No plates,Unregistered,4,1.8,Red,Black,Yes,No,Yes,Yes,Yes,vic,https://www.grays.com/lot/0001-21047870/motor-vehicles-motor-cycles/2012-hyundai-i30-active-gd-automatic-hatchback,dents or marks on body consistent with age and kilometres. body/panel damage various parts of panel power steering requires attention,5,3900,2025-04-29
2014,HYUNDAI,I30,active gd,Hatchback,Automatic,Petrol,132155,5.0,KMHD251EMEU213552,1HM5OO,15-01-2026,4,1.8,Red,Black,Yes,No,Yes,Yes,Yes,vic,https://www.grays.com/lot/0001-21047886/motor-vehicles-motor-cycles/2014-hyundai-i30-active-gd-automatic-hatchback,dents or marks on body consistent with age and kilometres. paint fading on the roof paint peeling front and rear bumper,68,7200,2025-04-29
2007,TOYOTA,Corolla,ascent zre152r,Sedan,Automatic,Petrol,330010,5.0,JTNBU52EX0J005358,1DFG316,31-08-2025,4,1.8,Grey,Grey,Yes,Yes,Yes,Yes,Yes,wa,https://www.grays.com/lot/0001-9059033/motor-vehicles-motor-cycles/2007-toyota-corolla-ascent-zre152r-automatic-sedan,dents or marks on body consistent with age and kilometres. paint fading bonnet medium scuff on various panels front (disjointed) cracked bumper. medium scratch on boot,25,3000,2025-04-30
2012,TOYOTA,Camry,altise asv50r,Sedan,Automatic,Petrol,453976,5.0,6T1BF3FK80X011417,WN34920,23-06-2025,4,2.5,White,Black,Yes,Yes,Yes,Partial,Yes,wa,https://www.grays.com/lot/0001-9059006/motor-vehicles-motor-cycles/2012-toyota-camry-altise-asv50r-automatic-sedan,dents or marks on body consistent with age and kilometres. front seat stains both,31,3600,2025-04-30
2020,TOYOTA,Hilux,sr (4x4) gun126r,Crew Cab Chassis,Automatic,Diesel,122940,5.0,MR0KA3CD701249722,1HFO251,10/07/2025,4,2.8,White,Black,Yes,Yes,No,Partial,Yes,wa,https://www.grays.com/lot/0001-9059060/motor-vehicles-motor-cycles/2020-toyota-hilux-sr-4x4-gun126r-turbo-diesel-automatic-crew-cab-chassis,dents or marks on body consistent with age and kilometres. corrosion visible trayback paint peeling tray,162,26002,2025-04-30
2004,HYUNDAI,Getz,gl tb,Hatchback,Automatic,Petrol,145456,5.0,KMHBT31AR5U094273,AD15XK,Unregistered,4,1.5,Blue,Grey,Yes,No,Yes,No,Yes,nsw,https://www.grays.com/lot/0001-10348452/motor-vehicles-motor-cycles/2004-hyundai-getz-gl-tb-automatic-hatchback,dents or marks on body consistent with age and kilometres. large scratch on rear bumper bar corrosion visible spots on driver side front guard,20,1709,2025-05-04
2020,TOYOTA,Camry,ascent sport hybrid axvh71r,Sedan,CVT,Hybrid,115160,5.0,JTNBA3HK503000292,1UX6WC,16-10-2025,4,2.5,White,Black,Yes,No,No,Yes,Yes,vic,https://www.grays.com/lot/0001-21048147/motor-vehicles-motor-cycles/2020-toyota-camry-ascent-sport-hybrid-axvh71r-cvt-sedan,dents or marks on body consistent with age and kilometres. dents or marks on body consistent with age and kilometres. windscreen chipped or cracked.,110,24800,2025-05-05
2015,TOYOTA,Camry,altise asv50r,Sedan,Automatic,Petrol,242324,5.0,6T1BF3FK90X069309,no plates,Unregistered,4,2.5,Silver,Black,Yes,No,No,No,Yes,vic,https://www.grays.com/lot/0001-21047962/motor-vehicles-motor-cycles/2015-toyota-camry-altise-asv50r-automatic-sedan,dents or marks on body consistent with age and kilometres. large dent on back of the car body/panel damage rear of the car and bumper damaged tail lights,60,6700,2025-05-05
2014,MAZDA,Cx-5,maxx sport ke,Wagon,Automatic,Diesel,192281,5.0,JM0KE102100242712,1INO592,15-07-2025,4,2.2,Grey,Grey,Yes,Yes,Yes,Yes,Yes,wa,https://www.grays.com/lot/0001-9059222/motor-vehicles-motor-cycles/2014-mazda-cx-5-maxx-sport-ke-turbo-diesel-automatic-wagon,"engine noise observed. engine overheating, tow advisable. dents or marks on body consistent with age and kilometres. paint peeling roof",30,2709,2025-05-06
2015,HYUNDAI,Ix35,se fwd lm,Wagon,Automatic,Petrol,126016,5.0,TMAJU81FMFJ748929,ESR50Y,Unregistered,4,2,Grey,Black,Yes,No,No,No,Yes,nsw,https://www.grays.com/lot/0001-10348516/motor-vehicles-motor-cycles/2015-hyundai-ix35-se-fwd-lm-automatic-wagon,"body/panel damage passenger side panels, whole side engine noise observed.",58,3709,2025-05-06
2008,TOYOTA,Corolla,ascent zre152r,Sedan,Automatic,Petrol,175134,5.0,JTNBU52E10J026163,XVJ923,05-08-2025,4,1.8,Silver,Black,Yes,No,Yes,Yes,Yes,vic,https://www.grays.com/lot/0001-21048138/motor-vehicles-motor-cycles/2008-toyota-corolla-ascent-zre152r-automatic-sedan,dents or marks on body consistent with age and kilometres.,85,6200,2025-05-07
2012,HYUNDAI,I30,active gd,Hatchback,Automatic,Petrol,184272,5.0,KMHD251EMDU033460,No Plates,Unregistered,4,1.8,Silver,Black,Yes,Yes,Yes,Yes,Yes,vic,https://www.grays.com/lot/0001-21048188/motor-vehicles-motor-cycles/2012-hyundai-i30-active-gd-automatic-hatchback,dents or marks on body consistent with age and kilometres. paint fading various locations engine noise observed.,25,4400,2025-05-07
2017,HYUNDAI,I30,active pd,Hatchback,Automatic,Petrol,128089,5.0,KMHH351EMJU012217,1KG6QJ,06-06-2025,4,2,Red,Black,Yes,Yes,Yes,Yes,Yes,vic,https://www.grays.com/lot/0001-21048257/motor-vehicles-motor-cycles/2017-hyundai-i30-active-pd-automatic-hatchback,dents or marks on body consistent with age and kilometres. windscreen chipped or cracked.,62,12700,2025-05-07
2018,HYUNDAI,I30,active pd,Hatchback,Automatic,Petrol,141096,5.0,KMHH351EMJU061328,No plates,Unregistered,4,2,Grey,Grey,Yes,No,Yes,Yes,Yes,qld,https://www.grays.com/lot/0001-50515057/motor-vehicles-motor-cycles/2018-hyundai-i30-active-pd-automatic-hatchback,engine light on engine lacks power dents or marks on body consistent with age and kilometres. windscreen chipped or cracked. hail damage visible.,120,8100,2025-05-07
2020,TOYOTA,Hilux,sr (4x4) gun126r,Crew Cab Chassis,Automatic,Diesel,80099,5.0,MR0KA3CD001242613,DM81BR,Unregistered,4,2.8,White,Black,Yes,No,Yes,No,Yes,nsw,https://www.grays.com/lot/0001-10348464/motor-vehicles-motor-cycles/2020-toyota-hilux-sr-4x4-gun126r-turbo-diesel-automatic-crew-cab-chassis,"dents or marks on body consistent with age and kilometres. corrosion visible sill panels, roof, doors, underbody large dent on driver side front guard cracked other warning light on",43,20200,2025-05-07
2019,TOYOTA,Hilux,sr (4x4) gun126r,Crew Cab Chassis,Automatic,Diesel,87026,5.0,MR0KA3CDX01232901,DM59BC,Unregistered,4,2.8,White,Black,Yes,No,Yes,No,Yes,nsw,https://www.grays.com/lot/0001-10348463/motor-vehicles-motor-cycles/2019-toyota-hilux-sr-4x4-gun126r-turbo-diesel-automatic-crew-cab-chassis,"dents or marks on body consistent with age and kilometres. corrosion visible sill panels, doors, underbody, engine bay large scratch on passenger side front guard large dent on driver side sill panel seat torn drivers seat transmission requires attention strongly recommend inspection by qualified third party",127,15690,2025-05-07
2012,MAZDA,Cx-5,maxx sport ke,Wagon,Automatic,Diesel,255859,5.0,JM0KE102100111200,No plates,Unregistered,4,2.2,Dark Blue,Black Leather,Yes,Yes,Yes,Yes,Yes,qld,https://www.grays.com/lot/0001-50515034/motor-vehicles-motor-cycles/2012-mazda-cx-5-maxx-sport-ke-turbo-diesel-automatic-wagon,dents or marks on body consistent with age and kilometres. reverse camera not working sat nav not working,41,3070,2025-05-07
2013,HYUNDAI,I30,active gd,Hatchback,Automatic,Petrol,172759,5.0,KMHD251EMDU080346,No plates,Unregistered,4,1.8,Blue,Grey,Yes,No,Yes,Yes,Yes,vic,https://www.grays.com/lot/0001-21048203/motor-vehicles-motor-cycles/2013-hyundai-i30-active-gd-automatic-hatchback,dents or marks on body consistent with age and kilometres.,2,6100,2025-05-08
2017,HYUNDAI,I30,active pd,Hatchback,Automatic,Petrol,123585,5.0,KMHH351EMJU019461,No plates,Unregistered,4,2,Grey,Black,Yes,Yes,Yes,Yes,Yes,vic,https://www.grays.com/lot/0001-21048306/motor-vehicles-motor-cycles/2017-hyundai-i30-active-pd-automatic-hatchback,dents or marks on body consistent with age and kilometres. dents or marks on body consistent with age and kilometres. engine noise observed.,109,8500,2025-05-11
2015,TOYOTA,Hilux,sr (4x4) gun126r,Crew Cab Chassis,Automatic,Diesel,260571,5.0,MR0KA3CD601185107,No plates,Unregistered,4,2.8,White,Black,Yes,Yes,Yes,Yes,Yes,vic,https://www.grays.com/lot/0001-21048300/motor-vehicles-motor-cycles/2015-toyota-hilux-sr-4x4-gun126r-turbo-diesel-automatic-crew-cab-chassis,please refer to the photos or arrange inspection to view the condition of this vehicle.,117,18000,2025-05-11
2017,TOYOTA,Hilux,4x4 sr gun126r,Crew Cab Chassis,Automatic,Diesel,76690,5.0,MR0KA3CD401206973,No plates,Unregistered,4,2.8,White,Grey,Yes,Yes,No,No,Yes,nsw,https://www.grays.com/lot/0001-10348569/motor-vehicles-motor-cycles/2017-toyota-hilux-4x4-sr-gun126r-turbo-diesel-automatic-crew-cab-chassis,wear and tear on interior consistent with age and use interior heavily stained dents and marks on body consistent with age and kilometers travelled left side tyres flat extensive corrosion including structural odometer discrepency detected gearbox requires attention non runner tow away only,79,14600,2025-05-11
2020,TOYOTA,Hilux,sr (4x4) gun126r,Crew Cab Chassis,Automatic,Diesel,76144,5.0,MR0KA3CD001253157,1HHZ239,14-06-2025,4,2.8,White,Black,Yes,Yes,Yes,Yes,Yes,wa,https://www.grays.com/lot/0001-9059398/motor-vehicles-motor-cycles/2020-toyota-hilux-sr-4x4-gun126r-turbo-diesel-automatic-crew-cab-chassis,dents or marks on body consistent with age and kilometres.,225,26200,2025-05-13
2020,TOYOTA,Hilux,sr (4x4) gun126r,Crew Cab Chassis,Automatic,Diesel,165516,5.0,MR0KA3CD301311259,1HFA142,08-06-2025,4,2.8,White,Black,Yes,Yes,Yes,Yes,Yes,wa,https://www.grays.com/lot/0001-9059396/motor-vehicles-motor-cycles/2020-toyota-hilux-sr-4x4-gun126r-turbo-diesel-automatic-crew-cab-chassis,dents or marks on body consistent with age and kilometres. corrosion visible tray and underside,189,22100,2025-05-13
2021,TOYOTA,Hilux,sr (4x4) gun126r,Crew Cab Chassis,Automatic,Diesel,135617,5.0,MR0KA3CD401267661,1HMY432,20-07-2025,4,2.8,White,Black,Yes,Yes,Yes,Yes,Yes,wa,https://www.grays.com/lot/0001-9059438/motor-vehicles-motor-cycles/2021-toyota-hilux-sr-4x4-gun126r-turbo-diesel-automatic-crew-cab-chassis,dents or marks on body consistent with age and kilometres. corrosion visible underbody & inside tray,281,24000,2025-05-13
2020,TOYOTA,Hilux,sr (4x4) gun126r,Crew Cab Chassis,Automatic,Diesel,88770,5.0,MR0KA3CD601253549,1HGK139,24-06-2025,4,2.8,White,Grey,Yes,Yes,Yes,Yes,Yes,wa,https://www.grays.com/lot/0001-9059395/motor-vehicles-motor-cycles/2020-toyota-hilux-sr-4x4-gun126r-turbo-diesel-automatic-crew-cab-chassis,dents or marks on body consistent with age and kilometres.,79,24600,2025-05-13
2020,TOYOTA,Hilux,sr (4x4) gun126r,Crew Cab Chassis,Automatic,Diesel,130938,5.0,MR0KA3CD801253150,1HHZ297,18-08-2025,4,2.8,White,Grey,Yes,Yes,Yes,Yes,Yes,wa,https://www.grays.com/lot/0001-9059394/motor-vehicles-motor-cycles/2020-toyota-hilux-sr-4x4-gun126r-turbo-diesel-automatic-crew-cab-chassis,dents or marks on body consistent with age and kilometres. engine idling rough,163,22600,2025-05-13
2014,MAZDA,Cx-5,maxx sport ke,Wagon,Automatic,Diesel,280131,5.0,JM0KE102100268541,BBY37E,Unregistered,4,2.2,White,Black,Yes,Yes,Yes,Yes,Yes,nsw,https://www.grays.com/lot/0001-10348591/motor-vehicles-motor-cycles/2014-mazda-cx-5-maxx-sport-ke-turbo-diesel-automatic-wagon,dents or marks on body consistent with age and kilometres.,45,4600,2025-05-13
2021,TOYOTA,Hilux,sr (4x4) gun126r,Crew Cab Chassis,Automatic,Diesel,139367,5.0,MR0KA3CD601264874,1HXM299,21-08-2025,4,2.8,White,Grey,Yes,Yes,Yes,Yes,Yes,wa,https://www.grays.com/lot/0001-9059397/motor-vehicles-motor-cycles/2021-toyota-hilux-sr-4x4-gun126r-turbo-diesel-automatic-crew-cab-chassis,dents or marks on body consistent with age and kilometres.,304,24000,2025-05-13
2011,TOYOTA,Corolla,ascent zre152r,Sedan,Automatic,Petrol,423319,5.0,JTNBU56E10J063501,No plates,Unregistered,4,1.8,White,Grey,Yes,No,No,No,Yes,qld,https://www.grays.com/lot/0001-50515167/motor-vehicles-motor-cycles/2011-toyota-corolla-ascent-zre152r-automatic-sedan,seat torn passenger seat back seat stains. dents or marks on body consistent with age and kilometres. medium scratch on rh front bumper,14,2300,2025-05-14
2013,TOYOTA,Corolla,ascent zre152r,Sedan,Automatic,Petrol,305411,5.0,JTNBU56E10J102846,No plates,Unregistered,4,1.8,White,Grey,Yes,No,No,No,Yes,qld,https://www.grays.com/lot/0001-50515201/motor-vehicles-motor-cycles/2013-toyota-corolla-ascent-zre152r-automatic-sedan,dents or marks on body consistent with age and kilometres. paint peeling doors,26,3900,2025-05-14
2013,TOYOTA,Corolla,ascent zre152r,Sedan,Automatic,Petrol,362639,5.0,JTNBU56E10J103933,No plates,Unregistered,4,1.8,White,Grey,Yes,No,No,No,Yes,qld,https://www.grays.com/lot/0001-50515170/motor-vehicles-motor-cycles/2013-toyota-corolla-ascent-zre152r-automatic-sedan,dents or marks on body consistent with age and kilometres. paint peeling over vehicle,22,3200,2025-05-14
2012,TOYOTA,Corolla,ascent zre152r,Sedan,Automatic,Petrol,432145,5.0,JTNBU56E60J081797,No plates,Unregistered,4,1.8,Silver,Grey,Yes,No,No,No,Yes,qld,https://www.grays.com/lot/0001-50515169/motor-vehicles-motor-cycles/2012-toyota-corolla-ascent-zre152r-automatic-sedan,back seat stains. dents or marks on body consistent with age and kilometres. paint fading multiple panels,10,2200,2025-05-14
2020,TOYOTA,Hilux,sr (4x4) gun126r,Crew Cab Chassis,Automatic,Diesel,136626,5.0,MR0KA3CD801311421,No plates,Unregistered,4,2.8,White,Grey,Yes,Yes,Yes,Yes,Yes,qld,https://www.grays.com/lot/0001-50515158/motor-vehicles-motor-cycles/2020-toyota-hilux-sr-4x4-gun126r-turbo-diesel-automatic-crew-cab-chassis,brakes require attention hood lining sagging flat battery. jump start or towing required dents or marks on body consistent with age and kilometres. medium dent on driver side paint fading over vehicle,83,25600,2025-05-14
2014,MAZDA,Cx-5,maxx sport ke,Wagon,Automatic,Diesel,188686,5.0,JM0KE102100278244,1EUG764,21-05-2025,4,2.2,Grey,Black,Yes,Yes,No,No,Yes,wa,https://www.grays.com/lot/0001-9059554/motor-vehicles-motor-cycles/2014-mazda-cx-5-maxx-sport-ke-turbo-diesel-automatic-wagon,dents or marks on body consistent with age and kilometres.,83,6700,2025-05-14
2005,TOYOTA,Yaris,yr ncp90r,Hatchback,Automatic,Petrol,191059,5.0,JTDJW923505012582,1GFB308,11-10-2025,4,1.3,Silver,Charcoal,Yes,Yes,Yes,Partial,Yes,wa,https://www.grays.com/lot/0001-9059597/motor-vehicles-motor-cycles/2005-toyota-yaris-yr-ncp90r-automatic-hatchback,front seat marks passenger paint peeling rear bumper paint cracked rear bumper medium scratch on roof and boot,40,4101,2025-05-15
2012,TOYOTA,Camry,altise asv50r,Sedan,Automatic,Petrol,453976,5.0,6T1BF3FK80X011417,WN34920,23-06-2025,4,2.5,White,Black,Yes,No,No,No,Yes,wa,https://www.grays.com/lot/0001-9059604/motor-vehicles-motor-cycles/2012-toyota-camry-altise-asv50r-automatic-sedan,dents or marks on body consistent with age and kilometres. front seat stains both back seat stains. hood lining sagging,56,4609,2025-05-15
2014,TOYOTA,Camry,altise asv50r,Sedan,Automatic,Petrol,194321,5.0,6T1BF3FKX0X062708,1DW8TD,30-06-2025,4,2.5,Silver,Black,Yes,No,No,No,Yes,vic,https://www.grays.com/lot/0001-21048694/motor-vehicles-motor-cycles/2014-toyota-camry-altise-asv50r-automatic-sedan,dents or marks on body consistent with age and kilometres.,81,8000,2025-05-15
2007,TOYOTA,Corolla,ascent zre152r,Sedan,Automatic,Petrol,132933,5.0,JTNBU52E10J005538,No plates,Unregistered,4,1.8,White,Black,Yes,No,Yes,Yes,Yes,vic,https://www.grays.com/lot/0001-21049025/motor-vehicles-motor-cycles/2007-toyota-corolla-ascent-zre152r-automatic-sedan,medium scratch on various parts on panels,94,6600,2025-05-20
2008,TOYOTA,Corolla,ascent zre152r,Sedan,Automatic,Petrol,279939,5.0,JTNBU52E40J021135,BH15UQ,Unregistered,4,1.8,Grey,Black,Yes,No,No,No,Yes,nsw,https://www.grays.com/lot/0001-10348700/motor-vehicles-motor-cycles/2008-toyota-corolla-ascent-zre152r-automatic-sedan,dents or marks on body consistent with age and kilometres. paint peeling and cracked numerous panels engine idling rough,20,1850,2025-05-20
2015,HYUNDAI,I30,active gd,Hatchback,Automatic,Petrol,178527,5.0,KMHD251EMGU263537,ELB50B,Unregistered,4,1.8,Silver,Black,Yes,Yes,Yes,Yes,Yes,nsw,https://www.grays.com/lot/0001-10348726/motor-vehicles-motor-cycles/2015-hyundai-i30-active-gd-automatic-hatchback,"dents or marks on body consistent with age and kilometres. large scratch on front bumper bar, passenger side rear door and quarter panel engine idling rough traction control light on",53,4009,2025-05-20
2021,TOYOTA,Hilux,sr (4x4) gun126r,Crew Cab Chassis,Automatic,Diesel,139367,5.0,MR0KA3CD601264874,1HXM299,21-08-2025,4,2.8,White,Grey,Yes,Yes,Yes,Yes,Yes,wa,https://www.grays.com/lot/0001-9059707/motor-vehicles-motor-cycles/2021-toyota-hilux-sr-4x4-gun126r-turbo-diesel-automatic-crew-cab-chassis,dents or marks on body consistent with age and kilometres.,194,23800,2025-05-20
2014,HYUNDAI,Ix35,se fwd lm,Wagon,Automatic,Petrol,158630,5.0,TMAJU81FMEJ600693,1IAK891,19-08-2025,4,2,Navy Blue,Black Leather,Yes,No,Yes,Yes,Yes,wa,https://www.grays.com/lot/0001-9059678/motor-vehicles-motor-cycles/2014-hyundai-ix35-se-fwd-lm-automatic-wagon,medium scuff on rear passenger door dents or marks on body consistent with age and kilometres.,93,8800,2025-05-20
2015,HYUNDAI,Ix35,se fwd lm,Wagon,Automatic,Petrol,126016,5.0,TMAJU81FMFJ748929,ESR50Y,Unregistered,4,2,Grey,Black,Yes,No,No,No,Yes,nsw,https://www.grays.com/lot/0001-10348704/motor-vehicles-motor-cycles/2015-hyundai-ix35-se-fwd-lm-automatic-wagon,"body/panel damage passenger side panels, whole side engine noise observed.",39,2709,2025-05-20
2012,MAZDA,Cx-5,maxx sport ke,Wagon,Automatic,Diesel,139535,5.0,JM0KE102100128149,CJV94N,06-07-2025,4,2.2,Grey,Black,Yes,No,Yes,Yes,Yes,nsw,https://www.grays.com/lot/0001-10348729/motor-vehicles-motor-cycles/2012-mazda-cx-5-maxx-sport-ke-turbo-diesel-automatic-wagon,dents or marks on body consistent with age and kilometres.,87,7109,2025-05-20
2013,MAZDA,Cx-5,maxx sport ke,Wagon,Automatic,Diesel,222057,5.0,JM0KE102100201862,1EEV297,02-08-2025,4,2.2,Blue,Black,Yes,Yes,Yes,Yes,Yes,wa,https://www.grays.com/lot/0001-9059687/motor-vehicles-motor-cycles/2013-mazda-cx-5-maxx-sport-ke-turbo-diesel-automatic-wagon,large dent on between rear quarter panel and rear driver door dents or marks on body consistent with age and kilometres. medium scratch on various along passenger side,77,5409,2025-05-20
2013,TOYOTA,Corolla,ascent zre152r,Sedan,Automatic,Petrol,351093,5.0,JTNBU56E10J104810,No plates,Unregistered,4,1.8,Silver,Black,Yes,No,No,No,Yes,qld,https://www.grays.com/lot/0001-50515259/motor-vehicles-motor-cycles/2013-toyota-corolla-ascent-zre152r-automatic-sedan,dents or marks on body consistent with age and kilometres. paint peeling over vehicle,62,4412,2025-05-21
2012,TOYOTA,Corolla,ascent zre152r,Sedan,Automatic,Petrol,355398,5.0,JTNBU56E90J101279,No plates,Unregistered,4,1.8,White,Grey,Yes,No,No,No,Yes,qld,https://www.grays.com/lot/0001-50515261/motor-vehicles-motor-cycles/2012-toyota-corolla-ascent-zre152r-automatic-sedan,marks in boot medium scuff on lh rear bumper paint peeling multiple panels dents or marks on body consistent with age and kilometres. medium scratch on rh front bumper,26,2309,2025-05-21
2008,HYUNDAI,Getz,sx tb,Hatchback,Manual,Petrol,289190,5.0,KMHBT51BR9U892307,XCL804,04-06-2025,4,1.6,Silver,Black,Yes,Yes,Yes,Yes,Yes,vic,https://www.grays.com/lot/0001-21049147/motor-vehicles-motor-cycles/2008-hyundai-getz-sx-tb-manual-hatchback,engine idling rough dents or marks on body consistent with age and kilometres.,13,750,2025-05-21
2012,HYUNDAI,I30,active gd,Hatchback,Automatic,Petrol,179578,5.0,KMHD251EMDU037517,no plates,Unregistered,4,1.8,Black,Black,Yes,No,Yes,Yes,Yes,vic,https://www.grays.com/lot/0001-21049128/motor-vehicles-motor-cycles/2012-hyundai-i30-active-gd-automatic-hatchback,"exterior: scratches, paint fade and dents.",69,5855,2025-05-21
2012,MAZDA,Cx-5,maxx sport ke,Wagon,Automatic,Diesel,255859,5.0,JM0KE102100111200,No plates,Unregistered,4,2.2,Dark Blue,Black Leather,Yes,Yes,Yes,Yes,Yes,qld,https://www.grays.com/lot/0001-50515290/motor-vehicles-motor-cycles/2012-mazda-cx-5-maxx-sport-ke-turbo-diesel-automatic-wagon,dents or marks on body consistent with age and kilometres. reverse camera not working sat nav not working,43,2509,2025-05-21
2014,MAZDA,Cx-5,maxx sport ke,Wagon,Automatic,Diesel,237262,5.0,JM0KE102100243983,1BN8JT,10-07-2025,4,2.2,White,Black Leather,Yes,Yes,Yes,Yes,Yes,vic,https://www.grays.com/lot/0001-21049154/motor-vehicles-motor-cycles/2014-mazda-cx-5-maxx-sport-ke-turbo-diesel-automatic-wagon,dents or marks on body consistent with age and kilometres. large scuff on various parts of panel medium scratch on various parts of panel engine smoke visible,57,5115,2025-05-21
2015,MAZDA,Cx-5,maxx sport ke,Wagon,Automatic,Diesel,182120,5.0,JM0KE102200331207,No plates,Unregistered,4,2.2,Blue,Black,Yes,Yes,No,Yes,Yes,qld,https://www.grays.com/lot/0001-50515285/motor-vehicles-motor-cycles/2015-mazda-cx-5-maxx-sport-ke-turbo-diesel-automatic-wagon,engine noise observed. medium scratch on lh rear door medium scuff on rh front bumper front seat stains both front seats,46,4000,2025-05-21
2016,MAZDA,Cx-5,maxx sport ke,Wagon,Automatic,Diesel,129619,5.0,JM0KE102200386932,2CC8NL,11-08-2025,4,2.2,Grey,Black,Yes,No,Yes,No,Yes,vic,https://www.grays.com/lot/0001-21049158/motor-vehicles-motor-cycles/2016-mazda-cx-5-maxx-sport-ke-turbo-diesel-automatic-wagon,dents or marks on body consistent with age and kilometres. medium dent on rear bumper medium scratch on passenger side rear medium dent on roof,95,7300,2025-05-21
2013,TOYOTA,Corolla,ascent zre152r,Sedan,Automatic,Petrol,338313,5.0,JTNBU56E20J104430,No plates,Unregistered,4,1.8,Silver,Grey,Yes,No,No,No,Yes,qld,https://www.grays.com/lot/0001-50515262/motor-vehicles-motor-cycles/2013-toyota-corolla-ascent-zre152r-automatic-sedan,dents or marks on body consistent with age and kilometres. medium scuff on lh rear bumper,38,3509,2025-05-21
2019,TOYOTA,Hilux,sr (4x4) gun126r,Crew Cab Chassis,Automatic,Diesel,93642,2.0,MR0KA3CD301230715,1GWK321,02-10-2025,4,2.8,White,Black,Yes,No,Yes,Partial,Yes,wa,https://www.grays.com/lot/0001-9059760/motor-vehicles-motor-cycles/2019-toyota-hilux-sr-4x4-gun126r-turbo-diesel-automatic-crew-cab-chassis,dents or marks on body consistent with age and kilometres. corrosion visible tray,236,24600,2025-05-21
2013,TOYOTA,Corolla,ascent zre152r,Sedan,Automatic,Petrol,355273,5.0,JTNBU56E40J104672,No plates,Unregistered,4,1.8,Silver,Grey,Yes,No,No,No,Yes,qld,https://www.grays.com/lot/0001-50515257/motor-vehicles-motor-cycles/2013-toyota-corolla-ascent-zre152r-automatic-sedan,dents or marks on body consistent with age and kilometres.,32,2909,2025-05-21
2017,TOYOTA,Hilux,sr (4x4) gun126r,Crew Cab Chassis,Automatic,Diesel,133727,5.0,MR0KA3CD901305613,EWC41R,25-10-2025,4,2.8,White,Black,Yes,Yes,Yes,Yes,Yes,nsw,https://www.grays.com/lot/0001-10348764/motor-vehicles-motor-cycles/2017-toyota-hilux-sr-4x4-gun126r-turbo-diesel-automatic-crew-cab-chassis,"dents or marks on body consistent with age and kilometres. corrosion visible doors, sill panels, underbody components, tray, bullbar",128,22842,2025-05-22
2013,HYUNDAI,Ix35,se fwd lm,Wagon,Automatic,Petrol,295559,5.0,TMAJU81FMEJ521183,1AU9UQ,15-01-2026,4,2,Grey,Black Leather,Yes,Yes,Yes,Yes,Yes,vic,https://www.grays.com/lot/0001-21049406/motor-vehicles-motor-cycles/2013-hyundai-ix35-se-fwd-lm-automatic-wagon,dents or marks on body consistent with age and kilometres.,56,4009,2025-05-26
2014,HYUNDAI,I30,active gd,Hatchback,Automatic,Petrol,80910,5.0,KMHD251EMEU195531,1IOC953,06-08-2025,4,1.8,Silver,Grey,Yes,Yes,Yes,Yes,Yes,wa,https://www.grays.com/lot/0001-9059869/motor-vehicles-motor-cycles/2014-hyundai-i30-active-gd-automatic-hatchback,dents or marks on body consistent with age and kilometres. engine noise observed. front seat marks driver &amp; passenger medium scuff on rear quarter panel,72,7100,2025-05-27
2014,MAZDA,Cx-5,maxx sport ke,Wagon,Automatic,Diesel,160909,5.0,JM0KE102100276544,No plates,Unregistered,4,2.2,Red,Black,Yes,Yes,Yes,Yes,Yes,qld,https://www.grays.com/lot/0001-50515435/motor-vehicles-motor-cycles/2014-mazda-cx-5-maxx-sport-ke-turbo-diesel-automatic-wagon,engine smoke visible engine light on other warning light on engine noise observed. dents or marks on body consistent with age and kilometres.,49,3500,2025-05-27
2005,HYUNDAI,Getz,gl tb,Hatchback,Automatic,Petrol,229123,5.0,KMHBT31AR5U108224,No plates,Unregistered,4,1.5,Light Blue,Multi,Yes,No,Yes,Yes,Yes,sa,https://www.grays.com/lot/0001-60047890/motor-vehicles-motor-cycles/2005-hyundai-getz-gl-tb-automatic-hatchback,engine noise observed.,8,1200,2025-05-28
2010,HYUNDAI,Getz,sx tb,Hatchback,Manual,Petrol,336292,5.0,KMHBT51BLAU988918,No plates,Unregistered,4,1.6,White,Multi,Yes,Yes,Yes,Yes,Yes,sa,https://www.grays.com/lot/0001-60047906/motor-vehicles-motor-cycles/2010-hyundai-getz-sx-tb-manual-hatchback,engine noise observed.,9,809,2025-05-28
2020,TOYOTA,Hilux,sr (4x4) gun126r,Crew Cab Chassis,Automatic,Diesel,122940,5.0,MR0KA3CD701249722,1HFO251,10/07/2025,4,2.8,White,Black,Yes,Yes,No,Partial,Yes,wa,https://www.grays.com/lot/0001-9059960/motor-vehicles-motor-cycles/2020-toyota-hilux-sr-4x4-gun126r-turbo-diesel-automatic-crew-cab-chassis,dents or marks on body consistent with age and kilometres. corrosion visible trayback paint peeling tray,299,21200,2025-05-28
2014,MAZDA,Cx-5,maxx sport ke,Wagon,Automatic,Diesel,149905,5.0,JM0KE102200300009,No plates,Unregistered,4,2.2,White,Black,Yes,Yes,Yes,Yes,Yes,qld,https://www.grays.com/lot/0001-50515394/motor-vehicles-motor-cycles/2014-mazda-cx-5-maxx-sport-ke-turbo-diesel-automatic-wagon,other warning light on front seat stains passenger seat dents or marks on body consistent with age and kilometres. engine smoke visible,67,4500,2025-05-28
2008,TOYOTA,Yaris,yr ncp90r,Hatchback,Automatic,Petrol,262116,5.0,JTDJW923405115847,WQZ282,10-10-2025,4,1.3,White,Black,Yes,Yes,Yes,Yes,Yes,vic,https://www.grays.com/lot/0001-21049642/motor-vehicles-motor-cycles/2008-toyota-yaris-yr-ncp90r-automatic-hatchback,dents or marks on body consistent with age and kilometres. medium scratch on various along panel medium scuff on various along panel back bumper cracked bumper. corrosion visible left panel,34,3200,2025-05-28
2020,TOYOTA,Hilux,sr (4x4) gun126r,Crew Cab Chassis,Automatic,Diesel,103576,5.0,MR0KA3CD001253160,1HHZ294,18-08-2025,4,2.8,White,Grey,Yes,Yes,Yes,Yes,Yes,wa,https://www.grays.com/lot/0001-9060026/motor-vehicles-motor-cycles/2020-toyota-hilux-sr-4x4-gun126r-turbo-diesel-automatic-crew-cab-chassis,dents or marks on body consistent with age and kilometres. corrosion visible various panels,261,25200,2025-05-29
2021,TOYOTA,Hilux,sr (4x4) gun126r,Crew Cab Chassis,Automatic,Diesel,113093,5.0,MR0KA3CD201267660,1HMY431,20-07-2025,4,2.8,White,Black,Yes,Yes,Yes,Yes,Yes,wa,https://www.grays.com/lot/0001-9060018/motor-vehicles-motor-cycles/2021-toyota-hilux-sr-4x4-gun126r-turbo-diesel-automatic-crew-cab-chassis,dents or marks on body consistent with age and kilometres. paint fading body windscreen chipped or cracked.,174,25500,2025-05-29
2011,MAZDA,3,maxx bl,Hatchback,Automatic,Petrol,278674,5.0,JM0BL10F100241303,YNA892,08/08/2025,4,2,Blue,Black,Yes,Yes,Yes,Yes,Yes,vic,https://www.grays.com/lot/0001-21049767/motor-vehicles-motor-cycles/2011-mazda-3-maxx-bl-automatic-hatchback,rear bar cracked bumper. dents or marks on body consistent with age and kilometres. large scratch on bonnet paint peeling rh mirror paint fading around the car paint peeling around the car,54,4700,2025-06-01
2020,TOYOTA,Camry,ascent sport hybrid axvh71r,Sedan,CVT,Hybrid,131801,5.0,JTNB23HK703079123,No plates,Unregistered,4,2.5,White,Grey,Yes,Yes,Yes,Yes,Yes,qld,https://www.grays.com/lot/0001-50711956/motor-vehicles-motor-cycles/2020-toyota-camry-ascent-sport-hybrid-axvh71r-cvt-sedan,dents or marks on body consistent with age and kilometres.,170,21600,2025-06-02
2020,TOYOTA,Hilux,sr (4x4) gun126r,Crew Cab Chassis,Automatic,Diesel,110115,5.0,MR0KA3CD201249966,1HFO272,17-07-2025,4,2.8,White,Grey,Yes,Yes,Yes,Yes,Yes,wa,https://www.grays.com/lot/0001-9060105/motor-vehicles-motor-cycles/2020-toyota-hilux-sr-4x4-gun126r-turbo-diesel-automatic-crew-cab-chassis,dents or marks on body consistent with age and kilometres. corrosion visible rear tray,163,26300,2025-06-03
2021,TOYOTA,Hilux,sr (4x4) gun126r,Crew Cab Chassis,Automatic,Diesel,118734,5.0,MR0KA3CD401257387,1HHU417,18-08-2025,4,2.8,White,Grey,Yes,Yes,Yes,Yes,Yes,wa,https://www.grays.com/lot/0001-9060106/motor-vehicles-motor-cycles/2021-toyota-hilux-sr-4x4-gun126r-turbo-diesel-automatic-crew-cab-chassis,dents or marks on body consistent with age and kilometres. corrosion visible rear tray,117,26800,2025-06-03
2021,TOYOTA,Hilux,sr (4x4) gun126r,Crew Cab Chassis,Automatic,Diesel,109864,5.0,MR0KA3CD501265322,1HLK431,21/08/2025,4,2.8,White,Grey,Yes,Yes,Yes,Yes,Yes,wa,https://www.grays.com/lot/0001-9060108/motor-vehicles-motor-cycles/2021-toyota-hilux-sr-4x4-gun126r-turbo-diesel-automatic-crew-cab-chassis,dents or marks on body consistent with age and kilometres. corrosion visible rear tray,158,25800,2025-06-03
2021,TOYOTA,Hilux,sr (4x4) gun126r,Crew Cab Chassis,Automatic,Diesel,117241,5.0,MR0KA3CD801255688,1HGF663,15-09-2025,4,2.8,White,Grey,Yes,Yes,Yes,Yes,Yes,wa,https://www.grays.com/lot/0001-9060065/motor-vehicles-motor-cycles/2021-toyota-hilux-sr-4x4-gun126r-turbo-diesel-auto-crew-cab-chassis,corrosion visible rear tray dents or marks on body consistent with age and kilometres.,121,25100,2025-06-03
2016,TOYOTA,Hilux,4x4 sr gun126r dual,Cab Chassis,Automatic,Diesel,101455,5.0,MR0KA3CD901188504,No plates,Unregistered,4,2.8,White,Black,Yes,Yes,No,No,Yes,nsw,https://www.grays.com/lot/0001-10348961/motor-vehicles-motor-cycles/2016-toyota-hilux-4x4-sr-gun126r-turbo-diesel-automatic-dual-cab,dents or marks on body consistent with age and kilometres. - corrosion visible spots on roof,23,27900,2025-06-03
2013,MAZDA,3,neo bl,Hatchback,Automatic,Petrol,192565,5.0,JM0BL10F200420613,1AC9CG,12-09-2025,4,2,Silver,Black,Yes,No,Yes,Yes,Yes,vic,https://www.grays.com/lot/0001-21049944/motor-vehicles-motor-cycles/2013-mazda-3-neo-bl-automatic-hatchback,medium scratch on various parts on panels medium dent on various parts on panels,63,6100,2025-06-03
2014,MAZDA,Cx-5,maxx sport ke,Wagon,Automatic,Diesel,156789,5.0,JM0KE102100248052,1END569,18-09-2025,4,2.2,White,Charcoal,Yes,No,Yes,Yes,Yes,wa,https://www.grays.com/lot/0001-9060096/motor-vehicles-motor-cycles/2014-mazda-cx-5-maxx-sport-ke-turbo-diesel-automatic-wagon,dents or marks on body consistent with age and kilometres.,125,9200,2025-06-03
2022,TOYOTA,Hilux,sr (4x4) gun126r,Crew Cab Chassis,Automatic,Diesel,126643,5.0,MR0KA3CD101272509,1HPB763,Unregistered,4,2.8,White,Grey,Yes,Yes,Yes,Yes,Yes,wa,https://www.grays.com/lot/0001-9060080/motor-vehicles-motor-cycles/2022-toyota-hilux-sr-4x4-gun126r-turbo-diesel-automatic-crew-cab-chassis,dents or marks on body consistent with age and kilometres.,208,27000,2025-06-03
2012,MAZDA,Cx-5,maxx sport ke,Wagon,Automatic,Diesel,175979,5.0,JM0KE102100112618,1XR4GL,22-07-2025,4,2.2,White,Black Leather,Yes,Yes,Yes,Yes,Yes,vic,https://www.grays.com/lot/0001-21049910/motor-vehicles-motor-cycles/2012-mazda-cx-5-maxx-sport-ke-turbo-diesel-automatic-wagon,dents or marks on body consistent with age and kilometres.,22,7250,2025-06-03
2007,HYUNDAI,Getz,sx tb,Hatchback,Manual,Petrol,118968,5.0,KMHBT31BR7U173135,No plates,Unregistered,4,1.6,Red,Grey,Yes,Yes,Yes,Yes,Yes,qld,https://www.grays.com/lot/0001-50515515/motor-vehicles-motor-cycles/2007-hyundai-getz-sx-tb-manual-hatchback,door card worn. hail damage visible. paint fading multiple panels windscreen chipped or cracked. paint peeling multiple panels engine light on,13,1250,2025-06-04
2012,HYUNDAI,I30,active gd,Hatchback,Automatic,Petrol,259059,5.0,KMHD251EMDU073695,1EEP640,18-07-2025,4,1.8,Silver,Grey,Yes,Yes,Yes,Yes,Yes,wa,https://www.grays.com/lot/0001-9060250/motor-vehicles-motor-cycles/2012-hyundai-i30-active-gd-automatic-hatchback,dents or marks on body consistent with age and kilometres.,45,4400,2025-06-04
2014,HYUNDAI,I30,active gd,Hatchback,Automatic,Petrol,109737,5.0,KMHD251EMEU229865,1EB9XG,19-08-2025,4,1.8,Grey,Black,Yes,No,Yes,Yes,Yes,vic,https://www.grays.com/lot/0001-21050036/motor-vehicles-motor-cycles/2014-hyundai-i30-active-gd-automatic-hatchback,medium scratch on various parts on panels medium dent on various parts on panels engine noise observed.,35,5800,2025-06-04
2021,TOYOTA,Hilux,sr (4x4) gun126r,Crew Cab Chassis,Automatic,Diesel,137706,5.0,MR0KA3CD101265317,1HLK427,21-08-2025,4,2.8,White,Grey,Yes,Yes,Yes,Yes,Yes,wa,https://www.grays.com/lot/0001-9060159/motor-vehicles-motor-cycles/2021-toyota-hilux-sr-4x4-gun126r-turbo-diesel-automatic-crew-cab-chassis,dents or marks on body consistent with age and kilometres.,233,25900,2025-06-04
2009,TOYOTA,Yaris,yr ncp90r,Hatchback,Automatic,Petrol,332323,5.0,JTDJW923X05132538,1AY6VH,27-08-2025,4,1.3,White,Black,Yes,Yes,Yes,Yes,Yes,vic,https://www.grays.com/lot/0001-21050109/motor-vehicles-motor-cycles/2009-toyota-yaris-yr-ncp90r-automatic-hatchback,dents or marks on body consistent with age and kilometres. large dent on various parts of panel body/panel damage various parts of panel large scuff on various parts of panel large scratch on various parts of panel,32,2809,2025-06-05
2012,MAZDA,Cx-5,maxx sport ke,Wagon,Automatic,Diesel,182103,5.0,JM0KE102100119939,ZGP866,03-09-2025,4,2.2,Blue,Black,Yes,Yes,Yes,Yes,Yes,vic,https://www.grays.com/lot/0001-21050130/motor-vehicles-motor-cycles/2012-mazda-cx-5-maxx-sport-ke-turbo-diesel-automatic-wagon,dents or marks on body consistent with age and kilometres.,92,7758,2025-06-05
2009,TOYOTA,Yaris,yr ncp90r,Hatchback,Automatic,Petrol,147853,5.0,JTDJW923405128856,No plates,Unregistered,4,1.3,Silver,Black,Yes,No,No,No,Yes,vic,https://www.grays.com/lot/0001-21050343/motor-vehicles-motor-cycles/2009-toyota-yaris-yr-ncp90r-automatic-hatchback,medium scratch on various along panel dents or marks on body consistent with age and kilometres.,15,3800,2025-06-10
2008,TOYOTA,Corolla,ascent zre152r,Sedan,Automatic,Petrol,186586,5.0,JTNBU52E10J008018,WHL633,28-03-2026,4,1.8,Silver,Black,Yes,Yes,Yes,No,Yes,vic,https://www.grays.com/lot/0001-21050284/motor-vehicles-motor-cycles/2008-toyota-corolla-ascent-zre152r-automatic-sedan,dents or marks on body consistent with age and kilometres. medium scuff on back right panel next to right light back left bumper cracked bumper.,53,5100,2025-06-10
2012,TOYOTA,Corolla,ascent sport zre182r,Hatchback,CVT,Petrol,137184,5.0,JTNKU3JE90J006328,ZKL749,30-11-2025,4,1.8,Black,Black,Yes,Yes,Yes,Yes,Yes,vic,https://www.grays.com/lot/0001-21050204/motor-vehicles-motor-cycles/2012-toyota-corolla-ascent-sport-zre182r-cvt-hatchback,dents or marks on body consistent with age and kilometres. medium scratch on various along panel,84,9100,2025-06-10
2019,TOYOTA,Hilux,sr (4x4) gun126r,Crew Cab Chassis,Automatic,Diesel,93642,2.0,MR0KA3CD301230715,1GWK321,02-10-2025,4,2.8,White,Black,Yes,No,Yes,Partial,Yes,wa,https://www.grays.com/lot/0001-9060344/motor-vehicles-motor-cycles/2019-toyota-hilux-sr-4x4-gun126r-turbo-diesel-automatic-crew-cab-chassis,dents or marks on body consistent with age and kilometres. corrosion visible tray,130,21000,2025-06-10
2012,MAZDA,Cx-5,maxx sport ke,Wagon,Automatic,Diesel,188253,5.0,JM0KE102100129328,1EBJ584,22-08-2025,4,2.2,Black,Charcoal,Yes,Yes,No,No,Yes,wa,https://www.grays.com/lot/0001-9060360/motor-vehicles-motor-cycles/2012-mazda-cx-5-maxx-sport-ke-turbo-diesel-automatic-wagon,dents or marks on body consistent with age and kilometres. medium dent on bonnet,86,5400,2025-06-10
2014,MAZDA,Cx-5,maxx sport ke,Wagon,Automatic,Diesel,245758,5.0,JM0KE102100240859,No plates,Unregistered,4,2.2,Red,Multi,Yes,No,Yes,Yes,Yes,sa,https://www.grays.com/lot/0001-60047998/motor-vehicles-motor-cycles/2014-mazda-cx-5-maxx-sport-ke-turbo-diesel-automatic-wagon,other warning light on,3,5200,2025-06-10
2015,MAZDA,Cx-5,maxx sport ke,Wagon,Automatic,Diesel,241713,5.0,JM0KE102200305794,1EE5EH,11-06-2025,4,2.2,Grey,Black,Yes,Yes,Yes,Yes,Yes,vic,https://www.grays.com/lot/0001-21050290/motor-vehicles-motor-cycles/2015-mazda-cx-5-maxx-sport-ke-turbo-diesel-automatic-wagon,"dents or marks on body consistent with age and kilometres. engine smoke visible engine overheating, tow advisable. medium scuff on front passenger door and trim broken/missing medium scratch on bonnet paint fading around the car",39,3109,2025-06-10
2008,TOYOTA,Yaris,yr ncp90r,Hatchback,Automatic,Petrol,262116,5.0,JTDJW923405115847,WQZ282,10-10-2025,4,1.3,White,Black,Yes,Yes,Yes,Yes,Yes,vic,https://www.grays.com/lot/0001-21050324/motor-vehicles-motor-cycles/2008-toyota-yaris-yr-ncp90r-automatic-hatchback,dents or marks on body consistent with age and kilometres. medium scratch on various along panel medium scuff on various along panel back bumper cracked bumper. corrosion visible left panel,36,2700,2025-06-10
2007,TOYOTA,Yaris,yr ncp90r,Hatchback,Automatic,Petrol,116976,5.0,JTDJW963605063664,UUK011,31-05-2025,4,1.3,Grey,Black,Yes,No,Yes,Yes,Yes,vic,https://www.grays.com/lot/0001-21050447/motor-vehicles-motor-cycles/2007-toyota-yaris-yr-ncp90r-automatic-hatchback,dents or marks on body consistent with age and kilometres. large scuff on various parts of panel medium scratch on various parts of panel,24,4200,2025-06-11
2015,HYUNDAI,I30,active gd,Hatchback,Automatic,Petrol,166647,5.0,KMHD251EMGU295293,1FS8JM,20-10-2025,4,1.8,Red,Black,Yes,Yes,Yes,Yes,Yes,vic,https://www.grays.com/lot/0001-21050451/motor-vehicles-motor-cycles/2015-hyundai-i30-active-gd-automatic-hatchback,dents or marks on body consistent with age and kilometres.,45,8000,2025-06-11
2018,TOYOTA,Hilux,4x4 sr gun126r,Crew Cab Chassis,Automatic,Diesel,139942,5.0,MR0KA3CD601222415,No plates,Unregistered,4,2.8,White,Grey,Yes,Yes,Yes,Yes,Yes,qld,https://www.grays.com/lot/0001-50515608/motor-vehicles-motor-cycles/2018-toyota-hilux-4x4-sr-gun126r-turbo-diesel-automatic-crew-cab-chassis,door card worn. dents or marks on body consistent with age and kilometres.,184,29100,2025-06-11
2015,HYUNDAI,Ix35,se fwd lm,Wagon,Automatic,Petrol,154204,5.0,TMAJU81FMFJ782915,1FP7YW,15-09-2025,4,2,Red,Black Leather,Yes,Yes,Yes,Yes,Yes,vic,https://www.grays.com/lot/0001-21050473/motor-vehicles-motor-cycles/2015-hyundai-ix35-se-fwd-lm-automatic-wagon,dents or marks on body consistent with age and kilometres.,85,5509,2025-06-11
2014,MAZDA,Cx-5,maxx sport ke,Wagon,Automatic,Diesel,175622,5.0,JM0KE102100256500,No plates,Unregistered,4,2.2,Grey,Black,Yes,No,Yes,Yes,Yes,qld,https://www.grays.com/lot/0001-50712006/motor-vehicles-motor-cycles/2014-mazda-cx-5-maxx-sport-ke-turbo-diesel-automatic-wagon,front seat worn driver seat dents or marks on body consistent with age and kilometres. medium scratch on rh front door paint fading spoiler,66,7100,2025-06-11
2017,TOYOTA,Hilux,sr (4x4) gun126r t d,Crew Cab Chassis,Automatic,Diesel,168584,5.0,MR0KA3CD401199720,No Plates,Unregistered,4,2.8,White,Black,Yes,No,Yes,Yes,Yes,vic,https://www.grays.com/lot/0001-21050606/motor-vehicles-motor-cycles/2017-toyota-hilux-sr-4x4-gun126r-t-d-auto-crew-cab-chassis,dents or marks on body consistent with age and kilometres. paint fading on the roof,162,23601,2025-06-16
2021,TOYOTA,Hilux,sr (4x4) gun126r,Crew Cab Chassis,Automatic,Diesel,110248,5.0,MR0KA3CD201255105,1HIU680,05-07-2025,4,2.8,White,Grey,Yes,Yes,Yes,Yes,Yes,wa,https://www.grays.com/lot/0001-9060516/motor-vehicles-motor-cycles/2021-toyota-hilux-sr-4x4-gun126r-turbo-diesel-automatic-crew-cab-chassis,dents or marks on body consistent with age and kilometres.,204,25900,2025-06-17
2020,TOYOTA,Hilux,sr (4x4) gun126r,Crew Cab Chassis,Automatic,Diesel,104273,5.0,MR0KA3CD401253159,1HIG668,08-09-2025,4,2.8,White,Grey,Yes,Yes,Yes,Yes,Yes,wa,https://www.grays.com/lot/0001-9060512/motor-vehicles-motor-cycles/2020-toyota-hilux-sr-4x4-gun126r-turbo-diesel-automatic-crew-cab-chassis,dents or marks on body consistent with age and kilometres.,267,25000,2025-06-17
2021,TOYOTA,Hilux,sr (4x4) gun126r,Crew Cab Chassis,Automatic,Diesel,88868,5.0,MR0KA3CD601255205,1HGK143,24-09-2025,4,2.8,White,Grey,Yes,Yes,Yes,Yes,Yes,wa,https://www.grays.com/lot/0001-9060515/motor-vehicles-motor-cycles/2021-toyota-hilux-sr-4x4-gun126r-turbo-diesel-automatic-crew-cab-chassis,dents or marks on body consistent with age and kilometres. medium scratch on passenger side,162,24900,2025-06-17
2020,TOYOTA,Hilux,sr (4x4) gun126r,Crew Cab Chassis,Automatic,Diesel,126458,5.0,MR0KA3CD601312096,1HFA781,22-09-2025,4,2.8,White,Grey,Yes,Yes,Yes,Yes,Yes,wa,https://www.grays.com/lot/0001-9060513/motor-vehicles-motor-cycles/2020-toyota-hilux-sr-4x4-gun126r-turbo-diesel-automatic-crew-cab-chassis,dents or marks on body consistent with age and kilometres. corrosion visible tray front cracked bumper.,121,24400,2025-06-17
2020,TOYOTA,Hilux,sr (4x4) gun126r,Crew Cab Chassis,Automatic,Diesel,107123,5.0,MR0KA3CD701253494,1HGJ662,15-09-2025,4,2.8,White,Grey,Yes,Yes,Yes,Yes,Yes,wa,https://www.grays.com/lot/0001-9060514/motor-vehicles-motor-cycles/2020-toyota-hilux-sr-4x4-gun126r-turbo-diesel-automatic-crew-cab-chassis,dents or marks on body consistent with age and kilometres. paint peeling driver door - scraped down to bare metal,208,23700,2025-06-17
2012,MAZDA,3,neo bl,Hatchback,Automatic,Petrol,290375,5.0,JM0BL10F200329700,2AJ6FK,27-07-2025,4,2,Black,Black,Yes,No,No,Yes,Yes,vic,https://www.grays.com/lot/0001-21050679/motor-vehicles-motor-cycles/2012-mazda-3-neo-bl-automatic-hatchback,dents or marks on body consistent with age and kilometres. medium scuff on various parts of panel engine noise observed. paint fading various parts of panel,12,2700,2025-06-17
2012,MAZDA,Cx-5,maxx sport ke,Wagon,Automatic,Diesel,264309,5.0,JM0KE102100107176,1HZA141,Unregistered,4,2.2,Grey,Black,Yes,Yes,No,No,No,wa,https://www.grays.com/lot/0001-9060540/motor-vehicles-motor-cycles/2012-mazda-cx-5-maxx-sport-ke-turbo-diesel-automatic-wagon,paint fading rear passenger side dents or marks on body consistent with age and kilometres. rear bumper cracked bumper. flat battery. jump start or towing required,21,1010,2025-06-17
2006,TOYOTA,Yaris,yr ncp90r,Hatchback,Automatic,Petrol,226450,5.0,JTDJW923X05032648,No plates,Unregistered,4,1.3,Black,Black,Yes,No,No,No,Yes,vic,https://www.grays.com/lot/0001-21050772/motor-vehicles-motor-cycles/2006-toyota-yaris-yr-ncp90r-automatic-hatchback,dents or marks on body consistent with age and kilometres. medium scratch on various along panel medium scuff on various along panel paint fading various along panel damaged light above front left wheel,36,2410,2025-06-18
2021,TOYOTA,Hilux,sr (4x4) gun126r,Crew Cab Chassis,Automatic,Diesel,96337,5.0,MR0KA3CD101267648,1IQG574,27-07-2025,4,2.8,White,Grey,Yes,Yes,Yes,Yes,Yes,wa,https://www.grays.com/lot/0001-9060614/motor-vehicles-motor-cycles/2021-toyota-hilux-sr-4x4-gun126r-turbo-diesel-automatic-crew-cab-chassis,dents or marks on body consistent with age and kilometres.,244,27200,2025-06-18
2021,TOYOTA,Hilux,sr (4x4) gun126r,Crew Cab Chassis,Automatic,Diesel,130463,5.0,MR0KA3CD301267649,1HMY427,27-07-2025,4,2.8,White,Black,Yes,Yes,Yes,Yes,Yes,wa,https://www.grays.com/lot/0001-9060599/motor-vehicles-motor-cycles/2021-toyota-hilux-sr-4x4-gun126r-turbo-diesel-automatic-crew-cab-chassis,"dents or marks on body consistent with age and kilometres. corrosion visible tray, chassis &amp; bull bar dents or marks on body consistent with age and kilometres.",237,24200,2025-06-18
2021,TOYOTA,Hilux,sr (4x4) gun126r,Crew Cab Chassis,Automatic,Diesel,136578,5.0,MR0KA3CD301267652,1HMY428,27-07-2025,4,2.8,White,Grey,Yes,Yes,Yes,Yes,Yes,wa,https://www.grays.com/lot/0001-9060613/motor-vehicles-motor-cycles/2021-toyota-hilux-sr-4x4-gun126r-turbo-diesel-automatic-crew-cab-chassis,dents or marks on body consistent with age and kilometres.,212,24500,2025-06-18
2021,TOYOTA,Hilux,sr (4x4) gun126r,Crew Cab Chassis,Automatic,Diesel,113025,5.0,MR0KA3CD401261424,1HJM717,15-08-2025,4,2.8,White,Grey,Yes,Yes,Yes,Yes,Yes,wa,https://www.grays.com/lot/0001-9060639/motor-vehicles-motor-cycles/2021-toyota-hilux-sr-4x4-gun126r-turbo-diesel-automatic-crew-cab-chassis,dents or marks on body consistent with age and kilometres.,194,23300,2025-06-18
2020,TOYOTA,Hilux,sr (4x4) gun126r,Crew Cab Chassis,Automatic,Diesel,131955,5.0,MR0KA3CDX01253506,1HGJ657,15-09-2025,4,2.8,White,Grey,Yes,Yes,Yes,Yes,Yes,wa,https://www.grays.com/lot/0001-9060638/motor-vehicles-motor-cycles/2020-toyota-hilux-sr-4x4-gun126r-turbo-diesel-automatic-crew-cab-chassis,dents or marks on body consistent with age and kilometres.,215,22500,2025-06-18
2021,TOYOTA,Hilux,sr (4x4) gun126r,Crew Cab Chassis,Automatic,Diesel,90113,5.0,MR0KA3CDX01267647,1HMY425,20-07-2025,4,2.8,White,Grey,Yes,Yes,Yes,Yes,Yes,wa,https://www.grays.com/lot/0001-9060605/motor-vehicles-motor-cycles/2021-toyota-hilux-sr-4x4-gun126r-turbo-diesel-automatic-crew-cab-chassis,dents or marks on body consistent with age and kilometres. medium scratch on driver side,285,29800,2025-06-18
2012,MAZDA,Cx-5,maxx sport ke,Wagon,Automatic,Diesel,205251,5.0,JM0KE102100128706,GO2796,13-07-2025,4,2.2,Dark Grey,Charcoal,Yes,No,Yes,Yes,Yes,wa,https://www.grays.com/lot/0001-9060707/motor-vehicles-motor-cycles/2012-mazda-cx-5-maxx-sport-ke-turbo-diesel-automatic-wagon,dents or marks on body consistent with age and kilometres. medium scuff on both passenger side doors engine noise observed.,19,1450,2025-06-19
2010,HYUNDAI,Ix35,elite (awd) lm,Wagon,Automatic,Petrol,188147,5.0,KMHJU81CSBU182279,YCJ970,14-12-2025,4,2.4,Black,Black,Yes,Yes,Yes,Yes,Yes,vic,https://www.grays.com/lot/0001-21050924/motor-vehicles-motor-cycles/2010-hyundai-ix35-elite-awd-lm-automatic-wagon,dents or marks on body consistent with age and kilometres. medium dent on various parts of panel large scuff on various parts of panel,74,5610,2025-06-22
2016,MAZDA,Cx-5,maxx sport ke,Wagon,Automatic,Diesel,162925,5.0,JM0KE102200363078,No plates,Unregistered,4,2.2,White,Black,Yes,Yes,Yes,Yes,Yes,qld,https://www.grays.com/lot/0001-50712085/motor-vehicles-motor-cycles/2016-mazda-cx-5-maxx-sport-ke-turbo-diesel-automatic-wagon,door card worn. medium dent on rear bumper medium scratch on rh rear guard front seat worn drivers dents or marks on body consistent with age and kilometres. back seat stains.,3,5200,2025-06-22
2008,TOYOTA,Yaris,yr ncp90r,Hatchback,Automatic,Petrol,262116,5.0,JTDJW923405115847,WQZ282,10-10-2025,4,1.3,White,Black,Yes,Yes,Yes,Yes,Yes,vic,https://www.grays.com/lot/0001-21050964/motor-vehicles-motor-cycles/2008-toyota-yaris-yr-ncp90r-automatic-hatchback,dents or marks on body consistent with age and kilometres. medium scratch on various along panel medium scuff on various along panel back bumper cracked bumper. corrosion visible left panel,22,3800,2025-06-23
2010,HYUNDAI,Ix35,elite (awd) lm,Wagon,Automatic,Petrol,233756,5.0,KMHJU81CSBU225001,BRJ831,18-08-2025,4,2.4,Silver,Black,Yes,Yes,Yes,Yes,Yes,vic,https://www.grays.com/lot/0001-21051010/motor-vehicles-motor-cycles/2010-hyundai-ix35-elite-awd-lm-automatic-wagon,dents or marks on body consistent with age and kilometres. medium scratch on rear passenger side and bumper.,71,4600,2025-06-23
2011,TOYOTA,Camry,altise asv50r,Sedan,Automatic,Petrol,181210,5.0,6T1BF3FK90X004069,No plates,Unregistered,4,2.5,Black,Black,Yes,No,No,No,Yes,vic,https://www.grays.com/lot/0001-21050893/motor-vehicles-motor-cycles/2011-toyota-camry-altise-asv50r-automatic-sedan,dents or marks on body consistent with age and kilometres. medium scratch on various parts of panel,85,6109,2025-06-23
2013,MAZDA,Cx-5,maxx sport ke,Wagon,Automatic,Diesel,169522,5.0,JM0KE102100217460,1AH8MH,13-11-2025,4,2.2,Grey,Black Leather,Yes,No,Yes,Yes,Yes,vic,https://www.grays.com/lot/0001-21050989/motor-vehicles-motor-cycles/2013-mazda-cx-5-maxx-sport-ke-turbo-diesel-automatic-wagon,dents or marks on body consistent with age and kilometres. medium scratch on various parts of panel,115,9400,2025-06-23
2007,TOYOTA,Corolla,ascent zre152r,Sedan,Automatic,Petrol,130793,5.0,JTNBU52E002019523,BDS71E,Unregistered,4,1.8,Grey,Grey,Yes,Yes,Yes,Yes,Yes,nsw,https://www.grays.com/lot/0001-10349201/motor-vehicles-motor-cycles/2007-toyota-corolla-ascent-zre152r-automatic-sedan,please refer to the photos or arrange inspection to view the condition of this vehicle.,72,4300,2025-06-24
2020,TOYOTA,Hilux,sr (4x4) gun126r,Crew Cab Chassis,Automatic,Diesel,83874,5.0,MR0KA3CD701242334,1GZT241,11-09-2025,4,2.8,White,Grey,Yes,Yes,Yes,Yes,Yes,wa,https://www.grays.com/lot/0001-9060781/motor-vehicles-motor-cycles/2020-toyota-hilux-sr-4x4-gun126r-turbo-diesel-automatic-crew-cab-chassis,dents or marks on body consistent with age and kilometres. medium scuff on front bumper corrosion visible tray,76,29200,2025-06-24
2013,HYUNDAI,Ix35,se fwd lm,Wagon,Automatic,Petrol,171496,5.0,TMAJU81FMEJ486197,1IDE629,28-07-2025,4,2,Blue,Black Leather,Yes,Yes,Yes,Yes,Yes,wa,https://www.grays.com/lot/0001-9060838/motor-vehicles-motor-cycles/2013-hyundai-ix35-se-fwd-lm-automatic-wagon,dents or marks on body consistent with age and kilometres. reverse camera not working,107,6800,2025-06-24
2012,MAZDA,Cx-5,maxx sport ke,Wagon,Automatic,Diesel,239239,5.0,JM0KE102100116631,FEZ74B,Unregistered,4,2.2,White,Black,Yes,Yes,Yes,Yes,Yes,nsw,https://www.grays.com/lot/0001-10349287/motor-vehicles-motor-cycles/2012-mazda-cx-5-maxx-sport-ke-turbo-diesel-automatic-wagon,dents or marks on body consistent with age and kilometres. large dent on passenger side front door,57,4200,2025-06-24
2015,MAZDA,Cx-5,maxx sport ke,Wagon,Automatic,Diesel,181846,5.0,JM0KE102200331134,1EWF797,13-07-2025,4,2.2,White,Grey,Yes,Yes,Yes,No,Yes,wa,https://www.grays.com/lot/0001-9060728/motor-vehicles-motor-cycles/2015-mazda-cx-5-maxx-sport-ke-turbo-diesel-automatic-wagon,dents or marks on body consistent with age and kilometres. front seat worn both body/panel damage front end. intercooler bent door card worn.,57,6600,2025-06-24
2020,TOYOTA,Hilux,sr (4x4) gun126r,Crew Cab Chassis,Automatic,Diesel,197652,5.0,MR0KA3CD401311075,1SV9VA,Unregistered,4,2.8,White,Black,Yes,Yes,Yes,Yes,Yes,vic,https://www.grays.com/lot/0001-21051009/motor-vehicles-motor-cycles/2020-toyota-hilux-sr-4x4-gun126r-turbo-diesel-automatic-crew-cab-chassis,dents or marks on body consistent with age and kilometres. dents or marks on body consistent with age and kilometres. medium dent on drivers side roof,105,25600,2025-06-25
2020,HYUNDAI,I30,active pd,Hatchback,Automatic,Petrol,63860,5.0,KMHH351EMLU148553,1SJ9QQ,Unregistered,4,2,White,Black,Yes,No,Yes,Yes,Yes,vic,https://www.grays.com/lot/0001-21051261/motor-vehicles-motor-cycles/2020-hyundai-i30-active-pd-automatic-hatchback,medium scuff on rear bumper,136,15460,2025-06-26
2014,HYUNDAI,Ix35,elite fwd lm,Wagon,Automatic,Petrol,146092,5.0,KMHJU81FMFU052309,EFI007,Unregistered,4,2,White,Black Leather,Yes,No,No,No,Yes,nsw,https://www.grays.com/lot/0001-10911583/motor-vehicles-motor-cycles/2014-hyundai-ix35-elite-fwd-lm-automatic-wagon,engine light on engine idling rough,20,4600,2025-06-29
2007,TOYOTA,Yaris,yr ncp90r,Hatchback,Automatic,Petrol,278641,5.0,JTDJW923305072246,1VF1WV,19-06-2025,4,1.3,Blue,Black,Yes,Yes,Yes,Yes,Yes,vic,https://www.grays.com/lot/0001-21051533/motor-vehicles-motor-cycles/2007-toyota-yaris-yr-ncp90r-automatic-hatchback,paint peeling various parts on panels medium scratch on various parts on panels dents or marks on body consistent with age and kilometres.,35,2609,2025-06-30
2006,TOYOTA,Yaris,yr ncp90r,Hatchback,Automatic,Petrol,217598,5.0,JTDKW923700007630,No plates,Unregistered,4,1.3,Silver,Black,Yes,No,No,No,Yes,vic,https://www.grays.com/lot/0001-21051537/motor-vehicles-motor-cycles/2006-toyota-yaris-yr-ncp90r-automatic-hatchback,rear bumper cracked bumper. paint fading various parts on panels paint cracked various parts on panels,46,3426,2025-06-30
2005,HYUNDAI,Getz,1.6 tb,Hatchback,Manual,Petrol,176747,5.0,KMHBT51BR6U470813,1HHR742,22-07-2025,4,1.6,White,Grey,Yes,No,Yes,Yes,Yes,wa,https://www.grays.com/lot/0001-9061047/motor-vehicles-motor-cycles/2005-hyundai-getz-1-6-tb-manual-hatchback,gear knob broken front seat stains both dents or marks on body consistent with age and kilometres. paint peeling various panels dents or marks on body consistent with age and kilometres.,32,1900,2025-07-01
2018,TOYOTA,Hilux,4x4 sr gun126r,Crew Cab Chassis,Automatic,Diesel,264557,5.0,MR0KA3CD501222566,1HIJ490,17-09-2025,4,2.8,White,Grey,Yes,No,Yes,Yes,Yes,wa,https://www.grays.com/lot/0001-9061070/motor-vehicles-motor-cycles/2018-toyota-hilux-4x4-sr-gun126r-turbo-diesel-automatic-crew-cab-chassis,dents or marks on body consistent with age and kilometres. corrosion visible various panels,124,18700,2025-07-02
2020,TOYOTA,Hilux,sr (4x4) gun126r,Crew Cab Chassis,Automatic,Diesel,60848,5.0,MR0KA3CD901253514,1HGK138,24-09-2025,4,2.8,White,Grey,Yes,Yes,Yes,Yes,Yes,wa,https://www.grays.com/lot/0001-9061147/motor-vehicles-motor-cycles/2020-toyota-hilux-sr-4x4-gun126r-turbo-diesel-automatic-crew-cab-chassis,corrosion visible various panels dents or marks on body consistent with age and kilometres.,72,25900,2025-07-02
2021,TOYOTA,Hilux,sr (4x4) gun126r,Crew Cab Chassis,Automatic,Diesel,103545,5.0,MR0KA3CDX01257328,1HHZ978,23-08-2025,4,2.8,White,Grey,Yes,Yes,Yes,Yes,Yes,wa,https://www.grays.com/lot/0001-9061172/motor-vehicles-motor-cycles/2021-toyota-hilux-sr-4x4-gun126r-turbo-diesel-automatic-crew-cab-chassis,dents or marks on body consistent with age and kilometres. corrosion visible rear tray paint peeling various panels,132,25800,2025-07-02
2012,MAZDA,3,neo bl,Hatchback,Automatic,Petrol,290375,5.0,JM0BL10F200329700,2AJ6FK,27-07-2025,4,2,Black,Black,Yes,No,No,Yes,Yes,vic,https://www.grays.com/lot/0001-21051487/motor-vehicles-motor-cycles/2012-mazda-3-neo-bl-automatic-hatchback,dents or marks on body consistent with age and kilometres. medium scuff on various parts of panel engine noise observed. paint fading various parts of panel,33,2809,2025-07-02
2014,MAZDA,Cx-5,maxx sport ke,Wagon,Automatic,Diesel,162092,5.0,JM0KE102100278269,1IOU020,10-03-2026,4,2.2,White,Black,Yes,No,Yes,Yes,Yes,wa,https://www.grays.com/lot/0001-9061117/motor-vehicles-motor-cycles/2014-mazda-cx-5-maxx-sport-ke-turbo-diesel-automatic-wagon,dents or marks on body consistent with age and kilometres.,93,7109,2025-07-02
2013,HYUNDAI,I30,active gd,Hatchback,Automatic,Petrol,229287,5.0,KMHD251EMDU104922,No plates,Unregistered,4,1.8,Silver,Multi,Yes,Yes,Yes,Yes,Yes,sa,https://www.grays.com/lot/0001-60048217/motor-vehicles-motor-cycles/2013-hyundai-i30-active-gd-automatic-hatchback,engine noise observed.,42,2510,2025-07-06
2015,HYUNDAI,I30,active gd,Hatchback,Automatic,Petrol,211464,5.0,KMHD251EMHU324927,1GL1QW,14-04-2026,4,1.8,White,Black,Yes,Yes,Yes,Yes,Yes,vic,https://www.grays.com/lot/0001-21051756/motor-vehicles-motor-cycles/2015-hyundai-i30-active-gd-automatic-hatchback,dents or marks on body consistent with age and kilometres.. engine noise observed.,19,6100,2025-07-06
2016,MAZDA,Cx-5,maxx sport ke,Wagon,Automatic,Diesel,113266,5.0,JM0KE102200379404,1JE1TA,21-09-2025,4,2.2,Red,Black,Yes,Yes,Yes,Yes,Yes,vic,https://www.grays.com/lot/0001-21051866/motor-vehicles-motor-cycles/2016-mazda-cx-5-maxx-sport-ke-turbo-diesel-automatic-wagon,dents or marks on body consistent with age and kilometres. boot slight crack cracked bumper.,157,11000,2025-07-07
2014,HYUNDAI,Ix35,elite fwd lm,Wagon,Automatic,Petrol,146092,5.0,KMHJU81FMFU052309,EFI007,Unregistered,4,2,White,Black Leather,Yes,No,No,No,Yes,nsw,https://www.grays.com/lot/0001-10911742/motor-vehicles-motor-cycles/2014-hyundai-ix35-elite-fwd-lm-automatic-wagon,engine light on engine idling rough,1,4509,2025-07-08
2009,TOYOTA,Corolla,ascent zre152r,Sedan,Automatic,Petrol,367462,5.0,JTNBU52E50J033987,BKL82L,Unregistered,4,1.8,Grey,Grey,Yes,Yes,No,No,Yes,nsw,https://www.grays.com/lot/0001-10349510/motor-vehicles-motor-cycles/2009-toyota-corolla-ascent-zre152r-automatic-sedan,please refer to the photos or arrange inspection to view the condition of this vehicle.,23,1711,2025-07-08
2008,HYUNDAI,Getz,sx tb,Hatchback,Automatic,Petrol,307148,5.0,KMHBT51BR9U861862,1CXD998,31-08-2025,4,1.6,White,Grey,Yes,Yes,Yes,No,Yes,wa,https://www.grays.com/lot/0001-9061279/motor-vehicles-motor-cycles/2008-hyundai-getz-sx-tb-automatic-hatchback,door card worn. engine light on engine idling rough engine oil leak dents or marks on body consistent with age and kilometres. medium scuff on various panels front (disjointed) cracked bumper.,13,809,2025-07-09
2014,HYUNDAI,I30,active gd,Hatchback,Automatic,Petrol,162305,5.0,KMHD251EMEU193087,No plates,Unregistered,4,1.8,Other,Multi,Yes,Yes,Yes,No,Yes,sa,https://www.grays.com/lot/0001-60048264/motor-vehicles-motor-cycles/2014-hyundai-i30-active-gd-automatic-hatchback,engine noise observed.,52,5500,2025-07-09
2012,MAZDA,Cx-5,maxx sport ke,Wagon,Automatic,Diesel,142359,5.0,JM0KE102100129893,No plates,Unregistered,4,2.2,White,Black,Yes,No,Yes,Yes,Yes,qld,https://www.grays.com/lot/0001-50712198/motor-vehicles-motor-cycles/2012-mazda-cx-5-maxx-sport-ke-turbo-diesel-automatic-wagon,door card worn. dents or marks on body consistent with age and kilometres. medium scuff on lh front guard,39,8200,2025-07-09
2015,MAZDA,Cx-5,maxx sport ke,Wagon,Automatic,Diesel,138156,5.0,JM0KE102200323314,No plates,Unregistered,4,2.2,Silver,Black,Yes,Yes,Yes,Yes,Yes,qld,https://www.grays.com/lot/0001-50515924/motor-vehicles-motor-cycles/2015-mazda-cx-5-maxx-sport-ke-turbo-diesel-automatic-wagon,front seat stains both back seat stains. dents or marks on body consistent with age and kilometres. medium scuff on front bumper medium scratch on 2x front bumper damaged rh taillight medium dent on rh rear door,77,6400,2025-07-09
2015,MAZDA,Cx-5,maxx sport ke,Wagon,Automatic,Diesel,155376,5.0,JM0KE102200345993,AGU610,22-12-2025,4,2.2,White,Black,Yes,Yes,Yes,Yes,Yes,vic,https://www.grays.com/lot/0001-21051952/motor-vehicles-motor-cycles/2015-mazda-cx-5-maxx-sport-ke-turbo-diesel-automatic-wagon,dents or marks on body consistent with age and kilometres.,108,10300,2025-07-09
2010,HYUNDAI,Getz,sx tb,Hatchback,Automatic,Petrol,225170,5.0,KMHBT51BMAU978790,1YT6JG,16-01-2026,4,1.6,Silver,Black,Yes,No,No,No,Yes,vic,https://www.grays.com/lot/0001-21052117/motor-vehicles-motor-cycles/2010-hyundai-getz-sx-tb-automatic-hatchback,dents or marks on body consistent with age and kilometres. medium scratch on right front panel rear bumper cracked bumper.,22,2109,2025-07-13
2014,MAZDA,Cx-5,maxx sport ke,Wagon,Automatic,Diesel,153488,5.0,JM0KE102100276753,DL99YA,Unregistered,4,2.2,White,Black,Yes,No,Yes,Yes,Yes,nsw,https://www.grays.com/lot/0001-10911766/motor-vehicles-motor-cycles/2014-mazda-cx-5-maxx-sport-ke-turbo-diesel-automatic-wagon,"engine overheating, tow advisable.",31,4400,2025-07-13
2012,MAZDA,Cx-5,maxx sport ke,Wagon,Automatic,Diesel,274508,5.0,JM0KE102100106161,CX81KV,Unregistered,4,2.2,Dark Grey,Black,Yes,No,Yes,Yes,Yes,nsw,https://www.grays.com/lot/0001-10911807/motor-vehicles-motor-cycles/2012-mazda-cx-5-maxx-sport-ke-turbo-diesel-automatic-wagon,dents or marks on body consistent with age and kilometres. medium scuff on right rear quarter engine light on transmission requires attention strongly recommend inspection by qualified third party engine idling rough engine smoke visible,42,2700,2025-07-13
2020,HYUNDAI,I30,active pd,Hatchback,Automatic,Petrol,85841,5.0,KMHH351EMLU146889,1SJ2PL,16-09-2025,4,2,White,Black,Yes,Yes,Yes,Yes,Yes,vic,https://www.grays.com/lot/0001-21052327/motor-vehicles-motor-cycles/2020-hyundai-i30-active-pd-automatic-hatchback,dents or marks on body consistent with age and kilometres.,202,16400,2025-07-14
2012,MAZDA,3,neo bl,Hatchback,Automatic,Petrol,115510,5.0,JM0BL10F200324293,YXP869,25-02-2026,4,2,Red,Black,Yes,Yes,Yes,Yes,Yes,vic,https://www.grays.com/lot/0001-21052137/motor-vehicles-motor-cycles/2012-mazda-3-neo-bl-automatic-hatchback,medium dent on various parts on panels medium scratch on various parts on panels paint peeling multiple panels,46,5350,2025-07-14
2012,HYUNDAI,I30,active gd,Hatchback,Automatic,Petrol,147424,5.0,KMHD251EMDU056172,CJW37H,Unregistered,4,1.8,Blue,Black,Yes,No,No,No,Yes,nsw,https://www.grays.com/lot/0001-10349659/motor-vehicles-motor-cycles/2012-hyundai-i30-active-gd-automatic-hatchback,please refer to the photos or arrange inspection to view the condition of this vehicle.,46,3500,2025-07-15
2017,TOYOTA,Hilux,4x4 sr gun126r,Crew Cab Chassis,Automatic,Diesel,76690,5.0,MR0KA3CD401206973,No plates,Unregistered,4,2.8,White,Grey,Yes,Yes,No,No,Yes,nsw,https://www.grays.com/lot/0001-10349652/motor-vehicles-motor-cycles/2017-toyota-hilux-4x4-sr-gun126r-turbo-diesel-automatic-crew-cab-chassis,wear and tear on interior consistent with age and use interior heavily stained dents and marks on body consistent with age and kilometers travelled left side tyres flat extensive corrosion including structural odometer discrepency detected gearbox requires attention non runner tow away only,119,16000,2025-07-16
2014,MAZDA,Cx-5,maxx sport ke,Wagon,Automatic,Diesel,162973,5.0,JM0KE102100254942,CVA84Q,24-08-2025,4,2.2,Silver,Black,Yes,Yes,Yes,Yes,Yes,nsw,https://www.grays.com/lot/0001-10911847/motor-vehicles-motor-cycles/2014-mazda-cx-5-maxx-sport-ke-turbo-diesel-automatic-wagon,dents or marks on body consistent with age and kilometres.,58,7500,2025-07-16
2012,MAZDA,Cx-5,maxx sport ke,Wagon,Automatic,Diesel,264309,5.0,JM0KE102100107176,1HZA141,Unregistered,4,2.2,Grey,Black,Yes,Yes,No,No,No,wa,https://www.grays.com/lot/0001-9061598/motor-vehicles-motor-cycles/2012-mazda-cx-5-maxx-sport-ke-turbo-diesel-automatic-wagon,paint fading rear passenger side dents or marks on body consistent with age and kilometres. rear bumper cracked bumper. flat battery. jump start or towing required,12,1009,2025-07-16
2007,TOYOTA,Corolla,ascent zre152r,Sedan,Automatic,Petrol,241799,5.0,JTNBU56EX02020043,WEV148,16-10-2025,4,1.8,Blue,Black,Yes,Yes,Yes,No,Yes,vic,https://www.grays.com/lot/0001-21052468/motor-vehicles-motor-cycles/2007-toyota-corolla-ascent-zre152r-automatic-sedan,dents or marks on body consistent with age and kilometres.,40,3609,2025-07-17
2004,HYUNDAI,Getz,gl tb,Hatchback,Automatic,Petrol,151655,5.0,KMHBT51AR4U201289,SUR188,10-09-2025,4,1.5,Blue,Grey,Yes,No,Yes,Yes,Yes,vic,https://www.grays.com/lot/0001-21052547/motor-vehicles-motor-cycles/2004-hyundai-getz-gl-tb-automatic-hatchback,"paint fading mirror, body dents or marks on body consistent with age and kilometres.",30,2309,2025-07-17
2016,HYUNDAI,I30,active gd,Hatchback,Automatic,Petrol,115975,5.0,KMHD251EMHU357844,1IH6HQ,03-10-2025,4,1.8,Silver,Black,Yes,Yes,Yes,Yes,Yes,vic,https://www.grays.com/lot/0001-21052486/motor-vehicles-motor-cycles/2016-hyundai-i30-active-gd-automatic-hatchback,dents or marks on body consistent with age and kilometres.,84,11400,2025-07-17
2015,HYUNDAI,I30,active gd,Hatchback,Automatic,Petrol,211464,5.0,KMHD251EMHU324927,1GL1QW,14-04-2026,4,1.8,White,Black,Yes,Yes,Yes,Yes,Yes,vic,https://www.grays.com/lot/0001-21052465/motor-vehicles-motor-cycles/2015-hyundai-i30-active-gd-automatic-hatchback,dents or marks on body consistent with age and kilometres.. engine noise observed.,67,5000,2025-07-17
2013,TOYOTA,Camry,altise asv50r,Sedan,Automatic,Petrol,246017,5.0,6T1BF3FK40X023807,ZOK096,13-08-2025,4,2.5,White,Grey,Yes,Yes,Yes,Yes,Yes,vic,https://www.grays.com/lot/0001-21052624/motor-vehicles-motor-cycles/2013-toyota-camry-altise-asv50r-automatic-sedan,medium dent on back left fender dents or marks on body consistent with age and kilometres.,56,6150,2025-07-21
2012,MAZDA,Cx-5,maxx sport ke,Wagon,Automatic,Diesel,175982,5.0,JM0KE102100112618,1XR4GL,22-07-2025,4,2.2,White,Black,Yes,Yes,Yes,Yes,Yes,vic,https://www.grays.com/lot/0001-21052656/motor-vehicles-motor-cycles/2012-mazda-cx-5-maxx-sport-ke-turbo-diesel-automatic-wagon,dents or marks on body consistent with age and kilometres. engine smoke visible,31,2209,2025-07-21
2014,MAZDA,Cx-5,maxx sport ke,Wagon,Automatic,Diesel,175638,5.0,JM0KE102100256500,No plates,Unregistered,4,2.2,Grey,Black,Yes,No,Yes,Yes,Yes,qld,https://www.grays.com/lot/0001-50712400/motor-vehicles-motor-cycles/2014-mazda-cx-5-maxx-sport-ke-turbo-diesel-automatic-wagon,front seat worn rhf dents or marks on body consistent with age and kilometres. medium scratch on rhf door paint fading spoiler engine lacks power transmission requires attention,26,2600,2025-07-21
2007,TOYOTA,Corolla,ascent zre152r,Sedan,Automatic,Petrol,288651,5.0,JTNBU52E802010584,UVO723,03-08-2025,4,1.8,Silver,Black,Yes,No,Yes,Yes,Yes,vic,https://www.grays.com/lot/0001-21052702/motor-vehicles-motor-cycles/2007-toyota-corolla-ascent-zre152r-automatic-sedan,dents or marks on body consistent with age and kilometres.. medium scratch on body engine light on.,20,1909,2025-07-22
2018,TOYOTA,Corolla,ascent sport hybrid zwe211r,Hatchback,CVT,Hybrid,67131,5.0,JTNK93BE803001741,1OH7WH,30-06-2026,4,1.8,White,Black,Yes,Yes,Yes,Yes,Yes,vic,https://www.grays.com/lot/0001-21052723/motor-vehicles-motor-cycles/2018-toyota-corolla-ascent-sport-hybrid-zwe211r-cvt-ex-gov,dents or marks on body consistent with age and kilometres. medium scuff on lhs front bumper paint peeling rhs rear door,111,18200,2025-07-22
2010,HYUNDAI,Getz,sx tb,Hatchback,Automatic,Petrol,225170,5.0,KMHBT51BMAU978790,1YT6JG,16-01-2026,4,1.6,Silver,Black,Yes,No,No,No,Yes,vic,https://www.grays.com/lot/0001-21052734/motor-vehicles-motor-cycles/2010-hyundai-getz-sx-tb-automatic-hatchback,dents or marks on body consistent with age and kilometres. medium scratch on right front panel rear bumper cracked bumper.,27,2409,2025-07-22
2017,HYUNDAI,I30,active pd,Hatchback,Automatic,Petrol,64548,5.0,KMHH351EMJU012062,1QK2NK,17-09-2025,4,2,White,Grey,Yes,Yes,Yes,Yes,Yes,vic,https://www.grays.com/lot/0001-21052779/motor-vehicles-motor-cycles/2017-hyundai-i30-active-pd-automatic-hatchback,dents or marks on body consistent with age and kilometres. front seat stains drivers seat,134,11500,2025-07-22
2021,TOYOTA,Hilux,sr (4x4) gun126r,Crew Cab Chassis,Automatic,Diesel,97228,5.0,MR0KA3CD201262720,1HJM365,14-09-2025,4,2.8,White,Grey,Yes,Yes,Yes,Yes,Yes,wa,https://www.grays.com/lot/0001-9061627/motor-vehicles-motor-cycles/2021-toyota-hilux-sr-4x4-gun126r-turbo-diesel-automatic-crew-cab-chassis,dents or marks on body consistent with age and kilometres. corrosion visible various panels,143,29300,2025-07-22
2022,TOYOTA,Hilux,sr (4x4) gun126r,Crew Cab Chassis,Automatic,Diesel,62935,5.0,MR0KA3CD401270429,1HOO258,18-10-2025,4,2.8,White,Charcoal,Yes,Yes,Yes,Yes,Yes,wa,https://www.grays.com/lot/0001-9061666/motor-vehicles-motor-cycles/2022-toyota-hilux-sr-4x4-gun126r-turbo-diesel-automatic-crew-cab-chassis,dents or marks on body consistent with age and kilometres. corrosion visible tray,154,32000,2025-07-22
2019,TOYOTA,Hilux,sr (4x4) gun126r,Crew Cab Chassis,Automatic,Diesel,102950,5.0,MR0KA3CD501237889,1GXY468,03-09-2025,4,2.8,White,Grey,Yes,Yes,Yes,Yes,Yes,wa,https://www.grays.com/lot/0001-9061631/motor-vehicles-motor-cycles/2019-toyota-hilux-sr-4x4-gun126r-turbo-diesel-automatic-crew-cab-chassis,corrosion visible various panels dents or marks on body consistent with age and kilometres.,137,23900,2025-07-22
2021,TOYOTA,Hilux,sr (4x4) gun126r,Crew Cab Chassis,Automatic,Diesel,132885,5.0,MR0KA3CD801262706,1HJM364,14-09-2025,4,2.8,White,Grey,Yes,Yes,Yes,Yes,Yes,wa,https://www.grays.com/lot/0001-9061630/motor-vehicles-motor-cycles/2021-toyota-hilux-sr-4x4-gun126r-turbo-diesel-automatic-crew-cab-chassis,dents or marks on body consistent with age and kilometres. paint fading body medium scratch on body corrosion visible roof,255,24899,2025-07-22
2007,TOYOTA,Corolla,ascent zre152r,Sedan,Automatic,Petrol,159381,5.0,JTNBU52E902007533,No plates,Unregistered,4,1.8,Silver,Black,Yes,Yes,Yes,Yes,Yes,vic,https://www.grays.com/lot/0001-21052799/motor-vehicles-motor-cycles/2007-toyota-corolla-ascent-zre152r-automatic-sedan,dents or marks on body consistent with age and kilometres. medium scratch on back left panel near fuel cap,56,5500,2025-07-23
2021,TOYOTA,Hilux,sr (4x4) gun126r,Crew Cab Chassis,Automatic,Diesel,56999,5.0,MR0KA3CD001257404,1HIG148,20-09-2025,4,2.8,White,Grey,Yes,Yes,Yes,Yes,Yes,wa,https://www.grays.com/lot/0001-9061755/motor-vehicles-motor-cycles/2021-toyota-hilux-sr-4x4-gun126r-turbo-diesel-automatic-crew-cab-chassis,dents or marks on body consistent with age and kilometres. medium scratch on body medium dent on doors,200,26500,2025-07-23
2020,TOYOTA,Hilux,sr (4x4) gun126r,Crew Cab Chassis,Automatic,Diesel,99118,5.0,MR0KA3CD101241907,1GZF505,26-08-2025,4,2.8,White,Grey,Yes,Yes,Yes,Yes,Yes,wa,https://www.grays.com/lot/0001-9061753/motor-vehicles-motor-cycles/2020-toyota-hilux-sr-4x4-gun126r-turbo-diesel-automatic-crew-cab-chassis,dents or marks on body consistent with age and kilometres. paint fading body windscreen chipped or cracked. engine noise observed. damaged taillights,203,23200,2025-07-23
2021,TOYOTA,Hilux,sr (4x4) gun126r,Crew Cab Chassis,Automatic,Diesel,101967,5.0,MR0KA3CD301258367,1HHZ986,09-09-2025,4,2.8,White,Grey,Yes,Yes,Yes,Yes,Yes,wa,https://www.grays.com/lot/0001-9061707/motor-vehicles-motor-cycles/2021-toyota-hilux-sr-4x4-gun126r-turbo-diesel-automatic-crew-cab-chassis,corrosion visible various panels dents or marks on body consistent with age and kilometres.,197,29300,2025-07-23
2021,TOYOTA,Hilux,sr (4x4) gun126r,Crew Cab Chassis,Automatic,Diesel,122281,5.0,MR0KA3CD401259124,1HHZ959,24-11-2025,4,2.8,White,Grey,Yes,Yes,Yes,Yes,Yes,wa,https://www.grays.com/lot/0001-9061760/motor-vehicles-motor-cycles/2021-toyota-hilux-sr-4x4-gun126r-turbo-diesel-automatic-crew-cab-chassis,dents or marks on body consistent with age and kilometres. corrosion visible chassis front seat worn driver,97,26900,2025-07-23
2021,TOYOTA,Hilux,sr (4x4) gun126r,Crew Cab Chassis,Automatic,Diesel,104128,5.0,MR0KA3CD601255219,1HHG414,07-10-2025,4,2.8,White,Charcoal,Yes,Yes,Yes,Yes,Yes,wa,https://www.grays.com/lot/0001-9061756/motor-vehicles-motor-cycles/2021-toyota-hilux-sr-4x4-gun126r-turbo-diesel-automatic-crew-cab-chassis,"dents or marks on body consistent with age and kilometres. corrosion visible chassis, tray, windscreen surround windscreen chipped or cracked. front seat worn driver",132,24750,2025-07-23
2020,TOYOTA,Hilux,sr (4x4) gun126r,Crew Cab Chassis,Automatic,Diesel,118824,5.0,MR0KA3CD701249090,1HEG236,10-08-2025,4,2.8,White,Grey,Yes,Yes,Yes,Yes,Yes,wa,https://www.grays.com/lot/0001-9061758/motor-vehicles-motor-cycles/2020-toyota-hilux-sr-4x4-gun126r-turbo-diesel-automatic-crew-cab-chassis,dents or marks on body consistent with age and kilometres. corrosion visible rear chassis door mirror broken passenger side,204,23000,2025-07-23
2018,TOYOTA,Hilux,4x4 sr gun126r,Crew Cab Chassis,Automatic,Diesel,212202,5.0,MR0KA3CD801214980,1GTN114,22-08-2025,4,2.8,White,Black,Yes,No,Yes,Yes,Yes,wa,https://www.grays.com/lot/0001-9061715/motor-vehicles-motor-cycles/2018-toyota-hilux-4x4-sr-gun126r-turbo-diesel-automatic-crew-cab-chassis,dents or marks on body consistent with age and kilometres. paint peeling various panels,238,21600,2025-07-23
2012,MAZDA,Cx-5,maxx sport ke,Wagon,Automatic,Diesel,264309,5.0,JM0KE102100107176,1HZA141,Unregistered,4,2.2,Grey,Black,Yes,Yes,No,No,No,wa,https://www.grays.com/lot/0001-9061780/motor-vehicles-motor-cycles/2012-mazda-cx-5-maxx-sport-ke-turbo-diesel-automatic-wagon,paint fading rear passenger side dents or marks on body consistent with age and kilometres. rear bumper cracked bumper. flat battery. jump start or towing required,14,1309,2025-07-23
2014,MAZDA,Cx-5,maxx sport ke,Wagon,Automatic,Diesel,153488,5.0,JM0KE102100276753,DL99YA,Unregistered,4,2.2,White,Black,Yes,No,Yes,Yes,Yes,nsw,https://www.grays.com/lot/0001-10911931/motor-vehicles-motor-cycles/2014-mazda-cx-5-maxx-sport-ke-turbo-diesel-automatic-wagon,"engine overheating, tow advisable.",25,2800,2025-07-23
2014,MAZDA,Cx-5,maxx sport ke,Wagon,Automatic,Diesel,156789,5.0,JM0KE102100248052,1END569,18-09-2025,4,2.2,White,Charcoal,Yes,No,Yes,Yes,Yes,wa,https://www.grays.com/lot/0001-9061826/motor-vehicles-motor-cycles/2014-mazda-cx-5-maxx-sport-ke-turbo-diesel-automatic-wagon,dents or marks on body consistent with age and kilometres. engine smoke ovserved. engine noise observed. engine requires attention. tilt tray required for collection. inspection highly recommended by qualified third party dash/ tear/crack/ dash torn or cracked. seat/front seats/worn/ drivers side front seats worn,43,3200,2025-07-23
2013,MAZDA,Cx-5,maxx sport ke,Wagon,Automatic,Diesel,229701,5.0,JM0KE102100229869,1AQ3ZY,24-12-2025,4,2.2,Grey,Black,Yes,Yes,Yes,Yes,Yes,vic,https://www.grays.com/lot/0001-21052856/motor-vehicles-motor-cycles/2013-mazda-cx-5-maxx-sport-ke-turbo-diesel-automatic-wagon,dents or marks on body consistent with age and kilometres.,3,10500,2025-07-23
2017,TOYOTA,Corolla,ascent sport zre182r,Hatchback,Automatic,Petrol,122660,5.0,JTNKU3JE60J573922,1OD2KW,21-04-2026,4.0,1.8,Yellow,Black,Yes,Yes,No,Yes,Yes,vic,https://www.grays.com/lot/0001-21052903/motor-vehicles-motor-cycles/2017-toyota-corolla-ascent-sport-zre182r-automatic-hatchback,dents or marks on body consistent with age and kilometres. both front and rear cracked bumper. medium scratch on various parts on panels,192,12700,2025-07-23
2013,MAZDA,3,neo bl,Hatchback,Automatic,Petrol,272669,5.0,JM0BL10F200388201,ZTK027,23-11-2025,4,2,Black,Black,Yes,Yes,Yes,Yes,Yes,vic,https://www.grays.com/lot/0001-21053062/motor-vehicles-motor-cycles/2013-mazda-3-neo-bl-automatic-hatchback,dents or marks on body consistent with age and kilometres. engine light on,52,4000,2025-07-24
2015,HYUNDAI,Ix35,se fwd lm,Wagon,Automatic,Petrol,139124,5.0,TMAJU81FMFJ794130,1EU5NO,Unregistered,4,2,Grey,Black Leather,Yes,Yes,Yes,Yes,Yes,vic,https://www.grays.com/lot/0001-21053033/motor-vehicles-motor-cycles/2015-hyundai-ix35-se-fwd-lm-automatic-wagon,dents or marks on body consistent with age and kilometres.,40,8300,2025-07-27
2013,MAZDA,3,neo bl,Hatchback,Automatic,Petrol,188560,5.0,JM0BL10F200389735,ZUU891,17-09-2025,4,2,Blue,Black,Yes,Yes,Yes,Yes,Yes,vic,https://www.grays.com/lot/0001-21053034/motor-vehicles-motor-cycles/2013-mazda-3-neo-bl-automatic-hatchback,medium dent on front bumper medium scratch on front bumper dents or marks on body consistent with age and kilometres.,67,5500,2025-07-27
2011,TOYOTA,Yaris,yr ncp90r,Hatchback,Automatic,Petrol,155407,5.0,JTDKW923605187833,YOF096,19-08-2025,4,1.3,Navy Blue,Grey,Yes,Yes,Yes,Yes,Yes,vic,https://www.grays.com/lot/0001-21053106/motor-vehicles-motor-cycles/2011-toyota-yaris-yr-ncp90r-automatic-hatchback,paint peeling bonnet dents or marks on body consistent with age and kilometres. medium dent on left side,54,4600,2025-07-27
2020,HYUNDAI,I30,active pd,Hatchback,Automatic,Petrol,75550,5.0,KMHH351EMLU146882,1SJ2PV,Unregistered,4,2,White,Black,Yes,Yes,Yes,Yes,Yes,vic,https://www.grays.com/lot/0001-21053375/motor-vehicles-motor-cycles/2020-hyundai-i30-active-pd-automatic-hatchback,"paint fading rear spoiler, lhs cant rail, rear passenger 1/4 panel",67,15500,2025-07-28
2012,HYUNDAI,I30,active gd,Hatchback,Automatic,Petrol,159266,5.0,KMHD251EMDU013598,1BO8ER,15-01-2026,4,1.8,Black,Grey,Yes,No,Yes,No,Yes,vic,https://www.grays.com/lot/0001-21053123/motor-vehicles-motor-cycles/2012-hyundai-i30-active-gd-automatic-hatchback,engine noise observed. door mirror broken driver side paint fading passenger side doors medium scratch on various parts on panels medium dent on driver door,40,3300,2025-07-29
2017,TOYOTA,Hilux,sr (4x4) gun126r,Crew Cab Chassis,Automatic,Diesel,201115,5.0,MR0KA3CD001208641,No plates,Unregistered,4,2.8,White,Charcoal,Yes,Yes,Yes,No,Yes,wa,https://www.grays.com/lot/0001-9061841/motor-vehicles-motor-cycles/2017-toyota-hilux-sr-4x4-gun126r-turbo-diesel-automatic-crew-cab-chassis,dents or marks on body consistent with age and kilometres. corrosion visible tray,124,17700,2025-07-29
2014,TOYOTA,Camry,altise asv50r,Sedan,Automatic,Petrol,220467,5.0,6T1BF3FK30X049346,no plates - plates to be removed,Unregistered,4,2.5,White,Charcoal,Yes,No,Yes,Partial,Yes,wa,https://www.grays.com/lot/0001-9061936/motor-vehicles-motor-cycles/2014-toyota-camry-altise-asv50r-automatic-sedan,dents or marks on body consistent with age and kilometres. front cracked bumper. medium scuff on front bumper medium dent on front driver quarter panel,81,6500,2025-07-29
2016,MAZDA,Cx-5,maxx sport ke,Wagon,Automatic,Diesel,261524,5.0,JM0KE102200362607,1GN8QG,28-11-2025,4,2.2,White,Black,Yes,Yes,Yes,Yes,Yes,vic,https://www.grays.com/lot/0001-21053285/motor-vehicles-motor-cycles/2016-mazda-cx-5-maxx-sport-ke-turbo-diesel-automatic-wagon,dents or marks on body consistent with age and kilometres.,109,9500,2025-07-29
2014,TOYOTA,Camry,altise asv50r,Sedan,Automatic,Petrol,287718,5.0,6T1BF3FK00X049644,1CK7YF,30-06-2025,4,2.5,White,Black,Yes,No,Yes,Yes,Yes,vic,https://www.grays.com/lot/0001-21053366/motor-vehicles-motor-cycles/2014-toyota-camry-altise-asv50r-automatic-sedan,dents or marks on body consistent with age and kilometres. body/panel damage rear bumper dents or marks on body consistent with age and kilometres. dents or marks on body consistent with age and kilometres.,59,5100,2025-07-29
2016,MAZDA,Cx-5,maxx sport ke,Wagon,Automatic,Diesel,168267,5.0,JM0KE102200386460,1HXZ151,19-10-2025,4,2.2,Red,Charcoal,Yes,Yes,Yes,Yes,Yes,wa,https://www.grays.com/lot/0001-9061863/motor-vehicles-motor-cycles/2016-mazda-cx-5-maxx-sport-ke-turbo-diesel-automatic-wagon,dents or marks on body consistent with age and kilometres.,122,9500,2025-07-29
2013,TOYOTA,Corolla,ascent zre182r,Hatchback,CVT,Petrol,213784,5.0,JTNKU3JE60J041425,1EI3WG,30-11-2025,4,1.8,Red,Grey,Yes,Yes,Yes,Yes,Yes,vic,https://www.grays.com/lot/0001-21053401/motor-vehicles-motor-cycles/2013-toyota-corolla-ascent-zre182r-cvt-hatchback,medium scratch on rear bumper dents or marks on body consistent with age and kilometres.,110,7309,2025-07-30
2008,HYUNDAI,Getz,sx tb,Hatchback,Manual,Petrol,152752,5.0,KMHBT31BR9U201219,1DCI582,08-09-2025,4,1.6,Blue,Grey,Yes,No,Yes,Partial,Yes,wa,https://www.grays.com/lot/0001-9062110/motor-vehicles-motor-cycles/2008-hyundai-getz-sx-tb-manual-hatchback,dents or marks on body consistent with age and kilometres. door card worn. front seat worn driver,36,3000,2025-07-30
2013,HYUNDAI,I30,active gd,Hatchback,Automatic,Petrol,96847,5.0,KMHD251EMDU127415,1EHT401,31-08-2025,4,1.8,White,Charcoal,Yes,Yes,No,No,Yes,wa,https://www.grays.com/lot/0001-9061975/motor-vehicles-motor-cycles/2013-hyundai-i30-active-gd-automatic-hatchback,dents or marks on body consistent with age and kilometres. paint peeling door handles airbag light on,97,8805,2025-07-30
2013,MAZDA,Cx-5,maxx sport ke,Wagon,Automatic,Diesel,193944,5.0,JM0KE102100226417,1HJQ010,30-07-2025,4,2.2,Blue,Charcoal,Yes,Yes,Yes,Yes,Yes,wa,https://www.grays.com/lot/0001-9062007/motor-vehicles-motor-cycles/2013-mazda-cx-5-maxx-sport-ke-turbo-diesel-automatic-wagon,dents or marks on body consistent with age and kilometres. windscreen chipped or cracked.,67,6609,2025-07-30
2012,MAZDA,Cx-5,maxx sport ke,Wagon,Automatic,Diesel,274508,5.0,JM0KE102100106161,CX81KV,Unregistered,4,2.2,Dark Grey,Black,Yes,No,Yes,Yes,Yes,nsw,https://www.grays.com/lot/0001-10912013/motor-vehicles-motor-cycles/2012-mazda-cx-5-maxx-sport-ke-turbo-diesel-automatic-wagon,dents or marks on body consistent with age and kilometres. medium scuff on right rear quarter engine light on transmission requires attention strongly recommend inspection by qualified third party engine idling rough engine smoke visible,25,2400,2025-07-30
2015,HYUNDAI,I30,active gd,Hatchback,Automatic,Petrol,211464,5.0,KMHD251EMHU324927,1GL1QW,14-04-2026,4,1.8,White,Black,Yes,Yes,Yes,Yes,Yes,vic,https://www.grays.com/lot/0001-21053475/motor-vehicles-motor-cycles/2015-hyundai-i30-active-gd-automatic-hatchback,dents or marks on body consistent with age and kilometres.. engine noise observed.,61,4700,2025-07-30
2019,TOYOTA,Corolla,ascent sport hybrid,Hatchback,Automatic,Hybrid,46945,5.0,JTNK93BE803009323,1PW1ZE,30-06-2026,4,1.8,White,Grey,Yes,No,Yes,Yes,Yes,vic,https://www.grays.com/lot/0001-21052961/motor-vehicles-motor-cycles/2019-toyota-corolla-ascent-sport-hybrid-auto-ex-gov,dents or marks on body consistent with age and kilometres.,184,23200,2025-08-03
2017,TOYOTA,Camry,altise asv50r,Sedan,Automatic,Petrol,168870,5.0,6T1BF3FK30X108170,No plates,Unregistered,4,2.5,White,Black,Yes,Yes,Yes,No,Yes,vic,https://www.grays.com/lot/0001-21053578/motor-vehicles-motor-cycles/2017-toyota-camry-altise-asv50r-automatic-sedan,rear bumper cracked bumper. medium scratch on various parts on panels dents or marks on body consistent with age and kilometres. paint cracked various parts on panels medium dent on various parts on panels,116,9700,2025-08-03
2007,TOYOTA,Corolla,ascent zre152r,Sedan,Automatic,Petrol,252982,5.0,JTNBU52E102015433,UYY570,24-08-2025,4,1.8,Grey,Black,Yes,Yes,No,Yes,Yes,vic,https://www.grays.com/lot/0001-21053707/motor-vehicles-motor-cycles/2007-toyota-corolla-ascent-zre152r-automatic-sedan,medium scratch on various panels paint fading and peeling various panels dents or marks on body consistent with age and kilometres. medium dent on various panels,62,4100,2025-08-04
2004,HYUNDAI,Getz,gl tb,Hatchback,Automatic,Petrol,153442,5.0,KMHBT31AR4U065746,CZ65MA,Unregistered,4,1.5,Blue,Grey,Yes,No,No,No,Yes,nsw,https://www.grays.com/lot/0001-10349912/motor-vehicles-motor-cycles/2004-hyundai-getz-gl-tb-automatic-hatchback,please refer to the photos or arrange inspection to view the condition of this vehicle.,5,500,2025-08-04
2012,MAZDA,Cx-5,maxx sport ke,Wagon,Automatic,Diesel,149808,5.0,JM0KE102100113996,ZEG291,19-07-2025,4,2.2,Black,Black Leather,Yes,Yes,Yes,Yes,Yes,vic,https://www.grays.com/lot/0001-21053624/motor-vehicles-motor-cycles/2012-mazda-cx-5-maxx-sport-ke-turbo-diesel-automatic-wagon,please refer to the photos or arrange inspection to view the condition of this vehicle.,87,7650,2025-08-04
2013,MAZDA,Cx-5,maxx sport ke,Wagon,Automatic,Diesel,229701,5.0,JM0KE102100229869,1AQ3ZY,24-12-2025,4,2.2,Grey,Black,Yes,Yes,Yes,Yes,Yes,vic,https://www.grays.com/lot/0001-21053627/motor-vehicles-motor-cycles/2013-mazda-cx-5-maxx-sport-ke-turbo-diesel-automatic-wagon,dents or marks on body consistent with age and kilometres.,63,6800,2025-08-04
2016,TOYOTA,Corolla,ascent zre172r,Sedan,Automatic,Petrol,187225,5.0,MR053REH205290475,No plates,Unregistered,4.0,1.8,Silver,Black,Yes,Yes,Yes,Yes,Yes,vic,https://www.grays.com/lot/0001-21046806/motor-vehicles-motor-cycles/2016-toyota-corolla-ascent-zre172r-cvt-automatic-sedan,dents or marks on body consistent with age and kilometres. large scratch on panel medium scuff on panel,131,10009,2025-08-04
2014,MAZDA,Cx-5,maxx sport ke,Wagon,Automatic,Diesel,156789,5.0,JM0KE102100248052,1END569,18-09-2025,4,2.2,White,Charcoal,Yes,No,Yes,Yes,Yes,wa,https://www.grays.com/lot/0001-9062234/motor-vehicles-motor-cycles/2014-mazda-cx-5-maxx-sport-ke-turbo-diesel-automatic-wagon,dents or marks on body consistent with age and kilometres. engine smoke ovserved. engine noise observed. engine requires attention. tilt tray required for collection. inspection highly recommended by qualified third party dash/ tear/crack/ dash torn or cracked. seat/front seats/worn/ drivers side front seats worn,45,4700,2025-08-05
2007,HYUNDAI,Getz,1.4 tb,Hatchback,Manual,Petrol,190538,5.0,KMHBT31DR8U186122,1CSA032,15-10-2025,4,1.4,White,Grey,Yes,Yes,No,No,Yes,wa,https://www.grays.com/lot/0001-9062347/motor-vehicles-motor-cycles/2007-hyundai-getz-1-4-tb-manual-hatchback,dents or marks on body consistent with age and kilometres. dents or marks on body consistent with age and kilometres. dents or marks on body consistent with age and kilometres. medium dent on under passenger door,29,2109,2025-08-06
2012,HYUNDAI,I30,active gd,Hatchback,Automatic,Petrol,175054,5.0,KMHD251EMDU012445,2CX4KI,20-10-2025,4,1.8,Black,Black,Yes,Yes,Yes,Partial,Yes,vic,https://www.grays.com/lot/0001-21053789/motor-vehicles-motor-cycles/2012-hyundai-i30-active-gd-automatic-hatchback,dents or marks on body consistent with age and kilometres.,71,6500,2025-08-06
2013,HYUNDAI,I30,active gd,Hatchback,Automatic,Petrol,147146,5.0,KMHD251EMEU134678,No plates,Unregistered,4,1.8,Red,Grey,Yes,No,Yes,Yes,Yes,qld,https://www.grays.com/lot/0001-50516272/motor-vehicles-motor-cycles/2013-hyundai-i30-active-gd-automatic-hatchback,engine noise observed. large dent on rh rear door dents or marks on body consistent with age and kilometres. paint fading all door handles medium scuff on front bumper,63,5200,2025-08-06
2015,HYUNDAI,I30,active gd,Hatchback,Automatic,Petrol,211464,5.0,KMHD251EMHU324927,1GL1QW,14-04-2026,4,1.8,White,Black,Yes,Yes,Yes,Yes,Yes,vic,https://www.grays.com/lot/0001-21053818/motor-vehicles-motor-cycles/2015-hyundai-i30-active-gd-automatic-hatchback,dents or marks on body consistent with age and kilometres.. engine noise observed.,44,4800,2025-08-06
2015,TOYOTA,Corolla,ascent zre172r,Sedan,Automatic,Petrol,346834,5.0,MR053REH205277493,No plates,Unregistered,4,1.8,Blue,Black,Yes,Yes,No,No,Yes,vic,https://www.grays.com/lot/0001-21053852/motor-vehicles-motor-cycles/2015-toyota-corolla-ascent-zre172r-automatic-sedan,dents or marks on body consistent with age and kilometres. medium dent on various parts on panels front cracked bumper. paint fading hood medium scratch on various parts on panels,92,6700,2025-08-06
2008,TOYOTA,Yaris,yr ncp90r,Hatchback,Automatic,Petrol,176720,5.0,JTDJW923305119923,XBF841,15-10-2025,4,1.3,Silver,Grey,Yes,Yes,Yes,No,Yes,vic,https://www.grays.com/lot/0001-21054007/motor-vehicles-motor-cycles/2008-toyota-yaris-yr-ncp90r-automatic-hatchback,dents or marks on body consistent with age and kilometres.,58,4400,2025-08-10
2011,TOYOTA,Yaris,yr ncp90r,Hatchback,Automatic,Petrol,155407,5.0,JTDKW923605187833,YOF096,19-08-2025,4,1.3,Navy Blue,Grey,Yes,Yes,Yes,Yes,Yes,vic,https://www.grays.com/lot/0001-21053970/motor-vehicles-motor-cycles/2011-toyota-yaris-yr-ncp90r-automatic-hatchback,paint peeling bonnet dents or marks on body consistent with age and kilometres. medium dent on left side,77,5409,2025-08-10
2016,HYUNDAI,I30,active gd,Hatchback,Automatic,Petrol,360374,5.0,KMHD251EMHU368406,1JF8XD,29-12-2025,4,1.8,Grey,Black,Yes,Yes,Yes,Yes,Yes,vic,https://www.grays.com/lot/0001-21054042/motor-vehicles-motor-cycles/2016-hyundai-i30-active-gd-automatic-hatchback,dents or marks on body consistent with age and kilometres. drivers seat stains.,83,5909,2025-08-10
2015,TOYOTA,Camry,altise asv50r,Sedan,Automatic,Petrol,197277,5.0,6T1BF3FK70X077280,No plates,Unregistered,4,2.5,Grey,Black,Yes,No,Yes,Yes,Yes,vic,https://www.grays.com/lot/0001-21053958/motor-vehicles-motor-cycles/2015-toyota-camry-altise-asv50r-automatic-sedan,rear bumper cracked bumper. paint cracked rear bumper dents or marks on body consistent with age and kilometres. medium scratch on various parts on panels dents or marks on body consistent with age and kilometres.,43,9200,2025-08-10
2016,MAZDA,Cx-5,maxx sport ke,Wagon,Automatic,Diesel,261524,5.0,JM0KE102200362607,1GN8QG,28-11-2025,4,2.2,White,Black,Yes,Yes,Yes,Yes,Yes,vic,https://www.grays.com/lot/0001-21054044/motor-vehicles-motor-cycles/2016-mazda-cx-5-maxx-sport-ke-turbo-diesel-automatic-wagon,dents or marks on body consistent with age and kilometres.,43,5600,2025-08-10
2012,MAZDA,Cx-5,maxx sport ke,Wagon,Automatic,Diesel,157834,5.0,JM0KE102100110749,Zdq872,Unregistered,4,2.2,White,Black,Yes,Yes,Yes,Yes,Yes,vic,https://www.grays.com/lot/0001-21054011/motor-vehicles-motor-cycles/2012-mazda-cx-5-maxx-sport-ke-turbo-diesel-automatic-wagon,dents or marks on body consistent with age and kilometres. medium scuff on rh mirror engine noise observed. front seat worn drivers rear cracked bumper. engine light on,16,3300,2025-08-10
2009,TOYOTA,Yaris,yr ncp90r,Hatchback,Automatic,Petrol,165803,5.0,JTDJW923105125980,1WD4SS,13-10-2025,4,1.3,Yellow,Black,Yes,Yes,Yes,Yes,Yes,vic,https://www.grays.com/lot/0001-21054069/motor-vehicles-motor-cycles/2009-toyota-yaris-yr-ncp90r-automatic-hatchback,dents or marks on body consistent with age and kilometres medium scuff on front bumper right side medium scratch on passenger door corrosion visible passenger door front bumper cracked bumper. paint peeling bonnet paint fading bonnet,42,3200,2025-08-11
2013,HYUNDAI,Ix35,se fwd lm,Wagon,Automatic,Petrol,102506,5.0,TMAJU81BMDJ409211,ZTT916,16-05-2026,4,2,White,Black Leather,Yes,Yes,Yes,Yes,Yes,vic,https://www.grays.com/lot/0001-21054086/motor-vehicles-motor-cycles/2013-hyundai-ix35-se-fwd-lm-automatic-wagon,front seat worn drivers dents or marks on body consistent with age and kilometres.,99,8900,2025-08-11
2014,TOYOTA,Camry,altise asv50r,Sedan,Automatic,Petrol,287718,5.0,6T1BF3FK00X049644,1CK7YF,30-06-2025,4,2.5,White,Black,Yes,No,Yes,Yes,Yes,vic,https://www.grays.com/lot/0001-21054098/motor-vehicles-motor-cycles/2014-toyota-camry-altise-asv50r-automatic-sedan,dents or marks on body consistent with age and kilometres. body/panel damage rear bumper dents or marks on body consistent with age and kilometres. dents or marks on body consistent with age and kilometres.,65,5909,2025-08-11
2014,MAZDA,Cx-5,maxx sport ke,Wagon,Automatic,Diesel,174077,5.0,JM0KE102100246414,No plates,Unregistered,4,2.2,White,Multi,Yes,Yes,Yes,Yes,Yes,sa,https://www.grays.com/lot/0001-60048570/motor-vehicles-motor-cycles/2014-mazda-cx-5-maxx-sport-ke-turbo-diesel-automatic-wagon,please refer to the photos or arrange inspection to view the condition of this vehicle.,102,8000,2025-08-11
2013,MAZDA,Cx-5,maxx sport ke,Wagon,Automatic,Diesel,248908,5.0,JM0KE102100230392,No plates,Unregistered,4,2.2,Grey,Black,Yes,No,Yes,Yes,Yes,qld,https://www.grays.com/lot/0001-50712645/motor-vehicles-motor-cycles/2013-mazda-cx-5-maxx-sport-ke-turbo-diesel-automatic-wagon,windscreen chipped or cracked. engine noise observed. dents or marks on body consistent with age and kilometres. medium dent on lh rear guard medium scratch on lh rear door paint fading bonnet and rooftop medium scuff on rh rear bumper,38,2200,2025-08-11
2007,TOYOTA,Corolla,ascent zre152r,Sedan,Automatic,Petrol,330259,5.0,JTNBU52E40J004187,1ZW2IG,21-09-2025,4,1.8,White,Black,Yes,No,Yes,Yes,Yes,vic,https://www.grays.com/lot/0001-21054239/motor-vehicles-motor-cycles/2007-toyota-corolla-ascent-zre152r-automatic-sedan,flat battery. jump start or towing required dents or marks on body consistent with age and kilometres. paint peeling front bumper seats and carpet worn.,24,2109,2025-08-12
2009,TOYOTA,Corolla,ascent zre152r,Sedan,Automatic,Petrol,367462,5.0,JTNBU52E50J033987,BKL82L,Unregistered,4,1.8,Grey,Grey,Yes,Yes,No,No,Yes,nsw,https://www.grays.com/lot/0001-10350033/motor-vehicles-motor-cycles/2009-toyota-corolla-ascent-zre152r-automatic-sedan,please refer to the photos or arrange inspection to view the condition of this vehicle.,24,2209,2025-08-12
2003,HYUNDAI,Getz,gl tb,Hatchback,Automatic,Petrol,177812,5.0,KMHBT31AR3U024875,1BIN184,12-10-2025,4,1.5,Silver,Grey,Yes,No,Yes,Partial,Yes,wa,https://www.grays.com/lot/0001-9062465/motor-vehicles-motor-cycles/2003-hyundai-getz-gl-tb-automatic-hatchback,transmission requires attention strongly recommend inspection by qualified third party engine idling rough dents or marks on body consistent with age and kilometres. windscreen chipped or cracked.,13,909,2025-08-12
2003,HYUNDAI,Getz,xl tb,Hatchback,Automatic,Petrol,101342,5.0,KMHBT31HR4U056311,SRH923,24-08-2025,4,1.3,Red,Silver,Yes,Yes,No,Yes,Yes,vic,https://www.grays.com/lot/0001-21054129/motor-vehicles-motor-cycles/2003-hyundai-getz-xl-tb-automatic-hatchback,engine idling rough dents or marks on body consistent with age and kilometres. corrosion visible on top of roof,12,1200,2025-08-12
2008,HYUNDAI,Getz,sx tb,Hatchback,Manual,Petrol,179131,5.0,KMHBT51BR8U838931,WPK866,Unregistered,4,1.6,Dark Blue,Black,Yes,Yes,Yes,Yes,Yes,vic,https://www.grays.com/lot/0001-21054176/motor-vehicles-motor-cycles/2008-hyundai-getz-sx-tb-manual-hatchback,dents or marks on body consistent with age and kilometres.,30,2100,2025-08-12
2009,MAZDA,3,maxx sport bl,Hatchback,Automatic,Petrol,125752,5.0,JM0BL10F100117087,No plates,Unregistered,4,2,Grey,Black,Yes,Yes,Yes,Yes,Yes,qld,https://www.grays.com/lot/0001-50516311/motor-vehicles-motor-cycles/2009-mazda-3-maxx-sport-bl-automatic-hatchback,steering requires attention. engine light on abs light on traction control light on door card worn. dents or marks on body consistent with age and kilometres. medium scratch on rear bumper medium dent on lh front door door mirror broken lh side mirror damaged medium scratch on rh front door x2,67,4809,2025-08-12
2014,MAZDA,Cx-5,maxx sport ke,Wagon,Automatic,Diesel,174436,5.0,JM0KE102100274573,1CA5ZU,03-11-2025,4,2.2,Red,Black,Yes,No,Yes,Yes,Yes,vic,https://www.grays.com/lot/0001-21054232/motor-vehicles-motor-cycles/2014-mazda-cx-5-maxx-sport-ke-turbo-diesel-automatic-wagon,dents or marks on body consistent with age and kilometres.,90,7050,2025-08-12
2012,HYUNDAI,I30,active gd,Hatchback,Automatic,Petrol,180959,5.0,KMHD251EMDU069316,No Plates,Unregistered,4,1.8,Blue,Black,Yes,Yes,No,No,Yes,vic,https://www.grays.com/lot/0001-21054279/motor-vehicles-motor-cycles/2012-hyundai-i30-active-gd-automatic-hatchback,dents or marks on body consistent with age and kilometres. medium scratch on various along panel,66,4220,2025-08-13
2014,HYUNDAI,Ix35,elite fwd lm,Wagon,Automatic,Petrol,183629,5.0,KMHJU81FMEU950083,2CX8UB,29-07-2025,4,2,Black,Black Leather,Yes,Yes,Yes,Yes,Yes,vic,https://www.grays.com/lot/0001-21054326/motor-vehicles-motor-cycles/2014-hyundai-ix35-elite-fwd-lm-automatic-wagon,large dent on rhf door front seat worn drivers seat paint cracked front bar,63,5900,2025-08-13
2016,MAZDA,Cx-5,maxx sport ke,Wagon,Automatic,Diesel,168267,5.0,JM0KE102200386460,1HXZ151,19-10-2025,4,2.2,Red,Charcoal,Yes,Yes,Yes,Yes,Yes,wa,https://www.grays.com/lot/0001-9062540/motor-vehicles-motor-cycles/2016-mazda-cx-5-maxx-sport-ke-turbo-diesel-automatic-wagon,dents or marks on body consistent with age and kilometres,85,5912,2025-08-13
2005,HYUNDAI,Getz,gl tb,Hatchback,Automatic,Petrol,185120,5.0,KMHBT31AR5U114136,1VV3FQ,22-10-2025,4,1.5,Silver,Grey,Yes,No,No,No,Yes,vic,https://www.grays.com/lot/0001-21054444/motor-vehicles-motor-cycles/2005-hyundai-getz-gl-tb-automatic-hatchback,dents or marks on body consistent with age and kilometres. medium dent on small to medium in few spots medium scratch on small to medium in few spots front and back cracked bumper. windscreen chipped or cracked.,17,1900,2025-08-17
2016,HYUNDAI,I30,active gd,Hatchback,Automatic,Petrol,146498,5.0,KMHD251EMHU346564,1MQ6NF,06-10-2025,4,1.8,White,Black,Yes,Yes,Yes,Yes,Yes,vic,https://www.grays.com/lot/0001-21054355/motor-vehicles-motor-cycles/2016-hyundai-i30-active-gd-automatic-hatchback,"dents or marks on body consistent with age and kilometres. difficulty starting, possible starter motor or shift selector. paint cracked rear bar large dent on rhr quarter panel medium dent on rhr door engine noise observed.",2,5100,2025-08-17
2016,TOYOTA,Hilux,4x4 sr gun126r,Crew Cab Chassis,Automatic,Diesel,138896,5.0,MR0KA3CD201195598,No plates,Unregistered,4,2.8,White,Black,Yes,No,Yes,No,Yes,vic,https://www.grays.com/lot/0001-21054276/motor-vehicles-motor-cycles/2016-toyota-hilux-4x4-sr-gun126r-turbo-diesel-crew-cab-chassis,dents or marks on body consistent with age and kilometres.,39,20200,2025-08-17
2014,MAZDA,Cx-5,maxx sport ke,Wagon,Automatic,Diesel,186652,5.0,JM0KE102100251832,1BR3GN,27-02-2026,4,2.2,White,Black,Yes,No,Yes,Yes,Yes,vic,https://www.grays.com/lot/0001-21054432/motor-vehicles-motor-cycles/2014-mazda-cx-5-maxx-sport-ke-turbo-diesel-automatic-wagon,dents or marks on body consistent with age and kilometres.,47,8300,2025-08-17
2012,MAZDA,Cx-5,maxx sport ke,Wagon,Automatic,Diesel,186991,5.0,JM0KE102100127017,ZKC028,16-08-2025,4,2.2,White,Black,Yes,Yes,Yes,Yes,Yes,vic,https://www.grays.com/lot/0001-21054562/motor-vehicles-motor-cycles/2012-mazda-cx-5-maxx-sport-ke-turbo-diesel-automatic-wagon,dents or marks on body consistent with age and kilometres.,108,6909,2025-08-18
2010,HYUNDAI,Getz,sx tb,Hatchback,Manual,Petrol,119440,5.0,KMHBT51BLAU968214,CLO224,Unregistered,4,1.6,Black,Black,Yes,Yes,Yes,Yes,Yes,nsw,https://www.grays.com/lot/0001-10350187/motor-vehicles-motor-cycles/2010-hyundai-getz-sx-tb-manual-hatchback,please refer to the photos or arrange inspection to view the condition of this vehicle.,14,909,2025-08-19
2022,TOYOTA,Hilux,sr (4x4) gun126r,Crew Cab Chassis,Automatic,Diesel,126643,5.0,MR0KA3CD101272509,1HPB763,Unregistered,4,2.8,White,Grey,Yes,Yes,Yes,Yes,Yes,wa,https://www.grays.com/lot/0001-9062803/motor-vehicles-motor-cycles/2022-toyota-hilux-sr-4x4-gun126r-turbo-diesel-automatic-crew-cab-chassis,dents or marks on body consistent with age and kilometres.,98,27500,2025-08-19
2013,MAZDA,Cx-5,maxx sport ke,Wagon,Automatic,Diesel,165191,5.0,JM0KE102100202342,CMZ60D,Unregistered,4,2.2,White,Black,Yes,Yes,Yes,Yes,Yes,nsw,https://www.grays.com/lot/0001-10350127/motor-vehicles-motor-cycles/2013-mazda-cx-5-maxx-sport-ke-turbo-diesel-automatic-wagon,please refer to the photos or arrange inspection to view the condition of this vehicle.,58,7100,2025-08-19
2006,HYUNDAI,Getz,1.6 tb,Hatchback,Automatic,Petrol,175746,5.0,KMHBT51BR7U630176,No plates,Unregistered,4,1.6,Red,Grey,Yes,No,No,No,Yes,vic,https://www.grays.com/lot/0001-21054605/motor-vehicles-motor-cycles/2006-hyundai-getz-1-6-tb-automatic-hatchback,dents or marks on body consistent with age and kilometres. medium dent on around exterior paint fading around exterior,15,1409,2025-08-20
2021,TOYOTA,Hilux,sr (4x4) gun126r,Crew Cab Chassis,Automatic,Diesel,108006,5.0,MR0KA3CD001258374,1HHZ989,10-12-2025,4,2.8,White,Charcoal,Yes,Yes,Yes,Yes,Yes,wa,https://www.grays.com/lot/0001-9062779/motor-vehicles-motor-cycles/2021-toyota-hilux-sr-4x4-gun126r-turbo-diesel-automatic-crew-cab-chassis,dents or marks on body consistent with age and kilometres.,46,26100,2025-08-20
2020,TOYOTA,Hilux,sr (4x4) gun126r,Crew Cab Chassis,Automatic,Diesel,124967,5.0,MR0KA3CD101245200,1HCG868,17-11-2025,4,2.8,White,Grey,Yes,Yes,Yes,Yes,Yes,wa,https://www.grays.com/lot/0001-9062775/motor-vehicles-motor-cycles/2020-toyota-hilux-sr-4x4-gun126r-turbo-diesel-automatic-crew-cab-chassis,dents or marks on body consistent with age and kilometres. front seat marks both front seats back seat stains. windscreen chipped or cracked. door card worn.,126,21100,2025-08-20
2021,TOYOTA,Hilux,sr (4x4) gun126r,Crew Cab Chassis,Automatic,Diesel,169393,5.0,MR0KA3CD101255726,1HGF636,24-09-2025,4,2.8,White,Grey,Yes,Yes,Yes,Yes,Yes,wa,https://www.grays.com/lot/0001-9062776/motor-vehicles-motor-cycles/2021-toyota-hilux-sr-4x4-gun126r-turbo-diesel-automatic-crew-cab-chassis,dents or marks on body consistent with age and kilometres. door card worn. windscreen chipped or cracked.,118,22700,2025-08-20
2022,TOYOTA,Hilux,sr (4x4) gun126r,Crew Cab Chassis,Automatic,Diesel,121860,5.0,MR0KA3CD301316705,1HNI944,13-09-2025,4,2.8,White,Charcoal,Yes,Yes,Yes,Yes,Yes,wa,https://www.grays.com/lot/0001-9062781/motor-vehicles-motor-cycles/2022-toyota-hilux-sr-4x4-gun126r-turbo-diesel-automatic-crew-cab-chassis,dents or marks on body consistent with age and kilometres. medium scratch on along both sides of vehicle medium scratch on multiple on bull bar engine lacks power transmission requires attention strongly recommend inspection by qualified third party windscreen chipped or cracked.,82,21100,2025-08-20
2020,TOYOTA,Hilux,sr (4x4) gun126r,Crew Cab Chassis,Automatic,Diesel,127956,5.0,MR0KA3CD701310227,1HDO609,13-10-2025,4,2.8,White,Charcoal,Yes,Yes,Yes,Yes,Yes,wa,https://www.grays.com/lot/0001-9062778/motor-vehicles-motor-cycles/2020-toyota-hilux-sr-4x4-gun126r-turbo-diesel-automatic-crew-cab-chassis,dents or marks on body consistent with age and kilometres. windscreen chipped or cracked.,132,24500,2025-08-20
2012,MAZDA,Cx-5,maxx sport ke,Wagon,Automatic,Diesel,274508,5.0,JM0KE102100106161,CX81KV,Unregistered,4,2.2,Dark Grey,Black,Yes,No,Yes,Yes,Yes,nsw,https://www.grays.com/lot/0001-10912222/motor-vehicles-motor-cycles/2012-mazda-cx-5-maxx-sport-ke-turbo-diesel-automatic-wagon,dents or marks on body consistent with age and kilometres. medium scuff on right rear quarter engine light on transmission requires attention strongly recommend inspection by qualified third party engine idling rough engine smoke visible,9,900,2025-08-20
2015,MAZDA,Cx-5,maxx sport ke,Wagon,Automatic,Diesel,148310,5.0,JM0KE102200350297,No plates,Unregistered,4,2.2,Silver,Black,Yes,Yes,Yes,Yes,Yes,qld,https://www.grays.com/lot/0001-50516405/motor-vehicles-motor-cycles/2015-mazda-cx-5-maxx-sport-ke-turbo-diesel-automatic-wagon,engine noise observed. windscreen chipped or cracked. medium scratch on front bumper large scratch on lh front and rear door,122,9400,2025-08-20
2022,TOYOTA,Hilux,sr (4x4) gun126r,Crew Cab Chassis,Automatic,Diesel,121494,5.0,MR0KA3CD601271940,1HOZ631,26-10-2025,4,2.8,White,Grey,Yes,Yes,Yes,Yes,Yes,wa,https://www.grays.com/lot/0001-9062814/motor-vehicles-motor-cycles/2022-toyota-hilux-sr-4x4-gun126r-turbo-diesel-automatic-crew-cab-chassis,engine idling rough dents or marks on body consistent with age and kilometres. door card worn.,183,26450,2025-08-21
2014,MAZDA,Cx-5,maxx sport ke,Wagon,Automatic,Diesel,176025,5.0,JM0KE102100273533,1CZ8YD,31-10-2025,4,2.2,Navy Blue,Black,Yes,No,Yes,Yes,Yes,vic,https://www.grays.com/lot/0001-21054820/motor-vehicles-motor-cycles/2014-mazda-cx-5-maxx-sport-ke-turbo-diesel-automatic-wagon,"large scratch on front bar, windscreen chipped or cracked. dents or marks on body consistent with age and kilometres.",77,6800,2025-08-21
2016,MAZDA,Cx-5,maxx sport ke,Wagon,Automatic,Diesel,261524,5.0,JM0KE102200362607,1GN8QG,28-11-2025,4,2.2,White,Black,Yes,Yes,Yes,Yes,Yes,vic,https://www.grays.com/lot/0001-21054831/motor-vehicles-motor-cycles/2016-mazda-cx-5-maxx-sport-ke-turbo-diesel-automatic-wagon,dents or marks on body consistent with age and kilometres.,51,6600,2025-08-21
2012,MAZDA,Cx-5,maxx sport ke,Wagon,Automatic,Diesel,176337,5.0,JM0KE102100129779,1UX6MQ,28-05-2026,4,2.2,Grey,Black,Yes,No,Yes,Yes,Yes,vic,https://www.grays.com/lot/0001-21054851/motor-vehicles-motor-cycles/2012-mazda-cx-5-maxx-sport-ke-turbo-diesel-automatic-wagon,"large scuff on lhr quarter panel, front seat worn drivers seat dents or marks on body consistent with age and kilometres.",67,6800,2025-08-24
2013,MAZDA,Cx-5,maxx sport ke,Wagon,Automatic,Diesel,248908,5.0,JM0KE102100230392,No plates,Unregistered,4,2.2,Grey,Black,Yes,No,Yes,Yes,Yes,qld,https://www.grays.com/lot/0001-50712811/motor-vehicles-motor-cycles/2013-mazda-cx-5-maxx-sport-ke-turbo-diesel-automatic-wagon,windscreen chipped or cracked. engine noise observed. dents or marks on body consistent with age and kilometres. medium dent on lh rear guard medium scratch on lh rear door paint fading bonnet and rooftop medium scuff on rh rear bumper,30,2600,2025-08-24
2014,MAZDA,Cx-5,maxx sport ke,Wagon,Automatic,Diesel,193199,5.0,JM0KE102100244492,1BN2IO,14-10-2025,4,2.2,White,Black,Yes,Yes,Yes,Yes,Yes,vic,https://www.grays.com/lot/0001-21054782/motor-vehicles-motor-cycles/2014-mazda-cx-5-maxx-sport-ke-turbo-diesel-automatic-wagon,dents or marks on body consistent with age and kilometres. paint cracked front bar damaged lh tail light cracked traction control light on engine light on,31,4200,2025-08-24
2014,MAZDA,Cx-5,maxx sport ke,Wagon,Automatic,Diesel,174436,5.0,JM0KE102100274573,1CA5ZU,03-11-2025,4,2.2,Red,Black,Yes,No,Yes,Yes,Yes,vic,https://www.grays.com/lot/0001-21054896/motor-vehicles-motor-cycles/2014-mazda-cx-5-maxx-sport-ke-turbo-diesel-automatic-wagon,dents or marks on body consistent with age and kilometres.,39,7100,2025-08-24
2006,HYUNDAI,Getz,1.4 tb,Hatchback,Automatic,Petrol,144988,5.0,KMHBT31DR6U144485,UDY832,Unregistered,4,1.4,Red,Black,Yes,Yes,Yes,Yes,Yes,vic,https://www.grays.com/lot/0001-21054937/motor-vehicles-motor-cycles/2006-hyundai-getz-1-4-tb-automatic-hatchback,"damaged rh tail light cracked paint peeling door handles, tailgate, mirrors, a pillars, bonnet dents or marks on body consistent with age and kilometres. door handle not working or broken. comment: steering wheel worn. comment: steering wheel worn.",21,1950,2025-08-26
2014,HYUNDAI,Ix35,se fwd lm,Wagon,Automatic,Petrol,182239,5.0,TMAJU81FMFJ643157,CVD53F,Unregistered,4,2,White,Black,Yes,No,Yes,Yes,Yes,nsw,https://www.grays.com/lot/0001-10350335/motor-vehicles-motor-cycles/2014-hyundai-ix35-se-fwd-lm-automatic-wagon,please refer to the photos or arrange inspection to view the condition of this vehicle.,30,2509,2025-08-26
2012,MAZDA,Cx-5,maxx sport ke,Wagon,Automatic,Diesel,157834,5.0,JM0KE102100110749,Zdq872,Unregistered,4,2.2,White,Black,Yes,Yes,Yes,Yes,Yes,vic,https://www.grays.com/lot/0001-21054975/motor-vehicles-motor-cycles/2012-mazda-cx-5-maxx-sport-ke-turbo-diesel-automatic-wagon,dents or marks on body consistent with age and kilometres. medium scuff on rh mirror engine noise observed. front seat worn drivers rear cracked bumper. engine light on,26,3000,2025-08-26
2015,MAZDA,Cx-5,maxx sport ke,Wagon,Automatic,Diesel,194586,5.0,JM0KE102200329032,No Plates,Unregistered,4,2.2,Grey,Black,Yes,No,Yes,Yes,Yes,vic,https://www.grays.com/lot/0001-21054962/motor-vehicles-motor-cycles/2015-mazda-cx-5-maxx-sport-ke-turbo-diesel-automatic-wagon,dents or marks on body consistent with age and kilometres. rear bumper cracked bumper. paint cracked rear bumper medium dent on various parts on panels medium scratch on various parts on panels,73,8100,2025-08-26
2016,TOYOTA,Corolla,ascent sport zre182r,Hatchback,CVT,Petrol,171622,5.0,JTNKU3JE90J541935,1NY8RD,17-10-2025,4.0,1.8,White,Black,Yes,Yes,Yes,Yes,Yes,vic,https://www.grays.com/lot/0001-21054784/motor-vehicles-motor-cycles/2016-toyota-corolla-ascent-sport-zre182r-cvt-hatchback,dents or marks on body consistent with age and kilometres. damaged rh indicator cracked,104,11300,2025-08-26
2008,TOYOTA,Corolla,ascent zre152r,Sedan,Automatic,Petrol,245248,5.0,JTNBU52E20J012577,No plates,Unregistered,4,1.8,Silver,Black,Yes,No,No,No,Yes,vic,https://www.grays.com/lot/0001-21055065/motor-vehicles-motor-cycles/2008-toyota-corolla-ascent-zre152r-automatic-sedan,medium scuff on various parts on panels medium dent on rear bumper dents or marks on body consistent with age and kilometres. medium scratch on various parts on panels paint cracked roof,41,4200,2025-08-27
2008,TOYOTA,Corolla,ascent zre152r,Sedan,Automatic,Petrol,208348,5.0,JTNBU52E80J005763,XUK407,01-10-2025,4,1.8,Blue,Black,Yes,No,No,No,Yes,vic,https://www.grays.com/lot/0001-21055110/motor-vehicles-motor-cycles/2008-toyota-corolla-ascent-zre152r-automatic-sedan,medium dent on various parts on panels dents or marks on body consistent with age and kilometres. paint peeling various parts on panels paint fading various parts on panels paint cracked various parts on panels medium scratch on various parts on panels medium scuff on various parts on panels,43,3800,2025-08-27
2013,HYUNDAI,Ix35,se fwd lm,Wagon,Automatic,Petrol,250618,5.0,TMAJU81BMDJ447472,ZWW959,06-08-2025,4,2,White,Black Leather,Yes,No,Yes,Yes,Yes,vic,https://www.grays.com/lot/0001-21055093/motor-vehicles-motor-cycles/2013-hyundai-ix35-se-fwd-lm-automatic-wagon,engine noise observed. dents or marks on body consistent with age and kilometres. corrosion visible various parts on panels medium scratch on various parts on panels paint cracked rear bumper medium scuff on various parts on panels seat torn driver seat,27,2100,2025-08-27
2014,HYUNDAI,Ix35,se fwd lm,Wagon,Automatic,Petrol,198091,5.0,TMAJU81FMFJ643908,1SV2VC,24-08-2025,4,2,White,Black Leather,Yes,Yes,Yes,Yes,Yes,vic,https://www.grays.com/lot/0001-21055107/motor-vehicles-motor-cycles/2014-hyundai-ix35-se-fwd-lm-automatic-wagon,"scratch on front bar, front seat worn drivers seat",86,6250,2025-08-27
2012,MAZDA,Cx-5,maxx sport ke,Wagon,Automatic,Diesel,241650,5.0,JM0KE102100112993,1KN9AV,14-06-2026,4,2.2,Blue,Black,Yes,Yes,Yes,Yes,Yes,vic,https://www.grays.com/lot/0001-21055279/motor-vehicles-motor-cycles/2012-mazda-cx-5-maxx-sport-ke-turbo-diesel-automatic-wagon,dents or marks on body consistent with age and kilometres. paint fading roof,78,5400,2025-08-31
2016,MAZDA,Cx-5,maxx sport ke,Wagon,Automatic,Diesel,186218,5.0,JM0KE102200368211,No Plates,Unregistered,4,2.2,White,Black,Yes,Yes,Yes,Yes,Yes,vic,https://www.grays.com/lot/0001-21055254/motor-vehicles-motor-cycles/2016-mazda-cx-5-maxx-sport-ke-turbo-diesel-automatic-wagon,dents or marks on body consistent with age and kilometres.,64,9500,2025-08-31
2007,TOYOTA,Corolla,ascent zre152r,Sedan,Automatic,Petrol,193566,5.0,JTNBU52EX02014054,No plates,Unregistered,4,1.8,Grey,Multi,Yes,No,No,No,No,sa,https://www.grays.com/lot/0001-60048798/motor-vehicles-motor-cycles/2007-toyota-corolla-ascent-zre152r-automatic-sedan,please refer to the photos or arrange inspection to view the condition of this vehicle.,15,1500,2025-09-01
2007,HYUNDAI,Getz,1.4 tb,Hatchback,Automatic,Petrol,243026,5.0,KMHBT31DR7U176822,BDJ95D,Unregistered,4,1.4,Grey,Black,Yes,Yes,No,No,Yes,nsw,https://www.grays.com/lot/0001-10350401/motor-vehicles-motor-cycles/2007-hyundai-getz-1-4-tb-automatic-hatchback,please refer to the photos or arrange inspection to view the condition of this vehicle.,7,609,2025-09-02
2006,HYUNDAI,Getz,1.6 tb,Hatchback,Automatic,Petrol,200358,5.0,KMHBT51BR7U613581,1IFM492,05-11-2025,4,1.6,Silver,Grey,Yes,No,No,No,Yes,wa,https://www.grays.com/lot/0001-9063035/motor-vehicles-motor-cycles/2006-hyundai-getz-1-6-tb-automatic-hatchback,dents or marks on body consistent with age and kilometres. seat torn drivers seat paint peeling various panels windscreen chipped or cracked.,22,2300,2025-09-02
2012,HYUNDAI,I30,active gd,Hatchback,Automatic,Petrol,116302,5.0,KMHD251EMDU037008,1VH6US,19-10-2025,4,1.8,Dark Blue,Black,Yes,No,Yes,Yes,Yes,vic,https://www.grays.com/lot/0001-21055177/motor-vehicles-motor-cycles/2012-hyundai-i30-active-gd-automatic-hatchback,engine noise observed. dents or marks on body consistent with age and kilometres. dents or marks on body consistent with age and kilometres. large scratch on rear drivers side,46,5000,2025-09-02
2015,HYUNDAI,I30,active gd,Hatchback,Automatic,Petrol,224188,5.0,KMHD251EMGU267666,1JN6HR,15-07-2026,4,1.8,Red,Black,Yes,No,Yes,Yes,Yes,vic,https://www.grays.com/lot/0001-21055378/motor-vehicles-motor-cycles/2015-hyundai-i30-active-gd-automatic-hatchback,"dents or marks on body consistent with age and kilometres. paint fading around exterior, mirrors medium dent on boot engine noise observed.",37,3850,2025-09-02
2013,HYUNDAI,Ix35,se fwd lm,Wagon,Automatic,Petrol,292803,5.0,TMAJU81FMEJ500105,CQF30A,Unregistered,4,2,White,Grey,Yes,Yes,Yes,Partial,Yes,nsw,https://www.grays.com/lot/0001-10350410/motor-vehicles-motor-cycles/2013-hyundai-ix35-se-fwd-lm-automatic-wagon,please refer to the photos or arrange inspection to view the condition of this vehicle.,24,1809,2025-09-02
2015,MAZDA,Cx-5,maxx sport ke,Wagon,Automatic,Diesel,204264,5.0,JM0KE102200351551,1IKC767,30-09-2025,4,2.2,White,Charcoal,Yes,No,Yes,Partial,Yes,wa,https://www.grays.com/lot/0001-9063196/motor-vehicles-motor-cycles/2015-mazda-cx-5-maxx-sport-ke-turbo-diesel-automatic-wagon,front seat worn driver windscreen chipped or cracked. dents or marks on body consistent with age and kilometres. flat battery. jump start or towing required,85,6600,2025-09-03
2010,MAZDA,3,maxx sport bl,Hatchback,Automatic,Petrol,303752,5.0,JM0BL10F100171545,1GAL687,05-11-2025,4,2,Black,Black,Yes,No,No,No,Yes,wa,https://www.grays.com/lot/0001-9063243/motor-vehicles-motor-cycles/2010-mazda-3-maxx-sport-bl-automatic-hatchback,"dents or marks on body consistent with age and kilometres. paint peeling various panels front seat stains both paint fading roof, tailgate &amp; bonnet",26,2309,2025-09-04
2013,MAZDA,Cx-5,maxx sport ke,Wagon,Automatic,Diesel,181774,5.0,JM0KE102100201288,1UD2FR,08-09-2025,4,2.2,Red,Black,Yes,Yes,Yes,Yes,Yes,vic,https://www.grays.com/lot/0001-21055561/motor-vehicles-motor-cycles/2013-mazda-cx-5-maxx-sport-ke-turbo-diesel-automatic-wagon,dents or marks on body consistent with age and kilometres.,81,8000,2025-09-04
2015,MAZDA,Cx-5,maxx sport ke,Wagon,Automatic,Diesel,171081,5.0,JM0KE102200316057,1EUC423,25-09-2025,4,2.2,Silver,Black,Yes,Yes,No,Partial,Yes,wa,https://www.grays.com/lot/0001-9063238/motor-vehicles-motor-cycles/2015-mazda-cx-5-maxx-sport-ke-turbo-diesel-automatic-wagon,"dents or marks on body consistent with age and kilometres. engine noise observed. paint fading roof, top tailgate front seat worn drivers windscreen chipped or cracked.",102,7101,2025-09-04
2017,HYUNDAI,I30,active pd,Hatchback,Automatic,Petrol,184257,5.0,KMHH351EMJU012384,DO43TB,Unregistered,4,2,Blue,Black,Yes,No,Yes,Yes,Yes,nsw,https://www.grays.com/lot/0001-10912417/motor-vehicles-motor-cycles/2017-hyundai-i30-active-pd-automatic-hatchback,engine light on,1,7009,2025-09-07
2014,MAZDA,Cx-5,maxx sport ke,Wagon,Automatic,Diesel,173752,5.0,JM0KE102100257520,1OF5NH,16-07-2026,4,2.2,White,Black,Yes,Yes,Yes,Yes,Yes,vic,https://www.grays.com/lot/0001-21055649/motor-vehicles-motor-cycles/2014-mazda-cx-5-maxx-sport-ke-turbo-diesel-automatic-wagon,"dents or marks on body consistent with age and kilometres. engine smoke medium scratch, scuff on various parts on panels",71,5600,2025-09-07
2016,MAZDA,Cx-5,maxx sport ke,Wagon,Automatic,Diesel,186218,5.0,JM0KE102200368211,No Plates,Unregistered,4,2.2,White,Black,Yes,Yes,Yes,Yes,Yes,vic,https://www.grays.com/lot/0001-21055630/motor-vehicles-motor-cycles/2016-mazda-cx-5-maxx-sport-ke-turbo-diesel-automatic-wagon,dents or marks on body consistent with age and kilometres.,83,8610,2025-09-07
2016,TOYOTA,Hilux,4x4 sr gun126r,Crew Cab Chassis,Automatic,Diesel,138896,5.0,MR0KA3CD201195598,No plates,Unregistered,4,2.8,White,Black,Yes,No,Yes,No,Yes,vic,https://www.grays.com/lot/0001-21055597/motor-vehicles-motor-cycles/2016-toyota-hilux-4x4-sr-gun126r-turbo-diesel-crew-cab-chassis,dents or marks on body consistent with age and kilometres.,154,22300,2025-09-07
2013,HYUNDAI,I30,active gd,Hatchback,Automatic,Petrol,215055,5.0,KMHD251EMDU115517,ZXJ712,15-10-2025,4,1.8,White,Black,Yes,No,Yes,Yes,Yes,vic,https://www.grays.com/lot/0001-21055680/motor-vehicles-motor-cycles/2013-hyundai-i30-active-gd-automatic-hatchback,dents or marks on body consistent with age and kilometres. door card worn. glovebox marks medium dent on front number plate medium scratch on lh front quarter panel medium scuff on back bumper medium scratch on rh back quarter panel airbag light on,63,5200,2025-09-08
2014,HYUNDAI,I30,active gd,Hatchback,Automatic,Petrol,118631,5.0,KMHD251EMGU251752,1EQ8JW,07-11-2025,4,1.8,Blue,Black,Yes,Yes,Yes,Yes,Yes,vic,https://www.grays.com/lot/0001-21055706/motor-vehicles-motor-cycles/2014-hyundai-i30-active-gd-automatic-hatchback,medium scratch on rear bumper engine noise observed. dents or marks on body consistent with age and kilometres.,77,6700,2025-09-08
2012,MAZDA,Cx-5,maxx sport ke,Wagon,Automatic,Diesel,138478,5.0,JM0KE102100105328,1XP6AU,05-07-2026,4,2.2,Grey,Black,Yes,Yes,Yes,Yes,Yes,vic,https://www.grays.com/lot/0001-21055675/motor-vehicles-motor-cycles/2012-mazda-cx-5-maxx-sport-ke-turbo-diesel-automatic-wagon,dents or marks on body consistent with age and kilometres. medium scuff on various parts on panels paint fading roof medium scratch on various parts on panels,61,9550,2025-09-08
2014,TOYOTA,Corolla,ascent zre182r,Hatchback,CVT,Petrol,225627,5.0,JTNKU3JE60J057530,1GF3AB,01-09-2025,4,1.8,Red,Black,Yes,No,Yes,Yes,Yes,vic,https://www.grays.com/lot/0001-21055694/motor-vehicles-motor-cycles/2014-toyota-corolla-ascent-zre182r-cvt-hatchback,"engine noise observed. dents or marks on body consistent with age and kilometres. body/panel damage various parts on panels large dent, scuff, scratch on various parts on panels",40,5000,2025-09-09
2013,TOYOTA,Corolla,ascent sport zre182r,Hatchback,CVT,Petrol,174439,5.0,JTNKU3JE80J028739,No plates,Unregistered,4,1.8,White,Black,Yes,Yes,Yes,Yes,Yes,qld,https://www.grays.com/lot/0001-50516660/motor-vehicles-motor-cycles/2013-toyota-corolla-ascent-sport-zre182r-cvt-hatchback,engine smoke visible door card worn. dents or marks on body consistent with age and kilometres. engine water leak medium scuff on rhr quarter panel other warning light on,80,5900,2025-09-10
2010,HYUNDAI,Ix35,elite awd lm,Wagon,Automatic,Petrol,273896,5.0,KMHJU81CSAU145618,XYZ905,29-09-2025,4,2.4,Red,Black Leather,Yes,Yes,Yes,Partial,Yes,vic,https://www.grays.com/lot/0001-21055798/motor-vehicles-motor-cycles/2010-hyundai-ix35-elite-awd-lm-automatic-wagon,dents or marks on body consistent with age and kilometres. paint peeling roof medium scratch on various parts on panels,49,3009,2025-09-10
2021,TOYOTA,Hilux,4x4 sr gun126r,Crew Cab Chassis,Automatic,Diesel,113064,5.0,MR0KA3CD001259086,1HHZ962,24-11-2025,4,2.8,White,Black,Yes,Yes,Yes,Yes,Yes,wa,https://www.grays.com/lot/0001-9063409/motor-vehicles-motor-cycles/2021-toyota-hilux-4x4-sr-gun126r-turbo-diesel-automatic-crew-cab-chassis,dents or marks on body consistent with age and kilometres. windscreen chipped or cracked. corrosion visible various locations door card worn.,264,27200,2025-09-10
2021,TOYOTA,Hilux,4x4 sr gun126r,Crew Cab Chassis,Automatic,Diesel,90124,5.0,MR0KA3CD201262717,1HLH533,28-10-2025,4,2.8,White,Black,Yes,Yes,Yes,Yes,Yes,wa,https://www.grays.com/lot/0001-9063389/motor-vehicles-motor-cycles/2021-toyota-hilux-4x4-sr-gun126r-turbo-diesel-automatic-crew-cab-chassis,dents or marks on body consistent with age and kilometres. windscreen chipped or cracked. corrosion visible various locations,215,30109,2025-09-10
2021,TOYOTA,Hilux,4x4 sr gun126r,Crew Cab Chassis,Automatic,Diesel,130163,5.0,MR0KA3CD601259111,1HHZ964,24-11-2025,4,2.8,White,Black,Yes,Yes,Yes,Yes,Yes,wa,https://www.grays.com/lot/0001-9063411/motor-vehicles-motor-cycles/2021-toyota-hilux-4x4-sr-gun126r-turbo-diesel-automatic-crew-cab-chassis,dents or marks on body consistent with age and kilometres. door card worn. corrosion visible various locations windscreen chipped or cracked.,221,28600,2025-09-10
2020,TOYOTA,Hilux,4x4 sr gun126r,Crew Cab Chassis,Automatic,Diesel,104144,5.0,MR0KA3CD701248974,1HDT604,16-11-2025,4,2.8,White,Black,Yes,Yes,Yes,Yes,Yes,wa,https://www.grays.com/lot/0001-9063410/motor-vehicles-motor-cycles/2020-toyota-hilux-4x4-sr-gun126r-turbo-diesel-automatic-crew-cab-chassis,dents or marks on body consistent with age and kilometres. corrosion visible various locations,293,30209,2025-09-10
2021,TOYOTA,Hilux,4x4 sr gun126r,Crew Cab Chassis,Automatic,Diesel,129793,5.0,MR0KA3CD701313211,1HHZ958,24-11-2025,4,2.8,White,Charcoal,Yes,Yes,Yes,Yes,Yes,wa,https://www.grays.com/lot/0001-9063386/motor-vehicles-motor-cycles/2021-toyota-hilux-4x4-sr-gun126r-turbo-diesel-automatic-crew-cab-chassis,dents or marks on body consistent with age and kilometres. medium scuff on front right quater panel corrosion visible various locations,127,27009,2025-09-10
2014,TOYOTA,Camry,altise asv50r,Sedan,Automatic,Petrol,387104,5.0,6T1BF3FK00X050776,1DBA730,20-11-2025,4,2.5,White,Black,Yes,No,Yes,Partial,Yes,wa,https://www.grays.com/lot/0001-9063383/motor-vehicles-motor-cycles/2014-toyota-camry-altise-asv50r-automatic-sedan,"front seat stains driver, passenger back seat stains. large scuff on driver back bumper and back quarter panels corrosion visible boot paint cracked rear bumper windscreen chipped or cracked. door mirror broken slight damage to passenger blinker light panel dents or marks on body consistent with age and kilometres. front seat worn both rear cracked bumper.",80,6100,2025-09-10
2013,MAZDA,3,maxx sport bl,Hatchback,Automatic,Petrol,203132,5.0,JM0BL10F200386937,"Unlicensed, plates to be removed",Unregistered,4,2,Red,Black,Yes,Yes,Yes,Yes,Yes,wa,https://www.grays.com/lot/0001-9063350/motor-vehicles-motor-cycles/2013-mazda-3-maxx-sport-bl-automatic-hatchback,paint peeling various panels front seat worn both both cracked bumper. dents or marks on body consistent with age and kilometres. windscreen chipped or cracked.,45,3100,2025-09-10
2012,TOYOTA,Corolla,ascent sport zre182r,Hatchback,Automatic,Petrol,126811,5.0,JTNKU3JE10J013645,ZNS649,14-02-2026,4,1.8,Grey,Black,Yes,Yes,Yes,Yes,Yes,vic,https://www.grays.com/lot/0001-21055943/motor-vehicles-motor-cycles/2012-toyota-corolla-ascent-sport-zre182r-automatic-hatchback,dents or marks on body consistent with age and kilometres. carpet worn in places.,103,10199,2025-09-11
2016,TOYOTA,Hilux,4x4 sr gun126r,Crew Cab Chassis,Automatic,Diesel,205997,5.0,MR0KA3CD301303114,MDG646C,20-02-2026,4,2.8,White,Black,Yes,Yes,Yes,Partial,Yes,wa,https://www.grays.com/lot/0001-9063428/motor-vehicles-motor-cycles/2016-toyota-hilux-4x4-sr-gun126r-turbo-diesel-automatic-crew-cab-chassis,corrosion visible various locations dents or marks on body consistent with age and kilometres. door mirror broken drivers side rearview windscreen chipped or cracked.,150,22000,2025-09-11
2015,TOYOTA,Camry,altise asv50r,Sedan,Automatic,Petrol,272219,5.0,6T1BF3FK60X070160,No plates,Unregistered,4,2.5,White,Grey,Yes,No,No,No,Yes,vic,https://www.grays.com/lot/0001-21055823/motor-vehicles-motor-cycles/2015-toyota-camry-altise-asv50r-automatic-sedan,medium dent on back door driver side paint cracked chips in paint on bonnet dents or marks on body consistent with age and kilometres. engine light on traction control light on,109,8800,2025-09-11
2013,MAZDA,Cx-5,maxx sport ke,Wagon,Automatic,Diesel,150732,5.0,JM0KE102100203179,EJX29S,Unregistered,4,2.2,Dark Grey,Black,Yes,Yes,Yes,Yes,Yes,vic,https://www.grays.com/lot/0001-21056020/motor-vehicles-motor-cycles/2013-mazda-cx-5-maxx-sport-ke-turbo-diesel-automatic-wagon,marks in boot back seat stains. front seat stains both seat torn drivers seat door card damaged. paint fading bonnet and tailgate spoiler medium scratch on various panels dents or marks on body consistent with age and kilometres. damaged headlights hazed windscreen chipped or cracked. other warning light on,63,5250,2025-09-14
2013,HYUNDAI,I30,active gd,Hatchback,Automatic,Petrol,115401,5.0,KMHD251EMDU128225,1AC5QW,12-12-2025,4,1.8,Grey,Black,Yes,No,Yes,Yes,Yes,vic,https://www.grays.com/lot/0001-21056142/motor-vehicles-motor-cycles/2013-hyundai-i30-active-gd-automatic-hatchback,engine noise observed. dents or marks on body consistent with age and kilometres. door card worn.,84,6700,2025-09-15
2013,TOYOTA,Camry,altise asv50r,Sedan,Automatic,Petrol,553640,5.0,6T1BF3FK20X046437,2BT1CU,07-11-2025,4,2.5,White,Black,Yes,Yes,No,No,Yes,vic,https://www.grays.com/lot/0001-21057593/motor-vehicles-motor-cycles/2013-toyota-camry-altise-asv50r-automatic-sedan,dents or marks on body consistent with age and kilometres. front cracked bumper.,41,3909,2025-10-11
2008,TOYOTA,Corolla,ascent zre152r,Sedan,Automatic,Petrol,178019,5.0,JTNBU52E00J006731,BFB83G,Unregistered,4,1.8,Blue,Black,Yes,No,No,No,Yes,nsw,https://www.grays.com/lot/0001-10351053/motor-vehicles-motor-cycles/2008-toyota-corolla-ascent-zre152r-automatic-sedan,please refer to the photos or arrange inspection to view the condition of this vehicle.,19,1810,2025-10-14
2005,HYUNDAI,Getz,gl tb,Hatchback,Automatic,Petrol,173484,5.0,KMHBT51AR5U374672,TOZ101,10-12-2025,4,1.5,Silver,Grey,Yes,No,Yes,Partial,Yes,vic,https://www.grays.com/lot/0001-21057825/motor-vehicles-motor-cycles/2005-hyundai-getz-gl-tb-automatic-hatchback,dents or marks on body consistent with age and kilometres. large dent on roof large scuff on passenger side front quarter panel/front bumper medium dent on passenger side front quarter panel/front bumper,17,1209,2025-10-14
2019,TOYOTA,Hilux,4x4 sr gun126r,Crew Cab Chassis,Automatic,Diesel,212735,5.0,MR0KA3CD001239257,1IRL931,17-10-2025,4,2.8,White,Black,Yes,Yes,Yes,No,Yes,wa,https://www.grays.com/lot/0001-9064236/motor-vehicles-motor-cycles/2019-toyota-hilux-4x4-sr-gun126r-turbo-diesel-automatic-crew-cab-chassis,dents or marks on body consistent with age and kilometres. corrosion visible on vehicle body medium scratch on various panels front seat marks both front seats windscreen chipped or cracked. paint fading various panels marks in boot,105,18200,2025-10-14
2013,TOYOTA,Camry,altise asv50r,Sedan,Automatic,Petrol,229854,5.0,6T1BF3FK00X046274,Unlicensed,Unregistered,4,2.5,White,Charcoal,Yes,No,No,No,Yes,wa,https://www.grays.com/lot/0001-9064367/motor-vehicles-motor-cycles/2013-toyota-camry-altise-asv50r-automatic-sedan,"front seat stains both windscreen chipped or cracked. medium scuff on lhr passenger door medium dent on various panels not cracked, not attached properly both front and back cracked bumper. dents or marks on body consistent with age and kilometres. corrosion visible various panels front grille cracked cracked bumper.",43,3609,2025-10-14
2013,MAZDA,Cx-5,maxx sport ke,Wagon,Automatic,Diesel,157787,5.0,JM0KE102100229358,1XO3LD,28-09-2025,4,2.2,Blue,Black,Yes,No,Yes,Yes,Yes,vic,https://www.grays.com/lot/0001-21057787/motor-vehicles-motor-cycles/2013-mazda-cx-5-maxx-sport-ke-turbo-diesel-automatic-wagon,dents or marks on body consistent with age and kilometres. dents or marks on body consistent with age and kilometres. large scratch on frontbumper,93,7300,2025-10-14
2014,TOYOTA,Corolla,ascent sport zre182r,Hatchback,CVT,Petrol,143967,5.0,JTNKU3JE10J078835,BZD845,25-08-2026,4.0,1.8,Black,Black,Yes,Yes,Yes,Partial,Yes,vic,https://www.grays.com/lot/0001-21057818/motor-vehicles-motor-cycles/2014-toyota-corolla-ascent-sport-zre182r-cvt-hatchback,medium scuff on various panels around vehicle medium dent on various panels around vehicle front cracked bumper. dents or marks on body consistent with age and kilometres.,91,9300,2025-10-14
2015,HYUNDAI,Ix35,se fwd lm,Wagon,Automatic,Petrol,136865,5.0,TMAJU81FMFJ767493,1FJ7XI,21-08-2026,4,2,White,Black Leather,Yes,Yes,Yes,Yes,Yes,vic,https://www.grays.com/lot/0001-21057910/motor-vehicles-motor-cycles/2015-hyundai-ix35-se-fwd-lm-automatic-wagon,dents or marks on body consistent with age and kilometres. drivers seat torn large scuff on front bumper carpet worn in places.,112,8400,2025-10-15
2013,HYUNDAI,Ix35,se fwd lm,Wagon,Automatic,Petrol,171192,5.0,TMAJU81BMDJ471954,2DL7JJ,06-06-2026,4,2,Grey,Black Leather,Yes,Yes,Yes,Yes,Yes,vic,https://www.grays.com/lot/0001-21058032/motor-vehicles-motor-cycles/2013-hyundai-ix35-se-fwd-lm-automatic-wagon,dents or marks on body consistent with age and kilometres. windscreen chipped.,53,5400,2025-10-19
2017,HYUNDAI,I30,active pd,Hatchback,Automatic,Petrol,124501,5.0,KMHH351EMJU026159,1KV9SG,24-02-2026,4,2,White,Black,Yes,No,Yes,Yes,Yes,vic,https://www.grays.com/lot/0001-21057970/motor-vehicles-motor-cycles/2017-hyundai-i30-active-pd-automatic-hatchback,"dents or marks on body consistent with age and kilometres. medium dent, scratch on various panels minor chips visible bonnet and roof near windscreen paint fading rear spoiler",78,10400,2025-10-20
2017,HYUNDAI,I30,active pd,Hatchback,Automatic,Petrol,100271,5.0,KMHH351EMJU030948,No plates,Unregistered,4,2,White,Black,Yes,No,Yes,No,Yes,qld,https://www.grays.com/lot/0001-50713449/motor-vehicles-motor-cycles/2017-hyundai-i30-active-pd-automatic-hatchback,"medium scuff on rh rear guard, rh front guard, lh front guard front seat marks front and back seats abs light on traction control light on dents or marks on body consistent with age and kilometres.",19,10000,2025-10-20
2003,HYUNDAI,Getz,gl tb,Hatchback,Automatic,Petrol,229560,5.0,KMHBT31AR3U030197,1HHY491,06-11-2025,4,1.5,Silver,Grey,Yes,No,No,No,Yes,wa,https://www.grays.com/lot/0001-9064501/motor-vehicles-motor-cycles/2003-hyundai-getz-gl-tb-automatic-hatchback,windscreen chipped or cracked. medium scuff on various location,23,1909,2025-10-21
2018,HYUNDAI,I30,active pd,Hatchback,Automatic,Petrol,179315,5.0,KMHH351EMJU052551,2AY7MP,18-10-2025,4,2,White,Black,Yes,Yes,Yes,Yes,Yes,vic,https://www.grays.com/lot/0001-21058213/motor-vehicles-motor-cycles/2018-hyundai-i30-active-pd-automatic-hatchback,engine light on medium dent on rhr guard dents or marks on body consistent with age and kilometres. carpet worn in places.,103,7900,2025-10-21
2014,HYUNDAI,Ix35,se trophy fwd lm,Wagon,Automatic,Petrol,191632,5.0,TMAJU81FMEJ548525,1XD4KV,13-10-2025,4,2,Red,Black Leather,Yes,Yes,Yes,Yes,Yes,vic,https://www.grays.com/lot/0001-21058127/motor-vehicles-motor-cycles/2014-hyundai-ix35-se-trophy-fwd-lm-automatic-wagon,engine noise observed. dents or marks on body consistent with age and kilometres. passenger window does not operate from drivers side buttons but does from pasenger side seat torn driver seat windscreen chipped or cracked. damaged both tail lights are cracked,22,2700,2025-10-21
2009,MAZDA,3,maxx bl,Hatchback,Automatic,Petrol,177062,5.0,JM0BL10F100136144,XLD638,04-12-2025,4,2,Blue,Black,Yes,Yes,Yes,No,Yes,vic,https://www.grays.com/lot/0001-21058130/motor-vehicles-motor-cycles/2009-mazda-3-maxx-bl-automatic-hatchback,back seat worn. front seat worn drivers and passenger large scratch on bonnet medium scuff on front bumper paint fading bonnet roof dents or marks on body consistent with age and kilometres. large scuff on right rear quarter and door rear cracked bumper. large scratch on left rear quarter and door door card worn.,57,3709,2025-10-21
2013,MAZDA,Cx-5,maxx sport ke,Wagon,Automatic,Diesel,205690,5.0,JM0KE102100221318,1ELW258,Unregistered,4,2.2,Blue,Charcoal,Yes,Yes,Yes,Partial,Yes,wa,https://www.grays.com/lot/0001-9064436/motor-vehicles-motor-cycles/2013-mazda-cx-5-maxx-sport-ke-turbo-diesel-automatic-wagon,medium scuff on rear bumper front seat stains driver seat and back seat dents or marks on body consistent with age and kilometres. exhaust smoke.,60,5536,2025-10-21
2015,MAZDA,Cx-5,maxx sport ke,Wagon,Automatic,Diesel,175233,5.0,JM0KE102200325654,1EWK283,05-11-2025,4,2.2,White,Black,Yes,Yes,Yes,Yes,Yes,wa,https://www.grays.com/lot/0001-9064420/motor-vehicles-motor-cycles/2015-mazda-cx-5-maxx-sport-ke-turbo-diesel-automatic-wagon,windscreen chipped or cracked. paint fading various location dents or marks on body consistent with age and kilometres.,111,9900,2025-10-21
2010,MAZDA,3,maxx sport bl,Hatchback,Automatic,Petrol,214668,5.0,JM0BL10F100170822,1AT6LG,15-10-2025,4,2,Blue,Black,Yes,Yes,Yes,Yes,Yes,vic,https://www.grays.com/lot/0001-21058339/motor-vehicles-motor-cycles/2010-mazda-3-maxx-sport-bl-automatic-hatchback,engine light on dents or marks on body consistent with age and kilometres. back seat marks.,65,4300,2025-10-27
2012,MAZDA,3,neo bl,Hatchback,Automatic,Petrol,164263,5.0,JM0BL10F200326809,YXH316,13-03-2026,4,2,Blue,Black,Yes,Yes,Yes,Partial,Yes,vic,https://www.grays.com/lot/0001-21058338/motor-vehicles-motor-cycles/2012-mazda-3-neo-bl-automatic-hatchback,dents or marks on body consistent with age and kilometres. paint peeling roof spoiler back seat marks. medium scratch on rear panel large scuff on rear panel,86,5509,2025-10-27
2021,TOYOTA,Hilux,4x4 sr gun126r,Crew Cab Chassis,Automatic,Diesel,106536,5.0,MR0KA3CD001255099,1HIG678,21-12-2025,4,2.8,White,Grey,Yes,Yes,Yes,Yes,Yes,wa,https://www.grays.com/lot/0001-9064637/motor-vehicles-motor-cycles/2021-toyota-hilux-4x4-sr-gun126r-turbo-diesel-automatic-crew-cab-chassis,dents or marks on body consistent with age and kilometres. medium scuff on various panels corrosion visible on and around tray front seat worn both back seat worn.,233,27000,2025-10-28
2021,TOYOTA,Hilux,4x4 sr gun126r,Crew Cab Chassis,Automatic,Diesel,104235,5.0,MR0KA3CD601255138,1HIG682,21-12-2025,4,2.8,White,Black,Yes,Yes,Yes,Yes,Yes,wa,https://www.grays.com/lot/0001-9064651/motor-vehicles-motor-cycles/2021-toyota-hilux-4x4-sr-gun126r-turbo-diesel-automatic-crew-cab-chassis,dents or marks on body consistent with age and kilometres. windscreen chipped or cracked. door card worn. corrosion visible on and around tray area door mirror broken hole in housing rh side mirror,206,25200,2025-10-28
2021,TOYOTA,Hilux,4x4 sr gun126r,Crew Cab Chassis,Automatic,Diesel,103837,5.0,MR0KA3CD701263796,1HLH623,28-01-2026,4,2.8,White,Black,Yes,Yes,Yes,Yes,Yes,wa,https://www.grays.com/lot/0001-9064650/motor-vehicles-motor-cycles/2021-toyota-hilux-4x4-sr-gun126r-turbo-diesel-automatic-crew-cab-chassis,dents or marks on body consistent with age and kilometres. windscreen chipped or cracked. door card worn. corrosion visible on and around tray paint fading various panels,157,25200,2025-10-28
2021,TOYOTA,Hilux,4x4 sr gun126r,Crew Cab Chassis,Automatic,Diesel,106206,5.0,MR0KA3CD801255271,1HHZ290,18-11-2025,4,2.8,White,Black,Yes,Yes,Yes,Yes,Yes,wa,https://www.grays.com/lot/0001-9064655/motor-vehicles-motor-cycles/2021-toyota-hilux-4x4-sr-gun126r-turbo-diesel-automatic-crew-cab-chassis,dents or marks on body consistent with age and kilometres. corrosion visible tray windscreen chipped or cracked.,241,25500,2025-10-28
2021,TOYOTA,Hilux,4x4 sr gun126r,Crew Cab Chassis,Automatic,Diesel,111827,5.0,MR0KA3CD801257327,1HHU413,19-11-2025,4,2.8,White,Black,Yes,Yes,Yes,No,Yes,wa,https://www.grays.com/lot/0001-9064656/motor-vehicles-motor-cycles/2021-toyota-hilux-4x4-sr-gun126r-turbo-diesel-automatic-crew-cab-chassis,dents or marks on body consistent with age and kilometres. windscreen chipped or cracked. door card worn. airbag light on corrosion visible on and around tray,321,26800,2025-10-28
2020,TOYOTA,Hilux,4x4 sr gun126r,Crew Cab Chassis,Automatic,Diesel,113665,5.0,MR0KA3CDX01253148,1HHZ298,18-11-2025,4,2.8,White,Black,Yes,Yes,Yes,Yes,Yes,wa,https://www.grays.com/lot/0001-9064687/motor-vehicles-motor-cycles/2020-toyota-hilux-4x4-sr-gun126r-turbo-diesel-automatic-crew-cab-chassis,windscreen chipped or cracked. dents or marks on body consistent with age and kilometres. corrosion visible on and around tray area door card worn.,181,25500,2025-10-28
2014,HYUNDAI,Ix35,se fwd lm,Wagon,Automatic,Petrol,212410,5.0,TMAJU81FMEJ565000,2CK7OP,15-10-2025,4,2,White,Black Leather,Yes,No,Yes,Partial,Yes,vic,https://www.grays.com/lot/0001-21058483/motor-vehicles-motor-cycles/2014-hyundai-ix35-se-fwd-lm-automatic-wagon,dents or marks on body consistent with age and kilometres. windscreen chipped or cracked. seat torn driver seat,67,4900,2025-10-28
2013,TOYOTA,Corolla,ascent zre182r,Hatchback,CVT,Petrol,280143,5.0,JTNKU3JE40J031184,ZXQ857,29-07-2026,4,1.8,Grey,Black,Yes,Yes,Yes,Partial,Yes,vic,https://www.grays.com/lot/0001-21058578/motor-vehicles-motor-cycles/2013-toyota-corolla-ascent-zre182r-cvt-hatchback,traction control light on dents or marks on body consistent with age and kilometres.,99,7500,2025-10-29
2021,TOYOTA,Hilux,4x4 sr gun126r,Crew Cab Chassis,Automatic,Diesel,128325,5.0,MR0KA3CD501265885,No plates,Unregistered,4,2.8,White,Black,Yes,Yes,Yes,Partial,Yes,qld,https://www.grays.com/lot/0001-50713506/motor-vehicles-motor-cycles/2021-toyota-hilux-4x4-sr-gun126r-turbo-diesel-automatic-crew-cab-chassis,"dents or marks on body consistent with age and kilometres. large dent on bonnet, large scuff on lhr door, lhf guard, body/panel damage lhf cracked guard",261,33200,2025-10-29
2013,MAZDA,Cx-5,maxx sport ke,Wagon,Automatic,Diesel,200966,5.0,JM0KE102100200489,ZQF879,13-09-2026,4,2.2,Black,Black,Yes,No,Yes,Yes,Yes,vic,https://www.grays.com/lot/0001-21058679/motor-vehicles-motor-cycles/2013-mazda-cx-5-maxx-sport-ke-turbo-diesel-automatic-wagon,carpet worn in places. windscreen chipped or cracked. dents or marks on body consistent with age and kilometres. large dent on front and rear bumpers medium scratch on around vehicle,37,3700,2025-10-30
2008,TOYOTA,Yaris,yr ncp90r,Hatchback,Automatic,Petrol,108498,5.0,JTDJW963705101032,1YK2YM,23-02-2026,4,1.3,Silver,Black,Yes,No,No,No,Yes,vic,https://www.grays.com/lot/0001-21058729/motor-vehicles-motor-cycles/2008-toyota-yaris-yr-ncp90r-automatic-hatchback,large scratch on various panels. dents or marks on body consistent with age and kilometres.,36,4900,2025-11-02
2012,HYUNDAI,I30,active gd,Hatchback,Automatic,Petrol,161855,5.0,KMHD251EMDU012784,DM83CM,Unregistered,4,1.8,White,Grey,Yes,No,Yes,Yes,Yes,nsw,https://www.grays.com/lot/0001-10351391/motor-vehicles-motor-cycles/2012-hyundai-i30-active-gd-automatic-hatchback,please refer to the photos or arrange inspection to view the condition of this vehicle.,49,3909,2025-11-11
2017,HYUNDAI,I30,active pd,Hatchback,Automatic,Petrol,134294,5.0,KMHH351EMJU004274,AMD443,28-01-2026,4,2,White,Black,Yes,Yes,Yes,Yes,Yes,vic,https://www.grays.com/lot/0001-21059063/motor-vehicles-motor-cycles/2017-hyundai-i30-active-pd-automatic-hatchback,"drivers seat worn. dents, marks, scratches on body consistent with age and kilometres. front cracked bumper. minor sureface rust visible bonnet. minor sureface rust visible bonnet.",72,9200,2025-11-11
2013,HYUNDAI,Ix35,se fwd lm,Wagon,Automatic,Petrol,139135,5.0,TMAJU81FMEJ497106,BGQ417,15-10-2025,4,2,Blue,Black Leather,Yes,Yes,Yes,Partial,Yes,vic,https://www.grays.com/lot/0001-21059114/motor-vehicles-motor-cycles/2013-hyundai-ix35-se-fwd-lm-automatic-wagon,carpet worn in places. dents or marks on body consistent with age and kilometres. medium dent on around vehicle,89,6900,2025-11-11
2019,TOYOTA,Hilux,4x4 sr gun126r,Crew Cab Chassis,Automatic,Diesel,187783,5.0,MR0KA3CD201240989,No plates,Unregistered,4,2.8,White,Black,Yes,Yes,Yes,Partial,Yes,qld,https://www.grays.com/lot/0001-50713611/motor-vehicles-motor-cycles/2019-toyota-hilux-4x4-sr-gun126r-turbo-diesel-automatic-crew-cab-chassis,dents or marks on body consistent with age and kilometres. large dent on bonnet medium dent on rhf and lhf guard,240,26900,2025-11-12
2015,HYUNDAI,Ix35,se fwd lm,Wagon,Automatic,Petrol,198909,5.0,TMAJU81FMFJ739237,1EVR220,15-12-2025,4,2,Grey,Black Leather,Yes,No,Yes,Partial,Yes,wa,https://www.grays.com/lot/0001-9065067/motor-vehicles-motor-cycles/2015-hyundai-ix35-se-fwd-lm-automatic-wagon,dents or marks on body consistent with age and kilometres. windscreen chipped or cracked. medium dent on various panels medium scratch on various panels engine light on,67,6200,2025-11-12
2015,HYUNDAI,Ix35,se fwd lm,Wagon,Automatic,Petrol,257149,5.0,TMAJU81FMFJ738945,1HYW071,Unregistered,4,2,Red,Black,Yes,Yes,Yes,Partial,Yes,wa,https://www.grays.com/lot/0001-9065069/motor-vehicles-motor-cycles/2015-hyundai-ix35-se-fwd-lm-automatic-wagon,dents or marks on body consistent with age and kilometres. windscreen chipped or cracked. large scuff on rear left medium dent on various panels medium scratch on various panels seat torn drivers,60,5109,2025-11-12
2012,MAZDA,Cx-5,maxx sport ke,Wagon,Automatic,Diesel,173476,5.0,JM0KE102100135715,1ECX584,22-01-2026,4,2.2,White,Black,Yes,Yes,No,Yes,Yes,wa,https://www.grays.com/lot/0001-9065072/motor-vehicles-motor-cycles/2012-mazda-cx-5-maxx-sport-ke-turbo-diesel-automatic-wagon,engine idling rough engine light on dents or marks on body consistent with age and kilometres.,71,4500,2025-11-12
2005,TOYOTA,Yaris,yr ncp90r,Hatchback,Automatic,Petrol,239064,5.0,JTDJW923505016275,TZR815,Unregistered,4,1.3,White,Grey,Yes,No,No,No,Yes,vic,https://www.grays.com/lot/0001-21059153/motor-vehicles-motor-cycles/2005-toyota-yaris-yr-ncp90r-automatic-hatchback,dents or marks on body consistent with age and kilometres. medium dent on rear bumper quarter panel medium dent on rear wheel arch,16,2900,2025-11-13
2020,TOYOTA,Corolla,ascent sport hybrid zwe211r,Hatchback,CVT,Hybrid,70035,5.0,JTNK93BEX03020985,1UT5EW,25-10-2025,4.0,1.8,Red,Black,Yes,Yes,Yes,Yes,Yes,vic,https://www.grays.com/lot/0001-21059266/motor-vehicles-motor-cycles/2020-toyota-corolla-ascent-sport-hybrid-zwe211r-cvt-hatchback,"front bumper cracked. medium dents, marks, scratches on body consistent with age and kilometres.",255,18700,2025-11-16
2008,TOYOTA,Corolla,ascent zre152r,Sedan,Automatic,Petrol,179793,5.0,JTNBU52E00J023755,No plates,Unregistered,4,1.8,Grey,Black,Yes,No,No,Partial,Yes,vic,https://www.grays.com/lot/0001-21059372/motor-vehicles-motor-cycles/2008-toyota-corolla-ascent-zre152r-automatic-sedan,seat torn back seat paint peeling all around vehicle dash torn or cracked windscreen chipped or cracked. paint fading roof and boot dents or marks on body consistent with age and kilometres.,42,4300,2025-11-18
2013,HYUNDAI,Ix35,se fwd lm,Wagon,Automatic,Petrol,241247,5.0,TMAJU81BMDJ476077,ZYF241,10-04-2026,4,2,Grey,Black Leather,Yes,Yes,Yes,Yes,Yes,vic,https://www.grays.com/lot/0001-21059244/motor-vehicles-motor-cycles/2013-hyundai-ix35-se-fwd-lm-automatic-wagon,medium scratch on around vehicle front seat worn drivers hail damage visible.,44,3709,2025-11-18
2012,MAZDA,Cx-5,maxx sport ke,Wagon,Automatic,Diesel,201175,5.0,JM0KE102100103631,YXF822,09-11-2025,4,2.2,Blue,Black,Yes,No,Yes,Partial,Yes,vic,https://www.grays.com/lot/0001-21059304/motor-vehicles-motor-cycles/2012-mazda-cx-5-maxx-sport-ke-turbo-diesel-automatic-wagon,"front and back seat stains. dents or marks, wear and tear on body consistent with age and kilometres. medium scratch, paint peeling on various panels",65,4309,2025-11-18
2012,MAZDA,Cx-5,maxx sport ke,Wagon,Automatic,Diesel,203160,5.0,JM0KE102100102895,1ZI4JU,30-01-2026,4,2.2,Grey,Black,Yes,No,Yes,Yes,Yes,vic,https://www.grays.com/lot/0001-21059371/motor-vehicles-motor-cycles/2012-mazda-cx-5-maxx-sport-ke-turbo-diesel-automatic-wagon,medium scratch on around vehicle,47,4000,2025-11-18
2016,TOYOTA,Camry,altise asv50r,Sedan,Automatic,Petrol,278245,5.0,6T1BF3FK10X105106,1PX5VS,18-01-2026,4,2.5,White,Black,Yes,Yes,Yes,Partial,Yes,vic,https://www.grays.com/lot/0001-21059375/motor-vehicles-motor-cycles/2016-toyota-camry-altise-asv50r-automatic-sedan,back seat stains. dents or marks on body consistent with age and kilometres. carpet worn in places. corrosion visible on chip of paint medium scratch on various panels,90,7400,2025-11-18
2013,MAZDA,3,neo bl,Hatchback,Automatic,Petrol,186717,5.0,JM0BL10F200418463,1AT3MG,10-12-2025,4,2,Grey,Black,Yes,No,Yes,Partial,Yes,vic,https://www.grays.com/lot/0001-21059377/motor-vehicles-motor-cycles/2013-mazda-3-neo-bl-automatic-hatchback,"medium dents, scratches, marks on body consistent with age and kilometres.",28,5500,2025-11-18
2014,MAZDA,Cx-5,maxx sport ke,Wagon,Automatic,Diesel,215659,5.0,JM0KE102100269189,1DV6JW,03-07-2026,4,2.2,Black,Black,Yes,Yes,Yes,Yes,Yes,vic,https://www.grays.com/lot/0001-21059393/motor-vehicles-motor-cycles/2014-mazda-cx-5-maxx-sport-ke-turbo-diesel-automatic-wagon,dents or marks on body consistent with age and kilometres.,49,4600,2025-11-18
2013,HYUNDAI,Ix35,se fwd lm,Wagon,Automatic,Petrol,171577,5.0,TMAJU81FMEJ486197,1IDE629,28-01-2026,4,2,Blue,Black,Yes,Yes,Yes,Yes,Yes,wa,https://www.grays.com/lot/0001-9065114/motor-vehicles-motor-cycles/2013-hyundai-ix35-se-fwd-lm-automatic-wagon,dents or marks on body consistent with age and kilometres.,113,8200,2025-11-18
2021,TOYOTA,Hilux,4x4 sr gun126r,Crew Cab Chassis,Automatic,Diesel,148269,5.0,MR0KA3CD801261412,1HJM704,22-02-2026,4,2.8,White,Black,Yes,Yes,Yes,Yes,Yes,wa,https://www.grays.com/lot/0001-9065164/motor-vehicles-motor-cycles/2021-toyota-hilux-4x4-sr-gun126r-turbo-diesel-automatic-crew-cab-chassis,dents or marks on body consistent with age and kilometres. engine noise observed. corrosion visible around on vehicle windscreen chipped or cracked. paint fading various panels,180,25200,2025-11-18
2021,TOYOTA,Hilux,4x4 sr gun126r,Crew Cab Chassis,Automatic,Diesel,76147,5.0,MR0KA3CD501257317,1HHU421,02-02-2026,4,2.8,White,Black,Yes,Yes,Yes,Yes,Yes,wa,https://www.grays.com/lot/0001-9065165/motor-vehicles-motor-cycles/2021-toyota-hilux-4x4-sr-gun126r-turbo-diesel-automatic-crew-cab-chassis,dents or marks on body consistent with age and kilometres. corrosion visible various areas around the vehicle damaged side mirror light back seat marks. front seat marks both seats door card worn.,288,37800,2025-11-18
2021,TOYOTA,Hilux,4x4 sr gun126r,Crew Cab Chassis,Automatic,Diesel,95880,5.0,MR0KA3CD301262709,1HKI698,19-03-2026,4,2.8,White,Black,Yes,Yes,Yes,Yes,Yes,wa,https://www.grays.com/lot/0001-9065168/motor-vehicles-motor-cycles/2021-toyota-hilux-4x4-sr-gun126r-turbo-diesel-automatic-crew-cab-chassis,dents or marks on body consistent with age and kilometres. corrosion visible around various areas. front seat worn both seats back seat worn. door card worn.,236,30100,2025-11-18
2020,TOYOTA,Hilux,4x4 sr gun126r,Crew Cab Chassis,Automatic,Diesel,92581,5.0,MR0KA3CD501253610,1HGJ661,15-12-2025,4,2.8,White,Black,Yes,Yes,Yes,Yes,Yes,wa,https://www.grays.com/lot/0001-9065170/motor-vehicles-motor-cycles/2020-toyota-hilux-4x4-sr-gun126r-turbo-diesel-automatic-crew-cab-chassis,"dents or marks on body consistent with age and kilometres. windscreen chipped or cracked. corrosion visible trayback, spots in paint and underbody paint fading various panels engine noise observed.",213,27300,2025-11-18
2021,TOYOTA,Hilux,4x4 sr gun126r,Crew Cab Chassis,Automatic,Diesel,90588,5.0,MR0KA3CD601255222,1HHG417,07-01-2026,4,2.8,White,Black,Yes,Yes,Yes,Yes,Yes,wa,https://www.grays.com/lot/0001-9065173/motor-vehicles-motor-cycles/2021-toyota-hilux-4x4-sr-gun126r-turbo-diesel-automatic-crew-cab-chassis,dents or marks on body consistent with age and kilometres. corrosion visible tray area windscreen chipped or cracked. medium scuff on various panels,173,33500,2025-11-18
2021,TOYOTA,Hilux,4x4 sr gun126r,Crew Cab Chassis,Automatic,Diesel,113737,5.0,MR0KA3CD901264626,1HLU848,01-03-2026,4,2.8,White,Black,Yes,Yes,Yes,Yes,Yes,wa,https://www.grays.com/lot/0001-9065174/motor-vehicles-motor-cycles/2021-toyota-hilux-4x4-sr-gun126r-turbo-diesel-automatic-crew-cab-chassis,"dents or marks on body consistent with age and kilometres. corrosion visible roof above windshield, trayback damaged driver side mirror windscreen chipped or cracked. paint fading various panels",213,30100,2025-11-18
2017,TOYOTA,Hilux,4x4 sr gun126r,Crew Cab Chassis,Automatic,Diesel,76690,5.0,MR0KA3CD401206973,No plates,Unregistered,4,2.8,White,Grey,Yes,Yes,No,No,Yes,nsw,https://www.grays.com/lot/0001-10351498/motor-vehicles-motor-cycles/2017-toyota-hilux-4x4-sr-gun126r-turbo-diesel-automatic-crew-cab-chassis,wear and tear on interior consistent with age and use interior heavily stained dents and marks on body consistent with age and kilometers travelled left side tyres flat extensive corrosion including structural odometer discrepency detected gearbox requires attention non runner tow away only,171,15400,2025-11-18
2017,TOYOTA,Corolla,ascent sport zre182r,Hatchback,CVT,Petrol,141472,5.0,JTNKU3JE90J560436,1YB8MS,Unregistered,4.0,1.8,White,Black,Yes,Yes,Yes,Partial,Yes,vic,https://www.grays.com/lot/0001-21059275/motor-vehicles-motor-cycles/2017-toyota-corolla-ascent-sport-zre182r-cvt-hatchback,dents or marks on body consistent with age and kilometres. windscreen chipped or cracked.,98,10800,2025-11-18
2013,MAZDA,Cx-5,maxx sport ke,Wagon,Automatic,Diesel,224634,5.0,JM0KE102100200364,CV97TI,Unregistered,4,2.2,Black,Black,Yes,No,Yes,Yes,Yes,vic,https://www.grays.com/lot/0001-21059432/motor-vehicles-motor-cycles/2013-mazda-cx-5-maxx-sport-ke-turbo-diesel-automatic-wagon,dents or marks on body consistent with age and kilometres. door card damaged. medium scratch on around vehicle paint fading roof spoiler medium scuff on around vehicle,40,3209,2025-11-19
2014,HYUNDAI,Ix35,se fwd lm,Wagon,Automatic,Petrol,214369,5.0,TMAJU81FMFJ679774,1XE8EK,25-10-2025,4,2,Grey,Black Leather,Yes,Yes,No,No,Yes,vic,https://www.grays.com/lot/0001-21059521/motor-vehicles-motor-cycles/2014-hyundai-ix35-se-fwd-lm-automatic-wagon,dents or marks on body consistent with age and kilometres. seat torn driver seat,42,3350,2025-11-19
2020,TOYOTA,Hilux,4x4 sr gun126r,Crew Cab Chassis,Automatic,Diesel,224832,5.0,MR0KA3CD201250471,1IEU024,23-11-2025,4,2.8,White,Black,Yes,No,Yes,No,Yes,wa,https://www.grays.com/lot/0001-9065209/motor-vehicles-motor-cycles/2020-toyota-hilux-4x4-sr-gun126r-turbo-diesel-automatic-crew-cab-chassis,dents or marks on body consistent with age and kilometres. door card damaged. windscreen chipped or cracked. corrosion visible various parts seat torn driver seat,298,26400,2025-11-19
2016,TOYOTA,Hilux,4x4 sr gun126r,Crew Cab Chassis,Automatic,Diesel,212233,5.0,MR0KA3CD901304011,1GEN954,03-09-2026,4,2.8,White,Black,Yes,No,Yes,Partial,Yes,wa,https://www.grays.com/lot/0001-9065275/motor-vehicles-motor-cycles/2016-toyota-hilux-4x4-sr-gun126r-turbo-diesel-automatic-crew-cab-chassis,dents or marks on body consistent with age and kilometres. windscreen chipped or cracked. door card worn.,234,21300,2025-11-19
2009,TOYOTA,Corolla,ascent zre152r,Sedan,Automatic,Petrol,179531,5.0,JTNBU52E50J039109,YPI863,15-11-2025,4.0,1.8,Red,Grey,Yes,Yes,Yes,Yes,Yes,vic,https://www.grays.com/lot/0001-21059504/motor-vehicles-motor-cycles/2009-toyota-corolla-ascent-zre152r-automatic-sedan,"dents or marks on body consistent with age and kilometres. paint peeling sun damage, bubbling and peeling all over",30,4200,2025-11-19
2009,MAZDA,3,neo bl,Hatchback,Automatic,Petrol,177351,5.0,JM0BL10F100132784,nan,Unregistered,4,2,Blue,Black,Yes,Yes,Yes,No,Yes,nsw,https://www.grays.com/lot/0001-10912968/motor-vehicles-motor-cycles/2009-mazda-3-neo-bl-automatic-hatchback,abs light on,37,3100,2025-11-23
2010,HYUNDAI,Ix35,elite awd lm,suv,Automatic,Petrol,277873,5.0,KMHJU81CSAU102472,No plates,Unregistered,4,2.4,Dark Blue,Black,Yes,Yes,Yes,Yes,Yes,nsw,https://www.grays.com/lot/0001-10912970/motor-vehicles-motor-cycles/2010-hyundai-ix35-elite-awd-lm-automatic-suv,dents or marks on body consistent with age and kilometres. damaged front lights scratched,45,2900,2025-11-23
2004,HYUNDAI,Getz,gl tb,Hatchback,Automatic,Petrol,264690,5.0,KMHBT51AR5U266395,2CS9FH,03-01-2026,4,1.5,Black,Black,Yes,No,No,No,Yes,vic,https://www.grays.com/lot/0001-21059498/motor-vehicles-motor-cycles/2004-hyundai-getz-gl-tb-automatic-hatchback,back seat stains. dents or marks on body consistent with age and kilometres. medium scratch on around vehicle,33,2300,2025-11-23
2015,MAZDA,Cx-5,maxx sport ke,Wagon,Automatic,Diesel,131435,5.0,JM0KE102200307681,1ZK4HQ,28-09-2025,4,2.2,Black,Black,Yes,Yes,Yes,Yes,Yes,vic,https://www.grays.com/lot/0001-21059499/motor-vehicles-motor-cycles/2015-mazda-cx-5-maxx-sport-ke-turbo-diesel-automatic-wagon,dents or marks on body consistent with age and kilometres. medium dent on around vehicle paint fading roof spoiler medium scratch on around vehicle paint fading various parts,90,7720,2025-11-23
2012,MAZDA,3,neo bl,Hatchback,Automatic,Petrol,176085,5.0,JM0BL10F200363234,ZMV256,09-01-2026,4,2,White,Black,Yes,Yes,Yes,Partial,Yes,vic,https://www.grays.com/lot/0001-21059570/motor-vehicles-motor-cycles/2012-mazda-3-neo-bl-automatic-hatchback,"dents or marks on body consistent with age and kilometres. windscreen chipped or cracked. medium scratch, corrosion visible around vehicle",70,5100,2025-11-23
2010,TOYOTA,Corolla,ascent zre152r,Sedan,Automatic,Petrol,217018,5.0,JTNBU52E80J056129,YCR615,13-12-2025,4,1.8,White,Black,Yes,Yes,Yes,Partial,Yes,vic,https://www.grays.com/lot/0001-21059627/motor-vehicles-motor-cycles/2010-toyota-corolla-ascent-zre152r-automatic-sedan,"air conditioning cd player central locking driver airbag electric windows park distance control rear power steering crash test star rating 5 location: 140-152 national drive, dandenong south, vic, 3175 key no: 464 (363761)",50,5100,2025-11-24
2012,HYUNDAI,I30,active gd,Hatchback,Automatic,Petrol,161855,5.0,KMHD251EMDU012784,DM83CM,Unregistered,4,1.8,White,Grey,Yes,No,Yes,Yes,Yes,nsw,https://www.grays.com/lot/0001-10351574/motor-vehicles-motor-cycles/2012-hyundai-i30-active-gd-automatic-hatchback,please refer to the photos or arrange inspection to view the condition of this vehicle.,20,1909,2025-11-25
2012,HYUNDAI,Ix35,se fwd lm,Wagon,Automatic,Petrol,181258,5.0,TMAJU81BMDJ378957,ZPQ734,20-11-2025,4,2,Grey,Black Leather,Yes,No,Yes,Partial,Yes,vic,https://www.grays.com/lot/0001-21059713/motor-vehicles-motor-cycles/2012-hyundai-ix35-se-fwd-lm-automatic-wagon,"dents or marks, wear and tear consistent with age and kilometres. driver seat worn.",65,4600,2025-11-25
2014,HYUNDAI,Ix35,elite awd lm,Wagon,Automatic,Petrol,324711,5.0,KMHJU81GSEU940424,No plates,Unregistered,4,2.4,Silver,Multi,Yes,Yes,Yes,Yes,Yes,sa,https://www.grays.com/lot/0001-60049620/motor-vehicles-motor-cycles/2014-hyundai-ix35-elite-awd-lm-automatic-wagon,please refer to the photos or arrange inspection to view the condition of this vehicle.,35,2509,2025-11-25
2017,TOYOTA,Camry,altise asv50r,Sedan,Automatic,Petrol,217150,5.0,6T1BF3FK70X108883,1HTR565,07-12-2025,4,2.5,White,Black,Yes,Yes,Yes,No,Yes,wa,https://www.grays.com/lot/0001-9065291/motor-vehicles-motor-cycles/2017-toyota-camry-altise-asv50r-automatic-sedan,dents or marks on body consistent with age and kilometres. windscreen chipped or cracked. medium scratch on body panel paint peeling door handles,106,8400,2025-11-25
2008,TOYOTA,Yaris,yr ncp90r,Hatchback,Automatic,Petrol,197338,5.0,JTDKW92340J011340,No plates,Unregistered,4,1.3,Black,Black,Yes,Yes,Yes,Partial,Yes,qld,https://www.grays.com/lot/0001-50517424/motor-vehicles-motor-cycles/2008-toyota-yaris-yr-ncp90r-automatic-hatchback,paint peeling various panels dents or marks on body consistent with age and kilometres. rhr bumper cracked bumper.,47,3410,2025-11-26
2013,HYUNDAI,Ix35,se fwd lm,Wagon,Automatic,Petrol,139197,5.0,TMAJU81FMEJ497106,BGQ417,15-10-2025,4,2,Purple,Black Leather,Yes,Yes,Yes,Partial,Yes,vic,https://www.grays.com/lot/0001-21059802/motor-vehicles-motor-cycles/2013-hyundai-ix35-se-fwd-lm-automatic-wagon,carpet worn in places. carpet worn in places. seat torn drivers seat torn drivers dents or marks on body consistent with age and kilometres. dents or marks on body consistent with age and kilometres. medium dent on front left fender medium dent on front left fender,74,6300,2025-11-30
2012,MAZDA,Cx-5,maxx sport ke,Wagon,Automatic,Diesel,137059,5.0,JM0KE102100108848,CXE16L,5/11/2025,4,2.2,Red,Black,Yes,No,Yes,Partial,Yes,nsw,https://www.grays.com/lot/0001-10351627/motor-vehicles-motor-cycles/2012-mazda-cx-5-maxx-sport-ke-turbo-diesel-automatic-wagon,please refer to the photos or arrange inspection to view the condition of this vehicle.,73,6509,2025-12-02
2012,MAZDA,Cx-5,maxx sport ke,Wagon,Automatic,Diesel,175885,5.0,JM0KE102100103138,1HOS890,26-06-2026,4,2.2,White,Charcoal,Yes,Yes,Yes,Partial,Yes,wa,https://www.grays.com/lot/0001-9065505/motor-vehicles-motor-cycles/2012-mazda-cx-5-maxx-sport-ke-turbo-diesel-automatic-wagon,windscreen chipped or cracked. dents or marks on body consistent with age and kilometres. medium scratch on various panels,103,6300,2025-12-02
2011,HYUNDAI,Ix35,elite awd lm,Wagon,Automatic,Petrol,242279,5.0,KMHJU81CSBU298721,1DQC872,21-12-2025,4,2.4,White,Black Leather,Yes,No,Yes,Partial,Yes,wa,https://www.grays.com/lot/0001-9065540/motor-vehicles-motor-cycles/2011-hyundai-ix35-elite-awd-lm-automatic-wagon,dents or marks on body consistent with age and kilometres. medium dent on various panels front seat worn drivers seat medium scuff on rear left quater paint peeling clear coat peeling on bonnet windscreen chipped or cracked.,59,3309,2025-12-03
2021,TOYOTA,Hilux,4x4 sr gun126r,Crew Cab Chassis,Automatic,Diesel,107061,5.0,MR0KA3CDX01262707,1HLH534,28-01-2026,4,2.8,White,Charcoal,Yes,Yes,Yes,Yes,Yes,wa,https://www.grays.com/lot/0001-9065572/motor-vehicles-motor-cycles/2021-toyota-hilux-4x4-sr-gun126r-turbo-diesel-automatic-crew-cab-chassis,dents or marks on body consistent with age and kilometres. medium scratch on various panels,142,28000,2025-12-03
2021,TOYOTA,Hilux,4x4 sr gun126r,Crew Cab Chassis,Automatic,Diesel,105915,5.0,MR0KA3CD201262765,1HJM737,27-02-2026,4,2.8,White,Charcoal,Yes,Yes,Yes,Yes,Yes,wa,https://www.grays.com/lot/0001-9065582/motor-vehicles-motor-cycles/2021-toyota-hilux-4x4-sr-gun126r-turbo-diesel-automatic-crew-cab-chassis,dents or marks on body consistent with age and kilometres. medium scratch on various panels front seat worn both,197,28800,2025-12-04
2022,TOYOTA,Hilux,4x4 sr gun126r,Crew Cab Chassis,Automatic,Diesel,68524,5.0,MR0KA3CD601316780,1HOT492,06-04-2026,4,2.8,White,Grey,Yes,Yes,Yes,Yes,Yes,wa,https://www.grays.com/lot/0001-9065585/motor-vehicles-motor-cycles/2022-toyota-hilux-4x4-sr-gun126r-turbo-diesel-automatic-crew-cab-chassis,dents or marks on body consistent with age and kilometres. front seat worn both paint peeling on various panels paint fading on various panels,155,35200,2025-12-04
2020,TOYOTA,Hilux,4x4 sr gun126r,Crew Cab Chassis,Automatic,Diesel,197090,5.0,MR0KA3CDX01312490,1HFN519,23-05-2026,4,2.8,White,Charcoal,Yes,Yes,Yes,No,Yes,wa,https://www.grays.com/lot/0001-9065587/motor-vehicles-motor-cycles/2020-toyota-hilux-4x4-sr-gun126r-turbo-diesel-automatic-crew-cab-chassis,dents or marks on body consistent with age and kilometres. medium dent on rear left door medium scratch on rear left door,194,27700,2025-12-04
2018,TOYOTA,Camry,ascent hybrid axvh71r,Sedan,CVT,Hybrid,132821,5.0,JTNB23HK403019347,1TD1ZX,Unregistered,4.0,2.5,White,Grey,Yes,Yes,Yes,Yes,Yes,vic,https://www.grays.com/lot/0001-21048482/motor-vehicles-motor-cycles/2018-toyota-camry-ascent-hybrid-axvh71r-cvt-sedan,medium scratch on front bar dents or marks on body consistent with age and kilometres.,59,19300,2025-12-05
2009,HYUNDAI,Getz,sx tb,Hatchback,Automatic,Petrol,198695,5.0,KMHBT51BR9U919578,XDQ571,17-07-2026,4,1.6,Red,Black,Yes,Yes,Yes,Partial,Yes,vic,https://www.grays.com/lot/0001-21060123/motor-vehicles-motor-cycles/2009-hyundai-getz-sx-tb-automatic-hatchback,dents or marks on body consistent with age and kilometres. damaged left rear taillight paint peeling door mirrors and door handles medium scratch on around vehicle,27,2209,2025-12-08
2014,MAZDA,Cx-5,maxx sport ke,Wagon,Automatic,Diesel,188988,5.0,JM0KE102100278244,1EUG764,21-02-2026,4,2.2,Dark Grey,Charcoal,Yes,Yes,Yes,Yes,Yes,wa,https://www.grays.com/lot/0001-9065756/motor-vehicles-motor-cycles/2014-mazda-cx-5-maxx-sport-ke-turbo-diesel-automatic-wagon,dents or marks on body consistent with age and kilometres. medium scratch on various panels front seat marks drivers seat,132,8200,2025-12-16
2006,HYUNDAI,Getz,sx tb,Hatchback,Automatic,Petrol,138300,5.0,KMHBT31BR6U153411,1CKQ470,19-09-2026,4,1.6,White,Charcoal,Yes,No,No,Yes,Yes,wa,https://www.grays.com/lot/0001-9065788/motor-vehicles-motor-cycles/2006-hyundai-getz-sx-tb-automatic-hatchback,dents or marks on body consistent with age and kilometres. medium scratch on various panels,55,3220,2025-12-16
2012,HYUNDAI,Ix35,se fwd lm,Wagon,Automatic,Petrol,287170,5.0,TMAJU81BMDJ377938,ZOW058,01-02-2026,4,2,White,Black Leather,Yes,No,Yes,No,Yes,vic,https://www.grays.com/lot/0001-21060233/motor-vehicles-motor-cycles/2012-hyundai-ix35-se-fwd-lm-automatic-wagon,seat torn drivers airbag light on large dent on around vehicle corrosion visible around vehicle dents or marks on body consistent with age and kilometres. radio requires attention.,31,4400,2025-12-16
2015,HYUNDAI,I30,active gd,Hatchback,Automatic,Petrol,253691,5.0,KMHD251EMGU293244,1FL5HZ,15-01-2026,4,1.8,Blue,Black,Yes,No,Yes,Partial,Yes,vic,https://www.grays.com/lot/0001-21060764/motor-vehicles-motor-cycles/2015-hyundai-i30-active-gd-automatic-hatchback,"paint fading, medium dents and scuffs various panels. dents or marks on body consistent with age and kilometres. large dent on rear bumper with hole comment: reversing camera screen requireas attention. comment: reversing camera screen requireas attention.",58,3000,2025-12-17
2016,TOYOTA,Camry,altise asv50r,Sedan,Automatic,Petrol,253010,5.0,6T1BF3FK40X087085,1TQ3RV,08-01-2026,4,2.5,Grey,Grey,Yes,No,Yes,Partial,Yes,vic,https://www.grays.com/lot/0001-21060766/motor-vehicles-motor-cycles/2016-toyota-camry-altise-asv50r-automatic-sedan,dents or marks on body consistent with age and kilometres. small dent on passenger side front door,146,8100,2025-12-17
2012,MAZDA,3,maxx sport bl,Hatchback,Automatic,Petrol,218654,5.0,JM0BL10F200371953,ZRP337,11-04-2026,4,2,Silver,Black,Yes,Yes,No,Partial,Yes,vic,https://www.grays.com/lot/0001-21060768/motor-vehicles-motor-cycles/2012-mazda-3-maxx-sport-bl-automatic-hatchback,carpet worn in places. dash requires attention. seat torn driver seat dents or marks on body consistent with age and kilometres.,53,4700,2025-12-17
2014,HYUNDAI,I30,active gd,Hatchback,Automatic,Petrol,160092,5.0,KMHD251EMEU185328,1BV8VF,25-12-2025,4,1.8,Silver,Black,Yes,No,Yes,Partial,Yes,vic,https://www.grays.com/lot/0001-21060774/motor-vehicles-motor-cycles/2014-hyundai-i30-active-gd-automatic-hatchback,medium scratch various panels. paint fading roof/roof spoiler,97,5909,2025-12-17
2011,HYUNDAI,Ix35,elite awd lm,Wagon,Automatic,Petrol,235031,5.0,KMHJU81CSBU334009,YMS130,15-01-2026,4,2.4,Blue,Black Leather,Yes,Yes,Yes,Partial,Yes,vic,https://www.grays.com/lot/0001-21060866/motor-vehicles-motor-cycles/2011-hyundai-ix35-elite-awd-lm-automatic-wagon,medium scuff on around vehicle large scratch on around vehicle dents or marks on body consistent with age and kilometres. front seat worn driver side windscreen chipped or cracked. paint fading on various panels,56,3000,2025-12-22
2012,TOYOTA,Camry,altise asv50r,Sedan,Automatic,Petrol,320155,5.0,6T1BF3FK80X018321,1EBR057,07-01-2026,4,2.5,Silver,Black,Yes,No,Yes,Yes,Yes,wa,https://www.grays.com/lot/0001-9065973/motor-vehicles-motor-cycles/2012-toyota-camry-altise-asv50r-automatic-sedan,"dents or marks on body consistent with age and kilometres. front seat marks driver, passenger engine noise observed.",42,3220,2025-12-22
2014,TOYOTA,Corolla,ascent zre172r,Sedan,CVT,Petrol,450489,5.0,MR053REH205252758,1HZS824,31-12-2025,4,1.8,White,Charcoal,Yes,Yes,Yes,No,Yes,wa,https://www.grays.com/lot/0001-9065978/motor-vehicles-motor-cycles/2014-toyota-corolla-ascent-zre172r-cvt-sedan,dents or marks on body consistent with age and kilometres. engine light on traction control light on front seat worn drivers medium scuff on rear bumper,51,3209,2025-12-22
2017,HYUNDAI,I30,active pd,Hatchback,Automatic,Petrol,102923,5.0,KMHH351EMJU047340,2EC5QE,22-03-2026,4,2,Grey,Black,Yes,Yes,Yes,Partial,Yes,vic,https://www.grays.com/lot/0001-21063433/motor-vehicles-motor-cycles/2017-hyundai-i30-active-pd-automatic-hatchback,dents or marks on body consistent with age and kilometres. paint fading spoiler medium scratch on various panels,75,12195,2026-01-03
2006,TOYOTA,Yaris,yr ncp90r,Hatchback,Automatic,Petrol,175309,5.0,JTDJW923005028205,1DS4XX,07-01-2027,4,1.3,Silver,Grey,Yes,No,Yes,No,Yes,vic,https://www.grays.com/lot/0001-21063438/motor-vehicles-motor-cycles/2006-toyota-yaris-yr-ncp90r-automatic-hatchback,front seat stains both seat torn driver seat medium scratch on around vehicle paint peeling around vehicle medium dent on around vehicle,54,4009,2026-01-03
2013,MAZDA,Cx-5,maxx sport ke,Wagon,Automatic,Diesel,240094,5.0,JM0KE102100229869,1AQ3ZY,24-12-2025,4,2.2,Dark Grey,Black,Yes,Yes,Yes,Yes,Yes,vic,https://www.grays.com/lot/0001-21061732/motor-vehicles-motor-cycles/2013-mazda-cx-5-maxx-sport-ke-turbo-diesel-auto-wagon,medium scratch on around vehicle hail damage visible. dents or marks on body consistent with age and kilometres.,72,3809,2026-01-18
2012,MAZDA,Cx-5,maxx sport ke,Wagon,Automatic,Diesel,158274,5.0,JM0KE102100110749,No plates,Unregistered,4,2.2,White,Black,Yes,Yes,Yes,Yes,Yes,vic,https://www.grays.com/lot/0001-21061841/motor-vehicles-motor-cycles/2012-mazda-cx-5-maxx-sport-ke-turbo-diesel-automatic-wagon,dents or marks on body consistent with age and kilometres. paint cracked rear bumper medium scuff on various panels,84,6601,2026-01-20
2015,MAZDA,Cx-5,maxx sport ke,Wagon,Automatic,Diesel,151040,5.0,JM0KE102200319896,1EVS907,01-03-2026,4,2.2,Navy Blue,Charcoal,Yes,No,Yes,Yes,Yes,wa,https://www.grays.com/lot/0001-9066386/motor-vehicles-motor-cycles/2015-mazda-cx-5-maxx-sport-ke-turbo-diesel-automatic-wagon,engine cooling system requires attention. mehcnaic comment - suspect head gasket failure causing over pressurization of cooling system leading to the blow off of lower hose fromradiator. chemi-weld particles inside cooling system indicating a possible head gasket dents or marks on body consistent with age and kilometres. front seat worn drivers windscreen chipped or cracked. dents or marks on body consistent with age and kilometres.,35,3100,2026-01-20
2013,TOYOTA,Corolla,ascent zre182r,Hatchback,CVT,Petrol,264150,5.0,JTNKU3JE90J046473,1MY3PO,22-02-2026,4,1.8,Silver,Black,Yes,No,Yes,Partial,Yes,vic,https://www.grays.com/lot/0001-21061929/motor-vehicles-motor-cycles/2013-toyota-corolla-ascent-zre182r-cvt-hatchback,front seat worn drivers dents or marks on body consistent with age and kilometres. paint peeling around vehicle medium scuff on front bar,82,6000,2026-01-21
2015,MAZDA,Cx-5,maxx sport ke,Wagon,Automatic,Diesel,110899,5.0,JM0KE102200356176,1GQ9LD,22-01-2026,4,2.2,Grey,Black,Yes,Yes,Yes,Yes,Yes,vic,https://www.grays.com/lot/0001-21061907/motor-vehicles-motor-cycles/2015-mazda-cx-5-maxx-sport-ke-turbo-diesel-automatic-wagon,front seat worn drivers medium scratch on around vehicle,93,10200,2026-01-21
2010,MAZDA,3,maxx sport bl,Hatchback,Automatic,Petrol,122661,5.0,JM0BL10F100205984,YGP878,09-03-2026,4,2,Grey,Black Leather,Yes,Yes,Yes,Yes,Yes,vic,https://www.grays.com/lot/0001-21061951/motor-vehicles-motor-cycles/2010-mazda-3-maxx-sport-bl-automatic-hatchback,door mirror broken both large scuff on around vehicle damaged rhr reflector dents or marks on body consistent with age and kilometres.,53,5300,2026-01-21
2013,HYUNDAI,Ix35,se fwd lm,Wagon,Automatic,Petrol,202756,5.0,TMAJU81FMEJ486093,1EJP245,30-07-2026,4,2,Silver,Black Leather,Yes,No,Yes,Yes,Yes,wa,https://www.grays.com/lot/0001-9066420/motor-vehicles-motor-cycles/2013-hyundai-ix35-se-fwd-lm-automatic-wagon,dents or marks on body consistent with age and kilometres. seat torn drivers medium scratch on various panels,62,5100,2026-01-21
2018,TOYOTA,Corolla,ascent sport hybrid zwe211r,Hatchback,CVT,Hybrid,89285,5.0,JTNK93BE303004921,No plates,Unregistered,4,1.8,White,Grey,Yes,No,Yes,No,Yes,nsw,https://www.grays.com/lot/0001-10352221/motor-vehicles-motor-cycles/2018-toyota-corolla-ascent-sport-hybrid-zwe211r-cvt-hatchback,medium scratch on rear bar large dent on drivers rear door hail damage visible. front bar damaged cracked bumper.,66,13500,2026-01-24
2014,HYUNDAI,Ix35,se fwd lm,Wagon,Automatic,Petrol,206600,5.0,TMAJU81FMFJ643284,No plates,Unregistered,4,2,Silver,Black,Yes,Yes,Yes,Partial,Yes,nsw,https://www.grays.com/lot/0001-10352299/motor-vehicles-motor-cycles/2014-hyundai-ix35-se-fwd-lm-automatic-wagon,medium dent on passenger side rear door reverse camera not working seat torn drivers seat medium scratch on rear panel,9,509,2026-01-24
2010,MAZDA,3,neo bl,Hatchback,Automatic,Petrol,252050,5.0,JM0BL10F100205360,DP88MD,Unregistered,4,2,Blue,Black,Yes,Yes,Yes,Partial,Yes,nsw,https://www.grays.com/lot/0001-10352329/motor-vehicles-motor-cycles/2010-mazda-3-neo-bl-automatic-hatchback,"medium dent on front bumper bar, passenger side cant rail paint fading rear spoiler, rear bumper bar damaged inner taillights on tailgate engine light on medium scratch on front bumper, side rear quarter",0,9,2026-01-24
2015,MAZDA,Cx-5,maxx sport ke,Wagon,Automatic,Diesel,188218,5.0,JM0KE102200336957,1ZW1OZ,15-01-2026,4,2.2,Pearl White,Black,Yes,No,No,No,Yes,vic,https://www.grays.com/lot/0001-21061967/motor-vehicles-motor-cycles/2015-mazda-cx-5-maxx-sport-ke-turbo-diesel-automatic-wagon,medium scratch on front bumper paint cracked on various panels,49,4900,2026-01-25
2012,MAZDA,Cx-5,maxx sport ke,Wagon,Automatic,Diesel,201235,5.0,JM0KE102100103631,YXF822,09-02-2026,4,2.2,Blue,Black,Yes,No,Yes,Partial,Yes,vic,https://www.grays.com/lot/0001-21062103/motor-vehicles-motor-cycles/2012-mazda-cx-5-maxx-sport-ke-turbo-diesel-automatic-wagon,engine light on broken rear tail light windscreen chipped. dents or marks on body,5,209,2026-01-25
2018,TOYOTA,Hilux,4x4 sr gun126r,Crew Cab Chassis,Automatic,Diesel,184502,5.0,MR0KA3CD001307136,1NO8FQ,31-08-2026,4,2.8,White,Black,Yes,No,Yes,Partial,Yes,vic,https://www.grays.com/lot/0001-21062122/motor-vehicles-motor-cycles/2018-toyota-hilux-4x4-sr-gun126r-turbo-diesel-automatic-crew-cab-chassis,seat torn drivers back seat stains. large scratch on around vehicle,146,10400,2026-01-25
2012,TOYOTA,Corolla,ascent sport zre182r,Hatchback,Automatic,Petrol,226709,5.0,JTNKU3JE80J009950,1RS2DF,04-02-2026,4.0,1.8,Orange,Black,Yes,No,Yes,Partial,Yes,vic,https://www.grays.com/lot/0001-21062246/motor-vehicles-motor-cycles/2012-toyota-corolla-ascent-sport-zre182r-automatic-hatchback,front seat worn passenger seat burn hole large scratch on around vehicle dents or marks on body consistent with age and kilometres.,76,7109,2026-02-01
2017,HYUNDAI,I30,active pd,Hatchback,Automatic,Petrol,80158,5.0,KMHH351EMJU044068,1ISY071,17-03-2026,4.0,2,White,Black,Yes,No,Yes,Yes,Yes,wa,https://www.grays.com/lot/0001-9066713/motor-vehicles-motor-cycles/2017-hyundai-i30-active-pd-automatic-hatchback,"dents or marks on body marks on back and front seats, tear in driver`s seat windscreen chipped or cracked. other warning light on engine requires rebuild or replacement, bottom end knock/failure, noise when accellerating. tyre pressure low warning",73,7100,2026-02-01
2015,MAZDA,Cx-5,maxx sport ke,Wagon,Automatic,Diesel,131944,5.0,JM0KE102200307681,1ZK4HQ,28-12-2025,4.0,2.2,Black,Black,Yes,Yes,Yes,Partial,Yes,vic,https://www.grays.com/lot/0001-21062248/motor-vehicles-motor-cycles/2015-mazda-cx-5-maxx-sport-ke-turbo-diesel-automatic-wagon,dents or marks on body consistent with age and kilometres.,101,10300,2026-02-01
2015,TOYOTA,Camry,altise asv50r,Sedan,Automatic,Petrol,222640,5.0,6T1BF3FKX0X071179,1RC8GF,28-04-2026,4.0,2.5,Silver,Black,Yes,No,No,No,Yes,vic,https://www.grays.com/lot/0001-21062282/motor-vehicles-motor-cycles/2015-toyota-camry-altise-asv50r-automatic-sedan,dents or marks on body consistent with age and kilometres. windscreen chipped or cracked. medium scratch on around vehicle medium dent on left rear passenger door,129,8400,2026-02-02
2009,MAZDA,3,maxx sport bl,Hatchback,Automatic,Petrol,136715,5.0,JM0BL10F100104223,ZAS251,17-04-2026,4,2,Grey,Black,Yes,No,No,No,Yes,vic,https://www.grays.com/lot/0001-21063417/motor-vehicles-motor-cycles/2009-mazda-3-maxx-sport-bl-automatic-hatchback,dents or marks on body consistent with age and kilometres. paint fading boot spoiler,48,5600,2026-02-03
2017,HYUNDAI,I30,active pd,Hatchback,Automatic,Petrol,172326,5.0,KMHH351EMJU026285,No plates,Unregistered,4.0,2,White,Black,Yes,No,Yes,Partial,Yes,qld,https://www.grays.com/lot/0001-50714383/motor-vehicles-motor-cycles/2017-hyundai-i30-active-pd-automatic-hatchback,dents or marks on body consistent with age and kilometres. front cracked bumper. engine requires attention,79,6200,2026-02-04
2007,TOYOTA,Corolla,ascent zre152r,Sedan,Automatic,Petrol,258066,5.0,JTNBU52E60J002151,2EB4XF,24-03-2026,4,1.8,Black,Black,Yes,Yes,Yes,No,Yes,vic,https://www.grays.com/lot/0001-21062590/motor-vehicles-motor-cycles/2007-toyota-corolla-ascent-zre152r-automatic-sedan,dents or marks on body consistent with age and kilometres. body/panel damage front and rear bar paint fading around vehicle engine light on back seat stains. seat torn driver side door mirror broken driver side paint fading on various panels medium scratch on various panels medium dent on various panels carpet worn in places.,35,2210,2026-02-08
2019,TOYOTA,Camry,ascent sport hybrid axvh71r,Sedan,CVT,Hybrid,71676,5.0,JTNB23HK803058149,No plates,Unregistered,4.0,2.5,White,Black,Yes,Yes,Yes,Partial,Yes,qld,https://www.grays.com/lot/0001-50714548/motor-vehicles-motor-cycles/2019-toyota-camry-ascent-sport-hybrid-axvh71r-cvt-sedan,dents or marks on body consistent with age and kilometres.,125,12400,2026-02-12
2016,TOYOTA,Camry,Altise ASV50R,Sedan,Automatic,Petrol,185199,5.0,6T1BF3FK90X099720,1VG5XO,21-02-2026,4,2.5,White,Black,Yes,Yes,No,No,Yes,VIC,https://www.grays.com/lot/0001-21062743/motor-vehicles-motor-cycles/2016-toyota-camry-altise-asv50r-automatic-sedan,"Dents or marks on body consistent with age and kilometres.
Rear bumper Cracked bumper.
Medium Scratch on various panels
Sticker peeling inside door handle
Medium Scuff on front bumper",124,9350,2026-02-15
2016,TOYOTA,Camry,Altise ASV50R,Sedan,Automatic,Petrol,175664,5.0,6T1BF3FK90X094033,No plates,Unregistered,4,2.5,White,Black,Yes,No,No,No,Yes,QLD,https://www.grays.com/lot/0001-50714500/motor-vehicles-motor-cycles/2016-toyota-camry-altise-asv50r-automatic-sedan,"Dents or marks on body consistent with age and kilometres.
Back Seat Stains.",130,9700,2026-02-16
2018,TOYOTA,Camry,Ascent ASV70R,Sedan,Automatic,Petrol,243458,5.0,JTNBF3HKX03018501,1RO3YZ,14-03-2026,4,2.5,Silver,Grey,Yes,No,Yes,Partial,Yes,VIC,https://www.grays.com/lot/0001-21062896/motor-vehicles-motor-cycles/2018-toyota-camry-ascent-asv70r-automatic-sedan,"Medium Dent on Boot
Medium Scratch on Around vehicle
Windscreen Chipped or Cracked.",119,10500,2026-02-17
2021,TOYOTA,Hilux,4x4 SR GUN126R,Crew Cab Chassis,Automatic,Diesel,152266,5.0,MR0KA3CD201257324,1HHC150,06-04-2026,4,2.8,White,Charcoal,Yes,Yes,Yes,Partial,Yes,WA,https://www.grays.com/lot/0001-9066942/motor-vehicles-motor-cycles/2021-toyota-hilux-4x4-sr-gun126r-turbo-diesel-automatic-crew-cab-chassis,"Dents or marks on body consistent with age and kilometres.
Medium Dent on Front right quater panel
Windscreen Chipped or Cracked.",131,32201,2026-02-17
2007,TOYOTA,Corolla,ascent zre152r,Sedan,Automatic,Petrol,258066,5.0,JTNBU52E60J002151,2EB4XF,24-03-2026,4.0,1.8,Black,Black,Yes,Yes,Yes,No,Yes,vic,https://www.grays.com/lot/0001-21062966/motor-vehicles-motor-cycles/2007-toyota-corolla-ascent-zre152r-automatic-sedan,dents or marks on body consistent with age and kilometres. body/panel damage front and rear bar paint fading around vehicle engine light on back seat stains. seat torn driver side door mirror broken driver side paint fading on various panels medium scratch on various panels medium dent on various panels carpet worn in places.,32,2609,2026-02-18
2013,HYUNDAI,Ix35,se fwd lm,Wagon,Automatic,Petrol,191062,5.0,TMAJU81FMEJ521858,1BN8VP,24-03-2026,4,2,Silver,Black Leather,Yes,Yes,Yes,Yes,Yes,vic,https://www.grays.com/lot/0001-21062960/motor-vehicles-motor-cycles/2013-hyundai-ix35-se-fwd-lm-automatic-wagon,medium scratch on around vehicle dents or marks on body consistent with age and kilometres. paint fading on various panels,42,4700,2026-02-18
2012,MAZDA,Cx-5,maxx sport ke,Wagon,Automatic,Diesel,265615,5.0,JM0KE102100127580,1DW9TA,30-01-2027,4,2.2,White,Black,Yes,Yes,Yes,Partial,Yes,vic,https://www.grays.com/lot/0001-21063018/motor-vehicles-motor-cycles/2012-mazda-cx-5-maxx-sport-ke-turbo-diesel-automatic-wagon,dents or marks on body consistent with age and kilometres,111,7701,2026-02-18
2017,HYUNDAI,I30,active pd,Hatchback,Automatic,Petrol,147268,5.0,KMHH351EMJU039086,APH292,18-12-2026,4,2,Grey,Black,Yes,Yes,Yes,Yes,Yes,vic,https://www.grays.com/lot/0001-21063021/motor-vehicles-motor-cycles/2017-hyundai-i30-active-pd-automatic-hatchback,dents or marks on body consistent with age and kilometres.,119,12300,2026-02-18
2012,TOYOTA,Camry,altise asv50r,Sedan,Automatic,Petrol,244825,5.0,6T1BF3FK60X006278,1EX1TT,15-04-2026,4,2.5,White,Grey,Yes,Yes,Yes,Partial,Yes,vic,https://www.grays.com/lot/0001-21063067/motor-vehicles-motor-cycles/2012-toyota-camry-altise-asv50r-automatic-sedan,paint fading bonnet front bumper cracked bumper. medium dent on driver side back door medium scratch on door panel dents or marks on body consistent with age and kilometres.,86,6551,2026-02-19
2010,TOYOTA,Yaris,yr ncp90r,Hatchback,Automatic,Petrol,189009,5.0,JTDKW923805172556,No plates,Unregistered,4.0,1.3,Silver,Grey,Yes,No,No,No,Yes,vic,https://www.grays.com/lot/0001-21063149/motor-vehicles-motor-cycles/2010-toyota-yaris-yr-ncp90r-automatic-hatchback,"driver seat stains large scratches, medium scuffs around vehicle dents or marks on body consistent with age and kilometres. interior: reverse sensor requires attention, exterior: paint faded in areas interior: reverse sensor requires attention, exterior: paint faded in areas",50,4260,2026-02-22
2013,HYUNDAI,I30,active gd,Hatchback,Automatic,Petrol,119216,5.0,KMHD251EMDU081217,1PS5WQ,24-01-2026,4.0,1.8,White,Grey,Yes,No,Yes,Yes,Yes,vic,https://www.grays.com/lot/0001-21063202/motor-vehicles-motor-cycles/2013-hyundai-i30-active-gd-automatic-hatchback,dents or marks on body consistent with age and kilometres. medium scratch on around vehicle rear cracked bumper.,79,6159,2026-02-23
2007,TOYOTA,Corolla,ascent zre152r,Sedan,Automatic,Petrol,180943,5.0,JTNBU52E702012858,BVA28R,24-01-2026,4.0,1.8,Red,Black,Yes,Yes,Yes,Partial,Yes,nsw,https://www.grays.com/lot/0001-10352764/motor-vehicles-motor-cycles/2007-toyota-corolla-ascent-zre152r-automatic-sedan,"paint peeling bonnet, roof, bootlid large scratch on passenger side rear door and quarter panel large dent on drivers door paint cracked rear bumper bar",30,3900,2026-02-24
2011,TOYOTA,Yaris,yr ncp90r,Hatchback,Automatic,Petrol,96237,5.0,JTDKW923405189046,YOV176,19-03-2026,4,1.3,Pink,Grey,Yes,Yes,Yes,Yes,Yes,vic,https://www.grays.com/lot/0001-21063307/motor-vehicles-motor-cycles/2011-toyota-yaris-yr-ncp90r-automatic-hatchback,medium scuff on around vehicle medium dent on around vehicle,77,6900,2026-02-25
2015,MAZDA,Cx-5,maxx sport ke,Wagon,Automatic,Diesel,201863,5.0,JM0KE102200320727,nan,Unregistered,4,2.2,Grey,Black,Yes,Yes,Yes,Yes,Yes,qld,https://www.grays.com/lot/0001-50714592/motor-vehicles-motor-cycles/2015-mazda-cx-5-maxx-sport-ke-turbo-diesel-automatic-wagon,dents or marks on body consistent with age and kilometres. windscreen chipped or cracked.,56,4500,2026-02-25
2015,MAZDA,Cx-5,maxx sport ke,Wagon,Automatic,Diesel,168465,5.0,JM0KE102200346042,nan,Unregistered,4,2.2,White,Black,Yes,Yes,Yes,Yes,Yes,qld,https://www.grays.com/lot/0001-50714667/motor-vehicles-motor-cycles/2015-mazda-cx-5-maxx-sport-ke-turbo-diesel-automatic-wagon,"dents or marks on body consistent with age and kilometres. front seat worn both, large dent on rear bumper",94,8400,2026-02-25
2006,HYUNDAI,Getz,sx tb,Hatchback,Automatic,Petrol,238977,5.0,KMHBT51BR7U636635,1HKK271,14-03-2026,4,1.6,White,Charcoal,Yes,No,No,No,Yes,wa,https://www.grays.com/lot/0001-9067176/motor-vehicles-motor-cycles/2006-hyundai-getz-sx-tb-automatic-hatchback,dents or marks on body consistent with age and kilometres. medium dent on various panels paint fading various panels front bumper cracked bumper.,21,1809,2026-02-25
2007,TOYOTA,Corolla,ascent zre152r,Sedan,Automatic,Petrol,180943,5.0,JTNBU52E702012858,BVA28R,24-01-2026,4.0,1.8,Red,Black,Yes,Yes,Yes,Partial,Yes,nsw,https://www.grays.com/lot/0001-10352888/motor-vehicles-motor-cycles/2007-toyota-corolla-ascent-zre152r-automatic-sedan,"paint peeling bonnet, roof, bootlid large scratch on passenger side rear door and quarter panel large dent on drivers door paint cracked rear bumper bar",50,3800,2026-03-10
2013,MAZDA,Cx-5,maxx sport ke,Wagon,Automatic,Diesel,197783,5.0,JM0KE102100211573,2AG7NQ,29-08-2026,4.0,2.2,Blue,Black,Yes,Yes,Yes,Yes,Yes,vic,https://www.grays.com/lot/0001-21063675/motor-vehicles-motor-cycles/2013-mazda-cx-5-maxx-sport-ke-turbo-diesel-automatic-wagon,dents or marks on body consistent with age and kilometres. medium scratches around vehicle paint fading rear spoiler,35,3109,2026-03-10
2014,HYUNDAI,I30,active gd,Hatchback,Automatic,Petrol,120483,5.0,KMHD251EMEU216913,1CS9IZ,28-08-2026,4.0,1.8,Blue,Black,Yes,No,No,Partial,Yes,vic,https://www.grays.com/lot/0001-21063777/motor-vehicles-motor-cycles/2014-hyundai-i30-active-gd-automatic-hatchback,front cracked bumper. medium scratch on around vehicle engine noise observed.,37,2909,2026-03-10
2012,MAZDA,Cx-5,maxx sport ke,Wagon,Automatic,Diesel,268585,5.0,JM0KE102100135554,CJS44E,Unregistered,4.0,2.2,Red,Black,Yes,Yes,Yes,Partial,Yes,nsw,https://www.grays.com/lot/0001-10352936/motor-vehicles-motor-cycles/2012-mazda-cx-5-maxx-sport-ke-turbo-diesel-automatic-wagon,"large dent on passenger side front guard door mirror broken passenger side paint peeling rear spoiler, bonnet, roof, passenger side cant rail medium dent on bumper bars, tailgate seat torn drivers seat other warning light on",44,3509,2026-03-10
2015,TOYOTA,Hilux,4x4 sr gun126r,Crew Cab Chassis,Automatic,Diesel,243150,5,MR0KA3CD401188362,1EYP931,06-05-2026,4.0,2.8,White,Charcoal,Yes,Yes,Yes,Partial,Yes,wa,https://www.grays.com/lot/0001-9067350/motor-vehicles-motor-cycles/2015-toyota-hilux-4x4-sr-gun126r-turbo-diesel-automatic-crew-cab-chassis,dents or marks on body consistent with age and kilometres. medium scuff on various panels,131,15500,2026-03-10
2019,TOYOTA,Hilux,4x4 sr gun126r,Crew Cab Chassis,Automatic,Diesel,152860,5,MR0KA3CD101240997,1GZY167,24-03-2026,4.0,2.8,White,Grey,Yes,No,No,No,Yes,wa,https://www.grays.com/lot/0001-9067352/motor-vehicles-motor-cycles/2019-toyota-hilux-4x4-sr-gun126r-turbo-diesel-automatic-crew-cab-chassis,large dent on roof damaged both headlights dents or marks on body consistent with age and kilometres.,183,18900,2026-03-10
2014,MAZDA,Cx-5,maxx sport ke,Wagon,Automatic,Diesel,189467,5,JM0KE102100278244,1EUG764,21-05-2026,4.0,2.2,Dark Grey,Charcoal,Yes,Yes,Yes,Yes,Yes,wa,https://www.grays.com/lot/0001-9067359/motor-vehicles-motor-cycles/2014-mazda-cx-5-maxx-sport-ke-turbo-diesel-automatic-wagon,dents or marks on body consistent with age and kilometres. paint fading on various panels,131,7900,2026-03-10
2011,MAZDA,3,neo bl,Hatchback,Automatic,Petrol,241126,5.0,JM0BL10F100222397,2EC6MT,28-12-2026,4.0,2,Blue,Black,Yes,Yes,Yes,Yes,Yes,vic,https://www.grays.com/lot/0001-21063879/motor-vehicles-motor-cycles/2011-mazda-3-neo-bl-automatic-hatchback,paint cracked around vehicle door mirror broken both dents or marks on body consistent with age and kilometres.,43,3109,2026-03-11
2018,HYUNDAI,I30,active pd (wovr-repairable),Hatchback,Automatic,Petrol,88621,5.0,KMHH351EMJU074708,DZC432,12-08-2026,4.0,2,Grey,Black,Yes,No,Yes,Partial,Yes,vic,https://www.grays.com/lot/0001-21063958/motor-vehicles-motor-cycles/2018-hyundai-i30-active-pd-automatic-hatchback-wovr-repairable,windscreen chipped.,81,8600,2026-03-11
2014,HYUNDAI,Ix35,se fwd lm,Wagon,Automatic,Petrol,119171,5.0,TMAJU81FMFJ693503,No plates,Unregistered,4.0,2,Grey,Black Leather,Yes,Yes,Yes,Partial,Yes,qld,https://www.grays.com/lot/0001-50714788/motor-vehicles-motor-cycles/2014-hyundai-ix35-se-fwd-lm-automatic-wagon,front seat worn rhf back seat stains. dents or marks on body consistent with age and kilometres. medium scuff on rhr door paint fading tailgate,93,6900,2026-03-11
2016,MAZDA,Cx-5,maxx sport ke,Wagon,Automatic,Diesel,142347,5.0,JM0KE102200397933,No plates,Unregistered,4.0,2.2,Black,Black,Yes,No,Yes,Partial,Yes,qld,https://www.grays.com/lot/0001-50714797/motor-vehicles-motor-cycles/2016-mazda-cx-5-maxx-sport-ke-turbo-diesel-automatic-wagon,dents or marks on body consistent with age and kilometres. front seat worn rhf windscreen chipped or cracked. door card worn.,81,7600,2026-03-11
2015,MAZDA,Cx-5,maxx sport ke,Wagon,Automatic,Diesel,168465,5.0,JM0KE102200346042,No plates,Unregistered,4.0,2.2,White,Black,Yes,Yes,Yes,Yes,Yes,qld,https://www.grays.com/lot/0001-50714813/motor-vehicles-motor-cycles/2015-mazda-cx-5-maxx-sport-ke-turbo-diesel-automatic-wagon,"dents or marks on body consistent with age and kilometres. front seat worn both, large dent on rear bumper",105,8200,2026-03-11
2016,MAZDA,Cx-5,maxx sport ke,Wagon,Automatic,Diesel,203535,5.0,JM0KE102200366794,1GBM132,06-04-2026,4.0,2.2,Silver,Charcoal,Yes,No,Yes,Partial,Yes,wa,https://www.grays.com/lot/0001-9066738/motor-vehicles-motor-cycles/2016-mazda-cx-5-maxx-sport-ke-turbo-diesel-automatic-wagon,dents or marks on body consistent with age and kilometres. medium scratch on various panels medium dent on various panels paint fading on various panels,111,7500,2026-04-02
2017,TOYOTA,Corolla,ascent zre182r,Hatchback,CVT,Petrol,60572,5.0,JTNKU3JE60J560698,DMH14B,Unregistered,4.0,1.8,White,Grey,Yes,No,Yes,Yes,Yes,nsw,https://www.grays.com/lot/0001-10500717/motor-vehicles-motor-cycles/2017-toyota-corolla-ascent-zre182r-cvt-hatchback,hail damage visible. paint peeling drivers side front guard medium dent on drivers door large scuff on passenger rear quarter large scratch on front bumper,146,12345,2026-04-22
2014,HYUNDAI,I30,active gd,Hatchback,Automatic,Petrol,125639,5.0,KMHD251EMEU242810,1DT7HR,02-03-2027,4.0,1.8,White,Black,Yes,No,Yes,Partial,Yes,vic,https://www.grays.com/lot/0001-21065635/motor-vehicles-motor-cycles/2014-hyundai-i30-active-gd-automatic-hatchback,medium scratch on around vehicle dents or marks on body consistent with age and kilometres.,92,7450,2026-04-22
2014,MAZDA,Cx-5,maxx sport ke,Wagon,Automatic,Diesel,146744,5.0,JM0KE102100254060,2CY7SG,23-04-2026,4,2.2,Black,Black,Yes,Yes,Yes,No,Yes,vic,https://www.grays.com/lot/0001-21062506/motor-vehicles-motor-cycles/2014-mazda-cx-5-maxx-sport-ke-turbo-diesel-automatic-wagon,medium scratch on around vehicle medium dent on around vehicle dents or marks on body consistent with age and kilometres.,69,6500,2026-05-02
2015,HYUNDAI,Ix35,se fwd lm,Wagon,Automatic,Petrol,91780,5.0,TMAJU81FMFJ762027,1FL2DV,18-03-2026,4,2,Silver,Black Leather,Yes,Yes,Yes,Partial,Yes,vic,https://www.grays.com/lot/0001-21062511/motor-vehicles-motor-cycles/2015-hyundai-ix35-se-fwd-lm-automatic-wagon,medium scratch on around vehicle dents or marks on body consistent with age and kilometres.,101,8700,2026-05-02
2015,MAZDA,Cx-5,maxx sport ke,Wagon,Automatic,Diesel,233955,5.0,JM0KE102200338641,No plates,Unregistered,4,2.2,Silver,Black,Yes,Yes,Yes,Partial,Yes,vic,https://www.grays.com/lot/0001-21062516/motor-vehicles-motor-cycles/2015-mazda-cx-5-maxx-sport-ke-turbo-diesel-automatic-wagon,dents or marks on body consistent with age and kilometres. service warning light on medium dent on lhf guard,83,6500,2026-05-02
2014,MAZDA,Cx-5,maxx sport ke,Wagon,Automatic,Diesel,139163,5.0,JM0KE102100268457,1DG8FN,06-10-2026,4,2.2,Blue,Black,Yes,Yes,Yes,No,Yes,vic,https://www.grays.com/lot/0001-21062560/motor-vehicles-motor-cycles/2014-mazda-cx-5-maxx-sport-ke-turbo-diesel-automatic-wagon,engine light on medium scuff on around vehicle engine smoke visible dents or marks on body consistent with age and kilometres.,44,4800,2026-08-02
2012,TOYOTA,Camry,altise asv50r,Sedan,Automatic,Petrol,203582,5.0,6T1BF3FK10X022226,No plates,Unregistered,4,2.5,Silver,Multi,Yes,Yes,Yes,Yes,Yes,sa,https://www.grays.com/lot/0001-60050078/motor-vehicles-motor-cycles/2012-toyota-camry-altise-asv50r-automatic-sedan,please refer to the photos or arrange inspection to view the condition of this vehicle.,70,6419,2026-08-02
2004,HYUNDAI,Getz,gl tb,Hatchback,Automatic,Petrol,188462,5.0,KMHBT51AR5U291164,TAX475,19-03-2026,4.0,1.5,Light Blue,Grey,Yes,Yes,Yes,Partial,Yes,vic,https://www.grays.com/lot/0001-21062745/motor-vehicles-motor-cycles/2004-hyundai-getz-gl-tb-automatic-hatchback,dents or marks on body consistent with age and kilometres. paint cracked around vehicle corrosion visible around vehicle front seat stains driver side medium dent on various panels paint peeling on various panels,0,9,2026-11-02
2013,HYUNDAI,I30,Active GD,Hatchback,Automatic,Petrol,119216,5.0,KMHD251EMDU081217,1PS5WQ,24-01-2026,4,1.8,White,Grey,Yes,No,Yes,Yes,Yes,VIC,https://www.grays.com/lot/0001-21062775/motor-vehicles-motor-cycles/2013-hyundai-i30-active-gd-automatic-hatchback,"Dents or marks on body consistent with age and kilometres.
Medium Scratch on Around vehicle
Rear Cracked bumper.",82,5900,2026-12-02
